model,ip_mode,after_task,after_task_category,scope,metric,value
xgboost_static,none,0,BruteForce,task0,n,138702.0
xgboost_static,none,0,BruteForce,task0,n_benign,137344.0
xgboost_static,none,0,BruteForce,task0,n_attack,1358.0
xgboost_static,none,0,BruteForce,task0,accuracy,0.9998990641807617
xgboost_static,none,0,BruteForce,task0,macro_f1,0.9973838442660219
xgboost_static,none,0,BruteForce,task0,fpr,0.0
xgboost_static,none,0,BruteForce,task0,detection_rate,0.9896907216494846
xgboost_static,none,0,BruteForce,task0,binary_f1,0.9948186528497409
xgboost_static,none,0,BruteForce,task0,category_recall,0.9896907216494846
xgboost_static,none,0,BruteForce,task1,n,96639.0
xgboost_static,none,0,BruteForce,task1,n_benign,76782.0
xgboost_static,none,0,BruteForce,task1,n_attack,19857.0
xgboost_static,none,0,BruteForce,task1,accuracy,0.7945239499580915
xgboost_static,none,0,BruteForce,task1,macro_f1,0.44274914802705556
xgboost_static,none,0,BruteForce,task1,fpr,0.0
xgboost_static,none,0,BruteForce,task1,detection_rate,0.0
xgboost_static,none,0,BruteForce,task1,binary_f1,0.0
xgboost_static,none,0,BruteForce,task1,category_recall,0.0
xgboost_static,none,0,BruteForce,task2,n,21631.0
xgboost_static,none,0,BruteForce,task2,n_benign,21610.0
xgboost_static,none,0,BruteForce,task2,n_attack,21.0
xgboost_static,none,0,BruteForce,task2,accuracy,0.9990291710970367
xgboost_static,none,0,BruteForce,task2,macro_f1,0.4997571749034481
xgboost_static,none,0,BruteForce,task2,fpr,0.0
xgboost_static,none,0,BruteForce,task2,detection_rate,0.0
xgboost_static,none,0,BruteForce,task2,binary_f1,0.0
xgboost_static,none,0,BruteForce,task2,category_recall,0.0
xgboost_static,none,0,BruteForce,task3,n,50445.0
xgboost_static,none,0,BruteForce,task3,n_benign,32949.0
xgboost_static,none,0,BruteForce,task3,n_attack,17496.0
xgboost_static,none,0,BruteForce,task3,accuracy,0.6531668153434433
xgboost_static,none,0,BruteForce,task3,macro_f1,0.39514775016789794
xgboost_static,none,0,BruteForce,task3,fpr,0.0
xgboost_static,none,0,BruteForce,task3,detection_rate,0.0005715592135345222
xgboost_static,none,0,BruteForce,task3,binary_f1,0.0011424654404204272
xgboost_static,none,0,BruteForce,task3,category_recall,0.0
xgboost_static,none,0,BruteForce,task4,n,27642.0
xgboost_static,none,0,BruteForce,task4,n_benign,27385.0
xgboost_static,none,0,BruteForce,task4,n_attack,257.0
xgboost_static,none,0,BruteForce,task4,accuracy,0.9907025540843644
xgboost_static,none,0,BruteForce,task4,macro_f1,0.49766478274301706
xgboost_static,none,0,BruteForce,task4,fpr,0.0
xgboost_static,none,0,BruteForce,task4,detection_rate,0.0
xgboost_static,none,0,BruteForce,task4,binary_f1,0.0
xgboost_static,none,0,BruteForce,task4,category_recall,0.0
xgboost_static,none,0,BruteForce,task5,n,51117.0
xgboost_static,none,0,BruteForce,task5,n_benign,31046.0
xgboost_static,none,0,BruteForce,task5,n_attack,20071.0
xgboost_static,none,0,BruteForce,task5,accuracy,0.6073517616448539
xgboost_static,none,0,BruteForce,task5,macro_f1,0.37785864683616716
xgboost_static,none,0,BruteForce,task5,fpr,0.0
xgboost_static,none,0,BruteForce,task5,detection_rate,0.0
xgboost_static,none,0,BruteForce,task5,binary_f1,0.0
xgboost_static,none,0,BruteForce,task5,category_recall,0.0
xgboost_static,none,0,BruteForce,task6,n,28798.0
xgboost_static,none,0,BruteForce,task6,n_benign,9791.0
xgboost_static,none,0,BruteForce,task6,n_attack,19007.0
xgboost_static,none,0,BruteForce,task6,accuracy,0.3399888881172304
xgboost_static,none,0,BruteForce,task6,macro_f1,0.25372515483687064
xgboost_static,none,0,BruteForce,task6,fpr,0.0
xgboost_static,none,0,BruteForce,task6,detection_rate,0.0
xgboost_static,none,0,BruteForce,task6,binary_f1,0.0
xgboost_static,none,0,BruteForce,task6,category_recall,0.0
xgboost_static,none,0,BruteForce,seen,n,138702.0
xgboost_static,none,0,BruteForce,seen,n_benign,137344.0
xgboost_static,none,0,BruteForce,seen,n_attack,1358.0
xgboost_static,none,0,BruteForce,seen,accuracy,0.9998990641807617
xgboost_static,none,0,BruteForce,seen,macro_f1,0.9973838442660219
xgboost_static,none,0,BruteForce,seen,fpr,0.0
xgboost_static,none,0,BruteForce,seen,detection_rate,0.9896907216494846
xgboost_static,none,0,BruteForce,seen,binary_f1,0.9948186528497409
xgboost_static,none,0,BruteForce,all,n,414974.0
xgboost_static,none,0,BruteForce,all,n_benign,336907.0
xgboost_static,none,0,BruteForce,all,n_attack,78067.0
xgboost_static,none,0,BruteForce,all,accuracy,0.8151137179678727
xgboost_static,none,0,BruteForce,all,macro_f1,0.23611728294611534
xgboost_static,none,0,BruteForce,all,fpr,0.0
xgboost_static,none,0,BruteForce,all,detection_rate,0.01734407624220221
xgboost_static,none,0,BruteForce,all,binary_f1,0.03409677541204467
xgboost_static,none,1,DoS,task0,n,138702.0
xgboost_static,none,1,DoS,task0,n_benign,137344.0
xgboost_static,none,1,DoS,task0,n_attack,1358.0
xgboost_static,none,1,DoS,task0,accuracy,0.9998990641807617
xgboost_static,none,1,DoS,task0,macro_f1,0.9973838442660219
xgboost_static,none,1,DoS,task0,fpr,0.0
xgboost_static,none,1,DoS,task0,detection_rate,0.9896907216494846
xgboost_static,none,1,DoS,task0,binary_f1,0.9948186528497409
xgboost_static,none,1,DoS,task0,category_recall,0.9896907216494846
xgboost_static,none,1,DoS,task1,n,96639.0
xgboost_static,none,1,DoS,task1,n_benign,76782.0
xgboost_static,none,1,DoS,task1,n_attack,19857.0
xgboost_static,none,1,DoS,task1,accuracy,0.7945239499580915
xgboost_static,none,1,DoS,task1,macro_f1,0.44274914802705556
xgboost_static,none,1,DoS,task1,fpr,0.0
xgboost_static,none,1,DoS,task1,detection_rate,0.0
xgboost_static,none,1,DoS,task1,binary_f1,0.0
xgboost_static,none,1,DoS,task1,category_recall,0.0
xgboost_static,none,1,DoS,task2,n,21631.0
xgboost_static,none,1,DoS,task2,n_benign,21610.0
xgboost_static,none,1,DoS,task2,n_attack,21.0
xgboost_static,none,1,DoS,task2,accuracy,0.9990291710970367
xgboost_static,none,1,DoS,task2,macro_f1,0.4997571749034481
xgboost_static,none,1,DoS,task2,fpr,0.0
xgboost_static,none,1,DoS,task2,detection_rate,0.0
xgboost_static,none,1,DoS,task2,binary_f1,0.0
xgboost_static,none,1,DoS,task2,category_recall,0.0
xgboost_static,none,1,DoS,task3,n,50445.0
xgboost_static,none,1,DoS,task3,n_benign,32949.0
xgboost_static,none,1,DoS,task3,n_attack,17496.0
xgboost_static,none,1,DoS,task3,accuracy,0.6531668153434433
xgboost_static,none,1,DoS,task3,macro_f1,0.39514775016789794
xgboost_static,none,1,DoS,task3,fpr,0.0
xgboost_static,none,1,DoS,task3,detection_rate,0.0005715592135345222
xgboost_static,none,1,DoS,task3,binary_f1,0.0011424654404204272
xgboost_static,none,1,DoS,task3,category_recall,0.0
xgboost_static,none,1,DoS,task4,n,27642.0
xgboost_static,none,1,DoS,task4,n_benign,27385.0
xgboost_static,none,1,DoS,task4,n_attack,257.0
xgboost_static,none,1,DoS,task4,accuracy,0.9907025540843644
xgboost_static,none,1,DoS,task4,macro_f1,0.49766478274301706
xgboost_static,none,1,DoS,task4,fpr,0.0
xgboost_static,none,1,DoS,task4,detection_rate,0.0
xgboost_static,none,1,DoS,task4,binary_f1,0.0
xgboost_static,none,1,DoS,task4,category_recall,0.0
xgboost_static,none,1,DoS,task5,n,51117.0
xgboost_static,none,1,DoS,task5,n_benign,31046.0
xgboost_static,none,1,DoS,task5,n_attack,20071.0
xgboost_static,none,1,DoS,task5,accuracy,0.6073517616448539
xgboost_static,none,1,DoS,task5,macro_f1,0.37785864683616716
xgboost_static,none,1,DoS,task5,fpr,0.0
xgboost_static,none,1,DoS,task5,detection_rate,0.0
xgboost_static,none,1,DoS,task5,binary_f1,0.0
xgboost_static,none,1,DoS,task5,category_recall,0.0
xgboost_static,none,1,DoS,task6,n,28798.0
xgboost_static,none,1,DoS,task6,n_benign,9791.0
xgboost_static,none,1,DoS,task6,n_attack,19007.0
xgboost_static,none,1,DoS,task6,accuracy,0.3399888881172304
xgboost_static,none,1,DoS,task6,macro_f1,0.25372515483687064
xgboost_static,none,1,DoS,task6,fpr,0.0
xgboost_static,none,1,DoS,task6,detection_rate,0.0
xgboost_static,none,1,DoS,task6,binary_f1,0.0
xgboost_static,none,1,DoS,task6,category_recall,0.0
xgboost_static,none,1,DoS,seen,n,235341.0
xgboost_static,none,1,DoS,seen,n_benign,214126.0
xgboost_static,none,1,DoS,seen,n_attack,21215.0
xgboost_static,none,1,DoS,seen,accuracy,0.9155650736590735
xgboost_static,none,1,DoS,seen,macro_f1,0.6501586388640206
xgboost_static,none,1,DoS,seen,fpr,0.0
xgboost_static,none,1,DoS,seen,detection_rate,0.06335140230968654
xgboost_static,none,1,DoS,seen,binary_f1,0.11915421782880446
xgboost_static,none,1,DoS,all,n,414974.0
xgboost_static,none,1,DoS,all,n_benign,336907.0
xgboost_static,none,1,DoS,all,n_attack,78067.0
xgboost_static,none,1,DoS,all,accuracy,0.8151137179678727
xgboost_static,none,1,DoS,all,macro_f1,0.23611728294611534
xgboost_static,none,1,DoS,all,fpr,0.0
xgboost_static,none,1,DoS,all,detection_rate,0.01734407624220221
xgboost_static,none,1,DoS,all,binary_f1,0.03409677541204467
xgboost_static,none,2,WebAttack,task0,n,138702.0
xgboost_static,none,2,WebAttack,task0,n_benign,137344.0
xgboost_static,none,2,WebAttack,task0,n_attack,1358.0
xgboost_static,none,2,WebAttack,task0,accuracy,0.9998990641807617
xgboost_static,none,2,WebAttack,task0,macro_f1,0.9973838442660219
xgboost_static,none,2,WebAttack,task0,fpr,0.0
xgboost_static,none,2,WebAttack,task0,detection_rate,0.9896907216494846
xgboost_static,none,2,WebAttack,task0,binary_f1,0.9948186528497409
xgboost_static,none,2,WebAttack,task0,category_recall,0.9896907216494846
xgboost_static,none,2,WebAttack,task1,n,96639.0
xgboost_static,none,2,WebAttack,task1,n_benign,76782.0
xgboost_static,none,2,WebAttack,task1,n_attack,19857.0
xgboost_static,none,2,WebAttack,task1,accuracy,0.7945239499580915
xgboost_static,none,2,WebAttack,task1,macro_f1,0.44274914802705556
xgboost_static,none,2,WebAttack,task1,fpr,0.0
xgboost_static,none,2,WebAttack,task1,detection_rate,0.0
xgboost_static,none,2,WebAttack,task1,binary_f1,0.0
xgboost_static,none,2,WebAttack,task1,category_recall,0.0
xgboost_static,none,2,WebAttack,task2,n,21631.0
xgboost_static,none,2,WebAttack,task2,n_benign,21610.0
xgboost_static,none,2,WebAttack,task2,n_attack,21.0
xgboost_static,none,2,WebAttack,task2,accuracy,0.9990291710970367
xgboost_static,none,2,WebAttack,task2,macro_f1,0.4997571749034481
xgboost_static,none,2,WebAttack,task2,fpr,0.0
xgboost_static,none,2,WebAttack,task2,detection_rate,0.0
xgboost_static,none,2,WebAttack,task2,binary_f1,0.0
xgboost_static,none,2,WebAttack,task2,category_recall,0.0
xgboost_static,none,2,WebAttack,task3,n,50445.0
xgboost_static,none,2,WebAttack,task3,n_benign,32949.0
xgboost_static,none,2,WebAttack,task3,n_attack,17496.0
xgboost_static,none,2,WebAttack,task3,accuracy,0.6531668153434433
xgboost_static,none,2,WebAttack,task3,macro_f1,0.39514775016789794
xgboost_static,none,2,WebAttack,task3,fpr,0.0
xgboost_static,none,2,WebAttack,task3,detection_rate,0.0005715592135345222
xgboost_static,none,2,WebAttack,task3,binary_f1,0.0011424654404204272
xgboost_static,none,2,WebAttack,task3,category_recall,0.0
xgboost_static,none,2,WebAttack,task4,n,27642.0
xgboost_static,none,2,WebAttack,task4,n_benign,27385.0
xgboost_static,none,2,WebAttack,task4,n_attack,257.0
xgboost_static,none,2,WebAttack,task4,accuracy,0.9907025540843644
xgboost_static,none,2,WebAttack,task4,macro_f1,0.49766478274301706
xgboost_static,none,2,WebAttack,task4,fpr,0.0
xgboost_static,none,2,WebAttack,task4,detection_rate,0.0
xgboost_static,none,2,WebAttack,task4,binary_f1,0.0
xgboost_static,none,2,WebAttack,task4,category_recall,0.0
xgboost_static,none,2,WebAttack,task5,n,51117.0
xgboost_static,none,2,WebAttack,task5,n_benign,31046.0
xgboost_static,none,2,WebAttack,task5,n_attack,20071.0
xgboost_static,none,2,WebAttack,task5,accuracy,0.6073517616448539
xgboost_static,none,2,WebAttack,task5,macro_f1,0.37785864683616716
xgboost_static,none,2,WebAttack,task5,fpr,0.0
xgboost_static,none,2,WebAttack,task5,detection_rate,0.0
xgboost_static,none,2,WebAttack,task5,binary_f1,0.0
xgboost_static,none,2,WebAttack,task5,category_recall,0.0
xgboost_static,none,2,WebAttack,task6,n,28798.0
xgboost_static,none,2,WebAttack,task6,n_benign,9791.0
xgboost_static,none,2,WebAttack,task6,n_attack,19007.0
xgboost_static,none,2,WebAttack,task6,accuracy,0.3399888881172304
xgboost_static,none,2,WebAttack,task6,macro_f1,0.25372515483687064
xgboost_static,none,2,WebAttack,task6,fpr,0.0
xgboost_static,none,2,WebAttack,task6,detection_rate,0.0
xgboost_static,none,2,WebAttack,task6,binary_f1,0.0
xgboost_static,none,2,WebAttack,task6,category_recall,0.0
xgboost_static,none,2,WebAttack,seen,n,256972.0
xgboost_static,none,2,WebAttack,seen,n_benign,235736.0
xgboost_static,none,2,WebAttack,seen,n_attack,21236.0
xgboost_static,none,2,WebAttack,seen,accuracy,0.9225907881014274
xgboost_static,none,2,WebAttack,seen,macro_f1,0.4885838566413393
xgboost_static,none,2,WebAttack,seen,fpr,0.0
xgboost_static,none,2,WebAttack,seen,detection_rate,0.06328875494443398
xgboost_static,none,2,WebAttack,seen,binary_f1,0.11904340124003543
xgboost_static,none,2,WebAttack,all,n,414974.0
xgboost_static,none,2,WebAttack,all,n_benign,336907.0
xgboost_static,none,2,WebAttack,all,n_attack,78067.0
xgboost_static,none,2,WebAttack,all,accuracy,0.8151137179678727
xgboost_static,none,2,WebAttack,all,macro_f1,0.23611728294611534
xgboost_static,none,2,WebAttack,all,fpr,0.0
xgboost_static,none,2,WebAttack,all,detection_rate,0.01734407624220221
xgboost_static,none,2,WebAttack,all,binary_f1,0.03409677541204467
xgboost_static,none,3,Infiltration,task0,n,138702.0
xgboost_static,none,3,Infiltration,task0,n_benign,137344.0
xgboost_static,none,3,Infiltration,task0,n_attack,1358.0
xgboost_static,none,3,Infiltration,task0,accuracy,0.9998990641807617
xgboost_static,none,3,Infiltration,task0,macro_f1,0.9973838442660219
xgboost_static,none,3,Infiltration,task0,fpr,0.0
xgboost_static,none,3,Infiltration,task0,detection_rate,0.9896907216494846
xgboost_static,none,3,Infiltration,task0,binary_f1,0.9948186528497409
xgboost_static,none,3,Infiltration,task0,category_recall,0.9896907216494846
xgboost_static,none,3,Infiltration,task1,n,96639.0
xgboost_static,none,3,Infiltration,task1,n_benign,76782.0
xgboost_static,none,3,Infiltration,task1,n_attack,19857.0
xgboost_static,none,3,Infiltration,task1,accuracy,0.7945239499580915
xgboost_static,none,3,Infiltration,task1,macro_f1,0.44274914802705556
xgboost_static,none,3,Infiltration,task1,fpr,0.0
xgboost_static,none,3,Infiltration,task1,detection_rate,0.0
xgboost_static,none,3,Infiltration,task1,binary_f1,0.0
xgboost_static,none,3,Infiltration,task1,category_recall,0.0
xgboost_static,none,3,Infiltration,task2,n,21631.0
xgboost_static,none,3,Infiltration,task2,n_benign,21610.0
xgboost_static,none,3,Infiltration,task2,n_attack,21.0
xgboost_static,none,3,Infiltration,task2,accuracy,0.9990291710970367
xgboost_static,none,3,Infiltration,task2,macro_f1,0.4997571749034481
xgboost_static,none,3,Infiltration,task2,fpr,0.0
xgboost_static,none,3,Infiltration,task2,detection_rate,0.0
xgboost_static,none,3,Infiltration,task2,binary_f1,0.0
xgboost_static,none,3,Infiltration,task2,category_recall,0.0
xgboost_static,none,3,Infiltration,task3,n,50445.0
xgboost_static,none,3,Infiltration,task3,n_benign,32949.0
xgboost_static,none,3,Infiltration,task3,n_attack,17496.0
xgboost_static,none,3,Infiltration,task3,accuracy,0.6531668153434433
xgboost_static,none,3,Infiltration,task3,macro_f1,0.39514775016789794
xgboost_static,none,3,Infiltration,task3,fpr,0.0
xgboost_static,none,3,Infiltration,task3,detection_rate,0.0005715592135345222
xgboost_static,none,3,Infiltration,task3,binary_f1,0.0011424654404204272
xgboost_static,none,3,Infiltration,task3,category_recall,0.0
xgboost_static,none,3,Infiltration,task4,n,27642.0
xgboost_static,none,3,Infiltration,task4,n_benign,27385.0
xgboost_static,none,3,Infiltration,task4,n_attack,257.0
xgboost_static,none,3,Infiltration,task4,accuracy,0.9907025540843644
xgboost_static,none,3,Infiltration,task4,macro_f1,0.49766478274301706
xgboost_static,none,3,Infiltration,task4,fpr,0.0
xgboost_static,none,3,Infiltration,task4,detection_rate,0.0
xgboost_static,none,3,Infiltration,task4,binary_f1,0.0
xgboost_static,none,3,Infiltration,task4,category_recall,0.0
xgboost_static,none,3,Infiltration,task5,n,51117.0
xgboost_static,none,3,Infiltration,task5,n_benign,31046.0
xgboost_static,none,3,Infiltration,task5,n_attack,20071.0
xgboost_static,none,3,Infiltration,task5,accuracy,0.6073517616448539
xgboost_static,none,3,Infiltration,task5,macro_f1,0.37785864683616716
xgboost_static,none,3,Infiltration,task5,fpr,0.0
xgboost_static,none,3,Infiltration,task5,detection_rate,0.0
xgboost_static,none,3,Infiltration,task5,binary_f1,0.0
xgboost_static,none,3,Infiltration,task5,category_recall,0.0
xgboost_static,none,3,Infiltration,task6,n,28798.0
xgboost_static,none,3,Infiltration,task6,n_benign,9791.0
xgboost_static,none,3,Infiltration,task6,n_attack,19007.0
xgboost_static,none,3,Infiltration,task6,accuracy,0.3399888881172304
xgboost_static,none,3,Infiltration,task6,macro_f1,0.25372515483687064
xgboost_static,none,3,Infiltration,task6,fpr,0.0
xgboost_static,none,3,Infiltration,task6,detection_rate,0.0
xgboost_static,none,3,Infiltration,task6,binary_f1,0.0
xgboost_static,none,3,Infiltration,task6,category_recall,0.0
xgboost_static,none,3,Infiltration,seen,n,307417.0
xgboost_static,none,3,Infiltration,seen,n_benign,268685.0
xgboost_static,none,3,Infiltration,seen,n_attack,38732.0
xgboost_static,none,3,Infiltration,seen,accuracy,0.8783801806666515
xgboost_static,none,3,Infiltration,seen,macro_f1,0.3852233446704553
xgboost_static,none,3,Infiltration,seen,fpr,0.0
xgboost_static,none,3,Infiltration,seen,detection_rate,0.03495817411959103
xgboost_static,none,3,Infiltration,seen,binary_f1,0.0675547572718655
xgboost_static,none,3,Infiltration,all,n,414974.0
xgboost_static,none,3,Infiltration,all,n_benign,336907.0
xgboost_static,none,3,Infiltration,all,n_attack,78067.0
xgboost_static,none,3,Infiltration,all,accuracy,0.8151137179678727
xgboost_static,none,3,Infiltration,all,macro_f1,0.23611728294611534
xgboost_static,none,3,Infiltration,all,fpr,0.0
xgboost_static,none,3,Infiltration,all,detection_rate,0.01734407624220221
xgboost_static,none,3,Infiltration,all,binary_f1,0.03409677541204467
xgboost_static,none,4,Botnet,task0,n,138702.0
xgboost_static,none,4,Botnet,task0,n_benign,137344.0
xgboost_static,none,4,Botnet,task0,n_attack,1358.0
xgboost_static,none,4,Botnet,task0,accuracy,0.9998990641807617
xgboost_static,none,4,Botnet,task0,macro_f1,0.9973838442660219
xgboost_static,none,4,Botnet,task0,fpr,0.0
xgboost_static,none,4,Botnet,task0,detection_rate,0.9896907216494846
xgboost_static,none,4,Botnet,task0,binary_f1,0.9948186528497409
xgboost_static,none,4,Botnet,task0,category_recall,0.9896907216494846
xgboost_static,none,4,Botnet,task1,n,96639.0
xgboost_static,none,4,Botnet,task1,n_benign,76782.0
xgboost_static,none,4,Botnet,task1,n_attack,19857.0
xgboost_static,none,4,Botnet,task1,accuracy,0.7945239499580915
xgboost_static,none,4,Botnet,task1,macro_f1,0.44274914802705556
xgboost_static,none,4,Botnet,task1,fpr,0.0
xgboost_static,none,4,Botnet,task1,detection_rate,0.0
xgboost_static,none,4,Botnet,task1,binary_f1,0.0
xgboost_static,none,4,Botnet,task1,category_recall,0.0
xgboost_static,none,4,Botnet,task2,n,21631.0
xgboost_static,none,4,Botnet,task2,n_benign,21610.0
xgboost_static,none,4,Botnet,task2,n_attack,21.0
xgboost_static,none,4,Botnet,task2,accuracy,0.9990291710970367
xgboost_static,none,4,Botnet,task2,macro_f1,0.4997571749034481
xgboost_static,none,4,Botnet,task2,fpr,0.0
xgboost_static,none,4,Botnet,task2,detection_rate,0.0
xgboost_static,none,4,Botnet,task2,binary_f1,0.0
xgboost_static,none,4,Botnet,task2,category_recall,0.0
xgboost_static,none,4,Botnet,task3,n,50445.0
xgboost_static,none,4,Botnet,task3,n_benign,32949.0
xgboost_static,none,4,Botnet,task3,n_attack,17496.0
xgboost_static,none,4,Botnet,task3,accuracy,0.6531668153434433
xgboost_static,none,4,Botnet,task3,macro_f1,0.39514775016789794
xgboost_static,none,4,Botnet,task3,fpr,0.0
xgboost_static,none,4,Botnet,task3,detection_rate,0.0005715592135345222
xgboost_static,none,4,Botnet,task3,binary_f1,0.0011424654404204272
xgboost_static,none,4,Botnet,task3,category_recall,0.0
xgboost_static,none,4,Botnet,task4,n,27642.0
xgboost_static,none,4,Botnet,task4,n_benign,27385.0
xgboost_static,none,4,Botnet,task4,n_attack,257.0
xgboost_static,none,4,Botnet,task4,accuracy,0.9907025540843644
xgboost_static,none,4,Botnet,task4,macro_f1,0.49766478274301706
xgboost_static,none,4,Botnet,task4,fpr,0.0
xgboost_static,none,4,Botnet,task4,detection_rate,0.0
xgboost_static,none,4,Botnet,task4,binary_f1,0.0
xgboost_static,none,4,Botnet,task4,category_recall,0.0
xgboost_static,none,4,Botnet,task5,n,51117.0
xgboost_static,none,4,Botnet,task5,n_benign,31046.0
xgboost_static,none,4,Botnet,task5,n_attack,20071.0
xgboost_static,none,4,Botnet,task5,accuracy,0.6073517616448539
xgboost_static,none,4,Botnet,task5,macro_f1,0.37785864683616716
xgboost_static,none,4,Botnet,task5,fpr,0.0
xgboost_static,none,4,Botnet,task5,detection_rate,0.0
xgboost_static,none,4,Botnet,task5,binary_f1,0.0
xgboost_static,none,4,Botnet,task5,category_recall,0.0
xgboost_static,none,4,Botnet,task6,n,28798.0
xgboost_static,none,4,Botnet,task6,n_benign,9791.0
xgboost_static,none,4,Botnet,task6,n_attack,19007.0
xgboost_static,none,4,Botnet,task6,accuracy,0.3399888881172304
xgboost_static,none,4,Botnet,task6,macro_f1,0.25372515483687064
xgboost_static,none,4,Botnet,task6,fpr,0.0
xgboost_static,none,4,Botnet,task6,detection_rate,0.0
xgboost_static,none,4,Botnet,task6,binary_f1,0.0
xgboost_static,none,4,Botnet,task6,category_recall,0.0
xgboost_static,none,4,Botnet,seen,n,335059.0
xgboost_static,none,4,Botnet,seen,n_benign,296070.0
xgboost_static,none,4,Botnet,seen,n_attack,38989.0
xgboost_static,none,4,Botnet,seen,accuracy,0.8876466532759902
xgboost_static,none,4,Botnet,seen,macro_f1,0.3218985007638983
xgboost_static,none,4,Botnet,seen,fpr,0.0
xgboost_static,none,4,Botnet,seen,detection_rate,0.034727743722588425
xgboost_static,none,4,Botnet,seen,binary_f1,0.06712440819968768
xgboost_static,none,4,Botnet,all,n,414974.0
xgboost_static,none,4,Botnet,all,n_benign,336907.0
xgboost_static,none,4,Botnet,all,n_attack,78067.0
xgboost_static,none,4,Botnet,all,accuracy,0.8151137179678727
xgboost_static,none,4,Botnet,all,macro_f1,0.23611728294611534
xgboost_static,none,4,Botnet,all,fpr,0.0
xgboost_static,none,4,Botnet,all,detection_rate,0.01734407624220221
xgboost_static,none,4,Botnet,all,binary_f1,0.03409677541204467
xgboost_static,none,5,PortScan,task0,n,138702.0
xgboost_static,none,5,PortScan,task0,n_benign,137344.0
xgboost_static,none,5,PortScan,task0,n_attack,1358.0
xgboost_static,none,5,PortScan,task0,accuracy,0.9998990641807617
xgboost_static,none,5,PortScan,task0,macro_f1,0.9973838442660219
xgboost_static,none,5,PortScan,task0,fpr,0.0
xgboost_static,none,5,PortScan,task0,detection_rate,0.9896907216494846
xgboost_static,none,5,PortScan,task0,binary_f1,0.9948186528497409
xgboost_static,none,5,PortScan,task0,category_recall,0.9896907216494846
xgboost_static,none,5,PortScan,task1,n,96639.0
xgboost_static,none,5,PortScan,task1,n_benign,76782.0
xgboost_static,none,5,PortScan,task1,n_attack,19857.0
xgboost_static,none,5,PortScan,task1,accuracy,0.7945239499580915
xgboost_static,none,5,PortScan,task1,macro_f1,0.44274914802705556
xgboost_static,none,5,PortScan,task1,fpr,0.0
xgboost_static,none,5,PortScan,task1,detection_rate,0.0
xgboost_static,none,5,PortScan,task1,binary_f1,0.0
xgboost_static,none,5,PortScan,task1,category_recall,0.0
xgboost_static,none,5,PortScan,task2,n,21631.0
xgboost_static,none,5,PortScan,task2,n_benign,21610.0
xgboost_static,none,5,PortScan,task2,n_attack,21.0
xgboost_static,none,5,PortScan,task2,accuracy,0.9990291710970367
xgboost_static,none,5,PortScan,task2,macro_f1,0.4997571749034481
xgboost_static,none,5,PortScan,task2,fpr,0.0
xgboost_static,none,5,PortScan,task2,detection_rate,0.0
xgboost_static,none,5,PortScan,task2,binary_f1,0.0
xgboost_static,none,5,PortScan,task2,category_recall,0.0
xgboost_static,none,5,PortScan,task3,n,50445.0
xgboost_static,none,5,PortScan,task3,n_benign,32949.0
xgboost_static,none,5,PortScan,task3,n_attack,17496.0
xgboost_static,none,5,PortScan,task3,accuracy,0.6531668153434433
xgboost_static,none,5,PortScan,task3,macro_f1,0.39514775016789794
xgboost_static,none,5,PortScan,task3,fpr,0.0
xgboost_static,none,5,PortScan,task3,detection_rate,0.0005715592135345222
xgboost_static,none,5,PortScan,task3,binary_f1,0.0011424654404204272
xgboost_static,none,5,PortScan,task3,category_recall,0.0
xgboost_static,none,5,PortScan,task4,n,27642.0
xgboost_static,none,5,PortScan,task4,n_benign,27385.0
xgboost_static,none,5,PortScan,task4,n_attack,257.0
xgboost_static,none,5,PortScan,task4,accuracy,0.9907025540843644
xgboost_static,none,5,PortScan,task4,macro_f1,0.49766478274301706
xgboost_static,none,5,PortScan,task4,fpr,0.0
xgboost_static,none,5,PortScan,task4,detection_rate,0.0
xgboost_static,none,5,PortScan,task4,binary_f1,0.0
xgboost_static,none,5,PortScan,task4,category_recall,0.0
xgboost_static,none,5,PortScan,task5,n,51117.0
xgboost_static,none,5,PortScan,task5,n_benign,31046.0
xgboost_static,none,5,PortScan,task5,n_attack,20071.0
xgboost_static,none,5,PortScan,task5,accuracy,0.6073517616448539
xgboost_static,none,5,PortScan,task5,macro_f1,0.37785864683616716
xgboost_static,none,5,PortScan,task5,fpr,0.0
xgboost_static,none,5,PortScan,task5,detection_rate,0.0
xgboost_static,none,5,PortScan,task5,binary_f1,0.0
xgboost_static,none,5,PortScan,task5,category_recall,0.0
xgboost_static,none,5,PortScan,task6,n,28798.0
xgboost_static,none,5,PortScan,task6,n_benign,9791.0
xgboost_static,none,5,PortScan,task6,n_attack,19007.0
xgboost_static,none,5,PortScan,task6,accuracy,0.3399888881172304
xgboost_static,none,5,PortScan,task6,macro_f1,0.25372515483687064
xgboost_static,none,5,PortScan,task6,fpr,0.0
xgboost_static,none,5,PortScan,task6,detection_rate,0.0
xgboost_static,none,5,PortScan,task6,binary_f1,0.0
xgboost_static,none,5,PortScan,task6,category_recall,0.0
xgboost_static,none,5,PortScan,seen,n,386176.0
xgboost_static,none,5,PortScan,seen,n_benign,327116.0
xgboost_static,none,5,PortScan,seen,n_attack,59060.0
xgboost_static,none,5,PortScan,seen,accuracy,0.8505448293006298
xgboost_static,none,5,PortScan,seen,macro_f1,0.2728708045036053
xgboost_static,none,5,PortScan,seen,fpr,0.0
xgboost_static,none,5,PortScan,seen,detection_rate,0.022925838130714526
xgboost_static,none,5,PortScan,seen,binary_f1,0.04482404740623035
xgboost_static,none,5,PortScan,all,n,414974.0
xgboost_static,none,5,PortScan,all,n_benign,336907.0
xgboost_static,none,5,PortScan,all,n_attack,78067.0
xgboost_static,none,5,PortScan,all,accuracy,0.8151137179678727
xgboost_static,none,5,PortScan,all,macro_f1,0.23611728294611534
xgboost_static,none,5,PortScan,all,fpr,0.0
xgboost_static,none,5,PortScan,all,detection_rate,0.01734407624220221
xgboost_static,none,5,PortScan,all,binary_f1,0.03409677541204467
xgboost_static,none,6,DDoS,task0,n,138702.0
xgboost_static,none,6,DDoS,task0,n_benign,137344.0
xgboost_static,none,6,DDoS,task0,n_attack,1358.0
xgboost_static,none,6,DDoS,task0,accuracy,0.9998990641807617
xgboost_static,none,6,DDoS,task0,macro_f1,0.9973838442660219
xgboost_static,none,6,DDoS,task0,fpr,0.0
xgboost_static,none,6,DDoS,task0,detection_rate,0.9896907216494846
xgboost_static,none,6,DDoS,task0,binary_f1,0.9948186528497409
xgboost_static,none,6,DDoS,task0,category_recall,0.9896907216494846
xgboost_static,none,6,DDoS,task1,n,96639.0
xgboost_static,none,6,DDoS,task1,n_benign,76782.0
xgboost_static,none,6,DDoS,task1,n_attack,19857.0
xgboost_static,none,6,DDoS,task1,accuracy,0.7945239499580915
xgboost_static,none,6,DDoS,task1,macro_f1,0.44274914802705556
xgboost_static,none,6,DDoS,task1,fpr,0.0
xgboost_static,none,6,DDoS,task1,detection_rate,0.0
xgboost_static,none,6,DDoS,task1,binary_f1,0.0
xgboost_static,none,6,DDoS,task1,category_recall,0.0
xgboost_static,none,6,DDoS,task2,n,21631.0
xgboost_static,none,6,DDoS,task2,n_benign,21610.0
xgboost_static,none,6,DDoS,task2,n_attack,21.0
xgboost_static,none,6,DDoS,task2,accuracy,0.9990291710970367
xgboost_static,none,6,DDoS,task2,macro_f1,0.4997571749034481
xgboost_static,none,6,DDoS,task2,fpr,0.0
xgboost_static,none,6,DDoS,task2,detection_rate,0.0
xgboost_static,none,6,DDoS,task2,binary_f1,0.0
xgboost_static,none,6,DDoS,task2,category_recall,0.0
xgboost_static,none,6,DDoS,task3,n,50445.0
xgboost_static,none,6,DDoS,task3,n_benign,32949.0
xgboost_static,none,6,DDoS,task3,n_attack,17496.0
xgboost_static,none,6,DDoS,task3,accuracy,0.6531668153434433
xgboost_static,none,6,DDoS,task3,macro_f1,0.39514775016789794
xgboost_static,none,6,DDoS,task3,fpr,0.0
xgboost_static,none,6,DDoS,task3,detection_rate,0.0005715592135345222
xgboost_static,none,6,DDoS,task3,binary_f1,0.0011424654404204272
xgboost_static,none,6,DDoS,task3,category_recall,0.0
xgboost_static,none,6,DDoS,task4,n,27642.0
xgboost_static,none,6,DDoS,task4,n_benign,27385.0
xgboost_static,none,6,DDoS,task4,n_attack,257.0
xgboost_static,none,6,DDoS,task4,accuracy,0.9907025540843644
xgboost_static,none,6,DDoS,task4,macro_f1,0.49766478274301706
xgboost_static,none,6,DDoS,task4,fpr,0.0
xgboost_static,none,6,DDoS,task4,detection_rate,0.0
xgboost_static,none,6,DDoS,task4,binary_f1,0.0
xgboost_static,none,6,DDoS,task4,category_recall,0.0
xgboost_static,none,6,DDoS,task5,n,51117.0
xgboost_static,none,6,DDoS,task5,n_benign,31046.0
xgboost_static,none,6,DDoS,task5,n_attack,20071.0
xgboost_static,none,6,DDoS,task5,accuracy,0.6073517616448539
xgboost_static,none,6,DDoS,task5,macro_f1,0.37785864683616716
xgboost_static,none,6,DDoS,task5,fpr,0.0
xgboost_static,none,6,DDoS,task5,detection_rate,0.0
xgboost_static,none,6,DDoS,task5,binary_f1,0.0
xgboost_static,none,6,DDoS,task5,category_recall,0.0
xgboost_static,none,6,DDoS,task6,n,28798.0
xgboost_static,none,6,DDoS,task6,n_benign,9791.0
xgboost_static,none,6,DDoS,task6,n_attack,19007.0
xgboost_static,none,6,DDoS,task6,accuracy,0.3399888881172304
xgboost_static,none,6,DDoS,task6,macro_f1,0.25372515483687064
xgboost_static,none,6,DDoS,task6,fpr,0.0
xgboost_static,none,6,DDoS,task6,detection_rate,0.0
xgboost_static,none,6,DDoS,task6,binary_f1,0.0
xgboost_static,none,6,DDoS,task6,category_recall,0.0
xgboost_static,none,6,DDoS,seen,n,414974.0
xgboost_static,none,6,DDoS,seen,n_benign,336907.0
xgboost_static,none,6,DDoS,seen,n_attack,78067.0
xgboost_static,none,6,DDoS,seen,accuracy,0.8151137179678727
xgboost_static,none,6,DDoS,seen,macro_f1,0.23611728294611534
xgboost_static,none,6,DDoS,seen,fpr,0.0
xgboost_static,none,6,DDoS,seen,detection_rate,0.01734407624220221
xgboost_static,none,6,DDoS,seen,binary_f1,0.03409677541204467
xgboost_static,none,6,DDoS,all,n,414974.0
xgboost_static,none,6,DDoS,all,n_benign,336907.0
xgboost_static,none,6,DDoS,all,n_attack,78067.0
xgboost_static,none,6,DDoS,all,accuracy,0.8151137179678727
xgboost_static,none,6,DDoS,all,macro_f1,0.23611728294611534
xgboost_static,none,6,DDoS,all,fpr,0.0
xgboost_static,none,6,DDoS,all,detection_rate,0.01734407624220221
xgboost_static,none,6,DDoS,all,binary_f1,0.03409677541204467
gnn_naive,none,0,BruteForce,task0,n,138702.0
gnn_naive,none,0,BruteForce,task0,n_benign,137344.0
gnn_naive,none,0,BruteForce,task0,n_attack,1358.0
gnn_naive,none,0,BruteForce,task0,accuracy,0.9998702253752649
gnn_naive,none,0,BruteForce,task0,macro_f1,0.9966729437484376
gnn_naive,none,0,BruteForce,task0,fpr,0.00012377679403541473
gnn_naive,none,0,BruteForce,task0,detection_rate,0.9992636229749632
gnn_naive,none,0,BruteForce,task0,binary_f1,0.9934114202049781
gnn_naive,none,0,BruteForce,task0,category_recall,0.9992636229749632
gnn_naive,none,0,BruteForce,task1,n,96639.0
gnn_naive,none,0,BruteForce,task1,n_benign,76782.0
gnn_naive,none,0,BruteForce,task1,n_attack,19857.0
gnn_naive,none,0,BruteForce,task1,accuracy,0.7945239499580915
gnn_naive,none,0,BruteForce,task1,macro_f1,0.44274914802705556
gnn_naive,none,0,BruteForce,task1,fpr,0.0
gnn_naive,none,0,BruteForce,task1,detection_rate,0.0
gnn_naive,none,0,BruteForce,task1,binary_f1,0.0
gnn_naive,none,0,BruteForce,task1,category_recall,0.0
gnn_naive,none,0,BruteForce,task2,n,21631.0
gnn_naive,none,0,BruteForce,task2,n_benign,21610.0
gnn_naive,none,0,BruteForce,task2,n_attack,21.0
gnn_naive,none,0,BruteForce,task2,accuracy,0.9990291710970367
gnn_naive,none,0,BruteForce,task2,macro_f1,0.4997571749034481
gnn_naive,none,0,BruteForce,task2,fpr,0.0
gnn_naive,none,0,BruteForce,task2,detection_rate,0.0
gnn_naive,none,0,BruteForce,task2,binary_f1,0.0
gnn_naive,none,0,BruteForce,task2,category_recall,0.0
gnn_naive,none,0,BruteForce,task3,n,50445.0
gnn_naive,none,0,BruteForce,task3,n_benign,32949.0
gnn_naive,none,0,BruteForce,task3,n_attack,17496.0
gnn_naive,none,0,BruteForce,task3,accuracy,0.6531668153434433
gnn_naive,none,0,BruteForce,task3,macro_f1,0.39510036693287287
gnn_naive,none,0,BruteForce,task3,fpr,0.0
gnn_naive,none,0,BruteForce,task3,detection_rate,0.0
gnn_naive,none,0,BruteForce,task3,binary_f1,0.0
gnn_naive,none,0,BruteForce,task3,category_recall,0.0
gnn_naive,none,0,BruteForce,task4,n,27642.0
gnn_naive,none,0,BruteForce,task4,n_benign,27385.0
gnn_naive,none,0,BruteForce,task4,n_attack,257.0
gnn_naive,none,0,BruteForce,task4,accuracy,0.9907025540843644
gnn_naive,none,0,BruteForce,task4,macro_f1,0.49766478274301706
gnn_naive,none,0,BruteForce,task4,fpr,0.0
gnn_naive,none,0,BruteForce,task4,detection_rate,0.0
gnn_naive,none,0,BruteForce,task4,binary_f1,0.0
gnn_naive,none,0,BruteForce,task4,category_recall,0.0
gnn_naive,none,0,BruteForce,task5,n,51117.0
gnn_naive,none,0,BruteForce,task5,n_benign,31046.0
gnn_naive,none,0,BruteForce,task5,n_attack,20071.0
gnn_naive,none,0,BruteForce,task5,accuracy,0.6073321986814563
gnn_naive,none,0,BruteForce,task5,macro_f1,0.3778510747060685
gnn_naive,none,0,BruteForce,task5,fpr,3.22102686336404e-05
gnn_naive,none,0,BruteForce,task5,detection_rate,0.0
gnn_naive,none,0,BruteForce,task5,binary_f1,0.0
gnn_naive,none,0,BruteForce,task5,category_recall,0.0
gnn_naive,none,0,BruteForce,task6,n,28798.0
gnn_naive,none,0,BruteForce,task6,n_benign,9791.0
gnn_naive,none,0,BruteForce,task6,n_attack,19007.0
gnn_naive,none,0,BruteForce,task6,accuracy,0.33995416348357527
gnn_naive,none,0,BruteForce,task6,macro_f1,0.2537058152793615
gnn_naive,none,0,BruteForce,task6,fpr,0.0001021346134204882
gnn_naive,none,0,BruteForce,task6,detection_rate,0.0
gnn_naive,none,0,BruteForce,task6,binary_f1,0.0
gnn_naive,none,0,BruteForce,task6,category_recall,0.0
gnn_naive,none,0,BruteForce,seen,n,138702.0
gnn_naive,none,0,BruteForce,seen,n_benign,137344.0
gnn_naive,none,0,BruteForce,seen,n_attack,1358.0
gnn_naive,none,0,BruteForce,seen,accuracy,0.9998702253752649
gnn_naive,none,0,BruteForce,seen,macro_f1,0.9966729437484376
gnn_naive,none,0,BruteForce,seen,fpr,0.00012377679403541473
gnn_naive,none,0,BruteForce,seen,detection_rate,0.9992636229749632
gnn_naive,none,0,BruteForce,seen,binary_f1,0.9934114202049781
gnn_naive,none,0,BruteForce,all,n,414974.0
gnn_naive,none,0,BruteForce,all,n_benign,336907.0
gnn_naive,none,0,BruteForce,all,n_attack,78067.0
gnn_naive,none,0,BruteForce,all,accuracy,0.8150992592306988
gnn_naive,none,0,BruteForce,all,macro_f1,0.23630602711901372
gnn_naive,none,0,BruteForce,all,fpr,5.639538507659384e-05
gnn_naive,none,0,BruteForce,all,detection_rate,0.017382504771542392
gnn_naive,none,0,BruteForce,all,binary_f1,0.03416285890512694
gnn_naive,none,1,DoS,task0,n,138702.0
gnn_naive,none,1,DoS,task0,n_benign,137344.0
gnn_naive,none,1,DoS,task0,n_attack,1358.0
gnn_naive,none,1,DoS,task0,accuracy,0.9900866606105175
gnn_naive,none,1,DoS,task0,macro_f1,0.49805604114229346
gnn_naive,none,1,DoS,task0,fpr,0.00012377679403541473
gnn_naive,none,1,DoS,task0,detection_rate,0.22312223858615612
gnn_naive,none,1,DoS,task0,binary_f1,0.36114421930870083
gnn_naive,none,1,DoS,task0,category_recall,0.0
gnn_naive,none,1,DoS,task1,n,96639.0
gnn_naive,none,1,DoS,task1,n_benign,76782.0
gnn_naive,none,1,DoS,task1,n_attack,19857.0
gnn_naive,none,1,DoS,task1,accuracy,0.9986651351938658
gnn_naive,none,1,DoS,task1,macro_f1,0.997959938443832
gnn_naive,none,1,DoS,task1,fpr,0.0015368185251751713
gnn_naive,none,1,DoS,task1,detection_rate,0.999446039180138
gnn_naive,none,1,DoS,task1,binary_f1,0.9967605032520529
gnn_naive,none,1,DoS,task1,category_recall,0.999446039180138
gnn_naive,none,1,DoS,task2,n,21631.0
gnn_naive,none,1,DoS,task2,n_benign,21610.0
gnn_naive,none,1,DoS,task2,n_attack,21.0
gnn_naive,none,1,DoS,task2,accuracy,0.9988442513059961
gnn_naive,none,1,DoS,task2,macro_f1,0.4998611882287618
gnn_naive,none,1,DoS,task2,fpr,0.00018509949097639982
gnn_naive,none,1,DoS,task2,detection_rate,0.6190476190476191
gnn_naive,none,1,DoS,task2,binary_f1,0.6842105263157895
gnn_naive,none,1,DoS,task2,category_recall,0.0
gnn_naive,none,1,DoS,task3,n,50445.0
gnn_naive,none,1,DoS,task3,n_benign,32949.0
gnn_naive,none,1,DoS,task3,n_attack,17496.0
gnn_naive,none,1,DoS,task3,accuracy,0.6530875210625434
gnn_naive,none,1,DoS,task3,macro_f1,0.3950950410745338
gnn_naive,none,1,DoS,task3,fpr,0.00012139973899056118
gnn_naive,none,1,DoS,task3,detection_rate,0.0002857796067672611
gnn_naive,none,1,DoS,task3,binary_f1,0.0005712653527563553
gnn_naive,none,1,DoS,task3,category_recall,0.0
gnn_naive,none,1,DoS,task4,n,27642.0
gnn_naive,none,1,DoS,task4,n_benign,27385.0
gnn_naive,none,1,DoS,task4,n_attack,257.0
gnn_naive,none,1,DoS,task4,accuracy,0.9905940235872946
gnn_naive,none,1,DoS,task4,macro_f1,0.497637394591451
gnn_naive,none,1,DoS,task4,fpr,0.00010954902318787658
gnn_naive,none,1,DoS,task4,detection_rate,0.0
gnn_naive,none,1,DoS,task4,binary_f1,0.0
gnn_naive,none,1,DoS,task4,category_recall,0.0
gnn_naive,none,1,DoS,task5,n,51117.0
gnn_naive,none,1,DoS,task5,n_benign,31046.0
gnn_naive,none,1,DoS,task5,n_attack,20071.0
gnn_naive,none,1,DoS,task5,accuracy,0.6073517616448539
gnn_naive,none,1,DoS,task5,macro_f1,0.378203878764253
gnn_naive,none,1,DoS,task5,fpr,0.0
gnn_naive,none,1,DoS,task5,detection_rate,0.0037367345921976982
gnn_naive,none,1,DoS,task5,binary_f1,0.007445646778516827
gnn_naive,none,1,DoS,task5,category_recall,0.0
gnn_naive,none,1,DoS,task6,n,28798.0
gnn_naive,none,1,DoS,task6,n_benign,9791.0
gnn_naive,none,1,DoS,task6,n_attack,19007.0
gnn_naive,none,1,DoS,task6,accuracy,0.3399888881172304
gnn_naive,none,1,DoS,task6,macro_f1,0.4998468450071472
gnn_naive,none,1,DoS,task6,fpr,0.0
gnn_naive,none,1,DoS,task6,detection_rate,0.9996843268269585
gnn_naive,none,1,DoS,task6,binary_f1,0.9998421384971585
gnn_naive,none,1,DoS,task6,category_recall,0.0
gnn_naive,none,1,DoS,seen,n,235341.0
gnn_naive,none,1,DoS,seen,n_benign,214126.0
gnn_naive,none,1,DoS,seen,n_attack,21215.0
gnn_naive,none,1,DoS,seen,accuracy,0.9936092733522845
gnn_naive,none,1,DoS,seen,macro_f1,0.6620053630117612
gnn_naive,none,1,DoS,seen,fpr,0.0006304699102397653
gnn_naive,none,1,DoS,seen,detection_rate,0.9497525335847278
gnn_naive,none,1,DoS,seen,binary_f1,0.9710595436034604
gnn_naive,none,1,DoS,all,n,414974.0
gnn_naive,none,1,DoS,all,n_benign,336907.0
gnn_naive,none,1,DoS,all,n_attack,78067.0
gnn_naive,none,1,DoS,all,accuracy,0.8593478145618761
gnn_naive,none,1,DoS,all,macro_f1,0.2019071313605712
gnn_naive,none,1,DoS,all,fpr,0.00043335401164119473
gnn_naive,none,1,DoS,all,detection_rate,0.5026835922989227
gnn_naive,none,1,DoS,all,binary_f1,0.668216183081324
gnn_naive,none,2,WebAttack,task0,n,138702.0
gnn_naive,none,2,WebAttack,task0,n_benign,137344.0
gnn_naive,none,2,WebAttack,task0,n_attack,1358.0
gnn_naive,none,2,WebAttack,task0,accuracy,0.9900938703118917
gnn_naive,none,2,WebAttack,task0,macro_f1,0.4999708743519543
gnn_naive,none,2,WebAttack,task0,fpr,0.00011649580615097856
gnn_naive,none,2,WebAttack,task0,detection_rate,1.0
gnn_naive,none,2,WebAttack,task0,binary_f1,0.9941434846266471
gnn_naive,none,2,WebAttack,task0,category_recall,0.0
gnn_naive,none,2,WebAttack,task1,n,96639.0
gnn_naive,none,2,WebAttack,task1,n_benign,76782.0
gnn_naive,none,2,WebAttack,task1,n_attack,19857.0
gnn_naive,none,2,WebAttack,task1,accuracy,0.9995860884322064
gnn_naive,none,2,WebAttack,task1,macro_f1,0.9993656865732746
gnn_naive,none,2,WebAttack,task1,fpr,0.0
gnn_naive,none,2,WebAttack,task1,detection_rate,0.9979855970186836
gnn_naive,none,2,WebAttack,task1,binary_f1,0.9989917830317084
gnn_naive,none,2,WebAttack,task1,category_recall,0.9979855970186836
gnn_naive,none,2,WebAttack,task2,n,21631.0
gnn_naive,none,2,WebAttack,task2,n_benign,21610.0
gnn_naive,none,2,WebAttack,task2,n_attack,21.0
gnn_naive,none,2,WebAttack,task2,accuracy,0.9992603208358375
gnn_naive,none,2,WebAttack,task2,macro_f1,0.7578794594554259
gnn_naive,none,2,WebAttack,task2,fpr,0.00013882461823229986
gnn_naive,none,2,WebAttack,task2,detection_rate,0.38095238095238093
gnn_naive,none,2,WebAttack,task2,binary_f1,0.5
gnn_naive,none,2,WebAttack,task2,category_recall,0.38095238095238093
gnn_naive,none,2,WebAttack,task3,n,50445.0
gnn_naive,none,2,WebAttack,task3,n_benign,32949.0
gnn_naive,none,2,WebAttack,task3,n_attack,17496.0
gnn_naive,none,2,WebAttack,task3,accuracy,0.6531668153434433
gnn_naive,none,2,WebAttack,task3,macro_f1,0.39523780963233973
gnn_naive,none,2,WebAttack,task3,fpr,0.0
gnn_naive,none,2,WebAttack,task3,detection_rate,0.0016575217192501142
gnn_naive,none,2,WebAttack,task3,binary_f1,0.0033095577746077034
gnn_naive,none,2,WebAttack,task3,category_recall,0.0
gnn_naive,none,2,WebAttack,task4,n,27642.0
gnn_naive,none,2,WebAttack,task4,n_benign,27385.0
gnn_naive,none,2,WebAttack,task4,n_attack,257.0
gnn_naive,none,2,WebAttack,task4,accuracy,0.9905940235872946
gnn_naive,none,2,WebAttack,task4,macro_f1,0.497637394591451
gnn_naive,none,2,WebAttack,task4,fpr,0.00010954902318787658
gnn_naive,none,2,WebAttack,task4,detection_rate,0.0
gnn_naive,none,2,WebAttack,task4,binary_f1,0.0
gnn_naive,none,2,WebAttack,task4,category_recall,0.0
gnn_naive,none,2,WebAttack,task5,n,51117.0
gnn_naive,none,2,WebAttack,task5,n_benign,31046.0
gnn_naive,none,2,WebAttack,task5,n_attack,20071.0
gnn_naive,none,2,WebAttack,task5,accuracy,0.6073517616448539
gnn_naive,none,2,WebAttack,task5,macro_f1,0.37797365409432904
gnn_naive,none,2,WebAttack,task5,fpr,0.0
gnn_naive,none,2,WebAttack,task5,detection_rate,0.0012455781973992328
gnn_naive,none,2,WebAttack,task5,binary_f1,0.002488057324840764
gnn_naive,none,2,WebAttack,task5,category_recall,0.0
gnn_naive,none,2,WebAttack,task6,n,28798.0
gnn_naive,none,2,WebAttack,task6,n_benign,9791.0
gnn_naive,none,2,WebAttack,task6,n_attack,19007.0
gnn_naive,none,2,WebAttack,task6,accuracy,0.3399888881172304
gnn_naive,none,2,WebAttack,task6,macro_f1,0.4997703026900107
gnn_naive,none,2,WebAttack,task6,fpr,0.0
gnn_naive,none,2,WebAttack,task6,detection_rate,0.9995264902404377
gnn_naive,none,2,WebAttack,task6,binary_f1,0.9997631890540718
gnn_naive,none,2,WebAttack,task6,category_recall,0.0
gnn_naive,none,2,WebAttack,seen,n,256972.0
gnn_naive,none,2,WebAttack,seen,n_benign,235736.0
gnn_naive,none,2,WebAttack,seen,n_attack,21236.0
gnn_naive,none,2,WebAttack,seen,accuracy,0.9944351913827187
gnn_naive,none,2,WebAttack,seen,macro_f1,0.5024699364727475
gnn_naive,none,2,WebAttack,seen,fpr,8.05986357620389e-05
gnn_naive,none,2,WebAttack,seen,detection_rate,0.9975042380862686
gnn_naive,none,2,WebAttack,seen,binary_f1,0.9983034073236251
gnn_naive,none,2,WebAttack,all,n,414974.0
gnn_naive,none,2,WebAttack,all,n_benign,336907.0
gnn_naive,none,2,WebAttack,all,n_attack,78067.0
gnn_naive,none,2,WebAttack,all,accuracy,0.8595960228833613
gnn_naive,none,2,WebAttack,all,macro_f1,0.20413582118964285
gnn_naive,none,2,WebAttack,all,fpr,6.529991956237182e-05
gnn_naive,none,2,WebAttack,all,detection_rate,0.5153906260007429
gnn_naive,none,2,WebAttack,all,binary_f1,0.6800818092694635
gnn_naive,none,3,Infiltration,task0,n,138702.0
gnn_naive,none,3,Infiltration,task0,n_benign,137344.0
gnn_naive,none,3,Infiltration,task0,n_attack,1358.0
gnn_naive,none,3,Infiltration,task0,accuracy,0.9896252397225707
gnn_naive,none,3,Infiltration,task0,macro_f1,0.4979395056264556
gnn_naive,none,3,Infiltration,task0,fpr,0.000589760018639329
gnn_naive,none,3,Infiltration,task0,detection_rate,0.22312223858615612
gnn_naive,none,3,Infiltration,task0,binary_f1,0.3478760045924225
gnn_naive,none,3,Infiltration,task0,category_recall,0.0
gnn_naive,none,3,Infiltration,task1,n,96639.0
gnn_naive,none,3,Infiltration,task1,n_benign,76782.0
gnn_naive,none,3,Infiltration,task1,n_attack,19857.0
gnn_naive,none,3,Infiltration,task1,accuracy,0.8696799428802037
gnn_naive,none,3,Infiltration,task1,macro_f1,0.7408510467277338
gnn_naive,none,3,Infiltration,task1,fpr,0.0053788648381130994
gnn_naive,none,3,Infiltration,task1,detection_rate,0.38918265599033086
gnn_naive,none,3,Infiltration,task1,binary_f1,0.5520394313879563
gnn_naive,none,3,Infiltration,task1,category_recall,0.38656393211461954
gnn_naive,none,3,Infiltration,task2,n,21631.0
gnn_naive,none,3,Infiltration,task2,n_benign,21610.0
gnn_naive,none,3,Infiltration,task2,n_attack,21.0
gnn_naive,none,3,Infiltration,task2,accuracy,0.9990291710970367
gnn_naive,none,3,Infiltration,task2,macro_f1,0.4997571749034481
gnn_naive,none,3,Infiltration,task2,fpr,0.0
gnn_naive,none,3,Infiltration,task2,detection_rate,0.0
gnn_naive,none,3,Infiltration,task2,binary_f1,0.0
gnn_naive,none,3,Infiltration,task2,category_recall,0.0
gnn_naive,none,3,Infiltration,task3,n,50445.0
gnn_naive,none,3,Infiltration,task3,n_benign,32949.0
gnn_naive,none,3,Infiltration,task3,n_attack,17496.0
gnn_naive,none,3,Infiltration,task3,accuracy,0.9984735850926751
gnn_naive,none,3,Infiltration,task3,macro_f1,0.998314085801507
gnn_naive,none,3,Infiltration,task3,fpr,0.00021244954323348204
gnn_naive,none,3,Infiltration,task3,detection_rate,0.9959990855052584
gnn_naive,none,3,Infiltration,task3,binary_f1,0.9977955280712302
gnn_naive,none,3,Infiltration,task3,category_recall,0.9959990855052584
gnn_naive,none,3,Infiltration,task4,n,27642.0
gnn_naive,none,3,Infiltration,task4,n_benign,27385.0
gnn_naive,none,3,Infiltration,task4,n_attack,257.0
gnn_naive,none,3,Infiltration,task4,accuracy,0.990159901599016
gnn_naive,none,3,Infiltration,task4,macro_f1,0.49752781211372066
gnn_naive,none,3,Infiltration,task4,fpr,0.0005477451159393829
gnn_naive,none,3,Infiltration,task4,detection_rate,0.0
gnn_naive,none,3,Infiltration,task4,binary_f1,0.0
gnn_naive,none,3,Infiltration,task4,category_recall,0.0
gnn_naive,none,3,Infiltration,task5,n,51117.0
gnn_naive,none,3,Infiltration,task5,n_benign,31046.0
gnn_naive,none,3,Infiltration,task5,n_attack,20071.0
gnn_naive,none,3,Infiltration,task5,accuracy,0.606901813486707
gnn_naive,none,3,Infiltration,task5,macro_f1,0.49963762864183214
gnn_naive,none,3,Infiltration,task5,fpr,0.0007408361785737293
gnn_naive,none,3,Infiltration,task5,detection_rate,0.9989038911862886
gnn_naive,none,3,Infiltration,task5,binary_f1,0.9988790075480158
gnn_naive,none,3,Infiltration,task5,category_recall,0.0
gnn_naive,none,3,Infiltration,task6,n,28798.0
gnn_naive,none,3,Infiltration,task6,n_benign,9791.0
gnn_naive,none,3,Infiltration,task6,n_attack,19007.0
gnn_naive,none,3,Infiltration,task6,accuracy,0.33971109104798947
gnn_naive,none,3,Infiltration,task6,macro_f1,0.2929568185901659
gnn_naive,none,3,Infiltration,task6,fpr,0.0008170769073639056
gnn_naive,none,3,Infiltration,task6,detection_rate,0.27289945809438626
gnn_naive,none,3,Infiltration,task6,binary_f1,0.4286422609701678
gnn_naive,none,3,Infiltration,task6,category_recall,0.0
gnn_naive,none,3,Infiltration,seen,n,307417.0
gnn_naive,none,3,Infiltration,seen,n_benign,268685.0
gnn_naive,none,3,Infiltration,seen,n_attack,38732.0
gnn_naive,none,3,Infiltration,seen,accuracy,0.9540331211351356
gnn_naive,none,3,Infiltration,seen,macro_f1,0.5013325798979417
gnn_naive,none,3,Infiltration,seen,fpr,0.0018646370284906117
gnn_naive,none,3,Infiltration,seen,detection_rate,0.6572601466487659
gnn_naive,none,3,Infiltration,seen,binary_f1,0.7870459112691297
gnn_naive,none,3,Infiltration,all,n,414974.0
gnn_naive,none,3,Infiltration,all,n_benign,336907.0
gnn_naive,none,3,Infiltration,all,n_attack,78067.0
gnn_naive,none,3,Infiltration,all,accuracy,0.8710473427250864
gnn_naive,none,3,Infiltration,all,macro_f1,0.25941795697279413
gnn_naive,none,3,Infiltration,all,fpr,0.0016235934545735173
gnn_naive,none,3,Infiltration,all,detection_rate,0.6493524792806179
gnn_naive,none,3,Infiltration,all,binary_f1,0.7840720146627793
gnn_naive,none,4,Botnet,task0,n,138702.0
gnn_naive,none,4,Botnet,task0,n_benign,137344.0
gnn_naive,none,4,Botnet,task0,n_attack,1358.0
gnn_naive,none,4,Botnet,task0,accuracy,0.9896540785280674
gnn_naive,none,4,Botnet,task0,macro_f1,0.49740007029775085
gnn_naive,none,4,Botnet,task0,fpr,0.0005606360671015844
gnn_naive,none,4,Botnet,task0,detection_rate,0.0
gnn_naive,none,4,Botnet,task0,binary_f1,0.0
gnn_naive,none,4,Botnet,task0,category_recall,0.0
gnn_naive,none,4,Botnet,task1,n,96639.0
gnn_naive,none,4,Botnet,task1,n_benign,76782.0
gnn_naive,none,4,Botnet,task1,n_attack,19857.0
gnn_naive,none,4,Botnet,task1,accuracy,0.8032367884601455
gnn_naive,none,4,Botnet,task1,macro_f1,0.48668327730394845
gnn_naive,none,4,Botnet,task1,fpr,0.00031257325935766194
gnn_naive,none,4,Botnet,task1,detection_rate,0.043611824545500326
gnn_naive,none,4,Botnet,task1,binary_f1,0.08348194919747433
gnn_naive,none,4,Botnet,task1,category_recall,0.043611824545500326
gnn_naive,none,4,Botnet,task2,n,21631.0
gnn_naive,none,4,Botnet,task2,n_benign,21610.0
gnn_naive,none,4,Botnet,task2,n_attack,21.0
gnn_naive,none,4,Botnet,task2,accuracy,0.9986131015671952
gnn_naive,none,4,Botnet,task2,macro_f1,0.49965303478904516
gnn_naive,none,4,Botnet,task2,fpr,0.00041647385469689957
gnn_naive,none,4,Botnet,task2,detection_rate,0.0
gnn_naive,none,4,Botnet,task2,binary_f1,0.0
gnn_naive,none,4,Botnet,task2,category_recall,0.0
gnn_naive,none,4,Botnet,task3,n,50445.0
gnn_naive,none,4,Botnet,task3,n_benign,32949.0
gnn_naive,none,4,Botnet,task3,n_attack,17496.0
gnn_naive,none,4,Botnet,task3,accuracy,0.6530082267816434
gnn_naive,none,4,Botnet,task3,macro_f1,0.4157432415377237
gnn_naive,none,4,Botnet,task3,fpr,0.00024279947798112235
gnn_naive,none,4,Botnet,task3,detection_rate,0.23731138545953362
gnn_naive,none,4,Botnet,task3,binary_f1,0.3834503140007388
gnn_naive,none,4,Botnet,task3,category_recall,0.0
gnn_naive,none,4,Botnet,task4,n,27642.0
gnn_naive,none,4,Botnet,task4,n_benign,27385.0
gnn_naive,none,4,Botnet,task4,n_attack,257.0
gnn_naive,none,4,Botnet,task4,accuracy,1.0
gnn_naive,none,4,Botnet,task4,macro_f1,1.0
gnn_naive,none,4,Botnet,task4,fpr,0.0
gnn_naive,none,4,Botnet,task4,detection_rate,1.0
gnn_naive,none,4,Botnet,task4,binary_f1,1.0
gnn_naive,none,4,Botnet,task4,category_recall,1.0
gnn_naive,none,4,Botnet,task5,n,51117.0
gnn_naive,none,4,Botnet,task5,n_benign,31046.0
gnn_naive,none,4,Botnet,task5,n_attack,20071.0
gnn_naive,none,4,Botnet,task5,accuracy,0.6070191912670931
gnn_naive,none,4,Botnet,task5,macro_f1,0.3778540897965148
gnn_naive,none,4,Botnet,task5,fpr,0.0005475745667718869
gnn_naive,none,4,Botnet,task5,detection_rate,0.0013452244531911713
gnn_naive,none,4,Botnet,task5,binary_f1,0.0026845637583892616
gnn_naive,none,4,Botnet,task5,category_recall,0.0
gnn_naive,none,4,Botnet,task6,n,28798.0
gnn_naive,none,4,Botnet,task6,n_benign,9791.0
gnn_naive,none,4,Botnet,task6,n_attack,19007.0
gnn_naive,none,4,Botnet,task6,accuracy,0.3384610042364053
gnn_naive,none,4,Botnet,task6,macro_f1,0.25287326501491764
gnn_naive,none,4,Botnet,task6,fpr,0.004493922990501481
gnn_naive,none,4,Botnet,task6,detection_rate,0.0
gnn_naive,none,4,Botnet,task6,binary_f1,0.0
gnn_naive,none,4,Botnet,task6,category_recall,0.0
gnn_naive,none,4,Botnet,seen,n,335059.0
gnn_naive,none,4,Botnet,seen,n_benign,296070.0
gnn_naive,none,4,Botnet,seen,n_attack,38989.0
gnn_naive,none,4,Botnet,seen,accuracy,0.8866348911684211
gnn_naive,none,4,Botnet,seen,macro_f1,0.18949209565545214
gnn_naive,none,4,Botnet,seen,fpr,0.0003985543959198838
gnn_naive,none,4,Botnet,seen,detection_rate,0.13529457026340763
gnn_naive,none,4,Botnet,seen,binary_f1,0.23770898111847144
gnn_naive,none,4,Botnet,all,n,414974.0
gnn_naive,none,4,Botnet,all,n_benign,336907.0
gnn_naive,none,4,Botnet,all,n_attack,78067.0
gnn_naive,none,4,Botnet,all,accuracy,0.8141498021562796
gnn_naive,none,4,Botnet,all,macro_f1,0.13641896169264947
gnn_naive,none,4,Botnet,all,fpr,0.0005313038909847525
gnn_naive,none,4,Botnet,all,detection_rate,0.06791602085388192
gnn_naive,none,4,Botnet,all,binary_f1,0.1269210513716666
gnn_naive,none,5,PortScan,task0,n,138702.0
gnn_naive,none,5,PortScan,task0,n_benign,137344.0
gnn_naive,none,5,PortScan,task0,n_attack,1358.0
gnn_naive,none,5,PortScan,task0,accuracy,0.9892503352511139
gnn_naive,none,5,PortScan,task0,macro_f1,0.4972980613454241
gnn_naive,none,5,PortScan,task0,fpr,0.0009683713886300093
gnn_naive,none,5,PortScan,task0,detection_rate,0.0
gnn_naive,none,5,PortScan,task0,binary_f1,0.0
gnn_naive,none,5,PortScan,task0,category_recall,0.0
gnn_naive,none,5,PortScan,task1,n,96639.0
gnn_naive,none,5,PortScan,task1,n_benign,76782.0
gnn_naive,none,5,PortScan,task1,n_attack,19857.0
gnn_naive,none,5,PortScan,task1,accuracy,0.8140605759579466
gnn_naive,none,5,PortScan,task1,macro_f1,0.5481041400536417
gnn_naive,none,5,PortScan,task1,fpr,0.004363001745200698
gnn_naive,none,5,PortScan,task1,detection_rate,0.11210152591025835
gnn_naive,none,5,PortScan,task1,binary_f1,0.19859041841377464
gnn_naive,none,5,PortScan,task1,category_recall,0.11195044568665961
gnn_naive,none,5,PortScan,task2,n,21631.0
gnn_naive,none,5,PortScan,task2,n_benign,21610.0
gnn_naive,none,5,PortScan,task2,n_attack,21.0
gnn_naive,none,5,PortScan,task2,accuracy,0.9989367112015164
gnn_naive,none,5,PortScan,task2,macro_f1,0.499734036402322
gnn_naive,none,5,PortScan,task2,fpr,9.254974548819991e-05
gnn_naive,none,5,PortScan,task2,detection_rate,0.0
gnn_naive,none,5,PortScan,task2,binary_f1,0.0
gnn_naive,none,5,PortScan,task2,category_recall,0.0
gnn_naive,none,5,PortScan,task3,n,50445.0
gnn_naive,none,5,PortScan,task3,n_benign,32949.0
gnn_naive,none,5,PortScan,task3,n_attack,17496.0
gnn_naive,none,5,PortScan,task3,accuracy,0.6524531668153435
gnn_naive,none,5,PortScan,task3,macro_f1,0.484841788934064
gnn_naive,none,5,PortScan,task3,fpr,0.0010925976509150504
gnn_naive,none,5,PortScan,task3,detection_rate,0.8844307270233196
gnn_naive,none,5,PortScan,task3,binary_f1,0.9376477004181057
gnn_naive,none,5,PortScan,task3,category_recall,0.0
gnn_naive,none,5,PortScan,task4,n,27642.0
gnn_naive,none,5,PortScan,task4,n_benign,27385.0
gnn_naive,none,5,PortScan,task4,n_attack,257.0
gnn_naive,none,5,PortScan,task4,accuracy,0.9936328775052456
gnn_naive,none,5,PortScan,task4,macro_f1,0.7380433979612473
gnn_naive,none,5,PortScan,task4,fpr,0.0
gnn_naive,none,5,PortScan,task4,detection_rate,0.3151750972762646
gnn_naive,none,5,PortScan,task4,binary_f1,0.47928994082840237
gnn_naive,none,5,PortScan,task4,category_recall,0.3151750972762646
gnn_naive,none,5,PortScan,task5,n,51117.0
gnn_naive,none,5,PortScan,task5,n_benign,31046.0
gnn_naive,none,5,PortScan,task5,n_attack,20071.0
gnn_naive,none,5,PortScan,task5,accuracy,0.9995109259150576
gnn_naive,none,5,PortScan,task5,macro_f1,0.9994871872937248
gnn_naive,none,5,PortScan,task5,fpr,3.22102686336404e-05
gnn_naive,none,5,PortScan,task5,detection_rate,0.9988042449304967
gnn_naive,none,5,PortScan,task5,binary_f1,0.9993768538597672
gnn_naive,none,5,PortScan,task5,category_recall,0.9988042449304967
gnn_naive,none,5,PortScan,task6,n,28798.0
gnn_naive,none,5,PortScan,task6,n_benign,9791.0
gnn_naive,none,5,PortScan,task6,n_attack,19007.0
gnn_naive,none,5,PortScan,task6,accuracy,0.3363080769497882
gnn_naive,none,5,PortScan,task6,macro_f1,0.2518069783162602
gnn_naive,none,5,PortScan,task6,fpr,0.01082626902257175
gnn_naive,none,5,PortScan,task6,detection_rate,0.0011048561056452885
gnn_naive,none,5,PortScan,task6,binary_f1,0.0021950454687989967
gnn_naive,none,5,PortScan,task6,category_recall,0.0
gnn_naive,none,5,PortScan,seen,n,386176.0
gnn_naive,none,5,PortScan,seen,n_benign,327116.0
gnn_naive,none,5,PortScan,seen,n_attack,59060.0
gnn_naive,none,5,PortScan,seen,accuracy,0.9036294332117998
gnn_naive,none,5,PortScan,seen,macro_f1,0.337586176808768
gnn_naive,none,5,PortScan,seen,fpr,0.0015499089008180584
gnn_naive,none,5,PortScan,seen,detection_rate,0.6405011852353539
gnn_naive,none,5,PortScan,seen,binary_f1,0.7767955233841572
gnn_naive,none,5,PortScan,all,n,414974.0
gnn_naive,none,5,PortScan,all,n_benign,336907.0
gnn_naive,none,5,PortScan,all,n_attack,78067.0
gnn_naive,none,5,PortScan,all,accuracy,0.8642589656219426
gnn_naive,none,5,PortScan,all,macro_f1,0.29205802713914036
gnn_naive,none,5,PortScan,all,fpr,0.0018194932132606328
gnn_naive,none,5,PortScan,all,detection_rate,0.4848271356655181
gnn_naive,none,5,PortScan,all,binary_f1,0.6496065357121403
gnn_naive,none,6,DDoS,task0,n,138702.0
gnn_naive,none,6,DDoS,task0,n_benign,137344.0
gnn_naive,none,6,DDoS,task0,n_attack,1358.0
gnn_naive,none,6,DDoS,task0,accuracy,0.9902092255338784
gnn_naive,none,6,DDoS,task0,macro_f1,0.4975402650282924
gnn_naive,none,6,DDoS,task0,fpr,0.0
gnn_naive,none,6,DDoS,task0,detection_rate,0.0
gnn_naive,none,6,DDoS,task0,binary_f1,0.0
gnn_naive,none,6,DDoS,task0,category_recall,0.0
gnn_naive,none,6,DDoS,task1,n,96639.0
gnn_naive,none,6,DDoS,task1,n_benign,76782.0
gnn_naive,none,6,DDoS,task1,n_attack,19857.0
gnn_naive,none,6,DDoS,task1,accuracy,0.790384834280156
gnn_naive,none,6,DDoS,task1,macro_f1,0.4986583972580382
gnn_naive,none,6,DDoS,task1,fpr,0.005209554322627699
gnn_naive,none,6,DDoS,task1,detection_rate,0.999446039180138
gnn_naive,none,6,DDoS,task1,binary_f1,0.9897513901703114
gnn_naive,none,6,DDoS,task1,category_recall,0.0
gnn_naive,none,6,DDoS,task2,n,21631.0
gnn_naive,none,6,DDoS,task2,n_benign,21610.0
gnn_naive,none,6,DDoS,task2,n_attack,21.0
gnn_naive,none,6,DDoS,task2,accuracy,0.9989829411492765
gnn_naive,none,6,DDoS,task2,macro_f1,0.49975716367168527
gnn_naive,none,6,DDoS,task2,fpr,4.6274872744099955e-05
gnn_naive,none,6,DDoS,task2,detection_rate,0.047619047619047616
gnn_naive,none,6,DDoS,task2,binary_f1,0.08695652173913043
gnn_naive,none,6,DDoS,task2,category_recall,0.0
gnn_naive,none,6,DDoS,task3,n,50445.0
gnn_naive,none,6,DDoS,task3,n_benign,32949.0
gnn_naive,none,6,DDoS,task3,n_attack,17496.0
gnn_naive,none,6,DDoS,task3,accuracy,0.6531668153434433
gnn_naive,none,6,DDoS,task3,macro_f1,0.39510036693287287
gnn_naive,none,6,DDoS,task3,fpr,0.0
gnn_naive,none,6,DDoS,task3,detection_rate,0.0
gnn_naive,none,6,DDoS,task3,binary_f1,0.0
gnn_naive,none,6,DDoS,task3,category_recall,0.0
gnn_naive,none,6,DDoS,task4,n,27642.0
gnn_naive,none,6,DDoS,task4,n_benign,27385.0
gnn_naive,none,6,DDoS,task4,n_attack,257.0
gnn_naive,none,6,DDoS,task4,accuracy,0.9907025540843644
gnn_naive,none,6,DDoS,task4,macro_f1,0.49766478274301706
gnn_naive,none,6,DDoS,task4,fpr,0.0
gnn_naive,none,6,DDoS,task4,detection_rate,0.0
gnn_naive,none,6,DDoS,task4,binary_f1,0.0
gnn_naive,none,6,DDoS,task4,category_recall,0.0
gnn_naive,none,6,DDoS,task5,n,51117.0
gnn_naive,none,6,DDoS,task5,n_benign,31046.0
gnn_naive,none,6,DDoS,task5,n_attack,20071.0
gnn_naive,none,6,DDoS,task5,accuracy,0.6073517616448539
gnn_naive,none,6,DDoS,task5,macro_f1,0.37785864683616716
gnn_naive,none,6,DDoS,task5,fpr,0.0
gnn_naive,none,6,DDoS,task5,detection_rate,0.0
gnn_naive,none,6,DDoS,task5,binary_f1,0.0
gnn_naive,none,6,DDoS,task5,category_recall,0.0
gnn_naive,none,6,DDoS,task6,n,28798.0
gnn_naive,none,6,DDoS,task6,n_benign,9791.0
gnn_naive,none,6,DDoS,task6,n_attack,19007.0
gnn_naive,none,6,DDoS,task6,accuracy,0.9997222029307591
gnn_naive,none,6,DDoS,task6,macro_f1,0.9996904450358897
gnn_naive,none,6,DDoS,task6,fpr,0.0008170769073639056
gnn_naive,none,6,DDoS,task6,detection_rate,1.0
gnn_naive,none,6,DDoS,task6,binary_f1,0.9997895954973437
gnn_naive,none,6,DDoS,task6,category_recall,1.0
gnn_naive,none,6,DDoS,seen,n,414974.0
gnn_naive,none,6,DDoS,seen,n_benign,336907.0
gnn_naive,none,6,DDoS,seen,n_attack,78067.0
gnn_naive,none,6,DDoS,seen,accuracy,0.8566922265009375
gnn_naive,none,6,DDoS,seen,macro_f1,0.19959703124912678
gnn_naive,none,6,DDoS,seen,fpr,0.0012139848682277306
gnn_naive,none,6,DDoS,seen,detection_rate,0.4977006929944791
gnn_naive,none,6,DDoS,seen,binary_f1,0.6623029063325663
gnn_naive,none,6,DDoS,all,n,414974.0
gnn_naive,none,6,DDoS,all,n_benign,336907.0
gnn_naive,none,6,DDoS,all,n_attack,78067.0
gnn_naive,none,6,DDoS,all,accuracy,0.8566922265009375
gnn_naive,none,6,DDoS,all,macro_f1,0.19959703124912678
gnn_naive,none,6,DDoS,all,fpr,0.0012139848682277306
gnn_naive,none,6,DDoS,all,detection_rate,0.4977006929944791
gnn_naive,none,6,DDoS,all,binary_f1,0.6623029063325663
gnn_ewc_replay,none,0,BruteForce,task0,n,138702.0
gnn_ewc_replay,none,0,BruteForce,task0,n_benign,137344.0
gnn_ewc_replay,none,0,BruteForce,task0,n_attack,1358.0
gnn_ewc_replay,none,0,BruteForce,task0,accuracy,0.9998702253752649
gnn_ewc_replay,none,0,BruteForce,task0,macro_f1,0.9966729437484376
gnn_ewc_replay,none,0,BruteForce,task0,fpr,0.00012377679403541473
gnn_ewc_replay,none,0,BruteForce,task0,detection_rate,0.9992636229749632
gnn_ewc_replay,none,0,BruteForce,task0,binary_f1,0.9934114202049781
gnn_ewc_replay,none,0,BruteForce,task0,category_recall,0.9992636229749632
gnn_ewc_replay,none,0,BruteForce,task1,n,96639.0
gnn_ewc_replay,none,0,BruteForce,task1,n_benign,76782.0
gnn_ewc_replay,none,0,BruteForce,task1,n_attack,19857.0
gnn_ewc_replay,none,0,BruteForce,task1,accuracy,0.7945239499580915
gnn_ewc_replay,none,0,BruteForce,task1,macro_f1,0.44274914802705556
gnn_ewc_replay,none,0,BruteForce,task1,fpr,0.0
gnn_ewc_replay,none,0,BruteForce,task1,detection_rate,0.0
gnn_ewc_replay,none,0,BruteForce,task1,binary_f1,0.0
gnn_ewc_replay,none,0,BruteForce,task1,category_recall,0.0
gnn_ewc_replay,none,0,BruteForce,task2,n,21631.0
gnn_ewc_replay,none,0,BruteForce,task2,n_benign,21610.0
gnn_ewc_replay,none,0,BruteForce,task2,n_attack,21.0
gnn_ewc_replay,none,0,BruteForce,task2,accuracy,0.9990291710970367
gnn_ewc_replay,none,0,BruteForce,task2,macro_f1,0.4997571749034481
gnn_ewc_replay,none,0,BruteForce,task2,fpr,0.0
gnn_ewc_replay,none,0,BruteForce,task2,detection_rate,0.0
gnn_ewc_replay,none,0,BruteForce,task2,binary_f1,0.0
gnn_ewc_replay,none,0,BruteForce,task2,category_recall,0.0
gnn_ewc_replay,none,0,BruteForce,task3,n,50445.0
gnn_ewc_replay,none,0,BruteForce,task3,n_benign,32949.0
gnn_ewc_replay,none,0,BruteForce,task3,n_attack,17496.0
gnn_ewc_replay,none,0,BruteForce,task3,accuracy,0.6531668153434433
gnn_ewc_replay,none,0,BruteForce,task3,macro_f1,0.39510036693287287
gnn_ewc_replay,none,0,BruteForce,task3,fpr,0.0
gnn_ewc_replay,none,0,BruteForce,task3,detection_rate,0.0
gnn_ewc_replay,none,0,BruteForce,task3,binary_f1,0.0
gnn_ewc_replay,none,0,BruteForce,task3,category_recall,0.0
gnn_ewc_replay,none,0,BruteForce,task4,n,27642.0
gnn_ewc_replay,none,0,BruteForce,task4,n_benign,27385.0
gnn_ewc_replay,none,0,BruteForce,task4,n_attack,257.0
gnn_ewc_replay,none,0,BruteForce,task4,accuracy,0.9907025540843644
gnn_ewc_replay,none,0,BruteForce,task4,macro_f1,0.49766478274301706
gnn_ewc_replay,none,0,BruteForce,task4,fpr,0.0
gnn_ewc_replay,none,0,BruteForce,task4,detection_rate,0.0
gnn_ewc_replay,none,0,BruteForce,task4,binary_f1,0.0
gnn_ewc_replay,none,0,BruteForce,task4,category_recall,0.0
gnn_ewc_replay,none,0,BruteForce,task5,n,51117.0
gnn_ewc_replay,none,0,BruteForce,task5,n_benign,31046.0
gnn_ewc_replay,none,0,BruteForce,task5,n_attack,20071.0
gnn_ewc_replay,none,0,BruteForce,task5,accuracy,0.6073321986814563
gnn_ewc_replay,none,0,BruteForce,task5,macro_f1,0.3778510747060685
gnn_ewc_replay,none,0,BruteForce,task5,fpr,3.22102686336404e-05
gnn_ewc_replay,none,0,BruteForce,task5,detection_rate,0.0
gnn_ewc_replay,none,0,BruteForce,task5,binary_f1,0.0
gnn_ewc_replay,none,0,BruteForce,task5,category_recall,0.0
gnn_ewc_replay,none,0,BruteForce,task6,n,28798.0
gnn_ewc_replay,none,0,BruteForce,task6,n_benign,9791.0
gnn_ewc_replay,none,0,BruteForce,task6,n_attack,19007.0
gnn_ewc_replay,none,0,BruteForce,task6,accuracy,0.33995416348357527
gnn_ewc_replay,none,0,BruteForce,task6,macro_f1,0.2537058152793615
gnn_ewc_replay,none,0,BruteForce,task6,fpr,0.0001021346134204882
gnn_ewc_replay,none,0,BruteForce,task6,detection_rate,0.0
gnn_ewc_replay,none,0,BruteForce,task6,binary_f1,0.0
gnn_ewc_replay,none,0,BruteForce,task6,category_recall,0.0
gnn_ewc_replay,none,0,BruteForce,seen,n,138702.0
gnn_ewc_replay,none,0,BruteForce,seen,n_benign,137344.0
gnn_ewc_replay,none,0,BruteForce,seen,n_attack,1358.0
gnn_ewc_replay,none,0,BruteForce,seen,accuracy,0.9998702253752649
gnn_ewc_replay,none,0,BruteForce,seen,macro_f1,0.9966729437484376
gnn_ewc_replay,none,0,BruteForce,seen,fpr,0.00012377679403541473
gnn_ewc_replay,none,0,BruteForce,seen,detection_rate,0.9992636229749632
gnn_ewc_replay,none,0,BruteForce,seen,binary_f1,0.9934114202049781
gnn_ewc_replay,none,0,BruteForce,all,n,414974.0
gnn_ewc_replay,none,0,BruteForce,all,n_benign,336907.0
gnn_ewc_replay,none,0,BruteForce,all,n_attack,78067.0
gnn_ewc_replay,none,0,BruteForce,all,accuracy,0.8150992592306988
gnn_ewc_replay,none,0,BruteForce,all,macro_f1,0.23630602711901372
gnn_ewc_replay,none,0,BruteForce,all,fpr,5.639538507659384e-05
gnn_ewc_replay,none,0,BruteForce,all,detection_rate,0.017382504771542392
gnn_ewc_replay,none,0,BruteForce,all,binary_f1,0.03416285890512694
gnn_ewc_replay,none,1,DoS,task0,n,138702.0
gnn_ewc_replay,none,1,DoS,task0,n_benign,137344.0
gnn_ewc_replay,none,1,DoS,task0,n_attack,1358.0
gnn_ewc_replay,none,1,DoS,task0,accuracy,0.9998558059725167
gnn_ewc_replay,none,1,DoS,task0,macro_f1,0.996304229982945
gnn_ewc_replay,none,1,DoS,task0,fpr,0.00012377679403541473
gnn_ewc_replay,none,1,DoS,task0,detection_rate,0.9992636229749632
gnn_ewc_replay,none,1,DoS,task0,binary_f1,0.9934114202049781
gnn_ewc_replay,none,1,DoS,task0,category_recall,0.9977908689248896
gnn_ewc_replay,none,1,DoS,task1,n,96639.0
gnn_ewc_replay,none,1,DoS,task1,n_benign,76782.0
gnn_ewc_replay,none,1,DoS,task1,n_attack,19857.0
gnn_ewc_replay,none,1,DoS,task1,accuracy,0.9972267924957833
gnn_ewc_replay,none,1,DoS,task1,macro_f1,0.995772646203124
gnn_ewc_replay,none,1,DoS,task1,fpr,0.0033471386522882967
gnn_ewc_replay,none,1,DoS,task1,detection_rate,0.999446039180138
gnn_ewc_replay,none,1,DoS,task1,binary_f1,0.9932932932932933
gnn_ewc_replay,none,1,DoS,task1,category_recall,0.999446039180138
gnn_ewc_replay,none,1,DoS,task2,n,21631.0
gnn_ewc_replay,none,1,DoS,task2,n_benign,21610.0
gnn_ewc_replay,none,1,DoS,task2,n_attack,21.0
gnn_ewc_replay,none,1,DoS,task2,accuracy,0.9988442513059961
gnn_ewc_replay,none,1,DoS,task2,macro_f1,0.49994215239373396
gnn_ewc_replay,none,1,DoS,task2,fpr,0.00018509949097639982
gnn_ewc_replay,none,1,DoS,task2,detection_rate,0.9523809523809523
gnn_ewc_replay,none,1,DoS,task2,binary_f1,0.8888888888888888
gnn_ewc_replay,none,1,DoS,task2,category_recall,0.0
gnn_ewc_replay,none,1,DoS,task3,n,50445.0
gnn_ewc_replay,none,1,DoS,task3,n_benign,32949.0
gnn_ewc_replay,none,1,DoS,task3,n_attack,17496.0
gnn_ewc_replay,none,1,DoS,task3,accuracy,0.6530875210625434
gnn_ewc_replay,none,1,DoS,task3,macro_f1,0.3950760891724328
gnn_ewc_replay,none,1,DoS,task3,fpr,0.00012139973899056118
gnn_ewc_replay,none,1,DoS,task3,detection_rate,5.7155921353452216e-05
gnn_ewc_replay,none,1,DoS,task3,binary_f1,0.0001142791840466259
gnn_ewc_replay,none,1,DoS,task3,category_recall,0.0
gnn_ewc_replay,none,1,DoS,task4,n,27642.0
gnn_ewc_replay,none,1,DoS,task4,n_benign,27385.0
gnn_ewc_replay,none,1,DoS,task4,n_attack,257.0
gnn_ewc_replay,none,1,DoS,task4,accuracy,0.9906663772520078
gnn_ewc_replay,none,1,DoS,task4,macro_f1,0.49765565369098247
gnn_ewc_replay,none,1,DoS,task4,fpr,3.6516341062625523e-05
gnn_ewc_replay,none,1,DoS,task4,detection_rate,0.0
gnn_ewc_replay,none,1,DoS,task4,binary_f1,0.0
gnn_ewc_replay,none,1,DoS,task4,category_recall,0.0
gnn_ewc_replay,none,1,DoS,task5,n,51117.0
gnn_ewc_replay,none,1,DoS,task5,n_benign,31046.0
gnn_ewc_replay,none,1,DoS,task5,n_attack,20071.0
gnn_ewc_replay,none,1,DoS,task5,accuracy,0.6073517616448539
gnn_ewc_replay,none,1,DoS,task5,macro_f1,0.3778678448412264
gnn_ewc_replay,none,1,DoS,task5,fpr,0.0
gnn_ewc_replay,none,1,DoS,task5,detection_rate,9.964625579193862e-05
gnn_ewc_replay,none,1,DoS,task5,binary_f1,0.0001992726548099437
gnn_ewc_replay,none,1,DoS,task5,category_recall,0.0
gnn_ewc_replay,none,1,DoS,task6,n,28798.0
gnn_ewc_replay,none,1,DoS,task6,n_benign,9791.0
gnn_ewc_replay,none,1,DoS,task6,n_attack,19007.0
gnn_ewc_replay,none,1,DoS,task6,accuracy,0.3399888881172304
gnn_ewc_replay,none,1,DoS,task6,macro_f1,0.45501440654335906
gnn_ewc_replay,none,1,DoS,task6,fpr,0.0
gnn_ewc_replay,none,1,DoS,task6,detection_rate,0.8981427894986058
gnn_ewc_replay,none,1,DoS,task6,binary_f1,0.9463384888297578
gnn_ewc_replay,none,1,DoS,task6,category_recall,0.0
gnn_ewc_replay,none,1,DoS,seen,n,235341.0
gnn_ewc_replay,none,1,DoS,seen,n_benign,214126.0
gnn_ewc_replay,none,1,DoS,seen,n_attack,21215.0
gnn_ewc_replay,none,1,DoS,seen,accuracy,0.9987762438334162
gnn_ewc_replay,none,1,DoS,seen,macro_f1,0.995083111388059
gnn_ewc_replay,none,1,DoS,seen,fpr,0.001279620410412561
gnn_ewc_replay,none,1,DoS,seen,detection_rate,0.9994343624793778
gnn_ewc_replay,none,1,DoS,seen,binary_f1,0.9933008526187577
gnn_ewc_replay,none,1,DoS,all,n,414974.0
gnn_ewc_replay,none,1,DoS,all,n_benign,336907.0
gnn_ewc_replay,none,1,DoS,all,n_attack,78067.0
gnn_ewc_replay,none,1,DoS,all,accuracy,0.8622829382081769
gnn_ewc_replay,none,1,DoS,all,macro_f1,0.32870332547469994
gnn_ewc_replay,none,1,DoS,all,fpr,0.0008399944198250556
gnn_ewc_replay,none,1,DoS,all,detection_rate,0.4905657960469853
gnn_ewc_replay,none,1,DoS,all,binary_f1,0.6566306891733178
gnn_ewc_replay,none,2,WebAttack,task0,n,138702.0
gnn_ewc_replay,none,2,WebAttack,task0,n_benign,137344.0
gnn_ewc_replay,none,2,WebAttack,task0,n_attack,1358.0
gnn_ewc_replay,none,2,WebAttack,task0,accuracy,0.9998702253752649
gnn_ewc_replay,none,2,WebAttack,task0,macro_f1,0.9966729437484376
gnn_ewc_replay,none,2,WebAttack,task0,fpr,0.00012377679403541473
gnn_ewc_replay,none,2,WebAttack,task0,detection_rate,0.9992636229749632
gnn_ewc_replay,none,2,WebAttack,task0,binary_f1,0.9934114202049781
gnn_ewc_replay,none,2,WebAttack,task0,category_recall,0.9992636229749632
gnn_ewc_replay,none,2,WebAttack,task1,n,96639.0
gnn_ewc_replay,none,2,WebAttack,task1,n_benign,76782.0
gnn_ewc_replay,none,2,WebAttack,task1,n_attack,19857.0
gnn_ewc_replay,none,2,WebAttack,task1,accuracy,0.9998861743188567
gnn_ewc_replay,none,2,WebAttack,task1,macro_f1,0.999825658304708
gnn_ewc_replay,none,2,WebAttack,task1,fpr,0.0
gnn_ewc_replay,none,2,WebAttack,task1,detection_rate,0.999446039180138
gnn_ewc_replay,none,2,WebAttack,task1,binary_f1,0.9997229428506662
gnn_ewc_replay,none,2,WebAttack,task1,category_recall,0.999446039180138
gnn_ewc_replay,none,2,WebAttack,task2,n,21631.0
gnn_ewc_replay,none,2,WebAttack,task2,n_benign,21610.0
gnn_ewc_replay,none,2,WebAttack,task2,n_attack,21.0
gnn_ewc_replay,none,2,WebAttack,task2,accuracy,0.9992140908880773
gnn_ewc_replay,none,2,WebAttack,task2,macro_f1,0.7579835332279934
gnn_ewc_replay,none,2,WebAttack,task2,fpr,0.00018509949097639982
gnn_ewc_replay,none,2,WebAttack,task2,detection_rate,0.8571428571428571
gnn_ewc_replay,none,2,WebAttack,task2,binary_f1,0.8372093023255814
gnn_ewc_replay,none,2,WebAttack,task2,category_recall,0.38095238095238093
gnn_ewc_replay,none,2,WebAttack,task3,n,50445.0
gnn_ewc_replay,none,2,WebAttack,task3,n_benign,32949.0
gnn_ewc_replay,none,2,WebAttack,task3,n_attack,17496.0
gnn_ewc_replay,none,2,WebAttack,task3,accuracy,0.6531668153434433
gnn_ewc_replay,none,2,WebAttack,task3,macro_f1,0.39517618556453743
gnn_ewc_replay,none,2,WebAttack,task3,fpr,0.0
gnn_ewc_replay,none,2,WebAttack,task3,detection_rate,0.0009144947416552355
gnn_ewc_replay,none,2,WebAttack,task3,binary_f1,0.001827318410232983
gnn_ewc_replay,none,2,WebAttack,task3,category_recall,0.0
gnn_ewc_replay,none,2,WebAttack,task4,n,27642.0
gnn_ewc_replay,none,2,WebAttack,task4,n_benign,27385.0
gnn_ewc_replay,none,2,WebAttack,task4,n_attack,257.0
gnn_ewc_replay,none,2,WebAttack,task4,accuracy,0.9907025540843644
gnn_ewc_replay,none,2,WebAttack,task4,macro_f1,0.49766478274301706
gnn_ewc_replay,none,2,WebAttack,task4,fpr,0.0
gnn_ewc_replay,none,2,WebAttack,task4,detection_rate,0.0
gnn_ewc_replay,none,2,WebAttack,task4,binary_f1,0.0
gnn_ewc_replay,none,2,WebAttack,task4,category_recall,0.0
gnn_ewc_replay,none,2,WebAttack,task5,n,51117.0
gnn_ewc_replay,none,2,WebAttack,task5,n_benign,31046.0
gnn_ewc_replay,none,2,WebAttack,task5,n_attack,20071.0
gnn_ewc_replay,none,2,WebAttack,task5,accuracy,0.6073517616448539
gnn_ewc_replay,none,2,WebAttack,task5,macro_f1,0.3778724440116845
gnn_ewc_replay,none,2,WebAttack,task5,fpr,0.0
gnn_ewc_replay,none,2,WebAttack,task5,detection_rate,0.00014946938368790792
gnn_ewc_replay,none,2,WebAttack,task5,binary_f1,0.00029889409186011756
gnn_ewc_replay,none,2,WebAttack,task5,category_recall,0.0
gnn_ewc_replay,none,2,WebAttack,task6,n,28798.0
gnn_ewc_replay,none,2,WebAttack,task6,n_benign,9791.0
gnn_ewc_replay,none,2,WebAttack,task6,n_attack,19007.0
gnn_ewc_replay,none,2,WebAttack,task6,accuracy,0.3398499895826099
gnn_ewc_replay,none,2,WebAttack,task6,macro_f1,0.4998978445193585
gnn_ewc_replay,none,2,WebAttack,task6,fpr,0.0004085384536819528
gnn_ewc_replay,none,2,WebAttack,task6,detection_rate,1.0
gnn_ewc_replay,none,2,WebAttack,task6,binary_f1,0.9998947866799937
gnn_ewc_replay,none,2,WebAttack,task6,category_recall,0.0
gnn_ewc_replay,none,2,WebAttack,seen,n,256972.0
gnn_ewc_replay,none,2,WebAttack,seen,n_benign,235736.0
gnn_ewc_replay,none,2,WebAttack,seen,n_attack,21236.0
gnn_ewc_replay,none,2,WebAttack,seen,accuracy,0.9998209921703531
gnn_ewc_replay,none,2,WebAttack,seen,macro_f1,0.8772212421535751
gnn_ewc_replay,none,2,WebAttack,seen,fpr,8.908270268435878e-05
gnn_ewc_replay,none,2,WebAttack,seen,detection_rate,0.9992936522885666
gnn_ewc_replay,none,2,WebAttack,seen,binary_f1,0.9991525024718678
gnn_ewc_replay,none,2,WebAttack,all,n,414974.0
gnn_ewc_replay,none,2,WebAttack,all,n_benign,336907.0
gnn_ewc_replay,none,2,WebAttack,all,n_attack,78067.0
gnn_ewc_replay,none,2,WebAttack,all,accuracy,0.8629287618019442
gnn_ewc_replay,none,2,WebAttack,all,macro_f1,0.36623134263482404
gnn_ewc_replay,none,2,WebAttack,all,fpr,7.420445404814978e-05
gnn_ewc_replay,none,2,WebAttack,all,detection_rate,0.5155443401181037
gnn_ewc_replay,none,2,WebAttack,all,binary_f1,0.6801984130337421
gnn_ewc_replay,none,3,Infiltration,task0,n,138702.0
gnn_ewc_replay,none,3,Infiltration,task0,n_benign,137344.0
gnn_ewc_replay,none,3,Infiltration,task0,n_attack,1358.0
gnn_ewc_replay,none,3,Infiltration,task0,accuracy,0.9997764992574008
gnn_ewc_replay,none,3,Infiltration,task0,macro_f1,0.996649276488444
gnn_ewc_replay,none,3,Infiltration,task0,fpr,0.0002184296365330848
gnn_ewc_replay,none,3,Infiltration,task0,detection_rate,0.9992636229749632
gnn_ewc_replay,none,3,Infiltration,task0,binary_f1,0.9887067395264116
gnn_ewc_replay,none,3,Infiltration,task0,category_recall,0.9992636229749632
gnn_ewc_replay,none,3,Infiltration,task1,n,96639.0
gnn_ewc_replay,none,3,Infiltration,task1,n_benign,76782.0
gnn_ewc_replay,none,3,Infiltration,task1,n_attack,19857.0
gnn_ewc_replay,none,3,Infiltration,task1,accuracy,0.9992032202319975
gnn_ewc_replay,none,3,Infiltration,task1,macro_f1,0.9987811096486858
gnn_ewc_replay,none,3,Infiltration,task1,fpr,0.0008595764632335703
gnn_ewc_replay,none,3,Infiltration,task1,detection_rate,0.999446039180138
gnn_ewc_replay,none,3,Infiltration,task1,binary_f1,0.9980638185521385
gnn_ewc_replay,none,3,Infiltration,task1,category_recall,0.999446039180138
gnn_ewc_replay,none,3,Infiltration,task2,n,21631.0
gnn_ewc_replay,none,3,Infiltration,task2,n_benign,21610.0
gnn_ewc_replay,none,3,Infiltration,task2,n_attack,21.0
gnn_ewc_replay,none,3,Infiltration,task2,accuracy,0.999399010679118
gnn_ewc_replay,none,3,Infiltration,task2,macro_f1,0.7757117208518078
gnn_ewc_replay,none,3,Infiltration,task2,fpr,0.0
gnn_ewc_replay,none,3,Infiltration,task2,detection_rate,0.38095238095238093
gnn_ewc_replay,none,3,Infiltration,task2,binary_f1,0.5517241379310345
gnn_ewc_replay,none,3,Infiltration,task2,category_recall,0.38095238095238093
gnn_ewc_replay,none,3,Infiltration,task3,n,50445.0
gnn_ewc_replay,none,3,Infiltration,task3,n_benign,32949.0
gnn_ewc_replay,none,3,Infiltration,task3,n_attack,17496.0
gnn_ewc_replay,none,3,Infiltration,task3,accuracy,0.9996233521657251
gnn_ewc_replay,none,3,Infiltration,task3,macro_f1,0.9996146117601047
gnn_ewc_replay,none,3,Infiltration,task3,fpr,9.104980424292088e-05
gnn_ewc_replay,none,3,Infiltration,task3,detection_rate,0.9993141289437586
gnn_ewc_replay,none,3,Infiltration,task3,binary_f1,0.9995712203070063
gnn_ewc_replay,none,3,Infiltration,task3,category_recall,0.9990855052583447
gnn_ewc_replay,none,3,Infiltration,task4,n,27642.0
gnn_ewc_replay,none,3,Infiltration,task4,n_benign,27385.0
gnn_ewc_replay,none,3,Infiltration,task4,n_attack,257.0
gnn_ewc_replay,none,3,Infiltration,task4,accuracy,0.9907025540843644
gnn_ewc_replay,none,3,Infiltration,task4,macro_f1,0.49766478274301706
gnn_ewc_replay,none,3,Infiltration,task4,fpr,0.0
gnn_ewc_replay,none,3,Infiltration,task4,detection_rate,0.0
gnn_ewc_replay,none,3,Infiltration,task4,binary_f1,0.0
gnn_ewc_replay,none,3,Infiltration,task4,category_recall,0.0
gnn_ewc_replay,none,3,Infiltration,task5,n,51117.0
gnn_ewc_replay,none,3,Infiltration,task5,n_benign,31046.0
gnn_ewc_replay,none,3,Infiltration,task5,n_attack,20071.0
gnn_ewc_replay,none,3,Infiltration,task5,accuracy,0.6072930727546608
gnn_ewc_replay,none,3,Infiltration,task5,macro_f1,0.499782654194774
gnn_ewc_replay,none,3,Infiltration,task5,fpr,9.663080590092121e-05
gnn_ewc_replay,none,3,Infiltration,task5,detection_rate,0.9988042449304967
gnn_ewc_replay,none,3,Infiltration,task5,binary_f1,0.9993270357169562
gnn_ewc_replay,none,3,Infiltration,task5,category_recall,0.0
gnn_ewc_replay,none,3,Infiltration,task6,n,28798.0
gnn_ewc_replay,none,3,Infiltration,task6,n_benign,9791.0
gnn_ewc_replay,none,3,Infiltration,task6,n_attack,19007.0
gnn_ewc_replay,none,3,Infiltration,task6,accuracy,0.33995416348357527
gnn_ewc_replay,none,3,Infiltration,task6,macro_f1,0.49997446504264337
gnn_ewc_replay,none,3,Infiltration,task6,fpr,0.0001021346134204882
gnn_ewc_replay,none,3,Infiltration,task6,detection_rate,1.0
gnn_ewc_replay,none,3,Infiltration,task6,binary_f1,0.9999736945942391
gnn_ewc_replay,none,3,Infiltration,task6,category_recall,0.0
gnn_ewc_replay,none,3,Infiltration,seen,n,307417.0
gnn_ewc_replay,none,3,Infiltration,seen,n_benign,268685.0
gnn_ewc_replay,none,3,Infiltration,seen,n_attack,38732.0
gnn_ewc_replay,none,3,Infiltration,seen,accuracy,0.999544592524161
gnn_ewc_replay,none,3,Infiltration,seen,macro_f1,0.908386278452076
gnn_ewc_replay,none,3,Infiltration,seen,fpr,0.0003684612092226957
gnn_ewc_replay,none,3,Infiltration,seen,detection_rate,0.999044717546215
gnn_ewc_replay,none,3,Infiltration,seen,binary_f1,0.998245749812966
gnn_ewc_replay,none,3,Infiltration,all,n,414974.0
gnn_ewc_replay,none,3,Infiltration,all,n_benign,336907.0
gnn_ewc_replay,none,3,Infiltration,all,n_attack,78067.0
gnn_ewc_replay,none,3,Infiltration,all,accuracy,0.9048639191852984
gnn_ewc_replay,none,3,Infiltration,all,macro_f1,0.4818647982066898
gnn_ewc_replay,none,3,Infiltration,all,fpr,0.0003057223506783771
gnn_ewc_replay,none,3,Infiltration,all,detection_rate,0.9959265758899407
gnn_ewc_replay,none,3,Infiltration,all,binary_f1,0.9972998800659316
gnn_ewc_replay,none,4,Botnet,task0,n,138702.0
gnn_ewc_replay,none,4,Botnet,task0,n_benign,137344.0
gnn_ewc_replay,none,4,Botnet,task0,n_attack,1358.0
gnn_ewc_replay,none,4,Botnet,task0,accuracy,0.9997981283615233
gnn_ewc_replay,none,4,Botnet,task0,macro_f1,0.9966547383626779
gnn_ewc_replay,none,4,Botnet,task0,fpr,0.00019658667287977632
gnn_ewc_replay,none,4,Botnet,task0,detection_rate,0.9992636229749632
gnn_ewc_replay,none,4,Botnet,task0,binary_f1,0.9897884755652808
gnn_ewc_replay,none,4,Botnet,task0,category_recall,0.9992636229749632
gnn_ewc_replay,none,4,Botnet,task1,n,96639.0
gnn_ewc_replay,none,4,Botnet,task1,n_benign,76782.0
gnn_ewc_replay,none,4,Botnet,task1,n_attack,19857.0
gnn_ewc_replay,none,4,Botnet,task1,accuracy,0.9988306998209833
gnn_ewc_replay,none,4,Botnet,task1,macro_f1,0.9982876021885457
gnn_ewc_replay,none,4,Botnet,task1,fpr,0.0013284363522700633
gnn_ewc_replay,none,4,Botnet,task1,detection_rate,0.999446039180138
gnn_ewc_replay,none,4,Botnet,task1,binary_f1,0.9971611606582088
gnn_ewc_replay,none,4,Botnet,task1,category_recall,0.999446039180138
gnn_ewc_replay,none,4,Botnet,task2,n,21631.0
gnn_ewc_replay,none,4,Botnet,task2,n_benign,21610.0
gnn_ewc_replay,none,4,Botnet,task2,n_attack,21.0
gnn_ewc_replay,none,4,Botnet,task2,accuracy,0.999399010679118
gnn_ewc_replay,none,4,Botnet,task2,macro_f1,0.7757117208518078
gnn_ewc_replay,none,4,Botnet,task2,fpr,0.0
gnn_ewc_replay,none,4,Botnet,task2,detection_rate,0.38095238095238093
gnn_ewc_replay,none,4,Botnet,task2,binary_f1,0.5517241379310345
gnn_ewc_replay,none,4,Botnet,task2,category_recall,0.38095238095238093
gnn_ewc_replay,none,4,Botnet,task3,n,50445.0
gnn_ewc_replay,none,4,Botnet,task3,n_benign,32949.0
gnn_ewc_replay,none,4,Botnet,task3,n_attack,17496.0
gnn_ewc_replay,none,4,Botnet,task3,accuracy,0.9996431757359501
gnn_ewc_replay,none,4,Botnet,task3,macro_f1,0.9997012697448433
gnn_ewc_replay,none,4,Botnet,task3,fpr,0.00021244954323348204
gnn_ewc_replay,none,4,Botnet,task3,detection_rate,0.9996570644718793
gnn_ewc_replay,none,4,Botnet,task3,binary_f1,0.9996284971279971
gnn_ewc_replay,none,4,Botnet,task3,category_recall,0.9993712848651121
gnn_ewc_replay,none,4,Botnet,task4,n,27642.0
gnn_ewc_replay,none,4,Botnet,task4,n_benign,27385.0
gnn_ewc_replay,none,4,Botnet,task4,n_attack,257.0
gnn_ewc_replay,none,4,Botnet,task4,accuracy,0.9998552926705737
gnn_ewc_replay,none,4,Botnet,task4,macro_f1,0.996041917698178
gnn_ewc_replay,none,4,Botnet,task4,fpr,0.0
gnn_ewc_replay,none,4,Botnet,task4,detection_rate,0.9844357976653697
gnn_ewc_replay,none,4,Botnet,task4,binary_f1,0.9921568627450981
gnn_ewc_replay,none,4,Botnet,task4,category_recall,0.9844357976653697
gnn_ewc_replay,none,4,Botnet,task5,n,51117.0
gnn_ewc_replay,none,4,Botnet,task5,n_benign,31046.0
gnn_ewc_replay,none,4,Botnet,task5,n_attack,20071.0
gnn_ewc_replay,none,4,Botnet,task5,accuracy,0.6065105542187531
gnn_ewc_replay,none,4,Botnet,task5,macro_f1,0.4994442207007652
gnn_ewc_replay,none,4,Botnet,task5,fpr,0.0013850415512465374
gnn_ewc_replay,none,4,Botnet,task5,detection_rate,0.9987045986747048
gnn_ewc_replay,none,4,Botnet,task5,binary_f1,0.9982818297268359
gnn_ewc_replay,none,4,Botnet,task5,category_recall,0.0
gnn_ewc_replay,none,4,Botnet,task6,n,28798.0
gnn_ewc_replay,none,4,Botnet,task6,n_benign,9791.0
gnn_ewc_replay,none,4,Botnet,task6,n_attack,19007.0
gnn_ewc_replay,none,4,Botnet,task6,accuracy,0.3395027432460588
gnn_ewc_replay,none,4,Botnet,task6,macro_f1,0.49964227309893705
gnn_ewc_replay,none,4,Botnet,task6,fpr,0.0014298845878868349
gnn_ewc_replay,none,4,Botnet,task6,detection_rate,1.0
gnn_ewc_replay,none,4,Botnet,task6,binary_f1,0.9996318502156306
gnn_ewc_replay,none,4,Botnet,task6,category_recall,0.0
gnn_ewc_replay,none,4,Botnet,seen,n,335059.0
gnn_ewc_replay,none,4,Botnet,seen,n_benign,296070.0
gnn_ewc_replay,none,4,Botnet,seen,n_attack,38989.0
gnn_ewc_replay,none,4,Botnet,seen,accuracy,0.9994747193777812
gnn_ewc_replay,none,4,Botnet,seen,macro_f1,0.9163543203671782
gnn_ewc_replay,none,4,Botnet,seen,fpr,0.0004593508291957983
gnn_ewc_replay,none,4,Botnet,seen,detection_rate,0.9991023109082049
gnn_ewc_replay,none,4,Botnet,seen,binary_f1,0.9978099104752879
gnn_ewc_replay,none,4,Botnet,all,n,414974.0
gnn_ewc_replay,none,4,Botnet,all,n_benign,336907.0
gnn_ewc_replay,none,4,Botnet,all,n_attack,78067.0
gnn_ewc_replay,none,4,Botnet,all,accuracy,0.9052687638261674
gnn_ewc_replay,none,4,Botnet,all,macro_f1,0.5924495566298151
gnn_ewc_replay,none,4,Botnet,all,fpr,0.0005728583852517164
gnn_ewc_replay,none,4,Botnet,all,detection_rate,0.9992186199034163
gnn_ewc_replay,none,4,Botnet,all,binary_f1,0.998374566444396
gnn_ewc_replay,none,5,PortScan,task0,n,138702.0
gnn_ewc_replay,none,5,PortScan,task0,n_benign,137344.0
gnn_ewc_replay,none,5,PortScan,task0,n_attack,1358.0
gnn_ewc_replay,none,5,PortScan,task0,accuracy,0.9997692895560266
gnn_ewc_replay,none,5,PortScan,task0,macro_f1,0.9966474558371845
gnn_ewc_replay,none,5,PortScan,task0,fpr,0.00022571062441752098
gnn_ewc_replay,none,5,PortScan,task0,detection_rate,0.9992636229749632
gnn_ewc_replay,none,5,PortScan,task0,binary_f1,0.9883466860888566
gnn_ewc_replay,none,5,PortScan,task0,category_recall,0.9992636229749632
gnn_ewc_replay,none,5,PortScan,task1,n,96639.0
gnn_ewc_replay,none,5,PortScan,task1,n_benign,76782.0
gnn_ewc_replay,none,5,PortScan,task1,n_attack,19857.0
gnn_ewc_replay,none,5,PortScan,task1,accuracy,0.9963886215710014
gnn_ewc_replay,none,5,PortScan,task1,macro_f1,0.994515586738418
gnn_ewc_replay,none,5,PortScan,task1,fpr,0.004402073402620406
gnn_ewc_replay,none,5,PortScan,task1,detection_rate,0.999446039180138
gnn_ewc_replay,none,5,PortScan,task1,binary_f1,0.9912839339676831
gnn_ewc_replay,none,5,PortScan,task1,category_recall,0.999446039180138
gnn_ewc_replay,none,5,PortScan,task2,n,21631.0
gnn_ewc_replay,none,5,PortScan,task2,n_benign,21610.0
gnn_ewc_replay,none,5,PortScan,task2,n_attack,21.0
gnn_ewc_replay,none,5,PortScan,task2,accuracy,0.999399010679118
gnn_ewc_replay,none,5,PortScan,task2,macro_f1,0.7757117208518078
gnn_ewc_replay,none,5,PortScan,task2,fpr,0.0
gnn_ewc_replay,none,5,PortScan,task2,detection_rate,0.38095238095238093
gnn_ewc_replay,none,5,PortScan,task2,binary_f1,0.5517241379310345
gnn_ewc_replay,none,5,PortScan,task2,category_recall,0.38095238095238093
gnn_ewc_replay,none,5,PortScan,task3,n,50445.0
gnn_ewc_replay,none,5,PortScan,task3,n_benign,32949.0
gnn_ewc_replay,none,5,PortScan,task3,n_attack,17496.0
gnn_ewc_replay,none,5,PortScan,task3,accuracy,0.9992268807612251
gnn_ewc_replay,none,5,PortScan,task3,macro_f1,0.9991692258556071
gnn_ewc_replay,none,5,PortScan,task3,fpr,0.00015174967373820147
gnn_ewc_replay,none,5,PortScan,task3,detection_rate,0.998228166438043
gnn_ewc_replay,none,5,PortScan,task3,binary_f1,0.9989704284161757
gnn_ewc_replay,none,5,PortScan,task3,category_recall,0.9980566986739826
gnn_ewc_replay,none,5,PortScan,task4,n,27642.0
gnn_ewc_replay,none,5,PortScan,task4,n_benign,27385.0
gnn_ewc_replay,none,5,PortScan,task4,n_attack,257.0
gnn_ewc_replay,none,5,PortScan,task4,accuracy,0.9985891035380942
gnn_ewc_replay,none,5,PortScan,task4,macro_f1,0.9585915874361779
gnn_ewc_replay,none,5,PortScan,task4,fpr,0.0
gnn_ewc_replay,none,5,PortScan,task4,detection_rate,0.8482490272373541
gnn_ewc_replay,none,5,PortScan,task4,binary_f1,0.9178947368421052
gnn_ewc_replay,none,5,PortScan,task4,category_recall,0.8482490272373541
gnn_ewc_replay,none,5,PortScan,task5,n,51117.0
gnn_ewc_replay,none,5,PortScan,task5,n_benign,31046.0
gnn_ewc_replay,none,5,PortScan,task5,n_attack,20071.0
gnn_ewc_replay,none,5,PortScan,task5,accuracy,0.9985132147817751
gnn_ewc_replay,none,5,PortScan,task5,macro_f1,0.9988503317611007
gnn_ewc_replay,none,5,PortScan,task5,fpr,0.0
gnn_ewc_replay,none,5,PortScan,task5,detection_rate,0.9987544218026008
gnn_ewc_replay,none,5,PortScan,task5,binary_f1,0.9993768227933295
gnn_ewc_replay,none,5,PortScan,task5,category_recall,0.9962134422799064
gnn_ewc_replay,none,5,PortScan,task6,n,28798.0
gnn_ewc_replay,none,5,PortScan,task6,n_benign,9791.0
gnn_ewc_replay,none,5,PortScan,task6,n_attack,19007.0
gnn_ewc_replay,none,5,PortScan,task6,accuracy,0.3397458156816446
gnn_ewc_replay,none,5,PortScan,task6,macro_f1,0.49982120051085566
gnn_ewc_replay,none,5,PortScan,task6,fpr,0.0007149422939434174
gnn_ewc_replay,none,5,PortScan,task6,detection_rate,1.0
gnn_ewc_replay,none,5,PortScan,task6,binary_f1,0.9998158912180111
gnn_ewc_replay,none,5,PortScan,task6,category_recall,0.0
gnn_ewc_replay,none,5,PortScan,seen,n,386176.0
gnn_ewc_replay,none,5,PortScan,seen,n_benign,327116.0
gnn_ewc_replay,none,5,PortScan,seen,n_attack,59060.0
gnn_ewc_replay,none,5,PortScan,seen,accuracy,0.9985809579052038
gnn_ewc_replay,none,5,PortScan,seen,macro_f1,0.9204469603417138
gnn_ewc_replay,none,5,PortScan,seen,fpr,0.0011433253035620392
gnn_ewc_replay,none,5,PortScan,seen,detection_rate,0.9979681679647816
gnn_ewc_replay,none,5,PortScan,seen,binary_f1,0.9958267862875294
gnn_ewc_replay,none,5,PortScan,all,n,414974.0
gnn_ewc_replay,none,5,PortScan,all,n_benign,336907.0
gnn_ewc_replay,none,5,PortScan,all,n_attack,78067.0
gnn_ewc_replay,none,5,PortScan,all,accuracy,0.9528596972340436
gnn_ewc_replay,none,5,PortScan,all,macro_f1,0.7655687092486989
gnn_ewc_replay,none,5,PortScan,all,fpr,0.0011308758796938028
gnn_ewc_replay,none,5,PortScan,all,detection_rate,0.9984628588263927
gnn_ewc_replay,none,5,PortScan,all,binary_f1,0.9967965727804597
gnn_ewc_replay,none,6,DDoS,task0,n,138702.0
gnn_ewc_replay,none,6,DDoS,task0,n_benign,137344.0
gnn_ewc_replay,none,6,DDoS,task0,n_attack,1358.0
gnn_ewc_replay,none,6,DDoS,task0,accuracy,0.9998558059725167
gnn_ewc_replay,none,6,DDoS,task0,macro_f1,0.996304229982945
gnn_ewc_replay,none,6,DDoS,task0,fpr,0.00012377679403541473
gnn_ewc_replay,none,6,DDoS,task0,detection_rate,0.9992636229749632
gnn_ewc_replay,none,6,DDoS,task0,binary_f1,0.9934114202049781
gnn_ewc_replay,none,6,DDoS,task0,category_recall,0.9977908689248896
gnn_ewc_replay,none,6,DDoS,task1,n,96639.0
gnn_ewc_replay,none,6,DDoS,task1,n_benign,76782.0
gnn_ewc_replay,none,6,DDoS,task1,n_attack,19857.0
gnn_ewc_replay,none,6,DDoS,task1,accuracy,0.999617131799791
gnn_ewc_replay,none,6,DDoS,task1,macro_f1,0.9994263109362689
gnn_ewc_replay,none,6,DDoS,task1,fpr,0.0
gnn_ewc_replay,none,6,DDoS,task1,detection_rate,0.9983381175404139
gnn_ewc_replay,none,6,DDoS,task1,binary_f1,0.999168367732668
gnn_ewc_replay,none,6,DDoS,task1,category_recall,0.9981366772422823
gnn_ewc_replay,none,6,DDoS,task2,n,21631.0
gnn_ewc_replay,none,6,DDoS,task2,n_benign,21610.0
gnn_ewc_replay,none,6,DDoS,task2,n_attack,21.0
gnn_ewc_replay,none,6,DDoS,task2,accuracy,0.9993527807313578
gnn_ewc_replay,none,6,DDoS,task2,macro_f1,0.7498380903918213
gnn_ewc_replay,none,6,DDoS,task2,fpr,0.0
gnn_ewc_replay,none,6,DDoS,task2,detection_rate,0.3333333333333333
gnn_ewc_replay,none,6,DDoS,task2,binary_f1,0.5
gnn_ewc_replay,none,6,DDoS,task2,category_recall,0.3333333333333333
gnn_ewc_replay,none,6,DDoS,task3,n,50445.0
gnn_ewc_replay,none,6,DDoS,task3,n_benign,32949.0
gnn_ewc_replay,none,6,DDoS,task3,n_attack,17496.0
gnn_ewc_replay,none,6,DDoS,task3,accuracy,0.9993656457528001
gnn_ewc_replay,none,6,DDoS,task3,macro_f1,0.999345177716775
gnn_ewc_replay,none,6,DDoS,task3,fpr,6.069986949528059e-05
gnn_ewc_replay,none,6,DDoS,task3,detection_rate,0.9986282578875172
gnn_ewc_replay,none,6,DDoS,task3,binary_f1,0.9992565055762082
gnn_ewc_replay,none,6,DDoS,task3,category_recall,0.9982853223593965
gnn_ewc_replay,none,6,DDoS,task4,n,27642.0
gnn_ewc_replay,none,6,DDoS,task4,n_benign,27385.0
gnn_ewc_replay,none,6,DDoS,task4,n_attack,257.0
gnn_ewc_replay,none,6,DDoS,task4,accuracy,0.9980826278851024
gnn_ewc_replay,none,6,DDoS,task4,macro_f1,0.9420328952139924
gnn_ewc_replay,none,6,DDoS,task4,fpr,0.0
gnn_ewc_replay,none,6,DDoS,task4,detection_rate,0.7937743190661478
gnn_ewc_replay,none,6,DDoS,task4,binary_f1,0.8850325379609545
gnn_ewc_replay,none,6,DDoS,task4,category_recall,0.7937743190661478
gnn_ewc_replay,none,6,DDoS,task5,n,51117.0
gnn_ewc_replay,none,6,DDoS,task5,n_benign,31046.0
gnn_ewc_replay,none,6,DDoS,task5,n_attack,20071.0
gnn_ewc_replay,none,6,DDoS,task5,accuracy,0.9984740888549798
gnn_ewc_replay,none,6,DDoS,task5,macro_f1,0.998809232695933
gnn_ewc_replay,none,6,DDoS,task5,fpr,0.0
gnn_ewc_replay,none,6,DDoS,task5,detection_rate,0.9986547755468088
gnn_ewc_replay,none,6,DDoS,task5,binary_f1,0.9993269350616977
gnn_ewc_replay,none,6,DDoS,task5,category_recall,0.9961137960241144
gnn_ewc_replay,none,6,DDoS,task6,n,28798.0
gnn_ewc_replay,none,6,DDoS,task6,n_benign,9791.0
gnn_ewc_replay,none,6,DDoS,task6,n_attack,19007.0
gnn_ewc_replay,none,6,DDoS,task6,accuracy,1.0
gnn_ewc_replay,none,6,DDoS,task6,macro_f1,1.0
gnn_ewc_replay,none,6,DDoS,task6,fpr,0.0
gnn_ewc_replay,none,6,DDoS,task6,detection_rate,1.0
gnn_ewc_replay,none,6,DDoS,task6,binary_f1,1.0
gnn_ewc_replay,none,6,DDoS,task6,category_recall,1.0
gnn_ewc_replay,none,6,DDoS,seen,n,414974.0
gnn_ewc_replay,none,6,DDoS,seen,n_benign,336907.0
gnn_ewc_replay,none,6,DDoS,seen,n_attack,78067.0
gnn_ewc_replay,none,6,DDoS,seen,accuracy,0.9994361092502181
gnn_ewc_replay,none,6,DDoS,seen,macro_f1,0.9215054844487043
gnn_ewc_replay,none,6,DDoS,seen,fpr,5.639538507659384e-05
gnn_ewc_replay,none,6,DDoS,seen,detection_rate,0.9980529545134308
gnn_ewc_replay,none,6,DDoS,seen,binary_f1,0.9989038531804283
gnn_ewc_replay,none,6,DDoS,all,n,414974.0
gnn_ewc_replay,none,6,DDoS,all,n_benign,336907.0
gnn_ewc_replay,none,6,DDoS,all,n_attack,78067.0
gnn_ewc_replay,none,6,DDoS,all,accuracy,0.9994361092502181
gnn_ewc_replay,none,6,DDoS,all,macro_f1,0.9215054844487043
gnn_ewc_replay,none,6,DDoS,all,fpr,5.639538507659384e-05
gnn_ewc_replay,none,6,DDoS,all,detection_rate,0.9980529545134308
gnn_ewc_replay,none,6,DDoS,all,binary_f1,0.9989038531804283
ffnn_ewc_replay,none,0,BruteForce,task0,n,138702.0
ffnn_ewc_replay,none,0,BruteForce,task0,n_benign,137344.0
ffnn_ewc_replay,none,0,BruteForce,task0,n_attack,1358.0
ffnn_ewc_replay,none,0,BruteForce,task0,accuracy,0.9999711611945034
ffnn_ewc_replay,none,0,BruteForce,task0,macro_f1,0.9992563419870788
ffnn_ewc_replay,none,0,BruteForce,task0,fpr,1.456197576887232e-05
ffnn_ewc_replay,none,0,BruteForce,task0,detection_rate,0.9985272459499264
ffnn_ewc_replay,none,0,BruteForce,task0,binary_f1,0.9985272459499264
ffnn_ewc_replay,none,0,BruteForce,task0,category_recall,0.9985272459499264
ffnn_ewc_replay,none,0,BruteForce,task1,n,96639.0
ffnn_ewc_replay,none,0,BruteForce,task1,n_benign,76782.0
ffnn_ewc_replay,none,0,BruteForce,task1,n_attack,19857.0
ffnn_ewc_replay,none,0,BruteForce,task1,accuracy,0.7945032543797018
ffnn_ewc_replay,none,0,BruteForce,task1,macro_f1,0.44274272138577664
ffnn_ewc_replay,none,0,BruteForce,task1,fpr,2.6047771613138496e-05
ffnn_ewc_replay,none,0,BruteForce,task1,detection_rate,0.0
ffnn_ewc_replay,none,0,BruteForce,task1,binary_f1,0.0
ffnn_ewc_replay,none,0,BruteForce,task1,category_recall,0.0
ffnn_ewc_replay,none,0,BruteForce,task2,n,21631.0
ffnn_ewc_replay,none,0,BruteForce,task2,n_benign,21610.0
ffnn_ewc_replay,none,0,BruteForce,task2,n_attack,21.0
ffnn_ewc_replay,none,0,BruteForce,task2,accuracy,0.9990291710970367
ffnn_ewc_replay,none,0,BruteForce,task2,macro_f1,0.4997571749034481
ffnn_ewc_replay,none,0,BruteForce,task2,fpr,0.0
ffnn_ewc_replay,none,0,BruteForce,task2,detection_rate,0.0
ffnn_ewc_replay,none,0,BruteForce,task2,binary_f1,0.0
ffnn_ewc_replay,none,0,BruteForce,task2,category_recall,0.0
ffnn_ewc_replay,none,0,BruteForce,task3,n,50445.0
ffnn_ewc_replay,none,0,BruteForce,task3,n_benign,32949.0
ffnn_ewc_replay,none,0,BruteForce,task3,n_attack,17496.0
ffnn_ewc_replay,none,0,BruteForce,task3,accuracy,0.6531271682029933
ffnn_ewc_replay,none,0,BruteForce,task3,macro_f1,0.39511902620375366
ffnn_ewc_replay,none,0,BruteForce,task3,fpr,6.069986949528059e-05
ffnn_ewc_replay,none,0,BruteForce,task3,detection_rate,0.0004000914494741655
ffnn_ewc_replay,none,0,BruteForce,task3,binary_f1,0.0007997714938588975
ffnn_ewc_replay,none,0,BruteForce,task3,category_recall,0.0
ffnn_ewc_replay,none,0,BruteForce,task4,n,27642.0
ffnn_ewc_replay,none,0,BruteForce,task4,n_benign,27385.0
ffnn_ewc_replay,none,0,BruteForce,task4,n_attack,257.0
ffnn_ewc_replay,none,0,BruteForce,task4,accuracy,0.9907025540843644
ffnn_ewc_replay,none,0,BruteForce,task4,macro_f1,0.49766478274301706
ffnn_ewc_replay,none,0,BruteForce,task4,fpr,0.0
ffnn_ewc_replay,none,0,BruteForce,task4,detection_rate,0.0
ffnn_ewc_replay,none,0,BruteForce,task4,binary_f1,0.0
ffnn_ewc_replay,none,0,BruteForce,task4,category_recall,0.0
ffnn_ewc_replay,none,0,BruteForce,task5,n,51117.0
ffnn_ewc_replay,none,0,BruteForce,task5,n_benign,31046.0
ffnn_ewc_replay,none,0,BruteForce,task5,n_attack,20071.0
ffnn_ewc_replay,none,0,BruteForce,task5,accuracy,0.6073517616448539
ffnn_ewc_replay,none,0,BruteForce,task5,macro_f1,0.37785864683616716
ffnn_ewc_replay,none,0,BruteForce,task5,fpr,0.0
ffnn_ewc_replay,none,0,BruteForce,task5,detection_rate,0.0
ffnn_ewc_replay,none,0,BruteForce,task5,binary_f1,0.0
ffnn_ewc_replay,none,0,BruteForce,task5,category_recall,0.0
ffnn_ewc_replay,none,0,BruteForce,task6,n,28798.0
ffnn_ewc_replay,none,0,BruteForce,task6,n_benign,9791.0
ffnn_ewc_replay,none,0,BruteForce,task6,n_attack,19007.0
ffnn_ewc_replay,none,0,BruteForce,task6,accuracy,0.33991943884992015
ffnn_ewc_replay,none,0,BruteForce,task6,macro_f1,0.2536864747194651
ffnn_ewc_replay,none,0,BruteForce,task6,fpr,0.0002042692268409764
ffnn_ewc_replay,none,0,BruteForce,task6,detection_rate,0.0
ffnn_ewc_replay,none,0,BruteForce,task6,binary_f1,0.0
ffnn_ewc_replay,none,0,BruteForce,task6,category_recall,0.0
ffnn_ewc_replay,none,0,BruteForce,seen,n,138702.0
ffnn_ewc_replay,none,0,BruteForce,seen,n_benign,137344.0
ffnn_ewc_replay,none,0,BruteForce,seen,n_attack,1358.0
ffnn_ewc_replay,none,0,BruteForce,seen,accuracy,0.9999711611945034
ffnn_ewc_replay,none,0,BruteForce,seen,macro_f1,0.9992563419870788
ffnn_ewc_replay,none,0,BruteForce,seen,fpr,1.456197576887232e-05
ffnn_ewc_replay,none,0,BruteForce,seen,detection_rate,0.9985272459499264
ffnn_ewc_replay,none,0,BruteForce,seen,binary_f1,0.9985272459499264
ffnn_ewc_replay,none,0,BruteForce,all,n,414974.0
ffnn_ewc_replay,none,0,BruteForce,all,n_benign,336907.0
ffnn_ewc_replay,none,0,BruteForce,all,n_attack,78067.0
ffnn_ewc_replay,none,0,BruteForce,all,accuracy,0.8151233571259886
ffnn_ewc_replay,none,0,BruteForce,all,macro_f1,0.23644468127863355
ffnn_ewc_replay,none,0,BruteForce,all,fpr,2.374542529540793e-05
ffnn_ewc_replay,none,0,BruteForce,all,detection_rate,0.017459361830222758
ffnn_ewc_replay,none,0,BruteForce,all,binary_f1,0.03431607039452152
ffnn_ewc_replay,none,1,DoS,task0,n,138702.0
ffnn_ewc_replay,none,1,DoS,task0,n_benign,137344.0
ffnn_ewc_replay,none,1,DoS,task0,n_attack,1358.0
ffnn_ewc_replay,none,1,DoS,task0,accuracy,0.999956741791755
ffnn_ewc_replay,none,1,DoS,task0,macro_f1,0.9994365922508083
ffnn_ewc_replay,none,1,DoS,task0,fpr,2.912395153774464e-05
ffnn_ewc_replay,none,1,DoS,task0,detection_rate,0.9985272459499264
ffnn_ewc_replay,none,1,DoS,task0,binary_f1,0.9977924944812362
ffnn_ewc_replay,none,1,DoS,task0,category_recall,0.9985272459499264
ffnn_ewc_replay,none,1,DoS,task1,n,96639.0
ffnn_ewc_replay,none,1,DoS,task1,n_benign,76782.0
ffnn_ewc_replay,none,1,DoS,task1,n_attack,19857.0
ffnn_ewc_replay,none,1,DoS,task1,accuracy,0.9294280776912013
ffnn_ewc_replay,none,1,DoS,task1,macro_f1,0.8750782429432706
ffnn_ewc_replay,none,1,DoS,task1,fpr,1.3023885806569248e-05
ffnn_ewc_replay,none,1,DoS,task1,detection_rate,0.6565946517600846
ffnn_ewc_replay,none,1,DoS,task1,binary_f1,0.7926799610894941
ffnn_ewc_replay,none,1,DoS,task1,category_recall,0.6565946517600846
ffnn_ewc_replay,none,1,DoS,task2,n,21631.0
ffnn_ewc_replay,none,1,DoS,task2,n_benign,21610.0
ffnn_ewc_replay,none,1,DoS,task2,n_attack,21.0
ffnn_ewc_replay,none,1,DoS,task2,accuracy,0.9989829411492765
ffnn_ewc_replay,none,1,DoS,task2,macro_f1,0.49974560592044404
ffnn_ewc_replay,none,1,DoS,task2,fpr,4.6274872744099955e-05
ffnn_ewc_replay,none,1,DoS,task2,detection_rate,0.0
ffnn_ewc_replay,none,1,DoS,task2,binary_f1,0.0
ffnn_ewc_replay,none,1,DoS,task2,category_recall,0.0
ffnn_ewc_replay,none,1,DoS,task3,n,50445.0
ffnn_ewc_replay,none,1,DoS,task3,n_benign,32949.0
ffnn_ewc_replay,none,1,DoS,task3,n_attack,17496.0
ffnn_ewc_replay,none,1,DoS,task3,accuracy,0.6530082267816434
ffnn_ewc_replay,none,1,DoS,task3,macro_f1,0.3950944527736132
ffnn_ewc_replay,none,1,DoS,task3,fpr,0.00024279947798112235
ffnn_ewc_replay,none,1,DoS,task3,detection_rate,0.0006287151348879744
ffnn_ewc_replay,none,1,DoS,task3,binary_f1,0.0012560662289466172
ffnn_ewc_replay,none,1,DoS,task3,category_recall,0.0
ffnn_ewc_replay,none,1,DoS,task4,n,27642.0
ffnn_ewc_replay,none,1,DoS,task4,n_benign,27385.0
ffnn_ewc_replay,none,1,DoS,task4,n_attack,257.0
ffnn_ewc_replay,none,1,DoS,task4,accuracy,0.9906663772520078
ffnn_ewc_replay,none,1,DoS,task4,macro_f1,0.49765565369098247
ffnn_ewc_replay,none,1,DoS,task4,fpr,3.6516341062625523e-05
ffnn_ewc_replay,none,1,DoS,task4,detection_rate,0.0
ffnn_ewc_replay,none,1,DoS,task4,binary_f1,0.0
ffnn_ewc_replay,none,1,DoS,task4,category_recall,0.0
ffnn_ewc_replay,none,1,DoS,task5,n,51117.0
ffnn_ewc_replay,none,1,DoS,task5,n_benign,31046.0
ffnn_ewc_replay,none,1,DoS,task5,n_attack,20071.0
ffnn_ewc_replay,none,1,DoS,task5,accuracy,0.6073517616448539
ffnn_ewc_replay,none,1,DoS,task5,macro_f1,0.3782177011634282
ffnn_ewc_replay,none,1,DoS,task5,fpr,0.0
ffnn_ewc_replay,none,1,DoS,task5,detection_rate,0.0038862039758856062
ffnn_ewc_replay,none,1,DoS,task5,binary_f1,0.007742319718100154
ffnn_ewc_replay,none,1,DoS,task5,category_recall,0.0
ffnn_ewc_replay,none,1,DoS,task6,n,28798.0
ffnn_ewc_replay,none,1,DoS,task6,n_benign,9791.0
ffnn_ewc_replay,none,1,DoS,task6,n_attack,19007.0
ffnn_ewc_replay,none,1,DoS,task6,accuracy,0.33991943884992015
ffnn_ewc_replay,none,1,DoS,task6,macro_f1,0.3466359773371105
ffnn_ewc_replay,none,1,DoS,task6,fpr,0.0002042692268409764
ffnn_ewc_replay,none,1,DoS,task6,detection_rate,0.5443783869100858
ffnn_ewc_replay,none,1,DoS,task6,binary_f1,0.7049325521188172
ffnn_ewc_replay,none,1,DoS,task6,category_recall,0.0
ffnn_ewc_replay,none,1,DoS,seen,n,235341.0
ffnn_ewc_replay,none,1,DoS,seen,n_benign,214126.0
ffnn_ewc_replay,none,1,DoS,seen,n_attack,21215.0
ffnn_ewc_replay,none,1,DoS,seen,accuracy,0.9709952791906212
ffnn_ewc_replay,none,1,DoS,seen,macro_f1,0.925271068085987
ffnn_ewc_replay,none,1,DoS,seen,fpr,2.3350737416287608e-05
ffnn_ewc_replay,none,1,DoS,seen,detection_rate,0.6784822059863305
ffnn_ewc_replay,none,1,DoS,seen,binary_f1,0.8083338013140899
ffnn_ewc_replay,none,1,DoS,all,n,414974.0
ffnn_ewc_replay,none,1,DoS,all,n_benign,336907.0
ffnn_ewc_replay,none,1,DoS,all,n_attack,78067.0
ffnn_ewc_replay,none,1,DoS,all,accuracy,0.8465205048991021
ffnn_ewc_replay,none,1,DoS,all,macro_f1,0.31568050615336796
ffnn_ewc_replay,none,1,DoS,all,fpr,5.045902875274185e-05
ffnn_ewc_replay,none,1,DoS,all,detection_rate,0.3180601278389076
ffnn_ewc_replay,none,1,DoS,all,binary_f1,0.4825388188195969
ffnn_ewc_replay,none,2,WebAttack,task0,n,138702.0
ffnn_ewc_replay,none,2,WebAttack,task0,n_benign,137344.0
ffnn_ewc_replay,none,2,WebAttack,task0,n_attack,1358.0
ffnn_ewc_replay,none,2,WebAttack,task0,accuracy,0.9999279029862583
ffnn_ewc_replay,none,2,WebAttack,task0,macro_f1,0.9996133372948066
ffnn_ewc_replay,none,2,WebAttack,task0,fpr,5.824790307548928e-05
ffnn_ewc_replay,none,2,WebAttack,task0,detection_rate,0.9985272459499264
ffnn_ewc_replay,none,2,WebAttack,task0,binary_f1,0.9963262307127112
ffnn_ewc_replay,none,2,WebAttack,task0,category_recall,0.9985272459499264
ffnn_ewc_replay,none,2,WebAttack,task1,n,96639.0
ffnn_ewc_replay,none,2,WebAttack,task1,n_benign,76782.0
ffnn_ewc_replay,none,2,WebAttack,task1,n_attack,19857.0
ffnn_ewc_replay,none,2,WebAttack,task1,accuracy,0.9272964331170646
ffnn_ewc_replay,none,2,WebAttack,task1,macro_f1,0.8706537847908304
ffnn_ewc_replay,none,2,WebAttack,task1,fpr,0.0
ffnn_ewc_replay,none,2,WebAttack,task1,detection_rate,0.6461701163317721
ffnn_ewc_replay,none,2,WebAttack,task1,binary_f1,0.7850587371512482
ffnn_ewc_replay,none,2,WebAttack,task1,category_recall,0.6461701163317721
ffnn_ewc_replay,none,2,WebAttack,task2,n,21631.0
ffnn_ewc_replay,none,2,WebAttack,task2,n_benign,21610.0
ffnn_ewc_replay,none,2,WebAttack,task2,n_attack,21.0
ffnn_ewc_replay,none,2,WebAttack,task2,accuracy,0.9993527807313578
ffnn_ewc_replay,none,2,WebAttack,task2,macro_f1,0.7757001518670716
ffnn_ewc_replay,none,2,WebAttack,task2,fpr,4.6274872744099955e-05
ffnn_ewc_replay,none,2,WebAttack,task2,detection_rate,0.38095238095238093
ffnn_ewc_replay,none,2,WebAttack,task2,binary_f1,0.5333333333333333
ffnn_ewc_replay,none,2,WebAttack,task2,category_recall,0.38095238095238093
ffnn_ewc_replay,none,2,WebAttack,task3,n,50445.0
ffnn_ewc_replay,none,2,WebAttack,task3,n_benign,32949.0
ffnn_ewc_replay,none,2,WebAttack,task3,n_attack,17496.0
ffnn_ewc_replay,none,2,WebAttack,task3,accuracy,0.6531469917732183
ffnn_ewc_replay,none,2,WebAttack,task3,macro_f1,0.39513575745946466
ffnn_ewc_replay,none,2,WebAttack,task3,fpr,3.0349934747640294e-05
ffnn_ewc_replay,none,2,WebAttack,task3,detection_rate,0.00051440329218107
ffnn_ewc_replay,none,2,WebAttack,task3,binary_f1,0.0010282188963783845
ffnn_ewc_replay,none,2,WebAttack,task3,category_recall,0.0
ffnn_ewc_replay,none,2,WebAttack,task4,n,27642.0
ffnn_ewc_replay,none,2,WebAttack,task4,n_benign,27385.0
ffnn_ewc_replay,none,2,WebAttack,task4,n_attack,257.0
ffnn_ewc_replay,none,2,WebAttack,task4,accuracy,0.9902322552637292
ffnn_ewc_replay,none,2,WebAttack,task4,macro_f1,0.4975460791798451
ffnn_ewc_replay,none,2,WebAttack,task4,fpr,0.0004747124338141318
ffnn_ewc_replay,none,2,WebAttack,task4,detection_rate,0.0
ffnn_ewc_replay,none,2,WebAttack,task4,binary_f1,0.0
ffnn_ewc_replay,none,2,WebAttack,task4,category_recall,0.0
ffnn_ewc_replay,none,2,WebAttack,task5,n,51117.0
ffnn_ewc_replay,none,2,WebAttack,task5,n_benign,31046.0
ffnn_ewc_replay,none,2,WebAttack,task5,n_attack,20071.0
ffnn_ewc_replay,none,2,WebAttack,task5,accuracy,0.6071952579376724
ffnn_ewc_replay,none,2,WebAttack,task5,macro_f1,0.3780879988305803
ffnn_ewc_replay,none,2,WebAttack,task5,fpr,0.0002576821490691232
ffnn_ewc_replay,none,2,WebAttack,task5,detection_rate,0.0031388570574460667
ffnn_ewc_replay,none,2,WebAttack,task5,binary_f1,0.006255585344057194
ffnn_ewc_replay,none,2,WebAttack,task5,category_recall,0.0
ffnn_ewc_replay,none,2,WebAttack,task6,n,28798.0
ffnn_ewc_replay,none,2,WebAttack,task6,n_benign,9791.0
ffnn_ewc_replay,none,2,WebAttack,task6,n_attack,19007.0
ffnn_ewc_replay,none,2,WebAttack,task6,accuracy,0.33964164178067924
ffnn_ewc_replay,none,2,WebAttack,task6,macro_f1,0.32164819625768687
ffnn_ewc_replay,none,2,WebAttack,task6,fpr,0.001021346134204882
ffnn_ewc_replay,none,2,WebAttack,task6,detection_rate,0.4298416372915242
ffnn_ewc_replay,none,2,WebAttack,task6,binary_f1,0.6010225475411042
ffnn_ewc_replay,none,2,WebAttack,task6,category_recall,0.0
ffnn_ewc_replay,none,2,WebAttack,seen,n,256972.0
ffnn_ewc_replay,none,2,WebAttack,seen,n_benign,235736.0
ffnn_ewc_replay,none,2,WebAttack,seen,n_attack,21236.0
ffnn_ewc_replay,none,2,WebAttack,seen,accuracy,0.9725651043693476
ffnn_ewc_replay,none,2,WebAttack,seen,macro_f1,0.8004992036900824
ffnn_ewc_replay,none,2,WebAttack,seen,fpr,3.817830115043947e-05
ffnn_ewc_replay,none,2,WebAttack,seen,detection_rate,0.668440384253155
ffnn_ewc_replay,none,2,WebAttack,seen,binary_f1,0.8010722347629797
ffnn_ewc_replay,none,2,WebAttack,all,n,414974.0
ffnn_ewc_replay,none,2,WebAttack,all,n_benign,336907.0
ffnn_ewc_replay,none,2,WebAttack,all,n_attack,78067.0
ffnn_ewc_replay,none,2,WebAttack,all,accuracy,0.845983121834139
ffnn_ewc_replay,none,2,WebAttack,all,macro_f1,0.34686582454912807
ffnn_ewc_replay,none,2,WebAttack,all,fpr,0.00012169530463896564
ffnn_ewc_replay,none,2,WebAttack,all,detection_rate,0.28740697093522233
ffnn_ewc_replay,none,2,WebAttack,all,binary_f1,0.4463076234521856
ffnn_ewc_replay,none,3,Infiltration,task0,n,138702.0
ffnn_ewc_replay,none,3,Infiltration,task0,n_benign,137344.0
ffnn_ewc_replay,none,3,Infiltration,task0,n_attack,1358.0
ffnn_ewc_replay,none,3,Infiltration,task0,accuracy,0.9994664820983115
ffnn_ewc_replay,none,3,Infiltration,task0,macro_f1,0.9994968075517326
ffnn_ewc_replay,none,3,Infiltration,task0,fpr,0.0005242311276794035
ffnn_ewc_replay,none,3,Infiltration,task0,detection_rate,0.9985272459499264
ffnn_ewc_replay,none,3,Infiltration,task0,binary_f1,0.9734386216798278
ffnn_ewc_replay,none,3,Infiltration,task0,category_recall,0.9985272459499264
ffnn_ewc_replay,none,3,Infiltration,task1,n,96639.0
ffnn_ewc_replay,none,3,Infiltration,task1,n_benign,76782.0
ffnn_ewc_replay,none,3,Infiltration,task1,n_attack,19857.0
ffnn_ewc_replay,none,3,Infiltration,task1,accuracy,0.9289417315990439
ffnn_ewc_replay,none,3,Infiltration,task1,macro_f1,0.8743824336016348
ffnn_ewc_replay,none,3,Infiltration,task1,fpr,0.00023442994451824647
ffnn_ewc_replay,none,3,Infiltration,task1,detection_rate,0.6550838495240973
ffnn_ewc_replay,none,3,Infiltration,task1,binary_f1,0.791168688988231
ffnn_ewc_replay,none,3,Infiltration,task1,category_recall,0.6550838495240973
ffnn_ewc_replay,none,3,Infiltration,task2,n,21631.0
ffnn_ewc_replay,none,3,Infiltration,task2,n_benign,21610.0
ffnn_ewc_replay,none,3,Infiltration,task2,n_attack,21.0
ffnn_ewc_replay,none,3,Infiltration,task2,accuracy,0.9993527807313578
ffnn_ewc_replay,none,3,Infiltration,task2,macro_f1,0.7757001518670716
ffnn_ewc_replay,none,3,Infiltration,task2,fpr,4.6274872744099955e-05
ffnn_ewc_replay,none,3,Infiltration,task2,detection_rate,0.38095238095238093
ffnn_ewc_replay,none,3,Infiltration,task2,binary_f1,0.5333333333333333
ffnn_ewc_replay,none,3,Infiltration,task2,category_recall,0.38095238095238093
ffnn_ewc_replay,none,3,Infiltration,task3,n,50445.0
ffnn_ewc_replay,none,3,Infiltration,task3,n_benign,32949.0
ffnn_ewc_replay,none,3,Infiltration,task3,n_attack,17496.0
ffnn_ewc_replay,none,3,Infiltration,task3,accuracy,0.9987907622162752
ffnn_ewc_replay,none,3,Infiltration,task3,macro_f1,0.9986934669767006
ffnn_ewc_replay,none,3,Infiltration,task3,fpr,0.0003945491517193238
ffnn_ewc_replay,none,3,Infiltration,task3,detection_rate,0.9972565157750343
ffnn_ewc_replay,none,3,Infiltration,task3,binary_f1,0.9982549989987699
ffnn_ewc_replay,none,3,Infiltration,task3,category_recall,0.9972565157750343
ffnn_ewc_replay,none,3,Infiltration,task4,n,27642.0
ffnn_ewc_replay,none,3,Infiltration,task4,n_benign,27385.0
ffnn_ewc_replay,none,3,Infiltration,task4,n_attack,257.0
ffnn_ewc_replay,none,3,Infiltration,task4,accuracy,0.9706605889588308
ffnn_ewc_replay,none,3,Infiltration,task4,macro_f1,0.49255594514713713
ffnn_ewc_replay,none,3,Infiltration,task4,fpr,0.02023005294869454
ffnn_ewc_replay,none,3,Infiltration,task4,detection_rate,0.0
ffnn_ewc_replay,none,3,Infiltration,task4,binary_f1,0.0
ffnn_ewc_replay,none,3,Infiltration,task4,category_recall,0.0
ffnn_ewc_replay,none,3,Infiltration,task5,n,51117.0
ffnn_ewc_replay,none,3,Infiltration,task5,n_benign,31046.0
ffnn_ewc_replay,none,3,Infiltration,task5,n_attack,20071.0
ffnn_ewc_replay,none,3,Infiltration,task5,accuracy,0.5958096132402136
ffnn_ewc_replay,none,3,Infiltration,task5,macro_f1,0.4935102814641972
ffnn_ewc_replay,none,3,Infiltration,task5,fpr,0.01900405849384784
ffnn_ewc_replay,none,3,Infiltration,task5,detection_rate,0.9894873200139505
ffnn_ewc_replay,none,3,Infiltration,task5,binary_f1,0.9802324720515289
ffnn_ewc_replay,none,3,Infiltration,task5,category_recall,0.0
ffnn_ewc_replay,none,3,Infiltration,task6,n,28798.0
ffnn_ewc_replay,none,3,Infiltration,task6,n_benign,9791.0
ffnn_ewc_replay,none,3,Infiltration,task6,n_attack,19007.0
ffnn_ewc_replay,none,3,Infiltration,task6,accuracy,0.3384262796027502
ffnn_ewc_replay,none,3,Infiltration,task6,macro_f1,0.33408748114630465
ffnn_ewc_replay,none,3,Infiltration,task6,fpr,0.0045960576039219695
ffnn_ewc_replay,none,3,Infiltration,task6,detection_rate,0.4930814962908402
ffnn_ewc_replay,none,3,Infiltration,task6,binary_f1,0.6594427244582043
ffnn_ewc_replay,none,3,Infiltration,task6,category_recall,0.0
ffnn_ewc_replay,none,3,Infiltration,seen,n,307417.0
ffnn_ewc_replay,none,3,Infiltration,seen,n_benign,268685.0
ffnn_ewc_replay,none,3,Infiltration,seen,n_attack,38732.0
ffnn_ewc_replay,none,3,Infiltration,seen,accuracy,0.9771775796393823
ffnn_ewc_replay,none,3,Infiltration,seen,macro_f1,0.8488765965494792
ffnn_ewc_replay,none,3,Infiltration,seen,fpr,0.00038707036120363996
ffnn_ewc_replay,none,3,Infiltration,seen,detection_rate,0.8215429102550862
ffnn_ewc_replay,none,3,Infiltration,seen,binary_f1,0.9007019927536232
ffnn_ewc_replay,none,3,Infiltration,all,n,414974.0
ffnn_ewc_replay,none,3,Infiltration,all,n_benign,336907.0
ffnn_ewc_replay,none,3,Infiltration,all,n_attack,78067.0
ffnn_ewc_replay,none,3,Infiltration,all,accuracy,0.8854386057921702
ffnn_ewc_replay,none,3,Infiltration,all,macro_f1,0.4406726325309076
ffnn_ewc_replay,none,3,Infiltration,all,fpr,0.003837854363370307
ffnn_ewc_replay,none,3,Infiltration,all,detection_rate,0.7820461910922669
ffnn_ewc_replay,none,3,Infiltration,all,binary_f1,0.8696122838503831
ffnn_ewc_replay,none,4,Botnet,task0,n,138702.0
ffnn_ewc_replay,none,4,Botnet,task0,n_benign,137344.0
ffnn_ewc_replay,none,4,Botnet,task0,n_attack,1358.0
ffnn_ewc_replay,none,4,Botnet,task0,accuracy,0.9998846447780133
ffnn_ewc_replay,none,4,Botnet,task0,macro_f1,0.9990493860738047
ffnn_ewc_replay,none,4,Botnet,task0,fpr,8.737185461323393e-05
ffnn_ewc_replay,none,4,Botnet,task0,detection_rate,0.9970544918998527
ffnn_ewc_replay,none,4,Botnet,task0,binary_f1,0.9941262848751835
ffnn_ewc_replay,none,4,Botnet,task0,category_recall,0.9970544918998527
ffnn_ewc_replay,none,4,Botnet,task1,n,96639.0
ffnn_ewc_replay,none,4,Botnet,task1,n_benign,76782.0
ffnn_ewc_replay,none,4,Botnet,task1,n_attack,19857.0
ffnn_ewc_replay,none,4,Botnet,task1,accuracy,0.931052680594791
ffnn_ewc_replay,none,4,Botnet,task1,macro_f1,0.8785280122192447
ffnn_ewc_replay,none,4,Botnet,task1,fpr,0.00010419108645255398
ffnn_ewc_replay,none,4,Botnet,task1,detection_rate,0.6648537039834819
ffnn_ewc_replay,none,4,Botnet,task1,binary_f1,0.7985000151208154
ffnn_ewc_replay,none,4,Botnet,task1,category_recall,0.6648537039834819
ffnn_ewc_replay,none,4,Botnet,task2,n,21631.0
ffnn_ewc_replay,none,4,Botnet,task2,n_benign,21610.0
ffnn_ewc_replay,none,4,Botnet,task2,n_attack,21.0
ffnn_ewc_replay,none,4,Botnet,task2,accuracy,0.9993065507835976
ffnn_ewc_replay,none,4,Botnet,task2,macro_f1,0.7756885823471185
ffnn_ewc_replay,none,4,Botnet,task2,fpr,9.254974548819991e-05
ffnn_ewc_replay,none,4,Botnet,task2,detection_rate,0.38095238095238093
ffnn_ewc_replay,none,4,Botnet,task2,binary_f1,0.5161290322580645
ffnn_ewc_replay,none,4,Botnet,task2,category_recall,0.38095238095238093
ffnn_ewc_replay,none,4,Botnet,task3,n,50445.0
ffnn_ewc_replay,none,4,Botnet,task3,n_benign,32949.0
ffnn_ewc_replay,none,4,Botnet,task3,n_attack,17496.0
ffnn_ewc_replay,none,4,Botnet,task3,accuracy,0.9985132322331252
ffnn_ewc_replay,none,4,Botnet,task3,macro_f1,0.998372116782139
ffnn_ewc_replay,none,4,Botnet,task3,fpr,0.00015174967373820147
ffnn_ewc_replay,none,4,Botnet,task3,detection_rate,0.9959990855052584
ffnn_ewc_replay,none,4,Botnet,task3,binary_f1,0.9978526641280385
ffnn_ewc_replay,none,4,Botnet,task3,category_recall,0.9959990855052584
ffnn_ewc_replay,none,4,Botnet,task4,n,27642.0
ffnn_ewc_replay,none,4,Botnet,task4,n_benign,27385.0
ffnn_ewc_replay,none,4,Botnet,task4,n_attack,257.0
ffnn_ewc_replay,none,4,Botnet,task4,accuracy,0.9998191158382173
ffnn_ewc_replay,none,4,Botnet,task4,macro_f1,0.9999543504062813
ffnn_ewc_replay,none,4,Botnet,task4,fpr,0.00018258170531312764
ffnn_ewc_replay,none,4,Botnet,task4,detection_rate,1.0
ffnn_ewc_replay,none,4,Botnet,task4,binary_f1,0.9903660886319846
ffnn_ewc_replay,none,4,Botnet,task4,category_recall,1.0
ffnn_ewc_replay,none,4,Botnet,task5,n,51117.0
ffnn_ewc_replay,none,4,Botnet,task5,n_benign,31046.0
ffnn_ewc_replay,none,4,Botnet,task5,n_attack,20071.0
ffnn_ewc_replay,none,4,Botnet,task5,accuracy,0.6072539468278655
ffnn_ewc_replay,none,4,Botnet,task5,macro_f1,0.4975954602289122
ffnn_ewc_replay,none,4,Botnet,task5,fpr,0.00016105134316820203
ffnn_ewc_replay,none,4,Botnet,task5,detection_rate,0.985302177270689
ffnn_ewc_replay,none,4,Botnet,task5,binary_f1,0.9924721469436917
ffnn_ewc_replay,none,4,Botnet,task5,category_recall,0.0
ffnn_ewc_replay,none,4,Botnet,task6,n,28798.0
ffnn_ewc_replay,none,4,Botnet,task6,n_benign,9791.0
ffnn_ewc_replay,none,4,Botnet,task6,n_attack,19007.0
ffnn_ewc_replay,none,4,Botnet,task6,accuracy,0.3396069171470241
ffnn_ewc_replay,none,4,Botnet,task6,macro_f1,0.3943071402652905
ffnn_ewc_replay,none,4,Botnet,task6,fpr,0.0011234807476253703
ffnn_ewc_replay,none,4,Botnet,task6,detection_rate,0.7247329931078024
ffnn_ewc_replay,none,4,Botnet,task6,binary_f1,0.8401183179337054
ffnn_ewc_replay,none,4,Botnet,task6,category_recall,0.0
ffnn_ewc_replay,none,4,Botnet,seen,n,335059.0
ffnn_ewc_replay,none,4,Botnet,seen,n_benign,296070.0
ffnn_ewc_replay,none,4,Botnet,seen,n_attack,38989.0
ffnn_ewc_replay,none,4,Botnet,seen,accuracy,0.979782665142557
ffnn_ewc_replay,none,4,Botnet,seen,macro_f1,0.8648975086914331
ffnn_ewc_replay,none,4,Botnet,seen,fpr,0.00010808254804607018
ffnn_ewc_replay,none,4,Botnet,seen,detection_rate,0.827079432660494
ffnn_ewc_replay,none,4,Botnet,seen,binary_f1,0.9049503283381041
ffnn_ewc_replay,none,4,Botnet,all,n,414974.0
ffnn_ewc_replay,none,4,Botnet,all,n_benign,336907.0
ffnn_ewc_replay,none,4,Botnet,all,n_attack,78067.0
ffnn_ewc_replay,none,4,Botnet,all,accuracy,0.8894677738846289
ffnn_ewc_replay,none,4,Botnet,all,macro_f1,0.5663106152044737
ffnn_ewc_replay,none,4,Botnet,all,fpr,0.0001424725517724476
ffnn_ewc_replay,none,4,Botnet,all,detection_rate,0.842840124508435
ffnn_ewc_replay,none,4,Botnet,all,binary_f1,0.9144135693092355
ffnn_ewc_replay,none,5,PortScan,task0,n,138702.0
ffnn_ewc_replay,none,5,PortScan,task0,n_benign,137344.0
ffnn_ewc_replay,none,5,PortScan,task0,n_attack,1358.0
ffnn_ewc_replay,none,5,PortScan,task0,accuracy,0.9996539343340399
ffnn_ewc_replay,none,5,PortScan,task0,macro_f1,0.9993597213082652
ffnn_ewc_replay,none,5,PortScan,task0,fpr,0.0003276444547996272
ffnn_ewc_replay,none,5,PortScan,task0,detection_rate,0.9977908689248896
ffnn_ewc_replay,none,5,PortScan,task0,binary_f1,0.9825960841189267
ffnn_ewc_replay,none,5,PortScan,task0,category_recall,0.9977908689248896
ffnn_ewc_replay,none,5,PortScan,task1,n,96639.0
ffnn_ewc_replay,none,5,PortScan,task1,n_benign,76782.0
ffnn_ewc_replay,none,5,PortScan,task1,n_attack,19857.0
ffnn_ewc_replay,none,5,PortScan,task1,accuracy,0.9334947588447728
ffnn_ewc_replay,none,5,PortScan,task1,macro_f1,0.8836865939027929
ffnn_ewc_replay,none,5,PortScan,task1,fpr,0.0002474538303248157
ffnn_ewc_replay,none,5,PortScan,task1,detection_rate,0.6772926423931107
ffnn_ewc_replay,none,5,PortScan,task1,binary_f1,0.8071417854463616
ffnn_ewc_replay,none,5,PortScan,task1,category_recall,0.6772926423931107
ffnn_ewc_replay,none,5,PortScan,task2,n,21631.0
ffnn_ewc_replay,none,5,PortScan,task2,n_benign,21610.0
ffnn_ewc_replay,none,5,PortScan,task2,n_attack,21.0
ffnn_ewc_replay,none,5,PortScan,task2,accuracy,0.9990754010447969
ffnn_ewc_replay,none,5,PortScan,task2,macro_f1,0.775630726717796
ffnn_ewc_replay,none,5,PortScan,task2,fpr,0.00032392410920869966
ffnn_ewc_replay,none,5,PortScan,task2,detection_rate,0.38095238095238093
ffnn_ewc_replay,none,5,PortScan,task2,binary_f1,0.4444444444444444
ffnn_ewc_replay,none,5,PortScan,task2,category_recall,0.38095238095238093
ffnn_ewc_replay,none,5,PortScan,task3,n,50445.0
ffnn_ewc_replay,none,5,PortScan,task3,n_benign,32949.0
ffnn_ewc_replay,none,5,PortScan,task3,n_attack,17496.0
ffnn_ewc_replay,none,5,PortScan,task3,accuracy,0.9292496778669839
ffnn_ewc_replay,none,5,PortScan,task3,macro_f1,0.9428222728091471
ffnn_ewc_replay,none,5,PortScan,task3,fpr,0.00033384928222404323
ffnn_ewc_replay,none,5,PortScan,task3,detection_rate,0.997085048010974
ffnn_ewc_replay,none,5,PortScan,task3,binary_f1,0.998226138704509
ffnn_ewc_replay,none,5,PortScan,task3,category_recall,0.796639231824417
ffnn_ewc_replay,none,5,PortScan,task4,n,27642.0
ffnn_ewc_replay,none,5,PortScan,task4,n_benign,27385.0
ffnn_ewc_replay,none,5,PortScan,task4,n_attack,257.0
ffnn_ewc_replay,none,5,PortScan,task4,accuracy,0.999674408508791
ffnn_ewc_replay,none,5,PortScan,task4,macro_f1,0.9999178247292781
ffnn_ewc_replay,none,5,PortScan,task4,fpr,0.0003286470695636297
ffnn_ewc_replay,none,5,PortScan,task4,detection_rate,1.0
ffnn_ewc_replay,none,5,PortScan,task4,binary_f1,0.982791586998088
ffnn_ewc_replay,none,5,PortScan,task4,category_recall,1.0
ffnn_ewc_replay,none,5,PortScan,task5,n,51117.0
ffnn_ewc_replay,none,5,PortScan,task5,n_benign,31046.0
ffnn_ewc_replay,none,5,PortScan,task5,n_attack,20071.0
ffnn_ewc_replay,none,5,PortScan,task5,accuracy,0.9981610814406167
ffnn_ewc_replay,none,5,PortScan,task5,macro_f1,0.9981455399992716
ffnn_ewc_replay,none,5,PortScan,task5,fpr,0.00019326161180184241
ffnn_ewc_replay,none,5,PortScan,task5,detection_rate,0.9956155647451547
ffnn_ewc_replay,none,5,PortScan,task5,binary_f1,0.9976535197204194
ffnn_ewc_replay,none,5,PortScan,task5,category_recall,0.9956155647451547
ffnn_ewc_replay,none,5,PortScan,task6,n,28798.0
ffnn_ewc_replay,none,5,PortScan,task6,n_benign,9791.0
ffnn_ewc_replay,none,5,PortScan,task6,n_attack,19007.0
ffnn_ewc_replay,none,5,PortScan,task6,accuracy,0.3392596708104729
ffnn_ewc_replay,none,5,PortScan,task6,macro_f1,0.4668833030679537
ffnn_ewc_replay,none,5,PortScan,task6,fpr,0.0021448268818302523
ffnn_ewc_replay,none,5,PortScan,task6,detection_rate,0.9281843531330563
ffnn_ewc_replay,none,5,PortScan,task6,binary_f1,0.962203436051268
ffnn_ewc_replay,none,5,PortScan,task6,category_recall,0.0
ffnn_ewc_replay,none,5,PortScan,seen,n,386176.0
ffnn_ewc_replay,none,5,PortScan,seen,n_benign,327116.0
ffnn_ewc_replay,none,5,PortScan,seen,n_attack,59060.0
ffnn_ewc_replay,none,5,PortScan,seen,accuracy,0.9736726259529334
ffnn_ewc_replay,none,5,PortScan,seen,macro_f1,0.8494845784768187
ffnn_ewc_replay,none,5,PortScan,seen,fpr,0.0002965308942393524
ffnn_ewc_replay,none,5,PortScan,seen,detection_rate,0.8888757196071791
ffnn_ewc_replay,none,5,PortScan,seen,binary_f1,0.9403514428502338
ffnn_ewc_replay,none,5,PortScan,all,n,414974.0
ffnn_ewc_replay,none,5,PortScan,all,n_benign,336907.0
ffnn_ewc_replay,none,5,PortScan,all,n_attack,78067.0
ffnn_ewc_replay,none,5,PortScan,all,accuracy,0.9296461947013548
ffnn_ewc_replay,none,5,PortScan,all,macro_f1,0.6965116587644201
ffnn_ewc_replay,none,5,PortScan,all,fpr,0.000350245023107267
ffnn_ewc_replay,none,5,PortScan,all,detection_rate,0.8984462064636787
ffnn_ewc_replay,none,5,PortScan,all,binary_f1,0.9457538901324128
ffnn_ewc_replay,none,6,DDoS,task0,n,138702.0
ffnn_ewc_replay,none,6,DDoS,task0,n_benign,137344.0
ffnn_ewc_replay,none,6,DDoS,task0,n_attack,1358.0
ffnn_ewc_replay,none,6,DDoS,task0,accuracy,0.9996683537367882
ffnn_ewc_replay,none,6,DDoS,task0,macro_f1,0.9993633629687557
ffnn_ewc_replay,none,6,DDoS,task0,fpr,0.0003130824790307549
ffnn_ewc_replay,none,6,DDoS,task0,detection_rate,0.9977908689248896
ffnn_ewc_replay,none,6,DDoS,task0,binary_f1,0.9833091436865021
ffnn_ewc_replay,none,6,DDoS,task0,category_recall,0.9977908689248896
ffnn_ewc_replay,none,6,DDoS,task1,n,96639.0
ffnn_ewc_replay,none,6,DDoS,task1,n_benign,76782.0
ffnn_ewc_replay,none,6,DDoS,task1,n_attack,19857.0
ffnn_ewc_replay,none,6,DDoS,task1,accuracy,0.9323668498225354
ffnn_ewc_replay,none,6,DDoS,task1,macro_f1,0.886410154413527
ffnn_ewc_replay,none,6,DDoS,task1,fpr,0.00023442994451824647
ffnn_ewc_replay,none,6,DDoS,task1,detection_rate,0.75514931762099
ffnn_ewc_replay,none,6,DDoS,task1,binary_f1,0.8600516203039862
ffnn_ewc_replay,none,6,DDoS,task1,category_recall,0.6717530341944906
ffnn_ewc_replay,none,6,DDoS,task2,n,21631.0
ffnn_ewc_replay,none,6,DDoS,task2,n_benign,21610.0
ffnn_ewc_replay,none,6,DDoS,task2,n_attack,21.0
ffnn_ewc_replay,none,6,DDoS,task2,accuracy,0.999121630992557
ffnn_ewc_replay,none,6,DDoS,task2,macro_f1,0.7756422989143918
ffnn_ewc_replay,none,6,DDoS,task2,fpr,0.00027764923646459973
ffnn_ewc_replay,none,6,DDoS,task2,detection_rate,0.38095238095238093
ffnn_ewc_replay,none,6,DDoS,task2,binary_f1,0.45714285714285713
ffnn_ewc_replay,none,6,DDoS,task2,category_recall,0.38095238095238093
ffnn_ewc_replay,none,6,DDoS,task3,n,50445.0
ffnn_ewc_replay,none,6,DDoS,task3,n_benign,32949.0
ffnn_ewc_replay,none,6,DDoS,task3,n_attack,17496.0
ffnn_ewc_replay,none,6,DDoS,task3,accuracy,0.9660422242045792
ffnn_ewc_replay,none,6,DDoS,task3,macro_f1,0.9735558672436265
ffnn_ewc_replay,none,6,DDoS,task3,fpr,0.0015174967373820147
ffnn_ewc_replay,none,6,DDoS,task3,detection_rate,0.9966278006401463
ffnn_ewc_replay,none,6,DDoS,task3,binary_f1,0.9968842008975788
ffnn_ewc_replay,none,6,DDoS,task3,category_recall,0.9049497027892089
ffnn_ewc_replay,none,6,DDoS,task4,n,27642.0
ffnn_ewc_replay,none,6,DDoS,task4,n_benign,27385.0
ffnn_ewc_replay,none,6,DDoS,task4,n_attack,257.0
ffnn_ewc_replay,none,6,DDoS,task4,accuracy,0.999674408508791
ffnn_ewc_replay,none,6,DDoS,task4,macro_f1,0.9999178247292781
ffnn_ewc_replay,none,6,DDoS,task4,fpr,0.0003286470695636297
ffnn_ewc_replay,none,6,DDoS,task4,detection_rate,1.0
ffnn_ewc_replay,none,6,DDoS,task4,binary_f1,0.982791586998088
ffnn_ewc_replay,none,6,DDoS,task4,category_recall,1.0
ffnn_ewc_replay,none,6,DDoS,task5,n,51117.0
ffnn_ewc_replay,none,6,DDoS,task5,n_benign,31046.0
ffnn_ewc_replay,none,6,DDoS,task5,n_attack,20071.0
ffnn_ewc_replay,none,6,DDoS,task5,accuracy,0.954261791576188
ffnn_ewc_replay,none,6,DDoS,task5,macro_f1,0.9682131356962378
ffnn_ewc_replay,none,6,DDoS,task5,fpr,6.44205372672808e-05
ffnn_ewc_replay,none,6,DDoS,task5,detection_rate,0.9945692790593393
ffnn_ewc_replay,none,6,DDoS,task5,binary_f1,0.997227426002248
ffnn_ewc_replay,none,6,DDoS,task5,category_recall,0.8836131732350156
ffnn_ewc_replay,none,6,DDoS,task6,n,28798.0
ffnn_ewc_replay,none,6,DDoS,task6,n_benign,9791.0
ffnn_ewc_replay,none,6,DDoS,task6,n_attack,19007.0
ffnn_ewc_replay,none,6,DDoS,task6,accuracy,0.9992707826932425
ffnn_ewc_replay,none,6,DDoS,task6,macro_f1,0.9991880009996928
ffnn_ewc_replay,none,6,DDoS,task6,fpr,0.0
ffnn_ewc_replay,none,6,DDoS,task6,detection_rate,0.9988951438943547
ffnn_ewc_replay,none,6,DDoS,task6,binary_f1,0.9994472666017424
ffnn_ewc_replay,none,6,DDoS,task6,category_recall,0.9988951438943547
ffnn_ewc_replay,none,6,DDoS,seen,n,414974.0
ffnn_ewc_replay,none,6,DDoS,seen,n_benign,336907.0
ffnn_ewc_replay,none,6,DDoS,seen,n_attack,78067.0
ffnn_ewc_replay,none,6,DDoS,seen,accuracy,0.9742586282514085
ffnn_ewc_replay,none,6,DDoS,seen,macro_f1,0.8671649872085391
ffnn_ewc_replay,none,6,DDoS,seen,fpr,0.0003799268047265269
ffnn_ewc_replay,none,6,DDoS,seen,detection_rate,0.9350942139444324
ffnn_ewc_replay,none,6,DDoS,seen,binary_f1,0.9656403981613149
ffnn_ewc_replay,none,6,DDoS,all,n,414974.0
ffnn_ewc_replay,none,6,DDoS,all,n_benign,336907.0
ffnn_ewc_replay,none,6,DDoS,all,n_attack,78067.0
ffnn_ewc_replay,none,6,DDoS,all,accuracy,0.9742586282514085
ffnn_ewc_replay,none,6,DDoS,all,macro_f1,0.8671649872085391
ffnn_ewc_replay,none,6,DDoS,all,fpr,0.0003799268047265269
ffnn_ewc_replay,none,6,DDoS,all,detection_rate,0.9350942139444324
ffnn_ewc_replay,none,6,DDoS,all,binary_f1,0.9656403981613149
ffnn_naive,none,0,BruteForce,task0,n,138702.0
ffnn_naive,none,0,BruteForce,task0,n_benign,137344.0
ffnn_naive,none,0,BruteForce,task0,n_attack,1358.0
ffnn_naive,none,0,BruteForce,task0,accuracy,0.9999711611945034
ffnn_naive,none,0,BruteForce,task0,macro_f1,0.9992563419870788
ffnn_naive,none,0,BruteForce,task0,fpr,1.456197576887232e-05
ffnn_naive,none,0,BruteForce,task0,detection_rate,0.9985272459499264
ffnn_naive,none,0,BruteForce,task0,binary_f1,0.9985272459499264
ffnn_naive,none,0,BruteForce,task0,category_recall,0.9985272459499264
ffnn_naive,none,0,BruteForce,task1,n,96639.0
ffnn_naive,none,0,BruteForce,task1,n_benign,76782.0
ffnn_naive,none,0,BruteForce,task1,n_attack,19857.0
ffnn_naive,none,0,BruteForce,task1,accuracy,0.7945032543797018
ffnn_naive,none,0,BruteForce,task1,macro_f1,0.44274272138577664
ffnn_naive,none,0,BruteForce,task1,fpr,2.6047771613138496e-05
ffnn_naive,none,0,BruteForce,task1,detection_rate,0.0
ffnn_naive,none,0,BruteForce,task1,binary_f1,0.0
ffnn_naive,none,0,BruteForce,task1,category_recall,0.0
ffnn_naive,none,0,BruteForce,task2,n,21631.0
ffnn_naive,none,0,BruteForce,task2,n_benign,21610.0
ffnn_naive,none,0,BruteForce,task2,n_attack,21.0
ffnn_naive,none,0,BruteForce,task2,accuracy,0.9990291710970367
ffnn_naive,none,0,BruteForce,task2,macro_f1,0.4997571749034481
ffnn_naive,none,0,BruteForce,task2,fpr,0.0
ffnn_naive,none,0,BruteForce,task2,detection_rate,0.0
ffnn_naive,none,0,BruteForce,task2,binary_f1,0.0
ffnn_naive,none,0,BruteForce,task2,category_recall,0.0
ffnn_naive,none,0,BruteForce,task3,n,50445.0
ffnn_naive,none,0,BruteForce,task3,n_benign,32949.0
ffnn_naive,none,0,BruteForce,task3,n_attack,17496.0
ffnn_naive,none,0,BruteForce,task3,accuracy,0.6531271682029933
ffnn_naive,none,0,BruteForce,task3,macro_f1,0.39511902620375366
ffnn_naive,none,0,BruteForce,task3,fpr,6.069986949528059e-05
ffnn_naive,none,0,BruteForce,task3,detection_rate,0.0004000914494741655
ffnn_naive,none,0,BruteForce,task3,binary_f1,0.0007997714938588975
ffnn_naive,none,0,BruteForce,task3,category_recall,0.0
ffnn_naive,none,0,BruteForce,task4,n,27642.0
ffnn_naive,none,0,BruteForce,task4,n_benign,27385.0
ffnn_naive,none,0,BruteForce,task4,n_attack,257.0
ffnn_naive,none,0,BruteForce,task4,accuracy,0.9907025540843644
ffnn_naive,none,0,BruteForce,task4,macro_f1,0.49766478274301706
ffnn_naive,none,0,BruteForce,task4,fpr,0.0
ffnn_naive,none,0,BruteForce,task4,detection_rate,0.0
ffnn_naive,none,0,BruteForce,task4,binary_f1,0.0
ffnn_naive,none,0,BruteForce,task4,category_recall,0.0
ffnn_naive,none,0,BruteForce,task5,n,51117.0
ffnn_naive,none,0,BruteForce,task5,n_benign,31046.0
ffnn_naive,none,0,BruteForce,task5,n_attack,20071.0
ffnn_naive,none,0,BruteForce,task5,accuracy,0.6073517616448539
ffnn_naive,none,0,BruteForce,task5,macro_f1,0.37785864683616716
ffnn_naive,none,0,BruteForce,task5,fpr,0.0
ffnn_naive,none,0,BruteForce,task5,detection_rate,0.0
ffnn_naive,none,0,BruteForce,task5,binary_f1,0.0
ffnn_naive,none,0,BruteForce,task5,category_recall,0.0
ffnn_naive,none,0,BruteForce,task6,n,28798.0
ffnn_naive,none,0,BruteForce,task6,n_benign,9791.0
ffnn_naive,none,0,BruteForce,task6,n_attack,19007.0
ffnn_naive,none,0,BruteForce,task6,accuracy,0.33991943884992015
ffnn_naive,none,0,BruteForce,task6,macro_f1,0.2536864747194651
ffnn_naive,none,0,BruteForce,task6,fpr,0.0002042692268409764
ffnn_naive,none,0,BruteForce,task6,detection_rate,0.0
ffnn_naive,none,0,BruteForce,task6,binary_f1,0.0
ffnn_naive,none,0,BruteForce,task6,category_recall,0.0
ffnn_naive,none,0,BruteForce,seen,n,138702.0
ffnn_naive,none,0,BruteForce,seen,n_benign,137344.0
ffnn_naive,none,0,BruteForce,seen,n_attack,1358.0
ffnn_naive,none,0,BruteForce,seen,accuracy,0.9999711611945034
ffnn_naive,none,0,BruteForce,seen,macro_f1,0.9992563419870788
ffnn_naive,none,0,BruteForce,seen,fpr,1.456197576887232e-05
ffnn_naive,none,0,BruteForce,seen,detection_rate,0.9985272459499264
ffnn_naive,none,0,BruteForce,seen,binary_f1,0.9985272459499264
ffnn_naive,none,0,BruteForce,all,n,414974.0
ffnn_naive,none,0,BruteForce,all,n_benign,336907.0
ffnn_naive,none,0,BruteForce,all,n_attack,78067.0
ffnn_naive,none,0,BruteForce,all,accuracy,0.8151233571259886
ffnn_naive,none,0,BruteForce,all,macro_f1,0.23644468127863355
ffnn_naive,none,0,BruteForce,all,fpr,2.374542529540793e-05
ffnn_naive,none,0,BruteForce,all,detection_rate,0.017459361830222758
ffnn_naive,none,0,BruteForce,all,binary_f1,0.03431607039452152
ffnn_naive,none,1,DoS,task0,n,138702.0
ffnn_naive,none,1,DoS,task0,n_benign,137344.0
ffnn_naive,none,1,DoS,task0,n_attack,1358.0
ffnn_naive,none,1,DoS,task0,accuracy,0.9901371285201367
ffnn_naive,none,1,DoS,task0,macro_f1,0.4975238647272991
ffnn_naive,none,1,DoS,task0,fpr,7.28098788443616e-05
ffnn_naive,none,1,DoS,task0,detection_rate,0.0007363770250368188
ffnn_naive,none,1,DoS,task0,binary_f1,0.0014609203798392988
ffnn_naive,none,1,DoS,task0,category_recall,0.0
ffnn_naive,none,1,DoS,task1,n,96639.0
ffnn_naive,none,1,DoS,task1,n_benign,76782.0
ffnn_naive,none,1,DoS,task1,n_attack,19857.0
ffnn_naive,none,1,DoS,task1,accuracy,0.9356574467864941
ffnn_naive,none,1,DoS,task1,macro_f1,0.8877357815312029
ffnn_naive,none,1,DoS,task1,fpr,2.6047771613138496e-05
ffnn_naive,none,1,DoS,task1,detection_rate,0.6869617767034295
ffnn_naive,none,1,DoS,task1,binary_f1,0.8143880597014925
ffnn_naive,none,1,DoS,task1,category_recall,0.6869617767034295
ffnn_naive,none,1,DoS,task2,n,21631.0
ffnn_naive,none,1,DoS,task2,n_benign,21610.0
ffnn_naive,none,1,DoS,task2,n_attack,21.0
ffnn_naive,none,1,DoS,task2,accuracy,0.9989829411492765
ffnn_naive,none,1,DoS,task2,macro_f1,0.49974560592044404
ffnn_naive,none,1,DoS,task2,fpr,4.6274872744099955e-05
ffnn_naive,none,1,DoS,task2,detection_rate,0.0
ffnn_naive,none,1,DoS,task2,binary_f1,0.0
ffnn_naive,none,1,DoS,task2,category_recall,0.0
ffnn_naive,none,1,DoS,task3,n,50445.0
ffnn_naive,none,1,DoS,task3,n_benign,32949.0
ffnn_naive,none,1,DoS,task3,n_attack,17496.0
ffnn_naive,none,1,DoS,task3,accuracy,0.6531073446327683
ffnn_naive,none,1,DoS,task3,macro_f1,0.3951496833621186
ffnn_naive,none,1,DoS,task3,fpr,9.104980424292088e-05
ffnn_naive,none,1,DoS,task3,detection_rate,0.0008573388203017832
ffnn_naive,none,1,DoS,task3,binary_f1,0.0017129153819801302
ffnn_naive,none,1,DoS,task3,category_recall,0.0
ffnn_naive,none,1,DoS,task4,n,27642.0
ffnn_naive,none,1,DoS,task4,n_benign,27385.0
ffnn_naive,none,1,DoS,task4,n_attack,257.0
ffnn_naive,none,1,DoS,task4,accuracy,0.9906663772520078
ffnn_naive,none,1,DoS,task4,macro_f1,0.49765565369098247
ffnn_naive,none,1,DoS,task4,fpr,3.6516341062625523e-05
ffnn_naive,none,1,DoS,task4,detection_rate,0.0
ffnn_naive,none,1,DoS,task4,binary_f1,0.0
ffnn_naive,none,1,DoS,task4,category_recall,0.0
ffnn_naive,none,1,DoS,task5,n,51117.0
ffnn_naive,none,1,DoS,task5,n_benign,31046.0
ffnn_naive,none,1,DoS,task5,n_attack,20071.0
ffnn_naive,none,1,DoS,task5,accuracy,0.6073517616448539
ffnn_naive,none,1,DoS,task5,macro_f1,0.37822691665752955
ffnn_naive,none,1,DoS,task5,fpr,0.0
ffnn_naive,none,1,DoS,task5,detection_rate,0.003985850231677544
ffnn_naive,none,1,DoS,task5,binary_f1,0.007940052602848495
ffnn_naive,none,1,DoS,task5,category_recall,0.0
ffnn_naive,none,1,DoS,task6,n,28798.0
ffnn_naive,none,1,DoS,task6,n_benign,9791.0
ffnn_naive,none,1,DoS,task6,n_attack,19007.0
ffnn_naive,none,1,DoS,task6,accuracy,0.3399888881172304
ffnn_naive,none,1,DoS,task6,macro_f1,0.31812717288884557
ffnn_naive,none,1,DoS,task6,fpr,0.0
ffnn_naive,none,1,DoS,task6,detection_rate,0.41100647130004736
ffnn_naive,none,1,DoS,task6,binary_f1,0.582572057123681
ffnn_naive,none,1,DoS,task6,category_recall,0.0
ffnn_naive,none,1,DoS,seen,n,235341.0
ffnn_naive,none,1,DoS,seen,n_benign,214126.0
ffnn_naive,none,1,DoS,seen,n_attack,21215.0
ffnn_naive,none,1,DoS,seen,accuracy,0.967765922639914
ffnn_naive,none,1,DoS,seen,macro_f1,0.5989054942717792
ffnn_naive,none,1,DoS,seen,fpr,5.604176979909026e-05
ffnn_naive,none,1,DoS,seen,detection_rate,0.6430355880273392
ffnn_naive,none,1,DoS,seen,binary_f1,0.7824715363216611
ffnn_naive,none,1,DoS,all,n,414974.0
ffnn_naive,none,1,DoS,all,n_benign,336907.0
ffnn_naive,none,1,DoS,all,n_attack,78067.0
ffnn_naive,none,1,DoS,all,accuracy,0.8447059333837783
ffnn_naive,none,1,DoS,all,macro_f1,0.1976509757134595
ffnn_naive,none,1,DoS,all,fpr,5.045902875274185e-05
ffnn_naive,none,1,DoS,all,detection_rate,0.27603212625052836
ffnn_naive,none,1,DoS,all,binary_f1,0.43256752280870797
ffnn_naive,none,2,WebAttack,task0,n,138702.0
ffnn_naive,none,2,WebAttack,task0,n_benign,137344.0
ffnn_naive,none,2,WebAttack,task0,n_attack,1358.0
ffnn_naive,none,2,WebAttack,task0,accuracy,0.99002177329815
ffnn_naive,none,2,WebAttack,task0,macro_f1,0.4999472084175268
ffnn_naive,none,2,WebAttack,task0,fpr,0.00018930568499534017
ffnn_naive,none,2,WebAttack,task0,detection_rate,0.9977908689248896
ffnn_naive,none,2,WebAttack,task0,binary_f1,0.9894121942314713
ffnn_naive,none,2,WebAttack,task0,category_recall,0.0
ffnn_naive,none,2,WebAttack,task1,n,96639.0
ffnn_naive,none,2,WebAttack,task1,n_benign,76782.0
ffnn_naive,none,2,WebAttack,task1,n_attack,19857.0
ffnn_naive,none,2,WebAttack,task1,accuracy,0.794492906590507
ffnn_naive,none,2,WebAttack,task1,macro_f1,0.4427548266555948
ffnn_naive,none,2,WebAttack,task1,fpr,3.907165741970774e-05
ffnn_naive,none,2,WebAttack,task1,detection_rate,0.00030216044719746184
ffnn_naive,none,2,WebAttack,task1,binary_f1,0.0006040471156750226
ffnn_naive,none,2,WebAttack,task1,category_recall,0.0
ffnn_naive,none,2,WebAttack,task2,n,21631.0
ffnn_naive,none,2,WebAttack,task2,n_benign,21610.0
ffnn_naive,none,2,WebAttack,task2,n_attack,21.0
ffnn_naive,none,2,WebAttack,task2,accuracy,0.9993065507835976
ffnn_naive,none,2,WebAttack,task2,macro_f1,0.7578910295106334
ffnn_naive,none,2,WebAttack,task2,fpr,9.254974548819991e-05
ffnn_naive,none,2,WebAttack,task2,detection_rate,0.38095238095238093
ffnn_naive,none,2,WebAttack,task2,binary_f1,0.5161290322580645
ffnn_naive,none,2,WebAttack,task2,category_recall,0.38095238095238093
ffnn_naive,none,2,WebAttack,task3,n,50445.0
ffnn_naive,none,2,WebAttack,task3,n_benign,32949.0
ffnn_naive,none,2,WebAttack,task3,n_attack,17496.0
ffnn_naive,none,2,WebAttack,task3,accuracy,0.6531271682029933
ffnn_naive,none,2,WebAttack,task3,macro_f1,0.39510007315113505
ffnn_naive,none,2,WebAttack,task3,fpr,6.069986949528059e-05
ffnn_naive,none,2,WebAttack,task3,detection_rate,0.00017146776406035664
ffnn_naive,none,2,WebAttack,task3,binary_f1,0.00034283755213987773
ffnn_naive,none,2,WebAttack,task3,category_recall,0.0
ffnn_naive,none,2,WebAttack,task4,n,27642.0
ffnn_naive,none,2,WebAttack,task4,n_benign,27385.0
ffnn_naive,none,2,WebAttack,task4,n_attack,257.0
ffnn_naive,none,2,WebAttack,task4,accuracy,0.9900875479343029
ffnn_naive,none,2,WebAttack,task4,macro_f1,0.49750954371932377
ffnn_naive,none,2,WebAttack,task4,fpr,0.0006207777980646339
ffnn_naive,none,2,WebAttack,task4,detection_rate,0.0
ffnn_naive,none,2,WebAttack,task4,binary_f1,0.0
ffnn_naive,none,2,WebAttack,task4,category_recall,0.0
ffnn_naive,none,2,WebAttack,task5,n,51117.0
ffnn_naive,none,2,WebAttack,task5,n_benign,31046.0
ffnn_naive,none,2,WebAttack,task5,n_attack,20071.0
ffnn_naive,none,2,WebAttack,task5,accuracy,0.6070191912670931
ffnn_naive,none,2,WebAttack,task5,macro_f1,0.37772989555182235
ffnn_naive,none,2,WebAttack,task5,fpr,0.0005475745667718869
ffnn_naive,none,2,WebAttack,task5,detection_rate,0.0
ffnn_naive,none,2,WebAttack,task5,binary_f1,0.0
ffnn_naive,none,2,WebAttack,task5,category_recall,0.0
ffnn_naive,none,2,WebAttack,task6,n,28798.0
ffnn_naive,none,2,WebAttack,task6,n_benign,9791.0
ffnn_naive,none,2,WebAttack,task6,n_attack,19007.0
ffnn_naive,none,2,WebAttack,task6,accuracy,0.339572192513369
ffnn_naive,none,2,WebAttack,task6,macro_f1,0.25349301397205587
ffnn_naive,none,2,WebAttack,task6,fpr,0.0012256153610458584
ffnn_naive,none,2,WebAttack,task6,detection_rate,0.0
ffnn_naive,none,2,WebAttack,task6,binary_f1,0.0
ffnn_naive,none,2,WebAttack,task6,category_recall,0.0
ffnn_naive,none,2,WebAttack,seen,n,256972.0
ffnn_naive,none,2,WebAttack,seen,n_benign,235736.0
ffnn_naive,none,2,WebAttack,seen,n_attack,21236.0
ffnn_naive,none,2,WebAttack,seen,accuracy,0.9172711423812712
ffnn_naive,none,2,WebAttack,seen,macro_f1,0.24268990584108655
ffnn_naive,none,2,WebAttack,seen,fpr,0.0001315030372959582
ffnn_naive,none,2,WebAttack,seen,detection_rate,0.06446600113015634
ffnn_naive,none,2,WebAttack,seen,binary_f1,0.12095776638982152
ffnn_naive,none,2,WebAttack,all,n,414974.0
ffnn_naive,none,2,WebAttack,all,n_benign,336907.0
ffnn_naive,none,2,WebAttack,all,n_attack,78067.0
ffnn_naive,none,2,WebAttack,all,accuracy,0.8117038657843624
ffnn_naive,none,2,WebAttack,all,macro_f1,0.11357036096406177
ffnn_naive,none,2,WebAttack,all,fpr,0.00023448607479215332
ffnn_naive,none,2,WebAttack,all,detection_rate,0.017574647418243303
ffnn_naive,none,2,WebAttack,all,binary_f1,0.034507910158706204
ffnn_naive,none,3,Infiltration,task0,n,138702.0
ffnn_naive,none,3,Infiltration,task0,n_benign,137344.0
ffnn_naive,none,3,Infiltration,task0,n_attack,1358.0
ffnn_naive,none,3,Infiltration,task0,accuracy,0.9888970598837796
ffnn_naive,none,3,Infiltration,task0,macro_f1,0.49963937316499224
ffnn_naive,none,3,Infiltration,task0,fpr,0.0013251397949673811
ffnn_naive,none,3,Infiltration,task0,detection_rate,0.9882179675994109
ffnn_naive,none,3,Infiltration,task0,binary_f1,0.9312977099236641
ffnn_naive,none,3,Infiltration,task0,category_recall,0.0
ffnn_naive,none,3,Infiltration,task1,n,96639.0
ffnn_naive,none,3,Infiltration,task1,n_benign,76782.0
ffnn_naive,none,3,Infiltration,task1,n_attack,19857.0
ffnn_naive,none,3,Infiltration,task1,accuracy,0.7938927348172063
ffnn_naive,none,3,Infiltration,task1,macro_f1,0.442570939066529
ffnn_naive,none,3,Infiltration,task1,fpr,0.0007944570342007241
ffnn_naive,none,3,Infiltration,task1,detection_rate,0.00035252052173037217
ffnn_naive,none,3,Infiltration,task1,binary_f1,0.0007026348808030113
ffnn_naive,none,3,Infiltration,task1,category_recall,0.0
ffnn_naive,none,3,Infiltration,task2,n,21631.0
ffnn_naive,none,3,Infiltration,task2,n_benign,21610.0
ffnn_naive,none,3,Infiltration,task2,n_attack,21.0
ffnn_naive,none,3,Infiltration,task2,accuracy,0.9984281817761546
ffnn_naive,none,3,Infiltration,task2,macro_f1,0.49960673637457204
ffnn_naive,none,3,Infiltration,task2,fpr,0.0006015733456732994
ffnn_naive,none,3,Infiltration,task2,detection_rate,0.0
ffnn_naive,none,3,Infiltration,task2,binary_f1,0.0
ffnn_naive,none,3,Infiltration,task2,category_recall,0.0
ffnn_naive,none,3,Infiltration,task3,n,50445.0
ffnn_naive,none,3,Infiltration,task3,n_benign,32949.0
ffnn_naive,none,3,Infiltration,task3,n_attack,17496.0
ffnn_naive,none,3,Infiltration,task3,accuracy,0.9988502329269502
ffnn_naive,none,3,Infiltration,task3,macro_f1,0.9987311990957932
ffnn_naive,none,3,Infiltration,task3,fpr,0.0009104980424292087
ffnn_naive,none,3,Infiltration,task3,detection_rate,0.9983996342021033
ffnn_naive,none,3,Infiltration,task3,binary_f1,0.9983425730125164
ffnn_naive,none,3,Infiltration,task3,category_recall,0.9983996342021033
ffnn_naive,none,3,Infiltration,task4,n,27642.0
ffnn_naive,none,3,Infiltration,task4,n_benign,27385.0
ffnn_naive,none,3,Infiltration,task4,n_attack,257.0
ffnn_naive,none,3,Infiltration,task4,accuracy,0.9731206135590768
ffnn_naive,none,3,Infiltration,task4,macro_f1,0.4931886104031829
ffnn_naive,none,3,Infiltration,task4,fpr,0.017746941756436006
ffnn_naive,none,3,Infiltration,task4,detection_rate,0.0
ffnn_naive,none,3,Infiltration,task4,binary_f1,0.0
ffnn_naive,none,3,Infiltration,task4,category_recall,0.0
ffnn_naive,none,3,Infiltration,task5,n,51117.0
ffnn_naive,none,3,Infiltration,task5,n_benign,31046.0
ffnn_naive,none,3,Infiltration,task5,n_attack,20071.0
ffnn_naive,none,3,Infiltration,task5,accuracy,0.5975898429094039
ffnn_naive,none,3,Infiltration,task5,macro_f1,0.4937208061935317
ffnn_naive,none,3,Infiltration,task5,fpr,0.01607292404818656
ffnn_naive,none,3,Infiltration,task5,detection_rate,0.9861491704449206
ffnn_naive,none,3,Infiltration,task5,binary_f1,0.9807496965042242
ffnn_naive,none,3,Infiltration,task5,category_recall,0.0
ffnn_naive,none,3,Infiltration,task6,n,28798.0
ffnn_naive,none,3,Infiltration,task6,n_benign,9791.0
ffnn_naive,none,3,Infiltration,task6,n_attack,19007.0
ffnn_naive,none,3,Infiltration,task6,accuracy,0.3384957288700604
ffnn_naive,none,3,Infiltration,task6,macro_f1,0.2529976641577991
ffnn_naive,none,3,Infiltration,task6,fpr,0.004391788377080993
ffnn_naive,none,3,Infiltration,task6,detection_rate,0.0008417951281106961
ffnn_naive,none,3,Infiltration,task6,binary_f1,0.0016783803629497535
ffnn_naive,none,3,Infiltration,task6,category_recall,0.0
ffnn_naive,none,3,Infiltration,seen,n,307417.0
ffnn_naive,none,3,Infiltration,seen,n_benign,268685.0
ffnn_naive,none,3,Infiltration,seen,n_attack,38732.0
ffnn_naive,none,3,Infiltration,seen,accuracy,0.92989977782621
ffnn_naive,none,3,Infiltration,seen,macro_f1,0.3836588060886107
ffnn_naive,none,3,Infiltration,seen,fpr,0.0010644434933100098
ffnn_naive,none,3,Infiltration,seen,detection_rate,0.48582567386140657
ffnn_naive,none,3,Infiltration,seen,binary_f1,0.6507132359298003
ffnn_naive,none,3,Infiltration,all,n,414974.0
ffnn_naive,none,3,Infiltration,all,n_benign,336907.0
ffnn_naive,none,3,Infiltration,all,n_attack,78067.0
ffnn_naive,none,3,Infiltration,all,accuracy,0.8508027008921041
ffnn_naive,none,3,Infiltration,all,macro_f1,0.19387683949489848
ffnn_naive,none,3,Infiltration,all,fpr,0.0039001861047707528
ffnn_naive,none,3,Infiltration,all,detection_rate,0.49478012476462524
ffnn_naive,none,3,Infiltration,all,binary_f1,0.6546391315769403
ffnn_naive,none,4,Botnet,task0,n,138702.0
ffnn_naive,none,4,Botnet,task0,n_benign,137344.0
ffnn_naive,none,4,Botnet,task0,n_attack,1358.0
ffnn_naive,none,4,Botnet,task0,accuracy,0.9902092255338784
ffnn_naive,none,4,Botnet,task0,macro_f1,0.4975402650282924
ffnn_naive,none,4,Botnet,task0,fpr,0.0
ffnn_naive,none,4,Botnet,task0,detection_rate,0.0
ffnn_naive,none,4,Botnet,task0,binary_f1,0.0
ffnn_naive,none,4,Botnet,task0,category_recall,0.0
ffnn_naive,none,4,Botnet,task1,n,96639.0
ffnn_naive,none,4,Botnet,task1,n_benign,76782.0
ffnn_naive,none,4,Botnet,task1,n_attack,19857.0
ffnn_naive,none,4,Botnet,task1,accuracy,0.7945136021688967
ffnn_naive,none,4,Botnet,task1,macro_f1,0.4427459347249452
ffnn_naive,none,4,Botnet,task1,fpr,1.3023885806569248e-05
ffnn_naive,none,4,Botnet,task1,detection_rate,0.0
ffnn_naive,none,4,Botnet,task1,binary_f1,0.0
ffnn_naive,none,4,Botnet,task1,category_recall,0.0
ffnn_naive,none,4,Botnet,task2,n,21631.0
ffnn_naive,none,4,Botnet,task2,n_benign,21610.0
ffnn_naive,none,4,Botnet,task2,n_attack,21.0
ffnn_naive,none,4,Botnet,task2,accuracy,0.9989367112015164
ffnn_naive,none,4,Botnet,task2,macro_f1,0.499734036402322
ffnn_naive,none,4,Botnet,task2,fpr,9.254974548819991e-05
ffnn_naive,none,4,Botnet,task2,detection_rate,0.0
ffnn_naive,none,4,Botnet,task2,binary_f1,0.0
ffnn_naive,none,4,Botnet,task2,category_recall,0.0
ffnn_naive,none,4,Botnet,task3,n,50445.0
ffnn_naive,none,4,Botnet,task3,n_benign,32949.0
ffnn_naive,none,4,Botnet,task3,n_attack,17496.0
ffnn_naive,none,4,Botnet,task3,accuracy,0.6531668153434433
ffnn_naive,none,4,Botnet,task3,macro_f1,0.39510036693287287
ffnn_naive,none,4,Botnet,task3,fpr,0.0
ffnn_naive,none,4,Botnet,task3,detection_rate,0.0
ffnn_naive,none,4,Botnet,task3,binary_f1,0.0
ffnn_naive,none,4,Botnet,task3,category_recall,0.0
ffnn_naive,none,4,Botnet,task4,n,27642.0
ffnn_naive,none,4,Botnet,task4,n_benign,27385.0
ffnn_naive,none,4,Botnet,task4,n_attack,257.0
ffnn_naive,none,4,Botnet,task4,accuracy,1.0
ffnn_naive,none,4,Botnet,task4,macro_f1,1.0
ffnn_naive,none,4,Botnet,task4,fpr,0.0
ffnn_naive,none,4,Botnet,task4,detection_rate,1.0
ffnn_naive,none,4,Botnet,task4,binary_f1,1.0
ffnn_naive,none,4,Botnet,task4,category_recall,1.0
ffnn_naive,none,4,Botnet,task5,n,51117.0
ffnn_naive,none,4,Botnet,task5,n_benign,31046.0
ffnn_naive,none,4,Botnet,task5,n_attack,20071.0
ffnn_naive,none,4,Botnet,task5,accuracy,0.6073517616448539
ffnn_naive,none,4,Botnet,task5,macro_f1,0.37785864683616716
ffnn_naive,none,4,Botnet,task5,fpr,0.0
ffnn_naive,none,4,Botnet,task5,detection_rate,0.0
ffnn_naive,none,4,Botnet,task5,binary_f1,0.0
ffnn_naive,none,4,Botnet,task5,category_recall,0.0
ffnn_naive,none,4,Botnet,task6,n,28798.0
ffnn_naive,none,4,Botnet,task6,n_benign,9791.0
ffnn_naive,none,4,Botnet,task6,n_attack,19007.0
ffnn_naive,none,4,Botnet,task6,accuracy,0.3397458156816446
ffnn_naive,none,4,Botnet,task6,macro_f1,0.2535897568814473
ffnn_naive,none,4,Botnet,task6,fpr,0.0007149422939434174
ffnn_naive,none,4,Botnet,task6,detection_rate,0.0
ffnn_naive,none,4,Botnet,task6,binary_f1,0.0
ffnn_naive,none,4,Botnet,task6,category_recall,0.0
ffnn_naive,none,4,Botnet,seen,n,335059.0
ffnn_naive,none,4,Botnet,seen,n_benign,296070.0
ffnn_naive,none,4,Botnet,seen,n_attack,38989.0
ffnn_naive,none,4,Botnet,seen,accuracy,0.8843934948770217
ffnn_naive,none,4,Botnet,seen,macro_f1,0.3221329762202816
ffnn_naive,none,4,Botnet,seen,fpr,1.013273887931908e-05
ffnn_naive,none,4,Botnet,seen,detection_rate,0.0065916027597527505
ffnn_naive,none,4,Botnet,seen,binary_f1,0.013095875054141507
ffnn_naive,none,4,Botnet,all,n,414974.0
ffnn_naive,none,4,Botnet,all,n_benign,336907.0
ffnn_naive,none,4,Botnet,all,n_attack,78067.0
ffnn_naive,none,4,Botnet,all,accuracy,0.8124701788545788
ffnn_naive,none,4,Botnet,all,macro_f1,0.23467235532035824
ffnn_naive,none,4,Botnet,all,fpr,2.9681781619259915e-05
ffnn_naive,none,4,Botnet,all,detection_rate,0.0032920440134756044
ffnn_naive,none,4,Botnet,all,binary_f1,0.0065616462838614135
ffnn_naive,none,5,PortScan,task0,n,138702.0
ffnn_naive,none,5,PortScan,task0,n_benign,137344.0
ffnn_naive,none,5,PortScan,task0,n_attack,1358.0
ffnn_naive,none,5,PortScan,task0,accuracy,0.9900001441940275
ffnn_naive,none,5,PortScan,task0,macro_f1,0.49748747359764073
ffnn_naive,none,5,PortScan,task0,fpr,0.00021114864864864866
ffnn_naive,none,5,PortScan,task0,detection_rate,0.0
ffnn_naive,none,5,PortScan,task0,binary_f1,0.0
ffnn_naive,none,5,PortScan,task0,category_recall,0.0
ffnn_naive,none,5,PortScan,task1,n,96639.0
ffnn_naive,none,5,PortScan,task1,n_benign,76782.0
ffnn_naive,none,5,PortScan,task1,n_attack,19857.0
ffnn_naive,none,5,PortScan,task1,accuracy,0.7945032543797018
ffnn_naive,none,5,PortScan,task1,macro_f1,0.44548624609082627
ffnn_naive,none,5,PortScan,task1,fpr,2.6047771613138496e-05
ffnn_naive,none,5,PortScan,task1,detection_rate,0.05378455960114821
ffnn_naive,none,5,PortScan,task1,binary_f1,0.10206909733836671
ffnn_naive,none,5,PortScan,task1,category_recall,0.0
ffnn_naive,none,5,PortScan,task2,n,21631.0
ffnn_naive,none,5,PortScan,task2,n_benign,21610.0
ffnn_naive,none,5,PortScan,task2,n_attack,21.0
ffnn_naive,none,5,PortScan,task2,accuracy,0.9990291710970367
ffnn_naive,none,5,PortScan,task2,macro_f1,0.4997571749034481
ffnn_naive,none,5,PortScan,task2,fpr,0.0
ffnn_naive,none,5,PortScan,task2,detection_rate,0.0
ffnn_naive,none,5,PortScan,task2,binary_f1,0.0
ffnn_naive,none,5,PortScan,task2,category_recall,0.0
ffnn_naive,none,5,PortScan,task3,n,50445.0
ffnn_naive,none,5,PortScan,task3,n_benign,32949.0
ffnn_naive,none,5,PortScan,task3,n_attack,17496.0
ffnn_naive,none,5,PortScan,task3,accuracy,0.6531271682029933
ffnn_naive,none,5,PortScan,task3,macro_f1,0.46936391480874706
ffnn_naive,none,5,PortScan,task3,fpr,6.069986949528059e-05
ffnn_naive,none,5,PortScan,task3,detection_rate,0.754286694101509
ffnn_naive,none,5,PortScan,task3,binary_f1,0.8598794591953087
ffnn_naive,none,5,PortScan,task3,category_recall,0.0
ffnn_naive,none,5,PortScan,task4,n,27642.0
ffnn_naive,none,5,PortScan,task4,n_benign,27385.0
ffnn_naive,none,5,PortScan,task4,n_attack,257.0
ffnn_naive,none,5,PortScan,task4,accuracy,0.9905940235872946
ffnn_naive,none,5,PortScan,task4,macro_f1,0.497637394591451
ffnn_naive,none,5,PortScan,task4,fpr,0.00010954902318787658
ffnn_naive,none,5,PortScan,task4,detection_rate,0.0
ffnn_naive,none,5,PortScan,task4,binary_f1,0.0
ffnn_naive,none,5,PortScan,task4,category_recall,0.0
ffnn_naive,none,5,PortScan,task5,n,51117.0
ffnn_naive,none,5,PortScan,task5,n_benign,31046.0
ffnn_naive,none,5,PortScan,task5,n_attack,20071.0
ffnn_naive,none,5,PortScan,task5,accuracy,0.9982588962576051
ffnn_naive,none,5,PortScan,task5,macro_f1,0.9981733518766189
ffnn_naive,none,5,PortScan,task5,fpr,3.22102686336404e-05
ffnn_naive,none,5,PortScan,task5,detection_rate,0.9956155647451547
ffnn_naive,none,5,PortScan,task5,binary_f1,0.9977780551741355
ffnn_naive,none,5,PortScan,task5,category_recall,0.9956155647451547
ffnn_naive,none,5,PortScan,task6,n,28798.0
ffnn_naive,none,5,PortScan,task6,n_benign,9791.0
ffnn_naive,none,5,PortScan,task6,n_attack,19007.0
ffnn_naive,none,5,PortScan,task6,accuracy,0.3399888881172304
ffnn_naive,none,5,PortScan,task6,macro_f1,0.3506177260519248
ffnn_naive,none,5,PortScan,task6,fpr,0.0
ffnn_naive,none,5,PortScan,task6,detection_rate,0.5610564528857789
ffnn_naive,none,5,PortScan,task6,binary_f1,0.7188163526675879
ffnn_naive,none,5,PortScan,task6,category_recall,0.0
ffnn_naive,none,5,PortScan,seen,n,386176.0
ffnn_naive,none,5,PortScan,seen,n_benign,327116.0
ffnn_naive,none,5,PortScan,seen,n_attack,59060.0
ffnn_naive,none,5,PortScan,seen,accuracy,0.8987145757374876
ffnn_naive,none,5,PortScan,seen,macro_f1,0.24266681831585776
ffnn_naive,none,5,PortScan,seen,fpr,0.00011310972254490762
ffnn_naive,none,5,PortScan,seen,detection_rate,0.5798848628513377
ffnn_naive,none,5,PortScan,seen,binary_f1,0.7337939900369597
ffnn_naive,none,5,PortScan,all,n,414974.0
ffnn_naive,none,5,PortScan,all,n_benign,336907.0
ffnn_naive,none,5,PortScan,all,n_attack,78067.0
ffnn_naive,none,5,PortScan,all,accuracy,0.8599406227860059
ffnn_naive,none,5,PortScan,all,macro_f1,0.19596502829806073
ffnn_naive,none,5,PortScan,all,fpr,0.00010982259199126168
ffnn_naive,none,5,PortScan,all,detection_rate,0.5753007032420869
ffnn_naive,none,5,PortScan,all,binary_f1,0.7301814398127073
ffnn_naive,none,6,DDoS,task0,n,138702.0
ffnn_naive,none,6,DDoS,task0,n_benign,137344.0
ffnn_naive,none,6,DDoS,task0,n_attack,1358.0
ffnn_naive,none,6,DDoS,task0,accuracy,0.9901515479228851
ffnn_naive,none,6,DDoS,task0,macro_f1,0.49752570298292265
ffnn_naive,none,6,DDoS,task0,fpr,5.824790307548928e-05
ffnn_naive,none,6,DDoS,task0,detection_rate,0.0
ffnn_naive,none,6,DDoS,task0,binary_f1,0.0
ffnn_naive,none,6,DDoS,task0,category_recall,0.0
ffnn_naive,none,6,DDoS,task1,n,96639.0
ffnn_naive,none,6,DDoS,task1,n_benign,76782.0
ffnn_naive,none,6,DDoS,task1,n_attack,19857.0
ffnn_naive,none,6,DDoS,task1,accuracy,0.7945239499580915
ffnn_naive,none,6,DDoS,task1,macro_f1,0.4457280189478817
ffnn_naive,none,6,DDoS,task1,fpr,0.0
ffnn_naive,none,6,DDoS,task1,detection_rate,0.058367326383643045
ffnn_naive,none,6,DDoS,task1,binary_f1,0.1102969166349448
ffnn_naive,none,6,DDoS,task1,category_recall,0.0
ffnn_naive,none,6,DDoS,task2,n,21631.0
ffnn_naive,none,6,DDoS,task2,n_benign,21610.0
ffnn_naive,none,6,DDoS,task2,n_attack,21.0
ffnn_naive,none,6,DDoS,task2,accuracy,0.9990291710970367
ffnn_naive,none,6,DDoS,task2,macro_f1,0.4997571749034481
ffnn_naive,none,6,DDoS,task2,fpr,0.0
ffnn_naive,none,6,DDoS,task2,detection_rate,0.0
ffnn_naive,none,6,DDoS,task2,binary_f1,0.0
ffnn_naive,none,6,DDoS,task2,category_recall,0.0
ffnn_naive,none,6,DDoS,task3,n,50445.0
ffnn_naive,none,6,DDoS,task3,n_benign,32949.0
ffnn_naive,none,6,DDoS,task3,n_attack,17496.0
ffnn_naive,none,6,DDoS,task3,accuracy,0.6531073446327683
ffnn_naive,none,6,DDoS,task3,macro_f1,0.44786101708739445
ffnn_naive,none,6,DDoS,task3,fpr,9.104980424292088e-05
ffnn_naive,none,6,DDoS,task3,detection_rate,0.5617283950617284
ffnn_naive,none,6,DDoS,task3,binary_f1,0.7192886156548468
ffnn_naive,none,6,DDoS,task3,category_recall,0.0
ffnn_naive,none,6,DDoS,task4,n,27642.0
ffnn_naive,none,6,DDoS,task4,n_benign,27385.0
ffnn_naive,none,6,DDoS,task4,n_attack,257.0
ffnn_naive,none,6,DDoS,task4,accuracy,0.9906302004196512
ffnn_naive,none,6,DDoS,task4,macro_f1,0.49764652430713313
ffnn_naive,none,6,DDoS,task4,fpr,7.303268212525105e-05
ffnn_naive,none,6,DDoS,task4,detection_rate,0.0
ffnn_naive,none,6,DDoS,task4,binary_f1,0.0
ffnn_naive,none,6,DDoS,task4,category_recall,0.0
ffnn_naive,none,6,DDoS,task5,n,51117.0
ffnn_naive,none,6,DDoS,task5,n_benign,31046.0
ffnn_naive,none,6,DDoS,task5,n_attack,20071.0
ffnn_naive,none,6,DDoS,task5,accuracy,0.8265743294794295
ffnn_naive,none,6,DDoS,task5,macro_f1,0.7961670245238802
ffnn_naive,none,6,DDoS,task5,fpr,3.22102686336404e-05
ffnn_naive,none,6,DDoS,task5,detection_rate,0.5610582432365104
ffnn_naive,none,6,DDoS,task5,binary_f1,0.7187948807966043
ffnn_naive,none,6,DDoS,task5,category_recall,0.5583677943301281
ffnn_naive,none,6,DDoS,task6,n,28798.0
ffnn_naive,none,6,DDoS,task6,n_benign,9791.0
ffnn_naive,none,6,DDoS,task6,n_attack,19007.0
ffnn_naive,none,6,DDoS,task6,accuracy,0.9992707826932425
ffnn_naive,none,6,DDoS,task6,macro_f1,0.9991880009996928
ffnn_naive,none,6,DDoS,task6,fpr,0.0
ffnn_naive,none,6,DDoS,task6,detection_rate,0.9988951438943547
ffnn_naive,none,6,DDoS,task6,binary_f1,0.9994472666017424
ffnn_naive,none,6,DDoS,task6,category_recall,0.9988951438943547
ffnn_naive,none,6,DDoS,seen,n,414974.0
ffnn_naive,none,6,DDoS,seen,n_benign,336907.0
ffnn_naive,none,6,DDoS,seen,n_attack,78067.0
ffnn_naive,none,6,DDoS,seen,accuracy,0.8845999990360842
ffnn_naive,none,6,DDoS,seen,macro_f1,0.30770164534112
ffnn_naive,none,6,DDoS,seen,fpr,4.155449426696388e-05
ffnn_naive,none,6,DDoS,seen,detection_rate,0.5281873262710236
ffnn_naive,none,6,DDoS,seen,binary_f1,0.691178812387378
ffnn_naive,none,6,DDoS,all,n,414974.0
ffnn_naive,none,6,DDoS,all,n_benign,336907.0
ffnn_naive,none,6,DDoS,all,n_attack,78067.0
ffnn_naive,none,6,DDoS,all,accuracy,0.8845999990360842
ffnn_naive,none,6,DDoS,all,macro_f1,0.30770164534112
ffnn_naive,none,6,DDoS,all,fpr,4.155449426696388e-05
ffnn_naive,none,6,DDoS,all,detection_rate,0.5281873262710236
ffnn_naive,none,6,DDoS,all,binary_f1,0.691178812387378
gnn_ewc,none,0,BruteForce,task0,n,138702.0
gnn_ewc,none,0,BruteForce,task0,n_benign,137344.0
gnn_ewc,none,0,BruteForce,task0,n_attack,1358.0
gnn_ewc,none,0,BruteForce,task0,accuracy,0.9998702253752649
gnn_ewc,none,0,BruteForce,task0,macro_f1,0.9966729437484376
gnn_ewc,none,0,BruteForce,task0,fpr,0.00012377679403541473
gnn_ewc,none,0,BruteForce,task0,detection_rate,0.9992636229749632
gnn_ewc,none,0,BruteForce,task0,binary_f1,0.9934114202049781
gnn_ewc,none,0,BruteForce,task0,category_recall,0.9992636229749632
gnn_ewc,none,0,BruteForce,task1,n,96639.0
gnn_ewc,none,0,BruteForce,task1,n_benign,76782.0
gnn_ewc,none,0,BruteForce,task1,n_attack,19857.0
gnn_ewc,none,0,BruteForce,task1,accuracy,0.7945239499580915
gnn_ewc,none,0,BruteForce,task1,macro_f1,0.44274914802705556
gnn_ewc,none,0,BruteForce,task1,fpr,0.0
gnn_ewc,none,0,BruteForce,task1,detection_rate,0.0
gnn_ewc,none,0,BruteForce,task1,binary_f1,0.0
gnn_ewc,none,0,BruteForce,task1,category_recall,0.0
gnn_ewc,none,0,BruteForce,task2,n,21631.0
gnn_ewc,none,0,BruteForce,task2,n_benign,21610.0
gnn_ewc,none,0,BruteForce,task2,n_attack,21.0
gnn_ewc,none,0,BruteForce,task2,accuracy,0.9990291710970367
gnn_ewc,none,0,BruteForce,task2,macro_f1,0.4997571749034481
gnn_ewc,none,0,BruteForce,task2,fpr,0.0
gnn_ewc,none,0,BruteForce,task2,detection_rate,0.0
gnn_ewc,none,0,BruteForce,task2,binary_f1,0.0
gnn_ewc,none,0,BruteForce,task2,category_recall,0.0
gnn_ewc,none,0,BruteForce,task3,n,50445.0
gnn_ewc,none,0,BruteForce,task3,n_benign,32949.0
gnn_ewc,none,0,BruteForce,task3,n_attack,17496.0
gnn_ewc,none,0,BruteForce,task3,accuracy,0.6531668153434433
gnn_ewc,none,0,BruteForce,task3,macro_f1,0.39510036693287287
gnn_ewc,none,0,BruteForce,task3,fpr,0.0
gnn_ewc,none,0,BruteForce,task3,detection_rate,0.0
gnn_ewc,none,0,BruteForce,task3,binary_f1,0.0
gnn_ewc,none,0,BruteForce,task3,category_recall,0.0
gnn_ewc,none,0,BruteForce,task4,n,27642.0
gnn_ewc,none,0,BruteForce,task4,n_benign,27385.0
gnn_ewc,none,0,BruteForce,task4,n_attack,257.0
gnn_ewc,none,0,BruteForce,task4,accuracy,0.9907025540843644
gnn_ewc,none,0,BruteForce,task4,macro_f1,0.49766478274301706
gnn_ewc,none,0,BruteForce,task4,fpr,0.0
gnn_ewc,none,0,BruteForce,task4,detection_rate,0.0
gnn_ewc,none,0,BruteForce,task4,binary_f1,0.0
gnn_ewc,none,0,BruteForce,task4,category_recall,0.0
gnn_ewc,none,0,BruteForce,task5,n,51117.0
gnn_ewc,none,0,BruteForce,task5,n_benign,31046.0
gnn_ewc,none,0,BruteForce,task5,n_attack,20071.0
gnn_ewc,none,0,BruteForce,task5,accuracy,0.6073321986814563
gnn_ewc,none,0,BruteForce,task5,macro_f1,0.3778510747060685
gnn_ewc,none,0,BruteForce,task5,fpr,3.22102686336404e-05
gnn_ewc,none,0,BruteForce,task5,detection_rate,0.0
gnn_ewc,none,0,BruteForce,task5,binary_f1,0.0
gnn_ewc,none,0,BruteForce,task5,category_recall,0.0
gnn_ewc,none,0,BruteForce,task6,n,28798.0
gnn_ewc,none,0,BruteForce,task6,n_benign,9791.0
gnn_ewc,none,0,BruteForce,task6,n_attack,19007.0
gnn_ewc,none,0,BruteForce,task6,accuracy,0.33995416348357527
gnn_ewc,none,0,BruteForce,task6,macro_f1,0.2537058152793615
gnn_ewc,none,0,BruteForce,task6,fpr,0.0001021346134204882
gnn_ewc,none,0,BruteForce,task6,detection_rate,0.0
gnn_ewc,none,0,BruteForce,task6,binary_f1,0.0
gnn_ewc,none,0,BruteForce,task6,category_recall,0.0
gnn_ewc,none,0,BruteForce,seen,n,138702.0
gnn_ewc,none,0,BruteForce,seen,n_benign,137344.0
gnn_ewc,none,0,BruteForce,seen,n_attack,1358.0
gnn_ewc,none,0,BruteForce,seen,accuracy,0.9998702253752649
gnn_ewc,none,0,BruteForce,seen,macro_f1,0.9966729437484376
gnn_ewc,none,0,BruteForce,seen,fpr,0.00012377679403541473
gnn_ewc,none,0,BruteForce,seen,detection_rate,0.9992636229749632
gnn_ewc,none,0,BruteForce,seen,binary_f1,0.9934114202049781
gnn_ewc,none,0,BruteForce,all,n,414974.0
gnn_ewc,none,0,BruteForce,all,n_benign,336907.0
gnn_ewc,none,0,BruteForce,all,n_attack,78067.0
gnn_ewc,none,0,BruteForce,all,accuracy,0.8150992592306988
gnn_ewc,none,0,BruteForce,all,macro_f1,0.23630602711901372
gnn_ewc,none,0,BruteForce,all,fpr,5.639538507659384e-05
gnn_ewc,none,0,BruteForce,all,detection_rate,0.017382504771542392
gnn_ewc,none,0,BruteForce,all,binary_f1,0.03416285890512694
gnn_ewc,none,1,DoS,task0,n,138702.0
gnn_ewc,none,1,DoS,task0,n_benign,137344.0
gnn_ewc,none,1,DoS,task0,n_attack,1358.0
gnn_ewc,none,1,DoS,task0,accuracy,0.9976496373520208
gnn_ewc,none,1,DoS,task0,macro_f1,0.935598462881829
gnn_ewc,none,1,DoS,task0,fpr,0.00012377679403541473
gnn_ewc,none,1,DoS,task0,detection_rate,0.9992636229749632
gnn_ewc,none,1,DoS,task0,binary_f1,0.9934114202049781
gnn_ewc,none,1,DoS,task0,category_recall,0.772459499263623
gnn_ewc,none,1,DoS,task1,n,96639.0
gnn_ewc,none,1,DoS,task1,n_benign,76782.0
gnn_ewc,none,1,DoS,task1,n_attack,19857.0
gnn_ewc,none,1,DoS,task1,accuracy,0.9987065263506452
gnn_ewc,none,1,DoS,task1,macro_f1,0.9980230491086473
gnn_ewc,none,1,DoS,task1,fpr,0.0014847229819488943
gnn_ewc,none,1,DoS,task1,detection_rate,0.999446039180138
gnn_ewc,none,1,DoS,task1,binary_f1,0.996860637416179
gnn_ewc,none,1,DoS,task1,category_recall,0.999446039180138
gnn_ewc,none,1,DoS,task2,n,21631.0
gnn_ewc,none,1,DoS,task2,n_benign,21610.0
gnn_ewc,none,1,DoS,task2,n_attack,21.0
gnn_ewc,none,1,DoS,task2,accuracy,0.9988442513059961
gnn_ewc,none,1,DoS,task2,macro_f1,0.4999537208441318
gnn_ewc,none,1,DoS,task2,fpr,0.00018509949097639982
gnn_ewc,none,1,DoS,task2,detection_rate,1.0
gnn_ewc,none,1,DoS,task2,binary_f1,0.9130434782608695
gnn_ewc,none,1,DoS,task2,category_recall,0.0
gnn_ewc,none,1,DoS,task3,n,50445.0
gnn_ewc,none,1,DoS,task3,n_benign,32949.0
gnn_ewc,none,1,DoS,task3,n_attack,17496.0
gnn_ewc,none,1,DoS,task3,accuracy,0.6531271682029933
gnn_ewc,none,1,DoS,task3,macro_f1,0.39508585955487335
gnn_ewc,none,1,DoS,task3,fpr,6.069986949528059e-05
gnn_ewc,none,1,DoS,task3,detection_rate,0.0
gnn_ewc,none,1,DoS,task3,binary_f1,0.0
gnn_ewc,none,1,DoS,task3,category_recall,0.0
gnn_ewc,none,1,DoS,task4,n,27642.0
gnn_ewc,none,1,DoS,task4,n_benign,27385.0
gnn_ewc,none,1,DoS,task4,n_attack,257.0
gnn_ewc,none,1,DoS,task4,accuracy,0.9905940235872946
gnn_ewc,none,1,DoS,task4,macro_f1,0.497637394591451
gnn_ewc,none,1,DoS,task4,fpr,0.00010954902318787658
gnn_ewc,none,1,DoS,task4,detection_rate,0.0
gnn_ewc,none,1,DoS,task4,binary_f1,0.0
gnn_ewc,none,1,DoS,task4,category_recall,0.0
gnn_ewc,none,1,DoS,task5,n,51117.0
gnn_ewc,none,1,DoS,task5,n_benign,31046.0
gnn_ewc,none,1,DoS,task5,n_attack,20071.0
gnn_ewc,none,1,DoS,task5,accuracy,0.6073517616448539
gnn_ewc,none,1,DoS,task5,macro_f1,0.37785864683616716
gnn_ewc,none,1,DoS,task5,fpr,0.0
gnn_ewc,none,1,DoS,task5,detection_rate,0.0
gnn_ewc,none,1,DoS,task5,binary_f1,0.0
gnn_ewc,none,1,DoS,task5,category_recall,0.0
gnn_ewc,none,1,DoS,task6,n,28798.0
gnn_ewc,none,1,DoS,task6,n_benign,9791.0
gnn_ewc,none,1,DoS,task6,n_attack,19007.0
gnn_ewc,none,1,DoS,task6,accuracy,0.3399888881172304
gnn_ewc,none,1,DoS,task6,macro_f1,0.5
gnn_ewc,none,1,DoS,task6,fpr,0.0
gnn_ewc,none,1,DoS,task6,detection_rate,1.0
gnn_ewc,none,1,DoS,task6,binary_f1,1.0
gnn_ewc,none,1,DoS,task6,category_recall,0.0
gnn_ewc,none,1,DoS,seen,n,235341.0
gnn_ewc,none,1,DoS,seen,n_benign,214126.0
gnn_ewc,none,1,DoS,seen,n_attack,21215.0
gnn_ewc,none,1,DoS,seen,accuracy,0.9980836318363566
gnn_ewc,none,1,DoS,seen,macro_f1,0.9532476264172786
gnn_ewc,none,1,DoS,seen,fpr,0.0006117893203067353
gnn_ewc,none,1,DoS,seen,detection_rate,0.9994343624793778
gnn_ewc,none,1,DoS,seen,binary_f1,0.9966391689581424
gnn_ewc,none,1,DoS,all,n,414974.0
gnn_ewc,none,1,DoS,all,n_benign,336907.0
gnn_ewc,none,1,DoS,all,n_attack,78067.0
gnn_ewc,none,1,DoS,all,accuracy,0.8618901425149528
gnn_ewc,none,1,DoS,all,macro_f1,0.31107635946232576
gnn_ewc,none,1,DoS,all,fpr,0.0004155449426696388
gnn_ewc,none,1,DoS,all,detection_rate,0.5153393879616227
gnn_ewc,none,1,DoS,all,binary_f1,0.6793596649723906
gnn_ewc,none,2,WebAttack,task0,n,138702.0
gnn_ewc,none,2,WebAttack,task0,n_benign,137344.0
gnn_ewc,none,2,WebAttack,task0,n_attack,1358.0
gnn_ewc,none,2,WebAttack,task0,accuracy,0.9902092255338784
gnn_ewc,none,2,WebAttack,task0,macro_f1,0.4999945393187254
gnn_ewc,none,2,WebAttack,task0,fpr,0.0
gnn_ewc,none,2,WebAttack,task0,detection_rate,0.9977908689248896
gnn_ewc,none,2,WebAttack,task0,binary_f1,0.9988942130482861
gnn_ewc,none,2,WebAttack,task0,category_recall,0.0
gnn_ewc,none,2,WebAttack,task1,n,96639.0
gnn_ewc,none,2,WebAttack,task1,n_benign,76782.0
gnn_ewc,none,2,WebAttack,task1,n_attack,19857.0
gnn_ewc,none,2,WebAttack,task1,accuracy,0.9908629021409576
gnn_ewc,none,2,WebAttack,task1,macro_f1,0.9857716323315096
gnn_ewc,none,2,WebAttack,task1,fpr,0.0
gnn_ewc,none,2,WebAttack,task1,detection_rate,0.9555320541874402
gnn_ewc,none,2,WebAttack,task1,binary_f1,0.9772604362493884
gnn_ewc,none,2,WebAttack,task1,category_recall,0.9555320541874402
gnn_ewc,none,2,WebAttack,task2,n,21631.0
gnn_ewc,none,2,WebAttack,task2,n_benign,21610.0
gnn_ewc,none,2,WebAttack,task2,n_attack,21.0
gnn_ewc,none,2,WebAttack,task2,accuracy,0.9993065507835976
gnn_ewc,none,2,WebAttack,task2,macro_f1,0.7578910295106334
gnn_ewc,none,2,WebAttack,task2,fpr,9.254974548819991e-05
gnn_ewc,none,2,WebAttack,task2,detection_rate,0.38095238095238093
gnn_ewc,none,2,WebAttack,task2,binary_f1,0.5161290322580645
gnn_ewc,none,2,WebAttack,task2,category_recall,0.38095238095238093
gnn_ewc,none,2,WebAttack,task3,n,50445.0
gnn_ewc,none,2,WebAttack,task3,n_benign,32949.0
gnn_ewc,none,2,WebAttack,task3,n_attack,17496.0
gnn_ewc,none,2,WebAttack,task3,accuracy,0.6531668153434433
gnn_ewc,none,2,WebAttack,task3,macro_f1,0.3951145807101486
gnn_ewc,none,2,WebAttack,task3,fpr,0.0
gnn_ewc,none,2,WebAttack,task3,detection_rate,0.00017146776406035664
gnn_ewc,none,2,WebAttack,task3,binary_f1,0.0003428767358134751
gnn_ewc,none,2,WebAttack,task3,category_recall,0.0
gnn_ewc,none,2,WebAttack,task4,n,27642.0
gnn_ewc,none,2,WebAttack,task4,n_benign,27385.0
gnn_ewc,none,2,WebAttack,task4,n_attack,257.0
gnn_ewc,none,2,WebAttack,task4,accuracy,0.9907025540843644
gnn_ewc,none,2,WebAttack,task4,macro_f1,0.49766478274301706
gnn_ewc,none,2,WebAttack,task4,fpr,0.0
gnn_ewc,none,2,WebAttack,task4,detection_rate,0.0
gnn_ewc,none,2,WebAttack,task4,binary_f1,0.0
gnn_ewc,none,2,WebAttack,task4,category_recall,0.0
gnn_ewc,none,2,WebAttack,task5,n,51117.0
gnn_ewc,none,2,WebAttack,task5,n_benign,31046.0
gnn_ewc,none,2,WebAttack,task5,n_attack,20071.0
gnn_ewc,none,2,WebAttack,task5,accuracy,0.6073517616448539
gnn_ewc,none,2,WebAttack,task5,macro_f1,0.37785864683616716
gnn_ewc,none,2,WebAttack,task5,fpr,0.0
gnn_ewc,none,2,WebAttack,task5,detection_rate,0.0
gnn_ewc,none,2,WebAttack,task5,binary_f1,0.0
gnn_ewc,none,2,WebAttack,task5,category_recall,0.0
gnn_ewc,none,2,WebAttack,task6,n,28798.0
gnn_ewc,none,2,WebAttack,task6,n_benign,9791.0
gnn_ewc,none,2,WebAttack,task6,n_attack,19007.0
gnn_ewc,none,2,WebAttack,task6,accuracy,0.33991943884992015
gnn_ewc,none,2,WebAttack,task6,macro_f1,0.4994897438514134
gnn_ewc,none,2,WebAttack,task6,fpr,0.0002042692268409764
gnn_ewc,none,2,WebAttack,task6,detection_rate,0.9990529804808754
gnn_ewc,none,2,WebAttack,task6,binary_f1,0.9994736565082373
gnn_ewc,none,2,WebAttack,task6,category_recall,0.0
gnn_ewc,none,2,WebAttack,seen,n,256972.0
gnn_ewc,none,2,WebAttack,seen,n_benign,235736.0
gnn_ewc,none,2,WebAttack,seen,n_attack,21236.0
gnn_ewc,none,2,WebAttack,seen,accuracy,0.9912208333981912
gnn_ewc,none,2,WebAttack,seen,macro_f1,0.49672426016510424
gnn_ewc,none,2,WebAttack,seen,fpr,8.484066922319883e-06
gnn_ewc,none,2,WebAttack,seen,detection_rate,0.957666227161424
gnn_ewc,none,2,WebAttack,seen,binary_f1,0.97832832230908
gnn_ewc,none,2,WebAttack,all,n,414974.0
gnn_ewc,none,2,WebAttack,all,n_benign,336907.0
gnn_ewc,none,2,WebAttack,all,n_attack,78067.0
gnn_ewc,none,2,WebAttack,all,accuracy,0.8576079465219508
gnn_ewc,none,2,WebAttack,all,macro_f1,0.20168051709950802
gnn_ewc,none,2,WebAttack,all,fpr,1.1872712647703965e-05
gnn_ewc,none,2,WebAttack,all,detection_rate,0.503785210140008
gnn_ewc,none,2,WebAttack,all,binary_f1,0.67
gnn_ewc,none,3,Infiltration,task0,n,138702.0
gnn_ewc,none,3,Infiltration,task0,n_benign,137344.0
gnn_ewc,none,3,Infiltration,task0,n_attack,1358.0
gnn_ewc,none,3,Infiltration,task0,accuracy,0.9899064180761633
gnn_ewc,none,3,Infiltration,task0,macro_f1,0.4980195577737798
gnn_ewc,none,3,Infiltration,task0,fpr,0.00030580149114631873
gnn_ewc,none,3,Infiltration,task0,detection_rate,0.2268041237113402
gnn_ewc,none,3,Infiltration,task0,binary_f1,0.36065573770491804
gnn_ewc,none,3,Infiltration,task0,category_recall,0.0
gnn_ewc,none,3,Infiltration,task1,n,96639.0
gnn_ewc,none,3,Infiltration,task1,n_benign,76782.0
gnn_ewc,none,3,Infiltration,task1,n_attack,19857.0
gnn_ewc,none,3,Infiltration,task1,accuracy,0.8460559401483873
gnn_ewc,none,3,Infiltration,task1,macro_f1,0.6611395574686956
gnn_ewc,none,3,Infiltration,task1,fpr,0.0018493917845328332
gnn_ewc,none,3,Infiltration,task1,detection_rate,0.2639371506269829
gnn_ewc,none,3,Infiltration,task1,binary_f1,0.4152931854199683
gnn_ewc,none,3,Infiltration,task1,category_recall,0.2579443017575666
gnn_ewc,none,3,Infiltration,task2,n,21631.0
gnn_ewc,none,3,Infiltration,task2,n_benign,21610.0
gnn_ewc,none,3,Infiltration,task2,n_attack,21.0
gnn_ewc,none,3,Infiltration,task2,accuracy,0.9993527807313578
gnn_ewc,none,3,Infiltration,task2,macro_f1,0.7498496518862905
gnn_ewc,none,3,Infiltration,task2,fpr,0.0
gnn_ewc,none,3,Infiltration,task2,detection_rate,0.38095238095238093
gnn_ewc,none,3,Infiltration,task2,binary_f1,0.5517241379310345
gnn_ewc,none,3,Infiltration,task2,category_recall,0.3333333333333333
gnn_ewc,none,3,Infiltration,task3,n,50445.0
gnn_ewc,none,3,Infiltration,task3,n_benign,32949.0
gnn_ewc,none,3,Infiltration,task3,n_attack,17496.0
gnn_ewc,none,3,Infiltration,task3,accuracy,0.9998414114382
gnn_ewc,none,3,Infiltration,task3,macro_f1,0.9998249835960069
gnn_ewc,none,3,Infiltration,task3,fpr,9.104980424292088e-05
gnn_ewc,none,3,Infiltration,task3,detection_rate,0.9997142203932328
gnn_ewc,none,3,Infiltration,task3,binary_f1,0.999771363246642
gnn_ewc,none,3,Infiltration,task3,category_recall,0.9997142203932328
gnn_ewc,none,3,Infiltration,task4,n,27642.0
gnn_ewc,none,3,Infiltration,task4,n_benign,27385.0
gnn_ewc,none,3,Infiltration,task4,n_attack,257.0
gnn_ewc,none,3,Infiltration,task4,accuracy,0.9907025540843644
gnn_ewc,none,3,Infiltration,task4,macro_f1,0.49766478274301706
gnn_ewc,none,3,Infiltration,task4,fpr,0.0
gnn_ewc,none,3,Infiltration,task4,detection_rate,0.0
gnn_ewc,none,3,Infiltration,task4,binary_f1,0.0
gnn_ewc,none,3,Infiltration,task4,category_recall,0.0
gnn_ewc,none,3,Infiltration,task5,n,51117.0
gnn_ewc,none,3,Infiltration,task5,n_benign,31046.0
gnn_ewc,none,3,Infiltration,task5,n_attack,20071.0
gnn_ewc,none,3,Infiltration,task5,accuracy,0.6068822505233092
gnn_ewc,none,3,Infiltration,task5,macro_f1,0.49961347677639634
gnn_ewc,none,3,Infiltration,task5,fpr,0.0007730464472073697
gnn_ewc,none,3,Infiltration,task5,detection_rate,0.9988042449304967
gnn_ewc,none,3,Infiltration,task5,binary_f1,0.9988042449304967
gnn_ewc,none,3,Infiltration,task5,category_recall,0.0
gnn_ewc,none,3,Infiltration,task6,n,28798.0
gnn_ewc,none,3,Infiltration,task6,n_benign,9791.0
gnn_ewc,none,3,Infiltration,task6,n_attack,19007.0
gnn_ewc,none,3,Infiltration,task6,accuracy,0.3393985693450934
gnn_ewc,none,3,Infiltration,task6,macro_f1,0.27030614784700907
gnn_ewc,none,3,Infiltration,task6,fpr,0.0017362884281482995
gnn_ewc,none,3,Infiltration,task6,detection_rate,0.12695322775819434
gnn_ewc,none,3,Infiltration,task6,binary_f1,0.22512478425152774
gnn_ewc,none,3,Infiltration,task6,category_recall,0.0
gnn_ewc,none,3,Infiltration,seen,n,307417.0
gnn_ewc,none,3,Infiltration,seen,n_benign,268685.0
gnn_ewc,none,3,Infiltration,seen,n_attack,38732.0
gnn_ewc,none,3,Infiltration,seen,accuracy,0.9469808110807145
gnn_ewc,none,3,Infiltration,seen,macro_f1,0.5727966024945362
gnn_ewc,none,3,Infiltration,seen,fpr,0.0006959822840873142
gnn_ewc,none,3,Infiltration,seen,detection_rate,0.5950635133739544
gnn_ewc,none,3,Infiltration,seen,binary_f1,0.7438798069940452
gnn_ewc,none,3,Infiltration,all,n,414974.0
gnn_ewc,none,3,Infiltration,all,n_benign,336907.0
gnn_ewc,none,3,Infiltration,all,n_attack,78067.0
gnn_ewc,none,3,Infiltration,all,accuracy,0.8658349679738971
gnn_ewc,none,3,Infiltration,all,macro_f1,0.3069984313517601
gnn_ewc,none,3,Infiltration,all,fpr,0.0006767446209191261
gnn_ewc,none,3,Infiltration,all,detection_rate,0.5829351710710031
gnn_ewc,none,3,Infiltration,all,binary_f1,0.7351679684660307
gnn_ewc,none,4,Botnet,task0,n,138702.0
gnn_ewc,none,4,Botnet,task0,n_benign,137344.0
gnn_ewc,none,4,Botnet,task0,n_attack,1358.0
gnn_ewc,none,4,Botnet,task0,accuracy,0.9898703695692924
gnn_ewc,none,4,Botnet,task0,macro_f1,0.49745470092282945
gnn_ewc,none,4,Botnet,task0,fpr,0.00034220643056849954
gnn_ewc,none,4,Botnet,task0,detection_rate,0.0
gnn_ewc,none,4,Botnet,task0,binary_f1,0.0
gnn_ewc,none,4,Botnet,task0,category_recall,0.0
gnn_ewc,none,4,Botnet,task1,n,96639.0
gnn_ewc,none,4,Botnet,task1,n_benign,76782.0
gnn_ewc,none,4,Botnet,task1,n_attack,19857.0
gnn_ewc,none,4,Botnet,task1,accuracy,0.8252051449207877
gnn_ewc,none,4,Botnet,task1,macro_f1,0.5810068076765539
gnn_ewc,none,4,Botnet,task1,fpr,0.0002214060587116772
gnn_ewc,none,4,Botnet,task1,detection_rate,0.15017374225713853
gnn_ewc,none,4,Botnet,task1,binary_f1,0.2609380469023451
gnn_ewc,none,4,Botnet,task1,category_recall,0.15017374225713853
gnn_ewc,none,4,Botnet,task2,n,21631.0
gnn_ewc,none,4,Botnet,task2,n_benign,21610.0
gnn_ewc,none,4,Botnet,task2,n_attack,21.0
gnn_ewc,none,4,Botnet,task2,accuracy,0.9990291710970367
gnn_ewc,none,4,Botnet,task2,macro_f1,0.4997571749034481
gnn_ewc,none,4,Botnet,task2,fpr,0.0
gnn_ewc,none,4,Botnet,task2,detection_rate,0.0
gnn_ewc,none,4,Botnet,task2,binary_f1,0.0
gnn_ewc,none,4,Botnet,task2,category_recall,0.0
gnn_ewc,none,4,Botnet,task3,n,50445.0
gnn_ewc,none,4,Botnet,task3,n_benign,32949.0
gnn_ewc,none,4,Botnet,task3,n_attack,17496.0
gnn_ewc,none,4,Botnet,task3,accuracy,0.9994449400337001
gnn_ewc,none,4,Botnet,task3,macro_f1,0.9996186673660441
gnn_ewc,none,4,Botnet,task3,fpr,0.000515948890709885
gnn_ewc,none,4,Botnet,task3,detection_rate,0.9997142203932328
gnn_ewc,none,4,Botnet,task3,binary_f1,0.9993715003999543
gnn_ewc,none,4,Botnet,task3,category_recall,0.9993712848651121
gnn_ewc,none,4,Botnet,task4,n,27642.0
gnn_ewc,none,4,Botnet,task4,n_benign,27385.0
gnn_ewc,none,4,Botnet,task4,n_attack,257.0
gnn_ewc,none,4,Botnet,task4,accuracy,0.9999638231676434
gnn_ewc,none,4,Botnet,task4,macro_f1,0.9990199969616431
gnn_ewc,none,4,Botnet,task4,fpr,3.6516341062625523e-05
gnn_ewc,none,4,Botnet,task4,detection_rate,1.0
gnn_ewc,none,4,Botnet,task4,binary_f1,0.9980582524271845
gnn_ewc,none,4,Botnet,task4,category_recall,1.0
gnn_ewc,none,4,Botnet,task5,n,51117.0
gnn_ewc,none,4,Botnet,task5,n_benign,31046.0
gnn_ewc,none,4,Botnet,task5,n_attack,20071.0
gnn_ewc,none,4,Botnet,task5,accuracy,0.6073126357180586
gnn_ewc,none,4,Botnet,task5,macro_f1,0.4995253190017217
gnn_ewc,none,4,Botnet,task5,fpr,6.44205372672808e-05
gnn_ewc,none,4,Botnet,task5,detection_rate,0.9971600817099298
gnn_ewc,none,4,Botnet,task5,binary_f1,0.9985282011624717
gnn_ewc,none,4,Botnet,task5,category_recall,0.0
gnn_ewc,none,4,Botnet,task6,n,28798.0
gnn_ewc,none,4,Botnet,task6,n_benign,9791.0
gnn_ewc,none,4,Botnet,task6,n_attack,19007.0
gnn_ewc,none,4,Botnet,task6,accuracy,0.33995416348357527
gnn_ewc,none,4,Botnet,task6,macro_f1,0.2537058152793615
gnn_ewc,none,4,Botnet,task6,fpr,0.0001021346134204882
gnn_ewc,none,4,Botnet,task6,detection_rate,0.0
gnn_ewc,none,4,Botnet,task6,binary_f1,0.0
gnn_ewc,none,4,Botnet,task6,category_recall,0.0
gnn_ewc,none,4,Botnet,seen,n,335059.0
gnn_ewc,none,4,Botnet,seen,n_benign,296070.0
gnn_ewc,none,4,Botnet,seen,n_attack,38989.0
gnn_ewc,none,4,Botnet,seen,accuracy,0.9452424796826827
gnn_ewc,none,4,Botnet,seen,macro_f1,0.5159762525192773
gnn_ewc,none,4,Botnet,seen,fpr,0.00027696152936805486
gnn_ewc,none,4,Botnet,seen,detection_rate,0.5316884249403678
gnn_ewc,none,4,Botnet,seen,binary_f1,0.6932994431531245
gnn_ewc,none,4,Botnet,all,n,414974.0
gnn_ewc,none,4,Botnet,all,n_benign,336907.0
gnn_ewc,none,4,Botnet,all,n_attack,78067.0
gnn_ewc,none,4,Botnet,all,accuracy,0.8616106069295908
gnn_ewc,none,4,Botnet,all,macro_f1,0.338159740949285
gnn_ewc,none,4,Botnet,all,fpr,0.00025229514376370925
gnn_ewc,none,4,Botnet,all,detection_rate,0.5219106664787938
gnn_ewc,none,4,Botnet,all,binary_f1,0.6853720898936886
gnn_ewc,none,5,PortScan,task0,n,138702.0
gnn_ewc,none,5,PortScan,task0,n_benign,137344.0
gnn_ewc,none,5,PortScan,task0,n_attack,1358.0
gnn_ewc,none,5,PortScan,task0,accuracy,0.9898703695692924
gnn_ewc,none,5,PortScan,task0,macro_f1,0.49745470092282945
gnn_ewc,none,5,PortScan,task0,fpr,0.00034220643056849954
gnn_ewc,none,5,PortScan,task0,detection_rate,0.0
gnn_ewc,none,5,PortScan,task0,binary_f1,0.0
gnn_ewc,none,5,PortScan,task0,category_recall,0.0
gnn_ewc,none,5,PortScan,task1,n,96639.0
gnn_ewc,none,5,PortScan,task1,n_benign,76782.0
gnn_ewc,none,5,PortScan,task1,n_attack,19857.0
gnn_ewc,none,5,PortScan,task1,accuracy,0.8253810573370999
gnn_ewc,none,5,PortScan,task1,macro_f1,0.5813239493713358
gnn_ewc,none,5,PortScan,task1,fpr,9.116720064598473e-05
gnn_ewc,none,5,PortScan,task1,detection_rate,0.1505262627788689
gnn_ewc,none,5,PortScan,task1,binary_f1,0.2615849122653481
gnn_ewc,none,5,PortScan,task1,category_recall,0.1505262627788689
gnn_ewc,none,5,PortScan,task2,n,21631.0
gnn_ewc,none,5,PortScan,task2,n_benign,21610.0
gnn_ewc,none,5,PortScan,task2,n_attack,21.0
gnn_ewc,none,5,PortScan,task2,accuracy,0.9993527807313578
gnn_ewc,none,5,PortScan,task2,macro_f1,0.7498380903918213
gnn_ewc,none,5,PortScan,task2,fpr,0.0
gnn_ewc,none,5,PortScan,task2,detection_rate,0.3333333333333333
gnn_ewc,none,5,PortScan,task2,binary_f1,0.5
gnn_ewc,none,5,PortScan,task2,category_recall,0.3333333333333333
gnn_ewc,none,5,PortScan,task3,n,50445.0
gnn_ewc,none,5,PortScan,task3,n_benign,32949.0
gnn_ewc,none,5,PortScan,task3,n_attack,17496.0
gnn_ewc,none,5,PortScan,task3,accuracy,0.6528892853602933
gnn_ewc,none,5,PortScan,task3,macro_f1,0.50006161131686
gnn_ewc,none,5,PortScan,task3,fpr,0.0005462988254575252
gnn_ewc,none,5,PortScan,task3,detection_rate,0.9997713763145862
gnn_ewc,none,5,PortScan,task3,binary_f1,0.9993715363080615
gnn_ewc,none,5,PortScan,task3,category_recall,0.00022862368541380886
gnn_ewc,none,5,PortScan,task4,n,27642.0
gnn_ewc,none,5,PortScan,task4,n_benign,27385.0
gnn_ewc,none,5,PortScan,task4,n_attack,257.0
gnn_ewc,none,5,PortScan,task4,accuracy,1.0
gnn_ewc,none,5,PortScan,task4,macro_f1,1.0
gnn_ewc,none,5,PortScan,task4,fpr,0.0
gnn_ewc,none,5,PortScan,task4,detection_rate,1.0
gnn_ewc,none,5,PortScan,task4,binary_f1,1.0
gnn_ewc,none,5,PortScan,task4,category_recall,1.0
gnn_ewc,none,5,PortScan,task5,n,51117.0
gnn_ewc,none,5,PortScan,task5,n_benign,31046.0
gnn_ewc,none,5,PortScan,task5,n_attack,20071.0
gnn_ewc,none,5,PortScan,task5,accuracy,0.9995304888784553
gnn_ewc,none,5,PortScan,task5,macro_f1,0.9995076954563662
gnn_ewc,none,5,PortScan,task5,fpr,0.0
gnn_ewc,none,5,PortScan,task5,detection_rate,0.9988042449304967
gnn_ewc,none,5,PortScan,task5,binary_f1,0.9994017647938581
gnn_ewc,none,5,PortScan,task5,category_recall,0.9988042449304967
gnn_ewc,none,5,PortScan,task6,n,28798.0
gnn_ewc,none,5,PortScan,task6,n_benign,9791.0
gnn_ewc,none,5,PortScan,task6,n_attack,19007.0
gnn_ewc,none,5,PortScan,task6,accuracy,0.3399888881172304
gnn_ewc,none,5,PortScan,task6,macro_f1,0.25372515483687064
gnn_ewc,none,5,PortScan,task6,fpr,0.0
gnn_ewc,none,5,PortScan,task6,detection_rate,0.0
gnn_ewc,none,5,PortScan,task6,binary_f1,0.0
gnn_ewc,none,5,PortScan,task6,category_recall,0.0
gnn_ewc,none,5,PortScan,seen,n,386176.0
gnn_ewc,none,5,PortScan,seen,n_benign,327116.0
gnn_ewc,none,5,PortScan,seen,n_attack,59060.0
gnn_ewc,none,5,PortScan,seen,accuracy,0.907223649320517
gnn_ewc,none,5,PortScan,seen,macro_f1,0.4826657246281301
gnn_ewc,none,5,PortScan,seen,fpr,0.00022010540603333375
gnn_ewc,none,5,PortScan,seen,detection_rate,0.6906874365052489
gnn_ewc,none,5,PortScan,seen,binary_f1,0.8164605099875906
gnn_ewc,none,5,PortScan,all,n,414974.0
gnn_ewc,none,5,PortScan,all,n_benign,336907.0
gnn_ewc,none,5,PortScan,all,n_attack,78067.0
gnn_ewc,none,5,PortScan,all,accuracy,0.8678591911782425
gnn_ewc,none,5,PortScan,all,macro_f1,0.41917602470931586
gnn_ewc,none,5,PortScan,all,fpr,0.0002137088276586714
gnn_ewc,none,5,PortScan,all,detection_rate,0.5225255229482367
gnn_ewc,none,5,PortScan,all,binary_f1,0.6859775836409346
gnn_ewc,none,6,DDoS,task0,n,138702.0
gnn_ewc,none,6,DDoS,task0,n_benign,137344.0
gnn_ewc,none,6,DDoS,task0,n_attack,1358.0
gnn_ewc,none,6,DDoS,task0,accuracy,0.9900001441940275
gnn_ewc,none,6,DDoS,task0,macro_f1,0.4974910783834212
gnn_ewc,none,6,DDoS,task0,fpr,0.00021114864864864866
gnn_ewc,none,6,DDoS,task0,detection_rate,0.0014727540500736377
gnn_ewc,none,6,DDoS,task0,binary_f1,0.0028797696184305254
gnn_ewc,none,6,DDoS,task0,category_recall,0.0
gnn_ewc,none,6,DDoS,task1,n,96639.0
gnn_ewc,none,6,DDoS,task1,n_benign,76782.0
gnn_ewc,none,6,DDoS,task1,n_attack,19857.0
gnn_ewc,none,6,DDoS,task1,accuracy,0.7944411676445328
gnn_ewc,none,6,DDoS,task1,macro_f1,0.4846843434343434
gnn_ewc,none,6,DDoS,task1,fpr,0.00010419108645255398
gnn_ewc,none,6,DDoS,task1,detection_rate,0.7560557989625825
gnn_ewc,none,6,DDoS,task1,binary_f1,0.8608865187224038
gnn_ewc,none,6,DDoS,task1,category_recall,0.0
gnn_ewc,none,6,DDoS,task2,n,21631.0
gnn_ewc,none,6,DDoS,task2,n_benign,21610.0
gnn_ewc,none,6,DDoS,task2,n_attack,21.0
gnn_ewc,none,6,DDoS,task2,accuracy,0.9990291710970367
gnn_ewc,none,6,DDoS,task2,macro_f1,0.4997571749034481
gnn_ewc,none,6,DDoS,task2,fpr,0.0
gnn_ewc,none,6,DDoS,task2,detection_rate,0.0
gnn_ewc,none,6,DDoS,task2,binary_f1,0.0
gnn_ewc,none,6,DDoS,task2,category_recall,0.0
gnn_ewc,none,6,DDoS,task3,n,50445.0
gnn_ewc,none,6,DDoS,task3,n_benign,32949.0
gnn_ewc,none,6,DDoS,task3,n_attack,17496.0
gnn_ewc,none,6,DDoS,task3,accuracy,0.6529289325007434
gnn_ewc,none,6,DDoS,task3,macro_f1,0.500069207669408
gnn_ewc,none,6,DDoS,task3,fpr,0.0004855989559622447
gnn_ewc,none,6,DDoS,task3,detection_rate,0.9997142203932328
gnn_ewc,none,6,DDoS,task3,binary_f1,0.9994000514241637
gnn_ewc,none,6,DDoS,task3,category_recall,0.00022862368541380886
gnn_ewc,none,6,DDoS,task4,n,27642.0
gnn_ewc,none,6,DDoS,task4,n_benign,27385.0
gnn_ewc,none,6,DDoS,task4,n_attack,257.0
gnn_ewc,none,6,DDoS,task4,accuracy,0.9999276463352869
gnn_ewc,none,6,DDoS,task4,macro_f1,0.9980286174961659
gnn_ewc,none,6,DDoS,task4,fpr,0.0
gnn_ewc,none,6,DDoS,task4,detection_rate,0.9922178988326849
gnn_ewc,none,6,DDoS,task4,binary_f1,0.99609375
gnn_ewc,none,6,DDoS,task4,category_recall,0.9922178988326849
gnn_ewc,none,6,DDoS,task5,n,51117.0
gnn_ewc,none,6,DDoS,task5,n_benign,31046.0
gnn_ewc,none,6,DDoS,task5,n_attack,20071.0
gnn_ewc,none,6,DDoS,task5,accuracy,0.9994326740614669
gnn_ewc,none,6,DDoS,task5,macro_f1,0.9994453342371103
gnn_ewc,none,6,DDoS,task5,fpr,0.0
gnn_ewc,none,6,DDoS,task5,detection_rate,0.9988042449304967
gnn_ewc,none,6,DDoS,task5,binary_f1,0.9994017647938581
gnn_ewc,none,6,DDoS,task5,category_recall,0.9985551292910169
gnn_ewc,none,6,DDoS,task6,n,28798.0
gnn_ewc,none,6,DDoS,task6,n_benign,9791.0
gnn_ewc,none,6,DDoS,task6,n_attack,19007.0
gnn_ewc,none,6,DDoS,task6,accuracy,1.0
gnn_ewc,none,6,DDoS,task6,macro_f1,1.0
gnn_ewc,none,6,DDoS,task6,fpr,0.0
gnn_ewc,none,6,DDoS,task6,detection_rate,1.0
gnn_ewc,none,6,DDoS,task6,binary_f1,1.0
gnn_ewc,none,6,DDoS,task6,category_recall,1.0
gnn_ewc,none,6,DDoS,seen,n,414974.0
gnn_ewc,none,6,DDoS,seen,n_benign,336907.0
gnn_ewc,none,6,DDoS,seen,n_attack,78067.0
gnn_ewc,none,6,DDoS,seen,accuracy,0.9064712488011297
gnn_ewc,none,6,DDoS,seen,macro_f1,0.4234818563854903
gnn_ewc,none,6,DDoS,seen,fpr,0.00015731344258207756
gnn_ewc,none,6,DDoS,seen,detection_rate,0.9199149448550604
gnn_ewc,none,6,DDoS,seen,binary_f1,0.9579484443258746
gnn_ewc,none,6,DDoS,all,n,414974.0
gnn_ewc,none,6,DDoS,all,n_benign,336907.0
gnn_ewc,none,6,DDoS,all,n_attack,78067.0
gnn_ewc,none,6,DDoS,all,accuracy,0.9064712488011297
gnn_ewc,none,6,DDoS,all,macro_f1,0.4234818563854903
gnn_ewc,none,6,DDoS,all,fpr,0.00015731344258207756
gnn_ewc,none,6,DDoS,all,detection_rate,0.9199149448550604
gnn_ewc,none,6,DDoS,all,binary_f1,0.9579484443258746
gnn_replay,none,0,BruteForce,task0,n,138702.0
gnn_replay,none,0,BruteForce,task0,n_benign,137344.0
gnn_replay,none,0,BruteForce,task0,n_attack,1358.0
gnn_replay,none,0,BruteForce,task0,accuracy,0.9998702253752649
gnn_replay,none,0,BruteForce,task0,macro_f1,0.9966729437484376
gnn_replay,none,0,BruteForce,task0,fpr,0.00012377679403541473
gnn_replay,none,0,BruteForce,task0,detection_rate,0.9992636229749632
gnn_replay,none,0,BruteForce,task0,binary_f1,0.9934114202049781
gnn_replay,none,0,BruteForce,task0,category_recall,0.9992636229749632
gnn_replay,none,0,BruteForce,task1,n,96639.0
gnn_replay,none,0,BruteForce,task1,n_benign,76782.0
gnn_replay,none,0,BruteForce,task1,n_attack,19857.0
gnn_replay,none,0,BruteForce,task1,accuracy,0.7945239499580915
gnn_replay,none,0,BruteForce,task1,macro_f1,0.44274914802705556
gnn_replay,none,0,BruteForce,task1,fpr,0.0
gnn_replay,none,0,BruteForce,task1,detection_rate,0.0
gnn_replay,none,0,BruteForce,task1,binary_f1,0.0
gnn_replay,none,0,BruteForce,task1,category_recall,0.0
gnn_replay,none,0,BruteForce,task2,n,21631.0
gnn_replay,none,0,BruteForce,task2,n_benign,21610.0
gnn_replay,none,0,BruteForce,task2,n_attack,21.0
gnn_replay,none,0,BruteForce,task2,accuracy,0.9990291710970367
gnn_replay,none,0,BruteForce,task2,macro_f1,0.4997571749034481
gnn_replay,none,0,BruteForce,task2,fpr,0.0
gnn_replay,none,0,BruteForce,task2,detection_rate,0.0
gnn_replay,none,0,BruteForce,task2,binary_f1,0.0
gnn_replay,none,0,BruteForce,task2,category_recall,0.0
gnn_replay,none,0,BruteForce,task3,n,50445.0
gnn_replay,none,0,BruteForce,task3,n_benign,32949.0
gnn_replay,none,0,BruteForce,task3,n_attack,17496.0
gnn_replay,none,0,BruteForce,task3,accuracy,0.6531668153434433
gnn_replay,none,0,BruteForce,task3,macro_f1,0.39510036693287287
gnn_replay,none,0,BruteForce,task3,fpr,0.0
gnn_replay,none,0,BruteForce,task3,detection_rate,0.0
gnn_replay,none,0,BruteForce,task3,binary_f1,0.0
gnn_replay,none,0,BruteForce,task3,category_recall,0.0
gnn_replay,none,0,BruteForce,task4,n,27642.0
gnn_replay,none,0,BruteForce,task4,n_benign,27385.0
gnn_replay,none,0,BruteForce,task4,n_attack,257.0
gnn_replay,none,0,BruteForce,task4,accuracy,0.9907025540843644
gnn_replay,none,0,BruteForce,task4,macro_f1,0.49766478274301706
gnn_replay,none,0,BruteForce,task4,fpr,0.0
gnn_replay,none,0,BruteForce,task4,detection_rate,0.0
gnn_replay,none,0,BruteForce,task4,binary_f1,0.0
gnn_replay,none,0,BruteForce,task4,category_recall,0.0
gnn_replay,none,0,BruteForce,task5,n,51117.0
gnn_replay,none,0,BruteForce,task5,n_benign,31046.0
gnn_replay,none,0,BruteForce,task5,n_attack,20071.0
gnn_replay,none,0,BruteForce,task5,accuracy,0.6073321986814563
gnn_replay,none,0,BruteForce,task5,macro_f1,0.3778510747060685
gnn_replay,none,0,BruteForce,task5,fpr,3.22102686336404e-05
gnn_replay,none,0,BruteForce,task5,detection_rate,0.0
gnn_replay,none,0,BruteForce,task5,binary_f1,0.0
gnn_replay,none,0,BruteForce,task5,category_recall,0.0
gnn_replay,none,0,BruteForce,task6,n,28798.0
gnn_replay,none,0,BruteForce,task6,n_benign,9791.0
gnn_replay,none,0,BruteForce,task6,n_attack,19007.0
gnn_replay,none,0,BruteForce,task6,accuracy,0.33995416348357527
gnn_replay,none,0,BruteForce,task6,macro_f1,0.2537058152793615
gnn_replay,none,0,BruteForce,task6,fpr,0.0001021346134204882
gnn_replay,none,0,BruteForce,task6,detection_rate,0.0
gnn_replay,none,0,BruteForce,task6,binary_f1,0.0
gnn_replay,none,0,BruteForce,task6,category_recall,0.0
gnn_replay,none,0,BruteForce,seen,n,138702.0
gnn_replay,none,0,BruteForce,seen,n_benign,137344.0
gnn_replay,none,0,BruteForce,seen,n_attack,1358.0
gnn_replay,none,0,BruteForce,seen,accuracy,0.9998702253752649
gnn_replay,none,0,BruteForce,seen,macro_f1,0.9966729437484376
gnn_replay,none,0,BruteForce,seen,fpr,0.00012377679403541473
gnn_replay,none,0,BruteForce,seen,detection_rate,0.9992636229749632
gnn_replay,none,0,BruteForce,seen,binary_f1,0.9934114202049781
gnn_replay,none,0,BruteForce,all,n,414974.0
gnn_replay,none,0,BruteForce,all,n_benign,336907.0
gnn_replay,none,0,BruteForce,all,n_attack,78067.0
gnn_replay,none,0,BruteForce,all,accuracy,0.8150992592306988
gnn_replay,none,0,BruteForce,all,macro_f1,0.23630602711901372
gnn_replay,none,0,BruteForce,all,fpr,5.639538507659384e-05
gnn_replay,none,0,BruteForce,all,detection_rate,0.017382504771542392
gnn_replay,none,0,BruteForce,all,binary_f1,0.03416285890512694
gnn_replay,none,1,DoS,task0,n,138702.0
gnn_replay,none,1,DoS,task0,n_benign,137344.0
gnn_replay,none,1,DoS,task0,n_attack,1358.0
gnn_replay,none,1,DoS,task0,accuracy,0.9998558059725167
gnn_replay,none,1,DoS,task0,macro_f1,0.9973993035191786
gnn_replay,none,1,DoS,task0,fpr,0.00012377679403541473
gnn_replay,none,1,DoS,task0,detection_rate,1.0
gnn_replay,none,1,DoS,task0,binary_f1,0.9937797292352726
gnn_replay,none,1,DoS,task0,category_recall,0.9977908689248896
gnn_replay,none,1,DoS,task1,n,96639.0
gnn_replay,none,1,DoS,task1,n_benign,76782.0
gnn_replay,none,1,DoS,task1,n_attack,19857.0
gnn_replay,none,1,DoS,task1,accuracy,0.9972371402849781
gnn_replay,none,1,DoS,task1,macro_f1,0.9958007715117616
gnn_replay,none,1,DoS,task1,fpr,0.0033341147664817275
gnn_replay,none,1,DoS,task1,detection_rate,0.999446039180138
gnn_replay,none,1,DoS,task1,binary_f1,0.9933181511048825
gnn_replay,none,1,DoS,task1,category_recall,0.999446039180138
gnn_replay,none,1,DoS,task2,n,21631.0
gnn_replay,none,1,DoS,task2,n_benign,21610.0
gnn_replay,none,1,DoS,task2,n_attack,21.0
gnn_replay,none,1,DoS,task2,accuracy,0.9988442513059961
gnn_replay,none,1,DoS,task2,macro_f1,0.49994215239373396
gnn_replay,none,1,DoS,task2,fpr,0.00018509949097639982
gnn_replay,none,1,DoS,task2,detection_rate,0.9523809523809523
gnn_replay,none,1,DoS,task2,binary_f1,0.8888888888888888
gnn_replay,none,1,DoS,task2,category_recall,0.0
gnn_replay,none,1,DoS,task3,n,50445.0
gnn_replay,none,1,DoS,task3,n_benign,32949.0
gnn_replay,none,1,DoS,task3,n_attack,17496.0
gnn_replay,none,1,DoS,task3,accuracy,0.6530875210625434
gnn_replay,none,1,DoS,task3,macro_f1,0.3950713514809929
gnn_replay,none,1,DoS,task3,fpr,0.00012139973899056118
gnn_replay,none,1,DoS,task3,detection_rate,0.0
gnn_replay,none,1,DoS,task3,binary_f1,0.0
gnn_replay,none,1,DoS,task3,category_recall,0.0
gnn_replay,none,1,DoS,task4,n,27642.0
gnn_replay,none,1,DoS,task4,n_benign,27385.0
gnn_replay,none,1,DoS,task4,n_attack,257.0
gnn_replay,none,1,DoS,task4,accuracy,0.9905940235872946
gnn_replay,none,1,DoS,task4,macro_f1,0.497637394591451
gnn_replay,none,1,DoS,task4,fpr,0.00010954902318787658
gnn_replay,none,1,DoS,task4,detection_rate,0.0
gnn_replay,none,1,DoS,task4,binary_f1,0.0
gnn_replay,none,1,DoS,task4,category_recall,0.0
gnn_replay,none,1,DoS,task5,n,51117.0
gnn_replay,none,1,DoS,task5,n_benign,31046.0
gnn_replay,none,1,DoS,task5,n_attack,20071.0
gnn_replay,none,1,DoS,task5,accuracy,0.6073517616448539
gnn_replay,none,1,DoS,task5,macro_f1,0.37785864683616716
gnn_replay,none,1,DoS,task5,fpr,0.0
gnn_replay,none,1,DoS,task5,detection_rate,0.0
gnn_replay,none,1,DoS,task5,binary_f1,0.0
gnn_replay,none,1,DoS,task5,category_recall,0.0
gnn_replay,none,1,DoS,task6,n,28798.0
gnn_replay,none,1,DoS,task6,n_benign,9791.0
gnn_replay,none,1,DoS,task6,n_attack,19007.0
gnn_replay,none,1,DoS,task6,accuracy,0.3399888881172304
gnn_replay,none,1,DoS,task6,macro_f1,0.5
gnn_replay,none,1,DoS,task6,fpr,0.0
gnn_replay,none,1,DoS,task6,detection_rate,1.0
gnn_replay,none,1,DoS,task6,binary_f1,1.0
gnn_replay,none,1,DoS,task6,category_recall,0.0
gnn_replay,none,1,DoS,seen,n,235341.0
gnn_replay,none,1,DoS,seen,n_benign,214126.0
gnn_replay,none,1,DoS,seen,n_attack,21215.0
gnn_replay,none,1,DoS,seen,accuracy,0.9987804929867724
gnn_replay,none,1,DoS,seen,macro_f1,0.9956503897933692
gnn_replay,none,1,DoS,seen,fpr,0.0012749502629293033
gnn_replay,none,1,DoS,seen,detection_rate,0.9994814989394296
gnn_replay,none,1,DoS,seen,binary_f1,0.9933476998032418
gnn_replay,none,1,DoS,all,n,414974.0
gnn_replay,none,1,DoS,all,n_benign,336907.0
gnn_replay,none,1,DoS,all,n_attack,78067.0
gnn_replay,none,1,DoS,all,accuracy,0.8622805284186479
gnn_replay,none,1,DoS,all,macro_f1,0.32639110217414957
gnn_replay,none,1,DoS,all,fpr,0.0008429625979869816
gnn_replay,none,1,DoS,all,detection_rate,0.5153393879616227
gnn_replay,none,1,DoS,all,binary_f1,0.6785346848594221
gnn_replay,none,2,WebAttack,task0,n,138702.0
gnn_replay,none,2,WebAttack,task0,n_benign,137344.0
gnn_replay,none,2,WebAttack,task0,n_attack,1358.0
gnn_replay,none,2,WebAttack,task0,accuracy,0.9998197574656458
gnn_replay,none,2,WebAttack,task0,macro_f1,0.9962925832980505
gnn_replay,none,2,WebAttack,task0,fpr,0.00012377679403541473
gnn_replay,none,2,WebAttack,task0,detection_rate,1.0
gnn_replay,none,2,WebAttack,task0,binary_f1,0.9937797292352726
gnn_replay,none,2,WebAttack,task0,category_recall,0.9941089837997055
gnn_replay,none,2,WebAttack,task1,n,96639.0
gnn_replay,none,2,WebAttack,task1,n_benign,76782.0
gnn_replay,none,2,WebAttack,task1,n_attack,19857.0
gnn_replay,none,2,WebAttack,task1,accuracy,0.9998758265296619
gnn_replay,none,2,WebAttack,task1,macro_f1,0.9998224023120718
gnn_replay,none,2,WebAttack,task1,fpr,1.3023885806569248e-05
gnn_replay,none,2,WebAttack,task1,detection_rate,0.999446039180138
gnn_replay,none,2,WebAttack,task1,binary_f1,0.9996977634495265
gnn_replay,none,2,WebAttack,task1,category_recall,0.999446039180138
gnn_replay,none,2,WebAttack,task2,n,21631.0
gnn_replay,none,2,WebAttack,task2,n_benign,21610.0
gnn_replay,none,2,WebAttack,task2,n_attack,21.0
gnn_replay,none,2,WebAttack,task2,accuracy,0.9992603208358375
gnn_replay,none,2,WebAttack,task2,macro_f1,0.7580182391148251
gnn_replay,none,2,WebAttack,task2,fpr,0.00013882461823229986
gnn_replay,none,2,WebAttack,task2,detection_rate,0.9523809523809523
gnn_replay,none,2,WebAttack,task2,binary_f1,0.9090909090909091
gnn_replay,none,2,WebAttack,task2,category_recall,0.38095238095238093
gnn_replay,none,2,WebAttack,task3,n,50445.0
gnn_replay,none,2,WebAttack,task3,n_benign,32949.0
gnn_replay,none,2,WebAttack,task3,n_attack,17496.0
gnn_replay,none,2,WebAttack,task3,accuracy,0.6531668153434433
gnn_replay,none,2,WebAttack,task3,macro_f1,0.39510036693287287
gnn_replay,none,2,WebAttack,task3,fpr,0.0
gnn_replay,none,2,WebAttack,task3,detection_rate,0.0
gnn_replay,none,2,WebAttack,task3,binary_f1,0.0
gnn_replay,none,2,WebAttack,task3,category_recall,0.0
gnn_replay,none,2,WebAttack,task4,n,27642.0
gnn_replay,none,2,WebAttack,task4,n_benign,27385.0
gnn_replay,none,2,WebAttack,task4,n_attack,257.0
gnn_replay,none,2,WebAttack,task4,accuracy,0.9907025540843644
gnn_replay,none,2,WebAttack,task4,macro_f1,0.49766478274301706
gnn_replay,none,2,WebAttack,task4,fpr,0.0
gnn_replay,none,2,WebAttack,task4,detection_rate,0.0
gnn_replay,none,2,WebAttack,task4,binary_f1,0.0
gnn_replay,none,2,WebAttack,task4,category_recall,0.0
gnn_replay,none,2,WebAttack,task5,n,51117.0
gnn_replay,none,2,WebAttack,task5,n_benign,31046.0
gnn_replay,none,2,WebAttack,task5,n_attack,20071.0
gnn_replay,none,2,WebAttack,task5,accuracy,0.6073517616448539
gnn_replay,none,2,WebAttack,task5,macro_f1,0.37785864683616716
gnn_replay,none,2,WebAttack,task5,fpr,0.0
gnn_replay,none,2,WebAttack,task5,detection_rate,0.0
gnn_replay,none,2,WebAttack,task5,binary_f1,0.0
gnn_replay,none,2,WebAttack,task5,category_recall,0.0
gnn_replay,none,2,WebAttack,task6,n,28798.0
gnn_replay,none,2,WebAttack,task6,n_benign,9791.0
gnn_replay,none,2,WebAttack,task6,n_attack,19007.0
gnn_replay,none,2,WebAttack,task6,accuracy,0.3399888881172304
gnn_replay,none,2,WebAttack,task6,macro_f1,0.5
gnn_replay,none,2,WebAttack,task6,fpr,0.0
gnn_replay,none,2,WebAttack,task6,detection_rate,1.0
gnn_replay,none,2,WebAttack,task6,binary_f1,1.0
gnn_replay,none,2,WebAttack,task6,category_recall,0.0
gnn_replay,none,2,WebAttack,seen,n,256972.0
gnn_replay,none,2,WebAttack,seen,n_benign,235736.0
gnn_replay,none,2,WebAttack,seen,n_attack,21236.0
gnn_replay,none,2,WebAttack,seen,accuracy,0.9997937518484504
gnn_replay,none,2,WebAttack,seen,macro_f1,0.8729114385781459
gnn_replay,none,2,WebAttack,seen,fpr,8.908270268435878e-05
gnn_replay,none,2,WebAttack,seen,detection_rate,0.9994349218308533
gnn_replay,none,2,WebAttack,seen,binary_f1,0.9992231821284809
gnn_replay,none,2,WebAttack,all,n,414974.0
gnn_replay,none,2,WebAttack,all,n_benign,336907.0
gnn_replay,none,2,WebAttack,all,n_attack,78067.0
gnn_replay,none,2,WebAttack,all,accuracy,0.8629215324333572
gnn_replay,none,2,WebAttack,all,macro_f1,0.3894023675646754
gnn_replay,none,2,WebAttack,all,fpr,6.233174140044582e-05
gnn_replay,none,2,WebAttack,all,detection_rate,0.5153393879616227
gnn_replay,none,2,WebAttack,all,binary_f1,0.6800429347780154
gnn_replay,none,3,Infiltration,task0,n,138702.0
gnn_replay,none,3,Infiltration,task0,n_benign,137344.0
gnn_replay,none,3,Infiltration,task0,n_attack,1358.0
gnn_replay,none,3,Infiltration,task0,accuracy,0.9998053380628974
gnn_replay,none,3,Infiltration,task0,macro_f1,0.9983024631067399
gnn_replay,none,3,Infiltration,task0,fpr,0.00013833876980428705
gnn_replay,none,3,Infiltration,task0,detection_rate,0.9992636229749632
gnn_replay,none,3,Infiltration,task0,binary_f1,0.9926847110460864
gnn_replay,none,3,Infiltration,task0,category_recall,0.9941089837997055
gnn_replay,none,3,Infiltration,task1,n,96639.0
gnn_replay,none,3,Infiltration,task1,n_benign,76782.0
gnn_replay,none,3,Infiltration,task1,n_attack,19857.0
gnn_replay,none,3,Infiltration,task1,accuracy,0.999865478740467
gnn_replay,none,3,Infiltration,task1,macro_f1,0.9998191462770323
gnn_replay,none,3,Infiltration,task1,fpr,2.6047771613138496e-05
gnn_replay,none,3,Infiltration,task1,detection_rate,0.999446039180138
gnn_replay,none,3,Infiltration,task1,binary_f1,0.9996725853167108
gnn_replay,none,3,Infiltration,task1,category_recall,0.999446039180138
gnn_replay,none,3,Infiltration,task2,n,21631.0
gnn_replay,none,3,Infiltration,task2,n_benign,21610.0
gnn_replay,none,3,Infiltration,task2,n_attack,21.0
gnn_replay,none,3,Infiltration,task2,accuracy,0.999399010679118
gnn_replay,none,3,Infiltration,task2,macro_f1,0.7757117208518078
gnn_replay,none,3,Infiltration,task2,fpr,0.0
gnn_replay,none,3,Infiltration,task2,detection_rate,0.38095238095238093
gnn_replay,none,3,Infiltration,task2,binary_f1,0.5517241379310345
gnn_replay,none,3,Infiltration,task2,category_recall,0.38095238095238093
gnn_replay,none,3,Infiltration,task3,n,50445.0
gnn_replay,none,3,Infiltration,task3,n_benign,32949.0
gnn_replay,none,3,Infiltration,task3,n_attack,17496.0
gnn_replay,none,3,Infiltration,task3,accuracy,0.999861235008425
gnn_replay,none,3,Infiltration,task3,macro_f1,0.9998468585935656
gnn_replay,none,3,Infiltration,task3,fpr,6.069986949528059e-05
gnn_replay,none,3,Infiltration,task3,detection_rate,0.9997142203932328
gnn_replay,none,3,Infiltration,task3,binary_f1,0.9997999371230958
gnn_replay,none,3,Infiltration,task3,category_recall,0.9997142203932328
gnn_replay,none,3,Infiltration,task4,n,27642.0
gnn_replay,none,3,Infiltration,task4,n_benign,27385.0
gnn_replay,none,3,Infiltration,task4,n_attack,257.0
gnn_replay,none,3,Infiltration,task4,accuracy,0.9907025540843644
gnn_replay,none,3,Infiltration,task4,macro_f1,0.49766478274301706
gnn_replay,none,3,Infiltration,task4,fpr,0.0
gnn_replay,none,3,Infiltration,task4,detection_rate,0.0
gnn_replay,none,3,Infiltration,task4,binary_f1,0.0
gnn_replay,none,3,Infiltration,task4,category_recall,0.0
gnn_replay,none,3,Infiltration,task5,n,51117.0
gnn_replay,none,3,Infiltration,task5,n_benign,31046.0
gnn_replay,none,3,Infiltration,task5,n_attack,20071.0
gnn_replay,none,3,Infiltration,task5,accuracy,0.6073126357180586
gnn_replay,none,3,Infiltration,task5,macro_f1,0.49968612680477087
gnn_replay,none,3,Infiltration,task5,fpr,6.44205372672808e-05
gnn_replay,none,3,Infiltration,task5,detection_rate,0.9981565442678492
gnn_replay,none,3,Infiltration,task5,binary_f1,0.9990276011668786
gnn_replay,none,3,Infiltration,task5,category_recall,0.0
gnn_replay,none,3,Infiltration,task6,n,28798.0
gnn_replay,none,3,Infiltration,task6,n_benign,9791.0
gnn_replay,none,3,Infiltration,task6,n_attack,19007.0
gnn_replay,none,3,Infiltration,task6,accuracy,0.33988471421626504
gnn_replay,none,3,Infiltration,task6,macro_f1,0.4998723252132169
gnn_replay,none,3,Infiltration,task6,fpr,0.0003064038402614646
gnn_replay,none,3,Infiltration,task6,detection_rate,0.9998947756089862
gnn_replay,none,3,Infiltration,task6,binary_f1,0.9998684729711956
gnn_replay,none,3,Infiltration,task6,category_recall,0.0
gnn_replay,none,3,Infiltration,seen,n,307417.0
gnn_replay,none,3,Infiltration,seen,n_benign,268685.0
gnn_replay,none,3,Infiltration,seen,n_attack,38732.0
gnn_replay,none,3,Infiltration,seen,accuracy,0.9998048253674976
gnn_replay,none,3,Infiltration,seen,macro_f1,0.9092909791425077
gnn_replay,none,3,Infiltration,seen,fpr,8.560209911234345e-05
gnn_replay,none,3,Infiltration,seen,detection_rate,0.9992254466590933
gnn_replay,none,3,Infiltration,seen,binary_f1,0.999315749383529
gnn_replay,none,3,Infiltration,all,n,414974.0
gnn_replay,none,3,Infiltration,all,n_benign,336907.0
gnn_replay,none,3,Infiltration,all,n_attack,78067.0
gnn_replay,none,3,Infiltration,all,accuracy,0.905054292558088
gnn_replay,none,3,Infiltration,all,macro_f1,0.48233243270681303
gnn_replay,none,3,Infiltration,all,fpr,8.310898853392776e-05
gnn_replay,none,3,Infiltration,all,detection_rate,0.9958240998117002
gnn_replay,none,3,Infiltration,all,binary_f1,0.9977283811186118
gnn_replay,none,4,Botnet,task0,n,138702.0
gnn_replay,none,4,Botnet,task0,n_benign,137344.0
gnn_replay,none,4,Botnet,task0,n_attack,1358.0
gnn_replay,none,4,Botnet,task0,accuracy,0.9995241597093049
gnn_replay,none,4,Botnet,task0,macro_f1,0.997680382007875
gnn_replay,none,4,Botnet,task0,fpr,0.00041501630941286115
gnn_replay,none,4,Botnet,task0,detection_rate,0.9992636229749632
gnn_replay,none,4,Botnet,task0,binary_f1,0.9790764790764791
gnn_replay,none,4,Botnet,task0,category_recall,0.9933726067746687
gnn_replay,none,4,Botnet,task1,n,96639.0
gnn_replay,none,4,Botnet,task1,n_benign,76782.0
gnn_replay,none,4,Botnet,task1,n_attack,19857.0
gnn_replay,none,4,Botnet,task1,accuracy,0.9995964362214013
gnn_replay,none,4,Botnet,task1,macro_f1,0.9995456955364375
gnn_replay,none,4,Botnet,task1,fpr,0.00036466880258393894
gnn_replay,none,4,Botnet,task1,detection_rate,0.999446039180138
gnn_replay,none,4,Botnet,task1,binary_f1,0.9990183987314691
gnn_replay,none,4,Botnet,task1,category_recall,0.999446039180138
gnn_replay,none,4,Botnet,task2,n,21631.0
gnn_replay,none,4,Botnet,task2,n_benign,21610.0
gnn_replay,none,4,Botnet,task2,n_attack,21.0
gnn_replay,none,4,Botnet,task2,accuracy,0.9992603208358375
gnn_replay,none,4,Botnet,task2,macro_f1,0.775677012291911
gnn_replay,none,4,Botnet,task2,fpr,0.00013882461823229986
gnn_replay,none,4,Botnet,task2,detection_rate,0.38095238095238093
gnn_replay,none,4,Botnet,task2,binary_f1,0.5
gnn_replay,none,4,Botnet,task2,category_recall,0.38095238095238093
gnn_replay,none,4,Botnet,task3,n,50445.0
gnn_replay,none,4,Botnet,task3,n_benign,32949.0
gnn_replay,none,4,Botnet,task3,n_attack,17496.0
gnn_replay,none,4,Botnet,task3,accuracy,0.999702646446625
gnn_replay,none,4,Botnet,task3,macro_f1,0.9997651528029529
gnn_replay,none,4,Botnet,task3,fpr,0.00024279947798112235
gnn_replay,none,4,Botnet,task3,detection_rate,0.9996570644718793
gnn_replay,none,4,Botnet,task3,binary_f1,0.9995999314168144
gnn_replay,none,4,Botnet,task3,category_recall,0.9995999085505258
gnn_replay,none,4,Botnet,task4,n,27642.0
gnn_replay,none,4,Botnet,task4,n_benign,27385.0
gnn_replay,none,4,Botnet,task4,n_attack,257.0
gnn_replay,none,4,Botnet,task4,accuracy,1.0
gnn_replay,none,4,Botnet,task4,macro_f1,1.0
gnn_replay,none,4,Botnet,task4,fpr,0.0
gnn_replay,none,4,Botnet,task4,detection_rate,1.0
gnn_replay,none,4,Botnet,task4,binary_f1,1.0
gnn_replay,none,4,Botnet,task4,category_recall,1.0
gnn_replay,none,4,Botnet,task5,n,51117.0
gnn_replay,none,4,Botnet,task5,n_benign,31046.0
gnn_replay,none,4,Botnet,task5,n_attack,20071.0
gnn_replay,none,4,Botnet,task5,accuracy,0.6066670579259347
gnn_replay,none,4,Botnet,task5,macro_f1,0.4995248143554389
gnn_replay,none,4,Botnet,task5,fpr,0.001127359402177414
gnn_replay,none,4,Botnet,task5,detection_rate,0.9988042449304967
gnn_replay,none,4,Botnet,task5,binary_f1,0.9985306203770578
gnn_replay,none,4,Botnet,task5,category_recall,0.0
gnn_replay,none,4,Botnet,task6,n,28798.0
gnn_replay,none,4,Botnet,task6,n_benign,9791.0
gnn_replay,none,4,Botnet,task6,n_attack,19007.0
gnn_replay,none,4,Botnet,task6,accuracy,0.3398499895826099
gnn_replay,none,4,Botnet,task6,macro_f1,0.4998978445193585
gnn_replay,none,4,Botnet,task6,fpr,0.0004085384536819528
gnn_replay,none,4,Botnet,task6,detection_rate,1.0
gnn_replay,none,4,Botnet,task6,binary_f1,0.9998947866799937
gnn_replay,none,4,Botnet,task6,category_recall,0.0
gnn_replay,none,4,Botnet,seen,n,335059.0
gnn_replay,none,4,Botnet,seen,n_benign,296070.0
gnn_replay,none,4,Botnet,seen,n_attack,38989.0
gnn_replay,none,4,Botnet,seen,accuracy,0.9995941013373764
gnn_replay,none,4,Botnet,seen,macro_f1,0.9070345058576796
gnn_replay,none,4,Botnet,seen,fpr,0.00032424764413821054
gnn_replay,none,4,Botnet,seen,detection_rate,0.9992049039472671
gnn_replay,none,4,Botnet,seen,binary_f1,0.9983726919774996
gnn_replay,none,4,Botnet,all,n,414974.0
gnn_replay,none,4,Botnet,all,n_benign,336907.0
gnn_replay,none,4,Botnet,all,n_attack,78067.0
gnn_replay,none,4,Botnet,all,accuracy,0.9054085316188484
gnn_replay,none,4,Botnet,all,macro_f1,0.5883281606327315
gnn_replay,none,4,Botnet,all,fpr,0.00040070405186000885
gnn_replay,none,4,Botnet,all,detection_rate,0.9992954769620966
gnn_replay,none,4,Botnet,all,binary_f1,0.9987837197690348
gnn_replay,none,5,PortScan,task0,n,138702.0
gnn_replay,none,5,PortScan,task0,n_benign,137344.0
gnn_replay,none,5,PortScan,task0,n_attack,1358.0
gnn_replay,none,5,PortScan,task0,accuracy,0.9997476604519041
gnn_replay,none,5,PortScan,task0,macro_f1,0.9981044677653617
gnn_replay,none,5,PortScan,task0,fpr,0.00018930568499534017
gnn_replay,none,5,PortScan,task0,detection_rate,0.9992636229749632
gnn_replay,none,5,PortScan,task0,binary_f1,0.990149580445093
gnn_replay,none,5,PortScan,task0,category_recall,0.9933726067746687
gnn_replay,none,5,PortScan,task1,n,96639.0
gnn_replay,none,5,PortScan,task1,n_benign,76782.0
gnn_replay,none,5,PortScan,task1,n_attack,19857.0
gnn_replay,none,5,PortScan,task1,accuracy,0.9984788749883587
gnn_replay,none,5,PortScan,task1,macro_f1,0.9976760564531515
gnn_replay,none,5,PortScan,task1,fpr,0.0017712484696934176
gnn_replay,none,5,PortScan,task1,detection_rate,0.999446039180138
gnn_replay,none,5,PortScan,task1,binary_f1,0.9963101483470971
gnn_replay,none,5,PortScan,task1,category_recall,0.999446039180138
gnn_replay,none,5,PortScan,task2,n,21631.0
gnn_replay,none,5,PortScan,task2,n_benign,21610.0
gnn_replay,none,5,PortScan,task2,n_attack,21.0
gnn_replay,none,5,PortScan,task2,accuracy,0.9993527807313578
gnn_replay,none,5,PortScan,task2,macro_f1,0.7757001518670716
gnn_replay,none,5,PortScan,task2,fpr,4.6274872744099955e-05
gnn_replay,none,5,PortScan,task2,detection_rate,0.38095238095238093
gnn_replay,none,5,PortScan,task2,binary_f1,0.5333333333333333
gnn_replay,none,5,PortScan,task2,category_recall,0.38095238095238093
gnn_replay,none,5,PortScan,task3,n,50445.0
gnn_replay,none,5,PortScan,task3,n_benign,32949.0
gnn_replay,none,5,PortScan,task3,n_attack,17496.0
gnn_replay,none,5,PortScan,task3,accuracy,0.99932599861235
gnn_replay,none,5,PortScan,task3,macro_f1,0.9992865988998025
gnn_replay,none,5,PortScan,task3,fpr,0.0006069986949528059
gnn_replay,none,5,PortScan,task3,detection_rate,0.9994284407864655
gnn_replay,none,5,PortScan,task3,binary_f1,0.9991429061196503
gnn_replay,none,5,PortScan,task3,category_recall,0.9991998171010517
gnn_replay,none,5,PortScan,task4,n,27642.0
gnn_replay,none,5,PortScan,task4,n_benign,27385.0
gnn_replay,none,5,PortScan,task4,n_attack,257.0
gnn_replay,none,5,PortScan,task4,accuracy,1.0
gnn_replay,none,5,PortScan,task4,macro_f1,1.0
gnn_replay,none,5,PortScan,task4,fpr,0.0
gnn_replay,none,5,PortScan,task4,detection_rate,1.0
gnn_replay,none,5,PortScan,task4,binary_f1,1.0
gnn_replay,none,5,PortScan,task4,category_recall,1.0
gnn_replay,none,5,PortScan,task5,n,51117.0
gnn_replay,none,5,PortScan,task5,n_benign,31046.0
gnn_replay,none,5,PortScan,task5,n_attack,20071.0
gnn_replay,none,5,PortScan,task5,accuracy,0.9994326740614669
gnn_replay,none,5,PortScan,task5,macro_f1,0.999438101805552
gnn_replay,none,5,PortScan,task5,fpr,0.0001288410745345616
gnn_replay,none,5,PortScan,task5,detection_rate,0.9988042449304967
gnn_replay,none,5,PortScan,task5,binary_f1,0.9993021285080504
gnn_replay,none,5,PortScan,task5,category_recall,0.9987544218026008
gnn_replay,none,5,PortScan,task6,n,28798.0
gnn_replay,none,5,PortScan,task6,n_benign,9791.0
gnn_replay,none,5,PortScan,task6,n_attack,19007.0
gnn_replay,none,5,PortScan,task6,accuracy,0.33988471421626504
gnn_replay,none,5,PortScan,task6,macro_f1,0.4999233873027223
gnn_replay,none,5,PortScan,task6,fpr,0.0003064038402614646
gnn_replay,none,5,PortScan,task6,detection_rate,1.0
gnn_replay,none,5,PortScan,task6,binary_f1,0.9999210879343452
gnn_replay,none,5,PortScan,task6,category_recall,0.0
gnn_replay,none,5,PortScan,seen,n,386176.0
gnn_replay,none,5,PortScan,seen,n_benign,327116.0
gnn_replay,none,5,PortScan,seen,n_attack,59060.0
gnn_replay,none,5,PortScan,seen,accuracy,0.9993293213457076
gnn_replay,none,5,PortScan,seen,macro_f1,0.9344689380149704
gnn_replay,none,5,PortScan,seen,fpr,0.0005716626517810196
gnn_replay,none,5,PortScan,seen,detection_rate,0.9990010159160176
gnn_replay,none,5,PortScan,seen,binary_f1,0.9979196265475949
gnn_replay,none,5,PortScan,all,n,414974.0
gnn_replay,none,5,PortScan,all,n_benign,336907.0
gnn_replay,none,5,PortScan,all,n_attack,78067.0
gnn_replay,none,5,PortScan,all,accuracy,0.9535657655660355
gnn_replay,none,5,PortScan,all,macro_f1,0.7774807721615815
gnn_replay,none,5,PortScan,all,fpr,0.0005639538507659383
gnn_replay,none,5,PortScan,all,detection_rate,0.9992442389229764
gnn_replay,none,5,PortScan,all,binary_f1,0.9984065529709147
gnn_replay,none,6,DDoS,task0,n,138702.0
gnn_replay,none,6,DDoS,task0,n_benign,137344.0
gnn_replay,none,6,DDoS,task0,n_attack,1358.0
gnn_replay,none,6,DDoS,task0,accuracy,0.9998558059725167
gnn_replay,none,6,DDoS,task0,macro_f1,0.996304229982945
gnn_replay,none,6,DDoS,task0,fpr,0.00012377679403541473
gnn_replay,none,6,DDoS,task0,detection_rate,0.9992636229749632
gnn_replay,none,6,DDoS,task0,binary_f1,0.9934114202049781
gnn_replay,none,6,DDoS,task0,category_recall,0.9977908689248896
gnn_replay,none,6,DDoS,task1,n,96639.0
gnn_replay,none,6,DDoS,task1,n_benign,76782.0
gnn_replay,none,6,DDoS,task1,n_attack,19857.0
gnn_replay,none,6,DDoS,task1,accuracy,0.9395896066805327
gnn_replay,none,6,DDoS,task1,macro_f1,0.9100168467024361
gnn_replay,none,6,DDoS,task1,fpr,0.0
gnn_replay,none,6,DDoS,task1,detection_rate,0.9405247519766329
gnn_replay,none,6,DDoS,task1,binary_f1,0.969350945942439
gnn_replay,none,6,DDoS,task1,category_recall,0.7059978848768697
gnn_replay,none,6,DDoS,task2,n,21631.0
gnn_replay,none,6,DDoS,task2,n_benign,21610.0
gnn_replay,none,6,DDoS,task2,n_attack,21.0
gnn_replay,none,6,DDoS,task2,accuracy,0.9990291710970367
gnn_replay,none,6,DDoS,task2,macro_f1,0.4997571749034481
gnn_replay,none,6,DDoS,task2,fpr,0.0
gnn_replay,none,6,DDoS,task2,detection_rate,0.0
gnn_replay,none,6,DDoS,task2,binary_f1,0.0
gnn_replay,none,6,DDoS,task2,category_recall,0.0
gnn_replay,none,6,DDoS,task3,n,50445.0
gnn_replay,none,6,DDoS,task3,n_benign,32949.0
gnn_replay,none,6,DDoS,task3,n_attack,17496.0
gnn_replay,none,6,DDoS,task3,accuracy,0.9988502329269502
gnn_replay,none,6,DDoS,task3,macro_f1,0.9988818600506293
gnn_replay,none,6,DDoS,task3,fpr,0.00012139973899056118
gnn_replay,none,6,DDoS,task3,detection_rate,0.9980566986739826
gnn_replay,none,6,DDoS,task3,binary_f1,0.9989131056575711
gnn_replay,none,6,DDoS,task3,category_recall,0.9969135802469136
gnn_replay,none,6,DDoS,task4,n,27642.0
gnn_replay,none,6,DDoS,task4,n_benign,27385.0
gnn_replay,none,6,DDoS,task4,n_attack,257.0
gnn_replay,none,6,DDoS,task4,accuracy,0.9907025540843644
gnn_replay,none,6,DDoS,task4,macro_f1,0.49766478274301706
gnn_replay,none,6,DDoS,task4,fpr,0.0
gnn_replay,none,6,DDoS,task4,detection_rate,0.0
gnn_replay,none,6,DDoS,task4,binary_f1,0.0
gnn_replay,none,6,DDoS,task4,category_recall,0.0
gnn_replay,none,6,DDoS,task5,n,51117.0
gnn_replay,none,6,DDoS,task5,n_benign,31046.0
gnn_replay,none,6,DDoS,task5,n_attack,20071.0
gnn_replay,none,6,DDoS,task5,accuracy,0.9993152962810806
gnn_replay,none,6,DDoS,task5,macro_f1,0.9993302802409294
gnn_replay,none,6,DDoS,task5,fpr,6.44205372672808e-05
gnn_replay,none,6,DDoS,task5,detection_rate,0.9986547755468088
gnn_replay,none,6,DDoS,task5,binary_f1,0.9992771144402622
gnn_replay,none,6,DDoS,task5,category_recall,0.998355836779433
gnn_replay,none,6,DDoS,task6,n,28798.0
gnn_replay,none,6,DDoS,task6,n_benign,9791.0
gnn_replay,none,6,DDoS,task6,n_attack,19007.0
gnn_replay,none,6,DDoS,task6,accuracy,1.0
gnn_replay,none,6,DDoS,task6,macro_f1,1.0
gnn_replay,none,6,DDoS,task6,fpr,0.0
gnn_replay,none,6,DDoS,task6,detection_rate,1.0
gnn_replay,none,6,DDoS,task6,binary_f1,1.0
gnn_replay,none,6,DDoS,task6,category_recall,1.0
gnn_replay,none,6,DDoS,seen,n,414974.0
gnn_replay,none,6,DDoS,seen,n_benign,336907.0
gnn_replay,none,6,DDoS,seen,n_attack,78067.0
gnn_replay,none,6,DDoS,seen,accuracy,0.9849894210239678
gnn_replay,none,6,DDoS,seen,macro_f1,0.7132186700896774
gnn_replay,none,6,DDoS,seen,fpr,6.82680977242978e-05
gnn_replay,none,6,DDoS,seen,detection_rate,0.9805167356245277
gnn_replay,none,6,DDoS,seen,binary_f1,0.9900152616467058
gnn_replay,none,6,DDoS,all,n,414974.0
gnn_replay,none,6,DDoS,all,n_benign,336907.0
gnn_replay,none,6,DDoS,all,n_attack,78067.0
gnn_replay,none,6,DDoS,all,accuracy,0.9849894210239678
gnn_replay,none,6,DDoS,all,macro_f1,0.7132186700896774
gnn_replay,none,6,DDoS,all,fpr,6.82680977242978e-05
gnn_replay,none,6,DDoS,all,detection_rate,0.9805167356245277
gnn_replay,none,6,DDoS,all,binary_f1,0.9900152616467058
gnn_joint,none,0,BruteForce,task0,n,138702.0
gnn_joint,none,0,BruteForce,task0,n_benign,137344.0
gnn_joint,none,0,BruteForce,task0,n_attack,1358.0
gnn_joint,none,0,BruteForce,task0,accuracy,0.9998702253752649
gnn_joint,none,0,BruteForce,task0,macro_f1,0.9966729437484376
gnn_joint,none,0,BruteForce,task0,fpr,0.00012377679403541473
gnn_joint,none,0,BruteForce,task0,detection_rate,0.9992636229749632
gnn_joint,none,0,BruteForce,task0,binary_f1,0.9934114202049781
gnn_joint,none,0,BruteForce,task0,category_recall,0.9992636229749632
gnn_joint,none,0,BruteForce,task1,n,96639.0
gnn_joint,none,0,BruteForce,task1,n_benign,76782.0
gnn_joint,none,0,BruteForce,task1,n_attack,19857.0
gnn_joint,none,0,BruteForce,task1,accuracy,0.7945239499580915
gnn_joint,none,0,BruteForce,task1,macro_f1,0.44274914802705556
gnn_joint,none,0,BruteForce,task1,fpr,0.0
gnn_joint,none,0,BruteForce,task1,detection_rate,0.0
gnn_joint,none,0,BruteForce,task1,binary_f1,0.0
gnn_joint,none,0,BruteForce,task1,category_recall,0.0
gnn_joint,none,0,BruteForce,task2,n,21631.0
gnn_joint,none,0,BruteForce,task2,n_benign,21610.0
gnn_joint,none,0,BruteForce,task2,n_attack,21.0
gnn_joint,none,0,BruteForce,task2,accuracy,0.9990291710970367
gnn_joint,none,0,BruteForce,task2,macro_f1,0.4997571749034481
gnn_joint,none,0,BruteForce,task2,fpr,0.0
gnn_joint,none,0,BruteForce,task2,detection_rate,0.0
gnn_joint,none,0,BruteForce,task2,binary_f1,0.0
gnn_joint,none,0,BruteForce,task2,category_recall,0.0
gnn_joint,none,0,BruteForce,task3,n,50445.0
gnn_joint,none,0,BruteForce,task3,n_benign,32949.0
gnn_joint,none,0,BruteForce,task3,n_attack,17496.0
gnn_joint,none,0,BruteForce,task3,accuracy,0.6531668153434433
gnn_joint,none,0,BruteForce,task3,macro_f1,0.39510036693287287
gnn_joint,none,0,BruteForce,task3,fpr,0.0
gnn_joint,none,0,BruteForce,task3,detection_rate,0.0
gnn_joint,none,0,BruteForce,task3,binary_f1,0.0
gnn_joint,none,0,BruteForce,task3,category_recall,0.0
gnn_joint,none,0,BruteForce,task4,n,27642.0
gnn_joint,none,0,BruteForce,task4,n_benign,27385.0
gnn_joint,none,0,BruteForce,task4,n_attack,257.0
gnn_joint,none,0,BruteForce,task4,accuracy,0.9907025540843644
gnn_joint,none,0,BruteForce,task4,macro_f1,0.49766478274301706
gnn_joint,none,0,BruteForce,task4,fpr,0.0
gnn_joint,none,0,BruteForce,task4,detection_rate,0.0
gnn_joint,none,0,BruteForce,task4,binary_f1,0.0
gnn_joint,none,0,BruteForce,task4,category_recall,0.0
gnn_joint,none,0,BruteForce,task5,n,51117.0
gnn_joint,none,0,BruteForce,task5,n_benign,31046.0
gnn_joint,none,0,BruteForce,task5,n_attack,20071.0
gnn_joint,none,0,BruteForce,task5,accuracy,0.6073321986814563
gnn_joint,none,0,BruteForce,task5,macro_f1,0.3778510747060685
gnn_joint,none,0,BruteForce,task5,fpr,3.22102686336404e-05
gnn_joint,none,0,BruteForce,task5,detection_rate,0.0
gnn_joint,none,0,BruteForce,task5,binary_f1,0.0
gnn_joint,none,0,BruteForce,task5,category_recall,0.0
gnn_joint,none,0,BruteForce,task6,n,28798.0
gnn_joint,none,0,BruteForce,task6,n_benign,9791.0
gnn_joint,none,0,BruteForce,task6,n_attack,19007.0
gnn_joint,none,0,BruteForce,task6,accuracy,0.33995416348357527
gnn_joint,none,0,BruteForce,task6,macro_f1,0.2537058152793615
gnn_joint,none,0,BruteForce,task6,fpr,0.0001021346134204882
gnn_joint,none,0,BruteForce,task6,detection_rate,0.0
gnn_joint,none,0,BruteForce,task6,binary_f1,0.0
gnn_joint,none,0,BruteForce,task6,category_recall,0.0
gnn_joint,none,0,BruteForce,seen,n,138702.0
gnn_joint,none,0,BruteForce,seen,n_benign,137344.0
gnn_joint,none,0,BruteForce,seen,n_attack,1358.0
gnn_joint,none,0,BruteForce,seen,accuracy,0.9998702253752649
gnn_joint,none,0,BruteForce,seen,macro_f1,0.9966729437484376
gnn_joint,none,0,BruteForce,seen,fpr,0.00012377679403541473
gnn_joint,none,0,BruteForce,seen,detection_rate,0.9992636229749632
gnn_joint,none,0,BruteForce,seen,binary_f1,0.9934114202049781
gnn_joint,none,0,BruteForce,all,n,414974.0
gnn_joint,none,0,BruteForce,all,n_benign,336907.0
gnn_joint,none,0,BruteForce,all,n_attack,78067.0
gnn_joint,none,0,BruteForce,all,accuracy,0.8150992592306988
gnn_joint,none,0,BruteForce,all,macro_f1,0.23630602711901372
gnn_joint,none,0,BruteForce,all,fpr,5.639538507659384e-05
gnn_joint,none,0,BruteForce,all,detection_rate,0.017382504771542392
gnn_joint,none,0,BruteForce,all,binary_f1,0.03416285890512694
gnn_joint,none,1,DoS,task0,n,138702.0
gnn_joint,none,1,DoS,task0,n_benign,137344.0
gnn_joint,none,1,DoS,task0,n_attack,1358.0
gnn_joint,none,1,DoS,task0,accuracy,0.9998558059725167
gnn_joint,none,1,DoS,task0,macro_f1,0.9970325307846133
gnn_joint,none,1,DoS,task0,fpr,0.00012377679403541473
gnn_joint,none,1,DoS,task0,detection_rate,0.9992636229749632
gnn_joint,none,1,DoS,task0,binary_f1,0.9934114202049781
gnn_joint,none,1,DoS,task0,category_recall,0.9977908689248896
gnn_joint,none,1,DoS,task1,n,96639.0
gnn_joint,none,1,DoS,task1,n_benign,76782.0
gnn_joint,none,1,DoS,task1,n_attack,19857.0
gnn_joint,none,1,DoS,task1,accuracy,0.9972164447065884
gnn_joint,none,1,DoS,task1,macro_f1,0.9957693792855582
gnn_joint,none,1,DoS,task1,fpr,0.003360162538094866
gnn_joint,none,1,DoS,task1,detection_rate,0.999446039180138
gnn_joint,none,1,DoS,task1,binary_f1,0.9932684367258077
gnn_joint,none,1,DoS,task1,category_recall,0.999446039180138
gnn_joint,none,1,DoS,task2,n,21631.0
gnn_joint,none,1,DoS,task2,n_benign,21610.0
gnn_joint,none,1,DoS,task2,n_attack,21.0
gnn_joint,none,1,DoS,task2,accuracy,0.9989367112015164
gnn_joint,none,1,DoS,task2,macro_f1,0.4999652930424119
gnn_joint,none,1,DoS,task2,fpr,9.254974548819991e-05
gnn_joint,none,1,DoS,task2,detection_rate,0.9523809523809523
gnn_joint,none,1,DoS,task2,binary_f1,0.9302325581395349
gnn_joint,none,1,DoS,task2,category_recall,0.0
gnn_joint,none,1,DoS,task3,n,50445.0
gnn_joint,none,1,DoS,task3,n_benign,32949.0
gnn_joint,none,1,DoS,task3,n_attack,17496.0
gnn_joint,none,1,DoS,task3,accuracy,0.6530875210625434
gnn_joint,none,1,DoS,task3,macro_f1,0.3950713514809929
gnn_joint,none,1,DoS,task3,fpr,0.00012139973899056118
gnn_joint,none,1,DoS,task3,detection_rate,0.0
gnn_joint,none,1,DoS,task3,binary_f1,0.0
gnn_joint,none,1,DoS,task3,category_recall,0.0
gnn_joint,none,1,DoS,task4,n,27642.0
gnn_joint,none,1,DoS,task4,n_benign,27385.0
gnn_joint,none,1,DoS,task4,n_attack,257.0
gnn_joint,none,1,DoS,task4,accuracy,0.9907025540843644
gnn_joint,none,1,DoS,task4,macro_f1,0.49766478274301706
gnn_joint,none,1,DoS,task4,fpr,0.0
gnn_joint,none,1,DoS,task4,detection_rate,0.0
gnn_joint,none,1,DoS,task4,binary_f1,0.0
gnn_joint,none,1,DoS,task4,category_recall,0.0
gnn_joint,none,1,DoS,task5,n,51117.0
gnn_joint,none,1,DoS,task5,n_benign,31046.0
gnn_joint,none,1,DoS,task5,n_attack,20071.0
gnn_joint,none,1,DoS,task5,accuracy,0.6073517616448539
gnn_joint,none,1,DoS,task5,macro_f1,0.37785864683616716
gnn_joint,none,1,DoS,task5,fpr,0.0
gnn_joint,none,1,DoS,task5,detection_rate,0.0
gnn_joint,none,1,DoS,task5,binary_f1,0.0
gnn_joint,none,1,DoS,task5,category_recall,0.0
gnn_joint,none,1,DoS,task6,n,28798.0
gnn_joint,none,1,DoS,task6,n_benign,9791.0
gnn_joint,none,1,DoS,task6,n_attack,19007.0
gnn_joint,none,1,DoS,task6,accuracy,0.3399888881172304
gnn_joint,none,1,DoS,task6,macro_f1,0.4999489379084967
gnn_joint,none,1,DoS,task6,fpr,0.0
gnn_joint,none,1,DoS,task6,detection_rate,0.9998947756089862
gnn_joint,none,1,DoS,task6,binary_f1,0.9999473850363043
gnn_joint,none,1,DoS,task6,category_recall,0.0
gnn_joint,none,1,DoS,seen,n,235341.0
gnn_joint,none,1,DoS,seen,n_benign,214126.0
gnn_joint,none,1,DoS,seen,n_attack,21215.0
gnn_joint,none,1,DoS,seen,accuracy,0.99877199468006
gnn_joint,none,1,DoS,seen,macro_f1,0.995413212611838
gnn_joint,none,1,DoS,seen,fpr,0.0012842905578958183
gnn_joint,none,1,DoS,seen,detection_rate,0.9994343624793778
gnn_joint,none,1,DoS,seen,binary_f1,0.9932775864895884
gnn_joint,none,1,DoS,all,n,414974.0
gnn_joint,none,1,DoS,all,n_benign,336907.0
gnn_joint,none,1,DoS,all,n_attack,78067.0
gnn_joint,none,1,DoS,all,accuracy,0.8622877577872349
gnn_joint,none,1,DoS,all,macro_f1,0.3262679818791143
gnn_joint,none,1,DoS,all,fpr,0.0008340580635012036
gnn_joint,none,1,DoS,all,detection_rate,0.5153009594322825
gnn_joint,none,1,DoS,all,binary_f1,0.678518418566995
gnn_joint,none,2,WebAttack,task0,n,138702.0
gnn_joint,none,2,WebAttack,task0,n_benign,137344.0
gnn_joint,none,2,WebAttack,task0,n_attack,1358.0
gnn_joint,none,2,WebAttack,task0,accuracy,0.9998053380628974
gnn_joint,none,2,WebAttack,task0,macro_f1,0.9957421297715899
gnn_joint,none,2,WebAttack,task0,fpr,0.00013833876980428705
gnn_joint,none,2,WebAttack,task0,detection_rate,1.0
gnn_joint,none,2,WebAttack,task0,binary_f1,0.9930530164533821
gnn_joint,none,2,WebAttack,task0,category_recall,0.9941089837997055
gnn_joint,none,2,WebAttack,task1,n,96639.0
gnn_joint,none,2,WebAttack,task1,n_benign,76782.0
gnn_joint,none,2,WebAttack,task1,n_attack,19857.0
gnn_joint,none,2,WebAttack,task1,accuracy,0.9990066122372955
gnn_joint,none,2,WebAttack,task1,macro_f1,0.9985059559817084
gnn_joint,none,2,WebAttack,task1,fpr,0.001107030293558386
gnn_joint,none,2,WebAttack,task1,detection_rate,0.999446039180138
gnn_joint,none,2,WebAttack,task1,binary_f1,0.9975872122247914
gnn_joint,none,2,WebAttack,task1,category_recall,0.999446039180138
gnn_joint,none,2,WebAttack,task2,n,21631.0
gnn_joint,none,2,WebAttack,task2,n_benign,21610.0
gnn_joint,none,2,WebAttack,task2,n_attack,21.0
gnn_joint,none,2,WebAttack,task2,accuracy,0.9993065507835976
gnn_joint,none,2,WebAttack,task2,macro_f1,0.7580298091714441
gnn_joint,none,2,WebAttack,task2,fpr,9.254974548819991e-05
gnn_joint,none,2,WebAttack,task2,detection_rate,0.9523809523809523
gnn_joint,none,2,WebAttack,task2,binary_f1,0.9302325581395349
gnn_joint,none,2,WebAttack,task2,category_recall,0.38095238095238093
gnn_joint,none,2,WebAttack,task3,n,50445.0
gnn_joint,none,2,WebAttack,task3,n_benign,32949.0
gnn_joint,none,2,WebAttack,task3,n_attack,17496.0
gnn_joint,none,2,WebAttack,task3,accuracy,0.6531469917732183
gnn_joint,none,2,WebAttack,task3,macro_f1,0.39515945261996427
gnn_joint,none,2,WebAttack,task3,fpr,3.0349934747640294e-05
gnn_joint,none,2,WebAttack,task3,detection_rate,0.000800182898948331
gnn_joint,none,2,WebAttack,task3,binary_f1,0.0015989949174804409
gnn_joint,none,2,WebAttack,task3,category_recall,0.0
gnn_joint,none,2,WebAttack,task4,n,27642.0
gnn_joint,none,2,WebAttack,task4,n_benign,27385.0
gnn_joint,none,2,WebAttack,task4,n_attack,257.0
gnn_joint,none,2,WebAttack,task4,accuracy,0.9905940235872946
gnn_joint,none,2,WebAttack,task4,macro_f1,0.497637394591451
gnn_joint,none,2,WebAttack,task4,fpr,0.00010954902318787658
gnn_joint,none,2,WebAttack,task4,detection_rate,0.0
gnn_joint,none,2,WebAttack,task4,binary_f1,0.0
gnn_joint,none,2,WebAttack,task4,category_recall,0.0
gnn_joint,none,2,WebAttack,task5,n,51117.0
gnn_joint,none,2,WebAttack,task5,n_benign,31046.0
gnn_joint,none,2,WebAttack,task5,n_attack,20071.0
gnn_joint,none,2,WebAttack,task5,accuracy,0.6073517616448539
gnn_joint,none,2,WebAttack,task5,macro_f1,0.37785864683616716
gnn_joint,none,2,WebAttack,task5,fpr,0.0
gnn_joint,none,2,WebAttack,task5,detection_rate,0.0
gnn_joint,none,2,WebAttack,task5,binary_f1,0.0
gnn_joint,none,2,WebAttack,task5,category_recall,0.0
gnn_joint,none,2,WebAttack,task6,n,28798.0
gnn_joint,none,2,WebAttack,task6,n_benign,9791.0
gnn_joint,none,2,WebAttack,task6,n_attack,19007.0
gnn_joint,none,2,WebAttack,task6,accuracy,0.3398499895826099
gnn_joint,none,2,WebAttack,task6,macro_f1,0.4998978445193585
gnn_joint,none,2,WebAttack,task6,fpr,0.0004085384536819528
gnn_joint,none,2,WebAttack,task6,detection_rate,1.0
gnn_joint,none,2,WebAttack,task6,binary_f1,0.9998947866799937
gnn_joint,none,2,WebAttack,task6,category_recall,0.0
gnn_joint,none,2,WebAttack,seen,n,256972.0
gnn_joint,none,2,WebAttack,seen,n_benign,235736.0
gnn_joint,none,2,WebAttack,seen,n_attack,21236.0
gnn_joint,none,2,WebAttack,seen,accuracy,0.9994629765110595
gnn_joint,none,2,WebAttack,seen,macro_f1,0.8759350777676365
gnn_joint,none,2,WebAttack,seen,fpr,0.00044965554688295383
gnn_joint,none,2,WebAttack,seen,detection_rate,0.9994349218308533
gnn_joint,none,2,WebAttack,seen,binary_f1,0.997227834421839
gnn_joint,none,2,WebAttack,all,n,414974.0
gnn_joint,none,2,WebAttack,all,n_benign,336907.0
gnn_joint,none,2,WebAttack,all,n_attack,78067.0
gnn_joint,none,2,WebAttack,all,accuracy,0.8626974220071619
gnn_joint,none,2,WebAttack,all,macro_f1,0.36495959219541285
gnn_joint,none,2,WebAttack,all,fpr,0.00033837231045956304
gnn_joint,none,2,WebAttack,all,detection_rate,0.5155187210985436
gnn_joint,none,2,WebAttack,all,binary_f1,0.6796649384425717
gnn_joint,none,3,Infiltration,task0,n,138702.0
gnn_joint,none,3,Infiltration,task0,n_benign,137344.0
gnn_joint,none,3,Infiltration,task0,n_attack,1358.0
gnn_joint,none,3,Infiltration,task0,accuracy,0.9998269671670199
gnn_joint,none,3,Infiltration,task0,macro_f1,0.9975728785695597
gnn_joint,none,3,Infiltration,task0,fpr,0.00015290074557315937
gnn_joint,none,3,Infiltration,task0,detection_rate,0.9992636229749632
gnn_joint,none,3,Infiltration,task0,binary_f1,0.9919590643274854
gnn_joint,none,3,Infiltration,task0,category_recall,0.9977908689248896
gnn_joint,none,3,Infiltration,task1,n,96639.0
gnn_joint,none,3,Infiltration,task1,n_benign,76782.0
gnn_joint,none,3,Infiltration,task1,n_attack,19857.0
gnn_joint,none,3,Infiltration,task1,accuracy,0.9992239158103872
gnn_joint,none,3,Infiltration,task1,macro_f1,0.9988754804186905
gnn_joint,none,3,Infiltration,task1,fpr,0.0008335286916204319
gnn_joint,none,3,Infiltration,task1,detection_rate,0.999446039180138
gnn_joint,none,3,Infiltration,task1,binary_f1,0.9981140141323208
gnn_joint,none,3,Infiltration,task1,category_recall,0.999446039180138
gnn_joint,none,3,Infiltration,task2,n,21631.0
gnn_joint,none,3,Infiltration,task2,n_benign,21610.0
gnn_joint,none,3,Infiltration,task2,n_attack,21.0
gnn_joint,none,3,Infiltration,task2,accuracy,0.9993065507835976
gnn_joint,none,3,Infiltration,task2,macro_f1,0.7578910295106334
gnn_joint,none,3,Infiltration,task2,fpr,9.254974548819991e-05
gnn_joint,none,3,Infiltration,task2,detection_rate,0.38095238095238093
gnn_joint,none,3,Infiltration,task2,binary_f1,0.5161290322580645
gnn_joint,none,3,Infiltration,task2,category_recall,0.38095238095238093
gnn_joint,none,3,Infiltration,task3,n,50445.0
gnn_joint,none,3,Infiltration,task3,n_benign,32949.0
gnn_joint,none,3,Infiltration,task3,n_attack,17496.0
gnn_joint,none,3,Infiltration,task3,accuracy,0.999742293587075
gnn_joint,none,3,Infiltration,task3,macro_f1,0.9997299070619095
gnn_joint,none,3,Infiltration,task3,fpr,0.0002731494127287626
gnn_joint,none,3,Infiltration,task3,detection_rate,0.9997713763145862
gnn_joint,none,3,Infiltration,task3,binary_f1,0.9996285395891077
gnn_joint,none,3,Infiltration,task3,category_recall,0.9997713763145862
gnn_joint,none,3,Infiltration,task4,n,27642.0
gnn_joint,none,3,Infiltration,task4,n_benign,27385.0
gnn_joint,none,3,Infiltration,task4,n_attack,257.0
gnn_joint,none,3,Infiltration,task4,accuracy,0.9907025540843644
gnn_joint,none,3,Infiltration,task4,macro_f1,0.49766478274301706
gnn_joint,none,3,Infiltration,task4,fpr,0.0
gnn_joint,none,3,Infiltration,task4,detection_rate,0.0
gnn_joint,none,3,Infiltration,task4,binary_f1,0.0
gnn_joint,none,3,Infiltration,task4,category_recall,0.0
gnn_joint,none,3,Infiltration,task5,n,51117.0
gnn_joint,none,3,Infiltration,task5,n_benign,31046.0
gnn_joint,none,3,Infiltration,task5,n_attack,20071.0
gnn_joint,none,3,Infiltration,task5,accuracy,0.6068822505233092
gnn_joint,none,3,Infiltration,task5,macro_f1,0.4994928107942744
gnn_joint,none,3,Infiltration,task5,fpr,0.0007730464472073697
gnn_joint,none,3,Infiltration,task5,detection_rate,0.9980568980120572
gnn_joint,none,3,Infiltration,task5,binary_f1,0.9984299847982655
gnn_joint,none,3,Infiltration,task5,category_recall,0.0
gnn_joint,none,3,Infiltration,task6,n,28798.0
gnn_joint,none,3,Infiltration,task6,n_benign,9791.0
gnn_joint,none,3,Infiltration,task6,n_attack,19007.0
gnn_joint,none,3,Infiltration,task6,accuracy,0.3397805403152997
gnn_joint,none,3,Infiltration,task6,macro_f1,0.49961705386775596
gnn_joint,none,3,Infiltration,task6,fpr,0.0006128076805229292
gnn_joint,none,3,Infiltration,task6,detection_rate,0.9995264902404377
gnn_joint,none,3,Infiltration,task6,binary_f1,0.9996053773907553
gnn_joint,none,3,Infiltration,task6,category_recall,0.0
gnn_joint,none,3,Infiltration,seen,n,307417.0
gnn_joint,none,3,Infiltration,seen,n_benign,268685.0
gnn_joint,none,3,Infiltration,seen,n_attack,38732.0
gnn_joint,none,3,Infiltration,seen,accuracy,0.9995868803612031
gnn_joint,none,3,Infiltration,seen,macro_f1,0.898481384830818
gnn_joint,none,3,Infiltration,seen,fpr,0.0003572957180341292
gnn_joint,none,3,Infiltration,seen,detection_rate,0.9992512651037901
gnn_joint,none,3,Infiltration,seen,binary_f1,0.9983877416775225
gnn_joint,none,3,Infiltration,all,n,414974.0
gnn_joint,none,3,Infiltration,all,n_benign,336907.0
gnn_joint,none,3,Infiltration,all,n_attack,78067.0
gnn_joint,none,3,Infiltration,all,accuracy,0.9048325919214216
gnn_joint,none,3,Infiltration,all,macro_f1,0.47565404161256003
gnn_joint,none,3,Infiltration,all,fpr,0.0003739904484026749
gnn_joint,none,3,Infiltration,all,detection_rate,0.9957216237334597
gnn_joint,none,3,Infiltration,all,binary_f1,0.9970498826366353
gnn_joint,none,4,Botnet,task0,n,138702.0
gnn_joint,none,4,Botnet,task0,n_benign,137344.0
gnn_joint,none,4,Botnet,task0,n_attack,1358.0
gnn_joint,none,4,Botnet,task0,accuracy,0.9998558059725167
gnn_joint,none,4,Botnet,task0,macro_f1,0.9970325307846133
gnn_joint,none,4,Botnet,task0,fpr,0.00012377679403541473
gnn_joint,none,4,Botnet,task0,detection_rate,0.9992636229749632
gnn_joint,none,4,Botnet,task0,binary_f1,0.9934114202049781
gnn_joint,none,4,Botnet,task0,category_recall,0.9977908689248896
gnn_joint,none,4,Botnet,task1,n,96639.0
gnn_joint,none,4,Botnet,task1,n_benign,76782.0
gnn_joint,none,4,Botnet,task1,n_attack,19857.0
gnn_joint,none,4,Botnet,task1,accuracy,0.9992860025455561
gnn_joint,none,4,Botnet,task1,macro_f1,0.9989075847740527
gnn_joint,none,4,Botnet,task1,fpr,0.0007553853767810163
gnn_joint,none,4,Botnet,task1,detection_rate,0.999446039180138
gnn_joint,none,4,Botnet,task1,binary_f1,0.9982646311712482
gnn_joint,none,4,Botnet,task1,category_recall,0.999446039180138
gnn_joint,none,4,Botnet,task2,n,21631.0
gnn_joint,none,4,Botnet,task2,n_benign,21610.0
gnn_joint,none,4,Botnet,task2,n_attack,21.0
gnn_joint,none,4,Botnet,task2,accuracy,0.9993065507835976
gnn_joint,none,4,Botnet,task2,macro_f1,0.7578910295106334
gnn_joint,none,4,Botnet,task2,fpr,9.254974548819991e-05
gnn_joint,none,4,Botnet,task2,detection_rate,0.38095238095238093
gnn_joint,none,4,Botnet,task2,binary_f1,0.5161290322580645
gnn_joint,none,4,Botnet,task2,category_recall,0.38095238095238093
gnn_joint,none,4,Botnet,task3,n,50445.0
gnn_joint,none,4,Botnet,task3,n_benign,32949.0
gnn_joint,none,4,Botnet,task3,n_attack,17496.0
gnn_joint,none,4,Botnet,task3,accuracy,0.9999207057191
gnn_joint,none,4,Botnet,task3,macro_f1,0.9999267818991525
gnn_joint,none,4,Botnet,task3,fpr,6.069986949528059e-05
gnn_joint,none,4,Botnet,task3,detection_rate,0.9998856881572931
gnn_joint,none,4,Botnet,task3,binary_f1,0.9998856881572931
gnn_joint,none,4,Botnet,task3,category_recall,0.9998856881572931
gnn_joint,none,4,Botnet,task4,n,27642.0
gnn_joint,none,4,Botnet,task4,n_benign,27385.0
gnn_joint,none,4,Botnet,task4,n_attack,257.0
gnn_joint,none,4,Botnet,task4,accuracy,1.0
gnn_joint,none,4,Botnet,task4,macro_f1,1.0
gnn_joint,none,4,Botnet,task4,fpr,0.0
gnn_joint,none,4,Botnet,task4,detection_rate,1.0
gnn_joint,none,4,Botnet,task4,binary_f1,1.0
gnn_joint,none,4,Botnet,task4,category_recall,1.0
gnn_joint,none,4,Botnet,task5,n,51117.0
gnn_joint,none,4,Botnet,task5,n_benign,31046.0
gnn_joint,none,4,Botnet,task5,n_attack,20071.0
gnn_joint,none,4,Botnet,task5,accuracy,0.6073517616448539
gnn_joint,none,4,Botnet,task5,macro_f1,0.4997022324518341
gnn_joint,none,4,Botnet,task5,fpr,0.0
gnn_joint,none,4,Botnet,task5,detection_rate,0.9981565442678492
gnn_joint,none,4,Botnet,task5,binary_f1,0.9990774217678594
gnn_joint,none,4,Botnet,task5,category_recall,0.0
gnn_joint,none,4,Botnet,task6,n,28798.0
gnn_joint,none,4,Botnet,task6,n_benign,9791.0
gnn_joint,none,4,Botnet,task6,n_attack,19007.0
gnn_joint,none,4,Botnet,task6,accuracy,0.3399888881172304
gnn_joint,none,4,Botnet,task6,macro_f1,0.4999744676505132
gnn_joint,none,4,Botnet,task6,fpr,0.0
gnn_joint,none,4,Botnet,task6,detection_rate,0.9999473878044931
gnn_joint,none,4,Botnet,task6,binary_f1,0.9999736932102176
gnn_joint,none,4,Botnet,task6,category_recall,0.0
gnn_joint,none,4,Botnet,seen,n,335059.0
gnn_joint,none,4,Botnet,seen,n_benign,296070.0
gnn_joint,none,4,Botnet,seen,n_attack,38989.0
gnn_joint,none,4,Botnet,seen,accuracy,0.999677668709093
gnn_joint,none,4,Botnet,seen,macro_f1,0.9176945215534721
gnn_joint,none,4,Botnet,seen,fpr,0.00026682879048873576
gnn_joint,none,4,Botnet,seen,detection_rate,0.9993074969863295
gnn_joint,none,4,Botnet,seen,binary_f1,0.9986415481225169
gnn_joint,none,4,Botnet,all,n,414974.0
gnn_joint,none,4,Botnet,all,n_benign,336907.0
gnn_joint,none,4,Botnet,all,n_attack,78067.0
gnn_joint,none,4,Botnet,all,accuracy,0.9055699875172902
gnn_joint,none,4,Botnet,all,macro_f1,0.6024131058647166
gnn_joint,none,4,Botnet,all,fpr,0.00023448607479215332
gnn_joint,none,4,Botnet,all,detection_rate,0.9991673818642961
gnn_joint,none,4,Botnet,all,binary_f1,0.9990777979865256
gnn_joint,none,5,PortScan,task0,n,138702.0
gnn_joint,none,5,PortScan,task0,n_benign,137344.0
gnn_joint,none,5,PortScan,task0,n_attack,1358.0
gnn_joint,none,5,PortScan,task0,accuracy,0.9998341768683942
gnn_joint,none,5,PortScan,task0,macro_f1,0.996663841221262
gnn_joint,none,5,PortScan,task0,fpr,0.00016018173345759554
gnn_joint,none,5,PortScan,task0,detection_rate,0.9992636229749632
gnn_joint,none,5,PortScan,task0,binary_f1,0.9915966386554622
gnn_joint,none,5,PortScan,task0,category_recall,0.9992636229749632
gnn_joint,none,5,PortScan,task1,n,96639.0
gnn_joint,none,5,PortScan,task1,n_benign,76782.0
gnn_joint,none,5,PortScan,task1,n_attack,19857.0
gnn_joint,none,5,PortScan,task1,accuracy,0.9981270501557342
gnn_joint,none,5,PortScan,task1,macro_f1,0.9971403520247383
gnn_joint,none,5,PortScan,task1,fpr,0.002214060587116772
gnn_joint,none,5,PortScan,task1,detection_rate,0.999446039180138
gnn_joint,none,5,PortScan,task1,binary_f1,0.9954605873648835
gnn_joint,none,5,PortScan,task1,category_recall,0.999446039180138
gnn_joint,none,5,PortScan,task2,n,21631.0
gnn_joint,none,5,PortScan,task2,n_benign,21610.0
gnn_joint,none,5,PortScan,task2,n_attack,21.0
gnn_joint,none,5,PortScan,task2,accuracy,0.999399010679118
gnn_joint,none,5,PortScan,task2,macro_f1,0.7757117208518078
gnn_joint,none,5,PortScan,task2,fpr,0.0
gnn_joint,none,5,PortScan,task2,detection_rate,0.38095238095238093
gnn_joint,none,5,PortScan,task2,binary_f1,0.5517241379310345
gnn_joint,none,5,PortScan,task2,category_recall,0.38095238095238093
gnn_joint,none,5,PortScan,task3,n,50445.0
gnn_joint,none,5,PortScan,task3,n_benign,32949.0
gnn_joint,none,5,PortScan,task3,n_attack,17496.0
gnn_joint,none,5,PortScan,task3,accuracy,0.999861235008425
gnn_joint,none,5,PortScan,task3,macro_f1,0.9998611496376488
gnn_joint,none,5,PortScan,task3,fpr,9.104980424292088e-05
gnn_joint,none,5,PortScan,task3,detection_rate,0.9997713763145862
gnn_joint,none,5,PortScan,task3,binary_f1,0.9997999485582006
gnn_joint,none,5,PortScan,task3,category_recall,0.9997713763145862
gnn_joint,none,5,PortScan,task4,n,27642.0
gnn_joint,none,5,PortScan,task4,n_benign,27385.0
gnn_joint,none,5,PortScan,task4,n_attack,257.0
gnn_joint,none,5,PortScan,task4,accuracy,1.0
gnn_joint,none,5,PortScan,task4,macro_f1,1.0
gnn_joint,none,5,PortScan,task4,fpr,0.0
gnn_joint,none,5,PortScan,task4,detection_rate,1.0
gnn_joint,none,5,PortScan,task4,binary_f1,1.0
gnn_joint,none,5,PortScan,task4,category_recall,1.0
gnn_joint,none,5,PortScan,task5,n,51117.0
gnn_joint,none,5,PortScan,task5,n_benign,31046.0
gnn_joint,none,5,PortScan,task5,n_attack,20071.0
gnn_joint,none,5,PortScan,task5,accuracy,0.9994522370248645
gnn_joint,none,5,PortScan,task5,macro_f1,0.9994256345576866
gnn_joint,none,5,PortScan,task5,fpr,3.22102686336404e-05
gnn_joint,none,5,PortScan,task5,detection_rate,0.9986547755468088
gnn_joint,none,5,PortScan,task5,binary_f1,0.9993020241300229
gnn_joint,none,5,PortScan,task5,category_recall,0.9986547755468088
gnn_joint,none,5,PortScan,task6,n,28798.0
gnn_joint,none,5,PortScan,task6,n_benign,9791.0
gnn_joint,none,5,PortScan,task6,n_attack,19007.0
gnn_joint,none,5,PortScan,task6,accuracy,0.3398152649489548
gnn_joint,none,5,PortScan,task6,macro_f1,0.49987229912652603
gnn_joint,none,5,PortScan,task6,fpr,0.000510673067102441
gnn_joint,none,5,PortScan,task6,detection_rate,1.0
gnn_joint,none,5,PortScan,task6,binary_f1,0.999868486809227
gnn_joint,none,5,PortScan,task6,category_recall,0.0
gnn_joint,none,5,PortScan,seen,n,386176.0
gnn_joint,none,5,PortScan,seen,n_benign,327116.0
gnn_joint,none,5,PortScan,seen,n_attack,59060.0
gnn_joint,none,5,PortScan,seen,accuracy,0.9993474477958236
gnn_joint,none,5,PortScan,seen,macro_f1,0.9338964487938876
gnn_joint,none,5,PortScan,seen,fpr,0.0005991758275351863
gnn_joint,none,5,PortScan,seen,detection_rate,0.999051811716898
gnn_joint,none,5,PortScan,seen,binary_f1,0.997869101978691
gnn_joint,none,5,PortScan,all,n,414974.0
gnn_joint,none,5,PortScan,all,n_benign,336907.0
gnn_joint,none,5,PortScan,all,n_attack,78067.0
gnn_joint,none,5,PortScan,all,accuracy,0.9535778145136804
gnn_joint,none,5,PortScan,all,macro_f1,0.7764985623557294
gnn_joint,none,5,PortScan,all,fpr,0.0005966038105471242
gnn_joint,none,5,PortScan,all,detection_rate,0.9992826674523166
gnn_joint,none,5,PortScan,all,binary_f1,0.9983555052182315
gnn_joint,none,6,DDoS,task0,n,138702.0
gnn_joint,none,6,DDoS,task0,n_benign,137344.0
gnn_joint,none,6,DDoS,task0,n_attack,1358.0
gnn_joint,none,6,DDoS,task0,accuracy,0.9998413865697683
gnn_joint,none,6,DDoS,task0,macro_f1,0.9966656617532093
gnn_joint,none,6,DDoS,task0,fpr,0.00015290074557315937
gnn_joint,none,6,DDoS,task0,detection_rate,0.9992636229749632
gnn_joint,none,6,DDoS,task0,binary_f1,0.9919590643274854
gnn_joint,none,6,DDoS,task0,category_recall,0.9992636229749632
gnn_joint,none,6,DDoS,task1,n,96639.0
gnn_joint,none,6,DDoS,task1,n_benign,76782.0
gnn_joint,none,6,DDoS,task1,n_attack,19857.0
gnn_joint,none,6,DDoS,task1,accuracy,0.9961402746303253
gnn_joint,none,6,DDoS,task1,macro_f1,0.9940608872945308
gnn_joint,none,6,DDoS,task1,fpr,0.0007553853767810163
gnn_joint,none,6,DDoS,task1,detection_rate,0.9841365765221333
gnn_joint,none,6,DDoS,task1,binary_f1,0.9905466710596346
gnn_joint,none,6,DDoS,task1,category_recall,0.9841365765221333
gnn_joint,none,6,DDoS,task2,n,21631.0
gnn_joint,none,6,DDoS,task2,n_benign,21610.0
gnn_joint,none,6,DDoS,task2,n_attack,21.0
gnn_joint,none,6,DDoS,task2,accuracy,0.999399010679118
gnn_joint,none,6,DDoS,task2,macro_f1,0.7757117208518078
gnn_joint,none,6,DDoS,task2,fpr,0.0
gnn_joint,none,6,DDoS,task2,detection_rate,0.38095238095238093
gnn_joint,none,6,DDoS,task2,binary_f1,0.5517241379310345
gnn_joint,none,6,DDoS,task2,category_recall,0.38095238095238093
gnn_joint,none,6,DDoS,task3,n,50445.0
gnn_joint,none,6,DDoS,task3,n_benign,32949.0
gnn_joint,none,6,DDoS,task3,n_attack,17496.0
gnn_joint,none,6,DDoS,task3,accuracy,0.999940529289325
gnn_joint,none,6,DDoS,task3,macro_f1,0.9999343697282537
gnn_joint,none,6,DDoS,task3,fpr,3.0349934747640294e-05
gnn_joint,none,6,DDoS,task3,detection_rate,0.9998856881572931
gnn_joint,none,6,DDoS,task3,binary_f1,0.9999142636678003
gnn_joint,none,6,DDoS,task3,category_recall,0.9998856881572931
gnn_joint,none,6,DDoS,task4,n,27642.0
gnn_joint,none,6,DDoS,task4,n_benign,27385.0
gnn_joint,none,6,DDoS,task4,n_attack,257.0
gnn_joint,none,6,DDoS,task4,accuracy,1.0
gnn_joint,none,6,DDoS,task4,macro_f1,1.0
gnn_joint,none,6,DDoS,task4,fpr,0.0
gnn_joint,none,6,DDoS,task4,detection_rate,1.0
gnn_joint,none,6,DDoS,task4,binary_f1,1.0
gnn_joint,none,6,DDoS,task4,category_recall,1.0
gnn_joint,none,6,DDoS,task5,n,51117.0
gnn_joint,none,6,DDoS,task5,n_benign,31046.0
gnn_joint,none,6,DDoS,task5,n_attack,20071.0
gnn_joint,none,6,DDoS,task5,accuracy,0.99949136295166
gnn_joint,none,6,DDoS,task5,macro_f1,0.9994666606607091
gnn_joint,none,6,DDoS,task5,fpr,0.0
gnn_joint,none,6,DDoS,task5,detection_rate,0.9987045986747048
gnn_joint,none,6,DDoS,task5,binary_f1,0.999351879549307
gnn_joint,none,6,DDoS,task5,category_recall,0.9987045986747048
gnn_joint,none,6,DDoS,task6,n,28798.0
gnn_joint,none,6,DDoS,task6,n_benign,9791.0
gnn_joint,none,6,DDoS,task6,n_attack,19007.0
gnn_joint,none,6,DDoS,task6,accuracy,0.9994791304951732
gnn_joint,none,6,DDoS,task6,macro_f1,0.9995114993380826
gnn_joint,none,6,DDoS,task6,fpr,0.0015320192013073232
gnn_joint,none,6,DDoS,task6,detection_rate,1.0
gnn_joint,none,6,DDoS,task6,binary_f1,0.9996055641747088
gnn_joint,none,6,DDoS,task6,category_recall,1.0
gnn_joint,none,6,DDoS,seen,n,414974.0
gnn_joint,none,6,DDoS,seen,n_benign,336907.0
gnn_joint,none,6,DDoS,seen,n_attack,78067.0
gnn_joint,none,6,DDoS,seen,accuracy,0.9989107751328999
gnn_joint,none,6,DDoS,seen,macro_f1,0.941481825994477
gnn_joint,none,6,DDoS,seen,fpr,0.00028197692538296917
gnn_joint,none,6,DDoS,seen,detection_rate,0.9954270050085183
gnn_joint,none,6,DDoS,seen,binary_f1,0.9971001847669883
gnn_joint,none,6,DDoS,all,n,414974.0
gnn_joint,none,6,DDoS,all,n_benign,336907.0
gnn_joint,none,6,DDoS,all,n_attack,78067.0
gnn_joint,none,6,DDoS,all,accuracy,0.9989107751328999
gnn_joint,none,6,DDoS,all,macro_f1,0.941481825994477
gnn_joint,none,6,DDoS,all,fpr,0.00028197692538296917
gnn_joint,none,6,DDoS,all,detection_rate,0.9954270050085183
gnn_joint,none,6,DDoS,all,binary_f1,0.9971001847669883
ffnn_joint,none,0,BruteForce,task0,n,138702.0
ffnn_joint,none,0,BruteForce,task0,n_benign,137344.0
ffnn_joint,none,0,BruteForce,task0,n_attack,1358.0
ffnn_joint,none,0,BruteForce,task0,accuracy,0.9999711611945034
ffnn_joint,none,0,BruteForce,task0,macro_f1,0.9992563419870788
ffnn_joint,none,0,BruteForce,task0,fpr,1.456197576887232e-05
ffnn_joint,none,0,BruteForce,task0,detection_rate,0.9985272459499264
ffnn_joint,none,0,BruteForce,task0,binary_f1,0.9985272459499264
ffnn_joint,none,0,BruteForce,task0,category_recall,0.9985272459499264
ffnn_joint,none,0,BruteForce,task1,n,96639.0
ffnn_joint,none,0,BruteForce,task1,n_benign,76782.0
ffnn_joint,none,0,BruteForce,task1,n_attack,19857.0
ffnn_joint,none,0,BruteForce,task1,accuracy,0.7945032543797018
ffnn_joint,none,0,BruteForce,task1,macro_f1,0.44274272138577664
ffnn_joint,none,0,BruteForce,task1,fpr,2.6047771613138496e-05
ffnn_joint,none,0,BruteForce,task1,detection_rate,0.0
ffnn_joint,none,0,BruteForce,task1,binary_f1,0.0
ffnn_joint,none,0,BruteForce,task1,category_recall,0.0
ffnn_joint,none,0,BruteForce,task2,n,21631.0
ffnn_joint,none,0,BruteForce,task2,n_benign,21610.0
ffnn_joint,none,0,BruteForce,task2,n_attack,21.0
ffnn_joint,none,0,BruteForce,task2,accuracy,0.9990291710970367
ffnn_joint,none,0,BruteForce,task2,macro_f1,0.4997571749034481
ffnn_joint,none,0,BruteForce,task2,fpr,0.0
ffnn_joint,none,0,BruteForce,task2,detection_rate,0.0
ffnn_joint,none,0,BruteForce,task2,binary_f1,0.0
ffnn_joint,none,0,BruteForce,task2,category_recall,0.0
ffnn_joint,none,0,BruteForce,task3,n,50445.0
ffnn_joint,none,0,BruteForce,task3,n_benign,32949.0
ffnn_joint,none,0,BruteForce,task3,n_attack,17496.0
ffnn_joint,none,0,BruteForce,task3,accuracy,0.6531271682029933
ffnn_joint,none,0,BruteForce,task3,macro_f1,0.39511902620375366
ffnn_joint,none,0,BruteForce,task3,fpr,6.069986949528059e-05
ffnn_joint,none,0,BruteForce,task3,detection_rate,0.0004000914494741655
ffnn_joint,none,0,BruteForce,task3,binary_f1,0.0007997714938588975
ffnn_joint,none,0,BruteForce,task3,category_recall,0.0
ffnn_joint,none,0,BruteForce,task4,n,27642.0
ffnn_joint,none,0,BruteForce,task4,n_benign,27385.0
ffnn_joint,none,0,BruteForce,task4,n_attack,257.0
ffnn_joint,none,0,BruteForce,task4,accuracy,0.9907025540843644
ffnn_joint,none,0,BruteForce,task4,macro_f1,0.49766478274301706
ffnn_joint,none,0,BruteForce,task4,fpr,0.0
ffnn_joint,none,0,BruteForce,task4,detection_rate,0.0
ffnn_joint,none,0,BruteForce,task4,binary_f1,0.0
ffnn_joint,none,0,BruteForce,task4,category_recall,0.0
ffnn_joint,none,0,BruteForce,task5,n,51117.0
ffnn_joint,none,0,BruteForce,task5,n_benign,31046.0
ffnn_joint,none,0,BruteForce,task5,n_attack,20071.0
ffnn_joint,none,0,BruteForce,task5,accuracy,0.6073517616448539
ffnn_joint,none,0,BruteForce,task5,macro_f1,0.37785864683616716
ffnn_joint,none,0,BruteForce,task5,fpr,0.0
ffnn_joint,none,0,BruteForce,task5,detection_rate,0.0
ffnn_joint,none,0,BruteForce,task5,binary_f1,0.0
ffnn_joint,none,0,BruteForce,task5,category_recall,0.0
ffnn_joint,none,0,BruteForce,task6,n,28798.0
ffnn_joint,none,0,BruteForce,task6,n_benign,9791.0
ffnn_joint,none,0,BruteForce,task6,n_attack,19007.0
ffnn_joint,none,0,BruteForce,task6,accuracy,0.33991943884992015
ffnn_joint,none,0,BruteForce,task6,macro_f1,0.2536864747194651
ffnn_joint,none,0,BruteForce,task6,fpr,0.0002042692268409764
ffnn_joint,none,0,BruteForce,task6,detection_rate,0.0
ffnn_joint,none,0,BruteForce,task6,binary_f1,0.0
ffnn_joint,none,0,BruteForce,task6,category_recall,0.0
ffnn_joint,none,0,BruteForce,seen,n,138702.0
ffnn_joint,none,0,BruteForce,seen,n_benign,137344.0
ffnn_joint,none,0,BruteForce,seen,n_attack,1358.0
ffnn_joint,none,0,BruteForce,seen,accuracy,0.9999711611945034
ffnn_joint,none,0,BruteForce,seen,macro_f1,0.9992563419870788
ffnn_joint,none,0,BruteForce,seen,fpr,1.456197576887232e-05
ffnn_joint,none,0,BruteForce,seen,detection_rate,0.9985272459499264
ffnn_joint,none,0,BruteForce,seen,binary_f1,0.9985272459499264
ffnn_joint,none,0,BruteForce,all,n,414974.0
ffnn_joint,none,0,BruteForce,all,n_benign,336907.0
ffnn_joint,none,0,BruteForce,all,n_attack,78067.0
ffnn_joint,none,0,BruteForce,all,accuracy,0.8151233571259886
ffnn_joint,none,0,BruteForce,all,macro_f1,0.23644468127863355
ffnn_joint,none,0,BruteForce,all,fpr,2.374542529540793e-05
ffnn_joint,none,0,BruteForce,all,detection_rate,0.017459361830222758
ffnn_joint,none,0,BruteForce,all,binary_f1,0.03431607039452152
ffnn_joint,none,1,DoS,task0,n,138702.0
ffnn_joint,none,1,DoS,task0,n_benign,137344.0
ffnn_joint,none,1,DoS,task0,n_attack,1358.0
ffnn_joint,none,1,DoS,task0,accuracy,0.9999639514931291
ffnn_joint,none,1,DoS,task0,macro_f1,0.999626079361569
ffnn_joint,none,1,DoS,task0,fpr,2.1842963653308482e-05
ffnn_joint,none,1,DoS,task0,detection_rate,1.0
ffnn_joint,none,1,DoS,task0,binary_f1,0.9988966531813167
ffnn_joint,none,1,DoS,task0,category_recall,0.9985272459499264
ffnn_joint,none,1,DoS,task1,n,96639.0
ffnn_joint,none,1,DoS,task1,n_benign,76782.0
ffnn_joint,none,1,DoS,task1,n_attack,19857.0
ffnn_joint,none,1,DoS,task1,accuracy,0.9336189323151108
ffnn_joint,none,1,DoS,task1,macro_f1,0.8836373476797782
ffnn_joint,none,1,DoS,task1,fpr,2.6047771613138496e-05
ffnn_joint,none,1,DoS,task1,detection_rate,0.6770408420204462
ffnn_joint,none,1,DoS,task1,binary_f1,0.8073747109869982
ffnn_joint,none,1,DoS,task1,category_recall,0.6770408420204462
ffnn_joint,none,1,DoS,task2,n,21631.0
ffnn_joint,none,1,DoS,task2,n_benign,21610.0
ffnn_joint,none,1,DoS,task2,n_attack,21.0
ffnn_joint,none,1,DoS,task2,accuracy,0.9990291710970367
ffnn_joint,none,1,DoS,task2,macro_f1,0.4997571749034481
ffnn_joint,none,1,DoS,task2,fpr,0.0
ffnn_joint,none,1,DoS,task2,detection_rate,0.0
ffnn_joint,none,1,DoS,task2,binary_f1,0.0
ffnn_joint,none,1,DoS,task2,category_recall,0.0
ffnn_joint,none,1,DoS,task3,n,50445.0
ffnn_joint,none,1,DoS,task3,n_benign,32949.0
ffnn_joint,none,1,DoS,task3,n_attack,17496.0
ffnn_joint,none,1,DoS,task3,accuracy,0.6531469917732183
ffnn_joint,none,1,DoS,task3,macro_f1,0.3950931133308551
ffnn_joint,none,1,DoS,task3,fpr,3.0349934747640294e-05
ffnn_joint,none,1,DoS,task3,detection_rate,0.0
ffnn_joint,none,1,DoS,task3,binary_f1,0.0
ffnn_joint,none,1,DoS,task3,category_recall,0.0
ffnn_joint,none,1,DoS,task4,n,27642.0
ffnn_joint,none,1,DoS,task4,n_benign,27385.0
ffnn_joint,none,1,DoS,task4,n_attack,257.0
ffnn_joint,none,1,DoS,task4,accuracy,0.9907025540843644
ffnn_joint,none,1,DoS,task4,macro_f1,0.49766478274301706
ffnn_joint,none,1,DoS,task4,fpr,0.0
ffnn_joint,none,1,DoS,task4,detection_rate,0.0
ffnn_joint,none,1,DoS,task4,binary_f1,0.0
ffnn_joint,none,1,DoS,task4,category_recall,0.0
ffnn_joint,none,1,DoS,task5,n,51117.0
ffnn_joint,none,1,DoS,task5,n_benign,31046.0
ffnn_joint,none,1,DoS,task5,n_attack,20071.0
ffnn_joint,none,1,DoS,task5,accuracy,0.6073517616448539
ffnn_joint,none,1,DoS,task5,macro_f1,0.3780196766023768
ffnn_joint,none,1,DoS,task5,fpr,0.0
ffnn_joint,none,1,DoS,task5,detection_rate,0.0017438094763589259
ffnn_joint,none,1,DoS,task5,binary_f1,0.0034815477966776086
ffnn_joint,none,1,DoS,task5,category_recall,0.0
ffnn_joint,none,1,DoS,task6,n,28798.0
ffnn_joint,none,1,DoS,task6,n_benign,9791.0
ffnn_joint,none,1,DoS,task6,n_attack,19007.0
ffnn_joint,none,1,DoS,task6,accuracy,0.3399888881172304
ffnn_joint,none,1,DoS,task6,macro_f1,0.3434233602244826
ffnn_joint,none,1,DoS,task6,fpr,0.0
ffnn_joint,none,1,DoS,task6,detection_rate,0.5302783185142316
ffnn_joint,none,1,DoS,task6,binary_f1,0.6930482018840679
ffnn_joint,none,1,DoS,task6,category_recall,0.0
ffnn_joint,none,1,DoS,seen,n,235341.0
ffnn_joint,none,1,DoS,seen,n_benign,214126.0
ffnn_joint,none,1,DoS,seen,n_attack,21215.0
ffnn_joint,none,1,DoS,seen,accuracy,0.9727204354532359
ffnn_joint,none,1,DoS,seen,macro_f1,0.9305836763682857
ffnn_joint,none,1,DoS,seen,fpr,2.3350737416287608e-05
ffnn_joint,none,1,DoS,seen,detection_rate,0.6977138816874853
ffnn_joint,none,1,DoS,seen,binary_f1,0.8218311032147021
ffnn_joint,none,1,DoS,all,n,414974.0
ffnn_joint,none,1,DoS,all,n_benign,336907.0
ffnn_joint,none,1,DoS,all,n_attack,78067.0
ffnn_joint,none,1,DoS,all,accuracy,0.8475253871326879
ffnn_joint,none,1,DoS,all,macro_f1,0.3181689599179957
ffnn_joint,none,1,DoS,all,fpr,1.780906897155595e-05
ffnn_joint,none,1,DoS,all,detection_rate,0.31916174567999284
ffnn_joint,none,1,DoS,all,binary_f1,0.4838574993445902
ffnn_joint,none,2,WebAttack,task0,n,138702.0
ffnn_joint,none,2,WebAttack,task0,n_benign,137344.0
ffnn_joint,none,2,WebAttack,task0,n_attack,1358.0
ffnn_joint,none,2,WebAttack,task0,accuracy,0.999956741791755
ffnn_joint,none,2,WebAttack,task0,macro_f1,0.9994365922508083
ffnn_joint,none,2,WebAttack,task0,fpr,2.912395153774464e-05
ffnn_joint,none,2,WebAttack,task0,detection_rate,0.9985272459499264
ffnn_joint,none,2,WebAttack,task0,binary_f1,0.9977924944812362
ffnn_joint,none,2,WebAttack,task0,category_recall,0.9985272459499264
ffnn_joint,none,2,WebAttack,task1,n,96639.0
ffnn_joint,none,2,WebAttack,task1,n_benign,76782.0
ffnn_joint,none,2,WebAttack,task1,n_attack,19857.0
ffnn_joint,none,2,WebAttack,task1,accuracy,0.9322323285630025
ffnn_joint,none,2,WebAttack,task1,macro_f1,0.8808209122059087
ffnn_joint,none,2,WebAttack,task1,fpr,1.3023885806569248e-05
ffnn_joint,none,2,WebAttack,task1,detection_rate,0.6702422319585033
ffnn_joint,none,2,WebAttack,task1,binary_f1,0.8025446980432357
ffnn_joint,none,2,WebAttack,task1,category_recall,0.6702422319585033
ffnn_joint,none,2,WebAttack,task2,n,21631.0
ffnn_joint,none,2,WebAttack,task2,n_benign,21610.0
ffnn_joint,none,2,WebAttack,task2,n_attack,21.0
ffnn_joint,none,2,WebAttack,task2,accuracy,0.999399010679118
ffnn_joint,none,2,WebAttack,task2,macro_f1,0.7757117208518078
ffnn_joint,none,2,WebAttack,task2,fpr,0.0
ffnn_joint,none,2,WebAttack,task2,detection_rate,0.38095238095238093
ffnn_joint,none,2,WebAttack,task2,binary_f1,0.5517241379310345
ffnn_joint,none,2,WebAttack,task2,category_recall,0.38095238095238093
ffnn_joint,none,2,WebAttack,task3,n,50445.0
ffnn_joint,none,2,WebAttack,task3,n_benign,32949.0
ffnn_joint,none,2,WebAttack,task3,n_attack,17496.0
ffnn_joint,none,2,WebAttack,task3,accuracy,0.6531668153434433
ffnn_joint,none,2,WebAttack,task3,macro_f1,0.3951240571298373
ffnn_joint,none,2,WebAttack,task3,fpr,0.0
ffnn_joint,none,2,WebAttack,task3,detection_rate,0.0002857796067672611
ffnn_joint,none,2,WebAttack,task3,binary_f1,0.0005713959202331295
ffnn_joint,none,2,WebAttack,task3,category_recall,0.0
ffnn_joint,none,2,WebAttack,task4,n,27642.0
ffnn_joint,none,2,WebAttack,task4,n_benign,27385.0
ffnn_joint,none,2,WebAttack,task4,n_attack,257.0
ffnn_joint,none,2,WebAttack,task4,accuracy,0.9906302004196512
ffnn_joint,none,2,WebAttack,task4,macro_f1,0.49764652430713313
ffnn_joint,none,2,WebAttack,task4,fpr,7.303268212525105e-05
ffnn_joint,none,2,WebAttack,task4,detection_rate,0.0
ffnn_joint,none,2,WebAttack,task4,binary_f1,0.0
ffnn_joint,none,2,WebAttack,task4,category_recall,0.0
ffnn_joint,none,2,WebAttack,task5,n,51117.0
ffnn_joint,none,2,WebAttack,task5,n_benign,31046.0
ffnn_joint,none,2,WebAttack,task5,n_attack,20071.0
ffnn_joint,none,2,WebAttack,task5,accuracy,0.6073517616448539
ffnn_joint,none,2,WebAttack,task5,macro_f1,0.37795524822867715
ffnn_joint,none,2,WebAttack,task5,fpr,0.0
ffnn_joint,none,2,WebAttack,task5,detection_rate,0.0010462856858153556
ffnn_joint,none,2,WebAttack,task5,binary_f1,0.0020903842325303602
ffnn_joint,none,2,WebAttack,task5,category_recall,0.0
ffnn_joint,none,2,WebAttack,task6,n,28798.0
ffnn_joint,none,2,WebAttack,task6,n_benign,9791.0
ffnn_joint,none,2,WebAttack,task6,n_attack,19007.0
ffnn_joint,none,2,WebAttack,task6,accuracy,0.3399888881172304
ffnn_joint,none,2,WebAttack,task6,macro_f1,0.34966608335416594
ffnn_joint,none,2,WebAttack,task6,fpr,0.0
ffnn_joint,none,2,WebAttack,task6,detection_rate,0.5570579260272531
ffnn_joint,none,2,WebAttack,task6,binary_f1,0.7155262713296164
ffnn_joint,none,2,WebAttack,task6,category_recall,0.0
ffnn_joint,none,2,WebAttack,seen,n,256972.0
ffnn_joint,none,2,WebAttack,seen,n_benign,235736.0
ffnn_joint,none,2,WebAttack,seen,n_attack,21236.0
ffnn_joint,none,2,WebAttack,seen,accuracy,0.9744407951060816
ffnn_joint,none,2,WebAttack,seen,macro_f1,0.8348378888656165
ffnn_joint,none,2,WebAttack,seen,fpr,2.121016730579971e-05
ffnn_joint,none,2,WebAttack,seen,detection_rate,0.6909493313241665
ffnn_joint,none,2,WebAttack,seen,binary_f1,0.8171186723840285
ffnn_joint,none,2,WebAttack,all,n,414974.0
ffnn_joint,none,2,WebAttack,all,n_benign,336907.0
ffnn_joint,none,2,WebAttack,all,n_attack,78067.0
ffnn_joint,none,2,WebAttack,all,accuracy,0.847216934072978
ffnn_joint,none,2,WebAttack,all,macro_f1,0.3810682045232108
ffnn_joint,none,2,WebAttack,all,fpr,2.077724713348194e-05
ffnn_joint,none,2,WebAttack,all,detection_rate,0.3239140738083954
ffnn_joint,none,2,WebAttack,all,binary_f1,0.4892948017143797
ffnn_joint,none,3,Infiltration,task0,n,138702.0
ffnn_joint,none,3,Infiltration,task0,n_benign,137344.0
ffnn_joint,none,3,Infiltration,task0,n_attack,1358.0
ffnn_joint,none,3,Infiltration,task0,accuracy,0.9998341768683942
ffnn_joint,none,3,Infiltration,task0,macro_f1,0.9973874829840916
ffnn_joint,none,3,Infiltration,task0,fpr,6.552889095992544e-05
ffnn_joint,none,3,Infiltration,task0,detection_rate,0.9977908689248896
ffnn_joint,none,3,Infiltration,task0,binary_f1,0.9955914768552535
ffnn_joint,none,3,Infiltration,task0,category_recall,0.9896907216494846
ffnn_joint,none,3,Infiltration,task1,n,96639.0
ffnn_joint,none,3,Infiltration,task1,n_benign,76782.0
ffnn_joint,none,3,Infiltration,task1,n_attack,19857.0
ffnn_joint,none,3,Infiltration,task1,accuracy,0.9284553855068864
ffnn_joint,none,3,Infiltration,task1,macro_f1,0.8730679226830818
ffnn_joint,none,3,Infiltration,task1,fpr,1.3023885806569248e-05
ffnn_joint,none,3,Infiltration,task1,detection_rate,0.651860804753991
ffnn_joint,none,3,Infiltration,task1,binary_f1,0.7892201695018597
ffnn_joint,none,3,Infiltration,task1,category_recall,0.651860804753991
ffnn_joint,none,3,Infiltration,task2,n,21631.0
ffnn_joint,none,3,Infiltration,task2,n_benign,21610.0
ffnn_joint,none,3,Infiltration,task2,n_attack,21.0
ffnn_joint,none,3,Infiltration,task2,accuracy,0.9993527807313578
ffnn_joint,none,3,Infiltration,task2,macro_f1,0.7757001518670716
ffnn_joint,none,3,Infiltration,task2,fpr,4.6274872744099955e-05
ffnn_joint,none,3,Infiltration,task2,detection_rate,0.38095238095238093
ffnn_joint,none,3,Infiltration,task2,binary_f1,0.5333333333333333
ffnn_joint,none,3,Infiltration,task2,category_recall,0.38095238095238093
ffnn_joint,none,3,Infiltration,task3,n,50445.0
ffnn_joint,none,3,Infiltration,task3,n_benign,32949.0
ffnn_joint,none,3,Infiltration,task3,n_attack,17496.0
ffnn_joint,none,3,Infiltration,task3,accuracy,0.9991674100505501
ffnn_joint,none,3,Infiltration,task3,macro_f1,0.999080744446347
ffnn_joint,none,3,Infiltration,task3,fpr,9.104980424292088e-05
ffnn_joint,none,3,Infiltration,task3,detection_rate,0.9977709190672154
ffnn_joint,none,3,Infiltration,task3,binary_f1,0.9987984895296945
ffnn_joint,none,3,Infiltration,task3,category_recall,0.9977709190672154
ffnn_joint,none,3,Infiltration,task4,n,27642.0
ffnn_joint,none,3,Infiltration,task4,n_benign,27385.0
ffnn_joint,none,3,Infiltration,task4,n_attack,257.0
ffnn_joint,none,3,Infiltration,task4,accuracy,0.9712755951088923
ffnn_joint,none,3,Infiltration,task4,macro_f1,0.4927142594971554
ffnn_joint,none,3,Infiltration,task4,fpr,0.019609275150629907
ffnn_joint,none,3,Infiltration,task4,detection_rate,0.0
ffnn_joint,none,3,Infiltration,task4,binary_f1,0.0
ffnn_joint,none,3,Infiltration,task4,category_recall,0.0
ffnn_joint,none,3,Infiltration,task5,n,51117.0
ffnn_joint,none,3,Infiltration,task5,n_benign,31046.0
ffnn_joint,none,3,Infiltration,task5,n_attack,20071.0
ffnn_joint,none,3,Infiltration,task5,accuracy,0.597648531799597
ffnn_joint,none,3,Infiltration,task5,macro_f1,0.4940407846434982
ffnn_joint,none,3,Infiltration,task5,fpr,0.015976293242285642
ffnn_joint,none,3,Infiltration,task5,detection_rate,0.9879926261770714
ffnn_joint,none,3,Infiltration,task5,binary_f1,0.981756070995371
ffnn_joint,none,3,Infiltration,task5,category_recall,0.0
ffnn_joint,none,3,Infiltration,task6,n,28798.0
ffnn_joint,none,3,Infiltration,task6,n_benign,9791.0
ffnn_joint,none,3,Infiltration,task6,n_attack,19007.0
ffnn_joint,none,3,Infiltration,task6,accuracy,0.33856517813737064
ffnn_joint,none,3,Infiltration,task6,macro_f1,0.3277751630471324
ffnn_joint,none,3,Infiltration,task6,fpr,0.004187519150240016
ffnn_joint,none,3,Infiltration,task6,detection_rate,0.46309254485189666
ffnn_joint,none,3,Infiltration,task6,binary_f1,0.6321005385996409
ffnn_joint,none,3,Infiltration,task6,category_recall,0.0
ffnn_joint,none,3,Infiltration,seen,n,307417.0
ffnn_joint,none,3,Infiltration,seen,n_benign,268685.0
ffnn_joint,none,3,Infiltration,seen,n_attack,38732.0
ffnn_joint,none,3,Infiltration,seen,accuracy,0.9772523965818416
ffnn_joint,none,3,Infiltration,seen,macro_f1,0.832000340762014
ffnn_joint,none,3,Infiltration,seen,fpr,5.210562554664384e-05
ffnn_joint,none,3,Infiltration,seen,detection_rate,0.8200970773520603
ffnn_joint,none,3,Infiltration,seen,binary_f1,0.9009785845979293
ffnn_joint,none,3,Infiltration,all,n,414974.0
ffnn_joint,none,3,Infiltration,all,n_benign,336907.0
ffnn_joint,none,3,Infiltration,all,n_attack,78067.0
ffnn_joint,none,3,Infiltration,all,accuracy,0.8857711567471697
ffnn_joint,none,3,Infiltration,all,macro_f1,0.44660185772555466
ffnn_joint,none,3,Infiltration,all,fpr,0.0032293778401754785
ffnn_joint,none,3,Infiltration,all,detection_rate,0.773643152676547
ffnn_joint,none,3,Infiltration,all,binary_f1,0.8655760259690006
ffnn_joint,none,4,Botnet,task0,n,138702.0
ffnn_joint,none,4,Botnet,task0,n_benign,137344.0
ffnn_joint,none,4,Botnet,task0,n_attack,1358.0
ffnn_joint,none,4,Botnet,task0,accuracy,0.9998702253752649
ffnn_joint,none,4,Botnet,task0,macro_f1,0.9994143406472553
ffnn_joint,none,4,Botnet,task0,fpr,0.0001092148182665424
ffnn_joint,none,4,Botnet,task0,detection_rate,0.9977908689248896
ffnn_joint,none,4,Botnet,task0,binary_f1,0.9934017595307918
ffnn_joint,none,4,Botnet,task0,category_recall,0.9977908689248896
ffnn_joint,none,4,Botnet,task1,n,96639.0
ffnn_joint,none,4,Botnet,task1,n_benign,76782.0
ffnn_joint,none,4,Botnet,task1,n_attack,19857.0
ffnn_joint,none,4,Botnet,task1,accuracy,0.9381719595608399
ffnn_joint,none,4,Botnet,task1,macro_f1,0.8927318067004932
ffnn_joint,none,4,Botnet,task1,fpr,1.3023885806569248e-05
ffnn_joint,none,4,Botnet,task1,detection_rate,0.6991489147403939
ffnn_joint,none,4,Botnet,task1,binary_f1,0.8229157404937613
ffnn_joint,none,4,Botnet,task1,category_recall,0.6991489147403939
ffnn_joint,none,4,Botnet,task2,n,21631.0
ffnn_joint,none,4,Botnet,task2,n_benign,21610.0
ffnn_joint,none,4,Botnet,task2,n_attack,21.0
ffnn_joint,none,4,Botnet,task2,accuracy,0.9992603208358375
ffnn_joint,none,4,Botnet,task2,macro_f1,0.775677012291911
ffnn_joint,none,4,Botnet,task2,fpr,0.00013882461823229986
ffnn_joint,none,4,Botnet,task2,detection_rate,0.38095238095238093
ffnn_joint,none,4,Botnet,task2,binary_f1,0.5
ffnn_joint,none,4,Botnet,task2,category_recall,0.38095238095238093
ffnn_joint,none,4,Botnet,task3,n,50445.0
ffnn_joint,none,4,Botnet,task3,n_benign,32949.0
ffnn_joint,none,4,Botnet,task3,n_attack,17496.0
ffnn_joint,none,4,Botnet,task3,accuracy,0.9996431757359501
ffnn_joint,none,4,Botnet,task3,macro_f1,0.9996061602793768
ffnn_joint,none,4,Botnet,task3,fpr,9.104980424292088e-05
ffnn_joint,none,4,Botnet,task3,detection_rate,0.9991426611796982
ffnn_joint,none,4,Botnet,task3,binary_f1,0.9994854202401372
ffnn_joint,none,4,Botnet,task3,category_recall,0.9991426611796982
ffnn_joint,none,4,Botnet,task4,n,27642.0
ffnn_joint,none,4,Botnet,task4,n_benign,27385.0
ffnn_joint,none,4,Botnet,task4,n_attack,257.0
ffnn_joint,none,4,Botnet,task4,accuracy,0.9998552926705737
ffnn_joint,none,4,Botnet,task4,macro_f1,0.9999634809918563
ffnn_joint,none,4,Botnet,task4,fpr,0.0001460653642505021
ffnn_joint,none,4,Botnet,task4,detection_rate,1.0
ffnn_joint,none,4,Botnet,task4,binary_f1,0.9922779922779923
ffnn_joint,none,4,Botnet,task4,category_recall,1.0
ffnn_joint,none,4,Botnet,task5,n,51117.0
ffnn_joint,none,4,Botnet,task5,n_benign,31046.0
ffnn_joint,none,4,Botnet,task5,n_attack,20071.0
ffnn_joint,none,4,Botnet,task5,accuracy,0.6073126357180586
ffnn_joint,none,4,Botnet,task5,macro_f1,0.49805871971763194
ffnn_joint,none,4,Botnet,task5,fpr,6.44205372672808e-05
ffnn_joint,none,4,Botnet,task5,detection_rate,0.9880424493049673
ffnn_joint,none,4,Botnet,task5,binary_f1,0.9939354450681636
ffnn_joint,none,4,Botnet,task5,category_recall,0.0
ffnn_joint,none,4,Botnet,task6,n,28798.0
ffnn_joint,none,4,Botnet,task6,n_benign,9791.0
ffnn_joint,none,4,Botnet,task6,n_attack,19007.0
ffnn_joint,none,4,Botnet,task6,accuracy,0.3399888881172304
ffnn_joint,none,4,Botnet,task6,macro_f1,0.4949448994034981
ffnn_joint,none,4,Botnet,task6,fpr,0.0
ffnn_joint,none,4,Botnet,task6,detection_rate,0.9894775608986163
ffnn_joint,none,4,Botnet,task6,binary_f1,0.9947109536150632
ffnn_joint,none,4,Botnet,task6,category_recall,0.0
ffnn_joint,none,4,Botnet,seen,n,335059.0
ffnn_joint,none,4,Botnet,seen,n_benign,296070.0
ffnn_joint,none,4,Botnet,seen,n_attack,38989.0
ffnn_joint,none,4,Botnet,seen,accuracy,0.9820001850420373
ffnn_joint,none,4,Botnet,seen,macro_f1,0.8930835996574294
ffnn_joint,none,4,Botnet,seen,fpr,8.781707028743203e-05
ffnn_joint,none,4,Botnet,seen,detection_rate,0.8459822001077227
ffnn_joint,none,4,Botnet,seen,binary_f1,0.916234947707607
ffnn_joint,none,4,Botnet,all,n,414974.0
ffnn_joint,none,4,Botnet,all,n_benign,336907.0
ffnn_joint,none,4,Botnet,all,n_attack,78067.0
ffnn_joint,none,4,Botnet,all,accuracy,0.8912919845580687
ffnn_joint,none,4,Botnet,all,macro_f1,0.5891121537703722
ffnn_joint,none,4,Botnet,all,fpr,8.310898853392776e-05
ffnn_joint,none,4,Botnet,all,detection_rate,0.9174427094675087
ffnn_joint,none,4,Botnet,all,binary_f1,0.9567650968159929
ffnn_joint,none,5,PortScan,task0,n,138702.0
ffnn_joint,none,5,PortScan,task0,n_benign,137344.0
ffnn_joint,none,5,PortScan,task0,n_attack,1358.0
ffnn_joint,none,5,PortScan,task0,accuracy,0.9998702253752649
ffnn_joint,none,5,PortScan,task0,macro_f1,0.9984901304415147
ffnn_joint,none,5,PortScan,task0,fpr,7.28098788443616e-05
ffnn_joint,none,5,PortScan,task0,detection_rate,0.9941089837997055
ffnn_joint,none,5,PortScan,task0,binary_f1,0.9933774834437086
ffnn_joint,none,5,PortScan,task0,category_recall,0.9941089837997055
ffnn_joint,none,5,PortScan,task1,n,96639.0
ffnn_joint,none,5,PortScan,task1,n_benign,76782.0
ffnn_joint,none,5,PortScan,task1,n_attack,19857.0
ffnn_joint,none,5,PortScan,task1,accuracy,0.9287658191827316
ffnn_joint,none,5,PortScan,task1,macro_f1,0.8737105547635382
ffnn_joint,none,5,PortScan,task1,fpr,1.3023885806569248e-05
ffnn_joint,none,5,PortScan,task1,detection_rate,0.6533716069899783
ffnn_joint,none,5,PortScan,task1,binary_f1,0.7903265107212476
ffnn_joint,none,5,PortScan,task1,category_recall,0.6533716069899783
ffnn_joint,none,5,PortScan,task2,n,21631.0
ffnn_joint,none,5,PortScan,task2,n_benign,21610.0
ffnn_joint,none,5,PortScan,task2,n_attack,21.0
ffnn_joint,none,5,PortScan,task2,accuracy,0.9992603208358375
ffnn_joint,none,5,PortScan,task2,macro_f1,0.775677012291911
ffnn_joint,none,5,PortScan,task2,fpr,0.00013882461823229986
ffnn_joint,none,5,PortScan,task2,detection_rate,0.38095238095238093
ffnn_joint,none,5,PortScan,task2,binary_f1,0.5
ffnn_joint,none,5,PortScan,task2,category_recall,0.38095238095238093
ffnn_joint,none,5,PortScan,task3,n,50445.0
ffnn_joint,none,5,PortScan,task3,n_benign,32949.0
ffnn_joint,none,5,PortScan,task3,n_attack,17496.0
ffnn_joint,none,5,PortScan,task3,accuracy,0.9699276439686788
ffnn_joint,none,5,PortScan,task3,macro_f1,0.9770684007774665
ffnn_joint,none,5,PortScan,task3,fpr,0.000515948890709885
ffnn_joint,none,5,PortScan,task3,detection_rate,0.998742569730224
ffnn_joint,none,5,PortScan,task3,binary_f1,0.9988853002543802
ffnn_joint,none,5,PortScan,task3,category_recall,0.9142661179698217
ffnn_joint,none,5,PortScan,task4,n,27642.0
ffnn_joint,none,5,PortScan,task4,n_benign,27385.0
ffnn_joint,none,5,PortScan,task4,n_attack,257.0
ffnn_joint,none,5,PortScan,task4,accuracy,1.0
ffnn_joint,none,5,PortScan,task4,macro_f1,1.0
ffnn_joint,none,5,PortScan,task4,fpr,0.0
ffnn_joint,none,5,PortScan,task4,detection_rate,1.0
ffnn_joint,none,5,PortScan,task4,binary_f1,1.0
ffnn_joint,none,5,PortScan,task4,category_recall,1.0
ffnn_joint,none,5,PortScan,task5,n,51117.0
ffnn_joint,none,5,PortScan,task5,n_benign,31046.0
ffnn_joint,none,5,PortScan,task5,n_attack,20071.0
ffnn_joint,none,5,PortScan,task5,accuracy,0.9729639845843848
ffnn_joint,none,5,PortScan,task5,macro_f1,0.9815833685237767
ffnn_joint,none,5,PortScan,task5,fpr,6.44205372672808e-05
ffnn_joint,none,5,PortScan,task5,detection_rate,0.9963629116635943
ffnn_joint,none,5,PortScan,task5,binary_f1,0.9981283222280453
ffnn_joint,none,5,PortScan,task5,category_recall,0.9312440835035624
ffnn_joint,none,5,PortScan,task6,n,28798.0
ffnn_joint,none,5,PortScan,task6,n_benign,9791.0
ffnn_joint,none,5,PortScan,task6,n_attack,19007.0
ffnn_joint,none,5,PortScan,task6,accuracy,0.33995416348357527
ffnn_joint,none,5,PortScan,task6,macro_f1,0.46795086276946607
ffnn_joint,none,5,PortScan,task6,fpr,0.0001021346134204882
ffnn_joint,none,5,PortScan,task6,detection_rate,0.9294996580207292
ffnn_joint,none,5,PortScan,task6,binary_f1,0.9634355828220859
ffnn_joint,none,5,PortScan,task6,category_recall,0.0
ffnn_joint,none,5,PortScan,seen,n,386176.0
ffnn_joint,none,5,PortScan,seen,n_benign,327116.0
ffnn_joint,none,5,PortScan,seen,n_attack,59060.0
ffnn_joint,none,5,PortScan,seen,accuracy,0.9745789484587338
ffnn_joint,none,5,PortScan,seen,macro_f1,0.8817315362241186
ffnn_joint,none,5,PortScan,seen,fpr,0.00010088164443194463
ffnn_joint,none,5,PortScan,seen,detection_rate,0.8814933965458855
ffnn_joint,none,5,PortScan,seen,binary_f1,0.9367364197419796
ffnn_joint,none,5,PortScan,all,n,414974.0
ffnn_joint,none,5,PortScan,all,n_benign,336907.0
ffnn_joint,none,5,PortScan,all,n_attack,78067.0
ffnn_joint,none,5,PortScan,all,accuracy,0.9305378168270784
ffnn_joint,none,5,PortScan,all,macro_f1,0.7259008218263887
ffnn_joint,none,5,PortScan,all,fpr,0.0001009180575054837
ffnn_joint,none,5,PortScan,all,detection_rate,0.8931814979440736
ffnn_joint,none,5,PortScan,all,binary_f1,0.9433602337836284
ffnn_joint,none,6,DDoS,task0,n,138702.0
ffnn_joint,none,6,DDoS,task0,n_benign,137344.0
ffnn_joint,none,6,DDoS,task0,n_attack,1358.0
ffnn_joint,none,6,DDoS,task0,accuracy,0.9997548701532782
ffnn_joint,none,6,DDoS,task0,macro_f1,0.9967906170703263
ffnn_joint,none,6,DDoS,task0,fpr,0.00012377679403541473
ffnn_joint,none,6,DDoS,task0,detection_rate,0.9882179675994109
ffnn_joint,none,6,DDoS,task0,binary_f1,0.9878542510121457
ffnn_joint,none,6,DDoS,task0,category_recall,0.9874815905743741
ffnn_joint,none,6,DDoS,task1,n,96639.0
ffnn_joint,none,6,DDoS,task1,n_benign,76782.0
ffnn_joint,none,6,DDoS,task1,n_attack,19857.0
ffnn_joint,none,6,DDoS,task1,accuracy,0.9269549560736349
ffnn_joint,none,6,DDoS,task1,macro_f1,0.8700451994567353
ffnn_joint,none,6,DDoS,task1,fpr,6.511942903284623e-05
ffnn_joint,none,6,DDoS,task1,detection_rate,0.645162914841114
ffnn_joint,none,6,DDoS,task1,binary_f1,0.7841949009885838
ffnn_joint,none,6,DDoS,task1,category_recall,0.6447600342448507
ffnn_joint,none,6,DDoS,task2,n,21631.0
ffnn_joint,none,6,DDoS,task2,n_benign,21610.0
ffnn_joint,none,6,DDoS,task2,n_attack,21.0
ffnn_joint,none,6,DDoS,task2,accuracy,0.9992603208358375
ffnn_joint,none,6,DDoS,task2,macro_f1,0.775677012291911
ffnn_joint,none,6,DDoS,task2,fpr,0.00013882461823229986
ffnn_joint,none,6,DDoS,task2,detection_rate,0.38095238095238093
ffnn_joint,none,6,DDoS,task2,binary_f1,0.5
ffnn_joint,none,6,DDoS,task2,category_recall,0.38095238095238093
ffnn_joint,none,6,DDoS,task3,n,50445.0
ffnn_joint,none,6,DDoS,task3,n_benign,32949.0
ffnn_joint,none,6,DDoS,task3,n_attack,17496.0
ffnn_joint,none,6,DDoS,task3,accuracy,0.9589255624938051
ffnn_joint,none,6,DDoS,task3,macro_f1,0.9683629425553846
ffnn_joint,none,6,DDoS,task3,fpr,0.00012139973899056118
ffnn_joint,none,6,DDoS,task3,detection_rate,0.9989140374942844
ffnn_joint,none,6,DDoS,task3,binary_f1,0.9993424250221574
ffnn_joint,none,6,DDoS,task3,category_recall,0.8818015546410608
ffnn_joint,none,6,DDoS,task4,n,27642.0
ffnn_joint,none,6,DDoS,task4,n_benign,27385.0
ffnn_joint,none,6,DDoS,task4,n_attack,257.0
ffnn_joint,none,6,DDoS,task4,accuracy,0.9998552926705737
ffnn_joint,none,6,DDoS,task4,macro_f1,0.9999634809918563
ffnn_joint,none,6,DDoS,task4,fpr,0.0001460653642505021
ffnn_joint,none,6,DDoS,task4,detection_rate,1.0
ffnn_joint,none,6,DDoS,task4,binary_f1,0.9922779922779923
ffnn_joint,none,6,DDoS,task4,category_recall,1.0
ffnn_joint,none,6,DDoS,task5,n,51117.0
ffnn_joint,none,6,DDoS,task5,n_benign,31046.0
ffnn_joint,none,6,DDoS,task5,n_attack,20071.0
ffnn_joint,none,6,DDoS,task5,accuracy,0.9789893773108751
ffnn_joint,none,6,DDoS,task5,macro_f1,0.9855338953708178
ffnn_joint,none,6,DDoS,task5,fpr,9.663080590092121e-05
ffnn_joint,none,6,DDoS,task5,detection_rate,0.9955159184893627
ffnn_joint,none,6,DDoS,task5,binary_f1,0.9976781924853326
ffnn_joint,none,6,DDoS,task5,category_recall,0.9466394300234169
ffnn_joint,none,6,DDoS,task6,n,28798.0
ffnn_joint,none,6,DDoS,task6,n_benign,9791.0
ffnn_joint,none,6,DDoS,task6,n_attack,19007.0
ffnn_joint,none,6,DDoS,task6,accuracy,0.9992013334259323
ffnn_joint,none,6,DDoS,task6,macro_f1,0.999123820459838
ffnn_joint,none,6,DDoS,task6,fpr,0.0001021346134204882
ffnn_joint,none,6,DDoS,task6,detection_rate,0.9988425316988478
ffnn_joint,none,6,DDoS,task6,binary_f1,0.9993946253257179
ffnn_joint,none,6,DDoS,task6,category_recall,0.9988425316988478
ffnn_joint,none,6,DDoS,seen,n,414974.0
ffnn_joint,none,6,DDoS,seen,n_benign,336907.0
ffnn_joint,none,6,DDoS,seen,n_attack,78067.0
ffnn_joint,none,6,DDoS,seen,accuracy,0.9752225440630016
ffnn_joint,none,6,DDoS,seen,macro_f1,0.8934236341644771
ffnn_joint,none,6,DDoS,seen,fpr,0.00010982259199126168
ffnn_joint,none,6,DDoS,seen,detection_rate,0.9076946725248825
ffnn_joint,none,6,DDoS,seen,binary_f1,0.9513778404323163
ffnn_joint,none,6,DDoS,all,n,414974.0
ffnn_joint,none,6,DDoS,all,n_benign,336907.0
ffnn_joint,none,6,DDoS,all,n_attack,78067.0
ffnn_joint,none,6,DDoS,all,accuracy,0.9752225440630016
ffnn_joint,none,6,DDoS,all,macro_f1,0.8934236341644771
ffnn_joint,none,6,DDoS,all,fpr,0.00010982259199126168
ffnn_joint,none,6,DDoS,all,detection_rate,0.9076946725248825
ffnn_joint,none,6,DDoS,all,binary_f1,0.9513778404323163
