model,ip_mode,after_task,after_task_category,scope,metric,value
xgboost_static,none,0,BruteForce,task0,n,175000.0
xgboost_static,none,0,BruteForce,task0,n_benign,172109.0
xgboost_static,none,0,BruteForce,task0,n_attack,2891.0
xgboost_static,none,0,BruteForce,task0,accuracy,1.0
xgboost_static,none,0,BruteForce,task0,macro_f1,1.0
xgboost_static,none,0,BruteForce,task0,fpr,0.0
xgboost_static,none,0,BruteForce,task0,detection_rate,1.0
xgboost_static,none,0,BruteForce,task0,binary_f1,1.0
xgboost_static,none,0,BruteForce,task0,category_recall,1.0
xgboost_static,none,0,BruteForce,task1,n,385000.0
xgboost_static,none,0,BruteForce,task1,n_benign,331373.0
xgboost_static,none,0,BruteForce,task1,n_attack,53627.0
xgboost_static,none,0,BruteForce,task1,accuracy,0.8607090909090909
xgboost_static,none,0,BruteForce,task1,macro_f1,0.4625704765534156
xgboost_static,none,0,BruteForce,task1,fpr,0.0
xgboost_static,none,0,BruteForce,task1,detection_rate,0.0
xgboost_static,none,0,BruteForce,task1,binary_f1,0.0
xgboost_static,none,0,BruteForce,task1,category_recall,0.0
xgboost_static,none,0,BruteForce,task2,n,480000.0
xgboost_static,none,0,BruteForce,task2,n_benign,439090.0
xgboost_static,none,0,BruteForce,task2,n_attack,40910.0
xgboost_static,none,0,BruteForce,task2,accuracy,0.9147708333333332
xgboost_static,none,0,BruteForce,task2,macro_f1,0.4777442905482597
xgboost_static,none,0,BruteForce,task2,fpr,0.0
xgboost_static,none,0,BruteForce,task2,detection_rate,0.0
xgboost_static,none,0,BruteForce,task2,binary_f1,0.0
xgboost_static,none,0,BruteForce,task2,category_recall,0.0
xgboost_static,none,0,BruteForce,task3,n,270000.0
xgboost_static,none,0,BruteForce,task3,n_benign,269993.0
xgboost_static,none,0,BruteForce,task3,n_attack,7.0
xgboost_static,none,0,BruteForce,task3,accuracy,0.999974074074074
xgboost_static,none,0,BruteForce,task3,macro_f1,0.4999935184344982
xgboost_static,none,0,BruteForce,task3,fpr,0.0
xgboost_static,none,0,BruteForce,task3,detection_rate,0.0
xgboost_static,none,0,BruteForce,task3,binary_f1,0.0
xgboost_static,none,0,BruteForce,task3,category_recall,0.0
xgboost_static,none,0,BruteForce,task4,n,395000.0
xgboost_static,none,0,BruteForce,task4,n_benign,393444.0
xgboost_static,none,0,BruteForce,task4,n_attack,1556.0
xgboost_static,none,0,BruteForce,task4,accuracy,0.9960632911392404
xgboost_static,none,0,BruteForce,task4,macro_f1,0.4996561400110287
xgboost_static,none,0,BruteForce,task4,fpr,0.0
xgboost_static,none,0,BruteForce,task4,detection_rate,0.0006426735218508
xgboost_static,none,0,BruteForce,task4,binary_f1,0.0012845215157353
xgboost_static,none,0,BruteForce,task4,category_recall,0.0006426735218508
xgboost_static,none,0,BruteForce,task5,n,190000.0
xgboost_static,none,0,BruteForce,task5,n_benign,185763.0
xgboost_static,none,0,BruteForce,task5,n_attack,4237.0
xgboost_static,none,0,BruteForce,task5,accuracy,0.9777
xgboost_static,none,0,BruteForce,task5,macro_f1,0.4943621378368812
xgboost_static,none,0,BruteForce,task5,fpr,0.0
xgboost_static,none,0,BruteForce,task5,detection_rate,0.0
xgboost_static,none,0,BruteForce,task5,binary_f1,0.0
xgboost_static,none,0,BruteForce,task5,category_recall,0.0
xgboost_static,none,0,BruteForce,seen,n,175000.0
xgboost_static,none,0,BruteForce,seen,n_benign,172109.0
xgboost_static,none,0,BruteForce,seen,n_attack,2891.0
xgboost_static,none,0,BruteForce,seen,accuracy,1.0
xgboost_static,none,0,BruteForce,seen,macro_f1,1.0
xgboost_static,none,0,BruteForce,seen,fpr,0.0
xgboost_static,none,0,BruteForce,seen,detection_rate,1.0
xgboost_static,none,0,BruteForce,seen,binary_f1,1.0
xgboost_static,none,0,BruteForce,all,n,1895000.0
xgboost_static,none,0,BruteForce,all,n_benign,1791772.0
xgboost_static,none,0,BruteForce,all,n_attack,103228.0
xgboost_static,none,0,BruteForce,all,accuracy,0.9470522427440632
xgboost_static,none,0,BruteForce,all,macro_f1,0.5136339170346793
xgboost_static,none,0,BruteForce,all,fpr,0.0
xgboost_static,none,0,BruteForce,all,detection_rate,0.0280156546673383
xgboost_static,none,0,BruteForce,all,binary_f1,0.0545043347154165
xgboost_static,none,1,DoS,task0,n,175000.0
xgboost_static,none,1,DoS,task0,n_benign,172109.0
xgboost_static,none,1,DoS,task0,n_attack,2891.0
xgboost_static,none,1,DoS,task0,accuracy,1.0
xgboost_static,none,1,DoS,task0,macro_f1,1.0
xgboost_static,none,1,DoS,task0,fpr,0.0
xgboost_static,none,1,DoS,task0,detection_rate,1.0
xgboost_static,none,1,DoS,task0,binary_f1,1.0
xgboost_static,none,1,DoS,task0,category_recall,1.0
xgboost_static,none,1,DoS,task1,n,385000.0
xgboost_static,none,1,DoS,task1,n_benign,331373.0
xgboost_static,none,1,DoS,task1,n_attack,53627.0
xgboost_static,none,1,DoS,task1,accuracy,0.8607090909090909
xgboost_static,none,1,DoS,task1,macro_f1,0.4625704765534156
xgboost_static,none,1,DoS,task1,fpr,0.0
xgboost_static,none,1,DoS,task1,detection_rate,0.0
xgboost_static,none,1,DoS,task1,binary_f1,0.0
xgboost_static,none,1,DoS,task1,category_recall,0.0
xgboost_static,none,1,DoS,task2,n,480000.0
xgboost_static,none,1,DoS,task2,n_benign,439090.0
xgboost_static,none,1,DoS,task2,n_attack,40910.0
xgboost_static,none,1,DoS,task2,accuracy,0.9147708333333332
xgboost_static,none,1,DoS,task2,macro_f1,0.4777442905482597
xgboost_static,none,1,DoS,task2,fpr,0.0
xgboost_static,none,1,DoS,task2,detection_rate,0.0
xgboost_static,none,1,DoS,task2,binary_f1,0.0
xgboost_static,none,1,DoS,task2,category_recall,0.0
xgboost_static,none,1,DoS,task3,n,270000.0
xgboost_static,none,1,DoS,task3,n_benign,269993.0
xgboost_static,none,1,DoS,task3,n_attack,7.0
xgboost_static,none,1,DoS,task3,accuracy,0.999974074074074
xgboost_static,none,1,DoS,task3,macro_f1,0.4999935184344982
xgboost_static,none,1,DoS,task3,fpr,0.0
xgboost_static,none,1,DoS,task3,detection_rate,0.0
xgboost_static,none,1,DoS,task3,binary_f1,0.0
xgboost_static,none,1,DoS,task3,category_recall,0.0
xgboost_static,none,1,DoS,task4,n,395000.0
xgboost_static,none,1,DoS,task4,n_benign,393444.0
xgboost_static,none,1,DoS,task4,n_attack,1556.0
xgboost_static,none,1,DoS,task4,accuracy,0.9960632911392404
xgboost_static,none,1,DoS,task4,macro_f1,0.4996561400110287
xgboost_static,none,1,DoS,task4,fpr,0.0
xgboost_static,none,1,DoS,task4,detection_rate,0.0006426735218508
xgboost_static,none,1,DoS,task4,binary_f1,0.0012845215157353
xgboost_static,none,1,DoS,task4,category_recall,0.0006426735218508
xgboost_static,none,1,DoS,task5,n,190000.0
xgboost_static,none,1,DoS,task5,n_benign,185763.0
xgboost_static,none,1,DoS,task5,n_attack,4237.0
xgboost_static,none,1,DoS,task5,accuracy,0.9777
xgboost_static,none,1,DoS,task5,macro_f1,0.4943621378368812
xgboost_static,none,1,DoS,task5,fpr,0.0
xgboost_static,none,1,DoS,task5,detection_rate,0.0
xgboost_static,none,1,DoS,task5,binary_f1,0.0
xgboost_static,none,1,DoS,task5,category_recall,0.0
xgboost_static,none,1,DoS,seen,n,560000.0
xgboost_static,none,1,DoS,seen,n_benign,503482.0
xgboost_static,none,1,DoS,seen,n_attack,56518.0
xgboost_static,none,1,DoS,seen,accuracy,0.9042375
xgboost_static,none,1,DoS,seen,macro_f1,0.523381001540091
xgboost_static,none,1,DoS,seen,fpr,0.0
xgboost_static,none,1,DoS,seen,detection_rate,0.0511518454297745
xgboost_static,none,1,DoS,seen,binary_f1,0.0973253210792977
xgboost_static,none,1,DoS,all,n,1895000.0
xgboost_static,none,1,DoS,all,n_benign,1791772.0
xgboost_static,none,1,DoS,all,n_attack,103228.0
xgboost_static,none,1,DoS,all,accuracy,0.9470522427440632
xgboost_static,none,1,DoS,all,macro_f1,0.5136339170346793
xgboost_static,none,1,DoS,all,fpr,0.0
xgboost_static,none,1,DoS,all,detection_rate,0.0280156546673383
xgboost_static,none,1,DoS,all,binary_f1,0.0545043347154165
xgboost_static,none,2,DDoS,task0,n,175000.0
xgboost_static,none,2,DDoS,task0,n_benign,172109.0
xgboost_static,none,2,DDoS,task0,n_attack,2891.0
xgboost_static,none,2,DDoS,task0,accuracy,1.0
xgboost_static,none,2,DDoS,task0,macro_f1,1.0
xgboost_static,none,2,DDoS,task0,fpr,0.0
xgboost_static,none,2,DDoS,task0,detection_rate,1.0
xgboost_static,none,2,DDoS,task0,binary_f1,1.0
xgboost_static,none,2,DDoS,task0,category_recall,1.0
xgboost_static,none,2,DDoS,task1,n,385000.0
xgboost_static,none,2,DDoS,task1,n_benign,331373.0
xgboost_static,none,2,DDoS,task1,n_attack,53627.0
xgboost_static,none,2,DDoS,task1,accuracy,0.8607090909090909
xgboost_static,none,2,DDoS,task1,macro_f1,0.4625704765534156
xgboost_static,none,2,DDoS,task1,fpr,0.0
xgboost_static,none,2,DDoS,task1,detection_rate,0.0
xgboost_static,none,2,DDoS,task1,binary_f1,0.0
xgboost_static,none,2,DDoS,task1,category_recall,0.0
xgboost_static,none,2,DDoS,task2,n,480000.0
xgboost_static,none,2,DDoS,task2,n_benign,439090.0
xgboost_static,none,2,DDoS,task2,n_attack,40910.0
xgboost_static,none,2,DDoS,task2,accuracy,0.9147708333333332
xgboost_static,none,2,DDoS,task2,macro_f1,0.4777442905482597
xgboost_static,none,2,DDoS,task2,fpr,0.0
xgboost_static,none,2,DDoS,task2,detection_rate,0.0
xgboost_static,none,2,DDoS,task2,binary_f1,0.0
xgboost_static,none,2,DDoS,task2,category_recall,0.0
xgboost_static,none,2,DDoS,task3,n,270000.0
xgboost_static,none,2,DDoS,task3,n_benign,269993.0
xgboost_static,none,2,DDoS,task3,n_attack,7.0
xgboost_static,none,2,DDoS,task3,accuracy,0.999974074074074
xgboost_static,none,2,DDoS,task3,macro_f1,0.4999935184344982
xgboost_static,none,2,DDoS,task3,fpr,0.0
xgboost_static,none,2,DDoS,task3,detection_rate,0.0
xgboost_static,none,2,DDoS,task3,binary_f1,0.0
xgboost_static,none,2,DDoS,task3,category_recall,0.0
xgboost_static,none,2,DDoS,task4,n,395000.0
xgboost_static,none,2,DDoS,task4,n_benign,393444.0
xgboost_static,none,2,DDoS,task4,n_attack,1556.0
xgboost_static,none,2,DDoS,task4,accuracy,0.9960632911392404
xgboost_static,none,2,DDoS,task4,macro_f1,0.4996561400110287
xgboost_static,none,2,DDoS,task4,fpr,0.0
xgboost_static,none,2,DDoS,task4,detection_rate,0.0006426735218508
xgboost_static,none,2,DDoS,task4,binary_f1,0.0012845215157353
xgboost_static,none,2,DDoS,task4,category_recall,0.0006426735218508
xgboost_static,none,2,DDoS,task5,n,190000.0
xgboost_static,none,2,DDoS,task5,n_benign,185763.0
xgboost_static,none,2,DDoS,task5,n_attack,4237.0
xgboost_static,none,2,DDoS,task5,accuracy,0.9777
xgboost_static,none,2,DDoS,task5,macro_f1,0.4943621378368812
xgboost_static,none,2,DDoS,task5,fpr,0.0
xgboost_static,none,2,DDoS,task5,detection_rate,0.0
xgboost_static,none,2,DDoS,task5,binary_f1,0.0
xgboost_static,none,2,DDoS,task5,category_recall,0.0
xgboost_static,none,2,DDoS,seen,n,1040000.0
xgboost_static,none,2,DDoS,seen,n_benign,942572.0
xgboost_static,none,2,DDoS,seen,n_attack,97428.0
xgboost_static,none,2,DDoS,seen,accuracy,0.9090990384615384
xgboost_static,none,2,DDoS,seen,macro_f1,0.5049412437355194
xgboost_static,none,2,DDoS,seen,fpr,0.0
xgboost_static,none,2,DDoS,seen,detection_rate,0.0296731945641909
xgboost_static,none,2,DDoS,seen,binary_f1,0.0576361407111314
xgboost_static,none,2,DDoS,all,n,1895000.0
xgboost_static,none,2,DDoS,all,n_benign,1791772.0
xgboost_static,none,2,DDoS,all,n_attack,103228.0
xgboost_static,none,2,DDoS,all,accuracy,0.9470522427440632
xgboost_static,none,2,DDoS,all,macro_f1,0.5136339170346793
xgboost_static,none,2,DDoS,all,fpr,0.0
xgboost_static,none,2,DDoS,all,detection_rate,0.0280156546673383
xgboost_static,none,2,DDoS,all,binary_f1,0.0545043347154165
xgboost_static,none,3,WebAttack,task0,n,175000.0
xgboost_static,none,3,WebAttack,task0,n_benign,172109.0
xgboost_static,none,3,WebAttack,task0,n_attack,2891.0
xgboost_static,none,3,WebAttack,task0,accuracy,1.0
xgboost_static,none,3,WebAttack,task0,macro_f1,1.0
xgboost_static,none,3,WebAttack,task0,fpr,0.0
xgboost_static,none,3,WebAttack,task0,detection_rate,1.0
xgboost_static,none,3,WebAttack,task0,binary_f1,1.0
xgboost_static,none,3,WebAttack,task0,category_recall,1.0
xgboost_static,none,3,WebAttack,task1,n,385000.0
xgboost_static,none,3,WebAttack,task1,n_benign,331373.0
xgboost_static,none,3,WebAttack,task1,n_attack,53627.0
xgboost_static,none,3,WebAttack,task1,accuracy,0.8607090909090909
xgboost_static,none,3,WebAttack,task1,macro_f1,0.4625704765534156
xgboost_static,none,3,WebAttack,task1,fpr,0.0
xgboost_static,none,3,WebAttack,task1,detection_rate,0.0
xgboost_static,none,3,WebAttack,task1,binary_f1,0.0
xgboost_static,none,3,WebAttack,task1,category_recall,0.0
xgboost_static,none,3,WebAttack,task2,n,480000.0
xgboost_static,none,3,WebAttack,task2,n_benign,439090.0
xgboost_static,none,3,WebAttack,task2,n_attack,40910.0
xgboost_static,none,3,WebAttack,task2,accuracy,0.9147708333333332
xgboost_static,none,3,WebAttack,task2,macro_f1,0.4777442905482597
xgboost_static,none,3,WebAttack,task2,fpr,0.0
xgboost_static,none,3,WebAttack,task2,detection_rate,0.0
xgboost_static,none,3,WebAttack,task2,binary_f1,0.0
xgboost_static,none,3,WebAttack,task2,category_recall,0.0
xgboost_static,none,3,WebAttack,task3,n,270000.0
xgboost_static,none,3,WebAttack,task3,n_benign,269993.0
xgboost_static,none,3,WebAttack,task3,n_attack,7.0
xgboost_static,none,3,WebAttack,task3,accuracy,0.999974074074074
xgboost_static,none,3,WebAttack,task3,macro_f1,0.4999935184344982
xgboost_static,none,3,WebAttack,task3,fpr,0.0
xgboost_static,none,3,WebAttack,task3,detection_rate,0.0
xgboost_static,none,3,WebAttack,task3,binary_f1,0.0
xgboost_static,none,3,WebAttack,task3,category_recall,0.0
xgboost_static,none,3,WebAttack,task4,n,395000.0
xgboost_static,none,3,WebAttack,task4,n_benign,393444.0
xgboost_static,none,3,WebAttack,task4,n_attack,1556.0
xgboost_static,none,3,WebAttack,task4,accuracy,0.9960632911392404
xgboost_static,none,3,WebAttack,task4,macro_f1,0.4996561400110287
xgboost_static,none,3,WebAttack,task4,fpr,0.0
xgboost_static,none,3,WebAttack,task4,detection_rate,0.0006426735218508
xgboost_static,none,3,WebAttack,task4,binary_f1,0.0012845215157353
xgboost_static,none,3,WebAttack,task4,category_recall,0.0006426735218508
xgboost_static,none,3,WebAttack,task5,n,190000.0
xgboost_static,none,3,WebAttack,task5,n_benign,185763.0
xgboost_static,none,3,WebAttack,task5,n_attack,4237.0
xgboost_static,none,3,WebAttack,task5,accuracy,0.9777
xgboost_static,none,3,WebAttack,task5,macro_f1,0.4943621378368812
xgboost_static,none,3,WebAttack,task5,fpr,0.0
xgboost_static,none,3,WebAttack,task5,detection_rate,0.0
xgboost_static,none,3,WebAttack,task5,binary_f1,0.0
xgboost_static,none,3,WebAttack,task5,category_recall,0.0
xgboost_static,none,3,WebAttack,seen,n,1310000.0
xgboost_static,none,3,WebAttack,seen,n_benign,1212565.0
xgboost_static,none,3,WebAttack,seen,n_attack,97435.0
xgboost_static,none,3,WebAttack,seen,accuracy,0.9278290076335878
xgboost_static,none,3,WebAttack,seen,macro_f1,0.5100549024482355
xgboost_static,none,3,WebAttack,seen,fpr,0.0
xgboost_static,none,3,WebAttack,seen,detection_rate,0.0296710627597885
xgboost_static,none,3,WebAttack,seen,binary_f1,0.0576321192911109
xgboost_static,none,3,WebAttack,all,n,1895000.0
xgboost_static,none,3,WebAttack,all,n_benign,1791772.0
xgboost_static,none,3,WebAttack,all,n_attack,103228.0
xgboost_static,none,3,WebAttack,all,accuracy,0.9470522427440632
xgboost_static,none,3,WebAttack,all,macro_f1,0.5136339170346793
xgboost_static,none,3,WebAttack,all,fpr,0.0
xgboost_static,none,3,WebAttack,all,detection_rate,0.0280156546673383
xgboost_static,none,3,WebAttack,all,binary_f1,0.0545043347154165
xgboost_static,none,4,Infiltration,task0,n,175000.0
xgboost_static,none,4,Infiltration,task0,n_benign,172109.0
xgboost_static,none,4,Infiltration,task0,n_attack,2891.0
xgboost_static,none,4,Infiltration,task0,accuracy,1.0
xgboost_static,none,4,Infiltration,task0,macro_f1,1.0
xgboost_static,none,4,Infiltration,task0,fpr,0.0
xgboost_static,none,4,Infiltration,task0,detection_rate,1.0
xgboost_static,none,4,Infiltration,task0,binary_f1,1.0
xgboost_static,none,4,Infiltration,task0,category_recall,1.0
xgboost_static,none,4,Infiltration,task1,n,385000.0
xgboost_static,none,4,Infiltration,task1,n_benign,331373.0
xgboost_static,none,4,Infiltration,task1,n_attack,53627.0
xgboost_static,none,4,Infiltration,task1,accuracy,0.8607090909090909
xgboost_static,none,4,Infiltration,task1,macro_f1,0.4625704765534156
xgboost_static,none,4,Infiltration,task1,fpr,0.0
xgboost_static,none,4,Infiltration,task1,detection_rate,0.0
xgboost_static,none,4,Infiltration,task1,binary_f1,0.0
xgboost_static,none,4,Infiltration,task1,category_recall,0.0
xgboost_static,none,4,Infiltration,task2,n,480000.0
xgboost_static,none,4,Infiltration,task2,n_benign,439090.0
xgboost_static,none,4,Infiltration,task2,n_attack,40910.0
xgboost_static,none,4,Infiltration,task2,accuracy,0.9147708333333332
xgboost_static,none,4,Infiltration,task2,macro_f1,0.4777442905482597
xgboost_static,none,4,Infiltration,task2,fpr,0.0
xgboost_static,none,4,Infiltration,task2,detection_rate,0.0
xgboost_static,none,4,Infiltration,task2,binary_f1,0.0
xgboost_static,none,4,Infiltration,task2,category_recall,0.0
xgboost_static,none,4,Infiltration,task3,n,270000.0
xgboost_static,none,4,Infiltration,task3,n_benign,269993.0
xgboost_static,none,4,Infiltration,task3,n_attack,7.0
xgboost_static,none,4,Infiltration,task3,accuracy,0.999974074074074
xgboost_static,none,4,Infiltration,task3,macro_f1,0.4999935184344982
xgboost_static,none,4,Infiltration,task3,fpr,0.0
xgboost_static,none,4,Infiltration,task3,detection_rate,0.0
xgboost_static,none,4,Infiltration,task3,binary_f1,0.0
xgboost_static,none,4,Infiltration,task3,category_recall,0.0
xgboost_static,none,4,Infiltration,task4,n,395000.0
xgboost_static,none,4,Infiltration,task4,n_benign,393444.0
xgboost_static,none,4,Infiltration,task4,n_attack,1556.0
xgboost_static,none,4,Infiltration,task4,accuracy,0.9960632911392404
xgboost_static,none,4,Infiltration,task4,macro_f1,0.4996561400110287
xgboost_static,none,4,Infiltration,task4,fpr,0.0
xgboost_static,none,4,Infiltration,task4,detection_rate,0.0006426735218508
xgboost_static,none,4,Infiltration,task4,binary_f1,0.0012845215157353
xgboost_static,none,4,Infiltration,task4,category_recall,0.0006426735218508
xgboost_static,none,4,Infiltration,task5,n,190000.0
xgboost_static,none,4,Infiltration,task5,n_benign,185763.0
xgboost_static,none,4,Infiltration,task5,n_attack,4237.0
xgboost_static,none,4,Infiltration,task5,accuracy,0.9777
xgboost_static,none,4,Infiltration,task5,macro_f1,0.4943621378368812
xgboost_static,none,4,Infiltration,task5,fpr,0.0
xgboost_static,none,4,Infiltration,task5,detection_rate,0.0
xgboost_static,none,4,Infiltration,task5,binary_f1,0.0
xgboost_static,none,4,Infiltration,task5,category_recall,0.0
xgboost_static,none,4,Infiltration,seen,n,1705000.0
xgboost_static,none,4,Infiltration,seen,n_benign,1606009.0
xgboost_static,none,4,Infiltration,seen,n_attack,98991.0
xgboost_static,none,4,Infiltration,seen,accuracy,0.9436369501466276
xgboost_static,none,4,Infiltration,seen,macro_f1,0.5138607729001485
xgboost_static,none,4,Infiltration,seen,fpr,0.0
xgboost_static,none,4,Infiltration,seen,detection_rate,0.0292147771009485
xgboost_static,none,4,Infiltration,seen,binary_f1,0.0567710020317422
xgboost_static,none,4,Infiltration,all,n,1895000.0
xgboost_static,none,4,Infiltration,all,n_benign,1791772.0
xgboost_static,none,4,Infiltration,all,n_attack,103228.0
xgboost_static,none,4,Infiltration,all,accuracy,0.9470522427440632
xgboost_static,none,4,Infiltration,all,macro_f1,0.5136339170346793
xgboost_static,none,4,Infiltration,all,fpr,0.0
xgboost_static,none,4,Infiltration,all,detection_rate,0.0280156546673383
xgboost_static,none,4,Infiltration,all,binary_f1,0.0545043347154165
xgboost_static,none,5,Botnet,task0,n,175000.0
xgboost_static,none,5,Botnet,task0,n_benign,172109.0
xgboost_static,none,5,Botnet,task0,n_attack,2891.0
xgboost_static,none,5,Botnet,task0,accuracy,1.0
xgboost_static,none,5,Botnet,task0,macro_f1,1.0
xgboost_static,none,5,Botnet,task0,fpr,0.0
xgboost_static,none,5,Botnet,task0,detection_rate,1.0
xgboost_static,none,5,Botnet,task0,binary_f1,1.0
xgboost_static,none,5,Botnet,task0,category_recall,1.0
xgboost_static,none,5,Botnet,task1,n,385000.0
xgboost_static,none,5,Botnet,task1,n_benign,331373.0
xgboost_static,none,5,Botnet,task1,n_attack,53627.0
xgboost_static,none,5,Botnet,task1,accuracy,0.8607090909090909
xgboost_static,none,5,Botnet,task1,macro_f1,0.4625704765534156
xgboost_static,none,5,Botnet,task1,fpr,0.0
xgboost_static,none,5,Botnet,task1,detection_rate,0.0
xgboost_static,none,5,Botnet,task1,binary_f1,0.0
xgboost_static,none,5,Botnet,task1,category_recall,0.0
xgboost_static,none,5,Botnet,task2,n,480000.0
xgboost_static,none,5,Botnet,task2,n_benign,439090.0
xgboost_static,none,5,Botnet,task2,n_attack,40910.0
xgboost_static,none,5,Botnet,task2,accuracy,0.9147708333333332
xgboost_static,none,5,Botnet,task2,macro_f1,0.4777442905482597
xgboost_static,none,5,Botnet,task2,fpr,0.0
xgboost_static,none,5,Botnet,task2,detection_rate,0.0
xgboost_static,none,5,Botnet,task2,binary_f1,0.0
xgboost_static,none,5,Botnet,task2,category_recall,0.0
xgboost_static,none,5,Botnet,task3,n,270000.0
xgboost_static,none,5,Botnet,task3,n_benign,269993.0
xgboost_static,none,5,Botnet,task3,n_attack,7.0
xgboost_static,none,5,Botnet,task3,accuracy,0.999974074074074
xgboost_static,none,5,Botnet,task3,macro_f1,0.4999935184344982
xgboost_static,none,5,Botnet,task3,fpr,0.0
xgboost_static,none,5,Botnet,task3,detection_rate,0.0
xgboost_static,none,5,Botnet,task3,binary_f1,0.0
xgboost_static,none,5,Botnet,task3,category_recall,0.0
xgboost_static,none,5,Botnet,task4,n,395000.0
xgboost_static,none,5,Botnet,task4,n_benign,393444.0
xgboost_static,none,5,Botnet,task4,n_attack,1556.0
xgboost_static,none,5,Botnet,task4,accuracy,0.9960632911392404
xgboost_static,none,5,Botnet,task4,macro_f1,0.4996561400110287
xgboost_static,none,5,Botnet,task4,fpr,0.0
xgboost_static,none,5,Botnet,task4,detection_rate,0.0006426735218508
xgboost_static,none,5,Botnet,task4,binary_f1,0.0012845215157353
xgboost_static,none,5,Botnet,task4,category_recall,0.0006426735218508
xgboost_static,none,5,Botnet,task5,n,190000.0
xgboost_static,none,5,Botnet,task5,n_benign,185763.0
xgboost_static,none,5,Botnet,task5,n_attack,4237.0
xgboost_static,none,5,Botnet,task5,accuracy,0.9777
xgboost_static,none,5,Botnet,task5,macro_f1,0.4943621378368812
xgboost_static,none,5,Botnet,task5,fpr,0.0
xgboost_static,none,5,Botnet,task5,detection_rate,0.0
xgboost_static,none,5,Botnet,task5,binary_f1,0.0
xgboost_static,none,5,Botnet,task5,category_recall,0.0
xgboost_static,none,5,Botnet,seen,n,1895000.0
xgboost_static,none,5,Botnet,seen,n_benign,1791772.0
xgboost_static,none,5,Botnet,seen,n_attack,103228.0
xgboost_static,none,5,Botnet,seen,accuracy,0.9470522427440632
xgboost_static,none,5,Botnet,seen,macro_f1,0.5136339170346793
xgboost_static,none,5,Botnet,seen,fpr,0.0
xgboost_static,none,5,Botnet,seen,detection_rate,0.0280156546673383
xgboost_static,none,5,Botnet,seen,binary_f1,0.0545043347154165
xgboost_static,none,5,Botnet,all,n,1895000.0
xgboost_static,none,5,Botnet,all,n_benign,1791772.0
xgboost_static,none,5,Botnet,all,n_attack,103228.0
xgboost_static,none,5,Botnet,all,accuracy,0.9470522427440632
xgboost_static,none,5,Botnet,all,macro_f1,0.5136339170346793
xgboost_static,none,5,Botnet,all,fpr,0.0
xgboost_static,none,5,Botnet,all,detection_rate,0.0280156546673383
xgboost_static,none,5,Botnet,all,binary_f1,0.0545043347154165
gnn_naive,none,0,BruteForce,task0,n,175000.0
gnn_naive,none,0,BruteForce,task0,n_benign,172109.0
gnn_naive,none,0,BruteForce,task0,n_attack,2891.0
gnn_naive,none,0,BruteForce,task0,accuracy,1.0
gnn_naive,none,0,BruteForce,task0,macro_f1,1.0
gnn_naive,none,0,BruteForce,task0,fpr,0.0
gnn_naive,none,0,BruteForce,task0,detection_rate,1.0
gnn_naive,none,0,BruteForce,task0,binary_f1,1.0
gnn_naive,none,0,BruteForce,task0,category_recall,1.0
gnn_naive,none,0,BruteForce,task1,n,385000.0
gnn_naive,none,0,BruteForce,task1,n_benign,331373.0
gnn_naive,none,0,BruteForce,task1,n_attack,53627.0
gnn_naive,none,0,BruteForce,task1,accuracy,0.9979974025974024
gnn_naive,none,0,BruteForce,task1,macro_f1,0.9957987088920304
gnn_naive,none,0,BruteForce,task1,fpr,0.0
gnn_naive,none,0,BruteForce,task1,detection_rate,0.9856229138307196
gnn_naive,none,0,BruteForce,task1,binary_f1,0.9927594076049698
gnn_naive,none,0,BruteForce,task1,category_recall,0.9856229138307196
gnn_naive,none,0,BruteForce,task2,n,480000.0
gnn_naive,none,0,BruteForce,task2,n_benign,439090.0
gnn_naive,none,0,BruteForce,task2,n_attack,40910.0
gnn_naive,none,0,BruteForce,task2,accuracy,0.91476875
gnn_naive,none,0,BruteForce,task2,macro_f1,0.4777437223163371
gnn_naive,none,0,BruteForce,task2,fpr,2.277437427406682e-06
gnn_naive,none,0,BruteForce,task2,detection_rate,0.0
gnn_naive,none,0,BruteForce,task2,binary_f1,0.0
gnn_naive,none,0,BruteForce,task2,category_recall,0.0
gnn_naive,none,0,BruteForce,task3,n,270000.0
gnn_naive,none,0,BruteForce,task3,n_benign,269993.0
gnn_naive,none,0,BruteForce,task3,n_attack,7.0
gnn_naive,none,0,BruteForce,task3,accuracy,0.9999703703703704
gnn_naive,none,0,BruteForce,task3,macro_f1,0.4999925924828516
gnn_naive,none,0,BruteForce,task3,fpr,3.7037997281411e-06
gnn_naive,none,0,BruteForce,task3,detection_rate,0.0
gnn_naive,none,0,BruteForce,task3,binary_f1,0.0
gnn_naive,none,0,BruteForce,task3,category_recall,0.0
gnn_naive,none,0,BruteForce,task4,n,395000.0
gnn_naive,none,0,BruteForce,task4,n_benign,393444.0
gnn_naive,none,0,BruteForce,task4,n_attack,1556.0
gnn_naive,none,0,BruteForce,task4,accuracy,0.9960582278481012
gnn_naive,none,0,BruteForce,task4,macro_f1,0.499012610930657
gnn_naive,none,0,BruteForce,task4,fpr,2.5416577708644688e-06
gnn_naive,none,0,BruteForce,task4,detection_rate,0.0
gnn_naive,none,0,BruteForce,task4,binary_f1,0.0
gnn_naive,none,0,BruteForce,task4,category_recall,0.0
gnn_naive,none,0,BruteForce,task5,n,190000.0
gnn_naive,none,0,BruteForce,task5,n_benign,185763.0
gnn_naive,none,0,BruteForce,task5,n_attack,4237.0
gnn_naive,none,0,BruteForce,task5,accuracy,0.9777
gnn_naive,none,0,BruteForce,task5,macro_f1,0.4943621378368812
gnn_naive,none,0,BruteForce,task5,fpr,0.0
gnn_naive,none,0,BruteForce,task5,detection_rate,0.0
gnn_naive,none,0,BruteForce,task5,binary_f1,0.0
gnn_naive,none,0,BruteForce,task5,category_recall,0.0
gnn_naive,none,0,BruteForce,seen,n,175000.0
gnn_naive,none,0,BruteForce,seen,n_benign,172109.0
gnn_naive,none,0,BruteForce,seen,n_attack,2891.0
gnn_naive,none,0,BruteForce,seen,accuracy,1.0
gnn_naive,none,0,BruteForce,seen,macro_f1,1.0
gnn_naive,none,0,BruteForce,seen,fpr,0.0
gnn_naive,none,0,BruteForce,seen,detection_rate,1.0
gnn_naive,none,0,BruteForce,seen,binary_f1,1.0
gnn_naive,none,0,BruteForce,all,n,1895000.0
gnn_naive,none,0,BruteForce,all,n_benign,1791772.0
gnn_naive,none,0,BruteForce,all,n_attack,103228.0
gnn_naive,none,0,BruteForce,all,accuracy,0.9749424802110818
gnn_naive,none,0,BruteForce,all,macro_f1,0.844119926733349
gnn_naive,none,0,BruteForce,all,fpr,1.6743201702002264e-06
gnn_naive,none,0,BruteForce,all,detection_rate,0.5400375867012825
gnn_naive,none,0,BruteForce,all,binary_f1,0.7013171633810967
gnn_naive,none,1,DoS,task0,n,175000.0
gnn_naive,none,1,DoS,task0,n_benign,172109.0
gnn_naive,none,1,DoS,task0,n_attack,2891.0
gnn_naive,none,1,DoS,task0,accuracy,0.9999885714285714
gnn_naive,none,1,DoS,task0,macro_f1,0.9998242041143648
gnn_naive,none,1,DoS,task0,fpr,1.162054279555398e-05
gnn_naive,none,1,DoS,task0,detection_rate,1.0
gnn_naive,none,1,DoS,task0,binary_f1,0.9996542185338866
gnn_naive,none,1,DoS,task0,category_recall,1.0
gnn_naive,none,1,DoS,task1,n,385000.0
gnn_naive,none,1,DoS,task1,n_benign,331373.0
gnn_naive,none,1,DoS,task1,n_attack,53627.0
gnn_naive,none,1,DoS,task1,accuracy,0.9997350649350648
gnn_naive,none,1,DoS,task1,macro_f1,0.9994471950469496
gnn_naive,none,1,DoS,task1,fpr,3.319522109526123e-05
gnn_naive,none,1,DoS,task1,detection_rate,0.9983030935909152
gnn_naive,none,1,DoS,task1,binary_f1,0.9990482766342584
gnn_naive,none,1,DoS,task1,category_recall,0.9983030935909152
gnn_naive,none,1,DoS,task2,n,480000.0
gnn_naive,none,1,DoS,task2,n_benign,439090.0
gnn_naive,none,1,DoS,task2,n_attack,40910.0
gnn_naive,none,1,DoS,task2,accuracy,0.9613416666666666
gnn_naive,none,1,DoS,task2,macro_f1,0.8430213647693432
gnn_naive,none,1,DoS,task2,fpr,1.138718713703341e-05
gnn_naive,none,1,DoS,task2,detection_rate,0.5465411879736006
gnn_naive,none,1,DoS,task2,binary_f1,0.7067357840503208
gnn_naive,none,1,DoS,task2,category_recall,0.5465946315943871
gnn_naive,none,1,DoS,task3,n,270000.0
gnn_naive,none,1,DoS,task3,n_benign,269993.0
gnn_naive,none,1,DoS,task3,n_attack,7.0
gnn_naive,none,1,DoS,task3,accuracy,0.9999296296296296
gnn_naive,none,1,DoS,task3,macro_f1,0.499982406788387
gnn_naive,none,1,DoS,task3,fpr,4.44455967376932e-05
gnn_naive,none,1,DoS,task3,detection_rate,0.0
gnn_naive,none,1,DoS,task3,binary_f1,0.0
gnn_naive,none,1,DoS,task3,category_recall,0.0
gnn_naive,none,1,DoS,task4,n,395000.0
gnn_naive,none,1,DoS,task4,n_benign,393444.0
gnn_naive,none,1,DoS,task4,n_attack,1556.0
gnn_naive,none,1,DoS,task4,accuracy,0.9960379746835444
gnn_naive,none,1,DoS,task4,macro_f1,0.4990075275704402
gnn_naive,none,1,DoS,task4,fpr,2.2874919937780217e-05
gnn_naive,none,1,DoS,task4,detection_rate,0.0
gnn_naive,none,1,DoS,task4,binary_f1,0.0
gnn_naive,none,1,DoS,task4,category_recall,0.0
gnn_naive,none,1,DoS,task5,n,190000.0
gnn_naive,none,1,DoS,task5,n_benign,185763.0
gnn_naive,none,1,DoS,task5,n_attack,4237.0
gnn_naive,none,1,DoS,task5,accuracy,0.9776947368421052
gnn_naive,none,1,DoS,task5,macro_f1,0.4943607922035756
gnn_naive,none,1,DoS,task5,fpr,5.383203328972938e-06
gnn_naive,none,1,DoS,task5,detection_rate,0.0
gnn_naive,none,1,DoS,task5,binary_f1,0.0
gnn_naive,none,1,DoS,task5,category_recall,0.0
gnn_naive,none,1,DoS,seen,n,560000.0
gnn_naive,none,1,DoS,seen,n_benign,503482.0
gnn_naive,none,1,DoS,seen,n_attack,56518.0
gnn_naive,none,1,DoS,seen,accuracy,0.9998142857142858
gnn_naive,none,1,DoS,seen,macro_f1,0.9994880155293824
gnn_naive,none,1,DoS,seen,fpr,2.5820188209310363e-05
gnn_naive,none,1,DoS,seen,detection_rate,0.9983898934852612
gnn_naive,none,1,DoS,seen,binary_f1,0.9990793038120364
gnn_naive,none,1,DoS,all,n,1895000.0
gnn_naive,none,1,DoS,all,n_benign,1791772.0
gnn_naive,none,1,DoS,all,n_attack,103228.0
gnn_naive,none,1,DoS,all,accuracy,0.9870807387862796
gnn_naive,none,1,DoS,all,macro_f1,0.9293689189264436
gnn_naive,none,1,DoS,all,fpr,2.232426893600302e-05
gnn_naive,none,1,DoS,all,detection_rate,0.7632231565079242
gnn_naive,none,1,DoS,all,binary_f1,0.8655234161292803
gnn_naive,none,2,DDoS,task0,n,175000.0
gnn_naive,none,2,DDoS,task0,n_benign,172109.0
gnn_naive,none,2,DDoS,task0,n_attack,2891.0
gnn_naive,none,2,DDoS,task0,accuracy,1.0
gnn_naive,none,2,DDoS,task0,macro_f1,1.0
gnn_naive,none,2,DDoS,task0,fpr,0.0
gnn_naive,none,2,DDoS,task0,detection_rate,1.0
gnn_naive,none,2,DDoS,task0,binary_f1,1.0
gnn_naive,none,2,DDoS,task0,category_recall,1.0
gnn_naive,none,2,DDoS,task1,n,385000.0
gnn_naive,none,2,DDoS,task1,n_benign,331373.0
gnn_naive,none,2,DDoS,task1,n_attack,53627.0
gnn_naive,none,2,DDoS,task1,accuracy,0.9989350649350648
gnn_naive,none,2,DDoS,task1,macro_f1,0.9977767930139356
gnn_naive,none,2,DDoS,task1,fpr,0.0003983426531431
gnn_naive,none,2,DDoS,task1,detection_rate,0.9948160441568612
gnn_naive,none,2,DDoS,task1,binary_f1,0.996172087985958
gnn_naive,none,2,DDoS,task1,category_recall,0.9948160441568612
gnn_naive,none,2,DDoS,task2,n,480000.0
gnn_naive,none,2,DDoS,task2,n_benign,439090.0
gnn_naive,none,2,DDoS,task2,n_attack,40910.0
gnn_naive,none,2,DDoS,task2,accuracy,0.99998125
gnn_naive,none,2,DDoS,task2,macro_f1,0.9999398776543325
gnn_naive,none,2,DDoS,task2,fpr,1.138718713703341e-05
gnn_naive,none,2,DDoS,task2,detection_rate,0.9999022243950134
gnn_naive,none,2,DDoS,task2,binary_f1,0.9998900037887584
gnn_naive,none,2,DDoS,task2,category_recall,1.0
gnn_naive,none,2,DDoS,task3,n,270000.0
gnn_naive,none,2,DDoS,task3,n_benign,269993.0
gnn_naive,none,2,DDoS,task3,n_attack,7.0
gnn_naive,none,2,DDoS,task3,accuracy,0.9999703703703704
gnn_naive,none,2,DDoS,task3,macro_f1,0.4999925924828516
gnn_naive,none,2,DDoS,task3,fpr,3.7037997281411e-06
gnn_naive,none,2,DDoS,task3,detection_rate,0.0
gnn_naive,none,2,DDoS,task3,binary_f1,0.0
gnn_naive,none,2,DDoS,task3,category_recall,0.0
gnn_naive,none,2,DDoS,task4,n,395000.0
gnn_naive,none,2,DDoS,task4,n_benign,393444.0
gnn_naive,none,2,DDoS,task4,n_attack,1556.0
gnn_naive,none,2,DDoS,task4,accuracy,0.9960227848101266
gnn_naive,none,2,DDoS,task4,macro_f1,0.4990037149825793
gnn_naive,none,2,DDoS,task4,fpr,3.812486656296703e-05
gnn_naive,none,2,DDoS,task4,detection_rate,0.0
gnn_naive,none,2,DDoS,task4,binary_f1,0.0
gnn_naive,none,2,DDoS,task4,category_recall,0.0
gnn_naive,none,2,DDoS,task5,n,190000.0
gnn_naive,none,2,DDoS,task5,n_benign,185763.0
gnn_naive,none,2,DDoS,task5,n_attack,4237.0
gnn_naive,none,2,DDoS,task5,accuracy,0.9777
gnn_naive,none,2,DDoS,task5,macro_f1,0.4943621378368812
gnn_naive,none,2,DDoS,task5,fpr,0.0
gnn_naive,none,2,DDoS,task5,detection_rate,0.0
gnn_naive,none,2,DDoS,task5,binary_f1,0.0
gnn_naive,none,2,DDoS,task5,category_recall,0.0
gnn_naive,none,2,DDoS,seen,n,1040000.0
gnn_naive,none,2,DDoS,seen,n_benign,942572.0
gnn_naive,none,2,DDoS,seen,n_attack,97428.0
gnn_naive,none,2,DDoS,seen,accuracy,0.9995971153846154
gnn_naive,none,2,DDoS,seen,macro_f1,0.998812922860664
gnn_naive,none,2,DDoS,seen,fpr,0.0001453469867553
gnn_naive,none,2,DDoS,seen,detection_rate,0.9971055548712896
gnn_naive,none,2,DDoS,seen,binary_f1,0.997848092814479
gnn_naive,none,2,DDoS,all,n,1895000.0
gnn_naive,none,2,DDoS,all,n_benign,1791772.0
gnn_naive,none,2,DDoS,all,n_attack,103228.0
gnn_naive,none,2,DDoS,all,accuracy,0.9967097625329816
gnn_naive,none,2,DDoS,all,macro_f1,0.9835849532236528
gnn_naive,none,2,DDoS,all,fpr,8.539032868021154e-05
gnn_naive,none,2,DDoS,all,detection_rate,0.9410818770101136
gnn_naive,none,2,DDoS,all,binary_f1,0.9689069302388208
gnn_naive,none,3,WebAttack,task0,n,175000.0
gnn_naive,none,3,WebAttack,task0,n_benign,172109.0
gnn_naive,none,3,WebAttack,task0,n_attack,2891.0
gnn_naive,none,3,WebAttack,task0,accuracy,0.9834742857142856
gnn_naive,none,3,WebAttack,task0,macro_f1,0.495834149601853
gnn_naive,none,3,WebAttack,task0,fpr,5.810271397776991e-06
gnn_naive,none,3,WebAttack,task0,detection_rate,0.0
gnn_naive,none,3,WebAttack,task0,binary_f1,0.0
gnn_naive,none,3,WebAttack,task0,category_recall,0.0
gnn_naive,none,3,WebAttack,task1,n,385000.0
gnn_naive,none,3,WebAttack,task1,n_benign,331373.0
gnn_naive,none,3,WebAttack,task1,n_attack,53627.0
gnn_naive,none,3,WebAttack,task1,accuracy,0.997277922077922
gnn_naive,none,3,WebAttack,task1,macro_f1,0.9942770621652984
gnn_naive,none,3,WebAttack,task1,fpr,9.053242116889429e-06
gnn_naive,none,3,WebAttack,task1,detection_rate,0.980513547280288
gnn_naive,none,3,WebAttack,task1,binary_f1,0.990132941663842
gnn_naive,none,3,WebAttack,task1,category_recall,0.980513547280288
gnn_naive,none,3,WebAttack,task2,n,480000.0
gnn_naive,none,3,WebAttack,task2,n_benign,439090.0
gnn_naive,none,3,WebAttack,task2,n_attack,40910.0
gnn_naive,none,3,WebAttack,task2,accuracy,0.9834333333333334
gnn_naive,none,3,WebAttack,task2,macro_f1,0.9417177148819026
gnn_naive,none,3,WebAttack,task2,fpr,4.782618597554032e-05
gnn_naive,none,3,WebAttack,task2,detection_rate,0.8061354192129064
gnn_naive,none,3,WebAttack,task2,binary_f1,0.8924096874577189
gnn_naive,none,3,WebAttack,task2,category_recall,0.8061164621326945
gnn_naive,none,3,WebAttack,task3,n,270000.0
gnn_naive,none,3,WebAttack,task3,n_benign,269993.0
gnn_naive,none,3,WebAttack,task3,n_attack,7.0
gnn_naive,none,3,WebAttack,task3,accuracy,0.9999925925925924
gnn_naive,none,3,WebAttack,task3,macro_f1,0.9374981480932768
gnn_naive,none,3,WebAttack,task3,fpr,7.4075994562822e-06
gnn_naive,none,3,WebAttack,task3,detection_rate,1.0
gnn_naive,none,3,WebAttack,task3,binary_f1,0.875
gnn_naive,none,3,WebAttack,task3,category_recall,1.0
gnn_naive,none,3,WebAttack,task4,n,395000.0
gnn_naive,none,3,WebAttack,task4,n_benign,393444.0
gnn_naive,none,3,WebAttack,task4,n_attack,1556.0
gnn_naive,none,3,WebAttack,task4,accuracy,0.996027848101266
gnn_naive,none,3,WebAttack,task4,macro_f1,0.4990049858516471
gnn_naive,none,3,WebAttack,task4,fpr,3.3041551021238096e-05
gnn_naive,none,3,WebAttack,task4,detection_rate,0.0
gnn_naive,none,3,WebAttack,task4,binary_f1,0.0
gnn_naive,none,3,WebAttack,task4,category_recall,0.0
gnn_naive,none,3,WebAttack,task5,n,190000.0
gnn_naive,none,3,WebAttack,task5,n_benign,185763.0
gnn_naive,none,3,WebAttack,task5,n_attack,4237.0
gnn_naive,none,3,WebAttack,task5,accuracy,0.9776842105263158
gnn_naive,none,3,WebAttack,task5,macro_f1,0.4943581009154779
gnn_naive,none,3,WebAttack,task5,fpr,1.6149609986918816e-05
gnn_naive,none,3,WebAttack,task5,detection_rate,0.0
gnn_naive,none,3,WebAttack,task5,binary_f1,0.0
gnn_naive,none,3,WebAttack,task5,category_recall,0.0
gnn_naive,none,3,WebAttack,seen,n,1310000.0
gnn_naive,none,3,WebAttack,seen,n_benign,1212565.0
gnn_naive,none,3,WebAttack,seen,n_attack,97435.0
gnn_naive,none,3,WebAttack,seen,accuracy,0.9909206106870228
gnn_naive,none,3,WebAttack,seen,macro_f1,0.96506773330202
gnn_naive,none,3,WebAttack,seen,fpr,2.22668475504406e-05
gnn_naive,none,3,WebAttack,seen,detection_rate,0.8782059834761636
gnn_naive,none,3,WebAttack,seen,binary_f1,0.9350161175763536
gnn_naive,none,3,WebAttack,all,n,1895000.0
gnn_naive,none,3,WebAttack,all,n_benign,1791772.0
gnn_naive,none,3,WebAttack,all,n_attack,103228.0
gnn_naive,none,3,WebAttack,all,accuracy,0.9906580474934036
gnn_naive,none,3,WebAttack,all,macro_f1,0.9506687802825136
gnn_naive,none,3,WebAttack,all,fpr,2.3998589106203245e-05
gnn_naive,none,3,WebAttack,all,detection_rate,0.8289223853993103
gnn_naive,none,3,WebAttack,all,binary_f1,0.9062534751825628
gnn_naive,none,4,Infiltration,task0,n,175000.0
gnn_naive,none,4,Infiltration,task0,n_benign,172109.0
gnn_naive,none,4,Infiltration,task0,n_attack,2891.0
gnn_naive,none,4,Infiltration,task0,accuracy,0.9477714285714286
gnn_naive,none,4,Infiltration,task0,macro_f1,0.4865927360206536
gnn_naive,none,4,Infiltration,task0,fpr,0.0363083859647084
gnn_naive,none,4,Infiltration,task0,detection_rate,0.0
gnn_naive,none,4,Infiltration,task0,binary_f1,0.0
gnn_naive,none,4,Infiltration,task0,category_recall,0.0
gnn_naive,none,4,Infiltration,task1,n,385000.0
gnn_naive,none,4,Infiltration,task1,n_benign,331373.0
gnn_naive,none,4,Infiltration,task1,n_attack,53627.0
gnn_naive,none,4,Infiltration,task1,accuracy,0.8530649350649351
gnn_naive,none,4,Infiltration,task1,macro_f1,0.4603535034971896
gnn_naive,none,4,Infiltration,task1,fpr,0.0088812305166685
gnn_naive,none,4,Infiltration,task1,detection_rate,0.0
gnn_naive,none,4,Infiltration,task1,binary_f1,0.0
gnn_naive,none,4,Infiltration,task1,category_recall,0.0
gnn_naive,none,4,Infiltration,task2,n,480000.0
gnn_naive,none,4,Infiltration,task2,n_benign,439090.0
gnn_naive,none,4,Infiltration,task2,n_attack,40910.0
gnn_naive,none,4,Infiltration,task2,accuracy,0.91488125
gnn_naive,none,4,Infiltration,task2,macro_f1,0.4791628760616327
gnn_naive,none,4,Infiltration,task2,fpr,9.109749709626728e-06
gnn_naive,none,4,Infiltration,task2,detection_rate,0.0013933023710584
gnn_naive,none,4,Infiltration,task2,binary_f1,0.0027824558834297
gnn_naive,none,4,Infiltration,task2,category_recall,0.001393438615362
gnn_naive,none,4,Infiltration,task3,n,270000.0
gnn_naive,none,4,Infiltration,task3,n_benign,269993.0
gnn_naive,none,4,Infiltration,task3,n_attack,7.0
gnn_naive,none,4,Infiltration,task3,accuracy,0.9999592592592592
gnn_naive,none,4,Infiltration,task3,macro_f1,0.4999898146073346
gnn_naive,none,4,Infiltration,task3,fpr,1.48151989125644e-05
gnn_naive,none,4,Infiltration,task3,detection_rate,0.0
gnn_naive,none,4,Infiltration,task3,binary_f1,0.0
gnn_naive,none,4,Infiltration,task3,category_recall,0.0
gnn_naive,none,4,Infiltration,task4,n,395000.0
gnn_naive,none,4,Infiltration,task4,n_benign,393444.0
gnn_naive,none,4,Infiltration,task4,n_attack,1556.0
gnn_naive,none,4,Infiltration,task4,accuracy,0.9999392405063292
gnn_naive,none,4,Infiltration,task4,macro_f1,0.9961311854674084
gnn_naive,none,4,Infiltration,task4,fpr,3.3041551021238096e-05
gnn_naive,none,4,Infiltration,task4,detection_rate,0.99293059125964
gnn_naive,none,4,Infiltration,task4,binary_f1,0.9922928709055876
gnn_naive,none,4,Infiltration,task4,category_recall,0.99293059125964
gnn_naive,none,4,Infiltration,task5,n,190000.0
gnn_naive,none,4,Infiltration,task5,n_benign,185763.0
gnn_naive,none,4,Infiltration,task5,n_attack,4237.0
gnn_naive,none,4,Infiltration,task5,accuracy,0.9776842105263158
gnn_naive,none,4,Infiltration,task5,macro_f1,0.4943581009154779
gnn_naive,none,4,Infiltration,task5,fpr,1.6149609986918816e-05
gnn_naive,none,4,Infiltration,task5,detection_rate,0.0
gnn_naive,none,4,Infiltration,task5,binary_f1,0.0
gnn_naive,none,4,Infiltration,task5,category_recall,0.0
gnn_naive,none,4,Infiltration,seen,n,1705000.0
gnn_naive,none,4,Infiltration,seen,n_benign,1606009.0
gnn_naive,none,4,Infiltration,seen,n_attack,98991.0
gnn_naive,none,4,Infiltration,seen,accuracy,0.9374768328445748
gnn_naive,none,4,Infiltration,seen,macro_f1,0.4984384979947668
gnn_naive,none,4,Infiltration,seen,fpr,0.0057365805546544
gnn_naive,none,4,Infiltration,seen,detection_rate,0.0161832893899445
gnn_naive,none,4,Infiltration,seen,binary_f1,0.0291787334025463
gnn_naive,none,4,Infiltration,all,n,1895000.0
gnn_naive,none,4,Infiltration,all,n_benign,1791772.0
gnn_naive,none,4,Infiltration,all,n_attack,103228.0
gnn_naive,none,4,Infiltration,all,accuracy,0.941508179419525
gnn_naive,none,4,Infiltration,all,macro_f1,0.4989703330584563
gnn_naive,none,4,Infiltration,all,fpr,0.005143511562855
gnn_naive,none,4,Infiltration,all,detection_rate,0.015519045220289
gnn_naive,none,4,Infiltration,all,binary_f1,0.0280939270119074
gnn_naive,none,5,Botnet,task0,n,175000.0
gnn_naive,none,5,Botnet,task0,n_benign,172109.0
gnn_naive,none,5,Botnet,task0,n_attack,2891.0
gnn_naive,none,5,Botnet,task0,accuracy,0.98348
gnn_naive,none,5,Botnet,task0,macro_f1,0.495835602073124
gnn_naive,none,5,Botnet,task0,fpr,0.0
gnn_naive,none,5,Botnet,task0,detection_rate,0.0
gnn_naive,none,5,Botnet,task0,binary_f1,0.0
gnn_naive,none,5,Botnet,task0,category_recall,0.0
gnn_naive,none,5,Botnet,task1,n,385000.0
gnn_naive,none,5,Botnet,task1,n_benign,331373.0
gnn_naive,none,5,Botnet,task1,n_attack,53627.0
gnn_naive,none,5,Botnet,task1,accuracy,0.8607090909090909
gnn_naive,none,5,Botnet,task1,macro_f1,0.4625704765534156
gnn_naive,none,5,Botnet,task1,fpr,0.0
gnn_naive,none,5,Botnet,task1,detection_rate,0.0
gnn_naive,none,5,Botnet,task1,binary_f1,0.0
gnn_naive,none,5,Botnet,task1,category_recall,0.0
gnn_naive,none,5,Botnet,task2,n,480000.0
gnn_naive,none,5,Botnet,task2,n_benign,439090.0
gnn_naive,none,5,Botnet,task2,n_attack,40910.0
gnn_naive,none,5,Botnet,task2,accuracy,0.9147708333333332
gnn_naive,none,5,Botnet,task2,macro_f1,0.4777442905482597
gnn_naive,none,5,Botnet,task2,fpr,0.0
gnn_naive,none,5,Botnet,task2,detection_rate,0.0
gnn_naive,none,5,Botnet,task2,binary_f1,0.0
gnn_naive,none,5,Botnet,task2,category_recall,0.0
gnn_naive,none,5,Botnet,task3,n,270000.0
gnn_naive,none,5,Botnet,task3,n_benign,269993.0
gnn_naive,none,5,Botnet,task3,n_attack,7.0
gnn_naive,none,5,Botnet,task3,accuracy,0.999974074074074
gnn_naive,none,5,Botnet,task3,macro_f1,0.4999935184344982
gnn_naive,none,5,Botnet,task3,fpr,0.0
gnn_naive,none,5,Botnet,task3,detection_rate,0.0
gnn_naive,none,5,Botnet,task3,binary_f1,0.0
gnn_naive,none,5,Botnet,task3,category_recall,0.0
gnn_naive,none,5,Botnet,task4,n,395000.0
gnn_naive,none,5,Botnet,task4,n_benign,393444.0
gnn_naive,none,5,Botnet,task4,n_attack,1556.0
gnn_naive,none,5,Botnet,task4,accuracy,0.9970987341772152
gnn_naive,none,5,Botnet,task4,macro_f1,0.7078181435959596
gnn_naive,none,5,Botnet,task4,fpr,0.0
gnn_naive,none,5,Botnet,task4,detection_rate,0.2634961439588689
gnn_naive,none,5,Botnet,task4,binary_f1,0.4170905391658189
gnn_naive,none,5,Botnet,task4,category_recall,0.2634961439588689
gnn_naive,none,5,Botnet,task5,n,190000.0
gnn_naive,none,5,Botnet,task5,n_benign,185763.0
gnn_naive,none,5,Botnet,task5,n_attack,4237.0
gnn_naive,none,5,Botnet,task5,accuracy,1.0
gnn_naive,none,5,Botnet,task5,macro_f1,1.0
gnn_naive,none,5,Botnet,task5,fpr,0.0
gnn_naive,none,5,Botnet,task5,detection_rate,1.0
gnn_naive,none,5,Botnet,task5,binary_f1,1.0
gnn_naive,none,5,Botnet,task5,category_recall,1.0
gnn_naive,none,5,Botnet,seen,n,1895000.0
gnn_naive,none,5,Botnet,seen,n_benign,1791772.0
gnn_naive,none,5,Botnet,seen,n_attack,103228.0
gnn_naive,none,5,Botnet,seen,accuracy,0.947978364116095
gnn_naive,none,5,Botnet,seen,macro_f1,0.5296912084787178
gnn_naive,none,5,Botnet,seen,fpr,0.0
gnn_naive,none,5,Botnet,seen,detection_rate,0.0450168558918123
gnn_naive,none,5,Botnet,seen,binary_f1,0.0861552723059096
gnn_naive,none,5,Botnet,all,n,1895000.0
gnn_naive,none,5,Botnet,all,n_benign,1791772.0
gnn_naive,none,5,Botnet,all,n_attack,103228.0
gnn_naive,none,5,Botnet,all,accuracy,0.947978364116095
gnn_naive,none,5,Botnet,all,macro_f1,0.5296912084787178
gnn_naive,none,5,Botnet,all,fpr,0.0
gnn_naive,none,5,Botnet,all,detection_rate,0.0450168558918123
gnn_naive,none,5,Botnet,all,binary_f1,0.0861552723059096
gnn_ewc_replay,none,0,BruteForce,task0,n,175000.0
gnn_ewc_replay,none,0,BruteForce,task0,n_benign,172109.0
gnn_ewc_replay,none,0,BruteForce,task0,n_attack,2891.0
gnn_ewc_replay,none,0,BruteForce,task0,accuracy,1.0
gnn_ewc_replay,none,0,BruteForce,task0,macro_f1,1.0
gnn_ewc_replay,none,0,BruteForce,task0,fpr,0.0
gnn_ewc_replay,none,0,BruteForce,task0,detection_rate,1.0
gnn_ewc_replay,none,0,BruteForce,task0,binary_f1,1.0
gnn_ewc_replay,none,0,BruteForce,task0,category_recall,1.0
gnn_ewc_replay,none,0,BruteForce,task1,n,385000.0
gnn_ewc_replay,none,0,BruteForce,task1,n_benign,331373.0
gnn_ewc_replay,none,0,BruteForce,task1,n_attack,53627.0
gnn_ewc_replay,none,0,BruteForce,task1,accuracy,0.9979974025974024
gnn_ewc_replay,none,0,BruteForce,task1,macro_f1,0.9957987088920304
gnn_ewc_replay,none,0,BruteForce,task1,fpr,0.0
gnn_ewc_replay,none,0,BruteForce,task1,detection_rate,0.9856229138307196
gnn_ewc_replay,none,0,BruteForce,task1,binary_f1,0.9927594076049698
gnn_ewc_replay,none,0,BruteForce,task1,category_recall,0.9856229138307196
gnn_ewc_replay,none,0,BruteForce,task2,n,480000.0
gnn_ewc_replay,none,0,BruteForce,task2,n_benign,439090.0
gnn_ewc_replay,none,0,BruteForce,task2,n_attack,40910.0
gnn_ewc_replay,none,0,BruteForce,task2,accuracy,0.91476875
gnn_ewc_replay,none,0,BruteForce,task2,macro_f1,0.4777437223163371
gnn_ewc_replay,none,0,BruteForce,task2,fpr,2.277437427406682e-06
gnn_ewc_replay,none,0,BruteForce,task2,detection_rate,0.0
gnn_ewc_replay,none,0,BruteForce,task2,binary_f1,0.0
gnn_ewc_replay,none,0,BruteForce,task2,category_recall,0.0
gnn_ewc_replay,none,0,BruteForce,task3,n,270000.0
gnn_ewc_replay,none,0,BruteForce,task3,n_benign,269993.0
gnn_ewc_replay,none,0,BruteForce,task3,n_attack,7.0
gnn_ewc_replay,none,0,BruteForce,task3,accuracy,0.9999703703703704
gnn_ewc_replay,none,0,BruteForce,task3,macro_f1,0.4999925924828516
gnn_ewc_replay,none,0,BruteForce,task3,fpr,3.7037997281411e-06
gnn_ewc_replay,none,0,BruteForce,task3,detection_rate,0.0
gnn_ewc_replay,none,0,BruteForce,task3,binary_f1,0.0
gnn_ewc_replay,none,0,BruteForce,task3,category_recall,0.0
gnn_ewc_replay,none,0,BruteForce,task4,n,395000.0
gnn_ewc_replay,none,0,BruteForce,task4,n_benign,393444.0
gnn_ewc_replay,none,0,BruteForce,task4,n_attack,1556.0
gnn_ewc_replay,none,0,BruteForce,task4,accuracy,0.9960582278481012
gnn_ewc_replay,none,0,BruteForce,task4,macro_f1,0.499012610930657
gnn_ewc_replay,none,0,BruteForce,task4,fpr,2.5416577708644688e-06
gnn_ewc_replay,none,0,BruteForce,task4,detection_rate,0.0
gnn_ewc_replay,none,0,BruteForce,task4,binary_f1,0.0
gnn_ewc_replay,none,0,BruteForce,task4,category_recall,0.0
gnn_ewc_replay,none,0,BruteForce,task5,n,190000.0
gnn_ewc_replay,none,0,BruteForce,task5,n_benign,185763.0
gnn_ewc_replay,none,0,BruteForce,task5,n_attack,4237.0
gnn_ewc_replay,none,0,BruteForce,task5,accuracy,0.9777
gnn_ewc_replay,none,0,BruteForce,task5,macro_f1,0.4943621378368812
gnn_ewc_replay,none,0,BruteForce,task5,fpr,0.0
gnn_ewc_replay,none,0,BruteForce,task5,detection_rate,0.0
gnn_ewc_replay,none,0,BruteForce,task5,binary_f1,0.0
gnn_ewc_replay,none,0,BruteForce,task5,category_recall,0.0
gnn_ewc_replay,none,0,BruteForce,seen,n,175000.0
gnn_ewc_replay,none,0,BruteForce,seen,n_benign,172109.0
gnn_ewc_replay,none,0,BruteForce,seen,n_attack,2891.0
gnn_ewc_replay,none,0,BruteForce,seen,accuracy,1.0
gnn_ewc_replay,none,0,BruteForce,seen,macro_f1,1.0
gnn_ewc_replay,none,0,BruteForce,seen,fpr,0.0
gnn_ewc_replay,none,0,BruteForce,seen,detection_rate,1.0
gnn_ewc_replay,none,0,BruteForce,seen,binary_f1,1.0
gnn_ewc_replay,none,0,BruteForce,all,n,1895000.0
gnn_ewc_replay,none,0,BruteForce,all,n_benign,1791772.0
gnn_ewc_replay,none,0,BruteForce,all,n_attack,103228.0
gnn_ewc_replay,none,0,BruteForce,all,accuracy,0.9749424802110818
gnn_ewc_replay,none,0,BruteForce,all,macro_f1,0.844119926733349
gnn_ewc_replay,none,0,BruteForce,all,fpr,1.6743201702002264e-06
gnn_ewc_replay,none,0,BruteForce,all,detection_rate,0.5400375867012825
gnn_ewc_replay,none,0,BruteForce,all,binary_f1,0.7013171633810967
gnn_ewc_replay,none,1,DoS,task0,n,175000.0
gnn_ewc_replay,none,1,DoS,task0,n_benign,172109.0
gnn_ewc_replay,none,1,DoS,task0,n_attack,2891.0
gnn_ewc_replay,none,1,DoS,task0,accuracy,1.0
gnn_ewc_replay,none,1,DoS,task0,macro_f1,1.0
gnn_ewc_replay,none,1,DoS,task0,fpr,0.0
gnn_ewc_replay,none,1,DoS,task0,detection_rate,1.0
gnn_ewc_replay,none,1,DoS,task0,binary_f1,1.0
gnn_ewc_replay,none,1,DoS,task0,category_recall,1.0
gnn_ewc_replay,none,1,DoS,task1,n,385000.0
gnn_ewc_replay,none,1,DoS,task1,n_benign,331373.0
gnn_ewc_replay,none,1,DoS,task1,n_attack,53627.0
gnn_ewc_replay,none,1,DoS,task1,accuracy,0.999722077922078
gnn_ewc_replay,none,1,DoS,task1,macro_f1,0.9994200831566576
gnn_ewc_replay,none,1,DoS,task1,fpr,3.621296846755771e-05
gnn_ewc_replay,none,1,DoS,task1,detection_rate,0.998228504298208
gnn_ewc_replay,none,1,DoS,task1,binary_f1,0.999001595580894
gnn_ewc_replay,none,1,DoS,task1,category_recall,0.998228504298208
gnn_ewc_replay,none,1,DoS,task2,n,480000.0
gnn_ewc_replay,none,1,DoS,task2,n_benign,439090.0
gnn_ewc_replay,none,1,DoS,task2,n_attack,40910.0
gnn_ewc_replay,none,1,DoS,task2,accuracy,0.92760625
gnn_ewc_replay,none,1,DoS,task2,macro_f1,0.611887062807564
gnn_ewc_replay,none,1,DoS,task2,fpr,4.554874854813364e-06
gnn_ewc_replay,none,1,DoS,task2,detection_rate,0.1506477633830359
gnn_ewc_replay,none,1,DoS,task2,binary_f1,0.2618374933616569
gnn_ewc_replay,none,1,DoS,task2,category_recall,0.1506624944995844
gnn_ewc_replay,none,1,DoS,task3,n,270000.0
gnn_ewc_replay,none,1,DoS,task3,n_benign,269993.0
gnn_ewc_replay,none,1,DoS,task3,n_attack,7.0
gnn_ewc_replay,none,1,DoS,task3,accuracy,0.9999555555555556
gnn_ewc_replay,none,1,DoS,task3,macro_f1,0.4999888886419698
gnn_ewc_replay,none,1,DoS,task3,fpr,1.85189986407055e-05
gnn_ewc_replay,none,1,DoS,task3,detection_rate,0.0
gnn_ewc_replay,none,1,DoS,task3,binary_f1,0.0
gnn_ewc_replay,none,1,DoS,task3,category_recall,0.0
gnn_ewc_replay,none,1,DoS,task4,n,395000.0
gnn_ewc_replay,none,1,DoS,task4,n_benign,393444.0
gnn_ewc_replay,none,1,DoS,task4,n_attack,1556.0
gnn_ewc_replay,none,1,DoS,task4,accuracy,0.9960582278481012
gnn_ewc_replay,none,1,DoS,task4,macro_f1,0.499012610930657
gnn_ewc_replay,none,1,DoS,task4,fpr,2.5416577708644688e-06
gnn_ewc_replay,none,1,DoS,task4,detection_rate,0.0
gnn_ewc_replay,none,1,DoS,task4,binary_f1,0.0
gnn_ewc_replay,none,1,DoS,task4,category_recall,0.0
gnn_ewc_replay,none,1,DoS,task5,n,190000.0
gnn_ewc_replay,none,1,DoS,task5,n_benign,185763.0
gnn_ewc_replay,none,1,DoS,task5,n_attack,4237.0
gnn_ewc_replay,none,1,DoS,task5,accuracy,0.9777
gnn_ewc_replay,none,1,DoS,task5,macro_f1,0.4943621378368812
gnn_ewc_replay,none,1,DoS,task5,fpr,0.0
gnn_ewc_replay,none,1,DoS,task5,detection_rate,0.0
gnn_ewc_replay,none,1,DoS,task5,binary_f1,0.0
gnn_ewc_replay,none,1,DoS,task5,category_recall,0.0
gnn_ewc_replay,none,1,DoS,seen,n,560000.0
gnn_ewc_replay,none,1,DoS,seen,n_benign,503482.0
gnn_ewc_replay,none,1,DoS,seen,n_attack,56518.0
gnn_ewc_replay,none,1,DoS,seen,accuracy,0.9998089285714286
gnn_ewc_replay,none,1,DoS,seen,macro_f1,0.9994732260446636
gnn_ewc_replay,none,1,DoS,seen,fpr,2.3834019885517257e-05
gnn_ewc_replay,none,1,DoS,seen,detection_rate,0.9983191195725256
gnn_ewc_replay,none,1,DoS,seen,binary_f1,0.999052703336786
gnn_ewc_replay,none,1,DoS,all,n,1895000.0
gnn_ewc_replay,none,1,DoS,all,n_benign,1791772.0
gnn_ewc_replay,none,1,DoS,all,n_attack,103228.0
gnn_ewc_replay,none,1,DoS,all,accuracy,0.9785424802110818
gnn_ewc_replay,none,1,DoS,all,macro_f1,0.8717916555086558
gnn_ewc_replay,none,1,DoS,all,fpr,1.116213446800151e-05
gnn_ewc_replay,none,1,DoS,all,detection_rate,0.6062889913589337
gnn_ewc_replay,none,1,DoS,all,binary_f1,0.7548029957668512
gnn_ewc_replay,none,2,DDoS,task0,n,175000.0
gnn_ewc_replay,none,2,DDoS,task0,n_benign,172109.0
gnn_ewc_replay,none,2,DDoS,task0,n_attack,2891.0
gnn_ewc_replay,none,2,DDoS,task0,accuracy,1.0
gnn_ewc_replay,none,2,DDoS,task0,macro_f1,1.0
gnn_ewc_replay,none,2,DDoS,task0,fpr,0.0
gnn_ewc_replay,none,2,DDoS,task0,detection_rate,1.0
gnn_ewc_replay,none,2,DDoS,task0,binary_f1,1.0
gnn_ewc_replay,none,2,DDoS,task0,category_recall,1.0
gnn_ewc_replay,none,2,DDoS,task1,n,385000.0
gnn_ewc_replay,none,2,DDoS,task1,n_benign,331373.0
gnn_ewc_replay,none,2,DDoS,task1,n_attack,53627.0
gnn_ewc_replay,none,2,DDoS,task1,accuracy,0.9999428571428572
gnn_ewc_replay,none,2,DDoS,task1,macro_f1,0.9998808625939072
gnn_ewc_replay,none,2,DDoS,task1,fpr,6.639044219052246e-05
gnn_ewc_replay,none,2,DDoS,task1,detection_rate,1.0
gnn_ewc_replay,none,2,DDoS,task1,binary_f1,0.9997949215108692
gnn_ewc_replay,none,2,DDoS,task1,category_recall,1.0
gnn_ewc_replay,none,2,DDoS,task2,n,480000.0
gnn_ewc_replay,none,2,DDoS,task2,n_benign,439090.0
gnn_ewc_replay,none,2,DDoS,task2,n_attack,40910.0
gnn_ewc_replay,none,2,DDoS,task2,accuracy,0.9999708333333334
gnn_ewc_replay,none,2,DDoS,task2,macro_f1,0.9999064836062684
gnn_ewc_replay,none,2,DDoS,task2,fpr,2.5051811701473503e-05
gnn_ewc_replay,none,2,DDoS,task2,detection_rate,0.99992666829626
gnn_ewc_replay,none,2,DDoS,task2,binary_f1,0.9998289094197584
gnn_ewc_replay,none,2,DDoS,task2,category_recall,1.0
gnn_ewc_replay,none,2,DDoS,task3,n,270000.0
gnn_ewc_replay,none,2,DDoS,task3,n_benign,269993.0
gnn_ewc_replay,none,2,DDoS,task3,n_attack,7.0
gnn_ewc_replay,none,2,DDoS,task3,accuracy,0.999948148148148
gnn_ewc_replay,none,2,DDoS,task3,macro_f1,0.4999870367009515
gnn_ewc_replay,none,2,DDoS,task3,fpr,2.59265980969877e-05
gnn_ewc_replay,none,2,DDoS,task3,detection_rate,0.0
gnn_ewc_replay,none,2,DDoS,task3,binary_f1,0.0
gnn_ewc_replay,none,2,DDoS,task3,category_recall,0.0
gnn_ewc_replay,none,2,DDoS,task4,n,395000.0
gnn_ewc_replay,none,2,DDoS,task4,n_benign,393444.0
gnn_ewc_replay,none,2,DDoS,task4,n_attack,1556.0
gnn_ewc_replay,none,2,DDoS,task4,accuracy,0.995146835443038
gnn_ewc_replay,none,2,DDoS,task4,macro_f1,0.49878375754838
gnn_ewc_replay,none,2,DDoS,task4,fpr,0.000917538455282
gnn_ewc_replay,none,2,DDoS,task4,detection_rate,0.0
gnn_ewc_replay,none,2,DDoS,task4,binary_f1,0.0
gnn_ewc_replay,none,2,DDoS,task4,category_recall,0.0
gnn_ewc_replay,none,2,DDoS,task5,n,190000.0
gnn_ewc_replay,none,2,DDoS,task5,n_benign,185763.0
gnn_ewc_replay,none,2,DDoS,task5,n_attack,4237.0
gnn_ewc_replay,none,2,DDoS,task5,accuracy,0.9776947368421052
gnn_ewc_replay,none,2,DDoS,task5,macro_f1,0.4943607922035756
gnn_ewc_replay,none,2,DDoS,task5,fpr,5.383203328972938e-06
gnn_ewc_replay,none,2,DDoS,task5,detection_rate,0.0
gnn_ewc_replay,none,2,DDoS,task5,binary_f1,0.0
gnn_ewc_replay,none,2,DDoS,task5,category_recall,0.0
gnn_ewc_replay,none,2,DDoS,seen,n,1040000.0
gnn_ewc_replay,none,2,DDoS,seen,n_benign,942572.0
gnn_ewc_replay,none,2,DDoS,seen,n_attack,97428.0
gnn_ewc_replay,none,2,DDoS,seen,accuracy,0.9999653846153846
gnn_ewc_replay,none,2,DDoS,seen,macro_f1,0.999898089817479
gnn_ewc_replay,none,2,DDoS,seen,fpr,3.501058805056802e-05
gnn_ewc_replay,none,2,DDoS,seen,detection_rate,0.9999692080305456
gnn_ewc_replay,none,2,DDoS,seen,binary_f1,0.9998152766232566
gnn_ewc_replay,none,2,DDoS,all,n,1895000.0
gnn_ewc_replay,none,2,DDoS,all,n_benign,1791772.0
gnn_ewc_replay,none,2,DDoS,all,n_attack,103228.0
gnn_ewc_replay,none,2,DDoS,all,accuracy,0.9967255936675462
gnn_ewc_replay,none,2,DDoS,all,macro_f1,0.983704438888815
gnn_ewc_replay,none,2,DDoS,all,fpr,0.0002243589028068
gnn_ewc_replay,none,2,DDoS,all,detection_rate,0.9437846320765684
gnn_ewc_replay,none,2,DDoS,all,binary_f1,0.9691377981149436
gnn_ewc_replay,none,3,WebAttack,task0,n,175000.0
gnn_ewc_replay,none,3,WebAttack,task0,n_benign,172109.0
gnn_ewc_replay,none,3,WebAttack,task0,n_attack,2891.0
gnn_ewc_replay,none,3,WebAttack,task0,accuracy,0.9999714285714286
gnn_ewc_replay,none,3,WebAttack,task0,macro_f1,0.999560734290436
gnn_ewc_replay,none,3,WebAttack,task0,fpr,2.905135698888495e-05
gnn_ewc_replay,none,3,WebAttack,task0,detection_rate,1.0
gnn_ewc_replay,none,3,WebAttack,task0,binary_f1,0.9991359944703646
gnn_ewc_replay,none,3,WebAttack,task0,category_recall,1.0
gnn_ewc_replay,none,3,WebAttack,task1,n,385000.0
gnn_ewc_replay,none,3,WebAttack,task1,n_benign,331373.0
gnn_ewc_replay,none,3,WebAttack,task1,n_attack,53627.0
gnn_ewc_replay,none,3,WebAttack,task1,accuracy,0.9993636363636365
gnn_ewc_replay,none,3,WebAttack,task1,macro_f1,0.998673667350338
gnn_ewc_replay,none,3,WebAttack,task1,fpr,0.0004647330953336
gnn_ewc_replay,none,3,WebAttack,task1,detection_rate,0.9983030935909152
gnn_ewc_replay,none,3,WebAttack,task1,binary_f1,0.9977170438979844
gnn_ewc_replay,none,3,WebAttack,task1,category_recall,0.9983030935909152
gnn_ewc_replay,none,3,WebAttack,task2,n,480000.0
gnn_ewc_replay,none,3,WebAttack,task2,n_benign,439090.0
gnn_ewc_replay,none,3,WebAttack,task2,n_attack,40910.0
gnn_ewc_replay,none,3,WebAttack,task2,accuracy,0.9998354166666666
gnn_ewc_replay,none,3,WebAttack,task2,macro_f1,0.9994727151929528
gnn_ewc_replay,none,3,WebAttack,task2,fpr,0.0001799175567651
gnn_ewc_replay,none,3,WebAttack,task2,detection_rate,1.0
gnn_ewc_replay,none,3,WebAttack,task2,binary_f1,0.9990353972575978
gnn_ewc_replay,none,3,WebAttack,task2,category_recall,1.0
gnn_ewc_replay,none,3,WebAttack,task3,n,270000.0
gnn_ewc_replay,none,3,WebAttack,task3,n_benign,269993.0
gnn_ewc_replay,none,3,WebAttack,task3,n_attack,7.0
gnn_ewc_replay,none,3,WebAttack,task3,accuracy,0.9998185185185186
gnn_ewc_replay,none,3,WebAttack,task3,macro_f1,0.6110657354469132
gnn_ewc_replay,none,3,WebAttack,task3,fpr,0.0001814861866789
gnn_ewc_replay,none,3,WebAttack,task3,detection_rate,1.0
gnn_ewc_replay,none,3,WebAttack,task3,binary_f1,0.2222222222222222
gnn_ewc_replay,none,3,WebAttack,task3,category_recall,1.0
gnn_ewc_replay,none,3,WebAttack,task4,n,395000.0
gnn_ewc_replay,none,3,WebAttack,task4,n_benign,393444.0
gnn_ewc_replay,none,3,WebAttack,task4,n_attack,1556.0
gnn_ewc_replay,none,3,WebAttack,task4,accuracy,0.9959544303797468
gnn_ewc_replay,none,3,WebAttack,task4,macro_f1,0.4989865576190826
gnn_ewc_replay,none,3,WebAttack,task4,fpr,0.0001067496263763
gnn_ewc_replay,none,3,WebAttack,task4,detection_rate,0.0
gnn_ewc_replay,none,3,WebAttack,task4,binary_f1,0.0
gnn_ewc_replay,none,3,WebAttack,task4,category_recall,0.0
gnn_ewc_replay,none,3,WebAttack,task5,n,190000.0
gnn_ewc_replay,none,3,WebAttack,task5,n_benign,185763.0
gnn_ewc_replay,none,3,WebAttack,task5,n_attack,4237.0
gnn_ewc_replay,none,3,WebAttack,task5,accuracy,0.9776315789473684
gnn_ewc_replay,none,3,WebAttack,task5,macro_f1,0.4943446440452428
gnn_ewc_replay,none,3,WebAttack,task5,fpr,6.99816432766482e-05
gnn_ewc_replay,none,3,WebAttack,task5,detection_rate,0.0
gnn_ewc_replay,none,3,WebAttack,task5,binary_f1,0.0
gnn_ewc_replay,none,3,WebAttack,task5,category_recall,0.0
gnn_ewc_replay,none,3,WebAttack,seen,n,1310000.0
gnn_ewc_replay,none,3,WebAttack,seen,n_benign,1212565.0
gnn_ewc_replay,none,3,WebAttack,seen,n_attack,97435.0
gnn_ewc_replay,none,3,WebAttack,seen,accuracy,0.9997114503816794
gnn_ewc_replay,none,3,WebAttack,seen,macro_f1,0.998953156901522
gnn_ewc_replay,none,3,WebAttack,seen,fpr,0.0002366883424806
gnn_ewc_replay,none,3,WebAttack,seen,detection_rate,0.999066044029353
gnn_ewc_replay,none,3,WebAttack,seen,binary_f1,0.9980621943342254
gnn_ewc_replay,none,3,WebAttack,all,n,1895000.0
gnn_ewc_replay,none,3,WebAttack,all,n_benign,1791772.0
gnn_ewc_replay,none,3,WebAttack,all,n_attack,103228.0
gnn_ewc_replay,none,3,WebAttack,all,accuracy,0.9967145118733508
gnn_ewc_replay,none,3,WebAttack,all,macro_f1,0.9836384567117676
gnn_ewc_replay,none,3,WebAttack,all,fpr,0.0001908724994028
gnn_ewc_replay,none,3,WebAttack,all,detection_rate,0.9429999612508234
gnn_ewc_replay,none,3,WebAttack,all,binary_f1,0.969011616910718
gnn_ewc_replay,none,4,Infiltration,task0,n,175000.0
gnn_ewc_replay,none,4,Infiltration,task0,n_benign,172109.0
gnn_ewc_replay,none,4,Infiltration,task0,n_attack,2891.0
gnn_ewc_replay,none,4,Infiltration,task0,accuracy,0.9642914285714286
gnn_ewc_replay,none,4,Infiltration,task0,macro_f1,0.731050971504428
gnn_ewc_replay,none,4,Infiltration,task0,fpr,0.0363083859647084
gnn_ewc_replay,none,4,Infiltration,task0,detection_rate,1.0
gnn_ewc_replay,none,4,Infiltration,task0,binary_f1,0.4805918045050287
gnn_ewc_replay,none,4,Infiltration,task0,category_recall,1.0
gnn_ewc_replay,none,4,Infiltration,task1,n,385000.0
gnn_ewc_replay,none,4,Infiltration,task1,n_benign,331373.0
gnn_ewc_replay,none,4,Infiltration,task1,n_attack,53627.0
gnn_ewc_replay,none,4,Infiltration,task1,accuracy,0.992077922077922
gnn_ewc_replay,none,4,Infiltration,task1,macro_f1,0.9838629012614734
gnn_ewc_replay,none,4,Infiltration,task1,fpr,0.0092041294855042
gnn_ewc_replay,none,4,Infiltration,task1,detection_rate,1.0
gnn_ewc_replay,none,4,Infiltration,task1,binary_f1,0.9723491441833478
gnn_ewc_replay,none,4,Infiltration,task1,category_recall,1.0
gnn_ewc_replay,none,4,Infiltration,task2,n,480000.0
gnn_ewc_replay,none,4,Infiltration,task2,n_benign,439090.0
gnn_ewc_replay,none,4,Infiltration,task2,n_attack,40910.0
gnn_ewc_replay,none,4,Infiltration,task2,accuracy,0.99990625
gnn_ewc_replay,none,4,Infiltration,task2,macro_f1,0.9996995347871028
gnn_ewc_replay,none,4,Infiltration,task2,fpr,0.0001024846842333
gnn_ewc_replay,none,4,Infiltration,task2,detection_rate,1.0
gnn_ewc_replay,none,4,Infiltration,task2,binary_f1,0.9994503145422342
gnn_ewc_replay,none,4,Infiltration,task2,category_recall,1.0
gnn_ewc_replay,none,4,Infiltration,task3,n,270000.0
gnn_ewc_replay,none,4,Infiltration,task3,n_benign,269993.0
gnn_ewc_replay,none,4,Infiltration,task3,n_attack,7.0
gnn_ewc_replay,none,4,Infiltration,task3,accuracy,0.999951851851852
gnn_ewc_replay,none,4,Infiltration,task3,macro_f1,0.7399879624056669
gnn_ewc_replay,none,4,Infiltration,task3,fpr,4.44455967376932e-05
gnn_ewc_replay,none,4,Infiltration,task3,detection_rate,0.8571428571428571
gnn_ewc_replay,none,4,Infiltration,task3,binary_f1,0.48
gnn_ewc_replay,none,4,Infiltration,task3,category_recall,0.8571428571428571
gnn_ewc_replay,none,4,Infiltration,task4,n,395000.0
gnn_ewc_replay,none,4,Infiltration,task4,n_benign,393444.0
gnn_ewc_replay,none,4,Infiltration,task4,n_attack,1556.0
gnn_ewc_replay,none,4,Infiltration,task4,accuracy,0.9998759493670886
gnn_ewc_replay,none,4,Infiltration,task4,macro_f1,0.9921588541398072
gnn_ewc_replay,none,4,Infiltration,task4,fpr,9.404133752198534e-05
gnn_ewc_replay,none,4,Infiltration,task4,detection_rate,0.9922879177377892
gnn_ewc_replay,none,4,Infiltration,task4,binary_f1,0.984379980873446
gnn_ewc_replay,none,4,Infiltration,task4,category_recall,0.9922879177377892
gnn_ewc_replay,none,4,Infiltration,task5,n,190000.0
gnn_ewc_replay,none,4,Infiltration,task5,n_benign,185763.0
gnn_ewc_replay,none,4,Infiltration,task5,n_attack,4237.0
gnn_ewc_replay,none,4,Infiltration,task5,accuracy,0.9776526315789472
gnn_ewc_replay,none,4,Infiltration,task5,macro_f1,0.494350026879288
gnn_ewc_replay,none,4,Infiltration,task5,fpr,4.844882996075645e-05
gnn_ewc_replay,none,4,Infiltration,task5,detection_rate,0.0
gnn_ewc_replay,none,4,Infiltration,task5,binary_f1,0.0
gnn_ewc_replay,none,4,Infiltration,task5,category_recall,0.0
gnn_ewc_replay,none,4,Infiltration,seen,n,1705000.0
gnn_ewc_replay,none,4,Infiltration,seen,n_benign,1606009.0
gnn_ewc_replay,none,4,Infiltration,seen,n_attack,98991.0
gnn_ewc_replay,none,4,Infiltration,seen,accuracy,0.994483284457478
gnn_ewc_replay,none,4,Infiltration,seen,macro_f1,0.9758513791727316
gnn_ewc_replay,none,4,Infiltration,seen,fpr,0.0058486596276857
gnn_ewc_replay,none,4,Infiltration,seen,detection_rate,0.9998686749300442
gnn_ewc_replay,none,4,Infiltration,seen,binary_f1,0.954639712194134
gnn_ewc_replay,none,4,Infiltration,all,n,1895000.0
gnn_ewc_replay,none,4,Infiltration,all,n_benign,1791772.0
gnn_ewc_replay,none,4,Infiltration,all,n_attack,103228.0
gnn_ewc_replay,none,4,Infiltration,all,accuracy,0.992795778364116
gnn_ewc_replay,none,4,Infiltration,all,macro_f1,0.9658346796545628
gnn_ewc_replay,none,4,Infiltration,all,fpr,0.0052473194134075
gnn_ewc_replay,none,4,Infiltration,all,detection_rate,0.9588289998837524
gnn_ewc_replay,none,4,Infiltration,all,binary_f1,0.9354844807379684
gnn_ewc_replay,none,5,Botnet,task0,n,175000.0
gnn_ewc_replay,none,5,Botnet,task0,n_benign,172109.0
gnn_ewc_replay,none,5,Botnet,task0,n_attack,2891.0
gnn_ewc_replay,none,5,Botnet,task0,accuracy,0.9642685714285716
gnn_ewc_replay,none,5,Botnet,task0,macro_f1,0.7309650786206017
gnn_ewc_replay,none,5,Botnet,task0,fpr,0.0363316270502995
gnn_ewc_replay,none,5,Botnet,task0,detection_rate,1.0
gnn_ewc_replay,none,5,Botnet,task0,binary_f1,0.4804320731200664
gnn_ewc_replay,none,5,Botnet,task0,category_recall,1.0
gnn_ewc_replay,none,5,Botnet,task1,n,385000.0
gnn_ewc_replay,none,5,Botnet,task1,n_benign,331373.0
gnn_ewc_replay,none,5,Botnet,task1,n_attack,53627.0
gnn_ewc_replay,none,5,Botnet,task1,accuracy,0.9921532467532468
gnn_ewc_replay,none,5,Botnet,task1,macro_f1,0.9840128353941776
gnn_ewc_replay,none,5,Botnet,task1,fpr,0.0091166148117076
gnn_ewc_replay,none,5,Botnet,task1,detection_rate,1.0
gnn_ewc_replay,none,5,Botnet,task1,binary_f1,0.9726048515075948
gnn_ewc_replay,none,5,Botnet,task1,category_recall,1.0
gnn_ewc_replay,none,5,Botnet,task2,n,480000.0
gnn_ewc_replay,none,5,Botnet,task2,n_benign,439090.0
gnn_ewc_replay,none,5,Botnet,task2,n_attack,40910.0
gnn_ewc_replay,none,5,Botnet,task2,accuracy,0.9998583333333332
gnn_ewc_replay,none,5,Botnet,task2,macro_f1,0.9995460793150884
gnn_ewc_replay,none,5,Botnet,task2,fpr,0.0001548657450636
gnn_ewc_replay,none,5,Botnet,task2,detection_rate,1.0
gnn_ewc_replay,none,5,Botnet,task2,binary_f1,0.999169597499023
gnn_ewc_replay,none,5,Botnet,task2,category_recall,1.0
gnn_ewc_replay,none,5,Botnet,task3,n,270000.0
gnn_ewc_replay,none,5,Botnet,task3,n_benign,269993.0
gnn_ewc_replay,none,5,Botnet,task3,n_attack,7.0
gnn_ewc_replay,none,5,Botnet,task3,accuracy,0.9998444444444444
gnn_ewc_replay,none,5,Botnet,task3,macro_f1,0.624961107077771
gnn_ewc_replay,none,5,Botnet,task3,fpr,0.0001555595885819
gnn_ewc_replay,none,5,Botnet,task3,detection_rate,1.0
gnn_ewc_replay,none,5,Botnet,task3,binary_f1,0.25
gnn_ewc_replay,none,5,Botnet,task3,category_recall,1.0
gnn_ewc_replay,none,5,Botnet,task4,n,395000.0
gnn_ewc_replay,none,5,Botnet,task4,n_benign,393444.0
gnn_ewc_replay,none,5,Botnet,task4,n_attack,1556.0
gnn_ewc_replay,none,5,Botnet,task4,accuracy,0.9996
gnn_ewc_replay,none,5,Botnet,task4,macro_f1,0.9755619410847354
gnn_ewc_replay,none,5,Botnet,task4,fpr,0.0003710820345462
gnn_ewc_replay,none,5,Botnet,task4,detection_rate,0.9922879177377892
gnn_ewc_replay,none,5,Botnet,task4,binary_f1,0.9513247073321012
gnn_ewc_replay,none,5,Botnet,task4,category_recall,0.9922879177377892
gnn_ewc_replay,none,5,Botnet,task5,n,190000.0
gnn_ewc_replay,none,5,Botnet,task5,n_benign,185763.0
gnn_ewc_replay,none,5,Botnet,task5,n_attack,4237.0
gnn_ewc_replay,none,5,Botnet,task5,accuracy,0.9999
gnn_ewc_replay,none,5,Botnet,task5,macro_f1,0.9988553334519734
gnn_ewc_replay,none,5,Botnet,task5,fpr,9.151445659253996e-05
gnn_ewc_replay,none,5,Botnet,task5,detection_rate,0.9995279679018172
gnn_ewc_replay,none,5,Botnet,task5,binary_f1,0.9977618094004004
gnn_ewc_replay,none,5,Botnet,task5,category_recall,0.9995279679018172
gnn_ewc_replay,none,5,Botnet,seen,n,1895000.0
gnn_ewc_replay,none,5,Botnet,seen,n_benign,1791772.0
gnn_ewc_replay,none,5,Botnet,seen,n_attack,103228.0
gnn_ewc_replay,none,5,Botnet,seen,accuracy,0.994954617414248
gnn_ewc_replay,none,5,Botnet,seen,macro_f1,0.9765293555805517
gnn_ewc_replay,none,5,Botnet,seen,fpr,0.0053282448883005
gnn_ewc_replay,none,5,Botnet,seen,detection_rate,0.99986437788197
gnn_ewc_replay,none,5,Botnet,seen,binary_f1,0.9557338568167824
gnn_ewc_replay,none,5,Botnet,all,n,1895000.0
gnn_ewc_replay,none,5,Botnet,all,n_benign,1791772.0
gnn_ewc_replay,none,5,Botnet,all,n_attack,103228.0
gnn_ewc_replay,none,5,Botnet,all,accuracy,0.994954617414248
gnn_ewc_replay,none,5,Botnet,all,macro_f1,0.9765293555805517
gnn_ewc_replay,none,5,Botnet,all,fpr,0.0053282448883005
gnn_ewc_replay,none,5,Botnet,all,detection_rate,0.99986437788197
gnn_ewc_replay,none,5,Botnet,all,binary_f1,0.9557338568167824
ffnn_ewc_replay,none,0,BruteForce,task0,n,175000.0
ffnn_ewc_replay,none,0,BruteForce,task0,n_benign,172109.0
ffnn_ewc_replay,none,0,BruteForce,task0,n_attack,2891.0
ffnn_ewc_replay,none,0,BruteForce,task0,accuracy,1.0
ffnn_ewc_replay,none,0,BruteForce,task0,macro_f1,1.0
ffnn_ewc_replay,none,0,BruteForce,task0,fpr,0.0
ffnn_ewc_replay,none,0,BruteForce,task0,detection_rate,1.0
ffnn_ewc_replay,none,0,BruteForce,task0,binary_f1,1.0
ffnn_ewc_replay,none,0,BruteForce,task0,category_recall,1.0
ffnn_ewc_replay,none,0,BruteForce,task1,n,385000.0
ffnn_ewc_replay,none,0,BruteForce,task1,n_benign,331373.0
ffnn_ewc_replay,none,0,BruteForce,task1,n_attack,53627.0
ffnn_ewc_replay,none,0,BruteForce,task1,accuracy,0.8607090909090909
ffnn_ewc_replay,none,0,BruteForce,task1,macro_f1,0.4625704765534156
ffnn_ewc_replay,none,0,BruteForce,task1,fpr,0.0
ffnn_ewc_replay,none,0,BruteForce,task1,detection_rate,0.0
ffnn_ewc_replay,none,0,BruteForce,task1,binary_f1,0.0
ffnn_ewc_replay,none,0,BruteForce,task1,category_recall,0.0
ffnn_ewc_replay,none,0,BruteForce,task2,n,480000.0
ffnn_ewc_replay,none,0,BruteForce,task2,n_benign,439090.0
ffnn_ewc_replay,none,0,BruteForce,task2,n_attack,40910.0
ffnn_ewc_replay,none,0,BruteForce,task2,accuracy,0.9147708333333333
ffnn_ewc_replay,none,0,BruteForce,task2,macro_f1,0.4777442905482597
ffnn_ewc_replay,none,0,BruteForce,task2,fpr,0.0
ffnn_ewc_replay,none,0,BruteForce,task2,detection_rate,0.0
ffnn_ewc_replay,none,0,BruteForce,task2,binary_f1,0.0
ffnn_ewc_replay,none,0,BruteForce,task2,category_recall,0.0
ffnn_ewc_replay,none,0,BruteForce,task3,n,270000.0
ffnn_ewc_replay,none,0,BruteForce,task3,n_benign,269993.0
ffnn_ewc_replay,none,0,BruteForce,task3,n_attack,7.0
ffnn_ewc_replay,none,0,BruteForce,task3,accuracy,0.9999703703703704
ffnn_ewc_replay,none,0,BruteForce,task3,macro_f1,0.4999925924828516
ffnn_ewc_replay,none,0,BruteForce,task3,fpr,3.7037997281411e-06
ffnn_ewc_replay,none,0,BruteForce,task3,detection_rate,0.0
ffnn_ewc_replay,none,0,BruteForce,task3,binary_f1,0.0
ffnn_ewc_replay,none,0,BruteForce,task3,category_recall,0.0
ffnn_ewc_replay,none,0,BruteForce,task4,n,395000.0
ffnn_ewc_replay,none,0,BruteForce,task4,n_benign,393444.0
ffnn_ewc_replay,none,0,BruteForce,task4,n_attack,1556.0
ffnn_ewc_replay,none,0,BruteForce,task4,accuracy,0.9960582278481013
ffnn_ewc_replay,none,0,BruteForce,task4,macro_f1,0.499012610930657
ffnn_ewc_replay,none,0,BruteForce,task4,fpr,2.5416577708644688e-06
ffnn_ewc_replay,none,0,BruteForce,task4,detection_rate,0.0
ffnn_ewc_replay,none,0,BruteForce,task4,binary_f1,0.0
ffnn_ewc_replay,none,0,BruteForce,task4,category_recall,0.0
ffnn_ewc_replay,none,0,BruteForce,task5,n,190000.0
ffnn_ewc_replay,none,0,BruteForce,task5,n_benign,185763.0
ffnn_ewc_replay,none,0,BruteForce,task5,n_attack,4237.0
ffnn_ewc_replay,none,0,BruteForce,task5,accuracy,0.9777
ffnn_ewc_replay,none,0,BruteForce,task5,macro_f1,0.4943621378368812
ffnn_ewc_replay,none,0,BruteForce,task5,fpr,0.0
ffnn_ewc_replay,none,0,BruteForce,task5,detection_rate,0.0
ffnn_ewc_replay,none,0,BruteForce,task5,binary_f1,0.0
ffnn_ewc_replay,none,0,BruteForce,task5,category_recall,0.0
ffnn_ewc_replay,none,0,BruteForce,seen,n,175000.0
ffnn_ewc_replay,none,0,BruteForce,seen,n_benign,172109.0
ffnn_ewc_replay,none,0,BruteForce,seen,n_attack,2891.0
ffnn_ewc_replay,none,0,BruteForce,seen,accuracy,1.0
ffnn_ewc_replay,none,0,BruteForce,seen,macro_f1,1.0
ffnn_ewc_replay,none,0,BruteForce,seen,fpr,0.0
ffnn_ewc_replay,none,0,BruteForce,seen,detection_rate,1.0
ffnn_ewc_replay,none,0,BruteForce,seen,binary_f1,1.0
ffnn_ewc_replay,none,0,BruteForce,all,n,1895000.0
ffnn_ewc_replay,none,0,BruteForce,all,n_benign,1791772.0
ffnn_ewc_replay,none,0,BruteForce,all,n_attack,103228.0
ffnn_ewc_replay,none,0,BruteForce,all,accuracy,0.9470506596306069
ffnn_ewc_replay,none,0,BruteForce,all,macro_f1,0.5136238261501052
ffnn_ewc_replay,none,0,BruteForce,all,fpr,1.116213446800151e-06
ffnn_ewc_replay,none,0,BruteForce,all,detection_rate,0.02800596737319332
ffnn_ewc_replay,none,0,BruteForce,all,binary_f1,0.054484974698693005
ffnn_ewc_replay,none,1,DoS,task0,n,175000.0
ffnn_ewc_replay,none,1,DoS,task0,n_benign,172109.0
ffnn_ewc_replay,none,1,DoS,task0,n_attack,2891.0
ffnn_ewc_replay,none,1,DoS,task0,accuracy,1.0
ffnn_ewc_replay,none,1,DoS,task0,macro_f1,1.0
ffnn_ewc_replay,none,1,DoS,task0,fpr,0.0
ffnn_ewc_replay,none,1,DoS,task0,detection_rate,1.0
ffnn_ewc_replay,none,1,DoS,task0,binary_f1,1.0
ffnn_ewc_replay,none,1,DoS,task0,category_recall,1.0
ffnn_ewc_replay,none,1,DoS,task1,n,385000.0
ffnn_ewc_replay,none,1,DoS,task1,n_benign,331373.0
ffnn_ewc_replay,none,1,DoS,task1,n_attack,53627.0
ffnn_ewc_replay,none,1,DoS,task1,accuracy,0.999974025974026
ffnn_ewc_replay,none,1,DoS,task1,macro_f1,0.999945833090522
ffnn_ewc_replay,none,1,DoS,task1,fpr,0.0
ffnn_ewc_replay,none,1,DoS,task1,detection_rate,0.9998135267682324
ffnn_ewc_replay,none,1,DoS,task1,binary_f1,0.999906754690239
ffnn_ewc_replay,none,1,DoS,task1,category_recall,0.9998135267682324
ffnn_ewc_replay,none,1,DoS,task2,n,480000.0
ffnn_ewc_replay,none,1,DoS,task2,n_benign,439090.0
ffnn_ewc_replay,none,1,DoS,task2,n_attack,40910.0
ffnn_ewc_replay,none,1,DoS,task2,accuracy,0.9147458333333334
ffnn_ewc_replay,none,1,DoS,task2,macro_f1,0.47773747168357855
ffnn_ewc_replay,none,1,DoS,task2,fpr,2.7329249128880183e-05
ffnn_ewc_replay,none,1,DoS,task2,detection_rate,0.0
ffnn_ewc_replay,none,1,DoS,task2,binary_f1,0.0
ffnn_ewc_replay,none,1,DoS,task2,category_recall,0.0
ffnn_ewc_replay,none,1,DoS,task3,n,270000.0
ffnn_ewc_replay,none,1,DoS,task3,n_benign,269993.0
ffnn_ewc_replay,none,1,DoS,task3,n_attack,7.0
ffnn_ewc_replay,none,1,DoS,task3,accuracy,0.9999481481481481
ffnn_ewc_replay,none,1,DoS,task3,macro_f1,0.4999870367009515
ffnn_ewc_replay,none,1,DoS,task3,fpr,2.59265980969877e-05
ffnn_ewc_replay,none,1,DoS,task3,detection_rate,0.0
ffnn_ewc_replay,none,1,DoS,task3,binary_f1,0.0
ffnn_ewc_replay,none,1,DoS,task3,category_recall,0.0
ffnn_ewc_replay,none,1,DoS,task4,n,395000.0
ffnn_ewc_replay,none,1,DoS,task4,n_benign,393444.0
ffnn_ewc_replay,none,1,DoS,task4,n_attack,1556.0
ffnn_ewc_replay,none,1,DoS,task4,accuracy,0.9960556962025316
ffnn_ewc_replay,none,1,DoS,task4,macro_f1,0.49901197551627136
ffnn_ewc_replay,none,1,DoS,task4,fpr,5.0833155417289375e-06
ffnn_ewc_replay,none,1,DoS,task4,detection_rate,0.0
ffnn_ewc_replay,none,1,DoS,task4,binary_f1,0.0
ffnn_ewc_replay,none,1,DoS,task4,category_recall,0.0
ffnn_ewc_replay,none,1,DoS,task5,n,190000.0
ffnn_ewc_replay,none,1,DoS,task5,n_benign,185763.0
ffnn_ewc_replay,none,1,DoS,task5,n_attack,4237.0
ffnn_ewc_replay,none,1,DoS,task5,accuracy,0.9777
ffnn_ewc_replay,none,1,DoS,task5,macro_f1,0.4943621378368812
ffnn_ewc_replay,none,1,DoS,task5,fpr,0.0
ffnn_ewc_replay,none,1,DoS,task5,detection_rate,0.0
ffnn_ewc_replay,none,1,DoS,task5,binary_f1,0.0
ffnn_ewc_replay,none,1,DoS,task5,category_recall,0.0
ffnn_ewc_replay,none,1,DoS,seen,n,560000.0
ffnn_ewc_replay,none,1,DoS,seen,n_benign,503482.0
ffnn_ewc_replay,none,1,DoS,seen,n_attack,56518.0
ffnn_ewc_replay,none,1,DoS,seen,accuracy,0.9999821428571428
ffnn_ewc_replay,none,1,DoS,seen,macro_f1,0.9999507970194551
ffnn_ewc_replay,none,1,DoS,seen,fpr,0.0
ffnn_ewc_replay,none,1,DoS,seen,detection_rate,0.9998230652181606
ffnn_ewc_replay,none,1,DoS,seen,binary_f1,0.9999115247819086
ffnn_ewc_replay,none,1,DoS,all,n,1895000.0
ffnn_ewc_replay,none,1,DoS,all,n_benign,1791772.0
ffnn_ewc_replay,none,1,DoS,all,n_attack,103228.0
ffnn_ewc_replay,none,1,DoS,all,accuracy,0.9753345646437994
ffnn_ewc_replay,none,1,DoS,all,macro_f1,0.8472744770894235
ffnn_ewc_replay,none,1,DoS,all,fpr,1.1720241191401584e-05
ffnn_ewc_replay,none,1,DoS,all,detection_rate,0.5474096175456271
ffnn_ewc_replay,none,1,DoS,all,binary_f1,0.7074244008087283
ffnn_ewc_replay,none,2,DDoS,task0,n,175000.0
ffnn_ewc_replay,none,2,DDoS,task0,n_benign,172109.0
ffnn_ewc_replay,none,2,DDoS,task0,n_attack,2891.0
ffnn_ewc_replay,none,2,DDoS,task0,accuracy,1.0
ffnn_ewc_replay,none,2,DDoS,task0,macro_f1,1.0
ffnn_ewc_replay,none,2,DDoS,task0,fpr,0.0
ffnn_ewc_replay,none,2,DDoS,task0,detection_rate,1.0
ffnn_ewc_replay,none,2,DDoS,task0,binary_f1,1.0
ffnn_ewc_replay,none,2,DDoS,task0,category_recall,1.0
ffnn_ewc_replay,none,2,DDoS,task1,n,385000.0
ffnn_ewc_replay,none,2,DDoS,task1,n_benign,331373.0
ffnn_ewc_replay,none,2,DDoS,task1,n_attack,53627.0
ffnn_ewc_replay,none,2,DDoS,task1,accuracy,0.9999454545454546
ffnn_ewc_replay,none,2,DDoS,task1,macro_f1,0.9998862397096483
ffnn_ewc_replay,none,2,DDoS,task1,fpr,0.0
ffnn_ewc_replay,none,2,DDoS,task1,detection_rate,0.9996084062132881
ffnn_ewc_replay,none,2,DDoS,task1,binary_f1,0.9998041647627129
ffnn_ewc_replay,none,2,DDoS,task1,category_recall,0.9996084062132881
ffnn_ewc_replay,none,2,DDoS,task2,n,480000.0
ffnn_ewc_replay,none,2,DDoS,task2,n_benign,439090.0
ffnn_ewc_replay,none,2,DDoS,task2,n_attack,40910.0
ffnn_ewc_replay,none,2,DDoS,task2,accuracy,0.9999979166666667
ffnn_ewc_replay,none,2,DDoS,task2,macro_f1,0.9999933197393702
ffnn_ewc_replay,none,2,DDoS,task2,fpr,2.277437427406682e-06
ffnn_ewc_replay,none,2,DDoS,task2,detection_rate,1.0
ffnn_ewc_replay,none,2,DDoS,task2,binary_f1,0.999987778198751
ffnn_ewc_replay,none,2,DDoS,task2,category_recall,1.0
ffnn_ewc_replay,none,2,DDoS,task3,n,270000.0
ffnn_ewc_replay,none,2,DDoS,task3,n_benign,269993.0
ffnn_ewc_replay,none,2,DDoS,task3,n_attack,7.0
ffnn_ewc_replay,none,2,DDoS,task3,accuracy,0.9999851851851852
ffnn_ewc_replay,none,2,DDoS,task3,macro_f1,0.8749962961865536
ffnn_ewc_replay,none,2,DDoS,task3,fpr,1.11113991844233e-05
ffnn_ewc_replay,none,2,DDoS,task3,detection_rate,0.8571428571428571
ffnn_ewc_replay,none,2,DDoS,task3,binary_f1,0.75
ffnn_ewc_replay,none,2,DDoS,task3,category_recall,0.8571428571428571
ffnn_ewc_replay,none,2,DDoS,task4,n,395000.0
ffnn_ewc_replay,none,2,DDoS,task4,n_benign,393444.0
ffnn_ewc_replay,none,2,DDoS,task4,n_attack,1556.0
ffnn_ewc_replay,none,2,DDoS,task4,accuracy,0.9960481012658228
ffnn_ewc_replay,none,2,DDoS,task4,macro_f1,0.5002880195127521
ffnn_ewc_replay,none,2,DDoS,task4,fpr,1.779160439605128e-05
ffnn_ewc_replay,none,2,DDoS,task4,detection_rate,0.0012853470437017994
ffnn_ewc_replay,none,2,DDoS,task4,binary_f1,0.0025559105431309905
ffnn_ewc_replay,none,2,DDoS,task4,category_recall,0.0012853470437017994
ffnn_ewc_replay,none,2,DDoS,task5,n,190000.0
ffnn_ewc_replay,none,2,DDoS,task5,n_benign,185763.0
ffnn_ewc_replay,none,2,DDoS,task5,n_attack,4237.0
ffnn_ewc_replay,none,2,DDoS,task5,accuracy,0.9777
ffnn_ewc_replay,none,2,DDoS,task5,macro_f1,0.4943621378368812
ffnn_ewc_replay,none,2,DDoS,task5,fpr,0.0
ffnn_ewc_replay,none,2,DDoS,task5,detection_rate,0.0
ffnn_ewc_replay,none,2,DDoS,task5,binary_f1,0.0
ffnn_ewc_replay,none,2,DDoS,task5,category_recall,0.0
ffnn_ewc_replay,none,2,DDoS,seen,n,1040000.0
ffnn_ewc_replay,none,2,DDoS,seen,n_benign,942572.0
ffnn_ewc_replay,none,2,DDoS,seen,n_attack,97428.0
ffnn_ewc_replay,none,2,DDoS,seen,accuracy,0.9999788461538461
ffnn_ewc_replay,none,2,DDoS,seen,macro_f1,0.9999377072250808
ffnn_ewc_replay,none,2,DDoS,seen,fpr,1.0609269106232734e-06
ffnn_ewc_replay,none,2,DDoS,seen,detection_rate,0.9997844562138194
ffnn_ewc_replay,none,2,DDoS,seen,binary_f1,0.9998870845223675
ffnn_ewc_replay,none,2,DDoS,all,n,1895000.0
ffnn_ewc_replay,none,2,DDoS,all,n_benign,1791772.0
ffnn_ewc_replay,none,2,DDoS,all,n_attack,103228.0
ffnn_ewc_replay,none,2,DDoS,all,accuracy,0.9969266490765172
ffnn_ewc_replay,none,2,DDoS,all,macro_f1,0.984676166162672
ffnn_ewc_replay,none,2,DDoS,all,fpr,6.13917395740083e-06
ffnn_ewc_replay,none,2,DDoS,all,detection_rate,0.9436877591351184
ffnn_ewc_replay,none,2,DDoS,all,binary_f1,0.970974912037637
ffnn_ewc_replay,none,3,WebAttack,task0,n,175000.0
ffnn_ewc_replay,none,3,WebAttack,task0,n_benign,172109.0
ffnn_ewc_replay,none,3,WebAttack,task0,n_attack,2891.0
ffnn_ewc_replay,none,3,WebAttack,task0,accuracy,0.9999942857142857
ffnn_ewc_replay,none,3,WebAttack,task0,macro_f1,0.9999120871132151
ffnn_ewc_replay,none,3,WebAttack,task0,fpr,5.8102713977769905e-06
ffnn_ewc_replay,none,3,WebAttack,task0,detection_rate,1.0
ffnn_ewc_replay,none,3,WebAttack,task0,binary_f1,0.9998270793705689
ffnn_ewc_replay,none,3,WebAttack,task0,category_recall,1.0
ffnn_ewc_replay,none,3,WebAttack,task1,n,385000.0
ffnn_ewc_replay,none,3,WebAttack,task1,n_benign,331373.0
ffnn_ewc_replay,none,3,WebAttack,task1,n_attack,53627.0
ffnn_ewc_replay,none,3,WebAttack,task1,accuracy,0.9998675324675325
ffnn_ewc_replay,none,3,WebAttack,task1,macro_f1,0.9997236645255125
ffnn_ewc_replay,none,3,WebAttack,task1,fpr,3.0177473722964757e-06
ffnn_ewc_replay,none,3,WebAttack,task1,detection_rate,0.9990676338411622
ffnn_ewc_replay,none,3,WebAttack,task1,binary_f1,0.9995242759199664
ffnn_ewc_replay,none,3,WebAttack,task1,category_recall,0.9990676338411622
ffnn_ewc_replay,none,3,WebAttack,task2,n,480000.0
ffnn_ewc_replay,none,3,WebAttack,task2,n_benign,439090.0
ffnn_ewc_replay,none,3,WebAttack,task2,n_attack,40910.0
ffnn_ewc_replay,none,3,WebAttack,task2,accuracy,0.9999958333333333
ffnn_ewc_replay,none,3,WebAttack,task2,macro_f1,0.9999866396268144
ffnn_ewc_replay,none,3,WebAttack,task2,fpr,4.554874854813364e-06
ffnn_ewc_replay,none,3,WebAttack,task2,detection_rate,1.0
ffnn_ewc_replay,none,3,WebAttack,task2,binary_f1,0.999975556696243
ffnn_ewc_replay,none,3,WebAttack,task2,category_recall,1.0
ffnn_ewc_replay,none,3,WebAttack,task3,n,270000.0
ffnn_ewc_replay,none,3,WebAttack,task3,n_benign,269993.0
ffnn_ewc_replay,none,3,WebAttack,task3,n_attack,7.0
ffnn_ewc_replay,none,3,WebAttack,task3,accuracy,0.9999703703703704
ffnn_ewc_replay,none,3,WebAttack,task3,macro_f1,0.8181744104726152
ffnn_ewc_replay,none,3,WebAttack,task3,fpr,2.96303978251288e-05
ffnn_ewc_replay,none,3,WebAttack,task3,detection_rate,1.0
ffnn_ewc_replay,none,3,WebAttack,task3,binary_f1,0.6363636363636364
ffnn_ewc_replay,none,3,WebAttack,task3,category_recall,1.0
ffnn_ewc_replay,none,3,WebAttack,task4,n,395000.0
ffnn_ewc_replay,none,3,WebAttack,task4,n_benign,393444.0
ffnn_ewc_replay,none,3,WebAttack,task4,n_attack,1556.0
ffnn_ewc_replay,none,3,WebAttack,task4,accuracy,0.9960430379746835
ffnn_ewc_replay,none,3,WebAttack,task4,macro_f1,0.4996477735415962
ffnn_ewc_replay,none,3,WebAttack,task4,fpr,2.033326216691575e-05
ffnn_ewc_replay,none,3,WebAttack,task4,detection_rate,0.0006426735218508997
ffnn_ewc_replay,none,3,WebAttack,task4,binary_f1,0.0012779552715654952
ffnn_ewc_replay,none,3,WebAttack,task4,category_recall,0.0006426735218508997
ffnn_ewc_replay,none,3,WebAttack,task5,n,190000.0
ffnn_ewc_replay,none,3,WebAttack,task5,n_benign,185763.0
ffnn_ewc_replay,none,3,WebAttack,task5,n_attack,4237.0
ffnn_ewc_replay,none,3,WebAttack,task5,accuracy,0.9776842105263158
ffnn_ewc_replay,none,3,WebAttack,task5,macro_f1,0.49435810091547794
ffnn_ewc_replay,none,3,WebAttack,task5,fpr,1.6149609986918816e-05
ffnn_ewc_replay,none,3,WebAttack,task5,detection_rate,0.0
ffnn_ewc_replay,none,3,WebAttack,task5,binary_f1,0.0
ffnn_ewc_replay,none,3,WebAttack,task5,category_recall,0.0
ffnn_ewc_replay,none,3,WebAttack,seen,n,1310000.0
ffnn_ewc_replay,none,3,WebAttack,seen,n_benign,1212565.0
ffnn_ewc_replay,none,3,WebAttack,seen,n_attack,97435.0
ffnn_ewc_replay,none,3,WebAttack,seen,accuracy,0.9999526717557252
ffnn_ewc_replay,none,3,WebAttack,seen,macro_f1,0.999828105940805
ffnn_ewc_replay,none,3,WebAttack,seen,fpr,9.89637668908471e-06
ffnn_ewc_replay,none,3,WebAttack,seen,detection_rate,0.9994868373787653
ffnn_ewc_replay,none,3,WebAttack,seen,binary_f1,0.9996817771208015
ffnn_ewc_replay,none,3,WebAttack,all,n,1895000.0
ffnn_ewc_replay,none,3,WebAttack,all,n_benign,1791772.0
ffnn_ewc_replay,none,3,WebAttack,all,n_attack,103228.0
ffnn_ewc_replay,none,3,WebAttack,all,accuracy,0.9969050131926122
ffnn_ewc_replay,none,3,WebAttack,all,macro_f1,0.9845670544615226
ffnn_ewc_replay,none,3,WebAttack,all,fpr,1.2836454638201735e-05
ffnn_ewc_replay,none,3,WebAttack,all,detection_rate,0.9434068276049133
ffnn_ewc_replay,none,3,WebAttack,all,binary_f1,0.9707681035900656
ffnn_ewc_replay,none,4,Infiltration,task0,n,175000.0
ffnn_ewc_replay,none,4,Infiltration,task0,n_benign,172109.0
ffnn_ewc_replay,none,4,Infiltration,task0,n_attack,2891.0
ffnn_ewc_replay,none,4,Infiltration,task0,accuracy,0.9995428571428572
ffnn_ewc_replay,none,4,Infiltration,task0,macro_f1,0.9930601578688374
ffnn_ewc_replay,none,4,Infiltration,task0,fpr,0.0004648217118221592
ffnn_ewc_replay,none,4,Infiltration,task0,detection_rate,1.0
ffnn_ewc_replay,none,4,Infiltration,task0,binary_f1,0.9863527806209484
ffnn_ewc_replay,none,4,Infiltration,task0,category_recall,1.0
ffnn_ewc_replay,none,4,Infiltration,task1,n,385000.0
ffnn_ewc_replay,none,4,Infiltration,task1,n_benign,331373.0
ffnn_ewc_replay,none,4,Infiltration,task1,n_attack,53627.0
ffnn_ewc_replay,none,4,Infiltration,task1,accuracy,0.9993948051948052
ffnn_ewc_replay,none,4,Infiltration,task1,macro_f1,0.9987392999616996
ffnn_ewc_replay,none,4,Infiltration,task1,fpr,0.0005492300217579586
ffnn_ewc_replay,none,4,Infiltration,task1,detection_rate,0.9990489865179853
ffnn_ewc_replay,none,4,Infiltration,task1,binary_f1,0.9978302369977184
ffnn_ewc_replay,none,4,Infiltration,task1,category_recall,0.9990489865179853
ffnn_ewc_replay,none,4,Infiltration,task2,n,480000.0
ffnn_ewc_replay,none,4,Infiltration,task2,n_benign,439090.0
ffnn_ewc_replay,none,4,Infiltration,task2,n_attack,40910.0
ffnn_ewc_replay,none,4,Infiltration,task2,accuracy,0.9987729166666667
ffnn_ewc_replay,none,4,Infiltration,task2,macro_f1,0.9960907834634543
ffnn_ewc_replay,none,4,Infiltration,task2,fpr,0.0013414106447425357
ffnn_ewc_replay,none,4,Infiltration,task2,detection_rate,1.0
ffnn_ewc_replay,none,4,Infiltration,task2,binary_f1,0.9928527223968255
ffnn_ewc_replay,none,4,Infiltration,task2,category_recall,1.0
ffnn_ewc_replay,none,4,Infiltration,task3,n,270000.0
ffnn_ewc_replay,none,4,Infiltration,task3,n_benign,269993.0
ffnn_ewc_replay,none,4,Infiltration,task3,n_attack,7.0
ffnn_ewc_replay,none,4,Infiltration,task3,accuracy,0.9982481481481481
ffnn_ewc_replay,none,4,Infiltration,task3,macro_f1,0.5119327773484222
ffnn_ewc_replay,none,4,Infiltration,task3,fpr,0.0017481934716825991
ffnn_ewc_replay,none,4,Infiltration,task3,detection_rate,0.8571428571428571
ffnn_ewc_replay,none,4,Infiltration,task3,binary_f1,0.024742268041237112
ffnn_ewc_replay,none,4,Infiltration,task3,category_recall,0.8571428571428571
ffnn_ewc_replay,none,4,Infiltration,task4,n,395000.0
ffnn_ewc_replay,none,4,Infiltration,task4,n_benign,393444.0
ffnn_ewc_replay,none,4,Infiltration,task4,n_attack,1556.0
ffnn_ewc_replay,none,4,Infiltration,task4,accuracy,0.9991316455696203
ffnn_ewc_replay,none,4,Infiltration,task4,macro_f1,0.950057401623221
ffnn_ewc_replay,none,4,Infiltration,task4,fpr,0.0008641636420939193
ffnn_ewc_replay,none,4,Infiltration,task4,detection_rate,0.9980719794344473
ffnn_ewc_replay,none,4,Infiltration,task4,binary_f1,0.900550884314294
ffnn_ewc_replay,none,4,Infiltration,task4,category_recall,0.9980719794344473
ffnn_ewc_replay,none,4,Infiltration,task5,n,190000.0
ffnn_ewc_replay,none,4,Infiltration,task5,n_benign,185763.0
ffnn_ewc_replay,none,4,Infiltration,task5,n_attack,4237.0
ffnn_ewc_replay,none,4,Infiltration,task5,accuracy,0.9771263157894737
ffnn_ewc_replay,none,4,Infiltration,task5,macro_f1,0.49513399389833473
ffnn_ewc_replay,none,4,Infiltration,task5,fpr,0.000608301976173942
ffnn_ewc_replay,none,4,Infiltration,task5,detection_rate,0.0009440641963653528
ffnn_ewc_replay,none,4,Infiltration,task5,binary_f1,0.0018373909049150207
ffnn_ewc_replay,none,4,Infiltration,task5,category_recall,0.0009440641963653528
ffnn_ewc_replay,none,4,Infiltration,seen,n,1705000.0
ffnn_ewc_replay,none,4,Infiltration,seen,n_benign,1606009.0
ffnn_ewc_replay,none,4,Infiltration,seen,n_attack,98991.0
ffnn_ewc_replay,none,4,Infiltration,seen,accuracy,0.9989923753665689
ffnn_ewc_replay,none,4,Infiltration,seen,macro_f1,0.995428610092312
ffnn_ewc_replay,none,4,Infiltration,seen,fpr,0.001035486102506275
ffnn_ewc_replay,none,4,Infiltration,seen,detection_rate,0.9994443939348021
ffnn_ewc_replay,none,4,Infiltration,seen,binary_f1,0.9913923543263691
ffnn_ewc_replay,none,4,Infiltration,all,n,1895000.0
ffnn_ewc_replay,none,4,Infiltration,all,n_benign,1791772.0
ffnn_ewc_replay,none,4,Infiltration,all,n_attack,103228.0
ffnn_ewc_replay,none,4,Infiltration,all,accuracy,0.9968
ffnn_ewc_replay,none,4,Infiltration,all,macro_f1,0.9842876766980405
ffnn_ewc_replay,none,4,Infiltration,all,fpr,0.000991197540758534
ffnn_ewc_replay,none,4,Infiltration,all,detection_rate,0.9584608827062425
ffnn_ewc_replay,none,4,Infiltration,all,binary_f1,0.9702663476248382
ffnn_ewc_replay,none,5,Botnet,task0,n,175000.0
ffnn_ewc_replay,none,5,Botnet,task0,n_benign,172109.0
ffnn_ewc_replay,none,5,Botnet,task0,n_attack,2891.0
ffnn_ewc_replay,none,5,Botnet,task0,accuracy,0.9995942857142858
ffnn_ewc_replay,none,5,Botnet,task0,macro_f1,0.9938315807300292
ffnn_ewc_replay,none,5,Botnet,task0,fpr,0.0004125292692421663
ffnn_ewc_replay,none,5,Botnet,task0,detection_rate,1.0
ffnn_ewc_replay,none,5,Botnet,task0,binary_f1,0.9878694686485563
ffnn_ewc_replay,none,5,Botnet,task0,category_recall,1.0
ffnn_ewc_replay,none,5,Botnet,task1,n,385000.0
ffnn_ewc_replay,none,5,Botnet,task1,n_benign,331373.0
ffnn_ewc_replay,none,5,Botnet,task1,n_attack,53627.0
ffnn_ewc_replay,none,5,Botnet,task1,accuracy,0.9994207792207792
ffnn_ewc_replay,none,5,Botnet,task1,macro_f1,0.998793294264267
ffnn_ewc_replay,none,5,Botnet,task1,fpr,0.0005160348006626973
ffnn_ewc_replay,none,5,Botnet,task1,detection_rate,0.9990303391948085
ffnn_ewc_replay,none,5,Botnet,task1,binary_f1,0.9979231277881777
ffnn_ewc_replay,none,5,Botnet,task1,category_recall,0.9990303391948085
ffnn_ewc_replay,none,5,Botnet,task2,n,480000.0
ffnn_ewc_replay,none,5,Botnet,task2,n_benign,439090.0
ffnn_ewc_replay,none,5,Botnet,task2,n_attack,40910.0
ffnn_ewc_replay,none,5,Botnet,task2,accuracy,0.998825
ffnn_ewc_replay,none,5,Botnet,task2,macro_f1,0.9962556801995259
ffnn_ewc_replay,none,5,Botnet,task2,fpr,0.0012844747090573687
ffnn_ewc_replay,none,5,Botnet,task2,detection_rate,1.0
ffnn_ewc_replay,none,5,Botnet,task2,binary_f1,0.9931540104874733
ffnn_ewc_replay,none,5,Botnet,task2,category_recall,1.0
ffnn_ewc_replay,none,5,Botnet,task3,n,270000.0
ffnn_ewc_replay,none,5,Botnet,task3,n_benign,269993.0
ffnn_ewc_replay,none,5,Botnet,task3,n_attack,7.0
ffnn_ewc_replay,none,5,Botnet,task3,accuracy,0.9982444444444445
ffnn_ewc_replay,none,5,Botnet,task3,macro_f1,0.5119063947676366
ffnn_ewc_replay,none,5,Botnet,task3,fpr,0.0017518972714107403
ffnn_ewc_replay,none,5,Botnet,task3,detection_rate,0.8571428571428571
ffnn_ewc_replay,none,5,Botnet,task3,binary_f1,0.024691358024691357
ffnn_ewc_replay,none,5,Botnet,task3,category_recall,0.8571428571428571
ffnn_ewc_replay,none,5,Botnet,task4,n,395000.0
ffnn_ewc_replay,none,5,Botnet,task4,n_benign,393444.0
ffnn_ewc_replay,none,5,Botnet,task4,n_attack,1556.0
ffnn_ewc_replay,none,5,Botnet,task4,accuracy,0.9991240506329114
ffnn_ewc_replay,none,5,Botnet,task4,macro_f1,0.949751131439291
ffnn_ewc_replay,none,5,Botnet,task4,fpr,0.0008794135887191061
ffnn_ewc_replay,none,5,Botnet,task4,detection_rate,1.0
ffnn_ewc_replay,none,5,Botnet,task4,binary_f1,0.8999421631000578
ffnn_ewc_replay,none,5,Botnet,task4,category_recall,1.0
ffnn_ewc_replay,none,5,Botnet,task5,n,190000.0
ffnn_ewc_replay,none,5,Botnet,task5,n_benign,185763.0
ffnn_ewc_replay,none,5,Botnet,task5,n_attack,4237.0
ffnn_ewc_replay,none,5,Botnet,task5,accuracy,0.9993947368421052
ffnn_ewc_replay,none,5,Botnet,task5,macro_f1,0.9931505755996552
ffnn_ewc_replay,none,5,Botnet,task5,fpr,0.0006190683828318879
ffnn_ewc_replay,none,5,Botnet,task5,detection_rate,1.0
ffnn_ewc_replay,none,5,Botnet,task5,binary_f1,0.9866107812318081
ffnn_ewc_replay,none,5,Botnet,task5,category_recall,1.0
ffnn_ewc_replay,none,5,Botnet,seen,n,1895000.0
ffnn_ewc_replay,none,5,Botnet,seen,n_benign,1791772.0
ffnn_ewc_replay,none,5,Botnet,seen,n_attack,103228.0
ffnn_ewc_replay,none,5,Botnet,seen,accuracy,0.9990538258575198
ffnn_ewc_replay,none,5,Botnet,seen,macro_f1,0.9954425758358174
ffnn_ewc_replay,none,5,Botnet,seen,fpr,0.0009711056987161313
ffnn_ewc_replay,none,5,Botnet,seen,detection_rate,0.999486573410315
ffnn_ewc_replay,none,5,Botnet,seen,binary_f1,0.9913857300029307
ffnn_ewc_replay,none,5,Botnet,all,n,1895000.0
ffnn_ewc_replay,none,5,Botnet,all,n_benign,1791772.0
ffnn_ewc_replay,none,5,Botnet,all,n_attack,103228.0
ffnn_ewc_replay,none,5,Botnet,all,accuracy,0.9990538258575198
ffnn_ewc_replay,none,5,Botnet,all,macro_f1,0.9954425758358174
ffnn_ewc_replay,none,5,Botnet,all,fpr,0.0009711056987161313
ffnn_ewc_replay,none,5,Botnet,all,detection_rate,0.999486573410315
ffnn_ewc_replay,none,5,Botnet,all,binary_f1,0.9913857300029307
ffnn_naive,none,0,BruteForce,task0,n,175000.0
ffnn_naive,none,0,BruteForce,task0,n_benign,172109.0
ffnn_naive,none,0,BruteForce,task0,n_attack,2891.0
ffnn_naive,none,0,BruteForce,task0,accuracy,1.0
ffnn_naive,none,0,BruteForce,task0,macro_f1,1.0
ffnn_naive,none,0,BruteForce,task0,fpr,0.0
ffnn_naive,none,0,BruteForce,task0,detection_rate,1.0
ffnn_naive,none,0,BruteForce,task0,binary_f1,1.0
ffnn_naive,none,0,BruteForce,task0,category_recall,1.0
ffnn_naive,none,0,BruteForce,task1,n,385000.0
ffnn_naive,none,0,BruteForce,task1,n_benign,331373.0
ffnn_naive,none,0,BruteForce,task1,n_attack,53627.0
ffnn_naive,none,0,BruteForce,task1,accuracy,0.8607090909090909
ffnn_naive,none,0,BruteForce,task1,macro_f1,0.4625704765534156
ffnn_naive,none,0,BruteForce,task1,fpr,0.0
ffnn_naive,none,0,BruteForce,task1,detection_rate,0.0
ffnn_naive,none,0,BruteForce,task1,binary_f1,0.0
ffnn_naive,none,0,BruteForce,task1,category_recall,0.0
ffnn_naive,none,0,BruteForce,task2,n,480000.0
ffnn_naive,none,0,BruteForce,task2,n_benign,439090.0
ffnn_naive,none,0,BruteForce,task2,n_attack,40910.0
ffnn_naive,none,0,BruteForce,task2,accuracy,0.9147708333333333
ffnn_naive,none,0,BruteForce,task2,macro_f1,0.4777442905482597
ffnn_naive,none,0,BruteForce,task2,fpr,0.0
ffnn_naive,none,0,BruteForce,task2,detection_rate,0.0
ffnn_naive,none,0,BruteForce,task2,binary_f1,0.0
ffnn_naive,none,0,BruteForce,task2,category_recall,0.0
ffnn_naive,none,0,BruteForce,task3,n,270000.0
ffnn_naive,none,0,BruteForce,task3,n_benign,269993.0
ffnn_naive,none,0,BruteForce,task3,n_attack,7.0
ffnn_naive,none,0,BruteForce,task3,accuracy,0.9999703703703704
ffnn_naive,none,0,BruteForce,task3,macro_f1,0.4999925924828516
ffnn_naive,none,0,BruteForce,task3,fpr,3.7037997281411e-06
ffnn_naive,none,0,BruteForce,task3,detection_rate,0.0
ffnn_naive,none,0,BruteForce,task3,binary_f1,0.0
ffnn_naive,none,0,BruteForce,task3,category_recall,0.0
ffnn_naive,none,0,BruteForce,task4,n,395000.0
ffnn_naive,none,0,BruteForce,task4,n_benign,393444.0
ffnn_naive,none,0,BruteForce,task4,n_attack,1556.0
ffnn_naive,none,0,BruteForce,task4,accuracy,0.9960582278481013
ffnn_naive,none,0,BruteForce,task4,macro_f1,0.499012610930657
ffnn_naive,none,0,BruteForce,task4,fpr,2.5416577708644688e-06
ffnn_naive,none,0,BruteForce,task4,detection_rate,0.0
ffnn_naive,none,0,BruteForce,task4,binary_f1,0.0
ffnn_naive,none,0,BruteForce,task4,category_recall,0.0
ffnn_naive,none,0,BruteForce,task5,n,190000.0
ffnn_naive,none,0,BruteForce,task5,n_benign,185763.0
ffnn_naive,none,0,BruteForce,task5,n_attack,4237.0
ffnn_naive,none,0,BruteForce,task5,accuracy,0.9777
ffnn_naive,none,0,BruteForce,task5,macro_f1,0.4943621378368812
ffnn_naive,none,0,BruteForce,task5,fpr,0.0
ffnn_naive,none,0,BruteForce,task5,detection_rate,0.0
ffnn_naive,none,0,BruteForce,task5,binary_f1,0.0
ffnn_naive,none,0,BruteForce,task5,category_recall,0.0
ffnn_naive,none,0,BruteForce,seen,n,175000.0
ffnn_naive,none,0,BruteForce,seen,n_benign,172109.0
ffnn_naive,none,0,BruteForce,seen,n_attack,2891.0
ffnn_naive,none,0,BruteForce,seen,accuracy,1.0
ffnn_naive,none,0,BruteForce,seen,macro_f1,1.0
ffnn_naive,none,0,BruteForce,seen,fpr,0.0
ffnn_naive,none,0,BruteForce,seen,detection_rate,1.0
ffnn_naive,none,0,BruteForce,seen,binary_f1,1.0
ffnn_naive,none,0,BruteForce,all,n,1895000.0
ffnn_naive,none,0,BruteForce,all,n_benign,1791772.0
ffnn_naive,none,0,BruteForce,all,n_attack,103228.0
ffnn_naive,none,0,BruteForce,all,accuracy,0.9470506596306069
ffnn_naive,none,0,BruteForce,all,macro_f1,0.5136238261501052
ffnn_naive,none,0,BruteForce,all,fpr,1.116213446800151e-06
ffnn_naive,none,0,BruteForce,all,detection_rate,0.02800596737319332
ffnn_naive,none,0,BruteForce,all,binary_f1,0.054484974698693005
ffnn_naive,none,1,DoS,task0,n,175000.0
ffnn_naive,none,1,DoS,task0,n_benign,172109.0
ffnn_naive,none,1,DoS,task0,n_attack,2891.0
ffnn_naive,none,1,DoS,task0,accuracy,0.98348
ffnn_naive,none,1,DoS,task0,macro_f1,0.495835602073124
ffnn_naive,none,1,DoS,task0,fpr,0.0
ffnn_naive,none,1,DoS,task0,detection_rate,0.0
ffnn_naive,none,1,DoS,task0,binary_f1,0.0
ffnn_naive,none,1,DoS,task0,category_recall,0.0
ffnn_naive,none,1,DoS,task1,n,385000.0
ffnn_naive,none,1,DoS,task1,n_benign,331373.0
ffnn_naive,none,1,DoS,task1,n_attack,53627.0
ffnn_naive,none,1,DoS,task1,accuracy,0.9999038961038961
ffnn_naive,none,1,DoS,task1,macro_f1,0.9997995432655264
ffnn_naive,none,1,DoS,task1,fpr,3.0177473722964757e-06
ffnn_naive,none,1,DoS,task1,detection_rate,0.9993286963656367
ffnn_naive,none,1,DoS,task1,binary_f1,0.9996549119092698
ffnn_naive,none,1,DoS,task1,category_recall,0.9993286963656367
ffnn_naive,none,1,DoS,task2,n,480000.0
ffnn_naive,none,1,DoS,task2,n_benign,439090.0
ffnn_naive,none,1,DoS,task2,n_attack,40910.0
ffnn_naive,none,1,DoS,task2,accuracy,0.9147708333333333
ffnn_naive,none,1,DoS,task2,macro_f1,0.4777442905482597
ffnn_naive,none,1,DoS,task2,fpr,0.0
ffnn_naive,none,1,DoS,task2,detection_rate,0.0
ffnn_naive,none,1,DoS,task2,binary_f1,0.0
ffnn_naive,none,1,DoS,task2,category_recall,0.0
ffnn_naive,none,1,DoS,task3,n,270000.0
ffnn_naive,none,1,DoS,task3,n_benign,269993.0
ffnn_naive,none,1,DoS,task3,n_attack,7.0
ffnn_naive,none,1,DoS,task3,accuracy,0.9999592592592592
ffnn_naive,none,1,DoS,task3,macro_f1,0.4999898146073346
ffnn_naive,none,1,DoS,task3,fpr,1.48151989125644e-05
ffnn_naive,none,1,DoS,task3,detection_rate,0.0
ffnn_naive,none,1,DoS,task3,binary_f1,0.0
ffnn_naive,none,1,DoS,task3,category_recall,0.0
ffnn_naive,none,1,DoS,task4,n,395000.0
ffnn_naive,none,1,DoS,task4,n_benign,393444.0
ffnn_naive,none,1,DoS,task4,n_attack,1556.0
ffnn_naive,none,1,DoS,task4,accuracy,0.9960582278481013
ffnn_naive,none,1,DoS,task4,macro_f1,0.499012610930657
ffnn_naive,none,1,DoS,task4,fpr,2.5416577708644688e-06
ffnn_naive,none,1,DoS,task4,detection_rate,0.0
ffnn_naive,none,1,DoS,task4,binary_f1,0.0
ffnn_naive,none,1,DoS,task4,category_recall,0.0
ffnn_naive,none,1,DoS,task5,n,190000.0
ffnn_naive,none,1,DoS,task5,n_benign,185763.0
ffnn_naive,none,1,DoS,task5,n_attack,4237.0
ffnn_naive,none,1,DoS,task5,accuracy,0.9777
ffnn_naive,none,1,DoS,task5,macro_f1,0.4943621378368812
ffnn_naive,none,1,DoS,task5,fpr,0.0
ffnn_naive,none,1,DoS,task5,detection_rate,0.0
ffnn_naive,none,1,DoS,task5,binary_f1,0.0
ffnn_naive,none,1,DoS,task5,category_recall,0.0
ffnn_naive,none,1,DoS,seen,n,560000.0
ffnn_naive,none,1,DoS,seen,n_benign,503482.0
ffnn_naive,none,1,DoS,seen,n_attack,56518.0
ffnn_naive,none,1,DoS,seen,accuracy,0.9947714285714285
ffnn_naive,none,1,DoS,seen,macro_f1,0.9852545420514569
ffnn_naive,none,1,DoS,seen,fpr,1.986168323793105e-06
ffnn_naive,none,1,DoS,seen,detection_rate,0.9482111893556036
ffnn_naive,none,1,DoS,seen,binary_f1,0.9734084097720461
ffnn_naive,none,1,DoS,all,n,1895000.0
ffnn_naive,none,1,DoS,all,n_benign,1791772.0
ffnn_naive,none,1,DoS,all,n_attack,103228.0
ffnn_naive,none,1,DoS,all,accuracy,0.9738031662269129
ffnn_naive,none,1,DoS,all,macro_f1,0.8348929493175026
ffnn_naive,none,1,DoS,all,fpr,3.348640340400453e-06
ffnn_naive,none,1,DoS,all,detection_rate,0.5191517805246638
ffnn_naive,none,1,DoS,all,binary_f1,0.6834497050852861
ffnn_naive,none,2,DDoS,task0,n,175000.0
ffnn_naive,none,2,DDoS,task0,n_benign,172109.0
ffnn_naive,none,2,DDoS,task0,n_attack,2891.0
ffnn_naive,none,2,DDoS,task0,accuracy,0.98348
ffnn_naive,none,2,DDoS,task0,macro_f1,0.495835602073124
ffnn_naive,none,2,DDoS,task0,fpr,0.0
ffnn_naive,none,2,DDoS,task0,detection_rate,0.0
ffnn_naive,none,2,DDoS,task0,binary_f1,0.0
ffnn_naive,none,2,DDoS,task0,category_recall,0.0
ffnn_naive,none,2,DDoS,task1,n,385000.0
ffnn_naive,none,2,DDoS,task1,n_benign,331373.0
ffnn_naive,none,2,DDoS,task1,n_attack,53627.0
ffnn_naive,none,2,DDoS,task1,accuracy,0.8607584415584416
ffnn_naive,none,2,DDoS,task1,macro_f1,0.462936919059349
ffnn_naive,none,2,DDoS,task1,fpr,0.0
ffnn_naive,none,2,DDoS,task1,detection_rate,0.00035429914035840153
ffnn_naive,none,2,DDoS,task1,binary_f1,0.000708347313872423
ffnn_naive,none,2,DDoS,task1,category_recall,0.00035429914035840153
ffnn_naive,none,2,DDoS,task2,n,480000.0
ffnn_naive,none,2,DDoS,task2,n_benign,439090.0
ffnn_naive,none,2,DDoS,task2,n_attack,40910.0
ffnn_naive,none,2,DDoS,task2,accuracy,1.0
ffnn_naive,none,2,DDoS,task2,macro_f1,1.0
ffnn_naive,none,2,DDoS,task2,fpr,0.0
ffnn_naive,none,2,DDoS,task2,detection_rate,1.0
ffnn_naive,none,2,DDoS,task2,binary_f1,1.0
ffnn_naive,none,2,DDoS,task2,category_recall,1.0
ffnn_naive,none,2,DDoS,task3,n,270000.0
ffnn_naive,none,2,DDoS,task3,n_benign,269993.0
ffnn_naive,none,2,DDoS,task3,n_attack,7.0
ffnn_naive,none,2,DDoS,task3,accuracy,0.9999888888888889
ffnn_naive,none,2,DDoS,task3,macro_f1,0.8999972221450596
ffnn_naive,none,2,DDoS,task3,fpr,7.4075994562822e-06
ffnn_naive,none,2,DDoS,task3,detection_rate,0.8571428571428571
ffnn_naive,none,2,DDoS,task3,binary_f1,0.8
ffnn_naive,none,2,DDoS,task3,category_recall,0.8571428571428571
ffnn_naive,none,2,DDoS,task4,n,395000.0
ffnn_naive,none,2,DDoS,task4,n_benign,393444.0
ffnn_naive,none,2,DDoS,task4,n_attack,1556.0
ffnn_naive,none,2,DDoS,task4,accuracy,0.996053164556962
ffnn_naive,none,2,DDoS,task4,macro_f1,0.5002909256155074
ffnn_naive,none,2,DDoS,task4,fpr,1.2708288854322344e-05
ffnn_naive,none,2,DDoS,task4,detection_rate,0.0012853470437017994
ffnn_naive,none,2,DDoS,task4,binary_f1,0.0025591810620601407
ffnn_naive,none,2,DDoS,task4,category_recall,0.0012853470437017994
ffnn_naive,none,2,DDoS,task5,n,190000.0
ffnn_naive,none,2,DDoS,task5,n_benign,185763.0
ffnn_naive,none,2,DDoS,task5,n_attack,4237.0
ffnn_naive,none,2,DDoS,task5,accuracy,0.9777
ffnn_naive,none,2,DDoS,task5,macro_f1,0.4943621378368812
ffnn_naive,none,2,DDoS,task5,fpr,0.0
ffnn_naive,none,2,DDoS,task5,detection_rate,0.0
ffnn_naive,none,2,DDoS,task5,binary_f1,0.0
ffnn_naive,none,2,DDoS,task5,category_recall,0.0
ffnn_naive,none,2,DDoS,seen,n,1040000.0
ffnn_naive,none,2,DDoS,seen,n_benign,942572.0
ffnn_naive,none,2,DDoS,seen,n_attack,97428.0
ffnn_naive,none,2,DDoS,seen,accuracy,0.9456740384615384
ffnn_naive,none,2,DDoS,seen,macro_f1,0.7812724026494906
ffnn_naive,none,2,DDoS,seen,fpr,0.0
ffnn_naive,none,2,DDoS,seen,detection_rate,0.42009483926591945
ffnn_naive,none,2,DDoS,seen,binary_f1,0.5916433574015048
ffnn_naive,none,2,DDoS,all,n,1895000.0
ffnn_naive,none,2,DDoS,all,n_benign,1791772.0
ffnn_naive,none,2,DDoS,all,n_attack,103228.0
ffnn_naive,none,2,DDoS,all,accuracy,0.9671250659630607
ffnn_naive,none,2,DDoS,all,macro_f1,0.7754018268070058
ffnn_naive,none,2,DDoS,all,fpr,3.906747063800528e-06
ffnn_naive,none,2,DDoS,all,detection_rate,0.3965687604138412
ffnn_naive,none,2,DDoS,all,binary_f1,0.56789113003912
ffnn_naive,none,3,WebAttack,task0,n,175000.0
ffnn_naive,none,3,WebAttack,task0,n_benign,172109.0
ffnn_naive,none,3,WebAttack,task0,n_attack,2891.0
ffnn_naive,none,3,WebAttack,task0,accuracy,0.98348
ffnn_naive,none,3,WebAttack,task0,macro_f1,0.495835602073124
ffnn_naive,none,3,WebAttack,task0,fpr,0.0
ffnn_naive,none,3,WebAttack,task0,detection_rate,0.0
ffnn_naive,none,3,WebAttack,task0,binary_f1,0.0
ffnn_naive,none,3,WebAttack,task0,category_recall,0.0
ffnn_naive,none,3,WebAttack,task1,n,385000.0
ffnn_naive,none,3,WebAttack,task1,n_benign,331373.0
ffnn_naive,none,3,WebAttack,task1,n_attack,53627.0
ffnn_naive,none,3,WebAttack,task1,accuracy,0.8607090909090909
ffnn_naive,none,3,WebAttack,task1,macro_f1,0.4625704765534156
ffnn_naive,none,3,WebAttack,task1,fpr,0.0
ffnn_naive,none,3,WebAttack,task1,detection_rate,0.0
ffnn_naive,none,3,WebAttack,task1,binary_f1,0.0
ffnn_naive,none,3,WebAttack,task1,category_recall,0.0
ffnn_naive,none,3,WebAttack,task2,n,480000.0
ffnn_naive,none,3,WebAttack,task2,n_benign,439090.0
ffnn_naive,none,3,WebAttack,task2,n_attack,40910.0
ffnn_naive,none,3,WebAttack,task2,accuracy,0.91485625
ffnn_naive,none,3,WebAttack,task2,macro_f1,0.47876679990936033
ffnn_naive,none,3,WebAttack,task2,fpr,0.0
ffnn_naive,none,3,WebAttack,task2,detection_rate,0.0010021999511121975
ffnn_naive,none,3,WebAttack,task2,binary_f1,0.0020023931039535054
ffnn_naive,none,3,WebAttack,task2,category_recall,0.0009045127854104533
ffnn_naive,none,3,WebAttack,task3,n,270000.0
ffnn_naive,none,3,WebAttack,task3,n_benign,269993.0
ffnn_naive,none,3,WebAttack,task3,n_attack,7.0
ffnn_naive,none,3,WebAttack,task3,accuracy,1.0
ffnn_naive,none,3,WebAttack,task3,macro_f1,1.0
ffnn_naive,none,3,WebAttack,task3,fpr,0.0
ffnn_naive,none,3,WebAttack,task3,detection_rate,1.0
ffnn_naive,none,3,WebAttack,task3,binary_f1,1.0
ffnn_naive,none,3,WebAttack,task3,category_recall,1.0
ffnn_naive,none,3,WebAttack,task4,n,395000.0
ffnn_naive,none,3,WebAttack,task4,n_benign,393444.0
ffnn_naive,none,3,WebAttack,task4,n_attack,1556.0
ffnn_naive,none,3,WebAttack,task4,accuracy,0.9960607594936709
ffnn_naive,none,3,WebAttack,task4,macro_f1,0.49901324634343086
ffnn_naive,none,3,WebAttack,task4,fpr,0.0
ffnn_naive,none,3,WebAttack,task4,detection_rate,0.0
ffnn_naive,none,3,WebAttack,task4,binary_f1,0.0
ffnn_naive,none,3,WebAttack,task4,category_recall,0.0
ffnn_naive,none,3,WebAttack,task5,n,190000.0
ffnn_naive,none,3,WebAttack,task5,n_benign,185763.0
ffnn_naive,none,3,WebAttack,task5,n_attack,4237.0
ffnn_naive,none,3,WebAttack,task5,accuracy,0.9777
ffnn_naive,none,3,WebAttack,task5,macro_f1,0.4943621378368812
ffnn_naive,none,3,WebAttack,task5,fpr,0.0
ffnn_naive,none,3,WebAttack,task5,detection_rate,0.0
ffnn_naive,none,3,WebAttack,task5,binary_f1,0.0
ffnn_naive,none,3,WebAttack,task5,category_recall,0.0
ffnn_naive,none,3,WebAttack,seen,n,1310000.0
ffnn_naive,none,3,WebAttack,seen,n_benign,1212565.0
ffnn_naive,none,3,WebAttack,seen,n_attack,97435.0
ffnn_naive,none,3,WebAttack,seen,accuracy,0.9256587786259542
ffnn_naive,none,3,WebAttack,seen,macro_f1,0.48118885664172656
ffnn_naive,none,3,WebAttack,seen,fpr,0.0
ffnn_naive,none,3,WebAttack,seen,detection_rate,0.0004926361163852825
ffnn_naive,none,3,WebAttack,seen,binary_f1,0.0009847870910825477
ffnn_naive,none,3,WebAttack,all,n,1895000.0
ffnn_naive,none,3,WebAttack,all,n_benign,1791772.0
ffnn_naive,none,3,WebAttack,all,n_attack,103228.0
ffnn_naive,none,3,WebAttack,all,accuracy,0.9455514511873351
ffnn_naive,none,3,WebAttack,all,macro_f1,0.486471320737272
ffnn_naive,none,3,WebAttack,all,fpr,0.0
ffnn_naive,none,3,WebAttack,all,detection_rate,0.0004649901189599721
ffnn_naive,none,3,WebAttack,all,binary_f1,0.0009295480072814594
ffnn_naive,none,4,Infiltration,task0,n,175000.0
ffnn_naive,none,4,Infiltration,task0,n_benign,172109.0
ffnn_naive,none,4,Infiltration,task0,n_attack,2891.0
ffnn_naive,none,4,Infiltration,task0,accuracy,0.98308
ffnn_naive,none,4,Infiltration,task0,macro_f1,0.495733908869032
ffnn_naive,none,4,Infiltration,task0,fpr,0.0004067189978443893
ffnn_naive,none,4,Infiltration,task0,detection_rate,0.0
ffnn_naive,none,4,Infiltration,task0,binary_f1,0.0
ffnn_naive,none,4,Infiltration,task0,category_recall,0.0
ffnn_naive,none,4,Infiltration,task1,n,385000.0
ffnn_naive,none,4,Infiltration,task1,n_benign,331373.0
ffnn_naive,none,4,Infiltration,task1,n_attack,53627.0
ffnn_naive,none,4,Infiltration,task1,accuracy,0.8604441558441558
ffnn_naive,none,4,Infiltration,task1,macro_f1,0.46249394433112606
ffnn_naive,none,4,Infiltration,task1,fpr,0.0003078102319742405
ffnn_naive,none,4,Infiltration,task1,detection_rate,0.0
ffnn_naive,none,4,Infiltration,task1,binary_f1,0.0
ffnn_naive,none,4,Infiltration,task1,category_recall,0.0
ffnn_naive,none,4,Infiltration,task2,n,480000.0
ffnn_naive,none,4,Infiltration,task2,n_benign,439090.0
ffnn_naive,none,4,Infiltration,task2,n_attack,40910.0
ffnn_naive,none,4,Infiltration,task2,accuracy,0.9140791666666667
ffnn_naive,none,4,Infiltration,task2,macro_f1,0.477555569584156
ffnn_naive,none,4,Infiltration,task2,fpr,0.0007561092258990184
ffnn_naive,none,4,Infiltration,task2,detection_rate,0.0
ffnn_naive,none,4,Infiltration,task2,binary_f1,0.0
ffnn_naive,none,4,Infiltration,task2,category_recall,0.0
ffnn_naive,none,4,Infiltration,task3,n,270000.0
ffnn_naive,none,4,Infiltration,task3,n_benign,269993.0
ffnn_naive,none,4,Infiltration,task3,n_attack,7.0
ffnn_naive,none,4,Infiltration,task3,accuracy,0.9990037037037037
ffnn_naive,none,4,Infiltration,task3,macro_f1,0.4997508017882982
ffnn_naive,none,4,Infiltration,task3,fpr,0.0009703955287729682
ffnn_naive,none,4,Infiltration,task3,detection_rate,0.0
ffnn_naive,none,4,Infiltration,task3,binary_f1,0.0
ffnn_naive,none,4,Infiltration,task3,category_recall,0.0
ffnn_naive,none,4,Infiltration,task4,n,395000.0
ffnn_naive,none,4,Infiltration,task4,n_benign,393444.0
ffnn_naive,none,4,Infiltration,task4,n_attack,1556.0
ffnn_naive,none,4,Infiltration,task4,accuracy,0.9994025316455696
ffnn_naive,none,4,Infiltration,task4,macro_f1,0.9645629166263612
ffnn_naive,none,4,Infiltration,task4,fpr,0.0005947479183822857
ffnn_naive,none,4,Infiltration,task4,detection_rate,0.9987146529562982
ffnn_naive,none,4,Infiltration,task4,binary_f1,0.9294258373205742
ffnn_naive,none,4,Infiltration,task4,category_recall,0.9987146529562982
ffnn_naive,none,4,Infiltration,task5,n,190000.0
ffnn_naive,none,4,Infiltration,task5,n_benign,185763.0
ffnn_naive,none,4,Infiltration,task5,n_attack,4237.0
ffnn_naive,none,4,Infiltration,task5,accuracy,0.9772894736842105
ffnn_naive,none,4,Infiltration,task5,macro_f1,0.4942571569266806
ffnn_naive,none,4,Infiltration,task5,fpr,0.00041988985965988923
ffnn_naive,none,4,Infiltration,task5,detection_rate,0.0
ffnn_naive,none,4,Infiltration,task5,binary_f1,0.0
ffnn_naive,none,4,Infiltration,task5,category_recall,0.0
ffnn_naive,none,4,Infiltration,seen,n,1705000.0
ffnn_naive,none,4,Infiltration,seen,n_benign,1606009.0
ffnn_naive,none,4,Infiltration,seen,n_attack,98991.0
ffnn_naive,none,4,Infiltration,seen,accuracy,0.9422656891495601
ffnn_naive,none,4,Infiltration,seen,macro_f1,0.5004269786330127
ffnn_naive,none,4,Infiltration,seen,fpr,0.0006226615168408148
ffnn_naive,none,4,Infiltration,seen,detection_rate,0.015698396823953693
ffnn_naive,none,4,Infiltration,seen,binary_f1,0.03060711999606086
ffnn_naive,none,4,Infiltration,all,n,1895000.0
ffnn_naive,none,4,Infiltration,all,n_benign,1791772.0
ffnn_naive,none,4,Infiltration,all,n_attack,103228.0
ffnn_naive,none,4,Infiltration,all,accuracy,0.9457773087071241
ffnn_naive,none,4,Infiltration,all,macro_f1,0.5007345844919939
ffnn_naive,none,4,Infiltration,all,fpr,0.0006016390478252813
ffnn_naive,none,4,Infiltration,all,detection_rate,0.015054055101329096
ffnn_naive,none,4,Infiltration,all,binary_f1,0.029359531456640848
ffnn_naive,none,5,Botnet,task0,n,175000.0
ffnn_naive,none,5,Botnet,task0,n_benign,172109.0
ffnn_naive,none,5,Botnet,task0,n_attack,2891.0
ffnn_naive,none,5,Botnet,task0,accuracy,0.9834685714285715
ffnn_naive,none,5,Botnet,task0,macro_f1,0.49583269712221306
ffnn_naive,none,5,Botnet,task0,fpr,1.1620542795553981e-05
ffnn_naive,none,5,Botnet,task0,detection_rate,0.0
ffnn_naive,none,5,Botnet,task0,binary_f1,0.0
ffnn_naive,none,5,Botnet,task0,category_recall,0.0
ffnn_naive,none,5,Botnet,task1,n,385000.0
ffnn_naive,none,5,Botnet,task1,n_benign,331373.0
ffnn_naive,none,5,Botnet,task1,n_attack,53627.0
ffnn_naive,none,5,Botnet,task1,accuracy,0.8607012987012987
ffnn_naive,none,5,Botnet,task1,macro_f1,0.4625682259167749
ffnn_naive,none,5,Botnet,task1,fpr,9.053242116889427e-06
ffnn_naive,none,5,Botnet,task1,detection_rate,0.0
ffnn_naive,none,5,Botnet,task1,binary_f1,0.0
ffnn_naive,none,5,Botnet,task1,category_recall,0.0
ffnn_naive,none,5,Botnet,task2,n,480000.0
ffnn_naive,none,5,Botnet,task2,n_benign,439090.0
ffnn_naive,none,5,Botnet,task2,n_attack,40910.0
ffnn_naive,none,5,Botnet,task2,accuracy,0.9147666666666666
ffnn_naive,none,5,Botnet,task2,macro_f1,0.47774315408317813
ffnn_naive,none,5,Botnet,task2,fpr,4.554874854813364e-06
ffnn_naive,none,5,Botnet,task2,detection_rate,0.0
ffnn_naive,none,5,Botnet,task2,binary_f1,0.0
ffnn_naive,none,5,Botnet,task2,category_recall,0.0
ffnn_naive,none,5,Botnet,task3,n,270000.0
ffnn_naive,none,5,Botnet,task3,n_benign,269993.0
ffnn_naive,none,5,Botnet,task3,n_attack,7.0
ffnn_naive,none,5,Botnet,task3,accuracy,0.9999592592592592
ffnn_naive,none,5,Botnet,task3,macro_f1,0.4999898146073346
ffnn_naive,none,5,Botnet,task3,fpr,1.48151989125644e-05
ffnn_naive,none,5,Botnet,task3,detection_rate,0.0
ffnn_naive,none,5,Botnet,task3,binary_f1,0.0
ffnn_naive,none,5,Botnet,task3,category_recall,0.0
ffnn_naive,none,5,Botnet,task4,n,395000.0
ffnn_naive,none,5,Botnet,task4,n_benign,393444.0
ffnn_naive,none,5,Botnet,task4,n_attack,1556.0
ffnn_naive,none,5,Botnet,task4,accuracy,0.9961367088607594
ffnn_naive,none,5,Botnet,task4,macro_f1,0.520962046620145
ffnn_naive,none,5,Botnet,task4,fpr,1.2708288854322344e-05
ffnn_naive,none,5,Botnet,task4,detection_rate,0.02249357326478149
ffnn_naive,none,5,Botnet,task4,binary_f1,0.043859649122807015
ffnn_naive,none,5,Botnet,task4,category_recall,0.02249357326478149
ffnn_naive,none,5,Botnet,task5,n,190000.0
ffnn_naive,none,5,Botnet,task5,n_benign,185763.0
ffnn_naive,none,5,Botnet,task5,n_attack,4237.0
ffnn_naive,none,5,Botnet,task5,accuracy,1.0
ffnn_naive,none,5,Botnet,task5,macro_f1,1.0
ffnn_naive,none,5,Botnet,task5,fpr,0.0
ffnn_naive,none,5,Botnet,task5,detection_rate,1.0
ffnn_naive,none,5,Botnet,task5,binary_f1,1.0
ffnn_naive,none,5,Botnet,task5,category_recall,1.0
ffnn_naive,none,5,Botnet,seen,n,1895000.0
ffnn_naive,none,5,Botnet,seen,n_benign,1791772.0
ffnn_naive,none,5,Botnet,seen,n_attack,103228.0
ffnn_naive,none,5,Botnet,seen,accuracy,0.9477720316622691
ffnn_naive,none,5,Botnet,seen,macro_f1,0.5262954092267295
ffnn_naive,none,5,Botnet,seen,fpr,8.929707574401208e-06
ffnn_naive,none,5,Botnet,seen,detection_rate,0.04138412058743752
ffnn_naive,none,5,Botnet,seen,binary_f1,0.079467242084899
ffnn_naive,none,5,Botnet,all,n,1895000.0
ffnn_naive,none,5,Botnet,all,n_benign,1791772.0
ffnn_naive,none,5,Botnet,all,n_attack,103228.0
ffnn_naive,none,5,Botnet,all,accuracy,0.9477720316622691
ffnn_naive,none,5,Botnet,all,macro_f1,0.5262954092267295
ffnn_naive,none,5,Botnet,all,fpr,8.929707574401208e-06
ffnn_naive,none,5,Botnet,all,detection_rate,0.04138412058743752
ffnn_naive,none,5,Botnet,all,binary_f1,0.079467242084899
gnn_ewc,none,0,BruteForce,task0,n,175000.0
gnn_ewc,none,0,BruteForce,task0,n_benign,172109.0
gnn_ewc,none,0,BruteForce,task0,n_attack,2891.0
gnn_ewc,none,0,BruteForce,task0,accuracy,1.0
gnn_ewc,none,0,BruteForce,task0,macro_f1,1.0
gnn_ewc,none,0,BruteForce,task0,fpr,0.0
gnn_ewc,none,0,BruteForce,task0,detection_rate,1.0
gnn_ewc,none,0,BruteForce,task0,binary_f1,1.0
gnn_ewc,none,0,BruteForce,task0,category_recall,1.0
gnn_ewc,none,0,BruteForce,task1,n,385000.0
gnn_ewc,none,0,BruteForce,task1,n_benign,331373.0
gnn_ewc,none,0,BruteForce,task1,n_attack,53627.0
gnn_ewc,none,0,BruteForce,task1,accuracy,0.9979974025974025
gnn_ewc,none,0,BruteForce,task1,macro_f1,0.9957987088920305
gnn_ewc,none,0,BruteForce,task1,fpr,0.0
gnn_ewc,none,0,BruteForce,task1,detection_rate,0.9856229138307196
gnn_ewc,none,0,BruteForce,task1,binary_f1,0.9927594076049698
gnn_ewc,none,0,BruteForce,task1,category_recall,0.9856229138307196
gnn_ewc,none,0,BruteForce,task2,n,480000.0
gnn_ewc,none,0,BruteForce,task2,n_benign,439090.0
gnn_ewc,none,0,BruteForce,task2,n_attack,40910.0
gnn_ewc,none,0,BruteForce,task2,accuracy,0.91476875
gnn_ewc,none,0,BruteForce,task2,macro_f1,0.47774372231633716
gnn_ewc,none,0,BruteForce,task2,fpr,2.277437427406682e-06
gnn_ewc,none,0,BruteForce,task2,detection_rate,0.0
gnn_ewc,none,0,BruteForce,task2,binary_f1,0.0
gnn_ewc,none,0,BruteForce,task2,category_recall,0.0
gnn_ewc,none,0,BruteForce,task3,n,270000.0
gnn_ewc,none,0,BruteForce,task3,n_benign,269993.0
gnn_ewc,none,0,BruteForce,task3,n_attack,7.0
gnn_ewc,none,0,BruteForce,task3,accuracy,0.9999703703703704
gnn_ewc,none,0,BruteForce,task3,macro_f1,0.4999925924828516
gnn_ewc,none,0,BruteForce,task3,fpr,3.7037997281411e-06
gnn_ewc,none,0,BruteForce,task3,detection_rate,0.0
gnn_ewc,none,0,BruteForce,task3,binary_f1,0.0
gnn_ewc,none,0,BruteForce,task3,category_recall,0.0
gnn_ewc,none,0,BruteForce,task4,n,395000.0
gnn_ewc,none,0,BruteForce,task4,n_benign,393444.0
gnn_ewc,none,0,BruteForce,task4,n_attack,1556.0
gnn_ewc,none,0,BruteForce,task4,accuracy,0.9960582278481013
gnn_ewc,none,0,BruteForce,task4,macro_f1,0.499012610930657
gnn_ewc,none,0,BruteForce,task4,fpr,2.5416577708644688e-06
gnn_ewc,none,0,BruteForce,task4,detection_rate,0.0
gnn_ewc,none,0,BruteForce,task4,binary_f1,0.0
gnn_ewc,none,0,BruteForce,task4,category_recall,0.0
gnn_ewc,none,0,BruteForce,task5,n,190000.0
gnn_ewc,none,0,BruteForce,task5,n_benign,185763.0
gnn_ewc,none,0,BruteForce,task5,n_attack,4237.0
gnn_ewc,none,0,BruteForce,task5,accuracy,0.9777
gnn_ewc,none,0,BruteForce,task5,macro_f1,0.4943621378368812
gnn_ewc,none,0,BruteForce,task5,fpr,0.0
gnn_ewc,none,0,BruteForce,task5,detection_rate,0.0
gnn_ewc,none,0,BruteForce,task5,binary_f1,0.0
gnn_ewc,none,0,BruteForce,task5,category_recall,0.0
gnn_ewc,none,0,BruteForce,seen,n,175000.0
gnn_ewc,none,0,BruteForce,seen,n_benign,172109.0
gnn_ewc,none,0,BruteForce,seen,n_attack,2891.0
gnn_ewc,none,0,BruteForce,seen,accuracy,1.0
gnn_ewc,none,0,BruteForce,seen,macro_f1,1.0
gnn_ewc,none,0,BruteForce,seen,fpr,0.0
gnn_ewc,none,0,BruteForce,seen,detection_rate,1.0
gnn_ewc,none,0,BruteForce,seen,binary_f1,1.0
gnn_ewc,none,0,BruteForce,all,n,1895000.0
gnn_ewc,none,0,BruteForce,all,n_benign,1791772.0
gnn_ewc,none,0,BruteForce,all,n_attack,103228.0
gnn_ewc,none,0,BruteForce,all,accuracy,0.9749424802110818
gnn_ewc,none,0,BruteForce,all,macro_f1,0.844119926733349
gnn_ewc,none,0,BruteForce,all,fpr,1.6743201702002264e-06
gnn_ewc,none,0,BruteForce,all,detection_rate,0.5400375867012825
gnn_ewc,none,0,BruteForce,all,binary_f1,0.7013171633810967
gnn_ewc,none,1,DoS,task0,n,175000.0
gnn_ewc,none,1,DoS,task0,n_benign,172109.0
gnn_ewc,none,1,DoS,task0,n_attack,2891.0
gnn_ewc,none,1,DoS,task0,accuracy,0.9999942857142857
gnn_ewc,none,1,DoS,task0,macro_f1,0.9999120871132151
gnn_ewc,none,1,DoS,task0,fpr,5.8102713977769905e-06
gnn_ewc,none,1,DoS,task0,detection_rate,1.0
gnn_ewc,none,1,DoS,task0,binary_f1,0.9998270793705689
gnn_ewc,none,1,DoS,task0,category_recall,1.0
gnn_ewc,none,1,DoS,task1,n,385000.0
gnn_ewc,none,1,DoS,task1,n_benign,331373.0
gnn_ewc,none,1,DoS,task1,n_attack,53627.0
gnn_ewc,none,1,DoS,task1,accuracy,0.9997246753246753
gnn_ewc,none,1,DoS,task1,macro_f1,0.9994254804700113
gnn_ewc,none,1,DoS,task1,fpr,2.715972635066828e-05
gnn_ewc,none,1,DoS,task1,detection_rate,0.9981912096518545
gnn_ewc,none,1,DoS,task1,binary_f1,0.9990108803165183
gnn_ewc,none,1,DoS,task1,category_recall,0.9981912096518545
gnn_ewc,none,1,DoS,task2,n,480000.0
gnn_ewc,none,1,DoS,task2,n_benign,439090.0
gnn_ewc,none,1,DoS,task2,n_attack,40910.0
gnn_ewc,none,1,DoS,task2,accuracy,0.9147666666666666
gnn_ewc,none,1,DoS,task2,macro_f1,0.47774315408317813
gnn_ewc,none,1,DoS,task2,fpr,4.554874854813364e-06
gnn_ewc,none,1,DoS,task2,detection_rate,0.0
gnn_ewc,none,1,DoS,task2,binary_f1,0.0
gnn_ewc,none,1,DoS,task2,category_recall,0.0
gnn_ewc,none,1,DoS,task3,n,270000.0
gnn_ewc,none,1,DoS,task3,n_benign,269993.0
gnn_ewc,none,1,DoS,task3,n_attack,7.0
gnn_ewc,none,1,DoS,task3,accuracy,0.9999481481481481
gnn_ewc,none,1,DoS,task3,macro_f1,0.4999870367009515
gnn_ewc,none,1,DoS,task3,fpr,2.59265980969877e-05
gnn_ewc,none,1,DoS,task3,detection_rate,0.0
gnn_ewc,none,1,DoS,task3,binary_f1,0.0
gnn_ewc,none,1,DoS,task3,category_recall,0.0
gnn_ewc,none,1,DoS,task4,n,395000.0
gnn_ewc,none,1,DoS,task4,n_benign,393444.0
gnn_ewc,none,1,DoS,task4,n_attack,1556.0
gnn_ewc,none,1,DoS,task4,accuracy,0.9960506329113924
gnn_ewc,none,1,DoS,task4,macro_f1,0.4990107046826645
gnn_ewc,none,1,DoS,task4,fpr,1.0166631083457875e-05
gnn_ewc,none,1,DoS,task4,detection_rate,0.0
gnn_ewc,none,1,DoS,task4,binary_f1,0.0
gnn_ewc,none,1,DoS,task4,category_recall,0.0
gnn_ewc,none,1,DoS,task5,n,190000.0
gnn_ewc,none,1,DoS,task5,n_benign,185763.0
gnn_ewc,none,1,DoS,task5,n_attack,4237.0
gnn_ewc,none,1,DoS,task5,accuracy,0.9777
gnn_ewc,none,1,DoS,task5,macro_f1,0.4943621378368812
gnn_ewc,none,1,DoS,task5,fpr,0.0
gnn_ewc,none,1,DoS,task5,detection_rate,0.0
gnn_ewc,none,1,DoS,task5,binary_f1,0.0
gnn_ewc,none,1,DoS,task5,category_recall,0.0
gnn_ewc,none,1,DoS,seen,n,560000.0
gnn_ewc,none,1,DoS,seen,n_benign,503482.0
gnn_ewc,none,1,DoS,seen,n_attack,56518.0
gnn_ewc,none,1,DoS,seen,accuracy,0.9998089285714286
gnn_ewc,none,1,DoS,seen,macro_f1,0.999473209481795
gnn_ewc,none,1,DoS,seen,fpr,1.9861683237931047e-05
gnn_ewc,none,1,DoS,seen,detection_rate,0.9982837326161577
gnn_ewc,none,1,DoS,seen,binary_f1,0.9990526697890199
gnn_ewc,none,1,DoS,all,n,1895000.0
gnn_ewc,none,1,DoS,all,n_benign,1791772.0
gnn_ewc,none,1,DoS,all,n_attack,103228.0
gnn_ewc,none,1,DoS,all,accuracy,0.975287598944591
gnn_ewc,none,1,DoS,all,macro_f1,0.8469057986109858
gnn_ewc,none,1,DoS,all,fpr,1.2836454638201735e-05
gnn_ewc,none,1,DoS,all,detection_rate,0.5465668229550122
gnn_ewc,none,1,DoS,all,binary_f1,0.7067112580790621
gnn_ewc,none,2,DDoS,task0,n,175000.0
gnn_ewc,none,2,DDoS,task0,n_benign,172109.0
gnn_ewc,none,2,DDoS,task0,n_attack,2891.0
gnn_ewc,none,2,DDoS,task0,accuracy,1.0
gnn_ewc,none,2,DDoS,task0,macro_f1,1.0
gnn_ewc,none,2,DDoS,task0,fpr,0.0
gnn_ewc,none,2,DDoS,task0,detection_rate,1.0
gnn_ewc,none,2,DDoS,task0,binary_f1,1.0
gnn_ewc,none,2,DDoS,task0,category_recall,1.0
gnn_ewc,none,2,DDoS,task1,n,385000.0
gnn_ewc,none,2,DDoS,task1,n_benign,331373.0
gnn_ewc,none,2,DDoS,task1,n_attack,53627.0
gnn_ewc,none,2,DDoS,task1,accuracy,0.9992493506493506
gnn_ewc,none,2,DDoS,task1,macro_f1,0.9984314241703502
gnn_ewc,none,2,DDoS,task1,fpr,3.319522109526123e-05
gnn_ewc,none,2,DDoS,task1,detection_rate,0.9948160441568613
gnn_ewc,none,2,DDoS,task1,binary_f1,0.9972987372297569
gnn_ewc,none,2,DDoS,task1,category_recall,0.9948160441568613
gnn_ewc,none,2,DDoS,task2,n,480000.0
gnn_ewc,none,2,DDoS,task2,n_benign,439090.0
gnn_ewc,none,2,DDoS,task2,n_attack,40910.0
gnn_ewc,none,2,DDoS,task2,accuracy,0.9999833333333333
gnn_ewc,none,2,DDoS,task2,macro_f1,0.9999465608762943
gnn_ewc,none,2,DDoS,task2,fpr,1.5942061991846773e-05
gnn_ewc,none,2,DDoS,task2,detection_rate,0.9999755560987533
gnn_ewc,none,2,DDoS,task2,binary_f1,0.9999022315645394
gnn_ewc,none,2,DDoS,task2,category_recall,1.0
gnn_ewc,none,2,DDoS,task3,n,270000.0
gnn_ewc,none,2,DDoS,task3,n_benign,269993.0
gnn_ewc,none,2,DDoS,task3,n_attack,7.0
gnn_ewc,none,2,DDoS,task3,accuracy,0.9999740740740741
gnn_ewc,none,2,DDoS,task3,macro_f1,0.6818117002046675
gnn_ewc,none,2,DDoS,task3,fpr,7.4075994562822e-06
gnn_ewc,none,2,DDoS,task3,detection_rate,0.2857142857142857
gnn_ewc,none,2,DDoS,task3,binary_f1,0.36363636363636365
gnn_ewc,none,2,DDoS,task3,category_recall,0.2857142857142857
gnn_ewc,none,2,DDoS,task4,n,395000.0
gnn_ewc,none,2,DDoS,task4,n_benign,393444.0
gnn_ewc,none,2,DDoS,task4,n_attack,1556.0
gnn_ewc,none,2,DDoS,task4,accuracy,0.9959164556962026
gnn_ewc,none,2,DDoS,task4,macro_f1,0.49897702524267906
gnn_ewc,none,2,DDoS,task4,fpr,0.0001448744929392747
gnn_ewc,none,2,DDoS,task4,detection_rate,0.0
gnn_ewc,none,2,DDoS,task4,binary_f1,0.0
gnn_ewc,none,2,DDoS,task4,category_recall,0.0
gnn_ewc,none,2,DDoS,task5,n,190000.0
gnn_ewc,none,2,DDoS,task5,n_benign,185763.0
gnn_ewc,none,2,DDoS,task5,n_attack,4237.0
gnn_ewc,none,2,DDoS,task5,accuracy,0.9777
gnn_ewc,none,2,DDoS,task5,macro_f1,0.4943621378368812
gnn_ewc,none,2,DDoS,task5,fpr,0.0
gnn_ewc,none,2,DDoS,task5,detection_rate,0.0
gnn_ewc,none,2,DDoS,task5,binary_f1,0.0
gnn_ewc,none,2,DDoS,task5,category_recall,0.0
gnn_ewc,none,2,DDoS,seen,n,1040000.0
gnn_ewc,none,2,DDoS,seen,n_benign,942572.0
gnn_ewc,none,2,DDoS,seen,n_attack,97428.0
gnn_ewc,none,2,DDoS,seen,accuracy,0.999714423076923
gnn_ewc,none,2,DDoS,seen,macro_f1,0.9991581136715284
gnn_ewc,none,2,DDoS,seen,fpr,1.909668439121892e-05
gnn_ewc,none,2,DDoS,seen,detection_rate,0.9971363468407439
gnn_ewc,none,2,DDoS,seen,binary_f1,0.9984737531796809
gnn_ewc,none,2,DDoS,all,n,1895000.0
gnn_ewc,none,2,DDoS,all,n_benign,1791772.0
gnn_ewc,none,2,DDoS,all,n_attack,103228.0
gnn_ewc,none,2,DDoS,all,accuracy,0.9967525065963061
gnn_ewc,none,2,DDoS,all,macro_f1,0.983792786057851
gnn_ewc,none,2,DDoS,all,fpr,4.297421770180581e-05
gnn_ewc,none,2,DDoS,all,detection_rate,0.9411303134808385
gnn_ewc,none,2,DDoS,all,binary_f1,0.9692999960090992
gnn_ewc,none,3,WebAttack,task0,n,175000.0
gnn_ewc,none,3,WebAttack,task0,n_benign,172109.0
gnn_ewc,none,3,WebAttack,task0,n_attack,2891.0
gnn_ewc,none,3,WebAttack,task0,accuracy,0.9999942857142857
gnn_ewc,none,3,WebAttack,task0,macro_f1,0.9999120871132151
gnn_ewc,none,3,WebAttack,task0,fpr,5.8102713977769905e-06
gnn_ewc,none,3,WebAttack,task0,detection_rate,1.0
gnn_ewc,none,3,WebAttack,task0,binary_f1,0.9998270793705689
gnn_ewc,none,3,WebAttack,task0,category_recall,1.0
gnn_ewc,none,3,WebAttack,task1,n,385000.0
gnn_ewc,none,3,WebAttack,task1,n_benign,331373.0
gnn_ewc,none,3,WebAttack,task1,n_attack,53627.0
gnn_ewc,none,3,WebAttack,task1,accuracy,0.9982779220779221
gnn_ewc,none,3,WebAttack,task1,macro_f1,0.9963906874675948
gnn_ewc,none,3,WebAttack,task1,fpr,2.1124231606075328e-05
gnn_ewc,none,3,WebAttack,task1,detection_rate,0.9877673559960468
gnn_ewc,none,3,WebAttack,task1,binary_f1,0.993780779513156
gnn_ewc,none,3,WebAttack,task1,category_recall,0.9877673559960468
gnn_ewc,none,3,WebAttack,task2,n,480000.0
gnn_ewc,none,3,WebAttack,task2,n_benign,439090.0
gnn_ewc,none,3,WebAttack,task2,n_attack,40910.0
gnn_ewc,none,3,WebAttack,task2,accuracy,0.9999270833333334
gnn_ewc,none,3,WebAttack,task2,macro_f1,0.9997662737676469
gnn_ewc,none,3,WebAttack,task2,fpr,7.743287253182719e-05
gnn_ewc,none,3,WebAttack,task2,detection_rate,0.9999755560987533
gnn_ewc,none,3,WebAttack,task2,binary_f1,0.9995724041879955
gnn_ewc,none,3,WebAttack,task2,category_recall,0.9999755537085024
gnn_ewc,none,3,WebAttack,task3,n,270000.0
gnn_ewc,none,3,WebAttack,task3,n_benign,269993.0
gnn_ewc,none,3,WebAttack,task3,n_attack,7.0
gnn_ewc,none,3,WebAttack,task3,accuracy,0.9998962962962963
gnn_ewc,none,3,WebAttack,task3,macro_f1,0.666640738724123
gnn_ewc,none,3,WebAttack,task3,fpr,0.0001037063923879508
gnn_ewc,none,3,WebAttack,task3,detection_rate,1.0
gnn_ewc,none,3,WebAttack,task3,binary_f1,0.3333333333333333
gnn_ewc,none,3,WebAttack,task3,category_recall,1.0
gnn_ewc,none,3,WebAttack,task4,n,395000.0
gnn_ewc,none,3,WebAttack,task4,n_benign,393444.0
gnn_ewc,none,3,WebAttack,task4,n_attack,1556.0
gnn_ewc,none,3,WebAttack,task4,accuracy,0.9960379746835443
gnn_ewc,none,3,WebAttack,task4,macro_f1,0.4990075275704402
gnn_ewc,none,3,WebAttack,task4,fpr,2.2874919937780217e-05
gnn_ewc,none,3,WebAttack,task4,detection_rate,0.0
gnn_ewc,none,3,WebAttack,task4,binary_f1,0.0
gnn_ewc,none,3,WebAttack,task4,category_recall,0.0
gnn_ewc,none,3,WebAttack,task5,n,190000.0
gnn_ewc,none,3,WebAttack,task5,n_benign,185763.0
gnn_ewc,none,3,WebAttack,task5,n_attack,4237.0
gnn_ewc,none,3,WebAttack,task5,accuracy,0.9776947368421053
gnn_ewc,none,3,WebAttack,task5,macro_f1,0.49436079220357565
gnn_ewc,none,3,WebAttack,task5,fpr,5.383203328972938e-06
gnn_ewc,none,3,WebAttack,task5,detection_rate,0.0
gnn_ewc,none,3,WebAttack,task5,binary_f1,0.0
gnn_ewc,none,3,WebAttack,task5,category_recall,0.0
gnn_ewc,none,3,WebAttack,seen,n,1310000.0
gnn_ewc,none,3,WebAttack,seen,n_benign,1212565.0
gnn_ewc,none,3,WebAttack,seen,n_attack,97435.0
gnn_ewc,none,3,WebAttack,seen,accuracy,0.999445038167939
gnn_ewc,none,3,WebAttack,seen,macro_f1,0.997979165378645
gnn_ewc,none,3,WebAttack,seen,fpr,5.7728864019660804e-05
gnn_ewc,none,3,WebAttack,seen,detection_rate,0.9932570431569765
gnn_ewc,none,3,WebAttack,seen,binary_f1,0.9962580359578553
gnn_ewc,none,3,WebAttack,all,n,1895000.0
gnn_ewc,none,3,WebAttack,all,n_benign,1791772.0
gnn_ewc,none,3,WebAttack,all,n_attack,103228.0
gnn_ewc,none,3,WebAttack,all,accuracy,0.9965540897097626
gnn_ewc,none,3,WebAttack,all,macro_f1,0.9827725241934293
gnn_ewc,none,3,WebAttack,all,fpr,4.464853787200604e-05
gnn_ewc,none,3,WebAttack,all,detection_rate,0.9375169527647538
gnn_ewc,none,3,WebAttack,all,binary_f1,0.9673640334656098
gnn_ewc,none,4,Infiltration,task0,n,175000.0
gnn_ewc,none,4,Infiltration,task0,n_benign,172109.0
gnn_ewc,none,4,Infiltration,task0,n_attack,2891.0
gnn_ewc,none,4,Infiltration,task0,accuracy,0.9477828571428571
gnn_ewc,none,4,Infiltration,task0,macro_f1,0.48659574842604925
gnn_ewc,none,4,Infiltration,task0,fpr,0.03629676542191286
gnn_ewc,none,4,Infiltration,task0,detection_rate,0.0
gnn_ewc,none,4,Infiltration,task0,binary_f1,0.0
gnn_ewc,none,4,Infiltration,task0,category_recall,0.0
gnn_ewc,none,4,Infiltration,task1,n,385000.0
gnn_ewc,none,4,Infiltration,task1,n_benign,331373.0
gnn_ewc,none,4,Infiltration,task1,n_attack,53627.0
gnn_ewc,none,4,Infiltration,task1,accuracy,0.8530623376623376
gnn_ewc,none,4,Infiltration,task1,macro_f1,0.4603527470848536
gnn_ewc,none,4,Infiltration,task1,fpr,0.008884248264040825
gnn_ewc,none,4,Infiltration,task1,detection_rate,0.0
gnn_ewc,none,4,Infiltration,task1,binary_f1,0.0
gnn_ewc,none,4,Infiltration,task1,category_recall,0.0
gnn_ewc,none,4,Infiltration,task2,n,480000.0
gnn_ewc,none,4,Infiltration,task2,n_benign,439090.0
gnn_ewc,none,4,Infiltration,task2,n_attack,40910.0
gnn_ewc,none,4,Infiltration,task2,accuracy,0.9148979166666666
gnn_ewc,none,4,Infiltration,task2,macro_f1,0.4794105345467844
gnn_ewc,none,4,Infiltration,task2,fpr,1.3664624564440091e-05
gnn_ewc,none,4,Infiltration,task2,detection_rate,0.0016377413835248105
gnn_ewc,none,4,Infiltration,task2,binary_f1,0.0032696483907961836
gnn_ewc,none,4,Infiltration,task2,category_recall,0.0016379015303378478
gnn_ewc,none,4,Infiltration,task3,n,270000.0
gnn_ewc,none,4,Infiltration,task3,n_benign,269993.0
gnn_ewc,none,4,Infiltration,task3,n_attack,7.0
gnn_ewc,none,4,Infiltration,task3,accuracy,0.9999592592592592
gnn_ewc,none,4,Infiltration,task3,macro_f1,0.4999898146073346
gnn_ewc,none,4,Infiltration,task3,fpr,1.48151989125644e-05
gnn_ewc,none,4,Infiltration,task3,detection_rate,0.0
gnn_ewc,none,4,Infiltration,task3,binary_f1,0.0
gnn_ewc,none,4,Infiltration,task3,category_recall,0.0
gnn_ewc,none,4,Infiltration,task4,n,395000.0
gnn_ewc,none,4,Infiltration,task4,n_benign,393444.0
gnn_ewc,none,4,Infiltration,task4,n_attack,1556.0
gnn_ewc,none,4,Infiltration,task4,accuracy,0.9999037974683544
gnn_ewc,none,4,Infiltration,task4,macro_f1,0.9938861104159498
gnn_ewc,none,4,Infiltration,task4,fpr,5.845812872988278e-05
gnn_ewc,none,4,Infiltration,task4,detection_rate,0.9903598971722365
gnn_ewc,none,4,Infiltration,task4,binary_f1,0.9878205128205129
gnn_ewc,none,4,Infiltration,task4,category_recall,0.9903598971722365
gnn_ewc,none,4,Infiltration,task5,n,190000.0
gnn_ewc,none,4,Infiltration,task5,n_benign,185763.0
gnn_ewc,none,4,Infiltration,task5,n_attack,4237.0
gnn_ewc,none,4,Infiltration,task5,accuracy,0.9777
gnn_ewc,none,4,Infiltration,task5,macro_f1,0.4943621378368812
gnn_ewc,none,4,Infiltration,task5,fpr,0.0
gnn_ewc,none,4,Infiltration,task5,detection_rate,0.0
gnn_ewc,none,4,Infiltration,task5,binary_f1,0.0
gnn_ewc,none,4,Infiltration,task5,category_recall,0.0
gnn_ewc,none,4,Infiltration,seen,n,1705000.0
gnn_ewc,none,4,Infiltration,seen,n_benign,1606009.0
gnn_ewc,none,4,Infiltration,seen,n_attack,98991.0
gnn_ewc,none,4,Infiltration,seen,accuracy,0.9374739002932552
gnn_ewc,none,4,Infiltration,seen,macro_f1,0.4984900322730484
gnn_ewc,none,4,Infiltration,seen,fpr,0.005743429831339675
gnn_ewc,none,4,Infiltration,seen,detection_rate,0.016243900960693395
gnn_ewc,none,4,Infiltration,seen,binary_f1,0.029283483423326626
gnn_ewc,none,4,Infiltration,all,n,1895000.0
gnn_ewc,none,4,Infiltration,all,n_benign,1791772.0
gnn_ewc,none,4,Infiltration,all,n_attack,103228.0
gnn_ewc,none,4,Infiltration,all,accuracy,0.9415071240105541
gnn_ewc,none,4,Infiltration,all,macro_f1,0.49902088333354605
gnn_ewc,none,4,Infiltration,all,fpr,0.005147976416642296
gnn_ewc,none,4,Infiltration,all,detection_rate,0.015577168985159066
gnn_ewc,none,4,Infiltration,all,binary_f1,0.02819568648079958
gnn_ewc,none,5,Botnet,task0,n,175000.0
gnn_ewc,none,5,Botnet,task0,n_benign,172109.0
gnn_ewc,none,5,Botnet,task0,n_attack,2891.0
gnn_ewc,none,5,Botnet,task0,accuracy,0.9834514285714285
gnn_ewc,none,5,Botnet,task0,macro_f1,0.49582833963307826
gnn_ewc,none,5,Botnet,task0,fpr,2.905135698888495e-05
gnn_ewc,none,5,Botnet,task0,detection_rate,0.0
gnn_ewc,none,5,Botnet,task0,binary_f1,0.0
gnn_ewc,none,5,Botnet,task0,category_recall,0.0
gnn_ewc,none,5,Botnet,task1,n,385000.0
gnn_ewc,none,5,Botnet,task1,n_benign,331373.0
gnn_ewc,none,5,Botnet,task1,n_attack,53627.0
gnn_ewc,none,5,Botnet,task1,accuracy,0.8606961038961038
gnn_ewc,none,5,Botnet,task1,macro_f1,0.4625667254818752
gnn_ewc,none,5,Botnet,task1,fpr,1.5088736861482377e-05
gnn_ewc,none,5,Botnet,task1,detection_rate,0.0
gnn_ewc,none,5,Botnet,task1,binary_f1,0.0
gnn_ewc,none,5,Botnet,task1,category_recall,0.0
gnn_ewc,none,5,Botnet,task2,n,480000.0
gnn_ewc,none,5,Botnet,task2,n_benign,439090.0
gnn_ewc,none,5,Botnet,task2,n_attack,40910.0
gnn_ewc,none,5,Botnet,task2,accuracy,0.9147645833333333
gnn_ewc,none,5,Botnet,task2,macro_f1,0.47791328304262903
gnn_ewc,none,5,Botnet,task2,fpr,2.277437427406682e-05
gnn_ewc,none,5,Botnet,task2,detection_rate,0.00017110730872647276
gnn_ewc,none,5,Botnet,task2,binary_f1,0.0003420724704962494
gnn_ewc,none,5,Botnet,task2,category_recall,0.00017112404048305873
gnn_ewc,none,5,Botnet,task3,n,270000.0
gnn_ewc,none,5,Botnet,task3,n_benign,269993.0
gnn_ewc,none,5,Botnet,task3,n_attack,7.0
gnn_ewc,none,5,Botnet,task3,accuracy,0.9999481481481481
gnn_ewc,none,5,Botnet,task3,macro_f1,0.4999870367009515
gnn_ewc,none,5,Botnet,task3,fpr,2.59265980969877e-05
gnn_ewc,none,5,Botnet,task3,detection_rate,0.0
gnn_ewc,none,5,Botnet,task3,binary_f1,0.0
gnn_ewc,none,5,Botnet,task3,category_recall,0.0
gnn_ewc,none,5,Botnet,task4,n,395000.0
gnn_ewc,none,5,Botnet,task4,n_benign,393444.0
gnn_ewc,none,5,Botnet,task4,n_attack,1556.0
gnn_ewc,none,5,Botnet,task4,accuracy,0.9997949367088608
gnn_ewc,none,5,Botnet,task4,macro_f1,0.986656773292057
gnn_ewc,none,5,Botnet,task4,fpr,2.033326216691575e-05
gnn_ewc,none,5,Botnet,task4,detection_rate,0.9530848329048843
gnn_ewc,none,5,Botnet,task4,binary_f1,0.9734164752215294
gnn_ewc,none,5,Botnet,task4,category_recall,0.9530848329048843
gnn_ewc,none,5,Botnet,task5,n,190000.0
gnn_ewc,none,5,Botnet,task5,n_benign,185763.0
gnn_ewc,none,5,Botnet,task5,n_attack,4237.0
gnn_ewc,none,5,Botnet,task5,accuracy,0.9999894736842105
gnn_ewc,none,5,Botnet,task5,macro_f1,0.9998793282045162
gnn_ewc,none,5,Botnet,task5,fpr,1.0766406657945876e-05
gnn_ewc,none,5,Botnet,task5,detection_rate,1.0
gnn_ewc,none,5,Botnet,task5,binary_f1,0.9997640396413403
gnn_ewc,none,5,Botnet,task5,category_recall,1.0
gnn_ewc,none,5,Botnet,seen,n,1895000.0
gnn_ewc,none,5,Botnet,seen,n_benign,1791772.0
gnn_ewc,none,5,Botnet,seen,n_attack,103228.0
gnn_ewc,none,5,Botnet,seen,accuracy,0.9485287598944591
gnn_ewc,none,5,Botnet,seen,macro_f1,0.5392963242992859
gnn_ewc,none,5,Botnet,seen,fpr,2.064994876580279e-05
gnn_ewc,none,5,Botnet,seen,detection_rate,0.05547913356841167
gnn_ewc,none,5,Botnet,seen,binary_f1,0.10509028185554903
gnn_ewc,none,5,Botnet,all,n,1895000.0
gnn_ewc,none,5,Botnet,all,n_benign,1791772.0
gnn_ewc,none,5,Botnet,all,n_attack,103228.0
gnn_ewc,none,5,Botnet,all,accuracy,0.9485287598944591
gnn_ewc,none,5,Botnet,all,macro_f1,0.5392963242992859
gnn_ewc,none,5,Botnet,all,fpr,2.064994876580279e-05
gnn_ewc,none,5,Botnet,all,detection_rate,0.05547913356841167
gnn_ewc,none,5,Botnet,all,binary_f1,0.10509028185554903
gnn_replay,none,0,BruteForce,task0,n,175000.0
gnn_replay,none,0,BruteForce,task0,n_benign,172109.0
gnn_replay,none,0,BruteForce,task0,n_attack,2891.0
gnn_replay,none,0,BruteForce,task0,accuracy,1.0
gnn_replay,none,0,BruteForce,task0,macro_f1,1.0
gnn_replay,none,0,BruteForce,task0,fpr,0.0
gnn_replay,none,0,BruteForce,task0,detection_rate,1.0
gnn_replay,none,0,BruteForce,task0,binary_f1,1.0
gnn_replay,none,0,BruteForce,task0,category_recall,1.0
gnn_replay,none,0,BruteForce,task1,n,385000.0
gnn_replay,none,0,BruteForce,task1,n_benign,331373.0
gnn_replay,none,0,BruteForce,task1,n_attack,53627.0
gnn_replay,none,0,BruteForce,task1,accuracy,0.9979974025974025
gnn_replay,none,0,BruteForce,task1,macro_f1,0.9957987088920305
gnn_replay,none,0,BruteForce,task1,fpr,0.0
gnn_replay,none,0,BruteForce,task1,detection_rate,0.9856229138307196
gnn_replay,none,0,BruteForce,task1,binary_f1,0.9927594076049698
gnn_replay,none,0,BruteForce,task1,category_recall,0.9856229138307196
gnn_replay,none,0,BruteForce,task2,n,480000.0
gnn_replay,none,0,BruteForce,task2,n_benign,439090.0
gnn_replay,none,0,BruteForce,task2,n_attack,40910.0
gnn_replay,none,0,BruteForce,task2,accuracy,0.91476875
gnn_replay,none,0,BruteForce,task2,macro_f1,0.47774372231633716
gnn_replay,none,0,BruteForce,task2,fpr,2.277437427406682e-06
gnn_replay,none,0,BruteForce,task2,detection_rate,0.0
gnn_replay,none,0,BruteForce,task2,binary_f1,0.0
gnn_replay,none,0,BruteForce,task2,category_recall,0.0
gnn_replay,none,0,BruteForce,task3,n,270000.0
gnn_replay,none,0,BruteForce,task3,n_benign,269993.0
gnn_replay,none,0,BruteForce,task3,n_attack,7.0
gnn_replay,none,0,BruteForce,task3,accuracy,0.9999703703703704
gnn_replay,none,0,BruteForce,task3,macro_f1,0.4999925924828516
gnn_replay,none,0,BruteForce,task3,fpr,3.7037997281411e-06
gnn_replay,none,0,BruteForce,task3,detection_rate,0.0
gnn_replay,none,0,BruteForce,task3,binary_f1,0.0
gnn_replay,none,0,BruteForce,task3,category_recall,0.0
gnn_replay,none,0,BruteForce,task4,n,395000.0
gnn_replay,none,0,BruteForce,task4,n_benign,393444.0
gnn_replay,none,0,BruteForce,task4,n_attack,1556.0
gnn_replay,none,0,BruteForce,task4,accuracy,0.9960582278481013
gnn_replay,none,0,BruteForce,task4,macro_f1,0.499012610930657
gnn_replay,none,0,BruteForce,task4,fpr,2.5416577708644688e-06
gnn_replay,none,0,BruteForce,task4,detection_rate,0.0
gnn_replay,none,0,BruteForce,task4,binary_f1,0.0
gnn_replay,none,0,BruteForce,task4,category_recall,0.0
gnn_replay,none,0,BruteForce,task5,n,190000.0
gnn_replay,none,0,BruteForce,task5,n_benign,185763.0
gnn_replay,none,0,BruteForce,task5,n_attack,4237.0
gnn_replay,none,0,BruteForce,task5,accuracy,0.9777
gnn_replay,none,0,BruteForce,task5,macro_f1,0.4943621378368812
gnn_replay,none,0,BruteForce,task5,fpr,0.0
gnn_replay,none,0,BruteForce,task5,detection_rate,0.0
gnn_replay,none,0,BruteForce,task5,binary_f1,0.0
gnn_replay,none,0,BruteForce,task5,category_recall,0.0
gnn_replay,none,0,BruteForce,seen,n,175000.0
gnn_replay,none,0,BruteForce,seen,n_benign,172109.0
gnn_replay,none,0,BruteForce,seen,n_attack,2891.0
gnn_replay,none,0,BruteForce,seen,accuracy,1.0
gnn_replay,none,0,BruteForce,seen,macro_f1,1.0
gnn_replay,none,0,BruteForce,seen,fpr,0.0
gnn_replay,none,0,BruteForce,seen,detection_rate,1.0
gnn_replay,none,0,BruteForce,seen,binary_f1,1.0
gnn_replay,none,0,BruteForce,all,n,1895000.0
gnn_replay,none,0,BruteForce,all,n_benign,1791772.0
gnn_replay,none,0,BruteForce,all,n_attack,103228.0
gnn_replay,none,0,BruteForce,all,accuracy,0.9749424802110818
gnn_replay,none,0,BruteForce,all,macro_f1,0.844119926733349
gnn_replay,none,0,BruteForce,all,fpr,1.6743201702002264e-06
gnn_replay,none,0,BruteForce,all,detection_rate,0.5400375867012825
gnn_replay,none,0,BruteForce,all,binary_f1,0.7013171633810967
gnn_replay,none,1,DoS,task0,n,175000.0
gnn_replay,none,1,DoS,task0,n_benign,172109.0
gnn_replay,none,1,DoS,task0,n_attack,2891.0
gnn_replay,none,1,DoS,task0,accuracy,1.0
gnn_replay,none,1,DoS,task0,macro_f1,1.0
gnn_replay,none,1,DoS,task0,fpr,0.0
gnn_replay,none,1,DoS,task0,detection_rate,1.0
gnn_replay,none,1,DoS,task0,binary_f1,1.0
gnn_replay,none,1,DoS,task0,category_recall,1.0
gnn_replay,none,1,DoS,task1,n,385000.0
gnn_replay,none,1,DoS,task1,n_benign,331373.0
gnn_replay,none,1,DoS,task1,n_attack,53627.0
gnn_replay,none,1,DoS,task1,accuracy,0.999974025974026
gnn_replay,none,1,DoS,task1,macro_f1,0.9999458390166416
gnn_replay,none,1,DoS,task1,fpr,2.1124231606075328e-05
gnn_replay,none,1,DoS,task1,detection_rate,0.9999440580304697
gnn_replay,none,1,DoS,task1,binary_f1,0.9999067668612132
gnn_replay,none,1,DoS,task1,category_recall,0.9999440580304697
gnn_replay,none,1,DoS,task2,n,480000.0
gnn_replay,none,1,DoS,task2,n_benign,439090.0
gnn_replay,none,1,DoS,task2,n_attack,40910.0
gnn_replay,none,1,DoS,task2,accuracy,0.9613479166666666
gnn_replay,none,1,DoS,task2,macro_f1,0.8430398270992538
gnn_replay,none,1,DoS,task2,fpr,4.554874854813364e-06
gnn_replay,none,1,DoS,task2,detection_rate,0.5465411879736006
gnn_replay,none,1,DoS,task2,binary_f1,0.7067692939893474
gnn_replay,none,1,DoS,task2,category_recall,0.5465946315943871
gnn_replay,none,1,DoS,task3,n,270000.0
gnn_replay,none,1,DoS,task3,n_benign,269993.0
gnn_replay,none,1,DoS,task3,n_attack,7.0
gnn_replay,none,1,DoS,task3,accuracy,0.9999592592592592
gnn_replay,none,1,DoS,task3,macro_f1,0.4999898146073346
gnn_replay,none,1,DoS,task3,fpr,1.48151989125644e-05
gnn_replay,none,1,DoS,task3,detection_rate,0.0
gnn_replay,none,1,DoS,task3,binary_f1,0.0
gnn_replay,none,1,DoS,task3,category_recall,0.0
gnn_replay,none,1,DoS,task4,n,395000.0
gnn_replay,none,1,DoS,task4,n_benign,393444.0
gnn_replay,none,1,DoS,task4,n_attack,1556.0
gnn_replay,none,1,DoS,task4,accuracy,0.9960582278481013
gnn_replay,none,1,DoS,task4,macro_f1,0.499012610930657
gnn_replay,none,1,DoS,task4,fpr,2.5416577708644688e-06
gnn_replay,none,1,DoS,task4,detection_rate,0.0
gnn_replay,none,1,DoS,task4,binary_f1,0.0
gnn_replay,none,1,DoS,task4,category_recall,0.0
gnn_replay,none,1,DoS,task5,n,190000.0
gnn_replay,none,1,DoS,task5,n_benign,185763.0
gnn_replay,none,1,DoS,task5,n_attack,4237.0
gnn_replay,none,1,DoS,task5,accuracy,0.9777
gnn_replay,none,1,DoS,task5,macro_f1,0.4943621378368812
gnn_replay,none,1,DoS,task5,fpr,0.0
gnn_replay,none,1,DoS,task5,detection_rate,0.0
gnn_replay,none,1,DoS,task5,binary_f1,0.0
gnn_replay,none,1,DoS,task5,category_recall,0.0
gnn_replay,none,1,DoS,seen,n,560000.0
gnn_replay,none,1,DoS,seen,n_benign,503482.0
gnn_replay,none,1,DoS,seen,n_attack,56518.0
gnn_replay,none,1,DoS,seen,accuracy,0.9999821428571428
gnn_replay,none,1,DoS,seen,macro_f1,0.9999508024292467
gnn_replay,none,1,DoS,seen,fpr,1.3903178266551733e-05
gnn_replay,none,1,DoS,seen,detection_rate,0.9999469195654481
gnn_replay,none,1,DoS,seen,binary_f1,0.9999115357395613
gnn_replay,none,1,DoS,all,n,1895000.0
gnn_replay,none,1,DoS,all,n_benign,1791772.0
gnn_replay,none,1,DoS,all,n_attack,103228.0
gnn_replay,none,1,DoS,all,accuracy,0.9871408970976253
gnn_replay,none,1,DoS,all,macro_f1,0.9297205374461055
gnn_replay,none,1,DoS,all,fpr,7.813494127601056e-06
gnn_replay,none,1,DoS,all,detection_rate,0.7640756383926841
gnn_replay,none,1,DoS,all,binary_f1,0.8661951723077599
gnn_replay,none,2,DDoS,task0,n,175000.0
gnn_replay,none,2,DDoS,task0,n_benign,172109.0
gnn_replay,none,2,DDoS,task0,n_attack,2891.0
gnn_replay,none,2,DDoS,task0,accuracy,1.0
gnn_replay,none,2,DDoS,task0,macro_f1,1.0
gnn_replay,none,2,DDoS,task0,fpr,0.0
gnn_replay,none,2,DDoS,task0,detection_rate,1.0
gnn_replay,none,2,DDoS,task0,binary_f1,1.0
gnn_replay,none,2,DDoS,task0,category_recall,1.0
gnn_replay,none,2,DDoS,task1,n,385000.0
gnn_replay,none,2,DDoS,task1,n_benign,331373.0
gnn_replay,none,2,DDoS,task1,n_attack,53627.0
gnn_replay,none,2,DDoS,task1,accuracy,0.9999792207792207
gnn_replay,none,2,DDoS,task1,macro_f1,0.9999566718904799
gnn_replay,none,2,DDoS,task1,fpr,2.1124231606075328e-05
gnn_replay,none,2,DDoS,task1,detection_rate,0.9999813526768232
gnn_replay,none,2,DDoS,task1,binary_f1,0.9999254148797315
gnn_replay,none,2,DDoS,task1,category_recall,0.9999813526768232
gnn_replay,none,2,DDoS,task2,n,480000.0
gnn_replay,none,2,DDoS,task2,n_benign,439090.0
gnn_replay,none,2,DDoS,task2,n_attack,40910.0
gnn_replay,none,2,DDoS,task2,accuracy,0.9999895833333333
gnn_replay,none,2,DDoS,task2,macro_f1,0.9999665972160208
gnn_replay,none,2,DDoS,task2,fpr,2.277437427406682e-06
gnn_replay,none,2,DDoS,task2,detection_rate,0.9999022243950134
gnn_replay,none,2,DDoS,task2,binary_f1,0.99993888800616
gnn_replay,none,2,DDoS,task2,category_recall,1.0
gnn_replay,none,2,DDoS,task3,n,270000.0
gnn_replay,none,2,DDoS,task3,n_benign,269993.0
gnn_replay,none,2,DDoS,task3,n_attack,7.0
gnn_replay,none,2,DDoS,task3,accuracy,0.9999740740740741
gnn_replay,none,2,DDoS,task3,macro_f1,0.49999351843449824
gnn_replay,none,2,DDoS,task3,fpr,0.0
gnn_replay,none,2,DDoS,task3,detection_rate,0.0
gnn_replay,none,2,DDoS,task3,binary_f1,0.0
gnn_replay,none,2,DDoS,task3,category_recall,0.0
gnn_replay,none,2,DDoS,task4,n,395000.0
gnn_replay,none,2,DDoS,task4,n_benign,393444.0
gnn_replay,none,2,DDoS,task4,n_attack,1556.0
gnn_replay,none,2,DDoS,task4,accuracy,0.9960227848101266
gnn_replay,none,2,DDoS,task4,macro_f1,0.4990037149825793
gnn_replay,none,2,DDoS,task4,fpr,3.812486656296703e-05
gnn_replay,none,2,DDoS,task4,detection_rate,0.0
gnn_replay,none,2,DDoS,task4,binary_f1,0.0
gnn_replay,none,2,DDoS,task4,category_recall,0.0
gnn_replay,none,2,DDoS,task5,n,190000.0
gnn_replay,none,2,DDoS,task5,n_benign,185763.0
gnn_replay,none,2,DDoS,task5,n_attack,4237.0
gnn_replay,none,2,DDoS,task5,accuracy,0.9777
gnn_replay,none,2,DDoS,task5,macro_f1,0.4943621378368812
gnn_replay,none,2,DDoS,task5,fpr,0.0
gnn_replay,none,2,DDoS,task5,detection_rate,0.0
gnn_replay,none,2,DDoS,task5,binary_f1,0.0
gnn_replay,none,2,DDoS,task5,category_recall,0.0
gnn_replay,none,2,DDoS,seen,n,1040000.0
gnn_replay,none,2,DDoS,seen,n_benign,942572.0
gnn_replay,none,2,DDoS,seen,n_attack,97428.0
gnn_replay,none,2,DDoS,seen,accuracy,0.9999875
gnn_replay,none,2,DDoS,seen,macro_f1,0.9999631945287153
gnn_replay,none,2,DDoS,seen,fpr,8.487415284986187e-06
gnn_replay,none,2,DDoS,seen,detection_rate,0.9999486800509094
gnn_replay,none,2,DDoS,seen,binary_f1,0.9999332850933239
gnn_replay,none,2,DDoS,all,n,1895000.0
gnn_replay,none,2,DDoS,all,n_benign,1791772.0
gnn_replay,none,2,DDoS,all,n_attack,103228.0
gnn_replay,none,2,DDoS,all,accuracy,0.9969245382585752
gnn_replay,none,2,DDoS,all,macro_f1,0.9846670844013359
gnn_replay,none,2,DDoS,all,fpr,1.2836454638201735e-05
gnn_replay,none,2,DDoS,all,detection_rate,0.9437652574882783
gnn_replay,none,2,DDoS,all,binary_f1,0.9709578719714562
gnn_replay,none,3,WebAttack,task0,n,175000.0
gnn_replay,none,3,WebAttack,task0,n_benign,172109.0
gnn_replay,none,3,WebAttack,task0,n_attack,2891.0
gnn_replay,none,3,WebAttack,task0,accuracy,0.9999942857142857
gnn_replay,none,3,WebAttack,task0,macro_f1,0.9999120871132151
gnn_replay,none,3,WebAttack,task0,fpr,5.8102713977769905e-06
gnn_replay,none,3,WebAttack,task0,detection_rate,1.0
gnn_replay,none,3,WebAttack,task0,binary_f1,0.9998270793705689
gnn_replay,none,3,WebAttack,task0,category_recall,1.0
gnn_replay,none,3,WebAttack,task1,n,385000.0
gnn_replay,none,3,WebAttack,task1,n_benign,331373.0
gnn_replay,none,3,WebAttack,task1,n_attack,53627.0
gnn_replay,none,3,WebAttack,task1,accuracy,0.999561038961039
gnn_replay,none,3,WebAttack,task1,macro_f1,0.9990845577652963
gnn_replay,none,3,WebAttack,task1,fpr,0.0002353842950391251
gnn_replay,none,3,WebAttack,task1,detection_rate,0.9983030935909151
gnn_replay,none,3,WebAttack,task1,binary_f1,0.9984241101817402
gnn_replay,none,3,WebAttack,task1,category_recall,0.9983030935909151
gnn_replay,none,3,WebAttack,task2,n,480000.0
gnn_replay,none,3,WebAttack,task2,n_benign,439090.0
gnn_replay,none,3,WebAttack,task2,n_attack,40910.0
gnn_replay,none,3,WebAttack,task2,accuracy,0.9999395833333333
gnn_replay,none,3,WebAttack,task2,macro_f1,0.9998063325397263
gnn_replay,none,3,WebAttack,task2,fpr,6.604568539479377e-05
gnn_replay,none,3,WebAttack,task2,detection_rate,1.0
gnn_replay,none,3,WebAttack,task2,binary_f1,0.9996456890126941
gnn_replay,none,3,WebAttack,task2,category_recall,1.0
gnn_replay,none,3,WebAttack,task3,n,270000.0
gnn_replay,none,3,WebAttack,task3,n_benign,269993.0
gnn_replay,none,3,WebAttack,task3,n_attack,7.0
gnn_replay,none,3,WebAttack,task3,accuracy,0.9998851851851852
gnn_replay,none,3,WebAttack,task3,macro_f1,0.6555268494596772
gnn_replay,none,3,WebAttack,task3,fpr,0.0001148177915723741
gnn_replay,none,3,WebAttack,task3,detection_rate,1.0
gnn_replay,none,3,WebAttack,task3,binary_f1,0.3111111111111111
gnn_replay,none,3,WebAttack,task3,category_recall,1.0
gnn_replay,none,3,WebAttack,task4,n,395000.0
gnn_replay,none,3,WebAttack,task4,n_benign,393444.0
gnn_replay,none,3,WebAttack,task4,n_attack,1556.0
gnn_replay,none,3,WebAttack,task4,accuracy,0.9960227848101266
gnn_replay,none,3,WebAttack,task4,macro_f1,0.4990037149825793
gnn_replay,none,3,WebAttack,task4,fpr,3.812486656296703e-05
gnn_replay,none,3,WebAttack,task4,detection_rate,0.0
gnn_replay,none,3,WebAttack,task4,binary_f1,0.0
gnn_replay,none,3,WebAttack,task4,category_recall,0.0
gnn_replay,none,3,WebAttack,task5,n,190000.0
gnn_replay,none,3,WebAttack,task5,n_benign,185763.0
gnn_replay,none,3,WebAttack,task5,n_attack,4237.0
gnn_replay,none,3,WebAttack,task5,accuracy,0.9776842105263158
gnn_replay,none,3,WebAttack,task5,macro_f1,0.49435810091547794
gnn_replay,none,3,WebAttack,task5,fpr,1.6149609986918816e-05
gnn_replay,none,3,WebAttack,task5,detection_rate,0.0
gnn_replay,none,3,WebAttack,task5,binary_f1,0.0
gnn_replay,none,3,WebAttack,task5,category_recall,0.0
gnn_replay,none,3,WebAttack,seen,n,1310000.0
gnn_replay,none,3,WebAttack,seen,n_benign,1212565.0
gnn_replay,none,3,WebAttack,seen,n_attack,97435.0
gnn_replay,none,3,WebAttack,seen,accuracy,0.999824427480916
gnn_replay,none,3,WebAttack,seen,macro_f1,0.9993625872342917
gnn_replay,none,3,WebAttack,seen,fpr,0.00011463302998189788
gnn_replay,none,3,WebAttack,seen,detection_rate,0.999066044029353
gnn_replay,none,3,WebAttack,seen,binary_f1,0.9988200166223745
gnn_replay,none,3,WebAttack,all,n,1895000.0
gnn_replay,none,3,WebAttack,all,n_benign,1791772.0
gnn_replay,none,3,WebAttack,all,n_attack,103228.0
gnn_replay,none,3,WebAttack,all,accuracy,0.9968121372031662
gnn_replay,none,3,WebAttack,all,macro_f1,0.984110812900842
gnn_replay,none,3,WebAttack,all,fpr,8.762275557381185e-05
gnn_replay,none,3,WebAttack,all,detection_rate,0.9429999612508234
gnn_replay,none,3,WebAttack,all,binary_f1,0.969904697378057
gnn_replay,none,4,Infiltration,task0,n,175000.0
gnn_replay,none,4,Infiltration,task0,n_benign,172109.0
gnn_replay,none,4,Infiltration,task0,n_attack,2891.0
gnn_replay,none,4,Infiltration,task0,accuracy,0.9642857142857143
gnn_replay,none,4,Infiltration,task0,macro_f1,0.7310294933185164
gnn_replay,none,4,Infiltration,task0,fpr,0.03631419623610619
gnn_replay,none,4,Infiltration,task0,detection_rate,1.0
gnn_replay,none,4,Infiltration,task0,binary_f1,0.48055186170212766
gnn_replay,none,4,Infiltration,task0,category_recall,1.0
gnn_replay,none,4,Infiltration,task1,n,385000.0
gnn_replay,none,4,Infiltration,task1,n_benign,331373.0
gnn_replay,none,4,Infiltration,task1,n_attack,53627.0
gnn_replay,none,4,Infiltration,task1,accuracy,0.9920155844155845
gnn_replay,none,4,Infiltration,task1,macro_f1,0.9837164906157612
gnn_replay,none,4,Infiltration,task1,fpr,0.009001940411560386
gnn_replay,none,4,Infiltration,task1,detection_rate,0.9983030935909151
gnn_replay,none,4,Infiltration,task1,binary_f1,0.9720915875292793
gnn_replay,none,4,Infiltration,task1,category_recall,0.9983030935909151
gnn_replay,none,4,Infiltration,task2,n,480000.0
gnn_replay,none,4,Infiltration,task2,n_benign,439090.0
gnn_replay,none,4,Infiltration,task2,n_attack,40910.0
gnn_replay,none,4,Infiltration,task2,accuracy,0.9999645833333334
gnn_replay,none,4,Infiltration,task2,macro_f1,0.9998864557036207
gnn_replay,none,4,Infiltration,task2,fpr,3.871643626591359e-05
gnn_replay,none,4,Infiltration,task2,detection_rate,1.0
gnn_replay,none,4,Infiltration,task2,binary_f1,0.9997922700001222
gnn_replay,none,4,Infiltration,task2,category_recall,1.0
gnn_replay,none,4,Infiltration,task3,n,270000.0
gnn_replay,none,4,Infiltration,task3,n_benign,269993.0
gnn_replay,none,4,Infiltration,task3,n_attack,7.0
gnn_replay,none,4,Infiltration,task3,accuracy,0.9999370370370371
gnn_replay,none,4,Infiltration,task3,macro_f1,0.7068808101380157
gnn_replay,none,4,Infiltration,task3,fpr,5.92607956502576e-05
gnn_replay,none,4,Infiltration,task3,detection_rate,0.8571428571428571
gnn_replay,none,4,Infiltration,task3,binary_f1,0.41379310344827586
gnn_replay,none,4,Infiltration,task3,category_recall,0.8571428571428571
gnn_replay,none,4,Infiltration,task4,n,395000.0
gnn_replay,none,4,Infiltration,task4,n_benign,393444.0
gnn_replay,none,4,Infiltration,task4,n_attack,1556.0
gnn_replay,none,4,Infiltration,task4,accuracy,0.9999544303797469
gnn_replay,none,4,Infiltration,task4,macro_f1,0.9971002441250228
gnn_replay,none,4,Infiltration,task4,fpr,2.7958235479509155e-05
gnn_replay,none,4,Infiltration,task4,detection_rate,0.9955012853470437
gnn_replay,none,4,Infiltration,task4,binary_f1,0.9942233632862645
gnn_replay,none,4,Infiltration,task4,category_recall,0.9955012853470437
gnn_replay,none,4,Infiltration,task5,n,190000.0
gnn_replay,none,4,Infiltration,task5,n_benign,185763.0
gnn_replay,none,4,Infiltration,task5,n_attack,4237.0
gnn_replay,none,4,Infiltration,task5,accuracy,0.9873421052631579
gnn_replay,none,4,Infiltration,task5,macro_f1,0.7988417276301805
gnn_replay,none,4,Infiltration,task5,fpr,1.6149609986918816e-05
gnn_replay,none,4,Infiltration,task5,detection_rate,0.43308945008260563
gnn_replay,none,4,Infiltration,task5,binary_f1,0.6041152263374485
gnn_replay,none,4,Infiltration,task5,category_recall,0.43308945008260563
gnn_replay,none,4,Infiltration,seen,n,1705000.0
gnn_replay,none,4,Infiltration,seen,n_benign,1606009.0
gnn_replay,none,4,Infiltration,seen,n_attack,98991.0
gnn_replay,none,4,Infiltration,seen,accuracy,0.9945008797653959
gnn_replay,none,4,Infiltration,seen,macro_f1,0.9759064477119577
gnn_replay,none,4,Infiltration,seen,fpr,0.005776430891732238
gnn_replay,none,4,Infiltration,seen,detection_rate,0.9989999090826439
gnn_replay,none,4,Infiltration,seen,binary_f1,0.9547402973547017
gnn_replay,none,4,Infiltration,all,n,1895000.0
gnn_replay,none,4,Infiltration,all,n_benign,1791772.0
gnn_replay,none,4,Infiltration,all,n_attack,103228.0
gnn_replay,none,4,Infiltration,all,accuracy,0.9937831134564644
gnn_replay,none,4,Infiltration,all,macro_f1,0.9707286688711543
gnn_replay,none,4,Infiltration,all,fpr,0.0051792303931527004
gnn_replay,none,4,Infiltration,all,detection_rate,0.9757720773433565
gnn_replay,none,4,Infiltration,all,binary_f1,0.9447510962084086
gnn_replay,none,5,Botnet,task0,n,175000.0
gnn_replay,none,5,Botnet,task0,n_benign,172109.0
gnn_replay,none,5,Botnet,task0,n_attack,2891.0
gnn_replay,none,5,Botnet,task0,accuracy,0.9643085714285714
gnn_replay,none,5,Botnet,task0,macro_f1,0.731115425933573
gnn_replay,none,5,Botnet,task0,fpr,0.03629095515051508
gnn_replay,none,5,Botnet,task0,detection_rate,1.0
gnn_replay,none,5,Botnet,task0,binary_f1,0.4807116727635517
gnn_replay,none,5,Botnet,task0,category_recall,1.0
gnn_replay,none,5,Botnet,task1,n,385000.0
gnn_replay,none,5,Botnet,task1,n_benign,331373.0
gnn_replay,none,5,Botnet,task1,n_attack,53627.0
gnn_replay,none,5,Botnet,task1,accuracy,0.9920623376623376
gnn_replay,none,5,Botnet,task1,macro_f1,0.983809635487586
gnn_replay,none,5,Botnet,task1,fpr,0.00894762095885905
gnn_replay,none,5,Botnet,task1,detection_rate,0.9983030935909151
gnn_replay,none,5,Botnet,task1,binary_f1,0.9722504721778295
gnn_replay,none,5,Botnet,task1,category_recall,0.9983030935909151
gnn_replay,none,5,Botnet,task2,n,480000.0
gnn_replay,none,5,Botnet,task2,n_benign,439090.0
gnn_replay,none,5,Botnet,task2,n_attack,40910.0
gnn_replay,none,5,Botnet,task2,accuracy,0.9999916666666666
gnn_replay,none,5,Botnet,task2,macro_f1,0.9999732798459027
gnn_replay,none,5,Botnet,task2,fpr,9.109749709626728e-06
gnn_replay,none,5,Botnet,task2,detection_rate,1.0
gnn_replay,none,5,Botnet,task2,binary_f1,0.9999511145874072
gnn_replay,none,5,Botnet,task2,category_recall,1.0
gnn_replay,none,5,Botnet,task3,n,270000.0
gnn_replay,none,5,Botnet,task3,n_benign,269993.0
gnn_replay,none,5,Botnet,task3,n_attack,7.0
gnn_replay,none,5,Botnet,task3,accuracy,0.9999962962962963
gnn_replay,none,5,Botnet,task3,macro_f1,0.9615375355902442
gnn_replay,none,5,Botnet,task3,fpr,0.0
gnn_replay,none,5,Botnet,task3,detection_rate,0.8571428571428571
gnn_replay,none,5,Botnet,task3,binary_f1,0.9230769230769231
gnn_replay,none,5,Botnet,task3,category_recall,0.8571428571428571
gnn_replay,none,5,Botnet,task4,n,395000.0
gnn_replay,none,5,Botnet,task4,n_benign,393444.0
gnn_replay,none,5,Botnet,task4,n_attack,1556.0
gnn_replay,none,5,Botnet,task4,accuracy,0.9999569620253165
gnn_replay,none,5,Botnet,task4,macro_f1,0.9972569575310428
gnn_replay,none,5,Botnet,task4,fpr,2.033326216691575e-05
gnn_replay,none,5,Botnet,task4,detection_rate,0.9942159383033419
gnn_replay,none,5,Botnet,task4,binary_f1,0.994535519125683
gnn_replay,none,5,Botnet,task4,category_recall,0.9942159383033419
gnn_replay,none,5,Botnet,task5,n,190000.0
gnn_replay,none,5,Botnet,task5,n_benign,185763.0
gnn_replay,none,5,Botnet,task5,n_attack,4237.0
gnn_replay,none,5,Botnet,task5,accuracy,0.9999894736842105
gnn_replay,none,5,Botnet,task5,macro_f1,0.9998792725299164
gnn_replay,none,5,Botnet,task5,fpr,0.0
gnn_replay,none,5,Botnet,task5,detection_rate,0.9995279679018173
gnn_replay,none,5,Botnet,task5,binary_f1,0.9997639282341831
gnn_replay,none,5,Botnet,task5,category_recall,0.9995279679018173
gnn_replay,none,5,Botnet,seen,n,1895000.0
gnn_replay,none,5,Botnet,seen,n_benign,1791772.0
gnn_replay,none,5,Botnet,seen,n_attack,103228.0
gnn_replay,none,5,Botnet,seen,accuracy,0.9950786279683377
gnn_replay,none,5,Botnet,seen,macro_f1,0.9770650314671363
gnn_replay,none,5,Botnet,seen,fpr,0.005147418309918896
gnn_replay,none,5,Botnet,seen,detection_rate,0.9990022087030651
gnn_replay,none,5,Botnet,seen,binary_f1,0.9567391546368798
gnn_replay,none,5,Botnet,all,n,1895000.0
gnn_replay,none,5,Botnet,all,n_benign,1791772.0
gnn_replay,none,5,Botnet,all,n_attack,103228.0
gnn_replay,none,5,Botnet,all,accuracy,0.9950786279683377
gnn_replay,none,5,Botnet,all,macro_f1,0.9770650314671363
gnn_replay,none,5,Botnet,all,fpr,0.005147418309918896
gnn_replay,none,5,Botnet,all,detection_rate,0.9990022087030651
gnn_replay,none,5,Botnet,all,binary_f1,0.9567391546368798
