model,ip_mode,after_task,after_task_category,scope,metric,value
xgboost_static,none,0,BruteForce,task0,n,138702.0
xgboost_static,none,0,BruteForce,task0,n_benign,137422.0
xgboost_static,none,0,BruteForce,task0,n_attack,1280.0
xgboost_static,none,0,BruteForce,task0,accuracy,0.999992790298626
xgboost_static,none,0,BruteForce,task0,macro_f1,0.999802944543727
xgboost_static,none,0,BruteForce,task0,fpr,7.27685523424197e-06
xgboost_static,none,0,BruteForce,task0,detection_rate,1.0
xgboost_static,none,0,BruteForce,task0,binary_f1,0.9996095275283092
xgboost_static,none,0,BruteForce,task0,category_recall,1.0
xgboost_static,none,0,BruteForce,task1,n,100000.0
xgboost_static,none,0,BruteForce,task1,n_benign,66394.0
xgboost_static,none,0,BruteForce,task1,n_attack,33606.0
xgboost_static,none,0,BruteForce,task1,accuracy,0.66393
xgboost_static,none,0,BruteForce,task1,macro_f1,0.3990131796409705
xgboost_static,none,0,BruteForce,task1,fpr,1.5061601951983614e-05
xgboost_static,none,0,BruteForce,task1,detection_rate,0.0
xgboost_static,none,0,BruteForce,task1,binary_f1,0.0
xgboost_static,none,0,BruteForce,task1,category_recall,0.0
xgboost_static,none,0,BruteForce,task2,n,25000.0
xgboost_static,none,0,BruteForce,task2,n_benign,24976.0
xgboost_static,none,0,BruteForce,task2,n_attack,24.0
xgboost_static,none,0,BruteForce,task2,accuracy,0.99904
xgboost_static,none,0,BruteForce,task2,macro_f1,0.4997598847446774
xgboost_static,none,0,BruteForce,task2,fpr,0.0
xgboost_static,none,0,BruteForce,task2,detection_rate,0.0
xgboost_static,none,0,BruteForce,task2,binary_f1,0.0
xgboost_static,none,0,BruteForce,task2,category_recall,0.0
xgboost_static,none,0,BruteForce,task3,n,45000.0
xgboost_static,none,0,BruteForce,task3,n_benign,28566.0
xgboost_static,none,0,BruteForce,task3,n_attack,16434.0
xgboost_static,none,0,BruteForce,task3,accuracy,0.6351555555555556
xgboost_static,none,0,BruteForce,task3,macro_f1,0.3897070494381054
xgboost_static,none,0,BruteForce,task3,fpr,0.0002100399075824
xgboost_static,none,0,BruteForce,task3,detection_rate,0.001338688085676
xgboost_static,none,0,BruteForce,task3,binary_f1,0.0026728222573198
xgboost_static,none,0,BruteForce,task3,category_recall,0.001338688085676
xgboost_static,none,0,BruteForce,task4,n,27642.0
xgboost_static,none,0,BruteForce,task4,n_benign,27569.0
xgboost_static,none,0,BruteForce,task4,n_attack,73.0
xgboost_static,none,0,BruteForce,task4,accuracy,0.9973590912379712
xgboost_static,none,0,BruteForce,task4,macro_f1,0.4993388998569126
xgboost_static,none,0,BruteForce,task4,fpr,0.0
xgboost_static,none,0,BruteForce,task4,detection_rate,0.0
xgboost_static,none,0,BruteForce,task4,binary_f1,0.0
xgboost_static,none,0,BruteForce,task4,category_recall,0.0
xgboost_static,none,0,BruteForce,task5,n,55000.0
xgboost_static,none,0,BruteForce,task5,n_benign,25723.0
xgboost_static,none,0,BruteForce,task5,n_attack,29277.0
xgboost_static,none,0,BruteForce,task5,accuracy,0.4676727272727273
xgboost_static,none,0,BruteForce,task5,macro_f1,0.3186491910507668
xgboost_static,none,0,BruteForce,task5,fpr,3.8875714341251024e-05
xgboost_static,none,0,BruteForce,task5,detection_rate,0.0
xgboost_static,none,0,BruteForce,task5,binary_f1,0.0
xgboost_static,none,0,BruteForce,task5,category_recall,0.0
xgboost_static,none,0,BruteForce,task6,n,25000.0
xgboost_static,none,0,BruteForce,task6,n_benign,2841.0
xgboost_static,none,0,BruteForce,task6,n_attack,22159.0
xgboost_static,none,0,BruteForce,task6,accuracy,0.11364
xgboost_static,none,0,BruteForce,task6,macro_f1,0.1020437484285765
xgboost_static,none,0,BruteForce,task6,fpr,0.0
xgboost_static,none,0,BruteForce,task6,detection_rate,0.0
xgboost_static,none,0,BruteForce,task6,binary_f1,0.0
xgboost_static,none,0,BruteForce,task6,category_recall,0.0
xgboost_static,none,0,BruteForce,seen,n,138702.0
xgboost_static,none,0,BruteForce,seen,n_benign,137422.0
xgboost_static,none,0,BruteForce,seen,n_attack,1280.0
xgboost_static,none,0,BruteForce,seen,accuracy,0.999992790298626
xgboost_static,none,0,BruteForce,seen,macro_f1,0.999802944543727
xgboost_static,none,0,BruteForce,seen,fpr,7.27685523424197e-06
xgboost_static,none,0,BruteForce,seen,detection_rate,1.0
xgboost_static,none,0,BruteForce,seen,binary_f1,0.9996095275283092
xgboost_static,none,0,BruteForce,all,n,416344.0
xgboost_static,none,0,BruteForce,all,n_benign,313491.0
xgboost_static,none,0,BruteForce,all,n_attack,102853.0
xgboost_static,none,0,BruteForce,all,accuracy,0.7560670983609707
xgboost_static,none,0,BruteForce,all,macro_f1,0.4427969432709528
xgboost_static,none,0,BruteForce,all,fpr,2.870895815190867e-05
xgboost_static,none,0,BruteForce,all,detection_rate,0.0126588432034068
xgboost_static,none,0,BruteForce,all,binary_f1,0.0249990399754233
xgboost_static,none,1,DoS,task0,n,138702.0
xgboost_static,none,1,DoS,task0,n_benign,137422.0
xgboost_static,none,1,DoS,task0,n_attack,1280.0
xgboost_static,none,1,DoS,task0,accuracy,0.999992790298626
xgboost_static,none,1,DoS,task0,macro_f1,0.999802944543727
xgboost_static,none,1,DoS,task0,fpr,7.27685523424197e-06
xgboost_static,none,1,DoS,task0,detection_rate,1.0
xgboost_static,none,1,DoS,task0,binary_f1,0.9996095275283092
xgboost_static,none,1,DoS,task0,category_recall,1.0
xgboost_static,none,1,DoS,task1,n,100000.0
xgboost_static,none,1,DoS,task1,n_benign,66394.0
xgboost_static,none,1,DoS,task1,n_attack,33606.0
xgboost_static,none,1,DoS,task1,accuracy,0.66393
xgboost_static,none,1,DoS,task1,macro_f1,0.3990131796409705
xgboost_static,none,1,DoS,task1,fpr,1.5061601951983614e-05
xgboost_static,none,1,DoS,task1,detection_rate,0.0
xgboost_static,none,1,DoS,task1,binary_f1,0.0
xgboost_static,none,1,DoS,task1,category_recall,0.0
xgboost_static,none,1,DoS,task2,n,25000.0
xgboost_static,none,1,DoS,task2,n_benign,24976.0
xgboost_static,none,1,DoS,task2,n_attack,24.0
xgboost_static,none,1,DoS,task2,accuracy,0.99904
xgboost_static,none,1,DoS,task2,macro_f1,0.4997598847446774
xgboost_static,none,1,DoS,task2,fpr,0.0
xgboost_static,none,1,DoS,task2,detection_rate,0.0
xgboost_static,none,1,DoS,task2,binary_f1,0.0
xgboost_static,none,1,DoS,task2,category_recall,0.0
xgboost_static,none,1,DoS,task3,n,45000.0
xgboost_static,none,1,DoS,task3,n_benign,28566.0
xgboost_static,none,1,DoS,task3,n_attack,16434.0
xgboost_static,none,1,DoS,task3,accuracy,0.6351555555555556
xgboost_static,none,1,DoS,task3,macro_f1,0.3897070494381054
xgboost_static,none,1,DoS,task3,fpr,0.0002100399075824
xgboost_static,none,1,DoS,task3,detection_rate,0.001338688085676
xgboost_static,none,1,DoS,task3,binary_f1,0.0026728222573198
xgboost_static,none,1,DoS,task3,category_recall,0.001338688085676
xgboost_static,none,1,DoS,task4,n,27642.0
xgboost_static,none,1,DoS,task4,n_benign,27569.0
xgboost_static,none,1,DoS,task4,n_attack,73.0
xgboost_static,none,1,DoS,task4,accuracy,0.9973590912379712
xgboost_static,none,1,DoS,task4,macro_f1,0.4993388998569126
xgboost_static,none,1,DoS,task4,fpr,0.0
xgboost_static,none,1,DoS,task4,detection_rate,0.0
xgboost_static,none,1,DoS,task4,binary_f1,0.0
xgboost_static,none,1,DoS,task4,category_recall,0.0
xgboost_static,none,1,DoS,task5,n,55000.0
xgboost_static,none,1,DoS,task5,n_benign,25723.0
xgboost_static,none,1,DoS,task5,n_attack,29277.0
xgboost_static,none,1,DoS,task5,accuracy,0.4676727272727273
xgboost_static,none,1,DoS,task5,macro_f1,0.3186491910507668
xgboost_static,none,1,DoS,task5,fpr,3.8875714341251024e-05
xgboost_static,none,1,DoS,task5,detection_rate,0.0
xgboost_static,none,1,DoS,task5,binary_f1,0.0
xgboost_static,none,1,DoS,task5,category_recall,0.0
xgboost_static,none,1,DoS,task6,n,25000.0
xgboost_static,none,1,DoS,task6,n_benign,2841.0
xgboost_static,none,1,DoS,task6,n_attack,22159.0
xgboost_static,none,1,DoS,task6,accuracy,0.11364
xgboost_static,none,1,DoS,task6,macro_f1,0.1020437484285765
xgboost_static,none,1,DoS,task6,fpr,0.0
xgboost_static,none,1,DoS,task6,detection_rate,0.0
xgboost_static,none,1,DoS,task6,binary_f1,0.0
xgboost_static,none,1,DoS,task6,category_recall,0.0
xgboost_static,none,1,DoS,seen,n,238702.0
xgboost_static,none,1,DoS,seen,n_benign,203816.0
xgboost_static,none,1,DoS,seen,n_attack,34886.0
xgboost_static,none,1,DoS,seen,accuracy,0.8592052014645877
xgboost_static,none,1,DoS,seen,macro_f1,0.4973064724785719
xgboost_static,none,1,DoS,seen,fpr,9.812772304431448e-06
xgboost_static,none,1,DoS,seen,detection_rate,0.0366909361921687
xgboost_static,none,1,DoS,seen,binary_f1,0.070780800707808
xgboost_static,none,1,DoS,all,n,416344.0
xgboost_static,none,1,DoS,all,n_benign,313491.0
xgboost_static,none,1,DoS,all,n_attack,102853.0
xgboost_static,none,1,DoS,all,accuracy,0.7560670983609707
xgboost_static,none,1,DoS,all,macro_f1,0.4427969432709528
xgboost_static,none,1,DoS,all,fpr,2.870895815190867e-05
xgboost_static,none,1,DoS,all,detection_rate,0.0126588432034068
xgboost_static,none,1,DoS,all,binary_f1,0.0249990399754233
xgboost_static,none,2,WebAttack,task0,n,138702.0
xgboost_static,none,2,WebAttack,task0,n_benign,137422.0
xgboost_static,none,2,WebAttack,task0,n_attack,1280.0
xgboost_static,none,2,WebAttack,task0,accuracy,0.999992790298626
xgboost_static,none,2,WebAttack,task0,macro_f1,0.999802944543727
xgboost_static,none,2,WebAttack,task0,fpr,7.27685523424197e-06
xgboost_static,none,2,WebAttack,task0,detection_rate,1.0
xgboost_static,none,2,WebAttack,task0,binary_f1,0.9996095275283092
xgboost_static,none,2,WebAttack,task0,category_recall,1.0
xgboost_static,none,2,WebAttack,task1,n,100000.0
xgboost_static,none,2,WebAttack,task1,n_benign,66394.0
xgboost_static,none,2,WebAttack,task1,n_attack,33606.0
xgboost_static,none,2,WebAttack,task1,accuracy,0.66393
xgboost_static,none,2,WebAttack,task1,macro_f1,0.3990131796409705
xgboost_static,none,2,WebAttack,task1,fpr,1.5061601951983614e-05
xgboost_static,none,2,WebAttack,task1,detection_rate,0.0
xgboost_static,none,2,WebAttack,task1,binary_f1,0.0
xgboost_static,none,2,WebAttack,task1,category_recall,0.0
xgboost_static,none,2,WebAttack,task2,n,25000.0
xgboost_static,none,2,WebAttack,task2,n_benign,24976.0
xgboost_static,none,2,WebAttack,task2,n_attack,24.0
xgboost_static,none,2,WebAttack,task2,accuracy,0.99904
xgboost_static,none,2,WebAttack,task2,macro_f1,0.4997598847446774
xgboost_static,none,2,WebAttack,task2,fpr,0.0
xgboost_static,none,2,WebAttack,task2,detection_rate,0.0
xgboost_static,none,2,WebAttack,task2,binary_f1,0.0
xgboost_static,none,2,WebAttack,task2,category_recall,0.0
xgboost_static,none,2,WebAttack,task3,n,45000.0
xgboost_static,none,2,WebAttack,task3,n_benign,28566.0
xgboost_static,none,2,WebAttack,task3,n_attack,16434.0
xgboost_static,none,2,WebAttack,task3,accuracy,0.6351555555555556
xgboost_static,none,2,WebAttack,task3,macro_f1,0.3897070494381054
xgboost_static,none,2,WebAttack,task3,fpr,0.0002100399075824
xgboost_static,none,2,WebAttack,task3,detection_rate,0.001338688085676
xgboost_static,none,2,WebAttack,task3,binary_f1,0.0026728222573198
xgboost_static,none,2,WebAttack,task3,category_recall,0.001338688085676
xgboost_static,none,2,WebAttack,task4,n,27642.0
xgboost_static,none,2,WebAttack,task4,n_benign,27569.0
xgboost_static,none,2,WebAttack,task4,n_attack,73.0
xgboost_static,none,2,WebAttack,task4,accuracy,0.9973590912379712
xgboost_static,none,2,WebAttack,task4,macro_f1,0.4993388998569126
xgboost_static,none,2,WebAttack,task4,fpr,0.0
xgboost_static,none,2,WebAttack,task4,detection_rate,0.0
xgboost_static,none,2,WebAttack,task4,binary_f1,0.0
xgboost_static,none,2,WebAttack,task4,category_recall,0.0
xgboost_static,none,2,WebAttack,task5,n,55000.0
xgboost_static,none,2,WebAttack,task5,n_benign,25723.0
xgboost_static,none,2,WebAttack,task5,n_attack,29277.0
xgboost_static,none,2,WebAttack,task5,accuracy,0.4676727272727273
xgboost_static,none,2,WebAttack,task5,macro_f1,0.3186491910507668
xgboost_static,none,2,WebAttack,task5,fpr,3.8875714341251024e-05
xgboost_static,none,2,WebAttack,task5,detection_rate,0.0
xgboost_static,none,2,WebAttack,task5,binary_f1,0.0
xgboost_static,none,2,WebAttack,task5,category_recall,0.0
xgboost_static,none,2,WebAttack,task6,n,25000.0
xgboost_static,none,2,WebAttack,task6,n_benign,2841.0
xgboost_static,none,2,WebAttack,task6,n_attack,22159.0
xgboost_static,none,2,WebAttack,task6,accuracy,0.11364
xgboost_static,none,2,WebAttack,task6,macro_f1,0.1020437484285765
xgboost_static,none,2,WebAttack,task6,fpr,0.0
xgboost_static,none,2,WebAttack,task6,detection_rate,0.0
xgboost_static,none,2,WebAttack,task6,binary_f1,0.0
xgboost_static,none,2,WebAttack,task6,category_recall,0.0
xgboost_static,none,2,WebAttack,seen,n,263702.0
xgboost_static,none,2,WebAttack,seen,n_benign,228792.0
xgboost_static,none,2,WebAttack,seen,n_attack,34910.0
xgboost_static,none,2,WebAttack,seen,accuracy,0.872462097367483
xgboost_static,none,2,WebAttack,seen,macro_f1,0.5011332405593244
xgboost_static,none,2,WebAttack,seen,fpr,8.7415643903633e-06
xgboost_static,none,2,WebAttack,seen,detection_rate,0.036665711830421
xgboost_static,none,2,WebAttack,seen,binary_f1,0.0707338638373121
xgboost_static,none,2,WebAttack,all,n,416344.0
xgboost_static,none,2,WebAttack,all,n_benign,313491.0
xgboost_static,none,2,WebAttack,all,n_attack,102853.0
xgboost_static,none,2,WebAttack,all,accuracy,0.7560670983609707
xgboost_static,none,2,WebAttack,all,macro_f1,0.4427969432709528
xgboost_static,none,2,WebAttack,all,fpr,2.870895815190867e-05
xgboost_static,none,2,WebAttack,all,detection_rate,0.0126588432034068
xgboost_static,none,2,WebAttack,all,binary_f1,0.0249990399754233
xgboost_static,none,3,Infiltration,task0,n,138702.0
xgboost_static,none,3,Infiltration,task0,n_benign,137422.0
xgboost_static,none,3,Infiltration,task0,n_attack,1280.0
xgboost_static,none,3,Infiltration,task0,accuracy,0.999992790298626
xgboost_static,none,3,Infiltration,task0,macro_f1,0.999802944543727
xgboost_static,none,3,Infiltration,task0,fpr,7.27685523424197e-06
xgboost_static,none,3,Infiltration,task0,detection_rate,1.0
xgboost_static,none,3,Infiltration,task0,binary_f1,0.9996095275283092
xgboost_static,none,3,Infiltration,task0,category_recall,1.0
xgboost_static,none,3,Infiltration,task1,n,100000.0
xgboost_static,none,3,Infiltration,task1,n_benign,66394.0
xgboost_static,none,3,Infiltration,task1,n_attack,33606.0
xgboost_static,none,3,Infiltration,task1,accuracy,0.66393
xgboost_static,none,3,Infiltration,task1,macro_f1,0.3990131796409705
xgboost_static,none,3,Infiltration,task1,fpr,1.5061601951983614e-05
xgboost_static,none,3,Infiltration,task1,detection_rate,0.0
xgboost_static,none,3,Infiltration,task1,binary_f1,0.0
xgboost_static,none,3,Infiltration,task1,category_recall,0.0
xgboost_static,none,3,Infiltration,task2,n,25000.0
xgboost_static,none,3,Infiltration,task2,n_benign,24976.0
xgboost_static,none,3,Infiltration,task2,n_attack,24.0
xgboost_static,none,3,Infiltration,task2,accuracy,0.99904
xgboost_static,none,3,Infiltration,task2,macro_f1,0.4997598847446774
xgboost_static,none,3,Infiltration,task2,fpr,0.0
xgboost_static,none,3,Infiltration,task2,detection_rate,0.0
xgboost_static,none,3,Infiltration,task2,binary_f1,0.0
xgboost_static,none,3,Infiltration,task2,category_recall,0.0
xgboost_static,none,3,Infiltration,task3,n,45000.0
xgboost_static,none,3,Infiltration,task3,n_benign,28566.0
xgboost_static,none,3,Infiltration,task3,n_attack,16434.0
xgboost_static,none,3,Infiltration,task3,accuracy,0.6351555555555556
xgboost_static,none,3,Infiltration,task3,macro_f1,0.3897070494381054
xgboost_static,none,3,Infiltration,task3,fpr,0.0002100399075824
xgboost_static,none,3,Infiltration,task3,detection_rate,0.001338688085676
xgboost_static,none,3,Infiltration,task3,binary_f1,0.0026728222573198
xgboost_static,none,3,Infiltration,task3,category_recall,0.001338688085676
xgboost_static,none,3,Infiltration,task4,n,27642.0
xgboost_static,none,3,Infiltration,task4,n_benign,27569.0
xgboost_static,none,3,Infiltration,task4,n_attack,73.0
xgboost_static,none,3,Infiltration,task4,accuracy,0.9973590912379712
xgboost_static,none,3,Infiltration,task4,macro_f1,0.4993388998569126
xgboost_static,none,3,Infiltration,task4,fpr,0.0
xgboost_static,none,3,Infiltration,task4,detection_rate,0.0
xgboost_static,none,3,Infiltration,task4,binary_f1,0.0
xgboost_static,none,3,Infiltration,task4,category_recall,0.0
xgboost_static,none,3,Infiltration,task5,n,55000.0
xgboost_static,none,3,Infiltration,task5,n_benign,25723.0
xgboost_static,none,3,Infiltration,task5,n_attack,29277.0
xgboost_static,none,3,Infiltration,task5,accuracy,0.4676727272727273
xgboost_static,none,3,Infiltration,task5,macro_f1,0.3186491910507668
xgboost_static,none,3,Infiltration,task5,fpr,3.8875714341251024e-05
xgboost_static,none,3,Infiltration,task5,detection_rate,0.0
xgboost_static,none,3,Infiltration,task5,binary_f1,0.0
xgboost_static,none,3,Infiltration,task5,category_recall,0.0
xgboost_static,none,3,Infiltration,task6,n,25000.0
xgboost_static,none,3,Infiltration,task6,n_benign,2841.0
xgboost_static,none,3,Infiltration,task6,n_attack,22159.0
xgboost_static,none,3,Infiltration,task6,accuracy,0.11364
xgboost_static,none,3,Infiltration,task6,macro_f1,0.1020437484285765
xgboost_static,none,3,Infiltration,task6,fpr,0.0
xgboost_static,none,3,Infiltration,task6,detection_rate,0.0
xgboost_static,none,3,Infiltration,task6,binary_f1,0.0
xgboost_static,none,3,Infiltration,task6,category_recall,0.0
xgboost_static,none,3,Infiltration,seen,n,308702.0
xgboost_static,none,3,Infiltration,seen,n_benign,257358.0
xgboost_static,none,3,Infiltration,seen,n_attack,51344.0
xgboost_static,none,3,Infiltration,seen,accuracy,0.8378695311335851
xgboost_static,none,3,Infiltration,seen,macro_f1,0.4804158237798312
xgboost_static,none,3,Infiltration,seen,fpr,3.108510324139914e-05
xgboost_static,none,3,Infiltration,seen,detection_rate,0.0253583670925521
xgboost_static,none,3,Infiltration,seen,binary_f1,0.0494549321988832
xgboost_static,none,3,Infiltration,all,n,416344.0
xgboost_static,none,3,Infiltration,all,n_benign,313491.0
xgboost_static,none,3,Infiltration,all,n_attack,102853.0
xgboost_static,none,3,Infiltration,all,accuracy,0.7560670983609707
xgboost_static,none,3,Infiltration,all,macro_f1,0.4427969432709528
xgboost_static,none,3,Infiltration,all,fpr,2.870895815190867e-05
xgboost_static,none,3,Infiltration,all,detection_rate,0.0126588432034068
xgboost_static,none,3,Infiltration,all,binary_f1,0.0249990399754233
xgboost_static,none,4,Botnet,task0,n,138702.0
xgboost_static,none,4,Botnet,task0,n_benign,137422.0
xgboost_static,none,4,Botnet,task0,n_attack,1280.0
xgboost_static,none,4,Botnet,task0,accuracy,0.999992790298626
xgboost_static,none,4,Botnet,task0,macro_f1,0.999802944543727
xgboost_static,none,4,Botnet,task0,fpr,7.27685523424197e-06
xgboost_static,none,4,Botnet,task0,detection_rate,1.0
xgboost_static,none,4,Botnet,task0,binary_f1,0.9996095275283092
xgboost_static,none,4,Botnet,task0,category_recall,1.0
xgboost_static,none,4,Botnet,task1,n,100000.0
xgboost_static,none,4,Botnet,task1,n_benign,66394.0
xgboost_static,none,4,Botnet,task1,n_attack,33606.0
xgboost_static,none,4,Botnet,task1,accuracy,0.66393
xgboost_static,none,4,Botnet,task1,macro_f1,0.3990131796409705
xgboost_static,none,4,Botnet,task1,fpr,1.5061601951983614e-05
xgboost_static,none,4,Botnet,task1,detection_rate,0.0
xgboost_static,none,4,Botnet,task1,binary_f1,0.0
xgboost_static,none,4,Botnet,task1,category_recall,0.0
xgboost_static,none,4,Botnet,task2,n,25000.0
xgboost_static,none,4,Botnet,task2,n_benign,24976.0
xgboost_static,none,4,Botnet,task2,n_attack,24.0
xgboost_static,none,4,Botnet,task2,accuracy,0.99904
xgboost_static,none,4,Botnet,task2,macro_f1,0.4997598847446774
xgboost_static,none,4,Botnet,task2,fpr,0.0
xgboost_static,none,4,Botnet,task2,detection_rate,0.0
xgboost_static,none,4,Botnet,task2,binary_f1,0.0
xgboost_static,none,4,Botnet,task2,category_recall,0.0
xgboost_static,none,4,Botnet,task3,n,45000.0
xgboost_static,none,4,Botnet,task3,n_benign,28566.0
xgboost_static,none,4,Botnet,task3,n_attack,16434.0
xgboost_static,none,4,Botnet,task3,accuracy,0.6351555555555556
xgboost_static,none,4,Botnet,task3,macro_f1,0.3897070494381054
xgboost_static,none,4,Botnet,task3,fpr,0.0002100399075824
xgboost_static,none,4,Botnet,task3,detection_rate,0.001338688085676
xgboost_static,none,4,Botnet,task3,binary_f1,0.0026728222573198
xgboost_static,none,4,Botnet,task3,category_recall,0.001338688085676
xgboost_static,none,4,Botnet,task4,n,27642.0
xgboost_static,none,4,Botnet,task4,n_benign,27569.0
xgboost_static,none,4,Botnet,task4,n_attack,73.0
xgboost_static,none,4,Botnet,task4,accuracy,0.9973590912379712
xgboost_static,none,4,Botnet,task4,macro_f1,0.4993388998569126
xgboost_static,none,4,Botnet,task4,fpr,0.0
xgboost_static,none,4,Botnet,task4,detection_rate,0.0
xgboost_static,none,4,Botnet,task4,binary_f1,0.0
xgboost_static,none,4,Botnet,task4,category_recall,0.0
xgboost_static,none,4,Botnet,task5,n,55000.0
xgboost_static,none,4,Botnet,task5,n_benign,25723.0
xgboost_static,none,4,Botnet,task5,n_attack,29277.0
xgboost_static,none,4,Botnet,task5,accuracy,0.4676727272727273
xgboost_static,none,4,Botnet,task5,macro_f1,0.3186491910507668
xgboost_static,none,4,Botnet,task5,fpr,3.8875714341251024e-05
xgboost_static,none,4,Botnet,task5,detection_rate,0.0
xgboost_static,none,4,Botnet,task5,binary_f1,0.0
xgboost_static,none,4,Botnet,task5,category_recall,0.0
xgboost_static,none,4,Botnet,task6,n,25000.0
xgboost_static,none,4,Botnet,task6,n_benign,2841.0
xgboost_static,none,4,Botnet,task6,n_attack,22159.0
xgboost_static,none,4,Botnet,task6,accuracy,0.11364
xgboost_static,none,4,Botnet,task6,macro_f1,0.1020437484285765
xgboost_static,none,4,Botnet,task6,fpr,0.0
xgboost_static,none,4,Botnet,task6,detection_rate,0.0
xgboost_static,none,4,Botnet,task6,binary_f1,0.0
xgboost_static,none,4,Botnet,task6,category_recall,0.0
xgboost_static,none,4,Botnet,seen,n,336344.0
xgboost_static,none,4,Botnet,seen,n_benign,284927.0
xgboost_static,none,4,Botnet,seen,n_attack,51417.0
xgboost_static,none,4,Botnet,seen,accuracy,0.8509769759531908
xgboost_static,none,4,Botnet,seen,macro_f1,0.4842689141583958
xgboost_static,none,4,Botnet,seen,fpr,2.807736718527904e-05
xgboost_static,none,4,Botnet,seen,detection_rate,0.0253223641986113
xgboost_static,none,4,Botnet,seen,binary_f1,0.0493864623437707
xgboost_static,none,4,Botnet,all,n,416344.0
xgboost_static,none,4,Botnet,all,n_benign,313491.0
xgboost_static,none,4,Botnet,all,n_attack,102853.0
xgboost_static,none,4,Botnet,all,accuracy,0.7560670983609707
xgboost_static,none,4,Botnet,all,macro_f1,0.4427969432709528
xgboost_static,none,4,Botnet,all,fpr,2.870895815190867e-05
xgboost_static,none,4,Botnet,all,detection_rate,0.0126588432034068
xgboost_static,none,4,Botnet,all,binary_f1,0.0249990399754233
xgboost_static,none,5,PortScan,task0,n,138702.0
xgboost_static,none,5,PortScan,task0,n_benign,137422.0
xgboost_static,none,5,PortScan,task0,n_attack,1280.0
xgboost_static,none,5,PortScan,task0,accuracy,0.999992790298626
xgboost_static,none,5,PortScan,task0,macro_f1,0.999802944543727
xgboost_static,none,5,PortScan,task0,fpr,7.27685523424197e-06
xgboost_static,none,5,PortScan,task0,detection_rate,1.0
xgboost_static,none,5,PortScan,task0,binary_f1,0.9996095275283092
xgboost_static,none,5,PortScan,task0,category_recall,1.0
xgboost_static,none,5,PortScan,task1,n,100000.0
xgboost_static,none,5,PortScan,task1,n_benign,66394.0
xgboost_static,none,5,PortScan,task1,n_attack,33606.0
xgboost_static,none,5,PortScan,task1,accuracy,0.66393
xgboost_static,none,5,PortScan,task1,macro_f1,0.3990131796409705
xgboost_static,none,5,PortScan,task1,fpr,1.5061601951983614e-05
xgboost_static,none,5,PortScan,task1,detection_rate,0.0
xgboost_static,none,5,PortScan,task1,binary_f1,0.0
xgboost_static,none,5,PortScan,task1,category_recall,0.0
xgboost_static,none,5,PortScan,task2,n,25000.0
xgboost_static,none,5,PortScan,task2,n_benign,24976.0
xgboost_static,none,5,PortScan,task2,n_attack,24.0
xgboost_static,none,5,PortScan,task2,accuracy,0.99904
xgboost_static,none,5,PortScan,task2,macro_f1,0.4997598847446774
xgboost_static,none,5,PortScan,task2,fpr,0.0
xgboost_static,none,5,PortScan,task2,detection_rate,0.0
xgboost_static,none,5,PortScan,task2,binary_f1,0.0
xgboost_static,none,5,PortScan,task2,category_recall,0.0
xgboost_static,none,5,PortScan,task3,n,45000.0
xgboost_static,none,5,PortScan,task3,n_benign,28566.0
xgboost_static,none,5,PortScan,task3,n_attack,16434.0
xgboost_static,none,5,PortScan,task3,accuracy,0.6351555555555556
xgboost_static,none,5,PortScan,task3,macro_f1,0.3897070494381054
xgboost_static,none,5,PortScan,task3,fpr,0.0002100399075824
xgboost_static,none,5,PortScan,task3,detection_rate,0.001338688085676
xgboost_static,none,5,PortScan,task3,binary_f1,0.0026728222573198
xgboost_static,none,5,PortScan,task3,category_recall,0.001338688085676
xgboost_static,none,5,PortScan,task4,n,27642.0
xgboost_static,none,5,PortScan,task4,n_benign,27569.0
xgboost_static,none,5,PortScan,task4,n_attack,73.0
xgboost_static,none,5,PortScan,task4,accuracy,0.9973590912379712
xgboost_static,none,5,PortScan,task4,macro_f1,0.4993388998569126
xgboost_static,none,5,PortScan,task4,fpr,0.0
xgboost_static,none,5,PortScan,task4,detection_rate,0.0
xgboost_static,none,5,PortScan,task4,binary_f1,0.0
xgboost_static,none,5,PortScan,task4,category_recall,0.0
xgboost_static,none,5,PortScan,task5,n,55000.0
xgboost_static,none,5,PortScan,task5,n_benign,25723.0
xgboost_static,none,5,PortScan,task5,n_attack,29277.0
xgboost_static,none,5,PortScan,task5,accuracy,0.4676727272727273
xgboost_static,none,5,PortScan,task5,macro_f1,0.3186491910507668
xgboost_static,none,5,PortScan,task5,fpr,3.8875714341251024e-05
xgboost_static,none,5,PortScan,task5,detection_rate,0.0
xgboost_static,none,5,PortScan,task5,binary_f1,0.0
xgboost_static,none,5,PortScan,task5,category_recall,0.0
xgboost_static,none,5,PortScan,task6,n,25000.0
xgboost_static,none,5,PortScan,task6,n_benign,2841.0
xgboost_static,none,5,PortScan,task6,n_attack,22159.0
xgboost_static,none,5,PortScan,task6,accuracy,0.11364
xgboost_static,none,5,PortScan,task6,macro_f1,0.1020437484285765
xgboost_static,none,5,PortScan,task6,fpr,0.0
xgboost_static,none,5,PortScan,task6,detection_rate,0.0
xgboost_static,none,5,PortScan,task6,binary_f1,0.0
xgboost_static,none,5,PortScan,task6,category_recall,0.0
xgboost_static,none,5,PortScan,seen,n,391344.0
xgboost_static,none,5,PortScan,seen,n_benign,310650.0
xgboost_static,none,5,PortScan,seen,n_attack,80694.0
xgboost_static,none,5,PortScan,seen,accuracy,0.797106893168159
xgboost_static,none,5,PortScan,seen,macro_f1,0.4592173643604367
xgboost_static,none,5,PortScan,seen,fpr,2.897151134717528e-05
xgboost_static,none,5,PortScan,seen,detection_rate,0.0161350286266636
xgboost_static,none,5,PortScan,seen,binary_f1,0.0317541613316261
xgboost_static,none,5,PortScan,all,n,416344.0
xgboost_static,none,5,PortScan,all,n_benign,313491.0
xgboost_static,none,5,PortScan,all,n_attack,102853.0
xgboost_static,none,5,PortScan,all,accuracy,0.7560670983609707
xgboost_static,none,5,PortScan,all,macro_f1,0.4427969432709528
xgboost_static,none,5,PortScan,all,fpr,2.870895815190867e-05
xgboost_static,none,5,PortScan,all,detection_rate,0.0126588432034068
xgboost_static,none,5,PortScan,all,binary_f1,0.0249990399754233
xgboost_static,none,6,DDoS,task0,n,138702.0
xgboost_static,none,6,DDoS,task0,n_benign,137422.0
xgboost_static,none,6,DDoS,task0,n_attack,1280.0
xgboost_static,none,6,DDoS,task0,accuracy,0.999992790298626
xgboost_static,none,6,DDoS,task0,macro_f1,0.999802944543727
xgboost_static,none,6,DDoS,task0,fpr,7.27685523424197e-06
xgboost_static,none,6,DDoS,task0,detection_rate,1.0
xgboost_static,none,6,DDoS,task0,binary_f1,0.9996095275283092
xgboost_static,none,6,DDoS,task0,category_recall,1.0
xgboost_static,none,6,DDoS,task1,n,100000.0
xgboost_static,none,6,DDoS,task1,n_benign,66394.0
xgboost_static,none,6,DDoS,task1,n_attack,33606.0
xgboost_static,none,6,DDoS,task1,accuracy,0.66393
xgboost_static,none,6,DDoS,task1,macro_f1,0.3990131796409705
xgboost_static,none,6,DDoS,task1,fpr,1.5061601951983614e-05
xgboost_static,none,6,DDoS,task1,detection_rate,0.0
xgboost_static,none,6,DDoS,task1,binary_f1,0.0
xgboost_static,none,6,DDoS,task1,category_recall,0.0
xgboost_static,none,6,DDoS,task2,n,25000.0
xgboost_static,none,6,DDoS,task2,n_benign,24976.0
xgboost_static,none,6,DDoS,task2,n_attack,24.0
xgboost_static,none,6,DDoS,task2,accuracy,0.99904
xgboost_static,none,6,DDoS,task2,macro_f1,0.4997598847446774
xgboost_static,none,6,DDoS,task2,fpr,0.0
xgboost_static,none,6,DDoS,task2,detection_rate,0.0
xgboost_static,none,6,DDoS,task2,binary_f1,0.0
xgboost_static,none,6,DDoS,task2,category_recall,0.0
xgboost_static,none,6,DDoS,task3,n,45000.0
xgboost_static,none,6,DDoS,task3,n_benign,28566.0
xgboost_static,none,6,DDoS,task3,n_attack,16434.0
xgboost_static,none,6,DDoS,task3,accuracy,0.6351555555555556
xgboost_static,none,6,DDoS,task3,macro_f1,0.3897070494381054
xgboost_static,none,6,DDoS,task3,fpr,0.0002100399075824
xgboost_static,none,6,DDoS,task3,detection_rate,0.001338688085676
xgboost_static,none,6,DDoS,task3,binary_f1,0.0026728222573198
xgboost_static,none,6,DDoS,task3,category_recall,0.001338688085676
xgboost_static,none,6,DDoS,task4,n,27642.0
xgboost_static,none,6,DDoS,task4,n_benign,27569.0
xgboost_static,none,6,DDoS,task4,n_attack,73.0
xgboost_static,none,6,DDoS,task4,accuracy,0.9973590912379712
xgboost_static,none,6,DDoS,task4,macro_f1,0.4993388998569126
xgboost_static,none,6,DDoS,task4,fpr,0.0
xgboost_static,none,6,DDoS,task4,detection_rate,0.0
xgboost_static,none,6,DDoS,task4,binary_f1,0.0
xgboost_static,none,6,DDoS,task4,category_recall,0.0
xgboost_static,none,6,DDoS,task5,n,55000.0
xgboost_static,none,6,DDoS,task5,n_benign,25723.0
xgboost_static,none,6,DDoS,task5,n_attack,29277.0
xgboost_static,none,6,DDoS,task5,accuracy,0.4676727272727273
xgboost_static,none,6,DDoS,task5,macro_f1,0.3186491910507668
xgboost_static,none,6,DDoS,task5,fpr,3.8875714341251024e-05
xgboost_static,none,6,DDoS,task5,detection_rate,0.0
xgboost_static,none,6,DDoS,task5,binary_f1,0.0
xgboost_static,none,6,DDoS,task5,category_recall,0.0
xgboost_static,none,6,DDoS,task6,n,25000.0
xgboost_static,none,6,DDoS,task6,n_benign,2841.0
xgboost_static,none,6,DDoS,task6,n_attack,22159.0
xgboost_static,none,6,DDoS,task6,accuracy,0.11364
xgboost_static,none,6,DDoS,task6,macro_f1,0.1020437484285765
xgboost_static,none,6,DDoS,task6,fpr,0.0
xgboost_static,none,6,DDoS,task6,detection_rate,0.0
xgboost_static,none,6,DDoS,task6,binary_f1,0.0
xgboost_static,none,6,DDoS,task6,category_recall,0.0
xgboost_static,none,6,DDoS,seen,n,416344.0
xgboost_static,none,6,DDoS,seen,n_benign,313491.0
xgboost_static,none,6,DDoS,seen,n_attack,102853.0
xgboost_static,none,6,DDoS,seen,accuracy,0.7560670983609707
xgboost_static,none,6,DDoS,seen,macro_f1,0.4427969432709528
xgboost_static,none,6,DDoS,seen,fpr,2.870895815190867e-05
xgboost_static,none,6,DDoS,seen,detection_rate,0.0126588432034068
xgboost_static,none,6,DDoS,seen,binary_f1,0.0249990399754233
xgboost_static,none,6,DDoS,all,n,416344.0
xgboost_static,none,6,DDoS,all,n_benign,313491.0
xgboost_static,none,6,DDoS,all,n_attack,102853.0
xgboost_static,none,6,DDoS,all,accuracy,0.7560670983609707
xgboost_static,none,6,DDoS,all,macro_f1,0.4427969432709528
xgboost_static,none,6,DDoS,all,fpr,2.870895815190867e-05
xgboost_static,none,6,DDoS,all,detection_rate,0.0126588432034068
xgboost_static,none,6,DDoS,all,binary_f1,0.0249990399754233
gnn_naive,none,0,BruteForce,task0,n,138702.0
gnn_naive,none,0,BruteForce,task0,n_benign,137422.0
gnn_naive,none,0,BruteForce,task0,n_attack,1280.0
gnn_naive,none,0,BruteForce,task0,accuracy,0.999992790298626
gnn_naive,none,0,BruteForce,task0,macro_f1,0.999802944543727
gnn_naive,none,0,BruteForce,task0,fpr,7.27685523424197e-06
gnn_naive,none,0,BruteForce,task0,detection_rate,1.0
gnn_naive,none,0,BruteForce,task0,binary_f1,0.9996095275283092
gnn_naive,none,0,BruteForce,task0,category_recall,1.0
gnn_naive,none,0,BruteForce,task1,n,100000.0
gnn_naive,none,0,BruteForce,task1,n_benign,66394.0
gnn_naive,none,0,BruteForce,task1,n_attack,33606.0
gnn_naive,none,0,BruteForce,task1,accuracy,0.66388
gnn_naive,none,0,BruteForce,task1,macro_f1,0.3989951198403731
gnn_naive,none,0,BruteForce,task1,fpr,9.036961171190167e-05
gnn_naive,none,0,BruteForce,task1,detection_rate,0.0
gnn_naive,none,0,BruteForce,task1,binary_f1,0.0
gnn_naive,none,0,BruteForce,task1,category_recall,0.0
gnn_naive,none,0,BruteForce,task2,n,25000.0
gnn_naive,none,0,BruteForce,task2,n_benign,24976.0
gnn_naive,none,0,BruteForce,task2,n_attack,24.0
gnn_naive,none,0,BruteForce,task2,accuracy,0.99916
gnn_naive,none,0,BruteForce,task2,macro_f1,0.6109009976498421
gnn_naive,none,0,BruteForce,task2,fpr,0.0
gnn_naive,none,0,BruteForce,task2,detection_rate,0.125
gnn_naive,none,0,BruteForce,task2,binary_f1,0.2222222222222222
gnn_naive,none,0,BruteForce,task2,category_recall,0.125
gnn_naive,none,0,BruteForce,task3,n,45000.0
gnn_naive,none,0,BruteForce,task3,n_benign,28566.0
gnn_naive,none,0,BruteForce,task3,n_attack,16434.0
gnn_naive,none,0,BruteForce,task3,accuracy,0.6348
gnn_naive,none,0,BruteForce,task3,macro_f1,0.3883043797406411
gnn_naive,none,0,BruteForce,task3,fpr,0.0
gnn_naive,none,0,BruteForce,task3,detection_rate,0.0
gnn_naive,none,0,BruteForce,task3,binary_f1,0.0
gnn_naive,none,0,BruteForce,task3,category_recall,0.0
gnn_naive,none,0,BruteForce,task4,n,27642.0
gnn_naive,none,0,BruteForce,task4,n_benign,27569.0
gnn_naive,none,0,BruteForce,task4,n_attack,73.0
gnn_naive,none,0,BruteForce,task4,accuracy,0.9973590912379712
gnn_naive,none,0,BruteForce,task4,macro_f1,0.4993388998569126
gnn_naive,none,0,BruteForce,task4,fpr,0.0
gnn_naive,none,0,BruteForce,task4,detection_rate,0.0
gnn_naive,none,0,BruteForce,task4,binary_f1,0.0
gnn_naive,none,0,BruteForce,task4,category_recall,0.0
gnn_naive,none,0,BruteForce,task5,n,55000.0
gnn_naive,none,0,BruteForce,task5,n_benign,25723.0
gnn_naive,none,0,BruteForce,task5,n_attack,29277.0
gnn_naive,none,0,BruteForce,task5,accuracy,0.4676909090909091
gnn_naive,none,0,BruteForce,task5,macro_f1,0.3186576316539276
gnn_naive,none,0,BruteForce,task5,fpr,0.0
gnn_naive,none,0,BruteForce,task5,detection_rate,0.0
gnn_naive,none,0,BruteForce,task5,binary_f1,0.0
gnn_naive,none,0,BruteForce,task5,category_recall,0.0
gnn_naive,none,0,BruteForce,task6,n,25000.0
gnn_naive,none,0,BruteForce,task6,n_benign,2841.0
gnn_naive,none,0,BruteForce,task6,n_attack,22159.0
gnn_naive,none,0,BruteForce,task6,accuracy,0.11364
gnn_naive,none,0,BruteForce,task6,macro_f1,0.1020437484285765
gnn_naive,none,0,BruteForce,task6,fpr,0.0
gnn_naive,none,0,BruteForce,task6,detection_rate,0.0
gnn_naive,none,0,BruteForce,task6,binary_f1,0.0
gnn_naive,none,0,BruteForce,task6,category_recall,0.0
gnn_naive,none,0,BruteForce,seen,n,138702.0
gnn_naive,none,0,BruteForce,seen,n_benign,137422.0
gnn_naive,none,0,BruteForce,seen,n_attack,1280.0
gnn_naive,none,0,BruteForce,seen,accuracy,0.999992790298626
gnn_naive,none,0,BruteForce,seen,macro_f1,0.999802944543727
gnn_naive,none,0,BruteForce,seen,fpr,7.27685523424197e-06
gnn_naive,none,0,BruteForce,seen,detection_rate,1.0
gnn_naive,none,0,BruteForce,seen,binary_f1,0.9996095275283092
gnn_naive,none,0,BruteForce,all,n,416344.0
gnn_naive,none,0,BruteForce,all,n_benign,313491.0
gnn_naive,none,0,BruteForce,all,n_attack,102853.0
gnn_naive,none,0,BruteForce,all,accuracy,0.7560262667409642
gnn_naive,none,0,BruteForce,all,macro_f1,0.4426073643534032
gnn_naive,none,0,BruteForce,all,fpr,2.2329189673706743e-05
gnn_naive,none,0,BruteForce,all,detection_rate,0.0124741135406842
gnn_naive,none,0,BruteForce,all,binary_f1,0.0246391980257914
gnn_naive,none,1,DoS,task0,n,138702.0
gnn_naive,none,1,DoS,task0,n_benign,137422.0
gnn_naive,none,1,DoS,task0,n_attack,1280.0
gnn_naive,none,1,DoS,task0,accuracy,0.9999855805972516
gnn_naive,none,1,DoS,task0,macro_f1,0.9996060414834552
gnn_naive,none,1,DoS,task0,fpr,1.455371046848394e-05
gnn_naive,none,1,DoS,task0,detection_rate,1.0
gnn_naive,none,1,DoS,task0,binary_f1,0.9992193598750976
gnn_naive,none,1,DoS,task0,category_recall,1.0
gnn_naive,none,1,DoS,task1,n,100000.0
gnn_naive,none,1,DoS,task1,n_benign,66394.0
gnn_naive,none,1,DoS,task1,n_attack,33606.0
gnn_naive,none,1,DoS,task1,accuracy,0.99844
gnn_naive,none,1,DoS,task1,macro_f1,0.9982540103672808
gnn_naive,none,1,DoS,task1,fpr,0.0023044250986534
gnn_naive,none,1,DoS,task1,detection_rate,0.9999107302267451
gnn_naive,none,1,DoS,task1,binary_f1,0.997684154270954
gnn_naive,none,1,DoS,task1,category_recall,0.9999107302267451
gnn_naive,none,1,DoS,task2,n,25000.0
gnn_naive,none,1,DoS,task2,n_benign,24976.0
gnn_naive,none,1,DoS,task2,n_attack,24.0
gnn_naive,none,1,DoS,task2,accuracy,0.99904
gnn_naive,none,1,DoS,task2,macro_f1,0.8330929872349516
gnn_naive,none,1,DoS,task2,fpr,0.0009609224855861
gnn_naive,none,1,DoS,task2,detection_rate,1.0
gnn_naive,none,1,DoS,task2,binary_f1,0.6666666666666666
gnn_naive,none,1,DoS,task2,category_recall,1.0
gnn_naive,none,1,DoS,task3,n,45000.0
gnn_naive,none,1,DoS,task3,n_benign,28566.0
gnn_naive,none,1,DoS,task3,n_attack,16434.0
gnn_naive,none,1,DoS,task3,accuracy,0.6345777777777778
gnn_naive,none,1,DoS,task3,macro_f1,0.3882212192071347
gnn_naive,none,1,DoS,task3,fpr,0.0003500665126374
gnn_naive,none,1,DoS,task3,detection_rate,0.0
gnn_naive,none,1,DoS,task3,binary_f1,0.0
gnn_naive,none,1,DoS,task3,category_recall,0.0
gnn_naive,none,1,DoS,task4,n,27642.0
gnn_naive,none,1,DoS,task4,n_benign,27569.0
gnn_naive,none,1,DoS,task4,n_attack,73.0
gnn_naive,none,1,DoS,task4,accuracy,0.9973590912379712
gnn_naive,none,1,DoS,task4,macro_f1,0.4993388998569126
gnn_naive,none,1,DoS,task4,fpr,0.0
gnn_naive,none,1,DoS,task4,detection_rate,0.0
gnn_naive,none,1,DoS,task4,binary_f1,0.0
gnn_naive,none,1,DoS,task4,category_recall,0.0
gnn_naive,none,1,DoS,task5,n,55000.0
gnn_naive,none,1,DoS,task5,n_benign,25723.0
gnn_naive,none,1,DoS,task5,n_attack,29277.0
gnn_naive,none,1,DoS,task5,accuracy,0.4676909090909091
gnn_naive,none,1,DoS,task5,macro_f1,0.3186576316539276
gnn_naive,none,1,DoS,task5,fpr,0.0
gnn_naive,none,1,DoS,task5,detection_rate,0.0
gnn_naive,none,1,DoS,task5,binary_f1,0.0
gnn_naive,none,1,DoS,task5,category_recall,0.0
gnn_naive,none,1,DoS,task6,n,25000.0
gnn_naive,none,1,DoS,task6,n_benign,2841.0
gnn_naive,none,1,DoS,task6,n_attack,22159.0
gnn_naive,none,1,DoS,task6,accuracy,1.0
gnn_naive,none,1,DoS,task6,macro_f1,1.0
gnn_naive,none,1,DoS,task6,fpr,0.0
gnn_naive,none,1,DoS,task6,detection_rate,1.0
gnn_naive,none,1,DoS,task6,binary_f1,1.0
gnn_naive,none,1,DoS,task6,category_recall,1.0
gnn_naive,none,1,DoS,seen,n,238702.0
gnn_naive,none,1,DoS,seen,n_benign,203816.0
gnn_naive,none,1,DoS,seen,n_attack,34886.0
gnn_naive,none,1,DoS,seen,accuracy,0.999338086819549
gnn_naive,none,1,DoS,seen,macro_f1,0.998676327387538
gnn_naive,none,1,DoS,seen,fpr,0.0007604898535934
gnn_naive,none,1,DoS,seen,detection_rate,0.9999140056182996
gnn_naive,none,1,DoS,seen,binary_f1,0.9977404038670556
gnn_naive,none,1,DoS,all,n,416344.0
gnn_naive,none,1,DoS,all,n_benign,313491.0
gnn_naive,none,1,DoS,all,n_attack,102853.0
gnn_naive,none,1,DoS,all,accuracy,0.8895720846223315
gnn_naive,none,1,DoS,all,macro_f1,0.8222430814625504
gnn_naive,none,1,DoS,all,fpr,0.00060288812119
gnn_naive,none,1,DoS,all,detection_rate,0.554830680680194
gnn_naive,none,1,DoS,all,binary_f1,0.7128438304144702
gnn_naive,none,2,WebAttack,task0,n,138702.0
gnn_naive,none,2,WebAttack,task0,n_benign,137422.0
gnn_naive,none,2,WebAttack,task0,n_attack,1280.0
gnn_naive,none,2,WebAttack,task0,accuracy,0.999992790298626
gnn_naive,none,2,WebAttack,task0,macro_f1,0.999802944543727
gnn_naive,none,2,WebAttack,task0,fpr,7.27685523424197e-06
gnn_naive,none,2,WebAttack,task0,detection_rate,1.0
gnn_naive,none,2,WebAttack,task0,binary_f1,0.9996095275283092
gnn_naive,none,2,WebAttack,task0,category_recall,1.0
gnn_naive,none,2,WebAttack,task1,n,100000.0
gnn_naive,none,2,WebAttack,task1,n_benign,66394.0
gnn_naive,none,2,WebAttack,task1,n_attack,33606.0
gnn_naive,none,2,WebAttack,task1,accuracy,0.9973
gnn_naive,none,2,WebAttack,task1,macro_f1,0.9969752163260754
gnn_naive,none,2,WebAttack,task1,fpr,0.0021839322830376
gnn_naive,none,2,WebAttack,task1,detection_rate,0.9962804261143844
gnn_naive,none,2,WebAttack,task1,binary_f1,0.995984055211804
gnn_naive,none,2,WebAttack,task1,category_recall,0.9962804261143844
gnn_naive,none,2,WebAttack,task2,n,25000.0
gnn_naive,none,2,WebAttack,task2,n_benign,24976.0
gnn_naive,none,2,WebAttack,task2,n_attack,24.0
gnn_naive,none,2,WebAttack,task2,accuracy,0.99904
gnn_naive,none,2,WebAttack,task2,macro_f1,0.8330929872349516
gnn_naive,none,2,WebAttack,task2,fpr,0.0009609224855861
gnn_naive,none,2,WebAttack,task2,detection_rate,1.0
gnn_naive,none,2,WebAttack,task2,binary_f1,0.6666666666666666
gnn_naive,none,2,WebAttack,task2,category_recall,1.0
gnn_naive,none,2,WebAttack,task3,n,45000.0
gnn_naive,none,2,WebAttack,task3,n_benign,28566.0
gnn_naive,none,2,WebAttack,task3,n_attack,16434.0
gnn_naive,none,2,WebAttack,task3,accuracy,0.6346222222222222
gnn_naive,none,2,WebAttack,task3,macro_f1,0.3882378531227058
gnn_naive,none,2,WebAttack,task3,fpr,0.0002800532101099
gnn_naive,none,2,WebAttack,task3,detection_rate,0.0
gnn_naive,none,2,WebAttack,task3,binary_f1,0.0
gnn_naive,none,2,WebAttack,task3,category_recall,0.0
gnn_naive,none,2,WebAttack,task4,n,27642.0
gnn_naive,none,2,WebAttack,task4,n_benign,27569.0
gnn_naive,none,2,WebAttack,task4,n_attack,73.0
gnn_naive,none,2,WebAttack,task4,accuracy,0.9973590912379712
gnn_naive,none,2,WebAttack,task4,macro_f1,0.4993388998569126
gnn_naive,none,2,WebAttack,task4,fpr,0.0
gnn_naive,none,2,WebAttack,task4,detection_rate,0.0
gnn_naive,none,2,WebAttack,task4,binary_f1,0.0
gnn_naive,none,2,WebAttack,task4,category_recall,0.0
gnn_naive,none,2,WebAttack,task5,n,55000.0
gnn_naive,none,2,WebAttack,task5,n_benign,25723.0
gnn_naive,none,2,WebAttack,task5,n_attack,29277.0
gnn_naive,none,2,WebAttack,task5,accuracy,0.4676909090909091
gnn_naive,none,2,WebAttack,task5,macro_f1,0.3186576316539276
gnn_naive,none,2,WebAttack,task5,fpr,0.0
gnn_naive,none,2,WebAttack,task5,detection_rate,0.0
gnn_naive,none,2,WebAttack,task5,binary_f1,0.0
gnn_naive,none,2,WebAttack,task5,category_recall,0.0
gnn_naive,none,2,WebAttack,task6,n,25000.0
gnn_naive,none,2,WebAttack,task6,n_benign,2841.0
gnn_naive,none,2,WebAttack,task6,n_attack,22159.0
gnn_naive,none,2,WebAttack,task6,accuracy,1.0
gnn_naive,none,2,WebAttack,task6,macro_f1,1.0
gnn_naive,none,2,WebAttack,task6,fpr,0.0
gnn_naive,none,2,WebAttack,task6,detection_rate,1.0
gnn_naive,none,2,WebAttack,task6,binary_f1,1.0
gnn_naive,none,2,WebAttack,task6,category_recall,1.0
gnn_naive,none,2,WebAttack,seen,n,263702.0
gnn_naive,none,2,WebAttack,seen,n_benign,228792.0
gnn_naive,none,2,WebAttack,seen,n_attack,34910.0
gnn_naive,none,2,WebAttack,seen,accuracy,0.9988813129972468
gnn_naive,none,2,WebAttack,seen,macro_f1,0.9975664086246456
gnn_naive,none,2,WebAttack,seen,fpr,0.0007430329731808
gnn_naive,none,2,WebAttack,seen,detection_rate,0.9964193640790604
gnn_naive,none,2,WebAttack,seen,binary_f1,0.9957775710298432
gnn_naive,none,2,WebAttack,all,n,416344.0
gnn_naive,none,2,WebAttack,all,n_benign,313491.0
gnn_naive,none,2,WebAttack,all,n_attack,102853.0
gnn_naive,none,2,WebAttack,all,accuracy,0.8893054781622889
gnn_naive,none,2,WebAttack,all,macro_f1,0.821701039961436
gnn_naive,none,2,WebAttack,all,fpr,0.0005677993945599
gnn_naive,none,2,WebAttack,all,detection_rate,0.5536445217932389
gnn_naive,none,2,WebAttack,all,binary_f1,0.7119112361306454
gnn_naive,none,3,Infiltration,task0,n,138702.0
gnn_naive,none,3,Infiltration,task0,n_benign,137422.0
gnn_naive,none,3,Infiltration,task0,n_attack,1280.0
gnn_naive,none,3,Infiltration,task0,accuracy,0.9957751149947368
gnn_naive,none,3,Infiltration,task0,macro_f1,0.8509563876830346
gnn_naive,none,3,Infiltration,task0,fpr,2.183056570272591e-05
gnn_naive,none,3,Infiltration,task0,detection_rate,0.54453125
gnn_naive,none,3,Infiltration,task0,binary_f1,0.704040404040404
gnn_naive,none,3,Infiltration,task0,category_recall,0.54453125
gnn_naive,none,3,Infiltration,task1,n,100000.0
gnn_naive,none,3,Infiltration,task1,n_benign,66394.0
gnn_naive,none,3,Infiltration,task1,n_attack,33606.0
gnn_naive,none,3,Infiltration,task1,accuracy,0.89544
gnn_naive,none,3,Infiltration,task1,macro_f1,0.8743365834520702
gnn_naive,none,3,Infiltration,task1,fpr,0.0170497334096454
gnn_naive,none,3,Infiltration,task1,detection_rate,0.7225495447241564
gnn_naive,none,3,Infiltration,task1,binary_f1,0.8228397153507285
gnn_naive,none,3,Infiltration,task1,category_recall,0.7225495447241564
gnn_naive,none,3,Infiltration,task2,n,25000.0
gnn_naive,none,3,Infiltration,task2,n_benign,24976.0
gnn_naive,none,3,Infiltration,task2,n_attack,24.0
gnn_naive,none,3,Infiltration,task2,accuracy,0.98312
gnn_naive,none,3,Infiltration,task2,macro_f1,0.5050457187627551
gnn_naive,none,3,Infiltration,task2,fpr,0.0160954516335682
gnn_naive,none,3,Infiltration,task2,detection_rate,0.1666666666666666
gnn_naive,none,3,Infiltration,task2,binary_f1,0.0186046511627906
gnn_naive,none,3,Infiltration,task2,category_recall,0.1666666666666666
gnn_naive,none,3,Infiltration,task3,n,45000.0
gnn_naive,none,3,Infiltration,task3,n_benign,28566.0
gnn_naive,none,3,Infiltration,task3,n_attack,16434.0
gnn_naive,none,3,Infiltration,task3,accuracy,0.9739777777777778
gnn_naive,none,3,Infiltration,task3,macro_f1,0.9715128567505104
gnn_naive,none,3,Infiltration,task3,fpr,0.0011552194917034
gnn_naive,none,3,Infiltration,task3,detection_rate,0.930753316295485
gnn_naive,none,3,Infiltration,task3,binary_f1,0.9631332053017662
gnn_naive,none,3,Infiltration,task3,category_recall,0.930753316295485
gnn_naive,none,3,Infiltration,task4,n,27642.0
gnn_naive,none,3,Infiltration,task4,n_benign,27569.0
gnn_naive,none,3,Infiltration,task4,n_attack,73.0
gnn_naive,none,3,Infiltration,task4,accuracy,0.9973590912379712
gnn_naive,none,3,Infiltration,task4,macro_f1,0.4993388998569126
gnn_naive,none,3,Infiltration,task4,fpr,0.0
gnn_naive,none,3,Infiltration,task4,detection_rate,0.0
gnn_naive,none,3,Infiltration,task4,binary_f1,0.0
gnn_naive,none,3,Infiltration,task4,category_recall,0.0
gnn_naive,none,3,Infiltration,task5,n,55000.0
gnn_naive,none,3,Infiltration,task5,n_benign,25723.0
gnn_naive,none,3,Infiltration,task5,n_attack,29277.0
gnn_naive,none,3,Infiltration,task5,accuracy,0.9998363636363636
gnn_naive,none,3,Infiltration,task5,macro_f1,0.999835674012125
gnn_naive,none,3,Infiltration,task5,fpr,0.0003498814290712
gnn_naive,none,3,Infiltration,task5,detection_rate,1.0
gnn_naive,none,3,Infiltration,task5,binary_f1,0.999846319348394
gnn_naive,none,3,Infiltration,task5,category_recall,1.0
gnn_naive,none,3,Infiltration,task6,n,25000.0
gnn_naive,none,3,Infiltration,task6,n_benign,2841.0
gnn_naive,none,3,Infiltration,task6,n_attack,22159.0
gnn_naive,none,3,Infiltration,task6,accuracy,0.99896
gnn_naive,none,3,Infiltration,task6,macro_f1,0.9974083933225156
gnn_naive,none,3,Infiltration,task6,fpr,0.0091517071453713
gnn_naive,none,3,Infiltration,task6,detection_rate,1.0
gnn_naive,none,3,Infiltration,task6,binary_f1,0.999413674905286
gnn_naive,none,3,Infiltration,task6,category_recall,1.0
gnn_naive,none,3,Infiltration,seen,n,308702.0
gnn_naive,none,3,Infiltration,seen,n_benign,257358.0
gnn_naive,none,3,Infiltration,seen,n_attack,51344.0
gnn_naive,none,3,Infiltration,seen,accuracy,0.9590705599574996
gnn_naive,none,3,Infiltration,seen,macro_f1,0.9201591288221064
gnn_naive,none,3,Infiltration,seen,fpr,0.0061004515111245
gnn_naive,none,3,Infiltration,seen,detection_rate,0.784492832658149
gnn_naive,none,3,Infiltration,seen,binary_f1,0.8644211475110791
gnn_naive,none,3,Infiltration,all,n,416344.0
gnn_naive,none,3,Infiltration,all,n_benign,313491.0
gnn_naive,none,3,Infiltration,all,n_attack,102853.0
gnn_naive,none,3,Infiltration,all,accuracy,0.9693930980151028
gnn_naive,none,3,Infiltration,all,macro_f1,0.9575110384161328
gnn_naive,none,3,Infiltration,all,fpr,0.005119764203757
gnn_naive,none,3,Infiltration,all,detection_rate,0.8917095271892895
gnn_naive,none,3,Infiltration,all,binary_f1,0.9350420292293028
gnn_naive,none,4,Botnet,task0,n,138702.0
gnn_naive,none,4,Botnet,task0,n_benign,137422.0
gnn_naive,none,4,Botnet,task0,n_attack,1280.0
gnn_naive,none,4,Botnet,task0,accuracy,0.9907211143314444
gnn_naive,none,4,Botnet,task0,macro_f1,0.4976694662045437
gnn_naive,none,4,Botnet,task0,fpr,5.093798663969379e-05
gnn_naive,none,4,Botnet,task0,detection_rate,0.0
gnn_naive,none,4,Botnet,task0,binary_f1,0.0
gnn_naive,none,4,Botnet,task0,category_recall,0.0
gnn_naive,none,4,Botnet,task1,n,100000.0
gnn_naive,none,4,Botnet,task1,n_benign,66394.0
gnn_naive,none,4,Botnet,task1,n_attack,33606.0
gnn_naive,none,4,Botnet,task1,accuracy,0.66393
gnn_naive,none,4,Botnet,task1,macro_f1,0.3990131796409705
gnn_naive,none,4,Botnet,task1,fpr,1.5061601951983614e-05
gnn_naive,none,4,Botnet,task1,detection_rate,0.0
gnn_naive,none,4,Botnet,task1,binary_f1,0.0
gnn_naive,none,4,Botnet,task1,category_recall,0.0
gnn_naive,none,4,Botnet,task2,n,25000.0
gnn_naive,none,4,Botnet,task2,n_benign,24976.0
gnn_naive,none,4,Botnet,task2,n_attack,24.0
gnn_naive,none,4,Botnet,task2,accuracy,0.99904
gnn_naive,none,4,Botnet,task2,macro_f1,0.4997598847446774
gnn_naive,none,4,Botnet,task2,fpr,0.0
gnn_naive,none,4,Botnet,task2,detection_rate,0.0
gnn_naive,none,4,Botnet,task2,binary_f1,0.0
gnn_naive,none,4,Botnet,task2,category_recall,0.0
gnn_naive,none,4,Botnet,task3,n,45000.0
gnn_naive,none,4,Botnet,task3,n_benign,28566.0
gnn_naive,none,4,Botnet,task3,n_attack,16434.0
gnn_naive,none,4,Botnet,task3,accuracy,0.6348
gnn_naive,none,4,Botnet,task3,macro_f1,0.3883043797406411
gnn_naive,none,4,Botnet,task3,fpr,0.0
gnn_naive,none,4,Botnet,task3,detection_rate,0.0
gnn_naive,none,4,Botnet,task3,binary_f1,0.0
gnn_naive,none,4,Botnet,task3,category_recall,0.0
gnn_naive,none,4,Botnet,task4,n,27642.0
gnn_naive,none,4,Botnet,task4,n_benign,27569.0
gnn_naive,none,4,Botnet,task4,n_attack,73.0
gnn_naive,none,4,Botnet,task4,accuracy,0.999348817017582
gnn_naive,none,4,Botnet,task4,macro_f1,0.9295243264558706
gnn_naive,none,4,Botnet,task4,fpr,0.0
gnn_naive,none,4,Botnet,task4,detection_rate,0.7534246575342466
gnn_naive,none,4,Botnet,task4,binary_f1,0.859375
gnn_naive,none,4,Botnet,task4,category_recall,0.7534246575342466
gnn_naive,none,4,Botnet,task5,n,55000.0
gnn_naive,none,4,Botnet,task5,n_benign,25723.0
gnn_naive,none,4,Botnet,task5,n_attack,29277.0
gnn_naive,none,4,Botnet,task5,accuracy,0.4676909090909091
gnn_naive,none,4,Botnet,task5,macro_f1,0.3186576316539276
gnn_naive,none,4,Botnet,task5,fpr,0.0
gnn_naive,none,4,Botnet,task5,detection_rate,0.0
gnn_naive,none,4,Botnet,task5,binary_f1,0.0
gnn_naive,none,4,Botnet,task5,category_recall,0.0
gnn_naive,none,4,Botnet,task6,n,25000.0
gnn_naive,none,4,Botnet,task6,n_benign,2841.0
gnn_naive,none,4,Botnet,task6,n_attack,22159.0
gnn_naive,none,4,Botnet,task6,accuracy,0.11364
gnn_naive,none,4,Botnet,task6,macro_f1,0.1020437484285765
gnn_naive,none,4,Botnet,task6,fpr,0.0
gnn_naive,none,4,Botnet,task6,detection_rate,0.0
gnn_naive,none,4,Botnet,task6,binary_f1,0.0
gnn_naive,none,4,Botnet,task6,category_recall,0.0
gnn_naive,none,4,Botnet,seen,n,336344.0
gnn_naive,none,4,Botnet,seen,n_benign,284927.0
gnn_naive,none,4,Botnet,seen,n_attack,51417.0
gnn_naive,none,4,Botnet,seen,accuracy,0.8472694622172537
gnn_naive,none,4,Botnet,seen,macro_f1,0.4597215164014046
gnn_naive,none,4,Botnet,seen,fpr,2.807736718527904e-05
gnn_naive,none,4,Botnet,seen,detection_rate,0.0010696851235972
gnn_naive,none,4,Botnet,seen,binary_f1,0.0021367521367521
gnn_naive,none,4,Botnet,all,n,416344.0
gnn_naive,none,4,Botnet,all,n_benign,313491.0
gnn_naive,none,4,Botnet,all,n_attack,102853.0
gnn_naive,none,4,Botnet,all,accuracy,0.7530743808004919
gnn_naive,none,4,Botnet,all,macro_f1,0.4300973484015085
gnn_naive,none,4,Botnet,all,fpr,2.5519073912807706e-05
gnn_naive,none,4,Botnet,all,detection_rate,0.0005347437605125
gnn_naive,none,4,Botnet,all,binary_f1,0.0010688328345446
gnn_naive,none,5,PortScan,task0,n,138702.0
gnn_naive,none,5,PortScan,task0,n_benign,137422.0
gnn_naive,none,5,PortScan,task0,n_attack,1280.0
gnn_naive,none,5,PortScan,task0,accuracy,0.9955804530576344
gnn_naive,none,5,PortScan,task0,macro_f1,0.8461715654595184
gnn_naive,none,5,PortScan,task0,fpr,0.0002183056570272
gnn_naive,none,5,PortScan,task0,detection_rate,0.54453125
gnn_naive,none,5,PortScan,task0,binary_f1,0.6945690084703537
gnn_naive,none,5,PortScan,task0,category_recall,0.54453125
gnn_naive,none,5,PortScan,task1,n,100000.0
gnn_naive,none,5,PortScan,task1,n_benign,66394.0
gnn_naive,none,5,PortScan,task1,n_attack,33606.0
gnn_naive,none,5,PortScan,task1,accuracy,0.85079
gnn_naive,none,5,PortScan,task1,macro_f1,0.8114470973669354
gnn_naive,none,5,PortScan,task1,fpr,0.0152875259812633
gnn_naive,none,5,PortScan,task1,detection_rate,0.5862048443730287
gnn_naive,none,5,PortScan,task1,binary_f1,0.725318016973178
gnn_naive,none,5,PortScan,task1,category_recall,0.5862048443730287
gnn_naive,none,5,PortScan,task2,n,25000.0
gnn_naive,none,5,PortScan,task2,n_benign,24976.0
gnn_naive,none,5,PortScan,task2,n_attack,24.0
gnn_naive,none,5,PortScan,task2,accuracy,0.99904
gnn_naive,none,5,PortScan,task2,macro_f1,0.4997598847446774
gnn_naive,none,5,PortScan,task2,fpr,0.0
gnn_naive,none,5,PortScan,task2,detection_rate,0.0
gnn_naive,none,5,PortScan,task2,binary_f1,0.0
gnn_naive,none,5,PortScan,task2,category_recall,0.0
gnn_naive,none,5,PortScan,task3,n,45000.0
gnn_naive,none,5,PortScan,task3,n_benign,28566.0
gnn_naive,none,5,PortScan,task3,n_attack,16434.0
gnn_naive,none,5,PortScan,task3,accuracy,0.9923111111111113
gnn_naive,none,5,PortScan,task3,macro_f1,0.9917429685665832
gnn_naive,none,5,PortScan,task3,fpr,0.0117972414758804
gnn_naive,none,5,PortScan,task3,detection_rate,0.9994523548740416
gnn_naive,none,5,PortScan,task3,binary_f1,0.9895770574768044
gnn_naive,none,5,PortScan,task3,category_recall,0.9994523548740416
gnn_naive,none,5,PortScan,task4,n,27642.0
gnn_naive,none,5,PortScan,task4,n_benign,27569.0
gnn_naive,none,5,PortScan,task4,n_attack,73.0
gnn_naive,none,5,PortScan,task4,accuracy,0.9975761522321106
gnn_naive,none,5,PortScan,task4,macro_f1,0.5858129020094855
gnn_naive,none,5,PortScan,task4,fpr,3.627262504987486e-05
gnn_naive,none,5,PortScan,task4,detection_rate,0.0958904109589041
gnn_naive,none,5,PortScan,task4,binary_f1,0.1728395061728395
gnn_naive,none,5,PortScan,task4,category_recall,0.0958904109589041
gnn_naive,none,5,PortScan,task5,n,55000.0
gnn_naive,none,5,PortScan,task5,n_benign,25723.0
gnn_naive,none,5,PortScan,task5,n_attack,29277.0
gnn_naive,none,5,PortScan,task5,accuracy,0.9999454545454546
gnn_naive,none,5,PortScan,task5,macro_f1,0.9999452254475116
gnn_naive,none,5,PortScan,task5,fpr,0.0001166271430237
gnn_naive,none,5,PortScan,task5,detection_rate,1.0
gnn_naive,none,5,PortScan,task5,binary_f1,0.9999487678672064
gnn_naive,none,5,PortScan,task5,category_recall,1.0
gnn_naive,none,5,PortScan,task6,n,25000.0
gnn_naive,none,5,PortScan,task6,n_benign,2841.0
gnn_naive,none,5,PortScan,task6,n_attack,22159.0
gnn_naive,none,5,PortScan,task6,accuracy,0.11512
gnn_naive,none,5,PortScan,task6,macro_f1,0.1038465095329536
gnn_naive,none,5,PortScan,task6,fpr,0.0
gnn_naive,none,5,PortScan,task6,detection_rate,0.0016697504400018
gnn_naive,none,5,PortScan,task6,binary_f1,0.0033339340421697
gnn_naive,none,5,PortScan,task6,category_recall,0.0016697504400018
gnn_naive,none,5,PortScan,seen,n,391344.0
gnn_naive,none,5,PortScan,seen,n_benign,310650.0
gnn_naive,none,5,PortScan,seen,n_attack,80694.0
gnn_naive,none,5,PortScan,seen,accuracy,0.9591816918107854
gnn_naive,none,5,PortScan,seen,macro_f1,0.9335136962790986
gnn_naive,none,5,PortScan,seen,fpr,0.0044616127474649
gnn_naive,none,5,PortScan,seen,detection_rate,0.8192182814087788
gnn_naive,none,5,PortScan,seen,binary_f1,0.8922030421227376
gnn_naive,none,5,PortScan,all,n,416344.0
gnn_naive,none,5,PortScan,all,n_benign,313491.0
gnn_naive,none,5,PortScan,all,n_attack,102853.0
gnn_naive,none,5,PortScan,all,accuracy,0.9084987414253598
gnn_naive,none,5,PortScan,all,macro_f1,0.8594440330763017
gnn_naive,none,5,PortScan,all,fpr,0.0044211795553939
gnn_naive,none,5,PortScan,all,detection_rate,0.6430828463924242
gnn_naive,none,5,PortScan,all,binary_f1,0.7764083060417181
gnn_naive,none,6,DDoS,task0,n,138702.0
gnn_naive,none,6,DDoS,task0,n_benign,137422.0
gnn_naive,none,6,DDoS,task0,n_attack,1280.0
gnn_naive,none,6,DDoS,task0,accuracy,0.9932373001110294
gnn_naive,none,6,DDoS,task0,macro_f1,0.7095062656140202
gnn_naive,none,6,DDoS,task0,fpr,7.27685523424197e-06
gnn_naive,none,6,DDoS,task0,detection_rate,0.26796875
gnn_naive,none,6,DDoS,task0,binary_f1,0.4224137931034483
gnn_naive,none,6,DDoS,task0,category_recall,0.26796875
gnn_naive,none,6,DDoS,task1,n,100000.0
gnn_naive,none,6,DDoS,task1,n_benign,66394.0
gnn_naive,none,6,DDoS,task1,n_attack,33606.0
gnn_naive,none,6,DDoS,task1,accuracy,0.86578
gnn_naive,none,6,DDoS,task1,macro_f1,0.8331806572183065
gnn_naive,none,6,DDoS,task1,fpr,0.0150917251558875
gnn_naive,none,6,DDoS,task1,detection_rate,0.6304231387252276
gnn_naive,none,6,DDoS,task1,binary_f1,0.759436498548231
gnn_naive,none,6,DDoS,task1,category_recall,0.6304231387252276
gnn_naive,none,6,DDoS,task2,n,25000.0
gnn_naive,none,6,DDoS,task2,n_benign,24976.0
gnn_naive,none,6,DDoS,task2,n_attack,24.0
gnn_naive,none,6,DDoS,task2,accuracy,0.99904
gnn_naive,none,6,DDoS,task2,macro_f1,0.4997598847446774
gnn_naive,none,6,DDoS,task2,fpr,0.0
gnn_naive,none,6,DDoS,task2,detection_rate,0.0
gnn_naive,none,6,DDoS,task2,binary_f1,0.0
gnn_naive,none,6,DDoS,task2,category_recall,0.0
gnn_naive,none,6,DDoS,task3,n,45000.0
gnn_naive,none,6,DDoS,task3,n_benign,28566.0
gnn_naive,none,6,DDoS,task3,n_attack,16434.0
gnn_naive,none,6,DDoS,task3,accuracy,0.9486666666666668
gnn_naive,none,6,DDoS,task3,macro_f1,0.9428068321735744
gnn_naive,none,6,DDoS,task3,fpr,0.000665126374011
gnn_naive,none,6,DDoS,task3,detection_rate,0.8605938907143726
gnn_naive,none,6,DDoS,task3,binary_f1,0.924499934631978
gnn_naive,none,6,DDoS,task3,category_recall,0.8605938907143726
gnn_naive,none,6,DDoS,task4,n,27642.0
gnn_naive,none,6,DDoS,task4,n_benign,27569.0
gnn_naive,none,6,DDoS,task4,n_attack,73.0
gnn_naive,none,6,DDoS,task4,accuracy,0.9973590912379712
gnn_naive,none,6,DDoS,task4,macro_f1,0.4993388998569126
gnn_naive,none,6,DDoS,task4,fpr,0.0
gnn_naive,none,6,DDoS,task4,detection_rate,0.0
gnn_naive,none,6,DDoS,task4,binary_f1,0.0
gnn_naive,none,6,DDoS,task4,category_recall,0.0
gnn_naive,none,6,DDoS,task5,n,55000.0
gnn_naive,none,6,DDoS,task5,n_benign,25723.0
gnn_naive,none,6,DDoS,task5,n_attack,29277.0
gnn_naive,none,6,DDoS,task5,accuracy,0.9999818181818182
gnn_naive,none,6,DDoS,task5,macro_f1,0.99998174190205
gnn_naive,none,6,DDoS,task5,fpr,3.8875714341251024e-05
gnn_naive,none,6,DDoS,task5,detection_rate,1.0
gnn_naive,none,6,DDoS,task5,binary_f1,0.9999829220391084
gnn_naive,none,6,DDoS,task5,category_recall,1.0
gnn_naive,none,6,DDoS,task6,n,25000.0
gnn_naive,none,6,DDoS,task6,n_benign,2841.0
gnn_naive,none,6,DDoS,task6,n_attack,22159.0
gnn_naive,none,6,DDoS,task6,accuracy,1.0
gnn_naive,none,6,DDoS,task6,macro_f1,1.0
gnn_naive,none,6,DDoS,task6,fpr,0.0
gnn_naive,none,6,DDoS,task6,detection_rate,1.0
gnn_naive,none,6,DDoS,task6,binary_f1,1.0
gnn_naive,none,6,DDoS,task6,category_recall,1.0
gnn_naive,none,6,DDoS,seen,n,416344.0
gnn_naive,none,6,DDoS,seen,n_benign,313491.0
gnn_naive,none,6,DDoS,seen,n_attack,102853.0
gnn_naive,none,6,DDoS,seen,accuracy,0.959725611513556
gnn_naive,none,6,DDoS,seen,macro_f1,0.9430358207735692
gnn_naive,none,6,DDoS,seen,fpr,0.0032632515766002
gnn_naive,none,6,DDoS,seen,detection_rate,0.8469174452859907
gnn_naive,none,6,DDoS,seen,binary_f1,0.9122020692832908
gnn_naive,none,6,DDoS,all,n,416344.0
gnn_naive,none,6,DDoS,all,n_benign,313491.0
gnn_naive,none,6,DDoS,all,n_attack,102853.0
gnn_naive,none,6,DDoS,all,accuracy,0.959725611513556
gnn_naive,none,6,DDoS,all,macro_f1,0.9430358207735692
gnn_naive,none,6,DDoS,all,fpr,0.0032632515766002
gnn_naive,none,6,DDoS,all,detection_rate,0.8469174452859907
gnn_naive,none,6,DDoS,all,binary_f1,0.9122020692832908
gnn_ewc_replay,none,0,BruteForce,task0,n,138702.0
gnn_ewc_replay,none,0,BruteForce,task0,n_benign,137422.0
gnn_ewc_replay,none,0,BruteForce,task0,n_attack,1280.0
gnn_ewc_replay,none,0,BruteForce,task0,accuracy,0.999992790298626
gnn_ewc_replay,none,0,BruteForce,task0,macro_f1,0.999802944543727
gnn_ewc_replay,none,0,BruteForce,task0,fpr,7.27685523424197e-06
gnn_ewc_replay,none,0,BruteForce,task0,detection_rate,1.0
gnn_ewc_replay,none,0,BruteForce,task0,binary_f1,0.9996095275283092
gnn_ewc_replay,none,0,BruteForce,task0,category_recall,1.0
gnn_ewc_replay,none,0,BruteForce,task1,n,100000.0
gnn_ewc_replay,none,0,BruteForce,task1,n_benign,66394.0
gnn_ewc_replay,none,0,BruteForce,task1,n_attack,33606.0
gnn_ewc_replay,none,0,BruteForce,task1,accuracy,0.66388
gnn_ewc_replay,none,0,BruteForce,task1,macro_f1,0.3989951198403731
gnn_ewc_replay,none,0,BruteForce,task1,fpr,9.036961171190167e-05
gnn_ewc_replay,none,0,BruteForce,task1,detection_rate,0.0
gnn_ewc_replay,none,0,BruteForce,task1,binary_f1,0.0
gnn_ewc_replay,none,0,BruteForce,task1,category_recall,0.0
gnn_ewc_replay,none,0,BruteForce,task2,n,25000.0
gnn_ewc_replay,none,0,BruteForce,task2,n_benign,24976.0
gnn_ewc_replay,none,0,BruteForce,task2,n_attack,24.0
gnn_ewc_replay,none,0,BruteForce,task2,accuracy,0.99916
gnn_ewc_replay,none,0,BruteForce,task2,macro_f1,0.6109009976498421
gnn_ewc_replay,none,0,BruteForce,task2,fpr,0.0
gnn_ewc_replay,none,0,BruteForce,task2,detection_rate,0.125
gnn_ewc_replay,none,0,BruteForce,task2,binary_f1,0.2222222222222222
gnn_ewc_replay,none,0,BruteForce,task2,category_recall,0.125
gnn_ewc_replay,none,0,BruteForce,task3,n,45000.0
gnn_ewc_replay,none,0,BruteForce,task3,n_benign,28566.0
gnn_ewc_replay,none,0,BruteForce,task3,n_attack,16434.0
gnn_ewc_replay,none,0,BruteForce,task3,accuracy,0.6348
gnn_ewc_replay,none,0,BruteForce,task3,macro_f1,0.3883043797406411
gnn_ewc_replay,none,0,BruteForce,task3,fpr,0.0
gnn_ewc_replay,none,0,BruteForce,task3,detection_rate,0.0
gnn_ewc_replay,none,0,BruteForce,task3,binary_f1,0.0
gnn_ewc_replay,none,0,BruteForce,task3,category_recall,0.0
gnn_ewc_replay,none,0,BruteForce,task4,n,27642.0
gnn_ewc_replay,none,0,BruteForce,task4,n_benign,27569.0
gnn_ewc_replay,none,0,BruteForce,task4,n_attack,73.0
gnn_ewc_replay,none,0,BruteForce,task4,accuracy,0.9973590912379712
gnn_ewc_replay,none,0,BruteForce,task4,macro_f1,0.4993388998569126
gnn_ewc_replay,none,0,BruteForce,task4,fpr,0.0
gnn_ewc_replay,none,0,BruteForce,task4,detection_rate,0.0
gnn_ewc_replay,none,0,BruteForce,task4,binary_f1,0.0
gnn_ewc_replay,none,0,BruteForce,task4,category_recall,0.0
gnn_ewc_replay,none,0,BruteForce,task5,n,55000.0
gnn_ewc_replay,none,0,BruteForce,task5,n_benign,25723.0
gnn_ewc_replay,none,0,BruteForce,task5,n_attack,29277.0
gnn_ewc_replay,none,0,BruteForce,task5,accuracy,0.4676909090909091
gnn_ewc_replay,none,0,BruteForce,task5,macro_f1,0.3186576316539276
gnn_ewc_replay,none,0,BruteForce,task5,fpr,0.0
gnn_ewc_replay,none,0,BruteForce,task5,detection_rate,0.0
gnn_ewc_replay,none,0,BruteForce,task5,binary_f1,0.0
gnn_ewc_replay,none,0,BruteForce,task5,category_recall,0.0
gnn_ewc_replay,none,0,BruteForce,task6,n,25000.0
gnn_ewc_replay,none,0,BruteForce,task6,n_benign,2841.0
gnn_ewc_replay,none,0,BruteForce,task6,n_attack,22159.0
gnn_ewc_replay,none,0,BruteForce,task6,accuracy,0.11364
gnn_ewc_replay,none,0,BruteForce,task6,macro_f1,0.1020437484285765
gnn_ewc_replay,none,0,BruteForce,task6,fpr,0.0
gnn_ewc_replay,none,0,BruteForce,task6,detection_rate,0.0
gnn_ewc_replay,none,0,BruteForce,task6,binary_f1,0.0
gnn_ewc_replay,none,0,BruteForce,task6,category_recall,0.0
gnn_ewc_replay,none,0,BruteForce,seen,n,138702.0
gnn_ewc_replay,none,0,BruteForce,seen,n_benign,137422.0
gnn_ewc_replay,none,0,BruteForce,seen,n_attack,1280.0
gnn_ewc_replay,none,0,BruteForce,seen,accuracy,0.999992790298626
gnn_ewc_replay,none,0,BruteForce,seen,macro_f1,0.999802944543727
gnn_ewc_replay,none,0,BruteForce,seen,fpr,7.27685523424197e-06
gnn_ewc_replay,none,0,BruteForce,seen,detection_rate,1.0
gnn_ewc_replay,none,0,BruteForce,seen,binary_f1,0.9996095275283092
gnn_ewc_replay,none,0,BruteForce,all,n,416344.0
gnn_ewc_replay,none,0,BruteForce,all,n_benign,313491.0
gnn_ewc_replay,none,0,BruteForce,all,n_attack,102853.0
gnn_ewc_replay,none,0,BruteForce,all,accuracy,0.7560262667409642
gnn_ewc_replay,none,0,BruteForce,all,macro_f1,0.4426073643534032
gnn_ewc_replay,none,0,BruteForce,all,fpr,2.2329189673706743e-05
gnn_ewc_replay,none,0,BruteForce,all,detection_rate,0.0124741135406842
gnn_ewc_replay,none,0,BruteForce,all,binary_f1,0.0246391980257914
gnn_ewc_replay,none,1,DoS,task0,n,138702.0
gnn_ewc_replay,none,1,DoS,task0,n_benign,137422.0
gnn_ewc_replay,none,1,DoS,task0,n_attack,1280.0
gnn_ewc_replay,none,1,DoS,task0,accuracy,0.999992790298626
gnn_ewc_replay,none,1,DoS,task0,macro_f1,0.999802944543727
gnn_ewc_replay,none,1,DoS,task0,fpr,7.27685523424197e-06
gnn_ewc_replay,none,1,DoS,task0,detection_rate,1.0
gnn_ewc_replay,none,1,DoS,task0,binary_f1,0.9996095275283092
gnn_ewc_replay,none,1,DoS,task0,category_recall,1.0
gnn_ewc_replay,none,1,DoS,task1,n,100000.0
gnn_ewc_replay,none,1,DoS,task1,n_benign,66394.0
gnn_ewc_replay,none,1,DoS,task1,n_attack,33606.0
gnn_ewc_replay,none,1,DoS,task1,accuracy,0.99814
gnn_ewc_replay,none,1,DoS,task1,macro_f1,0.9979175427877648
gnn_ewc_replay,none,1,DoS,task1,fpr,0.0021839322830376
gnn_ewc_replay,none,1,DoS,task1,detection_rate,0.998779979765518
gnn_ewc_replay,none,1,DoS,task1,binary_f1,0.9972369124725176
gnn_ewc_replay,none,1,DoS,task1,category_recall,0.998779979765518
gnn_ewc_replay,none,1,DoS,task2,n,25000.0
gnn_ewc_replay,none,1,DoS,task2,n_benign,24976.0
gnn_ewc_replay,none,1,DoS,task2,n_attack,24.0
gnn_ewc_replay,none,1,DoS,task2,accuracy,0.99904
gnn_ewc_replay,none,1,DoS,task2,macro_f1,0.8330929872349516
gnn_ewc_replay,none,1,DoS,task2,fpr,0.0009609224855861
gnn_ewc_replay,none,1,DoS,task2,detection_rate,1.0
gnn_ewc_replay,none,1,DoS,task2,binary_f1,0.6666666666666666
gnn_ewc_replay,none,1,DoS,task2,category_recall,1.0
gnn_ewc_replay,none,1,DoS,task3,n,45000.0
gnn_ewc_replay,none,1,DoS,task3,n_benign,28566.0
gnn_ewc_replay,none,1,DoS,task3,n_attack,16434.0
gnn_ewc_replay,none,1,DoS,task3,accuracy,0.6347555555555555
gnn_ewc_replay,none,1,DoS,task3,macro_f1,0.3882877494426621
gnn_ewc_replay,none,1,DoS,task3,fpr,7.001330252748022e-05
gnn_ewc_replay,none,1,DoS,task3,detection_rate,0.0
gnn_ewc_replay,none,1,DoS,task3,binary_f1,0.0
gnn_ewc_replay,none,1,DoS,task3,category_recall,0.0
gnn_ewc_replay,none,1,DoS,task4,n,27642.0
gnn_ewc_replay,none,1,DoS,task4,n_benign,27569.0
gnn_ewc_replay,none,1,DoS,task4,n_attack,73.0
gnn_ewc_replay,none,1,DoS,task4,accuracy,0.9973590912379712
gnn_ewc_replay,none,1,DoS,task4,macro_f1,0.4993388998569126
gnn_ewc_replay,none,1,DoS,task4,fpr,0.0
gnn_ewc_replay,none,1,DoS,task4,detection_rate,0.0
gnn_ewc_replay,none,1,DoS,task4,binary_f1,0.0
gnn_ewc_replay,none,1,DoS,task4,category_recall,0.0
gnn_ewc_replay,none,1,DoS,task5,n,55000.0
gnn_ewc_replay,none,1,DoS,task5,n_benign,25723.0
gnn_ewc_replay,none,1,DoS,task5,n_attack,29277.0
gnn_ewc_replay,none,1,DoS,task5,accuracy,0.4676909090909091
gnn_ewc_replay,none,1,DoS,task5,macro_f1,0.3186576316539276
gnn_ewc_replay,none,1,DoS,task5,fpr,0.0
gnn_ewc_replay,none,1,DoS,task5,detection_rate,0.0
gnn_ewc_replay,none,1,DoS,task5,binary_f1,0.0
gnn_ewc_replay,none,1,DoS,task5,category_recall,0.0
gnn_ewc_replay,none,1,DoS,task6,n,25000.0
gnn_ewc_replay,none,1,DoS,task6,n_benign,2841.0
gnn_ewc_replay,none,1,DoS,task6,n_attack,22159.0
gnn_ewc_replay,none,1,DoS,task6,accuracy,1.0
gnn_ewc_replay,none,1,DoS,task6,macro_f1,1.0
gnn_ewc_replay,none,1,DoS,task6,fpr,0.0
gnn_ewc_replay,none,1,DoS,task6,detection_rate,1.0
gnn_ewc_replay,none,1,DoS,task6,binary_f1,1.0
gnn_ewc_replay,none,1,DoS,task6,category_recall,1.0
gnn_ewc_replay,none,1,DoS,seen,n,238702.0
gnn_ewc_replay,none,1,DoS,seen,n_benign,203816.0
gnn_ewc_replay,none,1,DoS,seen,n_attack,34886.0
gnn_ewc_replay,none,1,DoS,seen,accuracy,0.9992165964256688
gnn_ewc_replay,none,1,DoS,seen,macro_f1,0.9984325018910358
gnn_ewc_replay,none,1,DoS,seen,fpr,0.0007163323782234
gnn_ewc_replay,none,1,DoS,seen,detection_rate,0.9988247434500946
gnn_ewc_replay,none,1,DoS,seen,binary_f1,0.997323869084248
gnn_ewc_replay,none,1,DoS,all,n,416344.0
gnn_ewc_replay,none,1,DoS,all,n_benign,313491.0
gnn_ewc_replay,none,1,DoS,all,n_attack,102853.0
gnn_ewc_replay,none,1,DoS,all,accuracy,0.8895216455623235
gnn_ewc_replay,none,1,DoS,all,macro_f1,0.8221153240550896
gnn_ewc_replay,none,1,DoS,all,fpr,0.0005486600891253
gnn_ewc_replay,none,1,DoS,all,detection_rate,0.554461221354749
gnn_ewc_replay,none,1,DoS,all,binary_f1,0.7126139466301787
gnn_ewc_replay,none,2,WebAttack,task0,n,138702.0
gnn_ewc_replay,none,2,WebAttack,task0,n_benign,137422.0
gnn_ewc_replay,none,2,WebAttack,task0,n_attack,1280.0
gnn_ewc_replay,none,2,WebAttack,task0,accuracy,0.999992790298626
gnn_ewc_replay,none,2,WebAttack,task0,macro_f1,0.999802944543727
gnn_ewc_replay,none,2,WebAttack,task0,fpr,7.27685523424197e-06
gnn_ewc_replay,none,2,WebAttack,task0,detection_rate,1.0
gnn_ewc_replay,none,2,WebAttack,task0,binary_f1,0.9996095275283092
gnn_ewc_replay,none,2,WebAttack,task0,category_recall,1.0
gnn_ewc_replay,none,2,WebAttack,task1,n,100000.0
gnn_ewc_replay,none,2,WebAttack,task1,n_benign,66394.0
gnn_ewc_replay,none,2,WebAttack,task1,n_attack,33606.0
gnn_ewc_replay,none,2,WebAttack,task1,accuracy,0.99773
gnn_ewc_replay,none,2,WebAttack,task1,macro_f1,0.9974577804730592
gnn_ewc_replay,none,2,WebAttack,task1,fpr,0.0021989938849896
gnn_ewc_replay,none,2,WebAttack,task1,detection_rate,0.997589716122121
gnn_ewc_replay,none,2,WebAttack,task1,binary_f1,0.9966258899772582
gnn_ewc_replay,none,2,WebAttack,task1,category_recall,0.997589716122121
gnn_ewc_replay,none,2,WebAttack,task2,n,25000.0
gnn_ewc_replay,none,2,WebAttack,task2,n_benign,24976.0
gnn_ewc_replay,none,2,WebAttack,task2,n_attack,24.0
gnn_ewc_replay,none,2,WebAttack,task2,accuracy,0.99904
gnn_ewc_replay,none,2,WebAttack,task2,macro_f1,0.8330929872349516
gnn_ewc_replay,none,2,WebAttack,task2,fpr,0.0009609224855861
gnn_ewc_replay,none,2,WebAttack,task2,detection_rate,1.0
gnn_ewc_replay,none,2,WebAttack,task2,binary_f1,0.6666666666666666
gnn_ewc_replay,none,2,WebAttack,task2,category_recall,1.0
gnn_ewc_replay,none,2,WebAttack,task3,n,45000.0
gnn_ewc_replay,none,2,WebAttack,task3,n_benign,28566.0
gnn_ewc_replay,none,2,WebAttack,task3,n_attack,16434.0
gnn_ewc_replay,none,2,WebAttack,task3,accuracy,0.6347333333333334
gnn_ewc_replay,none,2,WebAttack,task3,macro_f1,0.3882794339545695
gnn_ewc_replay,none,2,WebAttack,task3,fpr,0.0001050199537912
gnn_ewc_replay,none,2,WebAttack,task3,detection_rate,0.0
gnn_ewc_replay,none,2,WebAttack,task3,binary_f1,0.0
gnn_ewc_replay,none,2,WebAttack,task3,category_recall,0.0
gnn_ewc_replay,none,2,WebAttack,task4,n,27642.0
gnn_ewc_replay,none,2,WebAttack,task4,n_benign,27569.0
gnn_ewc_replay,none,2,WebAttack,task4,n_attack,73.0
gnn_ewc_replay,none,2,WebAttack,task4,accuracy,0.9973590912379712
gnn_ewc_replay,none,2,WebAttack,task4,macro_f1,0.4993388998569126
gnn_ewc_replay,none,2,WebAttack,task4,fpr,0.0
gnn_ewc_replay,none,2,WebAttack,task4,detection_rate,0.0
gnn_ewc_replay,none,2,WebAttack,task4,binary_f1,0.0
gnn_ewc_replay,none,2,WebAttack,task4,category_recall,0.0
gnn_ewc_replay,none,2,WebAttack,task5,n,55000.0
gnn_ewc_replay,none,2,WebAttack,task5,n_benign,25723.0
gnn_ewc_replay,none,2,WebAttack,task5,n_attack,29277.0
gnn_ewc_replay,none,2,WebAttack,task5,accuracy,0.4676909090909091
gnn_ewc_replay,none,2,WebAttack,task5,macro_f1,0.3186576316539276
gnn_ewc_replay,none,2,WebAttack,task5,fpr,0.0
gnn_ewc_replay,none,2,WebAttack,task5,detection_rate,0.0
gnn_ewc_replay,none,2,WebAttack,task5,binary_f1,0.0
gnn_ewc_replay,none,2,WebAttack,task5,category_recall,0.0
gnn_ewc_replay,none,2,WebAttack,task6,n,25000.0
gnn_ewc_replay,none,2,WebAttack,task6,n_benign,2841.0
gnn_ewc_replay,none,2,WebAttack,task6,n_attack,22159.0
gnn_ewc_replay,none,2,WebAttack,task6,accuracy,1.0
gnn_ewc_replay,none,2,WebAttack,task6,macro_f1,1.0
gnn_ewc_replay,none,2,WebAttack,task6,fpr,0.0
gnn_ewc_replay,none,2,WebAttack,task6,detection_rate,1.0
gnn_ewc_replay,none,2,WebAttack,task6,binary_f1,1.0
gnn_ewc_replay,none,2,WebAttack,task6,category_recall,1.0
gnn_ewc_replay,none,2,WebAttack,seen,n,263702.0
gnn_ewc_replay,none,2,WebAttack,seen,n_benign,228792.0
gnn_ewc_replay,none,2,WebAttack,seen,n_attack,34910.0
gnn_ewc_replay,none,2,WebAttack,seen,accuracy,0.9990443758484956
gnn_ewc_replay,none,2,WebAttack,seen,macro_f1,0.9979222692868996
gnn_ewc_replay,none,2,WebAttack,seen,fpr,0.000747403755376
gnn_ewc_replay,none,2,WebAttack,seen,detection_rate,0.9976797479232312
gnn_ewc_replay,none,2,WebAttack,seen,binary_f1,0.9963953654698898
gnn_ewc_replay,none,2,WebAttack,all,n,416344.0
gnn_ewc_replay,none,2,WebAttack,all,n_benign,313491.0
gnn_ewc_replay,none,2,WebAttack,all,n_attack,102853.0
gnn_ewc_replay,none,2,WebAttack,all,accuracy,0.8894207674423074
gnn_ewc_replay,none,2,WebAttack,all,macro_f1,0.8219206752510531
gnn_ewc_replay,none,2,WebAttack,all,fpr,0.0005550398576035
gnn_ewc_replay,none,2,WebAttack,all,detection_rate,0.5540723168016489
gnn_ewc_replay,none,2,WebAttack,all,binary_f1,0.7122832234478018
gnn_ewc_replay,none,3,Infiltration,task0,n,138702.0
gnn_ewc_replay,none,3,Infiltration,task0,n_benign,137422.0
gnn_ewc_replay,none,3,Infiltration,task0,n_attack,1280.0
gnn_ewc_replay,none,3,Infiltration,task0,accuracy,0.999992790298626
gnn_ewc_replay,none,3,Infiltration,task0,macro_f1,0.999802944543727
gnn_ewc_replay,none,3,Infiltration,task0,fpr,7.27685523424197e-06
gnn_ewc_replay,none,3,Infiltration,task0,detection_rate,1.0
gnn_ewc_replay,none,3,Infiltration,task0,binary_f1,0.9996095275283092
gnn_ewc_replay,none,3,Infiltration,task0,category_recall,1.0
gnn_ewc_replay,none,3,Infiltration,task1,n,100000.0
gnn_ewc_replay,none,3,Infiltration,task1,n_benign,66394.0
gnn_ewc_replay,none,3,Infiltration,task1,n_attack,33606.0
gnn_ewc_replay,none,3,Infiltration,task1,accuracy,0.99851
gnn_ewc_replay,none,3,Infiltration,task1,macro_f1,0.998332270757555
gnn_ewc_replay,none,3,Infiltration,task1,fpr,0.0021989938849896
gnn_ewc_replay,none,3,Infiltration,task1,detection_rate,0.9999107302267451
gnn_ewc_replay,none,3,Infiltration,task1,binary_f1,0.9977878405463588
gnn_ewc_replay,none,3,Infiltration,task1,category_recall,0.9999107302267451
gnn_ewc_replay,none,3,Infiltration,task2,n,25000.0
gnn_ewc_replay,none,3,Infiltration,task2,n_benign,24976.0
gnn_ewc_replay,none,3,Infiltration,task2,n_attack,24.0
gnn_ewc_replay,none,3,Infiltration,task2,accuracy,0.99968
gnn_ewc_replay,none,3,Infiltration,task2,macro_f1,0.9258458394325132
gnn_ewc_replay,none,3,Infiltration,task2,fpr,0.0002802690582959
gnn_ewc_replay,none,3,Infiltration,task2,detection_rate,0.9583333333333334
gnn_ewc_replay,none,3,Infiltration,task2,binary_f1,0.8518518518518519
gnn_ewc_replay,none,3,Infiltration,task2,category_recall,0.9583333333333334
gnn_ewc_replay,none,3,Infiltration,task3,n,45000.0
gnn_ewc_replay,none,3,Infiltration,task3,n_benign,28566.0
gnn_ewc_replay,none,3,Infiltration,task3,n_attack,16434.0
gnn_ewc_replay,none,3,Infiltration,task3,accuracy,0.9928
gnn_ewc_replay,none,3,Infiltration,task3,macro_f1,0.9922639070337176
gnn_ewc_replay,none,3,Infiltration,task3,fpr,0.0106770286354407
gnn_ewc_replay,none,3,Infiltration,task3,detection_rate,0.9988438602896434
gnn_ewc_replay,none,3,Infiltration,task3,binary_f1,0.990227423538638
gnn_ewc_replay,none,3,Infiltration,task3,category_recall,0.9988438602896434
gnn_ewc_replay,none,3,Infiltration,task4,n,27642.0
gnn_ewc_replay,none,3,Infiltration,task4,n_benign,27569.0
gnn_ewc_replay,none,3,Infiltration,task4,n_attack,73.0
gnn_ewc_replay,none,3,Infiltration,task4,accuracy,0.9973590912379712
gnn_ewc_replay,none,3,Infiltration,task4,macro_f1,0.4993388998569126
gnn_ewc_replay,none,3,Infiltration,task4,fpr,0.0
gnn_ewc_replay,none,3,Infiltration,task4,detection_rate,0.0
gnn_ewc_replay,none,3,Infiltration,task4,binary_f1,0.0
gnn_ewc_replay,none,3,Infiltration,task4,category_recall,0.0
gnn_ewc_replay,none,3,Infiltration,task5,n,55000.0
gnn_ewc_replay,none,3,Infiltration,task5,n_benign,25723.0
gnn_ewc_replay,none,3,Infiltration,task5,n_attack,29277.0
gnn_ewc_replay,none,3,Infiltration,task5,accuracy,0.9996909090909092
gnn_ewc_replay,none,3,Infiltration,task5,macro_f1,0.9996896020579168
gnn_ewc_replay,none,3,Infiltration,task5,fpr,0.00062201142946
gnn_ewc_replay,none,3,Infiltration,task5,detection_rate,0.9999658434948936
gnn_ewc_replay,none,3,Infiltration,task5,binary_f1,0.9997097440625586
gnn_ewc_replay,none,3,Infiltration,task5,category_recall,0.9999658434948936
gnn_ewc_replay,none,3,Infiltration,task6,n,25000.0
gnn_ewc_replay,none,3,Infiltration,task6,n_benign,2841.0
gnn_ewc_replay,none,3,Infiltration,task6,n_attack,22159.0
gnn_ewc_replay,none,3,Infiltration,task6,accuracy,0.99896
gnn_ewc_replay,none,3,Infiltration,task6,macro_f1,0.9974083933225156
gnn_ewc_replay,none,3,Infiltration,task6,fpr,0.0091517071453713
gnn_ewc_replay,none,3,Infiltration,task6,detection_rate,1.0
gnn_ewc_replay,none,3,Infiltration,task6,binary_f1,0.999413674905286
gnn_ewc_replay,none,3,Infiltration,task6,category_recall,1.0
gnn_ewc_replay,none,3,Infiltration,seen,n,308702.0
gnn_ewc_replay,none,3,Infiltration,seen,n_benign,257358.0
gnn_ewc_replay,none,3,Infiltration,seen,n_attack,51344.0
gnn_ewc_replay,none,3,Infiltration,seen,accuracy,0.9984386236564712
gnn_ewc_replay,none,3,Infiltration,seen,macro_f1,0.9971943913233272
gnn_ewc_replay,none,3,Infiltration,seen,fpr,0.0017835077984752
gnn_ewc_replay,none,3,Infiltration,seen,detection_rate,0.9995520411343096
gnn_ewc_replay,none,3,Infiltration,seen,binary_f1,0.9953260152825724
gnn_ewc_replay,none,3,Infiltration,all,n,416344.0
gnn_ewc_replay,none,3,Infiltration,all,n_benign,313491.0
gnn_ewc_replay,none,3,Infiltration,all,n_attack,102853.0
gnn_ewc_replay,none,3,Infiltration,all,accuracy,0.9985636877197702
gnn_ewc_replay,none,3,Infiltration,all,macro_f1,0.9980721231475508
gnn_ewc_replay,none,3,Infiltration,all,fpr,0.0015981320037895
gnn_ewc_replay,none,3,Infiltration,all,detection_rate,0.9990569064587324
gnn_ewc_replay,none,3,Infiltration,all,binary_f1,0.9970986366503324
gnn_ewc_replay,none,4,Botnet,task0,n,138702.0
gnn_ewc_replay,none,4,Botnet,task0,n_benign,137422.0
gnn_ewc_replay,none,4,Botnet,task0,n_attack,1280.0
gnn_ewc_replay,none,4,Botnet,task0,accuracy,0.9998630156738908
gnn_ewc_replay,none,4,Botnet,task0,macro_f1,0.9962818342540728
gnn_ewc_replay,none,4,Botnet,task0,fpr,0.0001382602494505
gnn_ewc_replay,none,4,Botnet,task0,detection_rate,1.0
gnn_ewc_replay,none,4,Botnet,task0,binary_f1,0.9926328034121752
gnn_ewc_replay,none,4,Botnet,task0,category_recall,1.0
gnn_ewc_replay,none,4,Botnet,task1,n,100000.0
gnn_ewc_replay,none,4,Botnet,task1,n_benign,66394.0
gnn_ewc_replay,none,4,Botnet,task1,n_attack,33606.0
gnn_ewc_replay,none,4,Botnet,task1,accuracy,0.99837
gnn_ewc_replay,none,4,Botnet,task1,macro_f1,0.9981756246909728
gnn_ewc_replay,none,4,Botnet,task1,fpr,0.0023345483025574
gnn_ewc_replay,none,4,Botnet,task1,detection_rate,0.9997619472713206
gnn_ewc_replay,none,4,Botnet,task1,binary_f1,0.9975801303463532
gnn_ewc_replay,none,4,Botnet,task1,category_recall,0.9997619472713206
gnn_ewc_replay,none,4,Botnet,task2,n,25000.0
gnn_ewc_replay,none,4,Botnet,task2,n_benign,24976.0
gnn_ewc_replay,none,4,Botnet,task2,n_attack,24.0
gnn_ewc_replay,none,4,Botnet,task2,accuracy,0.99952
gnn_ewc_replay,none,4,Botnet,task2,macro_f1,0.8964315847762716
gnn_ewc_replay,none,4,Botnet,task2,fpr,0.0004404228058936
gnn_ewc_replay,none,4,Botnet,task2,detection_rate,0.9583333333333334
gnn_ewc_replay,none,4,Botnet,task2,binary_f1,0.7931034482758621
gnn_ewc_replay,none,4,Botnet,task2,category_recall,0.9583333333333334
gnn_ewc_replay,none,4,Botnet,task3,n,45000.0
gnn_ewc_replay,none,4,Botnet,task3,n_benign,28566.0
gnn_ewc_replay,none,4,Botnet,task3,n_attack,16434.0
gnn_ewc_replay,none,4,Botnet,task3,accuracy,0.9990666666666668
gnn_ewc_replay,none,4,Botnet,task3,macro_f1,0.9989939781255202
gnn_ewc_replay,none,4,Botnet,task3,fpr,0.0013652593992858
gnn_ewc_replay,none,4,Botnet,task3,detection_rate,0.9998174516246804
gnn_ewc_replay,none,4,Botnet,task3,binary_f1,0.99872355944566
gnn_ewc_replay,none,4,Botnet,task3,category_recall,0.9998174516246804
gnn_ewc_replay,none,4,Botnet,task4,n,27642.0
gnn_ewc_replay,none,4,Botnet,task4,n_benign,27569.0
gnn_ewc_replay,none,4,Botnet,task4,n_attack,73.0
gnn_ewc_replay,none,4,Botnet,task4,accuracy,0.999746762173504
gnn_ewc_replay,none,4,Botnet,task4,macro_f1,0.9747566748487146
gnn_ewc_replay,none,4,Botnet,task4,fpr,0.0
gnn_ewc_replay,none,4,Botnet,task4,detection_rate,0.9041095890410958
gnn_ewc_replay,none,4,Botnet,task4,binary_f1,0.9496402877697842
gnn_ewc_replay,none,4,Botnet,task4,category_recall,0.9041095890410958
gnn_ewc_replay,none,4,Botnet,task5,n,55000.0
gnn_ewc_replay,none,4,Botnet,task5,n_benign,25723.0
gnn_ewc_replay,none,4,Botnet,task5,n_attack,29277.0
gnn_ewc_replay,none,4,Botnet,task5,accuracy,0.9992727272727272
gnn_ewc_replay,none,4,Botnet,task5,macro_f1,0.9992696119651816
gnn_ewc_replay,none,4,Botnet,task5,fpr,0.0015161528593087
gnn_ewc_replay,none,4,Botnet,task5,detection_rate,0.9999658434948936
gnn_ewc_replay,none,4,Botnet,task5,binary_f1,0.9993173129437466
gnn_ewc_replay,none,4,Botnet,task5,category_recall,0.9999658434948936
gnn_ewc_replay,none,4,Botnet,task6,n,25000.0
gnn_ewc_replay,none,4,Botnet,task6,n_benign,2841.0
gnn_ewc_replay,none,4,Botnet,task6,n_attack,22159.0
gnn_ewc_replay,none,4,Botnet,task6,accuracy,0.99996
gnn_ewc_replay,none,4,Botnet,task6,macro_f1,0.9999007054831732
gnn_ewc_replay,none,4,Botnet,task6,fpr,0.0003519887363604
gnn_ewc_replay,none,4,Botnet,task6,detection_rate,1.0
gnn_ewc_replay,none,4,Botnet,task6,binary_f1,0.9999774363139964
gnn_ewc_replay,none,4,Botnet,task6,category_recall,1.0
gnn_ewc_replay,none,4,Botnet,seen,n,336344.0
gnn_ewc_replay,none,4,Botnet,seen,n_benign,284927.0
gnn_ewc_replay,none,4,Botnet,seen,n_attack,51417.0
gnn_ewc_replay,none,4,Botnet,seen,accuracy,0.9992775253906716
gnn_ewc_replay,none,4,Botnet,seen,macro_f1,0.9986075455935272
gnn_ewc_replay,none,4,Botnet,seen,fpr,0.0007861662811878
gnn_ewc_replay,none,4,Botnet,seen,detection_rate,0.9996304724118482
gnn_ewc_replay,none,4,Botnet,seen,binary_f1,0.9976416696590612
gnn_ewc_replay,none,4,Botnet,all,n,416344.0
gnn_ewc_replay,none,4,Botnet,all,n_benign,313491.0
gnn_ewc_replay,none,4,Botnet,all,n_attack,102853.0
gnn_ewc_replay,none,4,Botnet,all,accuracy,0.9993178717598908
gnn_ewc_replay,none,4,Botnet,all,macro_f1,0.9990839423059862
gnn_ewc_replay,none,4,Botnet,all,fpr,0.0008421294391226
gnn_ewc_replay,none,4,Botnet,all,detection_rate,0.99980554772345
gnn_ewc_replay,none,4,Botnet,all,binary_f1,0.9986210245205148
gnn_ewc_replay,none,5,PortScan,task0,n,138702.0
gnn_ewc_replay,none,5,PortScan,task0,n_benign,137422.0
gnn_ewc_replay,none,5,PortScan,task0,n_attack,1280.0
gnn_ewc_replay,none,5,PortScan,task0,accuracy,0.9999495320903808
gnn_ewc_replay,none,5,PortScan,task0,macro_f1,0.9986238058879958
gnn_ewc_replay,none,5,PortScan,task0,fpr,5.093798663969379e-05
gnn_ewc_replay,none,5,PortScan,task0,detection_rate,1.0
gnn_ewc_replay,none,5,PortScan,task0,binary_f1,0.9972730814179976
gnn_ewc_replay,none,5,PortScan,task0,category_recall,1.0
gnn_ewc_replay,none,5,PortScan,task1,n,100000.0
gnn_ewc_replay,none,5,PortScan,task1,n_benign,66394.0
gnn_ewc_replay,none,5,PortScan,task1,n_attack,33606.0
gnn_ewc_replay,none,5,PortScan,task1,accuracy,0.99843
gnn_ewc_replay,none,5,PortScan,task1,macro_f1,0.9982427025631924
gnn_ewc_replay,none,5,PortScan,task1,fpr,0.0022441786908455
gnn_ewc_replay,none,5,PortScan,task1,detection_rate,0.9997619472713206
gnn_ewc_replay,none,5,PortScan,task1,binary_f1,0.9976689976689976
gnn_ewc_replay,none,5,PortScan,task1,category_recall,0.9997619472713206
gnn_ewc_replay,none,5,PortScan,task2,n,25000.0
gnn_ewc_replay,none,5,PortScan,task2,n_benign,24976.0
gnn_ewc_replay,none,5,PortScan,task2,n_attack,24.0
gnn_ewc_replay,none,5,PortScan,task2,accuracy,0.99956
gnn_ewc_replay,none,5,PortScan,task2,macro_f1,0.9033986463867054
gnn_ewc_replay,none,5,PortScan,task2,fpr,0.0004003843689942
gnn_ewc_replay,none,5,PortScan,task2,detection_rate,0.9583333333333334
gnn_ewc_replay,none,5,PortScan,task2,binary_f1,0.8070175438596491
gnn_ewc_replay,none,5,PortScan,task2,category_recall,0.9583333333333334
gnn_ewc_replay,none,5,PortScan,task3,n,45000.0
gnn_ewc_replay,none,5,PortScan,task3,n_benign,28566.0
gnn_ewc_replay,none,5,PortScan,task3,n_attack,16434.0
gnn_ewc_replay,none,5,PortScan,task3,accuracy,0.9988
gnn_ewc_replay,none,5,PortScan,task3,macro_f1,0.9987067763105492
gnn_ewc_replay,none,5,PortScan,task3,fpr,0.0018203458657144
gnn_ewc_replay,none,5,PortScan,task3,detection_rate,0.9998783010831204
gnn_ewc_replay,none,5,PortScan,task3,binary_f1,0.9983595601190838
gnn_ewc_replay,none,5,PortScan,task3,category_recall,0.9998783010831204
gnn_ewc_replay,none,5,PortScan,task4,n,27642.0
gnn_ewc_replay,none,5,PortScan,task4,n_benign,27569.0
gnn_ewc_replay,none,5,PortScan,task4,n_attack,73.0
gnn_ewc_replay,none,5,PortScan,task4,accuracy,0.9999638231676434
gnn_ewc_replay,none,5,PortScan,task4,macro_f1,0.996589571135054
gnn_ewc_replay,none,5,PortScan,task4,fpr,3.627262504987486e-05
gnn_ewc_replay,none,5,PortScan,task4,detection_rate,1.0
gnn_ewc_replay,none,5,PortScan,task4,binary_f1,0.9931972789115646
gnn_ewc_replay,none,5,PortScan,task4,category_recall,1.0
gnn_ewc_replay,none,5,PortScan,task5,n,55000.0
gnn_ewc_replay,none,5,PortScan,task5,n_benign,25723.0
gnn_ewc_replay,none,5,PortScan,task5,n_attack,29277.0
gnn_ewc_replay,none,5,PortScan,task5,accuracy,0.9995454545454544
gnn_ewc_replay,none,5,PortScan,task5,macro_f1,0.9995435237749124
gnn_ewc_replay,none,5,PortScan,task5,fpr,0.00093301714419
gnn_ewc_replay,none,5,PortScan,task5,detection_rate,0.9999658434948936
gnn_ewc_replay,none,5,PortScan,task5,binary_f1,0.9995732113286784
gnn_ewc_replay,none,5,PortScan,task5,category_recall,0.9999658434948936
gnn_ewc_replay,none,5,PortScan,task6,n,25000.0
gnn_ewc_replay,none,5,PortScan,task6,n_benign,2841.0
gnn_ewc_replay,none,5,PortScan,task6,n_attack,22159.0
gnn_ewc_replay,none,5,PortScan,task6,accuracy,1.0
gnn_ewc_replay,none,5,PortScan,task6,macro_f1,1.0
gnn_ewc_replay,none,5,PortScan,task6,fpr,0.0
gnn_ewc_replay,none,5,PortScan,task6,detection_rate,1.0
gnn_ewc_replay,none,5,PortScan,task6,binary_f1,1.0
gnn_ewc_replay,none,5,PortScan,task6,category_recall,1.0
gnn_ewc_replay,none,5,PortScan,seen,n,391344.0
gnn_ewc_replay,none,5,PortScan,seen,n_benign,310650.0
gnn_ewc_replay,none,5,PortScan,seen,n_attack,80694.0
gnn_ewc_replay,none,5,PortScan,seen,accuracy,0.999348399362198
gnn_ewc_replay,none,5,PortScan,seen,macro_f1,0.999005816405394
gnn_ewc_replay,none,5,PortScan,seen,fpr,0.0007822308063737
gnn_ewc_replay,none,5,PortScan,seen,detection_rate,0.9998512900587404
gnn_ewc_replay,none,5,PortScan,seen,binary_f1,0.9984222152098454
gnn_ewc_replay,none,5,PortScan,all,n,416344.0
gnn_ewc_replay,none,5,PortScan,all,n_benign,313491.0
gnn_ewc_replay,none,5,PortScan,all,n_attack,102853.0
gnn_ewc_replay,none,5,PortScan,all,accuracy,0.999387525699902
gnn_ewc_replay,none,5,PortScan,all,macro_f1,0.9991774485479032
gnn_ewc_replay,none,5,PortScan,all,fpr,0.0007751418701015
gnn_ewc_replay,none,5,PortScan,all,detection_rate,0.99988332863407
gnn_ewc_replay,none,5,PortScan,all,binary_f1,0.9987617572364365
gnn_ewc_replay,none,6,DDoS,task0,n,138702.0
gnn_ewc_replay,none,6,DDoS,task0,n_benign,137422.0
gnn_ewc_replay,none,6,DDoS,task0,n_attack,1280.0
gnn_ewc_replay,none,6,DDoS,task0,accuracy,0.999992790298626
gnn_ewc_replay,none,6,DDoS,task0,macro_f1,0.999802944543727
gnn_ewc_replay,none,6,DDoS,task0,fpr,7.27685523424197e-06
gnn_ewc_replay,none,6,DDoS,task0,detection_rate,1.0
gnn_ewc_replay,none,6,DDoS,task0,binary_f1,0.9996095275283092
gnn_ewc_replay,none,6,DDoS,task0,category_recall,1.0
gnn_ewc_replay,none,6,DDoS,task1,n,100000.0
gnn_ewc_replay,none,6,DDoS,task1,n_benign,66394.0
gnn_ewc_replay,none,6,DDoS,task1,n_attack,33606.0
gnn_ewc_replay,none,6,DDoS,task1,accuracy,0.99847
gnn_ewc_replay,none,6,DDoS,task1,macro_f1,0.9982875245307732
gnn_ewc_replay,none,6,DDoS,task1,fpr,0.0022441786908455
gnn_ewc_replay,none,6,DDoS,task1,detection_rate,0.9998809736356604
gnn_ewc_replay,none,6,DDoS,task1,binary_f1,0.9977285211633534
gnn_ewc_replay,none,6,DDoS,task1,category_recall,0.9998809736356604
gnn_ewc_replay,none,6,DDoS,task2,n,25000.0
gnn_ewc_replay,none,6,DDoS,task2,n_benign,24976.0
gnn_ewc_replay,none,6,DDoS,task2,n_attack,24.0
gnn_ewc_replay,none,6,DDoS,task2,accuracy,0.99972
gnn_ewc_replay,none,6,DDoS,task2,macro_f1,0.933892189872208
gnn_ewc_replay,none,6,DDoS,task2,fpr,0.0002402306213965
gnn_ewc_replay,none,6,DDoS,task2,detection_rate,0.9583333333333334
gnn_ewc_replay,none,6,DDoS,task2,binary_f1,0.8679245283018868
gnn_ewc_replay,none,6,DDoS,task2,category_recall,0.9583333333333334
gnn_ewc_replay,none,6,DDoS,task3,n,45000.0
gnn_ewc_replay,none,6,DDoS,task3,n_benign,28566.0
gnn_ewc_replay,none,6,DDoS,task3,n_attack,16434.0
gnn_ewc_replay,none,6,DDoS,task3,accuracy,0.9992444444444444
gnn_ewc_replay,none,6,DDoS,task3,macro_f1,0.9991855383967766
gnn_ewc_replay,none,6,DDoS,task3,fpr,0.0011202128404396
gnn_ewc_replay,none,6,DDoS,task3,detection_rate,0.9998783010831204
gnn_ewc_replay,none,6,DDoS,task3,binary_f1,0.9989665025229496
gnn_ewc_replay,none,6,DDoS,task3,category_recall,0.9998783010831204
gnn_ewc_replay,none,6,DDoS,task4,n,27642.0
gnn_ewc_replay,none,6,DDoS,task4,n_benign,27569.0
gnn_ewc_replay,none,6,DDoS,task4,n_attack,73.0
gnn_ewc_replay,none,6,DDoS,task4,accuracy,0.999746762173504
gnn_ewc_replay,none,6,DDoS,task4,macro_f1,0.9747566748487146
gnn_ewc_replay,none,6,DDoS,task4,fpr,0.0
gnn_ewc_replay,none,6,DDoS,task4,detection_rate,0.9041095890410958
gnn_ewc_replay,none,6,DDoS,task4,binary_f1,0.9496402877697842
gnn_ewc_replay,none,6,DDoS,task4,category_recall,0.9041095890410958
gnn_ewc_replay,none,6,DDoS,task5,n,55000.0
gnn_ewc_replay,none,6,DDoS,task5,n_benign,25723.0
gnn_ewc_replay,none,6,DDoS,task5,n_attack,29277.0
gnn_ewc_replay,none,6,DDoS,task5,accuracy,0.9998181818181818
gnn_ewc_replay,none,6,DDoS,task5,macro_f1,0.9998174160008934
gnn_ewc_replay,none,6,DDoS,task5,fpr,0.0003498814290712
gnn_ewc_replay,none,6,DDoS,task5,detection_rate,0.9999658434948936
gnn_ewc_replay,none,6,DDoS,task5,binary_f1,0.9998292408046172
gnn_ewc_replay,none,6,DDoS,task5,category_recall,0.9999658434948936
gnn_ewc_replay,none,6,DDoS,task6,n,25000.0
gnn_ewc_replay,none,6,DDoS,task6,n_benign,2841.0
gnn_ewc_replay,none,6,DDoS,task6,n_attack,22159.0
gnn_ewc_replay,none,6,DDoS,task6,accuracy,1.0
gnn_ewc_replay,none,6,DDoS,task6,macro_f1,1.0
gnn_ewc_replay,none,6,DDoS,task6,fpr,0.0
gnn_ewc_replay,none,6,DDoS,task6,detection_rate,1.0
gnn_ewc_replay,none,6,DDoS,task6,binary_f1,1.0
gnn_ewc_replay,none,6,DDoS,task6,category_recall,1.0
gnn_ewc_replay,none,6,DDoS,seen,n,416344.0
gnn_ewc_replay,none,6,DDoS,seen,n_benign,313491.0
gnn_ewc_replay,none,6,DDoS,seen,n_attack,102853.0
gnn_ewc_replay,none,6,DDoS,seen,accuracy,0.9994908056799184
gnn_ewc_replay,none,6,DDoS,seen,macro_f1,0.999316044023861
gnn_ewc_replay,none,6,DDoS,seen,fpr,0.0006284071951028
gnn_ewc_replay,none,6,DDoS,seen,detection_rate,0.9998541607925876
gnn_ewc_replay,none,6,DDoS,seen,binary_f1,0.9989703139571028
gnn_ewc_replay,none,6,DDoS,all,n,416344.0
gnn_ewc_replay,none,6,DDoS,all,n_benign,313491.0
gnn_ewc_replay,none,6,DDoS,all,n_attack,102853.0
gnn_ewc_replay,none,6,DDoS,all,accuracy,0.9994908056799184
gnn_ewc_replay,none,6,DDoS,all,macro_f1,0.999316044023861
gnn_ewc_replay,none,6,DDoS,all,fpr,0.0006284071951028
gnn_ewc_replay,none,6,DDoS,all,detection_rate,0.9998541607925876
gnn_ewc_replay,none,6,DDoS,all,binary_f1,0.9989703139571028
ffnn_ewc_replay,none,0,BruteForce,task0,n,138702.0
ffnn_ewc_replay,none,0,BruteForce,task0,n_benign,137422.0
ffnn_ewc_replay,none,0,BruteForce,task0,n_attack,1280.0
ffnn_ewc_replay,none,0,BruteForce,task0,accuracy,0.9999639514931292
ffnn_ewc_replay,none,0,BruteForce,task0,macro_f1,0.9990162448960817
ffnn_ewc_replay,none,0,BruteForce,task0,fpr,3.638427617120985e-05
ffnn_ewc_replay,none,0,BruteForce,task0,detection_rate,1.0
ffnn_ewc_replay,none,0,BruteForce,task0,binary_f1,0.9980506822612084
ffnn_ewc_replay,none,0,BruteForce,task0,category_recall,1.0
ffnn_ewc_replay,none,0,BruteForce,task1,n,100000.0
ffnn_ewc_replay,none,0,BruteForce,task1,n_benign,66394.0
ffnn_ewc_replay,none,0,BruteForce,task1,n_attack,33606.0
ffnn_ewc_replay,none,0,BruteForce,task1,accuracy,0.66394
ffnn_ewc_replay,none,0,BruteForce,task1,macro_f1,0.3990167914708463
ffnn_ewc_replay,none,0,BruteForce,task1,fpr,0.0
ffnn_ewc_replay,none,0,BruteForce,task1,detection_rate,0.0
ffnn_ewc_replay,none,0,BruteForce,task1,binary_f1,0.0
ffnn_ewc_replay,none,0,BruteForce,task1,category_recall,0.0
ffnn_ewc_replay,none,0,BruteForce,task2,n,25000.0
ffnn_ewc_replay,none,0,BruteForce,task2,n_benign,24976.0
ffnn_ewc_replay,none,0,BruteForce,task2,n_attack,24.0
ffnn_ewc_replay,none,0,BruteForce,task2,accuracy,0.99948
ffnn_ewc_replay,none,0,BruteForce,task2,macro_f1,0.8241942280530836
ffnn_ewc_replay,none,0,BruteForce,task2,fpr,4.003843689942344e-05
ffnn_ewc_replay,none,0,BruteForce,task2,detection_rate,0.5
ffnn_ewc_replay,none,0,BruteForce,task2,binary_f1,0.6486486486486487
ffnn_ewc_replay,none,0,BruteForce,task2,category_recall,0.5
ffnn_ewc_replay,none,0,BruteForce,task3,n,45000.0
ffnn_ewc_replay,none,0,BruteForce,task3,n_benign,28566.0
ffnn_ewc_replay,none,0,BruteForce,task3,n_attack,16434.0
ffnn_ewc_replay,none,0,BruteForce,task3,accuracy,0.6349333333333333
ffnn_ewc_replay,none,0,BruteForce,task3,macro_f1,0.3887010157059334
ffnn_ewc_replay,none,0,BruteForce,task3,fpr,0.0
ffnn_ewc_replay,none,0,BruteForce,task3,detection_rate,0.0003650967506389
ffnn_ewc_replay,none,0,BruteForce,task3,binary_f1,0.0007299270072992
ffnn_ewc_replay,none,0,BruteForce,task3,category_recall,0.0003650967506389
ffnn_ewc_replay,none,0,BruteForce,task4,n,27642.0
ffnn_ewc_replay,none,0,BruteForce,task4,n_benign,27569.0
ffnn_ewc_replay,none,0,BruteForce,task4,n_attack,73.0
ffnn_ewc_replay,none,0,BruteForce,task4,accuracy,0.9973590912379712
ffnn_ewc_replay,none,0,BruteForce,task4,macro_f1,0.4993388998569126
ffnn_ewc_replay,none,0,BruteForce,task4,fpr,0.0
ffnn_ewc_replay,none,0,BruteForce,task4,detection_rate,0.0
ffnn_ewc_replay,none,0,BruteForce,task4,binary_f1,0.0
ffnn_ewc_replay,none,0,BruteForce,task4,category_recall,0.0
ffnn_ewc_replay,none,0,BruteForce,task5,n,55000.0
ffnn_ewc_replay,none,0,BruteForce,task5,n_benign,25723.0
ffnn_ewc_replay,none,0,BruteForce,task5,n_attack,29277.0
ffnn_ewc_replay,none,0,BruteForce,task5,accuracy,0.4675818181818182
ffnn_ewc_replay,none,0,BruteForce,task5,macro_f1,0.318606984897853
ffnn_ewc_replay,none,0,BruteForce,task5,fpr,0.0002332542860475
ffnn_ewc_replay,none,0,BruteForce,task5,detection_rate,0.0
ffnn_ewc_replay,none,0,BruteForce,task5,binary_f1,0.0
ffnn_ewc_replay,none,0,BruteForce,task5,category_recall,0.0
ffnn_ewc_replay,none,0,BruteForce,task6,n,25000.0
ffnn_ewc_replay,none,0,BruteForce,task6,n_benign,2841.0
ffnn_ewc_replay,none,0,BruteForce,task6,n_attack,22159.0
ffnn_ewc_replay,none,0,BruteForce,task6,accuracy,0.1134
ffnn_ewc_replay,none,0,BruteForce,task6,macro_f1,0.1018501886114603
ffnn_ewc_replay,none,0,BruteForce,task6,fpr,0.0021119324181626
ffnn_ewc_replay,none,0,BruteForce,task6,detection_rate,0.0
ffnn_ewc_replay,none,0,BruteForce,task6,binary_f1,0.0
ffnn_ewc_replay,none,0,BruteForce,task6,category_recall,0.0
ffnn_ewc_replay,none,0,BruteForce,seen,n,138702.0
ffnn_ewc_replay,none,0,BruteForce,seen,n_benign,137422.0
ffnn_ewc_replay,none,0,BruteForce,seen,n_attack,1280.0
ffnn_ewc_replay,none,0,BruteForce,seen,accuracy,0.9999639514931292
ffnn_ewc_replay,none,0,BruteForce,seen,macro_f1,0.9990162448960817
ffnn_ewc_replay,none,0,BruteForce,seen,fpr,3.638427617120985e-05
ffnn_ewc_replay,none,0,BruteForce,seen,detection_rate,1.0
ffnn_ewc_replay,none,0,BruteForce,seen,binary_f1,0.9980506822612084
ffnn_ewc_replay,none,0,BruteForce,all,n,416344.0
ffnn_ewc_replay,none,0,BruteForce,all,n_benign,313491.0
ffnn_ewc_replay,none,0,BruteForce,all,n_attack,102853.0
ffnn_ewc_replay,none,0,BruteForce,all,accuracy,0.7560358741809657
ffnn_ewc_replay,none,0,BruteForce,all,macro_f1,0.442748543571455
ffnn_ewc_replay,none,0,BruteForce,all,fpr,5.741791630381734e-05
ffnn_ewc_replay,none,0,BruteForce,all,detection_rate,0.0126199527480967
ffnn_ewc_replay,none,0,BruteForce,all,binary_f1,0.0249210417686643
ffnn_ewc_replay,none,1,DoS,task0,n,138702.0
ffnn_ewc_replay,none,1,DoS,task0,n_benign,137422.0
ffnn_ewc_replay,none,1,DoS,task0,n_attack,1280.0
ffnn_ewc_replay,none,1,DoS,task0,accuracy,0.9999495320903808
ffnn_ewc_replay,none,1,DoS,task0,macro_f1,0.9986238058879958
ffnn_ewc_replay,none,1,DoS,task0,fpr,5.093798663969379e-05
ffnn_ewc_replay,none,1,DoS,task0,detection_rate,1.0
ffnn_ewc_replay,none,1,DoS,task0,binary_f1,0.9972730814179976
ffnn_ewc_replay,none,1,DoS,task0,category_recall,1.0
ffnn_ewc_replay,none,1,DoS,task1,n,100000.0
ffnn_ewc_replay,none,1,DoS,task1,n_benign,66394.0
ffnn_ewc_replay,none,1,DoS,task1,n_attack,33606.0
ffnn_ewc_replay,none,1,DoS,task1,accuracy,0.99979
ffnn_ewc_replay,none,1,DoS,task1,macro_f1,0.9997646854646708
ffnn_ewc_replay,none,1,DoS,task1,fpr,7.530800975991807e-05
ffnn_ewc_replay,none,1,DoS,task1,detection_rate,0.9995238945426412
ffnn_ewc_replay,none,1,DoS,task1,binary_f1,0.9996875046502284
ffnn_ewc_replay,none,1,DoS,task1,category_recall,0.9995238945426412
ffnn_ewc_replay,none,1,DoS,task2,n,25000.0
ffnn_ewc_replay,none,1,DoS,task2,n_benign,24976.0
ffnn_ewc_replay,none,1,DoS,task2,n_attack,24.0
ffnn_ewc_replay,none,1,DoS,task2,accuracy,0.99896
ffnn_ewc_replay,none,1,DoS,task2,macro_f1,0.4997398647296594
ffnn_ewc_replay,none,1,DoS,task2,fpr,8.007687379884689e-05
ffnn_ewc_replay,none,1,DoS,task2,detection_rate,0.0
ffnn_ewc_replay,none,1,DoS,task2,binary_f1,0.0
ffnn_ewc_replay,none,1,DoS,task2,category_recall,0.0
ffnn_ewc_replay,none,1,DoS,task3,n,45000.0
ffnn_ewc_replay,none,1,DoS,task3,n_benign,28566.0
ffnn_ewc_replay,none,1,DoS,task3,n_attack,16434.0
ffnn_ewc_replay,none,1,DoS,task3,accuracy,0.6349555555555556
ffnn_ewc_replay,none,1,DoS,task3,macro_f1,0.3888248246937005
ffnn_ewc_replay,none,1,DoS,task3,fpr,3.500665126374011e-05
ffnn_ewc_replay,none,1,DoS,task3,detection_rate,0.0004867956675185
ffnn_ewc_replay,none,1,DoS,task3,binary_f1,0.0009730584443228
ffnn_ewc_replay,none,1,DoS,task3,category_recall,0.0004867956675185
ffnn_ewc_replay,none,1,DoS,task4,n,27642.0
ffnn_ewc_replay,none,1,DoS,task4,n_benign,27569.0
ffnn_ewc_replay,none,1,DoS,task4,n_attack,73.0
ffnn_ewc_replay,none,1,DoS,task4,accuracy,0.9971782070761884
ffnn_ewc_replay,none,1,DoS,task4,macro_f1,0.4992935550483643
ffnn_ewc_replay,none,1,DoS,task4,fpr,0.0001813631252493
ffnn_ewc_replay,none,1,DoS,task4,detection_rate,0.0
ffnn_ewc_replay,none,1,DoS,task4,binary_f1,0.0
ffnn_ewc_replay,none,1,DoS,task4,category_recall,0.0
ffnn_ewc_replay,none,1,DoS,task5,n,55000.0
ffnn_ewc_replay,none,1,DoS,task5,n_benign,25723.0
ffnn_ewc_replay,none,1,DoS,task5,n_attack,29277.0
ffnn_ewc_replay,none,1,DoS,task5,accuracy,0.4677272727272727
ffnn_ewc_replay,none,1,DoS,task5,macro_f1,0.3188227831986214
ffnn_ewc_replay,none,1,DoS,task5,fpr,0.0001166271430237
ffnn_ewc_replay,none,1,DoS,task5,detection_rate,0.0001707825255319
ffnn_ewc_replay,none,1,DoS,task5,binary_f1,0.0003414717432132
ffnn_ewc_replay,none,1,DoS,task5,category_recall,0.0001707825255319
ffnn_ewc_replay,none,1,DoS,task6,n,25000.0
ffnn_ewc_replay,none,1,DoS,task6,n_benign,2841.0
ffnn_ewc_replay,none,1,DoS,task6,n_attack,22159.0
ffnn_ewc_replay,none,1,DoS,task6,accuracy,0.8878
ffnn_ewc_replay,none,1,DoS,task6,macro_f1,0.8009626629201496
ffnn_ewc_replay,none,1,DoS,task6,fpr,0.0
ffnn_ewc_replay,none,1,DoS,task6,detection_rate,0.873414865291755
ffnn_ewc_replay,none,1,DoS,task6,binary_f1,0.9324308048081325
ffnn_ewc_replay,none,1,DoS,task6,category_recall,0.873414865291755
ffnn_ewc_replay,none,1,DoS,seen,n,238702.0
ffnn_ewc_replay,none,1,DoS,seen,n_benign,203816.0
ffnn_ewc_replay,none,1,DoS,seen,n_attack,34886.0
ffnn_ewc_replay,none,1,DoS,seen,accuracy,0.9998826989300468
ffnn_ewc_replay,none,1,DoS,seen,macro_f1,0.9997649905726018
ffnn_ewc_replay,none,1,DoS,seen,fpr,5.887663382658869e-05
ffnn_ewc_replay,none,1,DoS,seen,detection_rate,0.999541363297598
ffnn_ewc_replay,none,1,DoS,seen,binary_f1,0.9995986698773076
ffnn_ewc_replay,none,1,DoS,all,n,416344.0
ffnn_ewc_replay,none,1,DoS,all,n_benign,313491.0
ffnn_ewc_replay,none,1,DoS,all,n_attack,102853.0
ffnn_ewc_replay,none,1,DoS,all,accuracy,0.8831759314413081
ffnn_ewc_replay,none,1,DoS,all,macro_f1,0.8092119116449311
ffnn_ewc_replay,none,1,DoS,all,fpr,7.336733749932215e-05
ffnn_ewc_replay,none,1,DoS,all,detection_rate,0.5273254061621926
ffnn_ewc_replay,none,1,DoS,all,binary_f1,0.6904202707605354
ffnn_ewc_replay,none,2,WebAttack,task0,n,138702.0
ffnn_ewc_replay,none,2,WebAttack,task0,n_benign,137422.0
ffnn_ewc_replay,none,2,WebAttack,task0,n_attack,1280.0
ffnn_ewc_replay,none,2,WebAttack,task0,accuracy,0.9998774350766392
ffnn_ewc_replay,none,2,WebAttack,task0,macro_f1,0.9966706624495064
ffnn_ewc_replay,none,2,WebAttack,task0,fpr,0.0001237065389821
ffnn_ewc_replay,none,2,WebAttack,task0,detection_rate,1.0
ffnn_ewc_replay,none,2,WebAttack,task0,binary_f1,0.9934031819945672
ffnn_ewc_replay,none,2,WebAttack,task0,category_recall,1.0
ffnn_ewc_replay,none,2,WebAttack,task1,n,100000.0
ffnn_ewc_replay,none,2,WebAttack,task1,n_benign,66394.0
ffnn_ewc_replay,none,2,WebAttack,task1,n_attack,33606.0
ffnn_ewc_replay,none,2,WebAttack,task1,accuracy,0.99961
ffnn_ewc_replay,none,2,WebAttack,task1,macro_f1,0.9995629615886028
ffnn_ewc_replay,none,2,WebAttack,task1,fpr,0.0001506160195198
ffnn_ewc_replay,none,2,WebAttack,task1,detection_rate,0.9991370588585372
ffnn_ewc_replay,none,2,WebAttack,task1,binary_f1,0.999419582396976
ffnn_ewc_replay,none,2,WebAttack,task1,category_recall,0.9991370588585372
ffnn_ewc_replay,none,2,WebAttack,task2,n,25000.0
ffnn_ewc_replay,none,2,WebAttack,task2,n_benign,24976.0
ffnn_ewc_replay,none,2,WebAttack,task2,n_attack,24.0
ffnn_ewc_replay,none,2,WebAttack,task2,accuracy,0.99984
ffnn_ewc_replay,none,2,WebAttack,task2,macro_f1,0.958293294896434
ffnn_ewc_replay,none,2,WebAttack,task2,fpr,8.007687379884689e-05
ffnn_ewc_replay,none,2,WebAttack,task2,detection_rate,0.9166666666666666
ffnn_ewc_replay,none,2,WebAttack,task2,binary_f1,0.9166666666666666
ffnn_ewc_replay,none,2,WebAttack,task2,category_recall,0.9166666666666666
ffnn_ewc_replay,none,2,WebAttack,task3,n,45000.0
ffnn_ewc_replay,none,2,WebAttack,task3,n_benign,28566.0
ffnn_ewc_replay,none,2,WebAttack,task3,n_attack,16434.0
ffnn_ewc_replay,none,2,WebAttack,task3,accuracy,0.6350444444444444
ffnn_ewc_replay,none,2,WebAttack,task3,macro_f1,0.3890890306432986
ffnn_ewc_replay,none,2,WebAttack,task3,fpr,3.500665126374011e-05
ffnn_ewc_replay,none,2,WebAttack,task3,detection_rate,0.0007301935012778
ffnn_ewc_replay,none,2,WebAttack,task3,binary_f1,0.0014592326868121
ffnn_ewc_replay,none,2,WebAttack,task3,category_recall,0.0007301935012778
ffnn_ewc_replay,none,2,WebAttack,task4,n,27642.0
ffnn_ewc_replay,none,2,WebAttack,task4,n_benign,27569.0
ffnn_ewc_replay,none,2,WebAttack,task4,n_attack,73.0
ffnn_ewc_replay,none,2,WebAttack,task4,accuracy,0.9971782070761884
ffnn_ewc_replay,none,2,WebAttack,task4,macro_f1,0.4992935550483643
ffnn_ewc_replay,none,2,WebAttack,task4,fpr,0.0001813631252493
ffnn_ewc_replay,none,2,WebAttack,task4,detection_rate,0.0
ffnn_ewc_replay,none,2,WebAttack,task4,binary_f1,0.0
ffnn_ewc_replay,none,2,WebAttack,task4,category_recall,0.0
ffnn_ewc_replay,none,2,WebAttack,task5,n,55000.0
ffnn_ewc_replay,none,2,WebAttack,task5,n_benign,25723.0
ffnn_ewc_replay,none,2,WebAttack,task5,n_attack,29277.0
ffnn_ewc_replay,none,2,WebAttack,task5,accuracy,0.4674727272727272
ffnn_ewc_replay,none,2,WebAttack,task5,macro_f1,0.3187045014527658
ffnn_ewc_replay,none,2,WebAttack,task5,fpr,0.0006608871438012
ffnn_ewc_replay,none,2,WebAttack,task5,detection_rate,0.0001707825255319
ffnn_ewc_replay,none,2,WebAttack,task5,binary_f1,0.0003413085770845
ffnn_ewc_replay,none,2,WebAttack,task5,category_recall,0.0001707825255319
ffnn_ewc_replay,none,2,WebAttack,task6,n,25000.0
ffnn_ewc_replay,none,2,WebAttack,task6,n_benign,2841.0
ffnn_ewc_replay,none,2,WebAttack,task6,n_attack,22159.0
ffnn_ewc_replay,none,2,WebAttack,task6,accuracy,0.93684
ffnn_ewc_replay,none,2,WebAttack,task6,macro_f1,0.8726210217185466
ffnn_ewc_replay,none,2,WebAttack,task6,fpr,0.0021119324181626
ffnn_ewc_replay,none,2,WebAttack,task6,detection_rate,0.929013042104788
ffnn_ewc_replay,none,2,WebAttack,task6,binary_f1,0.9630651914575098
ffnn_ewc_replay,none,2,WebAttack,task6,category_recall,0.929013042104788
ffnn_ewc_replay,none,2,WebAttack,seen,n,263702.0
ffnn_ewc_replay,none,2,WebAttack,seen,n_benign,228792.0
ffnn_ewc_replay,none,2,WebAttack,seen,n_attack,34910.0
ffnn_ewc_replay,none,2,WebAttack,seen,accuracy,0.999772470440118
ffnn_ewc_replay,none,2,WebAttack,seen,macro_f1,0.9995047499346464
ffnn_ewc_replay,none,2,WebAttack,seen,fpr,0.0001267526836602
ffnn_ewc_replay,none,2,WebAttack,seen,detection_rate,0.999112002291607
ffnn_ewc_replay,none,2,WebAttack,seen,binary_f1,0.9991406227620384
ffnn_ewc_replay,none,2,WebAttack,all,n,416344.0
ffnn_ewc_replay,none,2,WebAttack,all,n_benign,313491.0
ffnn_ewc_replay,none,2,WebAttack,all,n_attack,102853.0
ffnn_ewc_replay,none,2,WebAttack,all,accuracy,0.8860821820417731
ffnn_ewc_replay,none,2,WebAttack,all,macro_f1,0.8151113060897928
ffnn_ewc_replay,none,2,WebAttack,all,fpr,0.0001850132858678
ffnn_ewc_replay,none,2,WebAttack,all,detection_rate,0.5394300603774319
ffnn_ewc_replay,none,2,WebAttack,all,binary_f1,0.7005612621769901
ffnn_ewc_replay,none,3,Infiltration,task0,n,138702.0
ffnn_ewc_replay,none,3,Infiltration,task0,n_benign,137422.0
ffnn_ewc_replay,none,3,Infiltration,task0,n_attack,1280.0
ffnn_ewc_replay,none,3,Infiltration,task0,accuracy,0.9990699485227322
ffnn_ewc_replay,none,3,Infiltration,task0,macro_f1,0.9757785990954336
ffnn_ewc_replay,none,3,Infiltration,task0,fpr,0.0009387143252172
ffnn_ewc_replay,none,3,Infiltration,task0,detection_rate,1.0
ffnn_ewc_replay,none,3,Infiltration,task0,binary_f1,0.952026775753068
ffnn_ewc_replay,none,3,Infiltration,task0,category_recall,1.0
ffnn_ewc_replay,none,3,Infiltration,task1,n,100000.0
ffnn_ewc_replay,none,3,Infiltration,task1,n_benign,66394.0
ffnn_ewc_replay,none,3,Infiltration,task1,n_attack,33606.0
ffnn_ewc_replay,none,3,Infiltration,task1,accuracy,0.99895
ffnn_ewc_replay,none,3,Infiltration,task1,macro_f1,0.9988240662403488
ffnn_ewc_replay,none,3,Infiltration,task1,fpr,0.0012651745639666
ffnn_ewc_replay,none,3,Infiltration,task1,detection_rate,0.9993751115872166
ffnn_ewc_replay,none,3,Infiltration,task1,binary_f1,0.9984392419175028
ffnn_ewc_replay,none,3,Infiltration,task1,category_recall,0.9993751115872166
ffnn_ewc_replay,none,3,Infiltration,task2,n,25000.0
ffnn_ewc_replay,none,3,Infiltration,task2,n_benign,24976.0
ffnn_ewc_replay,none,3,Infiltration,task2,n_attack,24.0
ffnn_ewc_replay,none,3,Infiltration,task2,accuracy,0.99908
ffnn_ewc_replay,none,3,Infiltration,task2,macro_f1,0.8281279003416817
ffnn_ewc_replay,none,3,Infiltration,task2,fpr,0.0008408071748878
ffnn_ewc_replay,none,3,Infiltration,task2,detection_rate,0.9166666666666666
ffnn_ewc_replay,none,3,Infiltration,task2,binary_f1,0.6567164179104478
ffnn_ewc_replay,none,3,Infiltration,task2,category_recall,0.9166666666666666
ffnn_ewc_replay,none,3,Infiltration,task3,n,45000.0
ffnn_ewc_replay,none,3,Infiltration,task3,n_benign,28566.0
ffnn_ewc_replay,none,3,Infiltration,task3,n_attack,16434.0
ffnn_ewc_replay,none,3,Infiltration,task3,accuracy,0.9976
ffnn_ewc_replay,none,3,Infiltration,task3,macro_f1,0.9974132864148196
ffnn_ewc_replay,none,3,Infiltration,task3,fpr,0.0026254988447805
ffnn_ewc_replay,none,3,Infiltration,task3,detection_rate,0.997991967871486
ffnn_ewc_replay,none,3,Infiltration,task3,binary_f1,0.996718322698268
ffnn_ewc_replay,none,3,Infiltration,task3,category_recall,0.997991967871486
ffnn_ewc_replay,none,3,Infiltration,task4,n,27642.0
ffnn_ewc_replay,none,3,Infiltration,task4,n_benign,27569.0
ffnn_ewc_replay,none,3,Infiltration,task4,n_attack,73.0
ffnn_ewc_replay,none,3,Infiltration,task4,accuracy,0.988351059981188
ffnn_ewc_replay,none,3,Infiltration,task4,macro_f1,0.497070703395073
ffnn_ewc_replay,none,3,Infiltration,task4,fpr,0.0090318836374188
ffnn_ewc_replay,none,3,Infiltration,task4,detection_rate,0.0
ffnn_ewc_replay,none,3,Infiltration,task4,binary_f1,0.0
ffnn_ewc_replay,none,3,Infiltration,task4,category_recall,0.0
ffnn_ewc_replay,none,3,Infiltration,task5,n,55000.0
ffnn_ewc_replay,none,3,Infiltration,task5,n_benign,25723.0
ffnn_ewc_replay,none,3,Infiltration,task5,n_attack,29277.0
ffnn_ewc_replay,none,3,Infiltration,task5,accuracy,0.985418181818182
ffnn_ewc_replay,none,3,Infiltration,task5,macro_f1,0.9853397064736836
ffnn_ewc_replay,none,3,Infiltration,task5,fpr,0.0247249543210356
ffnn_ewc_replay,none,3,Infiltration,task5,detection_rate,0.994330020152338
ffnn_ewc_replay,none,3,Infiltration,task5,binary_f1,0.9864123068582272
ffnn_ewc_replay,none,3,Infiltration,task5,category_recall,0.994330020152338
ffnn_ewc_replay,none,3,Infiltration,task6,n,25000.0
ffnn_ewc_replay,none,3,Infiltration,task6,n_benign,2841.0
ffnn_ewc_replay,none,3,Infiltration,task6,n_attack,22159.0
ffnn_ewc_replay,none,3,Infiltration,task6,accuracy,0.98144
ffnn_ewc_replay,none,3,Infiltration,task6,macro_f1,0.9560099401759456
ffnn_ewc_replay,none,3,Infiltration,task6,fpr,0.0271031326997536
ffnn_ewc_replay,none,3,Infiltration,task6,detection_rate,0.9825353129653864
ffnn_ewc_replay,none,3,Infiltration,task6,binary_f1,0.9894564624613706
ffnn_ewc_replay,none,3,Infiltration,task6,category_recall,0.9825353129653864
ffnn_ewc_replay,none,3,Infiltration,seen,n,308702.0
ffnn_ewc_replay,none,3,Infiltration,seen,n_benign,257358.0
ffnn_ewc_replay,none,3,Infiltration,seen,n_attack,51344.0
ffnn_ewc_replay,none,3,Infiltration,seen,accuracy,0.9988176299473278
ffnn_ewc_replay,none,3,Infiltration,seen,macro_f1,0.9978724009931988
ffnn_ewc_replay,none,3,Infiltration,seen,fpr,0.001200662112699
ffnn_ewc_replay,none,3,Infiltration,seen,detection_rate,0.9989093175444064
ffnn_ewc_replay,none,3,Infiltration,seen,binary_f1,0.996454279635908
ffnn_ewc_replay,none,3,Infiltration,all,n,416344.0
ffnn_ewc_replay,none,3,Infiltration,all,n_benign,313491.0
ffnn_ewc_replay,none,3,Infiltration,all,n_attack,102853.0
ffnn_ewc_replay,none,3,Infiltration,all,accuracy,0.9953091674192496
ffnn_ewc_replay,none,3,Infiltration,all,macro_f1,0.99370756184494
ffnn_ewc_replay,none,3,Infiltration,all,fpr,0.0040543428678973
ffnn_ewc_replay,none,3,Infiltration,all,detection_rate,0.993369177369644
ffnn_ewc_replay,none,3,Infiltration,all,binary_f1,0.9905329746237184
ffnn_ewc_replay,none,4,Botnet,task0,n,138702.0
ffnn_ewc_replay,none,4,Botnet,task0,n_benign,137422.0
ffnn_ewc_replay,none,4,Botnet,task0,n_attack,1280.0
ffnn_ewc_replay,none,4,Botnet,task0,accuracy,0.9993583365776988
ffnn_ewc_replay,none,4,Botnet,task0,macro_f1,0.98303924552736
ffnn_ewc_replay,none,4,Botnet,task0,fpr,0.0006476401158475
ffnn_ewc_replay,none,4,Botnet,task0,detection_rate,1.0
ffnn_ewc_replay,none,4,Botnet,task0,binary_f1,0.96640241600604
ffnn_ewc_replay,none,4,Botnet,task0,category_recall,1.0
ffnn_ewc_replay,none,4,Botnet,task1,n,100000.0
ffnn_ewc_replay,none,4,Botnet,task1,n_benign,66394.0
ffnn_ewc_replay,none,4,Botnet,task1,n_attack,33606.0
ffnn_ewc_replay,none,4,Botnet,task1,accuracy,0.99935
ffnn_ewc_replay,none,4,Botnet,task1,macro_f1,0.9992715490781215
ffnn_ewc_replay,none,4,Botnet,task1,fpr,0.0002711088351357
ffnn_ewc_replay,none,4,Botnet,task1,detection_rate,0.9986014402190084
ffnn_ewc_replay,none,4,Botnet,task1,binary_f1,0.9990324933390888
ffnn_ewc_replay,none,4,Botnet,task1,category_recall,0.9986014402190084
ffnn_ewc_replay,none,4,Botnet,task2,n,25000.0
ffnn_ewc_replay,none,4,Botnet,task2,n_benign,24976.0
ffnn_ewc_replay,none,4,Botnet,task2,n_attack,24.0
ffnn_ewc_replay,none,4,Botnet,task2,accuracy,0.9992
ffnn_ewc_replay,none,4,Botnet,task2,macro_f1,0.8435497436719
ffnn_ewc_replay,none,4,Botnet,task2,fpr,0.0007206918641896
ffnn_ewc_replay,none,4,Botnet,task2,detection_rate,0.9166666666666666
ffnn_ewc_replay,none,4,Botnet,task2,binary_f1,0.6875
ffnn_ewc_replay,none,4,Botnet,task2,category_recall,0.9166666666666666
ffnn_ewc_replay,none,4,Botnet,task3,n,45000.0
ffnn_ewc_replay,none,4,Botnet,task3,n_benign,28566.0
ffnn_ewc_replay,none,4,Botnet,task3,n_attack,16434.0
ffnn_ewc_replay,none,4,Botnet,task3,accuracy,0.9977555555555556
ffnn_ewc_replay,none,4,Botnet,task3,macro_f1,0.997579414225262
ffnn_ewc_replay,none,4,Botnet,task3,fpr,0.0016453126093957
ffnn_ewc_replay,none,4,Botnet,task3,detection_rate,0.9967141292442496
ffnn_ewc_replay,none,4,Botnet,task3,binary_f1,0.9969264477648276
ffnn_ewc_replay,none,4,Botnet,task3,category_recall,0.9967141292442496
ffnn_ewc_replay,none,4,Botnet,task4,n,27642.0
ffnn_ewc_replay,none,4,Botnet,task4,n_benign,27569.0
ffnn_ewc_replay,none,4,Botnet,task4,n_attack,73.0
ffnn_ewc_replay,none,4,Botnet,task4,accuracy,0.9994935243470082
ffnn_ewc_replay,none,4,Botnet,task4,macro_f1,0.9561230135694072
ffnn_ewc_replay,none,4,Botnet,task4,fpr,0.0005078167506982
ffnn_ewc_replay,none,4,Botnet,task4,detection_rate,1.0
ffnn_ewc_replay,none,4,Botnet,task4,binary_f1,0.9125
ffnn_ewc_replay,none,4,Botnet,task4,category_recall,1.0
ffnn_ewc_replay,none,4,Botnet,task5,n,55000.0
ffnn_ewc_replay,none,4,Botnet,task5,n_benign,25723.0
ffnn_ewc_replay,none,4,Botnet,task5,n_attack,29277.0
ffnn_ewc_replay,none,4,Botnet,task5,accuracy,0.9946909090909092
ffnn_ewc_replay,none,4,Botnet,task5,macro_f1,0.9946715401729056
ffnn_ewc_replay,none,4,Botnet,task5,fpr,0.0010496442872137
ffnn_ewc_replay,none,4,Botnet,task5,detection_rate,0.9909485261468046
ffnn_ewc_replay,none,4,Botnet,task5,binary_f1,0.9949927978599356
ffnn_ewc_replay,none,4,Botnet,task5,category_recall,0.9909485261468046
ffnn_ewc_replay,none,4,Botnet,task6,n,25000.0
ffnn_ewc_replay,none,4,Botnet,task6,n_benign,2841.0
ffnn_ewc_replay,none,4,Botnet,task6,n_attack,22159.0
ffnn_ewc_replay,none,4,Botnet,task6,accuracy,0.9632
ffnn_ewc_replay,none,4,Botnet,task6,macro_f1,0.9189527899860715
ffnn_ewc_replay,none,4,Botnet,task6,fpr,0.0130235832453361
ffnn_ewc_replay,none,4,Botnet,task6,detection_rate,0.9601516313913084
ffnn_ewc_replay,none,4,Botnet,task6,binary_f1,0.9788369525211632
ffnn_ewc_replay,none,4,Botnet,task6,category_recall,0.9601516313913084
ffnn_ewc_replay,none,4,Botnet,seen,n,336344.0
ffnn_ewc_replay,none,4,Botnet,seen,n_benign,284927.0
ffnn_ewc_replay,none,4,Botnet,seen,n_attack,51417.0
ffnn_ewc_replay,none,4,Botnet,seen,accuracy,0.9991407606498108
ffnn_ewc_replay,none,4,Botnet,seen,macro_f1,0.9983423453033898
ffnn_ewc_replay,none,4,Botnet,seen,fpr,0.0006527987870577
ffnn_ewc_replay,none,4,Botnet,seen,detection_rate,0.9979967714958088
ffnn_ewc_replay,none,4,Botnet,seen,binary_f1,0.9971919119290302
ffnn_ewc_replay,none,4,Botnet,all,n,416344.0
ffnn_ewc_replay,none,4,Botnet,all,n_benign,313491.0
ffnn_ewc_replay,none,4,Botnet,all,n_attack,102853.0
ffnn_ewc_replay,none,4,Botnet,all,accuracy,0.9963948081394232
ffnn_ewc_replay,none,4,Botnet,all,macro_f1,0.9951386525194146
ffnn_ewc_replay,none,4,Botnet,all,fpr,0.0007974710597752
ffnn_ewc_replay,none,4,Botnet,all,detection_rate,0.9878370101017958
ffnn_ewc_replay,none,4,Botnet,all,binary_f1,0.9926674971300165
ffnn_ewc_replay,none,5,PortScan,task0,n,138702.0
ffnn_ewc_replay,none,5,PortScan,task0,n_benign,137422.0
ffnn_ewc_replay,none,5,PortScan,task0,n_attack,1280.0
ffnn_ewc_replay,none,5,PortScan,task0,accuracy,0.9994592723969372
ffnn_ewc_replay,none,5,PortScan,task0,macro_f1,0.9856320226706494
ffnn_ewc_replay,none,5,PortScan,task0,fpr,0.0005457641425681
ffnn_ewc_replay,none,5,PortScan,task0,detection_rate,1.0
ffnn_ewc_replay,none,5,PortScan,task0,binary_f1,0.9715370018975332
ffnn_ewc_replay,none,5,PortScan,task0,category_recall,1.0
ffnn_ewc_replay,none,5,PortScan,task1,n,100000.0
ffnn_ewc_replay,none,5,PortScan,task1,n_benign,66394.0
ffnn_ewc_replay,none,5,PortScan,task1,n_attack,33606.0
ffnn_ewc_replay,none,5,PortScan,task1,accuracy,0.99958
ffnn_ewc_replay,none,5,PortScan,task1,macro_f1,0.9995293536304664
ffnn_ewc_replay,none,5,PortScan,task1,fpr,0.0001958008253757
ffnn_ewc_replay,none,5,PortScan,task1,detection_rate,0.9991370588585372
ffnn_ewc_replay,none,5,PortScan,task1,binary_f1,0.9993749627954044
ffnn_ewc_replay,none,5,PortScan,task1,category_recall,0.9991370588585372
ffnn_ewc_replay,none,5,PortScan,task2,n,25000.0
ffnn_ewc_replay,none,5,PortScan,task2,n_benign,24976.0
ffnn_ewc_replay,none,5,PortScan,task2,n_attack,24.0
ffnn_ewc_replay,none,5,PortScan,task2,accuracy,0.99924
ffnn_ewc_replay,none,5,PortScan,task2,macro_f1,0.8490161095043247
ffnn_ewc_replay,none,5,PortScan,task2,fpr,0.0006806534272901
ffnn_ewc_replay,none,5,PortScan,task2,detection_rate,0.9166666666666666
ffnn_ewc_replay,none,5,PortScan,task2,binary_f1,0.6984126984126984
ffnn_ewc_replay,none,5,PortScan,task2,category_recall,0.9166666666666666
ffnn_ewc_replay,none,5,PortScan,task3,n,45000.0
ffnn_ewc_replay,none,5,PortScan,task3,n_benign,28566.0
ffnn_ewc_replay,none,5,PortScan,task3,n_attack,16434.0
ffnn_ewc_replay,none,5,PortScan,task3,accuracy,0.9977777777777778
ffnn_ewc_replay,none,5,PortScan,task3,macro_f1,0.9976034114077348
ffnn_ewc_replay,none,5,PortScan,task3,fpr,0.0016453126093957
ffnn_ewc_replay,none,5,PortScan,task3,detection_rate,0.9967749787026896
ffnn_ewc_replay,none,5,PortScan,task3,binary_f1,0.9969569715781146
ffnn_ewc_replay,none,5,PortScan,task3,category_recall,0.9967749787026896
ffnn_ewc_replay,none,5,PortScan,task4,n,27642.0
ffnn_ewc_replay,none,5,PortScan,task4,n_benign,27569.0
ffnn_ewc_replay,none,5,PortScan,task4,n_attack,73.0
ffnn_ewc_replay,none,5,PortScan,task4,accuracy,0.9997105853411477
ffnn_ewc_replay,none,5,PortScan,task4,macro_f1,0.9739534182487202
ffnn_ewc_replay,none,5,PortScan,task4,fpr,0.0002901810003989
ffnn_ewc_replay,none,5,PortScan,task4,detection_rate,1.0
ffnn_ewc_replay,none,5,PortScan,task4,binary_f1,0.948051948051948
ffnn_ewc_replay,none,5,PortScan,task4,category_recall,1.0
ffnn_ewc_replay,none,5,PortScan,task5,n,55000.0
ffnn_ewc_replay,none,5,PortScan,task5,n_benign,25723.0
ffnn_ewc_replay,none,5,PortScan,task5,n_attack,29277.0
ffnn_ewc_replay,none,5,PortScan,task5,accuracy,0.9993090909090908
ffnn_ewc_replay,none,5,PortScan,task5,macro_f1,0.999306226563744
ffnn_ewc_replay,none,5,PortScan,task5,fpr,0.0003498814290712
ffnn_ewc_replay,none,5,PortScan,task5,detection_rate,0.9990094613519144
ffnn_ewc_replay,none,5,PortScan,task5,binary_f1,0.9993508046605392
ffnn_ewc_replay,none,5,PortScan,task5,category_recall,0.9990094613519144
ffnn_ewc_replay,none,5,PortScan,task6,n,25000.0
ffnn_ewc_replay,none,5,PortScan,task6,n_benign,2841.0
ffnn_ewc_replay,none,5,PortScan,task6,n_attack,22159.0
ffnn_ewc_replay,none,5,PortScan,task6,accuracy,0.98028
ffnn_ewc_replay,none,5,PortScan,task6,macro_f1,0.9536937458239602
ffnn_ewc_replay,none,5,PortScan,task6,fpr,0.0207673354452657
ffnn_ewc_replay,none,5,PortScan,task6,detection_rate,0.9804142786226816
ffnn_ewc_replay,none,5,PortScan,task6,binary_f1,0.9887809207382292
ffnn_ewc_replay,none,5,PortScan,task6,category_recall,0.9804142786226816
ffnn_ewc_replay,none,5,PortScan,seen,n,391344.0
ffnn_ewc_replay,none,5,PortScan,seen,n_benign,310650.0
ffnn_ewc_replay,none,5,PortScan,seen,n_attack,80694.0
ffnn_ewc_replay,none,5,PortScan,seen,accuracy,0.9992794063534896
ffnn_ewc_replay,none,5,PortScan,seen,macro_f1,0.9988996681822624
ffnn_ewc_replay,none,5,PortScan,seen,fpr,0.0005440206019636
ffnn_ewc_replay,none,5,PortScan,seen,detection_rate,0.998599648053139
ffnn_ewc_replay,none,5,PortScan,seen,binary_f1,0.9982532642897848
ffnn_ewc_replay,none,5,PortScan,all,n,416344.0
ffnn_ewc_replay,none,5,PortScan,all,n_benign,313491.0
ffnn_ewc_replay,none,5,PortScan,all,n_attack,102853.0
ffnn_ewc_replay,none,5,PortScan,all,accuracy,0.998138558499702
ffnn_ewc_replay,none,5,PortScan,all,macro_f1,0.9974955920046834
ffnn_ewc_replay,none,5,PortScan,all,fpr,0.000727293606515
ffnn_ewc_replay,none,5,PortScan,all,detection_rate,0.9946817302363568
ffnn_ewc_replay,none,5,PortScan,all,binary_f1,0.996226635570898
ffnn_ewc_replay,none,6,DDoS,task0,n,138702.0
ffnn_ewc_replay,none,6,DDoS,task0,n_benign,137422.0
ffnn_ewc_replay,none,6,DDoS,task0,n_attack,1280.0
ffnn_ewc_replay,none,6,DDoS,task0,accuracy,0.999661144035414
ffnn_ewc_replay,none,6,DDoS,task0,macro_f1,0.9909002897684578
ffnn_ewc_replay,none,6,DDoS,task0,fpr,0.0003420121960093
ffnn_ewc_replay,none,6,DDoS,task0,detection_rate,1.0
ffnn_ewc_replay,none,6,DDoS,task0,binary_f1,0.9819716148830072
ffnn_ewc_replay,none,6,DDoS,task0,category_recall,1.0
ffnn_ewc_replay,none,6,DDoS,task1,n,100000.0
ffnn_ewc_replay,none,6,DDoS,task1,n_benign,66394.0
ffnn_ewc_replay,none,6,DDoS,task1,n_attack,33606.0
ffnn_ewc_replay,none,6,DDoS,task1,accuracy,0.99962
ffnn_ewc_replay,none,6,DDoS,task1,macro_f1,0.9995742083934228
ffnn_ewc_replay,none,6,DDoS,task1,fpr,0.0002409856312317
ffnn_ewc_replay,none,6,DDoS,task1,detection_rate,0.9993453549961316
ffnn_ewc_replay,none,6,DDoS,task1,binary_f1,0.999434574293962
ffnn_ewc_replay,none,6,DDoS,task1,category_recall,0.9993453549961316
ffnn_ewc_replay,none,6,DDoS,task2,n,25000.0
ffnn_ewc_replay,none,6,DDoS,task2,n_benign,24976.0
ffnn_ewc_replay,none,6,DDoS,task2,n_attack,24.0
ffnn_ewc_replay,none,6,DDoS,task2,accuracy,0.99956
ffnn_ewc_replay,none,6,DDoS,task2,macro_f1,0.8998898788667535
ffnn_ewc_replay,none,6,DDoS,task2,fpr,0.0003603459320948
ffnn_ewc_replay,none,6,DDoS,task2,detection_rate,0.9166666666666666
ffnn_ewc_replay,none,6,DDoS,task2,binary_f1,0.8
ffnn_ewc_replay,none,6,DDoS,task2,category_recall,0.9166666666666666
ffnn_ewc_replay,none,6,DDoS,task3,n,45000.0
ffnn_ewc_replay,none,6,DDoS,task3,n_benign,28566.0
ffnn_ewc_replay,none,6,DDoS,task3,n_attack,16434.0
ffnn_ewc_replay,none,6,DDoS,task3,accuracy,0.9976666666666668
ffnn_ewc_replay,none,6,DDoS,task3,macro_f1,0.9974834843595032
ffnn_ewc_replay,none,6,DDoS,task3,fpr,0.0016803192606595
ffnn_ewc_replay,none,6,DDoS,task3,detection_rate,0.9965315808689302
ffnn_ewc_replay,none,6,DDoS,task3,binary_f1,0.9968045284396968
ffnn_ewc_replay,none,6,DDoS,task3,category_recall,0.9965315808689302
ffnn_ewc_replay,none,6,DDoS,task4,n,27642.0
ffnn_ewc_replay,none,6,DDoS,task4,n_benign,27569.0
ffnn_ewc_replay,none,6,DDoS,task4,n_attack,73.0
ffnn_ewc_replay,none,6,DDoS,task4,accuracy,0.999746762173504
ffnn_ewc_replay,none,6,DDoS,task4,macro_f1,0.9770606978529924
ffnn_ewc_replay,none,6,DDoS,task4,fpr,0.0002539083753491
ffnn_ewc_replay,none,6,DDoS,task4,detection_rate,1.0
ffnn_ewc_replay,none,6,DDoS,task4,binary_f1,0.954248366013072
ffnn_ewc_replay,none,6,DDoS,task4,category_recall,1.0
ffnn_ewc_replay,none,6,DDoS,task5,n,55000.0
ffnn_ewc_replay,none,6,DDoS,task5,n_benign,25723.0
ffnn_ewc_replay,none,6,DDoS,task5,n_attack,29277.0
ffnn_ewc_replay,none,6,DDoS,task5,accuracy,0.9992181818181818
ffnn_ewc_replay,none,6,DDoS,task5,macro_f1,0.999214920292127
ffnn_ewc_replay,none,6,DDoS,task5,fpr,0.0006608871438012
ffnn_ewc_replay,none,6,DDoS,task5,detection_rate,0.9991119308672336
ffnn_ewc_replay,none,6,DDoS,task5,binary_f1,0.9992655222478436
ffnn_ewc_replay,none,6,DDoS,task5,category_recall,0.9991119308672336
ffnn_ewc_replay,none,6,DDoS,task6,n,25000.0
ffnn_ewc_replay,none,6,DDoS,task6,n_benign,2841.0
ffnn_ewc_replay,none,6,DDoS,task6,n_attack,22159.0
ffnn_ewc_replay,none,6,DDoS,task6,accuracy,0.9998
ffnn_ewc_replay,none,6,DDoS,task6,macro_f1,0.999503222439056
ffnn_ewc_replay,none,6,DDoS,task6,fpr,0.0017599436818021
ffnn_ewc_replay,none,6,DDoS,task6,detection_rate,1.0
ffnn_ewc_replay,none,6,DDoS,task6,binary_f1,0.9998871917514608
ffnn_ewc_replay,none,6,DDoS,task6,category_recall,1.0
ffnn_ewc_replay,none,6,DDoS,seen,n,416344.0
ffnn_ewc_replay,none,6,DDoS,seen,n_benign,313491.0
ffnn_ewc_replay,none,6,DDoS,seen,n_attack,102853.0
ffnn_ewc_replay,none,6,DDoS,seen,accuracy,0.9993851238399016
ffnn_ewc_replay,none,6,DDoS,seen,macro_f1,0.9991737134684722
ffnn_ewc_replay,none,6,DDoS,seen,fpr,0.000475292751626
ffnn_ewc_replay,none,6,DDoS,seen,detection_rate,0.9989596803204572
ffnn_ewc_replay,none,6,DDoS,seen,binary_f1,0.9987557594727532
ffnn_ewc_replay,none,6,DDoS,all,n,416344.0
ffnn_ewc_replay,none,6,DDoS,all,n_benign,313491.0
ffnn_ewc_replay,none,6,DDoS,all,n_attack,102853.0
ffnn_ewc_replay,none,6,DDoS,all,accuracy,0.9993851238399016
ffnn_ewc_replay,none,6,DDoS,all,macro_f1,0.9991737134684722
ffnn_ewc_replay,none,6,DDoS,all,fpr,0.000475292751626
ffnn_ewc_replay,none,6,DDoS,all,detection_rate,0.9989596803204572
ffnn_ewc_replay,none,6,DDoS,all,binary_f1,0.9987557594727532
ffnn_naive,none,0,BruteForce,task0,n,138702.0
ffnn_naive,none,0,BruteForce,task0,n_benign,137422.0
ffnn_naive,none,0,BruteForce,task0,n_attack,1280.0
ffnn_naive,none,0,BruteForce,task0,accuracy,0.9999639514931292
ffnn_naive,none,0,BruteForce,task0,macro_f1,0.9990162448960817
ffnn_naive,none,0,BruteForce,task0,fpr,3.638427617120985e-05
ffnn_naive,none,0,BruteForce,task0,detection_rate,1.0
ffnn_naive,none,0,BruteForce,task0,binary_f1,0.9980506822612084
ffnn_naive,none,0,BruteForce,task0,category_recall,1.0
ffnn_naive,none,0,BruteForce,task1,n,100000.0
ffnn_naive,none,0,BruteForce,task1,n_benign,66394.0
ffnn_naive,none,0,BruteForce,task1,n_attack,33606.0
ffnn_naive,none,0,BruteForce,task1,accuracy,0.66394
ffnn_naive,none,0,BruteForce,task1,macro_f1,0.3990167914708463
ffnn_naive,none,0,BruteForce,task1,fpr,0.0
ffnn_naive,none,0,BruteForce,task1,detection_rate,0.0
ffnn_naive,none,0,BruteForce,task1,binary_f1,0.0
ffnn_naive,none,0,BruteForce,task1,category_recall,0.0
ffnn_naive,none,0,BruteForce,task2,n,25000.0
ffnn_naive,none,0,BruteForce,task2,n_benign,24976.0
ffnn_naive,none,0,BruteForce,task2,n_attack,24.0
ffnn_naive,none,0,BruteForce,task2,accuracy,0.99948
ffnn_naive,none,0,BruteForce,task2,macro_f1,0.8241942280530836
ffnn_naive,none,0,BruteForce,task2,fpr,4.003843689942344e-05
ffnn_naive,none,0,BruteForce,task2,detection_rate,0.5
ffnn_naive,none,0,BruteForce,task2,binary_f1,0.6486486486486487
ffnn_naive,none,0,BruteForce,task2,category_recall,0.5
ffnn_naive,none,0,BruteForce,task3,n,45000.0
ffnn_naive,none,0,BruteForce,task3,n_benign,28566.0
ffnn_naive,none,0,BruteForce,task3,n_attack,16434.0
ffnn_naive,none,0,BruteForce,task3,accuracy,0.6349333333333333
ffnn_naive,none,0,BruteForce,task3,macro_f1,0.3887010157059334
ffnn_naive,none,0,BruteForce,task3,fpr,0.0
ffnn_naive,none,0,BruteForce,task3,detection_rate,0.0003650967506389
ffnn_naive,none,0,BruteForce,task3,binary_f1,0.0007299270072992
ffnn_naive,none,0,BruteForce,task3,category_recall,0.0003650967506389
ffnn_naive,none,0,BruteForce,task4,n,27642.0
ffnn_naive,none,0,BruteForce,task4,n_benign,27569.0
ffnn_naive,none,0,BruteForce,task4,n_attack,73.0
ffnn_naive,none,0,BruteForce,task4,accuracy,0.9973590912379712
ffnn_naive,none,0,BruteForce,task4,macro_f1,0.4993388998569126
ffnn_naive,none,0,BruteForce,task4,fpr,0.0
ffnn_naive,none,0,BruteForce,task4,detection_rate,0.0
ffnn_naive,none,0,BruteForce,task4,binary_f1,0.0
ffnn_naive,none,0,BruteForce,task4,category_recall,0.0
ffnn_naive,none,0,BruteForce,task5,n,55000.0
ffnn_naive,none,0,BruteForce,task5,n_benign,25723.0
ffnn_naive,none,0,BruteForce,task5,n_attack,29277.0
ffnn_naive,none,0,BruteForce,task5,accuracy,0.4675818181818182
ffnn_naive,none,0,BruteForce,task5,macro_f1,0.318606984897853
ffnn_naive,none,0,BruteForce,task5,fpr,0.0002332542860475
ffnn_naive,none,0,BruteForce,task5,detection_rate,0.0
ffnn_naive,none,0,BruteForce,task5,binary_f1,0.0
ffnn_naive,none,0,BruteForce,task5,category_recall,0.0
ffnn_naive,none,0,BruteForce,task6,n,25000.0
ffnn_naive,none,0,BruteForce,task6,n_benign,2841.0
ffnn_naive,none,0,BruteForce,task6,n_attack,22159.0
ffnn_naive,none,0,BruteForce,task6,accuracy,0.1134
ffnn_naive,none,0,BruteForce,task6,macro_f1,0.1018501886114603
ffnn_naive,none,0,BruteForce,task6,fpr,0.0021119324181626
ffnn_naive,none,0,BruteForce,task6,detection_rate,0.0
ffnn_naive,none,0,BruteForce,task6,binary_f1,0.0
ffnn_naive,none,0,BruteForce,task6,category_recall,0.0
ffnn_naive,none,0,BruteForce,seen,n,138702.0
ffnn_naive,none,0,BruteForce,seen,n_benign,137422.0
ffnn_naive,none,0,BruteForce,seen,n_attack,1280.0
ffnn_naive,none,0,BruteForce,seen,accuracy,0.9999639514931292
ffnn_naive,none,0,BruteForce,seen,macro_f1,0.9990162448960817
ffnn_naive,none,0,BruteForce,seen,fpr,3.638427617120985e-05
ffnn_naive,none,0,BruteForce,seen,detection_rate,1.0
ffnn_naive,none,0,BruteForce,seen,binary_f1,0.9980506822612084
ffnn_naive,none,0,BruteForce,all,n,416344.0
ffnn_naive,none,0,BruteForce,all,n_benign,313491.0
ffnn_naive,none,0,BruteForce,all,n_attack,102853.0
ffnn_naive,none,0,BruteForce,all,accuracy,0.7560358741809657
ffnn_naive,none,0,BruteForce,all,macro_f1,0.442748543571455
ffnn_naive,none,0,BruteForce,all,fpr,5.741791630381734e-05
ffnn_naive,none,0,BruteForce,all,detection_rate,0.0126199527480967
ffnn_naive,none,0,BruteForce,all,binary_f1,0.0249210417686643
ffnn_naive,none,1,DoS,task0,n,138702.0
ffnn_naive,none,1,DoS,task0,n_benign,137422.0
ffnn_naive,none,1,DoS,task0,n_attack,1280.0
ffnn_naive,none,1,DoS,task0,accuracy,0.9907283240328184
ffnn_naive,none,1,DoS,task0,macro_f1,0.4976712854649099
ffnn_naive,none,1,DoS,task0,fpr,4.366113140545182e-05
ffnn_naive,none,1,DoS,task0,detection_rate,0.0
ffnn_naive,none,1,DoS,task0,binary_f1,0.0
ffnn_naive,none,1,DoS,task0,category_recall,0.0
ffnn_naive,none,1,DoS,task1,n,100000.0
ffnn_naive,none,1,DoS,task1,n_benign,66394.0
ffnn_naive,none,1,DoS,task1,n_attack,33606.0
ffnn_naive,none,1,DoS,task1,accuracy,0.99989
ffnn_naive,none,1,DoS,task1,macro_f1,0.9998767544965316
ffnn_naive,none,1,DoS,task1,fpr,0.0001204928156158
ffnn_naive,none,1,DoS,task1,detection_rate,0.9999107302267451
ffnn_naive,none,1,DoS,task1,binary_f1,0.9998363509231296
ffnn_naive,none,1,DoS,task1,category_recall,0.9999107302267451
ffnn_naive,none,1,DoS,task2,n,25000.0
ffnn_naive,none,1,DoS,task2,n_benign,24976.0
ffnn_naive,none,1,DoS,task2,n_attack,24.0
ffnn_naive,none,1,DoS,task2,accuracy,0.999
ffnn_naive,none,1,DoS,task2,macro_f1,0.4997498749374687
ffnn_naive,none,1,DoS,task2,fpr,4.003843689942344e-05
ffnn_naive,none,1,DoS,task2,detection_rate,0.0
ffnn_naive,none,1,DoS,task2,binary_f1,0.0
ffnn_naive,none,1,DoS,task2,category_recall,0.0
ffnn_naive,none,1,DoS,task3,n,45000.0
ffnn_naive,none,1,DoS,task3,n_benign,28566.0
ffnn_naive,none,1,DoS,task3,n_attack,16434.0
ffnn_naive,none,1,DoS,task3,accuracy,0.6347777777777778
ffnn_naive,none,1,DoS,task3,macro_f1,0.3882960647046829
ffnn_naive,none,1,DoS,task3,fpr,3.500665126374011e-05
ffnn_naive,none,1,DoS,task3,detection_rate,0.0
ffnn_naive,none,1,DoS,task3,binary_f1,0.0
ffnn_naive,none,1,DoS,task3,category_recall,0.0
ffnn_naive,none,1,DoS,task4,n,27642.0
ffnn_naive,none,1,DoS,task4,n_benign,27569.0
ffnn_naive,none,1,DoS,task4,n_attack,73.0
ffnn_naive,none,1,DoS,task4,accuracy,0.997214383908545
ffnn_naive,none,1,DoS,task4,macro_f1,0.4993026246671618
ffnn_naive,none,1,DoS,task4,fpr,0.0001450905001994
ffnn_naive,none,1,DoS,task4,detection_rate,0.0
ffnn_naive,none,1,DoS,task4,binary_f1,0.0
ffnn_naive,none,1,DoS,task4,category_recall,0.0
ffnn_naive,none,1,DoS,task5,n,55000.0
ffnn_naive,none,1,DoS,task5,n_benign,25723.0
ffnn_naive,none,1,DoS,task5,n_attack,29277.0
ffnn_naive,none,1,DoS,task5,accuracy,0.4677272727272727
ffnn_naive,none,1,DoS,task5,macro_f1,0.3188227831986214
ffnn_naive,none,1,DoS,task5,fpr,0.0001166271430237
ffnn_naive,none,1,DoS,task5,detection_rate,0.0001707825255319
ffnn_naive,none,1,DoS,task5,binary_f1,0.0003414717432132
ffnn_naive,none,1,DoS,task5,category_recall,0.0001707825255319
ffnn_naive,none,1,DoS,task6,n,25000.0
ffnn_naive,none,1,DoS,task6,n_benign,2841.0
ffnn_naive,none,1,DoS,task6,n_attack,22159.0
ffnn_naive,none,1,DoS,task6,accuracy,0.85456
ffnn_naive,none,1,DoS,task6,macro_f1,0.7602056855912551
ffnn_naive,none,1,DoS,task6,fpr,0.0
ffnn_naive,none,1,DoS,task6,detection_rate,0.8359131729771199
ffnn_naive,none,1,DoS,task6,binary_f1,0.9106238631335726
ffnn_naive,none,1,DoS,task6,category_recall,0.8359131729771199
ffnn_naive,none,1,DoS,seen,n,238702.0
ffnn_naive,none,1,DoS,seen,n_benign,203816.0
ffnn_naive,none,1,DoS,seen,n_attack,34886.0
ffnn_naive,none,1,DoS,seen,accuracy,0.9945664468668046
ffnn_naive,none,1,DoS,seen,macro_f1,0.98894730285764
ffnn_naive,none,1,DoS,seen,fpr,6.868940613102014e-05
ffnn_naive,none,1,DoS,seen,detection_rate,0.9632230694261308
ffnn_naive,none,1,DoS,seen,binary_f1,0.9810665226340451
ffnn_naive,none,1,DoS,all,n,416344.0
ffnn_naive,none,1,DoS,all,n_benign,313491.0
ffnn_naive,none,1,DoS,all,n_attack,102853.0
ffnn_naive,none,1,DoS,all,accuracy,0.8781176142804988
ffnn_naive,none,1,DoS,all,macro_f1,0.7988736618583718
ffnn_naive,none,1,DoS,all,fpr,7.336733749932215e-05
ffnn_naive,none,1,DoS,all,detection_rate,0.5068495814414747
ffnn_naive,none,1,DoS,all,binary_f1,0.6726276877818421
ffnn_naive,none,2,WebAttack,task0,n,138702.0
ffnn_naive,none,2,WebAttack,task0,n_benign,137422.0
ffnn_naive,none,2,WebAttack,task0,n_attack,1280.0
ffnn_naive,none,2,WebAttack,task0,accuracy,0.9948090150105984
ffnn_naive,none,2,WebAttack,task0,macro_f1,0.8057674201321057
ffnn_naive,none,2,WebAttack,task0,fpr,9.45991180451456e-05
ffnn_naive,none,2,WebAttack,task0,detection_rate,0.44765625
ffnn_naive,none,2,WebAttack,task0,binary_f1,0.6141479099678456
ffnn_naive,none,2,WebAttack,task0,category_recall,0.44765625
ffnn_naive,none,2,WebAttack,task1,n,100000.0
ffnn_naive,none,2,WebAttack,task1,n_benign,66394.0
ffnn_naive,none,2,WebAttack,task1,n_attack,33606.0
ffnn_naive,none,2,WebAttack,task1,accuracy,0.68135
ffnn_naive,none,2,WebAttack,task1,macro_f1,0.4526120365944766
ffnn_naive,none,2,WebAttack,task1,fpr,7.530800975991807e-05
ffnn_naive,none,2,WebAttack,task1,detection_rate,0.0519550080342795
ffnn_naive,none,2,WebAttack,task1,binary_f1,0.098764035410244
ffnn_naive,none,2,WebAttack,task1,category_recall,0.0519550080342795
ffnn_naive,none,2,WebAttack,task2,n,25000.0
ffnn_naive,none,2,WebAttack,task2,n_benign,24976.0
ffnn_naive,none,2,WebAttack,task2,n_attack,24.0
ffnn_naive,none,2,WebAttack,task2,accuracy,0.99976
ffnn_naive,none,2,WebAttack,task2,macro_f1,0.9422476298427288
ffnn_naive,none,2,WebAttack,task2,fpr,0.0002001921844971
ffnn_naive,none,2,WebAttack,task2,detection_rate,0.9583333333333334
ffnn_naive,none,2,WebAttack,task2,binary_f1,0.8846153846153846
ffnn_naive,none,2,WebAttack,task2,category_recall,0.9583333333333334
ffnn_naive,none,2,WebAttack,task3,n,45000.0
ffnn_naive,none,2,WebAttack,task3,n_benign,28566.0
ffnn_naive,none,2,WebAttack,task3,n_attack,16434.0
ffnn_naive,none,2,WebAttack,task3,accuracy,0.6347777777777778
ffnn_naive,none,2,WebAttack,task3,macro_f1,0.3882960647046829
ffnn_naive,none,2,WebAttack,task3,fpr,3.500665126374011e-05
ffnn_naive,none,2,WebAttack,task3,detection_rate,0.0
ffnn_naive,none,2,WebAttack,task3,binary_f1,0.0
ffnn_naive,none,2,WebAttack,task3,category_recall,0.0
ffnn_naive,none,2,WebAttack,task4,n,27642.0
ffnn_naive,none,2,WebAttack,task4,n_benign,27569.0
ffnn_naive,none,2,WebAttack,task4,n_attack,73.0
ffnn_naive,none,2,WebAttack,task4,accuracy,0.9973229144056146
ffnn_naive,none,2,WebAttack,task4,macro_f1,0.499329831552255
ffnn_naive,none,2,WebAttack,task4,fpr,3.627262504987486e-05
ffnn_naive,none,2,WebAttack,task4,detection_rate,0.0
ffnn_naive,none,2,WebAttack,task4,binary_f1,0.0
ffnn_naive,none,2,WebAttack,task4,category_recall,0.0
ffnn_naive,none,2,WebAttack,task5,n,55000.0
ffnn_naive,none,2,WebAttack,task5,n_benign,25723.0
ffnn_naive,none,2,WebAttack,task5,n_attack,29277.0
ffnn_naive,none,2,WebAttack,task5,accuracy,0.4674727272727272
ffnn_naive,none,2,WebAttack,task5,macro_f1,0.3185563306116886
ffnn_naive,none,2,WebAttack,task5,fpr,0.000466508572095
ffnn_naive,none,2,WebAttack,task5,detection_rate,0.0
ffnn_naive,none,2,WebAttack,task5,binary_f1,0.0
ffnn_naive,none,2,WebAttack,task5,category_recall,0.0
ffnn_naive,none,2,WebAttack,task6,n,25000.0
ffnn_naive,none,2,WebAttack,task6,n_benign,2841.0
ffnn_naive,none,2,WebAttack,task6,n_attack,22159.0
ffnn_naive,none,2,WebAttack,task6,accuracy,0.11364
ffnn_naive,none,2,WebAttack,task6,macro_f1,0.1020437484285765
ffnn_naive,none,2,WebAttack,task6,fpr,0.0
ffnn_naive,none,2,WebAttack,task6,detection_rate,0.0
ffnn_naive,none,2,WebAttack,task6,binary_f1,0.0
ffnn_naive,none,2,WebAttack,task6,category_recall,0.0
ffnn_naive,none,2,WebAttack,seen,n,263702.0
ffnn_naive,none,2,WebAttack,seen,n_benign,228792.0
ffnn_naive,none,2,WebAttack,seen,n_attack,34910.0
ffnn_naive,none,2,WebAttack,seen,accuracy,0.8764097352314355
ffnn_naive,none,2,WebAttack,seen,macro_f1,0.5295829456546295
ffnn_naive,none,2,WebAttack,seen,fpr,0.0001005279904891
ffnn_naive,none,2,WebAttack,seen,detection_rate,0.0670867946147235
ffnn_naive,none,2,WebAttack,seen,binary_f1,0.1256606304493628
ffnn_naive,none,2,WebAttack,all,n,416344.0
ffnn_naive,none,2,WebAttack,all,n_benign,313491.0
ffnn_naive,none,2,WebAttack,all,n_attack,102853.0
ffnn_naive,none,2,WebAttack,all,accuracy,0.7584977806813596
ffnn_naive,none,2,WebAttack,all,macro_f1,0.4531462532062264
ffnn_naive,none,2,WebAttack,all,fpr,0.0001180257168467
ffnn_naive,none,2,WebAttack,all,detection_rate,0.0227703615840082
ffnn_naive,none,2,WebAttack,all,binary_f1,0.0445111753078911
ffnn_naive,none,3,Infiltration,task0,n,138702.0
ffnn_naive,none,3,Infiltration,task0,n_benign,137422.0
ffnn_naive,none,3,Infiltration,task0,n_attack,1280.0
ffnn_naive,none,3,Infiltration,task0,accuracy,0.9955516142521376
ffnn_naive,none,3,Infiltration,task0,macro_f1,0.8434642713323908
ffnn_naive,none,3,Infiltration,task0,fpr,0.000152813959919
ffnn_naive,none,3,Infiltration,task0,detection_rate,0.534375
ffnn_naive,none,3,Infiltration,task0,binary_f1,0.6891687657430731
ffnn_naive,none,3,Infiltration,task0,category_recall,0.534375
ffnn_naive,none,3,Infiltration,task1,n,100000.0
ffnn_naive,none,3,Infiltration,task1,n_benign,66394.0
ffnn_naive,none,3,Infiltration,task1,n_attack,33606.0
ffnn_naive,none,3,Infiltration,task1,accuracy,0.6709
ffnn_naive,none,3,Infiltration,task1,macro_f1,0.4211705060689064
ffnn_naive,none,3,Infiltration,task1,fpr,0.0001054312136638
ffnn_naive,none,3,Infiltration,task1,detection_rate,0.0209188835327024
ffnn_naive,none,3,Infiltration,task1,binary_f1,0.0409721412752069
ffnn_naive,none,3,Infiltration,task1,category_recall,0.0209188835327024
ffnn_naive,none,3,Infiltration,task2,n,25000.0
ffnn_naive,none,3,Infiltration,task2,n_benign,24976.0
ffnn_naive,none,3,Infiltration,task2,n_attack,24.0
ffnn_naive,none,3,Infiltration,task2,accuracy,0.99896
ffnn_naive,none,3,Infiltration,task2,macro_f1,0.4997398647296594
ffnn_naive,none,3,Infiltration,task2,fpr,8.007687379884689e-05
ffnn_naive,none,3,Infiltration,task2,detection_rate,0.0
ffnn_naive,none,3,Infiltration,task2,binary_f1,0.0
ffnn_naive,none,3,Infiltration,task2,category_recall,0.0
ffnn_naive,none,3,Infiltration,task3,n,45000.0
ffnn_naive,none,3,Infiltration,task3,n_benign,28566.0
ffnn_naive,none,3,Infiltration,task3,n_attack,16434.0
ffnn_naive,none,3,Infiltration,task3,accuracy,0.9988444444444444
ffnn_naive,none,3,Infiltration,task3,macro_f1,0.9987538383668844
ffnn_naive,none,3,Infiltration,task3,fpr,0.0008751662815935
ffnn_naive,none,3,Infiltration,task3,detection_rate,0.9983570646221248
ffnn_naive,none,3,Infiltration,task3,binary_f1,0.998417817805635
ffnn_naive,none,3,Infiltration,task3,category_recall,0.9983570646221248
ffnn_naive,none,3,Infiltration,task4,n,27642.0
ffnn_naive,none,3,Infiltration,task4,n_benign,27569.0
ffnn_naive,none,3,Infiltration,task4,n_attack,73.0
ffnn_naive,none,3,Infiltration,task4,accuracy,0.9893278344548152
ffnn_naive,none,3,Infiltration,task4,macro_f1,0.4973176453472512
ffnn_naive,none,3,Infiltration,task4,fpr,0.0080525227610722
ffnn_naive,none,3,Infiltration,task4,detection_rate,0.0
ffnn_naive,none,3,Infiltration,task4,binary_f1,0.0
ffnn_naive,none,3,Infiltration,task4,category_recall,0.0
ffnn_naive,none,3,Infiltration,task5,n,55000.0
ffnn_naive,none,3,Infiltration,task5,n_benign,25723.0
ffnn_naive,none,3,Infiltration,task5,n_attack,29277.0
ffnn_naive,none,3,Infiltration,task5,accuracy,0.9876181818181818
ffnn_naive,none,3,Infiltration,task5,macro_f1,0.9875559001019476
ffnn_naive,none,3,Infiltration,task5,fpr,0.0197877385996967
ffnn_naive,none,3,Infiltration,task5,detection_rate,0.9941250811216996
ffnn_naive,none,3,Infiltration,task5,binary_f1,0.9884362636056444
ffnn_naive,none,3,Infiltration,task5,category_recall,0.9941250811216996
ffnn_naive,none,3,Infiltration,task6,n,25000.0
ffnn_naive,none,3,Infiltration,task6,n_benign,2841.0
ffnn_naive,none,3,Infiltration,task6,n_attack,22159.0
ffnn_naive,none,3,Infiltration,task6,accuracy,0.11128
ffnn_naive,none,3,Infiltration,task6,macro_f1,0.1003144890427715
ffnn_naive,none,3,Infiltration,task6,fpr,0.0246392115452305
ffnn_naive,none,3,Infiltration,task6,detection_rate,0.0004964122929735
ffnn_naive,none,3,Infiltration,task6,binary_f1,0.0009892086330935
ffnn_naive,none,3,Infiltration,task6,category_recall,0.0004964122929735
ffnn_naive,none,3,Infiltration,seen,n,308702.0
ffnn_naive,none,3,Infiltration,seen,n_benign,257358.0
ffnn_naive,none,3,Infiltration,seen,n_attack,51344.0
ffnn_naive,none,3,Infiltration,seen,accuracy,0.8911409709039786
ffnn_naive,none,3,Infiltration,seen,macro_f1,0.7265150469990393
ffnn_naive,none,3,Infiltration,seen,fpr,0.0002137100847846
ffnn_naive,none,3,Infiltration,seen,detection_rate,0.34656435026488
ffnn_naive,none,3,Infiltration,seen,binary_f1,0.5143294841963783
ffnn_naive,none,3,Infiltration,all,n,416344.0
ffnn_naive,none,3,Infiltration,all,n_benign,313491.0
ffnn_naive,none,3,Infiltration,all,n_attack,102853.0
ffnn_naive,none,3,Infiltration,all,accuracy,0.8635767538381722
ffnn_naive,none,3,Infiltration,all,macro_f1,0.7698108078468267
ffnn_naive,none,3,Infiltration,all,fpr,0.0027305409086704
ffnn_naive,none,3,Infiltration,all,detection_rate,0.45608781464809
ffnn_naive,none,3,Infiltration,all,binary_f1,0.6228961817566177
ffnn_naive,none,4,Botnet,task0,n,138702.0
ffnn_naive,none,4,Botnet,task0,n_benign,137422.0
ffnn_naive,none,4,Botnet,task0,n_attack,1280.0
ffnn_naive,none,4,Botnet,task0,accuracy,0.9907715822410637
ffnn_naive,none,4,Botnet,task0,macro_f1,0.4976822007503875
ffnn_naive,none,4,Botnet,task0,fpr,0.0
ffnn_naive,none,4,Botnet,task0,detection_rate,0.0
ffnn_naive,none,4,Botnet,task0,binary_f1,0.0
ffnn_naive,none,4,Botnet,task0,category_recall,0.0
ffnn_naive,none,4,Botnet,task1,n,100000.0
ffnn_naive,none,4,Botnet,task1,n_benign,66394.0
ffnn_naive,none,4,Botnet,task1,n_attack,33606.0
ffnn_naive,none,4,Botnet,task1,accuracy,0.66393
ffnn_naive,none,4,Botnet,task1,macro_f1,0.3990131796409705
ffnn_naive,none,4,Botnet,task1,fpr,1.5061601951983614e-05
ffnn_naive,none,4,Botnet,task1,detection_rate,0.0
ffnn_naive,none,4,Botnet,task1,binary_f1,0.0
ffnn_naive,none,4,Botnet,task1,category_recall,0.0
ffnn_naive,none,4,Botnet,task2,n,25000.0
ffnn_naive,none,4,Botnet,task2,n_benign,24976.0
ffnn_naive,none,4,Botnet,task2,n_attack,24.0
ffnn_naive,none,4,Botnet,task2,accuracy,0.99904
ffnn_naive,none,4,Botnet,task2,macro_f1,0.4997598847446774
ffnn_naive,none,4,Botnet,task2,fpr,0.0
ffnn_naive,none,4,Botnet,task2,detection_rate,0.0
ffnn_naive,none,4,Botnet,task2,binary_f1,0.0
ffnn_naive,none,4,Botnet,task2,category_recall,0.0
ffnn_naive,none,4,Botnet,task3,n,45000.0
ffnn_naive,none,4,Botnet,task3,n_benign,28566.0
ffnn_naive,none,4,Botnet,task3,n_attack,16434.0
ffnn_naive,none,4,Botnet,task3,accuracy,0.6348
ffnn_naive,none,4,Botnet,task3,macro_f1,0.3883043797406411
ffnn_naive,none,4,Botnet,task3,fpr,0.0
ffnn_naive,none,4,Botnet,task3,detection_rate,0.0
ffnn_naive,none,4,Botnet,task3,binary_f1,0.0
ffnn_naive,none,4,Botnet,task3,category_recall,0.0
ffnn_naive,none,4,Botnet,task4,n,27642.0
ffnn_naive,none,4,Botnet,task4,n_benign,27569.0
ffnn_naive,none,4,Botnet,task4,n_attack,73.0
ffnn_naive,none,4,Botnet,task4,accuracy,1.0
ffnn_naive,none,4,Botnet,task4,macro_f1,1.0
ffnn_naive,none,4,Botnet,task4,fpr,0.0
ffnn_naive,none,4,Botnet,task4,detection_rate,1.0
ffnn_naive,none,4,Botnet,task4,binary_f1,1.0
ffnn_naive,none,4,Botnet,task4,category_recall,1.0
ffnn_naive,none,4,Botnet,task5,n,55000.0
ffnn_naive,none,4,Botnet,task5,n_benign,25723.0
ffnn_naive,none,4,Botnet,task5,n_attack,29277.0
ffnn_naive,none,4,Botnet,task5,accuracy,0.4676909090909091
ffnn_naive,none,4,Botnet,task5,macro_f1,0.3186576316539276
ffnn_naive,none,4,Botnet,task5,fpr,0.0
ffnn_naive,none,4,Botnet,task5,detection_rate,0.0
ffnn_naive,none,4,Botnet,task5,binary_f1,0.0
ffnn_naive,none,4,Botnet,task5,category_recall,0.0
ffnn_naive,none,4,Botnet,task6,n,25000.0
ffnn_naive,none,4,Botnet,task6,n_benign,2841.0
ffnn_naive,none,4,Botnet,task6,n_attack,22159.0
ffnn_naive,none,4,Botnet,task6,accuracy,0.11144
ffnn_naive,none,4,Botnet,task6,macro_f1,0.100266321168934
ffnn_naive,none,4,Botnet,task6,fpr,0.019359380499824
ffnn_naive,none,4,Botnet,task6,detection_rate,0.0
ffnn_naive,none,4,Botnet,task6,binary_f1,0.0
ffnn_naive,none,4,Botnet,task6,category_recall,0.0
ffnn_naive,none,4,Botnet,seen,n,336344.0
ffnn_naive,none,4,Botnet,seen,n_benign,284927.0
ffnn_naive,none,4,Botnet,seen,n_attack,51417.0
ffnn_naive,none,4,Botnet,seen,accuracy,0.847343790880765
ffnn_naive,none,4,Botnet,seen,macro_f1,0.4600902540999394
ffnn_naive,none,4,Botnet,seen,fpr,3.50967089815988e-06
ffnn_naive,none,4,Botnet,seen,detection_rate,0.0014197638913199
ffnn_naive,none,4,Botnet,seen,binary_f1,0.0028354469713153
ffnn_naive,none,4,Botnet,all,n,416344.0
ffnn_naive,none,4,Botnet,all,n_benign,313491.0
ffnn_naive,none,4,Botnet,all,n_attack,102853.0
ffnn_naive,none,4,Botnet,all,accuracy,0.7530023250004804
ffnn_naive,none,4,Botnet,all,macro_f1,0.430244866654396
ffnn_naive,none,4,Botnet,all,fpr,0.0001786335173896
ffnn_naive,none,4,Botnet,all,detection_rate,0.0007097508094076
ffnn_naive,none,4,Botnet,all,binary_f1,0.0014177234856576
ffnn_naive,none,5,PortScan,task0,n,138702.0
ffnn_naive,none,5,PortScan,task0,n_benign,137422.0
ffnn_naive,none,5,PortScan,task0,n_attack,1280.0
ffnn_naive,none,5,PortScan,task0,accuracy,0.9908076307479344
ffnn_naive,none,5,PortScan,task0,macro_f1,0.5054131369499576
ffnn_naive,none,5,PortScan,task0,fpr,3.638427617120985e-05
ffnn_naive,none,5,PortScan,task0,detection_rate,0.0078125
ffnn_naive,none,5,PortScan,task0,binary_f1,0.0154440154440154
ffnn_naive,none,5,PortScan,task0,category_recall,0.0078125
ffnn_naive,none,5,PortScan,task1,n,100000.0
ffnn_naive,none,5,PortScan,task1,n_benign,66394.0
ffnn_naive,none,5,PortScan,task1,n_attack,33606.0
ffnn_naive,none,5,PortScan,task1,accuracy,0.67213
ffnn_naive,none,5,PortScan,task1,macro_f1,0.4247813373676009
ffnn_naive,none,5,PortScan,task1,fpr,0.0
ffnn_naive,none,5,PortScan,task1,detection_rate,0.0243706480985538
ffnn_naive,none,5,PortScan,task1,binary_f1,0.0475816993464052
ffnn_naive,none,5,PortScan,task1,category_recall,0.0243706480985538
ffnn_naive,none,5,PortScan,task2,n,25000.0
ffnn_naive,none,5,PortScan,task2,n_benign,24976.0
ffnn_naive,none,5,PortScan,task2,n_attack,24.0
ffnn_naive,none,5,PortScan,task2,accuracy,0.999
ffnn_naive,none,5,PortScan,task2,macro_f1,0.4997498749374687
ffnn_naive,none,5,PortScan,task2,fpr,4.003843689942344e-05
ffnn_naive,none,5,PortScan,task2,detection_rate,0.0
ffnn_naive,none,5,PortScan,task2,binary_f1,0.0
ffnn_naive,none,5,PortScan,task2,category_recall,0.0
ffnn_naive,none,5,PortScan,task3,n,45000.0
ffnn_naive,none,5,PortScan,task3,n_benign,28566.0
ffnn_naive,none,5,PortScan,task3,n_attack,16434.0
ffnn_naive,none,5,PortScan,task3,accuracy,0.9903777777777778
ffnn_naive,none,5,PortScan,task3,macro_f1,0.9895747776185702
ffnn_naive,none,5,PortScan,task3,fpr,0.0013302527480221
ffnn_naive,none,5,PortScan,task3,detection_rate,0.9759644639162712
ffnn_naive,none,5,PortScan,task3,binary_f1,0.9866814309003108
ffnn_naive,none,5,PortScan,task3,category_recall,0.9759644639162712
ffnn_naive,none,5,PortScan,task4,n,27642.0
ffnn_naive,none,5,PortScan,task4,n_benign,27569.0
ffnn_naive,none,5,PortScan,task4,n_attack,73.0
ffnn_naive,none,5,PortScan,task4,accuracy,0.9973229144056146
ffnn_naive,none,5,PortScan,task4,macro_f1,0.499329831552255
ffnn_naive,none,5,PortScan,task4,fpr,3.627262504987486e-05
ffnn_naive,none,5,PortScan,task4,detection_rate,0.0
ffnn_naive,none,5,PortScan,task4,binary_f1,0.0
ffnn_naive,none,5,PortScan,task4,category_recall,0.0
ffnn_naive,none,5,PortScan,task5,n,55000.0
ffnn_naive,none,5,PortScan,task5,n_benign,25723.0
ffnn_naive,none,5,PortScan,task5,n_attack,29277.0
ffnn_naive,none,5,PortScan,task5,accuracy,0.9997272727272728
ffnn_naive,none,5,PortScan,task5,macro_f1,0.999726137562399
ffnn_naive,none,5,PortScan,task5,fpr,3.8875714341251024e-05
ffnn_naive,none,5,PortScan,task5,detection_rate,0.9995218089285104
ffnn_naive,none,5,PortScan,task5,binary_f1,0.9997437693240636
ffnn_naive,none,5,PortScan,task5,category_recall,0.9995218089285104
ffnn_naive,none,5,PortScan,task6,n,25000.0
ffnn_naive,none,5,PortScan,task6,n_benign,2841.0
ffnn_naive,none,5,PortScan,task6,n_attack,22159.0
ffnn_naive,none,5,PortScan,task6,accuracy,0.24448
ffnn_naive,none,5,PortScan,task6,macro_f1,0.2442564208195352
ffnn_naive,none,5,PortScan,task6,fpr,0.0
ffnn_naive,none,5,PortScan,task6,detection_rate,0.1476149645742136
ffnn_naive,none,5,PortScan,task6,binary_f1,0.2572552103814392
ffnn_naive,none,5,PortScan,task6,category_recall,0.1476149645742136
ffnn_naive,none,5,PortScan,seen,n,391344.0
ffnn_naive,none,5,PortScan,seen,n_benign,310650.0
ffnn_naive,none,5,PortScan,seen,n_attack,80694.0
ffnn_naive,none,5,PortScan,seen,accuracy,0.91156373931886
ffnn_naive,none,5,PortScan,seen,macro_f1,0.8372193803440429
ffnn_naive,none,5,PortScan,seen,fpr,0.0001480766135522
ffnn_naive,none,5,PortScan,seen,detection_rate,0.5716781916871143
ffnn_naive,none,5,PortScan,seen,binary_f1,0.7272111041924475
ffnn_naive,none,5,PortScan,all,n,416344.0
ffnn_naive,none,5,PortScan,all,n_benign,313491.0
ffnn_naive,none,5,PortScan,all,n_attack,102853.0
ffnn_naive,none,5,PortScan,all,accuracy,0.8715076955594412
ffnn_naive,none,5,PortScan,all,macro_f1,0.7850571629969805
ffnn_naive,none,5,PortScan,all,fpr,0.0001467346749986
ffnn_naive,none,5,PortScan,all,detection_rate,0.4803165683062234
ffnn_naive,none,5,PortScan,all,binary_f1,0.648741636627468
ffnn_naive,none,6,DDoS,task0,n,138702.0
ffnn_naive,none,6,DDoS,task0,n_benign,137422.0
ffnn_naive,none,6,DDoS,task0,n_attack,1280.0
ffnn_naive,none,6,DDoS,task0,accuracy,0.9906706464218252
ffnn_naive,none,6,DDoS,task0,macro_f1,0.5014910019709228
ffnn_naive,none,6,DDoS,task0,fpr,0.0001382602494505
ffnn_naive,none,6,DDoS,task0,detection_rate,0.00390625
ffnn_naive,none,6,DDoS,task0,binary_f1,0.0076687116564417
ffnn_naive,none,6,DDoS,task0,category_recall,0.00390625
ffnn_naive,none,6,DDoS,task1,n,100000.0
ffnn_naive,none,6,DDoS,task1,n_benign,66394.0
ffnn_naive,none,6,DDoS,task1,n_attack,33606.0
ffnn_naive,none,6,DDoS,task1,accuracy,0.67137
ffnn_naive,none,6,DDoS,task1,macro_f1,0.4271047584776559
ffnn_naive,none,6,DDoS,task1,fpr,0.002665903545501
ffnn_naive,none,6,DDoS,task1,detection_rate,0.0273760637981312
ffnn_naive,none,6,DDoS,task1,binary_f1,0.0530213526208108
ffnn_naive,none,6,DDoS,task1,category_recall,0.0273760637981312
ffnn_naive,none,6,DDoS,task2,n,25000.0
ffnn_naive,none,6,DDoS,task2,n_benign,24976.0
ffnn_naive,none,6,DDoS,task2,n_attack,24.0
ffnn_naive,none,6,DDoS,task2,accuracy,0.99896
ffnn_naive,none,6,DDoS,task2,macro_f1,0.4997398647296594
ffnn_naive,none,6,DDoS,task2,fpr,8.007687379884689e-05
ffnn_naive,none,6,DDoS,task2,detection_rate,0.0
ffnn_naive,none,6,DDoS,task2,binary_f1,0.0
ffnn_naive,none,6,DDoS,task2,category_recall,0.0
ffnn_naive,none,6,DDoS,task3,n,45000.0
ffnn_naive,none,6,DDoS,task3,n_benign,28566.0
ffnn_naive,none,6,DDoS,task3,n_attack,16434.0
ffnn_naive,none,6,DDoS,task3,accuracy,0.8511111111111112
ffnn_naive,none,6,DDoS,task3,macro_f1,0.8195970968801334
ffnn_naive,none,6,DDoS,task3,fpr,0.0004200798151648
ffnn_naive,none,6,DDoS,task3,detection_rate,0.5930388219544847
ffnn_naive,none,6,DDoS,task3,binary_f1,0.7441967012828344
ffnn_naive,none,6,DDoS,task3,category_recall,0.5930388219544847
ffnn_naive,none,6,DDoS,task4,n,27642.0
ffnn_naive,none,6,DDoS,task4,n_benign,27569.0
ffnn_naive,none,6,DDoS,task4,n_attack,73.0
ffnn_naive,none,6,DDoS,task4,accuracy,0.9971782070761884
ffnn_naive,none,6,DDoS,task4,macro_f1,0.4992935550483643
ffnn_naive,none,6,DDoS,task4,fpr,0.0001813631252493
ffnn_naive,none,6,DDoS,task4,detection_rate,0.0
ffnn_naive,none,6,DDoS,task4,binary_f1,0.0
ffnn_naive,none,6,DDoS,task4,category_recall,0.0
ffnn_naive,none,6,DDoS,task5,n,55000.0
ffnn_naive,none,6,DDoS,task5,n_benign,25723.0
ffnn_naive,none,6,DDoS,task5,n_attack,29277.0
ffnn_naive,none,6,DDoS,task5,accuracy,0.8292545454545455
ffnn_naive,none,6,DDoS,task5,macro_f1,0.827313575099604
ffnn_naive,none,6,DDoS,task5,fpr,0.0001166271430237
ffnn_naive,none,6,DDoS,task5,detection_rate,0.6793387300611401
ffnn_naive,none,6,DDoS,task5,binary_f1,0.809005674306982
ffnn_naive,none,6,DDoS,task5,category_recall,0.6793387300611401
ffnn_naive,none,6,DDoS,task6,n,25000.0
ffnn_naive,none,6,DDoS,task6,n_benign,2841.0
ffnn_naive,none,6,DDoS,task6,n_attack,22159.0
ffnn_naive,none,6,DDoS,task6,accuracy,1.0
ffnn_naive,none,6,DDoS,task6,macro_f1,1.0
ffnn_naive,none,6,DDoS,task6,fpr,0.0
ffnn_naive,none,6,DDoS,task6,detection_rate,1.0
ffnn_naive,none,6,DDoS,task6,binary_f1,1.0
ffnn_naive,none,6,DDoS,task6,category_recall,1.0
ffnn_naive,none,6,DDoS,seen,n,416344.0
ffnn_naive,none,6,DDoS,seen,n_benign,313491.0
ffnn_naive,none,6,DDoS,seen,n_attack,102853.0
ffnn_naive,none,6,DDoS,seen,accuracy,0.8790615452606498
ffnn_naive,none,6,DDoS,seen,macro_f1,0.8012046472298588
ffnn_naive,none,6,DDoS,seen,fpr,0.000695394764124
ffnn_naive,none,6,DDoS,seen,detection_rate,0.5125664783720455
ffnn_naive,none,6,DDoS,seen,binary_f1,0.6767956865010591
ffnn_naive,none,6,DDoS,all,n,416344.0
ffnn_naive,none,6,DDoS,all,n_benign,313491.0
ffnn_naive,none,6,DDoS,all,n_attack,102853.0
ffnn_naive,none,6,DDoS,all,accuracy,0.8790615452606498
ffnn_naive,none,6,DDoS,all,macro_f1,0.8012046472298588
ffnn_naive,none,6,DDoS,all,fpr,0.000695394764124
ffnn_naive,none,6,DDoS,all,detection_rate,0.5125664783720455
ffnn_naive,none,6,DDoS,all,binary_f1,0.6767956865010591
gnn_replay,none,0,BruteForce,task0,n,138702.0
gnn_replay,none,0,BruteForce,task0,n_benign,137422.0
gnn_replay,none,0,BruteForce,task0,n_attack,1280.0
gnn_replay,none,0,BruteForce,task0,accuracy,0.999992790298626
gnn_replay,none,0,BruteForce,task0,macro_f1,0.999802944543727
gnn_replay,none,0,BruteForce,task0,fpr,7.27685523424197e-06
gnn_replay,none,0,BruteForce,task0,detection_rate,1.0
gnn_replay,none,0,BruteForce,task0,binary_f1,0.9996095275283092
gnn_replay,none,0,BruteForce,task0,category_recall,1.0
gnn_replay,none,0,BruteForce,task1,n,100000.0
gnn_replay,none,0,BruteForce,task1,n_benign,66394.0
gnn_replay,none,0,BruteForce,task1,n_attack,33606.0
gnn_replay,none,0,BruteForce,task1,accuracy,0.66388
gnn_replay,none,0,BruteForce,task1,macro_f1,0.3989951198403731
gnn_replay,none,0,BruteForce,task1,fpr,9.036961171190167e-05
gnn_replay,none,0,BruteForce,task1,detection_rate,0.0
gnn_replay,none,0,BruteForce,task1,binary_f1,0.0
gnn_replay,none,0,BruteForce,task1,category_recall,0.0
gnn_replay,none,0,BruteForce,task2,n,25000.0
gnn_replay,none,0,BruteForce,task2,n_benign,24976.0
gnn_replay,none,0,BruteForce,task2,n_attack,24.0
gnn_replay,none,0,BruteForce,task2,accuracy,0.99916
gnn_replay,none,0,BruteForce,task2,macro_f1,0.6109009976498421
gnn_replay,none,0,BruteForce,task2,fpr,0.0
gnn_replay,none,0,BruteForce,task2,detection_rate,0.125
gnn_replay,none,0,BruteForce,task2,binary_f1,0.2222222222222222
gnn_replay,none,0,BruteForce,task2,category_recall,0.125
gnn_replay,none,0,BruteForce,task3,n,45000.0
gnn_replay,none,0,BruteForce,task3,n_benign,28566.0
gnn_replay,none,0,BruteForce,task3,n_attack,16434.0
gnn_replay,none,0,BruteForce,task3,accuracy,0.6348
gnn_replay,none,0,BruteForce,task3,macro_f1,0.3883043797406411
gnn_replay,none,0,BruteForce,task3,fpr,0.0
gnn_replay,none,0,BruteForce,task3,detection_rate,0.0
gnn_replay,none,0,BruteForce,task3,binary_f1,0.0
gnn_replay,none,0,BruteForce,task3,category_recall,0.0
gnn_replay,none,0,BruteForce,task4,n,27642.0
gnn_replay,none,0,BruteForce,task4,n_benign,27569.0
gnn_replay,none,0,BruteForce,task4,n_attack,73.0
gnn_replay,none,0,BruteForce,task4,accuracy,0.9973590912379712
gnn_replay,none,0,BruteForce,task4,macro_f1,0.4993388998569126
gnn_replay,none,0,BruteForce,task4,fpr,0.0
gnn_replay,none,0,BruteForce,task4,detection_rate,0.0
gnn_replay,none,0,BruteForce,task4,binary_f1,0.0
gnn_replay,none,0,BruteForce,task4,category_recall,0.0
gnn_replay,none,0,BruteForce,task5,n,55000.0
gnn_replay,none,0,BruteForce,task5,n_benign,25723.0
gnn_replay,none,0,BruteForce,task5,n_attack,29277.0
gnn_replay,none,0,BruteForce,task5,accuracy,0.4676909090909091
gnn_replay,none,0,BruteForce,task5,macro_f1,0.3186576316539276
gnn_replay,none,0,BruteForce,task5,fpr,0.0
gnn_replay,none,0,BruteForce,task5,detection_rate,0.0
gnn_replay,none,0,BruteForce,task5,binary_f1,0.0
gnn_replay,none,0,BruteForce,task5,category_recall,0.0
gnn_replay,none,0,BruteForce,task6,n,25000.0
gnn_replay,none,0,BruteForce,task6,n_benign,2841.0
gnn_replay,none,0,BruteForce,task6,n_attack,22159.0
gnn_replay,none,0,BruteForce,task6,accuracy,0.11364
gnn_replay,none,0,BruteForce,task6,macro_f1,0.1020437484285765
gnn_replay,none,0,BruteForce,task6,fpr,0.0
gnn_replay,none,0,BruteForce,task6,detection_rate,0.0
gnn_replay,none,0,BruteForce,task6,binary_f1,0.0
gnn_replay,none,0,BruteForce,task6,category_recall,0.0
gnn_replay,none,0,BruteForce,seen,n,138702.0
gnn_replay,none,0,BruteForce,seen,n_benign,137422.0
gnn_replay,none,0,BruteForce,seen,n_attack,1280.0
gnn_replay,none,0,BruteForce,seen,accuracy,0.999992790298626
gnn_replay,none,0,BruteForce,seen,macro_f1,0.999802944543727
gnn_replay,none,0,BruteForce,seen,fpr,7.27685523424197e-06
gnn_replay,none,0,BruteForce,seen,detection_rate,1.0
gnn_replay,none,0,BruteForce,seen,binary_f1,0.9996095275283092
gnn_replay,none,0,BruteForce,all,n,416344.0
gnn_replay,none,0,BruteForce,all,n_benign,313491.0
gnn_replay,none,0,BruteForce,all,n_attack,102853.0
gnn_replay,none,0,BruteForce,all,accuracy,0.7560262667409642
gnn_replay,none,0,BruteForce,all,macro_f1,0.4426073643534032
gnn_replay,none,0,BruteForce,all,fpr,2.2329189673706743e-05
gnn_replay,none,0,BruteForce,all,detection_rate,0.0124741135406842
gnn_replay,none,0,BruteForce,all,binary_f1,0.0246391980257914
gnn_replay,none,1,DoS,task0,n,138702.0
gnn_replay,none,1,DoS,task0,n_benign,137422.0
gnn_replay,none,1,DoS,task0,n_attack,1280.0
gnn_replay,none,1,DoS,task0,accuracy,0.999992790298626
gnn_replay,none,1,DoS,task0,macro_f1,0.999802944543727
gnn_replay,none,1,DoS,task0,fpr,7.27685523424197e-06
gnn_replay,none,1,DoS,task0,detection_rate,1.0
gnn_replay,none,1,DoS,task0,binary_f1,0.9996095275283092
gnn_replay,none,1,DoS,task0,category_recall,1.0
gnn_replay,none,1,DoS,task1,n,100000.0
gnn_replay,none,1,DoS,task1,n_benign,66394.0
gnn_replay,none,1,DoS,task1,n_attack,33606.0
gnn_replay,none,1,DoS,task1,accuracy,0.99599
gnn_replay,none,1,DoS,task1,macro_f1,0.9954940208712824
gnn_replay,none,1,DoS,task1,fpr,9.036961171190167e-05
gnn_replay,none,1,DoS,task1,detection_rate,0.9882461465214544
gnn_replay,none,1,DoS,task1,binary_f1,0.993999072175748
gnn_replay,none,1,DoS,task1,category_recall,0.9882461465214544
gnn_replay,none,1,DoS,task2,n,25000.0
gnn_replay,none,1,DoS,task2,n_benign,24976.0
gnn_replay,none,1,DoS,task2,n_attack,24.0
gnn_replay,none,1,DoS,task2,accuracy,0.99904
gnn_replay,none,1,DoS,task2,macro_f1,0.8330929872349516
gnn_replay,none,1,DoS,task2,fpr,0.0009609224855861
gnn_replay,none,1,DoS,task2,detection_rate,1.0
gnn_replay,none,1,DoS,task2,binary_f1,0.6666666666666666
gnn_replay,none,1,DoS,task2,category_recall,1.0
gnn_replay,none,1,DoS,task3,n,45000.0
gnn_replay,none,1,DoS,task3,n_benign,28566.0
gnn_replay,none,1,DoS,task3,n_attack,16434.0
gnn_replay,none,1,DoS,task3,accuracy,0.6346666666666667
gnn_replay,none,1,DoS,task3,macro_f1,0.3882544861337683
gnn_replay,none,1,DoS,task3,fpr,0.0002100399075824
gnn_replay,none,1,DoS,task3,detection_rate,0.0
gnn_replay,none,1,DoS,task3,binary_f1,0.0
gnn_replay,none,1,DoS,task3,category_recall,0.0
gnn_replay,none,1,DoS,task4,n,27642.0
gnn_replay,none,1,DoS,task4,n_benign,27569.0
gnn_replay,none,1,DoS,task4,n_attack,73.0
gnn_replay,none,1,DoS,task4,accuracy,0.9973590912379712
gnn_replay,none,1,DoS,task4,macro_f1,0.4993388998569126
gnn_replay,none,1,DoS,task4,fpr,0.0
gnn_replay,none,1,DoS,task4,detection_rate,0.0
gnn_replay,none,1,DoS,task4,binary_f1,0.0
gnn_replay,none,1,DoS,task4,category_recall,0.0
gnn_replay,none,1,DoS,task5,n,55000.0
gnn_replay,none,1,DoS,task5,n_benign,25723.0
gnn_replay,none,1,DoS,task5,n_attack,29277.0
gnn_replay,none,1,DoS,task5,accuracy,0.4676909090909091
gnn_replay,none,1,DoS,task5,macro_f1,0.3186576316539276
gnn_replay,none,1,DoS,task5,fpr,0.0
gnn_replay,none,1,DoS,task5,detection_rate,0.0
gnn_replay,none,1,DoS,task5,binary_f1,0.0
gnn_replay,none,1,DoS,task5,category_recall,0.0
gnn_replay,none,1,DoS,task6,n,25000.0
gnn_replay,none,1,DoS,task6,n_benign,2841.0
gnn_replay,none,1,DoS,task6,n_attack,22159.0
gnn_replay,none,1,DoS,task6,accuracy,1.0
gnn_replay,none,1,DoS,task6,macro_f1,1.0
gnn_replay,none,1,DoS,task6,fpr,0.0
gnn_replay,none,1,DoS,task6,detection_rate,1.0
gnn_replay,none,1,DoS,task6,binary_f1,1.0
gnn_replay,none,1,DoS,task6,category_recall,1.0
gnn_replay,none,1,DoS,seen,n,238702.0
gnn_replay,none,1,DoS,seen,n_benign,203816.0
gnn_replay,none,1,DoS,seen,n_attack,34886.0
gnn_replay,none,1,DoS,seen,accuracy,0.9983158917813844
gnn_replay,none,1,DoS,seen,macro_f1,0.9966104556089016
gnn_replay,none,1,DoS,seen,fpr,3.434470306551007e-05
gnn_replay,none,1,DoS,seen,detection_rate,0.988677406409448
gnn_replay,none,1,DoS,seen,binary_f1,0.9942061570390868
gnn_replay,none,1,DoS,all,n,416344.0
gnn_replay,none,1,DoS,all,n_benign,313491.0
gnn_replay,none,1,DoS,all,n_attack,102853.0
gnn_replay,none,1,DoS,all,accuracy,0.8889956382222393
gnn_replay,none,1,DoS,all,macro_f1,0.8208508818866613
gnn_replay,none,1,DoS,all,fpr,0.0001180257168467
gnn_replay,none,1,DoS,all,detection_rate,0.5510194160598135
gnn_replay,none,1,DoS,all,binary_f1,0.710360732997418
gnn_replay,none,2,WebAttack,task0,n,138702.0
gnn_replay,none,2,WebAttack,task0,n_benign,137422.0
gnn_replay,none,2,WebAttack,task0,n_attack,1280.0
gnn_replay,none,2,WebAttack,task0,accuracy,0.999992790298626
gnn_replay,none,2,WebAttack,task0,macro_f1,0.999802944543727
gnn_replay,none,2,WebAttack,task0,fpr,7.27685523424197e-06
gnn_replay,none,2,WebAttack,task0,detection_rate,1.0
gnn_replay,none,2,WebAttack,task0,binary_f1,0.9996095275283092
gnn_replay,none,2,WebAttack,task0,category_recall,1.0
gnn_replay,none,2,WebAttack,task1,n,100000.0
gnn_replay,none,2,WebAttack,task1,n_benign,66394.0
gnn_replay,none,2,WebAttack,task1,n_attack,33606.0
gnn_replay,none,2,WebAttack,task1,accuracy,0.99316
gnn_replay,none,2,WebAttack,task1,macro_f1,0.992297668882731
gnn_replay,none,2,WebAttack,task1,fpr,9.036961171190167e-05
gnn_replay,none,2,WebAttack,task1,detection_rate,0.9798250312444208
gnn_replay,none,2,WebAttack,task1,binary_f1,0.9897204688908928
gnn_replay,none,2,WebAttack,task1,category_recall,0.9798250312444208
gnn_replay,none,2,WebAttack,task2,n,25000.0
gnn_replay,none,2,WebAttack,task2,n_benign,24976.0
gnn_replay,none,2,WebAttack,task2,n_attack,24.0
gnn_replay,none,2,WebAttack,task2,accuracy,0.9996
gnn_replay,none,2,WebAttack,task2,macro_f1,0.9136929873135596
gnn_replay,none,2,WebAttack,task2,fpr,0.0004003843689942
gnn_replay,none,2,WebAttack,task2,detection_rate,1.0
gnn_replay,none,2,WebAttack,task2,binary_f1,0.8275862068965517
gnn_replay,none,2,WebAttack,task2,category_recall,1.0
gnn_replay,none,2,WebAttack,task3,n,45000.0
gnn_replay,none,2,WebAttack,task3,n_benign,28566.0
gnn_replay,none,2,WebAttack,task3,n_attack,16434.0
gnn_replay,none,2,WebAttack,task3,accuracy,0.6347333333333334
gnn_replay,none,2,WebAttack,task3,macro_f1,0.3882794339545695
gnn_replay,none,2,WebAttack,task3,fpr,0.0001050199537912
gnn_replay,none,2,WebAttack,task3,detection_rate,0.0
gnn_replay,none,2,WebAttack,task3,binary_f1,0.0
gnn_replay,none,2,WebAttack,task3,category_recall,0.0
gnn_replay,none,2,WebAttack,task4,n,27642.0
gnn_replay,none,2,WebAttack,task4,n_benign,27569.0
gnn_replay,none,2,WebAttack,task4,n_attack,73.0
gnn_replay,none,2,WebAttack,task4,accuracy,0.9973590912379712
gnn_replay,none,2,WebAttack,task4,macro_f1,0.4993388998569126
gnn_replay,none,2,WebAttack,task4,fpr,0.0
gnn_replay,none,2,WebAttack,task4,detection_rate,0.0
gnn_replay,none,2,WebAttack,task4,binary_f1,0.0
gnn_replay,none,2,WebAttack,task4,category_recall,0.0
gnn_replay,none,2,WebAttack,task5,n,55000.0
gnn_replay,none,2,WebAttack,task5,n_benign,25723.0
gnn_replay,none,2,WebAttack,task5,n_attack,29277.0
gnn_replay,none,2,WebAttack,task5,accuracy,0.4676909090909091
gnn_replay,none,2,WebAttack,task5,macro_f1,0.3186576316539276
gnn_replay,none,2,WebAttack,task5,fpr,0.0
gnn_replay,none,2,WebAttack,task5,detection_rate,0.0
gnn_replay,none,2,WebAttack,task5,binary_f1,0.0
gnn_replay,none,2,WebAttack,task5,category_recall,0.0
gnn_replay,none,2,WebAttack,task6,n,25000.0
gnn_replay,none,2,WebAttack,task6,n_benign,2841.0
gnn_replay,none,2,WebAttack,task6,n_attack,22159.0
gnn_replay,none,2,WebAttack,task6,accuracy,1.0
gnn_replay,none,2,WebAttack,task6,macro_f1,1.0
gnn_replay,none,2,WebAttack,task6,fpr,0.0
gnn_replay,none,2,WebAttack,task6,detection_rate,1.0
gnn_replay,none,2,WebAttack,task6,binary_f1,1.0
gnn_replay,none,2,WebAttack,task6,category_recall,1.0
gnn_replay,none,2,WebAttack,seen,n,263702.0
gnn_replay,none,2,WebAttack,seen,n_benign,228792.0
gnn_replay,none,2,WebAttack,seen,n_attack,34910.0
gnn_replay,none,2,WebAttack,seen,accuracy,0.9973644492647004
gnn_replay,none,2,WebAttack,seen,macro_f1,0.9942170186962684
gnn_replay,none,2,WebAttack,seen,fpr,7.430329731808805e-05
gnn_replay,none,2,WebAttack,seen,detection_rate,0.980578630764824
gnn_replay,none,2,WebAttack,seen,binary_f1,0.9899506933298632
gnn_replay,none,2,WebAttack,all,n,416344.0
gnn_replay,none,2,WebAttack,all,n_benign,313491.0
gnn_replay,none,2,WebAttack,all,n_attack,102853.0
gnn_replay,none,2,WebAttack,all,accuracy,0.8883567434621371
gnn_replay,none,2,WebAttack,all,macro_f1,0.819560793908674
gnn_replay,none,2,WebAttack,all,fpr,6.379768478201926e-05
gnn_replay,none,2,WebAttack,all,detection_rate,0.5482679163466306
gnn_replay,none,2,WebAttack,all,binary_f1,0.7081449668474985
gnn_replay,none,3,Infiltration,task0,n,138702.0
gnn_replay,none,3,Infiltration,task0,n_benign,137422.0
gnn_replay,none,3,Infiltration,task0,n_attack,1280.0
gnn_replay,none,3,Infiltration,task0,accuracy,0.999956741791755
gnn_replay,none,3,Infiltration,task0,macro_f1,0.9988199496386384
gnn_replay,none,3,Infiltration,task0,fpr,4.366113140545182e-05
gnn_replay,none,3,Infiltration,task0,detection_rate,1.0
gnn_replay,none,3,Infiltration,task0,binary_f1,0.9976617303195636
gnn_replay,none,3,Infiltration,task0,category_recall,1.0
gnn_replay,none,3,Infiltration,task1,n,100000.0
gnn_replay,none,3,Infiltration,task1,n_benign,66394.0
gnn_replay,none,3,Infiltration,task1,n_attack,33606.0
gnn_replay,none,3,Infiltration,task1,accuracy,0.9985
gnn_replay,none,3,Infiltration,task1,macro_f1,0.9983210902127764
gnn_replay,none,3,Infiltration,task1,fpr,0.0022140554869415
gnn_replay,none,3,Infiltration,task1,detection_rate,0.9999107302267451
gnn_replay,none,3,Infiltration,task1,binary_f1,0.997773026901835
gnn_replay,none,3,Infiltration,task1,category_recall,0.9999107302267451
gnn_replay,none,3,Infiltration,task2,n,25000.0
gnn_replay,none,3,Infiltration,task2,n_benign,24976.0
gnn_replay,none,3,Infiltration,task2,n_attack,24.0
gnn_replay,none,3,Infiltration,task2,accuracy,0.99972
gnn_replay,none,3,Infiltration,task2,macro_f1,0.933892189872208
gnn_replay,none,3,Infiltration,task2,fpr,0.0002402306213965
gnn_replay,none,3,Infiltration,task2,detection_rate,0.9583333333333334
gnn_replay,none,3,Infiltration,task2,binary_f1,0.8679245283018868
gnn_replay,none,3,Infiltration,task2,category_recall,0.9583333333333334
gnn_replay,none,3,Infiltration,task3,n,45000.0
gnn_replay,none,3,Infiltration,task3,n_benign,28566.0
gnn_replay,none,3,Infiltration,task3,n_attack,16434.0
gnn_replay,none,3,Infiltration,task3,accuracy,0.9974222222222222
gnn_replay,none,3,Infiltration,task3,macro_f1,0.9972182275009904
gnn_replay,none,3,Infiltration,task3,fpr,0.0010852061891759
gnn_replay,none,3,Infiltration,task3,detection_rate,0.9948277960326152
gnn_replay,none,3,Infiltration,task3,binary_f1,0.9964649235082588
gnn_replay,none,3,Infiltration,task3,category_recall,0.9948277960326152
gnn_replay,none,3,Infiltration,task4,n,27642.0
gnn_replay,none,3,Infiltration,task4,n_benign,27569.0
gnn_replay,none,3,Infiltration,task4,n_attack,73.0
gnn_replay,none,3,Infiltration,task4,accuracy,0.9973590912379712
gnn_replay,none,3,Infiltration,task4,macro_f1,0.4993388998569126
gnn_replay,none,3,Infiltration,task4,fpr,0.0
gnn_replay,none,3,Infiltration,task4,detection_rate,0.0
gnn_replay,none,3,Infiltration,task4,binary_f1,0.0
gnn_replay,none,3,Infiltration,task4,category_recall,0.0
gnn_replay,none,3,Infiltration,task5,n,55000.0
gnn_replay,none,3,Infiltration,task5,n_benign,25723.0
gnn_replay,none,3,Infiltration,task5,n_attack,29277.0
gnn_replay,none,3,Infiltration,task5,accuracy,0.9999818181818182
gnn_replay,none,3,Infiltration,task5,macro_f1,0.99998174190205
gnn_replay,none,3,Infiltration,task5,fpr,3.8875714341251024e-05
gnn_replay,none,3,Infiltration,task5,detection_rate,1.0
gnn_replay,none,3,Infiltration,task5,binary_f1,0.9999829220391084
gnn_replay,none,3,Infiltration,task5,category_recall,1.0
gnn_replay,none,3,Infiltration,task6,n,25000.0
gnn_replay,none,3,Infiltration,task6,n_benign,2841.0
gnn_replay,none,3,Infiltration,task6,n_attack,22159.0
gnn_replay,none,3,Infiltration,task6,accuracy,0.99984
gnn_replay,none,3,Infiltration,task6,macro_f1,0.9996026389794408
gnn_replay,none,3,Infiltration,task6,fpr,0.0014079549454417
gnn_replay,none,3,Infiltration,task6,detection_rate,1.0
gnn_replay,none,3,Infiltration,task6,binary_f1,0.9999097513650106
gnn_replay,none,3,Infiltration,task6,category_recall,1.0
gnn_replay,none,3,Infiltration,seen,n,308702.0
gnn_replay,none,3,Infiltration,seen,n_benign,257358.0
gnn_replay,none,3,Infiltration,seen,n_attack,51344.0
gnn_replay,none,3,Infiltration,seen,accuracy,0.9990962157679576
gnn_replay,none,3,Infiltration,seen,macro_f1,0.9983717744529316
gnn_replay,none,3,Infiltration,seen,fpr,0.0007382712019832
gnn_replay,none,3,Infiltration,seen,detection_rate,0.998266593954503
gnn_replay,none,3,Infiltration,seen,binary_f1,0.9972857017774276
gnn_replay,none,3,Infiltration,all,n,416344.0
gnn_replay,none,3,Infiltration,all,n_benign,313491.0
gnn_replay,none,3,Infiltration,all,n_attack,102853.0
gnn_replay,none,3,Infiltration,all,accuracy,0.9991425359798628
gnn_replay,none,3,Infiltration,all,macro_f1,0.9988476837460392
gnn_replay,none,3,Infiltration,all,fpr,0.0006220274266246
gnn_replay,none,3,Infiltration,all,detection_rate,0.9984249365599448
gnn_replay,none,3,Infiltration,all,binary_f1,0.9982647917993186
gnn_replay,none,4,Botnet,task0,n,138702.0
gnn_replay,none,4,Botnet,task0,n_benign,137422.0
gnn_replay,none,4,Botnet,task0,n_attack,1280.0
gnn_replay,none,4,Botnet,task0,accuracy,0.9997548701532782
gnn_replay,none,4,Botnet,task0,macro_f1,0.9933845538813008
gnn_replay,none,4,Botnet,task0,fpr,0.0002474130779642
gnn_replay,none,4,Botnet,task0,detection_rate,1.0
gnn_replay,none,4,Botnet,task0,binary_f1,0.9868928296067848
gnn_replay,none,4,Botnet,task0,category_recall,1.0
gnn_replay,none,4,Botnet,task1,n,100000.0
gnn_replay,none,4,Botnet,task1,n_benign,66394.0
gnn_replay,none,4,Botnet,task1,n_attack,33606.0
gnn_replay,none,4,Botnet,task1,accuracy,0.99805
gnn_replay,none,4,Botnet,task1,macro_f1,0.9978176883095446
gnn_replay,none,4,Botnet,task1,fpr,0.002680965147453
gnn_replay,none,4,Botnet,task1,detection_rate,0.9994941379515564
gnn_replay,none,4,Botnet,task1,binary_f1,0.9971056654742998
gnn_replay,none,4,Botnet,task1,category_recall,0.9994941379515564
gnn_replay,none,4,Botnet,task2,n,25000.0
gnn_replay,none,4,Botnet,task2,n_benign,24976.0
gnn_replay,none,4,Botnet,task2,n_attack,24.0
gnn_replay,none,4,Botnet,task2,accuracy,0.99948
gnn_replay,none,4,Botnet,task2,macro_f1,0.8897003548933504
gnn_replay,none,4,Botnet,task2,fpr,0.000480461242793
gnn_replay,none,4,Botnet,task2,detection_rate,0.9583333333333334
gnn_replay,none,4,Botnet,task2,binary_f1,0.7796610169491526
gnn_replay,none,4,Botnet,task2,category_recall,0.9583333333333334
gnn_replay,none,4,Botnet,task3,n,45000.0
gnn_replay,none,4,Botnet,task3,n_benign,28566.0
gnn_replay,none,4,Botnet,task3,n_attack,16434.0
gnn_replay,none,4,Botnet,task3,accuracy,0.9991111111111112
gnn_replay,none,4,Botnet,task3,macro_f1,0.9990418592509168
gnn_replay,none,4,Botnet,task3,fpr,0.0012952460967583
gnn_replay,none,4,Botnet,task3,detection_rate,0.9998174516246804
gnn_replay,none,4,Botnet,task3,binary_f1,0.99878426843353
gnn_replay,none,4,Botnet,task3,category_recall,0.9998174516246804
gnn_replay,none,4,Botnet,task4,n,27642.0
gnn_replay,none,4,Botnet,task4,n_benign,27569.0
gnn_replay,none,4,Botnet,task4,n_attack,73.0
gnn_replay,none,4,Botnet,task4,accuracy,0.9999276463352867
gnn_replay,none,4,Botnet,task4,macro_f1,0.9932251062728428
gnn_replay,none,4,Botnet,task4,fpr,7.254525009974973e-05
gnn_replay,none,4,Botnet,task4,detection_rate,1.0
gnn_replay,none,4,Botnet,task4,binary_f1,0.9864864864864864
gnn_replay,none,4,Botnet,task4,category_recall,1.0
gnn_replay,none,4,Botnet,task5,n,55000.0
gnn_replay,none,4,Botnet,task5,n_benign,25723.0
gnn_replay,none,4,Botnet,task5,n_attack,29277.0
gnn_replay,none,4,Botnet,task5,accuracy,0.9995090909090908
gnn_replay,none,4,Botnet,task5,macro_f1,0.9995070033345124
gnn_replay,none,4,Botnet,task5,fpr,0.0010107685728725
gnn_replay,none,4,Botnet,task5,detection_rate,0.9999658434948936
gnn_replay,none,4,Botnet,task5,binary_f1,0.999539083972072
gnn_replay,none,4,Botnet,task5,category_recall,0.9999658434948936
gnn_replay,none,4,Botnet,task6,n,25000.0
gnn_replay,none,4,Botnet,task6,n_benign,2841.0
gnn_replay,none,4,Botnet,task6,n_attack,22159.0
gnn_replay,none,4,Botnet,task6,accuracy,0.99984
gnn_replay,none,4,Botnet,task6,macro_f1,0.9996026389794408
gnn_replay,none,4,Botnet,task6,fpr,0.0014079549454417
gnn_replay,none,4,Botnet,task6,detection_rate,1.0
gnn_replay,none,4,Botnet,task6,binary_f1,0.9999097513650106
gnn_replay,none,4,Botnet,task6,category_recall,1.0
gnn_replay,none,4,Botnet,seen,n,336344.0
gnn_replay,none,4,Botnet,seen,n_benign,284927.0
gnn_replay,none,4,Botnet,seen,n_attack,51417.0
gnn_replay,none,4,Botnet,seen,accuracy,0.9991556263825132
gnn_replay,none,4,Botnet,seen,macro_f1,0.9983730832219074
gnn_replay,none,4,Botnet,seen,fpr,0.000923043446216
gnn_replay,none,4,Botnet,seen,detection_rate,0.99959157477099
gnn_replay,none,4,Botnet,seen,binary_f1,0.9972447514455354
gnn_replay,none,4,Botnet,all,n,416344.0
gnn_replay,none,4,Botnet,all,n_benign,313491.0
gnn_replay,none,4,Botnet,all,n_attack,102853.0
gnn_replay,none,4,Botnet,all,accuracy,0.9992434140998788
gnn_replay,none,4,Botnet,all,macro_f1,0.9989840395115837
gnn_replay,none,4,Botnet,all,fpr,0.0009346360820565
gnn_replay,none,4,Botnet,all,detection_rate,0.9997861024957948
gnn_replay,none,4,Botnet,all,binary_f1,0.9984707030396598
gnn_replay,none,5,PortScan,task0,n,138702.0
gnn_replay,none,5,PortScan,task0,n_benign,137422.0
gnn_replay,none,5,PortScan,task0,n_attack,1280.0
gnn_replay,none,5,PortScan,task0,accuracy,0.9999711611945034
gnn_replay,none,5,PortScan,task0,macro_f1,0.999212691837611
gnn_replay,none,5,PortScan,task0,fpr,2.910742093696788e-05
gnn_replay,none,5,PortScan,task0,detection_rate,1.0
gnn_replay,none,5,PortScan,task0,binary_f1,0.998439937597504
gnn_replay,none,5,PortScan,task0,category_recall,1.0
gnn_replay,none,5,PortScan,task1,n,100000.0
gnn_replay,none,5,PortScan,task1,n_benign,66394.0
gnn_replay,none,5,PortScan,task1,n_attack,33606.0
gnn_replay,none,5,PortScan,task1,accuracy,0.99852
gnn_replay,none,5,PortScan,task1,macro_f1,0.9983434514653716
gnn_replay,none,5,PortScan,task1,fpr,0.0021839322830376
gnn_replay,none,5,PortScan,task1,detection_rate,0.9999107302267451
gnn_replay,none,5,PortScan,task1,binary_f1,0.9978026546307568
gnn_replay,none,5,PortScan,task1,category_recall,0.9999107302267451
gnn_replay,none,5,PortScan,task2,n,25000.0
gnn_replay,none,5,PortScan,task2,n_benign,24976.0
gnn_replay,none,5,PortScan,task2,n_attack,24.0
gnn_replay,none,5,PortScan,task2,accuracy,0.99964
gnn_replay,none,5,PortScan,task2,macro_f1,0.9180917190727982
gnn_replay,none,5,PortScan,task2,fpr,0.0003203074951953
gnn_replay,none,5,PortScan,task2,detection_rate,0.9583333333333334
gnn_replay,none,5,PortScan,task2,binary_f1,0.8363636363636363
gnn_replay,none,5,PortScan,task2,category_recall,0.9583333333333334
gnn_replay,none,5,PortScan,task3,n,45000.0
gnn_replay,none,5,PortScan,task3,n_benign,28566.0
gnn_replay,none,5,PortScan,task3,n_attack,16434.0
gnn_replay,none,5,PortScan,task3,accuracy,0.9980444444444444
gnn_replay,none,5,PortScan,task3,macro_f1,0.9978934441223414
gnn_replay,none,5,PortScan,task3,fpr,0.0030105720086816
gnn_replay,none,5,PortScan,task3,detection_rate,0.9998783010831204
gnn_replay,none,5,PortScan,task3,binary_f1,0.9973294488953628
gnn_replay,none,5,PortScan,task3,category_recall,0.9998783010831204
gnn_replay,none,5,PortScan,task4,n,27642.0
gnn_replay,none,5,PortScan,task4,n_benign,27569.0
gnn_replay,none,5,PortScan,task4,n_attack,73.0
gnn_replay,none,5,PortScan,task4,accuracy,1.0
gnn_replay,none,5,PortScan,task4,macro_f1,1.0
gnn_replay,none,5,PortScan,task4,fpr,0.0
gnn_replay,none,5,PortScan,task4,detection_rate,1.0
gnn_replay,none,5,PortScan,task4,binary_f1,1.0
gnn_replay,none,5,PortScan,task4,category_recall,1.0
gnn_replay,none,5,PortScan,task5,n,55000.0
gnn_replay,none,5,PortScan,task5,n_benign,25723.0
gnn_replay,none,5,PortScan,task5,n_attack,29277.0
gnn_replay,none,5,PortScan,task5,accuracy,0.9999090909090907
gnn_replay,none,5,PortScan,task5,macro_f1,0.9999087090791864
gnn_replay,none,5,PortScan,task5,fpr,0.000155502857365
gnn_replay,none,5,PortScan,task5,detection_rate,0.9999658434948936
gnn_replay,none,5,PortScan,task5,binary_f1,0.9999146131120106
gnn_replay,none,5,PortScan,task5,category_recall,0.9999658434948936
gnn_replay,none,5,PortScan,task6,n,25000.0
gnn_replay,none,5,PortScan,task6,n_benign,2841.0
gnn_replay,none,5,PortScan,task6,n_attack,22159.0
gnn_replay,none,5,PortScan,task6,accuracy,0.99988
gnn_replay,none,5,PortScan,task6,macro_f1,0.9997020249893048
gnn_replay,none,5,PortScan,task6,fpr,0.0010559662090813
gnn_replay,none,5,PortScan,task6,detection_rate,1.0
gnn_replay,none,5,PortScan,task6,binary_f1,0.9999323119965704
gnn_replay,none,5,PortScan,task6,category_recall,1.0
gnn_replay,none,5,PortScan,seen,n,391344.0
gnn_replay,none,5,PortScan,seen,n_benign,310650.0
gnn_replay,none,5,PortScan,seen,n_attack,80694.0
gnn_replay,none,5,PortScan,seen,accuracy,0.9993509546588168
gnn_replay,none,5,PortScan,seen,macro_f1,0.9990097559572676
gnn_replay,none,5,PortScan,seen,fpr,0.0007951070336391
gnn_replay,none,5,PortScan,seen,detection_rate,0.9999132525342652
gnn_replay,none,5,PortScan,seen,binary_f1,0.9984284901130992
gnn_replay,none,5,PortScan,all,n,416344.0
gnn_replay,none,5,PortScan,all,n_benign,313491.0
gnn_replay,none,5,PortScan,all,n_attack,102853.0
gnn_replay,none,5,PortScan,all,accuracy,0.9993827219799012
gnn_replay,none,5,PortScan,all,macro_f1,0.9991710295955856
gnn_replay,none,5,PortScan,all,fpr,0.0007974710597752
gnn_replay,none,5,PortScan,all,detection_rate,0.9999319417032076
gnn_replay,none,5,PortScan,all,binary_f1,0.998752118242866
gnn_replay,none,6,DDoS,task0,n,138702.0
gnn_replay,none,6,DDoS,task0,n_benign,137422.0
gnn_replay,none,6,DDoS,task0,n_attack,1280.0
gnn_replay,none,6,DDoS,task0,accuracy,0.999992790298626
gnn_replay,none,6,DDoS,task0,macro_f1,0.999802944543727
gnn_replay,none,6,DDoS,task0,fpr,7.27685523424197e-06
gnn_replay,none,6,DDoS,task0,detection_rate,1.0
gnn_replay,none,6,DDoS,task0,binary_f1,0.9996095275283092
gnn_replay,none,6,DDoS,task0,category_recall,1.0
gnn_replay,none,6,DDoS,task1,n,100000.0
gnn_replay,none,6,DDoS,task1,n_benign,66394.0
gnn_replay,none,6,DDoS,task1,n_attack,33606.0
gnn_replay,none,6,DDoS,task1,accuracy,0.99848
gnn_replay,none,6,DDoS,task1,macro_f1,0.9982987296122884
gnn_replay,none,6,DDoS,task1,fpr,0.0022441786908455
gnn_replay,none,6,DDoS,task1,detection_rate,0.9999107302267451
gnn_replay,none,6,DDoS,task1,binary_f1,0.9977434009323316
gnn_replay,none,6,DDoS,task1,category_recall,0.9999107302267451
gnn_replay,none,6,DDoS,task2,n,25000.0
gnn_replay,none,6,DDoS,task2,n_benign,24976.0
gnn_replay,none,6,DDoS,task2,n_attack,24.0
gnn_replay,none,6,DDoS,task2,accuracy,0.99972
gnn_replay,none,6,DDoS,task2,macro_f1,0.933892189872208
gnn_replay,none,6,DDoS,task2,fpr,0.0002402306213965
gnn_replay,none,6,DDoS,task2,detection_rate,0.9583333333333334
gnn_replay,none,6,DDoS,task2,binary_f1,0.8679245283018868
gnn_replay,none,6,DDoS,task2,category_recall,0.9583333333333334
gnn_replay,none,6,DDoS,task3,n,45000.0
gnn_replay,none,6,DDoS,task3,n_benign,28566.0
gnn_replay,none,6,DDoS,task3,n_attack,16434.0
gnn_replay,none,6,DDoS,task3,accuracy,0.9991555555555556
gnn_replay,none,6,DDoS,task3,macro_f1,0.999089625516125
gnn_replay,none,6,DDoS,task3,fpr,0.0010501995379122
gnn_replay,none,6,DDoS,task3,detection_rate,0.9995132043324816
gnn_replay,none,6,DDoS,task3,binary_f1,0.9988446336272424
gnn_replay,none,6,DDoS,task3,category_recall,0.9995132043324816
gnn_replay,none,6,DDoS,task4,n,27642.0
gnn_replay,none,6,DDoS,task4,n_benign,27569.0
gnn_replay,none,6,DDoS,task4,n_attack,73.0
gnn_replay,none,6,DDoS,task4,accuracy,1.0
gnn_replay,none,6,DDoS,task4,macro_f1,1.0
gnn_replay,none,6,DDoS,task4,fpr,0.0
gnn_replay,none,6,DDoS,task4,detection_rate,1.0
gnn_replay,none,6,DDoS,task4,binary_f1,1.0
gnn_replay,none,6,DDoS,task4,category_recall,1.0
gnn_replay,none,6,DDoS,task5,n,55000.0
gnn_replay,none,6,DDoS,task5,n_benign,25723.0
gnn_replay,none,6,DDoS,task5,n_attack,29277.0
gnn_replay,none,6,DDoS,task5,accuracy,0.9999636363636364
gnn_replay,none,6,DDoS,task5,macro_f1,0.9999634838902762
gnn_replay,none,6,DDoS,task5,fpr,3.8875714341251024e-05
gnn_replay,none,6,DDoS,task5,detection_rate,0.9999658434948936
gnn_replay,none,6,DDoS,task5,binary_f1,0.9999658434948936
gnn_replay,none,6,DDoS,task5,category_recall,0.9999658434948936
gnn_replay,none,6,DDoS,task6,n,25000.0
gnn_replay,none,6,DDoS,task6,n_benign,2841.0
gnn_replay,none,6,DDoS,task6,n_attack,22159.0
gnn_replay,none,6,DDoS,task6,accuracy,0.99992
gnn_replay,none,6,DDoS,task6,macro_f1,0.9998013804850764
gnn_replay,none,6,DDoS,task6,fpr,0.0007039774727208
gnn_replay,none,6,DDoS,task6,detection_rate,1.0
gnn_replay,none,6,DDoS,task6,binary_f1,0.9999548736462094
gnn_replay,none,6,DDoS,task6,category_recall,1.0
gnn_replay,none,6,DDoS,seen,n,416344.0
gnn_replay,none,6,DDoS,seen,n_benign,313491.0
gnn_replay,none,6,DDoS,seen,n_attack,102853.0
gnn_replay,none,6,DDoS,seen,accuracy,0.9995148242799224
gnn_replay,none,6,DDoS,seen,macro_f1,0.9993482933443696
gnn_replay,none,6,DDoS,seen,fpr,0.00060288812119
gnn_replay,none,6,DDoS,seen,detection_rate,0.9998736060202424
gnn_replay,none,6,DDoS,seen,binary_f1,0.9990188554608952
gnn_replay,none,6,DDoS,all,n,416344.0
gnn_replay,none,6,DDoS,all,n_benign,313491.0
gnn_replay,none,6,DDoS,all,n_attack,102853.0
gnn_replay,none,6,DDoS,all,accuracy,0.9995148242799224
gnn_replay,none,6,DDoS,all,macro_f1,0.9993482933443696
gnn_replay,none,6,DDoS,all,fpr,0.00060288812119
gnn_replay,none,6,DDoS,all,detection_rate,0.9998736060202424
gnn_replay,none,6,DDoS,all,binary_f1,0.9990188554608952
gnn_joint,none,0,BruteForce,task0,n,138702.0
gnn_joint,none,0,BruteForce,task0,n_benign,137422.0
gnn_joint,none,0,BruteForce,task0,n_attack,1280.0
gnn_joint,none,0,BruteForce,task0,accuracy,0.999992790298626
gnn_joint,none,0,BruteForce,task0,macro_f1,0.999802944543727
gnn_joint,none,0,BruteForce,task0,fpr,7.27685523424197e-06
gnn_joint,none,0,BruteForce,task0,detection_rate,1.0
gnn_joint,none,0,BruteForce,task0,binary_f1,0.9996095275283092
gnn_joint,none,0,BruteForce,task0,category_recall,1.0
gnn_joint,none,0,BruteForce,task1,n,100000.0
gnn_joint,none,0,BruteForce,task1,n_benign,66394.0
gnn_joint,none,0,BruteForce,task1,n_attack,33606.0
gnn_joint,none,0,BruteForce,task1,accuracy,0.66388
gnn_joint,none,0,BruteForce,task1,macro_f1,0.3989951198403731
gnn_joint,none,0,BruteForce,task1,fpr,9.036961171190167e-05
gnn_joint,none,0,BruteForce,task1,detection_rate,0.0
gnn_joint,none,0,BruteForce,task1,binary_f1,0.0
gnn_joint,none,0,BruteForce,task1,category_recall,0.0
gnn_joint,none,0,BruteForce,task2,n,25000.0
gnn_joint,none,0,BruteForce,task2,n_benign,24976.0
gnn_joint,none,0,BruteForce,task2,n_attack,24.0
gnn_joint,none,0,BruteForce,task2,accuracy,0.99916
gnn_joint,none,0,BruteForce,task2,macro_f1,0.6109009976498421
gnn_joint,none,0,BruteForce,task2,fpr,0.0
gnn_joint,none,0,BruteForce,task2,detection_rate,0.125
gnn_joint,none,0,BruteForce,task2,binary_f1,0.2222222222222222
gnn_joint,none,0,BruteForce,task2,category_recall,0.125
gnn_joint,none,0,BruteForce,task3,n,45000.0
gnn_joint,none,0,BruteForce,task3,n_benign,28566.0
gnn_joint,none,0,BruteForce,task3,n_attack,16434.0
gnn_joint,none,0,BruteForce,task3,accuracy,0.6348
gnn_joint,none,0,BruteForce,task3,macro_f1,0.3883043797406411
gnn_joint,none,0,BruteForce,task3,fpr,0.0
gnn_joint,none,0,BruteForce,task3,detection_rate,0.0
gnn_joint,none,0,BruteForce,task3,binary_f1,0.0
gnn_joint,none,0,BruteForce,task3,category_recall,0.0
gnn_joint,none,0,BruteForce,task4,n,27642.0
gnn_joint,none,0,BruteForce,task4,n_benign,27569.0
gnn_joint,none,0,BruteForce,task4,n_attack,73.0
gnn_joint,none,0,BruteForce,task4,accuracy,0.9973590912379712
gnn_joint,none,0,BruteForce,task4,macro_f1,0.4993388998569126
gnn_joint,none,0,BruteForce,task4,fpr,0.0
gnn_joint,none,0,BruteForce,task4,detection_rate,0.0
gnn_joint,none,0,BruteForce,task4,binary_f1,0.0
gnn_joint,none,0,BruteForce,task4,category_recall,0.0
gnn_joint,none,0,BruteForce,task5,n,55000.0
gnn_joint,none,0,BruteForce,task5,n_benign,25723.0
gnn_joint,none,0,BruteForce,task5,n_attack,29277.0
gnn_joint,none,0,BruteForce,task5,accuracy,0.4676909090909091
gnn_joint,none,0,BruteForce,task5,macro_f1,0.3186576316539276
gnn_joint,none,0,BruteForce,task5,fpr,0.0
gnn_joint,none,0,BruteForce,task5,detection_rate,0.0
gnn_joint,none,0,BruteForce,task5,binary_f1,0.0
gnn_joint,none,0,BruteForce,task5,category_recall,0.0
gnn_joint,none,0,BruteForce,task6,n,25000.0
gnn_joint,none,0,BruteForce,task6,n_benign,2841.0
gnn_joint,none,0,BruteForce,task6,n_attack,22159.0
gnn_joint,none,0,BruteForce,task6,accuracy,0.11364
gnn_joint,none,0,BruteForce,task6,macro_f1,0.1020437484285765
gnn_joint,none,0,BruteForce,task6,fpr,0.0
gnn_joint,none,0,BruteForce,task6,detection_rate,0.0
gnn_joint,none,0,BruteForce,task6,binary_f1,0.0
gnn_joint,none,0,BruteForce,task6,category_recall,0.0
gnn_joint,none,0,BruteForce,seen,n,138702.0
gnn_joint,none,0,BruteForce,seen,n_benign,137422.0
gnn_joint,none,0,BruteForce,seen,n_attack,1280.0
gnn_joint,none,0,BruteForce,seen,accuracy,0.999992790298626
gnn_joint,none,0,BruteForce,seen,macro_f1,0.999802944543727
gnn_joint,none,0,BruteForce,seen,fpr,7.27685523424197e-06
gnn_joint,none,0,BruteForce,seen,detection_rate,1.0
gnn_joint,none,0,BruteForce,seen,binary_f1,0.9996095275283092
gnn_joint,none,0,BruteForce,all,n,416344.0
gnn_joint,none,0,BruteForce,all,n_benign,313491.0
gnn_joint,none,0,BruteForce,all,n_attack,102853.0
gnn_joint,none,0,BruteForce,all,accuracy,0.7560262667409642
gnn_joint,none,0,BruteForce,all,macro_f1,0.4426073643534032
gnn_joint,none,0,BruteForce,all,fpr,2.2329189673706743e-05
gnn_joint,none,0,BruteForce,all,detection_rate,0.0124741135406842
gnn_joint,none,0,BruteForce,all,binary_f1,0.0246391980257914
gnn_joint,none,1,DoS,task0,n,138702.0
gnn_joint,none,1,DoS,task0,n_benign,137422.0
gnn_joint,none,1,DoS,task0,n_attack,1280.0
gnn_joint,none,1,DoS,task0,accuracy,0.999992790298626
gnn_joint,none,1,DoS,task0,macro_f1,0.999802944543727
gnn_joint,none,1,DoS,task0,fpr,7.27685523424197e-06
gnn_joint,none,1,DoS,task0,detection_rate,1.0
gnn_joint,none,1,DoS,task0,binary_f1,0.9996095275283092
gnn_joint,none,1,DoS,task0,category_recall,1.0
gnn_joint,none,1,DoS,task1,n,100000.0
gnn_joint,none,1,DoS,task1,n_benign,66394.0
gnn_joint,none,1,DoS,task1,n_attack,33606.0
gnn_joint,none,1,DoS,task1,accuracy,0.99316
gnn_joint,none,1,DoS,task1,macro_f1,0.9922979010308351
gnn_joint,none,1,DoS,task1,fpr,0.0001204928156158
gnn_joint,none,1,DoS,task1,detection_rate,0.9798845444265905
gnn_joint,none,1,DoS,task1,binary_f1,0.9897210867997116
gnn_joint,none,1,DoS,task1,category_recall,0.9798845444265905
gnn_joint,none,1,DoS,task2,n,25000.0
gnn_joint,none,1,DoS,task2,n_benign,24976.0
gnn_joint,none,1,DoS,task2,n_attack,24.0
gnn_joint,none,1,DoS,task2,accuracy,0.99904
gnn_joint,none,1,DoS,task2,macro_f1,0.8330929872349516
gnn_joint,none,1,DoS,task2,fpr,0.0009609224855861
gnn_joint,none,1,DoS,task2,detection_rate,1.0
gnn_joint,none,1,DoS,task2,binary_f1,0.6666666666666666
gnn_joint,none,1,DoS,task2,category_recall,1.0
gnn_joint,none,1,DoS,task3,n,45000.0
gnn_joint,none,1,DoS,task3,n_benign,28566.0
gnn_joint,none,1,DoS,task3,n_attack,16434.0
gnn_joint,none,1,DoS,task3,accuracy,0.6346222222222222
gnn_joint,none,1,DoS,task3,macro_f1,0.3882378531227058
gnn_joint,none,1,DoS,task3,fpr,0.0002800532101099
gnn_joint,none,1,DoS,task3,detection_rate,0.0
gnn_joint,none,1,DoS,task3,binary_f1,0.0
gnn_joint,none,1,DoS,task3,category_recall,0.0
gnn_joint,none,1,DoS,task4,n,27642.0
gnn_joint,none,1,DoS,task4,n_benign,27569.0
gnn_joint,none,1,DoS,task4,n_attack,73.0
gnn_joint,none,1,DoS,task4,accuracy,0.9973590912379712
gnn_joint,none,1,DoS,task4,macro_f1,0.4993388998569126
gnn_joint,none,1,DoS,task4,fpr,0.0
gnn_joint,none,1,DoS,task4,detection_rate,0.0
gnn_joint,none,1,DoS,task4,binary_f1,0.0
gnn_joint,none,1,DoS,task4,category_recall,0.0
gnn_joint,none,1,DoS,task5,n,55000.0
gnn_joint,none,1,DoS,task5,n_benign,25723.0
gnn_joint,none,1,DoS,task5,n_attack,29277.0
gnn_joint,none,1,DoS,task5,accuracy,0.4676909090909091
gnn_joint,none,1,DoS,task5,macro_f1,0.3186576316539276
gnn_joint,none,1,DoS,task5,fpr,0.0
gnn_joint,none,1,DoS,task5,detection_rate,0.0
gnn_joint,none,1,DoS,task5,binary_f1,0.0
gnn_joint,none,1,DoS,task5,category_recall,0.0
gnn_joint,none,1,DoS,task6,n,25000.0
gnn_joint,none,1,DoS,task6,n_benign,2841.0
gnn_joint,none,1,DoS,task6,n_attack,22159.0
gnn_joint,none,1,DoS,task6,accuracy,0.99848
gnn_joint,none,1,DoS,task6,macro_f1,0.996249234054112
gnn_joint,none,1,DoS,task6,fpr,0.0
gnn_joint,none,1,DoS,task6,detection_rate,0.998285121169728
gnn_joint,none,1,DoS,task6,binary_f1,0.9991418247515808
gnn_joint,none,1,DoS,task6,category_recall,0.998285121169728
gnn_joint,none,1,DoS,seen,n,238702.0
gnn_joint,none,1,DoS,seen,n_benign,203816.0
gnn_joint,none,1,DoS,seen,n_attack,34886.0
gnn_joint,none,1,DoS,seen,accuracy,0.9971303131100704
gnn_joint,none,1,DoS,seen,macro_f1,0.9942049279254026
gnn_joint,none,1,DoS,seen,fpr,4.415747536994152e-05
gnn_joint,none,1,DoS,seen,detection_rate,0.9806225993235108
gnn_joint,none,1,DoS,seen,binary_f1,0.9900875479343028
gnn_joint,none,1,DoS,all,n,416344.0
gnn_joint,none,1,DoS,all,n_benign,313491.0
gnn_joint,none,1,DoS,all,n_attack,102853.0
gnn_joint,none,1,DoS,all,accuracy,0.8882198374421152
gnn_joint,none,1,DoS,all,macro_f1,0.8193265322830949
gnn_joint,none,1,DoS,all,fpr,0.0001307852538031
gnn_joint,none,1,DoS,all,detection_rate,0.5479179022488406
gnn_joint,none,1,DoS,all,binary_f1,0.7077595463707779
gnn_joint,none,2,WebAttack,task0,n,138702.0
gnn_joint,none,2,WebAttack,task0,n_benign,137422.0
gnn_joint,none,2,WebAttack,task0,n_attack,1280.0
gnn_joint,none,2,WebAttack,task0,accuracy,0.999992790298626
gnn_joint,none,2,WebAttack,task0,macro_f1,0.999802944543727
gnn_joint,none,2,WebAttack,task0,fpr,7.27685523424197e-06
gnn_joint,none,2,WebAttack,task0,detection_rate,1.0
gnn_joint,none,2,WebAttack,task0,binary_f1,0.9996095275283092
gnn_joint,none,2,WebAttack,task0,category_recall,1.0
gnn_joint,none,2,WebAttack,task1,n,100000.0
gnn_joint,none,2,WebAttack,task1,n_benign,66394.0
gnn_joint,none,2,WebAttack,task1,n_attack,33606.0
gnn_joint,none,2,WebAttack,task1,accuracy,0.99599
gnn_joint,none,2,WebAttack,task1,macro_f1,0.9954940208712824
gnn_joint,none,2,WebAttack,task1,fpr,9.036961171190167e-05
gnn_joint,none,2,WebAttack,task1,detection_rate,0.9882461465214544
gnn_joint,none,2,WebAttack,task1,binary_f1,0.993999072175748
gnn_joint,none,2,WebAttack,task1,category_recall,0.9882461465214544
gnn_joint,none,2,WebAttack,task2,n,25000.0
gnn_joint,none,2,WebAttack,task2,n_benign,24976.0
gnn_joint,none,2,WebAttack,task2,n_attack,24.0
gnn_joint,none,2,WebAttack,task2,accuracy,0.9998
gnn_joint,none,2,WebAttack,task2,macro_f1,0.9509303411047896
gnn_joint,none,2,WebAttack,task2,fpr,0.0001601537475976
gnn_joint,none,2,WebAttack,task2,detection_rate,0.9583333333333334
gnn_joint,none,2,WebAttack,task2,binary_f1,0.9019607843137256
gnn_joint,none,2,WebAttack,task2,category_recall,0.9583333333333334
gnn_joint,none,2,WebAttack,task3,n,45000.0
gnn_joint,none,2,WebAttack,task3,n_benign,28566.0
gnn_joint,none,2,WebAttack,task3,n_attack,16434.0
gnn_joint,none,2,WebAttack,task3,accuracy,0.6347777777777778
gnn_joint,none,2,WebAttack,task3,macro_f1,0.3882960647046829
gnn_joint,none,2,WebAttack,task3,fpr,3.500665126374011e-05
gnn_joint,none,2,WebAttack,task3,detection_rate,0.0
gnn_joint,none,2,WebAttack,task3,binary_f1,0.0
gnn_joint,none,2,WebAttack,task3,category_recall,0.0
gnn_joint,none,2,WebAttack,task4,n,27642.0
gnn_joint,none,2,WebAttack,task4,n_benign,27569.0
gnn_joint,none,2,WebAttack,task4,n_attack,73.0
gnn_joint,none,2,WebAttack,task4,accuracy,0.9973590912379712
gnn_joint,none,2,WebAttack,task4,macro_f1,0.4993388998569126
gnn_joint,none,2,WebAttack,task4,fpr,0.0
gnn_joint,none,2,WebAttack,task4,detection_rate,0.0
gnn_joint,none,2,WebAttack,task4,binary_f1,0.0
gnn_joint,none,2,WebAttack,task4,category_recall,0.0
gnn_joint,none,2,WebAttack,task5,n,55000.0
gnn_joint,none,2,WebAttack,task5,n_benign,25723.0
gnn_joint,none,2,WebAttack,task5,n_attack,29277.0
gnn_joint,none,2,WebAttack,task5,accuracy,0.4676909090909091
gnn_joint,none,2,WebAttack,task5,macro_f1,0.3186576316539276
gnn_joint,none,2,WebAttack,task5,fpr,0.0
gnn_joint,none,2,WebAttack,task5,detection_rate,0.0
gnn_joint,none,2,WebAttack,task5,binary_f1,0.0
gnn_joint,none,2,WebAttack,task5,category_recall,0.0
gnn_joint,none,2,WebAttack,task6,n,25000.0
gnn_joint,none,2,WebAttack,task6,n_benign,2841.0
gnn_joint,none,2,WebAttack,task6,n_attack,22159.0
gnn_joint,none,2,WebAttack,task6,accuracy,0.9996
gnn_joint,none,2,WebAttack,task6,macro_f1,0.9990087277005762
gnn_joint,none,2,WebAttack,task6,fpr,0.0
gnn_joint,none,2,WebAttack,task6,detection_rate,0.9995487160972968
gnn_joint,none,2,WebAttack,task6,binary_f1,0.9997743071228672
gnn_joint,none,2,WebAttack,task6,category_recall,0.9995487160972968
gnn_joint,none,2,WebAttack,seen,n,263702.0
gnn_joint,none,2,WebAttack,seen,n_benign,228792.0
gnn_joint,none,2,WebAttack,seen,n_attack,34910.0
gnn_joint,none,2,WebAttack,seen,accuracy,0.9984565911521338
gnn_joint,none,2,WebAttack,seen,macro_f1,0.9966248481909774
gnn_joint,none,2,WebAttack,seen,fpr,4.807860414699815e-05
gnn_joint,none,2,WebAttack,seen,detection_rate,0.9886565454024636
gnn_joint,none,2,WebAttack,seen,binary_f1,0.994138402822784
gnn_joint,none,2,WebAttack,all,n,416344.0
gnn_joint,none,2,WebAttack,all,n_benign,313491.0
gnn_joint,none,2,WebAttack,all,n_attack,102853.0
gnn_joint,none,2,WebAttack,all,accuracy,0.8890292642622447
gnn_joint,none,2,WebAttack,all,macro_f1,0.8208743151319507
gnn_joint,none,2,WebAttack,all,fpr,3.827861086921155e-05
gnn_joint,none,2,WebAttack,all,detection_rate,0.550912467307711
gnn_joint,none,2,WebAttack,all,binary_f1,0.7103831302341909
gnn_joint,none,3,Infiltration,task0,n,138702.0
gnn_joint,none,3,Infiltration,task0,n_benign,137422.0
gnn_joint,none,3,Infiltration,task0,n_attack,1280.0
gnn_joint,none,3,Infiltration,task0,accuracy,0.9999855805972516
gnn_joint,none,3,Infiltration,task0,macro_f1,0.9996060414834552
gnn_joint,none,3,Infiltration,task0,fpr,1.455371046848394e-05
gnn_joint,none,3,Infiltration,task0,detection_rate,1.0
gnn_joint,none,3,Infiltration,task0,binary_f1,0.9992193598750976
gnn_joint,none,3,Infiltration,task0,category_recall,1.0
gnn_joint,none,3,Infiltration,task1,n,100000.0
gnn_joint,none,3,Infiltration,task1,n_benign,66394.0
gnn_joint,none,3,Infiltration,task1,n_attack,33606.0
gnn_joint,none,3,Infiltration,task1,accuracy,0.99852
gnn_joint,none,3,Infiltration,task1,macro_f1,0.9983434998856492
gnn_joint,none,3,Infiltration,task1,fpr,0.0022140554869415
gnn_joint,none,3,Infiltration,task1,detection_rate,0.999970243408915
gnn_joint,none,3,Infiltration,task1,binary_f1,0.997802785118323
gnn_joint,none,3,Infiltration,task1,category_recall,0.999970243408915
gnn_joint,none,3,Infiltration,task2,n,25000.0
gnn_joint,none,3,Infiltration,task2,n_benign,24976.0
gnn_joint,none,3,Infiltration,task2,n_attack,24.0
gnn_joint,none,3,Infiltration,task2,accuracy,0.99964
gnn_joint,none,3,Infiltration,task2,macro_f1,0.9180917190727982
gnn_joint,none,3,Infiltration,task2,fpr,0.0003203074951953
gnn_joint,none,3,Infiltration,task2,detection_rate,0.9583333333333334
gnn_joint,none,3,Infiltration,task2,binary_f1,0.8363636363636363
gnn_joint,none,3,Infiltration,task2,category_recall,0.9583333333333334
gnn_joint,none,3,Infiltration,task3,n,45000.0
gnn_joint,none,3,Infiltration,task3,n_benign,28566.0
gnn_joint,none,3,Infiltration,task3,n_attack,16434.0
gnn_joint,none,3,Infiltration,task3,accuracy,0.9742888888888888
gnn_joint,none,3,Infiltration,task3,macro_f1,0.9718566587722914
gnn_joint,none,3,Infiltration,task3,fpr,0.0010501995379122
gnn_joint,none,3,Infiltration,task3,detection_rate,0.931422660338323
gnn_joint,none,3,Infiltration,task3,binary_f1,0.963583141858928
gnn_joint,none,3,Infiltration,task3,category_recall,0.931422660338323
gnn_joint,none,3,Infiltration,task4,n,27642.0
gnn_joint,none,3,Infiltration,task4,n_benign,27569.0
gnn_joint,none,3,Infiltration,task4,n_attack,73.0
gnn_joint,none,3,Infiltration,task4,accuracy,0.9973590912379712
gnn_joint,none,3,Infiltration,task4,macro_f1,0.4993388998569126
gnn_joint,none,3,Infiltration,task4,fpr,0.0
gnn_joint,none,3,Infiltration,task4,detection_rate,0.0
gnn_joint,none,3,Infiltration,task4,binary_f1,0.0
gnn_joint,none,3,Infiltration,task4,category_recall,0.0
gnn_joint,none,3,Infiltration,task5,n,55000.0
gnn_joint,none,3,Infiltration,task5,n_benign,25723.0
gnn_joint,none,3,Infiltration,task5,n_attack,29277.0
gnn_joint,none,3,Infiltration,task5,accuracy,0.9999454545454546
gnn_joint,none,3,Infiltration,task5,macro_f1,0.999945226222984
gnn_joint,none,3,Infiltration,task5,fpr,0.0
gnn_joint,none,3,Infiltration,task5,detection_rate,0.9998975304846808
gnn_joint,none,3,Infiltration,task5,binary_f1,0.9999487626172056
gnn_joint,none,3,Infiltration,task5,category_recall,0.9998975304846808
gnn_joint,none,3,Infiltration,task6,n,25000.0
gnn_joint,none,3,Infiltration,task6,n_benign,2841.0
gnn_joint,none,3,Infiltration,task6,n_attack,22159.0
gnn_joint,none,3,Infiltration,task6,accuracy,0.99956
gnn_joint,none,3,Infiltration,task6,macro_f1,0.99890976739824
gnn_joint,none,3,Infiltration,task6,fpr,0.0
gnn_joint,none,3,Infiltration,task6,detection_rate,0.9995035877070264
gnn_joint,none,3,Infiltration,task6,binary_f1,0.9997517322319271
gnn_joint,none,3,Infiltration,task6,category_recall,0.9995035877070264
gnn_joint,none,3,Infiltration,seen,n,308702.0
gnn_joint,none,3,Infiltration,seen,n_benign,257358.0
gnn_joint,none,3,Infiltration,seen,n_attack,51344.0
gnn_joint,none,3,Infiltration,seen,accuracy,0.9957369890703656
gnn_joint,none,3,Infiltration,seen,macro_f1,0.9922568757532912
gnn_joint,none,3,Infiltration,seen,fpr,0.0007266142882677
gnn_joint,none,3,Infiltration,seen,detection_rate,0.9780110626363352
gnn_joint,none,3,Infiltration,seen,binary_f1,0.9870658305977632
gnn_joint,none,3,Infiltration,all,n,416344.0
gnn_joint,none,3,Infiltration,all,n_benign,313491.0
gnn_joint,none,3,Infiltration,all,n_attack,102853.0
gnn_joint,none,3,Infiltration,all,accuracy,0.9966301904194608
gnn_joint,none,3,Infiltration,all,macro_f1,0.9954556299612564
gnn_joint,none,3,Infiltration,all,fpr,0.0005965083527118
gnn_joint,none,3,Infiltration,all,detection_rate,0.9881773015857584
gnn_joint,none,3,Infiltration,all,binary_f1,0.9931452972244073
gnn_joint,none,4,Botnet,task0,n,138702.0
gnn_joint,none,4,Botnet,task0,n_benign,137422.0
gnn_joint,none,4,Botnet,task0,n_attack,1280.0
gnn_joint,none,4,Botnet,task0,accuracy,0.999992790298626
gnn_joint,none,4,Botnet,task0,macro_f1,0.999802944543727
gnn_joint,none,4,Botnet,task0,fpr,7.27685523424197e-06
gnn_joint,none,4,Botnet,task0,detection_rate,1.0
gnn_joint,none,4,Botnet,task0,binary_f1,0.9996095275283092
gnn_joint,none,4,Botnet,task0,category_recall,1.0
gnn_joint,none,4,Botnet,task1,n,100000.0
gnn_joint,none,4,Botnet,task1,n_benign,66394.0
gnn_joint,none,4,Botnet,task1,n_attack,33606.0
gnn_joint,none,4,Botnet,task1,accuracy,0.99979
gnn_joint,none,4,Botnet,task1,macro_f1,0.9997646854646708
gnn_joint,none,4,Botnet,task1,fpr,7.530800975991807e-05
gnn_joint,none,4,Botnet,task1,detection_rate,0.9995238945426412
gnn_joint,none,4,Botnet,task1,binary_f1,0.9996875046502284
gnn_joint,none,4,Botnet,task1,category_recall,0.9995238945426412
gnn_joint,none,4,Botnet,task2,n,25000.0
gnn_joint,none,4,Botnet,task2,n_benign,24976.0
gnn_joint,none,4,Botnet,task2,n_attack,24.0
gnn_joint,none,4,Botnet,task2,accuracy,0.99972
gnn_joint,none,4,Botnet,task2,macro_f1,0.933892189872208
gnn_joint,none,4,Botnet,task2,fpr,0.0002402306213965
gnn_joint,none,4,Botnet,task2,detection_rate,0.9583333333333334
gnn_joint,none,4,Botnet,task2,binary_f1,0.8679245283018868
gnn_joint,none,4,Botnet,task2,category_recall,0.9583333333333334
gnn_joint,none,4,Botnet,task3,n,45000.0
gnn_joint,none,4,Botnet,task3,n_benign,28566.0
gnn_joint,none,4,Botnet,task3,n_attack,16434.0
gnn_joint,none,4,Botnet,task3,accuracy,0.9754444444444444
gnn_joint,none,4,Botnet,task3,macro_f1,0.97313534076415
gnn_joint,none,4,Botnet,task3,fpr,0.0007701463278022
gnn_joint,none,4,Botnet,task3,detection_rate,0.9341000365096752
gnn_joint,none,4,Botnet,task3,binary_f1,0.9652592196686264
gnn_joint,none,4,Botnet,task3,category_recall,0.9341000365096752
gnn_joint,none,4,Botnet,task4,n,27642.0
gnn_joint,none,4,Botnet,task4,n_benign,27569.0
gnn_joint,none,4,Botnet,task4,n_attack,73.0
gnn_joint,none,4,Botnet,task4,accuracy,0.9991679328557992
gnn_joint,none,4,Botnet,task4,macro_f1,0.9062955844112202
gnn_joint,none,4,Botnet,task4,fpr,0.0
gnn_joint,none,4,Botnet,task4,detection_rate,0.684931506849315
gnn_joint,none,4,Botnet,task4,binary_f1,0.8130081300813008
gnn_joint,none,4,Botnet,task4,category_recall,0.684931506849315
gnn_joint,none,4,Botnet,task5,n,55000.0
gnn_joint,none,4,Botnet,task5,n_benign,25723.0
gnn_joint,none,4,Botnet,task5,n_attack,29277.0
gnn_joint,none,4,Botnet,task5,accuracy,0.9999818181818182
gnn_joint,none,4,Botnet,task5,macro_f1,0.9999817419882138
gnn_joint,none,4,Botnet,task5,fpr,0.0
gnn_joint,none,4,Botnet,task5,detection_rate,0.9999658434948936
gnn_joint,none,4,Botnet,task5,binary_f1,0.9999829214557752
gnn_joint,none,4,Botnet,task5,category_recall,0.9999658434948936
gnn_joint,none,4,Botnet,task6,n,25000.0
gnn_joint,none,4,Botnet,task6,n_benign,2841.0
gnn_joint,none,4,Botnet,task6,n_attack,22159.0
gnn_joint,none,4,Botnet,task6,accuracy,1.0
gnn_joint,none,4,Botnet,task6,macro_f1,1.0
gnn_joint,none,4,Botnet,task6,fpr,0.0
gnn_joint,none,4,Botnet,task6,detection_rate,1.0
gnn_joint,none,4,Botnet,task6,binary_f1,1.0
gnn_joint,none,4,Botnet,task6,category_recall,1.0
gnn_joint,none,4,Botnet,seen,n,336344.0
gnn_joint,none,4,Botnet,seen,n_benign,284927.0
gnn_joint,none,4,Botnet,seen,n_attack,51417.0
gnn_joint,none,4,Botnet,seen,accuracy,0.9965600694527031
gnn_joint,none,4,Botnet,seen,macro_f1,0.9933009809175476
gnn_joint,none,4,Botnet,seen,fpr,0.0001193288105374
gnn_joint,none,4,Botnet,seen,detection_rate,0.978158974658187
gnn_joint,none,4,Botnet,seen,binary_f1,0.9886284338296722
gnn_joint,none,4,Botnet,all,n,416344.0
gnn_joint,none,4,Botnet,all,n_benign,313491.0
gnn_joint,none,4,Botnet,all,n_attack,102853.0
gnn_joint,none,4,Botnet,all,accuracy,0.997218646119555
gnn_joint,none,4,Botnet,all,macro_f1,0.9962484404319024
gnn_joint,none,4,Botnet,all,fpr,0.0001084560641294
gnn_joint,none,4,Botnet,all,detection_rate,0.9890717820578884
gnn_joint,none,4,Botnet,all,binary_f1,0.9943406185244557
gnn_joint,none,5,PortScan,task0,n,138702.0
gnn_joint,none,5,PortScan,task0,n_benign,137422.0
gnn_joint,none,5,PortScan,task0,n_attack,1280.0
gnn_joint,none,5,PortScan,task0,accuracy,0.999992790298626
gnn_joint,none,5,PortScan,task0,macro_f1,0.999802944543727
gnn_joint,none,5,PortScan,task0,fpr,7.27685523424197e-06
gnn_joint,none,5,PortScan,task0,detection_rate,1.0
gnn_joint,none,5,PortScan,task0,binary_f1,0.9996095275283092
gnn_joint,none,5,PortScan,task0,category_recall,1.0
gnn_joint,none,5,PortScan,task1,n,100000.0
gnn_joint,none,5,PortScan,task1,n_benign,66394.0
gnn_joint,none,5,PortScan,task1,n_attack,33606.0
gnn_joint,none,5,PortScan,task1,accuracy,0.99857
gnn_joint,none,5,PortScan,task1,macro_f1,0.9983994276398012
gnn_joint,none,5,PortScan,task1,fpr,0.0021538090791336
gnn_joint,none,5,PortScan,task1,detection_rate,1.0
gnn_joint,none,5,PortScan,task1,binary_f1,0.9978769207928142
gnn_joint,none,5,PortScan,task1,category_recall,1.0
gnn_joint,none,5,PortScan,task2,n,25000.0
gnn_joint,none,5,PortScan,task2,n_benign,24976.0
gnn_joint,none,5,PortScan,task2,n_attack,24.0
gnn_joint,none,5,PortScan,task2,accuracy,0.99988
gnn_joint,none,5,PortScan,task2,macro_f1,0.968055078156446
gnn_joint,none,5,PortScan,task2,fpr,4.003843689942344e-05
gnn_joint,none,5,PortScan,task2,detection_rate,0.9166666666666666
gnn_joint,none,5,PortScan,task2,binary_f1,0.9361702127659576
gnn_joint,none,5,PortScan,task2,category_recall,0.9166666666666666
gnn_joint,none,5,PortScan,task3,n,45000.0
gnn_joint,none,5,PortScan,task3,n_benign,28566.0
gnn_joint,none,5,PortScan,task3,n_attack,16434.0
gnn_joint,none,5,PortScan,task3,accuracy,0.9759777777777778
gnn_joint,none,5,PortScan,task3,macro_f1,0.973729301445816
gnn_joint,none,5,PortScan,task3,fpr,0.0008401596303297
gnn_joint,none,5,PortScan,task3,detection_rate,0.9356821224291104
gnn_joint,none,5,PortScan,task3,binary_f1,0.9660436626354642
gnn_joint,none,5,PortScan,task3,category_recall,0.9356821224291104
gnn_joint,none,5,PortScan,task4,n,27642.0
gnn_joint,none,5,PortScan,task4,n_benign,27569.0
gnn_joint,none,5,PortScan,task4,n_attack,73.0
gnn_joint,none,5,PortScan,task4,accuracy,0.999746762173504
gnn_joint,none,5,PortScan,task4,macro_f1,0.9747566748487146
gnn_joint,none,5,PortScan,task4,fpr,0.0
gnn_joint,none,5,PortScan,task4,detection_rate,0.9041095890410958
gnn_joint,none,5,PortScan,task4,binary_f1,0.9496402877697842
gnn_joint,none,5,PortScan,task4,category_recall,0.9041095890410958
gnn_joint,none,5,PortScan,task5,n,55000.0
gnn_joint,none,5,PortScan,task5,n_benign,25723.0
gnn_joint,none,5,PortScan,task5,n_attack,29277.0
gnn_joint,none,5,PortScan,task5,accuracy,0.9999454545454546
gnn_joint,none,5,PortScan,task5,macro_f1,0.9999452257061504
gnn_joint,none,5,PortScan,task5,fpr,7.775142868250205e-05
gnn_joint,none,5,PortScan,task5,detection_rate,0.9999658434948936
gnn_joint,none,5,PortScan,task5,binary_f1,0.9999487661173256
gnn_joint,none,5,PortScan,task5,category_recall,0.9999658434948936
gnn_joint,none,5,PortScan,task6,n,25000.0
gnn_joint,none,5,PortScan,task6,n_benign,2841.0
gnn_joint,none,5,PortScan,task6,n_attack,22159.0
gnn_joint,none,5,PortScan,task6,accuracy,0.997
gnn_joint,none,5,PortScan,task6,macro_f1,0.9926385990149128
gnn_joint,none,5,PortScan,task6,fpr,0.0
gnn_joint,none,5,PortScan,task6,detection_rate,0.996615370729726
gnn_joint,none,5,PortScan,task6,binary_f1,0.998304816581154
gnn_joint,none,5,PortScan,task6,category_recall,0.996615370729726
gnn_joint,none,5,PortScan,seen,n,391344.0
gnn_joint,none,5,PortScan,seen,n_benign,310650.0
gnn_joint,none,5,PortScan,seen,n_attack,80694.0
gnn_joint,none,5,PortScan,seen,accuracy,0.9968365427858866
gnn_joint,none,5,PortScan,seen,macro_f1,0.9951482465819882
gnn_joint,none,5,PortScan,seen,fpr,0.0005504587155963
gnn_joint,none,5,PortScan,seen,detection_rate,0.9867772077230028
gnn_joint,none,5,PortScan,seen,binary_f1,0.9922862198738878
gnn_joint,none,5,PortScan,all,n,416344.0
gnn_joint,none,5,PortScan,all,n_benign,313491.0
gnn_joint,none,5,PortScan,all,n_attack,102853.0
gnn_joint,none,5,PortScan,all,accuracy,0.9968463578194954
gnn_joint,none,5,PortScan,all,macro_f1,0.995747955470402
gnn_joint,none,5,PortScan,all,fpr,0.0005454702048862
gnn_joint,none,5,PortScan,all,detection_rate,0.9888967750089934
gnn_joint,none,5,PortScan,all,binary_f1,0.9935868317581265
gnn_joint,none,6,DDoS,task0,n,138702.0
gnn_joint,none,6,DDoS,task0,n_benign,137422.0
gnn_joint,none,6,DDoS,task0,n_attack,1280.0
gnn_joint,none,6,DDoS,task0,accuracy,0.999992790298626
gnn_joint,none,6,DDoS,task0,macro_f1,0.999802944543727
gnn_joint,none,6,DDoS,task0,fpr,7.27685523424197e-06
gnn_joint,none,6,DDoS,task0,detection_rate,1.0
gnn_joint,none,6,DDoS,task0,binary_f1,0.9996095275283092
gnn_joint,none,6,DDoS,task0,category_recall,1.0
gnn_joint,none,6,DDoS,task1,n,100000.0
gnn_joint,none,6,DDoS,task1,n_benign,66394.0
gnn_joint,none,6,DDoS,task1,n_attack,33606.0
gnn_joint,none,6,DDoS,task1,accuracy,0.99857
gnn_joint,none,6,DDoS,task1,macro_f1,0.9983994276398012
gnn_joint,none,6,DDoS,task1,fpr,0.0021538090791336
gnn_joint,none,6,DDoS,task1,detection_rate,1.0
gnn_joint,none,6,DDoS,task1,binary_f1,0.9978769207928142
gnn_joint,none,6,DDoS,task1,category_recall,1.0
gnn_joint,none,6,DDoS,task2,n,25000.0
gnn_joint,none,6,DDoS,task2,n_benign,24976.0
gnn_joint,none,6,DDoS,task2,n_attack,24.0
gnn_joint,none,6,DDoS,task2,accuracy,0.99976
gnn_joint,none,6,DDoS,task2,macro_f1,0.9422476298427288
gnn_joint,none,6,DDoS,task2,fpr,0.0002001921844971
gnn_joint,none,6,DDoS,task2,detection_rate,0.9583333333333334
gnn_joint,none,6,DDoS,task2,binary_f1,0.8846153846153846
gnn_joint,none,6,DDoS,task2,category_recall,0.9583333333333334
gnn_joint,none,6,DDoS,task3,n,45000.0
gnn_joint,none,6,DDoS,task3,n_benign,28566.0
gnn_joint,none,6,DDoS,task3,n_attack,16434.0
gnn_joint,none,6,DDoS,task3,accuracy,0.9759111111111112
gnn_joint,none,6,DDoS,task3,macro_f1,0.973657518391907
gnn_joint,none,6,DDoS,task3,fpr,0.0009451795841209
gnn_joint,none,6,DDoS,task3,detection_rate,0.9356821224291104
gnn_joint,none,6,DDoS,task3,binary_f1,0.96595263521578
gnn_joint,none,6,DDoS,task3,category_recall,0.9356821224291104
gnn_joint,none,6,DDoS,task4,n,27642.0
gnn_joint,none,6,DDoS,task4,n_benign,27569.0
gnn_joint,none,6,DDoS,task4,n_attack,73.0
gnn_joint,none,6,DDoS,task4,accuracy,0.999746762173504
gnn_joint,none,6,DDoS,task4,macro_f1,0.9747566748487146
gnn_joint,none,6,DDoS,task4,fpr,0.0
gnn_joint,none,6,DDoS,task4,detection_rate,0.9041095890410958
gnn_joint,none,6,DDoS,task4,binary_f1,0.9496402877697842
gnn_joint,none,6,DDoS,task4,category_recall,0.9041095890410958
gnn_joint,none,6,DDoS,task5,n,55000.0
gnn_joint,none,6,DDoS,task5,n_benign,25723.0
gnn_joint,none,6,DDoS,task5,n_attack,29277.0
gnn_joint,none,6,DDoS,task5,accuracy,1.0
gnn_joint,none,6,DDoS,task5,macro_f1,1.0
gnn_joint,none,6,DDoS,task5,fpr,0.0
gnn_joint,none,6,DDoS,task5,detection_rate,1.0
gnn_joint,none,6,DDoS,task5,binary_f1,1.0
gnn_joint,none,6,DDoS,task5,category_recall,1.0
gnn_joint,none,6,DDoS,task6,n,25000.0
gnn_joint,none,6,DDoS,task6,n_benign,2841.0
gnn_joint,none,6,DDoS,task6,n_attack,22159.0
gnn_joint,none,6,DDoS,task6,accuracy,1.0
gnn_joint,none,6,DDoS,task6,macro_f1,1.0
gnn_joint,none,6,DDoS,task6,fpr,0.0
gnn_joint,none,6,DDoS,task6,detection_rate,1.0
gnn_joint,none,6,DDoS,task6,binary_f1,1.0
gnn_joint,none,6,DDoS,task6,category_recall,1.0
gnn_joint,none,6,DDoS,seen,n,416344.0
gnn_joint,none,6,DDoS,seen,n_benign,313491.0
gnn_joint,none,6,DDoS,seen,n_attack,102853.0
gnn_joint,none,6,DDoS,seen,accuracy,0.9970192917395232
gnn_joint,none,6,DDoS,seen,macro_f1,0.9959822059913536
gnn_joint,none,6,DDoS,seen,fpr,0.0005614196260817
gnn_joint,none,6,DDoS,seen,detection_rate,0.989645416273711
gnn_joint,none,6,DDoS,seen,binary_f1,0.9939409326374276
gnn_joint,none,6,DDoS,all,n,416344.0
gnn_joint,none,6,DDoS,all,n_benign,313491.0
gnn_joint,none,6,DDoS,all,n_attack,102853.0
gnn_joint,none,6,DDoS,all,accuracy,0.9970192917395232
gnn_joint,none,6,DDoS,all,macro_f1,0.9959822059913536
gnn_joint,none,6,DDoS,all,fpr,0.0005614196260817
gnn_joint,none,6,DDoS,all,detection_rate,0.989645416273711
gnn_joint,none,6,DDoS,all,binary_f1,0.9939409326374276
ffnn_joint,none,0,BruteForce,task0,n,138702.0
ffnn_joint,none,0,BruteForce,task0,n_benign,137422.0
ffnn_joint,none,0,BruteForce,task0,n_attack,1280.0
ffnn_joint,none,0,BruteForce,task0,accuracy,0.9999639514931292
ffnn_joint,none,0,BruteForce,task0,macro_f1,0.9990162448960817
ffnn_joint,none,0,BruteForce,task0,fpr,3.638427617120985e-05
ffnn_joint,none,0,BruteForce,task0,detection_rate,1.0
ffnn_joint,none,0,BruteForce,task0,binary_f1,0.9980506822612084
ffnn_joint,none,0,BruteForce,task0,category_recall,1.0
ffnn_joint,none,0,BruteForce,task1,n,100000.0
ffnn_joint,none,0,BruteForce,task1,n_benign,66394.0
ffnn_joint,none,0,BruteForce,task1,n_attack,33606.0
ffnn_joint,none,0,BruteForce,task1,accuracy,0.66394
ffnn_joint,none,0,BruteForce,task1,macro_f1,0.3990167914708463
ffnn_joint,none,0,BruteForce,task1,fpr,0.0
ffnn_joint,none,0,BruteForce,task1,detection_rate,0.0
ffnn_joint,none,0,BruteForce,task1,binary_f1,0.0
ffnn_joint,none,0,BruteForce,task1,category_recall,0.0
ffnn_joint,none,0,BruteForce,task2,n,25000.0
ffnn_joint,none,0,BruteForce,task2,n_benign,24976.0
ffnn_joint,none,0,BruteForce,task2,n_attack,24.0
ffnn_joint,none,0,BruteForce,task2,accuracy,0.99948
ffnn_joint,none,0,BruteForce,task2,macro_f1,0.8241942280530836
ffnn_joint,none,0,BruteForce,task2,fpr,4.003843689942344e-05
ffnn_joint,none,0,BruteForce,task2,detection_rate,0.5
ffnn_joint,none,0,BruteForce,task2,binary_f1,0.6486486486486487
ffnn_joint,none,0,BruteForce,task2,category_recall,0.5
ffnn_joint,none,0,BruteForce,task3,n,45000.0
ffnn_joint,none,0,BruteForce,task3,n_benign,28566.0
ffnn_joint,none,0,BruteForce,task3,n_attack,16434.0
ffnn_joint,none,0,BruteForce,task3,accuracy,0.6349333333333333
ffnn_joint,none,0,BruteForce,task3,macro_f1,0.3887010157059334
ffnn_joint,none,0,BruteForce,task3,fpr,0.0
ffnn_joint,none,0,BruteForce,task3,detection_rate,0.0003650967506389
ffnn_joint,none,0,BruteForce,task3,binary_f1,0.0007299270072992
ffnn_joint,none,0,BruteForce,task3,category_recall,0.0003650967506389
ffnn_joint,none,0,BruteForce,task4,n,27642.0
ffnn_joint,none,0,BruteForce,task4,n_benign,27569.0
ffnn_joint,none,0,BruteForce,task4,n_attack,73.0
ffnn_joint,none,0,BruteForce,task4,accuracy,0.9973590912379712
ffnn_joint,none,0,BruteForce,task4,macro_f1,0.4993388998569126
ffnn_joint,none,0,BruteForce,task4,fpr,0.0
ffnn_joint,none,0,BruteForce,task4,detection_rate,0.0
ffnn_joint,none,0,BruteForce,task4,binary_f1,0.0
ffnn_joint,none,0,BruteForce,task4,category_recall,0.0
ffnn_joint,none,0,BruteForce,task5,n,55000.0
ffnn_joint,none,0,BruteForce,task5,n_benign,25723.0
ffnn_joint,none,0,BruteForce,task5,n_attack,29277.0
ffnn_joint,none,0,BruteForce,task5,accuracy,0.4675818181818182
ffnn_joint,none,0,BruteForce,task5,macro_f1,0.318606984897853
ffnn_joint,none,0,BruteForce,task5,fpr,0.0002332542860475
ffnn_joint,none,0,BruteForce,task5,detection_rate,0.0
ffnn_joint,none,0,BruteForce,task5,binary_f1,0.0
ffnn_joint,none,0,BruteForce,task5,category_recall,0.0
ffnn_joint,none,0,BruteForce,task6,n,25000.0
ffnn_joint,none,0,BruteForce,task6,n_benign,2841.0
ffnn_joint,none,0,BruteForce,task6,n_attack,22159.0
ffnn_joint,none,0,BruteForce,task6,accuracy,0.1134
ffnn_joint,none,0,BruteForce,task6,macro_f1,0.1018501886114603
ffnn_joint,none,0,BruteForce,task6,fpr,0.0021119324181626
ffnn_joint,none,0,BruteForce,task6,detection_rate,0.0
ffnn_joint,none,0,BruteForce,task6,binary_f1,0.0
ffnn_joint,none,0,BruteForce,task6,category_recall,0.0
ffnn_joint,none,0,BruteForce,seen,n,138702.0
ffnn_joint,none,0,BruteForce,seen,n_benign,137422.0
ffnn_joint,none,0,BruteForce,seen,n_attack,1280.0
ffnn_joint,none,0,BruteForce,seen,accuracy,0.9999639514931292
ffnn_joint,none,0,BruteForce,seen,macro_f1,0.9990162448960817
ffnn_joint,none,0,BruteForce,seen,fpr,3.638427617120985e-05
ffnn_joint,none,0,BruteForce,seen,detection_rate,1.0
ffnn_joint,none,0,BruteForce,seen,binary_f1,0.9980506822612084
ffnn_joint,none,0,BruteForce,all,n,416344.0
ffnn_joint,none,0,BruteForce,all,n_benign,313491.0
ffnn_joint,none,0,BruteForce,all,n_attack,102853.0
ffnn_joint,none,0,BruteForce,all,accuracy,0.7560358741809657
ffnn_joint,none,0,BruteForce,all,macro_f1,0.442748543571455
ffnn_joint,none,0,BruteForce,all,fpr,5.741791630381734e-05
ffnn_joint,none,0,BruteForce,all,detection_rate,0.0126199527480967
ffnn_joint,none,0,BruteForce,all,binary_f1,0.0249210417686643
ffnn_joint,none,1,DoS,task0,n,138702.0
ffnn_joint,none,1,DoS,task0,n_benign,137422.0
ffnn_joint,none,1,DoS,task0,n_attack,1280.0
ffnn_joint,none,1,DoS,task0,accuracy,0.9999711611945034
ffnn_joint,none,1,DoS,task0,macro_f1,0.999212691837611
ffnn_joint,none,1,DoS,task0,fpr,2.910742093696788e-05
ffnn_joint,none,1,DoS,task0,detection_rate,1.0
ffnn_joint,none,1,DoS,task0,binary_f1,0.998439937597504
ffnn_joint,none,1,DoS,task0,category_recall,1.0
ffnn_joint,none,1,DoS,task1,n,100000.0
ffnn_joint,none,1,DoS,task1,n_benign,66394.0
ffnn_joint,none,1,DoS,task1,n_attack,33606.0
ffnn_joint,none,1,DoS,task1,accuracy,0.99993
ffnn_joint,none,1,DoS,task1,macro_f1,0.9999215687384498
ffnn_joint,none,1,DoS,task1,fpr,6.024640780793445e-05
ffnn_joint,none,1,DoS,task1,detection_rate,0.9999107302267451
ffnn_joint,none,1,DoS,task1,binary_f1,0.9998958534807254
ffnn_joint,none,1,DoS,task1,category_recall,0.9999107302267451
ffnn_joint,none,1,DoS,task2,n,25000.0
ffnn_joint,none,1,DoS,task2,n_benign,24976.0
ffnn_joint,none,1,DoS,task2,n_attack,24.0
ffnn_joint,none,1,DoS,task2,accuracy,0.99904
ffnn_joint,none,1,DoS,task2,macro_f1,0.4997598847446774
ffnn_joint,none,1,DoS,task2,fpr,0.0
ffnn_joint,none,1,DoS,task2,detection_rate,0.0
ffnn_joint,none,1,DoS,task2,binary_f1,0.0
ffnn_joint,none,1,DoS,task2,category_recall,0.0
ffnn_joint,none,1,DoS,task3,n,45000.0
ffnn_joint,none,1,DoS,task3,n_benign,28566.0
ffnn_joint,none,1,DoS,task3,n_attack,16434.0
ffnn_joint,none,1,DoS,task3,accuracy,0.6351111111111111
ffnn_joint,none,1,DoS,task3,macro_f1,0.3892871090319634
ffnn_joint,none,1,DoS,task3,fpr,3.500665126374011e-05
ffnn_joint,none,1,DoS,task3,detection_rate,0.0009127418765972
ffnn_joint,none,1,DoS,task3,binary_f1,0.0018237082066869
ffnn_joint,none,1,DoS,task3,category_recall,0.0009127418765972
ffnn_joint,none,1,DoS,task4,n,27642.0
ffnn_joint,none,1,DoS,task4,n_benign,27569.0
ffnn_joint,none,1,DoS,task4,n_attack,73.0
ffnn_joint,none,1,DoS,task4,accuracy,0.9973590912379712
ffnn_joint,none,1,DoS,task4,macro_f1,0.4993388998569126
ffnn_joint,none,1,DoS,task4,fpr,0.0
ffnn_joint,none,1,DoS,task4,detection_rate,0.0
ffnn_joint,none,1,DoS,task4,binary_f1,0.0
ffnn_joint,none,1,DoS,task4,category_recall,0.0
ffnn_joint,none,1,DoS,task5,n,55000.0
ffnn_joint,none,1,DoS,task5,n_benign,25723.0
ffnn_joint,none,1,DoS,task5,n_attack,29277.0
ffnn_joint,none,1,DoS,task5,accuracy,0.4683636363636363
ffnn_joint,none,1,DoS,task5,macro_f1,0.320095486767291
ffnn_joint,none,1,DoS,task5,fpr,3.8875714341251024e-05
ffnn_joint,none,1,DoS,task5,detection_rate,0.0012979471940431
ffnn_joint,none,1,DoS,task5,binary_f1,0.0025924409878564
ffnn_joint,none,1,DoS,task5,category_recall,0.0012979471940431
ffnn_joint,none,1,DoS,task6,n,25000.0
ffnn_joint,none,1,DoS,task6,n_benign,2841.0
ffnn_joint,none,1,DoS,task6,n_attack,22159.0
ffnn_joint,none,1,DoS,task6,accuracy,0.98044
ffnn_joint,none,1,DoS,task6,macro_f1,0.9548006947449336
ffnn_joint,none,1,DoS,task6,fpr,0.0
ffnn_joint,none,1,DoS,task6,detection_rate,0.977932217157814
ffnn_joint,none,1,DoS,task6,binary_f1,0.9888430034908394
ffnn_joint,none,1,DoS,task6,category_recall,0.977932217157814
ffnn_joint,none,1,DoS,seen,n,238702.0
ffnn_joint,none,1,DoS,seen,n_benign,203816.0
ffnn_joint,none,1,DoS,seen,n_attack,34886.0
ffnn_joint,none,1,DoS,seen,accuracy,0.999953917436804
ffnn_joint,none,1,DoS,seen,macro_f1,0.999907684737934
ffnn_joint,none,1,DoS,seen,fpr,3.925108921772579e-05
ffnn_joint,none,1,DoS,seen,detection_rate,0.9999140056182996
ffnn_joint,none,1,DoS,seen,binary_f1,0.9998423549307078
ffnn_joint,none,1,DoS,all,n,416344.0
ffnn_joint,none,1,DoS,all,n_benign,313491.0
ffnn_joint,none,1,DoS,all,n_attack,102853.0
ffnn_joint,none,1,DoS,all,accuracy,0.8888971619622236
ffnn_joint,none,1,DoS,all,macro_f1,0.8206104509039323
ffnn_joint,none,1,DoS,all,fpr,3.189884239100963e-05
ffnn_joint,none,1,DoS,all,detection_rate,0.5503582783195434
ffnn_joint,none,1,DoS,all,binary_f1,0.7099310837843091
ffnn_joint,none,2,WebAttack,task0,n,138702.0
ffnn_joint,none,2,WebAttack,task0,n_benign,137422.0
ffnn_joint,none,2,WebAttack,task0,n_attack,1280.0
ffnn_joint,none,2,WebAttack,task0,accuracy,0.9999783708958776
ffnn_joint,none,2,WebAttack,task0,macro_f1,0.999409290640789
ffnn_joint,none,2,WebAttack,task0,fpr,2.183056570272591e-05
ffnn_joint,none,2,WebAttack,task0,detection_rate,1.0
ffnn_joint,none,2,WebAttack,task0,binary_f1,0.998829496683574
ffnn_joint,none,2,WebAttack,task0,category_recall,1.0
ffnn_joint,none,2,WebAttack,task1,n,100000.0
ffnn_joint,none,2,WebAttack,task1,n_benign,66394.0
ffnn_joint,none,2,WebAttack,task1,n_attack,33606.0
ffnn_joint,none,2,WebAttack,task1,accuracy,0.99985
ffnn_joint,none,2,WebAttack,task1,macro_f1,0.9998319132466263
ffnn_joint,none,2,WebAttack,task1,fpr,0.0
ffnn_joint,none,2,WebAttack,task1,detection_rate,0.999553651133726
ffnn_joint,none,2,WebAttack,task1,binary_f1,0.9997767757489172
ffnn_joint,none,2,WebAttack,task1,category_recall,0.999553651133726
ffnn_joint,none,2,WebAttack,task2,n,25000.0
ffnn_joint,none,2,WebAttack,task2,n_benign,24976.0
ffnn_joint,none,2,WebAttack,task2,n_attack,24.0
ffnn_joint,none,2,WebAttack,task2,accuracy,0.99984
ffnn_joint,none,2,WebAttack,task2,macro_f1,0.958293294896434
ffnn_joint,none,2,WebAttack,task2,fpr,8.007687379884689e-05
ffnn_joint,none,2,WebAttack,task2,detection_rate,0.9166666666666666
ffnn_joint,none,2,WebAttack,task2,binary_f1,0.9166666666666666
ffnn_joint,none,2,WebAttack,task2,category_recall,0.9166666666666666
ffnn_joint,none,2,WebAttack,task3,n,45000.0
ffnn_joint,none,2,WebAttack,task3,n_benign,28566.0
ffnn_joint,none,2,WebAttack,task3,n_attack,16434.0
ffnn_joint,none,2,WebAttack,task3,accuracy,0.6349333333333333
ffnn_joint,none,2,WebAttack,task3,macro_f1,0.3887010157059334
ffnn_joint,none,2,WebAttack,task3,fpr,0.0
ffnn_joint,none,2,WebAttack,task3,detection_rate,0.0003650967506389
ffnn_joint,none,2,WebAttack,task3,binary_f1,0.0007299270072992
ffnn_joint,none,2,WebAttack,task3,category_recall,0.0003650967506389
ffnn_joint,none,2,WebAttack,task4,n,27642.0
ffnn_joint,none,2,WebAttack,task4,n_benign,27569.0
ffnn_joint,none,2,WebAttack,task4,n_attack,73.0
ffnn_joint,none,2,WebAttack,task4,accuracy,0.9973590912379712
ffnn_joint,none,2,WebAttack,task4,macro_f1,0.4993388998569126
ffnn_joint,none,2,WebAttack,task4,fpr,0.0
ffnn_joint,none,2,WebAttack,task4,detection_rate,0.0
ffnn_joint,none,2,WebAttack,task4,binary_f1,0.0
ffnn_joint,none,2,WebAttack,task4,category_recall,0.0
ffnn_joint,none,2,WebAttack,task5,n,55000.0
ffnn_joint,none,2,WebAttack,task5,n_benign,25723.0
ffnn_joint,none,2,WebAttack,task5,n_attack,29277.0
ffnn_joint,none,2,WebAttack,task5,accuracy,0.4677454545454545
ffnn_joint,none,2,WebAttack,task5,macro_f1,0.3188312303287435
ffnn_joint,none,2,WebAttack,task5,fpr,7.775142868250205e-05
ffnn_joint,none,2,WebAttack,task5,detection_rate,0.0001707825255319
ffnn_joint,none,2,WebAttack,task5,binary_f1,0.0003414834039065
ffnn_joint,none,2,WebAttack,task5,category_recall,0.0001707825255319
ffnn_joint,none,2,WebAttack,task6,n,25000.0
ffnn_joint,none,2,WebAttack,task6,n_benign,2841.0
ffnn_joint,none,2,WebAttack,task6,n_attack,22159.0
ffnn_joint,none,2,WebAttack,task6,accuracy,0.91296
ffnn_joint,none,2,WebAttack,task6,macro_f1,0.8357249029415015
ffnn_joint,none,2,WebAttack,task6,fpr,0.0
ffnn_joint,none,2,WebAttack,task6,detection_rate,0.9018006227717856
ffnn_joint,none,2,WebAttack,task6,binary_f1,0.9483650514925728
ffnn_joint,none,2,WebAttack,task6,category_recall,0.9018006227717856
ffnn_joint,none,2,WebAttack,seen,n,263702.0
ffnn_joint,none,2,WebAttack,seen,n_benign,228792.0
ffnn_joint,none,2,WebAttack,seen,n_attack,34910.0
ffnn_joint,none,2,WebAttack,seen,accuracy,0.99991657249471
ffnn_joint,none,2,WebAttack,seen,macro_f1,0.9998183862653032
ffnn_joint,none,2,WebAttack,seen,fpr,2.185391097590825e-05
ffnn_joint,none,2,WebAttack,seen,detection_rate,0.9995130335147522
ffnn_joint,none,2,WebAttack,seen,binary_f1,0.99968484987394
ffnn_joint,none,2,WebAttack,all,n,416344.0
ffnn_joint,none,2,WebAttack,all,n_benign,313491.0
ffnn_joint,none,2,WebAttack,all,n_attack,102853.0
ffnn_joint,none,2,WebAttack,all,accuracy,0.884775570201564
ffnn_joint,none,2,WebAttack,all,macro_f1,0.8124045636468465
ffnn_joint,none,2,WebAttack,all,fpr,2.2329189673706743e-05
ffnn_joint,none,2,WebAttack,all,detection_rate,0.5336451051500686
ffnn_joint,none,2,WebAttack,all,binary_f1,0.6958864510894026
ffnn_joint,none,3,Infiltration,task0,n,138702.0
ffnn_joint,none,3,Infiltration,task0,n_benign,137422.0
ffnn_joint,none,3,Infiltration,task0,n_attack,1280.0
ffnn_joint,none,3,Infiltration,task0,accuracy,0.9998558059725168
ffnn_joint,none,3,Infiltration,task0,macro_f1,0.9960876440837568
ffnn_joint,none,3,Infiltration,task0,fpr,0.0001455371046848
ffnn_joint,none,3,Infiltration,task0,detection_rate,1.0
ffnn_joint,none,3,Infiltration,task0,binary_f1,0.992248062015504
ffnn_joint,none,3,Infiltration,task0,category_recall,1.0
ffnn_joint,none,3,Infiltration,task1,n,100000.0
ffnn_joint,none,3,Infiltration,task1,n_benign,66394.0
ffnn_joint,none,3,Infiltration,task1,n_attack,33606.0
ffnn_joint,none,3,Infiltration,task1,accuracy,0.99959
ffnn_joint,none,3,Infiltration,task1,macro_f1,0.9995405290901952
ffnn_joint,none,3,Infiltration,task1,fpr,0.0001204928156158
ffnn_joint,none,3,Infiltration,task1,detection_rate,0.9990180324941976
ffnn_joint,none,3,Infiltration,task1,binary_f1,0.9993897629005613
ffnn_joint,none,3,Infiltration,task1,category_recall,0.9990180324941976
ffnn_joint,none,3,Infiltration,task2,n,25000.0
ffnn_joint,none,3,Infiltration,task2,n_benign,24976.0
ffnn_joint,none,3,Infiltration,task2,n_attack,24.0
ffnn_joint,none,3,Infiltration,task2,accuracy,0.9996
ffnn_joint,none,3,Infiltration,task2,macro_f1,0.9073072992906412
ffnn_joint,none,3,Infiltration,task2,fpr,0.0003203074951953
ffnn_joint,none,3,Infiltration,task2,detection_rate,0.9166666666666666
ffnn_joint,none,3,Infiltration,task2,binary_f1,0.8148148148148148
ffnn_joint,none,3,Infiltration,task2,category_recall,0.9166666666666666
ffnn_joint,none,3,Infiltration,task3,n,45000.0
ffnn_joint,none,3,Infiltration,task3,n_benign,28566.0
ffnn_joint,none,3,Infiltration,task3,n_attack,16434.0
ffnn_joint,none,3,Infiltration,task3,accuracy,0.9980444444444444
ffnn_joint,none,3,Infiltration,task3,macro_f1,0.9978917643531318
ffnn_joint,none,3,Infiltration,task3,fpr,0.0019253658195057
ffnn_joint,none,3,Infiltration,task3,detection_rate,0.997991967871486
ffnn_joint,none,3,Infiltration,task3,binary_f1,0.9973244147157192
ffnn_joint,none,3,Infiltration,task3,category_recall,0.997991967871486
ffnn_joint,none,3,Infiltration,task4,n,27642.0
ffnn_joint,none,3,Infiltration,task4,n_benign,27569.0
ffnn_joint,none,3,Infiltration,task4,n_attack,73.0
ffnn_joint,none,3,Infiltration,task4,accuracy,0.9908472614137906
ffnn_joint,none,3,Infiltration,task4,macro_f1,0.4977012956333703
ffnn_joint,none,3,Infiltration,task4,fpr,0.0065290725089774
ffnn_joint,none,3,Infiltration,task4,detection_rate,0.0
ffnn_joint,none,3,Infiltration,task4,binary_f1,0.0
ffnn_joint,none,3,Infiltration,task4,category_recall,0.0
ffnn_joint,none,3,Infiltration,task5,n,55000.0
ffnn_joint,none,3,Infiltration,task5,n_benign,25723.0
ffnn_joint,none,3,Infiltration,task5,n_attack,29277.0
ffnn_joint,none,3,Infiltration,task5,accuracy,0.9873454545454544
ffnn_joint,none,3,Infiltration,task5,macro_f1,0.9872824242050025
ffnn_joint,none,3,Infiltration,task5,fpr,0.0197099871710142
ffnn_joint,none,3,Infiltration,task5,detection_rate,0.9935444205348908
ffnn_joint,none,3,Infiltration,task5,binary_f1,0.9881777415409704
ffnn_joint,none,3,Infiltration,task5,category_recall,0.9935444205348908
ffnn_joint,none,3,Infiltration,task6,n,25000.0
ffnn_joint,none,3,Infiltration,task6,n_benign,2841.0
ffnn_joint,none,3,Infiltration,task6,n_attack,22159.0
ffnn_joint,none,3,Infiltration,task6,accuracy,0.99668
ffnn_joint,none,3,Infiltration,task6,macro_f1,0.99171784965729
ffnn_joint,none,3,Infiltration,task6,fpr,0.0204153467089053
ffnn_joint,none,3,Infiltration,task6,detection_rate,0.998871790243242
ffnn_joint,none,3,Infiltration,task6,binary_f1,0.9981285653085612
ffnn_joint,none,3,Infiltration,task6,category_recall,0.998871790243242
ffnn_joint,none,3,Infiltration,seen,n,308702.0
ffnn_joint,none,3,Infiltration,seen,n_benign,257358.0
ffnn_joint,none,3,Infiltration,seen,n_attack,51344.0
ffnn_joint,none,3,Infiltration,seen,accuracy,0.999484940168836
ffnn_joint,none,3,Infiltration,seen,macro_f1,0.9990715225762148
ffnn_joint,none,3,Infiltration,seen,fpr,0.0003535930493709
ffnn_joint,none,3,Infiltration,seen,detection_rate,0.9986755998753506
ffnn_joint,none,3,Infiltration,seen,binary_f1,0.9984519671700208
ffnn_joint,none,3,Infiltration,all,n,416344.0
ffnn_joint,none,3,Infiltration,all,n_benign,313491.0
ffnn_joint,none,3,Infiltration,all,n_attack,102853.0
ffnn_joint,none,3,Infiltration,all,accuracy,0.9971393847395424
ffnn_joint,none,3,Infiltration,all,macro_f1,0.9961613278348752
ffnn_joint,none,3,Infiltration,all,fpr,0.0026667432238884
ffnn_joint,none,3,Infiltration,all,detection_rate,0.996548472091237
ffnn_joint,none,3,Infiltration,all,binary_f1,0.9942236901453536
ffnn_joint,none,4,Botnet,task0,n,138702.0
ffnn_joint,none,4,Botnet,task0,n_benign,137422.0
ffnn_joint,none,4,Botnet,task0,n_attack,1280.0
ffnn_joint,none,4,Botnet,task0,accuracy,0.9998341768683942
ffnn_joint,none,4,Botnet,task0,macro_f1,0.9955059672016012
ffnn_joint,none,4,Botnet,task0,fpr,0.0001673676703875
ffnn_joint,none,4,Botnet,task0,detection_rate,1.0
ffnn_joint,none,4,Botnet,task0,binary_f1,0.9910956252419668
ffnn_joint,none,4,Botnet,task0,category_recall,1.0
ffnn_joint,none,4,Botnet,task1,n,100000.0
ffnn_joint,none,4,Botnet,task1,n_benign,66394.0
ffnn_joint,none,4,Botnet,task1,n_attack,33606.0
ffnn_joint,none,4,Botnet,task1,accuracy,0.99966
ffnn_joint,none,4,Botnet,task1,macro_f1,0.9996189837491974
ffnn_joint,none,4,Botnet,task1,fpr,9.036961171190167e-05
ffnn_joint,none,4,Botnet,task1,detection_rate,0.999166815449622
ffnn_joint,none,4,Botnet,task1,binary_f1,0.9994939723173092
ffnn_joint,none,4,Botnet,task1,category_recall,0.999166815449622
ffnn_joint,none,4,Botnet,task2,n,25000.0
ffnn_joint,none,4,Botnet,task2,n_benign,24976.0
ffnn_joint,none,4,Botnet,task2,n_attack,24.0
ffnn_joint,none,4,Botnet,task2,accuracy,0.99964
ffnn_joint,none,4,Botnet,task2,macro_f1,0.9116746139886214
ffnn_joint,none,4,Botnet,task2,fpr,0.0002402306213965
ffnn_joint,none,4,Botnet,task2,detection_rate,0.875
ffnn_joint,none,4,Botnet,task2,binary_f1,0.8235294117647058
ffnn_joint,none,4,Botnet,task2,category_recall,0.875
ffnn_joint,none,4,Botnet,task3,n,45000.0
ffnn_joint,none,4,Botnet,task3,n_benign,28566.0
ffnn_joint,none,4,Botnet,task3,n_attack,16434.0
ffnn_joint,none,4,Botnet,task3,accuracy,0.9986
ffnn_joint,none,4,Botnet,task3,macro_f1,0.9984906365407956
ffnn_joint,none,4,Botnet,task3,fpr,0.0014352727018133
ffnn_joint,none,4,Botnet,task3,detection_rate,0.998661311914324
ffnn_joint,none,4,Botnet,task3,binary_f1,0.998084349438988
ffnn_joint,none,4,Botnet,task3,category_recall,0.998661311914324
ffnn_joint,none,4,Botnet,task4,n,27642.0
ffnn_joint,none,4,Botnet,task4,n_benign,27569.0
ffnn_joint,none,4,Botnet,task4,n_attack,73.0
ffnn_joint,none,4,Botnet,task4,accuracy,0.9999276463352867
ffnn_joint,none,4,Botnet,task4,macro_f1,0.9932251062728428
ffnn_joint,none,4,Botnet,task4,fpr,7.254525009974973e-05
ffnn_joint,none,4,Botnet,task4,detection_rate,1.0
ffnn_joint,none,4,Botnet,task4,binary_f1,0.9864864864864864
ffnn_joint,none,4,Botnet,task4,category_recall,1.0
ffnn_joint,none,4,Botnet,task5,n,55000.0
ffnn_joint,none,4,Botnet,task5,n_benign,25723.0
ffnn_joint,none,4,Botnet,task5,n_attack,29277.0
ffnn_joint,none,4,Botnet,task5,accuracy,0.9875090909090908
ffnn_joint,none,4,Botnet,task5,macro_f1,0.987470636287158
ffnn_joint,none,4,Botnet,task5,fpr,0.0034988142907125
ffnn_joint,none,4,Botnet,task5,detection_rate,0.9796085664514806
ffnn_joint,none,4,Botnet,task5,binary_f1,0.9881647630368494
ffnn_joint,none,4,Botnet,task5,category_recall,0.9796085664514806
ffnn_joint,none,4,Botnet,task6,n,25000.0
ffnn_joint,none,4,Botnet,task6,n_benign,2841.0
ffnn_joint,none,4,Botnet,task6,n_attack,22159.0
ffnn_joint,none,4,Botnet,task6,accuracy,0.84652
ffnn_joint,none,4,Botnet,task6,macro_f1,0.750380430762577
ffnn_joint,none,4,Botnet,task6,fpr,0.0059838085181274
ffnn_joint,none,4,Botnet,task6,detection_rate,0.8276095491673812
ffnn_joint,none,4,Botnet,task6,binary_f1,0.9052943354313218
ffnn_joint,none,4,Botnet,task6,category_recall,0.8276095491673812
ffnn_joint,none,4,Botnet,seen,n,336344.0
ffnn_joint,none,4,Botnet,seen,n_benign,284927.0
ffnn_joint,none,4,Botnet,seen,n_attack,51417.0
ffnn_joint,none,4,Botnet,seen,accuracy,0.9996105178032016
ffnn_joint,none,4,Botnet,seen,macro_f1,0.9992482591773836
ffnn_joint,none,4,Botnet,seen,fpr,0.0002737543300564
ffnn_joint,none,4,Botnet,seen,detection_rate,0.9989692125172608
ffnn_joint,none,4,Botnet,seen,binary_f1,0.9987264118842298
ffnn_joint,none,4,Botnet,all,n,416344.0
ffnn_joint,none,4,Botnet,all,n_benign,313491.0
ffnn_joint,none,4,Botnet,all,n_attack,102853.0
ffnn_joint,none,4,Botnet,all,accuracy,0.9888193416982112
ffnn_joint,none,4,Botnet,all,macro_f1,0.984757571690506
ffnn_joint,none,4,Botnet,all,fpr,0.0005901285842336
ffnn_joint,none,4,Botnet,all,detection_rate,0.9565399161910688
ffnn_joint,none,4,Botnet,all,binary_f1,0.9768892022182394
ffnn_joint,none,5,PortScan,task0,n,138702.0
ffnn_joint,none,5,PortScan,task0,n_benign,137422.0
ffnn_joint,none,5,PortScan,task0,n_attack,1280.0
ffnn_joint,none,5,PortScan,task0,accuracy,0.9999711611945034
ffnn_joint,none,5,PortScan,task0,macro_f1,0.999212691837611
ffnn_joint,none,5,PortScan,task0,fpr,2.910742093696788e-05
ffnn_joint,none,5,PortScan,task0,detection_rate,1.0
ffnn_joint,none,5,PortScan,task0,binary_f1,0.998439937597504
ffnn_joint,none,5,PortScan,task0,category_recall,1.0
ffnn_joint,none,5,PortScan,task1,n,100000.0
ffnn_joint,none,5,PortScan,task1,n_benign,66394.0
ffnn_joint,none,5,PortScan,task1,n_attack,33606.0
ffnn_joint,none,5,PortScan,task1,accuracy,0.99991
ffnn_joint,none,5,PortScan,task1,macro_f1,0.9998991553606074
ffnn_joint,none,5,PortScan,task1,fpr,3.0123203903967227e-05
ffnn_joint,none,5,PortScan,task1,detection_rate,0.9997917038624056
ffnn_joint,none,5,PortScan,task1,binary_f1,0.9998660853780112
ffnn_joint,none,5,PortScan,task1,category_recall,0.9997917038624056
ffnn_joint,none,5,PortScan,task2,n,25000.0
ffnn_joint,none,5,PortScan,task2,n_benign,24976.0
ffnn_joint,none,5,PortScan,task2,n_attack,24.0
ffnn_joint,none,5,PortScan,task2,accuracy,0.99988
ffnn_joint,none,5,PortScan,task2,macro_f1,0.968055078156446
ffnn_joint,none,5,PortScan,task2,fpr,4.003843689942344e-05
ffnn_joint,none,5,PortScan,task2,detection_rate,0.9166666666666666
ffnn_joint,none,5,PortScan,task2,binary_f1,0.9361702127659576
ffnn_joint,none,5,PortScan,task2,category_recall,0.9166666666666666
ffnn_joint,none,5,PortScan,task3,n,45000.0
ffnn_joint,none,5,PortScan,task3,n_benign,28566.0
ffnn_joint,none,5,PortScan,task3,n_attack,16434.0
ffnn_joint,none,5,PortScan,task3,accuracy,0.9988888888888888
ffnn_joint,none,5,PortScan,task3,macro_f1,0.9988017986287056
ffnn_joint,none,5,PortScan,task3,fpr,0.0008751662815935
ffnn_joint,none,5,PortScan,task3,detection_rate,0.9984787635390046
ffnn_joint,none,5,PortScan,task3,binary_f1,0.9984787635390046
ffnn_joint,none,5,PortScan,task3,category_recall,0.9984787635390046
ffnn_joint,none,5,PortScan,task4,n,27642.0
ffnn_joint,none,5,PortScan,task4,n_benign,27569.0
ffnn_joint,none,5,PortScan,task4,n_attack,73.0
ffnn_joint,none,5,PortScan,task4,accuracy,1.0
ffnn_joint,none,5,PortScan,task4,macro_f1,1.0
ffnn_joint,none,5,PortScan,task4,fpr,0.0
ffnn_joint,none,5,PortScan,task4,detection_rate,1.0
ffnn_joint,none,5,PortScan,task4,binary_f1,1.0
ffnn_joint,none,5,PortScan,task4,category_recall,1.0
ffnn_joint,none,5,PortScan,task5,n,55000.0
ffnn_joint,none,5,PortScan,task5,n_benign,25723.0
ffnn_joint,none,5,PortScan,task5,n_attack,29277.0
ffnn_joint,none,5,PortScan,task5,accuracy,0.9995636363636364
ffnn_joint,none,5,PortScan,task5,macro_f1,0.9995618273034174
ffnn_joint,none,5,PortScan,task5,fpr,7.775142868250205e-05
ffnn_joint,none,5,PortScan,task5,detection_rate,0.9992485568876592
ffnn_joint,none,5,PortScan,task5,binary_f1,0.9995899818908668
ffnn_joint,none,5,PortScan,task5,category_recall,0.9992485568876592
ffnn_joint,none,5,PortScan,task6,n,25000.0
ffnn_joint,none,5,PortScan,task6,n_benign,2841.0
ffnn_joint,none,5,PortScan,task6,n_attack,22159.0
ffnn_joint,none,5,PortScan,task6,accuracy,0.99928
ffnn_joint,none,5,PortScan,task6,macro_f1,0.9982178923606986
ffnn_joint,none,5,PortScan,task6,fpr,0.0
ffnn_joint,none,5,PortScan,task6,detection_rate,0.9991876889751342
ffnn_joint,none,5,PortScan,task6,binary_f1,0.9995936794582392
ffnn_joint,none,5,PortScan,task6,category_recall,0.9991876889751342
ffnn_joint,none,5,PortScan,seen,n,391344.0
ffnn_joint,none,5,PortScan,seen,n_benign,310650.0
ffnn_joint,none,5,PortScan,seen,n_attack,80694.0
ffnn_joint,none,5,PortScan,seen,accuracy,0.9997700233043052
ffnn_joint,none,5,PortScan,seen,macro_f1,0.9996487046316244
ffnn_joint,none,5,PortScan,seen,fpr,0.0001094479317559
ffnn_joint,none,5,PortScan,seen,detection_rate,0.999306020274122
ffnn_joint,none,5,PortScan,seen,binary_f1,0.9994422616908146
ffnn_joint,none,5,PortScan,all,n,416344.0
ffnn_joint,none,5,PortScan,all,n_benign,313491.0
ffnn_joint,none,5,PortScan,all,n_attack,102853.0
ffnn_joint,none,5,PortScan,all,accuracy,0.9997405991199584
ffnn_joint,none,5,PortScan,all,macro_f1,0.99965131699084
ffnn_joint,none,5,PortScan,all,fpr,0.0001084560641294
ffnn_joint,none,5,PortScan,all,detection_rate,0.9992805265767648
ffnn_joint,none,5,PortScan,all,binary_f1,0.999474876741902
ffnn_joint,none,6,DDoS,task0,n,138702.0
ffnn_joint,none,6,DDoS,task0,n_benign,137422.0
ffnn_joint,none,6,DDoS,task0,n_attack,1280.0
ffnn_joint,none,6,DDoS,task0,accuracy,0.9999783708958776
ffnn_joint,none,6,DDoS,task0,macro_f1,0.999409290640789
ffnn_joint,none,6,DDoS,task0,fpr,2.183056570272591e-05
ffnn_joint,none,6,DDoS,task0,detection_rate,1.0
ffnn_joint,none,6,DDoS,task0,binary_f1,0.998829496683574
ffnn_joint,none,6,DDoS,task0,category_recall,1.0
ffnn_joint,none,6,DDoS,task1,n,100000.0
ffnn_joint,none,6,DDoS,task1,n_benign,66394.0
ffnn_joint,none,6,DDoS,task1,n_attack,33606.0
ffnn_joint,none,6,DDoS,task1,accuracy,0.99978
ffnn_joint,none,6,DDoS,task1,macro_f1,0.9997534673241922
ffnn_joint,none,6,DDoS,task1,fpr,3.0123203903967227e-05
ffnn_joint,none,6,DDoS,task1,detection_rate,0.9994048681783017
ffnn_joint,none,6,DDoS,task1,binary_f1,0.9996725898145667
ffnn_joint,none,6,DDoS,task1,category_recall,0.9994048681783017
ffnn_joint,none,6,DDoS,task2,n,25000.0
ffnn_joint,none,6,DDoS,task2,n_benign,24976.0
ffnn_joint,none,6,DDoS,task2,n_attack,24.0
ffnn_joint,none,6,DDoS,task2,accuracy,0.99988
ffnn_joint,none,6,DDoS,task2,macro_f1,0.968055078156446
ffnn_joint,none,6,DDoS,task2,fpr,4.003843689942344e-05
ffnn_joint,none,6,DDoS,task2,detection_rate,0.9166666666666666
ffnn_joint,none,6,DDoS,task2,binary_f1,0.9361702127659576
ffnn_joint,none,6,DDoS,task2,category_recall,0.9166666666666666
ffnn_joint,none,6,DDoS,task3,n,45000.0
ffnn_joint,none,6,DDoS,task3,n_benign,28566.0
ffnn_joint,none,6,DDoS,task3,n_attack,16434.0
ffnn_joint,none,6,DDoS,task3,accuracy,0.9991777777777778
ffnn_joint,none,6,DDoS,task3,macro_f1,0.999113456937304
ffnn_joint,none,6,DDoS,task3,fpr,0.0008401596303297
ffnn_joint,none,6,DDoS,task3,detection_rate,0.9992089570402825
ffnn_joint,none,6,DDoS,task3,binary_f1,0.9988746616381275
ffnn_joint,none,6,DDoS,task3,category_recall,0.9992089570402825
ffnn_joint,none,6,DDoS,task4,n,27642.0
ffnn_joint,none,6,DDoS,task4,n_benign,27569.0
ffnn_joint,none,6,DDoS,task4,n_attack,73.0
ffnn_joint,none,6,DDoS,task4,accuracy,0.9999638231676434
ffnn_joint,none,6,DDoS,task4,macro_f1,0.996589571135054
ffnn_joint,none,6,DDoS,task4,fpr,3.627262504987486e-05
ffnn_joint,none,6,DDoS,task4,detection_rate,1.0
ffnn_joint,none,6,DDoS,task4,binary_f1,0.9931972789115646
ffnn_joint,none,6,DDoS,task4,category_recall,1.0
ffnn_joint,none,6,DDoS,task5,n,55000.0
ffnn_joint,none,6,DDoS,task5,n_benign,25723.0
ffnn_joint,none,6,DDoS,task5,n_attack,29277.0
ffnn_joint,none,6,DDoS,task5,accuracy,0.9995454545454544
ffnn_joint,none,6,DDoS,task5,macro_f1,0.9995435754582906
ffnn_joint,none,6,DDoS,task5,fpr,0.0
ffnn_joint,none,6,DDoS,task5,detection_rate,0.99914608737234
ffnn_joint,none,6,DDoS,task5,binary_f1,0.9995728613166124
ffnn_joint,none,6,DDoS,task5,category_recall,0.99914608737234
ffnn_joint,none,6,DDoS,task6,n,25000.0
ffnn_joint,none,6,DDoS,task6,n_benign,2841.0
ffnn_joint,none,6,DDoS,task6,n_attack,22159.0
ffnn_joint,none,6,DDoS,task6,accuracy,1.0
ffnn_joint,none,6,DDoS,task6,macro_f1,1.0
ffnn_joint,none,6,DDoS,task6,fpr,0.0
ffnn_joint,none,6,DDoS,task6,detection_rate,1.0
ffnn_joint,none,6,DDoS,task6,binary_f1,1.0
ffnn_joint,none,6,DDoS,task6,category_recall,1.0
ffnn_joint,none,6,DDoS,seen,n,416344.0
ffnn_joint,none,6,DDoS,seen,n_benign,313491.0
ffnn_joint,none,6,DDoS,seen,n_attack,102853.0
ffnn_joint,none,6,DDoS,seen,accuracy,0.9997814307399652
ffnn_joint,none,6,DDoS,seen,macro_f1,0.999706212838204
ffnn_joint,none,6,DDoS,seen,fpr,9.888641141212986e-05
ffnn_joint,none,6,DDoS,seen,detection_rate,0.99941664317035
ffnn_joint,none,6,DDoS,seen,binary_f1,0.9995575586964026
ffnn_joint,none,6,DDoS,all,n,416344.0
ffnn_joint,none,6,DDoS,all,n_benign,313491.0
ffnn_joint,none,6,DDoS,all,n_attack,102853.0
ffnn_joint,none,6,DDoS,all,accuracy,0.9997814307399652
ffnn_joint,none,6,DDoS,all,macro_f1,0.999706212838204
ffnn_joint,none,6,DDoS,all,fpr,9.888641141212986e-05
ffnn_joint,none,6,DDoS,all,detection_rate,0.99941664317035
ffnn_joint,none,6,DDoS,all,binary_f1,0.9995575586964026
gnn_ewc,none,0,BruteForce,task0,n,138702.0
gnn_ewc,none,0,BruteForce,task0,n_benign,137422.0
gnn_ewc,none,0,BruteForce,task0,n_attack,1280.0
gnn_ewc,none,0,BruteForce,task0,accuracy,0.9999927902986259
gnn_ewc,none,0,BruteForce,task0,macro_f1,0.999802944543727
gnn_ewc,none,0,BruteForce,task0,fpr,7.27685523424197e-06
gnn_ewc,none,0,BruteForce,task0,detection_rate,1.0
gnn_ewc,none,0,BruteForce,task0,binary_f1,0.9996095275283092
gnn_ewc,none,0,BruteForce,task0,category_recall,1.0
gnn_ewc,none,0,BruteForce,task1,n,100000.0
gnn_ewc,none,0,BruteForce,task1,n_benign,66394.0
gnn_ewc,none,0,BruteForce,task1,n_attack,33606.0
gnn_ewc,none,0,BruteForce,task1,accuracy,0.66388
gnn_ewc,none,0,BruteForce,task1,macro_f1,0.3989951198403731
gnn_ewc,none,0,BruteForce,task1,fpr,9.036961171190167e-05
gnn_ewc,none,0,BruteForce,task1,detection_rate,0.0
gnn_ewc,none,0,BruteForce,task1,binary_f1,0.0
gnn_ewc,none,0,BruteForce,task1,category_recall,0.0
gnn_ewc,none,0,BruteForce,task2,n,25000.0
gnn_ewc,none,0,BruteForce,task2,n_benign,24976.0
gnn_ewc,none,0,BruteForce,task2,n_attack,24.0
gnn_ewc,none,0,BruteForce,task2,accuracy,0.99916
gnn_ewc,none,0,BruteForce,task2,macro_f1,0.6109009976498421
gnn_ewc,none,0,BruteForce,task2,fpr,0.0
gnn_ewc,none,0,BruteForce,task2,detection_rate,0.125
gnn_ewc,none,0,BruteForce,task2,binary_f1,0.2222222222222222
gnn_ewc,none,0,BruteForce,task2,category_recall,0.125
gnn_ewc,none,0,BruteForce,task3,n,45000.0
gnn_ewc,none,0,BruteForce,task3,n_benign,28566.0
gnn_ewc,none,0,BruteForce,task3,n_attack,16434.0
gnn_ewc,none,0,BruteForce,task3,accuracy,0.6348
gnn_ewc,none,0,BruteForce,task3,macro_f1,0.3883043797406411
gnn_ewc,none,0,BruteForce,task3,fpr,0.0
gnn_ewc,none,0,BruteForce,task3,detection_rate,0.0
gnn_ewc,none,0,BruteForce,task3,binary_f1,0.0
gnn_ewc,none,0,BruteForce,task3,category_recall,0.0
gnn_ewc,none,0,BruteForce,task4,n,27642.0
gnn_ewc,none,0,BruteForce,task4,n_benign,27569.0
gnn_ewc,none,0,BruteForce,task4,n_attack,73.0
gnn_ewc,none,0,BruteForce,task4,accuracy,0.9973590912379712
gnn_ewc,none,0,BruteForce,task4,macro_f1,0.4993388998569126
gnn_ewc,none,0,BruteForce,task4,fpr,0.0
gnn_ewc,none,0,BruteForce,task4,detection_rate,0.0
gnn_ewc,none,0,BruteForce,task4,binary_f1,0.0
gnn_ewc,none,0,BruteForce,task4,category_recall,0.0
gnn_ewc,none,0,BruteForce,task5,n,55000.0
gnn_ewc,none,0,BruteForce,task5,n_benign,25723.0
gnn_ewc,none,0,BruteForce,task5,n_attack,29277.0
gnn_ewc,none,0,BruteForce,task5,accuracy,0.4676909090909091
gnn_ewc,none,0,BruteForce,task5,macro_f1,0.31865763165392763
gnn_ewc,none,0,BruteForce,task5,fpr,0.0
gnn_ewc,none,0,BruteForce,task5,detection_rate,0.0
gnn_ewc,none,0,BruteForce,task5,binary_f1,0.0
gnn_ewc,none,0,BruteForce,task5,category_recall,0.0
gnn_ewc,none,0,BruteForce,task6,n,25000.0
gnn_ewc,none,0,BruteForce,task6,n_benign,2841.0
gnn_ewc,none,0,BruteForce,task6,n_attack,22159.0
gnn_ewc,none,0,BruteForce,task6,accuracy,0.11364
gnn_ewc,none,0,BruteForce,task6,macro_f1,0.10204374842857655
gnn_ewc,none,0,BruteForce,task6,fpr,0.0
gnn_ewc,none,0,BruteForce,task6,detection_rate,0.0
gnn_ewc,none,0,BruteForce,task6,binary_f1,0.0
gnn_ewc,none,0,BruteForce,task6,category_recall,0.0
gnn_ewc,none,0,BruteForce,seen,n,138702.0
gnn_ewc,none,0,BruteForce,seen,n_benign,137422.0
gnn_ewc,none,0,BruteForce,seen,n_attack,1280.0
gnn_ewc,none,0,BruteForce,seen,accuracy,0.9999927902986259
gnn_ewc,none,0,BruteForce,seen,macro_f1,0.999802944543727
gnn_ewc,none,0,BruteForce,seen,fpr,7.27685523424197e-06
gnn_ewc,none,0,BruteForce,seen,detection_rate,1.0
gnn_ewc,none,0,BruteForce,seen,binary_f1,0.9996095275283092
gnn_ewc,none,0,BruteForce,all,n,416344.0
gnn_ewc,none,0,BruteForce,all,n_benign,313491.0
gnn_ewc,none,0,BruteForce,all,n_attack,102853.0
gnn_ewc,none,0,BruteForce,all,accuracy,0.7560262667409642
gnn_ewc,none,0,BruteForce,all,macro_f1,0.4426073643534032
gnn_ewc,none,0,BruteForce,all,fpr,2.2329189673706743e-05
gnn_ewc,none,0,BruteForce,all,detection_rate,0.012474113540684277
gnn_ewc,none,0,BruteForce,all,binary_f1,0.02463919802579146
gnn_ewc,none,1,DoS,task0,n,138702.0
gnn_ewc,none,1,DoS,task0,n_benign,137422.0
gnn_ewc,none,1,DoS,task0,n_attack,1280.0
gnn_ewc,none,1,DoS,task0,accuracy,0.9999855805972516
gnn_ewc,none,1,DoS,task0,macro_f1,0.9996060414834551
gnn_ewc,none,1,DoS,task0,fpr,1.455371046848394e-05
gnn_ewc,none,1,DoS,task0,detection_rate,1.0
gnn_ewc,none,1,DoS,task0,binary_f1,0.9992193598750976
gnn_ewc,none,1,DoS,task0,category_recall,1.0
gnn_ewc,none,1,DoS,task1,n,100000.0
gnn_ewc,none,1,DoS,task1,n_benign,66394.0
gnn_ewc,none,1,DoS,task1,n_attack,33606.0
gnn_ewc,none,1,DoS,task1,accuracy,0.99851
gnn_ewc,none,1,DoS,task1,macro_f1,0.998332270757555
gnn_ewc,none,1,DoS,task1,fpr,0.0021989938849896074
gnn_ewc,none,1,DoS,task1,detection_rate,0.9999107302267453
gnn_ewc,none,1,DoS,task1,binary_f1,0.9977878405463588
gnn_ewc,none,1,DoS,task1,category_recall,0.9999107302267453
gnn_ewc,none,1,DoS,task2,n,25000.0
gnn_ewc,none,1,DoS,task2,n_benign,24976.0
gnn_ewc,none,1,DoS,task2,n_attack,24.0
gnn_ewc,none,1,DoS,task2,accuracy,0.99904
gnn_ewc,none,1,DoS,task2,macro_f1,0.8330929872349516
gnn_ewc,none,1,DoS,task2,fpr,0.0009609224855861628
gnn_ewc,none,1,DoS,task2,detection_rate,1.0
gnn_ewc,none,1,DoS,task2,binary_f1,0.6666666666666666
gnn_ewc,none,1,DoS,task2,category_recall,1.0
gnn_ewc,none,1,DoS,task3,n,45000.0
gnn_ewc,none,1,DoS,task3,n_benign,28566.0
gnn_ewc,none,1,DoS,task3,n_attack,16434.0
gnn_ewc,none,1,DoS,task3,accuracy,0.6347555555555555
gnn_ewc,none,1,DoS,task3,macro_f1,0.38828774944266214
gnn_ewc,none,1,DoS,task3,fpr,7.001330252748022e-05
gnn_ewc,none,1,DoS,task3,detection_rate,0.0
gnn_ewc,none,1,DoS,task3,binary_f1,0.0
gnn_ewc,none,1,DoS,task3,category_recall,0.0
gnn_ewc,none,1,DoS,task4,n,27642.0
gnn_ewc,none,1,DoS,task4,n_benign,27569.0
gnn_ewc,none,1,DoS,task4,n_attack,73.0
gnn_ewc,none,1,DoS,task4,accuracy,0.9973590912379712
gnn_ewc,none,1,DoS,task4,macro_f1,0.4993388998569126
gnn_ewc,none,1,DoS,task4,fpr,0.0
gnn_ewc,none,1,DoS,task4,detection_rate,0.0
gnn_ewc,none,1,DoS,task4,binary_f1,0.0
gnn_ewc,none,1,DoS,task4,category_recall,0.0
gnn_ewc,none,1,DoS,task5,n,55000.0
gnn_ewc,none,1,DoS,task5,n_benign,25723.0
gnn_ewc,none,1,DoS,task5,n_attack,29277.0
gnn_ewc,none,1,DoS,task5,accuracy,0.4676909090909091
gnn_ewc,none,1,DoS,task5,macro_f1,0.31865763165392763
gnn_ewc,none,1,DoS,task5,fpr,0.0
gnn_ewc,none,1,DoS,task5,detection_rate,0.0
gnn_ewc,none,1,DoS,task5,binary_f1,0.0
gnn_ewc,none,1,DoS,task5,category_recall,0.0
gnn_ewc,none,1,DoS,task6,n,25000.0
gnn_ewc,none,1,DoS,task6,n_benign,2841.0
gnn_ewc,none,1,DoS,task6,n_attack,22159.0
gnn_ewc,none,1,DoS,task6,accuracy,1.0
gnn_ewc,none,1,DoS,task6,macro_f1,1.0
gnn_ewc,none,1,DoS,task6,fpr,0.0
gnn_ewc,none,1,DoS,task6,detection_rate,1.0
gnn_ewc,none,1,DoS,task6,binary_f1,1.0
gnn_ewc,none,1,DoS,task6,category_recall,1.0
gnn_ewc,none,1,DoS,seen,n,238702.0
gnn_ewc,none,1,DoS,seen,n_benign,203816.0
gnn_ewc,none,1,DoS,seen,n_attack,34886.0
gnn_ewc,none,1,DoS,seen,accuracy,0.9993674120870374
gnn_ewc,none,1,DoS,seen,macro_f1,0.9987348661912381
gnn_ewc,none,1,DoS,seen,fpr,0.0007261451505279271
gnn_ewc,none,1,DoS,seen,detection_rate,0.9999140056182996
gnn_ewc,none,1,DoS,seen,binary_f1,0.997840296351388
gnn_ewc,none,1,DoS,all,n,416344.0
gnn_ewc,none,1,DoS,all,n_benign,313491.0
gnn_ewc,none,1,DoS,all,n_attack,102853.0
gnn_ewc,none,1,DoS,all,accuracy,0.8896081125223373
gnn_ewc,none,1,DoS,all,macro_f1,0.8222883896928103
gnn_ewc,none,1,DoS,all,fpr,0.0005550398576035676
gnn_ewc,none,1,DoS,all,detection_rate,0.554830680680194
gnn_ewc,none,1,DoS,all,binary_f1,0.7129106207017172
gnn_ewc,none,2,WebAttack,task0,n,138702.0
gnn_ewc,none,2,WebAttack,task0,n_benign,137422.0
gnn_ewc,none,2,WebAttack,task0,n_attack,1280.0
gnn_ewc,none,2,WebAttack,task0,accuracy,0.999062738821358
gnn_ewc,none,2,WebAttack,task0,macro_f1,0.9755998215163033
gnn_ewc,none,2,WebAttack,task0,fpr,0.000945991180451456
gnn_ewc,none,2,WebAttack,task0,detection_rate,1.0
gnn_ewc,none,2,WebAttack,task0,binary_f1,0.9516728624535316
gnn_ewc,none,2,WebAttack,task0,category_recall,1.0
gnn_ewc,none,2,WebAttack,task1,n,100000.0
gnn_ewc,none,2,WebAttack,task1,n_benign,66394.0
gnn_ewc,none,2,WebAttack,task1,n_attack,33606.0
gnn_ewc,none,2,WebAttack,task1,accuracy,0.99829
gnn_ewc,none,2,WebAttack,task1,macro_f1,0.9980864202410555
gnn_ewc,none,2,WebAttack,task1,fpr,0.002575533933789198
gnn_ewc,none,2,WebAttack,task1,detection_rate,1.0
gnn_ewc,none,2,WebAttack,task1,binary_f1,0.9974622679310805
gnn_ewc,none,2,WebAttack,task1,category_recall,1.0
gnn_ewc,none,2,WebAttack,task2,n,25000.0
gnn_ewc,none,2,WebAttack,task2,n_benign,24976.0
gnn_ewc,none,2,WebAttack,task2,n_attack,24.0
gnn_ewc,none,2,WebAttack,task2,accuracy,0.999
gnn_ewc,none,2,WebAttack,task2,macro_f1,0.828516757753992
gnn_ewc,none,2,WebAttack,task2,fpr,0.0010009609224855861
gnn_ewc,none,2,WebAttack,task2,detection_rate,1.0
gnn_ewc,none,2,WebAttack,task2,binary_f1,0.6575342465753424
gnn_ewc,none,2,WebAttack,task2,category_recall,1.0
gnn_ewc,none,2,WebAttack,task3,n,45000.0
gnn_ewc,none,2,WebAttack,task3,n_benign,28566.0
gnn_ewc,none,2,WebAttack,task3,n_attack,16434.0
gnn_ewc,none,2,WebAttack,task3,accuracy,0.6345333333333333
gnn_ewc,none,2,WebAttack,task3,macro_f1,0.38820458438698097
gnn_ewc,none,2,WebAttack,task3,fpr,0.0004200798151648813
gnn_ewc,none,2,WebAttack,task3,detection_rate,0.0
gnn_ewc,none,2,WebAttack,task3,binary_f1,0.0
gnn_ewc,none,2,WebAttack,task3,category_recall,0.0
gnn_ewc,none,2,WebAttack,task4,n,27642.0
gnn_ewc,none,2,WebAttack,task4,n_benign,27569.0
gnn_ewc,none,2,WebAttack,task4,n_attack,73.0
gnn_ewc,none,2,WebAttack,task4,accuracy,0.9973590912379712
gnn_ewc,none,2,WebAttack,task4,macro_f1,0.4993388998569126
gnn_ewc,none,2,WebAttack,task4,fpr,0.0
gnn_ewc,none,2,WebAttack,task4,detection_rate,0.0
gnn_ewc,none,2,WebAttack,task4,binary_f1,0.0
gnn_ewc,none,2,WebAttack,task4,category_recall,0.0
gnn_ewc,none,2,WebAttack,task5,n,55000.0
gnn_ewc,none,2,WebAttack,task5,n_benign,25723.0
gnn_ewc,none,2,WebAttack,task5,n_attack,29277.0
gnn_ewc,none,2,WebAttack,task5,accuracy,0.4676909090909091
gnn_ewc,none,2,WebAttack,task5,macro_f1,0.31865763165392763
gnn_ewc,none,2,WebAttack,task5,fpr,0.0
gnn_ewc,none,2,WebAttack,task5,detection_rate,0.0
gnn_ewc,none,2,WebAttack,task5,binary_f1,0.0
gnn_ewc,none,2,WebAttack,task5,category_recall,0.0
gnn_ewc,none,2,WebAttack,task6,n,25000.0
gnn_ewc,none,2,WebAttack,task6,n_benign,2841.0
gnn_ewc,none,2,WebAttack,task6,n_attack,22159.0
gnn_ewc,none,2,WebAttack,task6,accuracy,1.0
gnn_ewc,none,2,WebAttack,task6,macro_f1,1.0
gnn_ewc,none,2,WebAttack,task6,fpr,0.0
gnn_ewc,none,2,WebAttack,task6,detection_rate,1.0
gnn_ewc,none,2,WebAttack,task6,binary_f1,1.0
gnn_ewc,none,2,WebAttack,task6,category_recall,1.0
gnn_ewc,none,2,WebAttack,seen,n,263702.0
gnn_ewc,none,2,WebAttack,seen,n_benign,228792.0
gnn_ewc,none,2,WebAttack,seen,n_attack,34910.0
gnn_ewc,none,2,WebAttack,seen,accuracy,0.9987637560579745
gnn_ewc,none,2,WebAttack,seen,macro_f1,0.99731980248401
gnn_ewc,none,2,WebAttack,seen,fpr,0.0014248749956292178
gnn_ewc,none,2,WebAttack,seen,detection_rate,1.0
gnn_ewc,none,2,WebAttack,seen,binary_f1,0.9953525503948907
gnn_ewc,none,2,WebAttack,all,n,416344.0
gnn_ewc,none,2,WebAttack,all,n_benign,313491.0
gnn_ewc,none,2,WebAttack,all,n_attack,102853.0
gnn_ewc,none,2,WebAttack,all,accuracy,0.8892214130622754
gnn_ewc,none,2,WebAttack,all,macro_f1,0.8218074617426511
gnn_ewc,none,2,WebAttack,all,fpr,0.0010781808728161256
gnn_ewc,none,2,WebAttack,all,detection_rate,0.5548598485216766
gnn_ewc,none,2,WebAttack,all,binary_f1,0.712205166604268
gnn_ewc,none,3,Infiltration,task0,n,138702.0
gnn_ewc,none,3,Infiltration,task0,n_benign,137422.0
gnn_ewc,none,3,Infiltration,task0,n_attack,1280.0
gnn_ewc,none,3,Infiltration,task0,accuracy,0.9921414255021557
gnn_ewc,none,3,Infiltration,task0,macro_f1,0.8486940930168181
gnn_ewc,none,3,Infiltration,task0,fpr,0.007931772205323748
gnn_ewc,none,3,Infiltration,task0,detection_rate,1.0
gnn_ewc,none,3,Infiltration,task0,binary_f1,0.7013698630136986
gnn_ewc,none,3,Infiltration,task0,category_recall,1.0
gnn_ewc,none,3,Infiltration,task1,n,100000.0
gnn_ewc,none,3,Infiltration,task1,n_benign,66394.0
gnn_ewc,none,3,Infiltration,task1,n_attack,33606.0
gnn_ewc,none,3,Infiltration,task1,accuracy,0.98747
gnn_ewc,none,3,Infiltration,task1,macro_f1,0.9860857634966869
gnn_ewc,none,3,Infiltration,task1,fpr,0.018827002439979517
gnn_ewc,none,3,Infiltration,task1,detection_rate,0.9999107302267453
gnn_ewc,none,3,Infiltration,task1,binary_f1,0.9816970741611768
gnn_ewc,none,3,Infiltration,task1,category_recall,0.9999107302267453
gnn_ewc,none,3,Infiltration,task2,n,25000.0
gnn_ewc,none,3,Infiltration,task2,n_benign,24976.0
gnn_ewc,none,3,Infiltration,task2,n_attack,24.0
gnn_ewc,none,3,Infiltration,task2,accuracy,0.9794
gnn_ewc,none,3,Infiltration,task2,macro_f1,0.5374201250305797
gnn_ewc,none,3,Infiltration,task2,fpr,0.020619795003203076
gnn_ewc,none,3,Infiltration,task2,detection_rate,1.0
gnn_ewc,none,3,Infiltration,task2,binary_f1,0.0852575488454707
gnn_ewc,none,3,Infiltration,task2,category_recall,1.0
gnn_ewc,none,3,Infiltration,task3,n,45000.0
gnn_ewc,none,3,Infiltration,task3,n_benign,28566.0
gnn_ewc,none,3,Infiltration,task3,n_attack,16434.0
gnn_ewc,none,3,Infiltration,task3,accuracy,0.9892222222222222
gnn_ewc,none,3,Infiltration,task3,macro_f1,0.9884455406574288
gnn_ewc,none,3,Infiltration,task3,fpr,0.01662815935027655
gnn_ewc,none,3,Infiltration,task3,detection_rate,0.9993915054156018
gnn_ewc,none,3,Infiltration,task3,binary_f1,0.9854498544985449
gnn_ewc,none,3,Infiltration,task3,category_recall,0.9993915054156018
gnn_ewc,none,3,Infiltration,task4,n,27642.0
gnn_ewc,none,3,Infiltration,task4,n_benign,27569.0
gnn_ewc,none,3,Infiltration,task4,n_attack,73.0
gnn_ewc,none,3,Infiltration,task4,accuracy,0.9865422183633601
gnn_ewc,none,3,Infiltration,task4,macro_f1,0.49661276223776224
gnn_ewc,none,3,Infiltration,task4,fpr,0.010845514889912583
gnn_ewc,none,3,Infiltration,task4,detection_rate,0.0
gnn_ewc,none,3,Infiltration,task4,binary_f1,0.0
gnn_ewc,none,3,Infiltration,task4,category_recall,0.0
gnn_ewc,none,3,Infiltration,task5,n,55000.0
gnn_ewc,none,3,Infiltration,task5,n_benign,25723.0
gnn_ewc,none,3,Infiltration,task5,n_attack,29277.0
gnn_ewc,none,3,Infiltration,task5,accuracy,0.9871636363636364
gnn_ewc,none,3,Infiltration,task5,macro_f1,0.98708616359087
gnn_ewc,none,3,Infiltration,task5,fpr,0.02744625432492322
gnn_ewc,none,3,Infiltration,task5,detection_rate,1.0
gnn_ewc,none,3,Infiltration,task5,binary_f1,0.9880863989200135
gnn_ewc,none,3,Infiltration,task5,category_recall,1.0
gnn_ewc,none,3,Infiltration,task6,n,25000.0
gnn_ewc,none,3,Infiltration,task6,n_benign,2841.0
gnn_ewc,none,3,Infiltration,task6,n_attack,22159.0
gnn_ewc,none,3,Infiltration,task6,accuracy,0.9962
gnn_ewc,none,3,Infiltration,task6,macro_f1,0.9904525066051468
gnn_ewc,none,3,Infiltration,task6,fpr,0.030623020063357972
gnn_ewc,none,3,Infiltration,task6,detection_rate,0.9996389728778374
gnn_ewc,none,3,Infiltration,task6,binary_f1,0.9978602157803456
gnn_ewc,none,3,Infiltration,task6,category_recall,0.9996389728778374
gnn_ewc,none,3,Infiltration,seen,n,308702.0
gnn_ewc,none,3,Infiltration,seen,n_benign,257358.0
gnn_ewc,none,3,Infiltration,seen,n_attack,51344.0
gnn_ewc,none,3,Infiltration,seen,accuracy,0.989170786065526
gnn_ewc,none,3,Infiltration,seen,macro_f1,0.9809633907777027
gnn_ewc,none,3,Infiltration,seen,fpr,0.012939174224232393
gnn_ewc,none,3,Infiltration,seen,detection_rate,0.9997468058585229
gnn_ewc,none,3,Infiltration,seen,binary_f1,0.968463751709825
gnn_ewc,none,3,Infiltration,all,n,416344.0
gnn_ewc,none,3,Infiltration,all,n_benign,313491.0
gnn_ewc,none,3,Infiltration,all,n_attack,102853.0
gnn_ewc,none,3,Infiltration,all,accuracy,0.9891532002382645
gnn_ewc,none,3,Infiltration,all,macro_f1,0.9856229475270286
gnn_ewc,none,3,Infiltration,all,fpr,0.014105668105304458
gnn_ewc,none,3,Infiltration,all,detection_rate,0.9990860743002149
gnn_ewc,none,3,Infiltration,all,binary_f1,0.9784987192549778
gnn_ewc,none,4,Botnet,task0,n,138702.0
gnn_ewc,none,4,Botnet,task0,n_benign,137422.0
gnn_ewc,none,4,Botnet,task0,n_attack,1280.0
gnn_ewc,none,4,Botnet,task0,accuracy,0.9907283240328185
gnn_ewc,none,4,Botnet,task0,macro_f1,0.4976712854649099
gnn_ewc,none,4,Botnet,task0,fpr,4.366113140545182e-05
gnn_ewc,none,4,Botnet,task0,detection_rate,0.0
gnn_ewc,none,4,Botnet,task0,binary_f1,0.0
gnn_ewc,none,4,Botnet,task0,category_recall,0.0
gnn_ewc,none,4,Botnet,task1,n,100000.0
gnn_ewc,none,4,Botnet,task1,n_benign,66394.0
gnn_ewc,none,4,Botnet,task1,n_attack,33606.0
gnn_ewc,none,4,Botnet,task1,accuracy,0.66389
gnn_ewc,none,4,Botnet,task1,macro_f1,0.39899873188732426
gnn_ewc,none,4,Botnet,task1,fpr,7.530800975991807e-05
gnn_ewc,none,4,Botnet,task1,detection_rate,0.0
gnn_ewc,none,4,Botnet,task1,binary_f1,0.0
gnn_ewc,none,4,Botnet,task1,category_recall,0.0
gnn_ewc,none,4,Botnet,task2,n,25000.0
gnn_ewc,none,4,Botnet,task2,n_benign,24976.0
gnn_ewc,none,4,Botnet,task2,n_attack,24.0
gnn_ewc,none,4,Botnet,task2,accuracy,0.99904
gnn_ewc,none,4,Botnet,task2,macro_f1,0.4997598847446774
gnn_ewc,none,4,Botnet,task2,fpr,0.0
gnn_ewc,none,4,Botnet,task2,detection_rate,0.0
gnn_ewc,none,4,Botnet,task2,binary_f1,0.0
gnn_ewc,none,4,Botnet,task2,category_recall,0.0
gnn_ewc,none,4,Botnet,task3,n,45000.0
gnn_ewc,none,4,Botnet,task3,n_benign,28566.0
gnn_ewc,none,4,Botnet,task3,n_attack,16434.0
gnn_ewc,none,4,Botnet,task3,accuracy,0.8104888888888889
gnn_ewc,none,4,Botnet,task3,macro_f1,0.7599117550325333
gnn_ewc,none,4,Botnet,task3,fpr,0.00010501995379122033
gnn_ewc,none,4,Botnet,task3,detection_rate,0.48125836680053546
gnn_ewc,none,4,Botnet,task3,binary_f1,0.6497165858867987
gnn_ewc,none,4,Botnet,task3,category_recall,0.48125836680053546
gnn_ewc,none,4,Botnet,task4,n,27642.0
gnn_ewc,none,4,Botnet,task4,n_benign,27569.0
gnn_ewc,none,4,Botnet,task4,n_attack,73.0
gnn_ewc,none,4,Botnet,task4,accuracy,0.9997105853411475
gnn_ewc,none,4,Botnet,task4,macro_f1,0.9713560340718327
gnn_ewc,none,4,Botnet,task4,fpr,3.627262504987486e-05
gnn_ewc,none,4,Botnet,task4,detection_rate,0.9041095890410958
gnn_ewc,none,4,Botnet,task4,binary_f1,0.9428571428571428
gnn_ewc,none,4,Botnet,task4,category_recall,0.9041095890410958
gnn_ewc,none,4,Botnet,task5,n,55000.0
gnn_ewc,none,4,Botnet,task5,n_benign,25723.0
gnn_ewc,none,4,Botnet,task5,n_attack,29277.0
gnn_ewc,none,4,Botnet,task5,accuracy,0.4676181818181818
gnn_ewc,none,4,Botnet,task5,macro_f1,0.3186238679864716
gnn_ewc,none,4,Botnet,task5,fpr,0.0001555028573650041
gnn_ewc,none,4,Botnet,task5,detection_rate,0.0
gnn_ewc,none,4,Botnet,task5,binary_f1,0.0
gnn_ewc,none,4,Botnet,task5,category_recall,0.0
gnn_ewc,none,4,Botnet,task6,n,25000.0
gnn_ewc,none,4,Botnet,task6,n_benign,2841.0
gnn_ewc,none,4,Botnet,task6,n_attack,22159.0
gnn_ewc,none,4,Botnet,task6,accuracy,0.11364
gnn_ewc,none,4,Botnet,task6,macro_f1,0.10204374842857655
gnn_ewc,none,4,Botnet,task6,fpr,0.0
gnn_ewc,none,4,Botnet,task6,detection_rate,0.0
gnn_ewc,none,4,Botnet,task6,binary_f1,0.0
gnn_ewc,none,4,Botnet,task6,category_recall,0.0
gnn_ewc,none,4,Botnet,seen,n,336344.0
gnn_ewc,none,4,Botnet,seen,n_benign,284927.0
gnn_ewc,none,4,Botnet,seen,n_attack,51417.0
gnn_ewc,none,4,Botnet,seen,accuracy,0.8707959707918084
gnn_ewc,none,4,Botnet,seen,macro_f1,0.5988135140545344
gnn_ewc,none,4,Botnet,seen,fpr,5.264506347239819e-05
gnn_ewc,none,4,Botnet,seen,detection_rate,0.1551043429216018
gnn_ewc,none,4,Botnet,seen,binary_f1,0.26848687865066406
gnn_ewc,none,4,Botnet,all,n,416344.0
gnn_ewc,none,4,Botnet,all,n_benign,313491.0
gnn_ewc,none,4,Botnet,all,n_attack,102853.0
gnn_ewc,none,4,Botnet,all,accuracy,0.7720706915435314
gnn_ewc,none,4,Botnet,all,macro_f1,0.5062133958918095
gnn_ewc,none,4,Botnet,all,fpr,6.0607800542918296e-05
gnn_ewc,none,4,Botnet,all,detection_rate,0.07753784527432354
gnn_ewc,none,4,Botnet,all,binary_f1,0.14389203135853926
gnn_ewc,none,5,PortScan,task0,n,138702.0
gnn_ewc,none,5,PortScan,task0,n_benign,137422.0
gnn_ewc,none,5,PortScan,task0,n_attack,1280.0
gnn_ewc,none,5,PortScan,task0,accuracy,0.9993583365776989
gnn_ewc,none,5,PortScan,task0,macro_f1,0.9830392455273599
gnn_ewc,none,5,PortScan,task0,fpr,0.0006476401158475353
gnn_ewc,none,5,PortScan,task0,detection_rate,1.0
gnn_ewc,none,5,PortScan,task0,binary_f1,0.96640241600604
gnn_ewc,none,5,PortScan,task0,category_recall,1.0
gnn_ewc,none,5,PortScan,task1,n,100000.0
gnn_ewc,none,5,PortScan,task1,n_benign,66394.0
gnn_ewc,none,5,PortScan,task1,n_attack,33606.0
gnn_ewc,none,5,PortScan,task1,accuracy,0.89517
gnn_ewc,none,5,PortScan,task1,macro_f1,0.8734999108108001
gnn_ewc,none,5,PortScan,task1,fpr,0.01417296743681658
gnn_ewc,none,5,PortScan,task1,detection_rate,0.7160626078676426
gnn_ewc,none,5,PortScan,task1,binary_f1,0.8211427888962822
gnn_ewc,none,5,PortScan,task1,category_recall,0.7160626078676426
gnn_ewc,none,5,PortScan,task2,n,25000.0
gnn_ewc,none,5,PortScan,task2,n_benign,24976.0
gnn_ewc,none,5,PortScan,task2,n_attack,24.0
gnn_ewc,none,5,PortScan,task2,accuracy,0.99924
gnn_ewc,none,5,PortScan,task2,macro_f1,0.8580187002822588
gnn_ewc,none,5,PortScan,task2,fpr,0.0007607303010890454
gnn_ewc,none,5,PortScan,task2,detection_rate,1.0
gnn_ewc,none,5,PortScan,task2,binary_f1,0.7164179104477612
gnn_ewc,none,5,PortScan,task2,category_recall,1.0
gnn_ewc,none,5,PortScan,task3,n,45000.0
gnn_ewc,none,5,PortScan,task3,n_benign,28566.0
gnn_ewc,none,5,PortScan,task3,n_attack,16434.0
gnn_ewc,none,5,PortScan,task3,accuracy,0.9925555555555555
gnn_ewc,none,5,PortScan,task3,macro_f1,0.9920057755643927
gnn_ewc,none,5,PortScan,task3,fpr,0.011657214870825458
gnn_ewc,none,5,PortScan,task3,detection_rate,0.9998783010831204
gnn_ewc,none,5,PortScan,task3,binary_f1,0.9899093346185126
gnn_ewc,none,5,PortScan,task3,category_recall,0.9998783010831204
gnn_ewc,none,5,PortScan,task4,n,27642.0
gnn_ewc,none,5,PortScan,task4,n_benign,27569.0
gnn_ewc,none,5,PortScan,task4,n_attack,73.0
gnn_ewc,none,5,PortScan,task4,accuracy,0.9996382316764344
gnn_ewc,none,5,PortScan,task4,macro_f1,0.9678580199368183
gnn_ewc,none,5,PortScan,task4,fpr,0.0003627262504987486
gnn_ewc,none,5,PortScan,task4,detection_rate,1.0
gnn_ewc,none,5,PortScan,task4,binary_f1,0.9358974358974359
gnn_ewc,none,5,PortScan,task4,category_recall,1.0
gnn_ewc,none,5,PortScan,task5,n,55000.0
gnn_ewc,none,5,PortScan,task5,n_benign,25723.0
gnn_ewc,none,5,PortScan,task5,n_attack,29277.0
gnn_ewc,none,5,PortScan,task5,accuracy,0.9998545454545454
gnn_ewc,none,5,PortScan,task5,macro_f1,0.9998539328007147
gnn_ewc,none,5,PortScan,task5,fpr,0.0003110057147300082
gnn_ewc,none,5,PortScan,task5,detection_rate,1.0
gnn_ewc,none,5,PortScan,task5,binary_f1,0.9998633926436938
gnn_ewc,none,5,PortScan,task5,category_recall,1.0
gnn_ewc,none,5,PortScan,task6,n,25000.0
gnn_ewc,none,5,PortScan,task6,n_benign,2841.0
gnn_ewc,none,5,PortScan,task6,n_attack,22159.0
gnn_ewc,none,5,PortScan,task6,accuracy,0.13448
gnn_ewc,none,5,PortScan,task6,macro_f1,0.12696153240321129
gnn_ewc,none,5,PortScan,task6,fpr,0.0
gnn_ewc,none,5,PortScan,task6,detection_rate,0.02351189133083623
gnn_ewc,none,5,PortScan,task6,binary_f1,0.04594356261022928
gnn_ewc,none,5,PortScan,task6,category_recall,0.02351189133083623
gnn_ewc,none,5,PortScan,seen,n,391344.0
gnn_ewc,none,5,PortScan,seen,n_benign,310650.0
gnn_ewc,none,5,PortScan,seen,n_attack,80694.0
gnn_ewc,none,5,PortScan,seen,accuracy,0.9720348338035079
gnn_ewc,none,5,PortScan,seen,macro_f1,0.9555988532823663
gnn_ewc,none,5,PortScan,seen,fpr,0.0045066795428939325
gnn_ewc,none,5,PortScan,seen,detection_rate,0.8817260267182194
gnn_ewc,none,5,PortScan,seen,binary_f1,0.9285844796533632
gnn_ewc,none,5,PortScan,all,n,416344.0
gnn_ewc,none,5,PortScan,all,n_benign,313491.0
gnn_ewc,none,5,PortScan,all,n_attack,102853.0
gnn_ewc,none,5,PortScan,all,accuracy,0.9217425974674788
gnn_ewc,none,5,PortScan,all,macro_f1,0.8825925597938207
gnn_ewc,none,5,PortScan,all,fpr,0.004465837934741348
gnn_ewc,none,5,PortScan,all,detection_rate,0.6968294556308517
gnn_ewc,none,5,PortScan,all,binary_f1,0.8147950251244855
gnn_ewc,none,6,DDoS,task0,n,138702.0
gnn_ewc,none,6,DDoS,task0,n_benign,137422.0
gnn_ewc,none,6,DDoS,task0,n_attack,1280.0
gnn_ewc,none,6,DDoS,task0,accuracy,0.9995169500079307
gnn_ewc,none,6,DDoS,task0,macro_f1,0.9871258941460145
gnn_ewc,none,6,DDoS,task0,fpr,0.000487549300694212
gnn_ewc,none,6,DDoS,task0,detection_rate,1.0
gnn_ewc,none,6,DDoS,task0,binary_f1,0.9744956223829463
gnn_ewc,none,6,DDoS,task0,category_recall,1.0
gnn_ewc,none,6,DDoS,task1,n,100000.0
gnn_ewc,none,6,DDoS,task1,n_benign,66394.0
gnn_ewc,none,6,DDoS,task1,n_attack,33606.0
gnn_ewc,none,6,DDoS,task1,accuracy,0.98924
gnn_ewc,none,6,DDoS,task1,macro_f1,0.988013503108685
gnn_ewc,none,6,DDoS,task1,fpr,0.01412778263096063
gnn_ewc,none,6,DDoS,task1,detection_rate,0.9958935904302804
gnn_ewc,none,6,DDoS,task1,binary_f1,0.9841792624830912
gnn_ewc,none,6,DDoS,task1,category_recall,0.9958935904302804
gnn_ewc,none,6,DDoS,task2,n,25000.0
gnn_ewc,none,6,DDoS,task2,n_benign,24976.0
gnn_ewc,none,6,DDoS,task2,n_attack,24.0
gnn_ewc,none,6,DDoS,task2,accuracy,0.99884
gnn_ewc,none,6,DDoS,task2,macro_f1,0.8113978643994869
gnn_ewc,none,6,DDoS,task2,fpr,0.0011611146700832799
gnn_ewc,none,6,DDoS,task2,detection_rate,1.0
gnn_ewc,none,6,DDoS,task2,binary_f1,0.6233766233766234
gnn_ewc,none,6,DDoS,task2,category_recall,1.0
gnn_ewc,none,6,DDoS,task3,n,45000.0
gnn_ewc,none,6,DDoS,task3,n_benign,28566.0
gnn_ewc,none,6,DDoS,task3,n_attack,16434.0
gnn_ewc,none,6,DDoS,task3,accuracy,0.9926444444444444
gnn_ewc,none,6,DDoS,task3,macro_f1,0.9920988531866002
gnn_ewc,none,6,DDoS,task3,fpr,0.011167121753133094
gnn_ewc,none,6,DDoS,task3,detection_rate,0.9992698064987222
gnn_ewc,none,6,DDoS,task3,binary_f1,0.9900226073850791
gnn_ewc,none,6,DDoS,task3,category_recall,0.9992698064987222
gnn_ewc,none,6,DDoS,task4,n,27642.0
gnn_ewc,none,6,DDoS,task4,n_benign,27569.0
gnn_ewc,none,6,DDoS,task4,n_attack,73.0
gnn_ewc,none,6,DDoS,task4,accuracy,0.9987338108675204
gnn_ewc,none,6,DDoS,task4,macro_f1,0.8660949145908197
gnn_ewc,none,6,DDoS,task4,fpr,0.0003627262504987486
gnn_ewc,none,6,DDoS,task4,detection_rate,0.6575342465753424
gnn_ewc,none,6,DDoS,task4,binary_f1,0.732824427480916
gnn_ewc,none,6,DDoS,task4,category_recall,0.6575342465753424
gnn_ewc,none,6,DDoS,task5,n,55000.0
gnn_ewc,none,6,DDoS,task5,n_benign,25723.0
gnn_ewc,none,6,DDoS,task5,n_attack,29277.0
gnn_ewc,none,6,DDoS,task5,accuracy,0.9998727272727272
gnn_ewc,none,6,DDoS,task5,macro_f1,0.999872191502845
gnn_ewc,none,6,DDoS,task5,fpr,0.00027213000038875715
gnn_ewc,none,6,DDoS,task5,detection_rate,1.0
gnn_ewc,none,6,DDoS,task5,binary_f1,0.9998804665220881
gnn_ewc,none,6,DDoS,task5,category_recall,1.0
gnn_ewc,none,6,DDoS,task6,n,25000.0
gnn_ewc,none,6,DDoS,task6,n_benign,2841.0
gnn_ewc,none,6,DDoS,task6,n_attack,22159.0
gnn_ewc,none,6,DDoS,task6,accuracy,0.99996
gnn_ewc,none,6,DDoS,task6,macro_f1,0.9999007054831731
gnn_ewc,none,6,DDoS,task6,fpr,0.00035198873636043646
gnn_ewc,none,6,DDoS,task6,detection_rate,1.0
gnn_ewc,none,6,DDoS,task6,binary_f1,0.9999774363139963
gnn_ewc,none,6,DDoS,task6,category_recall,1.0
gnn_ewc,none,6,DDoS,seen,n,416344.0
gnn_ewc,none,6,DDoS,seen,n_benign,313491.0
gnn_ewc,none,6,DDoS,seen,n_attack,102853.0
gnn_ewc,none,6,DDoS,seen,accuracy,0.9962867244394059
gnn_ewc,none,6,DDoS,seen,macro_f1,0.9950286851625311
gnn_ewc,none,6,DDoS,seen,fpr,0.0043733312918074205
gnn_ewc,none,6,DDoS,seen,detection_rate,0.9982985425801872
gnn_ewc,none,6,DDoS,seen,binary_f1,0.9925278634329296
gnn_ewc,none,6,DDoS,all,n,416344.0
gnn_ewc,none,6,DDoS,all,n_benign,313491.0
gnn_ewc,none,6,DDoS,all,n_attack,102853.0
gnn_ewc,none,6,DDoS,all,accuracy,0.9962867244394059
gnn_ewc,none,6,DDoS,all,macro_f1,0.9950286851625311
gnn_ewc,none,6,DDoS,all,fpr,0.0043733312918074205
gnn_ewc,none,6,DDoS,all,detection_rate,0.9982985425801872
gnn_ewc,none,6,DDoS,all,binary_f1,0.9925278634329296
