model,policy,stream_index,window_id,task_id,ts,n_flows,error_rate,signal,true_attack_fraction,pred_benign,pred_known_attack,pred_novel_drifted,drift_flag,retrained,retrains_so_far,rollbacks_so_far
gnn_ewc_replay,adwin,0,139,1,2017-07-05T11:42:42.084372,5000,0.0,0.0,0.0,5000,0,0,False,False,0,0
gnn_ewc_replay,adwin,1,140,1,2017-07-05T11:51:47.303080,5000,0.0,0.0,0.0,5000,0,0,False,False,0,0
gnn_ewc_replay,adwin,2,142,1,2017-07-05T12:09:27.601738,5000,0.0,0.0,0.0,5000,0,0,False,False,0,0
gnn_ewc_replay,adwin,3,143,1,2017-07-05T12:14:30.228870,5000,0.0,0.0,0.0,5000,0,0,False,False,0,0
gnn_ewc_replay,adwin,4,145,1,2017-07-05T12:30:25.505932,5000,0.0,0.0,0.0,5000,0,0,False,False,0,0
gnn_ewc_replay,adwin,5,146,1,2017-07-05T12:39:54.047016,5000,0.0,0.0,0.0,5000,0,0,False,False,0,0
gnn_ewc_replay,adwin,6,148,1,2017-07-05T12:52:02.760958,5000,0.1696,0.1696,0.1696,5000,0,0,True,True,1,0
gnn_ewc_replay,adwin,7,149,1,2017-07-05T12:57:13.318901,5000,0.0002,0.0002,0.1506,4246,753,1,False,False,1,0
gnn_ewc_replay,adwin,8,150,1,2017-07-05T13:01:17.744846,5000,0.0584,0.0584,0.1364,4026,974,0,True,False,1,0
gnn_ewc_replay,adwin,9,152,1,2017-07-05T13:12:54.669885,5000,0.1328,0.1328,0.068,3996,1003,1,True,False,1,0
gnn_ewc_replay,adwin,10,153,1,2017-07-05T13:15:48.345465,5000,0.0634,0.0634,0.0724,4955,32,13,True,False,1,0
gnn_ewc_replay,adwin,11,155,1,2017-07-05T13:25:10.453300,5000,0.1914,0.1914,0.0816,3635,1360,5,True,True,2,0
gnn_ewc_replay,adwin,12,156,1,2017-07-05T13:29:31.560642,5000,0.0002,0.0002,0.0428,4785,215,0,False,False,2,0
gnn_ewc_replay,adwin,13,158,1,2017-07-05T13:40:19.835821,5000,0.4118,0.4118,0.4124,4985,2,13,True,False,2,0
gnn_ewc_replay,adwin,14,159,1,2017-07-05T13:43:24.912205,5000,0.1158,0.1158,0.9854,94,2169,2737,True,False,2,0
gnn_ewc_replay,adwin,15,160,1,2017-07-05T13:43:58.440253,5000,0.986,0.986,0.986,5000,0,0,True,False,2,0
gnn_ewc_replay,adwin,16,162,1,2017-07-05T13:45:05.180353,5000,0.8184,0.8184,0.8242,4930,9,61,True,True,3,0
gnn_ewc_replay,adwin,17,163,1,2017-07-05T13:45:37.096427,5000,0.0004,0.0004,0.94,298,4702,0,True,False,3,0
gnn_ewc_replay,adwin,18,165,1,2017-07-05T13:46:29.403971,5000,0.0036,0.0036,0.8974,513,4215,272,False,False,3,0
gnn_ewc_replay,adwin,19,166,1,2017-07-05T13:47:01.332086,5000,0.0,0.0,0.9734,133,4867,0,False,False,3,0
gnn_ewc_replay,adwin,20,168,1,2017-07-05T13:48:07.965214,5000,0.0114,0.0114,0.9862,69,4751,180,True,False,3,0
gnn_ewc_replay,adwin,21,169,1,2017-07-05T13:48:41.349281,5000,0.0004,0.0004,0.9956,20,4980,0,True,False,3,0
gnn_ewc_replay,adwin,22,170,1,2017-07-05T13:49:14.345333,5000,0.0004,0.0004,0.9682,157,4840,3,False,False,3,0
gnn_ewc_replay,adwin,23,172,1,2017-07-05T13:50:18.918794,5000,0.0,0.0,0.9886,57,4931,12,False,False,3,0
gnn_ewc_replay,adwin,24,173,1,2017-07-05T13:50:38.228962,5000,0.961,0.961,0.961,5000,0,0,True,True,4,0
gnn_ewc_replay,adwin,25,175,1,2017-07-05T13:51:44.892056,5000,0.0002,0.0002,0.8968,515,4484,1,True,False,4,0
gnn_ewc_replay,adwin,26,176,1,2017-07-05T13:52:17.862138,5000,0.0002,0.0002,0.9862,67,4932,1,False,False,4,0
gnn_ewc_replay,adwin,27,178,1,2017-07-05T13:53:24.358267,5000,0.0,0.0,0.8974,513,4487,0,False,False,4,0
gnn_ewc_replay,adwin,28,179,1,2017-07-05T13:53:56.634131,5000,0.0002,0.0002,0.9602,198,4802,0,False,False,4,0
gnn_ewc_replay,adwin,29,180,1,2017-07-05T13:54:29.989881,5000,0.0006,0.0006,0.9614,190,4810,0,False,False,4,0
gnn_ewc_replay,adwin,30,182,1,2017-07-05T13:55:22.166920,5000,0.0,0.0,0.9904,48,4952,0,False,False,4,0
gnn_ewc_replay,adwin,31,183,1,2017-07-05T13:55:55.807965,5000,0.0002,0.0002,0.9642,178,4822,0,False,False,4,0
gnn_ewc_replay,adwin,32,185,1,2017-07-05T13:57:01.682060,5000,0.0,0.0,0.833,835,4165,0,False,False,4,0
gnn_ewc_replay,adwin,33,186,1,2017-07-05T13:57:20.115614,5000,0.0002,0.0002,0.9156,421,4578,1,False,False,4,0
gnn_ewc_replay,adwin,34,188,1,2017-07-05T13:58:25.938722,5000,0.0,0.0,0.827,865,4135,0,False,False,4,0
gnn_ewc_replay,adwin,35,189,1,2017-07-05T13:58:58.737812,5000,0.0,0.0,0.9314,343,4657,0,False,False,4,0
gnn_ewc_replay,adwin,36,190,1,2017-07-05T13:59:32.174828,5000,0.0,0.0,0.9632,184,4816,0,False,False,4,0
gnn_ewc_replay,adwin,37,192,1,2017-07-05T14:00:23.948382,5000,0.0468,0.0468,0.6088,1699,3158,143,True,True,5,0
gnn_ewc_replay,adwin,38,193,1,2017-07-05T14:02:52.031532,5000,0.0,0.0,0.0,5000,0,0,False,False,5,0
gnn_ewc_replay,adwin,39,195,1,2017-07-05T14:12:29.415831,5000,0.0,0.0,0.5148,2426,2574,0,False,False,5,0
gnn_ewc_replay,adwin,40,196,1,2017-07-05T14:17:42.794571,5000,0.0,0.0,0.5242,2379,2621,0,False,False,5,0
gnn_ewc_replay,adwin,41,198,1,2017-07-05T14:31:18.945145,5000,0.0,0.0,0.0,5000,0,0,False,False,5,0
gnn_ewc_replay,adwin,42,199,1,2017-07-05T14:42:55.811755,5000,0.0,0.0,0.0,5000,0,0,False,False,5,0
gnn_ewc_replay,adwin,43,200,1,2017-07-05T14:49:04.254998,5000,0.0,0.0,0.0,5000,0,0,False,False,5,0
gnn_ewc_replay,adwin,44,202,1,2017-07-05T15:02:38.428045,5000,0.0,0.0,0.0,5000,0,0,False,False,5,0
gnn_ewc_replay,adwin,45,203,1,2017-07-05T15:14:29.623535,5000,0.0,0.0,0.0,5000,0,0,False,False,5,0
gnn_ewc_replay,adwin,46,205,1,2017-07-05T15:57:46.023320,5000,0.0,0.0,0.0,5000,0,0,False,False,5,0
gnn_ewc_replay,adwin,47,206,1,2017-07-05T16:11:21.785357,5000,0.0,0.0,0.0,5000,0,0,False,False,5,0
gnn_ewc_replay,adwin,48,208,1,2017-07-05T16:26:17.988361,5000,0.0,0.0,0.0,5000,0,0,False,False,5,0
gnn_ewc_replay,adwin,49,209,1,2017-07-05T16:33:30.652614,5000,0.0,0.0,0.0,5000,0,0,False,False,5,0
gnn_ewc_replay,adwin,50,210,1,2017-07-05T16:44:07.514721,5000,0.0,0.0,0.0,5000,0,0,False,False,5,0
gnn_ewc_replay,adwin,51,212,1,2017-07-05T16:58:27.864246,5000,0.0,0.0,0.0,5000,0,0,False,False,5,0
gnn_ewc_replay,adwin,52,213,1,2017-07-05T17:04:53.987116,5000,0.0,0.0,0.0,5000,0,0,False,False,5,0
gnn_ewc_replay,adwin,53,215,1,2017-07-05T17:17:43.888859,5000,0.0004,0.0004,0.0,4998,2,0,False,False,5,0
gnn_ewc_replay,adwin,54,216,1,2017-07-05T17:25:11.387702,5000,0.0,0.0,0.0,5000,0,0,False,False,5,0
gnn_ewc_replay,adwin,55,218,1,2017-07-05T17:32:09.292244,5000,0.0,0.0,0.0,5000,0,0,False,False,5,0
gnn_ewc_replay,adwin,56,219,1,2017-07-05T17:36:30.842330,5000,0.0,0.0,0.0,5000,0,0,False,False,5,0
gnn_ewc_replay,adwin,57,220,1,2017-07-05T17:44:46.125001,5000,0.0,0.0,0.0,5000,0,0,False,False,5,0
gnn_ewc_replay,adwin,58,222,1,2017-07-05T18:03:49.082999,5000,0.0,0.0,0.0,5000,0,0,False,False,5,0
gnn_ewc_replay,adwin,59,223,1,2017-07-05T18:09:29.961498,5000,0.0004,0.0004,0.0,4998,2,0,False,False,5,0
gnn_ewc_replay,adwin,60,225,1,2017-07-05T18:14:52.374862,5000,0.0004,0.0004,0.0004,5000,0,0,False,False,5,0
gnn_ewc_replay,adwin,61,226,1,2017-07-05T18:18:42.833755,5000,0.0002,0.0002,0.0002,5000,0,0,False,False,5,0
gnn_ewc_replay,adwin,62,228,1,2017-07-05T18:28:02.917391,5000,0.0006,0.0006,0.0006,5000,0,0,False,False,5,0
gnn_ewc_replay,adwin,63,229,1,2017-07-05T18:34:28.100119,5000,0.0,0.0,0.0,5000,0,0,False,False,5,0
gnn_ewc_replay,adwin,64,230,1,2017-07-05T18:46:02.220861,5000,0.0,0.0,0.0,5000,0,0,False,False,5,0
gnn_ewc_replay,adwin,65,232,1,2017-07-05T19:08:00.288731,5000,0.0,0.0,0.0,5000,0,0,False,False,5,0
gnn_ewc_replay,adwin,66,233,1,2017-07-05T19:16:31.400416,5000,0.0,0.0,0.0,5000,0,0,False,False,5,0
gnn_ewc_replay,adwin,67,235,1,2017-07-05T19:34:27.924119,5000,0.0,0.0,0.0,5000,0,0,False,False,5,0
gnn_ewc_replay,adwin,68,236,1,2017-07-05T19:42:27.366104,5000,0.0,0.0,0.0,5000,0,0,False,False,5,0
gnn_ewc_replay,adwin,69,238,1,2017-07-05T20:01:58.214404,1639,0.0,0.0,0.0,1639,0,0,False,False,5,0
gnn_ewc_replay,adwin,70,239,2,2017-07-06T11:59:00.490140,5000,0.0,0.0,0.0,5000,0,0,False,False,5,0
gnn_ewc_replay,adwin,71,240,2,2017-07-06T12:10:15.682034,5000,0.0,0.0,0.0,5000,0,0,False,False,5,0
gnn_ewc_replay,adwin,72,242,2,2017-07-06T12:22:45.174419,5000,0.0036,0.0036,0.0024,4976,18,6,True,True,6,0
gnn_ewc_replay,adwin,73,243,2,2017-07-06T12:29:10.306594,5000,0.002,0.002,0.002,4980,19,1,False,False,6,0
gnn_ewc_replay,adwin,74,245,2,2017-07-06T12:39:29.210704,5000,0.002,0.002,0.002,4980,20,0,False,False,6,0
gnn_ewc_replay,adwin,75,246,2,2017-07-06T12:44:44.087288,5000,0.0024,0.0024,0.0024,4976,12,12,False,False,6,0
gnn_ewc_replay,adwin,76,248,2,2017-07-06T12:56:59.488182,5000,0.001,0.001,0.001,4990,10,0,False,False,6,0
gnn_ewc_replay,adwin,77,249,2,2017-07-06T13:06:47.480861,5000,0.0008,0.0008,0.0004,4994,5,1,False,False,6,0
gnn_ewc_replay,adwin,78,250,2,2017-07-06T13:18:02.084347,5000,0.0,0.0,0.0016,4992,8,0,False,False,6,0
gnn_ewc_replay,adwin,79,252,2,2017-07-06T13:35:53.976822,5000,0.0022,0.0022,0.0022,4989,11,0,False,False,6,0
gnn_ewc_replay,adwin,80,253,2,2017-07-06T13:42:48.495516,5000,0.0002,0.0002,0.0002,4999,1,0,False,False,6,0
gnn_ewc_replay,adwin,81,255,2,2017-07-06T13:58:01.440411,5000,0.0006,0.0006,0.0,4997,3,0,False,False,6,0
gnn_ewc_replay,adwin,82,256,2,2017-07-06T14:07:33.699620,5000,0.0,0.0,0.0,5000,0,0,False,False,6,0
gnn_ewc_replay,adwin,83,258,2,2017-07-06T14:36:43.113049,5000,0.0,0.0,0.0,5000,0,0,False,False,6,0
gnn_ewc_replay,adwin,84,259,2,2017-07-06T14:44:47.463686,5000,0.0,0.0,0.0,5000,0,0,True,False,6,0
gnn_ewc_replay,adwin,85,260,2,2017-07-06T14:51:31.044028,5000,0.0,0.0,0.0,5000,0,0,False,False,6,0
gnn_ewc_replay,adwin,86,262,2,2017-07-06T15:02:34.710872,5000,0.0,0.0,0.0,5000,0,0,False,False,6,0
gnn_ewc_replay,adwin,87,263,2,2017-07-06T15:17:36.886104,1631,0.0,0.0,0.0,1631,0,0,False,False,6,0
gnn_ewc_replay,adwin,88,264,3,2017-07-06T15:21:46.077528,5000,0.0,0.0,0.0,5000,0,0,False,False,6,0
gnn_ewc_replay,adwin,89,265,3,2017-07-06T15:57:48.073332,5000,0.0,0.0,0.0,5000,0,0,False,False,6,0
gnn_ewc_replay,adwin,90,267,3,2017-07-06T16:20:01.275888,5000,0.0,0.0,0.0,5000,0,0,False,False,6,0
gnn_ewc_replay,adwin,91,268,3,2017-07-06T16:26:11.443075,5000,0.0,0.0,0.0,5000,0,0,False,False,6,0
gnn_ewc_replay,adwin,92,270,3,2017-07-06T16:41:26.142952,5000,0.0,0.0,0.0,5000,0,0,False,False,6,0
gnn_ewc_replay,adwin,93,271,3,2017-07-06T16:48:23.513508,5000,0.0,0.0,0.0,5000,0,0,False,False,6,0
gnn_ewc_replay,adwin,94,273,3,2017-07-06T17:01:56.124719,5000,0.0,0.0,0.0,5000,0,0,False,False,6,0
gnn_ewc_replay,adwin,95,274,3,2017-07-06T17:09:14.312316,5000,0.0002,0.0002,0.0002,5000,0,0,False,False,6,0
gnn_ewc_replay,adwin,96,275,3,2017-07-06T17:19:03.227873,5000,0.0002,0.0002,0.0002,5000,0,0,False,False,6,0
gnn_ewc_replay,adwin,97,277,3,2017-07-06T17:33:34.194501,5000,0.1946,0.1946,0.1946,5000,0,0,True,True,7,0
gnn_ewc_replay,adwin,98,278,3,2017-07-06T17:39:12.552975,5000,0.0004,0.0004,0.0004,5000,0,0,False,False,7,0
gnn_ewc_replay,adwin,99,280,3,2017-07-06T17:55:09.986251,5000,0.0004,0.0004,0.0004,5000,0,0,False,False,7,0
gnn_ewc_replay,adwin,100,281,3,2017-07-06T17:59:36.467132,5000,0.0002,0.0002,0.0002,5000,0,0,False,False,7,0
gnn_ewc_replay,adwin,101,283,3,2017-07-06T18:07:16.757797,5000,0.0104,0.0104,0.663,1684,3253,63,True,False,7,0
gnn_ewc_replay,adwin,102,284,3,2017-07-06T18:09:57.844506,5000,0.0178,0.0178,0.824,819,3853,328,True,True,8,0
gnn_ewc_replay,adwin,103,285,3,2017-07-06T18:10:49.994872,5000,0.0044,0.0044,0.775,1054,3896,50,True,False,8,0
gnn_ewc_replay,adwin,104,287,3,2017-07-06T18:14:45.755478,5000,0.0002,0.0002,0.3294,3354,1646,0,False,False,8,0
gnn_ewc_replay,adwin,105,288,3,2017-07-06T18:18:04.892579,5000,0.1908,0.1908,0.665,1729,1971,1300,True,False,8,0
gnn_ewc_replay,adwin,106,290,3,2017-07-06T18:20:34.510755,5000,0.0048,0.0048,0.6878,1380,3451,169,True,False,8,0
gnn_ewc_replay,adwin,107,291,3,2017-07-06T18:22:53.483056,5000,0.0,0.0,0.7674,1162,3832,6,False,False,8,0
gnn_ewc_replay,adwin,108,293,3,2017-07-06T18:27:47.326584,5000,0.0,0.0,0.8746,624,4372,4,False,False,8,0
gnn_ewc_replay,adwin,109,294,3,2017-07-06T18:29:08.737619,5000,0.0,0.0,0.6564,1718,3282,0,True,False,8,0
gnn_ewc_replay,adwin,110,295,3,2017-07-06T18:31:05.480703,5000,0.0066,0.0066,0.723,1266,3624,110,False,False,8,0
gnn_ewc_replay,adwin,111,297,3,2017-07-06T18:33:53.760513,5000,0.0066,0.0066,0.512,2409,2591,0,True,True,9,0
gnn_ewc_replay,adwin,112,298,3,2017-07-06T18:37:22.766188,5000,0.0,0.0,0.6834,1583,3417,0,True,False,9,0
gnn_ewc_replay,adwin,113,300,3,2017-07-06T18:40:30.610036,5000,0.001,0.001,0.6866,1562,3438,0,False,False,9,0
gnn_ewc_replay,adwin,114,301,3,2017-07-06T18:42:06.498633,5000,0.0006,0.0006,0.6346,1828,3172,0,False,False,9,0
gnn_ewc_replay,adwin,115,303,3,2017-07-06T18:47:09.422094,5000,0.0,0.0,0.0,5000,0,0,False,False,9,0
gnn_ewc_replay,adwin,116,304,3,2017-07-06T18:54:53.175956,5000,0.0,0.0,0.0,5000,0,0,False,False,9,0
gnn_ewc_replay,adwin,117,305,3,2017-07-06T19:03:28.804011,5000,0.0,0.0,0.0,5000,0,0,False,False,9,0
gnn_ewc_replay,adwin,118,307,3,2017-07-06T19:27:07.705893,5000,0.0,0.0,0.0,5000,0,0,False,False,9,0
gnn_ewc_replay,adwin,119,308,3,2017-07-06T19:34:19.845180,5000,0.0,0.0,0.0,5000,0,0,False,False,9,0
gnn_ewc_replay,adwin,120,310,3,2017-07-06T19:49:46.027609,5000,0.0,0.0,0.0,5000,0,0,False,False,9,0
gnn_ewc_replay,adwin,121,311,3,2017-07-06T19:54:11.940169,5445,0.0,0.0,0.0,5445,0,0,False,False,9,0
gnn_ewc_replay,adwin,122,312,4,2017-07-07T11:59:50.315195,5000,0.0,0.0,0.0,5000,0,0,False,False,9,0
gnn_ewc_replay,adwin,123,313,4,2017-07-07T12:11:03.657511,5000,0.0,0.0,0.0,5000,0,0,False,False,9,0
gnn_ewc_replay,adwin,124,315,4,2017-07-07T12:29:00.190644,5000,0.0,0.0,0.0,5000,0,0,False,False,9,0
gnn_ewc_replay,adwin,125,316,4,2017-07-07T12:37:40.318157,5000,0.0,0.0,0.0,5000,0,0,False,False,9,0
gnn_ewc_replay,adwin,126,318,4,2017-07-07T12:49:25.541221,5000,0.0,0.0,0.0,5000,0,0,False,False,9,0
gnn_ewc_replay,adwin,127,319,4,2017-07-07T12:57:46.514818,5000,0.0,0.0,0.0,5000,0,0,False,False,9,0
gnn_ewc_replay,adwin,128,321,4,2017-07-07T13:06:05.779821,5000,0.0058,0.0058,0.0058,5000,0,0,True,True,10,0
gnn_ewc_replay,adwin,129,322,4,2017-07-07T13:10:50.455475,5000,0.0,0.0,0.0024,4988,12,0,False,False,10,0
gnn_ewc_replay,adwin,130,323,4,2017-07-07T13:17:08.517690,5000,0.0002,0.0002,0.0016,4991,9,0,False,False,10,0
gnn_ewc_replay,adwin,131,325,4,2017-07-07T13:25:25.836703,5000,0.0012,0.0012,0.0118,4944,55,1,False,False,10,0
gnn_ewc_replay,adwin,132,326,4,2017-07-07T13:28:50.168559,5000,0.0008,0.0008,0.0124,4942,58,0,False,False,10,0
gnn_ewc_replay,adwin,133,328,4,2017-07-07T13:36:33.599736,5000,0.003,0.003,0.0372,4829,170,1,False,False,10,0
gnn_ewc_replay,adwin,134,329,4,2017-07-07T13:44:33.114918,5000,0.0032,0.0032,0.0444,4793,171,36,True,True,11,0
gnn_ewc_replay,adwin,135,331,4,2017-07-07T14:03:11.120403,5000,0.0,0.0,0.0,5000,0,0,False,False,11,0
gnn_ewc_replay,adwin,136,332,4,2017-07-07T14:10:48.127689,5000,0.0,0.0,0.0,5000,0,0,False,False,11,0
gnn_ewc_replay,adwin,137,333,4,2017-07-07T14:17:34.746882,5000,0.0,0.0,0.0,5000,0,0,False,False,11,0
gnn_ewc_replay,adwin,138,335,4,2017-07-07T14:29:28.037485,5000,0.0,0.0,0.0,5000,0,0,False,False,11,0
gnn_ewc_replay,adwin,139,336,4,2017-07-07T14:36:46.146039,5000,0.0,0.0,0.0,5000,0,0,False,False,11,0
gnn_ewc_replay,adwin,140,338,4,2017-07-07T14:53:13.213414,5000,0.0004,0.0004,0.0,4998,2,0,False,False,11,0
gnn_ewc_replay,adwin,141,339,4,2017-07-07T15:00:28.242232,5000,0.0,0.0,0.0,5000,0,0,False,False,11,0
gnn_ewc_replay,adwin,142,341,5,2017-07-07T15:28:53.858854,5000,0.0008,0.0008,0.0,4996,0,4,False,False,11,0
gnn_ewc_replay,adwin,143,342,5,2017-07-07T16:08:36.089220,5000,0.0,0.0,0.0,5000,0,0,False,False,11,0
gnn_ewc_replay,adwin,144,344,5,2017-07-07T16:34:33.679764,5000,0.0,0.0,0.0,5000,0,0,False,False,11,0
gnn_ewc_replay,adwin,145,345,5,2017-07-07T16:36:28.449578,5000,0.0,0.0,0.0,5000,0,0,False,False,11,0
gnn_ewc_replay,adwin,146,347,5,2017-07-07T16:50:49.419521,5000,0.0274,0.0274,0.0264,4863,137,0,True,True,12,0
gnn_ewc_replay,adwin,147,348,5,2017-07-07T16:59:16.787988,5000,0.0,0.0,0.0188,4906,94,0,False,False,12,0
gnn_ewc_replay,adwin,148,350,5,2017-07-07T17:13:57.348088,5000,0.0236,0.0236,0.0236,4882,117,1,True,False,12,0
gnn_ewc_replay,adwin,149,351,5,2017-07-07T17:21:37.950704,5000,0.0,0.0,0.0,5000,0,0,False,False,12,0
gnn_ewc_replay,adwin,150,352,5,2017-07-07T17:28:14.273505,5000,0.0,0.0,0.0,5000,0,0,False,False,12,0
gnn_ewc_replay,adwin,151,354,5,2017-07-07T17:45:17.899612,5000,0.0294,0.0294,0.0286,4850,146,4,True,True,13,0
gnn_ewc_replay,adwin,152,355,5,2017-07-07T17:51:45.466435,5000,0.9928,0.9928,0.9924,36,4964,0,True,False,13,0
gnn_ewc_replay,adwin,153,357,5,2017-07-07T17:51:59.159748,5000,0.9956,0.9956,0.9956,22,4978,0,False,False,13,0
gnn_ewc_replay,adwin,154,358,5,2017-07-07T17:52:06.020133,5000,0.9872,0.9872,0.9872,64,4936,0,True,False,13,0
gnn_ewc_replay,adwin,155,360,5,2017-07-07T17:52:19.730775,5000,0.9878,0.9878,0.9878,60,4939,1,True,False,13,0
gnn_ewc_replay,adwin,156,361,5,2017-07-07T17:52:26.609510,5000,0.9948,0.9948,0.9948,26,4974,0,False,False,13,0
gnn_ewc_replay,adwin,157,362,5,2017-07-07T17:52:33.458646,5000,0.9902,0.9902,0.9898,49,4951,0,True,False,13,0
gnn_ewc_replay,adwin,158,364,5,2017-07-07T17:52:47.175885,5000,0.994,0.994,0.994,30,4970,0,False,False,13,0
gnn_ewc_replay,adwin,159,365,5,2017-07-07T17:52:54.036328,5000,0.9786,0.9786,0.9786,107,4893,0,True,False,13,0
gnn_ewc_replay,adwin,160,367,5,2017-07-07T17:54:15.198356,5000,0.9368,0.9368,0.9366,316,4684,0,True,True,14,0
gnn_ewc_replay,adwin,161,368,5,2017-07-07T17:54:21.743673,5000,0.0,0.0,0.9926,37,4963,0,True,False,14,0
gnn_ewc_replay,adwin,162,370,5,2017-07-07T17:54:34.912359,5000,0.0,0.0,0.9606,197,4803,0,False,False,14,0
gnn_ewc_replay,adwin,163,371,5,2017-07-07T17:54:40.199430,5000,0.0,0.0,0.9946,27,4973,0,False,False,14,0
gnn_ewc_replay,adwin,164,372,5,2017-07-07T17:54:46.759913,5000,0.0,0.0,0.9942,29,4971,0,False,False,14,0
gnn_ewc_replay,adwin,165,374,5,2017-07-07T17:54:59.878558,5000,0.0,0.0,0.9906,47,4953,0,False,False,14,0
gnn_ewc_replay,adwin,166,375,5,2017-07-07T17:55:06.426975,5000,0.0,0.0,0.9674,163,4837,0,False,False,14,0
gnn_ewc_replay,adwin,167,377,5,2017-07-07T17:55:19.562795,5000,0.0,0.0,0.9908,46,4954,0,False,False,14,0
gnn_ewc_replay,adwin,168,378,5,2017-07-07T17:55:26.138198,5000,0.0,0.0,0.9918,41,4959,0,False,False,14,0
gnn_ewc_replay,adwin,169,380,5,2017-07-07T17:55:39.290299,5000,0.0,0.0,0.8928,536,4464,0,False,False,14,0
gnn_ewc_replay,adwin,170,381,5,2017-07-07T17:55:45.863226,5000,0.0,0.0,0.936,320,4680,0,False,False,14,0
gnn_ewc_replay,adwin,171,382,5,2017-07-07T17:55:51.164024,5000,0.0,0.0,0.9796,102,4898,0,False,False,14,0
gnn_ewc_replay,adwin,172,384,5,2017-07-07T18:00:43.250620,5000,0.0,0.0,0.0796,4602,398,0,False,False,14,0
gnn_ewc_replay,adwin,173,385,5,2017-07-07T18:08:01.771442,5000,0.0,0.0,0.8088,956,4044,0,False,False,14,0
gnn_ewc_replay,adwin,174,387,5,2017-07-07T18:10:02.151109,5000,0.0,0.0,0.4012,2994,2006,0,False,False,14,0
gnn_ewc_replay,adwin,175,388,5,2017-07-07T18:12:20.353225,5000,0.0048,0.0048,0.0048,5000,0,0,True,True,15,0
gnn_ewc_replay,adwin,176,390,5,2017-07-07T18:22:29.680677,5000,0.0,0.0,0.818,910,4090,0,False,False,15,0
gnn_ewc_replay,adwin,177,391,5,2017-07-07T18:23:24.585570,5000,0.0,0.0,0.485,2575,2425,0,True,False,15,0
gnn_ewc_replay,adwin,178,392,5,2017-07-07T18:27:32.404808,5000,0.0,0.0,0.0,5000,0,0,False,False,15,0
gnn_ewc_replay,adwin,179,394,5,2017-07-07T18:38:01.487913,1117,0.0,0.0,0.0,1117,0,0,False,False,15,0
gnn_ewc_replay,adwin,180,395,6,2017-07-07T18:40:13.106791,5000,0.0,0.0,0.0,5000,0,0,False,False,15,0
gnn_ewc_replay,adwin,181,396,6,2017-07-07T18:51:29.702413,5000,0.4302,0.4302,0.4302,2849,2151,0,True,True,16,0
gnn_ewc_replay,adwin,182,398,6,2017-07-07T18:58:02.196043,5000,0.0022,0.0022,0.7544,1198,3772,30,True,False,16,0
gnn_ewc_replay,adwin,183,399,6,2017-07-07T18:58:48.883331,5000,0.0018,0.0018,0.791,1025,3959,16,False,False,16,0
gnn_ewc_replay,adwin,184,401,6,2017-07-07T19:00:29.056924,5000,0.0054,0.0054,0.8542,700,4279,21,False,False,16,0
gnn_ewc_replay,adwin,185,402,6,2017-07-07T19:01:21.056982,5000,0.0024,0.0024,0.9168,382,4584,34,False,False,16,0
gnn_ewc_replay,adwin,186,404,6,2017-07-07T19:03:17.417002,5000,0.003,0.003,0.8918,514,4468,18,False,False,16,0
gnn_ewc_replay,adwin,187,405,6,2017-07-07T19:04:11.677669,5000,0.0002,0.0002,0.9342,305,4671,24,False,False,16,0
gnn_ewc_replay,adwin,188,406,6,2017-07-07T19:05:10.130947,5000,0.0024,0.0024,0.8698,638,4353,9,False,False,16,0
gnn_ewc_replay,adwin,189,408,6,2017-07-07T19:06:59.997858,5000,0.0,0.0,0.8462,756,4231,13,False,False,16,0
gnn_ewc_replay,adwin,190,409,6,2017-07-07T19:07:51.520364,5000,0.0,0.0,0.8472,753,4236,11,False,False,16,0
gnn_ewc_replay,adwin,191,411,6,2017-07-07T19:09:36.175401,5000,0.0002,0.0002,0.9538,227,4769,4,True,False,16,0
gnn_ewc_replay,adwin,192,412,6,2017-07-07T19:10:34.468512,5000,0.0006,0.0006,0.9152,415,4577,8,False,False,16,0
gnn_ewc_replay,adwin,193,414,6,2017-07-07T19:12:19.835270,5000,0.0014,0.0014,0.8936,521,4468,11,False,False,16,0
gnn_ewc_replay,adwin,194,415,6,2017-07-07T19:13:13.980423,5000,0.0,0.0,0.6772,1601,3386,13,False,False,16,0
gnn_ewc_replay,adwin,195,416,6,2017-07-07T19:13:55.557798,5000,0.0014,0.0014,0.7796,1089,3901,10,False,False,16,0
gnn_ewc_replay,adwin,196,418,6,2017-07-07T19:15:38.304116,5000,0.0046,0.0046,0.566,2160,2809,31,True,True,17,0
gnn_ewc_replay,adwin,197,419,6,2017-07-07T19:20:18.568724,5000,0.0,0.0,0.0,5000,0,0,False,False,17,0
gnn_ewc_replay,adwin,198,421,6,2017-07-07T19:42:08.815711,5000,0.0,0.0,0.0,5000,0,0,False,False,17,0
gnn_ewc_replay,adwin,199,422,6,2017-07-07T19:53:33.828828,3798,0.0,0.0,0.0,3798,0,0,False,False,17,0
gnn_ewc_replay,periodic,0,139,1,2017-07-05T11:42:42.084372,5000,0.0,0.0,0.0,5000,0,0,False,False,0,0
gnn_ewc_replay,periodic,1,140,1,2017-07-05T11:51:47.303080,5000,0.0,0.0,0.0,5000,0,0,False,False,0,0
gnn_ewc_replay,periodic,2,142,1,2017-07-05T12:09:27.601738,5000,0.0,0.0,0.0,5000,0,0,False,False,0,0
gnn_ewc_replay,periodic,3,143,1,2017-07-05T12:14:30.228870,5000,0.0,0.0,0.0,5000,0,0,False,False,0,0
gnn_ewc_replay,periodic,4,145,1,2017-07-05T12:30:25.505932,5000,0.0,0.0,0.0,5000,0,0,False,False,0,0
gnn_ewc_replay,periodic,5,146,1,2017-07-05T12:39:54.047016,5000,0.0,0.0,0.0,5000,0,0,False,False,0,0
gnn_ewc_replay,periodic,6,148,1,2017-07-05T12:52:02.760958,5000,0.1696,0.1696,0.1696,5000,0,0,False,False,0,0
gnn_ewc_replay,periodic,7,149,1,2017-07-05T12:57:13.318901,5000,0.1506,0.1506,0.1506,5000,0,0,False,False,0,0
gnn_ewc_replay,periodic,8,150,1,2017-07-05T13:01:17.744846,5000,0.1364,0.1364,0.1364,5000,0,0,False,False,0,0
gnn_ewc_replay,periodic,9,152,1,2017-07-05T13:12:54.669885,5000,0.068,0.068,0.068,5000,0,0,False,False,0,0
gnn_ewc_replay,periodic,10,153,1,2017-07-05T13:15:48.345465,5000,0.0724,0.0724,0.0724,5000,0,0,False,False,0,0
gnn_ewc_replay,periodic,11,155,1,2017-07-05T13:25:10.453300,5000,0.0816,0.0816,0.0816,5000,0,0,False,False,0,0
gnn_ewc_replay,periodic,12,156,1,2017-07-05T13:29:31.560642,5000,0.0428,0.0428,0.0428,5000,0,0,False,False,0,0
gnn_ewc_replay,periodic,13,158,1,2017-07-05T13:40:19.835821,5000,0.4124,0.4124,0.4124,5000,0,0,False,False,0,0
gnn_ewc_replay,periodic,14,159,1,2017-07-05T13:43:24.912205,5000,0.9854,0.9854,0.9854,5000,0,0,False,False,0,0
gnn_ewc_replay,periodic,15,160,1,2017-07-05T13:43:58.440253,5000,0.986,0.986,0.986,5000,0,0,False,False,0,0
gnn_ewc_replay,periodic,16,162,1,2017-07-05T13:45:05.180353,5000,0.8242,0.8242,0.8242,5000,0,0,False,False,0,0
gnn_ewc_replay,periodic,17,163,1,2017-07-05T13:45:37.096427,5000,0.94,0.94,0.94,5000,0,0,False,False,0,0
gnn_ewc_replay,periodic,18,165,1,2017-07-05T13:46:29.403971,5000,0.8974,0.8974,0.8974,5000,0,0,False,False,0,0
gnn_ewc_replay,periodic,19,166,1,2017-07-05T13:47:01.332086,5000,0.9734,0.9734,0.9734,5000,0,0,False,False,0,0
gnn_ewc_replay,periodic,20,168,1,2017-07-05T13:48:07.965214,5000,0.9862,0.9862,0.9862,5000,0,0,False,False,0,0
gnn_ewc_replay,periodic,21,169,1,2017-07-05T13:48:41.349281,5000,0.9958,0.9958,0.9956,4998,1,1,False,False,0,0
gnn_ewc_replay,periodic,22,170,1,2017-07-05T13:49:14.345333,5000,0.9682,0.9682,0.9682,5000,0,0,False,False,0,0
gnn_ewc_replay,periodic,23,172,1,2017-07-05T13:50:18.918794,5000,0.9886,0.9886,0.9886,5000,0,0,False,False,0,0
gnn_ewc_replay,periodic,24,173,1,2017-07-05T13:50:38.228962,5000,0.961,0.961,0.961,5000,0,0,False,True,1,0
gnn_ewc_replay,periodic,25,175,1,2017-07-05T13:51:44.892056,5000,0.0,0.0,0.8968,516,4484,0,False,False,1,0
gnn_ewc_replay,periodic,26,176,1,2017-07-05T13:52:17.862138,5000,0.0,0.0,0.9862,69,4931,0,False,False,1,0
gnn_ewc_replay,periodic,27,178,1,2017-07-05T13:53:24.358267,5000,0.0,0.0,0.8974,513,4487,0,False,False,1,0
gnn_ewc_replay,periodic,28,179,1,2017-07-05T13:53:56.634131,5000,0.0,0.0,0.9602,199,4801,0,False,False,1,0
gnn_ewc_replay,periodic,29,180,1,2017-07-05T13:54:29.989881,5000,0.0,0.0,0.9614,193,4807,0,False,False,1,0
gnn_ewc_replay,periodic,30,182,1,2017-07-05T13:55:22.166920,5000,0.0,0.0,0.9904,48,4952,0,False,False,1,0
gnn_ewc_replay,periodic,31,183,1,2017-07-05T13:55:55.807965,5000,0.0,0.0,0.9642,179,4821,0,False,False,1,0
gnn_ewc_replay,periodic,32,185,1,2017-07-05T13:57:01.682060,5000,0.0,0.0,0.833,835,4165,0,False,False,1,0
gnn_ewc_replay,periodic,33,186,1,2017-07-05T13:57:20.115614,5000,0.0,0.0,0.9156,421,4578,1,False,False,1,0
gnn_ewc_replay,periodic,34,188,1,2017-07-05T13:58:25.938722,5000,0.0,0.0,0.827,865,4135,0,False,False,1,0
gnn_ewc_replay,periodic,35,189,1,2017-07-05T13:58:58.737812,5000,0.0,0.0,0.9314,343,4657,0,False,False,1,0
gnn_ewc_replay,periodic,36,190,1,2017-07-05T13:59:32.174828,5000,0.0,0.0,0.9632,184,4816,0,False,False,1,0
gnn_ewc_replay,periodic,37,192,1,2017-07-05T14:00:23.948382,5000,0.0,0.0,0.6088,1956,3044,0,False,False,1,0
gnn_ewc_replay,periodic,38,193,1,2017-07-05T14:02:52.031532,5000,0.0,0.0,0.0,5000,0,0,False,False,1,0
gnn_ewc_replay,periodic,39,195,1,2017-07-05T14:12:29.415831,5000,0.0,0.0,0.5148,2426,2574,0,False,False,1,0
gnn_ewc_replay,periodic,40,196,1,2017-07-05T14:17:42.794571,5000,0.0,0.0,0.5242,2379,2621,0,False,False,1,0
gnn_ewc_replay,periodic,41,198,1,2017-07-05T14:31:18.945145,5000,0.0,0.0,0.0,5000,0,0,False,False,1,0
gnn_ewc_replay,periodic,42,199,1,2017-07-05T14:42:55.811755,5000,0.0,0.0,0.0,5000,0,0,False,False,1,0
gnn_ewc_replay,periodic,43,200,1,2017-07-05T14:49:04.254998,5000,0.0,0.0,0.0,5000,0,0,False,False,1,0
gnn_ewc_replay,periodic,44,202,1,2017-07-05T15:02:38.428045,5000,0.0,0.0,0.0,5000,0,0,False,False,1,0
gnn_ewc_replay,periodic,45,203,1,2017-07-05T15:14:29.623535,5000,0.0,0.0,0.0,5000,0,0,False,False,1,0
gnn_ewc_replay,periodic,46,205,1,2017-07-05T15:57:46.023320,5000,0.0,0.0,0.0,5000,0,0,False,False,1,0
gnn_ewc_replay,periodic,47,206,1,2017-07-05T16:11:21.785357,5000,0.0,0.0,0.0,5000,0,0,False,False,1,0
gnn_ewc_replay,periodic,48,208,1,2017-07-05T16:26:17.988361,5000,0.0,0.0,0.0,5000,0,0,False,False,1,0
gnn_ewc_replay,periodic,49,209,1,2017-07-05T16:33:30.652614,5000,0.0,0.0,0.0,5000,0,0,False,True,2,0
gnn_ewc_replay,periodic,50,210,1,2017-07-05T16:44:07.514721,5000,0.0,0.0,0.0,5000,0,0,False,False,2,0
gnn_ewc_replay,periodic,51,212,1,2017-07-05T16:58:27.864246,5000,0.0,0.0,0.0,5000,0,0,False,False,2,0
gnn_ewc_replay,periodic,52,213,1,2017-07-05T17:04:53.987116,5000,0.0,0.0,0.0,5000,0,0,False,False,2,0
gnn_ewc_replay,periodic,53,215,1,2017-07-05T17:17:43.888859,5000,0.0004,0.0004,0.0,4998,2,0,False,False,2,0
gnn_ewc_replay,periodic,54,216,1,2017-07-05T17:25:11.387702,5000,0.0,0.0,0.0,5000,0,0,False,False,2,0
gnn_ewc_replay,periodic,55,218,1,2017-07-05T17:32:09.292244,5000,0.0,0.0,0.0,5000,0,0,False,False,2,0
gnn_ewc_replay,periodic,56,219,1,2017-07-05T17:36:30.842330,5000,0.0,0.0,0.0,5000,0,0,False,False,2,0
gnn_ewc_replay,periodic,57,220,1,2017-07-05T17:44:46.125001,5000,0.0,0.0,0.0,5000,0,0,False,False,2,0
gnn_ewc_replay,periodic,58,222,1,2017-07-05T18:03:49.082999,5000,0.0,0.0,0.0,5000,0,0,False,False,2,0
gnn_ewc_replay,periodic,59,223,1,2017-07-05T18:09:29.961498,5000,0.0,0.0,0.0,4998,0,2,False,False,2,0
gnn_ewc_replay,periodic,60,225,1,2017-07-05T18:14:52.374862,5000,0.0004,0.0004,0.0004,4999,0,1,False,False,2,0
gnn_ewc_replay,periodic,61,226,1,2017-07-05T18:18:42.833755,5000,0.0002,0.0002,0.0002,5000,0,0,False,False,2,0
gnn_ewc_replay,periodic,62,228,1,2017-07-05T18:28:02.917391,5000,0.0006,0.0006,0.0006,5000,0,0,False,False,2,0
gnn_ewc_replay,periodic,63,229,1,2017-07-05T18:34:28.100119,5000,0.0,0.0,0.0,5000,0,0,False,False,2,0
gnn_ewc_replay,periodic,64,230,1,2017-07-05T18:46:02.220861,5000,0.0,0.0,0.0,5000,0,0,False,False,2,0
gnn_ewc_replay,periodic,65,232,1,2017-07-05T19:08:00.288731,5000,0.0,0.0,0.0,5000,0,0,False,False,2,0
gnn_ewc_replay,periodic,66,233,1,2017-07-05T19:16:31.400416,5000,0.0,0.0,0.0,5000,0,0,False,False,2,0
gnn_ewc_replay,periodic,67,235,1,2017-07-05T19:34:27.924119,5000,0.0,0.0,0.0,5000,0,0,False,False,2,0
gnn_ewc_replay,periodic,68,236,1,2017-07-05T19:42:27.366104,5000,0.0,0.0,0.0,5000,0,0,False,False,2,0
gnn_ewc_replay,periodic,69,238,1,2017-07-05T20:01:58.214404,1639,0.0,0.0,0.0,1639,0,0,False,False,2,0
gnn_ewc_replay,periodic,70,239,2,2017-07-06T11:59:00.490140,5000,0.0,0.0,0.0,5000,0,0,False,False,2,0
gnn_ewc_replay,periodic,71,240,2,2017-07-06T12:10:15.682034,5000,0.0,0.0,0.0,5000,0,0,False,False,2,0
gnn_ewc_replay,periodic,72,242,2,2017-07-06T12:22:45.174419,5000,0.0024,0.0024,0.0024,4988,12,0,False,False,2,0
gnn_ewc_replay,periodic,73,243,2,2017-07-06T12:29:10.306594,5000,0.004,0.004,0.002,4980,16,4,False,False,2,0
gnn_ewc_replay,periodic,74,245,2,2017-07-06T12:39:29.210704,5000,0.004,0.004,0.002,4980,20,0,False,True,3,0
gnn_ewc_replay,periodic,75,246,2,2017-07-06T12:44:44.087288,5000,0.0,0.0,0.0024,4982,12,6,False,False,3,0
gnn_ewc_replay,periodic,76,248,2,2017-07-06T12:56:59.488182,5000,0.0,0.0,0.001,4995,5,0,False,False,3,0
gnn_ewc_replay,periodic,77,249,2,2017-07-06T13:06:47.480861,5000,0.0004,0.0004,0.0004,4995,3,2,False,False,3,0
gnn_ewc_replay,periodic,78,250,2,2017-07-06T13:18:02.084347,5000,0.0,0.0,0.0016,4992,8,0,False,False,3,0
gnn_ewc_replay,periodic,79,252,2,2017-07-06T13:35:53.976822,5000,0.0022,0.0022,0.0022,4989,11,0,False,False,3,0
gnn_ewc_replay,periodic,80,253,2,2017-07-06T13:42:48.495516,5000,0.0002,0.0002,0.0002,4998,0,2,False,False,3,0
gnn_ewc_replay,periodic,81,255,2,2017-07-06T13:58:01.440411,5000,0.0,0.0,0.0,5000,0,0,False,False,3,0
gnn_ewc_replay,periodic,82,256,2,2017-07-06T14:07:33.699620,5000,0.0,0.0,0.0,5000,0,0,False,False,3,0
gnn_ewc_replay,periodic,83,258,2,2017-07-06T14:36:43.113049,5000,0.0,0.0,0.0,5000,0,0,False,False,3,0
gnn_ewc_replay,periodic,84,259,2,2017-07-06T14:44:47.463686,5000,0.0,0.0,0.0,5000,0,0,False,False,3,0
gnn_ewc_replay,periodic,85,260,2,2017-07-06T14:51:31.044028,5000,0.0,0.0,0.0,5000,0,0,False,False,3,0
gnn_ewc_replay,periodic,86,262,2,2017-07-06T15:02:34.710872,5000,0.0,0.0,0.0,5000,0,0,False,False,3,0
gnn_ewc_replay,periodic,87,263,2,2017-07-06T15:17:36.886104,1631,0.0,0.0,0.0,1631,0,0,False,False,3,0
gnn_ewc_replay,periodic,88,264,3,2017-07-06T15:21:46.077528,5000,0.0,0.0,0.0,5000,0,0,False,False,3,0
gnn_ewc_replay,periodic,89,265,3,2017-07-06T15:57:48.073332,5000,0.0,0.0,0.0,5000,0,0,False,False,3,0
gnn_ewc_replay,periodic,90,267,3,2017-07-06T16:20:01.275888,5000,0.0,0.0,0.0,5000,0,0,False,False,3,0
gnn_ewc_replay,periodic,91,268,3,2017-07-06T16:26:11.443075,5000,0.0,0.0,0.0,5000,0,0,False,False,3,0
gnn_ewc_replay,periodic,92,270,3,2017-07-06T16:41:26.142952,5000,0.0,0.0,0.0,5000,0,0,False,False,3,0
gnn_ewc_replay,periodic,93,271,3,2017-07-06T16:48:23.513508,5000,0.0,0.0,0.0,5000,0,0,False,False,3,0
gnn_ewc_replay,periodic,94,273,3,2017-07-06T17:01:56.124719,5000,0.0,0.0,0.0,5000,0,0,False,False,3,0
gnn_ewc_replay,periodic,95,274,3,2017-07-06T17:09:14.312316,5000,0.0002,0.0002,0.0002,5000,0,0,False,False,3,0
gnn_ewc_replay,periodic,96,275,3,2017-07-06T17:19:03.227873,5000,0.0002,0.0002,0.0002,5000,0,0,False,False,3,0
gnn_ewc_replay,periodic,97,277,3,2017-07-06T17:33:34.194501,5000,0.1946,0.1946,0.1946,5000,0,0,False,False,3,0
gnn_ewc_replay,periodic,98,278,3,2017-07-06T17:39:12.552975,5000,0.0004,0.0004,0.0004,5000,0,0,False,False,3,0
gnn_ewc_replay,periodic,99,280,3,2017-07-06T17:55:09.986251,5000,0.0004,0.0004,0.0004,5000,0,0,False,True,4,0
gnn_ewc_replay,periodic,100,281,3,2017-07-06T17:59:36.467132,5000,0.0002,0.0002,0.0002,5000,0,0,False,False,4,0
gnn_ewc_replay,periodic,101,283,3,2017-07-06T18:07:16.757797,5000,0.0232,0.0232,0.663,1758,2576,666,False,False,4,0
gnn_ewc_replay,periodic,102,284,3,2017-07-06T18:09:57.844506,5000,0.0538,0.0538,0.824,842,2928,1230,False,False,4,0
gnn_ewc_replay,periodic,103,285,3,2017-07-06T18:10:49.994872,5000,0.1726,0.1726,0.775,1168,1923,1909,False,False,4,0
gnn_ewc_replay,periodic,104,287,3,2017-07-06T18:14:45.755478,5000,0.0354,0.0354,0.3294,3431,825,744,False,False,4,0
gnn_ewc_replay,periodic,105,288,3,2017-07-06T18:18:04.892579,5000,0.4872,0.4872,0.665,2341,18,2641,False,False,4,0
gnn_ewc_replay,periodic,106,290,3,2017-07-06T18:20:34.510755,5000,0.2696,0.2696,0.6878,1803,1073,2124,False,False,4,0
gnn_ewc_replay,periodic,107,291,3,2017-07-06T18:22:53.483056,5000,0.1872,0.1872,0.7674,1244,2112,1644,False,False,4,0
gnn_ewc_replay,periodic,108,293,3,2017-07-06T18:27:47.326584,5000,0.0228,0.0228,0.8746,661,3650,689,False,False,4,0
gnn_ewc_replay,periodic,109,294,3,2017-07-06T18:29:08.737619,5000,0.013,0.013,0.6564,1761,3095,144,False,False,4,0
gnn_ewc_replay,periodic,110,295,3,2017-07-06T18:31:05.480703,5000,0.2066,0.2066,0.723,1371,1735,1894,False,False,4,0
gnn_ewc_replay,periodic,111,297,3,2017-07-06T18:33:53.760513,5000,0.3596,0.3596,0.512,3628,47,1325,False,False,4,0
gnn_ewc_replay,periodic,112,298,3,2017-07-06T18:37:22.766188,5000,0.004,0.004,0.6834,1601,3392,7,False,False,4,0
gnn_ewc_replay,periodic,113,300,3,2017-07-06T18:40:30.610036,5000,0.5154,0.5154,0.6866,1937,300,2763,False,False,4,0
gnn_ewc_replay,periodic,114,301,3,2017-07-06T18:42:06.498633,5000,0.0038,0.0038,0.6346,1845,3069,86,False,False,4,0
gnn_ewc_replay,periodic,115,303,3,2017-07-06T18:47:09.422094,5000,0.0,0.0,0.0,5000,0,0,False,False,4,0
gnn_ewc_replay,periodic,116,304,3,2017-07-06T18:54:53.175956,5000,0.0,0.0,0.0,5000,0,0,False,False,4,0
gnn_ewc_replay,periodic,117,305,3,2017-07-06T19:03:28.804011,5000,0.0,0.0,0.0,5000,0,0,False,False,4,0
gnn_ewc_replay,periodic,118,307,3,2017-07-06T19:27:07.705893,5000,0.0004,0.0004,0.0,4996,0,4,False,False,4,0
gnn_ewc_replay,periodic,119,308,3,2017-07-06T19:34:19.845180,5000,0.0,0.0,0.0,5000,0,0,False,False,4,0
gnn_ewc_replay,periodic,120,310,3,2017-07-06T19:49:46.027609,5000,0.0,0.0,0.0,5000,0,0,False,False,4,0
gnn_ewc_replay,periodic,121,311,3,2017-07-06T19:54:11.940169,5445,0.0,0.0,0.0,5445,0,0,False,False,4,0
gnn_ewc_replay,periodic,122,312,4,2017-07-07T11:59:50.315195,5000,0.0,0.0,0.0,5000,0,0,False,False,4,0
gnn_ewc_replay,periodic,123,313,4,2017-07-07T12:11:03.657511,5000,0.0,0.0,0.0,5000,0,0,False,False,4,0
gnn_ewc_replay,periodic,124,315,4,2017-07-07T12:29:00.190644,5000,0.0,0.0,0.0,5000,0,0,False,True,5,0
gnn_ewc_replay,periodic,125,316,4,2017-07-07T12:37:40.318157,5000,0.0,0.0,0.0,5000,0,0,False,False,5,0
gnn_ewc_replay,periodic,126,318,4,2017-07-07T12:49:25.541221,5000,0.0,0.0,0.0,5000,0,0,False,False,5,0
gnn_ewc_replay,periodic,127,319,4,2017-07-07T12:57:46.514818,5000,0.0,0.0,0.0,5000,0,0,False,False,5,0
gnn_ewc_replay,periodic,128,321,4,2017-07-07T13:06:05.779821,5000,0.0058,0.0058,0.0058,5000,0,0,False,False,5,0
gnn_ewc_replay,periodic,129,322,4,2017-07-07T13:10:50.455475,5000,0.0024,0.0024,0.0024,5000,0,0,False,False,5,0
gnn_ewc_replay,periodic,130,323,4,2017-07-07T13:17:08.517690,5000,0.0016,0.0016,0.0016,5000,0,0,False,False,5,0
gnn_ewc_replay,periodic,131,325,4,2017-07-07T13:25:25.836703,5000,0.0118,0.0118,0.0118,5000,0,0,False,False,5,0
gnn_ewc_replay,periodic,132,326,4,2017-07-07T13:28:50.168559,5000,0.0124,0.0124,0.0124,5000,0,0,False,False,5,0
gnn_ewc_replay,periodic,133,328,4,2017-07-07T13:36:33.599736,5000,0.0372,0.0372,0.0372,5000,0,0,False,False,5,0
gnn_ewc_replay,periodic,134,329,4,2017-07-07T13:44:33.114918,5000,0.0444,0.0444,0.0444,5000,0,0,False,False,5,0
gnn_ewc_replay,periodic,135,331,4,2017-07-07T14:03:11.120403,5000,0.0,0.0,0.0,5000,0,0,False,False,5,0
gnn_ewc_replay,periodic,136,332,4,2017-07-07T14:10:48.127689,5000,0.0,0.0,0.0,5000,0,0,False,False,5,0
gnn_ewc_replay,periodic,137,333,4,2017-07-07T14:17:34.746882,5000,0.0,0.0,0.0,5000,0,0,False,False,5,0
gnn_ewc_replay,periodic,138,335,4,2017-07-07T14:29:28.037485,5000,0.0,0.0,0.0,5000,0,0,False,False,5,0
gnn_ewc_replay,periodic,139,336,4,2017-07-07T14:36:46.146039,5000,0.0,0.0,0.0,5000,0,0,False,False,5,0
gnn_ewc_replay,periodic,140,338,4,2017-07-07T14:53:13.213414,5000,0.0004,0.0004,0.0,4998,0,2,False,False,5,0
gnn_ewc_replay,periodic,141,339,4,2017-07-07T15:00:28.242232,5000,0.0,0.0,0.0,5000,0,0,False,False,5,0
gnn_ewc_replay,periodic,142,341,5,2017-07-07T15:28:53.858854,5000,0.0008,0.0008,0.0,4996,4,0,False,False,5,0
gnn_ewc_replay,periodic,143,342,5,2017-07-07T16:08:36.089220,5000,0.0,0.0,0.0,5000,0,0,False,False,5,0
gnn_ewc_replay,periodic,144,344,5,2017-07-07T16:34:33.679764,5000,0.0,0.0,0.0,5000,0,0,False,False,5,0
gnn_ewc_replay,periodic,145,345,5,2017-07-07T16:36:28.449578,5000,0.0,0.0,0.0,5000,0,0,False,False,5,0
gnn_ewc_replay,periodic,146,347,5,2017-07-07T16:50:49.419521,5000,0.0264,0.0264,0.0264,4868,132,0,False,False,5,0
gnn_ewc_replay,periodic,147,348,5,2017-07-07T16:59:16.787988,5000,0.0188,0.0188,0.0188,4906,94,0,False,False,5,0
gnn_ewc_replay,periodic,148,350,5,2017-07-07T17:13:57.348088,5000,0.0236,0.0236,0.0236,4884,97,19,False,False,5,0
gnn_ewc_replay,periodic,149,351,5,2017-07-07T17:21:37.950704,5000,0.0,0.0,0.0,5000,0,0,False,True,6,0
gnn_ewc_replay,periodic,150,352,5,2017-07-07T17:28:14.273505,5000,0.0,0.0,0.0,5000,0,0,False,False,6,0
gnn_ewc_replay,periodic,151,354,5,2017-07-07T17:45:17.899612,5000,0.0006,0.0006,0.0286,4853,137,10,False,False,6,0
gnn_ewc_replay,periodic,152,355,5,2017-07-07T17:51:45.466435,5000,0.9924,0.9924,0.9924,38,4962,0,False,False,6,0
gnn_ewc_replay,periodic,153,357,5,2017-07-07T17:51:59.159748,5000,0.9956,0.9956,0.9956,22,4978,0,False,False,6,0
gnn_ewc_replay,periodic,154,358,5,2017-07-07T17:52:06.020133,5000,0.9872,0.9872,0.9872,64,4936,0,False,False,6,0
gnn_ewc_replay,periodic,155,360,5,2017-07-07T17:52:19.730775,5000,0.9878,0.9878,0.9878,61,4939,0,False,False,6,0
gnn_ewc_replay,periodic,156,361,5,2017-07-07T17:52:26.609510,5000,0.9948,0.9948,0.9948,26,4974,0,False,False,6,0
gnn_ewc_replay,periodic,157,362,5,2017-07-07T17:52:33.458646,5000,0.9898,0.9898,0.9898,51,4949,0,False,False,6,0
gnn_ewc_replay,periodic,158,364,5,2017-07-07T17:52:47.175885,5000,0.994,0.994,0.994,30,4970,0,False,False,6,0
gnn_ewc_replay,periodic,159,365,5,2017-07-07T17:52:54.036328,5000,0.9786,0.9786,0.9786,107,4893,0,False,False,6,0
gnn_ewc_replay,periodic,160,367,5,2017-07-07T17:54:15.198356,5000,0.9368,0.9368,0.9366,316,4684,0,False,False,6,0
gnn_ewc_replay,periodic,161,368,5,2017-07-07T17:54:21.743673,5000,0.9928,0.9928,0.9926,36,4963,1,False,False,6,0
gnn_ewc_replay,periodic,162,370,5,2017-07-07T17:54:34.912359,5000,0.9606,0.9606,0.9606,197,4803,0,False,False,6,0
gnn_ewc_replay,periodic,163,371,5,2017-07-07T17:54:40.199430,5000,0.9946,0.9946,0.9946,27,4973,0,False,False,6,0
gnn_ewc_replay,periodic,164,372,5,2017-07-07T17:54:46.759913,5000,0.9942,0.9942,0.9942,29,4971,0,False,False,6,0
gnn_ewc_replay,periodic,165,374,5,2017-07-07T17:54:59.878558,5000,0.9906,0.9906,0.9906,47,4953,0,False,False,6,0
gnn_ewc_replay,periodic,166,375,5,2017-07-07T17:55:06.426975,5000,0.9674,0.9674,0.9674,163,4837,0,False,False,6,0
gnn_ewc_replay,periodic,167,377,5,2017-07-07T17:55:19.562795,5000,0.9908,0.9908,0.9908,46,4954,0,False,False,6,0
gnn_ewc_replay,periodic,168,378,5,2017-07-07T17:55:26.138198,5000,0.9918,0.9918,0.9918,41,4959,0,False,False,6,0
gnn_ewc_replay,periodic,169,380,5,2017-07-07T17:55:39.290299,5000,0.8928,0.8928,0.8928,536,4464,0,False,False,6,0
gnn_ewc_replay,periodic,170,381,5,2017-07-07T17:55:45.863226,5000,0.936,0.936,0.936,320,4680,0,False,False,6,0
gnn_ewc_replay,periodic,171,382,5,2017-07-07T17:55:51.164024,5000,0.9796,0.9796,0.9796,102,4898,0,False,False,6,0
gnn_ewc_replay,periodic,172,384,5,2017-07-07T18:00:43.250620,5000,0.0786,0.0786,0.0796,4602,391,7,False,False,6,0
gnn_ewc_replay,periodic,173,385,5,2017-07-07T18:08:01.771442,5000,0.8088,0.8088,0.8088,956,4044,0,False,False,6,0
gnn_ewc_replay,periodic,174,387,5,2017-07-07T18:10:02.151109,5000,0.4012,0.4012,0.4012,2994,2005,1,False,True,7,0
gnn_ewc_replay,periodic,175,388,5,2017-07-07T18:12:20.353225,5000,0.0048,0.0048,0.0048,5000,0,0,False,False,7,0
gnn_ewc_replay,periodic,176,390,5,2017-07-07T18:22:29.680677,5000,0.0,0.0,0.818,910,4090,0,False,False,7,0
gnn_ewc_replay,periodic,177,391,5,2017-07-07T18:23:24.585570,5000,0.0,0.0,0.485,2575,2425,0,False,False,7,0
gnn_ewc_replay,periodic,178,392,5,2017-07-07T18:27:32.404808,5000,0.0,0.0,0.0,5000,0,0,False,False,7,0
gnn_ewc_replay,periodic,179,394,5,2017-07-07T18:38:01.487913,1117,0.0,0.0,0.0,1117,0,0,False,False,7,0
gnn_ewc_replay,periodic,180,395,6,2017-07-07T18:40:13.106791,5000,0.0,0.0,0.0,5000,0,0,False,False,7,0
gnn_ewc_replay,periodic,181,396,6,2017-07-07T18:51:29.702413,5000,0.4302,0.4302,0.4302,2849,2151,0,False,False,7,0
gnn_ewc_replay,periodic,182,398,6,2017-07-07T18:58:02.196043,5000,0.7544,0.7544,0.7544,1228,3772,0,False,False,7,0
gnn_ewc_replay,periodic,183,399,6,2017-07-07T18:58:48.883331,5000,0.7922,0.7922,0.791,1039,3957,4,False,False,7,0
gnn_ewc_replay,periodic,184,401,6,2017-07-07T19:00:29.056924,5000,0.8544,0.8544,0.8542,728,4272,0,False,False,7,0
gnn_ewc_replay,periodic,185,402,6,2017-07-07T19:01:21.056982,5000,0.9168,0.9168,0.9168,416,4584,0,False,False,7,0
gnn_ewc_replay,periodic,186,404,6,2017-07-07T19:03:17.417002,5000,0.8922,0.8922,0.8918,539,4461,0,False,False,7,0
gnn_ewc_replay,periodic,187,405,6,2017-07-07T19:04:11.677669,5000,0.9342,0.9342,0.9342,329,4671,0,False,False,7,0
gnn_ewc_replay,periodic,188,406,6,2017-07-07T19:05:10.130947,5000,0.8702,0.8702,0.8698,649,4350,1,False,False,7,0
gnn_ewc_replay,periodic,189,408,6,2017-07-07T19:06:59.997858,5000,0.8466,0.8466,0.8462,767,4233,0,False,False,7,0
gnn_ewc_replay,periodic,190,409,6,2017-07-07T19:07:51.520364,5000,0.8476,0.8476,0.8472,762,4238,0,False,False,7,0
gnn_ewc_replay,periodic,191,411,6,2017-07-07T19:09:36.175401,5000,0.9538,0.9538,0.9538,231,4769,0,False,False,7,0
gnn_ewc_replay,periodic,192,412,6,2017-07-07T19:10:34.468512,5000,0.9168,0.9168,0.9152,416,4581,3,False,False,7,0
gnn_ewc_replay,periodic,193,414,6,2017-07-07T19:12:19.835270,5000,0.8936,0.8936,0.8936,532,4468,0,False,False,7,0
gnn_ewc_replay,periodic,194,415,6,2017-07-07T19:13:13.980423,5000,0.6772,0.6772,0.6772,1614,3386,0,False,False,7,0
gnn_ewc_replay,periodic,195,416,6,2017-07-07T19:13:55.557798,5000,0.7804,0.7804,0.7796,1098,3902,0,False,False,7,0
gnn_ewc_replay,periodic,196,418,6,2017-07-07T19:15:38.304116,5000,0.5672,0.5672,0.566,2164,2835,1,False,False,7,0
gnn_ewc_replay,periodic,197,419,6,2017-07-07T19:20:18.568724,5000,0.0,0.0,0.0,5000,0,0,False,False,7,0
gnn_ewc_replay,periodic,198,421,6,2017-07-07T19:42:08.815711,5000,0.0,0.0,0.0,5000,0,0,False,False,7,0
gnn_ewc_replay,periodic,199,422,6,2017-07-07T19:53:33.828828,3798,0.0,0.0,0.0,3798,0,0,False,True,8,0
gnn_ewc_replay,oracle,0,139,1,2017-07-05T11:42:42.084372,5000,0.0,0.0,0.0,5000,0,0,False,False,0,0
gnn_ewc_replay,oracle,1,140,1,2017-07-05T11:51:47.303080,5000,0.0,0.0,0.0,5000,0,0,False,False,0,0
gnn_ewc_replay,oracle,2,142,1,2017-07-05T12:09:27.601738,5000,0.0,0.0,0.0,5000,0,0,False,False,0,0
gnn_ewc_replay,oracle,3,143,1,2017-07-05T12:14:30.228870,5000,0.0,0.0,0.0,5000,0,0,False,False,0,0
gnn_ewc_replay,oracle,4,145,1,2017-07-05T12:30:25.505932,5000,0.0,0.0,0.0,5000,0,0,False,False,0,0
gnn_ewc_replay,oracle,5,146,1,2017-07-05T12:39:54.047016,5000,0.0,0.0,0.0,5000,0,0,False,False,0,0
gnn_ewc_replay,oracle,6,148,1,2017-07-05T12:52:02.760958,5000,0.1696,0.1696,0.1696,5000,0,0,False,False,0,0
gnn_ewc_replay,oracle,7,149,1,2017-07-05T12:57:13.318901,5000,0.1506,0.1506,0.1506,5000,0,0,False,False,0,0
gnn_ewc_replay,oracle,8,150,1,2017-07-05T13:01:17.744846,5000,0.1364,0.1364,0.1364,5000,0,0,False,False,0,0
gnn_ewc_replay,oracle,9,152,1,2017-07-05T13:12:54.669885,5000,0.068,0.068,0.068,5000,0,0,False,False,0,0
gnn_ewc_replay,oracle,10,153,1,2017-07-05T13:15:48.345465,5000,0.0724,0.0724,0.0724,5000,0,0,False,False,0,0
gnn_ewc_replay,oracle,11,155,1,2017-07-05T13:25:10.453300,5000,0.0816,0.0816,0.0816,5000,0,0,False,False,0,0
gnn_ewc_replay,oracle,12,156,1,2017-07-05T13:29:31.560642,5000,0.0428,0.0428,0.0428,5000,0,0,False,False,0,0
gnn_ewc_replay,oracle,13,158,1,2017-07-05T13:40:19.835821,5000,0.4124,0.4124,0.4124,5000,0,0,False,False,0,0
gnn_ewc_replay,oracle,14,159,1,2017-07-05T13:43:24.912205,5000,0.9854,0.9854,0.9854,5000,0,0,False,False,0,0
gnn_ewc_replay,oracle,15,160,1,2017-07-05T13:43:58.440253,5000,0.986,0.986,0.986,5000,0,0,False,False,0,0
gnn_ewc_replay,oracle,16,162,1,2017-07-05T13:45:05.180353,5000,0.8242,0.8242,0.8242,5000,0,0,False,False,0,0
gnn_ewc_replay,oracle,17,163,1,2017-07-05T13:45:37.096427,5000,0.94,0.94,0.94,5000,0,0,False,False,0,0
gnn_ewc_replay,oracle,18,165,1,2017-07-05T13:46:29.403971,5000,0.8974,0.8974,0.8974,5000,0,0,False,False,0,0
gnn_ewc_replay,oracle,19,166,1,2017-07-05T13:47:01.332086,5000,0.9734,0.9734,0.9734,5000,0,0,False,False,0,0
gnn_ewc_replay,oracle,20,168,1,2017-07-05T13:48:07.965214,5000,0.9862,0.9862,0.9862,5000,0,0,False,False,0,0
gnn_ewc_replay,oracle,21,169,1,2017-07-05T13:48:41.349281,5000,0.9958,0.9958,0.9956,4998,1,1,False,False,0,0
gnn_ewc_replay,oracle,22,170,1,2017-07-05T13:49:14.345333,5000,0.9682,0.9682,0.9682,5000,0,0,False,False,0,0
gnn_ewc_replay,oracle,23,172,1,2017-07-05T13:50:18.918794,5000,0.9886,0.9886,0.9886,5000,0,0,False,False,0,0
gnn_ewc_replay,oracle,24,173,1,2017-07-05T13:50:38.228962,5000,0.961,0.961,0.961,5000,0,0,False,False,0,0
gnn_ewc_replay,oracle,25,175,1,2017-07-05T13:51:44.892056,5000,0.8968,0.8968,0.8968,5000,0,0,False,False,0,0
gnn_ewc_replay,oracle,26,176,1,2017-07-05T13:52:17.862138,5000,0.9866,0.9866,0.9862,4996,2,2,False,False,0,0
gnn_ewc_replay,oracle,27,178,1,2017-07-05T13:53:24.358267,5000,0.8974,0.8974,0.8974,5000,0,0,False,False,0,0
gnn_ewc_replay,oracle,28,179,1,2017-07-05T13:53:56.634131,5000,0.9602,0.9602,0.9602,5000,0,0,False,False,0,0
gnn_ewc_replay,oracle,29,180,1,2017-07-05T13:54:29.989881,5000,0.9614,0.9614,0.9614,5000,0,0,False,False,0,0
gnn_ewc_replay,oracle,30,182,1,2017-07-05T13:55:22.166920,5000,0.9904,0.9904,0.9904,5000,0,0,False,False,0,0
gnn_ewc_replay,oracle,31,183,1,2017-07-05T13:55:55.807965,5000,0.9642,0.9642,0.9642,5000,0,0,False,False,0,0
gnn_ewc_replay,oracle,32,185,1,2017-07-05T13:57:01.682060,5000,0.833,0.833,0.833,5000,0,0,False,False,0,0
gnn_ewc_replay,oracle,33,186,1,2017-07-05T13:57:20.115614,5000,0.9156,0.9156,0.9156,5000,0,0,False,False,0,0
gnn_ewc_replay,oracle,34,188,1,2017-07-05T13:58:25.938722,5000,0.827,0.827,0.827,5000,0,0,False,False,0,0
gnn_ewc_replay,oracle,35,189,1,2017-07-05T13:58:58.737812,5000,0.9314,0.9314,0.9314,5000,0,0,False,False,0,0
gnn_ewc_replay,oracle,36,190,1,2017-07-05T13:59:32.174828,5000,0.9632,0.9632,0.9632,5000,0,0,False,False,0,0
gnn_ewc_replay,oracle,37,192,1,2017-07-05T14:00:23.948382,5000,0.6088,0.6088,0.6088,5000,0,0,False,False,0,0
gnn_ewc_replay,oracle,38,193,1,2017-07-05T14:02:52.031532,5000,0.0,0.0,0.0,5000,0,0,False,False,0,0
gnn_ewc_replay,oracle,39,195,1,2017-07-05T14:12:29.415831,5000,0.5148,0.5148,0.5148,5000,0,0,False,False,0,0
gnn_ewc_replay,oracle,40,196,1,2017-07-05T14:17:42.794571,5000,0.5242,0.5242,0.5242,5000,0,0,False,False,0,0
gnn_ewc_replay,oracle,41,198,1,2017-07-05T14:31:18.945145,5000,0.0,0.0,0.0,5000,0,0,False,False,0,0
gnn_ewc_replay,oracle,42,199,1,2017-07-05T14:42:55.811755,5000,0.0,0.0,0.0,5000,0,0,False,False,0,0
gnn_ewc_replay,oracle,43,200,1,2017-07-05T14:49:04.254998,5000,0.0,0.0,0.0,5000,0,0,False,False,0,0
gnn_ewc_replay,oracle,44,202,1,2017-07-05T15:02:38.428045,5000,0.0,0.0,0.0,5000,0,0,False,False,0,0
gnn_ewc_replay,oracle,45,203,1,2017-07-05T15:14:29.623535,5000,0.0,0.0,0.0,5000,0,0,False,False,0,0
gnn_ewc_replay,oracle,46,205,1,2017-07-05T15:57:46.023320,5000,0.0,0.0,0.0,5000,0,0,False,False,0,0
gnn_ewc_replay,oracle,47,206,1,2017-07-05T16:11:21.785357,5000,0.0,0.0,0.0,5000,0,0,False,False,0,0
gnn_ewc_replay,oracle,48,208,1,2017-07-05T16:26:17.988361,5000,0.0,0.0,0.0,5000,0,0,False,False,0,0
gnn_ewc_replay,oracle,49,209,1,2017-07-05T16:33:30.652614,5000,0.0,0.0,0.0,5000,0,0,False,False,0,0
gnn_ewc_replay,oracle,50,210,1,2017-07-05T16:44:07.514721,5000,0.0,0.0,0.0,5000,0,0,False,False,0,0
gnn_ewc_replay,oracle,51,212,1,2017-07-05T16:58:27.864246,5000,0.0,0.0,0.0,5000,0,0,False,False,0,0
gnn_ewc_replay,oracle,52,213,1,2017-07-05T17:04:53.987116,5000,0.0,0.0,0.0,5000,0,0,False,False,0,0
gnn_ewc_replay,oracle,53,215,1,2017-07-05T17:17:43.888859,5000,0.0004,0.0004,0.0,4998,2,0,False,False,0,0
gnn_ewc_replay,oracle,54,216,1,2017-07-05T17:25:11.387702,5000,0.0,0.0,0.0,5000,0,0,False,False,0,0
gnn_ewc_replay,oracle,55,218,1,2017-07-05T17:32:09.292244,5000,0.0,0.0,0.0,5000,0,0,False,False,0,0
gnn_ewc_replay,oracle,56,219,1,2017-07-05T17:36:30.842330,5000,0.0,0.0,0.0,5000,0,0,False,False,0,0
gnn_ewc_replay,oracle,57,220,1,2017-07-05T17:44:46.125001,5000,0.0,0.0,0.0,5000,0,0,False,False,0,0
gnn_ewc_replay,oracle,58,222,1,2017-07-05T18:03:49.082999,5000,0.0,0.0,0.0,5000,0,0,False,False,0,0
gnn_ewc_replay,oracle,59,223,1,2017-07-05T18:09:29.961498,5000,0.0,0.0,0.0,5000,0,0,False,False,0,0
gnn_ewc_replay,oracle,60,225,1,2017-07-05T18:14:52.374862,5000,0.0004,0.0004,0.0004,5000,0,0,False,False,0,0
gnn_ewc_replay,oracle,61,226,1,2017-07-05T18:18:42.833755,5000,0.0002,0.0002,0.0002,5000,0,0,False,False,0,0
gnn_ewc_replay,oracle,62,228,1,2017-07-05T18:28:02.917391,5000,0.0006,0.0006,0.0006,5000,0,0,False,False,0,0
gnn_ewc_replay,oracle,63,229,1,2017-07-05T18:34:28.100119,5000,0.0,0.0,0.0,5000,0,0,False,False,0,0
gnn_ewc_replay,oracle,64,230,1,2017-07-05T18:46:02.220861,5000,0.0,0.0,0.0,5000,0,0,False,False,0,0
gnn_ewc_replay,oracle,65,232,1,2017-07-05T19:08:00.288731,5000,0.0,0.0,0.0,5000,0,0,False,False,0,0
gnn_ewc_replay,oracle,66,233,1,2017-07-05T19:16:31.400416,5000,0.0,0.0,0.0,5000,0,0,False,False,0,0
gnn_ewc_replay,oracle,67,235,1,2017-07-05T19:34:27.924119,5000,0.0,0.0,0.0,5000,0,0,False,False,0,0
gnn_ewc_replay,oracle,68,236,1,2017-07-05T19:42:27.366104,5000,0.0,0.0,0.0,5000,0,0,False,False,0,0
gnn_ewc_replay,oracle,69,238,1,2017-07-05T20:01:58.214404,1639,0.0,0.0,0.0,1639,0,0,False,False,0,0
gnn_ewc_replay,oracle,70,239,2,2017-07-06T11:59:00.490140,5000,0.0,0.0,0.0,5000,0,0,False,False,1,0
gnn_ewc_replay,oracle,71,240,2,2017-07-06T12:10:15.682034,5000,0.0,0.0,0.0,5000,0,0,False,False,1,0
gnn_ewc_replay,oracle,72,242,2,2017-07-06T12:22:45.174419,5000,0.0024,0.0024,0.0024,4982,12,6,False,False,1,0
gnn_ewc_replay,oracle,73,243,2,2017-07-06T12:29:10.306594,5000,0.004,0.004,0.002,4980,20,0,False,False,1,0
gnn_ewc_replay,oracle,74,245,2,2017-07-06T12:39:29.210704,5000,0.004,0.004,0.002,4980,20,0,False,False,1,0
gnn_ewc_replay,oracle,75,246,2,2017-07-06T12:44:44.087288,5000,0.0048,0.0048,0.0024,4976,24,0,False,False,1,0
gnn_ewc_replay,oracle,76,248,2,2017-07-06T12:56:59.488182,5000,0.002,0.002,0.001,4990,10,0,False,False,1,0
gnn_ewc_replay,oracle,77,249,2,2017-07-06T13:06:47.480861,5000,0.0012,0.0012,0.0004,4994,6,0,False,False,1,0
gnn_ewc_replay,oracle,78,250,2,2017-07-06T13:18:02.084347,5000,0.0016,0.0016,0.0016,4992,8,0,False,False,1,0
gnn_ewc_replay,oracle,79,252,2,2017-07-06T13:35:53.976822,5000,0.0022,0.0022,0.0022,4989,9,2,False,False,1,0
gnn_ewc_replay,oracle,80,253,2,2017-07-06T13:42:48.495516,5000,0.0002,0.0002,0.0002,5000,0,0,False,False,1,0
gnn_ewc_replay,oracle,81,255,2,2017-07-06T13:58:01.440411,5000,0.0002,0.0002,0.0,4998,1,1,False,False,1,0
gnn_ewc_replay,oracle,82,256,2,2017-07-06T14:07:33.699620,5000,0.0006,0.0006,0.0,4997,3,0,False,False,1,0
gnn_ewc_replay,oracle,83,258,2,2017-07-06T14:36:43.113049,5000,0.0,0.0,0.0,5000,0,0,False,False,1,0
gnn_ewc_replay,oracle,84,259,2,2017-07-06T14:44:47.463686,5000,0.0,0.0,0.0,5000,0,0,False,False,1,0
gnn_ewc_replay,oracle,85,260,2,2017-07-06T14:51:31.044028,5000,0.0,0.0,0.0,5000,0,0,False,False,1,0
gnn_ewc_replay,oracle,86,262,2,2017-07-06T15:02:34.710872,5000,0.0,0.0,0.0,5000,0,0,False,False,1,0
gnn_ewc_replay,oracle,87,263,2,2017-07-06T15:17:36.886104,1631,0.0,0.0,0.0,1631,0,0,False,False,1,0
gnn_ewc_replay,oracle,88,264,3,2017-07-06T15:21:46.077528,5000,0.001,0.001,0.0,4994,1,5,False,False,2,0
gnn_ewc_replay,oracle,89,265,3,2017-07-06T15:57:48.073332,5000,0.0,0.0,0.0,5000,0,0,False,False,2,0
gnn_ewc_replay,oracle,90,267,3,2017-07-06T16:20:01.275888,5000,0.0008,0.0008,0.0,4996,2,2,False,False,2,0
gnn_ewc_replay,oracle,91,268,3,2017-07-06T16:26:11.443075,5000,0.0,0.0,0.0,5000,0,0,False,False,2,0
gnn_ewc_replay,oracle,92,270,3,2017-07-06T16:41:26.142952,5000,0.0,0.0,0.0,5000,0,0,False,False,2,0
gnn_ewc_replay,oracle,93,271,3,2017-07-06T16:48:23.513508,5000,0.0,0.0,0.0,5000,0,0,False,False,2,0
gnn_ewc_replay,oracle,94,273,3,2017-07-06T17:01:56.124719,5000,0.0,0.0,0.0,5000,0,0,False,False,2,0
gnn_ewc_replay,oracle,95,274,3,2017-07-06T17:09:14.312316,5000,0.0002,0.0002,0.0002,5000,0,0,False,False,2,0
gnn_ewc_replay,oracle,96,275,3,2017-07-06T17:19:03.227873,5000,0.0002,0.0002,0.0002,5000,0,0,False,False,2,0
gnn_ewc_replay,oracle,97,277,3,2017-07-06T17:33:34.194501,5000,0.1946,0.1946,0.1946,5000,0,0,False,False,2,0
gnn_ewc_replay,oracle,98,278,3,2017-07-06T17:39:12.552975,5000,0.0004,0.0004,0.0004,5000,0,0,False,False,2,0
gnn_ewc_replay,oracle,99,280,3,2017-07-06T17:55:09.986251,5000,0.0004,0.0004,0.0004,4999,0,1,False,False,2,0
gnn_ewc_replay,oracle,100,281,3,2017-07-06T17:59:36.467132,5000,0.0002,0.0002,0.0002,5000,0,0,False,False,2,0
gnn_ewc_replay,oracle,101,283,3,2017-07-06T18:07:16.757797,5000,0.663,0.663,0.663,5000,0,0,False,False,2,0
gnn_ewc_replay,oracle,102,284,3,2017-07-06T18:09:57.844506,5000,0.824,0.824,0.824,5000,0,0,False,False,2,0
gnn_ewc_replay,oracle,103,285,3,2017-07-06T18:10:49.994872,5000,0.775,0.775,0.775,5000,0,0,False,False,2,0
gnn_ewc_replay,oracle,104,287,3,2017-07-06T18:14:45.755478,5000,0.3294,0.3294,0.3294,5000,0,0,False,False,2,0
gnn_ewc_replay,oracle,105,288,3,2017-07-06T18:18:04.892579,5000,0.665,0.665,0.665,5000,0,0,False,False,2,0
gnn_ewc_replay,oracle,106,290,3,2017-07-06T18:20:34.510755,5000,0.6878,0.6878,0.6878,5000,0,0,False,False,2,0
gnn_ewc_replay,oracle,107,291,3,2017-07-06T18:22:53.483056,5000,0.7674,0.7674,0.7674,5000,0,0,False,False,2,0
gnn_ewc_replay,oracle,108,293,3,2017-07-06T18:27:47.326584,5000,0.8746,0.8746,0.8746,5000,0,0,False,False,2,0
gnn_ewc_replay,oracle,109,294,3,2017-07-06T18:29:08.737619,5000,0.6564,0.6564,0.6564,5000,0,0,False,False,2,0
gnn_ewc_replay,oracle,110,295,3,2017-07-06T18:31:05.480703,5000,0.7234,0.7234,0.723,4997,1,2,False,False,2,0
gnn_ewc_replay,oracle,111,297,3,2017-07-06T18:33:53.760513,5000,0.512,0.512,0.512,5000,0,0,False,False,2,0
gnn_ewc_replay,oracle,112,298,3,2017-07-06T18:37:22.766188,5000,0.6834,0.6834,0.6834,5000,0,0,False,False,2,0
gnn_ewc_replay,oracle,113,300,3,2017-07-06T18:40:30.610036,5000,0.6866,0.6866,0.6866,5000,0,0,False,False,2,0
gnn_ewc_replay,oracle,114,301,3,2017-07-06T18:42:06.498633,5000,0.6346,0.6346,0.6346,5000,0,0,False,False,2,0
gnn_ewc_replay,oracle,115,303,3,2017-07-06T18:47:09.422094,5000,0.0,0.0,0.0,5000,0,0,False,False,2,0
gnn_ewc_replay,oracle,116,304,3,2017-07-06T18:54:53.175956,5000,0.0002,0.0002,0.0,4998,0,2,False,False,2,0
gnn_ewc_replay,oracle,117,305,3,2017-07-06T19:03:28.804011,5000,0.0006,0.0006,0.0,4995,1,4,False,False,2,0
gnn_ewc_replay,oracle,118,307,3,2017-07-06T19:27:07.705893,5000,0.0006,0.0006,0.0,4997,2,1,False,False,2,0
gnn_ewc_replay,oracle,119,308,3,2017-07-06T19:34:19.845180,5000,0.0,0.0,0.0,5000,0,0,False,False,2,0
gnn_ewc_replay,oracle,120,310,3,2017-07-06T19:49:46.027609,5000,0.0,0.0,0.0,5000,0,0,False,False,2,0
gnn_ewc_replay,oracle,121,311,3,2017-07-06T19:54:11.940169,5445,0.0,0.0,0.0,5445,0,0,False,False,2,0
gnn_ewc_replay,oracle,122,312,4,2017-07-07T11:59:50.315195,5000,0.0,0.0,0.0,5000,0,0,False,False,3,0
gnn_ewc_replay,oracle,123,313,4,2017-07-07T12:11:03.657511,5000,0.0,0.0,0.0,5000,0,0,False,False,3,0
gnn_ewc_replay,oracle,124,315,4,2017-07-07T12:29:00.190644,5000,0.0,0.0,0.0,5000,0,0,False,False,3,0
gnn_ewc_replay,oracle,125,316,4,2017-07-07T12:37:40.318157,5000,0.0,0.0,0.0,5000,0,0,False,False,3,0
gnn_ewc_replay,oracle,126,318,4,2017-07-07T12:49:25.541221,5000,0.0,0.0,0.0,5000,0,0,False,False,3,0
gnn_ewc_replay,oracle,127,319,4,2017-07-07T12:57:46.514818,5000,0.0,0.0,0.0,5000,0,0,False,False,3,0
gnn_ewc_replay,oracle,128,321,4,2017-07-07T13:06:05.779821,5000,0.0058,0.0058,0.0058,5000,0,0,False,False,3,0
gnn_ewc_replay,oracle,129,322,4,2017-07-07T13:10:50.455475,5000,0.0024,0.0024,0.0024,5000,0,0,False,False,3,0
gnn_ewc_replay,oracle,130,323,4,2017-07-07T13:17:08.517690,5000,0.0016,0.0016,0.0016,5000,0,0,False,False,3,0
gnn_ewc_replay,oracle,131,325,4,2017-07-07T13:25:25.836703,5000,0.0118,0.0118,0.0118,5000,0,0,False,False,3,0
gnn_ewc_replay,oracle,132,326,4,2017-07-07T13:28:50.168559,5000,0.0124,0.0124,0.0124,5000,0,0,False,False,3,0
gnn_ewc_replay,oracle,133,328,4,2017-07-07T13:36:33.599736,5000,0.0372,0.0372,0.0372,5000,0,0,False,False,3,0
gnn_ewc_replay,oracle,134,329,4,2017-07-07T13:44:33.114918,5000,0.0444,0.0444,0.0444,5000,0,0,False,False,3,0
gnn_ewc_replay,oracle,135,331,4,2017-07-07T14:03:11.120403,5000,0.0,0.0,0.0,5000,0,0,False,False,3,0
gnn_ewc_replay,oracle,136,332,4,2017-07-07T14:10:48.127689,5000,0.0,0.0,0.0,5000,0,0,False,False,3,0
gnn_ewc_replay,oracle,137,333,4,2017-07-07T14:17:34.746882,5000,0.0,0.0,0.0,5000,0,0,False,False,3,0
gnn_ewc_replay,oracle,138,335,4,2017-07-07T14:29:28.037485,5000,0.0,0.0,0.0,5000,0,0,False,False,3,0
gnn_ewc_replay,oracle,139,336,4,2017-07-07T14:36:46.146039,5000,0.0,0.0,0.0,5000,0,0,False,False,3,0
gnn_ewc_replay,oracle,140,338,4,2017-07-07T14:53:13.213414,5000,0.0004,0.0004,0.0,4998,2,0,False,False,3,0
gnn_ewc_replay,oracle,141,339,4,2017-07-07T15:00:28.242232,5000,0.0,0.0,0.0,5000,0,0,False,False,3,0
gnn_ewc_replay,oracle,142,341,5,2017-07-07T15:28:53.858854,5000,0.0,0.0,0.0,5000,0,0,False,False,4,0
gnn_ewc_replay,oracle,143,342,5,2017-07-07T16:08:36.089220,5000,0.0,0.0,0.0,5000,0,0,False,False,4,0
gnn_ewc_replay,oracle,144,344,5,2017-07-07T16:34:33.679764,5000,0.0002,0.0002,0.0,4998,0,2,False,False,4,0
gnn_ewc_replay,oracle,145,345,5,2017-07-07T16:36:28.449578,5000,0.0,0.0,0.0,5000,0,0,False,False,4,0
gnn_ewc_replay,oracle,146,347,5,2017-07-07T16:50:49.419521,5000,0.0272,0.0272,0.0264,4863,60,77,False,False,4,0
gnn_ewc_replay,oracle,147,348,5,2017-07-07T16:59:16.787988,5000,0.0188,0.0188,0.0188,4958,39,3,False,False,4,0
gnn_ewc_replay,oracle,148,350,5,2017-07-07T17:13:57.348088,5000,0.0236,0.0236,0.0236,4967,32,1,False,False,4,0
gnn_ewc_replay,oracle,149,351,5,2017-07-07T17:21:37.950704,5000,0.0,0.0,0.0,5000,0,0,False,False,4,0
gnn_ewc_replay,oracle,150,352,5,2017-07-07T17:28:14.273505,5000,0.0,0.0,0.0,5000,0,0,False,False,4,0
gnn_ewc_replay,oracle,151,354,5,2017-07-07T17:45:17.899612,5000,0.03,0.03,0.0286,4848,147,5,False,False,4,0
gnn_ewc_replay,oracle,152,355,5,2017-07-07T17:51:45.466435,5000,0.993,0.993,0.9924,35,4965,0,False,False,4,0
gnn_ewc_replay,oracle,153,357,5,2017-07-07T17:51:59.159748,5000,0.9956,0.9956,0.9956,22,4978,0,False,False,4,0
gnn_ewc_replay,oracle,154,358,5,2017-07-07T17:52:06.020133,5000,0.9872,0.9872,0.9872,64,4936,0,False,False,4,0
gnn_ewc_replay,oracle,155,360,5,2017-07-07T17:52:19.730775,5000,0.9882,0.9882,0.9878,59,4940,1,False,False,4,0
gnn_ewc_replay,oracle,156,361,5,2017-07-07T17:52:26.609510,5000,0.9948,0.9948,0.9948,26,4974,0,False,False,4,0
gnn_ewc_replay,oracle,157,362,5,2017-07-07T17:52:33.458646,5000,0.9902,0.9902,0.9898,49,4950,1,False,False,4,0
gnn_ewc_replay,oracle,158,364,5,2017-07-07T17:52:47.175885,5000,0.994,0.994,0.994,30,4970,0,False,False,4,0
gnn_ewc_replay,oracle,159,365,5,2017-07-07T17:52:54.036328,5000,0.9786,0.9786,0.9786,107,4893,0,False,False,4,0
gnn_ewc_replay,oracle,160,367,5,2017-07-07T17:54:15.198356,5000,0.9368,0.9368,0.9366,316,4684,0,False,False,4,0
gnn_ewc_replay,oracle,161,368,5,2017-07-07T17:54:21.743673,5000,0.993,0.993,0.9926,35,4965,0,False,False,4,0
gnn_ewc_replay,oracle,162,370,5,2017-07-07T17:54:34.912359,5000,0.9606,0.9606,0.9606,197,4803,0,False,False,4,0
gnn_ewc_replay,oracle,163,371,5,2017-07-07T17:54:40.199430,5000,0.9946,0.9946,0.9946,27,4973,0,False,False,4,0
gnn_ewc_replay,oracle,164,372,5,2017-07-07T17:54:46.759913,5000,0.9942,0.9942,0.9942,29,4971,0,False,False,4,0
gnn_ewc_replay,oracle,165,374,5,2017-07-07T17:54:59.878558,5000,0.9906,0.9906,0.9906,47,4953,0,False,False,4,0
gnn_ewc_replay,oracle,166,375,5,2017-07-07T17:55:06.426975,5000,0.9674,0.9674,0.9674,163,4837,0,False,False,4,0
gnn_ewc_replay,oracle,167,377,5,2017-07-07T17:55:19.562795,5000,0.9908,0.9908,0.9908,46,4954,0,False,False,4,0
gnn_ewc_replay,oracle,168,378,5,2017-07-07T17:55:26.138198,5000,0.9918,0.9918,0.9918,41,4959,0,False,False,4,0
gnn_ewc_replay,oracle,169,380,5,2017-07-07T17:55:39.290299,5000,0.8928,0.8928,0.8928,536,4464,0,False,False,4,0
gnn_ewc_replay,oracle,170,381,5,2017-07-07T17:55:45.863226,5000,0.936,0.936,0.936,320,4680,0,False,False,4,0
gnn_ewc_replay,oracle,171,382,5,2017-07-07T17:55:51.164024,5000,0.9796,0.9796,0.9796,102,4898,0,False,False,4,0
gnn_ewc_replay,oracle,172,384,5,2017-07-07T18:00:43.250620,5000,0.0806,0.0806,0.0796,4597,402,1,False,False,4,0
gnn_ewc_replay,oracle,173,385,5,2017-07-07T18:08:01.771442,5000,0.8092,0.8092,0.8088,954,4045,1,False,False,4,0
gnn_ewc_replay,oracle,174,387,5,2017-07-07T18:10:02.151109,5000,0.4016,0.4016,0.4012,2992,2006,2,False,False,4,0
gnn_ewc_replay,oracle,175,388,5,2017-07-07T18:12:20.353225,5000,0.0048,0.0048,0.0048,5000,0,0,False,False,4,0
gnn_ewc_replay,oracle,176,390,5,2017-07-07T18:22:29.680677,5000,0.8186,0.8186,0.818,907,4093,0,False,False,4,0
gnn_ewc_replay,oracle,177,391,5,2017-07-07T18:23:24.585570,5000,0.4856,0.4856,0.485,2572,2422,6,False,False,4,0
gnn_ewc_replay,oracle,178,392,5,2017-07-07T18:27:32.404808,5000,0.0,0.0,0.0,5000,0,0,False,False,4,0
gnn_ewc_replay,oracle,179,394,5,2017-07-07T18:38:01.487913,1117,0.0017905102954341987,0.0017905102954341987,0.0,1115,2,0,False,False,4,0
gnn_ewc_replay,oracle,180,395,6,2017-07-07T18:40:13.106791,5000,0.0,0.0,0.0,5000,0,0,False,False,5,0
gnn_ewc_replay,oracle,181,396,6,2017-07-07T18:51:29.702413,5000,0.4356,0.4356,0.4302,3093,1475,432,False,False,5,0
gnn_ewc_replay,oracle,182,398,6,2017-07-07T18:58:02.196043,5000,0.7544,0.7544,0.7544,1230,3756,14,False,False,5,0
gnn_ewc_replay,oracle,183,399,6,2017-07-07T18:58:48.883331,5000,0.792,0.792,0.791,1041,3949,10,False,False,5,0
gnn_ewc_replay,oracle,184,401,6,2017-07-07T19:00:29.056924,5000,0.8546,0.8546,0.8542,727,4255,18,False,False,5,0
gnn_ewc_replay,oracle,185,402,6,2017-07-07T19:01:21.056982,5000,0.9168,0.9168,0.9168,417,4578,5,False,False,5,0
gnn_ewc_replay,oracle,186,404,6,2017-07-07T19:03:17.417002,5000,0.8922,0.8922,0.8918,541,4451,8,False,False,5,0
gnn_ewc_replay,oracle,187,405,6,2017-07-07T19:04:11.677669,5000,0.9342,0.9342,0.9342,339,4646,15,False,False,5,0
gnn_ewc_replay,oracle,188,406,6,2017-07-07T19:05:10.130947,5000,0.8702,0.8702,0.8698,657,4331,12,False,False,5,0
gnn_ewc_replay,oracle,189,408,6,2017-07-07T19:06:59.997858,5000,0.8462,0.8462,0.8462,795,3903,302,False,False,5,0
gnn_ewc_replay,oracle,190,409,6,2017-07-07T19:07:51.520364,5000,0.8476,0.8476,0.8472,762,4234,4,False,False,5,0
gnn_ewc_replay,oracle,191,411,6,2017-07-07T19:09:36.175401,5000,0.9556,0.9556,0.9538,1072,2856,1072,False,False,5,0
gnn_ewc_replay,oracle,192,412,6,2017-07-07T19:10:34.468512,5000,0.9158,0.9158,0.9152,426,4568,6,False,False,5,0
gnn_ewc_replay,oracle,193,414,6,2017-07-07T19:12:19.835270,5000,0.8936,0.8936,0.8936,532,4462,6,False,False,5,0
gnn_ewc_replay,oracle,194,415,6,2017-07-07T19:13:13.980423,5000,0.6772,0.6772,0.6772,1628,3361,11,False,False,5,0
gnn_ewc_replay,oracle,195,416,6,2017-07-07T19:13:55.557798,5000,0.7802,0.7802,0.7796,1105,3772,123,False,False,5,0
gnn_ewc_replay,oracle,196,418,6,2017-07-07T19:15:38.304116,5000,0.5678,0.5678,0.566,2287,2405,308,False,False,5,0
gnn_ewc_replay,oracle,197,419,6,2017-07-07T19:20:18.568724,5000,0.0,0.0,0.0,5000,0,0,False,False,5,0
gnn_ewc_replay,oracle,198,421,6,2017-07-07T19:42:08.815711,5000,0.0,0.0,0.0,5000,0,0,False,False,5,0
gnn_ewc_replay,oracle,199,422,6,2017-07-07T19:53:33.828828,3798,0.0,0.0,0.0,3798,0,0,False,False,5,0
gnn_ewc_replay,never,0,139,1,2017-07-05T11:42:42.084372,5000,0.0,0.0,0.0,5000,0,0,False,False,0,0
gnn_ewc_replay,never,1,140,1,2017-07-05T11:51:47.303080,5000,0.0,0.0,0.0,5000,0,0,False,False,0,0
gnn_ewc_replay,never,2,142,1,2017-07-05T12:09:27.601738,5000,0.0,0.0,0.0,5000,0,0,False,False,0,0
gnn_ewc_replay,never,3,143,1,2017-07-05T12:14:30.228870,5000,0.0,0.0,0.0,5000,0,0,False,False,0,0
gnn_ewc_replay,never,4,145,1,2017-07-05T12:30:25.505932,5000,0.0,0.0,0.0,5000,0,0,False,False,0,0
gnn_ewc_replay,never,5,146,1,2017-07-05T12:39:54.047016,5000,0.0,0.0,0.0,5000,0,0,False,False,0,0
gnn_ewc_replay,never,6,148,1,2017-07-05T12:52:02.760958,5000,0.1696,0.1696,0.1696,5000,0,0,False,False,0,0
gnn_ewc_replay,never,7,149,1,2017-07-05T12:57:13.318901,5000,0.1506,0.1506,0.1506,5000,0,0,False,False,0,0
gnn_ewc_replay,never,8,150,1,2017-07-05T13:01:17.744846,5000,0.1364,0.1364,0.1364,5000,0,0,False,False,0,0
gnn_ewc_replay,never,9,152,1,2017-07-05T13:12:54.669885,5000,0.068,0.068,0.068,5000,0,0,False,False,0,0
gnn_ewc_replay,never,10,153,1,2017-07-05T13:15:48.345465,5000,0.0724,0.0724,0.0724,5000,0,0,False,False,0,0
gnn_ewc_replay,never,11,155,1,2017-07-05T13:25:10.453300,5000,0.0816,0.0816,0.0816,5000,0,0,False,False,0,0
gnn_ewc_replay,never,12,156,1,2017-07-05T13:29:31.560642,5000,0.0428,0.0428,0.0428,5000,0,0,False,False,0,0
gnn_ewc_replay,never,13,158,1,2017-07-05T13:40:19.835821,5000,0.4124,0.4124,0.4124,5000,0,0,False,False,0,0
gnn_ewc_replay,never,14,159,1,2017-07-05T13:43:24.912205,5000,0.9854,0.9854,0.9854,5000,0,0,False,False,0,0
gnn_ewc_replay,never,15,160,1,2017-07-05T13:43:58.440253,5000,0.986,0.986,0.986,5000,0,0,False,False,0,0
gnn_ewc_replay,never,16,162,1,2017-07-05T13:45:05.180353,5000,0.8242,0.8242,0.8242,5000,0,0,False,False,0,0
gnn_ewc_replay,never,17,163,1,2017-07-05T13:45:37.096427,5000,0.94,0.94,0.94,5000,0,0,False,False,0,0
gnn_ewc_replay,never,18,165,1,2017-07-05T13:46:29.403971,5000,0.8974,0.8974,0.8974,5000,0,0,False,False,0,0
gnn_ewc_replay,never,19,166,1,2017-07-05T13:47:01.332086,5000,0.9734,0.9734,0.9734,5000,0,0,False,False,0,0
gnn_ewc_replay,never,20,168,1,2017-07-05T13:48:07.965214,5000,0.9862,0.9862,0.9862,5000,0,0,False,False,0,0
gnn_ewc_replay,never,21,169,1,2017-07-05T13:48:41.349281,5000,0.9958,0.9958,0.9956,4997,1,2,False,False,0,0
gnn_ewc_replay,never,22,170,1,2017-07-05T13:49:14.345333,5000,0.9682,0.9682,0.9682,5000,0,0,False,False,0,0
gnn_ewc_replay,never,23,172,1,2017-07-05T13:50:18.918794,5000,0.9886,0.9886,0.9886,5000,0,0,False,False,0,0
gnn_ewc_replay,never,24,173,1,2017-07-05T13:50:38.228962,5000,0.961,0.961,0.961,5000,0,0,False,False,0,0
gnn_ewc_replay,never,25,175,1,2017-07-05T13:51:44.892056,5000,0.8968,0.8968,0.8968,5000,0,0,False,False,0,0
gnn_ewc_replay,never,26,176,1,2017-07-05T13:52:17.862138,5000,0.9866,0.9866,0.9862,4993,2,5,False,False,0,0
gnn_ewc_replay,never,27,178,1,2017-07-05T13:53:24.358267,5000,0.8974,0.8974,0.8974,5000,0,0,False,False,0,0
gnn_ewc_replay,never,28,179,1,2017-07-05T13:53:56.634131,5000,0.9602,0.9602,0.9602,5000,0,0,False,False,0,0
gnn_ewc_replay,never,29,180,1,2017-07-05T13:54:29.989881,5000,0.9614,0.9614,0.9614,5000,0,0,False,False,0,0
gnn_ewc_replay,never,30,182,1,2017-07-05T13:55:22.166920,5000,0.9904,0.9904,0.9904,5000,0,0,False,False,0,0
gnn_ewc_replay,never,31,183,1,2017-07-05T13:55:55.807965,5000,0.9642,0.9642,0.9642,5000,0,0,False,False,0,0
gnn_ewc_replay,never,32,185,1,2017-07-05T13:57:01.682060,5000,0.833,0.833,0.833,5000,0,0,False,False,0,0
gnn_ewc_replay,never,33,186,1,2017-07-05T13:57:20.115614,5000,0.9156,0.9156,0.9156,5000,0,0,False,False,0,0
gnn_ewc_replay,never,34,188,1,2017-07-05T13:58:25.938722,5000,0.827,0.827,0.827,5000,0,0,False,False,0,0
gnn_ewc_replay,never,35,189,1,2017-07-05T13:58:58.737812,5000,0.9314,0.9314,0.9314,5000,0,0,False,False,0,0
gnn_ewc_replay,never,36,190,1,2017-07-05T13:59:32.174828,5000,0.9632,0.9632,0.9632,5000,0,0,False,False,0,0
gnn_ewc_replay,never,37,192,1,2017-07-05T14:00:23.948382,5000,0.6088,0.6088,0.6088,5000,0,0,False,False,0,0
gnn_ewc_replay,never,38,193,1,2017-07-05T14:02:52.031532,5000,0.0,0.0,0.0,5000,0,0,False,False,0,0
gnn_ewc_replay,never,39,195,1,2017-07-05T14:12:29.415831,5000,0.5148,0.5148,0.5148,5000,0,0,False,False,0,0
gnn_ewc_replay,never,40,196,1,2017-07-05T14:17:42.794571,5000,0.5242,0.5242,0.5242,5000,0,0,False,False,0,0
gnn_ewc_replay,never,41,198,1,2017-07-05T14:31:18.945145,5000,0.0,0.0,0.0,5000,0,0,False,False,0,0
gnn_ewc_replay,never,42,199,1,2017-07-05T14:42:55.811755,5000,0.0,0.0,0.0,5000,0,0,False,False,0,0
gnn_ewc_replay,never,43,200,1,2017-07-05T14:49:04.254998,5000,0.0,0.0,0.0,5000,0,0,False,False,0,0
gnn_ewc_replay,never,44,202,1,2017-07-05T15:02:38.428045,5000,0.0,0.0,0.0,5000,0,0,False,False,0,0
gnn_ewc_replay,never,45,203,1,2017-07-05T15:14:29.623535,5000,0.0,0.0,0.0,5000,0,0,False,False,0,0
gnn_ewc_replay,never,46,205,1,2017-07-05T15:57:46.023320,5000,0.0,0.0,0.0,5000,0,0,False,False,0,0
gnn_ewc_replay,never,47,206,1,2017-07-05T16:11:21.785357,5000,0.0,0.0,0.0,5000,0,0,False,False,0,0
gnn_ewc_replay,never,48,208,1,2017-07-05T16:26:17.988361,5000,0.0,0.0,0.0,5000,0,0,False,False,0,0
gnn_ewc_replay,never,49,209,1,2017-07-05T16:33:30.652614,5000,0.0,0.0,0.0,5000,0,0,False,False,0,0
gnn_ewc_replay,never,50,210,1,2017-07-05T16:44:07.514721,5000,0.0,0.0,0.0,5000,0,0,False,False,0,0
gnn_ewc_replay,never,51,212,1,2017-07-05T16:58:27.864246,5000,0.0,0.0,0.0,5000,0,0,False,False,0,0
gnn_ewc_replay,never,52,213,1,2017-07-05T17:04:53.987116,5000,0.0,0.0,0.0,5000,0,0,False,False,0,0
gnn_ewc_replay,never,53,215,1,2017-07-05T17:17:43.888859,5000,0.0004,0.0004,0.0,4998,2,0,False,False,0,0
gnn_ewc_replay,never,54,216,1,2017-07-05T17:25:11.387702,5000,0.0,0.0,0.0,5000,0,0,False,False,0,0
gnn_ewc_replay,never,55,218,1,2017-07-05T17:32:09.292244,5000,0.0,0.0,0.0,5000,0,0,False,False,0,0
gnn_ewc_replay,never,56,219,1,2017-07-05T17:36:30.842330,5000,0.0,0.0,0.0,5000,0,0,False,False,0,0
gnn_ewc_replay,never,57,220,1,2017-07-05T17:44:46.125001,5000,0.0,0.0,0.0,5000,0,0,False,False,0,0
gnn_ewc_replay,never,58,222,1,2017-07-05T18:03:49.082999,5000,0.0,0.0,0.0,5000,0,0,False,False,0,0
gnn_ewc_replay,never,59,223,1,2017-07-05T18:09:29.961498,5000,0.0,0.0,0.0,5000,0,0,False,False,0,0
gnn_ewc_replay,never,60,225,1,2017-07-05T18:14:52.374862,5000,0.0004,0.0004,0.0004,5000,0,0,False,False,0,0
gnn_ewc_replay,never,61,226,1,2017-07-05T18:18:42.833755,5000,0.0002,0.0002,0.0002,5000,0,0,False,False,0,0
gnn_ewc_replay,never,62,228,1,2017-07-05T18:28:02.917391,5000,0.0006,0.0006,0.0006,5000,0,0,False,False,0,0
gnn_ewc_replay,never,63,229,1,2017-07-05T18:34:28.100119,5000,0.0,0.0,0.0,5000,0,0,False,False,0,0
gnn_ewc_replay,never,64,230,1,2017-07-05T18:46:02.220861,5000,0.0,0.0,0.0,5000,0,0,False,False,0,0
gnn_ewc_replay,never,65,232,1,2017-07-05T19:08:00.288731,5000,0.0,0.0,0.0,5000,0,0,False,False,0,0
gnn_ewc_replay,never,66,233,1,2017-07-05T19:16:31.400416,5000,0.0,0.0,0.0,5000,0,0,False,False,0,0
gnn_ewc_replay,never,67,235,1,2017-07-05T19:34:27.924119,5000,0.0,0.0,0.0,5000,0,0,False,False,0,0
gnn_ewc_replay,never,68,236,1,2017-07-05T19:42:27.366104,5000,0.0,0.0,0.0,5000,0,0,False,False,0,0
gnn_ewc_replay,never,69,238,1,2017-07-05T20:01:58.214404,1639,0.0,0.0,0.0,1639,0,0,False,False,0,0
gnn_ewc_replay,never,70,239,2,2017-07-06T11:59:00.490140,5000,0.0,0.0,0.0,5000,0,0,False,False,0,0
gnn_ewc_replay,never,71,240,2,2017-07-06T12:10:15.682034,5000,0.0,0.0,0.0,5000,0,0,False,False,0,0
gnn_ewc_replay,never,72,242,2,2017-07-06T12:22:45.174419,5000,0.0024,0.0024,0.0024,5000,0,0,False,False,0,0
gnn_ewc_replay,never,73,243,2,2017-07-06T12:29:10.306594,5000,0.002,0.002,0.002,4990,0,10,False,False,0,0
gnn_ewc_replay,never,74,245,2,2017-07-06T12:39:29.210704,5000,0.002,0.002,0.002,5000,0,0,False,False,0,0
gnn_ewc_replay,never,75,246,2,2017-07-06T12:44:44.087288,5000,0.0024,0.0024,0.0024,4988,12,0,False,False,0,0
gnn_ewc_replay,never,76,248,2,2017-07-06T12:56:59.488182,5000,0.001,0.001,0.001,4995,4,1,False,False,0,0
gnn_ewc_replay,never,77,249,2,2017-07-06T13:06:47.480861,5000,0.0004,0.0004,0.0004,4998,0,2,False,False,0,0
gnn_ewc_replay,never,78,250,2,2017-07-06T13:18:02.084347,5000,0.0016,0.0016,0.0016,5000,0,0,False,False,0,0
gnn_ewc_replay,never,79,252,2,2017-07-06T13:35:53.976822,5000,0.0022,0.0022,0.0022,5000,0,0,False,False,0,0
gnn_ewc_replay,never,80,253,2,2017-07-06T13:42:48.495516,5000,0.0002,0.0002,0.0002,5000,0,0,False,False,0,0
gnn_ewc_replay,never,81,255,2,2017-07-06T13:58:01.440411,5000,0.0,0.0,0.0,5000,0,0,False,False,0,0
gnn_ewc_replay,never,82,256,2,2017-07-06T14:07:33.699620,5000,0.0,0.0,0.0,5000,0,0,False,False,0,0
gnn_ewc_replay,never,83,258,2,2017-07-06T14:36:43.113049,5000,0.0,0.0,0.0,5000,0,0,False,False,0,0
gnn_ewc_replay,never,84,259,2,2017-07-06T14:44:47.463686,5000,0.0,0.0,0.0,5000,0,0,False,False,0,0
gnn_ewc_replay,never,85,260,2,2017-07-06T14:51:31.044028,5000,0.0,0.0,0.0,5000,0,0,False,False,0,0
gnn_ewc_replay,never,86,262,2,2017-07-06T15:02:34.710872,5000,0.0,0.0,0.0,5000,0,0,False,False,0,0
gnn_ewc_replay,never,87,263,2,2017-07-06T15:17:36.886104,1631,0.0,0.0,0.0,1631,0,0,False,False,0,0
gnn_ewc_replay,never,88,264,3,2017-07-06T15:21:46.077528,5000,0.0,0.0,0.0,5000,0,0,False,False,0,0
gnn_ewc_replay,never,89,265,3,2017-07-06T15:57:48.073332,5000,0.0,0.0,0.0,5000,0,0,False,False,0,0
gnn_ewc_replay,never,90,267,3,2017-07-06T16:20:01.275888,5000,0.0,0.0,0.0,5000,0,0,False,False,0,0
gnn_ewc_replay,never,91,268,3,2017-07-06T16:26:11.443075,5000,0.0,0.0,0.0,5000,0,0,False,False,0,0
gnn_ewc_replay,never,92,270,3,2017-07-06T16:41:26.142952,5000,0.0,0.0,0.0,5000,0,0,False,False,0,0
gnn_ewc_replay,never,93,271,3,2017-07-06T16:48:23.513508,5000,0.0,0.0,0.0,5000,0,0,False,False,0,0
gnn_ewc_replay,never,94,273,3,2017-07-06T17:01:56.124719,5000,0.0,0.0,0.0,5000,0,0,False,False,0,0
gnn_ewc_replay,never,95,274,3,2017-07-06T17:09:14.312316,5000,0.0002,0.0002,0.0002,5000,0,0,False,False,0,0
gnn_ewc_replay,never,96,275,3,2017-07-06T17:19:03.227873,5000,0.0002,0.0002,0.0002,5000,0,0,False,False,0,0
gnn_ewc_replay,never,97,277,3,2017-07-06T17:33:34.194501,5000,0.1946,0.1946,0.1946,5000,0,0,False,False,0,0
gnn_ewc_replay,never,98,278,3,2017-07-06T17:39:12.552975,5000,0.0004,0.0004,0.0004,5000,0,0,False,False,0,0
gnn_ewc_replay,never,99,280,3,2017-07-06T17:55:09.986251,5000,0.0004,0.0004,0.0004,5000,0,0,False,False,0,0
gnn_ewc_replay,never,100,281,3,2017-07-06T17:59:36.467132,5000,0.0002,0.0002,0.0002,5000,0,0,False,False,0,0
gnn_ewc_replay,never,101,283,3,2017-07-06T18:07:16.757797,5000,0.663,0.663,0.663,5000,0,0,False,False,0,0
gnn_ewc_replay,never,102,284,3,2017-07-06T18:09:57.844506,5000,0.824,0.824,0.824,5000,0,0,False,False,0,0
gnn_ewc_replay,never,103,285,3,2017-07-06T18:10:49.994872,5000,0.775,0.775,0.775,5000,0,0,False,False,0,0
gnn_ewc_replay,never,104,287,3,2017-07-06T18:14:45.755478,5000,0.3294,0.3294,0.3294,5000,0,0,False,False,0,0
gnn_ewc_replay,never,105,288,3,2017-07-06T18:18:04.892579,5000,0.665,0.665,0.665,5000,0,0,False,False,0,0
gnn_ewc_replay,never,106,290,3,2017-07-06T18:20:34.510755,5000,0.6878,0.6878,0.6878,5000,0,0,False,False,0,0
gnn_ewc_replay,never,107,291,3,2017-07-06T18:22:53.483056,5000,0.7674,0.7674,0.7674,5000,0,0,False,False,0,0
gnn_ewc_replay,never,108,293,3,2017-07-06T18:27:47.326584,5000,0.8746,0.8746,0.8746,5000,0,0,False,False,0,0
gnn_ewc_replay,never,109,294,3,2017-07-06T18:29:08.737619,5000,0.6564,0.6564,0.6564,5000,0,0,False,False,0,0
gnn_ewc_replay,never,110,295,3,2017-07-06T18:31:05.480703,5000,0.723,0.723,0.723,5000,0,0,False,False,0,0
gnn_ewc_replay,never,111,297,3,2017-07-06T18:33:53.760513,5000,0.512,0.512,0.512,5000,0,0,False,False,0,0
gnn_ewc_replay,never,112,298,3,2017-07-06T18:37:22.766188,5000,0.6834,0.6834,0.6834,5000,0,0,False,False,0,0
gnn_ewc_replay,never,113,300,3,2017-07-06T18:40:30.610036,5000,0.6866,0.6866,0.6866,5000,0,0,False,False,0,0
gnn_ewc_replay,never,114,301,3,2017-07-06T18:42:06.498633,5000,0.6346,0.6346,0.6346,5000,0,0,False,False,0,0
gnn_ewc_replay,never,115,303,3,2017-07-06T18:47:09.422094,5000,0.0,0.0,0.0,5000,0,0,False,False,0,0
gnn_ewc_replay,never,116,304,3,2017-07-06T18:54:53.175956,5000,0.0,0.0,0.0,5000,0,0,False,False,0,0
gnn_ewc_replay,never,117,305,3,2017-07-06T19:03:28.804011,5000,0.0,0.0,0.0,5000,0,0,False,False,0,0
gnn_ewc_replay,never,118,307,3,2017-07-06T19:27:07.705893,5000,0.0006,0.0006,0.0,4996,2,2,False,False,0,0
gnn_ewc_replay,never,119,308,3,2017-07-06T19:34:19.845180,5000,0.0,0.0,0.0,5000,0,0,False,False,0,0
gnn_ewc_replay,never,120,310,3,2017-07-06T19:49:46.027609,5000,0.0,0.0,0.0,5000,0,0,False,False,0,0
gnn_ewc_replay,never,121,311,3,2017-07-06T19:54:11.940169,5445,0.0,0.0,0.0,5445,0,0,False,False,0,0
gnn_ewc_replay,never,122,312,4,2017-07-07T11:59:50.315195,5000,0.0,0.0,0.0,5000,0,0,False,False,0,0
gnn_ewc_replay,never,123,313,4,2017-07-07T12:11:03.657511,5000,0.0,0.0,0.0,5000,0,0,False,False,0,0
gnn_ewc_replay,never,124,315,4,2017-07-07T12:29:00.190644,5000,0.0,0.0,0.0,5000,0,0,False,False,0,0
gnn_ewc_replay,never,125,316,4,2017-07-07T12:37:40.318157,5000,0.0,0.0,0.0,5000,0,0,False,False,0,0
gnn_ewc_replay,never,126,318,4,2017-07-07T12:49:25.541221,5000,0.0,0.0,0.0,5000,0,0,False,False,0,0
gnn_ewc_replay,never,127,319,4,2017-07-07T12:57:46.514818,5000,0.0,0.0,0.0,5000,0,0,False,False,0,0
gnn_ewc_replay,never,128,321,4,2017-07-07T13:06:05.779821,5000,0.0058,0.0058,0.0058,5000,0,0,False,False,0,0
gnn_ewc_replay,never,129,322,4,2017-07-07T13:10:50.455475,5000,0.0024,0.0024,0.0024,5000,0,0,False,False,0,0
gnn_ewc_replay,never,130,323,4,2017-07-07T13:17:08.517690,5000,0.0016,0.0016,0.0016,5000,0,0,False,False,0,0
gnn_ewc_replay,never,131,325,4,2017-07-07T13:25:25.836703,5000,0.0118,0.0118,0.0118,5000,0,0,False,False,0,0
gnn_ewc_replay,never,132,326,4,2017-07-07T13:28:50.168559,5000,0.0124,0.0124,0.0124,5000,0,0,False,False,0,0
gnn_ewc_replay,never,133,328,4,2017-07-07T13:36:33.599736,5000,0.0372,0.0372,0.0372,5000,0,0,False,False,0,0
gnn_ewc_replay,never,134,329,4,2017-07-07T13:44:33.114918,5000,0.0444,0.0444,0.0444,5000,0,0,False,False,0,0
gnn_ewc_replay,never,135,331,4,2017-07-07T14:03:11.120403,5000,0.0,0.0,0.0,5000,0,0,False,False,0,0
gnn_ewc_replay,never,136,332,4,2017-07-07T14:10:48.127689,5000,0.0,0.0,0.0,5000,0,0,False,False,0,0
gnn_ewc_replay,never,137,333,4,2017-07-07T14:17:34.746882,5000,0.0,0.0,0.0,5000,0,0,False,False,0,0
gnn_ewc_replay,never,138,335,4,2017-07-07T14:29:28.037485,5000,0.0,0.0,0.0,5000,0,0,False,False,0,0
gnn_ewc_replay,never,139,336,4,2017-07-07T14:36:46.146039,5000,0.0,0.0,0.0,5000,0,0,False,False,0,0
gnn_ewc_replay,never,140,338,4,2017-07-07T14:53:13.213414,5000,0.0004,0.0004,0.0,4998,2,0,False,False,0,0
gnn_ewc_replay,never,141,339,4,2017-07-07T15:00:28.242232,5000,0.0,0.0,0.0,5000,0,0,False,False,0,0
gnn_ewc_replay,never,142,341,5,2017-07-07T15:28:53.858854,5000,0.0008,0.0008,0.0,4996,4,0,False,False,0,0
gnn_ewc_replay,never,143,342,5,2017-07-07T16:08:36.089220,5000,0.0,0.0,0.0,5000,0,0,False,False,0,0
gnn_ewc_replay,never,144,344,5,2017-07-07T16:34:33.679764,5000,0.0,0.0,0.0,5000,0,0,False,False,0,0
gnn_ewc_replay,never,145,345,5,2017-07-07T16:36:28.449578,5000,0.0,0.0,0.0,5000,0,0,False,False,0,0
gnn_ewc_replay,never,146,347,5,2017-07-07T16:50:49.419521,5000,0.0264,0.0264,0.0264,5000,0,0,False,False,0,0
gnn_ewc_replay,never,147,348,5,2017-07-07T16:59:16.787988,5000,0.0188,0.0188,0.0188,5000,0,0,False,False,0,0
gnn_ewc_replay,never,148,350,5,2017-07-07T17:13:57.348088,5000,0.0236,0.0236,0.0236,5000,0,0,False,False,0,0
gnn_ewc_replay,never,149,351,5,2017-07-07T17:21:37.950704,5000,0.0,0.0,0.0,5000,0,0,False,False,0,0
gnn_ewc_replay,never,150,352,5,2017-07-07T17:28:14.273505,5000,0.0,0.0,0.0,5000,0,0,False,False,0,0
gnn_ewc_replay,never,151,354,5,2017-07-07T17:45:17.899612,5000,0.0286,0.0286,0.0286,5000,0,0,False,False,0,0
gnn_ewc_replay,never,152,355,5,2017-07-07T17:51:45.466435,5000,0.9924,0.9924,0.9924,5000,0,0,False,False,0,0
gnn_ewc_replay,never,153,357,5,2017-07-07T17:51:59.159748,5000,0.9956,0.9956,0.9956,5000,0,0,False,False,0,0
gnn_ewc_replay,never,154,358,5,2017-07-07T17:52:06.020133,5000,0.9872,0.9872,0.9872,5000,0,0,False,False,0,0
gnn_ewc_replay,never,155,360,5,2017-07-07T17:52:19.730775,5000,0.9878,0.9878,0.9878,5000,0,0,False,False,0,0
gnn_ewc_replay,never,156,361,5,2017-07-07T17:52:26.609510,5000,0.9948,0.9948,0.9948,5000,0,0,False,False,0,0
gnn_ewc_replay,never,157,362,5,2017-07-07T17:52:33.458646,5000,0.9898,0.9898,0.9898,5000,0,0,False,False,0,0
gnn_ewc_replay,never,158,364,5,2017-07-07T17:52:47.175885,5000,0.994,0.994,0.994,5000,0,0,False,False,0,0
gnn_ewc_replay,never,159,365,5,2017-07-07T17:52:54.036328,5000,0.9786,0.9786,0.9786,5000,0,0,False,False,0,0
gnn_ewc_replay,never,160,367,5,2017-07-07T17:54:15.198356,5000,0.9366,0.9366,0.9366,5000,0,0,False,False,0,0
gnn_ewc_replay,never,161,368,5,2017-07-07T17:54:21.743673,5000,0.9926,0.9926,0.9926,5000,0,0,False,False,0,0
gnn_ewc_replay,never,162,370,5,2017-07-07T17:54:34.912359,5000,0.9606,0.9606,0.9606,5000,0,0,False,False,0,0
gnn_ewc_replay,never,163,371,5,2017-07-07T17:54:40.199430,5000,0.9946,0.9946,0.9946,5000,0,0,False,False,0,0
gnn_ewc_replay,never,164,372,5,2017-07-07T17:54:46.759913,5000,0.9942,0.9942,0.9942,5000,0,0,False,False,0,0
gnn_ewc_replay,never,165,374,5,2017-07-07T17:54:59.878558,5000,0.9906,0.9906,0.9906,5000,0,0,False,False,0,0
gnn_ewc_replay,never,166,375,5,2017-07-07T17:55:06.426975,5000,0.9674,0.9674,0.9674,5000,0,0,False,False,0,0
gnn_ewc_replay,never,167,377,5,2017-07-07T17:55:19.562795,5000,0.9908,0.9908,0.9908,5000,0,0,False,False,0,0
gnn_ewc_replay,never,168,378,5,2017-07-07T17:55:26.138198,5000,0.9918,0.9918,0.9918,5000,0,0,False,False,0,0
gnn_ewc_replay,never,169,380,5,2017-07-07T17:55:39.290299,5000,0.8928,0.8928,0.8928,5000,0,0,False,False,0,0
gnn_ewc_replay,never,170,381,5,2017-07-07T17:55:45.863226,5000,0.936,0.936,0.936,5000,0,0,False,False,0,0
gnn_ewc_replay,never,171,382,5,2017-07-07T17:55:51.164024,5000,0.9796,0.9796,0.9796,5000,0,0,False,False,0,0
gnn_ewc_replay,never,172,384,5,2017-07-07T18:00:43.250620,5000,0.0796,0.0796,0.0796,5000,0,0,False,False,0,0
gnn_ewc_replay,never,173,385,5,2017-07-07T18:08:01.771442,5000,0.8088,0.8088,0.8088,5000,0,0,False,False,0,0
gnn_ewc_replay,never,174,387,5,2017-07-07T18:10:02.151109,5000,0.4012,0.4012,0.4012,5000,0,0,False,False,0,0
gnn_ewc_replay,never,175,388,5,2017-07-07T18:12:20.353225,5000,0.0048,0.0048,0.0048,5000,0,0,False,False,0,0
gnn_ewc_replay,never,176,390,5,2017-07-07T18:22:29.680677,5000,0.818,0.818,0.818,5000,0,0,False,False,0,0
gnn_ewc_replay,never,177,391,5,2017-07-07T18:23:24.585570,5000,0.485,0.485,0.485,5000,0,0,False,False,0,0
gnn_ewc_replay,never,178,392,5,2017-07-07T18:27:32.404808,5000,0.0,0.0,0.0,5000,0,0,False,False,0,0
gnn_ewc_replay,never,179,394,5,2017-07-07T18:38:01.487913,1117,0.0,0.0,0.0,1117,0,0,False,False,0,0
gnn_ewc_replay,never,180,395,6,2017-07-07T18:40:13.106791,5000,0.0,0.0,0.0,5000,0,0,False,False,0,0
gnn_ewc_replay,never,181,396,6,2017-07-07T18:51:29.702413,5000,0.4302,0.4302,0.4302,5000,0,0,False,False,0,0
gnn_ewc_replay,never,182,398,6,2017-07-07T18:58:02.196043,5000,0.7544,0.7544,0.7544,5000,0,0,False,False,0,0
gnn_ewc_replay,never,183,399,6,2017-07-07T18:58:48.883331,5000,0.791,0.791,0.791,5000,0,0,False,False,0,0
gnn_ewc_replay,never,184,401,6,2017-07-07T19:00:29.056924,5000,0.8542,0.8542,0.8542,5000,0,0,False,False,0,0
gnn_ewc_replay,never,185,402,6,2017-07-07T19:01:21.056982,5000,0.9168,0.9168,0.9168,5000,0,0,False,False,0,0
gnn_ewc_replay,never,186,404,6,2017-07-07T19:03:17.417002,5000,0.8922,0.8922,0.8918,4998,1,1,False,False,0,0
gnn_ewc_replay,never,187,405,6,2017-07-07T19:04:11.677669,5000,0.9342,0.9342,0.9342,5000,0,0,False,False,0,0
gnn_ewc_replay,never,188,406,6,2017-07-07T19:05:10.130947,5000,0.8698,0.8698,0.8698,5000,0,0,False,False,0,0
gnn_ewc_replay,never,189,408,6,2017-07-07T19:06:59.997858,5000,0.8462,0.8462,0.8462,5000,0,0,False,False,0,0
gnn_ewc_replay,never,190,409,6,2017-07-07T19:07:51.520364,5000,0.8472,0.8472,0.8472,5000,0,0,False,False,0,0
gnn_ewc_replay,never,191,411,6,2017-07-07T19:09:36.175401,5000,0.9538,0.9538,0.9538,5000,0,0,False,False,0,0
gnn_ewc_replay,never,192,412,6,2017-07-07T19:10:34.468512,5000,0.9152,0.9152,0.9152,5000,0,0,False,False,0,0
gnn_ewc_replay,never,193,414,6,2017-07-07T19:12:19.835270,5000,0.8936,0.8936,0.8936,5000,0,0,False,False,0,0
gnn_ewc_replay,never,194,415,6,2017-07-07T19:13:13.980423,5000,0.6772,0.6772,0.6772,5000,0,0,False,False,0,0
gnn_ewc_replay,never,195,416,6,2017-07-07T19:13:55.557798,5000,0.7798,0.7798,0.7796,4999,1,0,False,False,0,0
gnn_ewc_replay,never,196,418,6,2017-07-07T19:15:38.304116,5000,0.566,0.566,0.566,5000,0,0,False,False,0,0
gnn_ewc_replay,never,197,419,6,2017-07-07T19:20:18.568724,5000,0.0,0.0,0.0,5000,0,0,False,False,0,0
gnn_ewc_replay,never,198,421,6,2017-07-07T19:42:08.815711,5000,0.0,0.0,0.0,5000,0,0,False,False,0,0
gnn_ewc_replay,never,199,422,6,2017-07-07T19:53:33.828828,3798,0.0,0.0,0.0,3798,0,0,False,False,0,0
gnn_naive,adwin,0,139,1,2017-07-05T11:42:42.084372,5000,0.0,0.0,0.0,5000,0,0,False,False,0,0
gnn_naive,adwin,1,140,1,2017-07-05T11:51:47.303080,5000,0.0,0.0,0.0,5000,0,0,False,False,0,0
gnn_naive,adwin,2,142,1,2017-07-05T12:09:27.601738,5000,0.0,0.0,0.0,5000,0,0,False,False,0,0
gnn_naive,adwin,3,143,1,2017-07-05T12:14:30.228870,5000,0.0,0.0,0.0,5000,0,0,False,False,0,0
gnn_naive,adwin,4,145,1,2017-07-05T12:30:25.505932,5000,0.0,0.0,0.0,5000,0,0,False,False,0,0
gnn_naive,adwin,5,146,1,2017-07-05T12:39:54.047016,5000,0.0,0.0,0.0,5000,0,0,False,False,0,0
gnn_naive,adwin,6,148,1,2017-07-05T12:52:02.760958,5000,0.1696,0.1696,0.1696,5000,0,0,True,True,1,0
gnn_naive,adwin,7,149,1,2017-07-05T12:57:13.318901,5000,0.058,0.058,0.1506,3957,1043,0,True,False,1,0
gnn_naive,adwin,8,150,1,2017-07-05T13:01:17.744846,5000,0.0584,0.0584,0.1364,4026,974,0,True,False,1,0
gnn_naive,adwin,9,152,1,2017-07-05T13:12:54.669885,5000,0.1332,0.1332,0.068,3994,1006,0,True,False,1,0
gnn_naive,adwin,10,153,1,2017-07-05T13:15:48.345465,5000,0.0002,0.0002,0.0724,4637,363,0,False,False,1,0
gnn_naive,adwin,11,155,1,2017-07-05T13:25:10.453300,5000,0.192,0.192,0.0816,3632,1368,0,True,True,2,0
gnn_naive,adwin,12,156,1,2017-07-05T13:29:31.560642,5000,0.0002,0.0002,0.0428,4785,215,0,False,False,2,0
gnn_naive,adwin,13,158,1,2017-07-05T13:40:19.835821,5000,0.4124,0.4124,0.4124,5000,0,0,True,False,2,0
gnn_naive,adwin,14,159,1,2017-07-05T13:43:24.912205,5000,0.9856,0.9856,0.9854,4999,1,0,True,False,2,0
gnn_naive,adwin,15,160,1,2017-07-05T13:43:58.440253,5000,0.986,0.986,0.986,5000,0,0,True,False,2,0
gnn_naive,adwin,16,162,1,2017-07-05T13:45:05.180353,5000,0.8242,0.8242,0.8242,5000,0,0,True,True,3,0
gnn_naive,adwin,17,163,1,2017-07-05T13:45:37.096427,5000,0.0004,0.0004,0.94,298,4702,0,True,False,3,0
gnn_naive,adwin,18,165,1,2017-07-05T13:46:29.403971,5000,0.0002,0.0002,0.8974,513,4485,2,False,False,3,0
gnn_naive,adwin,19,166,1,2017-07-05T13:47:01.332086,5000,0.0,0.0,0.9734,133,4867,0,False,False,3,0
gnn_naive,adwin,20,168,1,2017-07-05T13:48:07.965214,5000,0.0,0.0,0.9862,69,4926,5,False,False,3,0
gnn_naive,adwin,21,169,1,2017-07-05T13:48:41.349281,5000,0.0004,0.0004,0.9956,20,4980,0,False,False,3,0
gnn_naive,adwin,22,170,1,2017-07-05T13:49:14.345333,5000,0.0008,0.0008,0.9682,155,4841,4,False,False,3,0
gnn_naive,adwin,23,172,1,2017-07-05T13:50:18.918794,5000,0.0,0.0,0.9886,57,4942,1,False,False,3,0
gnn_naive,adwin,24,173,1,2017-07-05T13:50:38.228962,5000,0.961,0.961,0.961,5000,0,0,True,True,4,0
gnn_naive,adwin,25,175,1,2017-07-05T13:51:44.892056,5000,0.0,0.0,0.8968,516,4484,0,True,False,4,0
gnn_naive,adwin,26,176,1,2017-07-05T13:52:17.862138,5000,0.0,0.0,0.9862,69,4931,0,False,False,4,0
gnn_naive,adwin,27,178,1,2017-07-05T13:53:24.358267,5000,0.0,0.0,0.8974,513,4487,0,False,False,4,0
gnn_naive,adwin,28,179,1,2017-07-05T13:53:56.634131,5000,0.0,0.0,0.9602,199,4801,0,False,False,4,0
gnn_naive,adwin,29,180,1,2017-07-05T13:54:29.989881,5000,0.0,0.0,0.9614,193,4807,0,False,False,4,0
gnn_naive,adwin,30,182,1,2017-07-05T13:55:22.166920,5000,0.0,0.0,0.9904,48,4952,0,False,False,4,0
gnn_naive,adwin,31,183,1,2017-07-05T13:55:55.807965,5000,0.0,0.0,0.9642,179,4821,0,False,False,4,0
gnn_naive,adwin,32,185,1,2017-07-05T13:57:01.682060,5000,0.0,0.0,0.833,835,4165,0,False,False,4,0
gnn_naive,adwin,33,186,1,2017-07-05T13:57:20.115614,5000,0.0,0.0,0.9156,422,4578,0,False,False,4,0
gnn_naive,adwin,34,188,1,2017-07-05T13:58:25.938722,5000,0.0,0.0,0.827,865,4135,0,False,False,4,0
gnn_naive,adwin,35,189,1,2017-07-05T13:58:58.737812,5000,0.0,0.0,0.9314,343,4657,0,False,False,4,0
gnn_naive,adwin,36,190,1,2017-07-05T13:59:32.174828,5000,0.0,0.0,0.9632,184,4816,0,False,False,4,0
gnn_naive,adwin,37,192,1,2017-07-05T14:00:23.948382,5000,0.0004,0.0004,0.6088,1897,3044,59,False,False,4,0
gnn_naive,adwin,38,193,1,2017-07-05T14:02:52.031532,5000,0.0,0.0,0.0,5000,0,0,False,False,4,0
gnn_naive,adwin,39,195,1,2017-07-05T14:12:29.415831,5000,0.0,0.0,0.5148,2426,2574,0,False,False,4,0
gnn_naive,adwin,40,196,1,2017-07-05T14:17:42.794571,5000,0.0,0.0,0.5242,2379,2621,0,False,False,4,0
gnn_naive,adwin,41,198,1,2017-07-05T14:31:18.945145,5000,0.0,0.0,0.0,5000,0,0,False,False,4,0
gnn_naive,adwin,42,199,1,2017-07-05T14:42:55.811755,5000,0.0,0.0,0.0,5000,0,0,False,False,4,0
gnn_naive,adwin,43,200,1,2017-07-05T14:49:04.254998,5000,0.0,0.0,0.0,5000,0,0,False,False,4,0
gnn_naive,adwin,44,202,1,2017-07-05T15:02:38.428045,5000,0.0,0.0,0.0,5000,0,0,False,False,4,0
gnn_naive,adwin,45,203,1,2017-07-05T15:14:29.623535,5000,0.0,0.0,0.0,5000,0,0,False,False,4,0
gnn_naive,adwin,46,205,1,2017-07-05T15:57:46.023320,5000,0.0,0.0,0.0,5000,0,0,False,False,4,0
gnn_naive,adwin,47,206,1,2017-07-05T16:11:21.785357,5000,0.0,0.0,0.0,5000,0,0,False,False,4,0
gnn_naive,adwin,48,208,1,2017-07-05T16:26:17.988361,5000,0.0,0.0,0.0,5000,0,0,False,False,4,0
gnn_naive,adwin,49,209,1,2017-07-05T16:33:30.652614,5000,0.0,0.0,0.0,5000,0,0,False,False,4,0
gnn_naive,adwin,50,210,1,2017-07-05T16:44:07.514721,5000,0.0,0.0,0.0,5000,0,0,False,False,4,0
gnn_naive,adwin,51,212,1,2017-07-05T16:58:27.864246,5000,0.0,0.0,0.0,5000,0,0,False,False,4,0
gnn_naive,adwin,52,213,1,2017-07-05T17:04:53.987116,5000,0.0,0.0,0.0,5000,0,0,False,False,4,0
gnn_naive,adwin,53,215,1,2017-07-05T17:17:43.888859,5000,0.0006,0.0006,0.0,4997,2,1,False,False,4,0
gnn_naive,adwin,54,216,1,2017-07-05T17:25:11.387702,5000,0.0,0.0,0.0,5000,0,0,False,False,4,0
gnn_naive,adwin,55,218,1,2017-07-05T17:32:09.292244,5000,0.0,0.0,0.0,5000,0,0,False,False,4,0
gnn_naive,adwin,56,219,1,2017-07-05T17:36:30.842330,5000,0.0,0.0,0.0,5000,0,0,False,False,4,0
gnn_naive,adwin,57,220,1,2017-07-05T17:44:46.125001,5000,0.0,0.0,0.0,5000,0,0,False,False,4,0
gnn_naive,adwin,58,222,1,2017-07-05T18:03:49.082999,5000,0.0,0.0,0.0,5000,0,0,False,False,4,0
gnn_naive,adwin,59,223,1,2017-07-05T18:09:29.961498,5000,0.0004,0.0004,0.0,4998,2,0,False,False,4,0
gnn_naive,adwin,60,225,1,2017-07-05T18:14:52.374862,5000,0.0004,0.0004,0.0004,5000,0,0,False,False,4,0
gnn_naive,adwin,61,226,1,2017-07-05T18:18:42.833755,5000,0.0002,0.0002,0.0002,5000,0,0,False,False,4,0
gnn_naive,adwin,62,228,1,2017-07-05T18:28:02.917391,5000,0.0006,0.0006,0.0006,5000,0,0,False,False,4,0
gnn_naive,adwin,63,229,1,2017-07-05T18:34:28.100119,5000,0.0,0.0,0.0,5000,0,0,False,False,4,0
gnn_naive,adwin,64,230,1,2017-07-05T18:46:02.220861,5000,0.0,0.0,0.0,5000,0,0,False,False,4,0
gnn_naive,adwin,65,232,1,2017-07-05T19:08:00.288731,5000,0.0,0.0,0.0,5000,0,0,False,False,4,0
gnn_naive,adwin,66,233,1,2017-07-05T19:16:31.400416,5000,0.0,0.0,0.0,5000,0,0,False,False,4,0
gnn_naive,adwin,67,235,1,2017-07-05T19:34:27.924119,5000,0.0,0.0,0.0,5000,0,0,False,False,4,0
gnn_naive,adwin,68,236,1,2017-07-05T19:42:27.366104,5000,0.0,0.0,0.0,5000,0,0,False,False,4,0
gnn_naive,adwin,69,238,1,2017-07-05T20:01:58.214404,1639,0.0,0.0,0.0,1639,0,0,False,False,4,0
gnn_naive,adwin,70,239,2,2017-07-06T11:59:00.490140,5000,0.0,0.0,0.0,5000,0,0,False,False,4,0
gnn_naive,adwin,71,240,2,2017-07-06T12:10:15.682034,5000,0.0,0.0,0.0,5000,0,0,False,False,4,0
gnn_naive,adwin,72,242,2,2017-07-06T12:22:45.174419,5000,0.0024,0.0024,0.0024,5000,0,0,True,True,5,0
gnn_naive,adwin,73,243,2,2017-07-06T12:29:10.306594,5000,0.0012,0.0012,0.002,4980,11,9,False,False,5,0
gnn_naive,adwin,74,245,2,2017-07-06T12:39:29.210704,5000,0.002,0.002,0.002,4980,20,0,False,False,5,0
gnn_naive,adwin,75,246,2,2017-07-06T12:44:44.087288,5000,0.0024,0.0024,0.0024,4976,12,12,False,False,5,0
gnn_naive,adwin,76,248,2,2017-07-06T12:56:59.488182,5000,0.0,0.0,0.001,4993,5,2,False,False,5,0
gnn_naive,adwin,77,249,2,2017-07-06T13:06:47.480861,5000,0.0004,0.0004,0.0004,4995,4,1,False,False,5,0
gnn_naive,adwin,78,250,2,2017-07-06T13:18:02.084347,5000,0.0,0.0,0.0016,4992,8,0,False,False,5,0
gnn_naive,adwin,79,252,2,2017-07-06T13:35:53.976822,5000,0.0022,0.0022,0.0022,5000,0,0,False,False,5,0
gnn_naive,adwin,80,253,2,2017-07-06T13:42:48.495516,5000,0.0002,0.0002,0.0002,5000,0,0,False,False,5,0
gnn_naive,adwin,81,255,2,2017-07-06T13:58:01.440411,5000,0.0,0.0,0.0,5000,0,0,False,False,5,0
gnn_naive,adwin,82,256,2,2017-07-06T14:07:33.699620,5000,0.0,0.0,0.0,5000,0,0,False,False,5,0
gnn_naive,adwin,83,258,2,2017-07-06T14:36:43.113049,5000,0.0,0.0,0.0,5000,0,0,False,False,5,0
gnn_naive,adwin,84,259,2,2017-07-06T14:44:47.463686,5000,0.0,0.0,0.0,5000,0,0,False,False,5,0
gnn_naive,adwin,85,260,2,2017-07-06T14:51:31.044028,5000,0.0,0.0,0.0,5000,0,0,True,False,5,0
gnn_naive,adwin,86,262,2,2017-07-06T15:02:34.710872,5000,0.0,0.0,0.0,5000,0,0,False,False,5,0
gnn_naive,adwin,87,263,2,2017-07-06T15:17:36.886104,1631,0.0,0.0,0.0,1631,0,0,False,False,5,0
gnn_naive,adwin,88,264,3,2017-07-06T15:21:46.077528,5000,0.0,0.0,0.0,5000,0,0,False,False,5,0
gnn_naive,adwin,89,265,3,2017-07-06T15:57:48.073332,5000,0.0,0.0,0.0,5000,0,0,False,False,5,0
gnn_naive,adwin,90,267,3,2017-07-06T16:20:01.275888,5000,0.0,0.0,0.0,5000,0,0,False,False,5,0
gnn_naive,adwin,91,268,3,2017-07-06T16:26:11.443075,5000,0.0,0.0,0.0,5000,0,0,False,False,5,0
gnn_naive,adwin,92,270,3,2017-07-06T16:41:26.142952,5000,0.0,0.0,0.0,5000,0,0,False,False,5,0
gnn_naive,adwin,93,271,3,2017-07-06T16:48:23.513508,5000,0.0,0.0,0.0,5000,0,0,False,False,5,0
gnn_naive,adwin,94,273,3,2017-07-06T17:01:56.124719,5000,0.0,0.0,0.0,5000,0,0,False,False,5,0
gnn_naive,adwin,95,274,3,2017-07-06T17:09:14.312316,5000,0.0002,0.0002,0.0002,5000,0,0,False,False,5,0
gnn_naive,adwin,96,275,3,2017-07-06T17:19:03.227873,5000,0.0002,0.0002,0.0002,5000,0,0,False,False,5,0
gnn_naive,adwin,97,277,3,2017-07-06T17:33:34.194501,5000,0.1946,0.1946,0.1946,5000,0,0,True,True,6,0
gnn_naive,adwin,98,278,3,2017-07-06T17:39:12.552975,5000,0.0004,0.0004,0.0004,5000,0,0,False,False,6,0
gnn_naive,adwin,99,280,3,2017-07-06T17:55:09.986251,5000,0.0004,0.0004,0.0004,5000,0,0,False,False,6,0
gnn_naive,adwin,100,281,3,2017-07-06T17:59:36.467132,5000,0.0002,0.0002,0.0002,5000,0,0,False,False,6,0
gnn_naive,adwin,101,283,3,2017-07-06T18:07:16.757797,5000,0.0066,0.0066,0.663,1692,3249,59,True,False,6,0
gnn_naive,adwin,102,284,3,2017-07-06T18:09:57.844506,5000,0.014,0.014,0.824,820,4180,0,True,True,7,0
gnn_naive,adwin,103,285,3,2017-07-06T18:10:49.994872,5000,0.0004,0.0004,0.775,1125,3875,0,True,False,7,0
gnn_naive,adwin,104,287,3,2017-07-06T18:14:45.755478,5000,0.0006,0.0006,0.3294,3352,1648,0,False,False,7,0
gnn_naive,adwin,105,288,3,2017-07-06T18:18:04.892579,5000,0.4022,0.4022,0.665,3686,1314,0,True,False,7,0
gnn_naive,adwin,106,290,3,2017-07-06T18:20:34.510755,5000,0.0002,0.0002,0.6878,1560,3438,2,True,False,7,0
gnn_naive,adwin,107,291,3,2017-07-06T18:22:53.483056,5000,0.0,0.0,0.7674,1163,3836,1,False,False,7,0
gnn_naive,adwin,108,293,3,2017-07-06T18:27:47.326584,5000,0.0,0.0,0.8746,627,4372,1,False,False,7,0
gnn_naive,adwin,109,294,3,2017-07-06T18:29:08.737619,5000,0.0,0.0,0.6564,1718,3282,0,False,False,7,0
gnn_naive,adwin,110,295,3,2017-07-06T18:31:05.480703,5000,0.0018,0.0018,0.723,1377,3620,3,False,False,7,0
gnn_naive,adwin,111,297,3,2017-07-06T18:33:53.760513,5000,0.0002,0.0002,0.512,2441,2559,0,False,False,7,0
gnn_naive,adwin,112,298,3,2017-07-06T18:37:22.766188,5000,0.0,0.0,0.6834,1583,3417,0,False,False,7,0
gnn_naive,adwin,113,300,3,2017-07-06T18:40:30.610036,5000,0.0004,0.0004,0.6866,1566,3433,1,False,False,7,0
gnn_naive,adwin,114,301,3,2017-07-06T18:42:06.498633,5000,0.0,0.0,0.6346,1827,3173,0,False,False,7,0
gnn_naive,adwin,115,303,3,2017-07-06T18:47:09.422094,5000,0.0,0.0,0.0,5000,0,0,False,False,7,0
gnn_naive,adwin,116,304,3,2017-07-06T18:54:53.175956,5000,0.0,0.0,0.0,5000,0,0,False,False,7,0
gnn_naive,adwin,117,305,3,2017-07-06T19:03:28.804011,5000,0.0,0.0,0.0,5000,0,0,False,False,7,0
gnn_naive,adwin,118,307,3,2017-07-06T19:27:07.705893,5000,0.0006,0.0006,0.0,4994,2,4,False,False,7,0
gnn_naive,adwin,119,308,3,2017-07-06T19:34:19.845180,5000,0.0002,0.0002,0.0,4999,1,0,False,False,7,0
gnn_naive,adwin,120,310,3,2017-07-06T19:49:46.027609,5000,0.0006,0.0006,0.0,4997,3,0,False,False,7,0
gnn_naive,adwin,121,311,3,2017-07-06T19:54:11.940169,5445,0.0,0.0,0.0,5445,0,0,False,False,7,0
gnn_naive,adwin,122,312,4,2017-07-07T11:59:50.315195,5000,0.0,0.0,0.0,5000,0,0,False,False,7,0
gnn_naive,adwin,123,313,4,2017-07-07T12:11:03.657511,5000,0.0,0.0,0.0,5000,0,0,False,False,7,0
gnn_naive,adwin,124,315,4,2017-07-07T12:29:00.190644,5000,0.0,0.0,0.0,5000,0,0,False,False,7,0
gnn_naive,adwin,125,316,4,2017-07-07T12:37:40.318157,5000,0.0,0.0,0.0,5000,0,0,False,False,7,0
gnn_naive,adwin,126,318,4,2017-07-07T12:49:25.541221,5000,0.0,0.0,0.0,5000,0,0,False,False,7,0
gnn_naive,adwin,127,319,4,2017-07-07T12:57:46.514818,5000,0.0,0.0,0.0,5000,0,0,False,False,7,0
gnn_naive,adwin,128,321,4,2017-07-07T13:06:05.779821,5000,0.0058,0.0058,0.0058,5000,0,0,True,True,8,0
gnn_naive,adwin,129,322,4,2017-07-07T13:10:50.455475,5000,0.0,0.0,0.0024,4988,12,0,False,False,8,0
gnn_naive,adwin,130,323,4,2017-07-07T13:17:08.517690,5000,0.0,0.0,0.0016,4992,8,0,True,False,8,0
gnn_naive,adwin,131,325,4,2017-07-07T13:25:25.836703,5000,0.0012,0.0012,0.0118,4945,55,0,False,False,8,0
gnn_naive,adwin,132,326,4,2017-07-07T13:28:50.168559,5000,0.0008,0.0008,0.0124,4942,57,1,False,False,8,0
gnn_naive,adwin,133,328,4,2017-07-07T13:36:33.599736,5000,0.0038,0.0038,0.0372,4830,165,5,True,True,9,0
gnn_naive,adwin,134,329,4,2017-07-07T13:44:33.114918,5000,0.0,0.0,0.0444,4778,222,0,False,False,9,0
gnn_naive,adwin,135,331,4,2017-07-07T14:03:11.120403,5000,0.0,0.0,0.0,5000,0,0,False,False,9,0
gnn_naive,adwin,136,332,4,2017-07-07T14:10:48.127689,5000,0.0,0.0,0.0,5000,0,0,False,False,9,0
gnn_naive,adwin,137,333,4,2017-07-07T14:17:34.746882,5000,0.0,0.0,0.0,5000,0,0,False,False,9,0
gnn_naive,adwin,138,335,4,2017-07-07T14:29:28.037485,5000,0.0,0.0,0.0,5000,0,0,False,False,9,0
gnn_naive,adwin,139,336,4,2017-07-07T14:36:46.146039,5000,0.0,0.0,0.0,5000,0,0,False,False,9,0
gnn_naive,adwin,140,338,4,2017-07-07T14:53:13.213414,5000,0.0,0.0,0.0,5000,0,0,False,False,9,0
gnn_naive,adwin,141,339,4,2017-07-07T15:00:28.242232,5000,0.0,0.0,0.0,5000,0,0,False,False,9,0
gnn_naive,adwin,142,341,5,2017-07-07T15:28:53.858854,5000,0.0,0.0,0.0,5000,0,0,False,False,9,0
gnn_naive,adwin,143,342,5,2017-07-07T16:08:36.089220,5000,0.0,0.0,0.0,5000,0,0,False,False,9,0
gnn_naive,adwin,144,344,5,2017-07-07T16:34:33.679764,5000,0.0,0.0,0.0,4999,0,1,False,False,9,0
gnn_naive,adwin,145,345,5,2017-07-07T16:36:28.449578,5000,0.0,0.0,0.0,5000,0,0,False,False,9,0
gnn_naive,adwin,146,347,5,2017-07-07T16:50:49.419521,5000,0.0274,0.0274,0.0264,4863,119,18,True,True,10,0
gnn_naive,adwin,147,348,5,2017-07-07T16:59:16.787988,5000,0.0012,0.0012,0.0188,4900,94,6,False,False,10,0
gnn_naive,adwin,148,350,5,2017-07-07T17:13:57.348088,5000,0.0,0.0,0.0236,4882,118,0,False,False,10,0
gnn_naive,adwin,149,351,5,2017-07-07T17:21:37.950704,5000,0.0,0.0,0.0,5000,0,0,True,False,10,0
gnn_naive,adwin,150,352,5,2017-07-07T17:28:14.273505,5000,0.0,0.0,0.0,5000,0,0,False,False,10,0
gnn_naive,adwin,151,354,5,2017-07-07T17:45:17.899612,5000,0.0018,0.0018,0.0286,4848,151,1,False,False,10,0
gnn_naive,adwin,152,355,5,2017-07-07T17:51:45.466435,5000,0.0,0.0,0.9924,38,4962,0,False,False,10,0
gnn_naive,adwin,153,357,5,2017-07-07T17:51:59.159748,5000,0.0,0.0,0.9956,22,4978,0,False,False,10,0
gnn_naive,adwin,154,358,5,2017-07-07T17:52:06.020133,5000,0.0,0.0,0.9872,64,4936,0,False,False,10,0
gnn_naive,adwin,155,360,5,2017-07-07T17:52:19.730775,5000,0.0,0.0,0.9878,61,4939,0,False,False,10,0
gnn_naive,adwin,156,361,5,2017-07-07T17:52:26.609510,5000,0.0,0.0,0.9948,26,4974,0,False,False,10,0
gnn_naive,adwin,157,362,5,2017-07-07T17:52:33.458646,5000,0.0,0.0,0.9898,51,4949,0,False,False,10,0
gnn_naive,adwin,158,364,5,2017-07-07T17:52:47.175885,5000,0.0,0.0,0.994,30,4970,0,False,False,10,0
gnn_naive,adwin,159,365,5,2017-07-07T17:52:54.036328,5000,0.0,0.0,0.9786,107,4893,0,False,False,10,0
gnn_naive,adwin,160,367,5,2017-07-07T17:54:15.198356,5000,0.0,0.0,0.9366,317,4682,1,False,False,10,0
gnn_naive,adwin,161,368,5,2017-07-07T17:54:21.743673,5000,0.0,0.0,0.9926,37,4963,0,False,False,10,0
gnn_naive,adwin,162,370,5,2017-07-07T17:54:34.912359,5000,0.0,0.0,0.9606,197,4803,0,False,False,10,0
gnn_naive,adwin,163,371,5,2017-07-07T17:54:40.199430,5000,0.0,0.0,0.9946,27,4973,0,False,False,10,0
gnn_naive,adwin,164,372,5,2017-07-07T17:54:46.759913,5000,0.0,0.0,0.9942,29,4971,0,False,False,10,0
gnn_naive,adwin,165,374,5,2017-07-07T17:54:59.878558,5000,0.0,0.0,0.9906,47,4953,0,False,False,10,0
gnn_naive,adwin,166,375,5,2017-07-07T17:55:06.426975,5000,0.0,0.0,0.9674,163,4837,0,False,False,10,0
gnn_naive,adwin,167,377,5,2017-07-07T17:55:19.562795,5000,0.0,0.0,0.9908,46,4954,0,False,False,10,0
gnn_naive,adwin,168,378,5,2017-07-07T17:55:26.138198,5000,0.0,0.0,0.9918,41,4959,0,False,False,10,0
gnn_naive,adwin,169,380,5,2017-07-07T17:55:39.290299,5000,0.0,0.0,0.8928,536,4464,0,False,False,10,0
gnn_naive,adwin,170,381,5,2017-07-07T17:55:45.863226,5000,0.0,0.0,0.936,320,4680,0,False,False,10,0
gnn_naive,adwin,171,382,5,2017-07-07T17:55:51.164024,5000,0.0,0.0,0.9796,102,4898,0,False,False,10,0
gnn_naive,adwin,172,384,5,2017-07-07T18:00:43.250620,5000,0.001,0.001,0.0796,4597,403,0,False,False,10,0
gnn_naive,adwin,173,385,5,2017-07-07T18:08:01.771442,5000,0.0048,0.0048,0.8088,980,4018,2,True,True,11,0
gnn_naive,adwin,174,387,5,2017-07-07T18:10:02.151109,5000,0.0,0.0,0.4012,2994,2006,0,False,False,11,0
gnn_naive,adwin,175,388,5,2017-07-07T18:12:20.353225,5000,0.0048,0.0048,0.0048,5000,0,0,True,False,11,0
gnn_naive,adwin,176,390,5,2017-07-07T18:22:29.680677,5000,0.0,0.0,0.818,910,4090,0,False,False,11,0
gnn_naive,adwin,177,391,5,2017-07-07T18:23:24.585570,5000,0.0,0.0,0.485,2575,2425,0,True,False,11,0
gnn_naive,adwin,178,392,5,2017-07-07T18:27:32.404808,5000,0.0,0.0,0.0,5000,0,0,False,False,11,0
gnn_naive,adwin,179,394,5,2017-07-07T18:38:01.487913,1117,0.0,0.0,0.0,1117,0,0,False,False,11,0
gnn_naive,adwin,180,395,6,2017-07-07T18:40:13.106791,5000,0.0,0.0,0.0,5000,0,0,False,False,11,0
gnn_naive,adwin,181,396,6,2017-07-07T18:51:29.702413,5000,0.4302,0.4302,0.4302,2849,2151,0,True,True,12,0
gnn_naive,adwin,182,398,6,2017-07-07T18:58:02.196043,5000,0.0,0.0,0.7544,1228,3772,0,True,False,12,0
gnn_naive,adwin,183,399,6,2017-07-07T18:58:48.883331,5000,0.0012,0.0012,0.791,1039,3961,0,False,False,12,0
gnn_naive,adwin,184,401,6,2017-07-07T19:00:29.056924,5000,0.0016,0.0016,0.8542,720,4277,3,False,False,12,0
gnn_naive,adwin,185,402,6,2017-07-07T19:01:21.056982,5000,0.0,0.0,0.9168,415,4584,1,False,False,12,0
gnn_naive,adwin,186,404,6,2017-07-07T19:03:17.417002,5000,0.0004,0.0004,0.8918,539,4461,0,False,False,12,0
gnn_naive,adwin,187,405,6,2017-07-07T19:04:11.677669,5000,0.0,0.0,0.9342,329,4671,0,False,False,12,0
gnn_naive,adwin,188,406,6,2017-07-07T19:05:10.130947,5000,0.0008,0.0008,0.8698,647,4352,1,False,False,12,0
gnn_naive,adwin,189,408,6,2017-07-07T19:06:59.997858,5000,0.0004,0.0004,0.8462,766,4233,1,False,False,12,0
gnn_naive,adwin,190,409,6,2017-07-07T19:07:51.520364,5000,0.0004,0.0004,0.8472,762,4238,0,False,False,12,0
gnn_naive,adwin,191,411,6,2017-07-07T19:09:36.175401,5000,0.0,0.0,0.9538,231,4769,0,False,False,12,0
gnn_naive,adwin,192,412,6,2017-07-07T19:10:34.468512,5000,0.0014,0.0014,0.9152,416,4582,2,False,False,12,0
gnn_naive,adwin,193,414,6,2017-07-07T19:12:19.835270,5000,0.0004,0.0004,0.8936,530,4470,0,False,False,12,0
gnn_naive,adwin,194,415,6,2017-07-07T19:13:13.980423,5000,0.0,0.0,0.6772,1614,3386,0,False,False,12,0
gnn_naive,adwin,195,416,6,2017-07-07T19:13:55.557798,5000,0.0008,0.0008,0.7796,1098,3902,0,False,False,12,0
gnn_naive,adwin,196,418,6,2017-07-07T19:15:38.304116,5000,0.1266,0.1266,0.566,1524,3425,51,True,True,13,0
gnn_naive,adwin,197,419,6,2017-07-07T19:20:18.568724,5000,0.0,0.0,0.0,5000,0,0,True,False,13,0
gnn_naive,adwin,198,421,6,2017-07-07T19:42:08.815711,5000,0.0,0.0,0.0,5000,0,0,False,False,13,0
gnn_naive,adwin,199,422,6,2017-07-07T19:53:33.828828,3798,0.0,0.0,0.0,3798,0,0,False,False,13,0
ffnn_ewc_replay,adwin,0,139,1,2017-07-05T11:42:42.084372,5000,0.0,0.0,0.0,5000,0,0,False,False,0,0
ffnn_ewc_replay,adwin,1,140,1,2017-07-05T11:51:47.303080,5000,0.0,0.0,0.0,5000,0,0,False,False,0,0
ffnn_ewc_replay,adwin,2,142,1,2017-07-05T12:09:27.601738,5000,0.0,0.0,0.0,5000,0,0,False,False,0,0
ffnn_ewc_replay,adwin,3,143,1,2017-07-05T12:14:30.228870,5000,0.0,0.0,0.0,5000,0,0,False,False,0,0
ffnn_ewc_replay,adwin,4,145,1,2017-07-05T12:30:25.505932,5000,0.0,0.0,0.0,5000,0,0,False,False,0,0
ffnn_ewc_replay,adwin,5,146,1,2017-07-05T12:39:54.047016,5000,0.0,0.0,0.0,5000,0,0,False,False,0,0
ffnn_ewc_replay,adwin,6,148,1,2017-07-05T12:52:02.760958,5000,0.1696,0.1696,0.1696,5000,0,0,True,True,1,0
ffnn_ewc_replay,adwin,7,149,1,2017-07-05T12:57:13.318901,5000,0.0,0.0,0.1506,4247,753,0,False,False,1,0
ffnn_ewc_replay,adwin,8,150,1,2017-07-05T13:01:17.744846,5000,0.0,0.0,0.1364,4318,682,0,False,False,1,0
ffnn_ewc_replay,adwin,9,152,1,2017-07-05T13:12:54.669885,5000,0.0002,0.0002,0.068,4661,339,0,False,False,1,0
ffnn_ewc_replay,adwin,10,153,1,2017-07-05T13:15:48.345465,5000,0.0634,0.0634,0.0724,4954,45,1,True,False,1,0
ffnn_ewc_replay,adwin,11,155,1,2017-07-05T13:25:10.453300,5000,0.0054,0.0054,0.0816,4615,381,4,False,False,1,0
ffnn_ewc_replay,adwin,12,156,1,2017-07-05T13:29:31.560642,5000,0.0326,0.0326,0.0428,4949,51,0,True,True,2,0
ffnn_ewc_replay,adwin,13,158,1,2017-07-05T13:40:19.835821,5000,0.4104,0.4104,0.4124,4987,12,1,True,False,2,0
ffnn_ewc_replay,adwin,14,159,1,2017-07-05T13:43:24.912205,5000,0.9686,0.9686,0.9854,4906,78,16,True,False,2,0
ffnn_ewc_replay,adwin,15,160,1,2017-07-05T13:43:58.440253,5000,0.9708,0.9708,0.986,4917,72,11,True,False,2,0
ffnn_ewc_replay,adwin,16,162,1,2017-07-05T13:45:05.180353,5000,0.8164,0.8164,0.8242,4958,38,4,True,False,2,0
ffnn_ewc_replay,adwin,17,163,1,2017-07-05T13:45:37.096427,5000,0.9208,0.9208,0.94,4897,91,12,True,True,3,0
ffnn_ewc_replay,adwin,18,165,1,2017-07-05T13:46:29.403971,5000,0.0,0.0,0.8974,513,4487,0,True,False,3,0
ffnn_ewc_replay,adwin,19,166,1,2017-07-05T13:47:01.332086,5000,0.0,0.0,0.9734,133,4867,0,False,False,3,0
ffnn_ewc_replay,adwin,20,168,1,2017-07-05T13:48:07.965214,5000,0.0,0.0,0.9862,69,4931,0,False,False,3,0
ffnn_ewc_replay,adwin,21,169,1,2017-07-05T13:48:41.349281,5000,0.0,0.0,0.9956,22,4978,0,False,False,3,0
ffnn_ewc_replay,adwin,22,170,1,2017-07-05T13:49:14.345333,5000,0.0,0.0,0.9682,159,4841,0,False,False,3,0
ffnn_ewc_replay,adwin,23,172,1,2017-07-05T13:50:18.918794,5000,0.0,0.0,0.9886,57,4943,0,False,False,3,0
ffnn_ewc_replay,adwin,24,173,1,2017-07-05T13:50:38.228962,5000,0.0,0.0,0.961,195,4805,0,False,False,3,0
ffnn_ewc_replay,adwin,25,175,1,2017-07-05T13:51:44.892056,5000,0.0,0.0,0.8968,516,4484,0,False,False,3,0
ffnn_ewc_replay,adwin,26,176,1,2017-07-05T13:52:17.862138,5000,0.0,0.0,0.9862,69,4931,0,False,False,3,0
ffnn_ewc_replay,adwin,27,178,1,2017-07-05T13:53:24.358267,5000,0.0,0.0,0.8974,513,4487,0,False,False,3,0
ffnn_ewc_replay,adwin,28,179,1,2017-07-05T13:53:56.634131,5000,0.0,0.0,0.9602,199,4801,0,False,False,3,0
ffnn_ewc_replay,adwin,29,180,1,2017-07-05T13:54:29.989881,5000,0.0,0.0,0.9614,193,4807,0,False,False,3,0
ffnn_ewc_replay,adwin,30,182,1,2017-07-05T13:55:22.166920,5000,0.0,0.0,0.9904,48,4952,0,False,False,3,0
ffnn_ewc_replay,adwin,31,183,1,2017-07-05T13:55:55.807965,5000,0.0,0.0,0.9642,179,4821,0,False,False,3,0
ffnn_ewc_replay,adwin,32,185,1,2017-07-05T13:57:01.682060,5000,0.0,0.0,0.833,834,4165,1,False,False,3,0
ffnn_ewc_replay,adwin,33,186,1,2017-07-05T13:57:20.115614,5000,0.0002,0.0002,0.9156,421,4579,0,False,False,3,0
ffnn_ewc_replay,adwin,34,188,1,2017-07-05T13:58:25.938722,5000,0.0,0.0,0.827,865,4135,0,False,False,3,0
ffnn_ewc_replay,adwin,35,189,1,2017-07-05T13:58:58.737812,5000,0.0,0.0,0.9314,343,4657,0,False,False,3,0
ffnn_ewc_replay,adwin,36,190,1,2017-07-05T13:59:32.174828,5000,0.0,0.0,0.9632,184,4816,0,False,False,3,0
ffnn_ewc_replay,adwin,37,192,1,2017-07-05T14:00:23.948382,5000,0.0002,0.0002,0.6088,1955,3045,0,False,False,3,0
ffnn_ewc_replay,adwin,38,193,1,2017-07-05T14:02:52.031532,5000,0.0006,0.0006,0.0,4997,2,1,False,False,3,0
ffnn_ewc_replay,adwin,39,195,1,2017-07-05T14:12:29.415831,5000,0.3838,0.3838,0.5148,4269,604,127,True,True,4,0
ffnn_ewc_replay,adwin,40,196,1,2017-07-05T14:17:42.794571,5000,0.0016,0.0016,0.5242,2384,2614,2,True,False,4,0
ffnn_ewc_replay,adwin,41,198,1,2017-07-05T14:31:18.945145,5000,0.0008,0.0008,0.0,4996,2,2,False,False,4,0
ffnn_ewc_replay,adwin,42,199,1,2017-07-05T14:42:55.811755,5000,0.0,0.0,0.0,5000,0,0,False,False,4,0
ffnn_ewc_replay,adwin,43,200,1,2017-07-05T14:49:04.254998,5000,0.0002,0.0002,0.0,4998,1,1,False,False,4,0
ffnn_ewc_replay,adwin,44,202,1,2017-07-05T15:02:38.428045,5000,0.001,0.001,0.0,4995,4,1,False,False,4,0
ffnn_ewc_replay,adwin,45,203,1,2017-07-05T15:14:29.623535,5000,0.0002,0.0002,0.0,4999,1,0,False,False,4,0
ffnn_ewc_replay,adwin,46,205,1,2017-07-05T15:57:46.023320,5000,0.0006,0.0006,0.0,4997,2,1,False,False,4,0
ffnn_ewc_replay,adwin,47,206,1,2017-07-05T16:11:21.785357,5000,0.0008,0.0008,0.0,4996,3,1,False,False,4,0
ffnn_ewc_replay,adwin,48,208,1,2017-07-05T16:26:17.988361,5000,0.0012,0.0012,0.0,4992,5,3,False,False,4,0
ffnn_ewc_replay,adwin,49,209,1,2017-07-05T16:33:30.652614,5000,0.0006,0.0006,0.0,4996,1,3,False,False,4,0
ffnn_ewc_replay,adwin,50,210,1,2017-07-05T16:44:07.514721,5000,0.0004,0.0004,0.0,4998,2,0,False,False,4,0
ffnn_ewc_replay,adwin,51,212,1,2017-07-05T16:58:27.864246,5000,0.0012,0.0012,0.0,4994,5,1,False,False,4,0
ffnn_ewc_replay,adwin,52,213,1,2017-07-05T17:04:53.987116,5000,0.0006,0.0006,0.0,4997,1,2,False,False,4,0
ffnn_ewc_replay,adwin,53,215,1,2017-07-05T17:17:43.888859,5000,0.0002,0.0002,0.0,4997,1,2,False,False,4,0
ffnn_ewc_replay,adwin,54,216,1,2017-07-05T17:25:11.387702,5000,0.0,0.0,0.0,5000,0,0,False,False,4,0
ffnn_ewc_replay,adwin,55,218,1,2017-07-05T17:32:09.292244,5000,0.0004,0.0004,0.0,4995,2,3,False,False,4,0
ffnn_ewc_replay,adwin,56,219,1,2017-07-05T17:36:30.842330,5000,0.0008,0.0008,0.0,4996,4,0,False,False,4,0
ffnn_ewc_replay,adwin,57,220,1,2017-07-05T17:44:46.125001,5000,0.0004,0.0004,0.0,4998,2,0,False,False,4,0
ffnn_ewc_replay,adwin,58,222,1,2017-07-05T18:03:49.082999,5000,0.0002,0.0002,0.0,4997,1,2,False,False,4,0
ffnn_ewc_replay,adwin,59,223,1,2017-07-05T18:09:29.961498,5000,0.0014,0.0014,0.0,4990,4,6,False,False,4,0
ffnn_ewc_replay,adwin,60,225,1,2017-07-05T18:14:52.374862,5000,0.0004,0.0004,0.0004,5000,0,0,False,False,4,0
ffnn_ewc_replay,adwin,61,226,1,2017-07-05T18:18:42.833755,5000,0.0002,0.0002,0.0002,5000,0,0,False,False,4,0
ffnn_ewc_replay,adwin,62,228,1,2017-07-05T18:28:02.917391,5000,0.0008,0.0008,0.0006,4998,1,1,False,False,4,0
ffnn_ewc_replay,adwin,63,229,1,2017-07-05T18:34:28.100119,5000,0.0006,0.0006,0.0,4996,1,3,False,False,4,0
ffnn_ewc_replay,adwin,64,230,1,2017-07-05T18:46:02.220861,5000,0.0008,0.0008,0.0,4996,4,0,False,False,4,0
ffnn_ewc_replay,adwin,65,232,1,2017-07-05T19:08:00.288731,5000,0.0004,0.0004,0.0,4997,2,1,False,False,4,0
ffnn_ewc_replay,adwin,66,233,1,2017-07-05T19:16:31.400416,5000,0.0004,0.0004,0.0,4997,2,1,False,False,4,0
ffnn_ewc_replay,adwin,67,235,1,2017-07-05T19:34:27.924119,5000,0.0004,0.0004,0.0,4998,1,1,False,False,4,0
ffnn_ewc_replay,adwin,68,236,1,2017-07-05T19:42:27.366104,5000,0.0006,0.0006,0.0,4997,3,0,False,False,4,0
ffnn_ewc_replay,adwin,69,238,1,2017-07-05T20:01:58.214404,1639,0.0,0.0,0.0,1639,0,0,False,False,4,0
ffnn_ewc_replay,adwin,70,239,2,2017-07-06T11:59:00.490140,5000,0.0056,0.0056,0.0,4971,26,3,True,True,5,0
ffnn_ewc_replay,adwin,71,240,2,2017-07-06T12:10:15.682034,5000,0.0006,0.0006,0.0,4996,2,2,False,False,5,0
ffnn_ewc_replay,adwin,72,242,2,2017-07-06T12:22:45.174419,5000,0.0024,0.0024,0.0024,5000,0,0,False,False,5,0
ffnn_ewc_replay,adwin,73,243,2,2017-07-06T12:29:10.306594,5000,0.002,0.002,0.002,5000,0,0,False,False,5,0
ffnn_ewc_replay,adwin,74,245,2,2017-07-06T12:39:29.210704,5000,0.0026,0.0026,0.002,4996,2,2,False,False,5,0
ffnn_ewc_replay,adwin,75,246,2,2017-07-06T12:44:44.087288,5000,0.0028,0.0028,0.0024,4998,2,0,False,False,5,0
ffnn_ewc_replay,adwin,76,248,2,2017-07-06T12:56:59.488182,5000,0.0018,0.0018,0.001,4995,3,2,False,False,5,0
ffnn_ewc_replay,adwin,77,249,2,2017-07-06T13:06:47.480861,5000,0.0004,0.0004,0.0004,5000,0,0,False,False,5,0
ffnn_ewc_replay,adwin,78,250,2,2017-07-06T13:18:02.084347,5000,0.0022,0.0022,0.0016,4997,2,1,False,False,5,0
ffnn_ewc_replay,adwin,79,252,2,2017-07-06T13:35:53.976822,5000,0.0022,0.0022,0.0022,4998,1,1,False,False,5,0
ffnn_ewc_replay,adwin,80,253,2,2017-07-06T13:42:48.495516,5000,0.0002,0.0002,0.0002,5000,0,0,False,False,5,0
ffnn_ewc_replay,adwin,81,255,2,2017-07-06T13:58:01.440411,5000,0.0004,0.0004,0.0,4997,2,1,False,False,5,0
ffnn_ewc_replay,adwin,82,256,2,2017-07-06T14:07:33.699620,5000,0.0,0.0,0.0,5000,0,0,False,False,5,0
ffnn_ewc_replay,adwin,83,258,2,2017-07-06T14:36:43.113049,5000,0.0004,0.0004,0.0,4998,2,0,True,False,5,0
ffnn_ewc_replay,adwin,84,259,2,2017-07-06T14:44:47.463686,5000,0.0,0.0,0.0,4998,0,2,False,False,5,0
ffnn_ewc_replay,adwin,85,260,2,2017-07-06T14:51:31.044028,5000,0.0002,0.0002,0.0,4999,0,1,False,False,5,0
ffnn_ewc_replay,adwin,86,262,2,2017-07-06T15:02:34.710872,5000,0.0,0.0,0.0,5000,0,0,False,False,5,0
ffnn_ewc_replay,adwin,87,263,2,2017-07-06T15:17:36.886104,1631,0.0,0.0,0.0,1631,0,0,False,False,5,0
ffnn_ewc_replay,adwin,88,264,3,2017-07-06T15:21:46.077528,5000,0.0008,0.0008,0.0,4994,4,2,False,False,5,0
ffnn_ewc_replay,adwin,89,265,3,2017-07-06T15:57:48.073332,5000,0.0002,0.0002,0.0,4999,0,1,False,False,5,0
ffnn_ewc_replay,adwin,90,267,3,2017-07-06T16:20:01.275888,5000,0.0,0.0,0.0,5000,0,0,False,False,5,0
ffnn_ewc_replay,adwin,91,268,3,2017-07-06T16:26:11.443075,5000,0.0,0.0,0.0,5000,0,0,False,False,5,0
ffnn_ewc_replay,adwin,92,270,3,2017-07-06T16:41:26.142952,5000,0.0,0.0,0.0,5000,0,0,False,False,5,0
ffnn_ewc_replay,adwin,93,271,3,2017-07-06T16:48:23.513508,5000,0.0,0.0,0.0,5000,0,0,False,False,5,0
ffnn_ewc_replay,adwin,94,273,3,2017-07-06T17:01:56.124719,5000,0.0,0.0,0.0,5000,0,0,False,False,5,0
ffnn_ewc_replay,adwin,95,274,3,2017-07-06T17:09:14.312316,5000,0.001,0.001,0.0002,4995,4,1,False,False,5,0
ffnn_ewc_replay,adwin,96,275,3,2017-07-06T17:19:03.227873,5000,0.001,0.001,0.0002,4996,4,0,False,False,5,0
ffnn_ewc_replay,adwin,97,277,3,2017-07-06T17:33:34.194501,5000,0.1948,0.1948,0.1946,4999,0,1,True,True,6,0
ffnn_ewc_replay,adwin,98,278,3,2017-07-06T17:39:12.552975,5000,0.0032,0.0032,0.0004,4985,12,3,False,False,6,0
ffnn_ewc_replay,adwin,99,280,3,2017-07-06T17:55:09.986251,5000,0.0008,0.0008,0.0004,4998,2,0,True,False,6,0
ffnn_ewc_replay,adwin,100,281,3,2017-07-06T17:59:36.467132,5000,0.0004,0.0004,0.0002,4999,0,1,False,False,6,0
ffnn_ewc_replay,adwin,101,283,3,2017-07-06T18:07:16.757797,5000,0.4096,0.4096,0.663,3714,1286,0,True,False,6,0
ffnn_ewc_replay,adwin,102,284,3,2017-07-06T18:09:57.844506,5000,0.2614,0.2614,0.824,2185,2815,0,True,True,7,0
ffnn_ewc_replay,adwin,103,285,3,2017-07-06T18:10:49.994872,5000,0.012,0.012,0.775,1130,3864,6,True,False,7,0
ffnn_ewc_replay,adwin,104,287,3,2017-07-06T18:14:45.755478,5000,0.0054,0.0054,0.3294,3361,1637,2,True,False,7,0
ffnn_ewc_replay,adwin,105,288,3,2017-07-06T18:18:04.892579,5000,0.0038,0.0038,0.665,1680,3318,2,True,False,7,0
ffnn_ewc_replay,adwin,106,290,3,2017-07-06T18:20:34.510755,5000,0.0102,0.0102,0.6878,1557,3430,13,True,False,7,0
ffnn_ewc_replay,adwin,107,291,3,2017-07-06T18:22:53.483056,5000,0.0174,0.0174,0.7674,1173,3810,17,True,True,8,0
ffnn_ewc_replay,adwin,108,293,3,2017-07-06T18:27:47.326584,5000,0.0006,0.0006,0.8746,628,4367,5,True,False,8,0
ffnn_ewc_replay,adwin,109,294,3,2017-07-06T18:29:08.737619,5000,0.0012,0.0012,0.6564,1720,3274,6,False,False,8,0
ffnn_ewc_replay,adwin,110,295,3,2017-07-06T18:31:05.480703,5000,0.002,0.002,0.723,1380,3613,7,False,False,8,0
ffnn_ewc_replay,adwin,111,297,3,2017-07-06T18:33:53.760513,5000,0.0012,0.0012,0.512,2441,2556,3,False,False,8,0
ffnn_ewc_replay,adwin,112,298,3,2017-07-06T18:37:22.766188,5000,0.0004,0.0004,0.6834,1580,3413,7,False,False,8,0
ffnn_ewc_replay,adwin,113,300,3,2017-07-06T18:40:30.610036,5000,0.004,0.004,0.6866,1574,3421,5,True,True,9,0
ffnn_ewc_replay,adwin,114,301,3,2017-07-06T18:42:06.498633,5000,0.0008,0.0008,0.6346,1826,3167,7,False,False,9,0
ffnn_ewc_replay,adwin,115,303,3,2017-07-06T18:47:09.422094,5000,0.0002,0.0002,0.0,4999,1,0,False,False,9,0
ffnn_ewc_replay,adwin,116,304,3,2017-07-06T18:54:53.175956,5000,0.0,0.0,0.0,5000,0,0,False,False,9,0
ffnn_ewc_replay,adwin,117,305,3,2017-07-06T19:03:28.804011,5000,0.0008,0.0008,0.0,4996,4,0,False,False,9,0
ffnn_ewc_replay,adwin,118,307,3,2017-07-06T19:27:07.705893,5000,0.001,0.001,0.0,4994,5,1,False,False,9,0
ffnn_ewc_replay,adwin,119,308,3,2017-07-06T19:34:19.845180,5000,0.0,0.0,0.0,5000,0,0,False,False,9,0
ffnn_ewc_replay,adwin,120,310,3,2017-07-06T19:49:46.027609,5000,0.0008,0.0008,0.0,4993,4,3,False,False,9,0
ffnn_ewc_replay,adwin,121,311,3,2017-07-06T19:54:11.940169,5445,0.0007346189164370982,0.0007346189164370982,0.0,5440,4,1,False,False,9,0
ffnn_ewc_replay,adwin,122,312,4,2017-07-07T11:59:50.315195,5000,0.0018,0.0018,0.0,4989,9,2,False,False,9,0
ffnn_ewc_replay,adwin,123,313,4,2017-07-07T12:11:03.657511,5000,0.0022,0.0022,0.0,4985,8,7,False,False,9,0
ffnn_ewc_replay,adwin,124,315,4,2017-07-07T12:29:00.190644,5000,0.0012,0.0012,0.0,4993,5,2,False,False,9,0
ffnn_ewc_replay,adwin,125,316,4,2017-07-07T12:37:40.318157,5000,0.0008,0.0008,0.0,4992,4,4,False,False,9,0
ffnn_ewc_replay,adwin,126,318,4,2017-07-07T12:49:25.541221,5000,0.0016,0.0016,0.0,4992,6,2,False,False,9,0
ffnn_ewc_replay,adwin,127,319,4,2017-07-07T12:57:46.514818,5000,0.0004,0.0004,0.0,4996,2,2,False,False,9,0
ffnn_ewc_replay,adwin,128,321,4,2017-07-07T13:06:05.779821,5000,0.0078,0.0078,0.0058,4986,9,5,True,True,10,0
ffnn_ewc_replay,adwin,129,322,4,2017-07-07T13:10:50.455475,5000,0.001,0.001,0.0024,4983,15,2,False,False,10,0
ffnn_ewc_replay,adwin,130,323,4,2017-07-07T13:17:08.517690,5000,0.0004,0.0004,0.0016,4989,8,3,True,False,10,0
ffnn_ewc_replay,adwin,131,325,4,2017-07-07T13:25:25.836703,5000,0.0016,0.0016,0.0118,4934,57,9,False,False,10,0
ffnn_ewc_replay,adwin,132,326,4,2017-07-07T13:28:50.168559,5000,0.0016,0.0016,0.0124,4943,56,1,False,False,10,0
ffnn_ewc_replay,adwin,133,328,4,2017-07-07T13:36:33.599736,5000,0.005,0.005,0.0372,4835,158,7,True,True,11,0
ffnn_ewc_replay,adwin,134,329,4,2017-07-07T13:44:33.114918,5000,0.0,0.0,0.0444,4778,222,0,False,False,11,0
ffnn_ewc_replay,adwin,135,331,4,2017-07-07T14:03:11.120403,5000,0.0208,0.0208,0.0,4895,104,1,True,False,11,0
ffnn_ewc_replay,adwin,136,332,4,2017-07-07T14:10:48.127689,5000,0.0168,0.0168,0.0,4915,83,2,True,False,11,0
ffnn_ewc_replay,adwin,137,333,4,2017-07-07T14:17:34.746882,5000,0.0194,0.0194,0.0,4900,95,5,True,False,11,0
ffnn_ewc_replay,adwin,138,335,4,2017-07-07T14:29:28.037485,5000,0.0166,0.0166,0.0,4915,83,2,True,True,12,0
ffnn_ewc_replay,adwin,139,336,4,2017-07-07T14:36:46.146039,5000,0.0,0.0,0.0,5000,0,0,False,False,12,0
ffnn_ewc_replay,adwin,140,338,4,2017-07-07T14:53:13.213414,5000,0.0,0.0,0.0,4999,0,1,False,False,12,0
ffnn_ewc_replay,adwin,141,339,4,2017-07-07T15:00:28.242232,5000,0.0008,0.0008,0.0,4996,4,0,False,False,12,0
ffnn_ewc_replay,adwin,142,341,5,2017-07-07T15:28:53.858854,5000,0.0,0.0,0.0,5000,0,0,False,False,12,0
ffnn_ewc_replay,adwin,143,342,5,2017-07-07T16:08:36.089220,5000,0.0002,0.0002,0.0,4999,1,0,False,False,12,0
ffnn_ewc_replay,adwin,144,344,5,2017-07-07T16:34:33.679764,5000,0.0002,0.0002,0.0,4999,0,1,False,False,12,0
ffnn_ewc_replay,adwin,145,345,5,2017-07-07T16:36:28.449578,5000,0.0,0.0,0.0,5000,0,0,False,False,12,0
ffnn_ewc_replay,adwin,146,347,5,2017-07-07T16:50:49.419521,5000,0.0266,0.0266,0.0264,4972,23,5,True,True,13,0
ffnn_ewc_replay,adwin,147,348,5,2017-07-07T16:59:16.787988,5000,0.0006,0.0006,0.0188,4906,94,0,False,False,13,0
ffnn_ewc_replay,adwin,148,350,5,2017-07-07T17:13:57.348088,5000,0.0108,0.0108,0.0236,4904,95,1,True,False,13,0
ffnn_ewc_replay,adwin,149,351,5,2017-07-07T17:21:37.950704,5000,0.0,0.0,0.0,4999,0,1,False,False,13,0
ffnn_ewc_replay,adwin,150,352,5,2017-07-07T17:28:14.273505,5000,0.0002,0.0002,0.0,4999,1,0,False,False,13,0
ffnn_ewc_replay,adwin,151,354,5,2017-07-07T17:45:17.899612,5000,0.0236,0.0236,0.0286,4853,143,4,True,True,14,0
ffnn_ewc_replay,adwin,152,355,5,2017-07-07T17:51:45.466435,5000,0.132,0.132,0.9924,23,4744,233,True,False,14,0
ffnn_ewc_replay,adwin,153,357,5,2017-07-07T17:51:59.159748,5000,0.1228,0.1228,0.9956,2,4732,266,False,False,14,0
ffnn_ewc_replay,adwin,154,358,5,2017-07-07T17:52:06.020133,5000,0.1398,0.1398,0.9872,39,4670,291,False,False,14,0
ffnn_ewc_replay,adwin,155,360,5,2017-07-07T17:52:19.730775,5000,0.13,0.13,0.9878,47,4627,326,False,False,14,0
ffnn_ewc_replay,adwin,156,361,5,2017-07-07T17:52:26.609510,5000,0.1222,0.1222,0.9948,6,4685,309,False,False,14,0
ffnn_ewc_replay,adwin,157,362,5,2017-07-07T17:52:33.458646,5000,0.1322,0.1322,0.9898,32,4674,294,False,False,14,0
ffnn_ewc_replay,adwin,158,364,5,2017-07-07T17:52:47.175885,5000,0.1306,0.1306,0.994,9,4749,242,False,False,14,0
ffnn_ewc_replay,adwin,159,365,5,2017-07-07T17:52:54.036328,5000,0.128,0.128,0.9786,92,4669,239,False,False,14,0
ffnn_ewc_replay,adwin,160,367,5,2017-07-07T17:54:15.198356,5000,0.1178,0.1178,0.9366,302,4436,262,False,False,14,0
ffnn_ewc_replay,adwin,161,368,5,2017-07-07T17:54:21.743673,5000,0.1242,0.1242,0.9926,45,4706,249,False,False,14,0
ffnn_ewc_replay,adwin,162,370,5,2017-07-07T17:54:34.912359,5000,0.1156,0.1156,0.9606,182,4553,265,True,False,14,0
ffnn_ewc_replay,adwin,163,371,5,2017-07-07T17:54:40.199430,5000,0.1254,0.1254,0.9946,14,4735,251,False,False,14,0
ffnn_ewc_replay,adwin,164,372,5,2017-07-07T17:54:46.759913,5000,0.1098,0.1098,0.9942,14,4737,249,False,False,14,0
ffnn_ewc_replay,adwin,165,374,5,2017-07-07T17:54:59.878558,5000,0.1172,0.1172,0.9906,32,4698,270,False,False,14,0
ffnn_ewc_replay,adwin,166,375,5,2017-07-07T17:55:06.426975,5000,0.118,0.118,0.9674,145,4609,246,False,False,14,0
ffnn_ewc_replay,adwin,167,377,5,2017-07-07T17:55:19.562795,5000,0.121,0.121,0.9908,30,4734,236,False,False,14,0
ffnn_ewc_replay,adwin,168,378,5,2017-07-07T17:55:26.138198,5000,0.1292,0.1292,0.9918,23,4703,274,False,False,14,0
ffnn_ewc_replay,adwin,169,380,5,2017-07-07T17:55:39.290299,5000,0.1042,0.1042,0.8928,518,4235,247,False,False,14,0
ffnn_ewc_replay,adwin,170,381,5,2017-07-07T17:55:45.863226,5000,0.1144,0.1144,0.936,300,4425,275,False,False,14,0
ffnn_ewc_replay,adwin,171,382,5,2017-07-07T17:55:51.164024,5000,0.1206,0.1206,0.9796,84,4671,245,False,False,14,0
ffnn_ewc_replay,adwin,172,384,5,2017-07-07T18:00:43.250620,5000,0.0134,0.0134,0.0796,4601,370,29,True,True,15,0
ffnn_ewc_replay,adwin,173,385,5,2017-07-07T18:08:01.771442,5000,0.0024,0.0024,0.8088,968,4032,0,True,False,15,0
ffnn_ewc_replay,adwin,174,387,5,2017-07-07T18:10:02.151109,5000,0.0018,0.0018,0.4012,3001,1999,0,False,False,15,0
ffnn_ewc_replay,adwin,175,388,5,2017-07-07T18:12:20.353225,5000,0.0048,0.0048,0.0048,5000,0,0,True,False,15,0
ffnn_ewc_replay,adwin,176,390,5,2017-07-07T18:22:29.680677,5000,0.0024,0.0024,0.818,922,4078,0,False,False,15,0
ffnn_ewc_replay,adwin,177,391,5,2017-07-07T18:23:24.585570,5000,0.0018,0.0018,0.485,2582,2418,0,False,False,15,0
ffnn_ewc_replay,adwin,178,392,5,2017-07-07T18:27:32.404808,5000,0.0,0.0,0.0,5000,0,0,False,False,15,0
ffnn_ewc_replay,adwin,179,394,5,2017-07-07T18:38:01.487913,1117,0.0,0.0,0.0,1117,0,0,False,False,15,0
ffnn_ewc_replay,adwin,180,395,6,2017-07-07T18:40:13.106791,5000,0.0002,0.0002,0.0,4999,0,1,False,False,15,0
ffnn_ewc_replay,adwin,181,396,6,2017-07-07T18:51:29.702413,5000,0.4322,0.4322,0.4302,2840,1940,220,True,True,16,0
ffnn_ewc_replay,adwin,182,398,6,2017-07-07T18:58:02.196043,5000,0.0004,0.0004,0.7544,1227,3773,0,True,False,16,0
ffnn_ewc_replay,adwin,183,399,6,2017-07-07T18:58:48.883331,5000,0.0,0.0,0.791,1045,3955,0,False,False,16,0
ffnn_ewc_replay,adwin,184,401,6,2017-07-07T19:00:29.056924,5000,0.0008,0.0008,0.8542,729,4271,0,False,False,16,0
ffnn_ewc_replay,adwin,185,402,6,2017-07-07T19:01:21.056982,5000,0.0026,0.0026,0.9168,416,4567,17,True,False,16,0
ffnn_ewc_replay,adwin,186,404,6,2017-07-07T19:03:17.417002,5000,0.0028,0.0028,0.8918,539,4450,11,False,False,16,0
ffnn_ewc_replay,adwin,187,405,6,2017-07-07T19:04:11.677669,5000,0.0014,0.0014,0.9342,328,4668,4,False,False,16,0
ffnn_ewc_replay,adwin,188,406,6,2017-07-07T19:05:10.130947,5000,0.0022,0.0022,0.8698,650,4341,9,False,False,16,0
ffnn_ewc_replay,adwin,189,408,6,2017-07-07T19:06:59.997858,5000,0.0002,0.0002,0.8462,769,4230,1,False,False,16,0
ffnn_ewc_replay,adwin,190,409,6,2017-07-07T19:07:51.520364,5000,0.003,0.003,0.8472,764,4232,4,False,False,16,0
ffnn_ewc_replay,adwin,191,411,6,2017-07-07T19:09:36.175401,5000,0.0002,0.0002,0.9538,229,4770,1,False,False,16,0
ffnn_ewc_replay,adwin,192,412,6,2017-07-07T19:10:34.468512,5000,0.0012,0.0012,0.9152,424,4574,2,False,False,16,0
ffnn_ewc_replay,adwin,193,414,6,2017-07-07T19:12:19.835270,5000,0.0054,0.0054,0.8936,532,4455,13,True,True,17,0
ffnn_ewc_replay,adwin,194,415,6,2017-07-07T19:13:13.980423,5000,0.0,0.0,0.6772,1614,3386,0,False,False,17,0
ffnn_ewc_replay,adwin,195,416,6,2017-07-07T19:13:55.557798,5000,0.0,0.0,0.7796,1102,3898,0,True,False,17,0
ffnn_ewc_replay,adwin,196,418,6,2017-07-07T19:15:38.304116,5000,0.0042,0.0042,0.566,2175,2825,0,True,False,17,0
ffnn_ewc_replay,adwin,197,419,6,2017-07-07T19:20:18.568724,5000,0.0002,0.0002,0.0,4999,1,0,False,False,17,0
ffnn_ewc_replay,adwin,198,421,6,2017-07-07T19:42:08.815711,5000,0.0002,0.0002,0.0,4999,0,1,False,False,17,0
ffnn_ewc_replay,adwin,199,422,6,2017-07-07T19:53:33.828828,3798,0.0,0.0,0.0,3798,0,0,False,False,17,0
xgboost_static,never,0,139,1,2017-07-05T11:42:42.084372,5000,0.0,0.0,0.0,5000,0,0,False,False,0,0
xgboost_static,never,1,140,1,2017-07-05T11:51:47.303080,5000,0.0,0.0,0.0,5000,0,0,False,False,0,0
xgboost_static,never,2,142,1,2017-07-05T12:09:27.601738,5000,0.0,0.0,0.0,5000,0,0,False,False,0,0
xgboost_static,never,3,143,1,2017-07-05T12:14:30.228870,5000,0.0,0.0,0.0,5000,0,0,False,False,0,0
xgboost_static,never,4,145,1,2017-07-05T12:30:25.505932,5000,0.0,0.0,0.0,5000,0,0,False,False,0,0
xgboost_static,never,5,146,1,2017-07-05T12:39:54.047016,5000,0.0,0.0,0.0,5000,0,0,False,False,0,0
xgboost_static,never,6,148,1,2017-07-05T12:52:02.760958,5000,0.1696,0.1696,0.1696,5000,0,0,False,False,0,0
xgboost_static,never,7,149,1,2017-07-05T12:57:13.318901,5000,0.1506,0.1506,0.1506,5000,0,0,False,False,0,0
xgboost_static,never,8,150,1,2017-07-05T13:01:17.744846,5000,0.1364,0.1364,0.1364,5000,0,0,False,False,0,0
xgboost_static,never,9,152,1,2017-07-05T13:12:54.669885,5000,0.068,0.068,0.068,5000,0,0,False,False,0,0
xgboost_static,never,10,153,1,2017-07-05T13:15:48.345465,5000,0.0724,0.0724,0.0724,5000,0,0,False,False,0,0
xgboost_static,never,11,155,1,2017-07-05T13:25:10.453300,5000,0.0816,0.0816,0.0816,5000,0,0,False,False,0,0
xgboost_static,never,12,156,1,2017-07-05T13:29:31.560642,5000,0.0428,0.0428,0.0428,5000,0,0,False,False,0,0
xgboost_static,never,13,158,1,2017-07-05T13:40:19.835821,5000,0.4124,0.4124,0.4124,5000,0,0,False,False,0,0
xgboost_static,never,14,159,1,2017-07-05T13:43:24.912205,5000,0.9854,0.9854,0.9854,5000,0,0,False,False,0,0
xgboost_static,never,15,160,1,2017-07-05T13:43:58.440253,5000,0.986,0.986,0.986,5000,0,0,False,False,0,0
xgboost_static,never,16,162,1,2017-07-05T13:45:05.180353,5000,0.8242,0.8242,0.8242,5000,0,0,False,False,0,0
xgboost_static,never,17,163,1,2017-07-05T13:45:37.096427,5000,0.94,0.94,0.94,5000,0,0,False,False,0,0
xgboost_static,never,18,165,1,2017-07-05T13:46:29.403971,5000,0.8974,0.8974,0.8974,5000,0,0,False,False,0,0
xgboost_static,never,19,166,1,2017-07-05T13:47:01.332086,5000,0.9734,0.9734,0.9734,5000,0,0,False,False,0,0
xgboost_static,never,20,168,1,2017-07-05T13:48:07.965214,5000,0.9862,0.9862,0.9862,5000,0,0,False,False,0,0
xgboost_static,never,21,169,1,2017-07-05T13:48:41.349281,5000,0.9956,0.9956,0.9956,5000,0,0,False,False,0,0
xgboost_static,never,22,170,1,2017-07-05T13:49:14.345333,5000,0.9682,0.9682,0.9682,5000,0,0,False,False,0,0
xgboost_static,never,23,172,1,2017-07-05T13:50:18.918794,5000,0.9886,0.9886,0.9886,5000,0,0,False,False,0,0
xgboost_static,never,24,173,1,2017-07-05T13:50:38.228962,5000,0.961,0.961,0.961,5000,0,0,False,False,0,0
xgboost_static,never,25,175,1,2017-07-05T13:51:44.892056,5000,0.8968,0.8968,0.8968,5000,0,0,False,False,0,0
xgboost_static,never,26,176,1,2017-07-05T13:52:17.862138,5000,0.9862,0.9862,0.9862,5000,0,0,False,False,0,0
xgboost_static,never,27,178,1,2017-07-05T13:53:24.358267,5000,0.8974,0.8974,0.8974,5000,0,0,False,False,0,0
xgboost_static,never,28,179,1,2017-07-05T13:53:56.634131,5000,0.9602,0.9602,0.9602,5000,0,0,False,False,0,0
xgboost_static,never,29,180,1,2017-07-05T13:54:29.989881,5000,0.9614,0.9614,0.9614,5000,0,0,False,False,0,0
xgboost_static,never,30,182,1,2017-07-05T13:55:22.166920,5000,0.9904,0.9904,0.9904,5000,0,0,False,False,0,0
xgboost_static,never,31,183,1,2017-07-05T13:55:55.807965,5000,0.9642,0.9642,0.9642,5000,0,0,False,False,0,0
xgboost_static,never,32,185,1,2017-07-05T13:57:01.682060,5000,0.833,0.833,0.833,5000,0,0,False,False,0,0
xgboost_static,never,33,186,1,2017-07-05T13:57:20.115614,5000,0.9156,0.9156,0.9156,5000,0,0,False,False,0,0
xgboost_static,never,34,188,1,2017-07-05T13:58:25.938722,5000,0.827,0.827,0.827,5000,0,0,False,False,0,0
xgboost_static,never,35,189,1,2017-07-05T13:58:58.737812,5000,0.9314,0.9314,0.9314,5000,0,0,False,False,0,0
xgboost_static,never,36,190,1,2017-07-05T13:59:32.174828,5000,0.9632,0.9632,0.9632,5000,0,0,False,False,0,0
xgboost_static,never,37,192,1,2017-07-05T14:00:23.948382,5000,0.6088,0.6088,0.6088,5000,0,0,False,False,0,0
xgboost_static,never,38,193,1,2017-07-05T14:02:52.031532,5000,0.0,0.0,0.0,5000,0,0,False,False,0,0
xgboost_static,never,39,195,1,2017-07-05T14:12:29.415831,5000,0.5148,0.5148,0.5148,5000,0,0,False,False,0,0
xgboost_static,never,40,196,1,2017-07-05T14:17:42.794571,5000,0.5242,0.5242,0.5242,5000,0,0,False,False,0,0
xgboost_static,never,41,198,1,2017-07-05T14:31:18.945145,5000,0.0,0.0,0.0,5000,0,0,False,False,0,0
xgboost_static,never,42,199,1,2017-07-05T14:42:55.811755,5000,0.0,0.0,0.0,5000,0,0,False,False,0,0
xgboost_static,never,43,200,1,2017-07-05T14:49:04.254998,5000,0.0,0.0,0.0,5000,0,0,False,False,0,0
xgboost_static,never,44,202,1,2017-07-05T15:02:38.428045,5000,0.0,0.0,0.0,5000,0,0,False,False,0,0
xgboost_static,never,45,203,1,2017-07-05T15:14:29.623535,5000,0.0,0.0,0.0,5000,0,0,False,False,0,0
xgboost_static,never,46,205,1,2017-07-05T15:57:46.023320,5000,0.0,0.0,0.0,5000,0,0,False,False,0,0
xgboost_static,never,47,206,1,2017-07-05T16:11:21.785357,5000,0.0,0.0,0.0,5000,0,0,False,False,0,0
xgboost_static,never,48,208,1,2017-07-05T16:26:17.988361,5000,0.0,0.0,0.0,5000,0,0,False,False,0,0
xgboost_static,never,49,209,1,2017-07-05T16:33:30.652614,5000,0.0,0.0,0.0,5000,0,0,False,False,0,0
xgboost_static,never,50,210,1,2017-07-05T16:44:07.514721,5000,0.0,0.0,0.0,5000,0,0,False,False,0,0
xgboost_static,never,51,212,1,2017-07-05T16:58:27.864246,5000,0.0,0.0,0.0,5000,0,0,False,False,0,0
xgboost_static,never,52,213,1,2017-07-05T17:04:53.987116,5000,0.0,0.0,0.0,5000,0,0,False,False,0,0
xgboost_static,never,53,215,1,2017-07-05T17:17:43.888859,5000,0.0,0.0,0.0,5000,0,0,False,False,0,0
xgboost_static,never,54,216,1,2017-07-05T17:25:11.387702,5000,0.0,0.0,0.0,5000,0,0,False,False,0,0
xgboost_static,never,55,218,1,2017-07-05T17:32:09.292244,5000,0.0,0.0,0.0,5000,0,0,False,False,0,0
xgboost_static,never,56,219,1,2017-07-05T17:36:30.842330,5000,0.0,0.0,0.0,5000,0,0,False,False,0,0
xgboost_static,never,57,220,1,2017-07-05T17:44:46.125001,5000,0.0,0.0,0.0,5000,0,0,False,False,0,0
xgboost_static,never,58,222,1,2017-07-05T18:03:49.082999,5000,0.0004,0.0004,0.0,4998,2,0,False,False,0,0
xgboost_static,never,59,223,1,2017-07-05T18:09:29.961498,5000,0.0,0.0,0.0,5000,0,0,False,False,0,0
xgboost_static,never,60,225,1,2017-07-05T18:14:52.374862,5000,0.0004,0.0004,0.0004,5000,0,0,False,False,0,0
xgboost_static,never,61,226,1,2017-07-05T18:18:42.833755,5000,0.0002,0.0002,0.0002,5000,0,0,False,False,0,0
xgboost_static,never,62,228,1,2017-07-05T18:28:02.917391,5000,0.0006,0.0006,0.0006,5000,0,0,False,False,0,0
xgboost_static,never,63,229,1,2017-07-05T18:34:28.100119,5000,0.0,0.0,0.0,5000,0,0,False,False,0,0
xgboost_static,never,64,230,1,2017-07-05T18:46:02.220861,5000,0.0,0.0,0.0,5000,0,0,False,False,0,0
xgboost_static,never,65,232,1,2017-07-05T19:08:00.288731,5000,0.0,0.0,0.0,5000,0,0,False,False,0,0
xgboost_static,never,66,233,1,2017-07-05T19:16:31.400416,5000,0.0,0.0,0.0,5000,0,0,False,False,0,0
xgboost_static,never,67,235,1,2017-07-05T19:34:27.924119,5000,0.0,0.0,0.0,5000,0,0,False,False,0,0
xgboost_static,never,68,236,1,2017-07-05T19:42:27.366104,5000,0.0,0.0,0.0,5000,0,0,False,False,0,0
xgboost_static,never,69,238,1,2017-07-05T20:01:58.214404,1639,0.0,0.0,0.0,1639,0,0,False,False,0,0
xgboost_static,never,70,239,2,2017-07-06T11:59:00.490140,5000,0.0,0.0,0.0,5000,0,0,False,False,0,0
xgboost_static,never,71,240,2,2017-07-06T12:10:15.682034,5000,0.0,0.0,0.0,5000,0,0,False,False,0,0
xgboost_static,never,72,242,2,2017-07-06T12:22:45.174419,5000,0.0024,0.0024,0.0024,5000,0,0,False,False,0,0
xgboost_static,never,73,243,2,2017-07-06T12:29:10.306594,5000,0.002,0.002,0.002,5000,0,0,False,False,0,0
xgboost_static,never,74,245,2,2017-07-06T12:39:29.210704,5000,0.002,0.002,0.002,5000,0,0,False,False,0,0
xgboost_static,never,75,246,2,2017-07-06T12:44:44.087288,5000,0.0024,0.0024,0.0024,5000,0,0,False,False,0,0
xgboost_static,never,76,248,2,2017-07-06T12:56:59.488182,5000,0.001,0.001,0.001,5000,0,0,False,False,0,0
xgboost_static,never,77,249,2,2017-07-06T13:06:47.480861,5000,0.0004,0.0004,0.0004,5000,0,0,False,False,0,0
xgboost_static,never,78,250,2,2017-07-06T13:18:02.084347,5000,0.0016,0.0016,0.0016,5000,0,0,False,False,0,0
xgboost_static,never,79,252,2,2017-07-06T13:35:53.976822,5000,0.0022,0.0022,0.0022,5000,0,0,False,False,0,0
xgboost_static,never,80,253,2,2017-07-06T13:42:48.495516,5000,0.0002,0.0002,0.0002,5000,0,0,False,False,0,0
xgboost_static,never,81,255,2,2017-07-06T13:58:01.440411,5000,0.0,0.0,0.0,5000,0,0,False,False,0,0
xgboost_static,never,82,256,2,2017-07-06T14:07:33.699620,5000,0.0,0.0,0.0,5000,0,0,False,False,0,0
xgboost_static,never,83,258,2,2017-07-06T14:36:43.113049,5000,0.0,0.0,0.0,5000,0,0,False,False,0,0
xgboost_static,never,84,259,2,2017-07-06T14:44:47.463686,5000,0.0,0.0,0.0,5000,0,0,False,False,0,0
xgboost_static,never,85,260,2,2017-07-06T14:51:31.044028,5000,0.0,0.0,0.0,5000,0,0,False,False,0,0
xgboost_static,never,86,262,2,2017-07-06T15:02:34.710872,5000,0.0,0.0,0.0,5000,0,0,False,False,0,0
xgboost_static,never,87,263,2,2017-07-06T15:17:36.886104,1631,0.0,0.0,0.0,1631,0,0,False,False,0,0
xgboost_static,never,88,264,3,2017-07-06T15:21:46.077528,5000,0.0002,0.0002,0.0,4999,1,0,False,False,0,0
xgboost_static,never,89,265,3,2017-07-06T15:57:48.073332,5000,0.0,0.0,0.0,5000,0,0,False,False,0,0
xgboost_static,never,90,267,3,2017-07-06T16:20:01.275888,5000,0.0002,0.0002,0.0,4999,1,0,False,False,0,0
xgboost_static,never,91,268,3,2017-07-06T16:26:11.443075,5000,0.0,0.0,0.0,5000,0,0,False,False,0,0
xgboost_static,never,92,270,3,2017-07-06T16:41:26.142952,5000,0.0,0.0,0.0,5000,0,0,False,False,0,0
xgboost_static,never,93,271,3,2017-07-06T16:48:23.513508,5000,0.0,0.0,0.0,5000,0,0,False,False,0,0
xgboost_static,never,94,273,3,2017-07-06T17:01:56.124719,5000,0.0,0.0,0.0,5000,0,0,False,False,0,0
xgboost_static,never,95,274,3,2017-07-06T17:09:14.312316,5000,0.0004,0.0004,0.0002,4999,1,0,False,False,0,0
xgboost_static,never,96,275,3,2017-07-06T17:19:03.227873,5000,0.0006,0.0006,0.0002,4998,2,0,False,False,0,0
xgboost_static,never,97,277,3,2017-07-06T17:33:34.194501,5000,0.195,0.195,0.1946,4998,2,0,False,False,0,0
xgboost_static,never,98,278,3,2017-07-06T17:39:12.552975,5000,0.0006,0.0006,0.0004,4999,1,0,False,False,0,0
xgboost_static,never,99,280,3,2017-07-06T17:55:09.986251,5000,0.0004,0.0004,0.0004,5000,0,0,False,False,0,0
xgboost_static,never,100,281,3,2017-07-06T17:59:36.467132,5000,0.0004,0.0004,0.0002,4999,1,0,False,False,0,0
xgboost_static,never,101,283,3,2017-07-06T18:07:16.757797,5000,0.663,0.663,0.663,5000,0,0,False,False,0,0
xgboost_static,never,102,284,3,2017-07-06T18:09:57.844506,5000,0.824,0.824,0.824,5000,0,0,False,False,0,0
xgboost_static,never,103,285,3,2017-07-06T18:10:49.994872,5000,0.7752,0.7752,0.775,4999,1,0,False,False,0,0
xgboost_static,never,104,287,3,2017-07-06T18:14:45.755478,5000,0.3294,0.3294,0.3294,5000,0,0,False,False,0,0
xgboost_static,never,105,288,3,2017-07-06T18:18:04.892579,5000,0.665,0.665,0.665,5000,0,0,False,False,0,0
xgboost_static,never,106,290,3,2017-07-06T18:20:34.510755,5000,0.6878,0.6878,0.6878,5000,0,0,False,False,0,0
xgboost_static,never,107,291,3,2017-07-06T18:22:53.483056,5000,0.7674,0.7674,0.7674,4989,11,0,False,False,0,0
xgboost_static,never,108,293,3,2017-07-06T18:27:47.326584,5000,0.8746,0.8746,0.8746,5000,0,0,False,False,0,0
xgboost_static,never,109,294,3,2017-07-06T18:29:08.737619,5000,0.6564,0.6564,0.6564,5000,0,0,False,False,0,0
xgboost_static,never,110,295,3,2017-07-06T18:31:05.480703,5000,0.723,0.723,0.723,4996,4,0,False,False,0,0
xgboost_static,never,111,297,3,2017-07-06T18:33:53.760513,5000,0.512,0.512,0.512,5000,0,0,False,False,0,0
xgboost_static,never,112,298,3,2017-07-06T18:37:22.766188,5000,0.6836,0.6836,0.6834,4999,1,0,False,False,0,0
xgboost_static,never,113,300,3,2017-07-06T18:40:30.610036,5000,0.6866,0.6866,0.6866,4991,9,0,False,False,0,0
xgboost_static,never,114,301,3,2017-07-06T18:42:06.498633,5000,0.6346,0.6346,0.6346,4998,2,0,False,False,0,0
xgboost_static,never,115,303,3,2017-07-06T18:47:09.422094,5000,0.0002,0.0002,0.0,4999,1,0,False,False,0,0
xgboost_static,never,116,304,3,2017-07-06T18:54:53.175956,5000,0.0002,0.0002,0.0,4999,1,0,False,False,0,0
xgboost_static,never,117,305,3,2017-07-06T19:03:28.804011,5000,0.0002,0.0002,0.0,4999,1,0,False,False,0,0
xgboost_static,never,118,307,3,2017-07-06T19:27:07.705893,5000,0.0008,0.0008,0.0,4996,4,0,False,False,0,0
xgboost_static,never,119,308,3,2017-07-06T19:34:19.845180,5000,0.0002,0.0002,0.0,4999,1,0,False,False,0,0
xgboost_static,never,120,310,3,2017-07-06T19:49:46.027609,5000,0.0002,0.0002,0.0,4999,1,0,False,False,0,0
xgboost_static,never,121,311,3,2017-07-06T19:54:11.940169,5445,0.0,0.0,0.0,5445,0,0,False,False,0,0
xgboost_static,never,122,312,4,2017-07-07T11:59:50.315195,5000,0.0,0.0,0.0,5000,0,0,False,False,0,0
xgboost_static,never,123,313,4,2017-07-07T12:11:03.657511,5000,0.0,0.0,0.0,5000,0,0,False,False,0,0
xgboost_static,never,124,315,4,2017-07-07T12:29:00.190644,5000,0.0,0.0,0.0,5000,0,0,False,False,0,0
xgboost_static,never,125,316,4,2017-07-07T12:37:40.318157,5000,0.0,0.0,0.0,5000,0,0,False,False,0,0
xgboost_static,never,126,318,4,2017-07-07T12:49:25.541221,5000,0.0,0.0,0.0,5000,0,0,False,False,0,0
xgboost_static,never,127,319,4,2017-07-07T12:57:46.514818,5000,0.0,0.0,0.0,5000,0,0,False,False,0,0
xgboost_static,never,128,321,4,2017-07-07T13:06:05.779821,5000,0.0058,0.0058,0.0058,5000,0,0,False,False,0,0
xgboost_static,never,129,322,4,2017-07-07T13:10:50.455475,5000,0.0024,0.0024,0.0024,5000,0,0,False,False,0,0
xgboost_static,never,130,323,4,2017-07-07T13:17:08.517690,5000,0.0016,0.0016,0.0016,5000,0,0,False,False,0,0
xgboost_static,never,131,325,4,2017-07-07T13:25:25.836703,5000,0.0118,0.0118,0.0118,5000,0,0,False,False,0,0
xgboost_static,never,132,326,4,2017-07-07T13:28:50.168559,5000,0.0124,0.0124,0.0124,5000,0,0,False,False,0,0
xgboost_static,never,133,328,4,2017-07-07T13:36:33.599736,5000,0.0372,0.0372,0.0372,5000,0,0,False,False,0,0
xgboost_static,never,134,329,4,2017-07-07T13:44:33.114918,5000,0.0444,0.0444,0.0444,5000,0,0,False,False,0,0
xgboost_static,never,135,331,4,2017-07-07T14:03:11.120403,5000,0.0,0.0,0.0,5000,0,0,False,False,0,0
xgboost_static,never,136,332,4,2017-07-07T14:10:48.127689,5000,0.0,0.0,0.0,5000,0,0,False,False,0,0
xgboost_static,never,137,333,4,2017-07-07T14:17:34.746882,5000,0.0,0.0,0.0,5000,0,0,False,False,0,0
xgboost_static,never,138,335,4,2017-07-07T14:29:28.037485,5000,0.0,0.0,0.0,5000,0,0,False,False,0,0
xgboost_static,never,139,336,4,2017-07-07T14:36:46.146039,5000,0.0,0.0,0.0,5000,0,0,False,False,0,0
xgboost_static,never,140,338,4,2017-07-07T14:53:13.213414,5000,0.0,0.0,0.0,5000,0,0,False,False,0,0
xgboost_static,never,141,339,4,2017-07-07T15:00:28.242232,5000,0.0,0.0,0.0,5000,0,0,False,False,0,0
xgboost_static,never,142,341,5,2017-07-07T15:28:53.858854,5000,0.0,0.0,0.0,5000,0,0,False,False,0,0
xgboost_static,never,143,342,5,2017-07-07T16:08:36.089220,5000,0.0,0.0,0.0,5000,0,0,False,False,0,0
xgboost_static,never,144,344,5,2017-07-07T16:34:33.679764,5000,0.0,0.0,0.0,5000,0,0,False,False,0,0
xgboost_static,never,145,345,5,2017-07-07T16:36:28.449578,5000,0.0,0.0,0.0,5000,0,0,False,False,0,0
xgboost_static,never,146,347,5,2017-07-07T16:50:49.419521,5000,0.0264,0.0264,0.0264,5000,0,0,False,False,0,0
xgboost_static,never,147,348,5,2017-07-07T16:59:16.787988,5000,0.0188,0.0188,0.0188,5000,0,0,False,False,0,0
xgboost_static,never,148,350,5,2017-07-07T17:13:57.348088,5000,0.0236,0.0236,0.0236,5000,0,0,False,False,0,0
xgboost_static,never,149,351,5,2017-07-07T17:21:37.950704,5000,0.0,0.0,0.0,5000,0,0,False,False,0,0
xgboost_static,never,150,352,5,2017-07-07T17:28:14.273505,5000,0.0,0.0,0.0,5000,0,0,False,False,0,0
xgboost_static,never,151,354,5,2017-07-07T17:45:17.899612,5000,0.0288,0.0288,0.0286,4999,1,0,False,False,0,0
xgboost_static,never,152,355,5,2017-07-07T17:51:45.466435,5000,0.9924,0.9924,0.9924,5000,0,0,False,False,0,0
xgboost_static,never,153,357,5,2017-07-07T17:51:59.159748,5000,0.9956,0.9956,0.9956,5000,0,0,False,False,0,0
xgboost_static,never,154,358,5,2017-07-07T17:52:06.020133,5000,0.9872,0.9872,0.9872,5000,0,0,False,False,0,0
xgboost_static,never,155,360,5,2017-07-07T17:52:19.730775,5000,0.9878,0.9878,0.9878,5000,0,0,False,False,0,0
xgboost_static,never,156,361,5,2017-07-07T17:52:26.609510,5000,0.9948,0.9948,0.9948,5000,0,0,False,False,0,0
xgboost_static,never,157,362,5,2017-07-07T17:52:33.458646,5000,0.9898,0.9898,0.9898,5000,0,0,False,False,0,0
xgboost_static,never,158,364,5,2017-07-07T17:52:47.175885,5000,0.994,0.994,0.994,5000,0,0,False,False,0,0
xgboost_static,never,159,365,5,2017-07-07T17:52:54.036328,5000,0.9786,0.9786,0.9786,5000,0,0,False,False,0,0
xgboost_static,never,160,367,5,2017-07-07T17:54:15.198356,5000,0.9366,0.9366,0.9366,5000,0,0,False,False,0,0
xgboost_static,never,161,368,5,2017-07-07T17:54:21.743673,5000,0.9926,0.9926,0.9926,5000,0,0,False,False,0,0
xgboost_static,never,162,370,5,2017-07-07T17:54:34.912359,5000,0.9606,0.9606,0.9606,5000,0,0,False,False,0,0
xgboost_static,never,163,371,5,2017-07-07T17:54:40.199430,5000,0.9946,0.9946,0.9946,5000,0,0,False,False,0,0
xgboost_static,never,164,372,5,2017-07-07T17:54:46.759913,5000,0.9942,0.9942,0.9942,5000,0,0,False,False,0,0
xgboost_static,never,165,374,5,2017-07-07T17:54:59.878558,5000,0.9906,0.9906,0.9906,5000,0,0,False,False,0,0
xgboost_static,never,166,375,5,2017-07-07T17:55:06.426975,5000,0.9674,0.9674,0.9674,5000,0,0,False,False,0,0
xgboost_static,never,167,377,5,2017-07-07T17:55:19.562795,5000,0.9908,0.9908,0.9908,5000,0,0,False,False,0,0
xgboost_static,never,168,378,5,2017-07-07T17:55:26.138198,5000,0.9918,0.9918,0.9918,5000,0,0,False,False,0,0
xgboost_static,never,169,380,5,2017-07-07T17:55:39.290299,5000,0.8928,0.8928,0.8928,5000,0,0,False,False,0,0
xgboost_static,never,170,381,5,2017-07-07T17:55:45.863226,5000,0.936,0.936,0.936,5000,0,0,False,False,0,0
xgboost_static,never,171,382,5,2017-07-07T17:55:51.164024,5000,0.9796,0.9796,0.9796,5000,0,0,False,False,0,0
xgboost_static,never,172,384,5,2017-07-07T18:00:43.250620,5000,0.0796,0.0796,0.0796,5000,0,0,False,False,0,0
xgboost_static,never,173,385,5,2017-07-07T18:08:01.771442,5000,0.8088,0.8088,0.8088,5000,0,0,False,False,0,0
xgboost_static,never,174,387,5,2017-07-07T18:10:02.151109,5000,0.4012,0.4012,0.4012,5000,0,0,False,False,0,0
xgboost_static,never,175,388,5,2017-07-07T18:12:20.353225,5000,0.0048,0.0048,0.0048,5000,0,0,False,False,0,0
xgboost_static,never,176,390,5,2017-07-07T18:22:29.680677,5000,0.818,0.818,0.818,5000,0,0,False,False,0,0
xgboost_static,never,177,391,5,2017-07-07T18:23:24.585570,5000,0.485,0.485,0.485,5000,0,0,False,False,0,0
xgboost_static,never,178,392,5,2017-07-07T18:27:32.404808,5000,0.0,0.0,0.0,5000,0,0,False,False,0,0
xgboost_static,never,179,394,5,2017-07-07T18:38:01.487913,1117,0.0,0.0,0.0,1117,0,0,False,False,0,0
xgboost_static,never,180,395,6,2017-07-07T18:40:13.106791,5000,0.0,0.0,0.0,5000,0,0,False,False,0,0
xgboost_static,never,181,396,6,2017-07-07T18:51:29.702413,5000,0.4302,0.4302,0.4302,5000,0,0,False,False,0,0
xgboost_static,never,182,398,6,2017-07-07T18:58:02.196043,5000,0.7544,0.7544,0.7544,5000,0,0,False,False,0,0
xgboost_static,never,183,399,6,2017-07-07T18:58:48.883331,5000,0.791,0.791,0.791,5000,0,0,False,False,0,0
xgboost_static,never,184,401,6,2017-07-07T19:00:29.056924,5000,0.8542,0.8542,0.8542,5000,0,0,False,False,0,0
xgboost_static,never,185,402,6,2017-07-07T19:01:21.056982,5000,0.9168,0.9168,0.9168,5000,0,0,False,False,0,0
xgboost_static,never,186,404,6,2017-07-07T19:03:17.417002,5000,0.8918,0.8918,0.8918,5000,0,0,False,False,0,0
xgboost_static,never,187,405,6,2017-07-07T19:04:11.677669,5000,0.9342,0.9342,0.9342,5000,0,0,False,False,0,0
xgboost_static,never,188,406,6,2017-07-07T19:05:10.130947,5000,0.8698,0.8698,0.8698,5000,0,0,False,False,0,0
xgboost_static,never,189,408,6,2017-07-07T19:06:59.997858,5000,0.8462,0.8462,0.8462,5000,0,0,False,False,0,0
xgboost_static,never,190,409,6,2017-07-07T19:07:51.520364,5000,0.8472,0.8472,0.8472,5000,0,0,False,False,0,0
xgboost_static,never,191,411,6,2017-07-07T19:09:36.175401,5000,0.9538,0.9538,0.9538,5000,0,0,False,False,0,0
xgboost_static,never,192,412,6,2017-07-07T19:10:34.468512,5000,0.9152,0.9152,0.9152,5000,0,0,False,False,0,0
xgboost_static,never,193,414,6,2017-07-07T19:12:19.835270,5000,0.8936,0.8936,0.8936,5000,0,0,False,False,0,0
xgboost_static,never,194,415,6,2017-07-07T19:13:13.980423,5000,0.6772,0.6772,0.6772,5000,0,0,False,False,0,0
xgboost_static,never,195,416,6,2017-07-07T19:13:55.557798,5000,0.7796,0.7796,0.7796,5000,0,0,False,False,0,0
xgboost_static,never,196,418,6,2017-07-07T19:15:38.304116,5000,0.566,0.566,0.566,5000,0,0,False,False,0,0
xgboost_static,never,197,419,6,2017-07-07T19:20:18.568724,5000,0.0,0.0,0.0,5000,0,0,False,False,0,0
xgboost_static,never,198,421,6,2017-07-07T19:42:08.815711,5000,0.0,0.0,0.0,5000,0,0,False,False,0,0
xgboost_static,never,199,422,6,2017-07-07T19:53:33.828828,3798,0.0,0.0,0.0,3798,0,0,False,False,0,0
