model,ip_mode,after_task,after_task_category,scope,metric,value
ffnn_naive,none,0,BruteForce,task0,n,175000.0
ffnn_naive,none,0,BruteForce,task0,n_benign,172109.0
ffnn_naive,none,0,BruteForce,task0,n_attack,2891.0
ffnn_naive,none,0,BruteForce,task0,accuracy,1.0
ffnn_naive,none,0,BruteForce,task0,macro_f1,1.0
ffnn_naive,none,0,BruteForce,task0,fpr,0.0
ffnn_naive,none,0,BruteForce,task0,detection_rate,1.0
ffnn_naive,none,0,BruteForce,task0,binary_f1,1.0
ffnn_naive,none,0,BruteForce,task0,category_recall,1.0
ffnn_naive,none,0,BruteForce,task1,n,385000.0
ffnn_naive,none,0,BruteForce,task1,n_benign,331373.0
ffnn_naive,none,0,BruteForce,task1,n_attack,53627.0
ffnn_naive,none,0,BruteForce,task1,accuracy,0.8607090909090909
ffnn_naive,none,0,BruteForce,task1,macro_f1,0.4625704765534156
ffnn_naive,none,0,BruteForce,task1,fpr,0.0
ffnn_naive,none,0,BruteForce,task1,detection_rate,0.0
ffnn_naive,none,0,BruteForce,task1,binary_f1,0.0
ffnn_naive,none,0,BruteForce,task1,category_recall,0.0
ffnn_naive,none,0,BruteForce,task2,n,480000.0
ffnn_naive,none,0,BruteForce,task2,n_benign,439090.0
ffnn_naive,none,0,BruteForce,task2,n_attack,40910.0
ffnn_naive,none,0,BruteForce,task2,accuracy,0.9147708333333332
ffnn_naive,none,0,BruteForce,task2,macro_f1,0.3184961936988398
ffnn_naive,none,0,BruteForce,task2,fpr,0.0
ffnn_naive,none,0,BruteForce,task2,detection_rate,0.0
ffnn_naive,none,0,BruteForce,task2,binary_f1,0.0
ffnn_naive,none,0,BruteForce,task2,category_recall,0.0
ffnn_naive,none,0,BruteForce,task3,n,270000.0
ffnn_naive,none,0,BruteForce,task3,n_benign,269993.0
ffnn_naive,none,0,BruteForce,task3,n_attack,7.0
ffnn_naive,none,0,BruteForce,task3,accuracy,0.999974074074074
ffnn_naive,none,0,BruteForce,task3,macro_f1,0.4999935184344982
ffnn_naive,none,0,BruteForce,task3,fpr,0.0
ffnn_naive,none,0,BruteForce,task3,detection_rate,0.0
ffnn_naive,none,0,BruteForce,task3,binary_f1,0.0
ffnn_naive,none,0,BruteForce,task3,category_recall,0.0
ffnn_naive,none,0,BruteForce,task4,n,395000.0
ffnn_naive,none,0,BruteForce,task4,n_benign,393444.0
ffnn_naive,none,0,BruteForce,task4,n_attack,1556.0
ffnn_naive,none,0,BruteForce,task4,accuracy,0.9960607594936708
ffnn_naive,none,0,BruteForce,task4,macro_f1,0.4990132463434308
ffnn_naive,none,0,BruteForce,task4,fpr,0.0
ffnn_naive,none,0,BruteForce,task4,detection_rate,0.0
ffnn_naive,none,0,BruteForce,task4,binary_f1,0.0
ffnn_naive,none,0,BruteForce,task4,category_recall,0.0
ffnn_naive,none,0,BruteForce,task5,n,190000.0
ffnn_naive,none,0,BruteForce,task5,n_benign,185763.0
ffnn_naive,none,0,BruteForce,task5,n_attack,4237.0
ffnn_naive,none,0,BruteForce,task5,accuracy,0.9777
ffnn_naive,none,0,BruteForce,task5,macro_f1,0.4943621378368812
ffnn_naive,none,0,BruteForce,task5,fpr,0.0
ffnn_naive,none,0,BruteForce,task5,detection_rate,0.0
ffnn_naive,none,0,BruteForce,task5,binary_f1,0.0
ffnn_naive,none,0,BruteForce,task5,category_recall,0.0
ffnn_naive,none,0,BruteForce,seen,n,175000.0
ffnn_naive,none,0,BruteForce,seen,n_benign,172109.0
ffnn_naive,none,0,BruteForce,seen,n_attack,2891.0
ffnn_naive,none,0,BruteForce,seen,accuracy,1.0
ffnn_naive,none,0,BruteForce,seen,macro_f1,1.0
ffnn_naive,none,0,BruteForce,seen,fpr,0.0
ffnn_naive,none,0,BruteForce,seen,detection_rate,1.0
ffnn_naive,none,0,BruteForce,seen,binary_f1,1.0
ffnn_naive,none,0,BruteForce,all,n,1895000.0
ffnn_naive,none,0,BruteForce,all,n_benign,1791772.0
ffnn_naive,none,0,BruteForce,all,n_attack,103228.0
ffnn_naive,none,0,BruteForce,all,accuracy,0.947051715039578
ffnn_naive,none,0,BruteForce,all,macro_f1,0.2818233193277881
ffnn_naive,none,0,BruteForce,all,fpr,0.0
ffnn_naive,none,0,BruteForce,all,detection_rate,0.0280059673731933
ffnn_naive,none,0,BruteForce,all,binary_f1,0.0544860015642816
ffnn_naive,none,1,DoS,task0,n,175000.0
ffnn_naive,none,1,DoS,task0,n_benign,172109.0
ffnn_naive,none,1,DoS,task0,n_attack,2891.0
ffnn_naive,none,1,DoS,task0,accuracy,0.9834685714285716
ffnn_naive,none,1,DoS,task0,macro_f1,0.495832697122213
ffnn_naive,none,1,DoS,task0,fpr,1.162054279555398e-05
ffnn_naive,none,1,DoS,task0,detection_rate,0.0
ffnn_naive,none,1,DoS,task0,binary_f1,0.0
ffnn_naive,none,1,DoS,task0,category_recall,0.0
ffnn_naive,none,1,DoS,task1,n,385000.0
ffnn_naive,none,1,DoS,task1,n_benign,331373.0
ffnn_naive,none,1,DoS,task1,n_attack,53627.0
ffnn_naive,none,1,DoS,task1,accuracy,0.999948051948052
ffnn_naive,none,1,DoS,task1,macro_f1,0.9998916594069032
ffnn_naive,none,1,DoS,task1,fpr,3.017747372296476e-06
ffnn_naive,none,1,DoS,task1,detection_rate,0.9996457008596416
ffnn_naive,none,1,DoS,task1,binary_f1,0.99981349546794
ffnn_naive,none,1,DoS,task1,category_recall,0.9996457008596416
ffnn_naive,none,1,DoS,task2,n,480000.0
ffnn_naive,none,1,DoS,task2,n_benign,439090.0
ffnn_naive,none,1,DoS,task2,n_attack,40910.0
ffnn_naive,none,1,DoS,task2,accuracy,0.91476875
ffnn_naive,none,1,DoS,task2,macro_f1,0.3184958148775581
ffnn_naive,none,1,DoS,task2,fpr,2.277437427406682e-06
ffnn_naive,none,1,DoS,task2,detection_rate,0.0
ffnn_naive,none,1,DoS,task2,binary_f1,0.0
ffnn_naive,none,1,DoS,task2,category_recall,0.0
ffnn_naive,none,1,DoS,task3,n,270000.0
ffnn_naive,none,1,DoS,task3,n_benign,269993.0
ffnn_naive,none,1,DoS,task3,n_attack,7.0
ffnn_naive,none,1,DoS,task3,accuracy,0.999951851851852
ffnn_naive,none,1,DoS,task3,macro_f1,0.4999879626731754
ffnn_naive,none,1,DoS,task3,fpr,2.22227983688466e-05
ffnn_naive,none,1,DoS,task3,detection_rate,0.0
ffnn_naive,none,1,DoS,task3,binary_f1,0.0
ffnn_naive,none,1,DoS,task3,category_recall,0.0
ffnn_naive,none,1,DoS,task4,n,395000.0
ffnn_naive,none,1,DoS,task4,n_benign,393444.0
ffnn_naive,none,1,DoS,task4,n_attack,1556.0
ffnn_naive,none,1,DoS,task4,accuracy,0.9960582278481012
ffnn_naive,none,1,DoS,task4,macro_f1,0.499012610930657
ffnn_naive,none,1,DoS,task4,fpr,2.5416577708644688e-06
ffnn_naive,none,1,DoS,task4,detection_rate,0.0
ffnn_naive,none,1,DoS,task4,binary_f1,0.0
ffnn_naive,none,1,DoS,task4,category_recall,0.0
ffnn_naive,none,1,DoS,task5,n,190000.0
ffnn_naive,none,1,DoS,task5,n_benign,185763.0
ffnn_naive,none,1,DoS,task5,n_attack,4237.0
ffnn_naive,none,1,DoS,task5,accuracy,0.9777
ffnn_naive,none,1,DoS,task5,macro_f1,0.4943621378368812
ffnn_naive,none,1,DoS,task5,fpr,0.0
ffnn_naive,none,1,DoS,task5,detection_rate,0.0
ffnn_naive,none,1,DoS,task5,binary_f1,0.0
ffnn_naive,none,1,DoS,task5,category_recall,0.0
ffnn_naive,none,1,DoS,seen,n,560000.0
ffnn_naive,none,1,DoS,seen,n_benign,503482.0
ffnn_naive,none,1,DoS,seen,n_attack,56518.0
ffnn_naive,none,1,DoS,seen,accuracy,0.9947982142857142
ffnn_naive,none,1,DoS,seen,macro_f1,0.6656367740017634
ffnn_naive,none,1,DoS,seen,fpr,5.958504971379314e-06
ffnn_naive,none,1,DoS,seen,detection_rate,0.9485119784847306
ffnn_naive,none,1,DoS,seen,binary_f1,0.973549201391096
ffnn_naive,none,1,DoS,all,n,1895000.0
ffnn_naive,none,1,DoS,all,n_benign,1791772.0
ffnn_naive,none,1,DoS,all,n_attack,103228.0
ffnn_naive,none,1,DoS,all,accuracy,0.9738094986807388
ffnn_naive,none,1,DoS,all,macro_f1,0.2837228118591853
ffnn_naive,none,1,DoS,all,fpr,6.13917395740083e-06
ffnn_naive,none,1,DoS,all,detection_rate,0.5193164645251288
ffnn_naive,none,1,DoS,all,binary_f1,0.6835706134003201
ffnn_naive,none,2,DDoS,task0,n,175000.0
ffnn_naive,none,2,DDoS,task0,n_benign,172109.0
ffnn_naive,none,2,DDoS,task0,n_attack,2891.0
ffnn_naive,none,2,DDoS,task0,accuracy,0.98348
ffnn_naive,none,2,DDoS,task0,macro_f1,0.495835602073124
ffnn_naive,none,2,DDoS,task0,fpr,0.0
ffnn_naive,none,2,DDoS,task0,detection_rate,0.0
ffnn_naive,none,2,DDoS,task0,binary_f1,0.0
ffnn_naive,none,2,DDoS,task0,category_recall,0.0
ffnn_naive,none,2,DDoS,task1,n,385000.0
ffnn_naive,none,2,DDoS,task1,n_benign,331373.0
ffnn_naive,none,2,DDoS,task1,n_attack,53627.0
ffnn_naive,none,2,DDoS,task1,accuracy,0.8607090909090909
ffnn_naive,none,2,DDoS,task1,macro_f1,0.4625859741550557
ffnn_naive,none,2,DDoS,task1,fpr,0.0
ffnn_naive,none,2,DDoS,task1,detection_rate,0.0004475357562421
ffnn_naive,none,2,DDoS,task1,binary_f1,0.0008946711151702
ffnn_naive,none,2,DDoS,task1,category_recall,0.0
ffnn_naive,none,2,DDoS,task2,n,480000.0
ffnn_naive,none,2,DDoS,task2,n_benign,439090.0
ffnn_naive,none,2,DDoS,task2,n_attack,40910.0
ffnn_naive,none,2,DDoS,task2,accuracy,0.9999895833333332
ffnn_naive,none,2,DDoS,task2,macro_f1,0.6666606944765121
ffnn_naive,none,2,DDoS,task2,fpr,2.277437427406682e-06
ffnn_naive,none,2,DDoS,task2,detection_rate,0.9999022243950134
ffnn_naive,none,2,DDoS,task2,binary_f1,0.99993888800616
ffnn_naive,none,2,DDoS,task2,category_recall,1.0
ffnn_naive,none,2,DDoS,task3,n,270000.0
ffnn_naive,none,2,DDoS,task3,n_benign,269993.0
ffnn_naive,none,2,DDoS,task3,n_attack,7.0
ffnn_naive,none,2,DDoS,task3,accuracy,0.9999703703703704
ffnn_naive,none,2,DDoS,task3,macro_f1,0.4999925924828516
ffnn_naive,none,2,DDoS,task3,fpr,3.7037997281411e-06
ffnn_naive,none,2,DDoS,task3,detection_rate,0.0
ffnn_naive,none,2,DDoS,task3,binary_f1,0.0
ffnn_naive,none,2,DDoS,task3,category_recall,0.0
ffnn_naive,none,2,DDoS,task4,n,395000.0
ffnn_naive,none,2,DDoS,task4,n_benign,393444.0
ffnn_naive,none,2,DDoS,task4,n_attack,1556.0
ffnn_naive,none,2,DDoS,task4,accuracy,0.9960430379746836
ffnn_naive,none,2,DDoS,task4,macro_f1,0.4990151275894914
ffnn_naive,none,2,DDoS,task4,fpr,1.779160439605128e-05
ffnn_naive,none,2,DDoS,task4,detection_rate,0.0064267352185089
ffnn_naive,none,2,DDoS,task4,binary_f1,0.0127145581691036
ffnn_naive,none,2,DDoS,task4,category_recall,0.0
ffnn_naive,none,2,DDoS,task5,n,190000.0
ffnn_naive,none,2,DDoS,task5,n_benign,185763.0
ffnn_naive,none,2,DDoS,task5,n_attack,4237.0
ffnn_naive,none,2,DDoS,task5,accuracy,0.9777
ffnn_naive,none,2,DDoS,task5,macro_f1,0.4943621378368812
ffnn_naive,none,2,DDoS,task5,fpr,0.0
ffnn_naive,none,2,DDoS,task5,detection_rate,0.0
ffnn_naive,none,2,DDoS,task5,binary_f1,0.0
ffnn_naive,none,2,DDoS,task5,category_recall,0.0
ffnn_naive,none,2,DDoS,seen,n,1040000.0
ffnn_naive,none,2,DDoS,seen,n_benign,942572.0
ffnn_naive,none,2,DDoS,seen,n_attack,97428.0
ffnn_naive,none,2,DDoS,seen,accuracy,0.9456509615384616
ffnn_naive,none,2,DDoS,seen,macro_f1,0.3941191865260769
ffnn_naive,none,2,DDoS,seen,fpr,1.0609269106232734e-06
ffnn_naive,none,2,DDoS,seen,detection_rate,0.4201051032557376
ffnn_naive,none,2,DDoS,seen,binary_f1,0.5916492602577353
ffnn_naive,none,2,DDoS,all,n,1895000.0
ffnn_naive,none,2,DDoS,all,n_benign,1791772.0
ffnn_naive,none,2,DDoS,all,n_attack,103228.0
ffnn_naive,none,2,DDoS,all,accuracy,0.9671076517150397
ffnn_naive,none,2,DDoS,all,macro_f1,0.2831982078950187
ffnn_naive,none,2,DDoS,all,fpr,5.02296051060068e-06
ffnn_naive,none,2,DDoS,all,detection_rate,0.3965978222962762
ffnn_naive,none,2,DDoS,all,binary_f1,0.567913051318865
ffnn_naive,none,3,WebAttack,task0,n,175000.0
ffnn_naive,none,3,WebAttack,task0,n_benign,172109.0
ffnn_naive,none,3,WebAttack,task0,n_attack,2891.0
ffnn_naive,none,3,WebAttack,task0,accuracy,0.9834628571428572
ffnn_naive,none,3,WebAttack,task0,macro_f1,0.4958312446342039
ffnn_naive,none,3,WebAttack,task0,fpr,1.743081419333097e-05
ffnn_naive,none,3,WebAttack,task0,detection_rate,0.0
ffnn_naive,none,3,WebAttack,task0,binary_f1,0.0
ffnn_naive,none,3,WebAttack,task0,category_recall,0.0
ffnn_naive,none,3,WebAttack,task1,n,385000.0
ffnn_naive,none,3,WebAttack,task1,n_benign,331373.0
ffnn_naive,none,3,WebAttack,task1,n_attack,53627.0
ffnn_naive,none,3,WebAttack,task1,accuracy,0.8606909090909091
ffnn_naive,none,3,WebAttack,task1,macro_f1,0.4625652250385976
ffnn_naive,none,3,WebAttack,task1,fpr,2.1124231606075328e-05
ffnn_naive,none,3,WebAttack,task1,detection_rate,0.0
ffnn_naive,none,3,WebAttack,task1,binary_f1,0.0
ffnn_naive,none,3,WebAttack,task1,category_recall,0.0
ffnn_naive,none,3,WebAttack,task2,n,480000.0
ffnn_naive,none,3,WebAttack,task2,n_benign,439090.0
ffnn_naive,none,3,WebAttack,task2,n_attack,40910.0
ffnn_naive,none,3,WebAttack,task2,accuracy,0.9147520833333334
ffnn_naive,none,3,WebAttack,task2,macro_f1,0.4454767820833411
ffnn_naive,none,3,WebAttack,task2,fpr,2.9606686556286863e-05
ffnn_naive,none,3,WebAttack,task2,detection_rate,9.777560498655584e-05
ffnn_naive,none,3,WebAttack,task2,binary_f1,0.0001954699831407
ffnn_naive,none,3,WebAttack,task2,category_recall,0.0
ffnn_naive,none,3,WebAttack,task3,n,270000.0
ffnn_naive,none,3,WebAttack,task3,n_benign,269993.0
ffnn_naive,none,3,WebAttack,task3,n_attack,7.0
ffnn_naive,none,3,WebAttack,task3,accuracy,0.9999666666666668
ffnn_naive,none,3,WebAttack,task3,macro_f1,0.7857059520568657
ffnn_naive,none,3,WebAttack,task3,fpr,2.96303978251288e-05
ffnn_naive,none,3,WebAttack,task3,detection_rate,0.8571428571428571
ffnn_naive,none,3,WebAttack,task3,binary_f1,0.5714285714285714
ffnn_naive,none,3,WebAttack,task3,category_recall,0.8571428571428571
ffnn_naive,none,3,WebAttack,task4,n,395000.0
ffnn_naive,none,3,WebAttack,task4,n_benign,393444.0
ffnn_naive,none,3,WebAttack,task4,n_attack,1556.0
ffnn_naive,none,3,WebAttack,task4,accuracy,0.9960354430379746
ffnn_naive,none,3,WebAttack,task4,macro_f1,0.4990068921431597
ffnn_naive,none,3,WebAttack,task4,fpr,2.5416577708644688e-05
ffnn_naive,none,3,WebAttack,task4,detection_rate,0.0
ffnn_naive,none,3,WebAttack,task4,binary_f1,0.0
ffnn_naive,none,3,WebAttack,task4,category_recall,0.0
ffnn_naive,none,3,WebAttack,task5,n,190000.0
ffnn_naive,none,3,WebAttack,task5,n_benign,185763.0
ffnn_naive,none,3,WebAttack,task5,n_attack,4237.0
ffnn_naive,none,3,WebAttack,task5,accuracy,0.9776473684210526
ffnn_naive,none,3,WebAttack,task5,macro_f1,0.4943486811815208
ffnn_naive,none,3,WebAttack,task5,fpr,5.383203328972939e-05
ffnn_naive,none,3,WebAttack,task5,detection_rate,0.0
ffnn_naive,none,3,WebAttack,task5,binary_f1,0.0
ffnn_naive,none,3,WebAttack,task5,category_recall,0.0
ffnn_naive,none,3,WebAttack,seen,n,1310000.0
ffnn_naive,none,3,WebAttack,seen,n_benign,1212565.0
ffnn_naive,none,3,WebAttack,seen,n_attack,97435.0
ffnn_naive,none,3,WebAttack,seen,accuracy,0.925606106870229
ffnn_naive,none,3,WebAttack,seen,macro_f1,0.269196212877383
ffnn_naive,none,3,WebAttack,seen,fpr,2.55656397801355e-05
ffnn_naive,none,3,WebAttack,seen,detection_rate,0.0001026325242469
ffnn_naive,none,3,WebAttack,seen,binary_f1,0.0002051787106569
ffnn_naive,none,3,WebAttack,all,n,1895000.0
ffnn_naive,none,3,WebAttack,all,n_benign,1791772.0
ffnn_naive,none,3,WebAttack,all,n_attack,103228.0
ffnn_naive,none,3,WebAttack,all,accuracy,0.9455044854881266
ffnn_naive,none,3,WebAttack,all,macro_f1,0.1785380902570994
ffnn_naive,none,3,WebAttack,all,fpr,2.8463442893403848e-05
ffnn_naive,none,3,WebAttack,all,detection_rate,9.68729414499942e-05
ffnn_naive,none,3,WebAttack,all,binary_f1,0.0001936314612398
ffnn_naive,none,4,Infiltration,task0,n,175000.0
ffnn_naive,none,4,Infiltration,task0,n_benign,172109.0
ffnn_naive,none,4,Infiltration,task0,n_attack,2891.0
ffnn_naive,none,4,Infiltration,task0,accuracy,0.9829085714285716
ffnn_naive,none,4,Infiltration,task0,macro_f1,0.496362602766211
ffnn_naive,none,4,Infiltration,task0,fpr,0.0005810271397776
ffnn_naive,none,4,Infiltration,task0,detection_rate,0.1625735039778623
ffnn_naive,none,4,Infiltration,task0,binary_f1,0.2715978041028604
ffnn_naive,none,4,Infiltration,task0,category_recall,0.0
ffnn_naive,none,4,Infiltration,task1,n,385000.0
ffnn_naive,none,4,Infiltration,task1,n_benign,331373.0
ffnn_naive,none,4,Infiltration,task1,n_attack,53627.0
ffnn_naive,none,4,Infiltration,task1,accuracy,0.8602623376623376
ffnn_naive,none,4,Infiltration,task1,macro_f1,0.4624646554914021
ffnn_naive,none,4,Infiltration,task1,fpr,0.0005190525480349
ffnn_naive,none,4,Infiltration,task1,detection_rate,0.0006713036343632
ffnn_naive,none,4,Infiltration,task1,binary_f1,0.0013374198941209
ffnn_naive,none,4,Infiltration,task1,category_recall,0.0
ffnn_naive,none,4,Infiltration,task2,n,480000.0
ffnn_naive,none,4,Infiltration,task2,n_benign,439090.0
ffnn_naive,none,4,Infiltration,task2,n_attack,40910.0
ffnn_naive,none,4,Infiltration,task2,accuracy,0.9135520833333334
ffnn_naive,none,4,Infiltration,task2,macro_f1,0.3182744423456232
ffnn_naive,none,4,Infiltration,task2,fpr,0.0013323008950329
ffnn_naive,none,4,Infiltration,task2,detection_rate,0.0
ffnn_naive,none,4,Infiltration,task2,binary_f1,0.0
ffnn_naive,none,4,Infiltration,task2,category_recall,0.0
ffnn_naive,none,4,Infiltration,task3,n,270000.0
ffnn_naive,none,4,Infiltration,task3,n_benign,269993.0
ffnn_naive,none,4,Infiltration,task3,n_attack,7.0
ffnn_naive,none,4,Infiltration,task3,accuracy,0.9983
ffnn_naive,none,4,Infiltration,task3,macro_f1,0.4995746384426763
ffnn_naive,none,4,Infiltration,task3,fpr,0.0016741174771197
ffnn_naive,none,4,Infiltration,task3,detection_rate,0.0
ffnn_naive,none,4,Infiltration,task3,binary_f1,0.0
ffnn_naive,none,4,Infiltration,task3,category_recall,0.0
ffnn_naive,none,4,Infiltration,task4,n,395000.0
ffnn_naive,none,4,Infiltration,task4,n_benign,393444.0
ffnn_naive,none,4,Infiltration,task4,n_attack,1556.0
ffnn_naive,none,4,Infiltration,task4,accuracy,0.999106329113924
ffnn_naive,none,4,Infiltration,task4,macro_f1,0.9486310062592662
ffnn_naive,none,4,Infiltration,task4,fpr,0.0008794135887191
ffnn_naive,none,4,Infiltration,task4,detection_rate,0.9955012853470436
ffnn_naive,none,4,Infiltration,task4,binary_f1,0.8977108084613156
ffnn_naive,none,4,Infiltration,task4,category_recall,0.9955012853470436
ffnn_naive,none,4,Infiltration,task5,n,190000.0
ffnn_naive,none,4,Infiltration,task5,n_benign,185763.0
ffnn_naive,none,4,Infiltration,task5,n_attack,4237.0
ffnn_naive,none,4,Infiltration,task5,accuracy,0.9771368421052632
ffnn_naive,none,4,Infiltration,task5,macro_f1,0.4942299552505411
ffnn_naive,none,4,Infiltration,task5,fpr,0.0005760027562001
ffnn_naive,none,4,Infiltration,task5,detection_rate,0.002124144441822
ffnn_naive,none,4,Infiltration,task5,binary_f1,0.0041350792556857
ffnn_naive,none,4,Infiltration,task5,category_recall,0.0
ffnn_naive,none,4,Infiltration,seen,n,1705000.0
ffnn_naive,none,4,Infiltration,seen,n_benign,1606009.0
ffnn_naive,none,4,Infiltration,seen,n_attack,98991.0
ffnn_naive,none,4,Infiltration,seen,accuracy,0.9418785923753664
ffnn_naive,none,4,Infiltration,seen,macro_f1,0.2597486984536074
ffnn_naive,none,4,Infiltration,seen,fpr,0.0010305048103715
ffnn_naive,none,4,Infiltration,seen,detection_rate,0.0207594629814831
ffnn_naive,none,4,Infiltration,seen,binary_f1,0.0400190845269276
ffnn_naive,none,4,Infiltration,all,n,1895000.0
ffnn_naive,none,4,Infiltration,all,n_benign,1791772.0
ffnn_naive,none,4,Infiltration,all,n_attack,103228.0
ffnn_naive,none,4,Infiltration,all,accuracy,0.9454137203166229
ffnn_naive,none,4,Infiltration,all,macro_f1,0.2210965422794733
ffnn_naive,none,4,Infiltration,all,fpr,0.0009833840466309
ffnn_naive,none,4,Infiltration,all,detection_rate,0.0199945751152788
ffnn_naive,none,4,Infiltration,all,binary_f1,0.0385599790759803
ffnn_naive,none,5,Botnet,task0,n,175000.0
ffnn_naive,none,5,Botnet,task0,n_benign,172109.0
ffnn_naive,none,5,Botnet,task0,n_attack,2891.0
ffnn_naive,none,5,Botnet,task0,accuracy,0.9834742857142856
ffnn_naive,none,5,Botnet,task0,macro_f1,0.495834149601853
ffnn_naive,none,5,Botnet,task0,fpr,5.810271397776991e-06
ffnn_naive,none,5,Botnet,task0,detection_rate,0.0
ffnn_naive,none,5,Botnet,task0,binary_f1,0.0
ffnn_naive,none,5,Botnet,task0,category_recall,0.0
ffnn_naive,none,5,Botnet,task1,n,385000.0
ffnn_naive,none,5,Botnet,task1,n_benign,331373.0
ffnn_naive,none,5,Botnet,task1,n_attack,53627.0
ffnn_naive,none,5,Botnet,task1,accuracy,0.8607090909090909
ffnn_naive,none,5,Botnet,task1,macro_f1,0.4625704765534156
ffnn_naive,none,5,Botnet,task1,fpr,0.0
ffnn_naive,none,5,Botnet,task1,detection_rate,0.0
ffnn_naive,none,5,Botnet,task1,binary_f1,0.0
ffnn_naive,none,5,Botnet,task1,category_recall,0.0
ffnn_naive,none,5,Botnet,task2,n,480000.0
ffnn_naive,none,5,Botnet,task2,n_benign,439090.0
ffnn_naive,none,5,Botnet,task2,n_attack,40910.0
ffnn_naive,none,5,Botnet,task2,accuracy,0.9147666666666666
ffnn_naive,none,5,Botnet,task2,macro_f1,0.3184954360554521
ffnn_naive,none,5,Botnet,task2,fpr,4.554874854813364e-06
ffnn_naive,none,5,Botnet,task2,detection_rate,0.0
ffnn_naive,none,5,Botnet,task2,binary_f1,0.0
ffnn_naive,none,5,Botnet,task2,category_recall,0.0
ffnn_naive,none,5,Botnet,task3,n,270000.0
ffnn_naive,none,5,Botnet,task3,n_benign,269993.0
ffnn_naive,none,5,Botnet,task3,n_attack,7.0
ffnn_naive,none,5,Botnet,task3,accuracy,0.9999592592592592
ffnn_naive,none,5,Botnet,task3,macro_f1,0.4999898146073346
ffnn_naive,none,5,Botnet,task3,fpr,1.48151989125644e-05
ffnn_naive,none,5,Botnet,task3,detection_rate,0.0
ffnn_naive,none,5,Botnet,task3,binary_f1,0.0
ffnn_naive,none,5,Botnet,task3,category_recall,0.0
ffnn_naive,none,5,Botnet,task4,n,395000.0
ffnn_naive,none,5,Botnet,task4,n_benign,393444.0
ffnn_naive,none,5,Botnet,task4,n_attack,1556.0
ffnn_naive,none,5,Botnet,task4,accuracy,0.996053164556962
ffnn_naive,none,5,Botnet,task4,macro_f1,0.4990170363455568
ffnn_naive,none,5,Botnet,task4,fpr,7.624973312593406e-06
ffnn_naive,none,5,Botnet,task4,detection_rate,0.005784061696658
ffnn_naive,none,5,Botnet,task4,binary_f1,0.0114795918367346
ffnn_naive,none,5,Botnet,task4,category_recall,0.0
ffnn_naive,none,5,Botnet,task5,n,190000.0
ffnn_naive,none,5,Botnet,task5,n_benign,185763.0
ffnn_naive,none,5,Botnet,task5,n_attack,4237.0
ffnn_naive,none,5,Botnet,task5,accuracy,1.0
ffnn_naive,none,5,Botnet,task5,macro_f1,1.0
ffnn_naive,none,5,Botnet,task5,fpr,0.0
ffnn_naive,none,5,Botnet,task5,detection_rate,1.0
ffnn_naive,none,5,Botnet,task5,binary_f1,1.0
ffnn_naive,none,5,Botnet,task5,category_recall,1.0
ffnn_naive,none,5,Botnet,seen,n,1895000.0
ffnn_naive,none,5,Botnet,seen,n_benign,1791772.0
ffnn_naive,none,5,Botnet,seen,n_attack,103228.0
ffnn_naive,none,5,Botnet,seen,accuracy,0.94775672823219
ffnn_naive,none,5,Botnet,seen,macro_f1,0.2815544631974544
ffnn_naive,none,5,Botnet,seen,fpr,5.581067234000755e-06
ffnn_naive,none,5,Botnet,seen,detection_rate,0.0411322509396675
ffnn_naive,none,5,Botnet,seen,binary_f1,0.0790071080346842
ffnn_naive,none,5,Botnet,all,n,1895000.0
ffnn_naive,none,5,Botnet,all,n_benign,1791772.0
ffnn_naive,none,5,Botnet,all,n_attack,103228.0
ffnn_naive,none,5,Botnet,all,accuracy,0.94775672823219
ffnn_naive,none,5,Botnet,all,macro_f1,0.2815544631974544
ffnn_naive,none,5,Botnet,all,fpr,5.581067234000755e-06
ffnn_naive,none,5,Botnet,all,detection_rate,0.0411322509396675
ffnn_naive,none,5,Botnet,all,binary_f1,0.0790071080346842
gnn_ewc,none,0,BruteForce,task0,n,175000.0
gnn_ewc,none,0,BruteForce,task0,n_benign,172109.0
gnn_ewc,none,0,BruteForce,task0,n_attack,2891.0
gnn_ewc,none,0,BruteForce,task0,accuracy,1.0
gnn_ewc,none,0,BruteForce,task0,macro_f1,1.0
gnn_ewc,none,0,BruteForce,task0,fpr,0.0
gnn_ewc,none,0,BruteForce,task0,detection_rate,1.0
gnn_ewc,none,0,BruteForce,task0,binary_f1,1.0
gnn_ewc,none,0,BruteForce,task0,category_recall,1.0
gnn_ewc,none,0,BruteForce,task1,n,385000.0
gnn_ewc,none,0,BruteForce,task1,n_benign,331373.0
gnn_ewc,none,0,BruteForce,task1,n_attack,53627.0
gnn_ewc,none,0,BruteForce,task1,accuracy,0.8607090909090909
gnn_ewc,none,0,BruteForce,task1,macro_f1,0.4994114783573238
gnn_ewc,none,0,BruteForce,task1,fpr,0.0
gnn_ewc,none,0,BruteForce,task1,detection_rate,0.985436440598952
gnn_ewc,none,0,BruteForce,task1,binary_f1,0.9926648070402824
gnn_ewc,none,0,BruteForce,task1,category_recall,0.0
gnn_ewc,none,0,BruteForce,task2,n,480000.0
gnn_ewc,none,0,BruteForce,task2,n_benign,439090.0
gnn_ewc,none,0,BruteForce,task2,n_attack,40910.0
gnn_ewc,none,0,BruteForce,task2,accuracy,0.91476875
gnn_ewc,none,0,BruteForce,task2,macro_f1,0.3187732837919217
gnn_ewc,none,0,BruteForce,task2,fpr,2.277437427406682e-06
gnn_ewc,none,0,BruteForce,task2,detection_rate,0.0195551209973111
gnn_ewc,none,0,BruteForce,task2,binary_f1,0.0383591858262808
gnn_ewc,none,0,BruteForce,task2,category_recall,0.0
gnn_ewc,none,0,BruteForce,task3,n,270000.0
gnn_ewc,none,0,BruteForce,task3,n_benign,269993.0
gnn_ewc,none,0,BruteForce,task3,n_attack,7.0
gnn_ewc,none,0,BruteForce,task3,accuracy,0.9999703703703704
gnn_ewc,none,0,BruteForce,task3,macro_f1,0.4999925924828516
gnn_ewc,none,0,BruteForce,task3,fpr,3.7037997281411e-06
gnn_ewc,none,0,BruteForce,task3,detection_rate,0.0
gnn_ewc,none,0,BruteForce,task3,binary_f1,0.0
gnn_ewc,none,0,BruteForce,task3,category_recall,0.0
gnn_ewc,none,0,BruteForce,task4,n,395000.0
gnn_ewc,none,0,BruteForce,task4,n_benign,393444.0
gnn_ewc,none,0,BruteForce,task4,n_attack,1556.0
gnn_ewc,none,0,BruteForce,task4,accuracy,0.9960582278481012
gnn_ewc,none,0,BruteForce,task4,macro_f1,0.499012610930657
gnn_ewc,none,0,BruteForce,task4,fpr,2.5416577708644688e-06
gnn_ewc,none,0,BruteForce,task4,detection_rate,0.0
gnn_ewc,none,0,BruteForce,task4,binary_f1,0.0
gnn_ewc,none,0,BruteForce,task4,category_recall,0.0
gnn_ewc,none,0,BruteForce,task5,n,190000.0
gnn_ewc,none,0,BruteForce,task5,n_benign,185763.0
gnn_ewc,none,0,BruteForce,task5,n_attack,4237.0
gnn_ewc,none,0,BruteForce,task5,accuracy,0.9777
gnn_ewc,none,0,BruteForce,task5,macro_f1,0.4943621378368812
gnn_ewc,none,0,BruteForce,task5,fpr,0.0
gnn_ewc,none,0,BruteForce,task5,detection_rate,0.0
gnn_ewc,none,0,BruteForce,task5,binary_f1,0.0
gnn_ewc,none,0,BruteForce,task5,category_recall,0.0
gnn_ewc,none,0,BruteForce,seen,n,175000.0
gnn_ewc,none,0,BruteForce,seen,n_benign,172109.0
gnn_ewc,none,0,BruteForce,seen,n_attack,2891.0
gnn_ewc,none,0,BruteForce,seen,accuracy,1.0
gnn_ewc,none,0,BruteForce,seen,macro_f1,1.0
gnn_ewc,none,0,BruteForce,seen,fpr,0.0
gnn_ewc,none,0,BruteForce,seen,detection_rate,1.0
gnn_ewc,none,0,BruteForce,seen,binary_f1,1.0
gnn_ewc,none,0,BruteForce,all,n,1895000.0
gnn_ewc,none,0,BruteForce,all,n_benign,1791772.0
gnn_ewc,none,0,BruteForce,all,n_attack,103228.0
gnn_ewc,none,0,BruteForce,all,accuracy,0.9470501319261214
gnn_ewc,none,0,BruteForce,all,macro_f1,0.1549181078076323
gnn_ewc,none,0,BruteForce,all,fpr,1.6743201702002264e-06
gnn_ewc,none,0,BruteForce,all,detection_rate,0.5476905490758321
gnn_ewc,none,0,BruteForce,all,binary_f1,0.7077387211456612
gnn_ewc,none,1,DoS,task0,n,175000.0
gnn_ewc,none,1,DoS,task0,n_benign,172109.0
gnn_ewc,none,1,DoS,task0,n_attack,2891.0
gnn_ewc,none,1,DoS,task0,accuracy,0.9834742857142856
gnn_ewc,none,1,DoS,task0,macro_f1,0.4999985474279306
gnn_ewc,none,1,DoS,task0,fpr,5.810271397776991e-06
gnn_ewc,none,1,DoS,task0,detection_rate,1.0
gnn_ewc,none,1,DoS,task0,binary_f1,0.9998270793705688
gnn_ewc,none,1,DoS,task0,category_recall,0.0
gnn_ewc,none,1,DoS,task1,n,385000.0
gnn_ewc,none,1,DoS,task1,n_benign,331373.0
gnn_ewc,none,1,DoS,task1,n_attack,53627.0
gnn_ewc,none,1,DoS,task1,accuracy,0.9997324675324676
gnn_ewc,none,1,DoS,task1,macro_f1,0.9994417797568989
gnn_ewc,none,1,DoS,task1,fpr,3.621296846755771e-05
gnn_ewc,none,1,DoS,task1,detection_rate,0.9983030935909152
gnn_ewc,none,1,DoS,task1,binary_f1,0.9990389549801726
gnn_ewc,none,1,DoS,task1,category_recall,0.9983030935909152
gnn_ewc,none,1,DoS,task2,n,480000.0
gnn_ewc,none,1,DoS,task2,n_benign,439090.0
gnn_ewc,none,1,DoS,task2,n_attack,40910.0
gnn_ewc,none,1,DoS,task2,accuracy,0.9147625
gnn_ewc,none,1,DoS,task2,macro_f1,0.3184946784087669
gnn_ewc,none,1,DoS,task2,fpr,9.109749709626728e-06
gnn_ewc,none,1,DoS,task2,detection_rate,0.0
gnn_ewc,none,1,DoS,task2,binary_f1,0.0
gnn_ewc,none,1,DoS,task2,category_recall,0.0
gnn_ewc,none,1,DoS,task3,n,270000.0
gnn_ewc,none,1,DoS,task3,n_benign,269993.0
gnn_ewc,none,1,DoS,task3,n_attack,7.0
gnn_ewc,none,1,DoS,task3,accuracy,0.9999407407407408
gnn_ewc,none,1,DoS,task3,macro_f1,0.4999851847462147
gnn_ewc,none,1,DoS,task3,fpr,3.33341975532699e-05
gnn_ewc,none,1,DoS,task3,detection_rate,0.0
gnn_ewc,none,1,DoS,task3,binary_f1,0.0
gnn_ewc,none,1,DoS,task3,category_recall,0.0
gnn_ewc,none,1,DoS,task4,n,395000.0
gnn_ewc,none,1,DoS,task4,n_benign,393444.0
gnn_ewc,none,1,DoS,task4,n_attack,1556.0
gnn_ewc,none,1,DoS,task4,accuracy,0.9960430379746836
gnn_ewc,none,1,DoS,task4,macro_f1,0.4990087984201655
gnn_ewc,none,1,DoS,task4,fpr,1.779160439605128e-05
gnn_ewc,none,1,DoS,task4,detection_rate,0.0
gnn_ewc,none,1,DoS,task4,binary_f1,0.0
gnn_ewc,none,1,DoS,task4,category_recall,0.0
gnn_ewc,none,1,DoS,task5,n,190000.0
gnn_ewc,none,1,DoS,task5,n_benign,185763.0
gnn_ewc,none,1,DoS,task5,n_attack,4237.0
gnn_ewc,none,1,DoS,task5,accuracy,0.9777
gnn_ewc,none,1,DoS,task5,macro_f1,0.4943621378368812
gnn_ewc,none,1,DoS,task5,fpr,0.0
gnn_ewc,none,1,DoS,task5,detection_rate,0.0
gnn_ewc,none,1,DoS,task5,binary_f1,0.0
gnn_ewc,none,1,DoS,task5,category_recall,0.0
gnn_ewc,none,1,DoS,seen,n,560000.0
gnn_ewc,none,1,DoS,seen,n_benign,503482.0
gnn_ewc,none,1,DoS,seen,n_attack,56518.0
gnn_ewc,none,1,DoS,seen,accuracy,0.9946517857142856
gnn_ewc,none,1,DoS,seen,macro_f1,0.6575620094362696
gnn_ewc,none,1,DoS,seen,fpr,2.5820188209310363e-05
gnn_ewc,none,1,DoS,seen,detection_rate,0.9983898934852612
gnn_ewc,none,1,DoS,seen,binary_f1,0.9990793038120364
gnn_ewc,none,1,DoS,all,n,1895000.0
gnn_ewc,none,1,DoS,all,n_benign,1791772.0
gnn_ewc,none,1,DoS,all,n_attack,103228.0
gnn_ewc,none,1,DoS,all,accuracy,0.9737598944591028
gnn_ewc,none,1,DoS,all,macro_f1,0.2799588215020488
gnn_ewc,none,1,DoS,all,fpr,1.841752187220249e-05
gnn_ewc,none,1,DoS,all,detection_rate,0.5466249467198822
gnn_ewc,none,1,DoS,all,binary_f1,0.7067155954110516
gnn_ewc,none,2,DDoS,task0,n,175000.0
gnn_ewc,none,2,DDoS,task0,n_benign,172109.0
gnn_ewc,none,2,DDoS,task0,n_attack,2891.0
gnn_ewc,none,2,DDoS,task0,accuracy,0.98348
gnn_ewc,none,2,DDoS,task0,macro_f1,0.5
gnn_ewc,none,2,DDoS,task0,fpr,0.0
gnn_ewc,none,2,DDoS,task0,detection_rate,1.0
gnn_ewc,none,2,DDoS,task0,binary_f1,1.0
gnn_ewc,none,2,DDoS,task0,category_recall,0.0
gnn_ewc,none,2,DDoS,task1,n,385000.0
gnn_ewc,none,2,DDoS,task1,n_benign,331373.0
gnn_ewc,none,2,DDoS,task1,n_attack,53627.0
gnn_ewc,none,2,DDoS,task1,accuracy,0.8613558441558442
gnn_ewc,none,2,DDoS,task1,macro_f1,0.5069309456998
gnn_ewc,none,2,DDoS,task1,fpr,0.0004164491373769
gnn_ewc,none,2,DDoS,task1,detection_rate,0.9967926604135976
gnn_ewc,none,2,DDoS,task1,binary_f1,0.9971087483678418
gnn_ewc,none,2,DDoS,task1,category_recall,0.0072165140694053
gnn_ewc,none,2,DDoS,task2,n,480000.0
gnn_ewc,none,2,DDoS,task2,n_benign,439090.0
gnn_ewc,none,2,DDoS,task2,n_attack,40910.0
gnn_ewc,none,2,DDoS,task2,accuracy,0.9999791666666666
gnn_ewc,none,2,DDoS,task2,macro_f1,0.952340491213581
gnn_ewc,none,2,DDoS,task2,fpr,2.049693684666014e-05
gnn_ewc,none,2,DDoS,task2,detection_rate,0.9999755560987532
gnn_ewc,none,2,DDoS,task2,binary_f1,0.9998777924426848
gnn_ewc,none,2,DDoS,task2,category_recall,1.0
gnn_ewc,none,2,DDoS,task3,n,270000.0
gnn_ewc,none,2,DDoS,task3,n_benign,269993.0
gnn_ewc,none,2,DDoS,task3,n_attack,7.0
gnn_ewc,none,2,DDoS,task3,accuracy,0.9999703703703704
gnn_ewc,none,2,DDoS,task3,macro_f1,0.611103703566527
gnn_ewc,none,2,DDoS,task3,fpr,7.4075994562822e-06
gnn_ewc,none,2,DDoS,task3,detection_rate,0.1428571428571428
gnn_ewc,none,2,DDoS,task3,binary_f1,0.2
gnn_ewc,none,2,DDoS,task3,category_recall,0.1428571428571428
gnn_ewc,none,2,DDoS,task4,n,395000.0
gnn_ewc,none,2,DDoS,task4,n_benign,393444.0
gnn_ewc,none,2,DDoS,task4,n_attack,1556.0
gnn_ewc,none,2,DDoS,task4,accuracy,0.9960607594936708
gnn_ewc,none,2,DDoS,task4,macro_f1,0.4990132463434308
gnn_ewc,none,2,DDoS,task4,fpr,0.0
gnn_ewc,none,2,DDoS,task4,detection_rate,0.0
gnn_ewc,none,2,DDoS,task4,binary_f1,0.0
gnn_ewc,none,2,DDoS,task4,category_recall,0.0
gnn_ewc,none,2,DDoS,task5,n,190000.0
gnn_ewc,none,2,DDoS,task5,n_benign,185763.0
gnn_ewc,none,2,DDoS,task5,n_attack,4237.0
gnn_ewc,none,2,DDoS,task5,accuracy,0.9777
gnn_ewc,none,2,DDoS,task5,macro_f1,0.4943621378368812
gnn_ewc,none,2,DDoS,task5,fpr,0.0
gnn_ewc,none,2,DDoS,task5,detection_rate,0.0
gnn_ewc,none,2,DDoS,task5,binary_f1,0.0
gnn_ewc,none,2,DDoS,task5,category_recall,0.0
gnn_ewc,none,2,DDoS,seen,n,1040000.0
gnn_ewc,none,2,DDoS,seen,n_benign,942572.0
gnn_ewc,none,2,DDoS,seen,n_attack,97428.0
gnn_ewc,none,2,DDoS,seen,accuracy,0.945885576923077
gnn_ewc,none,2,DDoS,seen,macro_f1,0.4928991572338571
gnn_ewc,none,2,DDoS,seen,fpr,0.0001559562558616
gnn_ewc,none,2,DDoS,seen,detection_rate,0.9982243297614648
gnn_ewc,none,2,DDoS,seen,binary_f1,0.9983575424729252
gnn_ewc,none,2,DDoS,all,n,1895000.0
gnn_ewc,none,2,DDoS,all,n_benign,1791772.0
gnn_ewc,none,2,DDoS,all,n_attack,103228.0
gnn_ewc,none,2,DDoS,all,accuracy,0.9672401055408972
gnn_ewc,none,2,DDoS,all,macro_f1,0.3008304370502982
gnn_ewc,none,2,DDoS,all,fpr,8.315790178661125e-05
gnn_ewc,none,2,DDoS,all,detection_rate,0.9421474793660636
gnn_ewc,none,2,DDoS,all,binary_f1,0.9694915592150842
gnn_ewc,none,3,WebAttack,task0,n,175000.0
gnn_ewc,none,3,WebAttack,task0,n_benign,172109.0
gnn_ewc,none,3,WebAttack,task0,n_attack,2891.0
gnn_ewc,none,3,WebAttack,task0,accuracy,0.98348
gnn_ewc,none,3,WebAttack,task0,macro_f1,0.5
gnn_ewc,none,3,WebAttack,task0,fpr,0.0
gnn_ewc,none,3,WebAttack,task0,detection_rate,1.0
gnn_ewc,none,3,WebAttack,task0,binary_f1,1.0
gnn_ewc,none,3,WebAttack,task0,category_recall,0.0
gnn_ewc,none,3,WebAttack,task1,n,385000.0
gnn_ewc,none,3,WebAttack,task1,n_benign,331373.0
gnn_ewc,none,3,WebAttack,task1,n_attack,53627.0
gnn_ewc,none,3,WebAttack,task1,accuracy,0.860677922077922
gnn_ewc,none,3,WebAttack,task1,macro_f1,0.4994099516959179
gnn_ewc,none,3,WebAttack,task1,fpr,3.621296846755771e-05
gnn_ewc,none,3,WebAttack,task1,detection_rate,0.9856229138307196
gnn_ewc,none,3,WebAttack,task1,binary_f1,0.9926475421381286
gnn_ewc,none,3,WebAttack,task1,category_recall,0.0
gnn_ewc,none,3,WebAttack,task2,n,480000.0
gnn_ewc,none,3,WebAttack,task2,n_benign,439090.0
gnn_ewc,none,3,WebAttack,task2,n_attack,40910.0
gnn_ewc,none,3,WebAttack,task2,accuracy,0.9828791666666666
gnn_ewc,none,3,WebAttack,task2,macro_f1,0.7290136152032555
gnn_ewc,none,3,WebAttack,task2,fpr,5.2381060830353686e-05
gnn_ewc,none,3,WebAttack,task2,detection_rate,0.7996822292837937
gnn_ewc,none,3,WebAttack,task2,binary_f1,0.888415164023463
gnn_ewc,none,3,WebAttack,task2,category_recall,0.7996626411773334
gnn_ewc,none,3,WebAttack,task3,n,270000.0
gnn_ewc,none,3,WebAttack,task3,n_benign,269993.0
gnn_ewc,none,3,WebAttack,task3,n_attack,7.0
gnn_ewc,none,3,WebAttack,task3,accuracy,0.9999925925925924
gnn_ewc,none,3,WebAttack,task3,macro_f1,0.9666648147599436
gnn_ewc,none,3,WebAttack,task3,fpr,7.4075994562822e-06
gnn_ewc,none,3,WebAttack,task3,detection_rate,1.0
gnn_ewc,none,3,WebAttack,task3,binary_f1,0.875
gnn_ewc,none,3,WebAttack,task3,category_recall,1.0
gnn_ewc,none,3,WebAttack,task4,n,395000.0
gnn_ewc,none,3,WebAttack,task4,n_benign,393444.0
gnn_ewc,none,3,WebAttack,task4,n_attack,1556.0
gnn_ewc,none,3,WebAttack,task4,accuracy,0.9960430379746836
gnn_ewc,none,3,WebAttack,task4,macro_f1,0.4990087984201655
gnn_ewc,none,3,WebAttack,task4,fpr,1.779160439605128e-05
gnn_ewc,none,3,WebAttack,task4,detection_rate,0.0
gnn_ewc,none,3,WebAttack,task4,binary_f1,0.0
gnn_ewc,none,3,WebAttack,task4,category_recall,0.0
gnn_ewc,none,3,WebAttack,task5,n,190000.0
gnn_ewc,none,3,WebAttack,task5,n_benign,185763.0
gnn_ewc,none,3,WebAttack,task5,n_attack,4237.0
gnn_ewc,none,3,WebAttack,task5,accuracy,0.9776947368421052
gnn_ewc,none,3,WebAttack,task5,macro_f1,0.4943607922035756
gnn_ewc,none,3,WebAttack,task5,fpr,5.383203328972938e-06
gnn_ewc,none,3,WebAttack,task5,detection_rate,0.0
gnn_ewc,none,3,WebAttack,task5,binary_f1,0.0
gnn_ewc,none,3,WebAttack,task5,category_recall,0.0
gnn_ewc,none,3,WebAttack,seen,n,1310000.0
gnn_ewc,none,3,WebAttack,seen,n_benign,1212565.0
gnn_ewc,none,3,WebAttack,seen,n_attack,97435.0
gnn_ewc,none,3,WebAttack,seen,accuracy,0.9505725190839694
gnn_ewc,none,3,WebAttack,seen,macro_f1,0.4051529215819832
gnn_ewc,none,3,WebAttack,seen,fpr,3.051382812467785e-05
gnn_ewc,none,3,WebAttack,seen,detection_rate,0.9079796787601992
gnn_ewc,none,3,WebAttack,seen,binary_f1,0.951581415610328
gnn_ewc,none,3,WebAttack,all,n,1895000.0
gnn_ewc,none,3,WebAttack,all,n_benign,1791772.0
gnn_ewc,none,3,WebAttack,all,n_attack,103228.0
gnn_ewc,none,3,WebAttack,all,accuracy,0.9627699208443272
gnn_ewc,none,3,WebAttack,all,macro_f1,0.2773628044326758
gnn_ewc,none,3,WebAttack,all,fpr,2.51148025530034e-05
gnn_ewc,none,3,WebAttack,all,detection_rate,0.8570252257139536
gnn_ewc,none,3,WebAttack,all,binary_f1,0.922792085197818
gnn_ewc,none,4,Infiltration,task0,n,175000.0
gnn_ewc,none,4,Infiltration,task0,n_benign,172109.0
gnn_ewc,none,4,Infiltration,task0,n_attack,2891.0
gnn_ewc,none,4,Infiltration,task0,accuracy,0.9833714285714286
gnn_ewc,none,4,Infiltration,task0,macro_f1,0.4958080036878043
gnn_ewc,none,4,Infiltration,task0,fpr,0.0001103951565577
gnn_ewc,none,4,Infiltration,task0,detection_rate,0.0
gnn_ewc,none,4,Infiltration,task0,binary_f1,0.0
gnn_ewc,none,4,Infiltration,task0,category_recall,0.0
gnn_ewc,none,4,Infiltration,task1,n,385000.0
gnn_ewc,none,4,Infiltration,task1,n_benign,331373.0
gnn_ewc,none,4,Infiltration,task1,n_attack,53627.0
gnn_ewc,none,4,Infiltration,task1,accuracy,0.8606623376623377
gnn_ewc,none,4,Infiltration,task1,macro_f1,0.46255697245081
gnn_ewc,none,4,Infiltration,task1,fpr,5.431945270133656e-05
gnn_ewc,none,4,Infiltration,task1,detection_rate,0.0
gnn_ewc,none,4,Infiltration,task1,binary_f1,0.0
gnn_ewc,none,4,Infiltration,task1,category_recall,0.0
gnn_ewc,none,4,Infiltration,task2,n,480000.0
gnn_ewc,none,4,Infiltration,task2,n_benign,439090.0
gnn_ewc,none,4,Infiltration,task2,n_attack,40910.0
gnn_ewc,none,4,Infiltration,task2,accuracy,0.9147083333333332
gnn_ewc,none,4,Infiltration,task2,macro_f1,0.3184886406129234
gnn_ewc,none,4,Infiltration,task2,fpr,6.832312282220047e-05
gnn_ewc,none,4,Infiltration,task2,detection_rate,0.000268882913713
gnn_ewc,none,4,Infiltration,task2,binary_f1,0.0005372274181338
gnn_ewc,none,4,Infiltration,task2,category_recall,0.0
gnn_ewc,none,4,Infiltration,task3,n,270000.0
gnn_ewc,none,4,Infiltration,task3,n_benign,269993.0
gnn_ewc,none,4,Infiltration,task3,n_attack,7.0
gnn_ewc,none,4,Infiltration,task3,accuracy,0.9999037037037036
gnn_ewc,none,4,Infiltration,task3,macro_f1,0.499975924766748
gnn_ewc,none,4,Infiltration,task3,fpr,7.03721948346809e-05
gnn_ewc,none,4,Infiltration,task3,detection_rate,0.0
gnn_ewc,none,4,Infiltration,task3,binary_f1,0.0
gnn_ewc,none,4,Infiltration,task3,category_recall,0.0
gnn_ewc,none,4,Infiltration,task4,n,395000.0
gnn_ewc,none,4,Infiltration,task4,n_benign,393444.0
gnn_ewc,none,4,Infiltration,task4,n_attack,1556.0
gnn_ewc,none,4,Infiltration,task4,accuracy,0.999906329113924
gnn_ewc,none,4,Infiltration,task4,macro_f1,0.994056489277204
gnn_ewc,none,4,Infiltration,task4,fpr,6.354144427161172e-05
gnn_ewc,none,4,Infiltration,task4,detection_rate,0.9922879177377892
gnn_ewc,none,4,Infiltration,task4,binary_f1,0.98816
gnn_ewc,none,4,Infiltration,task4,category_recall,0.9922879177377892
gnn_ewc,none,4,Infiltration,task5,n,190000.0
gnn_ewc,none,4,Infiltration,task5,n_benign,185763.0
gnn_ewc,none,4,Infiltration,task5,n_attack,4237.0
gnn_ewc,none,4,Infiltration,task5,accuracy,0.9776105263157896
gnn_ewc,none,4,Infiltration,task5,macro_f1,0.4946012083707232
gnn_ewc,none,4,Infiltration,task5,fpr,9.151445659253996e-05
gnn_ewc,none,4,Infiltration,task5,detection_rate,0.0469671937691763
gnn_ewc,none,4,Infiltration,task5,binary_f1,0.0893779474511565
gnn_ewc,none,4,Infiltration,task5,category_recall,0.0
gnn_ewc,none,4,Infiltration,seen,n,1705000.0
gnn_ewc,none,4,Infiltration,seen,n_benign,1606009.0
gnn_ewc,none,4,Infiltration,seen,n_attack,98991.0
gnn_ewc,none,4,Infiltration,seen,accuracy,0.9427812316715544
gnn_ewc,none,4,Infiltration,seen,macro_f1,0.3214891135699134
gnn_ewc,none,4,Infiltration,seen,fpr,6.911542836933044e-05
gnn_ewc,none,4,Infiltration,seen,detection_rate,0.0157084987524118
gnn_ewc,none,4,Infiltration,seen,binary_f1,0.030897006666203
gnn_ewc,none,4,Infiltration,all,n,1895000.0
gnn_ewc,none,4,Infiltration,all,n_benign,1791772.0
gnn_ewc,none,4,Infiltration,all,n_attack,103228.0
gnn_ewc,none,4,Infiltration,all,accuracy,0.9462733509234827
gnn_ewc,none,4,Infiltration,all,macro_f1,0.2672320036294799
gnn_ewc,none,4,Infiltration,all,fpr,7.143766059520967e-05
gnn_ewc,none,4,Infiltration,all,detection_rate,0.0169915139303289
gnn_ewc,none,4,Infiltration,all,binary_f1,0.0333745599847778
gnn_ewc,none,5,Botnet,task0,n,175000.0
gnn_ewc,none,5,Botnet,task0,n_benign,172109.0
gnn_ewc,none,5,Botnet,task0,n_attack,2891.0
gnn_ewc,none,5,Botnet,task0,accuracy,0.98348
gnn_ewc,none,5,Botnet,task0,macro_f1,0.495835602073124
gnn_ewc,none,5,Botnet,task0,fpr,0.0
gnn_ewc,none,5,Botnet,task0,detection_rate,0.0
gnn_ewc,none,5,Botnet,task0,binary_f1,0.0
gnn_ewc,none,5,Botnet,task0,category_recall,0.0
gnn_ewc,none,5,Botnet,task1,n,385000.0
gnn_ewc,none,5,Botnet,task1,n_benign,331373.0
gnn_ewc,none,5,Botnet,task1,n_attack,53627.0
gnn_ewc,none,5,Botnet,task1,accuracy,0.8607090909090909
gnn_ewc,none,5,Botnet,task1,macro_f1,0.4987102308641604
gnn_ewc,none,5,Botnet,task1,fpr,0.0
gnn_ewc,none,5,Botnet,task1,detection_rate,0.9680384880750368
gnn_ewc,none,5,Botnet,task1,binary_f1,0.9837597119575516
gnn_ewc,none,5,Botnet,task1,category_recall,0.0
gnn_ewc,none,5,Botnet,task2,n,480000.0
gnn_ewc,none,5,Botnet,task2,n_benign,439090.0
gnn_ewc,none,5,Botnet,task2,n_attack,40910.0
gnn_ewc,none,5,Botnet,task2,accuracy,0.91476875
gnn_ewc,none,5,Botnet,task2,macro_f1,0.3264371661481159
gnn_ewc,none,5,Botnet,task2,fpr,2.277437427406682e-06
gnn_ewc,none,5,Botnet,task2,detection_rate,0.5465411879736006
gnn_ewc,none,5,Botnet,task2,binary_f1,0.7067804646752015
gnn_ewc,none,5,Botnet,task2,category_recall,0.0
gnn_ewc,none,5,Botnet,task3,n,270000.0
gnn_ewc,none,5,Botnet,task3,n_benign,269993.0
gnn_ewc,none,5,Botnet,task3,n_attack,7.0
gnn_ewc,none,5,Botnet,task3,accuracy,0.999974074074074
gnn_ewc,none,5,Botnet,task3,macro_f1,0.4999935184344982
gnn_ewc,none,5,Botnet,task3,fpr,0.0
gnn_ewc,none,5,Botnet,task3,detection_rate,0.0
gnn_ewc,none,5,Botnet,task3,binary_f1,0.0
gnn_ewc,none,5,Botnet,task3,category_recall,0.0
gnn_ewc,none,5,Botnet,task4,n,395000.0
gnn_ewc,none,5,Botnet,task4,n_benign,393444.0
gnn_ewc,none,5,Botnet,task4,n_attack,1556.0
gnn_ewc,none,5,Botnet,task4,accuracy,0.9993443037974684
gnn_ewc,none,5,Botnet,task4,macro_f1,0.9546478269527138
gnn_ewc,none,5,Botnet,task4,fpr,2.5416577708644688e-06
gnn_ewc,none,5,Botnet,task4,detection_rate,0.846401028277635
gnn_ewc,none,5,Botnet,task4,binary_f1,0.9164926931106472
gnn_ewc,none,5,Botnet,task4,category_recall,0.8341902313624678
gnn_ewc,none,5,Botnet,task5,n,190000.0
gnn_ewc,none,5,Botnet,task5,n_benign,185763.0
gnn_ewc,none,5,Botnet,task5,n_attack,4237.0
gnn_ewc,none,5,Botnet,task5,accuracy,0.9999789473684212
gnn_ewc,none,5,Botnet,task5,macro_f1,0.9997586007475796
gnn_ewc,none,5,Botnet,task5,fpr,1.0766406657945876e-05
gnn_ewc,none,5,Botnet,task5,detection_rate,0.9995279679018172
gnn_ewc,none,5,Botnet,task5,binary_f1,0.9995279679018172
gnn_ewc,none,5,Botnet,task5,category_recall,0.9995279679018172
gnn_ewc,none,5,Botnet,seen,n,1895000.0
gnn_ewc,none,5,Botnet,seen,n_benign,1791772.0
gnn_ewc,none,5,Botnet,seen,n_attack,103228.0
gnn_ewc,none,5,Botnet,seen,accuracy,0.9484437994722956
gnn_ewc,none,5,Botnet,seen,macro_f1,0.2864923325971124
gnn_ewc,none,5,Botnet,seen,fpr,2.232426893600302e-06
gnn_ewc,none,5,Botnet,seen,detection_rate,0.7732785678304336
gnn_ewc,none,5,Botnet,seen,binary_f1,0.8721265623634298
gnn_ewc,none,5,Botnet,all,n,1895000.0
gnn_ewc,none,5,Botnet,all,n_benign,1791772.0
gnn_ewc,none,5,Botnet,all,n_attack,103228.0
gnn_ewc,none,5,Botnet,all,accuracy,0.9484437994722956
gnn_ewc,none,5,Botnet,all,macro_f1,0.2864923325971124
gnn_ewc,none,5,Botnet,all,fpr,2.232426893600302e-06
gnn_ewc,none,5,Botnet,all,detection_rate,0.7732785678304336
gnn_ewc,none,5,Botnet,all,binary_f1,0.8721265623634298
gnn_replay,none,0,BruteForce,task0,n,175000.0
gnn_replay,none,0,BruteForce,task0,n_benign,172109.0
gnn_replay,none,0,BruteForce,task0,n_attack,2891.0
gnn_replay,none,0,BruteForce,task0,accuracy,1.0
gnn_replay,none,0,BruteForce,task0,macro_f1,1.0
gnn_replay,none,0,BruteForce,task0,fpr,0.0
gnn_replay,none,0,BruteForce,task0,detection_rate,1.0
gnn_replay,none,0,BruteForce,task0,binary_f1,1.0
gnn_replay,none,0,BruteForce,task0,category_recall,1.0
gnn_replay,none,0,BruteForce,task1,n,385000.0
gnn_replay,none,0,BruteForce,task1,n_benign,331373.0
gnn_replay,none,0,BruteForce,task1,n_attack,53627.0
gnn_replay,none,0,BruteForce,task1,accuracy,0.8607090909090909
gnn_replay,none,0,BruteForce,task1,macro_f1,0.4994114783573238
gnn_replay,none,0,BruteForce,task1,fpr,0.0
gnn_replay,none,0,BruteForce,task1,detection_rate,0.985436440598952
gnn_replay,none,0,BruteForce,task1,binary_f1,0.9926648070402824
gnn_replay,none,0,BruteForce,task1,category_recall,0.0
gnn_replay,none,0,BruteForce,task2,n,480000.0
gnn_replay,none,0,BruteForce,task2,n_benign,439090.0
gnn_replay,none,0,BruteForce,task2,n_attack,40910.0
gnn_replay,none,0,BruteForce,task2,accuracy,0.91476875
gnn_replay,none,0,BruteForce,task2,macro_f1,0.3187732837919217
gnn_replay,none,0,BruteForce,task2,fpr,2.277437427406682e-06
gnn_replay,none,0,BruteForce,task2,detection_rate,0.0195551209973111
gnn_replay,none,0,BruteForce,task2,binary_f1,0.0383591858262808
gnn_replay,none,0,BruteForce,task2,category_recall,0.0
gnn_replay,none,0,BruteForce,task3,n,270000.0
gnn_replay,none,0,BruteForce,task3,n_benign,269993.0
gnn_replay,none,0,BruteForce,task3,n_attack,7.0
gnn_replay,none,0,BruteForce,task3,accuracy,0.9999703703703704
gnn_replay,none,0,BruteForce,task3,macro_f1,0.4999925924828516
gnn_replay,none,0,BruteForce,task3,fpr,3.7037997281411e-06
gnn_replay,none,0,BruteForce,task3,detection_rate,0.0
gnn_replay,none,0,BruteForce,task3,binary_f1,0.0
gnn_replay,none,0,BruteForce,task3,category_recall,0.0
gnn_replay,none,0,BruteForce,task4,n,395000.0
gnn_replay,none,0,BruteForce,task4,n_benign,393444.0
gnn_replay,none,0,BruteForce,task4,n_attack,1556.0
gnn_replay,none,0,BruteForce,task4,accuracy,0.9960582278481012
gnn_replay,none,0,BruteForce,task4,macro_f1,0.499012610930657
gnn_replay,none,0,BruteForce,task4,fpr,2.5416577708644688e-06
gnn_replay,none,0,BruteForce,task4,detection_rate,0.0
gnn_replay,none,0,BruteForce,task4,binary_f1,0.0
gnn_replay,none,0,BruteForce,task4,category_recall,0.0
gnn_replay,none,0,BruteForce,task5,n,190000.0
gnn_replay,none,0,BruteForce,task5,n_benign,185763.0
gnn_replay,none,0,BruteForce,task5,n_attack,4237.0
gnn_replay,none,0,BruteForce,task5,accuracy,0.9777
gnn_replay,none,0,BruteForce,task5,macro_f1,0.4943621378368812
gnn_replay,none,0,BruteForce,task5,fpr,0.0
gnn_replay,none,0,BruteForce,task5,detection_rate,0.0
gnn_replay,none,0,BruteForce,task5,binary_f1,0.0
gnn_replay,none,0,BruteForce,task5,category_recall,0.0
gnn_replay,none,0,BruteForce,seen,n,175000.0
gnn_replay,none,0,BruteForce,seen,n_benign,172109.0
gnn_replay,none,0,BruteForce,seen,n_attack,2891.0
gnn_replay,none,0,BruteForce,seen,accuracy,1.0
gnn_replay,none,0,BruteForce,seen,macro_f1,1.0
gnn_replay,none,0,BruteForce,seen,fpr,0.0
gnn_replay,none,0,BruteForce,seen,detection_rate,1.0
gnn_replay,none,0,BruteForce,seen,binary_f1,1.0
gnn_replay,none,0,BruteForce,all,n,1895000.0
gnn_replay,none,0,BruteForce,all,n_benign,1791772.0
gnn_replay,none,0,BruteForce,all,n_attack,103228.0
gnn_replay,none,0,BruteForce,all,accuracy,0.9470501319261214
gnn_replay,none,0,BruteForce,all,macro_f1,0.1549181078076323
gnn_replay,none,0,BruteForce,all,fpr,1.6743201702002264e-06
gnn_replay,none,0,BruteForce,all,detection_rate,0.5476905490758321
gnn_replay,none,0,BruteForce,all,binary_f1,0.7077387211456612
gnn_replay,none,1,DoS,task0,n,175000.0
gnn_replay,none,1,DoS,task0,n_benign,172109.0
gnn_replay,none,1,DoS,task0,n_attack,2891.0
gnn_replay,none,1,DoS,task0,accuracy,1.0
gnn_replay,none,1,DoS,task0,macro_f1,1.0
gnn_replay,none,1,DoS,task0,fpr,0.0
gnn_replay,none,1,DoS,task0,detection_rate,1.0
gnn_replay,none,1,DoS,task0,binary_f1,1.0
gnn_replay,none,1,DoS,task0,category_recall,1.0
gnn_replay,none,1,DoS,task1,n,385000.0
gnn_replay,none,1,DoS,task1,n_benign,331373.0
gnn_replay,none,1,DoS,task1,n_attack,53627.0
gnn_replay,none,1,DoS,task1,accuracy,0.9997376623376624
gnn_replay,none,1,DoS,task1,macro_f1,0.9994525847300684
gnn_replay,none,1,DoS,task1,fpr,2.1124231606075328e-05
gnn_replay,none,1,DoS,task1,detection_rate,0.9982471516213848
gnn_replay,none,1,DoS,task1,binary_f1,0.9990575456997024
gnn_replay,none,1,DoS,task1,category_recall,0.9982471516213848
gnn_replay,none,1,DoS,task2,n,480000.0
gnn_replay,none,1,DoS,task2,n_benign,439090.0
gnn_replay,none,1,DoS,task2,n_attack,40910.0
gnn_replay,none,1,DoS,task2,accuracy,0.91476875
gnn_replay,none,1,DoS,task2,macro_f1,0.3234184068058778
gnn_replay,none,1,DoS,task2,fpr,2.277437427406682e-06
gnn_replay,none,1,DoS,task2,detection_rate,0.3419457345392324
gnn_replay,none,1,DoS,task2,binary_f1,0.5096174863387978
gnn_replay,none,1,DoS,task2,category_recall,0.0
gnn_replay,none,1,DoS,task3,n,270000.0
gnn_replay,none,1,DoS,task3,n_benign,269993.0
gnn_replay,none,1,DoS,task3,n_attack,7.0
gnn_replay,none,1,DoS,task3,accuracy,0.9999703703703704
gnn_replay,none,1,DoS,task3,macro_f1,0.4999925924828516
gnn_replay,none,1,DoS,task3,fpr,3.7037997281411e-06
gnn_replay,none,1,DoS,task3,detection_rate,0.0
gnn_replay,none,1,DoS,task3,binary_f1,0.0
gnn_replay,none,1,DoS,task3,category_recall,0.0
gnn_replay,none,1,DoS,task4,n,395000.0
gnn_replay,none,1,DoS,task4,n_benign,393444.0
gnn_replay,none,1,DoS,task4,n_attack,1556.0
gnn_replay,none,1,DoS,task4,accuracy,0.996012658227848
gnn_replay,none,1,DoS,task4,macro_f1,0.4990011732251007
gnn_replay,none,1,DoS,task4,fpr,4.8291497646424905e-05
gnn_replay,none,1,DoS,task4,detection_rate,0.0
gnn_replay,none,1,DoS,task4,binary_f1,0.0
gnn_replay,none,1,DoS,task4,category_recall,0.0
gnn_replay,none,1,DoS,task5,n,190000.0
gnn_replay,none,1,DoS,task5,n_benign,185763.0
gnn_replay,none,1,DoS,task5,n_attack,4237.0
gnn_replay,none,1,DoS,task5,accuracy,0.9777
gnn_replay,none,1,DoS,task5,macro_f1,0.4943621378368812
gnn_replay,none,1,DoS,task5,fpr,0.0
gnn_replay,none,1,DoS,task5,detection_rate,0.0
gnn_replay,none,1,DoS,task5,binary_f1,0.0
gnn_replay,none,1,DoS,task5,category_recall,0.0
gnn_replay,none,1,DoS,seen,n,560000.0
gnn_replay,none,1,DoS,seen,n_benign,503482.0
gnn_replay,none,1,DoS,seen,n_attack,56518.0
gnn_replay,none,1,DoS,seen,accuracy,0.9998196428571428
gnn_replay,none,1,DoS,seen,macro_f1,0.9996524176214944
gnn_replay,none,1,DoS,seen,fpr,1.3903178266551732e-05
gnn_replay,none,1,DoS,seen,detection_rate,0.9983368130507096
gnn_replay,none,1,DoS,seen,binary_f1,0.9991057911092616
gnn_replay,none,1,DoS,all,n,1895000.0
gnn_replay,none,1,DoS,all,n_benign,1791772.0
gnn_replay,none,1,DoS,all,n_attack,103228.0
gnn_replay,none,1,DoS,all,accuracy,0.97528654353562
gnn_replay,none,1,DoS,all,macro_f1,0.4106147175533432
gnn_replay,none,1,DoS,all,fpr,1.562698825520211e-05
gnn_replay,none,1,DoS,all,detection_rate,0.6821114426318441
gnn_replay,none,1,DoS,all,binary_f1,0.8108873777127754
gnn_replay,none,2,DDoS,task0,n,175000.0
gnn_replay,none,2,DDoS,task0,n_benign,172109.0
gnn_replay,none,2,DDoS,task0,n_attack,2891.0
gnn_replay,none,2,DDoS,task0,accuracy,1.0
gnn_replay,none,2,DDoS,task0,macro_f1,1.0
gnn_replay,none,2,DDoS,task0,fpr,0.0
gnn_replay,none,2,DDoS,task0,detection_rate,1.0
gnn_replay,none,2,DDoS,task0,binary_f1,1.0
gnn_replay,none,2,DDoS,task0,category_recall,1.0
gnn_replay,none,2,DDoS,task1,n,385000.0
gnn_replay,none,2,DDoS,task1,n_benign,331373.0
gnn_replay,none,2,DDoS,task1,n_attack,53627.0
gnn_replay,none,2,DDoS,task1,accuracy,0.999948051948052
gnn_replay,none,2,DDoS,task1,macro_f1,0.999891671260966
gnn_replay,none,2,DDoS,task1,fpr,2.414197897837181e-05
gnn_replay,none,2,DDoS,task1,detection_rate,0.9997762321218788
gnn_replay,none,2,DDoS,task1,binary_f1,0.9998135198135198
gnn_replay,none,2,DDoS,task1,category_recall,0.9997762321218788
gnn_replay,none,2,DDoS,task2,n,480000.0
gnn_replay,none,2,DDoS,task2,n_benign,439090.0
gnn_replay,none,2,DDoS,task2,n_attack,40910.0
gnn_replay,none,2,DDoS,task2,accuracy,0.9999979166666668
gnn_replay,none,2,DDoS,task2,macro_f1,0.9999996204266632
gnn_replay,none,2,DDoS,task2,fpr,2.277437427406682e-06
gnn_replay,none,2,DDoS,task2,detection_rate,1.0
gnn_replay,none,2,DDoS,task2,binary_f1,0.999987778198751
gnn_replay,none,2,DDoS,task2,category_recall,1.0
gnn_replay,none,2,DDoS,task3,n,270000.0
gnn_replay,none,2,DDoS,task3,n_benign,269993.0
gnn_replay,none,2,DDoS,task3,n_attack,7.0
gnn_replay,none,2,DDoS,task3,accuracy,0.9999925925925924
gnn_replay,none,2,DDoS,task3,macro_f1,0.9285695766715644
gnn_replay,none,2,DDoS,task3,fpr,3.7037997281411e-06
gnn_replay,none,2,DDoS,task3,detection_rate,0.8571428571428571
gnn_replay,none,2,DDoS,task3,binary_f1,0.8571428571428571
gnn_replay,none,2,DDoS,task3,category_recall,0.8571428571428571
gnn_replay,none,2,DDoS,task4,n,395000.0
gnn_replay,none,2,DDoS,task4,n_benign,393444.0
gnn_replay,none,2,DDoS,task4,n_attack,1556.0
gnn_replay,none,2,DDoS,task4,accuracy,0.995587341772152
gnn_replay,none,2,DDoS,task4,macro_f1,0.4988943961170024
gnn_replay,none,2,DDoS,task4,fpr,0.0004752900031516
gnn_replay,none,2,DDoS,task4,detection_rate,0.0
gnn_replay,none,2,DDoS,task4,binary_f1,0.0
gnn_replay,none,2,DDoS,task4,category_recall,0.0
gnn_replay,none,2,DDoS,task5,n,190000.0
gnn_replay,none,2,DDoS,task5,n_benign,185763.0
gnn_replay,none,2,DDoS,task5,n_attack,4237.0
gnn_replay,none,2,DDoS,task5,accuracy,0.9777
gnn_replay,none,2,DDoS,task5,macro_f1,0.4943621378368812
gnn_replay,none,2,DDoS,task5,fpr,0.0
gnn_replay,none,2,DDoS,task5,detection_rate,0.0
gnn_replay,none,2,DDoS,task5,binary_f1,0.0
gnn_replay,none,2,DDoS,task5,category_recall,0.0
gnn_replay,none,2,DDoS,seen,n,1040000.0
gnn_replay,none,2,DDoS,seen,n_benign,942572.0
gnn_replay,none,2,DDoS,seen,n_attack,97428.0
gnn_replay,none,2,DDoS,seen,accuracy,0.9999798076923077
gnn_replay,none,2,DDoS,seen,macro_f1,0.9999258918938508
gnn_replay,none,2,DDoS,seen,fpr,9.54834219560946e-06
gnn_replay,none,2,DDoS,seen,detection_rate,0.9998768321221824
gnn_replay,none,2,DDoS,seen,binary_f1,0.9998922264476298
gnn_replay,none,2,DDoS,all,n,1895000.0
gnn_replay,none,2,DDoS,all,n_benign,1791772.0
gnn_replay,none,2,DDoS,all,n_attack,103228.0
gnn_replay,none,2,DDoS,all,accuracy,0.9968321899736148
gnn_replay,none,2,DDoS,all,macro_f1,0.7007598197814066
gnn_replay,none,2,DDoS,all,fpr,0.0001099470245098
gnn_replay,none,2,DDoS,all,detection_rate,0.9437555701941334
gnn_replay,none,2,DDoS,all,binary_f1,0.970111577469417
gnn_replay,none,3,WebAttack,task0,n,175000.0
gnn_replay,none,3,WebAttack,task0,n_benign,172109.0
gnn_replay,none,3,WebAttack,task0,n_attack,2891.0
gnn_replay,none,3,WebAttack,task0,accuracy,1.0
gnn_replay,none,3,WebAttack,task0,macro_f1,1.0
gnn_replay,none,3,WebAttack,task0,fpr,0.0
gnn_replay,none,3,WebAttack,task0,detection_rate,1.0
gnn_replay,none,3,WebAttack,task0,binary_f1,1.0
gnn_replay,none,3,WebAttack,task0,category_recall,1.0
gnn_replay,none,3,WebAttack,task1,n,385000.0
gnn_replay,none,3,WebAttack,task1,n_benign,331373.0
gnn_replay,none,3,WebAttack,task1,n_attack,53627.0
gnn_replay,none,3,WebAttack,task1,accuracy,0.9997376623376624
gnn_replay,none,3,WebAttack,task1,macro_f1,0.9994526018581537
gnn_replay,none,3,WebAttack,task1,fpr,2.715972635066828e-05
gnn_replay,none,3,WebAttack,task1,detection_rate,0.9982844462677384
gnn_replay,none,3,WebAttack,task1,binary_f1,0.9990575808754234
gnn_replay,none,3,WebAttack,task1,category_recall,0.9982844462677384
gnn_replay,none,3,WebAttack,task2,n,480000.0
gnn_replay,none,3,WebAttack,task2,n_benign,439090.0
gnn_replay,none,3,WebAttack,task2,n_attack,40910.0
gnn_replay,none,3,WebAttack,task2,accuracy,0.9999541666666668
gnn_replay,none,3,WebAttack,task2,macro_f1,0.7618964110916583
gnn_replay,none,3,WebAttack,task2,fpr,5.0103623402947006e-05
gnn_replay,none,3,WebAttack,task2,detection_rate,1.0
gnn_replay,none,3,WebAttack,task2,binary_f1,0.9997311893648738
gnn_replay,none,3,WebAttack,task2,category_recall,1.0
gnn_replay,none,3,WebAttack,task3,n,270000.0
gnn_replay,none,3,WebAttack,task3,n_benign,269993.0
gnn_replay,none,3,WebAttack,task3,n_attack,7.0
gnn_replay,none,3,WebAttack,task3,accuracy,0.9999888888888888
gnn_replay,none,3,WebAttack,task3,macro_f1,0.911761928017124
gnn_replay,none,3,WebAttack,task3,fpr,1.11113991844233e-05
gnn_replay,none,3,WebAttack,task3,detection_rate,1.0
gnn_replay,none,3,WebAttack,task3,binary_f1,0.8235294117647058
gnn_replay,none,3,WebAttack,task3,category_recall,1.0
gnn_replay,none,3,WebAttack,task4,n,395000.0
gnn_replay,none,3,WebAttack,task4,n_benign,393444.0
gnn_replay,none,3,WebAttack,task4,n_attack,1556.0
gnn_replay,none,3,WebAttack,task4,accuracy,0.9959974683544304
gnn_replay,none,3,WebAttack,task4,macro_f1,0.4989973605405248
gnn_replay,none,3,WebAttack,task4,fpr,6.354144427161172e-05
gnn_replay,none,3,WebAttack,task4,detection_rate,0.0
gnn_replay,none,3,WebAttack,task4,binary_f1,0.0
gnn_replay,none,3,WebAttack,task4,category_recall,0.0
gnn_replay,none,3,WebAttack,task5,n,190000.0
gnn_replay,none,3,WebAttack,task5,n_benign,185763.0
gnn_replay,none,3,WebAttack,task5,n_attack,4237.0
gnn_replay,none,3,WebAttack,task5,accuracy,0.9776947368421052
gnn_replay,none,3,WebAttack,task5,macro_f1,0.4943607922035756
gnn_replay,none,3,WebAttack,task5,fpr,5.383203328972938e-06
gnn_replay,none,3,WebAttack,task5,detection_rate,0.0
gnn_replay,none,3,WebAttack,task5,binary_f1,0.0
gnn_replay,none,3,WebAttack,task5,category_recall,0.0
gnn_replay,none,3,WebAttack,seen,n,1310000.0
gnn_replay,none,3,WebAttack,seen,n_benign,1212565.0
gnn_replay,none,3,WebAttack,seen,n_attack,97435.0
gnn_replay,none,3,WebAttack,seen,accuracy,0.9999038167938932
gnn_replay,none,3,WebAttack,seen,macro_f1,0.8975097467126286
gnn_replay,none,3,WebAttack,seen,fpr,2.803973395240668e-05
gnn_replay,none,3,WebAttack,seen,detection_rate,0.9990557807769282
gnn_replay,none,3,WebAttack,seen,binary_f1,0.9993532225940908
gnn_replay,none,3,WebAttack,all,n,1895000.0
gnn_replay,none,3,WebAttack,all,n_benign,1791772.0
gnn_replay,none,3,WebAttack,all,n_attack,103228.0
gnn_replay,none,3,WebAttack,all,accuracy,0.9968627968337732
gnn_replay,none,3,WebAttack,all,macro_f1,0.6326059516376699
gnn_replay,none,3,WebAttack,all,fpr,3.348640340400453e-05
gnn_replay,none,3,WebAttack,all,detection_rate,0.9429902739566784
gnn_replay,none,3,WebAttack,all,binary_f1,0.9703684874221832
gnn_replay,none,4,Infiltration,task0,n,175000.0
gnn_replay,none,4,Infiltration,task0,n_benign,172109.0
gnn_replay,none,4,Infiltration,task0,n_attack,2891.0
gnn_replay,none,4,Infiltration,task0,accuracy,0.9643142857142856
gnn_replay,none,4,Infiltration,task0,macro_f1,0.990761096300592
gnn_replay,none,4,Infiltration,task0,fpr,0.0362851448791173
gnn_replay,none,4,Infiltration,task0,detection_rate,1.0
gnn_replay,none,4,Infiltration,task0,binary_f1,0.4807516421385217
gnn_replay,none,4,Infiltration,task0,category_recall,1.0
gnn_replay,none,4,Infiltration,task1,n,385000.0
gnn_replay,none,4,Infiltration,task1,n_benign,331373.0
gnn_replay,none,4,Infiltration,task1,n_attack,53627.0
gnn_replay,none,4,Infiltration,task1,accuracy,0.9920493506493506
gnn_replay,none,4,Infiltration,task1,macro_f1,0.9971208499460272
gnn_replay,none,4,Infiltration,task1,fpr,0.0089627096957205
gnn_replay,none,4,Infiltration,task1,detection_rate,0.9983030935909152
gnn_replay,none,4,Infiltration,task1,binary_f1,0.9722063323436207
gnn_replay,none,4,Infiltration,task1,category_recall,0.9983030935909152
gnn_replay,none,4,Infiltration,task2,n,480000.0
gnn_replay,none,4,Infiltration,task2,n_benign,439090.0
gnn_replay,none,4,Infiltration,task2,n_attack,40910.0
gnn_replay,none,4,Infiltration,task2,accuracy,0.9999979166666668
gnn_replay,none,4,Infiltration,task2,macro_f1,0.9999996204266632
gnn_replay,none,4,Infiltration,task2,fpr,2.277437427406682e-06
gnn_replay,none,4,Infiltration,task2,detection_rate,1.0
gnn_replay,none,4,Infiltration,task2,binary_f1,0.999987778198751
gnn_replay,none,4,Infiltration,task2,category_recall,1.0
gnn_replay,none,4,Infiltration,task3,n,270000.0
gnn_replay,none,4,Infiltration,task3,n_benign,269993.0
gnn_replay,none,4,Infiltration,task3,n_attack,7.0
gnn_replay,none,4,Infiltration,task3,accuracy,0.9999925925925924
gnn_replay,none,4,Infiltration,task3,macro_f1,0.9615366096385976
gnn_replay,none,4,Infiltration,task3,fpr,3.7037997281411e-06
gnn_replay,none,4,Infiltration,task3,detection_rate,0.8571428571428571
gnn_replay,none,4,Infiltration,task3,binary_f1,0.8571428571428571
gnn_replay,none,4,Infiltration,task3,category_recall,0.8571428571428571
gnn_replay,none,4,Infiltration,task4,n,395000.0
gnn_replay,none,4,Infiltration,task4,n_benign,393444.0
gnn_replay,none,4,Infiltration,task4,n_attack,1556.0
gnn_replay,none,4,Infiltration,task4,accuracy,0.9999493670886076
gnn_replay,none,4,Infiltration,task4,macro_f1,0.9967801075218776
gnn_replay,none,4,Infiltration,task4,fpr,3.3041551021238096e-05
gnn_replay,none,4,Infiltration,task4,detection_rate,0.9955012853470436
gnn_replay,none,4,Infiltration,task4,binary_f1,0.9935856318152662
gnn_replay,none,4,Infiltration,task4,category_recall,0.9955012853470436
gnn_replay,none,4,Infiltration,task5,n,190000.0
gnn_replay,none,4,Infiltration,task5,n_benign,185763.0
gnn_replay,none,4,Infiltration,task5,n_attack,4237.0
gnn_replay,none,4,Infiltration,task5,accuracy,0.9776947368421052
gnn_replay,none,4,Infiltration,task5,macro_f1,0.4948098268344072
gnn_replay,none,4,Infiltration,task5,fpr,5.383203328972938e-06
gnn_replay,none,4,Infiltration,task5,detection_rate,0.0804814727401463
gnn_replay,none,4,Infiltration,task5,binary_f1,0.148940816772221
gnn_replay,none,4,Infiltration,task5,category_recall,0.0
gnn_replay,none,4,Infiltration,seen,n,1705000.0
gnn_replay,none,4,Infiltration,seen,n_benign,1606009.0
gnn_replay,none,4,Infiltration,seen,n_attack,98991.0
gnn_replay,none,4,Infiltration,seen,accuracy,0.9945284457478006
gnn_replay,none,4,Infiltration,seen,macro_f1,0.8666826493946983
gnn_replay,none,4,Infiltration,seen,fpr,0.0057471658004407
gnn_replay,none,4,Infiltration,seen,detection_rate,0.998999909082644
gnn_replay,none,4,Infiltration,seen,binary_f1,0.9549569558646728
gnn_replay,none,4,Infiltration,all,n,1895000.0
gnn_replay,none,4,Infiltration,all,n_benign,1791772.0
gnn_replay,none,4,Infiltration,all,n_attack,103228.0
gnn_replay,none,4,Infiltration,all,accuracy,0.9928406332453826
gnn_replay,none,4,Infiltration,all,macro_f1,0.7417864595703413
gnn_replay,none,4,Infiltration,all,fpr,0.005151883163706
gnn_replay,none,4,Infiltration,all,detection_rate,0.9612992598907272
gnn_replay,none,4,Infiltration,all,binary_f1,0.937522438259358
gnn_replay,none,5,Botnet,task0,n,175000.0
gnn_replay,none,5,Botnet,task0,n_benign,172109.0
gnn_replay,none,5,Botnet,task0,n_attack,2891.0
gnn_replay,none,5,Botnet,task0,accuracy,0.9643142857142856
gnn_replay,none,5,Botnet,task0,macro_f1,0.990761096300592
gnn_replay,none,5,Botnet,task0,fpr,0.0362851448791173
gnn_replay,none,5,Botnet,task0,detection_rate,1.0
gnn_replay,none,5,Botnet,task0,binary_f1,0.4807516421385217
gnn_replay,none,5,Botnet,task0,category_recall,1.0
gnn_replay,none,5,Botnet,task1,n,385000.0
gnn_replay,none,5,Botnet,task1,n_benign,331373.0
gnn_replay,none,5,Botnet,task1,n_attack,53627.0
gnn_replay,none,5,Botnet,task1,accuracy,0.992096103896104
gnn_replay,none,5,Botnet,task1,macro_f1,0.997213760828236
gnn_replay,none,5,Botnet,task1,fpr,0.0088902837587854
gnn_replay,none,5,Botnet,task1,detection_rate,0.9981912096518544
gnn_replay,none,5,Botnet,task1,binary_f1,0.972362242627358
gnn_replay,none,5,Botnet,task1,category_recall,0.9981912096518544
gnn_replay,none,5,Botnet,task2,n,480000.0
gnn_replay,none,5,Botnet,task2,n_benign,439090.0
gnn_replay,none,5,Botnet,task2,n_attack,40910.0
gnn_replay,none,5,Botnet,task2,accuracy,0.9999916666666666
gnn_replay,none,5,Botnet,task2,macro_f1,0.9333277407026844
gnn_replay,none,5,Botnet,task2,fpr,9.109749709626728e-06
gnn_replay,none,5,Botnet,task2,detection_rate,1.0
gnn_replay,none,5,Botnet,task2,binary_f1,0.9999511145874072
gnn_replay,none,5,Botnet,task2,category_recall,1.0
gnn_replay,none,5,Botnet,task3,n,270000.0
gnn_replay,none,5,Botnet,task3,n_benign,269993.0
gnn_replay,none,5,Botnet,task3,n_attack,7.0
gnn_replay,none,5,Botnet,task3,accuracy,0.9999962962962964
gnn_replay,none,5,Botnet,task3,macro_f1,0.9615375355902442
gnn_replay,none,5,Botnet,task3,fpr,0.0
gnn_replay,none,5,Botnet,task3,detection_rate,0.8571428571428571
gnn_replay,none,5,Botnet,task3,binary_f1,0.9230769230769232
gnn_replay,none,5,Botnet,task3,category_recall,0.8571428571428571
gnn_replay,none,5,Botnet,task4,n,395000.0
gnn_replay,none,5,Botnet,task4,n_benign,393444.0
gnn_replay,none,5,Botnet,task4,n_attack,1556.0
gnn_replay,none,5,Botnet,task4,accuracy,0.9997215189873416
gnn_replay,none,5,Botnet,task4,macro_f1,0.9818570039578496
gnn_replay,none,5,Botnet,task4,fpr,1.779160439605128e-05
gnn_replay,none,5,Botnet,task4,detection_rate,0.9370179948586118
gnn_replay,none,5,Botnet,task4,binary_f1,0.9652432969215492
gnn_replay,none,5,Botnet,task4,category_recall,0.9338046272493572
gnn_replay,none,5,Botnet,task5,n,190000.0
gnn_replay,none,5,Botnet,task5,n_benign,185763.0
gnn_replay,none,5,Botnet,task5,n_attack,4237.0
gnn_replay,none,5,Botnet,task5,accuracy,0.9999894736842104
gnn_replay,none,5,Botnet,task5,macro_f1,0.9998792725299164
gnn_replay,none,5,Botnet,task5,fpr,0.0
gnn_replay,none,5,Botnet,task5,detection_rate,0.9995279679018172
gnn_replay,none,5,Botnet,task5,binary_f1,0.9997639282341833
gnn_replay,none,5,Botnet,task5,category_recall,0.9995279679018172
gnn_replay,none,5,Botnet,seen,n,1895000.0
gnn_replay,none,5,Botnet,seen,n_benign,1791772.0
gnn_replay,none,5,Botnet,seen,n_attack,103228.0
gnn_replay,none,5,Botnet,seen,accuracy,0.9950369393139842
gnn_replay,none,5,Botnet,seen,macro_f1,0.8718631878092616
gnn_replay,none,5,Botnet,seen,fpr,0.0051356980687274
gnn_replay,none,5,Botnet,seen,detection_rate,0.99808191575929
gnn_replay,none,5,Botnet,seen,binary_f1,0.9563724125127634
gnn_replay,none,5,Botnet,all,n,1895000.0
gnn_replay,none,5,Botnet,all,n_benign,1791772.0
gnn_replay,none,5,Botnet,all,n_attack,103228.0
gnn_replay,none,5,Botnet,all,accuracy,0.9950369393139842
gnn_replay,none,5,Botnet,all,macro_f1,0.8718631878092616
gnn_replay,none,5,Botnet,all,fpr,0.0051356980687274
gnn_replay,none,5,Botnet,all,detection_rate,0.99808191575929
gnn_replay,none,5,Botnet,all,binary_f1,0.9563724125127634
xgboost_static,none,0,BruteForce,task0,n,175000.0
xgboost_static,none,0,BruteForce,task0,n_benign,172109.0
xgboost_static,none,0,BruteForce,task0,n_attack,2891.0
xgboost_static,none,0,BruteForce,task0,accuracy,1.0
xgboost_static,none,0,BruteForce,task0,macro_f1,1.0
xgboost_static,none,0,BruteForce,task0,fpr,0.0
xgboost_static,none,0,BruteForce,task0,detection_rate,1.0
xgboost_static,none,0,BruteForce,task0,binary_f1,1.0
xgboost_static,none,0,BruteForce,task0,category_recall,1.0
xgboost_static,none,0,BruteForce,task1,n,385000.0
xgboost_static,none,0,BruteForce,task1,n_benign,331373.0
xgboost_static,none,0,BruteForce,task1,n_attack,53627.0
xgboost_static,none,0,BruteForce,task1,accuracy,0.8607090909090909
xgboost_static,none,0,BruteForce,task1,macro_f1,0.4625704765534156
xgboost_static,none,0,BruteForce,task1,fpr,0.0
xgboost_static,none,0,BruteForce,task1,detection_rate,0.0
xgboost_static,none,0,BruteForce,task1,binary_f1,0.0
xgboost_static,none,0,BruteForce,task1,category_recall,0.0
xgboost_static,none,0,BruteForce,task2,n,480000.0
xgboost_static,none,0,BruteForce,task2,n_benign,439090.0
xgboost_static,none,0,BruteForce,task2,n_attack,40910.0
xgboost_static,none,0,BruteForce,task2,accuracy,0.9147708333333333
xgboost_static,none,0,BruteForce,task2,macro_f1,0.3184961936988398
xgboost_static,none,0,BruteForce,task2,fpr,0.0
xgboost_static,none,0,BruteForce,task2,detection_rate,0.0
xgboost_static,none,0,BruteForce,task2,binary_f1,0.0
xgboost_static,none,0,BruteForce,task2,category_recall,0.0
xgboost_static,none,0,BruteForce,task3,n,270000.0
xgboost_static,none,0,BruteForce,task3,n_benign,269993.0
xgboost_static,none,0,BruteForce,task3,n_attack,7.0
xgboost_static,none,0,BruteForce,task3,accuracy,0.9999740740740741
xgboost_static,none,0,BruteForce,task3,macro_f1,0.49999351843449824
xgboost_static,none,0,BruteForce,task3,fpr,0.0
xgboost_static,none,0,BruteForce,task3,detection_rate,0.0
xgboost_static,none,0,BruteForce,task3,binary_f1,0.0
xgboost_static,none,0,BruteForce,task3,category_recall,0.0
xgboost_static,none,0,BruteForce,task4,n,395000.0
xgboost_static,none,0,BruteForce,task4,n_benign,393444.0
xgboost_static,none,0,BruteForce,task4,n_attack,1556.0
xgboost_static,none,0,BruteForce,task4,accuracy,0.9960607594936709
xgboost_static,none,0,BruteForce,task4,macro_f1,0.499013879253161
xgboost_static,none,0,BruteForce,task4,fpr,0.0
xgboost_static,none,0,BruteForce,task4,detection_rate,0.0006426735218508997
xgboost_static,none,0,BruteForce,task4,binary_f1,0.0012845215157353885
xgboost_static,none,0,BruteForce,task4,category_recall,0.0
xgboost_static,none,0,BruteForce,task5,n,190000.0
xgboost_static,none,0,BruteForce,task5,n_benign,185763.0
xgboost_static,none,0,BruteForce,task5,n_attack,4237.0
xgboost_static,none,0,BruteForce,task5,accuracy,0.9777
xgboost_static,none,0,BruteForce,task5,macro_f1,0.4943621378368812
xgboost_static,none,0,BruteForce,task5,fpr,0.0
xgboost_static,none,0,BruteForce,task5,detection_rate,0.0
xgboost_static,none,0,BruteForce,task5,binary_f1,0.0
xgboost_static,none,0,BruteForce,task5,category_recall,0.0
xgboost_static,none,0,BruteForce,seen,n,175000.0
xgboost_static,none,0,BruteForce,seen,n_benign,172109.0
xgboost_static,none,0,BruteForce,seen,n_attack,2891.0
xgboost_static,none,0,BruteForce,seen,accuracy,1.0
xgboost_static,none,0,BruteForce,seen,macro_f1,1.0
xgboost_static,none,0,BruteForce,seen,fpr,0.0
xgboost_static,none,0,BruteForce,seen,detection_rate,1.0
xgboost_static,none,0,BruteForce,seen,binary_f1,1.0
xgboost_static,none,0,BruteForce,all,n,1895000.0
xgboost_static,none,0,BruteForce,all,n_benign,1791772.0
xgboost_static,none,0,BruteForce,all,n_attack,103228.0
xgboost_static,none,0,BruteForce,all,accuracy,0.9470517150395779
xgboost_static,none,0,BruteForce,all,macro_f1,0.2817986541035015
xgboost_static,none,0,BruteForce,all,fpr,0.0
xgboost_static,none,0,BruteForce,all,detection_rate,0.028015654667338317
xgboost_static,none,0,BruteForce,all,binary_f1,0.05450433471541651
xgboost_static,none,1,DoS,task0,n,175000.0
xgboost_static,none,1,DoS,task0,n_benign,172109.0
xgboost_static,none,1,DoS,task0,n_attack,2891.0
xgboost_static,none,1,DoS,task0,accuracy,1.0
xgboost_static,none,1,DoS,task0,macro_f1,1.0
xgboost_static,none,1,DoS,task0,fpr,0.0
xgboost_static,none,1,DoS,task0,detection_rate,1.0
xgboost_static,none,1,DoS,task0,binary_f1,1.0
xgboost_static,none,1,DoS,task0,category_recall,1.0
xgboost_static,none,1,DoS,task1,n,385000.0
xgboost_static,none,1,DoS,task1,n_benign,331373.0
xgboost_static,none,1,DoS,task1,n_attack,53627.0
xgboost_static,none,1,DoS,task1,accuracy,0.8607090909090909
xgboost_static,none,1,DoS,task1,macro_f1,0.4625704765534156
xgboost_static,none,1,DoS,task1,fpr,0.0
xgboost_static,none,1,DoS,task1,detection_rate,0.0
xgboost_static,none,1,DoS,task1,binary_f1,0.0
xgboost_static,none,1,DoS,task1,category_recall,0.0
xgboost_static,none,1,DoS,task2,n,480000.0
xgboost_static,none,1,DoS,task2,n_benign,439090.0
xgboost_static,none,1,DoS,task2,n_attack,40910.0
xgboost_static,none,1,DoS,task2,accuracy,0.9147708333333333
xgboost_static,none,1,DoS,task2,macro_f1,0.3184961936988398
xgboost_static,none,1,DoS,task2,fpr,0.0
xgboost_static,none,1,DoS,task2,detection_rate,0.0
xgboost_static,none,1,DoS,task2,binary_f1,0.0
xgboost_static,none,1,DoS,task2,category_recall,0.0
xgboost_static,none,1,DoS,task3,n,270000.0
xgboost_static,none,1,DoS,task3,n_benign,269993.0
xgboost_static,none,1,DoS,task3,n_attack,7.0
xgboost_static,none,1,DoS,task3,accuracy,0.9999740740740741
xgboost_static,none,1,DoS,task3,macro_f1,0.49999351843449824
xgboost_static,none,1,DoS,task3,fpr,0.0
xgboost_static,none,1,DoS,task3,detection_rate,0.0
xgboost_static,none,1,DoS,task3,binary_f1,0.0
xgboost_static,none,1,DoS,task3,category_recall,0.0
xgboost_static,none,1,DoS,task4,n,395000.0
xgboost_static,none,1,DoS,task4,n_benign,393444.0
xgboost_static,none,1,DoS,task4,n_attack,1556.0
xgboost_static,none,1,DoS,task4,accuracy,0.9960607594936709
xgboost_static,none,1,DoS,task4,macro_f1,0.499013879253161
xgboost_static,none,1,DoS,task4,fpr,0.0
xgboost_static,none,1,DoS,task4,detection_rate,0.0006426735218508997
xgboost_static,none,1,DoS,task4,binary_f1,0.0012845215157353885
xgboost_static,none,1,DoS,task4,category_recall,0.0
xgboost_static,none,1,DoS,task5,n,190000.0
xgboost_static,none,1,DoS,task5,n_benign,185763.0
xgboost_static,none,1,DoS,task5,n_attack,4237.0
xgboost_static,none,1,DoS,task5,accuracy,0.9777
xgboost_static,none,1,DoS,task5,macro_f1,0.4943621378368812
xgboost_static,none,1,DoS,task5,fpr,0.0
xgboost_static,none,1,DoS,task5,detection_rate,0.0
xgboost_static,none,1,DoS,task5,binary_f1,0.0
xgboost_static,none,1,DoS,task5,category_recall,0.0
xgboost_static,none,1,DoS,seen,n,560000.0
xgboost_static,none,1,DoS,seen,n_benign,503482.0
xgboost_static,none,1,DoS,seen,n_attack,56518.0
xgboost_static,none,1,DoS,seen,accuracy,0.9042375
xgboost_static,none,1,DoS,seen,macro_f1,0.6498122273336281
xgboost_static,none,1,DoS,seen,fpr,0.0
xgboost_static,none,1,DoS,seen,detection_rate,0.051151845429774585
xgboost_static,none,1,DoS,seen,binary_f1,0.09732532107929776
xgboost_static,none,1,DoS,all,n,1895000.0
xgboost_static,none,1,DoS,all,n_benign,1791772.0
xgboost_static,none,1,DoS,all,n_attack,103228.0
xgboost_static,none,1,DoS,all,accuracy,0.9470517150395779
xgboost_static,none,1,DoS,all,macro_f1,0.2817986541035015
xgboost_static,none,1,DoS,all,fpr,0.0
xgboost_static,none,1,DoS,all,detection_rate,0.028015654667338317
xgboost_static,none,1,DoS,all,binary_f1,0.05450433471541651
xgboost_static,none,2,DDoS,task0,n,175000.0
xgboost_static,none,2,DDoS,task0,n_benign,172109.0
xgboost_static,none,2,DDoS,task0,n_attack,2891.0
xgboost_static,none,2,DDoS,task0,accuracy,1.0
xgboost_static,none,2,DDoS,task0,macro_f1,1.0
xgboost_static,none,2,DDoS,task0,fpr,0.0
xgboost_static,none,2,DDoS,task0,detection_rate,1.0
xgboost_static,none,2,DDoS,task0,binary_f1,1.0
xgboost_static,none,2,DDoS,task0,category_recall,1.0
xgboost_static,none,2,DDoS,task1,n,385000.0
xgboost_static,none,2,DDoS,task1,n_benign,331373.0
xgboost_static,none,2,DDoS,task1,n_attack,53627.0
xgboost_static,none,2,DDoS,task1,accuracy,0.8607090909090909
xgboost_static,none,2,DDoS,task1,macro_f1,0.4625704765534156
xgboost_static,none,2,DDoS,task1,fpr,0.0
xgboost_static,none,2,DDoS,task1,detection_rate,0.0
xgboost_static,none,2,DDoS,task1,binary_f1,0.0
xgboost_static,none,2,DDoS,task1,category_recall,0.0
xgboost_static,none,2,DDoS,task2,n,480000.0
xgboost_static,none,2,DDoS,task2,n_benign,439090.0
xgboost_static,none,2,DDoS,task2,n_attack,40910.0
xgboost_static,none,2,DDoS,task2,accuracy,0.9147708333333333
xgboost_static,none,2,DDoS,task2,macro_f1,0.3184961936988398
xgboost_static,none,2,DDoS,task2,fpr,0.0
xgboost_static,none,2,DDoS,task2,detection_rate,0.0
xgboost_static,none,2,DDoS,task2,binary_f1,0.0
xgboost_static,none,2,DDoS,task2,category_recall,0.0
xgboost_static,none,2,DDoS,task3,n,270000.0
xgboost_static,none,2,DDoS,task3,n_benign,269993.0
xgboost_static,none,2,DDoS,task3,n_attack,7.0
xgboost_static,none,2,DDoS,task3,accuracy,0.9999740740740741
xgboost_static,none,2,DDoS,task3,macro_f1,0.49999351843449824
xgboost_static,none,2,DDoS,task3,fpr,0.0
xgboost_static,none,2,DDoS,task3,detection_rate,0.0
xgboost_static,none,2,DDoS,task3,binary_f1,0.0
xgboost_static,none,2,DDoS,task3,category_recall,0.0
xgboost_static,none,2,DDoS,task4,n,395000.0
xgboost_static,none,2,DDoS,task4,n_benign,393444.0
xgboost_static,none,2,DDoS,task4,n_attack,1556.0
xgboost_static,none,2,DDoS,task4,accuracy,0.9960607594936709
xgboost_static,none,2,DDoS,task4,macro_f1,0.499013879253161
xgboost_static,none,2,DDoS,task4,fpr,0.0
xgboost_static,none,2,DDoS,task4,detection_rate,0.0006426735218508997
xgboost_static,none,2,DDoS,task4,binary_f1,0.0012845215157353885
xgboost_static,none,2,DDoS,task4,category_recall,0.0
xgboost_static,none,2,DDoS,task5,n,190000.0
xgboost_static,none,2,DDoS,task5,n_benign,185763.0
xgboost_static,none,2,DDoS,task5,n_attack,4237.0
xgboost_static,none,2,DDoS,task5,accuracy,0.9777
xgboost_static,none,2,DDoS,task5,macro_f1,0.4943621378368812
xgboost_static,none,2,DDoS,task5,fpr,0.0
xgboost_static,none,2,DDoS,task5,detection_rate,0.0
xgboost_static,none,2,DDoS,task5,binary_f1,0.0
xgboost_static,none,2,DDoS,task5,category_recall,0.0
xgboost_static,none,2,DDoS,seen,n,1040000.0
xgboost_static,none,2,DDoS,seen,n_benign,942572.0
xgboost_static,none,2,DDoS,seen,n_attack,97428.0
xgboost_static,none,2,DDoS,seen,accuracy,0.9090990384615385
xgboost_static,none,2,DDoS,seen,macro_f1,0.39044926935198143
xgboost_static,none,2,DDoS,seen,fpr,0.0
xgboost_static,none,2,DDoS,seen,detection_rate,0.029673194564190992
xgboost_static,none,2,DDoS,seen,binary_f1,0.05763614071113149
xgboost_static,none,2,DDoS,all,n,1895000.0
xgboost_static,none,2,DDoS,all,n_benign,1791772.0
xgboost_static,none,2,DDoS,all,n_attack,103228.0
xgboost_static,none,2,DDoS,all,accuracy,0.9470517150395779
xgboost_static,none,2,DDoS,all,macro_f1,0.2817986541035015
xgboost_static,none,2,DDoS,all,fpr,0.0
xgboost_static,none,2,DDoS,all,detection_rate,0.028015654667338317
xgboost_static,none,2,DDoS,all,binary_f1,0.05450433471541651
xgboost_static,none,3,WebAttack,task0,n,175000.0
xgboost_static,none,3,WebAttack,task0,n_benign,172109.0
xgboost_static,none,3,WebAttack,task0,n_attack,2891.0
xgboost_static,none,3,WebAttack,task0,accuracy,1.0
xgboost_static,none,3,WebAttack,task0,macro_f1,1.0
xgboost_static,none,3,WebAttack,task0,fpr,0.0
xgboost_static,none,3,WebAttack,task0,detection_rate,1.0
xgboost_static,none,3,WebAttack,task0,binary_f1,1.0
xgboost_static,none,3,WebAttack,task0,category_recall,1.0
xgboost_static,none,3,WebAttack,task1,n,385000.0
xgboost_static,none,3,WebAttack,task1,n_benign,331373.0
xgboost_static,none,3,WebAttack,task1,n_attack,53627.0
xgboost_static,none,3,WebAttack,task1,accuracy,0.8607090909090909
xgboost_static,none,3,WebAttack,task1,macro_f1,0.4625704765534156
xgboost_static,none,3,WebAttack,task1,fpr,0.0
xgboost_static,none,3,WebAttack,task1,detection_rate,0.0
xgboost_static,none,3,WebAttack,task1,binary_f1,0.0
xgboost_static,none,3,WebAttack,task1,category_recall,0.0
xgboost_static,none,3,WebAttack,task2,n,480000.0
xgboost_static,none,3,WebAttack,task2,n_benign,439090.0
xgboost_static,none,3,WebAttack,task2,n_attack,40910.0
xgboost_static,none,3,WebAttack,task2,accuracy,0.9147708333333333
xgboost_static,none,3,WebAttack,task2,macro_f1,0.3184961936988398
xgboost_static,none,3,WebAttack,task2,fpr,0.0
xgboost_static,none,3,WebAttack,task2,detection_rate,0.0
xgboost_static,none,3,WebAttack,task2,binary_f1,0.0
xgboost_static,none,3,WebAttack,task2,category_recall,0.0
xgboost_static,none,3,WebAttack,task3,n,270000.0
xgboost_static,none,3,WebAttack,task3,n_benign,269993.0
xgboost_static,none,3,WebAttack,task3,n_attack,7.0
xgboost_static,none,3,WebAttack,task3,accuracy,0.9999740740740741
xgboost_static,none,3,WebAttack,task3,macro_f1,0.49999351843449824
xgboost_static,none,3,WebAttack,task3,fpr,0.0
xgboost_static,none,3,WebAttack,task3,detection_rate,0.0
xgboost_static,none,3,WebAttack,task3,binary_f1,0.0
xgboost_static,none,3,WebAttack,task3,category_recall,0.0
xgboost_static,none,3,WebAttack,task4,n,395000.0
xgboost_static,none,3,WebAttack,task4,n_benign,393444.0
xgboost_static,none,3,WebAttack,task4,n_attack,1556.0
xgboost_static,none,3,WebAttack,task4,accuracy,0.9960607594936709
xgboost_static,none,3,WebAttack,task4,macro_f1,0.499013879253161
xgboost_static,none,3,WebAttack,task4,fpr,0.0
xgboost_static,none,3,WebAttack,task4,detection_rate,0.0006426735218508997
xgboost_static,none,3,WebAttack,task4,binary_f1,0.0012845215157353885
xgboost_static,none,3,WebAttack,task4,category_recall,0.0
xgboost_static,none,3,WebAttack,task5,n,190000.0
xgboost_static,none,3,WebAttack,task5,n_benign,185763.0
xgboost_static,none,3,WebAttack,task5,n_attack,4237.0
xgboost_static,none,3,WebAttack,task5,accuracy,0.9777
xgboost_static,none,3,WebAttack,task5,macro_f1,0.4943621378368812
xgboost_static,none,3,WebAttack,task5,fpr,0.0
xgboost_static,none,3,WebAttack,task5,detection_rate,0.0
xgboost_static,none,3,WebAttack,task5,binary_f1,0.0
xgboost_static,none,3,WebAttack,task5,category_recall,0.0
xgboost_static,none,3,WebAttack,seen,n,1310000.0
xgboost_static,none,3,WebAttack,seen,n_benign,1212565.0
xgboost_static,none,3,WebAttack,seen,n_attack,97435.0
xgboost_static,none,3,WebAttack,seen,accuracy,0.9278290076335878
xgboost_static,none,3,WebAttack,seen,macro_f1,0.392495537121072
xgboost_static,none,3,WebAttack,seen,fpr,0.0
xgboost_static,none,3,WebAttack,seen,detection_rate,0.029671062759788577
xgboost_static,none,3,WebAttack,seen,binary_f1,0.05763211929111098
xgboost_static,none,3,WebAttack,all,n,1895000.0
xgboost_static,none,3,WebAttack,all,n_benign,1791772.0
xgboost_static,none,3,WebAttack,all,n_attack,103228.0
xgboost_static,none,3,WebAttack,all,accuracy,0.9470517150395779
xgboost_static,none,3,WebAttack,all,macro_f1,0.2817986541035015
xgboost_static,none,3,WebAttack,all,fpr,0.0
xgboost_static,none,3,WebAttack,all,detection_rate,0.028015654667338317
xgboost_static,none,3,WebAttack,all,binary_f1,0.05450433471541651
xgboost_static,none,4,Infiltration,task0,n,175000.0
xgboost_static,none,4,Infiltration,task0,n_benign,172109.0
xgboost_static,none,4,Infiltration,task0,n_attack,2891.0
xgboost_static,none,4,Infiltration,task0,accuracy,1.0
xgboost_static,none,4,Infiltration,task0,macro_f1,1.0
xgboost_static,none,4,Infiltration,task0,fpr,0.0
xgboost_static,none,4,Infiltration,task0,detection_rate,1.0
xgboost_static,none,4,Infiltration,task0,binary_f1,1.0
xgboost_static,none,4,Infiltration,task0,category_recall,1.0
xgboost_static,none,4,Infiltration,task1,n,385000.0
xgboost_static,none,4,Infiltration,task1,n_benign,331373.0
xgboost_static,none,4,Infiltration,task1,n_attack,53627.0
xgboost_static,none,4,Infiltration,task1,accuracy,0.8607090909090909
xgboost_static,none,4,Infiltration,task1,macro_f1,0.4625704765534156
xgboost_static,none,4,Infiltration,task1,fpr,0.0
xgboost_static,none,4,Infiltration,task1,detection_rate,0.0
xgboost_static,none,4,Infiltration,task1,binary_f1,0.0
xgboost_static,none,4,Infiltration,task1,category_recall,0.0
xgboost_static,none,4,Infiltration,task2,n,480000.0
xgboost_static,none,4,Infiltration,task2,n_benign,439090.0
xgboost_static,none,4,Infiltration,task2,n_attack,40910.0
xgboost_static,none,4,Infiltration,task2,accuracy,0.9147708333333333
xgboost_static,none,4,Infiltration,task2,macro_f1,0.3184961936988398
xgboost_static,none,4,Infiltration,task2,fpr,0.0
xgboost_static,none,4,Infiltration,task2,detection_rate,0.0
xgboost_static,none,4,Infiltration,task2,binary_f1,0.0
xgboost_static,none,4,Infiltration,task2,category_recall,0.0
xgboost_static,none,4,Infiltration,task3,n,270000.0
xgboost_static,none,4,Infiltration,task3,n_benign,269993.0
xgboost_static,none,4,Infiltration,task3,n_attack,7.0
xgboost_static,none,4,Infiltration,task3,accuracy,0.9999740740740741
xgboost_static,none,4,Infiltration,task3,macro_f1,0.49999351843449824
xgboost_static,none,4,Infiltration,task3,fpr,0.0
xgboost_static,none,4,Infiltration,task3,detection_rate,0.0
xgboost_static,none,4,Infiltration,task3,binary_f1,0.0
xgboost_static,none,4,Infiltration,task3,category_recall,0.0
xgboost_static,none,4,Infiltration,task4,n,395000.0
xgboost_static,none,4,Infiltration,task4,n_benign,393444.0
xgboost_static,none,4,Infiltration,task4,n_attack,1556.0
xgboost_static,none,4,Infiltration,task4,accuracy,0.9960607594936709
xgboost_static,none,4,Infiltration,task4,macro_f1,0.499013879253161
xgboost_static,none,4,Infiltration,task4,fpr,0.0
xgboost_static,none,4,Infiltration,task4,detection_rate,0.0006426735218508997
xgboost_static,none,4,Infiltration,task4,binary_f1,0.0012845215157353885
xgboost_static,none,4,Infiltration,task4,category_recall,0.0
xgboost_static,none,4,Infiltration,task5,n,190000.0
xgboost_static,none,4,Infiltration,task5,n_benign,185763.0
xgboost_static,none,4,Infiltration,task5,n_attack,4237.0
xgboost_static,none,4,Infiltration,task5,accuracy,0.9777
xgboost_static,none,4,Infiltration,task5,macro_f1,0.4943621378368812
xgboost_static,none,4,Infiltration,task5,fpr,0.0
xgboost_static,none,4,Infiltration,task5,detection_rate,0.0
xgboost_static,none,4,Infiltration,task5,binary_f1,0.0
xgboost_static,none,4,Infiltration,task5,category_recall,0.0
xgboost_static,none,4,Infiltration,seen,n,1705000.0
xgboost_static,none,4,Infiltration,seen,n_benign,1606009.0
xgboost_static,none,4,Infiltration,seen,n_attack,98991.0
xgboost_static,none,4,Infiltration,seen,accuracy,0.9436363636363636
xgboost_static,none,4,Infiltration,seen,macro_f1,0.3284629371898539
xgboost_static,none,4,Infiltration,seen,fpr,0.0
xgboost_static,none,4,Infiltration,seen,detection_rate,0.02921477710094857
xgboost_static,none,4,Infiltration,seen,binary_f1,0.05677100203174229
xgboost_static,none,4,Infiltration,all,n,1895000.0
xgboost_static,none,4,Infiltration,all,n_benign,1791772.0
xgboost_static,none,4,Infiltration,all,n_attack,103228.0
xgboost_static,none,4,Infiltration,all,accuracy,0.9470517150395779
xgboost_static,none,4,Infiltration,all,macro_f1,0.2817986541035015
xgboost_static,none,4,Infiltration,all,fpr,0.0
xgboost_static,none,4,Infiltration,all,detection_rate,0.028015654667338317
xgboost_static,none,4,Infiltration,all,binary_f1,0.05450433471541651
xgboost_static,none,5,Botnet,task0,n,175000.0
xgboost_static,none,5,Botnet,task0,n_benign,172109.0
xgboost_static,none,5,Botnet,task0,n_attack,2891.0
xgboost_static,none,5,Botnet,task0,accuracy,1.0
xgboost_static,none,5,Botnet,task0,macro_f1,1.0
xgboost_static,none,5,Botnet,task0,fpr,0.0
xgboost_static,none,5,Botnet,task0,detection_rate,1.0
xgboost_static,none,5,Botnet,task0,binary_f1,1.0
xgboost_static,none,5,Botnet,task0,category_recall,1.0
xgboost_static,none,5,Botnet,task1,n,385000.0
xgboost_static,none,5,Botnet,task1,n_benign,331373.0
xgboost_static,none,5,Botnet,task1,n_attack,53627.0
xgboost_static,none,5,Botnet,task1,accuracy,0.8607090909090909
xgboost_static,none,5,Botnet,task1,macro_f1,0.4625704765534156
xgboost_static,none,5,Botnet,task1,fpr,0.0
xgboost_static,none,5,Botnet,task1,detection_rate,0.0
xgboost_static,none,5,Botnet,task1,binary_f1,0.0
xgboost_static,none,5,Botnet,task1,category_recall,0.0
xgboost_static,none,5,Botnet,task2,n,480000.0
xgboost_static,none,5,Botnet,task2,n_benign,439090.0
xgboost_static,none,5,Botnet,task2,n_attack,40910.0
xgboost_static,none,5,Botnet,task2,accuracy,0.9147708333333333
xgboost_static,none,5,Botnet,task2,macro_f1,0.3184961936988398
xgboost_static,none,5,Botnet,task2,fpr,0.0
xgboost_static,none,5,Botnet,task2,detection_rate,0.0
xgboost_static,none,5,Botnet,task2,binary_f1,0.0
xgboost_static,none,5,Botnet,task2,category_recall,0.0
xgboost_static,none,5,Botnet,task3,n,270000.0
xgboost_static,none,5,Botnet,task3,n_benign,269993.0
xgboost_static,none,5,Botnet,task3,n_attack,7.0
xgboost_static,none,5,Botnet,task3,accuracy,0.9999740740740741
xgboost_static,none,5,Botnet,task3,macro_f1,0.49999351843449824
xgboost_static,none,5,Botnet,task3,fpr,0.0
xgboost_static,none,5,Botnet,task3,detection_rate,0.0
xgboost_static,none,5,Botnet,task3,binary_f1,0.0
xgboost_static,none,5,Botnet,task3,category_recall,0.0
xgboost_static,none,5,Botnet,task4,n,395000.0
xgboost_static,none,5,Botnet,task4,n_benign,393444.0
xgboost_static,none,5,Botnet,task4,n_attack,1556.0
xgboost_static,none,5,Botnet,task4,accuracy,0.9960607594936709
xgboost_static,none,5,Botnet,task4,macro_f1,0.499013879253161
xgboost_static,none,5,Botnet,task4,fpr,0.0
xgboost_static,none,5,Botnet,task4,detection_rate,0.0006426735218508997
xgboost_static,none,5,Botnet,task4,binary_f1,0.0012845215157353885
xgboost_static,none,5,Botnet,task4,category_recall,0.0
xgboost_static,none,5,Botnet,task5,n,190000.0
xgboost_static,none,5,Botnet,task5,n_benign,185763.0
xgboost_static,none,5,Botnet,task5,n_attack,4237.0
xgboost_static,none,5,Botnet,task5,accuracy,0.9777
xgboost_static,none,5,Botnet,task5,macro_f1,0.4943621378368812
xgboost_static,none,5,Botnet,task5,fpr,0.0
xgboost_static,none,5,Botnet,task5,detection_rate,0.0
xgboost_static,none,5,Botnet,task5,binary_f1,0.0
xgboost_static,none,5,Botnet,task5,category_recall,0.0
xgboost_static,none,5,Botnet,seen,n,1895000.0
xgboost_static,none,5,Botnet,seen,n_benign,1791772.0
xgboost_static,none,5,Botnet,seen,n_attack,103228.0
xgboost_static,none,5,Botnet,seen,accuracy,0.9470517150395779
xgboost_static,none,5,Botnet,seen,macro_f1,0.2817986541035015
xgboost_static,none,5,Botnet,seen,fpr,0.0
xgboost_static,none,5,Botnet,seen,detection_rate,0.028015654667338317
xgboost_static,none,5,Botnet,seen,binary_f1,0.05450433471541651
xgboost_static,none,5,Botnet,all,n,1895000.0
xgboost_static,none,5,Botnet,all,n_benign,1791772.0
xgboost_static,none,5,Botnet,all,n_attack,103228.0
xgboost_static,none,5,Botnet,all,accuracy,0.9470517150395779
xgboost_static,none,5,Botnet,all,macro_f1,0.2817986541035015
xgboost_static,none,5,Botnet,all,fpr,0.0
xgboost_static,none,5,Botnet,all,detection_rate,0.028015654667338317
xgboost_static,none,5,Botnet,all,binary_f1,0.05450433471541651
gnn_naive,none,0,BruteForce,task0,n,175000.0
gnn_naive,none,0,BruteForce,task0,n_benign,172109.0
gnn_naive,none,0,BruteForce,task0,n_attack,2891.0
gnn_naive,none,0,BruteForce,task0,accuracy,1.0
gnn_naive,none,0,BruteForce,task0,macro_f1,1.0
gnn_naive,none,0,BruteForce,task0,fpr,0.0
gnn_naive,none,0,BruteForce,task0,detection_rate,1.0
gnn_naive,none,0,BruteForce,task0,binary_f1,1.0
gnn_naive,none,0,BruteForce,task0,category_recall,1.0
gnn_naive,none,0,BruteForce,task1,n,385000.0
gnn_naive,none,0,BruteForce,task1,n_benign,331373.0
gnn_naive,none,0,BruteForce,task1,n_attack,53627.0
gnn_naive,none,0,BruteForce,task1,accuracy,0.8607090909090909
gnn_naive,none,0,BruteForce,task1,macro_f1,0.4994114783573238
gnn_naive,none,0,BruteForce,task1,fpr,0.0
gnn_naive,none,0,BruteForce,task1,detection_rate,0.985436440598952
gnn_naive,none,0,BruteForce,task1,binary_f1,0.9926648070402825
gnn_naive,none,0,BruteForce,task1,category_recall,0.0
gnn_naive,none,0,BruteForce,task2,n,480000.0
gnn_naive,none,0,BruteForce,task2,n_benign,439090.0
gnn_naive,none,0,BruteForce,task2,n_attack,40910.0
gnn_naive,none,0,BruteForce,task2,accuracy,0.91476875
gnn_naive,none,0,BruteForce,task2,macro_f1,0.3187732837919217
gnn_naive,none,0,BruteForce,task2,fpr,2.277437427406682e-06
gnn_naive,none,0,BruteForce,task2,detection_rate,0.01955512099731117
gnn_naive,none,0,BruteForce,task2,binary_f1,0.03835918582628084
gnn_naive,none,0,BruteForce,task2,category_recall,0.0
gnn_naive,none,0,BruteForce,task3,n,270000.0
gnn_naive,none,0,BruteForce,task3,n_benign,269993.0
gnn_naive,none,0,BruteForce,task3,n_attack,7.0
gnn_naive,none,0,BruteForce,task3,accuracy,0.9999703703703704
gnn_naive,none,0,BruteForce,task3,macro_f1,0.4999925924828516
gnn_naive,none,0,BruteForce,task3,fpr,3.7037997281411e-06
gnn_naive,none,0,BruteForce,task3,detection_rate,0.0
gnn_naive,none,0,BruteForce,task3,binary_f1,0.0
gnn_naive,none,0,BruteForce,task3,category_recall,0.0
gnn_naive,none,0,BruteForce,task4,n,395000.0
gnn_naive,none,0,BruteForce,task4,n_benign,393444.0
gnn_naive,none,0,BruteForce,task4,n_attack,1556.0
gnn_naive,none,0,BruteForce,task4,accuracy,0.9960582278481013
gnn_naive,none,0,BruteForce,task4,macro_f1,0.499012610930657
gnn_naive,none,0,BruteForce,task4,fpr,2.5416577708644688e-06
gnn_naive,none,0,BruteForce,task4,detection_rate,0.0
gnn_naive,none,0,BruteForce,task4,binary_f1,0.0
gnn_naive,none,0,BruteForce,task4,category_recall,0.0
gnn_naive,none,0,BruteForce,task5,n,190000.0
gnn_naive,none,0,BruteForce,task5,n_benign,185763.0
gnn_naive,none,0,BruteForce,task5,n_attack,4237.0
gnn_naive,none,0,BruteForce,task5,accuracy,0.9777
gnn_naive,none,0,BruteForce,task5,macro_f1,0.4943621378368812
gnn_naive,none,0,BruteForce,task5,fpr,0.0
gnn_naive,none,0,BruteForce,task5,detection_rate,0.0
gnn_naive,none,0,BruteForce,task5,binary_f1,0.0
gnn_naive,none,0,BruteForce,task5,category_recall,0.0
gnn_naive,none,0,BruteForce,seen,n,175000.0
gnn_naive,none,0,BruteForce,seen,n_benign,172109.0
gnn_naive,none,0,BruteForce,seen,n_attack,2891.0
gnn_naive,none,0,BruteForce,seen,accuracy,1.0
gnn_naive,none,0,BruteForce,seen,macro_f1,1.0
gnn_naive,none,0,BruteForce,seen,fpr,0.0
gnn_naive,none,0,BruteForce,seen,detection_rate,1.0
gnn_naive,none,0,BruteForce,seen,binary_f1,1.0
gnn_naive,none,0,BruteForce,all,n,1895000.0
gnn_naive,none,0,BruteForce,all,n_benign,1791772.0
gnn_naive,none,0,BruteForce,all,n_attack,103228.0
gnn_naive,none,0,BruteForce,all,accuracy,0.9470501319261214
gnn_naive,none,0,BruteForce,all,macro_f1,0.15491810780763232
gnn_naive,none,0,BruteForce,all,fpr,1.6743201702002264e-06
gnn_naive,none,0,BruteForce,all,detection_rate,0.5476905490758321
gnn_naive,none,0,BruteForce,all,binary_f1,0.7077387211456612
gnn_naive,none,1,DoS,task0,n,175000.0
gnn_naive,none,1,DoS,task0,n_benign,172109.0
gnn_naive,none,1,DoS,task0,n_attack,2891.0
gnn_naive,none,1,DoS,task0,accuracy,0.9834742857142857
gnn_naive,none,1,DoS,task0,macro_f1,0.49949501398869295
gnn_naive,none,1,DoS,task0,fpr,5.8102713977769905e-06
gnn_naive,none,1,DoS,task0,detection_rate,0.8799723279142165
gnn_naive,none,1,DoS,task0,binary_f1,0.9359823399558499
gnn_naive,none,1,DoS,task0,category_recall,0.0
gnn_naive,none,1,DoS,task1,n,385000.0
gnn_naive,none,1,DoS,task1,n_benign,331373.0
gnn_naive,none,1,DoS,task1,n_attack,53627.0
gnn_naive,none,1,DoS,task1,accuracy,0.9997324675324676
gnn_naive,none,1,DoS,task1,macro_f1,0.9994417535575286
gnn_naive,none,1,DoS,task1,fpr,2.715972635066828e-05
gnn_naive,none,1,DoS,task1,detection_rate,0.9982471516213848
gnn_naive,none,1,DoS,task1,binary_f1,0.99903890117478
gnn_naive,none,1,DoS,task1,category_recall,0.9982471516213848
gnn_naive,none,1,DoS,task2,n,480000.0
gnn_naive,none,1,DoS,task2,n_benign,439090.0
gnn_naive,none,1,DoS,task2,n_attack,40910.0
gnn_naive,none,1,DoS,task2,accuracy,0.9147666666666666
gnn_naive,none,1,DoS,task2,macro_f1,0.3184954360554521
gnn_naive,none,1,DoS,task2,fpr,4.554874854813364e-06
gnn_naive,none,1,DoS,task2,detection_rate,0.0
gnn_naive,none,1,DoS,task2,binary_f1,0.0
gnn_naive,none,1,DoS,task2,category_recall,0.0
gnn_naive,none,1,DoS,task3,n,270000.0
gnn_naive,none,1,DoS,task3,n_benign,269993.0
gnn_naive,none,1,DoS,task3,n_attack,7.0
gnn_naive,none,1,DoS,task3,accuracy,0.9999666666666667
gnn_naive,none,1,DoS,task3,macro_f1,0.49999166652777544
gnn_naive,none,1,DoS,task3,fpr,7.4075994562822e-06
gnn_naive,none,1,DoS,task3,detection_rate,0.0
gnn_naive,none,1,DoS,task3,binary_f1,0.0
gnn_naive,none,1,DoS,task3,category_recall,0.0
gnn_naive,none,1,DoS,task4,n,395000.0
gnn_naive,none,1,DoS,task4,n_benign,393444.0
gnn_naive,none,1,DoS,task4,n_attack,1556.0
gnn_naive,none,1,DoS,task4,accuracy,0.9960506329113924
gnn_naive,none,1,DoS,task4,macro_f1,0.4990107046826645
gnn_naive,none,1,DoS,task4,fpr,1.0166631083457875e-05
gnn_naive,none,1,DoS,task4,detection_rate,0.0
gnn_naive,none,1,DoS,task4,binary_f1,0.0
gnn_naive,none,1,DoS,task4,category_recall,0.0
gnn_naive,none,1,DoS,task5,n,190000.0
gnn_naive,none,1,DoS,task5,n_benign,185763.0
gnn_naive,none,1,DoS,task5,n_attack,4237.0
gnn_naive,none,1,DoS,task5,accuracy,0.9777
gnn_naive,none,1,DoS,task5,macro_f1,0.4943621378368812
gnn_naive,none,1,DoS,task5,fpr,0.0
gnn_naive,none,1,DoS,task5,detection_rate,0.0
gnn_naive,none,1,DoS,task5,binary_f1,0.0
gnn_naive,none,1,DoS,task5,category_recall,0.0
gnn_naive,none,1,DoS,seen,n,560000.0
gnn_naive,none,1,DoS,seen,n_benign,503482.0
gnn_naive,none,1,DoS,seen,n_attack,56518.0
gnn_naive,none,1,DoS,seen,accuracy,0.9946517857142857
gnn_naive,none,1,DoS,seen,macro_f1,0.6584722770477239
gnn_naive,none,1,DoS,seen,fpr,1.9861683237931047e-05
gnn_naive,none,1,DoS,seen,detection_rate,0.9921971761208819
gnn_naive,none,1,DoS,seen,binary_f1,0.9959948492518095
gnn_naive,none,1,DoS,all,n,1895000.0
gnn_naive,none,1,DoS,all,n_benign,1791772.0
gnn_naive,none,1,DoS,all,n_attack,103228.0
gnn_naive,none,1,DoS,all,accuracy,0.9737662269129288
gnn_naive,none,1,DoS,all,macro_f1,0.2804002252580685
gnn_naive,none,1,DoS,all,fpr,1.0045921021201359e-05
gnn_naive,none,1,DoS,all,detection_rate,0.5432343937691324
gnn_naive,none,1,DoS,all,binary_f1,0.7039410505702253
gnn_naive,none,2,DDoS,task0,n,175000.0
gnn_naive,none,2,DDoS,task0,n_benign,172109.0
gnn_naive,none,2,DDoS,task0,n_attack,2891.0
gnn_naive,none,2,DDoS,task0,accuracy,0.98348
gnn_naive,none,2,DDoS,task0,macro_f1,0.4958456015810914
gnn_naive,none,2,DDoS,task0,fpr,0.0
gnn_naive,none,2,DDoS,task0,detection_rate,0.002421307506053269
gnn_naive,none,2,DDoS,task0,binary_f1,0.004830917874396135
gnn_naive,none,2,DDoS,task0,category_recall,0.0
gnn_naive,none,2,DDoS,task1,n,385000.0
gnn_naive,none,2,DDoS,task1,n_benign,331373.0
gnn_naive,none,2,DDoS,task1,n_attack,53627.0
gnn_naive,none,2,DDoS,task1,accuracy,0.8603818181818181
gnn_naive,none,2,DDoS,task1,macro_f1,0.49951292336459874
gnn_naive,none,2,DDoS,task1,fpr,0.0003802361689093559
gnn_naive,none,2,DDoS,task1,detection_rate,0.9903033919480858
gnn_naive,none,2,DDoS,task1,binary_f1,0.9939547070933932
gnn_naive,none,2,DDoS,task1,category_recall,0.0
gnn_naive,none,2,DDoS,task2,n,480000.0
gnn_naive,none,2,DDoS,task2,n_benign,439090.0
gnn_naive,none,2,DDoS,task2,n_attack,40910.0
gnn_naive,none,2,DDoS,task2,accuracy,0.9972604166666666
gnn_naive,none,2,DDoS,task2,macro_f1,0.9940564045791134
gnn_naive,none,2,DDoS,task2,fpr,2.277437427406682e-06
gnn_naive,none,2,DDoS,task2,detection_rate,0.9678807137619164
gnn_naive,none,2,DDoS,task2,binary_f1,0.9836660166196728
gnn_naive,none,2,DDoS,task2,category_recall,0.9678775729721801
gnn_naive,none,2,DDoS,task3,n,270000.0
gnn_naive,none,2,DDoS,task3,n_benign,269993.0
gnn_naive,none,2,DDoS,task3,n_attack,7.0
gnn_naive,none,2,DDoS,task3,accuracy,0.9999888888888889
gnn_naive,none,2,DDoS,task3,macro_f1,0.8636335858020003
gnn_naive,none,2,DDoS,task3,fpr,0.0
gnn_naive,none,2,DDoS,task3,detection_rate,0.5714285714285714
gnn_naive,none,2,DDoS,task3,binary_f1,0.7272727272727273
gnn_naive,none,2,DDoS,task3,category_recall,0.5714285714285714
gnn_naive,none,2,DDoS,task4,n,395000.0
gnn_naive,none,2,DDoS,task4,n_benign,393444.0
gnn_naive,none,2,DDoS,task4,n_attack,1556.0
gnn_naive,none,2,DDoS,task4,accuracy,0.996053164556962
gnn_naive,none,2,DDoS,task4,macro_f1,0.4990113401002738
gnn_naive,none,2,DDoS,task4,fpr,7.624973312593406e-06
gnn_naive,none,2,DDoS,task4,detection_rate,0.0
gnn_naive,none,2,DDoS,task4,binary_f1,0.0
gnn_naive,none,2,DDoS,task4,category_recall,0.0
gnn_naive,none,2,DDoS,task5,n,190000.0
gnn_naive,none,2,DDoS,task5,n_benign,185763.0
gnn_naive,none,2,DDoS,task5,n_attack,4237.0
gnn_naive,none,2,DDoS,task5,accuracy,0.9777
gnn_naive,none,2,DDoS,task5,macro_f1,0.4943621378368812
gnn_naive,none,2,DDoS,task5,fpr,0.0
gnn_naive,none,2,DDoS,task5,detection_rate,0.0
gnn_naive,none,2,DDoS,task5,binary_f1,0.0
gnn_naive,none,2,DDoS,task5,category_recall,0.0
gnn_naive,none,2,DDoS,seen,n,1040000.0
gnn_naive,none,2,DDoS,seen,n_benign,942572.0
gnn_naive,none,2,DDoS,seen,n_attack,97428.0
gnn_naive,none,2,DDoS,seen,accuracy,0.9442701923076923
gnn_naive,none,2,DDoS,seen,macro_f1,0.42457581482139545
gnn_naive,none,2,DDoS,seen,fpr,0.0001347377176491557
gnn_naive,none,2,DDoS,seen,detection_rate,0.9515744960381
gnn_naive,none,2,DDoS,seen,binary_f1,0.9745355162536462
gnn_naive,none,2,DDoS,all,n,1895000.0
gnn_naive,none,2,DDoS,all,n_benign,1791772.0
gnn_naive,none,2,DDoS,all,n_attack,103228.0
gnn_naive,none,2,DDoS,all,accuracy,0.966354617414248
gnn_naive,none,2,DDoS,all,macro_f1,0.30583886689239365
gnn_naive,none,2,DDoS,all,fpr,7.255387404200981e-05
gnn_naive,none,2,DDoS,all,detection_rate,0.8981477893594761
gnn_naive,none,2,DDoS,all,binary_f1,0.9457138194132767
gnn_naive,none,3,WebAttack,task0,n,175000.0
gnn_naive,none,3,WebAttack,task0,n_benign,172109.0
gnn_naive,none,3,WebAttack,task0,n_attack,2891.0
gnn_naive,none,3,WebAttack,task0,accuracy,0.9834742857142857
gnn_naive,none,3,WebAttack,task0,macro_f1,0.495834149601853
gnn_naive,none,3,WebAttack,task0,fpr,5.8102713977769905e-06
gnn_naive,none,3,WebAttack,task0,detection_rate,0.0
gnn_naive,none,3,WebAttack,task0,binary_f1,0.0
gnn_naive,none,3,WebAttack,task0,category_recall,0.0
gnn_naive,none,3,WebAttack,task1,n,385000.0
gnn_naive,none,3,WebAttack,task1,n_benign,331373.0
gnn_naive,none,3,WebAttack,task1,n_attack,53627.0
gnn_naive,none,3,WebAttack,task1,accuracy,0.8607090909090909
gnn_naive,none,3,WebAttack,task1,macro_f1,0.4625704765534156
gnn_naive,none,3,WebAttack,task1,fpr,0.0
gnn_naive,none,3,WebAttack,task1,detection_rate,0.0
gnn_naive,none,3,WebAttack,task1,binary_f1,0.0
gnn_naive,none,3,WebAttack,task1,category_recall,0.0
gnn_naive,none,3,WebAttack,task2,n,480000.0
gnn_naive,none,3,WebAttack,task2,n_benign,439090.0
gnn_naive,none,3,WebAttack,task2,n_attack,40910.0
gnn_naive,none,3,WebAttack,task2,accuracy,0.9153145833333334
gnn_naive,none,3,WebAttack,task2,macro_f1,0.32965908921448434
gnn_naive,none,3,WebAttack,task2,fpr,4.327131112072696e-05
gnn_naive,none,3,WebAttack,task2,detection_rate,0.4531410413101931
gnn_naive,none,3,WebAttack,task2,binary_f1,0.623471841525552
gnn_naive,none,3,WebAttack,task2,category_recall,0.00674717645333203
gnn_naive,none,3,WebAttack,task3,n,270000.0
gnn_naive,none,3,WebAttack,task3,n_benign,269993.0
gnn_naive,none,3,WebAttack,task3,n_attack,7.0
gnn_naive,none,3,WebAttack,task3,accuracy,0.9999925925925925
gnn_naive,none,3,WebAttack,task3,macro_f1,0.9374981480932769
gnn_naive,none,3,WebAttack,task3,fpr,7.4075994562822e-06
gnn_naive,none,3,WebAttack,task3,detection_rate,1.0
gnn_naive,none,3,WebAttack,task3,binary_f1,0.875
gnn_naive,none,3,WebAttack,task3,category_recall,1.0
gnn_naive,none,3,WebAttack,task4,n,395000.0
gnn_naive,none,3,WebAttack,task4,n_benign,393444.0
gnn_naive,none,3,WebAttack,task4,n_attack,1556.0
gnn_naive,none,3,WebAttack,task4,accuracy,0.9960455696202531
gnn_naive,none,3,WebAttack,task4,macro_f1,0.4990094338426103
gnn_naive,none,3,WebAttack,task4,fpr,1.5249946625186813e-05
gnn_naive,none,3,WebAttack,task4,detection_rate,0.0
gnn_naive,none,3,WebAttack,task4,binary_f1,0.0
gnn_naive,none,3,WebAttack,task4,category_recall,0.0
gnn_naive,none,3,WebAttack,task5,n,190000.0
gnn_naive,none,3,WebAttack,task5,n_benign,185763.0
gnn_naive,none,3,WebAttack,task5,n_attack,4237.0
gnn_naive,none,3,WebAttack,task5,accuracy,0.9776894736842106
gnn_naive,none,3,WebAttack,task5,macro_f1,0.49435944656310793
gnn_naive,none,3,WebAttack,task5,fpr,1.0766406657945876e-05
gnn_naive,none,3,WebAttack,task5,detection_rate,0.0
gnn_naive,none,3,WebAttack,task5,binary_f1,0.0
gnn_naive,none,3,WebAttack,task5,category_recall,0.0
gnn_naive,none,3,WebAttack,seen,n,1310000.0
gnn_naive,none,3,WebAttack,seen,n_benign,1212565.0
gnn_naive,none,3,WebAttack,seen,n_attack,97435.0
gnn_naive,none,3,WebAttack,seen,accuracy,0.925824427480916
gnn_naive,none,3,WebAttack,seen,macro_f1,0.19661831331674662
gnn_naive,none,3,WebAttack,seen,fpr,1.8143357263321966e-05
gnn_naive,none,3,WebAttack,seen,detection_rate,0.19033201621593884
gnn_naive,none,3,WebAttack,seen,binary_f1,0.31973586662298925
gnn_naive,none,3,WebAttack,all,n,1895000.0
gnn_naive,none,3,WebAttack,all,n_benign,1791772.0
gnn_naive,none,3,WebAttack,all,n_attack,103228.0
gnn_naive,none,3,WebAttack,all,accuracy,0.9456617414248021
gnn_naive,none,3,WebAttack,all,macro_f1,0.14164450523613217
gnn_naive,none,3,WebAttack,all,fpr,1.6743201702002264e-05
gnn_naive,none,3,WebAttack,all,detection_rate,0.17965086991901422
gnn_naive,none,3,WebAttack,all,binary_f1,0.30450809914369925
gnn_naive,none,4,Infiltration,task0,n,175000.0
gnn_naive,none,4,Infiltration,task0,n_benign,172109.0
gnn_naive,none,4,Infiltration,task0,n_attack,2891.0
gnn_naive,none,4,Infiltration,task0,accuracy,0.94776
gnn_naive,none,4,Infiltration,task0,macro_f1,0.48658972357990715
gnn_naive,none,4,Infiltration,task0,fpr,0.036320006507503964
gnn_naive,none,4,Infiltration,task0,detection_rate,0.0
gnn_naive,none,4,Infiltration,task0,binary_f1,0.0
gnn_naive,none,4,Infiltration,task0,category_recall,0.0
gnn_naive,none,4,Infiltration,task1,n,385000.0
gnn_naive,none,4,Infiltration,task1,n_benign,331373.0
gnn_naive,none,4,Infiltration,task1,n_attack,53627.0
gnn_naive,none,4,Infiltration,task1,accuracy,0.8530233766233766
gnn_naive,none,4,Infiltration,task1,macro_f1,0.46034140064534756
gnn_naive,none,4,Infiltration,task1,fpr,0.008929514474625271
gnn_naive,none,4,Infiltration,task1,detection_rate,0.0
gnn_naive,none,4,Infiltration,task1,binary_f1,0.0
gnn_naive,none,4,Infiltration,task1,category_recall,0.0
gnn_naive,none,4,Infiltration,task2,n,480000.0
gnn_naive,none,4,Infiltration,task2,n_benign,439090.0
gnn_naive,none,4,Infiltration,task2,n_attack,40910.0
gnn_naive,none,4,Infiltration,task2,accuracy,0.9147625
gnn_naive,none,4,Infiltration,task2,macro_f1,0.3184984903299513
gnn_naive,none,4,Infiltration,task2,fpr,9.109749709626728e-06
gnn_naive,none,4,Infiltration,task2,detection_rate,0.0002688829137130286
gnn_naive,none,4,Infiltration,task2,binary_f1,0.0005375687232742822
gnn_naive,none,4,Infiltration,task2,category_recall,0.0
gnn_naive,none,4,Infiltration,task3,n,270000.0
gnn_naive,none,4,Infiltration,task3,n_benign,269993.0
gnn_naive,none,4,Infiltration,task3,n_attack,7.0
gnn_naive,none,4,Infiltration,task3,accuracy,0.9999555555555556
gnn_naive,none,4,Infiltration,task3,macro_f1,0.49998888864196983
gnn_naive,none,4,Infiltration,task3,fpr,1.85189986407055e-05
gnn_naive,none,4,Infiltration,task3,detection_rate,0.0
gnn_naive,none,4,Infiltration,task3,binary_f1,0.0
gnn_naive,none,4,Infiltration,task3,category_recall,0.0
gnn_naive,none,4,Infiltration,task4,n,395000.0
gnn_naive,none,4,Infiltration,task4,n_benign,393444.0
gnn_naive,none,4,Infiltration,task4,n_attack,1556.0
gnn_naive,none,4,Infiltration,task4,accuracy,0.9999392405063291
gnn_naive,none,4,Infiltration,task4,macro_f1,0.9961336588333638
gnn_naive,none,4,Infiltration,task4,fpr,3.558320879210256e-05
gnn_naive,none,4,Infiltration,task4,detection_rate,0.993573264781491
gnn_naive,none,4,Infiltration,task4,binary_f1,0.9922978177150192
gnn_naive,none,4,Infiltration,task4,category_recall,0.993573264781491
gnn_naive,none,4,Infiltration,task5,n,190000.0
gnn_naive,none,4,Infiltration,task5,n_benign,185763.0
gnn_naive,none,4,Infiltration,task5,n_attack,4237.0
gnn_naive,none,4,Infiltration,task5,accuracy,0.9776947368421053
gnn_naive,none,4,Infiltration,task5,macro_f1,0.49436079220357565
gnn_naive,none,4,Infiltration,task5,fpr,5.383203328972938e-06
gnn_naive,none,4,Infiltration,task5,detection_rate,0.0
gnn_naive,none,4,Infiltration,task5,binary_f1,0.0
gnn_naive,none,4,Infiltration,task5,category_recall,0.0
gnn_naive,none,4,Infiltration,seen,n,1705000.0
gnn_naive,none,4,Infiltration,seen,n_benign,1606009.0
gnn_naive,none,4,Infiltration,seen,n_attack,98991.0
gnn_naive,none,4,Infiltration,seen,accuracy,0.9374322580645161
gnn_naive,none,4,Infiltration,seen,macro_f1,0.2030207166725934
gnn_naive,none,4,Infiltration,seen,fpr,0.005749033784991242
gnn_naive,none,4,Infiltration,seen,detection_rate,0.01572870260932812
gnn_naive,none,4,Infiltration,seen,binary_f1,0.028365564168663066
gnn_naive,none,4,Infiltration,all,n,1895000.0
gnn_naive,none,4,Infiltration,all,n_benign,1791772.0
gnn_naive,none,4,Infiltration,all,n_attack,103228.0
gnn_naive,none,4,Infiltration,all,accuracy,0.941469129287599
gnn_naive,none,4,Infiltration,all,macro_f1,0.17432214668584198
gnn_naive,none,4,Infiltration,all,fpr,0.005153557483876297
gnn_naive,none,4,Infiltration,all,detection_rate,0.015083116983764095
gnn_naive,none,4,Infiltration,all,binary_f1,0.027311237600750753
gnn_naive,none,5,Botnet,task0,n,175000.0
gnn_naive,none,5,Botnet,task0,n_benign,172109.0
gnn_naive,none,5,Botnet,task0,n_attack,2891.0
gnn_naive,none,5,Botnet,task0,accuracy,0.98348
gnn_naive,none,5,Botnet,task0,macro_f1,0.495835602073124
gnn_naive,none,5,Botnet,task0,fpr,0.0
gnn_naive,none,5,Botnet,task0,detection_rate,0.0
gnn_naive,none,5,Botnet,task0,binary_f1,0.0
gnn_naive,none,5,Botnet,task0,category_recall,0.0
gnn_naive,none,5,Botnet,task1,n,385000.0
gnn_naive,none,5,Botnet,task1,n_benign,331373.0
gnn_naive,none,5,Botnet,task1,n_attack,53627.0
gnn_naive,none,5,Botnet,task1,accuracy,0.8607090909090909
gnn_naive,none,5,Botnet,task1,macro_f1,0.4625704765534156
gnn_naive,none,5,Botnet,task1,fpr,0.0
gnn_naive,none,5,Botnet,task1,detection_rate,0.0
gnn_naive,none,5,Botnet,task1,binary_f1,0.0
gnn_naive,none,5,Botnet,task1,category_recall,0.0
gnn_naive,none,5,Botnet,task2,n,480000.0
gnn_naive,none,5,Botnet,task2,n_benign,439090.0
gnn_naive,none,5,Botnet,task2,n_attack,40910.0
gnn_naive,none,5,Botnet,task2,accuracy,0.9147708333333333
gnn_naive,none,5,Botnet,task2,macro_f1,0.3185128282131466
gnn_naive,none,5,Botnet,task2,fpr,0.0
gnn_naive,none,5,Botnet,task2,detection_rate,0.0011733072598386703
gnn_naive,none,5,Botnet,task2,binary_f1,0.0023438644465061773
gnn_naive,none,5,Botnet,task2,category_recall,0.0
gnn_naive,none,5,Botnet,task3,n,270000.0
gnn_naive,none,5,Botnet,task3,n_benign,269993.0
gnn_naive,none,5,Botnet,task3,n_attack,7.0
gnn_naive,none,5,Botnet,task3,accuracy,0.9999740740740741
gnn_naive,none,5,Botnet,task3,macro_f1,0.49999351843449824
gnn_naive,none,5,Botnet,task3,fpr,0.0
gnn_naive,none,5,Botnet,task3,detection_rate,0.0
gnn_naive,none,5,Botnet,task3,binary_f1,0.0
gnn_naive,none,5,Botnet,task3,category_recall,0.0
gnn_naive,none,5,Botnet,task4,n,395000.0
gnn_naive,none,5,Botnet,task4,n_benign,393444.0
gnn_naive,none,5,Botnet,task4,n_attack,1556.0
gnn_naive,none,5,Botnet,task4,accuracy,0.9960607594936709
gnn_naive,none,5,Botnet,task4,macro_f1,0.499020208438764
gnn_naive,none,5,Botnet,task4,fpr,0.0
gnn_naive,none,5,Botnet,task4,detection_rate,0.007069408740359897
gnn_naive,none,5,Botnet,task4,binary_f1,0.014039566049776643
gnn_naive,none,5,Botnet,task4,category_recall,0.0
gnn_naive,none,5,Botnet,task5,n,190000.0
gnn_naive,none,5,Botnet,task5,n_benign,185763.0
gnn_naive,none,5,Botnet,task5,n_attack,4237.0
gnn_naive,none,5,Botnet,task5,accuracy,1.0
gnn_naive,none,5,Botnet,task5,macro_f1,1.0
gnn_naive,none,5,Botnet,task5,fpr,0.0
gnn_naive,none,5,Botnet,task5,detection_rate,1.0
gnn_naive,none,5,Botnet,task5,binary_f1,1.0
gnn_naive,none,5,Botnet,task5,category_recall,1.0
gnn_naive,none,5,Botnet,seen,n,1895000.0
gnn_naive,none,5,Botnet,seen,n_benign,1791772.0
gnn_naive,none,5,Botnet,seen,n_attack,103228.0
gnn_naive,none,5,Botnet,seen,accuracy,0.9477620052770449
gnn_naive,none,5,Botnet,seen,macro_f1,0.28088857823521823
gnn_naive,none,5,Botnet,seen,fpr,0.0
gnn_naive,none,5,Botnet,seen,detection_rate,0.0416166156469175
gnn_naive,none,5,Botnet,seen,binary_f1,0.07990774152747293
gnn_naive,none,5,Botnet,all,n,1895000.0
gnn_naive,none,5,Botnet,all,n_benign,1791772.0
gnn_naive,none,5,Botnet,all,n_attack,103228.0
gnn_naive,none,5,Botnet,all,accuracy,0.9477620052770449
gnn_naive,none,5,Botnet,all,macro_f1,0.28088857823521823
gnn_naive,none,5,Botnet,all,fpr,0.0
gnn_naive,none,5,Botnet,all,detection_rate,0.0416166156469175
gnn_naive,none,5,Botnet,all,binary_f1,0.07990774152747293
gnn_ewc_replay,none,0,BruteForce,task0,n,175000.0
gnn_ewc_replay,none,0,BruteForce,task0,n_benign,172109.0
gnn_ewc_replay,none,0,BruteForce,task0,n_attack,2891.0
gnn_ewc_replay,none,0,BruteForce,task0,accuracy,1.0
gnn_ewc_replay,none,0,BruteForce,task0,macro_f1,1.0
gnn_ewc_replay,none,0,BruteForce,task0,fpr,0.0
gnn_ewc_replay,none,0,BruteForce,task0,detection_rate,1.0
gnn_ewc_replay,none,0,BruteForce,task0,binary_f1,1.0
gnn_ewc_replay,none,0,BruteForce,task0,category_recall,1.0
gnn_ewc_replay,none,0,BruteForce,task1,n,385000.0
gnn_ewc_replay,none,0,BruteForce,task1,n_benign,331373.0
gnn_ewc_replay,none,0,BruteForce,task1,n_attack,53627.0
gnn_ewc_replay,none,0,BruteForce,task1,accuracy,0.8607090909090909
gnn_ewc_replay,none,0,BruteForce,task1,macro_f1,0.4994114783573238
gnn_ewc_replay,none,0,BruteForce,task1,fpr,0.0
gnn_ewc_replay,none,0,BruteForce,task1,detection_rate,0.985436440598952
gnn_ewc_replay,none,0,BruteForce,task1,binary_f1,0.9926648070402825
gnn_ewc_replay,none,0,BruteForce,task1,category_recall,0.0
gnn_ewc_replay,none,0,BruteForce,task2,n,480000.0
gnn_ewc_replay,none,0,BruteForce,task2,n_benign,439090.0
gnn_ewc_replay,none,0,BruteForce,task2,n_attack,40910.0
gnn_ewc_replay,none,0,BruteForce,task2,accuracy,0.91476875
gnn_ewc_replay,none,0,BruteForce,task2,macro_f1,0.31877397807003693
gnn_ewc_replay,none,0,BruteForce,task2,fpr,2.277437427406682e-06
gnn_ewc_replay,none,0,BruteForce,task2,detection_rate,0.019604008799804448
gnn_ewc_replay,none,0,BruteForce,task2,binary_f1,0.0384532399971232
gnn_ewc_replay,none,0,BruteForce,task2,category_recall,0.0
gnn_ewc_replay,none,0,BruteForce,task3,n,270000.0
gnn_ewc_replay,none,0,BruteForce,task3,n_benign,269993.0
gnn_ewc_replay,none,0,BruteForce,task3,n_attack,7.0
gnn_ewc_replay,none,0,BruteForce,task3,accuracy,0.9999703703703704
gnn_ewc_replay,none,0,BruteForce,task3,macro_f1,0.4999925924828516
gnn_ewc_replay,none,0,BruteForce,task3,fpr,3.7037997281411e-06
gnn_ewc_replay,none,0,BruteForce,task3,detection_rate,0.0
gnn_ewc_replay,none,0,BruteForce,task3,binary_f1,0.0
gnn_ewc_replay,none,0,BruteForce,task3,category_recall,0.0
gnn_ewc_replay,none,0,BruteForce,task4,n,395000.0
gnn_ewc_replay,none,0,BruteForce,task4,n_benign,393444.0
gnn_ewc_replay,none,0,BruteForce,task4,n_attack,1556.0
gnn_ewc_replay,none,0,BruteForce,task4,accuracy,0.9960582278481013
gnn_ewc_replay,none,0,BruteForce,task4,macro_f1,0.499012610930657
gnn_ewc_replay,none,0,BruteForce,task4,fpr,2.5416577708644688e-06
gnn_ewc_replay,none,0,BruteForce,task4,detection_rate,0.0
gnn_ewc_replay,none,0,BruteForce,task4,binary_f1,0.0
gnn_ewc_replay,none,0,BruteForce,task4,category_recall,0.0
gnn_ewc_replay,none,0,BruteForce,task5,n,190000.0
gnn_ewc_replay,none,0,BruteForce,task5,n_benign,185763.0
gnn_ewc_replay,none,0,BruteForce,task5,n_attack,4237.0
gnn_ewc_replay,none,0,BruteForce,task5,accuracy,0.9777
gnn_ewc_replay,none,0,BruteForce,task5,macro_f1,0.4943621378368812
gnn_ewc_replay,none,0,BruteForce,task5,fpr,0.0
gnn_ewc_replay,none,0,BruteForce,task5,detection_rate,0.0
gnn_ewc_replay,none,0,BruteForce,task5,binary_f1,0.0
gnn_ewc_replay,none,0,BruteForce,task5,category_recall,0.0
gnn_ewc_replay,none,0,BruteForce,seen,n,175000.0
gnn_ewc_replay,none,0,BruteForce,seen,n_benign,172109.0
gnn_ewc_replay,none,0,BruteForce,seen,n_attack,2891.0
gnn_ewc_replay,none,0,BruteForce,seen,accuracy,1.0
gnn_ewc_replay,none,0,BruteForce,seen,macro_f1,1.0
gnn_ewc_replay,none,0,BruteForce,seen,fpr,0.0
gnn_ewc_replay,none,0,BruteForce,seen,detection_rate,1.0
gnn_ewc_replay,none,0,BruteForce,seen,binary_f1,1.0
gnn_ewc_replay,none,0,BruteForce,all,n,1895000.0
gnn_ewc_replay,none,0,BruteForce,all,n_benign,1791772.0
gnn_ewc_replay,none,0,BruteForce,all,n_attack,103228.0
gnn_ewc_replay,none,0,BruteForce,all,accuracy,0.9470501319261214
gnn_ewc_replay,none,0,BruteForce,all,macro_f1,0.15491771779734456
gnn_ewc_replay,none,0,BruteForce,all,fpr,1.6743201702002264e-06
gnn_ewc_replay,none,0,BruteForce,all,detection_rate,0.5477099236641222
gnn_ewc_replay,none,0,BruteForce,all,binary_f1,0.707754897665394
gnn_ewc_replay,none,1,DoS,task0,n,175000.0
gnn_ewc_replay,none,1,DoS,task0,n_benign,172109.0
gnn_ewc_replay,none,1,DoS,task0,n_attack,2891.0
gnn_ewc_replay,none,1,DoS,task0,accuracy,1.0
gnn_ewc_replay,none,1,DoS,task0,macro_f1,1.0
gnn_ewc_replay,none,1,DoS,task0,fpr,0.0
gnn_ewc_replay,none,1,DoS,task0,detection_rate,1.0
gnn_ewc_replay,none,1,DoS,task0,binary_f1,1.0
gnn_ewc_replay,none,1,DoS,task0,category_recall,1.0
gnn_ewc_replay,none,1,DoS,task1,n,385000.0
gnn_ewc_replay,none,1,DoS,task1,n_benign,331373.0
gnn_ewc_replay,none,1,DoS,task1,n_attack,53627.0
gnn_ewc_replay,none,1,DoS,task1,accuracy,0.9997376623376624
gnn_ewc_replay,none,1,DoS,task1,macro_f1,0.9994526104217016
gnn_ewc_replay,none,1,DoS,task1,fpr,3.0177473722964755e-05
gnn_ewc_replay,none,1,DoS,task1,detection_rate,0.9983030935909151
gnn_ewc_replay,none,1,DoS,task1,binary_f1,0.9990575984622992
gnn_ewc_replay,none,1,DoS,task1,category_recall,0.9983030935909151
gnn_ewc_replay,none,1,DoS,task2,n,480000.0
gnn_ewc_replay,none,1,DoS,task2,n_benign,439090.0
gnn_ewc_replay,none,1,DoS,task2,n_attack,40910.0
gnn_ewc_replay,none,1,DoS,task2,accuracy,0.9147708333333333
gnn_ewc_replay,none,1,DoS,task2,macro_f1,0.3184961936988398
gnn_ewc_replay,none,1,DoS,task2,fpr,0.0
gnn_ewc_replay,none,1,DoS,task2,detection_rate,0.0
gnn_ewc_replay,none,1,DoS,task2,binary_f1,0.0
gnn_ewc_replay,none,1,DoS,task2,category_recall,0.0
gnn_ewc_replay,none,1,DoS,task3,n,270000.0
gnn_ewc_replay,none,1,DoS,task3,n_benign,269993.0
gnn_ewc_replay,none,1,DoS,task3,n_attack,7.0
gnn_ewc_replay,none,1,DoS,task3,accuracy,0.9999703703703704
gnn_ewc_replay,none,1,DoS,task3,macro_f1,0.4999925924828516
gnn_ewc_replay,none,1,DoS,task3,fpr,3.7037997281411e-06
gnn_ewc_replay,none,1,DoS,task3,detection_rate,0.0
gnn_ewc_replay,none,1,DoS,task3,binary_f1,0.0
gnn_ewc_replay,none,1,DoS,task3,category_recall,0.0
gnn_ewc_replay,none,1,DoS,task4,n,395000.0
gnn_ewc_replay,none,1,DoS,task4,n_benign,393444.0
gnn_ewc_replay,none,1,DoS,task4,n_attack,1556.0
gnn_ewc_replay,none,1,DoS,task4,accuracy,0.9960607594936709
gnn_ewc_replay,none,1,DoS,task4,macro_f1,0.49901324634343086
gnn_ewc_replay,none,1,DoS,task4,fpr,0.0
gnn_ewc_replay,none,1,DoS,task4,detection_rate,0.0
gnn_ewc_replay,none,1,DoS,task4,binary_f1,0.0
gnn_ewc_replay,none,1,DoS,task4,category_recall,0.0
gnn_ewc_replay,none,1,DoS,task5,n,190000.0
gnn_ewc_replay,none,1,DoS,task5,n_benign,185763.0
gnn_ewc_replay,none,1,DoS,task5,n_attack,4237.0
gnn_ewc_replay,none,1,DoS,task5,accuracy,0.9777
gnn_ewc_replay,none,1,DoS,task5,macro_f1,0.4943621378368812
gnn_ewc_replay,none,1,DoS,task5,fpr,0.0
gnn_ewc_replay,none,1,DoS,task5,detection_rate,0.0
gnn_ewc_replay,none,1,DoS,task5,binary_f1,0.0
gnn_ewc_replay,none,1,DoS,task5,category_recall,0.0
gnn_ewc_replay,none,1,DoS,seen,n,560000.0
gnn_ewc_replay,none,1,DoS,seen,n_benign,503482.0
gnn_ewc_replay,none,1,DoS,seen,n_attack,56518.0
gnn_ewc_replay,none,1,DoS,seen,accuracy,0.9998196428571429
gnn_ewc_replay,none,1,DoS,seen,macro_f1,0.9996524350098444
gnn_ewc_replay,none,1,DoS,seen,fpr,1.9861683237931047e-05
gnn_ewc_replay,none,1,DoS,seen,detection_rate,0.9983898934852613
gnn_ewc_replay,none,1,DoS,seen,binary_f1,0.9991058386082954
gnn_ewc_replay,none,1,DoS,all,n,1895000.0
gnn_ewc_replay,none,1,DoS,all,n_benign,1791772.0
gnn_ewc_replay,none,1,DoS,all,n_attack,103228.0
gnn_ewc_replay,none,1,DoS,all,accuracy,0.9752970976253298
gnn_ewc_replay,none,1,DoS,all,macro_f1,0.4265699995024349
gnn_ewc_replay,none,1,DoS,all,fpr,6.13917395740083e-06
gnn_ewc_replay,none,1,DoS,all,detection_rate,0.5466249467198822
gnn_ewc_replay,none,1,DoS,all,binary_f1,0.7068129720792153
gnn_ewc_replay,none,2,DDoS,task0,n,175000.0
gnn_ewc_replay,none,2,DDoS,task0,n_benign,172109.0
gnn_ewc_replay,none,2,DDoS,task0,n_attack,2891.0
gnn_ewc_replay,none,2,DDoS,task0,accuracy,1.0
gnn_ewc_replay,none,2,DDoS,task0,macro_f1,1.0
gnn_ewc_replay,none,2,DDoS,task0,fpr,0.0
gnn_ewc_replay,none,2,DDoS,task0,detection_rate,1.0
gnn_ewc_replay,none,2,DDoS,task0,binary_f1,1.0
gnn_ewc_replay,none,2,DDoS,task0,category_recall,1.0
gnn_ewc_replay,none,2,DDoS,task1,n,385000.0
gnn_ewc_replay,none,2,DDoS,task1,n_benign,331373.0
gnn_ewc_replay,none,2,DDoS,task1,n_attack,53627.0
gnn_ewc_replay,none,2,DDoS,task1,accuracy,0.9997376623376624
gnn_ewc_replay,none,2,DDoS,task1,macro_f1,0.9994525847300684
gnn_ewc_replay,none,2,DDoS,task1,fpr,2.1124231606075328e-05
gnn_ewc_replay,none,2,DDoS,task1,detection_rate,0.9982471516213848
gnn_ewc_replay,none,2,DDoS,task1,binary_f1,0.9990575456997023
gnn_ewc_replay,none,2,DDoS,task1,category_recall,0.9982471516213848
gnn_ewc_replay,none,2,DDoS,task2,n,480000.0
gnn_ewc_replay,none,2,DDoS,task2,n_benign,439090.0
gnn_ewc_replay,none,2,DDoS,task2,n_attack,40910.0
gnn_ewc_replay,none,2,DDoS,task2,accuracy,0.9999708333333334
gnn_ewc_replay,none,2,DDoS,task2,macro_f1,0.8147932039785574
gnn_ewc_replay,none,2,DDoS,task2,fpr,3.1884123983693546e-05
gnn_ewc_replay,none,2,DDoS,task2,detection_rate,1.0
gnn_ewc_replay,none,2,DDoS,task2,binary_f1,0.9998289219639759
gnn_ewc_replay,none,2,DDoS,task2,category_recall,1.0
gnn_ewc_replay,none,2,DDoS,task3,n,270000.0
gnn_ewc_replay,none,2,DDoS,task3,n_benign,269993.0
gnn_ewc_replay,none,2,DDoS,task3,n_attack,7.0
gnn_ewc_replay,none,2,DDoS,task3,accuracy,0.9999851851851852
gnn_ewc_replay,none,2,DDoS,task3,macro_f1,0.9117610020551883
gnn_ewc_replay,none,2,DDoS,task3,fpr,1.48151989125644e-05
gnn_ewc_replay,none,2,DDoS,task3,detection_rate,1.0
gnn_ewc_replay,none,2,DDoS,task3,binary_f1,0.7777777777777778
gnn_ewc_replay,none,2,DDoS,task3,category_recall,1.0
gnn_ewc_replay,none,2,DDoS,task4,n,395000.0
gnn_ewc_replay,none,2,DDoS,task4,n_benign,393444.0
gnn_ewc_replay,none,2,DDoS,task4,n_attack,1556.0
gnn_ewc_replay,none,2,DDoS,task4,accuracy,0.9960506329113924
gnn_ewc_replay,none,2,DDoS,task4,macro_f1,0.4990107046826645
gnn_ewc_replay,none,2,DDoS,task4,fpr,1.0166631083457875e-05
gnn_ewc_replay,none,2,DDoS,task4,detection_rate,0.0
gnn_ewc_replay,none,2,DDoS,task4,binary_f1,0.0
gnn_ewc_replay,none,2,DDoS,task4,category_recall,0.0
gnn_ewc_replay,none,2,DDoS,task5,n,190000.0
gnn_ewc_replay,none,2,DDoS,task5,n_benign,185763.0
gnn_ewc_replay,none,2,DDoS,task5,n_attack,4237.0
gnn_ewc_replay,none,2,DDoS,task5,accuracy,0.9776947368421053
gnn_ewc_replay,none,2,DDoS,task5,macro_f1,0.49436079220357565
gnn_ewc_replay,none,2,DDoS,task5,fpr,5.383203328972938e-06
gnn_ewc_replay,none,2,DDoS,task5,detection_rate,0.0
gnn_ewc_replay,none,2,DDoS,task5,binary_f1,0.0
gnn_ewc_replay,none,2,DDoS,task5,category_recall,0.0
gnn_ewc_replay,none,2,DDoS,seen,n,1040000.0
gnn_ewc_replay,none,2,DDoS,seen,n_benign,942572.0
gnn_ewc_replay,none,2,DDoS,seen,n_attack,97428.0
gnn_ewc_replay,none,2,DDoS,seen,accuracy,0.9998894230769231
gnn_ewc_replay,none,2,DDoS,seen,macro_f1,0.8886784198032697
gnn_ewc_replay,none,2,DDoS,seen,fpr,2.227946512308874e-05
gnn_ewc_replay,none,2,DDoS,seen,detection_rate,0.9990351849570965
gnn_ewc_replay,none,2,DDoS,seen,binary_f1,0.9994095994003583
gnn_ewc_replay,none,2,DDoS,all,n,1895000.0
gnn_ewc_replay,none,2,DDoS,all,n_benign,1791772.0
gnn_ewc_replay,none,2,DDoS,all,n_attack,103228.0
gnn_ewc_replay,none,2,DDoS,all,accuracy,0.9968775725593667
gnn_ewc_replay,none,2,DDoS,all,macro_f1,0.649621138462946
gnn_ewc_replay,none,2,DDoS,all,fpr,1.6743201702002264e-05
gnn_ewc_replay,none,2,DDoS,all,detection_rate,0.9429708993683884
gnn_ewc_replay,none,2,DDoS,all,binary_f1,0.9705033424892447
gnn_ewc_replay,none,3,WebAttack,task0,n,175000.0
gnn_ewc_replay,none,3,WebAttack,task0,n_benign,172109.0
gnn_ewc_replay,none,3,WebAttack,task0,n_attack,2891.0
gnn_ewc_replay,none,3,WebAttack,task0,accuracy,1.0
gnn_ewc_replay,none,3,WebAttack,task0,macro_f1,1.0
gnn_ewc_replay,none,3,WebAttack,task0,fpr,0.0
gnn_ewc_replay,none,3,WebAttack,task0,detection_rate,1.0
gnn_ewc_replay,none,3,WebAttack,task0,binary_f1,1.0
gnn_ewc_replay,none,3,WebAttack,task0,category_recall,1.0
gnn_ewc_replay,none,3,WebAttack,task1,n,385000.0
gnn_ewc_replay,none,3,WebAttack,task1,n_benign,331373.0
gnn_ewc_replay,none,3,WebAttack,task1,n_attack,53627.0
gnn_ewc_replay,none,3,WebAttack,task1,accuracy,0.9997272727272727
gnn_ewc_replay,none,3,WebAttack,task1,macro_f1,0.9994495669008054
gnn_ewc_replay,none,3,WebAttack,task1,fpr,3.319522109526123e-05
gnn_ewc_replay,none,3,WebAttack,task1,detection_rate,0.9982471516213848
gnn_ewc_replay,none,3,WebAttack,task1,binary_f1,0.9990202573457372
gnn_ewc_replay,none,3,WebAttack,task1,category_recall,0.9982471516213848
gnn_ewc_replay,none,3,WebAttack,task2,n,480000.0
gnn_ewc_replay,none,3,WebAttack,task2,n_benign,439090.0
gnn_ewc_replay,none,3,WebAttack,task2,n_attack,40910.0
gnn_ewc_replay,none,3,WebAttack,task2,accuracy,0.9999145833333334
gnn_ewc_replay,none,3,WebAttack,task2,macro_f1,0.7246139693790955
gnn_ewc_replay,none,3,WebAttack,task2,fpr,9.337493452367396e-05
gnn_ewc_replay,none,3,WebAttack,task2,detection_rate,1.0
gnn_ewc_replay,none,3,WebAttack,task2,binary_f1,0.9994991509998656
gnn_ewc_replay,none,3,WebAttack,task2,category_recall,1.0
gnn_ewc_replay,none,3,WebAttack,task3,n,270000.0
gnn_ewc_replay,none,3,WebAttack,task3,n_benign,269993.0
gnn_ewc_replay,none,3,WebAttack,task3,n_attack,7.0
gnn_ewc_replay,none,3,WebAttack,task3,accuracy,0.9999740740740741
gnn_ewc_replay,none,3,WebAttack,task3,macro_f1,0.8499935182664511
gnn_ewc_replay,none,3,WebAttack,task3,fpr,2.59265980969877e-05
gnn_ewc_replay,none,3,WebAttack,task3,detection_rate,1.0
gnn_ewc_replay,none,3,WebAttack,task3,binary_f1,0.6666666666666666
gnn_ewc_replay,none,3,WebAttack,task3,category_recall,1.0
gnn_ewc_replay,none,3,WebAttack,task4,n,395000.0
gnn_ewc_replay,none,3,WebAttack,task4,n_benign,393444.0
gnn_ewc_replay,none,3,WebAttack,task4,n_attack,1556.0
gnn_ewc_replay,none,3,WebAttack,task4,accuracy,0.9960405063291139
gnn_ewc_replay,none,3,WebAttack,task4,macro_f1,0.49900816299610873
gnn_ewc_replay,none,3,WebAttack,task4,fpr,2.033326216691575e-05
gnn_ewc_replay,none,3,WebAttack,task4,detection_rate,0.0
gnn_ewc_replay,none,3,WebAttack,task4,binary_f1,0.0
gnn_ewc_replay,none,3,WebAttack,task4,category_recall,0.0
gnn_ewc_replay,none,3,WebAttack,task5,n,190000.0
gnn_ewc_replay,none,3,WebAttack,task5,n_benign,185763.0
gnn_ewc_replay,none,3,WebAttack,task5,n_attack,4237.0
gnn_ewc_replay,none,3,WebAttack,task5,accuracy,0.9776789473684211
gnn_ewc_replay,none,3,WebAttack,task5,macro_f1,0.49435675526068573
gnn_ewc_replay,none,3,WebAttack,task5,fpr,2.1532813315891753e-05
gnn_ewc_replay,none,3,WebAttack,task5,detection_rate,0.0
gnn_ewc_replay,none,3,WebAttack,task5,binary_f1,0.0
gnn_ewc_replay,none,3,WebAttack,task5,category_recall,0.0
gnn_ewc_replay,none,3,WebAttack,seen,n,1310000.0
gnn_ewc_replay,none,3,WebAttack,seen,n_benign,1212565.0
gnn_ewc_replay,none,3,WebAttack,seen,n_attack,97435.0
gnn_ewc_replay,none,3,WebAttack,seen,accuracy,0.9998832061068702
gnn_ewc_replay,none,3,WebAttack,seen,macro_f1,0.86261411655449
gnn_ewc_replay,none,3,WebAttack,seen,fpr,4.865718538799982e-05
gnn_ewc_replay,none,3,WebAttack,seen,detection_rate,0.9990352542720788
gnn_ewc_replay,none,3,WebAttack,seen,binary_f1,0.9992147201478174
gnn_ewc_replay,none,3,WebAttack,all,n,1895000.0
gnn_ewc_replay,none,3,WebAttack,all,n_benign,1791772.0
gnn_ewc_replay,none,3,WebAttack,all,n_attack,103228.0
gnn_ewc_replay,none,3,WebAttack,all,accuracy,0.9968559366754618
gnn_ewc_replay,none,3,WebAttack,all,macro_f1,0.6093543905657454
gnn_ewc_replay,none,3,WebAttack,all,fpr,3.9625577361405356e-05
gnn_ewc_replay,none,3,WebAttack,all,detection_rate,0.9429708993683884
gnn_ewc_replay,none,3,WebAttack,all,binary_f1,0.970305023923445
gnn_ewc_replay,none,4,Infiltration,task0,n,175000.0
gnn_ewc_replay,none,4,Infiltration,task0,n_benign,172109.0
gnn_ewc_replay,none,4,Infiltration,task0,n_attack,2891.0
gnn_ewc_replay,none,4,Infiltration,task0,accuracy,0.9999771428571429
gnn_ewc_replay,none,4,Infiltration,task0,macro_f1,0.9999941896610829
gnn_ewc_replay,none,4,Infiltration,task0,fpr,2.3241085591107962e-05
gnn_ewc_replay,none,4,Infiltration,task0,detection_rate,1.0
gnn_ewc_replay,none,4,Infiltration,task0,binary_f1,0.9993086761147598
gnn_ewc_replay,none,4,Infiltration,task0,category_recall,1.0
gnn_ewc_replay,none,4,Infiltration,task1,n,385000.0
gnn_ewc_replay,none,4,Infiltration,task1,n_benign,331373.0
gnn_ewc_replay,none,4,Infiltration,task1,n_attack,53627.0
gnn_ewc_replay,none,4,Infiltration,task1,accuracy,0.9999116883116883
gnn_ewc_replay,none,4,Infiltration,task1,macro_f1,0.9998484760402855
gnn_ewc_replay,none,4,Infiltration,task1,fpr,5.733720007363304e-05
gnn_ewc_replay,none,4,Infiltration,task1,detection_rate,0.9997202901523486
gnn_ewc_replay,none,4,Infiltration,task1,binary_f1,0.9996830073281248
gnn_ewc_replay,none,4,Infiltration,task1,category_recall,0.9997202901523486
gnn_ewc_replay,none,4,Infiltration,task2,n,480000.0
gnn_ewc_replay,none,4,Infiltration,task2,n_benign,439090.0
gnn_ewc_replay,none,4,Infiltration,task2,n_attack,40910.0
gnn_ewc_replay,none,4,Infiltration,task2,accuracy,0.9999645833333334
gnn_ewc_replay,none,4,Infiltration,task2,macro_f1,0.8235148103357819
gnn_ewc_replay,none,4,Infiltration,task2,fpr,3.871643626591359e-05
gnn_ewc_replay,none,4,Infiltration,task2,detection_rate,1.0
gnn_ewc_replay,none,4,Infiltration,task2,binary_f1,0.9997922700001222
gnn_ewc_replay,none,4,Infiltration,task2,category_recall,1.0
gnn_ewc_replay,none,4,Infiltration,task3,n,270000.0
gnn_ewc_replay,none,4,Infiltration,task3,n_benign,269993.0
gnn_ewc_replay,none,4,Infiltration,task3,n_attack,7.0
gnn_ewc_replay,none,4,Infiltration,task3,accuracy,0.9999888888888889
gnn_ewc_replay,none,4,Infiltration,task3,macro_f1,0.9285686507164881
gnn_ewc_replay,none,4,Infiltration,task3,fpr,7.4075994562822e-06
gnn_ewc_replay,none,4,Infiltration,task3,detection_rate,0.8571428571428571
gnn_ewc_replay,none,4,Infiltration,task3,binary_f1,0.8
gnn_ewc_replay,none,4,Infiltration,task3,category_recall,0.8571428571428571
gnn_ewc_replay,none,4,Infiltration,task4,n,395000.0
gnn_ewc_replay,none,4,Infiltration,task4,n_benign,393444.0
gnn_ewc_replay,none,4,Infiltration,task4,n_attack,1556.0
gnn_ewc_replay,none,4,Infiltration,task4,accuracy,0.9999392405063291
gnn_ewc_replay,none,4,Infiltration,task4,macro_f1,0.9964500456444346
gnn_ewc_replay,none,4,Infiltration,task4,fpr,3.3041551021238096e-05
gnn_ewc_replay,none,4,Infiltration,task4,detection_rate,0.9929305912596401
gnn_ewc_replay,none,4,Infiltration,task4,binary_f1,0.9922928709055877
gnn_ewc_replay,none,4,Infiltration,task4,category_recall,0.9929305912596401
gnn_ewc_replay,none,4,Infiltration,task5,n,190000.0
gnn_ewc_replay,none,4,Infiltration,task5,n_benign,185763.0
gnn_ewc_replay,none,4,Infiltration,task5,n_attack,4237.0
gnn_ewc_replay,none,4,Infiltration,task5,accuracy,0.9776736842105264
gnn_ewc_replay,none,4,Infiltration,task5,macro_f1,0.494361987795174
gnn_ewc_replay,none,4,Infiltration,task5,fpr,2.6916016644864694e-05
gnn_ewc_replay,none,4,Infiltration,task5,detection_rate,0.001180080245456691
gnn_ewc_replay,none,4,Infiltration,task5,binary_f1,0.0023546032493524842
gnn_ewc_replay,none,4,Infiltration,task5,category_recall,0.0
gnn_ewc_replay,none,4,Infiltration,seen,n,1705000.0
gnn_ewc_replay,none,4,Infiltration,seen,n_benign,1606009.0
gnn_ewc_replay,none,4,Infiltration,seen,n_attack,98991.0
gnn_ewc_replay,none,4,Infiltration,seen,accuracy,0.9999519061583577
gnn_ewc_replay,none,4,Infiltration,seen,macro_f1,0.9321869864111645
gnn_ewc_replay,none,4,Infiltration,seen,fpr,3.424638342624481e-05
gnn_ewc_replay,none,4,Infiltration,seen,detection_rate,0.9997272479316301
gnn_ewc_replay,none,4,Infiltration,seen,binary_f1,0.9995858795010353
gnn_ewc_replay,none,4,Infiltration,all,n,1895000.0
gnn_ewc_replay,none,4,Infiltration,all,n_benign,1791772.0
gnn_ewc_replay,none,4,Infiltration,all,n_attack,103228.0
gnn_ewc_replay,none,4,Infiltration,all,accuracy,0.9977182058047493
gnn_ewc_replay,none,4,Infiltration,all,macro_f1,0.798572516880146
gnn_ewc_replay,none,4,Infiltration,all,fpr,3.348640340400453e-05
gnn_ewc_replay,none,4,Infiltration,all,detection_rate,0.9587418142364474
gnn_ewc_replay,none,4,Infiltration,all,binary_f1,0.9786459801144088
gnn_ewc_replay,none,5,Botnet,task0,n,175000.0
gnn_ewc_replay,none,5,Botnet,task0,n_benign,172109.0
gnn_ewc_replay,none,5,Botnet,task0,n_attack,2891.0
gnn_ewc_replay,none,5,Botnet,task0,accuracy,0.9999885714285714
gnn_ewc_replay,none,5,Botnet,task0,macro_f1,0.9999970948474214
gnn_ewc_replay,none,5,Botnet,task0,fpr,1.1620542795553981e-05
gnn_ewc_replay,none,5,Botnet,task0,detection_rate,1.0
gnn_ewc_replay,none,5,Botnet,task0,binary_f1,0.9996542185338866
gnn_ewc_replay,none,5,Botnet,task0,category_recall,1.0
gnn_ewc_replay,none,5,Botnet,task1,n,385000.0
gnn_ewc_replay,none,5,Botnet,task1,n_benign,331373.0
gnn_ewc_replay,none,5,Botnet,task1,n_attack,53627.0
gnn_ewc_replay,none,5,Botnet,task1,accuracy,0.9997220779220779
gnn_ewc_replay,none,5,Botnet,task1,macro_f1,0.9994247529687432
gnn_ewc_replay,none,5,Botnet,task1,fpr,3.9230715839854185e-05
gnn_ewc_replay,none,5,Botnet,task1,detection_rate,0.9982471516213848
gnn_ewc_replay,none,5,Botnet,task1,binary_f1,0.9990016142125349
gnn_ewc_replay,none,5,Botnet,task1,category_recall,0.9982471516213848
gnn_ewc_replay,none,5,Botnet,task2,n,480000.0
gnn_ewc_replay,none,5,Botnet,task2,n_benign,439090.0
gnn_ewc_replay,none,5,Botnet,task2,n_attack,40910.0
gnn_ewc_replay,none,5,Botnet,task2,accuracy,0.9999791666666666
gnn_ewc_replay,none,5,Botnet,task2,macro_f1,0.8333254632289494
gnn_ewc_replay,none,5,Botnet,task2,fpr,2.277437427406682e-05
gnn_ewc_replay,none,5,Botnet,task2,detection_rate,1.0
gnn_ewc_replay,none,5,Botnet,task2,binary_f1,0.999877795429549
gnn_ewc_replay,none,5,Botnet,task2,category_recall,1.0
gnn_ewc_replay,none,5,Botnet,task3,n,270000.0
gnn_ewc_replay,none,5,Botnet,task3,n_benign,269993.0
gnn_ewc_replay,none,5,Botnet,task3,n_attack,7.0
gnn_ewc_replay,none,5,Botnet,task3,accuracy,0.9999888888888889
gnn_ewc_replay,none,5,Botnet,task3,macro_f1,0.9285686507164881
gnn_ewc_replay,none,5,Botnet,task3,fpr,7.4075994562822e-06
gnn_ewc_replay,none,5,Botnet,task3,detection_rate,0.8571428571428571
gnn_ewc_replay,none,5,Botnet,task3,binary_f1,0.8
gnn_ewc_replay,none,5,Botnet,task3,category_recall,0.8571428571428571
gnn_ewc_replay,none,5,Botnet,task4,n,395000.0
gnn_ewc_replay,none,5,Botnet,task4,n_benign,393444.0
gnn_ewc_replay,none,5,Botnet,task4,n_attack,1556.0
gnn_ewc_replay,none,5,Botnet,task4,accuracy,0.9999164556962026
gnn_ewc_replay,none,5,Botnet,task4,macro_f1,0.994961862139698
gnn_ewc_replay,none,5,Botnet,task4,fpr,1.5249946625186813e-05
gnn_ewc_replay,none,5,Botnet,task4,detection_rate,0.9832904884318766
gnn_ewc_replay,none,5,Botnet,task4,binary_f1,0.9896507115135834
gnn_ewc_replay,none,5,Botnet,task4,category_recall,0.9826478149100257
gnn_ewc_replay,none,5,Botnet,task5,n,190000.0
gnn_ewc_replay,none,5,Botnet,task5,n_benign,185763.0
gnn_ewc_replay,none,5,Botnet,task5,n_attack,4237.0
gnn_ewc_replay,none,5,Botnet,task5,accuracy,0.9999684210526316
gnn_ewc_replay,none,5,Botnet,task5,macro_f1,0.9996379846135484
gnn_ewc_replay,none,5,Botnet,task5,fpr,2.1532813315891753e-05
gnn_ewc_replay,none,5,Botnet,task5,detection_rate,0.9995279679018173
gnn_ewc_replay,none,5,Botnet,task5,binary_f1,0.9992921189240208
gnn_ewc_replay,none,5,Botnet,task5,category_recall,0.9995279679018173
gnn_ewc_replay,none,5,Botnet,seen,n,1895000.0
gnn_ewc_replay,none,5,Botnet,seen,n_benign,1791772.0
gnn_ewc_replay,none,5,Botnet,seen,n_attack,103228.0
gnn_ewc_replay,none,5,Botnet,seen,accuracy,0.9999150395778365
gnn_ewc_replay,none,5,Botnet,seen,macro_f1,0.9446065588945645
gnn_ewc_replay,none,5,Botnet,seen,fpr,2.064994876580279e-05
gnn_ewc_replay,none,5,Botnet,seen,detection_rate,0.9988084628201651
gnn_ewc_replay,none,5,Botnet,seen,binary_f1,0.9992246935116538
gnn_ewc_replay,none,5,Botnet,all,n,1895000.0
gnn_ewc_replay,none,5,Botnet,all,n_benign,1791772.0
gnn_ewc_replay,none,5,Botnet,all,n_attack,103228.0
gnn_ewc_replay,none,5,Botnet,all,accuracy,0.9999150395778365
gnn_ewc_replay,none,5,Botnet,all,macro_f1,0.9446065588945645
gnn_ewc_replay,none,5,Botnet,all,fpr,2.064994876580279e-05
gnn_ewc_replay,none,5,Botnet,all,detection_rate,0.9988084628201651
gnn_ewc_replay,none,5,Botnet,all,binary_f1,0.9992246935116538
ffnn_ewc_replay,none,0,BruteForce,task0,n,175000.0
ffnn_ewc_replay,none,0,BruteForce,task0,n_benign,172109.0
ffnn_ewc_replay,none,0,BruteForce,task0,n_attack,2891.0
ffnn_ewc_replay,none,0,BruteForce,task0,accuracy,1.0
ffnn_ewc_replay,none,0,BruteForce,task0,macro_f1,1.0
ffnn_ewc_replay,none,0,BruteForce,task0,fpr,0.0
ffnn_ewc_replay,none,0,BruteForce,task0,detection_rate,1.0
ffnn_ewc_replay,none,0,BruteForce,task0,binary_f1,1.0
ffnn_ewc_replay,none,0,BruteForce,task0,category_recall,1.0
ffnn_ewc_replay,none,0,BruteForce,task1,n,385000.0
ffnn_ewc_replay,none,0,BruteForce,task1,n_benign,331373.0
ffnn_ewc_replay,none,0,BruteForce,task1,n_attack,53627.0
ffnn_ewc_replay,none,0,BruteForce,task1,accuracy,0.8607090909090909
ffnn_ewc_replay,none,0,BruteForce,task1,macro_f1,0.4625704765534156
ffnn_ewc_replay,none,0,BruteForce,task1,fpr,0.0
ffnn_ewc_replay,none,0,BruteForce,task1,detection_rate,0.0
ffnn_ewc_replay,none,0,BruteForce,task1,binary_f1,0.0
ffnn_ewc_replay,none,0,BruteForce,task1,category_recall,0.0
ffnn_ewc_replay,none,0,BruteForce,task2,n,480000.0
ffnn_ewc_replay,none,0,BruteForce,task2,n_benign,439090.0
ffnn_ewc_replay,none,0,BruteForce,task2,n_attack,40910.0
ffnn_ewc_replay,none,0,BruteForce,task2,accuracy,0.9147708333333333
ffnn_ewc_replay,none,0,BruteForce,task2,macro_f1,0.3184961936988398
ffnn_ewc_replay,none,0,BruteForce,task2,fpr,0.0
ffnn_ewc_replay,none,0,BruteForce,task2,detection_rate,0.0
ffnn_ewc_replay,none,0,BruteForce,task2,binary_f1,0.0
ffnn_ewc_replay,none,0,BruteForce,task2,category_recall,0.0
ffnn_ewc_replay,none,0,BruteForce,task3,n,270000.0
ffnn_ewc_replay,none,0,BruteForce,task3,n_benign,269993.0
ffnn_ewc_replay,none,0,BruteForce,task3,n_attack,7.0
ffnn_ewc_replay,none,0,BruteForce,task3,accuracy,0.9999740740740741
ffnn_ewc_replay,none,0,BruteForce,task3,macro_f1,0.49999351843449824
ffnn_ewc_replay,none,0,BruteForce,task3,fpr,0.0
ffnn_ewc_replay,none,0,BruteForce,task3,detection_rate,0.0
ffnn_ewc_replay,none,0,BruteForce,task3,binary_f1,0.0
ffnn_ewc_replay,none,0,BruteForce,task3,category_recall,0.0
ffnn_ewc_replay,none,0,BruteForce,task4,n,395000.0
ffnn_ewc_replay,none,0,BruteForce,task4,n_benign,393444.0
ffnn_ewc_replay,none,0,BruteForce,task4,n_attack,1556.0
ffnn_ewc_replay,none,0,BruteForce,task4,accuracy,0.9960607594936709
ffnn_ewc_replay,none,0,BruteForce,task4,macro_f1,0.49901324634343086
ffnn_ewc_replay,none,0,BruteForce,task4,fpr,0.0
ffnn_ewc_replay,none,0,BruteForce,task4,detection_rate,0.0
ffnn_ewc_replay,none,0,BruteForce,task4,binary_f1,0.0
ffnn_ewc_replay,none,0,BruteForce,task4,category_recall,0.0
ffnn_ewc_replay,none,0,BruteForce,task5,n,190000.0
ffnn_ewc_replay,none,0,BruteForce,task5,n_benign,185763.0
ffnn_ewc_replay,none,0,BruteForce,task5,n_attack,4237.0
ffnn_ewc_replay,none,0,BruteForce,task5,accuracy,0.9777
ffnn_ewc_replay,none,0,BruteForce,task5,macro_f1,0.4943621378368812
ffnn_ewc_replay,none,0,BruteForce,task5,fpr,0.0
ffnn_ewc_replay,none,0,BruteForce,task5,detection_rate,0.0
ffnn_ewc_replay,none,0,BruteForce,task5,binary_f1,0.0
ffnn_ewc_replay,none,0,BruteForce,task5,category_recall,0.0
ffnn_ewc_replay,none,0,BruteForce,seen,n,175000.0
ffnn_ewc_replay,none,0,BruteForce,seen,n_benign,172109.0
ffnn_ewc_replay,none,0,BruteForce,seen,n_attack,2891.0
ffnn_ewc_replay,none,0,BruteForce,seen,accuracy,1.0
ffnn_ewc_replay,none,0,BruteForce,seen,macro_f1,1.0
ffnn_ewc_replay,none,0,BruteForce,seen,fpr,0.0
ffnn_ewc_replay,none,0,BruteForce,seen,detection_rate,1.0
ffnn_ewc_replay,none,0,BruteForce,seen,binary_f1,1.0
ffnn_ewc_replay,none,0,BruteForce,all,n,1895000.0
ffnn_ewc_replay,none,0,BruteForce,all,n_benign,1791772.0
ffnn_ewc_replay,none,0,BruteForce,all,n_attack,103228.0
ffnn_ewc_replay,none,0,BruteForce,all,accuracy,0.9470517150395779
ffnn_ewc_replay,none,0,BruteForce,all,macro_f1,0.2818233193277881
ffnn_ewc_replay,none,0,BruteForce,all,fpr,0.0
ffnn_ewc_replay,none,0,BruteForce,all,detection_rate,0.02800596737319332
ffnn_ewc_replay,none,0,BruteForce,all,binary_f1,0.05448600156428161
ffnn_ewc_replay,none,1,DoS,task0,n,175000.0
ffnn_ewc_replay,none,1,DoS,task0,n_benign,172109.0
ffnn_ewc_replay,none,1,DoS,task0,n_attack,2891.0
ffnn_ewc_replay,none,1,DoS,task0,accuracy,0.9999942857142857
ffnn_ewc_replay,none,1,DoS,task0,macro_f1,0.9999985474279307
ffnn_ewc_replay,none,1,DoS,task0,fpr,5.8102713977769905e-06
ffnn_ewc_replay,none,1,DoS,task0,detection_rate,1.0
ffnn_ewc_replay,none,1,DoS,task0,binary_f1,0.9998270793705689
ffnn_ewc_replay,none,1,DoS,task0,category_recall,1.0
ffnn_ewc_replay,none,1,DoS,task1,n,385000.0
ffnn_ewc_replay,none,1,DoS,task1,n_benign,331373.0
ffnn_ewc_replay,none,1,DoS,task1,n_attack,53627.0
ffnn_ewc_replay,none,1,DoS,task1,accuracy,0.9999480519480519
ffnn_ewc_replay,none,1,DoS,task1,macro_f1,0.9998916594069033
ffnn_ewc_replay,none,1,DoS,task1,fpr,3.0177473722964757e-06
ffnn_ewc_replay,none,1,DoS,task1,detection_rate,0.9996457008596416
ffnn_ewc_replay,none,1,DoS,task1,binary_f1,0.9998134954679399
ffnn_ewc_replay,none,1,DoS,task1,category_recall,0.9996457008596416
ffnn_ewc_replay,none,1,DoS,task2,n,480000.0
ffnn_ewc_replay,none,1,DoS,task2,n_benign,439090.0
ffnn_ewc_replay,none,1,DoS,task2,n_attack,40910.0
ffnn_ewc_replay,none,1,DoS,task2,accuracy,0.9147645833333333
ffnn_ewc_replay,none,1,DoS,task2,macro_f1,0.3184950572325217
ffnn_ewc_replay,none,1,DoS,task2,fpr,6.832312282220046e-06
ffnn_ewc_replay,none,1,DoS,task2,detection_rate,0.0
ffnn_ewc_replay,none,1,DoS,task2,binary_f1,0.0
ffnn_ewc_replay,none,1,DoS,task2,category_recall,0.0
ffnn_ewc_replay,none,1,DoS,task3,n,270000.0
ffnn_ewc_replay,none,1,DoS,task3,n_benign,269993.0
ffnn_ewc_replay,none,1,DoS,task3,n_attack,7.0
ffnn_ewc_replay,none,1,DoS,task3,accuracy,0.9999370370370371
ffnn_ewc_replay,none,1,DoS,task3,macro_f1,0.49998425876370184
ffnn_ewc_replay,none,1,DoS,task3,fpr,3.7037997281411e-05
ffnn_ewc_replay,none,1,DoS,task3,detection_rate,0.0
ffnn_ewc_replay,none,1,DoS,task3,binary_f1,0.0
ffnn_ewc_replay,none,1,DoS,task3,category_recall,0.0
ffnn_ewc_replay,none,1,DoS,task4,n,395000.0
ffnn_ewc_replay,none,1,DoS,task4,n_benign,393444.0
ffnn_ewc_replay,none,1,DoS,task4,n_attack,1556.0
ffnn_ewc_replay,none,1,DoS,task4,accuracy,0.9960556962025316
ffnn_ewc_replay,none,1,DoS,task4,macro_f1,0.49901197551627136
ffnn_ewc_replay,none,1,DoS,task4,fpr,5.0833155417289375e-06
ffnn_ewc_replay,none,1,DoS,task4,detection_rate,0.0
ffnn_ewc_replay,none,1,DoS,task4,binary_f1,0.0
ffnn_ewc_replay,none,1,DoS,task4,category_recall,0.0
ffnn_ewc_replay,none,1,DoS,task5,n,190000.0
ffnn_ewc_replay,none,1,DoS,task5,n_benign,185763.0
ffnn_ewc_replay,none,1,DoS,task5,n_attack,4237.0
ffnn_ewc_replay,none,1,DoS,task5,accuracy,0.9777
ffnn_ewc_replay,none,1,DoS,task5,macro_f1,0.4943621378368812
ffnn_ewc_replay,none,1,DoS,task5,fpr,0.0
ffnn_ewc_replay,none,1,DoS,task5,detection_rate,0.0
ffnn_ewc_replay,none,1,DoS,task5,binary_f1,0.0
ffnn_ewc_replay,none,1,DoS,task5,category_recall,0.0
ffnn_ewc_replay,none,1,DoS,seen,n,560000.0
ffnn_ewc_replay,none,1,DoS,seen,n_benign,503482.0
ffnn_ewc_replay,none,1,DoS,seen,n_attack,56518.0
ffnn_ewc_replay,none,1,DoS,seen,accuracy,0.9999625
ffnn_ewc_replay,none,1,DoS,seen,macro_f1,0.9999277725507167
ffnn_ewc_replay,none,1,DoS,seen,fpr,3.97233664758621e-06
ffnn_ewc_replay,none,1,DoS,seen,detection_rate,0.9996638239145051
ffnn_ewc_replay,none,1,DoS,seen,binary_f1,0.999814190534335
ffnn_ewc_replay,none,1,DoS,all,n,1895000.0
ffnn_ewc_replay,none,1,DoS,all,n_benign,1791772.0
ffnn_ewc_replay,none,1,DoS,all,n_attack,103228.0
ffnn_ewc_replay,none,1,DoS,all,accuracy,0.975331926121372
ffnn_ewc_replay,none,1,DoS,all,macro_f1,0.4265671663228408
ffnn_ewc_replay,none,1,DoS,all,fpr,9.487814297801283e-06
ffnn_ewc_replay,none,1,DoS,all,detection_rate,0.5473224318983222
ffnn_ewc_replay,none,1,DoS,all,binary_f1,0.7073692908653846
ffnn_ewc_replay,none,2,DDoS,task0,n,175000.0
ffnn_ewc_replay,none,2,DDoS,task0,n_benign,172109.0
ffnn_ewc_replay,none,2,DDoS,task0,n_attack,2891.0
ffnn_ewc_replay,none,2,DDoS,task0,accuracy,0.9999942857142857
ffnn_ewc_replay,none,2,DDoS,task0,macro_f1,0.9999985474279307
ffnn_ewc_replay,none,2,DDoS,task0,fpr,5.8102713977769905e-06
ffnn_ewc_replay,none,2,DDoS,task0,detection_rate,1.0
ffnn_ewc_replay,none,2,DDoS,task0,binary_f1,0.9998270793705689
ffnn_ewc_replay,none,2,DDoS,task0,category_recall,1.0
ffnn_ewc_replay,none,2,DDoS,task1,n,385000.0
ffnn_ewc_replay,none,2,DDoS,task1,n_benign,331373.0
ffnn_ewc_replay,none,2,DDoS,task1,n_attack,53627.0
ffnn_ewc_replay,none,2,DDoS,task1,accuracy,0.9998805194805195
ffnn_ewc_replay,none,2,DDoS,task1,macro_f1,0.9997507620851602
ffnn_ewc_replay,none,2,DDoS,task1,fpr,0.0
ffnn_ewc_replay,none,2,DDoS,task1,detection_rate,0.9991422231338691
ffnn_ewc_replay,none,2,DDoS,task1,binary_f1,0.9995709275427207
ffnn_ewc_replay,none,2,DDoS,task1,category_recall,0.9991422231338691
ffnn_ewc_replay,none,2,DDoS,task2,n,480000.0
ffnn_ewc_replay,none,2,DDoS,task2,n_benign,439090.0
ffnn_ewc_replay,none,2,DDoS,task2,n_attack,40910.0
ffnn_ewc_replay,none,2,DDoS,task2,accuracy,0.9999979166666667
ffnn_ewc_replay,none,2,DDoS,task2,macro_f1,0.9999955460945481
ffnn_ewc_replay,none,2,DDoS,task2,fpr,2.277437427406682e-06
ffnn_ewc_replay,none,2,DDoS,task2,detection_rate,1.0
ffnn_ewc_replay,none,2,DDoS,task2,binary_f1,0.999987778198751
ffnn_ewc_replay,none,2,DDoS,task2,category_recall,1.0
ffnn_ewc_replay,none,2,DDoS,task3,n,270000.0
ffnn_ewc_replay,none,2,DDoS,task3,n_benign,269993.0
ffnn_ewc_replay,none,2,DDoS,task3,n_attack,7.0
ffnn_ewc_replay,none,2,DDoS,task3,accuracy,0.9999814814814815
ffnn_ewc_replay,none,2,DDoS,task3,macro_f1,0.9166620369084326
ffnn_ewc_replay,none,2,DDoS,task3,fpr,1.11113991844233e-05
ffnn_ewc_replay,none,2,DDoS,task3,detection_rate,0.7142857142857143
ffnn_ewc_replay,none,2,DDoS,task3,binary_f1,0.6666666666666666
ffnn_ewc_replay,none,2,DDoS,task3,category_recall,0.7142857142857143
ffnn_ewc_replay,none,2,DDoS,task4,n,395000.0
ffnn_ewc_replay,none,2,DDoS,task4,n_benign,393444.0
ffnn_ewc_replay,none,2,DDoS,task4,n_attack,1556.0
ffnn_ewc_replay,none,2,DDoS,task4,accuracy,0.9960506329113924
ffnn_ewc_replay,none,2,DDoS,task4,macro_f1,0.49901197050370477
ffnn_ewc_replay,none,2,DDoS,task4,fpr,1.0166631083457875e-05
ffnn_ewc_replay,none,2,DDoS,task4,detection_rate,0.0012853470437017994
ffnn_ewc_replay,none,2,DDoS,task4,binary_f1,0.002560819462227913
ffnn_ewc_replay,none,2,DDoS,task4,category_recall,0.0
ffnn_ewc_replay,none,2,DDoS,task5,n,190000.0
ffnn_ewc_replay,none,2,DDoS,task5,n_benign,185763.0
ffnn_ewc_replay,none,2,DDoS,task5,n_attack,4237.0
ffnn_ewc_replay,none,2,DDoS,task5,accuracy,0.9776894736842106
ffnn_ewc_replay,none,2,DDoS,task5,macro_f1,0.49435944656310793
ffnn_ewc_replay,none,2,DDoS,task5,fpr,1.0766406657945876e-05
ffnn_ewc_replay,none,2,DDoS,task5,detection_rate,0.0
ffnn_ewc_replay,none,2,DDoS,task5,binary_f1,0.0
ffnn_ewc_replay,none,2,DDoS,task5,category_recall,0.0
ffnn_ewc_replay,none,2,DDoS,seen,n,1040000.0
ffnn_ewc_replay,none,2,DDoS,seen,n_benign,942572.0
ffnn_ewc_replay,none,2,DDoS,seen,n_attack,97428.0
ffnn_ewc_replay,none,2,DDoS,seen,accuracy,0.9999538461538462
ffnn_ewc_replay,none,2,DDoS,seen,macro_f1,0.9999042040394519
ffnn_ewc_replay,none,2,DDoS,seen,fpr,2.1218538212465468e-06
ffnn_ewc_replay,none,2,DDoS,seen,detection_rate,0.9995278564683664
ffnn_ewc_replay,none,2,DDoS,seen,binary_f1,0.9997536086072727
ffnn_ewc_replay,none,2,DDoS,all,n,1895000.0
ffnn_ewc_replay,none,2,DDoS,all,n_benign,1791772.0
ffnn_ewc_replay,none,2,DDoS,all,n_attack,103228.0
ffnn_ewc_replay,none,2,DDoS,all,accuracy,0.9969118733509235
ffnn_ewc_replay,none,2,DDoS,all,macro_f1,0.6996840046396132
ffnn_ewc_replay,none,2,DDoS,all,fpr,6.13917395740083e-06
ffnn_ewc_replay,none,2,DDoS,all,detection_rate,0.9434358894873484
ffnn_ewc_replay,none,2,DDoS,all,binary_f1,0.9708415575094205
ffnn_ewc_replay,none,3,WebAttack,task0,n,175000.0
ffnn_ewc_replay,none,3,WebAttack,task0,n_benign,172109.0
ffnn_ewc_replay,none,3,WebAttack,task0,n_attack,2891.0
ffnn_ewc_replay,none,3,WebAttack,task0,accuracy,0.9999942857142857
ffnn_ewc_replay,none,3,WebAttack,task0,macro_f1,0.9999985474279307
ffnn_ewc_replay,none,3,WebAttack,task0,fpr,5.8102713977769905e-06
ffnn_ewc_replay,none,3,WebAttack,task0,detection_rate,1.0
ffnn_ewc_replay,none,3,WebAttack,task0,binary_f1,0.9998270793705689
ffnn_ewc_replay,none,3,WebAttack,task0,category_recall,1.0
ffnn_ewc_replay,none,3,WebAttack,task1,n,385000.0
ffnn_ewc_replay,none,3,WebAttack,task1,n_benign,331373.0
ffnn_ewc_replay,none,3,WebAttack,task1,n_attack,53627.0
ffnn_ewc_replay,none,3,WebAttack,task1,accuracy,0.9998259740259741
ffnn_ewc_replay,none,3,WebAttack,task1,macro_f1,0.9996415874045547
ffnn_ewc_replay,none,3,WebAttack,task1,fpr,3.0177473722964757e-06
ffnn_ewc_replay,none,3,WebAttack,task1,detection_rate,0.998769276670334
ffnn_ewc_replay,none,3,WebAttack,task1,binary_f1,0.9993749358609558
ffnn_ewc_replay,none,3,WebAttack,task1,category_recall,0.998769276670334
ffnn_ewc_replay,none,3,WebAttack,task2,n,480000.0
ffnn_ewc_replay,none,3,WebAttack,task2,n_benign,439090.0
ffnn_ewc_replay,none,3,WebAttack,task2,n_attack,40910.0
ffnn_ewc_replay,none,3,WebAttack,task2,accuracy,0.9999875
ffnn_ewc_replay,none,3,WebAttack,task2,macro_f1,0.871788520009769
ffnn_ewc_replay,none,3,WebAttack,task2,fpr,1.3664624564440091e-05
ffnn_ewc_replay,none,3,WebAttack,task2,detection_rate,1.0
ffnn_ewc_replay,none,3,WebAttack,task2,binary_f1,0.9999266736734045
ffnn_ewc_replay,none,3,WebAttack,task2,category_recall,1.0
ffnn_ewc_replay,none,3,WebAttack,task3,n,270000.0
ffnn_ewc_replay,none,3,WebAttack,task3,n_benign,269993.0
ffnn_ewc_replay,none,3,WebAttack,task3,n_attack,7.0
ffnn_ewc_replay,none,3,WebAttack,task3,accuracy,0.9999888888888889
ffnn_ewc_replay,none,3,WebAttack,task3,macro_f1,0.9666638888014376
ffnn_ewc_replay,none,3,WebAttack,task3,fpr,1.11113991844233e-05
ffnn_ewc_replay,none,3,WebAttack,task3,detection_rate,1.0
ffnn_ewc_replay,none,3,WebAttack,task3,binary_f1,0.8235294117647058
ffnn_ewc_replay,none,3,WebAttack,task3,category_recall,1.0
ffnn_ewc_replay,none,3,WebAttack,task4,n,395000.0
ffnn_ewc_replay,none,3,WebAttack,task4,n_benign,393444.0
ffnn_ewc_replay,none,3,WebAttack,task4,n_attack,1556.0
ffnn_ewc_replay,none,3,WebAttack,task4,accuracy,0.9960430379746835
ffnn_ewc_replay,none,3,WebAttack,task4,macro_f1,0.4990113300686298
ffnn_ewc_replay,none,3,WebAttack,task4,fpr,1.779160439605128e-05
ffnn_ewc_replay,none,3,WebAttack,task4,detection_rate,0.002570694087403599
ffnn_ewc_replay,none,3,WebAttack,task4,binary_f1,0.005105296745373325
ffnn_ewc_replay,none,3,WebAttack,task4,category_recall,0.0
ffnn_ewc_replay,none,3,WebAttack,task5,n,190000.0
ffnn_ewc_replay,none,3,WebAttack,task5,n_benign,185763.0
ffnn_ewc_replay,none,3,WebAttack,task5,n_attack,4237.0
ffnn_ewc_replay,none,3,WebAttack,task5,accuracy,0.9776894736842106
ffnn_ewc_replay,none,3,WebAttack,task5,macro_f1,0.49435944656310793
ffnn_ewc_replay,none,3,WebAttack,task5,fpr,1.0766406657945876e-05
ffnn_ewc_replay,none,3,WebAttack,task5,detection_rate,0.0
ffnn_ewc_replay,none,3,WebAttack,task5,binary_f1,0.0
ffnn_ewc_replay,none,3,WebAttack,task5,category_recall,0.0
ffnn_ewc_replay,none,3,WebAttack,seen,n,1310000.0
ffnn_ewc_replay,none,3,WebAttack,seen,n_benign,1212565.0
ffnn_ewc_replay,none,3,WebAttack,seen,n_attack,97435.0
ffnn_ewc_replay,none,3,WebAttack,seen,accuracy,0.9999412213740458
ffnn_ewc_replay,none,3,WebAttack,seen,macro_f1,0.946530414669051
ffnn_ewc_replay,none,3,WebAttack,seen,fpr,9.071678631660983e-06
ffnn_ewc_replay,none,3,WebAttack,seen,detection_rate,0.9993226253399702
ffnn_ewc_replay,none,3,WebAttack,seen,binary_f1,0.9996047532274209
ffnn_ewc_replay,none,3,WebAttack,all,n,1895000.0
ffnn_ewc_replay,none,3,WebAttack,all,n_benign,1791772.0
ffnn_ewc_replay,none,3,WebAttack,all,n_attack,103228.0
ffnn_ewc_replay,none,3,WebAttack,all,accuracy,0.9968976253298153
ffnn_ewc_replay,none,3,WebAttack,all,macro_f1,0.6692970409758754
ffnn_ewc_replay,none,3,WebAttack,all,fpr,1.116213446800151e-05
ffnn_ewc_replay,none,3,WebAttack,all,detection_rate,0.9432808927810284
ffnn_ewc_replay,none,3,WebAttack,all,binary_f1,0.9707159270465205
ffnn_ewc_replay,none,4,Infiltration,task0,n,175000.0
ffnn_ewc_replay,none,4,Infiltration,task0,n_benign,172109.0
ffnn_ewc_replay,none,4,Infiltration,task0,n_attack,2891.0
ffnn_ewc_replay,none,4,Infiltration,task0,accuracy,0.9992685714285714
ffnn_ewc_replay,none,4,Infiltration,task0,macro_f1,0.9998140021506001
ffnn_ewc_replay,none,4,Infiltration,task0,fpr,0.0007437147389154548
ffnn_ewc_replay,none,4,Infiltration,task0,detection_rate,1.0
ffnn_ewc_replay,none,4,Infiltration,task0,binary_f1,0.97834179357022
ffnn_ewc_replay,none,4,Infiltration,task0,category_recall,1.0
ffnn_ewc_replay,none,4,Infiltration,task1,n,385000.0
ffnn_ewc_replay,none,4,Infiltration,task1,n_benign,331373.0
ffnn_ewc_replay,none,4,Infiltration,task1,n_attack,53627.0
ffnn_ewc_replay,none,4,Infiltration,task1,accuracy,0.9992571428571428
ffnn_ewc_replay,none,4,Infiltration,task1,macro_f1,0.9995696316555416
ffnn_ewc_replay,none,4,Infiltration,task1,fpr,0.0007242593693511541
ffnn_ewc_replay,none,4,Infiltration,task1,detection_rate,0.9991422231338691
ffnn_ewc_replay,none,4,Infiltration,task1,binary_f1,0.9973382473382474
ffnn_ewc_replay,none,4,Infiltration,task1,category_recall,0.9991422231338691
ffnn_ewc_replay,none,4,Infiltration,task2,n,480000.0
ffnn_ewc_replay,none,4,Infiltration,task2,n_benign,439090.0
ffnn_ewc_replay,none,4,Infiltration,task2,n_attack,40910.0
ffnn_ewc_replay,none,4,Infiltration,task2,accuracy,0.99915
ffnn_ewc_replay,none,4,Infiltration,task2,macro_f1,0.7776076818966321
ffnn_ewc_replay,none,4,Infiltration,task2,fpr,0.0009223621580997062
ffnn_ewc_replay,none,4,Infiltration,task2,detection_rate,1.0
ffnn_ewc_replay,none,4,Infiltration,task2,binary_f1,0.9950744907266647
ffnn_ewc_replay,none,4,Infiltration,task2,category_recall,0.9999266611255072
ffnn_ewc_replay,none,4,Infiltration,task3,n,270000.0
ffnn_ewc_replay,none,4,Infiltration,task3,n_benign,269993.0
ffnn_ewc_replay,none,4,Infiltration,task3,n_attack,7.0
ffnn_ewc_replay,none,4,Infiltration,task3,accuracy,0.9987259259259259
ffnn_ewc_replay,none,4,Infiltration,task3,macro_f1,0.7496812713566722
ffnn_ewc_replay,none,4,Infiltration,task3,fpr,0.0012704033067523974
ffnn_ewc_replay,none,4,Infiltration,task3,detection_rate,0.8571428571428571
ffnn_ewc_replay,none,4,Infiltration,task3,binary_f1,0.033707865168539325
ffnn_ewc_replay,none,4,Infiltration,task3,category_recall,0.8571428571428571
ffnn_ewc_replay,none,4,Infiltration,task4,n,395000.0
ffnn_ewc_replay,none,4,Infiltration,task4,n_benign,393444.0
ffnn_ewc_replay,none,4,Infiltration,task4,n_attack,1556.0
ffnn_ewc_replay,none,4,Infiltration,task4,accuracy,0.9993037974683544
ffnn_ewc_replay,none,4,Infiltration,task4,macro_f1,0.9610666625142503
ffnn_ewc_replay,none,4,Infiltration,task4,fpr,0.0006913309136751354
ffnn_ewc_replay,none,4,Infiltration,task4,detection_rate,0.9980719794344473
ffnn_ewc_replay,none,4,Infiltration,task4,binary_f1,0.9186631174208814
ffnn_ewc_replay,none,4,Infiltration,task4,category_recall,0.9980719794344473
ffnn_ewc_replay,none,4,Infiltration,task5,n,190000.0
ffnn_ewc_replay,none,4,Infiltration,task5,n_benign,185763.0
ffnn_ewc_replay,none,4,Infiltration,task5,n_attack,4237.0
ffnn_ewc_replay,none,4,Infiltration,task5,accuracy,0.977278947368421
ffnn_ewc_replay,none,4,Infiltration,task5,macro_f1,0.4942544645352598
ffnn_ewc_replay,none,4,Infiltration,task5,fpr,0.0004306562663178351
ffnn_ewc_replay,none,4,Infiltration,task5,detection_rate,0.0
ffnn_ewc_replay,none,4,Infiltration,task5,binary_f1,0.0
ffnn_ewc_replay,none,4,Infiltration,task5,category_recall,0.0
ffnn_ewc_replay,none,4,Infiltration,seen,n,1705000.0
ffnn_ewc_replay,none,4,Infiltration,seen,n_benign,1606009.0
ffnn_ewc_replay,none,4,Infiltration,seen,n_attack,98991.0
ffnn_ewc_replay,none,4,Infiltration,seen,accuracy,0.9991548387096775
ffnn_ewc_replay,none,4,Infiltration,seen,macro_f1,0.8293621498238747
ffnn_ewc_replay,none,4,Infiltration,seen,fpr,0.0008642541853750509
ffnn_ewc_replay,none,4,Infiltration,seen,detection_rate,0.9994949035770929
ffnn_ewc_replay,none,4,Infiltration,seen,binary_f1,0.9927854706000402
ffnn_ewc_replay,none,4,Infiltration,all,n,1895000.0
ffnn_ewc_replay,none,4,Infiltration,all,n_benign,1791772.0
ffnn_ewc_replay,none,4,Infiltration,all,n_attack,103228.0
ffnn_ewc_replay,none,4,Infiltration,all,accuracy,0.9969614775725594
ffnn_ewc_replay,none,4,Infiltration,all,macro_f1,0.7051543247816324
ffnn_ewc_replay,none,4,Infiltration,all,fpr,0.0008193006699513108
ffnn_ewc_replay,none,4,Infiltration,all,detection_rate,0.9584705700003875
ffnn_ewc_replay,none,4,Infiltration,all,binary_f1,0.9717389276015655
ffnn_ewc_replay,none,5,Botnet,task0,n,175000.0
ffnn_ewc_replay,none,5,Botnet,task0,n_benign,172109.0
ffnn_ewc_replay,none,5,Botnet,task0,n_attack,2891.0
ffnn_ewc_replay,none,5,Botnet,task0,accuracy,0.9995428571428572
ffnn_ewc_replay,none,5,Botnet,task0,macro_f1,0.9998837675583632
ffnn_ewc_replay,none,5,Botnet,task0,fpr,0.0004648217118221592
ffnn_ewc_replay,none,5,Botnet,task0,detection_rate,1.0
ffnn_ewc_replay,none,5,Botnet,task0,binary_f1,0.9863527806209484
ffnn_ewc_replay,none,5,Botnet,task0,category_recall,1.0
ffnn_ewc_replay,none,5,Botnet,task1,n,385000.0
ffnn_ewc_replay,none,5,Botnet,task1,n_benign,331373.0
ffnn_ewc_replay,none,5,Botnet,task1,n_attack,53627.0
ffnn_ewc_replay,none,5,Botnet,task1,accuracy,0.9994935064935065
ffnn_ewc_replay,none,5,Botnet,task1,macro_f1,0.9996756460390825
ffnn_ewc_replay,none,5,Botnet,task1,fpr,0.00047378633745054664
ffnn_ewc_replay,none,5,Botnet,task1,detection_rate,0.9992914017192832
ffnn_ewc_replay,none,5,Botnet,task1,binary_f1,0.9981839009806934
ffnn_ewc_replay,none,5,Botnet,task1,category_recall,0.9992914017192832
ffnn_ewc_replay,none,5,Botnet,task2,n,480000.0
ffnn_ewc_replay,none,5,Botnet,task2,n_benign,439090.0
ffnn_ewc_replay,none,5,Botnet,task2,n_attack,40910.0
ffnn_ewc_replay,none,5,Botnet,task2,accuracy,0.9992666666666666
ffnn_ewc_replay,none,5,Botnet,task2,macro_f1,0.7824709580815504
ffnn_ewc_replay,none,5,Botnet,task2,fpr,0.0008016579744471521
ffnn_ewc_replay,none,5,Botnet,task2,detection_rate,1.0
ffnn_ewc_replay,none,5,Botnet,task2,binary_f1,0.9957163023901086
ffnn_ewc_replay,none,5,Botnet,task2,category_recall,1.0
ffnn_ewc_replay,none,5,Botnet,task3,n,270000.0
ffnn_ewc_replay,none,5,Botnet,task3,n_benign,269993.0
ffnn_ewc_replay,none,5,Botnet,task3,n_attack,7.0
ffnn_ewc_replay,none,5,Botnet,task3,accuracy,0.9988333333333334
ffnn_ewc_replay,none,5,Botnet,task3,macro_f1,0.7066047083300826
ffnn_ewc_replay,none,5,Botnet,task3,fpr,0.0011629931146363054
ffnn_ewc_replay,none,5,Botnet,task3,detection_rate,0.8571428571428571
ffnn_ewc_replay,none,5,Botnet,task3,binary_f1,0.03669724770642202
ffnn_ewc_replay,none,5,Botnet,task3,category_recall,0.8571428571428571
ffnn_ewc_replay,none,5,Botnet,task4,n,395000.0
ffnn_ewc_replay,none,5,Botnet,task4,n_benign,393444.0
ffnn_ewc_replay,none,5,Botnet,task4,n_attack,1556.0
ffnn_ewc_replay,none,5,Botnet,task4,accuracy,0.9993443037974683
ffnn_ewc_replay,none,5,Botnet,task4,macro_f1,0.9640358508003599
ffnn_ewc_replay,none,5,Botnet,task4,fpr,0.0006582893626538974
ffnn_ewc_replay,none,5,Botnet,task4,detection_rate,1.0
ffnn_ewc_replay,none,5,Botnet,task4,binary_f1,0.9231681993473747
ffnn_ewc_replay,none,5,Botnet,task4,category_recall,1.0
ffnn_ewc_replay,none,5,Botnet,task5,n,190000.0
ffnn_ewc_replay,none,5,Botnet,task5,n_benign,185763.0
ffnn_ewc_replay,none,5,Botnet,task5,n_attack,4237.0
ffnn_ewc_replay,none,5,Botnet,task5,accuracy,0.9995894736842105
ffnn_ewc_replay,none,5,Botnet,task5,macro_f1,0.9998950054920204
ffnn_ewc_replay,none,5,Botnet,task5,fpr,0.00041988985965988923
ffnn_ewc_replay,none,5,Botnet,task5,detection_rate,1.0
ffnn_ewc_replay,none,5,Botnet,task5,binary_f1,0.9908793264733395
ffnn_ewc_replay,none,5,Botnet,task5,category_recall,1.0
ffnn_ewc_replay,none,5,Botnet,seen,n,1895000.0
ffnn_ewc_replay,none,5,Botnet,seen,n_benign,1791772.0
ffnn_ewc_replay,none,5,Botnet,seen,n_attack,103228.0
ffnn_ewc_replay,none,5,Botnet,seen,accuracy,0.9993250659630607
ffnn_ewc_replay,none,5,Botnet,seen,macro_f1,0.850372078221132
ffnn_ewc_replay,none,5,Botnet,seen,fpr,0.0006920523370160936
ffnn_ewc_replay,none,5,Botnet,seen,detection_rate,0.999622195528345
ffnn_ewc_replay,none,5,Botnet,seen,binary_f1,0.9938408047886659
ffnn_ewc_replay,none,5,Botnet,all,n,1895000.0
ffnn_ewc_replay,none,5,Botnet,all,n_benign,1791772.0
ffnn_ewc_replay,none,5,Botnet,all,n_attack,103228.0
ffnn_ewc_replay,none,5,Botnet,all,accuracy,0.9993250659630607
ffnn_ewc_replay,none,5,Botnet,all,macro_f1,0.850372078221132
ffnn_ewc_replay,none,5,Botnet,all,fpr,0.0006920523370160936
ffnn_ewc_replay,none,5,Botnet,all,detection_rate,0.999622195528345
ffnn_ewc_replay,none,5,Botnet,all,binary_f1,0.9938408047886659
