model,ip_mode,after_task,after_task_category,scope,metric,value
gnn_ewc_replay,none,0,BruteForce,task0,n,175000.0
gnn_ewc_replay,none,0,BruteForce,task0,n_benign,172109.0
gnn_ewc_replay,none,0,BruteForce,task0,n_attack,2891.0
gnn_ewc_replay,none,0,BruteForce,task0,accuracy,1.0
gnn_ewc_replay,none,0,BruteForce,task0,macro_f1,1.0
gnn_ewc_replay,none,0,BruteForce,task0,fpr,0.0
gnn_ewc_replay,none,0,BruteForce,task0,detection_rate,1.0
gnn_ewc_replay,none,0,BruteForce,task0,binary_f1,1.0
gnn_ewc_replay,none,0,BruteForce,task0,category_recall,1.0
gnn_ewc_replay,none,0,BruteForce,task1,n,385000.0
gnn_ewc_replay,none,0,BruteForce,task1,n_benign,331373.0
gnn_ewc_replay,none,0,BruteForce,task1,n_attack,53627.0
gnn_ewc_replay,none,0,BruteForce,task1,accuracy,0.8607064935064935
gnn_ewc_replay,none,0,BruteForce,task1,macro_f1,0.4994047026979778
gnn_ewc_replay,none,0,BruteForce,task1,fpr,3.0177473722964757e-06
gnn_ewc_replay,none,0,BruteForce,task1,detection_rate,0.985287262013538
gnn_ewc_replay,none,0,BruteForce,task1,binary_f1,0.9925797907313133
gnn_ewc_replay,none,0,BruteForce,task1,category_recall,0.0
gnn_ewc_replay,none,0,BruteForce,task2,n,480000.0
gnn_ewc_replay,none,0,BruteForce,task2,n_benign,439090.0
gnn_ewc_replay,none,0,BruteForce,task2,n_attack,40910.0
gnn_ewc_replay,none,0,BruteForce,task2,accuracy,0.9147604166666666
gnn_ewc_replay,none,0,BruteForce,task2,macro_f1,0.32332043983685416
gnn_ewc_replay,none,0,BruteForce,task2,fpr,1.138718713703341e-05
gnn_ewc_replay,none,0,BruteForce,task2,detection_rate,0.3353458812026399
gnn_ewc_replay,none,0,BruteForce,task2,binary_f1,0.5022147380751912
gnn_ewc_replay,none,0,BruteForce,task2,category_recall,0.0
gnn_ewc_replay,none,0,BruteForce,task3,n,270000.0
gnn_ewc_replay,none,0,BruteForce,task3,n_benign,269993.0
gnn_ewc_replay,none,0,BruteForce,task3,n_attack,7.0
gnn_ewc_replay,none,0,BruteForce,task3,accuracy,0.9999703703703704
gnn_ewc_replay,none,0,BruteForce,task3,macro_f1,0.4999925924828516
gnn_ewc_replay,none,0,BruteForce,task3,fpr,3.7037997281411e-06
gnn_ewc_replay,none,0,BruteForce,task3,detection_rate,0.0
gnn_ewc_replay,none,0,BruteForce,task3,binary_f1,0.0
gnn_ewc_replay,none,0,BruteForce,task3,category_recall,0.0
gnn_ewc_replay,none,0,BruteForce,task4,n,395000.0
gnn_ewc_replay,none,0,BruteForce,task4,n_benign,393444.0
gnn_ewc_replay,none,0,BruteForce,task4,n_attack,1556.0
gnn_ewc_replay,none,0,BruteForce,task4,accuracy,0.9960582278481013
gnn_ewc_replay,none,0,BruteForce,task4,macro_f1,0.499012610930657
gnn_ewc_replay,none,0,BruteForce,task4,fpr,2.5416577708644688e-06
gnn_ewc_replay,none,0,BruteForce,task4,detection_rate,0.0
gnn_ewc_replay,none,0,BruteForce,task4,binary_f1,0.0
gnn_ewc_replay,none,0,BruteForce,task4,category_recall,0.0
gnn_ewc_replay,none,0,BruteForce,task5,n,190000.0
gnn_ewc_replay,none,0,BruteForce,task5,n_benign,185763.0
gnn_ewc_replay,none,0,BruteForce,task5,n_attack,4237.0
gnn_ewc_replay,none,0,BruteForce,task5,accuracy,0.9777
gnn_ewc_replay,none,0,BruteForce,task5,macro_f1,0.4943621378368812
gnn_ewc_replay,none,0,BruteForce,task5,fpr,0.0
gnn_ewc_replay,none,0,BruteForce,task5,detection_rate,0.0
gnn_ewc_replay,none,0,BruteForce,task5,binary_f1,0.0
gnn_ewc_replay,none,0,BruteForce,task5,category_recall,0.0
gnn_ewc_replay,none,0,BruteForce,seen,n,175000.0
gnn_ewc_replay,none,0,BruteForce,seen,n_benign,172109.0
gnn_ewc_replay,none,0,BruteForce,seen,n_attack,2891.0
gnn_ewc_replay,none,0,BruteForce,seen,accuracy,1.0
gnn_ewc_replay,none,0,BruteForce,seen,macro_f1,1.0
gnn_ewc_replay,none,0,BruteForce,seen,fpr,0.0
gnn_ewc_replay,none,0,BruteForce,seen,detection_rate,1.0
gnn_ewc_replay,none,0,BruteForce,seen,binary_f1,1.0
gnn_ewc_replay,none,0,BruteForce,all,n,1895000.0
gnn_ewc_replay,none,0,BruteForce,all,n_benign,1791772.0
gnn_ewc_replay,none,0,BruteForce,all,n_attack,103228.0
gnn_ewc_replay,none,0,BruteForce,all,accuracy,0.947047493403694
gnn_ewc_replay,none,0,BruteForce,all,macro_f1,0.15293996522389822
gnn_ewc_replay,none,0,BruteForce,all,fpr,4.464853787200604e-06
gnn_ewc_replay,none,0,BruteForce,all,detection_rate,0.6727632037819197
gnn_ewc_replay,none,0,BruteForce,all,binary_f1,0.8043362442380302
gnn_ewc_replay,permute,0,BruteForce,task0,n,175000.0
gnn_ewc_replay,permute,0,BruteForce,task0,n_benign,172109.0
gnn_ewc_replay,permute,0,BruteForce,task0,n_attack,2891.0
gnn_ewc_replay,permute,0,BruteForce,task0,accuracy,1.0
gnn_ewc_replay,permute,0,BruteForce,task0,macro_f1,1.0
gnn_ewc_replay,permute,0,BruteForce,task0,fpr,0.0
gnn_ewc_replay,permute,0,BruteForce,task0,detection_rate,1.0
gnn_ewc_replay,permute,0,BruteForce,task0,binary_f1,1.0
gnn_ewc_replay,permute,0,BruteForce,task0,category_recall,1.0
gnn_ewc_replay,permute,0,BruteForce,task1,n,385000.0
gnn_ewc_replay,permute,0,BruteForce,task1,n_benign,331373.0
gnn_ewc_replay,permute,0,BruteForce,task1,n_attack,53627.0
gnn_ewc_replay,permute,0,BruteForce,task1,accuracy,0.8607064935064935
gnn_ewc_replay,permute,0,BruteForce,task1,macro_f1,0.4994047026979778
gnn_ewc_replay,permute,0,BruteForce,task1,fpr,3.0177473722964757e-06
gnn_ewc_replay,permute,0,BruteForce,task1,detection_rate,0.985287262013538
gnn_ewc_replay,permute,0,BruteForce,task1,binary_f1,0.9925797907313133
gnn_ewc_replay,permute,0,BruteForce,task1,category_recall,0.0
gnn_ewc_replay,permute,0,BruteForce,task2,n,480000.0
gnn_ewc_replay,permute,0,BruteForce,task2,n_benign,439090.0
gnn_ewc_replay,permute,0,BruteForce,task2,n_attack,40910.0
gnn_ewc_replay,permute,0,BruteForce,task2,accuracy,0.9147604166666666
gnn_ewc_replay,permute,0,BruteForce,task2,macro_f1,0.32332043983685416
gnn_ewc_replay,permute,0,BruteForce,task2,fpr,1.138718713703341e-05
gnn_ewc_replay,permute,0,BruteForce,task2,detection_rate,0.3353458812026399
gnn_ewc_replay,permute,0,BruteForce,task2,binary_f1,0.5022147380751912
gnn_ewc_replay,permute,0,BruteForce,task2,category_recall,0.0
gnn_ewc_replay,permute,0,BruteForce,task3,n,270000.0
gnn_ewc_replay,permute,0,BruteForce,task3,n_benign,269993.0
gnn_ewc_replay,permute,0,BruteForce,task3,n_attack,7.0
gnn_ewc_replay,permute,0,BruteForce,task3,accuracy,0.9999703703703704
gnn_ewc_replay,permute,0,BruteForce,task3,macro_f1,0.4999925924828516
gnn_ewc_replay,permute,0,BruteForce,task3,fpr,3.7037997281411e-06
gnn_ewc_replay,permute,0,BruteForce,task3,detection_rate,0.0
gnn_ewc_replay,permute,0,BruteForce,task3,binary_f1,0.0
gnn_ewc_replay,permute,0,BruteForce,task3,category_recall,0.0
gnn_ewc_replay,permute,0,BruteForce,task4,n,395000.0
gnn_ewc_replay,permute,0,BruteForce,task4,n_benign,393444.0
gnn_ewc_replay,permute,0,BruteForce,task4,n_attack,1556.0
gnn_ewc_replay,permute,0,BruteForce,task4,accuracy,0.9960582278481013
gnn_ewc_replay,permute,0,BruteForce,task4,macro_f1,0.499012610930657
gnn_ewc_replay,permute,0,BruteForce,task4,fpr,2.5416577708644688e-06
gnn_ewc_replay,permute,0,BruteForce,task4,detection_rate,0.0
gnn_ewc_replay,permute,0,BruteForce,task4,binary_f1,0.0
gnn_ewc_replay,permute,0,BruteForce,task4,category_recall,0.0
gnn_ewc_replay,permute,0,BruteForce,task5,n,190000.0
gnn_ewc_replay,permute,0,BruteForce,task5,n_benign,185763.0
gnn_ewc_replay,permute,0,BruteForce,task5,n_attack,4237.0
gnn_ewc_replay,permute,0,BruteForce,task5,accuracy,0.9777
gnn_ewc_replay,permute,0,BruteForce,task5,macro_f1,0.4943621378368812
gnn_ewc_replay,permute,0,BruteForce,task5,fpr,0.0
gnn_ewc_replay,permute,0,BruteForce,task5,detection_rate,0.0
gnn_ewc_replay,permute,0,BruteForce,task5,binary_f1,0.0
gnn_ewc_replay,permute,0,BruteForce,task5,category_recall,0.0
gnn_ewc_replay,permute,0,BruteForce,seen,n,175000.0
gnn_ewc_replay,permute,0,BruteForce,seen,n_benign,172109.0
gnn_ewc_replay,permute,0,BruteForce,seen,n_attack,2891.0
gnn_ewc_replay,permute,0,BruteForce,seen,accuracy,1.0
gnn_ewc_replay,permute,0,BruteForce,seen,macro_f1,1.0
gnn_ewc_replay,permute,0,BruteForce,seen,fpr,0.0
gnn_ewc_replay,permute,0,BruteForce,seen,detection_rate,1.0
gnn_ewc_replay,permute,0,BruteForce,seen,binary_f1,1.0
gnn_ewc_replay,permute,0,BruteForce,all,n,1895000.0
gnn_ewc_replay,permute,0,BruteForce,all,n_benign,1791772.0
gnn_ewc_replay,permute,0,BruteForce,all,n_attack,103228.0
gnn_ewc_replay,permute,0,BruteForce,all,accuracy,0.947047493403694
gnn_ewc_replay,permute,0,BruteForce,all,macro_f1,0.15293996522389822
gnn_ewc_replay,permute,0,BruteForce,all,fpr,4.464853787200604e-06
gnn_ewc_replay,permute,0,BruteForce,all,detection_rate,0.6727632037819197
gnn_ewc_replay,permute,0,BruteForce,all,binary_f1,0.8043362442380302
gnn_ewc_replay,random_src,0,BruteForce,task0,n,175000.0
gnn_ewc_replay,random_src,0,BruteForce,task0,n_benign,172109.0
gnn_ewc_replay,random_src,0,BruteForce,task0,n_attack,2891.0
gnn_ewc_replay,random_src,0,BruteForce,task0,accuracy,0.99912
gnn_ewc_replay,random_src,0,BruteForce,task0,macro_f1,0.9862912374963496
gnn_ewc_replay,random_src,0,BruteForce,task0,fpr,0.0002382211273088566
gnn_ewc_replay,random_src,0,BruteForce,task0,detection_rate,0.9609131788308544
gnn_ewc_replay,random_src,0,BruteForce,task0,binary_f1,0.9730297723292469
gnn_ewc_replay,random_src,0,BruteForce,task0,category_recall,0.9609131788308544
gnn_ewc_replay,random_src,0,BruteForce,task1,n,385000.0
gnn_ewc_replay,random_src,0,BruteForce,task1,n_benign,331373.0
gnn_ewc_replay,random_src,0,BruteForce,task1,n_attack,53627.0
gnn_ewc_replay,random_src,0,BruteForce,task1,accuracy,0.8605220779220779
gnn_ewc_replay,random_src,0,BruteForce,task1,macro_f1,0.46251645607084174
gnn_ewc_replay,random_src,0,BruteForce,task1,fpr,0.00021727781080534624
gnn_ewc_replay,random_src,0,BruteForce,task1,detection_rate,0.0
gnn_ewc_replay,random_src,0,BruteForce,task1,binary_f1,0.0
gnn_ewc_replay,random_src,0,BruteForce,task1,category_recall,0.0
gnn_ewc_replay,random_src,0,BruteForce,task2,n,480000.0
gnn_ewc_replay,random_src,0,BruteForce,task2,n_benign,439090.0
gnn_ewc_replay,random_src,0,BruteForce,task2,n_attack,40910.0
gnn_ewc_replay,random_src,0,BruteForce,task2,accuracy,0.91446875
gnn_ewc_replay,random_src,0,BruteForce,task2,macro_f1,0.3184412560055281
gnn_ewc_replay,random_src,0,BruteForce,task2,fpr,0.0003302284269739689
gnn_ewc_replay,random_src,0,BruteForce,task2,detection_rate,0.0
gnn_ewc_replay,random_src,0,BruteForce,task2,binary_f1,0.0
gnn_ewc_replay,random_src,0,BruteForce,task2,category_recall,0.0
gnn_ewc_replay,random_src,0,BruteForce,task3,n,270000.0
gnn_ewc_replay,random_src,0,BruteForce,task3,n_benign,269993.0
gnn_ewc_replay,random_src,0,BruteForce,task3,n_attack,7.0
gnn_ewc_replay,random_src,0,BruteForce,task3,accuracy,0.9996888888888888
gnn_ewc_replay,random_src,0,BruteForce,task3,macro_f1,0.49992221012157445
gnn_ewc_replay,random_src,0,BruteForce,task3,fpr,0.0002851925790668647
gnn_ewc_replay,random_src,0,BruteForce,task3,detection_rate,0.0
gnn_ewc_replay,random_src,0,BruteForce,task3,binary_f1,0.0
gnn_ewc_replay,random_src,0,BruteForce,task3,category_recall,0.0
gnn_ewc_replay,random_src,0,BruteForce,task4,n,395000.0
gnn_ewc_replay,random_src,0,BruteForce,task4,n_benign,393444.0
gnn_ewc_replay,random_src,0,BruteForce,task4,n_attack,1556.0
gnn_ewc_replay,random_src,0,BruteForce,task4,accuracy,0.9958126582278481
gnn_ewc_replay,random_src,0,BruteForce,task4,macro_f1,0.49895096822968593
gnn_ewc_replay,random_src,0,BruteForce,task4,fpr,0.00024908246154471794
gnn_ewc_replay,random_src,0,BruteForce,task4,detection_rate,0.0
gnn_ewc_replay,random_src,0,BruteForce,task4,binary_f1,0.0
gnn_ewc_replay,random_src,0,BruteForce,task4,category_recall,0.0
gnn_ewc_replay,random_src,0,BruteForce,task5,n,190000.0
gnn_ewc_replay,random_src,0,BruteForce,task5,n_benign,185763.0
gnn_ewc_replay,random_src,0,BruteForce,task5,n_attack,4237.0
gnn_ewc_replay,random_src,0,BruteForce,task5,accuracy,0.9775052631578948
gnn_ewc_replay,random_src,0,BruteForce,task5,macro_f1,0.49431234463412166
gnn_ewc_replay,random_src,0,BruteForce,task5,fpr,0.00019917852317199872
gnn_ewc_replay,random_src,0,BruteForce,task5,detection_rate,0.0
gnn_ewc_replay,random_src,0,BruteForce,task5,binary_f1,0.0
gnn_ewc_replay,random_src,0,BruteForce,task5,category_recall,0.0
gnn_ewc_replay,random_src,0,BruteForce,seen,n,175000.0
gnn_ewc_replay,random_src,0,BruteForce,seen,n_benign,172109.0
gnn_ewc_replay,random_src,0,BruteForce,seen,n_attack,2891.0
gnn_ewc_replay,random_src,0,BruteForce,seen,accuracy,0.99912
gnn_ewc_replay,random_src,0,BruteForce,seen,macro_f1,0.9862912374963496
gnn_ewc_replay,random_src,0,BruteForce,seen,fpr,0.0002382211273088566
gnn_ewc_replay,random_src,0,BruteForce,seen,detection_rate,0.9609131788308544
gnn_ewc_replay,random_src,0,BruteForce,seen,binary_f1,0.9730297723292469
gnn_ewc_replay,random_src,0,BruteForce,all,n,1895000.0
gnn_ewc_replay,random_src,0,BruteForce,all,n_benign,1791772.0
gnn_ewc_replay,random_src,0,BruteForce,all,n_attack,103228.0
gnn_ewc_replay,random_src,0,BruteForce,all,accuracy,0.9467440633245383
gnn_ewc_replay,random_src,0,BruteForce,all,macro_f1,0.26823367375297363
gnn_ewc_replay,random_src,0,BruteForce,all,fpr,0.00026231015999803546
gnn_ewc_replay,random_src,0,BruteForce,all,detection_rate,0.026911303134808384
gnn_ewc_replay,random_src,0,BruteForce,all,binary_f1,0.052180773131973404
gnn_ewc_replay,none,1,DoS,task0,n,175000.0
gnn_ewc_replay,none,1,DoS,task0,n_benign,172109.0
gnn_ewc_replay,none,1,DoS,task0,n_attack,2891.0
gnn_ewc_replay,none,1,DoS,task0,accuracy,1.0
gnn_ewc_replay,none,1,DoS,task0,macro_f1,1.0
gnn_ewc_replay,none,1,DoS,task0,fpr,0.0
gnn_ewc_replay,none,1,DoS,task0,detection_rate,1.0
gnn_ewc_replay,none,1,DoS,task0,binary_f1,1.0
gnn_ewc_replay,none,1,DoS,task0,category_recall,1.0
gnn_ewc_replay,none,1,DoS,task1,n,385000.0
gnn_ewc_replay,none,1,DoS,task1,n_benign,331373.0
gnn_ewc_replay,none,1,DoS,task1,n_attack,53627.0
gnn_ewc_replay,none,1,DoS,task1,accuracy,0.9997324675324676
gnn_ewc_replay,none,1,DoS,task1,macro_f1,0.9994417360896013
gnn_ewc_replay,none,1,DoS,task1,fpr,2.1124231606075328e-05
gnn_ewc_replay,none,1,DoS,task1,detection_rate,0.9982098569750313
gnn_ewc_replay,none,1,DoS,task1,binary_f1,0.9990388653011711
gnn_ewc_replay,none,1,DoS,task1,category_recall,0.9982098569750313
gnn_ewc_replay,none,1,DoS,task2,n,480000.0
gnn_ewc_replay,none,1,DoS,task2,n_benign,439090.0
gnn_ewc_replay,none,1,DoS,task2,n_attack,40910.0
gnn_ewc_replay,none,1,DoS,task2,accuracy,0.9147708333333333
gnn_ewc_replay,none,1,DoS,task2,macro_f1,0.3184961936988398
gnn_ewc_replay,none,1,DoS,task2,fpr,0.0
gnn_ewc_replay,none,1,DoS,task2,detection_rate,0.0
gnn_ewc_replay,none,1,DoS,task2,binary_f1,0.0
gnn_ewc_replay,none,1,DoS,task2,category_recall,0.0
gnn_ewc_replay,none,1,DoS,task3,n,270000.0
gnn_ewc_replay,none,1,DoS,task3,n_benign,269993.0
gnn_ewc_replay,none,1,DoS,task3,n_attack,7.0
gnn_ewc_replay,none,1,DoS,task3,accuracy,0.9999740740740741
gnn_ewc_replay,none,1,DoS,task3,macro_f1,0.49999351843449824
gnn_ewc_replay,none,1,DoS,task3,fpr,0.0
gnn_ewc_replay,none,1,DoS,task3,detection_rate,0.0
gnn_ewc_replay,none,1,DoS,task3,binary_f1,0.0
gnn_ewc_replay,none,1,DoS,task3,category_recall,0.0
gnn_ewc_replay,none,1,DoS,task4,n,395000.0
gnn_ewc_replay,none,1,DoS,task4,n_benign,393444.0
gnn_ewc_replay,none,1,DoS,task4,n_attack,1556.0
gnn_ewc_replay,none,1,DoS,task4,accuracy,0.9960607594936709
gnn_ewc_replay,none,1,DoS,task4,macro_f1,0.49901324634343086
gnn_ewc_replay,none,1,DoS,task4,fpr,0.0
gnn_ewc_replay,none,1,DoS,task4,detection_rate,0.0
gnn_ewc_replay,none,1,DoS,task4,binary_f1,0.0
gnn_ewc_replay,none,1,DoS,task4,category_recall,0.0
gnn_ewc_replay,none,1,DoS,task5,n,190000.0
gnn_ewc_replay,none,1,DoS,task5,n_benign,185763.0
gnn_ewc_replay,none,1,DoS,task5,n_attack,4237.0
gnn_ewc_replay,none,1,DoS,task5,accuracy,0.9777
gnn_ewc_replay,none,1,DoS,task5,macro_f1,0.4943621378368812
gnn_ewc_replay,none,1,DoS,task5,fpr,0.0
gnn_ewc_replay,none,1,DoS,task5,detection_rate,0.0
gnn_ewc_replay,none,1,DoS,task5,binary_f1,0.0
gnn_ewc_replay,none,1,DoS,task5,category_recall,0.0
gnn_ewc_replay,none,1,DoS,seen,n,560000.0
gnn_ewc_replay,none,1,DoS,seen,n_benign,503482.0
gnn_ewc_replay,none,1,DoS,seen,n_attack,56518.0
gnn_ewc_replay,none,1,DoS,seen,accuracy,0.9998160714285714
gnn_ewc_replay,none,1,DoS,seen,macro_f1,0.9996455288907802
gnn_ewc_replay,none,1,DoS,seen,fpr,1.3903178266551733e-05
gnn_ewc_replay,none,1,DoS,seen,detection_rate,0.9983014260943416
gnn_ewc_replay,none,1,DoS,seen,binary_f1,0.9990880678548346
gnn_ewc_replay,none,1,DoS,all,n,1895000.0
gnn_ewc_replay,none,1,DoS,all,n_benign,1791772.0
gnn_ewc_replay,none,1,DoS,all,n_attack,103228.0
gnn_ewc_replay,none,1,DoS,all,accuracy,0.9752965699208443
gnn_ewc_replay,none,1,DoS,all,macro_f1,0.4265919914995065
gnn_ewc_replay,none,1,DoS,all,fpr,3.906747063800528e-06
gnn_ewc_replay,none,1,DoS,all,detection_rate,0.5465765102491572
gnn_ewc_replay,none,1,DoS,all,binary_f1,0.7067901814514866
gnn_ewc_replay,permute,1,DoS,task0,n,175000.0
gnn_ewc_replay,permute,1,DoS,task0,n_benign,172109.0
gnn_ewc_replay,permute,1,DoS,task0,n_attack,2891.0
gnn_ewc_replay,permute,1,DoS,task0,accuracy,1.0
gnn_ewc_replay,permute,1,DoS,task0,macro_f1,1.0
gnn_ewc_replay,permute,1,DoS,task0,fpr,0.0
gnn_ewc_replay,permute,1,DoS,task0,detection_rate,1.0
gnn_ewc_replay,permute,1,DoS,task0,binary_f1,1.0
gnn_ewc_replay,permute,1,DoS,task0,category_recall,1.0
gnn_ewc_replay,permute,1,DoS,task1,n,385000.0
gnn_ewc_replay,permute,1,DoS,task1,n_benign,331373.0
gnn_ewc_replay,permute,1,DoS,task1,n_attack,53627.0
gnn_ewc_replay,permute,1,DoS,task1,accuracy,0.9997324675324676
gnn_ewc_replay,permute,1,DoS,task1,macro_f1,0.9994417360896013
gnn_ewc_replay,permute,1,DoS,task1,fpr,2.1124231606075328e-05
gnn_ewc_replay,permute,1,DoS,task1,detection_rate,0.9982098569750313
gnn_ewc_replay,permute,1,DoS,task1,binary_f1,0.9990388653011711
gnn_ewc_replay,permute,1,DoS,task1,category_recall,0.9982098569750313
gnn_ewc_replay,permute,1,DoS,task2,n,480000.0
gnn_ewc_replay,permute,1,DoS,task2,n_benign,439090.0
gnn_ewc_replay,permute,1,DoS,task2,n_attack,40910.0
gnn_ewc_replay,permute,1,DoS,task2,accuracy,0.9147708333333333
gnn_ewc_replay,permute,1,DoS,task2,macro_f1,0.3184961936988398
gnn_ewc_replay,permute,1,DoS,task2,fpr,0.0
gnn_ewc_replay,permute,1,DoS,task2,detection_rate,0.0
gnn_ewc_replay,permute,1,DoS,task2,binary_f1,0.0
gnn_ewc_replay,permute,1,DoS,task2,category_recall,0.0
gnn_ewc_replay,permute,1,DoS,task3,n,270000.0
gnn_ewc_replay,permute,1,DoS,task3,n_benign,269993.0
gnn_ewc_replay,permute,1,DoS,task3,n_attack,7.0
gnn_ewc_replay,permute,1,DoS,task3,accuracy,0.9999740740740741
gnn_ewc_replay,permute,1,DoS,task3,macro_f1,0.49999351843449824
gnn_ewc_replay,permute,1,DoS,task3,fpr,0.0
gnn_ewc_replay,permute,1,DoS,task3,detection_rate,0.0
gnn_ewc_replay,permute,1,DoS,task3,binary_f1,0.0
gnn_ewc_replay,permute,1,DoS,task3,category_recall,0.0
gnn_ewc_replay,permute,1,DoS,task4,n,395000.0
gnn_ewc_replay,permute,1,DoS,task4,n_benign,393444.0
gnn_ewc_replay,permute,1,DoS,task4,n_attack,1556.0
gnn_ewc_replay,permute,1,DoS,task4,accuracy,0.9960607594936709
gnn_ewc_replay,permute,1,DoS,task4,macro_f1,0.49901324634343086
gnn_ewc_replay,permute,1,DoS,task4,fpr,0.0
gnn_ewc_replay,permute,1,DoS,task4,detection_rate,0.0
gnn_ewc_replay,permute,1,DoS,task4,binary_f1,0.0
gnn_ewc_replay,permute,1,DoS,task4,category_recall,0.0
gnn_ewc_replay,permute,1,DoS,task5,n,190000.0
gnn_ewc_replay,permute,1,DoS,task5,n_benign,185763.0
gnn_ewc_replay,permute,1,DoS,task5,n_attack,4237.0
gnn_ewc_replay,permute,1,DoS,task5,accuracy,0.9777
gnn_ewc_replay,permute,1,DoS,task5,macro_f1,0.4943621378368812
gnn_ewc_replay,permute,1,DoS,task5,fpr,0.0
gnn_ewc_replay,permute,1,DoS,task5,detection_rate,0.0
gnn_ewc_replay,permute,1,DoS,task5,binary_f1,0.0
gnn_ewc_replay,permute,1,DoS,task5,category_recall,0.0
gnn_ewc_replay,permute,1,DoS,seen,n,560000.0
gnn_ewc_replay,permute,1,DoS,seen,n_benign,503482.0
gnn_ewc_replay,permute,1,DoS,seen,n_attack,56518.0
gnn_ewc_replay,permute,1,DoS,seen,accuracy,0.9998160714285714
gnn_ewc_replay,permute,1,DoS,seen,macro_f1,0.9996455288907802
gnn_ewc_replay,permute,1,DoS,seen,fpr,1.3903178266551733e-05
gnn_ewc_replay,permute,1,DoS,seen,detection_rate,0.9983014260943416
gnn_ewc_replay,permute,1,DoS,seen,binary_f1,0.9990880678548346
gnn_ewc_replay,permute,1,DoS,all,n,1895000.0
gnn_ewc_replay,permute,1,DoS,all,n_benign,1791772.0
gnn_ewc_replay,permute,1,DoS,all,n_attack,103228.0
gnn_ewc_replay,permute,1,DoS,all,accuracy,0.9752965699208443
gnn_ewc_replay,permute,1,DoS,all,macro_f1,0.4265919914995065
gnn_ewc_replay,permute,1,DoS,all,fpr,3.906747063800528e-06
gnn_ewc_replay,permute,1,DoS,all,detection_rate,0.5465765102491572
gnn_ewc_replay,permute,1,DoS,all,binary_f1,0.7067901814514866
gnn_ewc_replay,random_src,1,DoS,task0,n,175000.0
gnn_ewc_replay,random_src,1,DoS,task0,n_benign,172109.0
gnn_ewc_replay,random_src,1,DoS,task0,n_attack,2891.0
gnn_ewc_replay,random_src,1,DoS,task0,accuracy,0.9833828571428571
gnn_ewc_replay,random_src,1,DoS,task0,macro_f1,0.4958109089232826
gnn_ewc_replay,random_src,1,DoS,task0,fpr,9.877461376220884e-05
gnn_ewc_replay,random_src,1,DoS,task0,detection_rate,0.0
gnn_ewc_replay,random_src,1,DoS,task0,binary_f1,0.0
gnn_ewc_replay,random_src,1,DoS,task0,category_recall,0.0
gnn_ewc_replay,random_src,1,DoS,task1,n,385000.0
gnn_ewc_replay,random_src,1,DoS,task1,n_benign,331373.0
gnn_ewc_replay,random_src,1,DoS,task1,n_attack,53627.0
gnn_ewc_replay,random_src,1,DoS,task1,accuracy,0.9981298701298701
gnn_ewc_replay,random_src,1,DoS,task1,macro_f1,0.9960801068229332
gnn_ewc_replay,random_src,1,DoS,task1,fpr,9.355016854119074e-05
gnn_ewc_replay,random_src,1,DoS,task1,detection_rate,0.9871519943312137
gnn_ewc_replay,random_src,1,DoS,task1,binary_f1,0.9932455251604188
gnn_ewc_replay,random_src,1,DoS,task1,category_recall,0.9871519943312137
gnn_ewc_replay,random_src,1,DoS,task2,n,480000.0
gnn_ewc_replay,random_src,1,DoS,task2,n_benign,439090.0
gnn_ewc_replay,random_src,1,DoS,task2,n_attack,40910.0
gnn_ewc_replay,random_src,1,DoS,task2,accuracy,0.91469375
gnn_ewc_replay,random_src,1,DoS,task2,macro_f1,0.31848217676238477
gnn_ewc_replay,random_src,1,DoS,task2,fpr,8.426518481404724e-05
gnn_ewc_replay,random_src,1,DoS,task2,detection_rate,0.0
gnn_ewc_replay,random_src,1,DoS,task2,binary_f1,0.0
gnn_ewc_replay,random_src,1,DoS,task2,category_recall,0.0
gnn_ewc_replay,random_src,1,DoS,task3,n,270000.0
gnn_ewc_replay,random_src,1,DoS,task3,n_benign,269993.0
gnn_ewc_replay,random_src,1,DoS,task3,n_attack,7.0
gnn_ewc_replay,random_src,1,DoS,task3,accuracy,0.9999037037037037
gnn_ewc_replay,random_src,1,DoS,task3,macro_f1,0.499975924766748
gnn_ewc_replay,random_src,1,DoS,task3,fpr,7.03721948346809e-05
gnn_ewc_replay,random_src,1,DoS,task3,detection_rate,0.0
gnn_ewc_replay,random_src,1,DoS,task3,binary_f1,0.0
gnn_ewc_replay,random_src,1,DoS,task3,category_recall,0.0
gnn_ewc_replay,random_src,1,DoS,task4,n,395000.0
gnn_ewc_replay,random_src,1,DoS,task4,n_benign,393444.0
gnn_ewc_replay,random_src,1,DoS,task4,n_attack,1556.0
gnn_ewc_replay,random_src,1,DoS,task4,accuracy,0.9959620253164557
gnn_ewc_replay,random_src,1,DoS,task4,macro_f1,0.4989890969604416
gnn_ewc_replay,random_src,1,DoS,task4,fpr,9.912465306371428e-05
gnn_ewc_replay,random_src,1,DoS,task4,detection_rate,0.0006426735218508997
gnn_ewc_replay,random_src,1,DoS,task4,binary_f1,0.0012531328320802004
gnn_ewc_replay,random_src,1,DoS,task4,category_recall,0.0
gnn_ewc_replay,random_src,1,DoS,task5,n,190000.0
gnn_ewc_replay,random_src,1,DoS,task5,n_benign,185763.0
gnn_ewc_replay,random_src,1,DoS,task5,n_attack,4237.0
gnn_ewc_replay,random_src,1,DoS,task5,accuracy,0.9776
gnn_ewc_replay,random_src,1,DoS,task5,macro_f1,0.494336569579288
gnn_ewc_replay,random_src,1,DoS,task5,fpr,0.00010228086325048584
gnn_ewc_replay,random_src,1,DoS,task5,detection_rate,0.0
gnn_ewc_replay,random_src,1,DoS,task5,binary_f1,0.0
gnn_ewc_replay,random_src,1,DoS,task5,category_recall,0.0
gnn_ewc_replay,random_src,1,DoS,seen,n,560000.0
gnn_ewc_replay,random_src,1,DoS,seen,n_benign,503482.0
gnn_ewc_replay,random_src,1,DoS,seen,n_attack,56518.0
gnn_ewc_replay,random_src,1,DoS,seen,accuracy,0.9935214285714286
gnn_ewc_replay,random_src,1,DoS,seen,macro_f1,0.663165610309335
gnn_ewc_replay,random_src,1,DoS,seen,fpr,9.533607954206903e-05
gnn_ewc_replay,random_src,1,DoS,seen,detection_rate,0.9366573481014898
gnn_ewc_replay,random_src,1,DoS,seen,binary_f1,0.9668687901811805
gnn_ewc_replay,random_src,1,DoS,all,n,1895000.0
gnn_ewc_replay,random_src,1,DoS,all,n_benign,1791772.0
gnn_ewc_replay,random_src,1,DoS,all,n_attack,103228.0
gnn_ewc_replay,random_src,1,DoS,all,accuracy,0.973376253298153
gnn_ewc_replay,random_src,1,DoS,all,macro_f1,0.2825903977416684
gnn_ewc_replay,random_src,1,DoS,all,fpr,9.041328919081222e-05
gnn_ewc_replay,random_src,1,DoS,all,detection_rate,0.5128356647421243
gnn_ewc_replay,random_src,1,DoS,all,binary_f1,0.6772767688656616
gnn_ewc_replay,none,2,DDoS,task0,n,175000.0
gnn_ewc_replay,none,2,DDoS,task0,n_benign,172109.0
gnn_ewc_replay,none,2,DDoS,task0,n_attack,2891.0
gnn_ewc_replay,none,2,DDoS,task0,accuracy,1.0
gnn_ewc_replay,none,2,DDoS,task0,macro_f1,1.0
gnn_ewc_replay,none,2,DDoS,task0,fpr,0.0
gnn_ewc_replay,none,2,DDoS,task0,detection_rate,1.0
gnn_ewc_replay,none,2,DDoS,task0,binary_f1,1.0
gnn_ewc_replay,none,2,DDoS,task0,category_recall,1.0
gnn_ewc_replay,none,2,DDoS,task1,n,385000.0
gnn_ewc_replay,none,2,DDoS,task1,n_benign,331373.0
gnn_ewc_replay,none,2,DDoS,task1,n_attack,53627.0
gnn_ewc_replay,none,2,DDoS,task1,accuracy,0.9998727272727272
gnn_ewc_replay,none,2,DDoS,task1,macro_f1,0.9997347044650016
gnn_ewc_replay,none,2,DDoS,task1,fpr,0.0001478696212425273
gnn_ewc_replay,none,2,DDoS,task1,detection_rate,1.0
gnn_ewc_replay,none,2,DDoS,task1,binary_f1,0.9995433492073847
gnn_ewc_replay,none,2,DDoS,task1,category_recall,1.0
gnn_ewc_replay,none,2,DDoS,task2,n,480000.0
gnn_ewc_replay,none,2,DDoS,task2,n_benign,439090.0
gnn_ewc_replay,none,2,DDoS,task2,n_attack,40910.0
gnn_ewc_replay,none,2,DDoS,task2,accuracy,0.9999854166666666
gnn_ewc_replay,none,2,DDoS,task2,macro_f1,0.8888740091598283
gnn_ewc_replay,none,2,DDoS,task2,fpr,1.5942061991846773e-05
gnn_ewc_replay,none,2,DDoS,task2,detection_rate,1.0
gnn_ewc_replay,none,2,DDoS,task2,binary_f1,0.9999144536644384
gnn_ewc_replay,none,2,DDoS,task2,category_recall,1.0
gnn_ewc_replay,none,2,DDoS,task3,n,270000.0
gnn_ewc_replay,none,2,DDoS,task3,n_benign,269993.0
gnn_ewc_replay,none,2,DDoS,task3,n_attack,7.0
gnn_ewc_replay,none,2,DDoS,task3,accuracy,0.9999888888888889
gnn_ewc_replay,none,2,DDoS,task3,macro_f1,0.9285686507164881
gnn_ewc_replay,none,2,DDoS,task3,fpr,7.4075994562822e-06
gnn_ewc_replay,none,2,DDoS,task3,detection_rate,0.8571428571428571
gnn_ewc_replay,none,2,DDoS,task3,binary_f1,0.8
gnn_ewc_replay,none,2,DDoS,task3,category_recall,0.8571428571428571
gnn_ewc_replay,none,2,DDoS,task4,n,395000.0
gnn_ewc_replay,none,2,DDoS,task4,n_benign,393444.0
gnn_ewc_replay,none,2,DDoS,task4,n_attack,1556.0
gnn_ewc_replay,none,2,DDoS,task4,accuracy,0.9960455696202531
gnn_ewc_replay,none,2,DDoS,task4,macro_f1,0.4990094338426103
gnn_ewc_replay,none,2,DDoS,task4,fpr,1.5249946625186813e-05
gnn_ewc_replay,none,2,DDoS,task4,detection_rate,0.0
gnn_ewc_replay,none,2,DDoS,task4,binary_f1,0.0
gnn_ewc_replay,none,2,DDoS,task4,category_recall,0.0
gnn_ewc_replay,none,2,DDoS,task5,n,190000.0
gnn_ewc_replay,none,2,DDoS,task5,n_benign,185763.0
gnn_ewc_replay,none,2,DDoS,task5,n_attack,4237.0
gnn_ewc_replay,none,2,DDoS,task5,accuracy,0.9777
gnn_ewc_replay,none,2,DDoS,task5,macro_f1,0.4943621378368812
gnn_ewc_replay,none,2,DDoS,task5,fpr,0.0
gnn_ewc_replay,none,2,DDoS,task5,detection_rate,0.0
gnn_ewc_replay,none,2,DDoS,task5,binary_f1,0.0
gnn_ewc_replay,none,2,DDoS,task5,category_recall,0.0
gnn_ewc_replay,none,2,DDoS,seen,n,1040000.0
gnn_ewc_replay,none,2,DDoS,seen,n_benign,942572.0
gnn_ewc_replay,none,2,DDoS,seen,n_attack,97428.0
gnn_ewc_replay,none,2,DDoS,seen,accuracy,0.9999461538461538
gnn_ewc_replay,none,2,DDoS,seen,macro_f1,0.9332287281890871
gnn_ewc_replay,none,2,DDoS,seen,fpr,5.9411906994903306e-05
gnn_ewc_replay,none,2,DDoS,seen,detection_rate,1.0
gnn_ewc_replay,none,2,DDoS,seen,binary_f1,0.9997126908553604
gnn_ewc_replay,none,2,DDoS,all,n,1895000.0
gnn_ewc_replay,none,2,DDoS,all,n_benign,1791772.0
gnn_ewc_replay,none,2,DDoS,all,n_attack,103228.0
gnn_ewc_replay,none,2,DDoS,all,accuracy,0.9969087071240106
gnn_ewc_replay,none,2,DDoS,all,macro_f1,0.6696413716909406
gnn_ewc_replay,none,2,DDoS,all,fpr,3.571883029760483e-05
gnn_ewc_replay,none,2,DDoS,all,detection_rate,0.9438718177238734
gnn_ewc_replay,none,2,DDoS,all,binary_f1,0.9708159381445354
gnn_ewc_replay,permute,2,DDoS,task0,n,175000.0
gnn_ewc_replay,permute,2,DDoS,task0,n_benign,172109.0
gnn_ewc_replay,permute,2,DDoS,task0,n_attack,2891.0
gnn_ewc_replay,permute,2,DDoS,task0,accuracy,1.0
gnn_ewc_replay,permute,2,DDoS,task0,macro_f1,1.0
gnn_ewc_replay,permute,2,DDoS,task0,fpr,0.0
gnn_ewc_replay,permute,2,DDoS,task0,detection_rate,1.0
gnn_ewc_replay,permute,2,DDoS,task0,binary_f1,1.0
gnn_ewc_replay,permute,2,DDoS,task0,category_recall,1.0
gnn_ewc_replay,permute,2,DDoS,task1,n,385000.0
gnn_ewc_replay,permute,2,DDoS,task1,n_benign,331373.0
gnn_ewc_replay,permute,2,DDoS,task1,n_attack,53627.0
gnn_ewc_replay,permute,2,DDoS,task1,accuracy,0.9998727272727272
gnn_ewc_replay,permute,2,DDoS,task1,macro_f1,0.9997347044650016
gnn_ewc_replay,permute,2,DDoS,task1,fpr,0.0001478696212425273
gnn_ewc_replay,permute,2,DDoS,task1,detection_rate,1.0
gnn_ewc_replay,permute,2,DDoS,task1,binary_f1,0.9995433492073847
gnn_ewc_replay,permute,2,DDoS,task1,category_recall,1.0
gnn_ewc_replay,permute,2,DDoS,task2,n,480000.0
gnn_ewc_replay,permute,2,DDoS,task2,n_benign,439090.0
gnn_ewc_replay,permute,2,DDoS,task2,n_attack,40910.0
gnn_ewc_replay,permute,2,DDoS,task2,accuracy,0.9999854166666666
gnn_ewc_replay,permute,2,DDoS,task2,macro_f1,0.8888740091598283
gnn_ewc_replay,permute,2,DDoS,task2,fpr,1.5942061991846773e-05
gnn_ewc_replay,permute,2,DDoS,task2,detection_rate,1.0
gnn_ewc_replay,permute,2,DDoS,task2,binary_f1,0.9999144536644384
gnn_ewc_replay,permute,2,DDoS,task2,category_recall,1.0
gnn_ewc_replay,permute,2,DDoS,task3,n,270000.0
gnn_ewc_replay,permute,2,DDoS,task3,n_benign,269993.0
gnn_ewc_replay,permute,2,DDoS,task3,n_attack,7.0
gnn_ewc_replay,permute,2,DDoS,task3,accuracy,0.9999888888888889
gnn_ewc_replay,permute,2,DDoS,task3,macro_f1,0.9285686507164881
gnn_ewc_replay,permute,2,DDoS,task3,fpr,7.4075994562822e-06
gnn_ewc_replay,permute,2,DDoS,task3,detection_rate,0.8571428571428571
gnn_ewc_replay,permute,2,DDoS,task3,binary_f1,0.8
gnn_ewc_replay,permute,2,DDoS,task3,category_recall,0.8571428571428571
gnn_ewc_replay,permute,2,DDoS,task4,n,395000.0
gnn_ewc_replay,permute,2,DDoS,task4,n_benign,393444.0
gnn_ewc_replay,permute,2,DDoS,task4,n_attack,1556.0
gnn_ewc_replay,permute,2,DDoS,task4,accuracy,0.9960455696202531
gnn_ewc_replay,permute,2,DDoS,task4,macro_f1,0.4990094338426103
gnn_ewc_replay,permute,2,DDoS,task4,fpr,1.5249946625186813e-05
gnn_ewc_replay,permute,2,DDoS,task4,detection_rate,0.0
gnn_ewc_replay,permute,2,DDoS,task4,binary_f1,0.0
gnn_ewc_replay,permute,2,DDoS,task4,category_recall,0.0
gnn_ewc_replay,permute,2,DDoS,task5,n,190000.0
gnn_ewc_replay,permute,2,DDoS,task5,n_benign,185763.0
gnn_ewc_replay,permute,2,DDoS,task5,n_attack,4237.0
gnn_ewc_replay,permute,2,DDoS,task5,accuracy,0.9777
gnn_ewc_replay,permute,2,DDoS,task5,macro_f1,0.4943621378368812
gnn_ewc_replay,permute,2,DDoS,task5,fpr,0.0
gnn_ewc_replay,permute,2,DDoS,task5,detection_rate,0.0
gnn_ewc_replay,permute,2,DDoS,task5,binary_f1,0.0
gnn_ewc_replay,permute,2,DDoS,task5,category_recall,0.0
gnn_ewc_replay,permute,2,DDoS,seen,n,1040000.0
gnn_ewc_replay,permute,2,DDoS,seen,n_benign,942572.0
gnn_ewc_replay,permute,2,DDoS,seen,n_attack,97428.0
gnn_ewc_replay,permute,2,DDoS,seen,accuracy,0.9999461538461538
gnn_ewc_replay,permute,2,DDoS,seen,macro_f1,0.9332287281890871
gnn_ewc_replay,permute,2,DDoS,seen,fpr,5.9411906994903306e-05
gnn_ewc_replay,permute,2,DDoS,seen,detection_rate,1.0
gnn_ewc_replay,permute,2,DDoS,seen,binary_f1,0.9997126908553604
gnn_ewc_replay,permute,2,DDoS,all,n,1895000.0
gnn_ewc_replay,permute,2,DDoS,all,n_benign,1791772.0
gnn_ewc_replay,permute,2,DDoS,all,n_attack,103228.0
gnn_ewc_replay,permute,2,DDoS,all,accuracy,0.9969087071240106
gnn_ewc_replay,permute,2,DDoS,all,macro_f1,0.6696413716909406
gnn_ewc_replay,permute,2,DDoS,all,fpr,3.571883029760483e-05
gnn_ewc_replay,permute,2,DDoS,all,detection_rate,0.9438718177238734
gnn_ewc_replay,permute,2,DDoS,all,binary_f1,0.9708159381445354
gnn_ewc_replay,random_src,2,DDoS,task0,n,175000.0
gnn_ewc_replay,random_src,2,DDoS,task0,n_benign,172109.0
gnn_ewc_replay,random_src,2,DDoS,task0,n_attack,2891.0
gnn_ewc_replay,random_src,2,DDoS,task0,accuracy,0.9985885714285714
gnn_ewc_replay,random_src,2,DDoS,task0,macro_f1,0.97766706471136
gnn_ewc_replay,random_src,2,DDoS,task0,fpr,5.8102713977769905e-06
gnn_ewc_replay,random_src,2,DDoS,task0,detection_rate,0.9730197163611207
gnn_ewc_replay,random_src,2,DDoS,task0,binary_f1,0.9861524978089395
gnn_ewc_replay,random_src,2,DDoS,task0,category_recall,0.9149083362158422
gnn_ewc_replay,random_src,2,DDoS,task1,n,385000.0
gnn_ewc_replay,random_src,2,DDoS,task1,n_benign,331373.0
gnn_ewc_replay,random_src,2,DDoS,task1,n_attack,53627.0
gnn_ewc_replay,random_src,2,DDoS,task1,accuracy,0.9985766233766233
gnn_ewc_replay,random_src,2,DDoS,task1,macro_f1,0.9971407981096403
gnn_ewc_replay,random_src,2,DDoS,task1,fpr,6.940818956281894e-05
gnn_ewc_replay,random_src,2,DDoS,task1,detection_rate,0.9906576910884443
gnn_ewc_replay,random_src,2,DDoS,task1,binary_f1,0.9950925301565895
gnn_ewc_replay,random_src,2,DDoS,task1,category_recall,0.990210155332202
gnn_ewc_replay,random_src,2,DDoS,task2,n,480000.0
gnn_ewc_replay,random_src,2,DDoS,task2,n_benign,439090.0
gnn_ewc_replay,random_src,2,DDoS,task2,n_attack,40910.0
gnn_ewc_replay,random_src,2,DDoS,task2,accuracy,0.99980625
gnn_ewc_replay,random_src,2,DDoS,task2,macro_f1,0.832955643684168
gnn_ewc_replay,random_src,2,DDoS,task2,fpr,7.743287253182719e-05
gnn_ewc_replay,random_src,2,DDoS,task2,detection_rate,0.9985578098264483
gnn_ewc_replay,random_src,2,DDoS,task2,binary_f1,0.9988630111865029
gnn_ewc_replay,random_src,2,DDoS,task2,category_recall,0.9985576688016428
gnn_ewc_replay,random_src,2,DDoS,task3,n,270000.0
gnn_ewc_replay,random_src,2,DDoS,task3,n_benign,269993.0
gnn_ewc_replay,random_src,2,DDoS,task3,n_attack,7.0
gnn_ewc_replay,random_src,2,DDoS,task3,accuracy,0.9999481481481481
gnn_ewc_replay,random_src,2,DDoS,task3,macro_f1,0.7941046835197032
gnn_ewc_replay,random_src,2,DDoS,task3,fpr,4.44455967376932e-05
gnn_ewc_replay,random_src,2,DDoS,task3,detection_rate,0.7142857142857143
gnn_ewc_replay,random_src,2,DDoS,task3,binary_f1,0.4166666666666667
gnn_ewc_replay,random_src,2,DDoS,task3,category_recall,0.7142857142857143
gnn_ewc_replay,random_src,2,DDoS,task4,n,395000.0
gnn_ewc_replay,random_src,2,DDoS,task4,n_benign,393444.0
gnn_ewc_replay,random_src,2,DDoS,task4,n_attack,1556.0
gnn_ewc_replay,random_src,2,DDoS,task4,accuracy,0.9960455696202531
gnn_ewc_replay,random_src,2,DDoS,task4,macro_f1,0.4990094338426103
gnn_ewc_replay,random_src,2,DDoS,task4,fpr,1.5249946625186813e-05
gnn_ewc_replay,random_src,2,DDoS,task4,detection_rate,0.0
gnn_ewc_replay,random_src,2,DDoS,task4,binary_f1,0.0
gnn_ewc_replay,random_src,2,DDoS,task4,category_recall,0.0
gnn_ewc_replay,random_src,2,DDoS,task5,n,190000.0
gnn_ewc_replay,random_src,2,DDoS,task5,n_benign,185763.0
gnn_ewc_replay,random_src,2,DDoS,task5,n_attack,4237.0
gnn_ewc_replay,random_src,2,DDoS,task5,accuracy,0.9776052631578948
gnn_ewc_replay,random_src,2,DDoS,task5,macro_f1,0.4943379153415215
gnn_ewc_replay,random_src,2,DDoS,task5,fpr,9.68976599215129e-05
gnn_ewc_replay,random_src,2,DDoS,task5,detection_rate,0.0
gnn_ewc_replay,random_src,2,DDoS,task5,binary_f1,0.0
gnn_ewc_replay,random_src,2,DDoS,task5,category_recall,0.0
gnn_ewc_replay,random_src,2,DDoS,seen,n,1040000.0
gnn_ewc_replay,random_src,2,DDoS,seen,n_benign,942572.0
gnn_ewc_replay,random_src,2,DDoS,seen,n_attack,97428.0
gnn_ewc_replay,random_src,2,DDoS,seen,accuracy,0.9991461538461538
gnn_ewc_replay,random_src,2,DDoS,seen,macro_f1,0.7982521501074484
gnn_ewc_replay,random_src,2,DDoS,seen,fpr,6.153376081614985e-05
gnn_ewc_replay,random_src,2,DDoS,seen,detection_rate,0.993451574496038
gnn_ewc_replay,random_src,2,DDoS,seen,binary_f1,0.9964174679322202
gnn_ewc_replay,random_src,2,DDoS,all,n,1895000.0
gnn_ewc_replay,random_src,2,DDoS,all,n_benign,1791772.0
gnn_ewc_replay,random_src,2,DDoS,all,n_attack,103228.0
gnn_ewc_replay,random_src,2,DDoS,all,accuracy,0.9964543535620053
gnn_ewc_replay,random_src,2,DDoS,all,macro_f1,0.5762716410936045
gnn_ewc_replay,random_src,2,DDoS,all,fpr,5.246203199960709e-05
gnn_ewc_replay,random_src,2,DDoS,all,detection_rate,0.9376816367652188
gnn_ewc_replay,random_src,2,DDoS,all,binary_f1,0.9673840803130169
gnn_ewc_replay,none,3,WebAttack,task0,n,175000.0
gnn_ewc_replay,none,3,WebAttack,task0,n_benign,172109.0
gnn_ewc_replay,none,3,WebAttack,task0,n_attack,2891.0
gnn_ewc_replay,none,3,WebAttack,task0,accuracy,0.99996
gnn_ewc_replay,none,3,WebAttack,task0,macro_f1,0.9999898318182743
gnn_ewc_replay,none,3,WebAttack,task0,fpr,4.067189978443893e-05
gnn_ewc_replay,none,3,WebAttack,task0,detection_rate,1.0
gnn_ewc_replay,none,3,WebAttack,task0,binary_f1,0.9987908101571947
gnn_ewc_replay,none,3,WebAttack,task0,category_recall,1.0
gnn_ewc_replay,none,3,WebAttack,task1,n,385000.0
gnn_ewc_replay,none,3,WebAttack,task1,n_benign,331373.0
gnn_ewc_replay,none,3,WebAttack,task1,n_attack,53627.0
gnn_ewc_replay,none,3,WebAttack,task1,accuracy,0.9994857142857143
gnn_ewc_replay,none,3,WebAttack,task1,macro_f1,0.9990393988322464
gnn_ewc_replay,none,3,WebAttack,task1,fpr,0.00032289896883572287
gnn_ewc_replay,none,3,WebAttack,task1,detection_rate,0.9983030935909151
gnn_ewc_replay,none,3,WebAttack,task1,binary_f1,0.9981541903607719
gnn_ewc_replay,none,3,WebAttack,task1,category_recall,0.9983030935909151
gnn_ewc_replay,none,3,WebAttack,task2,n,480000.0
gnn_ewc_replay,none,3,WebAttack,task2,n_benign,439090.0
gnn_ewc_replay,none,3,WebAttack,task2,n_attack,40910.0
gnn_ewc_replay,none,3,WebAttack,task2,accuracy,0.99985625
gnn_ewc_replay,none,3,WebAttack,task2,macro_f1,0.7150805103872311
gnn_ewc_replay,none,3,WebAttack,task2,fpr,0.00015714318249106105
gnn_ewc_replay,none,3,WebAttack,task2,detection_rate,1.0
gnn_ewc_replay,none,3,WebAttack,task2,binary_f1,0.9991573959872511
gnn_ewc_replay,none,3,WebAttack,task2,category_recall,1.0
gnn_ewc_replay,none,3,WebAttack,task3,n,270000.0
gnn_ewc_replay,none,3,WebAttack,task3,n_benign,269993.0
gnn_ewc_replay,none,3,WebAttack,task3,n_attack,7.0
gnn_ewc_replay,none,3,WebAttack,task3,accuracy,0.9998222222222222
gnn_ewc_replay,none,3,WebAttack,task3,macro_f1,0.6345709350674735
gnn_ewc_replay,none,3,WebAttack,task3,fpr,0.0001777823869507728
gnn_ewc_replay,none,3,WebAttack,task3,detection_rate,1.0
gnn_ewc_replay,none,3,WebAttack,task3,binary_f1,0.22580645161290322
gnn_ewc_replay,none,3,WebAttack,task3,category_recall,1.0
gnn_ewc_replay,none,3,WebAttack,task4,n,395000.0
gnn_ewc_replay,none,3,WebAttack,task4,n_benign,393444.0
gnn_ewc_replay,none,3,WebAttack,task4,n_attack,1556.0
gnn_ewc_replay,none,3,WebAttack,task4,accuracy,0.9959544303797468
gnn_ewc_replay,none,3,WebAttack,task4,macro_f1,0.49898655761908267
gnn_ewc_replay,none,3,WebAttack,task4,fpr,0.00010674962637630768
gnn_ewc_replay,none,3,WebAttack,task4,detection_rate,0.0
gnn_ewc_replay,none,3,WebAttack,task4,binary_f1,0.0
gnn_ewc_replay,none,3,WebAttack,task4,category_recall,0.0
gnn_ewc_replay,none,3,WebAttack,task5,n,190000.0
gnn_ewc_replay,none,3,WebAttack,task5,n_benign,185763.0
gnn_ewc_replay,none,3,WebAttack,task5,n_attack,4237.0
gnn_ewc_replay,none,3,WebAttack,task5,accuracy,0.9776526315789473
gnn_ewc_replay,none,3,WebAttack,task5,macro_f1,0.49435002687928803
gnn_ewc_replay,none,3,WebAttack,task5,fpr,4.844882996075645e-05
gnn_ewc_replay,none,3,WebAttack,task5,detection_rate,0.0
gnn_ewc_replay,none,3,WebAttack,task5,binary_f1,0.0
gnn_ewc_replay,none,3,WebAttack,task5,category_recall,0.0
gnn_ewc_replay,none,3,WebAttack,seen,n,1310000.0
gnn_ewc_replay,none,3,WebAttack,seen,n_benign,1212565.0
gnn_ewc_replay,none,3,WebAttack,seen,n_attack,97435.0
gnn_ewc_replay,none,3,WebAttack,seen,accuracy,0.9997541984732824
gnn_ewc_replay,none,3,WebAttack,seen,macro_f1,0.8317663704794972
gnn_ewc_replay,none,3,WebAttack,seen,fpr,0.00019050525126488064
gnn_ewc_replay,none,3,WebAttack,seen,detection_rate,0.999066044029353
gnn_ewc_replay,none,3,WebAttack,seen,binary_f1,0.9983488026255064
gnn_ewc_replay,none,3,WebAttack,all,n,1895000.0
gnn_ewc_replay,none,3,WebAttack,all,n_benign,1791772.0
gnn_ewc_replay,none,3,WebAttack,all,n_attack,103228.0
gnn_ewc_replay,none,3,WebAttack,all,accuracy,0.9967461741424802
gnn_ewc_replay,none,3,WebAttack,all,macro_f1,0.5880216066063836
gnn_ewc_replay,none,3,WebAttack,all,fpr,0.00015738609599882128
gnn_ewc_replay,none,3,WebAttack,all,detection_rate,0.9429999612508234
gnn_ewc_replay,none,3,WebAttack,all,binary_f1,0.9693010843697412
gnn_ewc_replay,permute,3,WebAttack,task0,n,175000.0
gnn_ewc_replay,permute,3,WebAttack,task0,n_benign,172109.0
gnn_ewc_replay,permute,3,WebAttack,task0,n_attack,2891.0
gnn_ewc_replay,permute,3,WebAttack,task0,accuracy,0.99996
gnn_ewc_replay,permute,3,WebAttack,task0,macro_f1,0.9999898318182743
gnn_ewc_replay,permute,3,WebAttack,task0,fpr,4.067189978443893e-05
gnn_ewc_replay,permute,3,WebAttack,task0,detection_rate,1.0
gnn_ewc_replay,permute,3,WebAttack,task0,binary_f1,0.9987908101571947
gnn_ewc_replay,permute,3,WebAttack,task0,category_recall,1.0
gnn_ewc_replay,permute,3,WebAttack,task1,n,385000.0
gnn_ewc_replay,permute,3,WebAttack,task1,n_benign,331373.0
gnn_ewc_replay,permute,3,WebAttack,task1,n_attack,53627.0
gnn_ewc_replay,permute,3,WebAttack,task1,accuracy,0.9994857142857143
gnn_ewc_replay,permute,3,WebAttack,task1,macro_f1,0.9990393988322464
gnn_ewc_replay,permute,3,WebAttack,task1,fpr,0.00032289896883572287
gnn_ewc_replay,permute,3,WebAttack,task1,detection_rate,0.9983030935909151
gnn_ewc_replay,permute,3,WebAttack,task1,binary_f1,0.9981541903607719
gnn_ewc_replay,permute,3,WebAttack,task1,category_recall,0.9983030935909151
gnn_ewc_replay,permute,3,WebAttack,task2,n,480000.0
gnn_ewc_replay,permute,3,WebAttack,task2,n_benign,439090.0
gnn_ewc_replay,permute,3,WebAttack,task2,n_attack,40910.0
gnn_ewc_replay,permute,3,WebAttack,task2,accuracy,0.99985625
gnn_ewc_replay,permute,3,WebAttack,task2,macro_f1,0.7150805103872311
gnn_ewc_replay,permute,3,WebAttack,task2,fpr,0.00015714318249106105
gnn_ewc_replay,permute,3,WebAttack,task2,detection_rate,1.0
gnn_ewc_replay,permute,3,WebAttack,task2,binary_f1,0.9991573959872511
gnn_ewc_replay,permute,3,WebAttack,task2,category_recall,1.0
gnn_ewc_replay,permute,3,WebAttack,task3,n,270000.0
gnn_ewc_replay,permute,3,WebAttack,task3,n_benign,269993.0
gnn_ewc_replay,permute,3,WebAttack,task3,n_attack,7.0
gnn_ewc_replay,permute,3,WebAttack,task3,accuracy,0.9998222222222222
gnn_ewc_replay,permute,3,WebAttack,task3,macro_f1,0.6345709350674735
gnn_ewc_replay,permute,3,WebAttack,task3,fpr,0.0001777823869507728
gnn_ewc_replay,permute,3,WebAttack,task3,detection_rate,1.0
gnn_ewc_replay,permute,3,WebAttack,task3,binary_f1,0.22580645161290322
gnn_ewc_replay,permute,3,WebAttack,task3,category_recall,1.0
gnn_ewc_replay,permute,3,WebAttack,task4,n,395000.0
gnn_ewc_replay,permute,3,WebAttack,task4,n_benign,393444.0
gnn_ewc_replay,permute,3,WebAttack,task4,n_attack,1556.0
gnn_ewc_replay,permute,3,WebAttack,task4,accuracy,0.9959544303797468
gnn_ewc_replay,permute,3,WebAttack,task4,macro_f1,0.49898655761908267
gnn_ewc_replay,permute,3,WebAttack,task4,fpr,0.00010674962637630768
gnn_ewc_replay,permute,3,WebAttack,task4,detection_rate,0.0
gnn_ewc_replay,permute,3,WebAttack,task4,binary_f1,0.0
gnn_ewc_replay,permute,3,WebAttack,task4,category_recall,0.0
gnn_ewc_replay,permute,3,WebAttack,task5,n,190000.0
gnn_ewc_replay,permute,3,WebAttack,task5,n_benign,185763.0
gnn_ewc_replay,permute,3,WebAttack,task5,n_attack,4237.0
gnn_ewc_replay,permute,3,WebAttack,task5,accuracy,0.9776526315789473
gnn_ewc_replay,permute,3,WebAttack,task5,macro_f1,0.49435002687928803
gnn_ewc_replay,permute,3,WebAttack,task5,fpr,4.844882996075645e-05
gnn_ewc_replay,permute,3,WebAttack,task5,detection_rate,0.0
gnn_ewc_replay,permute,3,WebAttack,task5,binary_f1,0.0
gnn_ewc_replay,permute,3,WebAttack,task5,category_recall,0.0
gnn_ewc_replay,permute,3,WebAttack,seen,n,1310000.0
gnn_ewc_replay,permute,3,WebAttack,seen,n_benign,1212565.0
gnn_ewc_replay,permute,3,WebAttack,seen,n_attack,97435.0
gnn_ewc_replay,permute,3,WebAttack,seen,accuracy,0.9997541984732824
gnn_ewc_replay,permute,3,WebAttack,seen,macro_f1,0.8317663704794972
gnn_ewc_replay,permute,3,WebAttack,seen,fpr,0.00019050525126488064
gnn_ewc_replay,permute,3,WebAttack,seen,detection_rate,0.999066044029353
gnn_ewc_replay,permute,3,WebAttack,seen,binary_f1,0.9983488026255064
gnn_ewc_replay,permute,3,WebAttack,all,n,1895000.0
gnn_ewc_replay,permute,3,WebAttack,all,n_benign,1791772.0
gnn_ewc_replay,permute,3,WebAttack,all,n_attack,103228.0
gnn_ewc_replay,permute,3,WebAttack,all,accuracy,0.9967461741424802
gnn_ewc_replay,permute,3,WebAttack,all,macro_f1,0.5880216066063836
gnn_ewc_replay,permute,3,WebAttack,all,fpr,0.00015738609599882128
gnn_ewc_replay,permute,3,WebAttack,all,detection_rate,0.9429999612508234
gnn_ewc_replay,permute,3,WebAttack,all,binary_f1,0.9693010843697412
gnn_ewc_replay,random_src,3,WebAttack,task0,n,175000.0
gnn_ewc_replay,random_src,3,WebAttack,task0,n_benign,172109.0
gnn_ewc_replay,random_src,3,WebAttack,task0,n_attack,2891.0
gnn_ewc_replay,random_src,3,WebAttack,task0,accuracy,0.95764
gnn_ewc_replay,random_src,3,WebAttack,task0,macro_f1,0.9786282338116545
gnn_ewc_replay,random_src,3,WebAttack,task0,fpr,0.042385929846783146
gnn_ewc_replay,random_src,3,WebAttack,task0,detection_rate,0.9692148045658942
gnn_ewc_replay,random_src,3,WebAttack,task0,binary_f1,0.4314752078842008
gnn_ewc_replay,random_src,3,WebAttack,task0,category_recall,0.9591836734693877
gnn_ewc_replay,random_src,3,WebAttack,task1,n,385000.0
gnn_ewc_replay,random_src,3,WebAttack,task1,n_benign,331373.0
gnn_ewc_replay,random_src,3,WebAttack,task1,n_attack,53627.0
gnn_ewc_replay,random_src,3,WebAttack,task1,accuracy,0.9622935064935065
gnn_ewc_replay,random_src,3,WebAttack,task1,macro_f1,0.98735999596343
gnn_ewc_replay,random_src,3,WebAttack,task1,fpr,0.043440473424207766
gnn_ewc_replay,random_src,3,WebAttack,task1,detection_rate,0.9978928524810263
gnn_ewc_replay,random_src,3,WebAttack,task1,binary_f1,0.880627962085308
gnn_ewc_replay,random_src,3,WebAttack,task1,category_recall,0.9977250265724356
gnn_ewc_replay,random_src,3,WebAttack,task2,n,480000.0
gnn_ewc_replay,random_src,3,WebAttack,task2,n_benign,439090.0
gnn_ewc_replay,random_src,3,WebAttack,task2,n_attack,40910.0
gnn_ewc_replay,random_src,3,WebAttack,task2,accuracy,0.9593125
gnn_ewc_replay,random_src,3,WebAttack,task2,macro_f1,0.6235483769053355
gnn_ewc_replay,random_src,3,WebAttack,task2,fpr,0.04445330114555102
gnn_ewc_replay,random_src,3,WebAttack,task2,detection_rate,0.9997311170862869
gnn_ewc_replay,random_src,3,WebAttack,task2,binary_f1,0.8072595926101374
gnn_ewc_replay,random_src,3,WebAttack,task2,category_recall,0.9997310907935266
gnn_ewc_replay,random_src,3,WebAttack,task3,n,270000.0
gnn_ewc_replay,random_src,3,WebAttack,task3,n_benign,269993.0
gnn_ewc_replay,random_src,3,WebAttack,task3,n_attack,7.0
gnn_ewc_replay,random_src,3,WebAttack,task3,accuracy,0.9576111111111111
gnn_ewc_replay,random_src,3,WebAttack,task3,macro_f1,0.4903904166704027
gnn_ewc_replay,random_src,3,WebAttack,task3,fpr,0.04238998788857489
gnn_ewc_replay,random_src,3,WebAttack,task3,detection_rate,1.0
gnn_ewc_replay,random_src,3,WebAttack,task3,binary_f1,0.0012217470983506415
gnn_ewc_replay,random_src,3,WebAttack,task3,category_recall,1.0
gnn_ewc_replay,random_src,3,WebAttack,task4,n,395000.0
gnn_ewc_replay,random_src,3,WebAttack,task4,n_benign,393444.0
gnn_ewc_replay,random_src,3,WebAttack,task4,n_attack,1556.0
gnn_ewc_replay,random_src,3,WebAttack,task4,accuracy,0.9575113924050633
gnn_ewc_replay,random_src,3,WebAttack,task4,macro_f1,0.4891472898293752
gnn_ewc_replay,random_src,3,WebAttack,task4,fpr,0.038701822876953264
gnn_ewc_replay,random_src,3,WebAttack,task4,detection_rate,0.0
gnn_ewc_replay,random_src,3,WebAttack,task4,binary_f1,0.0
gnn_ewc_replay,random_src,3,WebAttack,task4,category_recall,0.0
gnn_ewc_replay,random_src,3,WebAttack,task5,n,190000.0
gnn_ewc_replay,random_src,3,WebAttack,task5,n_benign,185763.0
gnn_ewc_replay,random_src,3,WebAttack,task5,n_attack,4237.0
gnn_ewc_replay,random_src,3,WebAttack,task5,accuracy,0.9449315789473685
gnn_ewc_replay,random_src,3,WebAttack,task5,macro_f1,0.4871455356004222
gnn_ewc_replay,random_src,3,WebAttack,task5,fpr,0.03351582392618552
gnn_ewc_replay,random_src,3,WebAttack,task5,detection_rate,0.23318385650224216
gnn_ewc_replay,random_src,3,WebAttack,task5,binary_f1,0.17256134835385556
gnn_ewc_replay,random_src,3,WebAttack,task5,category_recall,0.0
gnn_ewc_replay,random_src,3,WebAttack,seen,n,1310000.0
gnn_ewc_replay,random_src,3,WebAttack,seen,n_benign,1212565.0
gnn_ewc_replay,random_src,3,WebAttack,seen,n_attack,97435.0
gnn_ewc_replay,random_src,3,WebAttack,seen,accuracy,0.9596145038167939
gnn_ewc_replay,random_src,3,WebAttack,seen,macro_f1,0.7432024882987858
gnn_ewc_replay,random_src,3,WebAttack,seen,fpr,0.04342365151558886
gnn_ewc_replay,random_src,3,WebAttack,seen,detection_rate,0.9978139272335403
gnn_ewc_replay,random_src,3,WebAttack,seen,binary_f1,0.7862327191269293
gnn_ewc_replay,random_src,3,WebAttack,all,n,1895000.0
gnn_ewc_replay,random_src,3,WebAttack,all,n_benign,1791772.0
gnn_ewc_replay,random_src,3,WebAttack,all,n_attack,103228.0
gnn_ewc_replay,random_src,3,WebAttack,all,accuracy,0.9577039577836411
gnn_ewc_replay,random_src,3,WebAttack,all,macro_f1,0.5190651481139046
gnn_ewc_replay,random_src,3,WebAttack,all,fpr,0.04135961495100939
gnn_ewc_replay,random_src,3,WebAttack,all,detection_rate,0.9513891579803929
gnn_ewc_replay,random_src,3,WebAttack,all,binary_f1,0.7128418225698162
gnn_ewc_replay,none,4,Infiltration,task0,n,175000.0
gnn_ewc_replay,none,4,Infiltration,task0,n_benign,172109.0
gnn_ewc_replay,none,4,Infiltration,task0,n_attack,2891.0
gnn_ewc_replay,none,4,Infiltration,task0,accuracy,0.9954114285714286
gnn_ewc_replay,none,4,Infiltration,task0,macro_f1,0.9988308606205321
gnn_ewc_replay,none,4,Infiltration,task0,fpr,0.004665647932414923
gnn_ewc_replay,none,4,Infiltration,task0,detection_rate,1.0
gnn_ewc_replay,none,4,Infiltration,task0,binary_f1,0.8780561883067578
gnn_ewc_replay,none,4,Infiltration,task0,category_recall,1.0
gnn_ewc_replay,none,4,Infiltration,task1,n,385000.0
gnn_ewc_replay,none,4,Infiltration,task1,n_benign,331373.0
gnn_ewc_replay,none,4,Infiltration,task1,n_attack,53627.0
gnn_ewc_replay,none,4,Infiltration,task1,accuracy,0.9993896103896104
gnn_ewc_replay,none,4,Infiltration,task1,macro_f1,0.9987928030486087
gnn_ewc_replay,none,4,Infiltration,task1,fpr,0.0004345556216106925
gnn_ewc_replay,none,4,Infiltration,task1,detection_rate,0.9983030935909151
gnn_ewc_replay,none,4,Infiltration,task1,binary_f1,0.9978100217134017
gnn_ewc_replay,none,4,Infiltration,task1,category_recall,0.9983030935909151
gnn_ewc_replay,none,4,Infiltration,task2,n,480000.0
gnn_ewc_replay,none,4,Infiltration,task2,n_benign,439090.0
gnn_ewc_replay,none,4,Infiltration,task2,n_attack,40910.0
gnn_ewc_replay,none,4,Infiltration,task2,accuracy,0.99995625
gnn_ewc_replay,none,4,Infiltration,task2,macro_f1,0.8333172135470904
gnn_ewc_replay,none,4,Infiltration,task2,fpr,4.782618597554032e-05
gnn_ewc_replay,none,4,Infiltration,task2,detection_rate,1.0
gnn_ewc_replay,none,4,Infiltration,task2,binary_f1,0.9997434048948571
gnn_ewc_replay,none,4,Infiltration,task2,category_recall,1.0
gnn_ewc_replay,none,4,Infiltration,task3,n,270000.0
gnn_ewc_replay,none,4,Infiltration,task3,n_benign,269993.0
gnn_ewc_replay,none,4,Infiltration,task3,n_attack,7.0
gnn_ewc_replay,none,4,Infiltration,task3,accuracy,0.9999481481481481
gnn_ewc_replay,none,4,Infiltration,task3,macro_f1,0.8684080889964274
gnn_ewc_replay,none,4,Infiltration,task3,fpr,5.18531961939754e-05
gnn_ewc_replay,none,4,Infiltration,task3,detection_rate,1.0
gnn_ewc_replay,none,4,Infiltration,task3,binary_f1,0.5
gnn_ewc_replay,none,4,Infiltration,task3,category_recall,1.0
gnn_ewc_replay,none,4,Infiltration,task4,n,395000.0
gnn_ewc_replay,none,4,Infiltration,task4,n_benign,393444.0
gnn_ewc_replay,none,4,Infiltration,task4,n_attack,1556.0
gnn_ewc_replay,none,4,Infiltration,task4,accuracy,0.999926582278481
gnn_ewc_replay,none,4,Infiltration,task4,macro_f1,0.9956477044852603
gnn_ewc_replay,none,4,Infiltration,task4,fpr,4.3208182104695964e-05
gnn_ewc_replay,none,4,Infiltration,task4,detection_rate,0.9922879177377892
gnn_ewc_replay,none,4,Infiltration,task4,binary_f1,0.9906961822264998
gnn_ewc_replay,none,4,Infiltration,task4,category_recall,0.9922879177377892
gnn_ewc_replay,none,4,Infiltration,task5,n,190000.0
gnn_ewc_replay,none,4,Infiltration,task5,n_benign,185763.0
gnn_ewc_replay,none,4,Infiltration,task5,n_attack,4237.0
gnn_ewc_replay,none,4,Infiltration,task5,accuracy,0.9775947368421053
gnn_ewc_replay,none,4,Infiltration,task5,macro_f1,0.4948752174735502
gnn_ewc_replay,none,4,Infiltration,task5,fpr,0.00010766406657945877
gnn_ewc_replay,none,4,Infiltration,task5,detection_rate,0.09676658012744867
gnn_ewc_replay,none,4,Infiltration,task5,binary_f1,0.175701735590315
gnn_ewc_replay,none,4,Infiltration,task5,category_recall,0.0
gnn_ewc_replay,none,4,Infiltration,seen,n,1705000.0
gnn_ewc_replay,none,4,Infiltration,seen,n_benign,1606009.0
gnn_ewc_replay,none,4,Infiltration,seen,n_attack,98991.0
gnn_ewc_replay,none,4,Infiltration,seen,accuracy,0.9993536656891495
gnn_ewc_replay,none,4,Infiltration,seen,macro_f1,0.8985018059984613
gnn_ewc_replay,none,4,Infiltration,seen,fpr,0.0006220388553239739
gnn_ewc_replay,none,4,Infiltration,seen,detection_rate,0.9989595013688113
gnn_ewc_replay,none,4,Infiltration,seen,binary_f1,0.9944589145104034
gnn_ewc_replay,none,4,Infiltration,all,n,1895000.0
gnn_ewc_replay,none,4,Infiltration,all,n_benign,1791772.0
gnn_ewc_replay,none,4,Infiltration,all,n_attack,103228.0
gnn_ewc_replay,none,4,Infiltration,all,accuracy,0.9971720316622691
gnn_ewc_replay,none,4,Infiltration,all,macro_f1,0.7590753031402574
gnn_ewc_replay,none,4,Infiltration,all,fpr,0.0005687107511446769
gnn_ewc_replay,none,4,Infiltration,all,detection_rate,0.9619289340101523
gnn_ewc_replay,none,4,Infiltration,all,binary_f1,0.9756859662482498
gnn_ewc_replay,permute,4,Infiltration,task0,n,175000.0
gnn_ewc_replay,permute,4,Infiltration,task0,n_benign,172109.0
gnn_ewc_replay,permute,4,Infiltration,task0,n_attack,2891.0
gnn_ewc_replay,permute,4,Infiltration,task0,accuracy,0.9954114285714286
gnn_ewc_replay,permute,4,Infiltration,task0,macro_f1,0.9988308606205321
gnn_ewc_replay,permute,4,Infiltration,task0,fpr,0.004665647932414923
gnn_ewc_replay,permute,4,Infiltration,task0,detection_rate,1.0
gnn_ewc_replay,permute,4,Infiltration,task0,binary_f1,0.8780561883067578
gnn_ewc_replay,permute,4,Infiltration,task0,category_recall,1.0
gnn_ewc_replay,permute,4,Infiltration,task1,n,385000.0
gnn_ewc_replay,permute,4,Infiltration,task1,n_benign,331373.0
gnn_ewc_replay,permute,4,Infiltration,task1,n_attack,53627.0
gnn_ewc_replay,permute,4,Infiltration,task1,accuracy,0.9993896103896104
gnn_ewc_replay,permute,4,Infiltration,task1,macro_f1,0.9987928030486087
gnn_ewc_replay,permute,4,Infiltration,task1,fpr,0.0004345556216106925
gnn_ewc_replay,permute,4,Infiltration,task1,detection_rate,0.9983030935909151
gnn_ewc_replay,permute,4,Infiltration,task1,binary_f1,0.9978100217134017
gnn_ewc_replay,permute,4,Infiltration,task1,category_recall,0.9983030935909151
gnn_ewc_replay,permute,4,Infiltration,task2,n,480000.0
gnn_ewc_replay,permute,4,Infiltration,task2,n_benign,439090.0
gnn_ewc_replay,permute,4,Infiltration,task2,n_attack,40910.0
gnn_ewc_replay,permute,4,Infiltration,task2,accuracy,0.99995625
gnn_ewc_replay,permute,4,Infiltration,task2,macro_f1,0.8333172135470904
gnn_ewc_replay,permute,4,Infiltration,task2,fpr,4.782618597554032e-05
gnn_ewc_replay,permute,4,Infiltration,task2,detection_rate,1.0
gnn_ewc_replay,permute,4,Infiltration,task2,binary_f1,0.9997434048948571
gnn_ewc_replay,permute,4,Infiltration,task2,category_recall,1.0
gnn_ewc_replay,permute,4,Infiltration,task3,n,270000.0
gnn_ewc_replay,permute,4,Infiltration,task3,n_benign,269993.0
gnn_ewc_replay,permute,4,Infiltration,task3,n_attack,7.0
gnn_ewc_replay,permute,4,Infiltration,task3,accuracy,0.9999481481481481
gnn_ewc_replay,permute,4,Infiltration,task3,macro_f1,0.8684080889964274
gnn_ewc_replay,permute,4,Infiltration,task3,fpr,5.18531961939754e-05
gnn_ewc_replay,permute,4,Infiltration,task3,detection_rate,1.0
gnn_ewc_replay,permute,4,Infiltration,task3,binary_f1,0.5
gnn_ewc_replay,permute,4,Infiltration,task3,category_recall,1.0
gnn_ewc_replay,permute,4,Infiltration,task4,n,395000.0
gnn_ewc_replay,permute,4,Infiltration,task4,n_benign,393444.0
gnn_ewc_replay,permute,4,Infiltration,task4,n_attack,1556.0
gnn_ewc_replay,permute,4,Infiltration,task4,accuracy,0.999926582278481
gnn_ewc_replay,permute,4,Infiltration,task4,macro_f1,0.9956477044852603
gnn_ewc_replay,permute,4,Infiltration,task4,fpr,4.3208182104695964e-05
gnn_ewc_replay,permute,4,Infiltration,task4,detection_rate,0.9922879177377892
gnn_ewc_replay,permute,4,Infiltration,task4,binary_f1,0.9906961822264998
gnn_ewc_replay,permute,4,Infiltration,task4,category_recall,0.9922879177377892
gnn_ewc_replay,permute,4,Infiltration,task5,n,190000.0
gnn_ewc_replay,permute,4,Infiltration,task5,n_benign,185763.0
gnn_ewc_replay,permute,4,Infiltration,task5,n_attack,4237.0
gnn_ewc_replay,permute,4,Infiltration,task5,accuracy,0.9775947368421053
gnn_ewc_replay,permute,4,Infiltration,task5,macro_f1,0.4948752174735502
gnn_ewc_replay,permute,4,Infiltration,task5,fpr,0.00010766406657945877
gnn_ewc_replay,permute,4,Infiltration,task5,detection_rate,0.09676658012744867
gnn_ewc_replay,permute,4,Infiltration,task5,binary_f1,0.175701735590315
gnn_ewc_replay,permute,4,Infiltration,task5,category_recall,0.0
gnn_ewc_replay,permute,4,Infiltration,seen,n,1705000.0
gnn_ewc_replay,permute,4,Infiltration,seen,n_benign,1606009.0
gnn_ewc_replay,permute,4,Infiltration,seen,n_attack,98991.0
gnn_ewc_replay,permute,4,Infiltration,seen,accuracy,0.9993536656891495
gnn_ewc_replay,permute,4,Infiltration,seen,macro_f1,0.8985018059984613
gnn_ewc_replay,permute,4,Infiltration,seen,fpr,0.0006220388553239739
gnn_ewc_replay,permute,4,Infiltration,seen,detection_rate,0.9989595013688113
gnn_ewc_replay,permute,4,Infiltration,seen,binary_f1,0.9944589145104034
gnn_ewc_replay,permute,4,Infiltration,all,n,1895000.0
gnn_ewc_replay,permute,4,Infiltration,all,n_benign,1791772.0
gnn_ewc_replay,permute,4,Infiltration,all,n_attack,103228.0
gnn_ewc_replay,permute,4,Infiltration,all,accuracy,0.9971720316622691
gnn_ewc_replay,permute,4,Infiltration,all,macro_f1,0.7590753031402574
gnn_ewc_replay,permute,4,Infiltration,all,fpr,0.0005687107511446769
gnn_ewc_replay,permute,4,Infiltration,all,detection_rate,0.9619289340101523
gnn_ewc_replay,permute,4,Infiltration,all,binary_f1,0.9756859662482498
gnn_ewc_replay,random_src,4,Infiltration,task0,n,175000.0
gnn_ewc_replay,random_src,4,Infiltration,task0,n_benign,172109.0
gnn_ewc_replay,random_src,4,Infiltration,task0,n_attack,2891.0
gnn_ewc_replay,random_src,4,Infiltration,task0,accuracy,0.9961657142857143
gnn_ewc_replay,random_src,4,Infiltration,task0,macro_f1,0.9937808422282234
gnn_ewc_replay,random_src,4,Infiltration,task0,fpr,0.003550075824041741
gnn_ewc_replay,random_src,4,Infiltration,task0,detection_rate,0.9792459356624006
gnn_ewc_replay,random_src,4,Infiltration,task0,binary_f1,0.8940470551081636
gnn_ewc_replay,random_src,4,Infiltration,task0,category_recall,0.9792459356624006
gnn_ewc_replay,random_src,4,Infiltration,task1,n,385000.0
gnn_ewc_replay,random_src,4,Infiltration,task1,n_benign,331373.0
gnn_ewc_replay,random_src,4,Infiltration,task1,n_attack,53627.0
gnn_ewc_replay,random_src,4,Infiltration,task1,accuracy,0.9966753246753247
gnn_ewc_replay,random_src,4,Infiltration,task1,macro_f1,0.9975004549220584
gnn_ewc_replay,random_src,4,Infiltration,task1,fpr,0.003337628593759902
gnn_ewc_replay,random_src,4,Infiltration,task1,detection_rate,0.9967926604135976
gnn_ewc_replay,random_src,4,Infiltration,task1,binary_f1,0.988187229637298
gnn_ewc_replay,random_src,4,Infiltration,task1,category_recall,0.9967553657672441
gnn_ewc_replay,random_src,4,Infiltration,task2,n,480000.0
gnn_ewc_replay,random_src,4,Infiltration,task2,n_benign,439090.0
gnn_ewc_replay,random_src,4,Infiltration,task2,n_attack,40910.0
gnn_ewc_replay,random_src,4,Infiltration,task2,accuracy,0.9954729166666667
gnn_ewc_replay,random_src,4,Infiltration,task2,macro_f1,0.6692150174862449
gnn_ewc_replay,random_src,4,Infiltration,task2,fpr,0.0038784759388735793
gnn_ewc_replay,random_src,4,Infiltration,task2,detection_rate,0.9885113664140797
gnn_ewc_replay,random_src,4,Infiltration,task2,binary_f1,0.9738359842510205
gnn_ewc_replay,random_src,4,Infiltration,task2,category_recall,0.9885102429961374
gnn_ewc_replay,random_src,4,Infiltration,task3,n,270000.0
gnn_ewc_replay,random_src,4,Infiltration,task3,n_benign,269993.0
gnn_ewc_replay,random_src,4,Infiltration,task3,n_attack,7.0
gnn_ewc_replay,random_src,4,Infiltration,task3,accuracy,0.9966592592592592
gnn_ewc_replay,random_src,4,Infiltration,task3,macro_f1,0.5282331693354289
gnn_ewc_replay,random_src,4,Infiltration,task3,fpr,0.00333341975532699
gnn_ewc_replay,random_src,4,Infiltration,task3,detection_rate,0.7142857142857143
gnn_ewc_replay,random_src,4,Infiltration,task3,binary_f1,0.010964912280701754
gnn_ewc_replay,random_src,4,Infiltration,task3,category_recall,0.7142857142857143
gnn_ewc_replay,random_src,4,Infiltration,task4,n,395000.0
gnn_ewc_replay,random_src,4,Infiltration,task4,n_benign,393444.0
gnn_ewc_replay,random_src,4,Infiltration,task4,n_attack,1556.0
gnn_ewc_replay,random_src,4,Infiltration,task4,accuracy,0.9931164556962025
gnn_ewc_replay,random_src,4,Infiltration,task4,macro_f1,0.49827570219884487
gnn_ewc_replay,random_src,4,Infiltration,task4,fpr,0.002955947987515377
gnn_ewc_replay,random_src,4,Infiltration,task4,detection_rate,0.002570694087403599
gnn_ewc_replay,random_src,4,Infiltration,task4,binary_f1,0.0029379360998898272
gnn_ewc_replay,random_src,4,Infiltration,task4,category_recall,0.0
gnn_ewc_replay,random_src,4,Infiltration,task5,n,190000.0
gnn_ewc_replay,random_src,4,Infiltration,task5,n_benign,185763.0
gnn_ewc_replay,random_src,4,Infiltration,task5,n_attack,4237.0
gnn_ewc_replay,random_src,4,Infiltration,task5,accuracy,0.9751526315789474
gnn_ewc_replay,random_src,4,Infiltration,task5,macro_f1,0.49371001308359913
gnn_ewc_replay,random_src,4,Infiltration,task5,fpr,0.0026054704112229024
gnn_ewc_replay,random_src,4,Infiltration,task5,detection_rate,0.0
gnn_ewc_replay,random_src,4,Infiltration,task5,binary_f1,0.0
gnn_ewc_replay,random_src,4,Infiltration,task5,category_recall,0.0
gnn_ewc_replay,random_src,4,Infiltration,seen,n,1705000.0
gnn_ewc_replay,random_src,4,Infiltration,seen,n_benign,1606009.0
gnn_ewc_replay,random_src,4,Infiltration,seen,n_attack,98991.0
gnn_ewc_replay,random_src,4,Infiltration,seen,accuracy,0.9954574780058651
gnn_ewc_replay,random_src,4,Infiltration,seen,macro_f1,0.6580796070888074
gnn_ewc_replay,random_src,4,Infiltration,seen,fpr,0.003414053096838187
gnn_ewc_replay,random_src,4,Infiltration,seen,detection_rate,0.9772100493984301
gnn_ewc_replay,random_src,4,Infiltration,seen,binary_f1,0.9615375057775746
gnn_ewc_replay,random_src,4,Infiltration,all,n,1895000.0
gnn_ewc_replay,random_src,4,Infiltration,all,n_benign,1791772.0
gnn_ewc_replay,random_src,4,Infiltration,all,n_attack,103228.0
gnn_ewc_replay,random_src,4,Infiltration,all,accuracy,0.993421635883905
gnn_ewc_replay,random_src,4,Infiltration,all,macro_f1,0.5630954625684039
gnn_ewc_replay,random_src,4,Infiltration,all,fpr,0.0033302228185282503
gnn_ewc_replay,random_src,4,Infiltration,all,detection_rate,0.9371003991165188
gnn_ewc_replay,random_src,4,Infiltration,all,binary_f1,0.9394940028164911
gnn_ewc_replay,none,5,Botnet,task0,n,175000.0
gnn_ewc_replay,none,5,Botnet,task0,n_benign,172109.0
gnn_ewc_replay,none,5,Botnet,task0,n_attack,2891.0
gnn_ewc_replay,none,5,Botnet,task0,accuracy,0.9999828571428572
gnn_ewc_replay,none,5,Botnet,task0,macro_f1,0.9999956422584722
gnn_ewc_replay,none,5,Botnet,task0,fpr,1.743081419333097e-05
gnn_ewc_replay,none,5,Botnet,task0,detection_rate,1.0
gnn_ewc_replay,none,5,Botnet,task0,binary_f1,0.9994814174589456
gnn_ewc_replay,none,5,Botnet,task0,category_recall,1.0
gnn_ewc_replay,none,5,Botnet,task1,n,385000.0
gnn_ewc_replay,none,5,Botnet,task1,n_benign,331373.0
gnn_ewc_replay,none,5,Botnet,task1,n_attack,53627.0
gnn_ewc_replay,none,5,Botnet,task1,accuracy,0.999412987012987
gnn_ewc_replay,none,5,Botnet,task1,macro_f1,0.9987856446168454
gnn_ewc_replay,none,5,Botnet,task1,fpr,0.0004073958952600242
gnn_ewc_replay,none,5,Botnet,task1,detection_rate,0.9983030935909151
gnn_ewc_replay,none,5,Botnet,task1,binary_f1,0.9978937165650804
gnn_ewc_replay,none,5,Botnet,task1,category_recall,0.9983030935909151
gnn_ewc_replay,none,5,Botnet,task2,n,480000.0
gnn_ewc_replay,none,5,Botnet,task2,n_benign,439090.0
gnn_ewc_replay,none,5,Botnet,task2,n_attack,40910.0
gnn_ewc_replay,none,5,Botnet,task2,accuracy,0.9999791666666666
gnn_ewc_replay,none,5,Botnet,task2,macro_f1,0.8444284259746263
gnn_ewc_replay,none,5,Botnet,task2,fpr,2.277437427406682e-05
gnn_ewc_replay,none,5,Botnet,task2,detection_rate,1.0
gnn_ewc_replay,none,5,Botnet,task2,binary_f1,0.999877795429549
gnn_ewc_replay,none,5,Botnet,task2,category_recall,1.0
gnn_ewc_replay,none,5,Botnet,task3,n,270000.0
gnn_ewc_replay,none,5,Botnet,task3,n_benign,269993.0
gnn_ewc_replay,none,5,Botnet,task3,n_attack,7.0
gnn_ewc_replay,none,5,Botnet,task3,accuracy,0.9999777777777777
gnn_ewc_replay,none,5,Botnet,task3,macro_f1,0.9615329057977147
gnn_ewc_replay,none,5,Botnet,task3,fpr,1.85189986407055e-05
gnn_ewc_replay,none,5,Botnet,task3,detection_rate,0.8571428571428571
gnn_ewc_replay,none,5,Botnet,task3,binary_f1,0.6666666666666666
gnn_ewc_replay,none,5,Botnet,task3,category_recall,0.8571428571428571
gnn_ewc_replay,none,5,Botnet,task4,n,395000.0
gnn_ewc_replay,none,5,Botnet,task4,n_benign,393444.0
gnn_ewc_replay,none,5,Botnet,task4,n_attack,1556.0
gnn_ewc_replay,none,5,Botnet,task4,accuracy,0.9999544303797469
gnn_ewc_replay,none,5,Botnet,task4,macro_f1,0.9974102167481803
gnn_ewc_replay,none,5,Botnet,task4,fpr,1.2708288854322344e-05
gnn_ewc_replay,none,5,Botnet,task4,detection_rate,0.9922879177377892
gnn_ewc_replay,none,5,Botnet,task4,binary_f1,0.994524959742351
gnn_ewc_replay,none,5,Botnet,task4,category_recall,0.9916452442159382
gnn_ewc_replay,none,5,Botnet,task5,n,190000.0
gnn_ewc_replay,none,5,Botnet,task5,n_benign,185763.0
gnn_ewc_replay,none,5,Botnet,task5,n_attack,4237.0
gnn_ewc_replay,none,5,Botnet,task5,accuracy,0.9999684210526316
gnn_ewc_replay,none,5,Botnet,task5,macro_f1,0.999697009453946
gnn_ewc_replay,none,5,Botnet,task5,fpr,2.6916016644864694e-05
gnn_ewc_replay,none,5,Botnet,task5,detection_rate,0.9997639839509087
gnn_ewc_replay,none,5,Botnet,task5,binary_f1,0.9992922859164898
gnn_ewc_replay,none,5,Botnet,task5,category_recall,0.9997639839509087
gnn_ewc_replay,none,5,Botnet,seen,n,1895000.0
gnn_ewc_replay,none,5,Botnet,seen,n_benign,1791772.0
gnn_ewc_replay,none,5,Botnet,seen,n_attack,103228.0
gnn_ewc_replay,none,5,Botnet,seen,accuracy,0.9998580474934037
gnn_ewc_replay,none,5,Botnet,seen,macro_f1,0.9542714889036111
gnn_ewc_replay,none,5,Botnet,seen,fpr,9.09713959142123e-05
gnn_ewc_replay,none,5,Botnet,seen,detection_rate,0.9989828341147751
gnn_ewc_replay,none,5,Botnet,seen,binary_f1,0.998702267158643
gnn_ewc_replay,none,5,Botnet,all,n,1895000.0
gnn_ewc_replay,none,5,Botnet,all,n_benign,1791772.0
gnn_ewc_replay,none,5,Botnet,all,n_attack,103228.0
gnn_ewc_replay,none,5,Botnet,all,accuracy,0.9998580474934037
gnn_ewc_replay,none,5,Botnet,all,macro_f1,0.9542714889036111
gnn_ewc_replay,none,5,Botnet,all,fpr,9.09713959142123e-05
gnn_ewc_replay,none,5,Botnet,all,detection_rate,0.9989828341147751
gnn_ewc_replay,none,5,Botnet,all,binary_f1,0.998702267158643
gnn_ewc_replay,permute,5,Botnet,task0,n,175000.0
gnn_ewc_replay,permute,5,Botnet,task0,n_benign,172109.0
gnn_ewc_replay,permute,5,Botnet,task0,n_attack,2891.0
gnn_ewc_replay,permute,5,Botnet,task0,accuracy,0.9999828571428572
gnn_ewc_replay,permute,5,Botnet,task0,macro_f1,0.9999956422584722
gnn_ewc_replay,permute,5,Botnet,task0,fpr,1.743081419333097e-05
gnn_ewc_replay,permute,5,Botnet,task0,detection_rate,1.0
gnn_ewc_replay,permute,5,Botnet,task0,binary_f1,0.9994814174589456
gnn_ewc_replay,permute,5,Botnet,task0,category_recall,1.0
gnn_ewc_replay,permute,5,Botnet,task1,n,385000.0
gnn_ewc_replay,permute,5,Botnet,task1,n_benign,331373.0
gnn_ewc_replay,permute,5,Botnet,task1,n_attack,53627.0
gnn_ewc_replay,permute,5,Botnet,task1,accuracy,0.999412987012987
gnn_ewc_replay,permute,5,Botnet,task1,macro_f1,0.9987856446168454
gnn_ewc_replay,permute,5,Botnet,task1,fpr,0.0004073958952600242
gnn_ewc_replay,permute,5,Botnet,task1,detection_rate,0.9983030935909151
gnn_ewc_replay,permute,5,Botnet,task1,binary_f1,0.9978937165650804
gnn_ewc_replay,permute,5,Botnet,task1,category_recall,0.9983030935909151
gnn_ewc_replay,permute,5,Botnet,task2,n,480000.0
gnn_ewc_replay,permute,5,Botnet,task2,n_benign,439090.0
gnn_ewc_replay,permute,5,Botnet,task2,n_attack,40910.0
gnn_ewc_replay,permute,5,Botnet,task2,accuracy,0.9999791666666666
gnn_ewc_replay,permute,5,Botnet,task2,macro_f1,0.8444284259746263
gnn_ewc_replay,permute,5,Botnet,task2,fpr,2.277437427406682e-05
gnn_ewc_replay,permute,5,Botnet,task2,detection_rate,1.0
gnn_ewc_replay,permute,5,Botnet,task2,binary_f1,0.999877795429549
gnn_ewc_replay,permute,5,Botnet,task2,category_recall,1.0
gnn_ewc_replay,permute,5,Botnet,task3,n,270000.0
gnn_ewc_replay,permute,5,Botnet,task3,n_benign,269993.0
gnn_ewc_replay,permute,5,Botnet,task3,n_attack,7.0
gnn_ewc_replay,permute,5,Botnet,task3,accuracy,0.9999777777777777
gnn_ewc_replay,permute,5,Botnet,task3,macro_f1,0.9615329057977147
gnn_ewc_replay,permute,5,Botnet,task3,fpr,1.85189986407055e-05
gnn_ewc_replay,permute,5,Botnet,task3,detection_rate,0.8571428571428571
gnn_ewc_replay,permute,5,Botnet,task3,binary_f1,0.6666666666666666
gnn_ewc_replay,permute,5,Botnet,task3,category_recall,0.8571428571428571
gnn_ewc_replay,permute,5,Botnet,task4,n,395000.0
gnn_ewc_replay,permute,5,Botnet,task4,n_benign,393444.0
gnn_ewc_replay,permute,5,Botnet,task4,n_attack,1556.0
gnn_ewc_replay,permute,5,Botnet,task4,accuracy,0.9999544303797469
gnn_ewc_replay,permute,5,Botnet,task4,macro_f1,0.9974102167481803
gnn_ewc_replay,permute,5,Botnet,task4,fpr,1.2708288854322344e-05
gnn_ewc_replay,permute,5,Botnet,task4,detection_rate,0.9922879177377892
gnn_ewc_replay,permute,5,Botnet,task4,binary_f1,0.994524959742351
gnn_ewc_replay,permute,5,Botnet,task4,category_recall,0.9916452442159382
gnn_ewc_replay,permute,5,Botnet,task5,n,190000.0
gnn_ewc_replay,permute,5,Botnet,task5,n_benign,185763.0
gnn_ewc_replay,permute,5,Botnet,task5,n_attack,4237.0
gnn_ewc_replay,permute,5,Botnet,task5,accuracy,0.9999684210526316
gnn_ewc_replay,permute,5,Botnet,task5,macro_f1,0.999697009453946
gnn_ewc_replay,permute,5,Botnet,task5,fpr,2.6916016644864694e-05
gnn_ewc_replay,permute,5,Botnet,task5,detection_rate,0.9997639839509087
gnn_ewc_replay,permute,5,Botnet,task5,binary_f1,0.9992922859164898
gnn_ewc_replay,permute,5,Botnet,task5,category_recall,0.9997639839509087
gnn_ewc_replay,permute,5,Botnet,seen,n,1895000.0
gnn_ewc_replay,permute,5,Botnet,seen,n_benign,1791772.0
gnn_ewc_replay,permute,5,Botnet,seen,n_attack,103228.0
gnn_ewc_replay,permute,5,Botnet,seen,accuracy,0.9998580474934037
gnn_ewc_replay,permute,5,Botnet,seen,macro_f1,0.9542714889036111
gnn_ewc_replay,permute,5,Botnet,seen,fpr,9.09713959142123e-05
gnn_ewc_replay,permute,5,Botnet,seen,detection_rate,0.9989828341147751
gnn_ewc_replay,permute,5,Botnet,seen,binary_f1,0.998702267158643
gnn_ewc_replay,permute,5,Botnet,all,n,1895000.0
gnn_ewc_replay,permute,5,Botnet,all,n_benign,1791772.0
gnn_ewc_replay,permute,5,Botnet,all,n_attack,103228.0
gnn_ewc_replay,permute,5,Botnet,all,accuracy,0.9998580474934037
gnn_ewc_replay,permute,5,Botnet,all,macro_f1,0.9542714889036111
gnn_ewc_replay,permute,5,Botnet,all,fpr,9.09713959142123e-05
gnn_ewc_replay,permute,5,Botnet,all,detection_rate,0.9989828341147751
gnn_ewc_replay,permute,5,Botnet,all,binary_f1,0.998702267158643
gnn_ewc_replay,random_src,5,Botnet,task0,n,175000.0
gnn_ewc_replay,random_src,5,Botnet,task0,n_benign,172109.0
gnn_ewc_replay,random_src,5,Botnet,task0,n_attack,2891.0
gnn_ewc_replay,random_src,5,Botnet,task0,accuracy,0.9933657142857143
gnn_ewc_replay,random_src,5,Botnet,task0,macro_f1,0.9912935677853292
gnn_ewc_replay,random_src,5,Botnet,task0,fpr,0.006280903380996927
gnn_ewc_replay,random_src,5,Botnet,task0,detection_rate,0.9723279142165341
gnn_ewc_replay,random_src,5,Botnet,task0,binary_f1,0.8288367978770456
gnn_ewc_replay,random_src,5,Botnet,task0,category_recall,0.9723279142165341
gnn_ewc_replay,random_src,5,Botnet,task1,n,385000.0
gnn_ewc_replay,random_src,5,Botnet,task1,n_benign,331373.0
gnn_ewc_replay,random_src,5,Botnet,task1,n_attack,53627.0
gnn_ewc_replay,random_src,5,Botnet,task1,accuracy,0.9934103896103896
gnn_ewc_replay,random_src,5,Botnet,task1,macro_f1,0.9965603910852698
gnn_ewc_replay,random_src,5,Botnet,task1,fpr,0.007037386872195381
gnn_ewc_replay,random_src,5,Botnet,task1,detection_rate,0.9962145933951181
gnn_ewc_replay,random_src,5,Botnet,task1,binary_f1,0.9768245522613204
gnn_ewc_replay,random_src,5,Botnet,task1,category_recall,0.9961772987487646
gnn_ewc_replay,random_src,5,Botnet,task2,n,480000.0
gnn_ewc_replay,random_src,5,Botnet,task2,n_benign,439090.0
gnn_ewc_replay,random_src,5,Botnet,task2,n_attack,40910.0
gnn_ewc_replay,random_src,5,Botnet,task2,accuracy,0.9914270833333333
gnn_ewc_replay,random_src,5,Botnet,task2,macro_f1,0.6586062345930176
gnn_ewc_replay,random_src,5,Botnet,task2,fpr,0.008298981985469949
gnn_ewc_replay,random_src,5,Botnet,task2,detection_rate,0.9884869225128331
gnn_ewc_replay,random_src,5,Botnet,task2,binary_f1,0.9515842481145506
gnn_ewc_replay,random_src,5,Botnet,task2,category_recall,0.9884857967046399
gnn_ewc_replay,random_src,5,Botnet,task3,n,270000.0
gnn_ewc_replay,random_src,5,Botnet,task3,n_benign,269993.0
gnn_ewc_replay,random_src,5,Botnet,task3,n_attack,7.0
gnn_ewc_replay,random_src,5,Botnet,task3,accuracy,0.9930629629629629
gnn_ewc_replay,random_src,5,Botnet,task3,macro_f1,0.5189208291778754
gnn_ewc_replay,random_src,5,Botnet,task3,fpr,0.006929809291351998
gnn_ewc_replay,random_src,5,Botnet,task3,detection_rate,0.7142857142857143
gnn_ewc_replay,random_src,5,Botnet,task3,binary_f1,0.0053106744556558685
gnn_ewc_replay,random_src,5,Botnet,task3,category_recall,0.7142857142857143
gnn_ewc_replay,random_src,5,Botnet,task4,n,395000.0
gnn_ewc_replay,random_src,5,Botnet,task4,n_benign,393444.0
gnn_ewc_replay,random_src,5,Botnet,task4,n_attack,1556.0
gnn_ewc_replay,random_src,5,Botnet,task4,accuracy,0.9883291139240507
gnn_ewc_replay,random_src,5,Botnet,task4,macro_f1,0.49708160801870216
gnn_ewc_replay,random_src,5,Botnet,task4,fpr,0.007762222832220087
gnn_ewc_replay,random_src,5,Botnet,task4,detection_rate,0.016709511568123392
gnn_ewc_replay,random_src,5,Botnet,task4,binary_f1,0.011216566005176877
gnn_ewc_replay,random_src,5,Botnet,task4,category_recall,0.0
gnn_ewc_replay,random_src,5,Botnet,task5,n,190000.0
gnn_ewc_replay,random_src,5,Botnet,task5,n_benign,185763.0
gnn_ewc_replay,random_src,5,Botnet,task5,n_attack,4237.0
gnn_ewc_replay,random_src,5,Botnet,task5,accuracy,0.993321052631579
gnn_ewc_replay,random_src,5,Botnet,task5,macro_f1,0.9902123531440832
gnn_ewc_replay,random_src,5,Botnet,task5,fpr,0.006158384608345042
gnn_ewc_replay,random_src,5,Botnet,task5,detection_rate,0.9704979938635827
gnn_ewc_replay,random_src,5,Botnet,task5,binary_f1,0.8663225534604445
gnn_ewc_replay,random_src,5,Botnet,task5,category_recall,0.9704979938635827
gnn_ewc_replay,random_src,5,Botnet,seen,n,1895000.0
gnn_ewc_replay,random_src,5,Botnet,seen,n_benign,1791772.0
gnn_ewc_replay,random_src,5,Botnet,seen,n_attack,103228.0
gnn_ewc_replay,random_src,5,Botnet,seen,accuracy,0.9917862796833773
gnn_ewc_replay,random_src,5,Botnet,seen,macro_f1,0.6896644653881073
gnn_ewc_replay,random_src,5,Botnet,seen,fpr,0.0073257088513493905
gnn_ewc_replay,random_src,5,Botnet,seen,detection_rate,0.9766439338164064
gnn_ewc_replay,random_src,5,Botnet,seen,binary_f1,0.928457298626428
gnn_ewc_replay,random_src,5,Botnet,all,n,1895000.0
gnn_ewc_replay,random_src,5,Botnet,all,n_benign,1791772.0
gnn_ewc_replay,random_src,5,Botnet,all,n_attack,103228.0
gnn_ewc_replay,random_src,5,Botnet,all,accuracy,0.9917862796833773
gnn_ewc_replay,random_src,5,Botnet,all,macro_f1,0.6896644653881073
gnn_ewc_replay,random_src,5,Botnet,all,fpr,0.0073257088513493905
gnn_ewc_replay,random_src,5,Botnet,all,detection_rate,0.9766439338164064
gnn_ewc_replay,random_src,5,Botnet,all,binary_f1,0.928457298626428
gnn_naive,none,0,BruteForce,task0,n,175000.0
gnn_naive,none,0,BruteForce,task0,n_benign,172109.0
gnn_naive,none,0,BruteForce,task0,n_attack,2891.0
gnn_naive,none,0,BruteForce,task0,accuracy,1.0
gnn_naive,none,0,BruteForce,task0,macro_f1,1.0
gnn_naive,none,0,BruteForce,task0,fpr,0.0
gnn_naive,none,0,BruteForce,task0,detection_rate,1.0
gnn_naive,none,0,BruteForce,task0,binary_f1,1.0
gnn_naive,none,0,BruteForce,task0,category_recall,1.0
gnn_naive,none,0,BruteForce,task1,n,385000.0
gnn_naive,none,0,BruteForce,task1,n_benign,331373.0
gnn_naive,none,0,BruteForce,task1,n_attack,53627.0
gnn_naive,none,0,BruteForce,task1,accuracy,0.8607064935064935
gnn_naive,none,0,BruteForce,task1,macro_f1,0.4994047026979778
gnn_naive,none,0,BruteForce,task1,fpr,3.0177473722964757e-06
gnn_naive,none,0,BruteForce,task1,detection_rate,0.985287262013538
gnn_naive,none,0,BruteForce,task1,binary_f1,0.9925797907313133
gnn_naive,none,0,BruteForce,task1,category_recall,0.0
gnn_naive,none,0,BruteForce,task2,n,480000.0
gnn_naive,none,0,BruteForce,task2,n_benign,439090.0
gnn_naive,none,0,BruteForce,task2,n_attack,40910.0
gnn_naive,none,0,BruteForce,task2,accuracy,0.9147604166666666
gnn_naive,none,0,BruteForce,task2,macro_f1,0.3233411538761762
gnn_naive,none,0,BruteForce,task2,fpr,1.138718713703341e-05
gnn_naive,none,0,BruteForce,task2,detection_rate,0.336763627474945
gnn_naive,none,0,BruteForce,task2,binary_f1,0.5038031156293425
gnn_naive,none,0,BruteForce,task2,category_recall,0.0
gnn_naive,none,0,BruteForce,task3,n,270000.0
gnn_naive,none,0,BruteForce,task3,n_benign,269993.0
gnn_naive,none,0,BruteForce,task3,n_attack,7.0
gnn_naive,none,0,BruteForce,task3,accuracy,0.9999703703703704
gnn_naive,none,0,BruteForce,task3,macro_f1,0.4999925924828516
gnn_naive,none,0,BruteForce,task3,fpr,3.7037997281411e-06
gnn_naive,none,0,BruteForce,task3,detection_rate,0.0
gnn_naive,none,0,BruteForce,task3,binary_f1,0.0
gnn_naive,none,0,BruteForce,task3,category_recall,0.0
gnn_naive,none,0,BruteForce,task4,n,395000.0
gnn_naive,none,0,BruteForce,task4,n_benign,393444.0
gnn_naive,none,0,BruteForce,task4,n_attack,1556.0
gnn_naive,none,0,BruteForce,task4,accuracy,0.9960582278481013
gnn_naive,none,0,BruteForce,task4,macro_f1,0.499012610930657
gnn_naive,none,0,BruteForce,task4,fpr,2.5416577708644688e-06
gnn_naive,none,0,BruteForce,task4,detection_rate,0.0
gnn_naive,none,0,BruteForce,task4,binary_f1,0.0
gnn_naive,none,0,BruteForce,task4,category_recall,0.0
gnn_naive,none,0,BruteForce,task5,n,190000.0
gnn_naive,none,0,BruteForce,task5,n_benign,185763.0
gnn_naive,none,0,BruteForce,task5,n_attack,4237.0
gnn_naive,none,0,BruteForce,task5,accuracy,0.9777
gnn_naive,none,0,BruteForce,task5,macro_f1,0.4943621378368812
gnn_naive,none,0,BruteForce,task5,fpr,0.0
gnn_naive,none,0,BruteForce,task5,detection_rate,0.0
gnn_naive,none,0,BruteForce,task5,binary_f1,0.0
gnn_naive,none,0,BruteForce,task5,category_recall,0.0
gnn_naive,none,0,BruteForce,seen,n,175000.0
gnn_naive,none,0,BruteForce,seen,n_benign,172109.0
gnn_naive,none,0,BruteForce,seen,n_attack,2891.0
gnn_naive,none,0,BruteForce,seen,accuracy,1.0
gnn_naive,none,0,BruteForce,seen,macro_f1,1.0
gnn_naive,none,0,BruteForce,seen,fpr,0.0
gnn_naive,none,0,BruteForce,seen,detection_rate,1.0
gnn_naive,none,0,BruteForce,seen,binary_f1,1.0
gnn_naive,none,0,BruteForce,all,n,1895000.0
gnn_naive,none,0,BruteForce,all,n_benign,1791772.0
gnn_naive,none,0,BruteForce,all,n_attack,103228.0
gnn_naive,none,0,BruteForce,all,accuracy,0.947047493403694
gnn_naive,none,0,BruteForce,all,macro_f1,0.1529330886923732
gnn_naive,none,0,BruteForce,all,fpr,4.464853787200604e-06
gnn_naive,none,0,BruteForce,all,detection_rate,0.6733250668423296
gnn_naive,none,0,BruteForce,all,binary_f1,0.8047377013117829
gnn_naive,permute,0,BruteForce,task0,n,175000.0
gnn_naive,permute,0,BruteForce,task0,n_benign,172109.0
gnn_naive,permute,0,BruteForce,task0,n_attack,2891.0
gnn_naive,permute,0,BruteForce,task0,accuracy,1.0
gnn_naive,permute,0,BruteForce,task0,macro_f1,1.0
gnn_naive,permute,0,BruteForce,task0,fpr,0.0
gnn_naive,permute,0,BruteForce,task0,detection_rate,1.0
gnn_naive,permute,0,BruteForce,task0,binary_f1,1.0
gnn_naive,permute,0,BruteForce,task0,category_recall,1.0
gnn_naive,permute,0,BruteForce,task1,n,385000.0
gnn_naive,permute,0,BruteForce,task1,n_benign,331373.0
gnn_naive,permute,0,BruteForce,task1,n_attack,53627.0
gnn_naive,permute,0,BruteForce,task1,accuracy,0.8607064935064935
gnn_naive,permute,0,BruteForce,task1,macro_f1,0.4994047026979778
gnn_naive,permute,0,BruteForce,task1,fpr,3.0177473722964757e-06
gnn_naive,permute,0,BruteForce,task1,detection_rate,0.985287262013538
gnn_naive,permute,0,BruteForce,task1,binary_f1,0.9925797907313133
gnn_naive,permute,0,BruteForce,task1,category_recall,0.0
gnn_naive,permute,0,BruteForce,task2,n,480000.0
gnn_naive,permute,0,BruteForce,task2,n_benign,439090.0
gnn_naive,permute,0,BruteForce,task2,n_attack,40910.0
gnn_naive,permute,0,BruteForce,task2,accuracy,0.9147604166666666
gnn_naive,permute,0,BruteForce,task2,macro_f1,0.3233411538761762
gnn_naive,permute,0,BruteForce,task2,fpr,1.138718713703341e-05
gnn_naive,permute,0,BruteForce,task2,detection_rate,0.336763627474945
gnn_naive,permute,0,BruteForce,task2,binary_f1,0.5038031156293425
gnn_naive,permute,0,BruteForce,task2,category_recall,0.0
gnn_naive,permute,0,BruteForce,task3,n,270000.0
gnn_naive,permute,0,BruteForce,task3,n_benign,269993.0
gnn_naive,permute,0,BruteForce,task3,n_attack,7.0
gnn_naive,permute,0,BruteForce,task3,accuracy,0.9999703703703704
gnn_naive,permute,0,BruteForce,task3,macro_f1,0.4999925924828516
gnn_naive,permute,0,BruteForce,task3,fpr,3.7037997281411e-06
gnn_naive,permute,0,BruteForce,task3,detection_rate,0.0
gnn_naive,permute,0,BruteForce,task3,binary_f1,0.0
gnn_naive,permute,0,BruteForce,task3,category_recall,0.0
gnn_naive,permute,0,BruteForce,task4,n,395000.0
gnn_naive,permute,0,BruteForce,task4,n_benign,393444.0
gnn_naive,permute,0,BruteForce,task4,n_attack,1556.0
gnn_naive,permute,0,BruteForce,task4,accuracy,0.9960582278481013
gnn_naive,permute,0,BruteForce,task4,macro_f1,0.499012610930657
gnn_naive,permute,0,BruteForce,task4,fpr,2.5416577708644688e-06
gnn_naive,permute,0,BruteForce,task4,detection_rate,0.0
gnn_naive,permute,0,BruteForce,task4,binary_f1,0.0
gnn_naive,permute,0,BruteForce,task4,category_recall,0.0
gnn_naive,permute,0,BruteForce,task5,n,190000.0
gnn_naive,permute,0,BruteForce,task5,n_benign,185763.0
gnn_naive,permute,0,BruteForce,task5,n_attack,4237.0
gnn_naive,permute,0,BruteForce,task5,accuracy,0.9777
gnn_naive,permute,0,BruteForce,task5,macro_f1,0.4943621378368812
gnn_naive,permute,0,BruteForce,task5,fpr,0.0
gnn_naive,permute,0,BruteForce,task5,detection_rate,0.0
gnn_naive,permute,0,BruteForce,task5,binary_f1,0.0
gnn_naive,permute,0,BruteForce,task5,category_recall,0.0
gnn_naive,permute,0,BruteForce,seen,n,175000.0
gnn_naive,permute,0,BruteForce,seen,n_benign,172109.0
gnn_naive,permute,0,BruteForce,seen,n_attack,2891.0
gnn_naive,permute,0,BruteForce,seen,accuracy,1.0
gnn_naive,permute,0,BruteForce,seen,macro_f1,1.0
gnn_naive,permute,0,BruteForce,seen,fpr,0.0
gnn_naive,permute,0,BruteForce,seen,detection_rate,1.0
gnn_naive,permute,0,BruteForce,seen,binary_f1,1.0
gnn_naive,permute,0,BruteForce,all,n,1895000.0
gnn_naive,permute,0,BruteForce,all,n_benign,1791772.0
gnn_naive,permute,0,BruteForce,all,n_attack,103228.0
gnn_naive,permute,0,BruteForce,all,accuracy,0.947047493403694
gnn_naive,permute,0,BruteForce,all,macro_f1,0.1529330886923732
gnn_naive,permute,0,BruteForce,all,fpr,4.464853787200604e-06
gnn_naive,permute,0,BruteForce,all,detection_rate,0.6733250668423296
gnn_naive,permute,0,BruteForce,all,binary_f1,0.8047377013117829
gnn_naive,random_src,0,BruteForce,task0,n,175000.0
gnn_naive,random_src,0,BruteForce,task0,n_benign,172109.0
gnn_naive,random_src,0,BruteForce,task0,n_attack,2891.0
gnn_naive,random_src,0,BruteForce,task0,accuracy,0.9991085714285715
gnn_naive,random_src,0,BruteForce,task0,macro_f1,0.9861275366271856
gnn_naive,random_src,0,BruteForce,task0,fpr,0.00026146221289996454
gnn_naive,random_src,0,BruteForce,task0,detection_rate,0.961604980975441
gnn_naive,random_src,0,BruteForce,task0,binary_f1,0.9727081875437369
gnn_naive,random_src,0,BruteForce,task0,category_recall,0.961604980975441
gnn_naive,random_src,0,BruteForce,task1,n,385000.0
gnn_naive,random_src,0,BruteForce,task1,n_benign,331373.0
gnn_naive,random_src,0,BruteForce,task1,n_attack,53627.0
gnn_naive,random_src,0,BruteForce,task1,accuracy,0.8604909090909091
gnn_naive,random_src,0,BruteForce,task1,macro_f1,0.4625074516012392
gnn_naive,random_src,0,BruteForce,task1,fpr,0.00025349077927290395
gnn_naive,random_src,0,BruteForce,task1,detection_rate,0.0
gnn_naive,random_src,0,BruteForce,task1,binary_f1,0.0
gnn_naive,random_src,0,BruteForce,task1,category_recall,0.0
gnn_naive,random_src,0,BruteForce,task2,n,480000.0
gnn_naive,random_src,0,BruteForce,task2,n_benign,439090.0
gnn_naive,random_src,0,BruteForce,task2,n_attack,40910.0
gnn_naive,random_src,0,BruteForce,task2,accuracy,0.91444375
gnn_naive,random_src,0,BruteForce,task2,macro_f1,0.3184367086610232
gnn_naive,random_src,0,BruteForce,task2,fpr,0.0003575576761028491
gnn_naive,random_src,0,BruteForce,task2,detection_rate,0.0
gnn_naive,random_src,0,BruteForce,task2,binary_f1,0.0
gnn_naive,random_src,0,BruteForce,task2,category_recall,0.0
gnn_naive,random_src,0,BruteForce,task3,n,270000.0
gnn_naive,random_src,0,BruteForce,task3,n_benign,269993.0
gnn_naive,random_src,0,BruteForce,task3,n_attack,7.0
gnn_naive,random_src,0,BruteForce,task3,accuracy,0.9996814814814815
gnn_naive,random_src,0,BruteForce,task3,macro_f1,0.49992035768659454
gnn_naive,random_src,0,BruteForce,task3,fpr,0.0002926001785231469
gnn_naive,random_src,0,BruteForce,task3,detection_rate,0.0
gnn_naive,random_src,0,BruteForce,task3,binary_f1,0.0
gnn_naive,random_src,0,BruteForce,task3,category_recall,0.0
gnn_naive,random_src,0,BruteForce,task4,n,395000.0
gnn_naive,random_src,0,BruteForce,task4,n_benign,393444.0
gnn_naive,random_src,0,BruteForce,task4,n_attack,1556.0
gnn_naive,random_src,0,BruteForce,task4,accuracy,0.9957974683544304
gnn_naive,random_src,0,BruteForce,task4,macro_f1,0.4989471547809321
gnn_naive,random_src,0,BruteForce,task4,fpr,0.00026433240816990477
gnn_naive,random_src,0,BruteForce,task4,detection_rate,0.0
gnn_naive,random_src,0,BruteForce,task4,binary_f1,0.0
gnn_naive,random_src,0,BruteForce,task4,category_recall,0.0
gnn_naive,random_src,0,BruteForce,task5,n,190000.0
gnn_naive,random_src,0,BruteForce,task5,n_benign,185763.0
gnn_naive,random_src,0,BruteForce,task5,n_attack,4237.0
gnn_naive,random_src,0,BruteForce,task5,accuracy,0.9774947368421053
gnn_naive,random_src,0,BruteForce,task5,macro_f1,0.494309652830269
gnn_naive,random_src,0,BruteForce,task5,fpr,0.00020994492982994462
gnn_naive,random_src,0,BruteForce,task5,detection_rate,0.0
gnn_naive,random_src,0,BruteForce,task5,binary_f1,0.0
gnn_naive,random_src,0,BruteForce,task5,category_recall,0.0
gnn_naive,random_src,0,BruteForce,seen,n,175000.0
gnn_naive,random_src,0,BruteForce,seen,n_benign,172109.0
gnn_naive,random_src,0,BruteForce,seen,n_attack,2891.0
gnn_naive,random_src,0,BruteForce,seen,accuracy,0.9991085714285715
gnn_naive,random_src,0,BruteForce,seen,macro_f1,0.9861275366271856
gnn_naive,random_src,0,BruteForce,seen,fpr,0.00026146221289996454
gnn_naive,random_src,0,BruteForce,seen,detection_rate,0.961604980975441
gnn_naive,random_src,0,BruteForce,seen,binary_f1,0.9727081875437369
gnn_naive,random_src,0,BruteForce,all,n,1895000.0
gnn_naive,random_src,0,BruteForce,all,n_benign,1791772.0
gnn_naive,random_src,0,BruteForce,all,n_attack,103228.0
gnn_naive,random_src,0,BruteForce,all,accuracy,0.9467250659630607
gnn_naive,random_src,0,BruteForce,all,macro_f1,0.2674877471430438
gnn_naive,random_src,0,BruteForce,all,fpr,0.0002835182154872383
gnn_naive,random_src,0,BruteForce,all,detection_rate,0.026930677723098383
gnn_naive,random_src,0,BruteForce,all,binary_f1,0.05219873070712381
gnn_naive,none,1,DoS,task0,n,175000.0
gnn_naive,none,1,DoS,task0,n_benign,172109.0
gnn_naive,none,1,DoS,task0,n_attack,2891.0
gnn_naive,none,1,DoS,task0,accuracy,0.98348
gnn_naive,none,1,DoS,task0,macro_f1,0.5
gnn_naive,none,1,DoS,task0,fpr,0.0
gnn_naive,none,1,DoS,task0,detection_rate,1.0
gnn_naive,none,1,DoS,task0,binary_f1,1.0
gnn_naive,none,1,DoS,task0,category_recall,0.0
gnn_naive,none,1,DoS,task1,n,385000.0
gnn_naive,none,1,DoS,task1,n_benign,331373.0
gnn_naive,none,1,DoS,task1,n_attack,53627.0
gnn_naive,none,1,DoS,task1,accuracy,0.9997350649350649
gnn_naive,none,1,DoS,task1,macro_f1,0.999447169101443
gnn_naive,none,1,DoS,task1,fpr,2.4141978978371806e-05
gnn_naive,none,1,DoS,task1,detection_rate,0.9982471516213848
gnn_naive,none,1,DoS,task1,binary_f1,0.9990482233502538
gnn_naive,none,1,DoS,task1,category_recall,0.9982471516213848
gnn_naive,none,1,DoS,task2,n,480000.0
gnn_naive,none,1,DoS,task2,n_benign,439090.0
gnn_naive,none,1,DoS,task2,n_attack,40910.0
gnn_naive,none,1,DoS,task2,accuracy,0.91476875
gnn_naive,none,1,DoS,task2,macro_f1,0.3204967203189136
gnn_naive,none,1,DoS,task2,fpr,2.277437427406682e-06
gnn_naive,none,1,DoS,task2,detection_rate,0.14025910535321437
gnn_naive,none,1,DoS,task2,binary_f1,0.246007417093614
gnn_naive,none,1,DoS,task2,category_recall,0.0
gnn_naive,none,1,DoS,task3,n,270000.0
gnn_naive,none,1,DoS,task3,n_benign,269993.0
gnn_naive,none,1,DoS,task3,n_attack,7.0
gnn_naive,none,1,DoS,task3,accuracy,0.9999740740740741
gnn_naive,none,1,DoS,task3,macro_f1,0.49999351843449824
gnn_naive,none,1,DoS,task3,fpr,0.0
gnn_naive,none,1,DoS,task3,detection_rate,0.0
gnn_naive,none,1,DoS,task3,binary_f1,0.0
gnn_naive,none,1,DoS,task3,category_recall,0.0
gnn_naive,none,1,DoS,task4,n,395000.0
gnn_naive,none,1,DoS,task4,n_benign,393444.0
gnn_naive,none,1,DoS,task4,n_attack,1556.0
gnn_naive,none,1,DoS,task4,accuracy,0.9960607594936709
gnn_naive,none,1,DoS,task4,macro_f1,0.49901324634343086
gnn_naive,none,1,DoS,task4,fpr,0.0
gnn_naive,none,1,DoS,task4,detection_rate,0.0
gnn_naive,none,1,DoS,task4,binary_f1,0.0
gnn_naive,none,1,DoS,task4,category_recall,0.0
gnn_naive,none,1,DoS,task5,n,190000.0
gnn_naive,none,1,DoS,task5,n_benign,185763.0
gnn_naive,none,1,DoS,task5,n_attack,4237.0
gnn_naive,none,1,DoS,task5,accuracy,0.9777
gnn_naive,none,1,DoS,task5,macro_f1,0.4943621378368812
gnn_naive,none,1,DoS,task5,fpr,0.0
gnn_naive,none,1,DoS,task5,detection_rate,0.0
gnn_naive,none,1,DoS,task5,binary_f1,0.0
gnn_naive,none,1,DoS,task5,category_recall,0.0
gnn_naive,none,1,DoS,seen,n,560000.0
gnn_naive,none,1,DoS,seen,n_benign,503482.0
gnn_naive,none,1,DoS,seen,n_attack,56518.0
gnn_naive,none,1,DoS,seen,accuracy,0.9946553571428571
gnn_naive,none,1,DoS,seen,macro_f1,0.6575680697667368
gnn_naive,none,1,DoS,seen,fpr,1.588934659034484e-05
gnn_naive,none,1,DoS,seen,detection_rate,0.9983368130507095
gnn_naive,none,1,DoS,seen,binary_f1,0.9990969455511288
gnn_naive,none,1,DoS,all,n,1895000.0
gnn_naive,none,1,DoS,all,n_benign,1791772.0
gnn_naive,none,1,DoS,all,n_attack,103228.0
gnn_naive,none,1,DoS,all,accuracy,0.9737709762532981
gnn_naive,none,1,DoS,all,macro_f1,0.2733229348031578
gnn_naive,none,1,DoS,all,fpr,5.0229605106006795e-06
gnn_naive,none,1,DoS,all,detection_rate,0.6021815786414538
gnn_naive,none,1,DoS,all,binary_f1,0.7516611345896892
gnn_naive,permute,1,DoS,task0,n,175000.0
gnn_naive,permute,1,DoS,task0,n_benign,172109.0
gnn_naive,permute,1,DoS,task0,n_attack,2891.0
gnn_naive,permute,1,DoS,task0,accuracy,0.98348
gnn_naive,permute,1,DoS,task0,macro_f1,0.5
gnn_naive,permute,1,DoS,task0,fpr,0.0
gnn_naive,permute,1,DoS,task0,detection_rate,1.0
gnn_naive,permute,1,DoS,task0,binary_f1,1.0
gnn_naive,permute,1,DoS,task0,category_recall,0.0
gnn_naive,permute,1,DoS,task1,n,385000.0
gnn_naive,permute,1,DoS,task1,n_benign,331373.0
gnn_naive,permute,1,DoS,task1,n_attack,53627.0
gnn_naive,permute,1,DoS,task1,accuracy,0.9997350649350649
gnn_naive,permute,1,DoS,task1,macro_f1,0.999447169101443
gnn_naive,permute,1,DoS,task1,fpr,2.4141978978371806e-05
gnn_naive,permute,1,DoS,task1,detection_rate,0.9982471516213848
gnn_naive,permute,1,DoS,task1,binary_f1,0.9990482233502538
gnn_naive,permute,1,DoS,task1,category_recall,0.9982471516213848
gnn_naive,permute,1,DoS,task2,n,480000.0
gnn_naive,permute,1,DoS,task2,n_benign,439090.0
gnn_naive,permute,1,DoS,task2,n_attack,40910.0
gnn_naive,permute,1,DoS,task2,accuracy,0.91476875
gnn_naive,permute,1,DoS,task2,macro_f1,0.3204967203189136
gnn_naive,permute,1,DoS,task2,fpr,2.277437427406682e-06
gnn_naive,permute,1,DoS,task2,detection_rate,0.14025910535321437
gnn_naive,permute,1,DoS,task2,binary_f1,0.246007417093614
gnn_naive,permute,1,DoS,task2,category_recall,0.0
gnn_naive,permute,1,DoS,task3,n,270000.0
gnn_naive,permute,1,DoS,task3,n_benign,269993.0
gnn_naive,permute,1,DoS,task3,n_attack,7.0
gnn_naive,permute,1,DoS,task3,accuracy,0.9999740740740741
gnn_naive,permute,1,DoS,task3,macro_f1,0.49999351843449824
gnn_naive,permute,1,DoS,task3,fpr,0.0
gnn_naive,permute,1,DoS,task3,detection_rate,0.0
gnn_naive,permute,1,DoS,task3,binary_f1,0.0
gnn_naive,permute,1,DoS,task3,category_recall,0.0
gnn_naive,permute,1,DoS,task4,n,395000.0
gnn_naive,permute,1,DoS,task4,n_benign,393444.0
gnn_naive,permute,1,DoS,task4,n_attack,1556.0
gnn_naive,permute,1,DoS,task4,accuracy,0.9960607594936709
gnn_naive,permute,1,DoS,task4,macro_f1,0.49901324634343086
gnn_naive,permute,1,DoS,task4,fpr,0.0
gnn_naive,permute,1,DoS,task4,detection_rate,0.0
gnn_naive,permute,1,DoS,task4,binary_f1,0.0
gnn_naive,permute,1,DoS,task4,category_recall,0.0
gnn_naive,permute,1,DoS,task5,n,190000.0
gnn_naive,permute,1,DoS,task5,n_benign,185763.0
gnn_naive,permute,1,DoS,task5,n_attack,4237.0
gnn_naive,permute,1,DoS,task5,accuracy,0.9777
gnn_naive,permute,1,DoS,task5,macro_f1,0.4943621378368812
gnn_naive,permute,1,DoS,task5,fpr,0.0
gnn_naive,permute,1,DoS,task5,detection_rate,0.0
gnn_naive,permute,1,DoS,task5,binary_f1,0.0
gnn_naive,permute,1,DoS,task5,category_recall,0.0
gnn_naive,permute,1,DoS,seen,n,560000.0
gnn_naive,permute,1,DoS,seen,n_benign,503482.0
gnn_naive,permute,1,DoS,seen,n_attack,56518.0
gnn_naive,permute,1,DoS,seen,accuracy,0.9946553571428571
gnn_naive,permute,1,DoS,seen,macro_f1,0.6575680697667368
gnn_naive,permute,1,DoS,seen,fpr,1.588934659034484e-05
gnn_naive,permute,1,DoS,seen,detection_rate,0.9983368130507095
gnn_naive,permute,1,DoS,seen,binary_f1,0.9990969455511288
gnn_naive,permute,1,DoS,all,n,1895000.0
gnn_naive,permute,1,DoS,all,n_benign,1791772.0
gnn_naive,permute,1,DoS,all,n_attack,103228.0
gnn_naive,permute,1,DoS,all,accuracy,0.9737709762532981
gnn_naive,permute,1,DoS,all,macro_f1,0.2733229348031578
gnn_naive,permute,1,DoS,all,fpr,5.0229605106006795e-06
gnn_naive,permute,1,DoS,all,detection_rate,0.6021815786414538
gnn_naive,permute,1,DoS,all,binary_f1,0.7516611345896892
gnn_naive,random_src,1,DoS,task0,n,175000.0
gnn_naive,random_src,1,DoS,task0,n_benign,172109.0
gnn_naive,random_src,1,DoS,task0,n_attack,2891.0
gnn_naive,random_src,1,DoS,task0,accuracy,0.9832457142857143
gnn_naive,random_src,1,DoS,task0,macro_f1,0.4957760438876531
gnn_naive,random_src,1,DoS,task0,fpr,0.0002382211273088566
gnn_naive,random_src,1,DoS,task0,detection_rate,0.0
gnn_naive,random_src,1,DoS,task0,binary_f1,0.0
gnn_naive,random_src,1,DoS,task0,category_recall,0.0
gnn_naive,random_src,1,DoS,task1,n,385000.0
gnn_naive,random_src,1,DoS,task1,n_benign,331373.0
gnn_naive,random_src,1,DoS,task1,n_attack,53627.0
gnn_naive,random_src,1,DoS,task1,accuracy,0.9981896103896104
gnn_naive,random_src,1,DoS,task1,macro_f1,0.9962094731902582
gnn_naive,random_src,1,DoS,task1,fpr,0.00026857951613438633
gnn_naive,random_src,1,DoS,task1,detection_rate,0.9886624275085312
gnn_naive,random_src,1,DoS,task1,binary_f1,0.9934698084039912
gnn_naive,random_src,1,DoS,task1,category_recall,0.9886624275085312
gnn_naive,random_src,1,DoS,task2,n,480000.0
gnn_naive,random_src,1,DoS,task2,n_benign,439090.0
gnn_naive,random_src,1,DoS,task2,n_attack,40910.0
gnn_naive,random_src,1,DoS,task2,accuracy,0.9144875
gnn_naive,random_src,1,DoS,task2,macro_f1,0.3184446664359696
gnn_naive,random_src,1,DoS,task2,fpr,0.00030973149012730874
gnn_naive,random_src,1,DoS,task2,detection_rate,0.0
gnn_naive,random_src,1,DoS,task2,binary_f1,0.0
gnn_naive,random_src,1,DoS,task2,category_recall,0.0
gnn_naive,random_src,1,DoS,task3,n,270000.0
gnn_naive,random_src,1,DoS,task3,n_benign,269993.0
gnn_naive,random_src,1,DoS,task3,n_attack,7.0
gnn_naive,random_src,1,DoS,task3,accuracy,0.9996222222222222
gnn_naive,random_src,1,DoS,task3,macro_f1,0.49990553771267904
gnn_naive,random_src,1,DoS,task3,fpr,0.0003518609741734045
gnn_naive,random_src,1,DoS,task3,detection_rate,0.0
gnn_naive,random_src,1,DoS,task3,binary_f1,0.0
gnn_naive,random_src,1,DoS,task3,category_recall,0.0
gnn_naive,random_src,1,DoS,task4,n,395000.0
gnn_naive,random_src,1,DoS,task4,n_benign,393444.0
gnn_naive,random_src,1,DoS,task4,n_attack,1556.0
gnn_naive,random_src,1,DoS,task4,accuracy,0.9956405063291139
gnn_naive,random_src,1,DoS,task4,macro_f1,0.4989083786536966
gnn_naive,random_src,1,DoS,task4,fpr,0.00042191518996350177
gnn_naive,random_src,1,DoS,task4,detection_rate,0.0006426735218508997
gnn_naive,random_src,1,DoS,task4,binary_f1,0.0011607661056297156
gnn_naive,random_src,1,DoS,task4,category_recall,0.0
gnn_naive,random_src,1,DoS,task5,n,190000.0
gnn_naive,random_src,1,DoS,task5,n_benign,185763.0
gnn_naive,random_src,1,DoS,task5,n_attack,4237.0
gnn_naive,random_src,1,DoS,task5,accuracy,0.9773105263157895
gnn_naive,random_src,1,DoS,task5,macro_f1,0.49426254162352373
gnn_naive,random_src,1,DoS,task5,fpr,0.00039835704634399744
gnn_naive,random_src,1,DoS,task5,detection_rate,0.0
gnn_naive,random_src,1,DoS,task5,binary_f1,0.0
gnn_naive,random_src,1,DoS,task5,category_recall,0.0
gnn_naive,random_src,1,DoS,seen,n,560000.0
gnn_naive,random_src,1,DoS,seen,n_benign,503482.0
gnn_naive,random_src,1,DoS,seen,n_attack,56518.0
gnn_naive,random_src,1,DoS,seen,accuracy,0.9935196428571429
gnn_naive,random_src,1,DoS,seen,macro_f1,0.6631654831351405
gnn_naive,random_src,1,DoS,seen,fpr,0.00025820188209310364
gnn_naive,random_src,1,DoS,seen,detection_rate,0.9380905198343891
gnn_naive,random_src,1,DoS,seen,binary_f1,0.9669089151704706
gnn_naive,random_src,1,DoS,all,n,1895000.0
gnn_naive,random_src,1,DoS,all,n_benign,1791772.0
gnn_naive,random_src,1,DoS,all,n_attack,103228.0
gnn_naive,random_src,1,DoS,all,accuracy,0.9731873350923483
gnn_naive,random_src,1,DoS,all,macro_f1,0.2821047011540313
gnn_naive,random_src,1,DoS,all,fpr,0.0003354221407634454
gnn_naive,random_src,1,DoS,all,detection_rate,0.5136203355678692
gnn_naive,random_src,1,DoS,all,binary_f1,0.6760642401290413
gnn_naive,none,2,DDoS,task0,n,175000.0
gnn_naive,none,2,DDoS,task0,n_benign,172109.0
gnn_naive,none,2,DDoS,task0,n_attack,2891.0
gnn_naive,none,2,DDoS,task0,accuracy,0.9834742857142857
gnn_naive,none,2,DDoS,task0,macro_f1,0.495834149601853
gnn_naive,none,2,DDoS,task0,fpr,5.8102713977769905e-06
gnn_naive,none,2,DDoS,task0,detection_rate,0.0
gnn_naive,none,2,DDoS,task0,binary_f1,0.0
gnn_naive,none,2,DDoS,task0,category_recall,0.0
gnn_naive,none,2,DDoS,task1,n,385000.0
gnn_naive,none,2,DDoS,task1,n_benign,331373.0
gnn_naive,none,2,DDoS,task1,n_attack,53627.0
gnn_naive,none,2,DDoS,task1,accuracy,0.8603792207792208
gnn_naive,none,2,DDoS,task1,macro_f1,0.4996945226784855
gnn_naive,none,2,DDoS,task1,fpr,0.0003832539162816524
gnn_naive,none,2,DDoS,task1,detection_rate,0.9948160441568613
gnn_naive,none,2,DDoS,task1,binary_f1,0.9962185933167138
gnn_naive,none,2,DDoS,task1,category_recall,0.0
gnn_naive,none,2,DDoS,task2,n,480000.0
gnn_naive,none,2,DDoS,task2,n_benign,439090.0
gnn_naive,none,2,DDoS,task2,n_attack,40910.0
gnn_naive,none,2,DDoS,task2,accuracy,0.9999791666666666
gnn_naive,none,2,DDoS,task2,macro_f1,0.8444284259746263
gnn_naive,none,2,DDoS,task2,fpr,2.277437427406682e-05
gnn_naive,none,2,DDoS,task2,detection_rate,1.0
gnn_naive,none,2,DDoS,task2,binary_f1,0.999877795429549
gnn_naive,none,2,DDoS,task2,category_recall,1.0
gnn_naive,none,2,DDoS,task3,n,270000.0
gnn_naive,none,2,DDoS,task3,n_benign,269993.0
gnn_naive,none,2,DDoS,task3,n_attack,7.0
gnn_naive,none,2,DDoS,task3,accuracy,0.9999703703703704
gnn_naive,none,2,DDoS,task3,macro_f1,0.799992592318234
gnn_naive,none,2,DDoS,task3,fpr,2.59265980969877e-05
gnn_naive,none,2,DDoS,task3,detection_rate,0.8571428571428571
gnn_naive,none,2,DDoS,task3,binary_f1,0.6
gnn_naive,none,2,DDoS,task3,category_recall,0.8571428571428571
gnn_naive,none,2,DDoS,task4,n,395000.0
gnn_naive,none,2,DDoS,task4,n_benign,393444.0
gnn_naive,none,2,DDoS,task4,n_attack,1556.0
gnn_naive,none,2,DDoS,task4,accuracy,0.996053164556962
gnn_naive,none,2,DDoS,task4,macro_f1,0.4990113401002738
gnn_naive,none,2,DDoS,task4,fpr,7.624973312593406e-06
gnn_naive,none,2,DDoS,task4,detection_rate,0.0
gnn_naive,none,2,DDoS,task4,binary_f1,0.0
gnn_naive,none,2,DDoS,task4,category_recall,0.0
gnn_naive,none,2,DDoS,task5,n,190000.0
gnn_naive,none,2,DDoS,task5,n_benign,185763.0
gnn_naive,none,2,DDoS,task5,n_attack,4237.0
gnn_naive,none,2,DDoS,task5,accuracy,0.9776947368421053
gnn_naive,none,2,DDoS,task5,macro_f1,0.49436079220357565
gnn_naive,none,2,DDoS,task5,fpr,5.383203328972938e-06
gnn_naive,none,2,DDoS,task5,detection_rate,0.0
gnn_naive,none,2,DDoS,task5,binary_f1,0.0
gnn_naive,none,2,DDoS,task5,category_recall,0.0
gnn_naive,none,2,DDoS,seen,n,1040000.0
gnn_naive,none,2,DDoS,seen,n_benign,942572.0
gnn_naive,none,2,DDoS,seen,n_attack,97428.0
gnn_naive,none,2,DDoS,seen,accuracy,0.9455230769230769
gnn_naive,none,2,DDoS,seen,macro_f1,0.42725775259448684
gnn_naive,none,2,DDoS,seen,fpr,0.00014640791366601173
gnn_naive,none,2,DDoS,seen,detection_rate,0.9674734162663711
gnn_naive,none,2,DDoS,seen,binary_f1,0.9827603284243451
gnn_naive,none,2,DDoS,all,n,1895000.0
gnn_naive,none,2,DDoS,all,n_benign,1791772.0
gnn_naive,none,2,DDoS,all,n_attack,103228.0
gnn_naive,none,2,DDoS,all,accuracy,0.9670390501319261
gnn_naive,none,2,DDoS,all,macro_f1,0.3021415533677559
gnn_naive,none,2,DDoS,all,fpr,8.315790178661125e-05
gnn_naive,none,2,DDoS,all,detection_rate,0.9131727825783702
gnn_naive,none,2,DDoS,all,binary_f1,0.9538964390159986
gnn_naive,permute,2,DDoS,task0,n,175000.0
gnn_naive,permute,2,DDoS,task0,n_benign,172109.0
gnn_naive,permute,2,DDoS,task0,n_attack,2891.0
gnn_naive,permute,2,DDoS,task0,accuracy,0.9834742857142857
gnn_naive,permute,2,DDoS,task0,macro_f1,0.495834149601853
gnn_naive,permute,2,DDoS,task0,fpr,5.8102713977769905e-06
gnn_naive,permute,2,DDoS,task0,detection_rate,0.0
gnn_naive,permute,2,DDoS,task0,binary_f1,0.0
gnn_naive,permute,2,DDoS,task0,category_recall,0.0
gnn_naive,permute,2,DDoS,task1,n,385000.0
gnn_naive,permute,2,DDoS,task1,n_benign,331373.0
gnn_naive,permute,2,DDoS,task1,n_attack,53627.0
gnn_naive,permute,2,DDoS,task1,accuracy,0.8603792207792208
gnn_naive,permute,2,DDoS,task1,macro_f1,0.4996945226784855
gnn_naive,permute,2,DDoS,task1,fpr,0.0003832539162816524
gnn_naive,permute,2,DDoS,task1,detection_rate,0.9948160441568613
gnn_naive,permute,2,DDoS,task1,binary_f1,0.9962185933167138
gnn_naive,permute,2,DDoS,task1,category_recall,0.0
gnn_naive,permute,2,DDoS,task2,n,480000.0
gnn_naive,permute,2,DDoS,task2,n_benign,439090.0
gnn_naive,permute,2,DDoS,task2,n_attack,40910.0
gnn_naive,permute,2,DDoS,task2,accuracy,0.9999791666666666
gnn_naive,permute,2,DDoS,task2,macro_f1,0.8444284259746263
gnn_naive,permute,2,DDoS,task2,fpr,2.277437427406682e-05
gnn_naive,permute,2,DDoS,task2,detection_rate,1.0
gnn_naive,permute,2,DDoS,task2,binary_f1,0.999877795429549
gnn_naive,permute,2,DDoS,task2,category_recall,1.0
gnn_naive,permute,2,DDoS,task3,n,270000.0
gnn_naive,permute,2,DDoS,task3,n_benign,269993.0
gnn_naive,permute,2,DDoS,task3,n_attack,7.0
gnn_naive,permute,2,DDoS,task3,accuracy,0.9999703703703704
gnn_naive,permute,2,DDoS,task3,macro_f1,0.799992592318234
gnn_naive,permute,2,DDoS,task3,fpr,2.59265980969877e-05
gnn_naive,permute,2,DDoS,task3,detection_rate,0.8571428571428571
gnn_naive,permute,2,DDoS,task3,binary_f1,0.6
gnn_naive,permute,2,DDoS,task3,category_recall,0.8571428571428571
gnn_naive,permute,2,DDoS,task4,n,395000.0
gnn_naive,permute,2,DDoS,task4,n_benign,393444.0
gnn_naive,permute,2,DDoS,task4,n_attack,1556.0
gnn_naive,permute,2,DDoS,task4,accuracy,0.996053164556962
gnn_naive,permute,2,DDoS,task4,macro_f1,0.4990113401002738
gnn_naive,permute,2,DDoS,task4,fpr,7.624973312593406e-06
gnn_naive,permute,2,DDoS,task4,detection_rate,0.0
gnn_naive,permute,2,DDoS,task4,binary_f1,0.0
gnn_naive,permute,2,DDoS,task4,category_recall,0.0
gnn_naive,permute,2,DDoS,task5,n,190000.0
gnn_naive,permute,2,DDoS,task5,n_benign,185763.0
gnn_naive,permute,2,DDoS,task5,n_attack,4237.0
gnn_naive,permute,2,DDoS,task5,accuracy,0.9776947368421053
gnn_naive,permute,2,DDoS,task5,macro_f1,0.49436079220357565
gnn_naive,permute,2,DDoS,task5,fpr,5.383203328972938e-06
gnn_naive,permute,2,DDoS,task5,detection_rate,0.0
gnn_naive,permute,2,DDoS,task5,binary_f1,0.0
gnn_naive,permute,2,DDoS,task5,category_recall,0.0
gnn_naive,permute,2,DDoS,seen,n,1040000.0
gnn_naive,permute,2,DDoS,seen,n_benign,942572.0
gnn_naive,permute,2,DDoS,seen,n_attack,97428.0
gnn_naive,permute,2,DDoS,seen,accuracy,0.9455230769230769
gnn_naive,permute,2,DDoS,seen,macro_f1,0.42725775259448684
gnn_naive,permute,2,DDoS,seen,fpr,0.00014640791366601173
gnn_naive,permute,2,DDoS,seen,detection_rate,0.9674734162663711
gnn_naive,permute,2,DDoS,seen,binary_f1,0.9827603284243451
gnn_naive,permute,2,DDoS,all,n,1895000.0
gnn_naive,permute,2,DDoS,all,n_benign,1791772.0
gnn_naive,permute,2,DDoS,all,n_attack,103228.0
gnn_naive,permute,2,DDoS,all,accuracy,0.9670390501319261
gnn_naive,permute,2,DDoS,all,macro_f1,0.3021415533677559
gnn_naive,permute,2,DDoS,all,fpr,8.315790178661125e-05
gnn_naive,permute,2,DDoS,all,detection_rate,0.9131727825783702
gnn_naive,permute,2,DDoS,all,binary_f1,0.9538964390159986
gnn_naive,random_src,2,DDoS,task0,n,175000.0
gnn_naive,random_src,2,DDoS,task0,n_benign,172109.0
gnn_naive,random_src,2,DDoS,task0,n_attack,2891.0
gnn_naive,random_src,2,DDoS,task0,accuracy,0.9786
gnn_naive,random_src,2,DDoS,task0,macro_f1,0.4945921358536339
gnn_naive,random_src,2,DDoS,task0,fpr,0.00496197177370155
gnn_naive,random_src,2,DDoS,task0,detection_rate,0.0
gnn_naive,random_src,2,DDoS,task0,binary_f1,0.0
gnn_naive,random_src,2,DDoS,task0,category_recall,0.0
gnn_naive,random_src,2,DDoS,task1,n,385000.0
gnn_naive,random_src,2,DDoS,task1,n_benign,331373.0
gnn_naive,random_src,2,DDoS,task1,n_attack,53627.0
gnn_naive,random_src,2,DDoS,task1,accuracy,0.8567506493506494
gnn_naive,random_src,2,DDoS,task1,macro_f1,0.48998487778936456
gnn_naive,random_src,2,DDoS,task1,fpr,0.004599046995379829
gnn_naive,random_src,2,DDoS,task1,detection_rate,0.7769780148059746
gnn_naive,random_src,2,DDoS,task1,binary_f1,0.8607283769546985
gnn_naive,random_src,2,DDoS,task1,category_recall,0.0
gnn_naive,random_src,2,DDoS,task2,n,480000.0
gnn_naive,random_src,2,DDoS,task2,n_benign,439090.0
gnn_naive,random_src,2,DDoS,task2,n_attack,40910.0
gnn_naive,random_src,2,DDoS,task2,accuracy,0.9934375
gnn_naive,random_src,2,DDoS,task2,macro_f1,0.659531498668239
gnn_naive,random_src,2,DDoS,task2,fpr,0.004422783484023776
gnn_naive,random_src,2,DDoS,task2,detection_rate,0.9704717672940602
gnn_naive,random_src,2,DDoS,task2,binary_f1,0.9618431572061923
gnn_naive,random_src,2,DDoS,task2,category_recall,0.9704688798709236
gnn_naive,random_src,2,DDoS,task3,n,270000.0
gnn_naive,random_src,2,DDoS,task3,n_benign,269993.0
gnn_naive,random_src,2,DDoS,task3,n_attack,7.0
gnn_naive,random_src,2,DDoS,task3,accuracy,0.9958518518518519
gnn_naive,random_src,2,DDoS,task3,macro_f1,0.5123297722735107
gnn_naive,random_src,2,DDoS,task3,fpr,0.00414084809606175
gnn_naive,random_src,2,DDoS,task3,detection_rate,0.7142857142857143
gnn_naive,random_src,2,DDoS,task3,binary_f1,0.008849557522123894
gnn_naive,random_src,2,DDoS,task3,category_recall,0.7142857142857143
gnn_naive,random_src,2,DDoS,task4,n,395000.0
gnn_naive,random_src,2,DDoS,task4,n_benign,393444.0
gnn_naive,random_src,2,DDoS,task4,n_attack,1556.0
gnn_naive,random_src,2,DDoS,task4,accuracy,0.9930835443037974
gnn_naive,random_src,2,DDoS,task4,macro_f1,0.49826488565520255
gnn_naive,random_src,2,DDoS,task4,fpr,0.002988989538536615
gnn_naive,random_src,2,DDoS,task4,detection_rate,0.0
gnn_naive,random_src,2,DDoS,task4,binary_f1,0.0
gnn_naive,random_src,2,DDoS,task4,category_recall,0.0
gnn_naive,random_src,2,DDoS,task5,n,190000.0
gnn_naive,random_src,2,DDoS,task5,n_benign,185763.0
gnn_naive,random_src,2,DDoS,task5,n_attack,4237.0
gnn_naive,random_src,2,DDoS,task5,accuracy,0.9748052631578947
gnn_naive,random_src,2,DDoS,task5,macro_f1,0.4936235877946009
gnn_naive,random_src,2,DDoS,task5,fpr,0.0029607618309351164
gnn_naive,random_src,2,DDoS,task5,detection_rate,0.0004720320981826764
gnn_naive,random_src,2,DDoS,task5,binary_f1,0.0008352474420547087
gnn_naive,random_src,2,DDoS,task5,category_recall,0.0
gnn_naive,random_src,2,DDoS,seen,n,1040000.0
gnn_naive,random_src,2,DDoS,seen,n_benign,942572.0
gnn_naive,random_src,2,DDoS,seen,n_attack,97428.0
gnn_naive,random_src,2,DDoS,seen,accuracy,0.9403403846153846
gnn_naive,random_src,2,DDoS,seen,macro_f1,0.325814038031632
gnn_naive,random_src,2,DDoS,seen,fpr,0.004583204253892541
gnn_naive,random_src,2,DDoS,seen,detection_rate,0.8351705875107772
gnn_naive,random_src,2,DDoS,seen,binary_f1,0.8887104965677681
gnn_naive,random_src,2,DDoS,all,n,1895000.0
gnn_naive,random_src,2,DDoS,all,n_benign,1791772.0
gnn_naive,random_src,2,DDoS,all,n_attack,103228.0
gnn_naive,random_src,2,DDoS,all,accuracy,0.9626992084432717
gnn_naive,random_src,2,DDoS,all,macro_f1,0.23203072078289178
gnn_naive,random_src,2,DDoS,all,fpr,0.003998276566438141
gnn_naive,random_src,2,DDoS,all,detection_rate,0.7883132483434727
gnn_naive,random_src,2,DDoS,all,binary_f1,0.8486921697050602
gnn_naive,none,3,WebAttack,task0,n,175000.0
gnn_naive,none,3,WebAttack,task0,n_benign,172109.0
gnn_naive,none,3,WebAttack,task0,n_attack,2891.0
gnn_naive,none,3,WebAttack,task0,accuracy,0.98348
gnn_naive,none,3,WebAttack,task0,macro_f1,0.495835602073124
gnn_naive,none,3,WebAttack,task0,fpr,0.0
gnn_naive,none,3,WebAttack,task0,detection_rate,0.0
gnn_naive,none,3,WebAttack,task0,binary_f1,0.0
gnn_naive,none,3,WebAttack,task0,category_recall,0.0
gnn_naive,none,3,WebAttack,task1,n,385000.0
gnn_naive,none,3,WebAttack,task1,n_benign,331373.0
gnn_naive,none,3,WebAttack,task1,n_attack,53627.0
gnn_naive,none,3,WebAttack,task1,accuracy,0.8607090909090909
gnn_naive,none,3,WebAttack,task1,macro_f1,0.46257176798055755
gnn_naive,none,3,WebAttack,task1,fpr,0.0
gnn_naive,none,3,WebAttack,task1,detection_rate,3.7294646353515956e-05
gnn_naive,none,3,WebAttack,task1,binary_f1,7.458651102948032e-05
gnn_naive,none,3,WebAttack,task1,category_recall,0.0
gnn_naive,none,3,WebAttack,task2,n,480000.0
gnn_naive,none,3,WebAttack,task2,n_benign,439090.0
gnn_naive,none,3,WebAttack,task2,n_attack,40910.0
gnn_naive,none,3,WebAttack,task2,accuracy,0.9180083333333333
gnn_naive,none,3,WebAttack,task2,macro_f1,0.34601625113926415
gnn_naive,none,3,WebAttack,task2,fpr,2.7329249128880183e-05
gnn_naive,none,3,WebAttack,task2,detection_rate,0.17760938645807872
gnn_naive,none,3,WebAttack,task2,binary_f1,0.3015688553166764
gnn_naive,none,3,WebAttack,task2,category_recall,0.038185107319219674
gnn_naive,none,3,WebAttack,task3,n,270000.0
gnn_naive,none,3,WebAttack,task3,n_benign,269993.0
gnn_naive,none,3,WebAttack,task3,n_attack,7.0
gnn_naive,none,3,WebAttack,task3,accuracy,1.0
gnn_naive,none,3,WebAttack,task3,macro_f1,1.0
gnn_naive,none,3,WebAttack,task3,fpr,0.0
gnn_naive,none,3,WebAttack,task3,detection_rate,1.0
gnn_naive,none,3,WebAttack,task3,binary_f1,1.0
gnn_naive,none,3,WebAttack,task3,category_recall,1.0
gnn_naive,none,3,WebAttack,task4,n,395000.0
gnn_naive,none,3,WebAttack,task4,n_benign,393444.0
gnn_naive,none,3,WebAttack,task4,n_attack,1556.0
gnn_naive,none,3,WebAttack,task4,accuracy,0.9960582278481013
gnn_naive,none,3,WebAttack,task4,macro_f1,0.499012610930657
gnn_naive,none,3,WebAttack,task4,fpr,2.5416577708644688e-06
gnn_naive,none,3,WebAttack,task4,detection_rate,0.0
gnn_naive,none,3,WebAttack,task4,binary_f1,0.0
gnn_naive,none,3,WebAttack,task4,category_recall,0.0
gnn_naive,none,3,WebAttack,task5,n,190000.0
gnn_naive,none,3,WebAttack,task5,n_benign,185763.0
gnn_naive,none,3,WebAttack,task5,n_attack,4237.0
gnn_naive,none,3,WebAttack,task5,accuracy,0.9777
gnn_naive,none,3,WebAttack,task5,macro_f1,0.4943621378368812
gnn_naive,none,3,WebAttack,task5,fpr,0.0
gnn_naive,none,3,WebAttack,task5,detection_rate,0.0
gnn_naive,none,3,WebAttack,task5,binary_f1,0.0
gnn_naive,none,3,WebAttack,task5,category_recall,0.0
gnn_naive,none,3,WebAttack,seen,n,1310000.0
gnn_naive,none,3,WebAttack,seen,n_benign,1212565.0
gnn_naive,none,3,WebAttack,seen,n_attack,97435.0
gnn_naive,none,3,WebAttack,seen,accuracy,0.9268137404580152
gnn_naive,none,3,WebAttack,seen,macro_f1,0.20830897069129994
gnn_naive,none,3,WebAttack,seen,fpr,9.89637668908471e-06
gnn_naive,none,3,WebAttack,seen,detection_rate,0.07466516138964438
gnn_naive,none,3,WebAttack,seen,binary_f1,0.1389392868738183
gnn_naive,none,3,WebAttack,all,n,1895000.0
gnn_naive,none,3,WebAttack,all,n_benign,1791772.0
gnn_naive,none,3,WebAttack,all,n_attack,103228.0
gnn_naive,none,3,WebAttack,all,accuracy,0.9463493403693931
gnn_naive,none,3,WebAttack,all,macro_f1,0.15018750360212207
gnn_naive,none,3,WebAttack,all,fpr,7.255387404200981e-06
gnn_naive,none,3,WebAttack,all,detection_rate,0.07047506490487077
gnn_naive,none,3,WebAttack,all,binary_f1,0.13165514495638642
gnn_naive,permute,3,WebAttack,task0,n,175000.0
gnn_naive,permute,3,WebAttack,task0,n_benign,172109.0
gnn_naive,permute,3,WebAttack,task0,n_attack,2891.0
gnn_naive,permute,3,WebAttack,task0,accuracy,0.98348
gnn_naive,permute,3,WebAttack,task0,macro_f1,0.495835602073124
gnn_naive,permute,3,WebAttack,task0,fpr,0.0
gnn_naive,permute,3,WebAttack,task0,detection_rate,0.0
gnn_naive,permute,3,WebAttack,task0,binary_f1,0.0
gnn_naive,permute,3,WebAttack,task0,category_recall,0.0
gnn_naive,permute,3,WebAttack,task1,n,385000.0
gnn_naive,permute,3,WebAttack,task1,n_benign,331373.0
gnn_naive,permute,3,WebAttack,task1,n_attack,53627.0
gnn_naive,permute,3,WebAttack,task1,accuracy,0.8607090909090909
gnn_naive,permute,3,WebAttack,task1,macro_f1,0.46257176798055755
gnn_naive,permute,3,WebAttack,task1,fpr,0.0
gnn_naive,permute,3,WebAttack,task1,detection_rate,3.7294646353515956e-05
gnn_naive,permute,3,WebAttack,task1,binary_f1,7.458651102948032e-05
gnn_naive,permute,3,WebAttack,task1,category_recall,0.0
gnn_naive,permute,3,WebAttack,task2,n,480000.0
gnn_naive,permute,3,WebAttack,task2,n_benign,439090.0
gnn_naive,permute,3,WebAttack,task2,n_attack,40910.0
gnn_naive,permute,3,WebAttack,task2,accuracy,0.9180083333333333
gnn_naive,permute,3,WebAttack,task2,macro_f1,0.34601625113926415
gnn_naive,permute,3,WebAttack,task2,fpr,2.7329249128880183e-05
gnn_naive,permute,3,WebAttack,task2,detection_rate,0.17760938645807872
gnn_naive,permute,3,WebAttack,task2,binary_f1,0.3015688553166764
gnn_naive,permute,3,WebAttack,task2,category_recall,0.038185107319219674
gnn_naive,permute,3,WebAttack,task3,n,270000.0
gnn_naive,permute,3,WebAttack,task3,n_benign,269993.0
gnn_naive,permute,3,WebAttack,task3,n_attack,7.0
gnn_naive,permute,3,WebAttack,task3,accuracy,1.0
gnn_naive,permute,3,WebAttack,task3,macro_f1,1.0
gnn_naive,permute,3,WebAttack,task3,fpr,0.0
gnn_naive,permute,3,WebAttack,task3,detection_rate,1.0
gnn_naive,permute,3,WebAttack,task3,binary_f1,1.0
gnn_naive,permute,3,WebAttack,task3,category_recall,1.0
gnn_naive,permute,3,WebAttack,task4,n,395000.0
gnn_naive,permute,3,WebAttack,task4,n_benign,393444.0
gnn_naive,permute,3,WebAttack,task4,n_attack,1556.0
gnn_naive,permute,3,WebAttack,task4,accuracy,0.9960582278481013
gnn_naive,permute,3,WebAttack,task4,macro_f1,0.499012610930657
gnn_naive,permute,3,WebAttack,task4,fpr,2.5416577708644688e-06
gnn_naive,permute,3,WebAttack,task4,detection_rate,0.0
gnn_naive,permute,3,WebAttack,task4,binary_f1,0.0
gnn_naive,permute,3,WebAttack,task4,category_recall,0.0
gnn_naive,permute,3,WebAttack,task5,n,190000.0
gnn_naive,permute,3,WebAttack,task5,n_benign,185763.0
gnn_naive,permute,3,WebAttack,task5,n_attack,4237.0
gnn_naive,permute,3,WebAttack,task5,accuracy,0.9777
gnn_naive,permute,3,WebAttack,task5,macro_f1,0.4943621378368812
gnn_naive,permute,3,WebAttack,task5,fpr,0.0
gnn_naive,permute,3,WebAttack,task5,detection_rate,0.0
gnn_naive,permute,3,WebAttack,task5,binary_f1,0.0
gnn_naive,permute,3,WebAttack,task5,category_recall,0.0
gnn_naive,permute,3,WebAttack,seen,n,1310000.0
gnn_naive,permute,3,WebAttack,seen,n_benign,1212565.0
gnn_naive,permute,3,WebAttack,seen,n_attack,97435.0
gnn_naive,permute,3,WebAttack,seen,accuracy,0.9268137404580152
gnn_naive,permute,3,WebAttack,seen,macro_f1,0.20830897069129994
gnn_naive,permute,3,WebAttack,seen,fpr,9.89637668908471e-06
gnn_naive,permute,3,WebAttack,seen,detection_rate,0.07466516138964438
gnn_naive,permute,3,WebAttack,seen,binary_f1,0.1389392868738183
gnn_naive,permute,3,WebAttack,all,n,1895000.0
gnn_naive,permute,3,WebAttack,all,n_benign,1791772.0
gnn_naive,permute,3,WebAttack,all,n_attack,103228.0
gnn_naive,permute,3,WebAttack,all,accuracy,0.9463493403693931
gnn_naive,permute,3,WebAttack,all,macro_f1,0.15018750360212207
gnn_naive,permute,3,WebAttack,all,fpr,7.255387404200981e-06
gnn_naive,permute,3,WebAttack,all,detection_rate,0.07047506490487077
gnn_naive,permute,3,WebAttack,all,binary_f1,0.13165514495638642
gnn_naive,random_src,3,WebAttack,task0,n,175000.0
gnn_naive,random_src,3,WebAttack,task0,n_benign,172109.0
gnn_naive,random_src,3,WebAttack,task0,n_attack,2891.0
gnn_naive,random_src,3,WebAttack,task0,accuracy,0.9812057142857142
gnn_naive,random_src,3,WebAttack,task0,macro_f1,0.4952568565750726
gnn_naive,random_src,3,WebAttack,task0,fpr,0.0023124880163152423
gnn_naive,random_src,3,WebAttack,task0,detection_rate,0.0
gnn_naive,random_src,3,WebAttack,task0,binary_f1,0.0
gnn_naive,random_src,3,WebAttack,task0,category_recall,0.0
gnn_naive,random_src,3,WebAttack,task1,n,385000.0
gnn_naive,random_src,3,WebAttack,task1,n_benign,331373.0
gnn_naive,random_src,3,WebAttack,task1,n_attack,53627.0
gnn_naive,random_src,3,WebAttack,task1,accuracy,0.8589688311688312
gnn_naive,random_src,3,WebAttack,task1,macro_f1,0.4620673659325167
gnn_naive,random_src,3,WebAttack,task1,fpr,0.0020218907394386385
gnn_naive,random_src,3,WebAttack,task1,detection_rate,0.0
gnn_naive,random_src,3,WebAttack,task1,binary_f1,0.0
gnn_naive,random_src,3,WebAttack,task1,category_recall,0.0
gnn_naive,random_src,3,WebAttack,task2,n,480000.0
gnn_naive,random_src,3,WebAttack,task2,n_benign,439090.0
gnn_naive,random_src,3,WebAttack,task2,n_attack,40910.0
gnn_naive,random_src,3,WebAttack,task2,accuracy,0.9129583333333333
gnn_naive,random_src,3,WebAttack,task2,macro_f1,0.3205356542872219
gnn_naive,random_src,3,WebAttack,task2,fpr,0.00199048031155344
gnn_naive,random_src,3,WebAttack,task2,detection_rate,0.0072842825714984115
gnn_naive,random_src,3,WebAttack,task2,binary_f1,0.014162824960790837
gnn_naive,random_src,3,WebAttack,task2,category_recall,0.0
gnn_naive,random_src,3,WebAttack,task3,n,270000.0
gnn_naive,random_src,3,WebAttack,task3,n_benign,269993.0
gnn_naive,random_src,3,WebAttack,task3,n_attack,7.0
gnn_naive,random_src,3,WebAttack,task3,accuracy,0.9978925925925926
gnn_naive,random_src,3,WebAttack,task3,macro_f1,0.511479439791981
gnn_naive,random_src,3,WebAttack,task3,fpr,0.0021074620453122857
gnn_naive,random_src,3,WebAttack,task3,detection_rate,1.0
gnn_naive,random_src,3,WebAttack,task3,binary_f1,0.024013722126929673
gnn_naive,random_src,3,WebAttack,task3,category_recall,1.0
gnn_naive,random_src,3,WebAttack,task4,n,395000.0
gnn_naive,random_src,3,WebAttack,task4,n_benign,393444.0
gnn_naive,random_src,3,WebAttack,task4,n_attack,1556.0
gnn_naive,random_src,3,WebAttack,task4,accuracy,0.9939341772151898
gnn_naive,random_src,3,WebAttack,task4,macro_f1,0.49847893103640917
gnn_naive,random_src,3,WebAttack,task4,fpr,0.0021349925275261535
gnn_naive,random_src,3,WebAttack,task4,detection_rate,0.0
gnn_naive,random_src,3,WebAttack,task4,binary_f1,0.0
gnn_naive,random_src,3,WebAttack,task4,category_recall,0.0
gnn_naive,random_src,3,WebAttack,task5,n,190000.0
gnn_naive,random_src,3,WebAttack,task5,n_benign,185763.0
gnn_naive,random_src,3,WebAttack,task5,n_attack,4237.0
gnn_naive,random_src,3,WebAttack,task5,accuracy,0.9763315789473684
gnn_naive,random_src,3,WebAttack,task5,macro_f1,0.4940120318612634
gnn_naive,random_src,3,WebAttack,task5,fpr,0.0013996328655329641
gnn_naive,random_src,3,WebAttack,task5,detection_rate,0.0
gnn_naive,random_src,3,WebAttack,task5,binary_f1,0.0
gnn_naive,random_src,3,WebAttack,task5,category_recall,0.0
gnn_naive,random_src,3,WebAttack,seen,n,1310000.0
gnn_naive,random_src,3,WebAttack,seen,n_benign,1212565.0
gnn_naive,random_src,3,WebAttack,seen,n_attack,97435.0
gnn_naive,random_src,3,WebAttack,seen,accuracy,0.9237137404580152
gnn_naive,random_src,3,WebAttack,seen,macro_f1,0.19364761661849977
gnn_naive,random_src,3,WebAttack,seen,fpr,0.0020708168221909755
gnn_naive,random_src,3,WebAttack,seen,detection_rate,0.0031302919895314827
gnn_naive,random_src,3,WebAttack,seen,binary_f1,0.006084727334390679
gnn_naive,random_src,3,WebAttack,all,n,1895000.0
gnn_naive,random_src,3,WebAttack,all,n_benign,1791772.0
gnn_naive,random_src,3,WebAttack,all,n_attack,103228.0
gnn_naive,random_src,3,WebAttack,all,accuracy,0.9436263852242744
gnn_naive,random_src,3,WebAttack,all,macro_f1,0.1395250334638816
gnn_naive,random_src,3,WebAttack,all,fpr,0.0020153233781976727
gnn_naive,random_src,3,WebAttack,all,detection_rate,0.002954624714224823
gnn_naive,random_src,3,WebAttack,all,binary_f1,0.0056932726050922125
gnn_naive,none,4,Infiltration,task0,n,175000.0
gnn_naive,none,4,Infiltration,task0,n_benign,172109.0
gnn_naive,none,4,Infiltration,task0,n_attack,2891.0
gnn_naive,none,4,Infiltration,task0,accuracy,0.9477885714285714
gnn_naive,none,4,Infiltration,task0,macro_f1,0.4865972546154907
gnn_naive,none,4,Infiltration,task0,fpr,0.03629095515051508
gnn_naive,none,4,Infiltration,task0,detection_rate,0.0
gnn_naive,none,4,Infiltration,task0,binary_f1,0.0
gnn_naive,none,4,Infiltration,task0,category_recall,0.0
gnn_naive,none,4,Infiltration,task1,n,385000.0
gnn_naive,none,4,Infiltration,task1,n_benign,331373.0
gnn_naive,none,4,Infiltration,task1,n_attack,53627.0
gnn_naive,none,4,Infiltration,task1,accuracy,0.8530675324675324
gnn_naive,none,4,Infiltration,task1,macro_f1,0.4603542599074052
gnn_naive,none,4,Infiltration,task1,fpr,0.00887821276929623
gnn_naive,none,4,Infiltration,task1,detection_rate,0.0
gnn_naive,none,4,Infiltration,task1,binary_f1,0.0
gnn_naive,none,4,Infiltration,task1,category_recall,0.0
gnn_naive,none,4,Infiltration,task2,n,480000.0
gnn_naive,none,4,Infiltration,task2,n_benign,439090.0
gnn_naive,none,4,Infiltration,task2,n_attack,40910.0
gnn_naive,none,4,Infiltration,task2,accuracy,0.9147708333333333
gnn_naive,none,4,Infiltration,task2,macro_f1,0.3185000056215697
gnn_naive,none,4,Infiltration,task2,fpr,0.0
gnn_naive,none,4,Infiltration,task2,detection_rate,0.0002688829137130286
gnn_naive,none,4,Infiltration,task2,binary_f1,0.0005376212702524376
gnn_naive,none,4,Infiltration,task2,category_recall,0.0
gnn_naive,none,4,Infiltration,task3,n,270000.0
gnn_naive,none,4,Infiltration,task3,n_benign,269993.0
gnn_naive,none,4,Infiltration,task3,n_attack,7.0
gnn_naive,none,4,Infiltration,task3,accuracy,0.9999666666666667
gnn_naive,none,4,Infiltration,task3,macro_f1,0.49999166652777544
gnn_naive,none,4,Infiltration,task3,fpr,7.4075994562822e-06
gnn_naive,none,4,Infiltration,task3,detection_rate,0.0
gnn_naive,none,4,Infiltration,task3,binary_f1,0.0
gnn_naive,none,4,Infiltration,task3,category_recall,0.0
gnn_naive,none,4,Infiltration,task4,n,395000.0
gnn_naive,none,4,Infiltration,task4,n_benign,393444.0
gnn_naive,none,4,Infiltration,task4,n_attack,1556.0
gnn_naive,none,4,Infiltration,task4,accuracy,0.9999493670886076
gnn_naive,none,4,Infiltration,task4,macro_f1,0.9967739241018911
gnn_naive,none,4,Infiltration,task4,fpr,2.5416577708644688e-05
gnn_naive,none,4,Infiltration,task4,detection_rate,0.993573264781491
gnn_naive,none,4,Infiltration,task4,binary_f1,0.993573264781491
gnn_naive,none,4,Infiltration,task4,category_recall,0.993573264781491
gnn_naive,none,4,Infiltration,task5,n,190000.0
gnn_naive,none,4,Infiltration,task5,n_benign,185763.0
gnn_naive,none,4,Infiltration,task5,n_attack,4237.0
gnn_naive,none,4,Infiltration,task5,accuracy,0.9776947368421053
gnn_naive,none,4,Infiltration,task5,macro_f1,0.49436079220357565
gnn_naive,none,4,Infiltration,task5,fpr,5.383203328972938e-06
gnn_naive,none,4,Infiltration,task5,detection_rate,0.0
gnn_naive,none,4,Infiltration,task5,binary_f1,0.0
gnn_naive,none,4,Infiltration,task5,category_recall,0.0
gnn_naive,none,4,Infiltration,seen,n,1705000.0
gnn_naive,none,4,Infiltration,seen,n_benign,1606009.0
gnn_naive,none,4,Infiltration,seen,n_attack,98991.0
gnn_naive,none,4,Infiltration,seen,accuracy,0.9374516129032258
gnn_naive,none,4,Infiltration,seen,macro_f1,0.20313430666040952
gnn_naive,none,4,Infiltration,seen,fpr,0.0057284859549354954
gnn_naive,none,4,Infiltration,seen,detection_rate,0.01572870260932812
gnn_naive,none,4,Infiltration,seen,binary_f1,0.028374093377555854
gnn_naive,none,4,Infiltration,all,n,1895000.0
gnn_naive,none,4,Infiltration,all,n_benign,1791772.0
gnn_naive,none,4,Infiltration,all,n_attack,103228.0
gnn_naive,none,4,Infiltration,all,accuracy,0.94148654353562
gnn_naive,none,4,Infiltration,all,macro_f1,0.1744193404847613
gnn_naive,none,4,Infiltration,all,fpr,0.005135139962004094
gnn_naive,none,4,Infiltration,all,detection_rate,0.015083116983764095
gnn_naive,none,4,Infiltration,all,binary_f1,0.027319144456336743
gnn_naive,permute,4,Infiltration,task0,n,175000.0
gnn_naive,permute,4,Infiltration,task0,n_benign,172109.0
gnn_naive,permute,4,Infiltration,task0,n_attack,2891.0
gnn_naive,permute,4,Infiltration,task0,accuracy,0.9477885714285714
gnn_naive,permute,4,Infiltration,task0,macro_f1,0.4865972546154907
gnn_naive,permute,4,Infiltration,task0,fpr,0.03629095515051508
gnn_naive,permute,4,Infiltration,task0,detection_rate,0.0
gnn_naive,permute,4,Infiltration,task0,binary_f1,0.0
gnn_naive,permute,4,Infiltration,task0,category_recall,0.0
gnn_naive,permute,4,Infiltration,task1,n,385000.0
gnn_naive,permute,4,Infiltration,task1,n_benign,331373.0
gnn_naive,permute,4,Infiltration,task1,n_attack,53627.0
gnn_naive,permute,4,Infiltration,task1,accuracy,0.8530675324675324
gnn_naive,permute,4,Infiltration,task1,macro_f1,0.4603542599074052
gnn_naive,permute,4,Infiltration,task1,fpr,0.00887821276929623
gnn_naive,permute,4,Infiltration,task1,detection_rate,0.0
gnn_naive,permute,4,Infiltration,task1,binary_f1,0.0
gnn_naive,permute,4,Infiltration,task1,category_recall,0.0
gnn_naive,permute,4,Infiltration,task2,n,480000.0
gnn_naive,permute,4,Infiltration,task2,n_benign,439090.0
gnn_naive,permute,4,Infiltration,task2,n_attack,40910.0
gnn_naive,permute,4,Infiltration,task2,accuracy,0.9147708333333333
gnn_naive,permute,4,Infiltration,task2,macro_f1,0.3185000056215697
gnn_naive,permute,4,Infiltration,task2,fpr,0.0
gnn_naive,permute,4,Infiltration,task2,detection_rate,0.0002688829137130286
gnn_naive,permute,4,Infiltration,task2,binary_f1,0.0005376212702524376
gnn_naive,permute,4,Infiltration,task2,category_recall,0.0
gnn_naive,permute,4,Infiltration,task3,n,270000.0
gnn_naive,permute,4,Infiltration,task3,n_benign,269993.0
gnn_naive,permute,4,Infiltration,task3,n_attack,7.0
gnn_naive,permute,4,Infiltration,task3,accuracy,0.9999666666666667
gnn_naive,permute,4,Infiltration,task3,macro_f1,0.49999166652777544
gnn_naive,permute,4,Infiltration,task3,fpr,7.4075994562822e-06
gnn_naive,permute,4,Infiltration,task3,detection_rate,0.0
gnn_naive,permute,4,Infiltration,task3,binary_f1,0.0
gnn_naive,permute,4,Infiltration,task3,category_recall,0.0
gnn_naive,permute,4,Infiltration,task4,n,395000.0
gnn_naive,permute,4,Infiltration,task4,n_benign,393444.0
gnn_naive,permute,4,Infiltration,task4,n_attack,1556.0
gnn_naive,permute,4,Infiltration,task4,accuracy,0.9999493670886076
gnn_naive,permute,4,Infiltration,task4,macro_f1,0.9967739241018911
gnn_naive,permute,4,Infiltration,task4,fpr,2.5416577708644688e-05
gnn_naive,permute,4,Infiltration,task4,detection_rate,0.993573264781491
gnn_naive,permute,4,Infiltration,task4,binary_f1,0.993573264781491
gnn_naive,permute,4,Infiltration,task4,category_recall,0.993573264781491
gnn_naive,permute,4,Infiltration,task5,n,190000.0
gnn_naive,permute,4,Infiltration,task5,n_benign,185763.0
gnn_naive,permute,4,Infiltration,task5,n_attack,4237.0
gnn_naive,permute,4,Infiltration,task5,accuracy,0.9776947368421053
gnn_naive,permute,4,Infiltration,task5,macro_f1,0.49436079220357565
gnn_naive,permute,4,Infiltration,task5,fpr,5.383203328972938e-06
gnn_naive,permute,4,Infiltration,task5,detection_rate,0.0
gnn_naive,permute,4,Infiltration,task5,binary_f1,0.0
gnn_naive,permute,4,Infiltration,task5,category_recall,0.0
gnn_naive,permute,4,Infiltration,seen,n,1705000.0
gnn_naive,permute,4,Infiltration,seen,n_benign,1606009.0
gnn_naive,permute,4,Infiltration,seen,n_attack,98991.0
gnn_naive,permute,4,Infiltration,seen,accuracy,0.9374516129032258
gnn_naive,permute,4,Infiltration,seen,macro_f1,0.20313430666040952
gnn_naive,permute,4,Infiltration,seen,fpr,0.0057284859549354954
gnn_naive,permute,4,Infiltration,seen,detection_rate,0.01572870260932812
gnn_naive,permute,4,Infiltration,seen,binary_f1,0.028374093377555854
gnn_naive,permute,4,Infiltration,all,n,1895000.0
gnn_naive,permute,4,Infiltration,all,n_benign,1791772.0
gnn_naive,permute,4,Infiltration,all,n_attack,103228.0
gnn_naive,permute,4,Infiltration,all,accuracy,0.94148654353562
gnn_naive,permute,4,Infiltration,all,macro_f1,0.1744193404847613
gnn_naive,permute,4,Infiltration,all,fpr,0.005135139962004094
gnn_naive,permute,4,Infiltration,all,detection_rate,0.015083116983764095
gnn_naive,permute,4,Infiltration,all,binary_f1,0.027319144456336743
gnn_naive,random_src,4,Infiltration,task0,n,175000.0
gnn_naive,random_src,4,Infiltration,task0,n_benign,172109.0
gnn_naive,random_src,4,Infiltration,task0,n_attack,2891.0
gnn_naive,random_src,4,Infiltration,task0,accuracy,0.9524285714285714
gnn_naive,random_src,4,Infiltration,task0,macro_f1,0.4878173703080413
gnn_naive,random_src,4,Infiltration,task0,fpr,0.031573014775520165
gnn_naive,random_src,4,Infiltration,task0,detection_rate,0.0
gnn_naive,random_src,4,Infiltration,task0,binary_f1,0.0
gnn_naive,random_src,4,Infiltration,task0,category_recall,0.0
gnn_naive,random_src,4,Infiltration,task1,n,385000.0
gnn_naive,random_src,4,Infiltration,task1,n_benign,331373.0
gnn_naive,random_src,4,Infiltration,task1,n_attack,53627.0
gnn_naive,random_src,4,Infiltration,task1,accuracy,0.8541844155844156
gnn_naive,random_src,4,Infiltration,task1,macro_f1,0.46068448265959516
gnn_naive,random_src,4,Infiltration,task1,fpr,0.007580581399208746
gnn_naive,random_src,4,Infiltration,task1,detection_rate,0.00014917858541406382
gnn_naive,random_src,4,Infiltration,task1,binary_f1,0.00028496624930984734
gnn_naive,random_src,4,Infiltration,task1,category_recall,0.0
gnn_naive,random_src,4,Infiltration,task2,n,480000.0
gnn_naive,random_src,4,Infiltration,task2,n_benign,439090.0
gnn_naive,random_src,4,Infiltration,task2,n_attack,40910.0
gnn_naive,random_src,4,Infiltration,task2,accuracy,0.9147708333333333
gnn_naive,random_src,4,Infiltration,task2,macro_f1,0.3184961936988398
gnn_naive,random_src,4,Infiltration,task2,fpr,0.0
gnn_naive,random_src,4,Infiltration,task2,detection_rate,0.0
gnn_naive,random_src,4,Infiltration,task2,binary_f1,0.0
gnn_naive,random_src,4,Infiltration,task2,category_recall,0.0
gnn_naive,random_src,4,Infiltration,task3,n,270000.0
gnn_naive,random_src,4,Infiltration,task3,n_benign,269993.0
gnn_naive,random_src,4,Infiltration,task3,n_attack,7.0
gnn_naive,random_src,4,Infiltration,task3,accuracy,0.9999740740740741
gnn_naive,random_src,4,Infiltration,task3,macro_f1,0.49999351843449824
gnn_naive,random_src,4,Infiltration,task3,fpr,0.0
gnn_naive,random_src,4,Infiltration,task3,detection_rate,0.0
gnn_naive,random_src,4,Infiltration,task3,binary_f1,0.0
gnn_naive,random_src,4,Infiltration,task3,category_recall,0.0
gnn_naive,random_src,4,Infiltration,task4,n,395000.0
gnn_naive,random_src,4,Infiltration,task4,n_benign,393444.0
gnn_naive,random_src,4,Infiltration,task4,n_attack,1556.0
gnn_naive,random_src,4,Infiltration,task4,accuracy,0.9961291139240507
gnn_naive,random_src,4,Infiltration,task4,macro_f1,0.5160865578322843
gnn_naive,random_src,4,Infiltration,task4,fpr,0.0
gnn_naive,random_src,4,Infiltration,task4,detection_rate,0.017352185089974295
gnn_naive,random_src,4,Infiltration,task4,binary_f1,0.034112444725205304
gnn_naive,random_src,4,Infiltration,task4,category_recall,0.017352185089974295
gnn_naive,random_src,4,Infiltration,task5,n,190000.0
gnn_naive,random_src,4,Infiltration,task5,n_benign,185763.0
gnn_naive,random_src,4,Infiltration,task5,n_attack,4237.0
gnn_naive,random_src,4,Infiltration,task5,accuracy,0.9777
gnn_naive,random_src,4,Infiltration,task5,macro_f1,0.4943621378368812
gnn_naive,random_src,4,Infiltration,task5,fpr,0.0
gnn_naive,random_src,4,Infiltration,task5,detection_rate,0.0
gnn_naive,random_src,4,Infiltration,task5,binary_f1,0.0
gnn_naive,random_src,4,Infiltration,task5,category_recall,0.0
gnn_naive,random_src,4,Infiltration,seen,n,1705000.0
gnn_naive,random_src,4,Infiltration,seen,n_benign,1606009.0
gnn_naive,random_src,4,Infiltration,seen,n_attack,98991.0
gnn_naive,random_src,4,Infiltration,seen,accuracy,0.9372961876832845
gnn_naive,random_src,4,Infiltration,seen,macro_f1,0.16221621827615054
gnn_naive,random_src,4,Infiltration,seen,fpr,0.0049476684128171135
gnn_naive,random_src,4,Infiltration,seen,detection_rate,0.0003535674960349931
gnn_naive,random_src,4,Infiltration,seen,binary_f1,0.0006543768462775306
gnn_naive,random_src,4,Infiltration,all,n,1895000.0
gnn_naive,random_src,4,Infiltration,all,n_benign,1791772.0
gnn_naive,random_src,4,Infiltration,all,n_attack,103228.0
gnn_naive,random_src,4,Infiltration,all,accuracy,0.9413472295514512
gnn_naive,random_src,4,Infiltration,all,macro_f1,0.1393502024972196
gnn_naive,random_src,4,Infiltration,all,fpr,0.004434716024137
gnn_naive,random_src,4,Infiltration,all,detection_rate,0.00033905529507497964
gnn_naive,random_src,4,Infiltration,all,binary_f1,0.0006294454585510166
gnn_naive,none,5,Botnet,task0,n,175000.0
gnn_naive,none,5,Botnet,task0,n_benign,172109.0
gnn_naive,none,5,Botnet,task0,n_attack,2891.0
gnn_naive,none,5,Botnet,task0,accuracy,0.9477942857142857
gnn_naive,none,5,Botnet,task0,macro_f1,0.48659876079609465
gnn_naive,none,5,Botnet,task0,fpr,0.036285144879117305
gnn_naive,none,5,Botnet,task0,detection_rate,0.0
gnn_naive,none,5,Botnet,task0,binary_f1,0.0
gnn_naive,none,5,Botnet,task0,category_recall,0.0
gnn_naive,none,5,Botnet,task1,n,385000.0
gnn_naive,none,5,Botnet,task1,n_benign,331373.0
gnn_naive,none,5,Botnet,task1,n_attack,53627.0
gnn_naive,none,5,Botnet,task1,accuracy,0.8530779220779221
gnn_naive,none,5,Botnet,task1,macro_f1,0.46035728552706273
gnn_naive,none,5,Botnet,task1,fpr,0.008866141779807045
gnn_naive,none,5,Botnet,task1,detection_rate,0.0
gnn_naive,none,5,Botnet,task1,binary_f1,0.0
gnn_naive,none,5,Botnet,task1,category_recall,0.0
gnn_naive,none,5,Botnet,task2,n,480000.0
gnn_naive,none,5,Botnet,task2,n_benign,439090.0
gnn_naive,none,5,Botnet,task2,n_attack,40910.0
gnn_naive,none,5,Botnet,task2,accuracy,0.9147708333333333
gnn_naive,none,5,Botnet,task2,macro_f1,0.3184961936988398
gnn_naive,none,5,Botnet,task2,fpr,0.0
gnn_naive,none,5,Botnet,task2,detection_rate,0.0
gnn_naive,none,5,Botnet,task2,binary_f1,0.0
gnn_naive,none,5,Botnet,task2,category_recall,0.0
gnn_naive,none,5,Botnet,task3,n,270000.0
gnn_naive,none,5,Botnet,task3,n_benign,269993.0
gnn_naive,none,5,Botnet,task3,n_attack,7.0
gnn_naive,none,5,Botnet,task3,accuracy,0.9999740740740741
gnn_naive,none,5,Botnet,task3,macro_f1,0.49999351843449824
gnn_naive,none,5,Botnet,task3,fpr,0.0
gnn_naive,none,5,Botnet,task3,detection_rate,0.0
gnn_naive,none,5,Botnet,task3,binary_f1,0.0
gnn_naive,none,5,Botnet,task3,category_recall,0.0
gnn_naive,none,5,Botnet,task4,n,395000.0
gnn_naive,none,5,Botnet,task4,n_benign,393444.0
gnn_naive,none,5,Botnet,task4,n_attack,1556.0
gnn_naive,none,5,Botnet,task4,accuracy,0.9992658227848101
gnn_naive,none,5,Botnet,task4,macro_f1,0.9486462605766268
gnn_naive,none,5,Botnet,task4,fpr,2.5416577708644688e-06
gnn_naive,none,5,Botnet,task4,detection_rate,0.8316195372750642
gnn_naive,none,5,Botnet,task4,binary_f1,0.9077516660820765
gnn_naive,none,5,Botnet,task4,category_recall,0.8142673521850899
gnn_naive,none,5,Botnet,task5,n,190000.0
gnn_naive,none,5,Botnet,task5,n_benign,185763.0
gnn_naive,none,5,Botnet,task5,n_attack,4237.0
gnn_naive,none,5,Botnet,task5,accuracy,0.9999894736842105
gnn_naive,none,5,Botnet,task5,macro_f1,0.9998793282045162
gnn_naive,none,5,Botnet,task5,fpr,1.0766406657945876e-05
gnn_naive,none,5,Botnet,task5,detection_rate,1.0
gnn_naive,none,5,Botnet,task5,binary_f1,0.9997640396413403
gnn_naive,none,5,Botnet,task5,category_recall,1.0
gnn_naive,none,5,Botnet,seen,n,1895000.0
gnn_naive,none,5,Botnet,seen,n_benign,1791772.0
gnn_naive,none,5,Botnet,seen,n_attack,103228.0
gnn_naive,none,5,Botnet,seen,accuracy,0.9435831134564644
gnn_naive,none,5,Botnet,seen,macro_f1,0.31120374994558764
gnn_naive,none,5,Botnet,seen,fpr,0.005126768361153093
gnn_naive,none,5,Botnet,seen,detection_rate,0.053580423915991784
gnn_naive,none,5,Botnet,seen,binary_f1,0.09378947814659375
gnn_naive,none,5,Botnet,all,n,1895000.0
gnn_naive,none,5,Botnet,all,n_benign,1791772.0
gnn_naive,none,5,Botnet,all,n_attack,103228.0
gnn_naive,none,5,Botnet,all,accuracy,0.9435831134564644
gnn_naive,none,5,Botnet,all,macro_f1,0.31120374994558764
gnn_naive,none,5,Botnet,all,fpr,0.005126768361153093
gnn_naive,none,5,Botnet,all,detection_rate,0.053580423915991784
gnn_naive,none,5,Botnet,all,binary_f1,0.09378947814659375
gnn_naive,permute,5,Botnet,task0,n,175000.0
gnn_naive,permute,5,Botnet,task0,n_benign,172109.0
gnn_naive,permute,5,Botnet,task0,n_attack,2891.0
gnn_naive,permute,5,Botnet,task0,accuracy,0.9477942857142857
gnn_naive,permute,5,Botnet,task0,macro_f1,0.48659876079609465
gnn_naive,permute,5,Botnet,task0,fpr,0.036285144879117305
gnn_naive,permute,5,Botnet,task0,detection_rate,0.0
gnn_naive,permute,5,Botnet,task0,binary_f1,0.0
gnn_naive,permute,5,Botnet,task0,category_recall,0.0
gnn_naive,permute,5,Botnet,task1,n,385000.0
gnn_naive,permute,5,Botnet,task1,n_benign,331373.0
gnn_naive,permute,5,Botnet,task1,n_attack,53627.0
gnn_naive,permute,5,Botnet,task1,accuracy,0.8530779220779221
gnn_naive,permute,5,Botnet,task1,macro_f1,0.46035728552706273
gnn_naive,permute,5,Botnet,task1,fpr,0.008866141779807045
gnn_naive,permute,5,Botnet,task1,detection_rate,0.0
gnn_naive,permute,5,Botnet,task1,binary_f1,0.0
gnn_naive,permute,5,Botnet,task1,category_recall,0.0
gnn_naive,permute,5,Botnet,task2,n,480000.0
gnn_naive,permute,5,Botnet,task2,n_benign,439090.0
gnn_naive,permute,5,Botnet,task2,n_attack,40910.0
gnn_naive,permute,5,Botnet,task2,accuracy,0.9147708333333333
gnn_naive,permute,5,Botnet,task2,macro_f1,0.3184961936988398
gnn_naive,permute,5,Botnet,task2,fpr,0.0
gnn_naive,permute,5,Botnet,task2,detection_rate,0.0
gnn_naive,permute,5,Botnet,task2,binary_f1,0.0
gnn_naive,permute,5,Botnet,task2,category_recall,0.0
gnn_naive,permute,5,Botnet,task3,n,270000.0
gnn_naive,permute,5,Botnet,task3,n_benign,269993.0
gnn_naive,permute,5,Botnet,task3,n_attack,7.0
gnn_naive,permute,5,Botnet,task3,accuracy,0.9999740740740741
gnn_naive,permute,5,Botnet,task3,macro_f1,0.49999351843449824
gnn_naive,permute,5,Botnet,task3,fpr,0.0
gnn_naive,permute,5,Botnet,task3,detection_rate,0.0
gnn_naive,permute,5,Botnet,task3,binary_f1,0.0
gnn_naive,permute,5,Botnet,task3,category_recall,0.0
gnn_naive,permute,5,Botnet,task4,n,395000.0
gnn_naive,permute,5,Botnet,task4,n_benign,393444.0
gnn_naive,permute,5,Botnet,task4,n_attack,1556.0
gnn_naive,permute,5,Botnet,task4,accuracy,0.9992658227848101
gnn_naive,permute,5,Botnet,task4,macro_f1,0.9486462605766268
gnn_naive,permute,5,Botnet,task4,fpr,2.5416577708644688e-06
gnn_naive,permute,5,Botnet,task4,detection_rate,0.8316195372750642
gnn_naive,permute,5,Botnet,task4,binary_f1,0.9077516660820765
gnn_naive,permute,5,Botnet,task4,category_recall,0.8142673521850899
gnn_naive,permute,5,Botnet,task5,n,190000.0
gnn_naive,permute,5,Botnet,task5,n_benign,185763.0
gnn_naive,permute,5,Botnet,task5,n_attack,4237.0
gnn_naive,permute,5,Botnet,task5,accuracy,0.9999894736842105
gnn_naive,permute,5,Botnet,task5,macro_f1,0.9998793282045162
gnn_naive,permute,5,Botnet,task5,fpr,1.0766406657945876e-05
gnn_naive,permute,5,Botnet,task5,detection_rate,1.0
gnn_naive,permute,5,Botnet,task5,binary_f1,0.9997640396413403
gnn_naive,permute,5,Botnet,task5,category_recall,1.0
gnn_naive,permute,5,Botnet,seen,n,1895000.0
gnn_naive,permute,5,Botnet,seen,n_benign,1791772.0
gnn_naive,permute,5,Botnet,seen,n_attack,103228.0
gnn_naive,permute,5,Botnet,seen,accuracy,0.9435831134564644
gnn_naive,permute,5,Botnet,seen,macro_f1,0.31120374994558764
gnn_naive,permute,5,Botnet,seen,fpr,0.005126768361153093
gnn_naive,permute,5,Botnet,seen,detection_rate,0.053580423915991784
gnn_naive,permute,5,Botnet,seen,binary_f1,0.09378947814659375
gnn_naive,permute,5,Botnet,all,n,1895000.0
gnn_naive,permute,5,Botnet,all,n_benign,1791772.0
gnn_naive,permute,5,Botnet,all,n_attack,103228.0
gnn_naive,permute,5,Botnet,all,accuracy,0.9435831134564644
gnn_naive,permute,5,Botnet,all,macro_f1,0.31120374994558764
gnn_naive,permute,5,Botnet,all,fpr,0.005126768361153093
gnn_naive,permute,5,Botnet,all,detection_rate,0.053580423915991784
gnn_naive,permute,5,Botnet,all,binary_f1,0.09378947814659375
gnn_naive,random_src,5,Botnet,task0,n,175000.0
gnn_naive,random_src,5,Botnet,task0,n_benign,172109.0
gnn_naive,random_src,5,Botnet,task0,n_attack,2891.0
gnn_naive,random_src,5,Botnet,task0,accuracy,0.98348
gnn_naive,random_src,5,Botnet,task0,macro_f1,0.495835602073124
gnn_naive,random_src,5,Botnet,task0,fpr,0.0
gnn_naive,random_src,5,Botnet,task0,detection_rate,0.0
gnn_naive,random_src,5,Botnet,task0,binary_f1,0.0
gnn_naive,random_src,5,Botnet,task0,category_recall,0.0
gnn_naive,random_src,5,Botnet,task1,n,385000.0
gnn_naive,random_src,5,Botnet,task1,n_benign,331373.0
gnn_naive,random_src,5,Botnet,task1,n_attack,53627.0
gnn_naive,random_src,5,Botnet,task1,accuracy,0.8607090909090909
gnn_naive,random_src,5,Botnet,task1,macro_f1,0.4625704765534156
gnn_naive,random_src,5,Botnet,task1,fpr,0.0
gnn_naive,random_src,5,Botnet,task1,detection_rate,0.0
gnn_naive,random_src,5,Botnet,task1,binary_f1,0.0
gnn_naive,random_src,5,Botnet,task1,category_recall,0.0
gnn_naive,random_src,5,Botnet,task2,n,480000.0
gnn_naive,random_src,5,Botnet,task2,n_benign,439090.0
gnn_naive,random_src,5,Botnet,task2,n_attack,40910.0
gnn_naive,random_src,5,Botnet,task2,accuracy,0.9147708333333333
gnn_naive,random_src,5,Botnet,task2,macro_f1,0.3184961936988398
gnn_naive,random_src,5,Botnet,task2,fpr,0.0
gnn_naive,random_src,5,Botnet,task2,detection_rate,0.0
gnn_naive,random_src,5,Botnet,task2,binary_f1,0.0
gnn_naive,random_src,5,Botnet,task2,category_recall,0.0
gnn_naive,random_src,5,Botnet,task3,n,270000.0
gnn_naive,random_src,5,Botnet,task3,n_benign,269993.0
gnn_naive,random_src,5,Botnet,task3,n_attack,7.0
gnn_naive,random_src,5,Botnet,task3,accuracy,0.9999740740740741
gnn_naive,random_src,5,Botnet,task3,macro_f1,0.49999351843449824
gnn_naive,random_src,5,Botnet,task3,fpr,0.0
gnn_naive,random_src,5,Botnet,task3,detection_rate,0.0
gnn_naive,random_src,5,Botnet,task3,binary_f1,0.0
gnn_naive,random_src,5,Botnet,task3,category_recall,0.0
gnn_naive,random_src,5,Botnet,task4,n,395000.0
gnn_naive,random_src,5,Botnet,task4,n_benign,393444.0
gnn_naive,random_src,5,Botnet,task4,n_attack,1556.0
gnn_naive,random_src,5,Botnet,task4,accuracy,0.9960607594936709
gnn_naive,random_src,5,Botnet,task4,macro_f1,0.4990164109081362
gnn_naive,random_src,5,Botnet,task4,fpr,0.0
gnn_naive,random_src,5,Botnet,task4,detection_rate,0.003213367609254499
gnn_naive,random_src,5,Botnet,task4,binary_f1,0.0064061499039077515
gnn_naive,random_src,5,Botnet,task4,category_recall,0.0
gnn_naive,random_src,5,Botnet,task5,n,190000.0
gnn_naive,random_src,5,Botnet,task5,n_benign,185763.0
gnn_naive,random_src,5,Botnet,task5,n_attack,4237.0
gnn_naive,random_src,5,Botnet,task5,accuracy,0.9985315789473684
gnn_naive,random_src,5,Botnet,task5,macro_f1,0.9826022285836277
gnn_naive,random_src,5,Botnet,task5,fpr,0.0
gnn_naive,random_src,5,Botnet,task5,detection_rate,0.9341515223035166
gnn_naive,random_src,5,Botnet,task5,binary_f1,0.9659548505186089
gnn_naive,random_src,5,Botnet,task5,category_recall,0.9341515223035166
gnn_naive,random_src,5,Botnet,seen,n,1895000.0
gnn_naive,random_src,5,Botnet,seen,n_benign,1791772.0
gnn_naive,random_src,5,Botnet,seen,n_attack,103228.0
gnn_naive,random_src,5,Botnet,seen,accuracy,0.9476147757255937
gnn_naive,random_src,5,Botnet,seen,macro_f1,0.27691603471101783
gnn_naive,random_src,5,Botnet,seen,fpr,0.0
gnn_naive,random_src,5,Botnet,seen,detection_rate,0.0383907466966327
gnn_naive,random_src,5,Botnet,seen,binary_f1,0.07394277504641247
gnn_naive,random_src,5,Botnet,all,n,1895000.0
gnn_naive,random_src,5,Botnet,all,n_benign,1791772.0
gnn_naive,random_src,5,Botnet,all,n_attack,103228.0
gnn_naive,random_src,5,Botnet,all,accuracy,0.9476147757255937
gnn_naive,random_src,5,Botnet,all,macro_f1,0.27691603471101783
gnn_naive,random_src,5,Botnet,all,fpr,0.0
gnn_naive,random_src,5,Botnet,all,detection_rate,0.0383907466966327
gnn_naive,random_src,5,Botnet,all,binary_f1,0.07394277504641247
ffnn_ewc_replay,none,0,BruteForce,task0,n,175000.0
ffnn_ewc_replay,none,0,BruteForce,task0,n_benign,172109.0
ffnn_ewc_replay,none,0,BruteForce,task0,n_attack,2891.0
ffnn_ewc_replay,none,0,BruteForce,task0,accuracy,1.0
ffnn_ewc_replay,none,0,BruteForce,task0,macro_f1,1.0
ffnn_ewc_replay,none,0,BruteForce,task0,fpr,0.0
ffnn_ewc_replay,none,0,BruteForce,task0,detection_rate,1.0
ffnn_ewc_replay,none,0,BruteForce,task0,binary_f1,1.0
ffnn_ewc_replay,none,0,BruteForce,task0,category_recall,1.0
ffnn_ewc_replay,none,0,BruteForce,task1,n,385000.0
ffnn_ewc_replay,none,0,BruteForce,task1,n_benign,331373.0
ffnn_ewc_replay,none,0,BruteForce,task1,n_attack,53627.0
ffnn_ewc_replay,none,0,BruteForce,task1,accuracy,0.8607090909090909
ffnn_ewc_replay,none,0,BruteForce,task1,macro_f1,0.4625704765534156
ffnn_ewc_replay,none,0,BruteForce,task1,fpr,0.0
ffnn_ewc_replay,none,0,BruteForce,task1,detection_rate,0.0
ffnn_ewc_replay,none,0,BruteForce,task1,binary_f1,0.0
ffnn_ewc_replay,none,0,BruteForce,task1,category_recall,0.0
ffnn_ewc_replay,none,0,BruteForce,task2,n,480000.0
ffnn_ewc_replay,none,0,BruteForce,task2,n_benign,439090.0
ffnn_ewc_replay,none,0,BruteForce,task2,n_attack,40910.0
ffnn_ewc_replay,none,0,BruteForce,task2,accuracy,0.9147708333333333
ffnn_ewc_replay,none,0,BruteForce,task2,macro_f1,0.3184961936988398
ffnn_ewc_replay,none,0,BruteForce,task2,fpr,0.0
ffnn_ewc_replay,none,0,BruteForce,task2,detection_rate,0.0
ffnn_ewc_replay,none,0,BruteForce,task2,binary_f1,0.0
ffnn_ewc_replay,none,0,BruteForce,task2,category_recall,0.0
ffnn_ewc_replay,none,0,BruteForce,task3,n,270000.0
ffnn_ewc_replay,none,0,BruteForce,task3,n_benign,269993.0
ffnn_ewc_replay,none,0,BruteForce,task3,n_attack,7.0
ffnn_ewc_replay,none,0,BruteForce,task3,accuracy,0.9999740740740741
ffnn_ewc_replay,none,0,BruteForce,task3,macro_f1,0.49999351843449824
ffnn_ewc_replay,none,0,BruteForce,task3,fpr,0.0
ffnn_ewc_replay,none,0,BruteForce,task3,detection_rate,0.0
ffnn_ewc_replay,none,0,BruteForce,task3,binary_f1,0.0
ffnn_ewc_replay,none,0,BruteForce,task3,category_recall,0.0
ffnn_ewc_replay,none,0,BruteForce,task4,n,395000.0
ffnn_ewc_replay,none,0,BruteForce,task4,n_benign,393444.0
ffnn_ewc_replay,none,0,BruteForce,task4,n_attack,1556.0
ffnn_ewc_replay,none,0,BruteForce,task4,accuracy,0.9960607594936709
ffnn_ewc_replay,none,0,BruteForce,task4,macro_f1,0.49901324634343086
ffnn_ewc_replay,none,0,BruteForce,task4,fpr,0.0
ffnn_ewc_replay,none,0,BruteForce,task4,detection_rate,0.0
ffnn_ewc_replay,none,0,BruteForce,task4,binary_f1,0.0
ffnn_ewc_replay,none,0,BruteForce,task4,category_recall,0.0
ffnn_ewc_replay,none,0,BruteForce,task5,n,190000.0
ffnn_ewc_replay,none,0,BruteForce,task5,n_benign,185763.0
ffnn_ewc_replay,none,0,BruteForce,task5,n_attack,4237.0
ffnn_ewc_replay,none,0,BruteForce,task5,accuracy,0.9777
ffnn_ewc_replay,none,0,BruteForce,task5,macro_f1,0.4943621378368812
ffnn_ewc_replay,none,0,BruteForce,task5,fpr,0.0
ffnn_ewc_replay,none,0,BruteForce,task5,detection_rate,0.0
ffnn_ewc_replay,none,0,BruteForce,task5,binary_f1,0.0
ffnn_ewc_replay,none,0,BruteForce,task5,category_recall,0.0
ffnn_ewc_replay,none,0,BruteForce,seen,n,175000.0
ffnn_ewc_replay,none,0,BruteForce,seen,n_benign,172109.0
ffnn_ewc_replay,none,0,BruteForce,seen,n_attack,2891.0
ffnn_ewc_replay,none,0,BruteForce,seen,accuracy,1.0
ffnn_ewc_replay,none,0,BruteForce,seen,macro_f1,1.0
ffnn_ewc_replay,none,0,BruteForce,seen,fpr,0.0
ffnn_ewc_replay,none,0,BruteForce,seen,detection_rate,1.0
ffnn_ewc_replay,none,0,BruteForce,seen,binary_f1,1.0
ffnn_ewc_replay,none,0,BruteForce,all,n,1895000.0
ffnn_ewc_replay,none,0,BruteForce,all,n_benign,1791772.0
ffnn_ewc_replay,none,0,BruteForce,all,n_attack,103228.0
ffnn_ewc_replay,none,0,BruteForce,all,accuracy,0.9470517150395779
ffnn_ewc_replay,none,0,BruteForce,all,macro_f1,0.2818233193277881
ffnn_ewc_replay,none,0,BruteForce,all,fpr,0.0
ffnn_ewc_replay,none,0,BruteForce,all,detection_rate,0.02800596737319332
ffnn_ewc_replay,none,0,BruteForce,all,binary_f1,0.05448600156428161
ffnn_ewc_replay,permute,0,BruteForce,task0,n,175000.0
ffnn_ewc_replay,permute,0,BruteForce,task0,n_benign,172109.0
ffnn_ewc_replay,permute,0,BruteForce,task0,n_attack,2891.0
ffnn_ewc_replay,permute,0,BruteForce,task0,accuracy,1.0
ffnn_ewc_replay,permute,0,BruteForce,task0,macro_f1,1.0
ffnn_ewc_replay,permute,0,BruteForce,task0,fpr,0.0
ffnn_ewc_replay,permute,0,BruteForce,task0,detection_rate,1.0
ffnn_ewc_replay,permute,0,BruteForce,task0,binary_f1,1.0
ffnn_ewc_replay,permute,0,BruteForce,task0,category_recall,1.0
ffnn_ewc_replay,permute,0,BruteForce,task1,n,385000.0
ffnn_ewc_replay,permute,0,BruteForce,task1,n_benign,331373.0
ffnn_ewc_replay,permute,0,BruteForce,task1,n_attack,53627.0
ffnn_ewc_replay,permute,0,BruteForce,task1,accuracy,0.8607090909090909
ffnn_ewc_replay,permute,0,BruteForce,task1,macro_f1,0.4625704765534156
ffnn_ewc_replay,permute,0,BruteForce,task1,fpr,0.0
ffnn_ewc_replay,permute,0,BruteForce,task1,detection_rate,0.0
ffnn_ewc_replay,permute,0,BruteForce,task1,binary_f1,0.0
ffnn_ewc_replay,permute,0,BruteForce,task1,category_recall,0.0
ffnn_ewc_replay,permute,0,BruteForce,task2,n,480000.0
ffnn_ewc_replay,permute,0,BruteForce,task2,n_benign,439090.0
ffnn_ewc_replay,permute,0,BruteForce,task2,n_attack,40910.0
ffnn_ewc_replay,permute,0,BruteForce,task2,accuracy,0.9147708333333333
ffnn_ewc_replay,permute,0,BruteForce,task2,macro_f1,0.3184961936988398
ffnn_ewc_replay,permute,0,BruteForce,task2,fpr,0.0
ffnn_ewc_replay,permute,0,BruteForce,task2,detection_rate,0.0
ffnn_ewc_replay,permute,0,BruteForce,task2,binary_f1,0.0
ffnn_ewc_replay,permute,0,BruteForce,task2,category_recall,0.0
ffnn_ewc_replay,permute,0,BruteForce,task3,n,270000.0
ffnn_ewc_replay,permute,0,BruteForce,task3,n_benign,269993.0
ffnn_ewc_replay,permute,0,BruteForce,task3,n_attack,7.0
ffnn_ewc_replay,permute,0,BruteForce,task3,accuracy,0.9999740740740741
ffnn_ewc_replay,permute,0,BruteForce,task3,macro_f1,0.49999351843449824
ffnn_ewc_replay,permute,0,BruteForce,task3,fpr,0.0
ffnn_ewc_replay,permute,0,BruteForce,task3,detection_rate,0.0
ffnn_ewc_replay,permute,0,BruteForce,task3,binary_f1,0.0
ffnn_ewc_replay,permute,0,BruteForce,task3,category_recall,0.0
ffnn_ewc_replay,permute,0,BruteForce,task4,n,395000.0
ffnn_ewc_replay,permute,0,BruteForce,task4,n_benign,393444.0
ffnn_ewc_replay,permute,0,BruteForce,task4,n_attack,1556.0
ffnn_ewc_replay,permute,0,BruteForce,task4,accuracy,0.9960607594936709
ffnn_ewc_replay,permute,0,BruteForce,task4,macro_f1,0.49901324634343086
ffnn_ewc_replay,permute,0,BruteForce,task4,fpr,0.0
ffnn_ewc_replay,permute,0,BruteForce,task4,detection_rate,0.0
ffnn_ewc_replay,permute,0,BruteForce,task4,binary_f1,0.0
ffnn_ewc_replay,permute,0,BruteForce,task4,category_recall,0.0
ffnn_ewc_replay,permute,0,BruteForce,task5,n,190000.0
ffnn_ewc_replay,permute,0,BruteForce,task5,n_benign,185763.0
ffnn_ewc_replay,permute,0,BruteForce,task5,n_attack,4237.0
ffnn_ewc_replay,permute,0,BruteForce,task5,accuracy,0.9777
ffnn_ewc_replay,permute,0,BruteForce,task5,macro_f1,0.4943621378368812
ffnn_ewc_replay,permute,0,BruteForce,task5,fpr,0.0
ffnn_ewc_replay,permute,0,BruteForce,task5,detection_rate,0.0
ffnn_ewc_replay,permute,0,BruteForce,task5,binary_f1,0.0
ffnn_ewc_replay,permute,0,BruteForce,task5,category_recall,0.0
ffnn_ewc_replay,permute,0,BruteForce,seen,n,175000.0
ffnn_ewc_replay,permute,0,BruteForce,seen,n_benign,172109.0
ffnn_ewc_replay,permute,0,BruteForce,seen,n_attack,2891.0
ffnn_ewc_replay,permute,0,BruteForce,seen,accuracy,1.0
ffnn_ewc_replay,permute,0,BruteForce,seen,macro_f1,1.0
ffnn_ewc_replay,permute,0,BruteForce,seen,fpr,0.0
ffnn_ewc_replay,permute,0,BruteForce,seen,detection_rate,1.0
ffnn_ewc_replay,permute,0,BruteForce,seen,binary_f1,1.0
ffnn_ewc_replay,permute,0,BruteForce,all,n,1895000.0
ffnn_ewc_replay,permute,0,BruteForce,all,n_benign,1791772.0
ffnn_ewc_replay,permute,0,BruteForce,all,n_attack,103228.0
ffnn_ewc_replay,permute,0,BruteForce,all,accuracy,0.9470517150395779
ffnn_ewc_replay,permute,0,BruteForce,all,macro_f1,0.2818233193277881
ffnn_ewc_replay,permute,0,BruteForce,all,fpr,0.0
ffnn_ewc_replay,permute,0,BruteForce,all,detection_rate,0.02800596737319332
ffnn_ewc_replay,permute,0,BruteForce,all,binary_f1,0.05448600156428161
ffnn_ewc_replay,random_src,0,BruteForce,task0,n,175000.0
ffnn_ewc_replay,random_src,0,BruteForce,task0,n_benign,172109.0
ffnn_ewc_replay,random_src,0,BruteForce,task0,n_attack,2891.0
ffnn_ewc_replay,random_src,0,BruteForce,task0,accuracy,1.0
ffnn_ewc_replay,random_src,0,BruteForce,task0,macro_f1,1.0
ffnn_ewc_replay,random_src,0,BruteForce,task0,fpr,0.0
ffnn_ewc_replay,random_src,0,BruteForce,task0,detection_rate,1.0
ffnn_ewc_replay,random_src,0,BruteForce,task0,binary_f1,1.0
ffnn_ewc_replay,random_src,0,BruteForce,task0,category_recall,1.0
ffnn_ewc_replay,random_src,0,BruteForce,task1,n,385000.0
ffnn_ewc_replay,random_src,0,BruteForce,task1,n_benign,331373.0
ffnn_ewc_replay,random_src,0,BruteForce,task1,n_attack,53627.0
ffnn_ewc_replay,random_src,0,BruteForce,task1,accuracy,0.8607090909090909
ffnn_ewc_replay,random_src,0,BruteForce,task1,macro_f1,0.4625704765534156
ffnn_ewc_replay,random_src,0,BruteForce,task1,fpr,0.0
ffnn_ewc_replay,random_src,0,BruteForce,task1,detection_rate,0.0
ffnn_ewc_replay,random_src,0,BruteForce,task1,binary_f1,0.0
ffnn_ewc_replay,random_src,0,BruteForce,task1,category_recall,0.0
ffnn_ewc_replay,random_src,0,BruteForce,task2,n,480000.0
ffnn_ewc_replay,random_src,0,BruteForce,task2,n_benign,439090.0
ffnn_ewc_replay,random_src,0,BruteForce,task2,n_attack,40910.0
ffnn_ewc_replay,random_src,0,BruteForce,task2,accuracy,0.9147708333333333
ffnn_ewc_replay,random_src,0,BruteForce,task2,macro_f1,0.3184961936988398
ffnn_ewc_replay,random_src,0,BruteForce,task2,fpr,0.0
ffnn_ewc_replay,random_src,0,BruteForce,task2,detection_rate,0.0
ffnn_ewc_replay,random_src,0,BruteForce,task2,binary_f1,0.0
ffnn_ewc_replay,random_src,0,BruteForce,task2,category_recall,0.0
ffnn_ewc_replay,random_src,0,BruteForce,task3,n,270000.0
ffnn_ewc_replay,random_src,0,BruteForce,task3,n_benign,269993.0
ffnn_ewc_replay,random_src,0,BruteForce,task3,n_attack,7.0
ffnn_ewc_replay,random_src,0,BruteForce,task3,accuracy,0.9999740740740741
ffnn_ewc_replay,random_src,0,BruteForce,task3,macro_f1,0.49999351843449824
ffnn_ewc_replay,random_src,0,BruteForce,task3,fpr,0.0
ffnn_ewc_replay,random_src,0,BruteForce,task3,detection_rate,0.0
ffnn_ewc_replay,random_src,0,BruteForce,task3,binary_f1,0.0
ffnn_ewc_replay,random_src,0,BruteForce,task3,category_recall,0.0
ffnn_ewc_replay,random_src,0,BruteForce,task4,n,395000.0
ffnn_ewc_replay,random_src,0,BruteForce,task4,n_benign,393444.0
ffnn_ewc_replay,random_src,0,BruteForce,task4,n_attack,1556.0
ffnn_ewc_replay,random_src,0,BruteForce,task4,accuracy,0.9960607594936709
ffnn_ewc_replay,random_src,0,BruteForce,task4,macro_f1,0.49901324634343086
ffnn_ewc_replay,random_src,0,BruteForce,task4,fpr,0.0
ffnn_ewc_replay,random_src,0,BruteForce,task4,detection_rate,0.0
ffnn_ewc_replay,random_src,0,BruteForce,task4,binary_f1,0.0
ffnn_ewc_replay,random_src,0,BruteForce,task4,category_recall,0.0
ffnn_ewc_replay,random_src,0,BruteForce,task5,n,190000.0
ffnn_ewc_replay,random_src,0,BruteForce,task5,n_benign,185763.0
ffnn_ewc_replay,random_src,0,BruteForce,task5,n_attack,4237.0
ffnn_ewc_replay,random_src,0,BruteForce,task5,accuracy,0.9777
ffnn_ewc_replay,random_src,0,BruteForce,task5,macro_f1,0.4943621378368812
ffnn_ewc_replay,random_src,0,BruteForce,task5,fpr,0.0
ffnn_ewc_replay,random_src,0,BruteForce,task5,detection_rate,0.0
ffnn_ewc_replay,random_src,0,BruteForce,task5,binary_f1,0.0
ffnn_ewc_replay,random_src,0,BruteForce,task5,category_recall,0.0
ffnn_ewc_replay,random_src,0,BruteForce,seen,n,175000.0
ffnn_ewc_replay,random_src,0,BruteForce,seen,n_benign,172109.0
ffnn_ewc_replay,random_src,0,BruteForce,seen,n_attack,2891.0
ffnn_ewc_replay,random_src,0,BruteForce,seen,accuracy,1.0
ffnn_ewc_replay,random_src,0,BruteForce,seen,macro_f1,1.0
ffnn_ewc_replay,random_src,0,BruteForce,seen,fpr,0.0
ffnn_ewc_replay,random_src,0,BruteForce,seen,detection_rate,1.0
ffnn_ewc_replay,random_src,0,BruteForce,seen,binary_f1,1.0
ffnn_ewc_replay,random_src,0,BruteForce,all,n,1895000.0
ffnn_ewc_replay,random_src,0,BruteForce,all,n_benign,1791772.0
ffnn_ewc_replay,random_src,0,BruteForce,all,n_attack,103228.0
ffnn_ewc_replay,random_src,0,BruteForce,all,accuracy,0.9470517150395779
ffnn_ewc_replay,random_src,0,BruteForce,all,macro_f1,0.2818233193277881
ffnn_ewc_replay,random_src,0,BruteForce,all,fpr,0.0
ffnn_ewc_replay,random_src,0,BruteForce,all,detection_rate,0.02800596737319332
ffnn_ewc_replay,random_src,0,BruteForce,all,binary_f1,0.05448600156428161
ffnn_ewc_replay,none,1,DoS,task0,n,175000.0
ffnn_ewc_replay,none,1,DoS,task0,n_benign,172109.0
ffnn_ewc_replay,none,1,DoS,task0,n_attack,2891.0
ffnn_ewc_replay,none,1,DoS,task0,accuracy,1.0
ffnn_ewc_replay,none,1,DoS,task0,macro_f1,1.0
ffnn_ewc_replay,none,1,DoS,task0,fpr,0.0
ffnn_ewc_replay,none,1,DoS,task0,detection_rate,1.0
ffnn_ewc_replay,none,1,DoS,task0,binary_f1,1.0
ffnn_ewc_replay,none,1,DoS,task0,category_recall,1.0
ffnn_ewc_replay,none,1,DoS,task1,n,385000.0
ffnn_ewc_replay,none,1,DoS,task1,n_benign,331373.0
ffnn_ewc_replay,none,1,DoS,task1,n_attack,53627.0
ffnn_ewc_replay,none,1,DoS,task1,accuracy,0.9999090909090909
ffnn_ewc_replay,none,1,DoS,task1,macro_f1,0.9998103787646871
ffnn_ewc_replay,none,1,DoS,task1,fpr,0.0
ffnn_ewc_replay,none,1,DoS,task1,detection_rate,0.9993473436888135
ffnn_ewc_replay,none,1,DoS,task1,binary_f1,0.9996735653195795
ffnn_ewc_replay,none,1,DoS,task1,category_recall,0.9993473436888135
ffnn_ewc_replay,none,1,DoS,task2,n,480000.0
ffnn_ewc_replay,none,1,DoS,task2,n_benign,439090.0
ffnn_ewc_replay,none,1,DoS,task2,n_attack,40910.0
ffnn_ewc_replay,none,1,DoS,task2,accuracy,0.91476875
ffnn_ewc_replay,none,1,DoS,task2,macro_f1,0.3184958148775581
ffnn_ewc_replay,none,1,DoS,task2,fpr,2.277437427406682e-06
ffnn_ewc_replay,none,1,DoS,task2,detection_rate,0.0
ffnn_ewc_replay,none,1,DoS,task2,binary_f1,0.0
ffnn_ewc_replay,none,1,DoS,task2,category_recall,0.0
ffnn_ewc_replay,none,1,DoS,task3,n,270000.0
ffnn_ewc_replay,none,1,DoS,task3,n_benign,269993.0
ffnn_ewc_replay,none,1,DoS,task3,n_attack,7.0
ffnn_ewc_replay,none,1,DoS,task3,accuracy,0.9999481481481481
ffnn_ewc_replay,none,1,DoS,task3,macro_f1,0.4999870367009515
ffnn_ewc_replay,none,1,DoS,task3,fpr,2.59265980969877e-05
ffnn_ewc_replay,none,1,DoS,task3,detection_rate,0.0
ffnn_ewc_replay,none,1,DoS,task3,binary_f1,0.0
ffnn_ewc_replay,none,1,DoS,task3,category_recall,0.0
ffnn_ewc_replay,none,1,DoS,task4,n,395000.0
ffnn_ewc_replay,none,1,DoS,task4,n_benign,393444.0
ffnn_ewc_replay,none,1,DoS,task4,n_attack,1556.0
ffnn_ewc_replay,none,1,DoS,task4,accuracy,0.9960582278481013
ffnn_ewc_replay,none,1,DoS,task4,macro_f1,0.499012610930657
ffnn_ewc_replay,none,1,DoS,task4,fpr,2.5416577708644688e-06
ffnn_ewc_replay,none,1,DoS,task4,detection_rate,0.0
ffnn_ewc_replay,none,1,DoS,task4,binary_f1,0.0
ffnn_ewc_replay,none,1,DoS,task4,category_recall,0.0
ffnn_ewc_replay,none,1,DoS,task5,n,190000.0
ffnn_ewc_replay,none,1,DoS,task5,n_benign,185763.0
ffnn_ewc_replay,none,1,DoS,task5,n_attack,4237.0
ffnn_ewc_replay,none,1,DoS,task5,accuracy,0.9777
ffnn_ewc_replay,none,1,DoS,task5,macro_f1,0.4943621378368812
ffnn_ewc_replay,none,1,DoS,task5,fpr,0.0
ffnn_ewc_replay,none,1,DoS,task5,detection_rate,0.0
ffnn_ewc_replay,none,1,DoS,task5,binary_f1,0.0
ffnn_ewc_replay,none,1,DoS,task5,category_recall,0.0
ffnn_ewc_replay,none,1,DoS,seen,n,560000.0
ffnn_ewc_replay,none,1,DoS,seen,n_benign,503482.0
ffnn_ewc_replay,none,1,DoS,seen,n_attack,56518.0
ffnn_ewc_replay,none,1,DoS,seen,accuracy,0.9999375
ffnn_ewc_replay,none,1,DoS,seen,macro_f1,0.9998796028606619
ffnn_ewc_replay,none,1,DoS,seen,fpr,0.0
ffnn_ewc_replay,none,1,DoS,seen,detection_rate,0.9993807282635621
ffnn_ewc_replay,none,1,DoS,seen,binary_f1,0.9996902682277148
ffnn_ewc_replay,none,1,DoS,all,n,1895000.0
ffnn_ewc_replay,none,1,DoS,all,n_benign,1791772.0
ffnn_ewc_replay,none,1,DoS,all,n_attack,103228.0
ffnn_ewc_replay,none,1,DoS,all,accuracy,0.9753277044854881
ffnn_ewc_replay,none,1,DoS,all,macro_f1,0.4265795327016533
ffnn_ewc_replay,none,1,DoS,all,fpr,5.0229605106006795e-06
ffnn_ewc_replay,none,1,DoS,all,detection_rate,0.5471674351920022
ffnn_ewc_replay,none,1,DoS,all,binary_f1,0.707275231655397
ffnn_ewc_replay,permute,1,DoS,task0,n,175000.0
ffnn_ewc_replay,permute,1,DoS,task0,n_benign,172109.0
ffnn_ewc_replay,permute,1,DoS,task0,n_attack,2891.0
ffnn_ewc_replay,permute,1,DoS,task0,accuracy,1.0
ffnn_ewc_replay,permute,1,DoS,task0,macro_f1,1.0
ffnn_ewc_replay,permute,1,DoS,task0,fpr,0.0
ffnn_ewc_replay,permute,1,DoS,task0,detection_rate,1.0
ffnn_ewc_replay,permute,1,DoS,task0,binary_f1,1.0
ffnn_ewc_replay,permute,1,DoS,task0,category_recall,1.0
ffnn_ewc_replay,permute,1,DoS,task1,n,385000.0
ffnn_ewc_replay,permute,1,DoS,task1,n_benign,331373.0
ffnn_ewc_replay,permute,1,DoS,task1,n_attack,53627.0
ffnn_ewc_replay,permute,1,DoS,task1,accuracy,0.9999090909090909
ffnn_ewc_replay,permute,1,DoS,task1,macro_f1,0.9998103787646871
ffnn_ewc_replay,permute,1,DoS,task1,fpr,0.0
ffnn_ewc_replay,permute,1,DoS,task1,detection_rate,0.9993473436888135
ffnn_ewc_replay,permute,1,DoS,task1,binary_f1,0.9996735653195795
ffnn_ewc_replay,permute,1,DoS,task1,category_recall,0.9993473436888135
ffnn_ewc_replay,permute,1,DoS,task2,n,480000.0
ffnn_ewc_replay,permute,1,DoS,task2,n_benign,439090.0
ffnn_ewc_replay,permute,1,DoS,task2,n_attack,40910.0
ffnn_ewc_replay,permute,1,DoS,task2,accuracy,0.91476875
ffnn_ewc_replay,permute,1,DoS,task2,macro_f1,0.3184958148775581
ffnn_ewc_replay,permute,1,DoS,task2,fpr,2.277437427406682e-06
ffnn_ewc_replay,permute,1,DoS,task2,detection_rate,0.0
ffnn_ewc_replay,permute,1,DoS,task2,binary_f1,0.0
ffnn_ewc_replay,permute,1,DoS,task2,category_recall,0.0
ffnn_ewc_replay,permute,1,DoS,task3,n,270000.0
ffnn_ewc_replay,permute,1,DoS,task3,n_benign,269993.0
ffnn_ewc_replay,permute,1,DoS,task3,n_attack,7.0
ffnn_ewc_replay,permute,1,DoS,task3,accuracy,0.9999481481481481
ffnn_ewc_replay,permute,1,DoS,task3,macro_f1,0.4999870367009515
ffnn_ewc_replay,permute,1,DoS,task3,fpr,2.59265980969877e-05
ffnn_ewc_replay,permute,1,DoS,task3,detection_rate,0.0
ffnn_ewc_replay,permute,1,DoS,task3,binary_f1,0.0
ffnn_ewc_replay,permute,1,DoS,task3,category_recall,0.0
ffnn_ewc_replay,permute,1,DoS,task4,n,395000.0
ffnn_ewc_replay,permute,1,DoS,task4,n_benign,393444.0
ffnn_ewc_replay,permute,1,DoS,task4,n_attack,1556.0
ffnn_ewc_replay,permute,1,DoS,task4,accuracy,0.9960582278481013
ffnn_ewc_replay,permute,1,DoS,task4,macro_f1,0.499012610930657
ffnn_ewc_replay,permute,1,DoS,task4,fpr,2.5416577708644688e-06
ffnn_ewc_replay,permute,1,DoS,task4,detection_rate,0.0
ffnn_ewc_replay,permute,1,DoS,task4,binary_f1,0.0
ffnn_ewc_replay,permute,1,DoS,task4,category_recall,0.0
ffnn_ewc_replay,permute,1,DoS,task5,n,190000.0
ffnn_ewc_replay,permute,1,DoS,task5,n_benign,185763.0
ffnn_ewc_replay,permute,1,DoS,task5,n_attack,4237.0
ffnn_ewc_replay,permute,1,DoS,task5,accuracy,0.9777
ffnn_ewc_replay,permute,1,DoS,task5,macro_f1,0.4943621378368812
ffnn_ewc_replay,permute,1,DoS,task5,fpr,0.0
ffnn_ewc_replay,permute,1,DoS,task5,detection_rate,0.0
ffnn_ewc_replay,permute,1,DoS,task5,binary_f1,0.0
ffnn_ewc_replay,permute,1,DoS,task5,category_recall,0.0
ffnn_ewc_replay,permute,1,DoS,seen,n,560000.0
ffnn_ewc_replay,permute,1,DoS,seen,n_benign,503482.0
ffnn_ewc_replay,permute,1,DoS,seen,n_attack,56518.0
ffnn_ewc_replay,permute,1,DoS,seen,accuracy,0.9999375
ffnn_ewc_replay,permute,1,DoS,seen,macro_f1,0.9998796028606619
ffnn_ewc_replay,permute,1,DoS,seen,fpr,0.0
ffnn_ewc_replay,permute,1,DoS,seen,detection_rate,0.9993807282635621
ffnn_ewc_replay,permute,1,DoS,seen,binary_f1,0.9996902682277148
ffnn_ewc_replay,permute,1,DoS,all,n,1895000.0
ffnn_ewc_replay,permute,1,DoS,all,n_benign,1791772.0
ffnn_ewc_replay,permute,1,DoS,all,n_attack,103228.0
ffnn_ewc_replay,permute,1,DoS,all,accuracy,0.9753277044854881
ffnn_ewc_replay,permute,1,DoS,all,macro_f1,0.4265795327016533
ffnn_ewc_replay,permute,1,DoS,all,fpr,5.0229605106006795e-06
ffnn_ewc_replay,permute,1,DoS,all,detection_rate,0.5471674351920022
ffnn_ewc_replay,permute,1,DoS,all,binary_f1,0.707275231655397
ffnn_ewc_replay,random_src,1,DoS,task0,n,175000.0
ffnn_ewc_replay,random_src,1,DoS,task0,n_benign,172109.0
ffnn_ewc_replay,random_src,1,DoS,task0,n_attack,2891.0
ffnn_ewc_replay,random_src,1,DoS,task0,accuracy,1.0
ffnn_ewc_replay,random_src,1,DoS,task0,macro_f1,1.0
ffnn_ewc_replay,random_src,1,DoS,task0,fpr,0.0
ffnn_ewc_replay,random_src,1,DoS,task0,detection_rate,1.0
ffnn_ewc_replay,random_src,1,DoS,task0,binary_f1,1.0
ffnn_ewc_replay,random_src,1,DoS,task0,category_recall,1.0
ffnn_ewc_replay,random_src,1,DoS,task1,n,385000.0
ffnn_ewc_replay,random_src,1,DoS,task1,n_benign,331373.0
ffnn_ewc_replay,random_src,1,DoS,task1,n_attack,53627.0
ffnn_ewc_replay,random_src,1,DoS,task1,accuracy,0.9999090909090909
ffnn_ewc_replay,random_src,1,DoS,task1,macro_f1,0.9998103787646871
ffnn_ewc_replay,random_src,1,DoS,task1,fpr,0.0
ffnn_ewc_replay,random_src,1,DoS,task1,detection_rate,0.9993473436888135
ffnn_ewc_replay,random_src,1,DoS,task1,binary_f1,0.9996735653195795
ffnn_ewc_replay,random_src,1,DoS,task1,category_recall,0.9993473436888135
ffnn_ewc_replay,random_src,1,DoS,task2,n,480000.0
ffnn_ewc_replay,random_src,1,DoS,task2,n_benign,439090.0
ffnn_ewc_replay,random_src,1,DoS,task2,n_attack,40910.0
ffnn_ewc_replay,random_src,1,DoS,task2,accuracy,0.91476875
ffnn_ewc_replay,random_src,1,DoS,task2,macro_f1,0.3184958148775581
ffnn_ewc_replay,random_src,1,DoS,task2,fpr,2.277437427406682e-06
ffnn_ewc_replay,random_src,1,DoS,task2,detection_rate,0.0
ffnn_ewc_replay,random_src,1,DoS,task2,binary_f1,0.0
ffnn_ewc_replay,random_src,1,DoS,task2,category_recall,0.0
ffnn_ewc_replay,random_src,1,DoS,task3,n,270000.0
ffnn_ewc_replay,random_src,1,DoS,task3,n_benign,269993.0
ffnn_ewc_replay,random_src,1,DoS,task3,n_attack,7.0
ffnn_ewc_replay,random_src,1,DoS,task3,accuracy,0.9999481481481481
ffnn_ewc_replay,random_src,1,DoS,task3,macro_f1,0.4999870367009515
ffnn_ewc_replay,random_src,1,DoS,task3,fpr,2.59265980969877e-05
ffnn_ewc_replay,random_src,1,DoS,task3,detection_rate,0.0
ffnn_ewc_replay,random_src,1,DoS,task3,binary_f1,0.0
ffnn_ewc_replay,random_src,1,DoS,task3,category_recall,0.0
ffnn_ewc_replay,random_src,1,DoS,task4,n,395000.0
ffnn_ewc_replay,random_src,1,DoS,task4,n_benign,393444.0
ffnn_ewc_replay,random_src,1,DoS,task4,n_attack,1556.0
ffnn_ewc_replay,random_src,1,DoS,task4,accuracy,0.9960582278481013
ffnn_ewc_replay,random_src,1,DoS,task4,macro_f1,0.499012610930657
ffnn_ewc_replay,random_src,1,DoS,task4,fpr,2.5416577708644688e-06
ffnn_ewc_replay,random_src,1,DoS,task4,detection_rate,0.0
ffnn_ewc_replay,random_src,1,DoS,task4,binary_f1,0.0
ffnn_ewc_replay,random_src,1,DoS,task4,category_recall,0.0
ffnn_ewc_replay,random_src,1,DoS,task5,n,190000.0
ffnn_ewc_replay,random_src,1,DoS,task5,n_benign,185763.0
ffnn_ewc_replay,random_src,1,DoS,task5,n_attack,4237.0
ffnn_ewc_replay,random_src,1,DoS,task5,accuracy,0.9777
ffnn_ewc_replay,random_src,1,DoS,task5,macro_f1,0.4943621378368812
ffnn_ewc_replay,random_src,1,DoS,task5,fpr,0.0
ffnn_ewc_replay,random_src,1,DoS,task5,detection_rate,0.0
ffnn_ewc_replay,random_src,1,DoS,task5,binary_f1,0.0
ffnn_ewc_replay,random_src,1,DoS,task5,category_recall,0.0
ffnn_ewc_replay,random_src,1,DoS,seen,n,560000.0
ffnn_ewc_replay,random_src,1,DoS,seen,n_benign,503482.0
ffnn_ewc_replay,random_src,1,DoS,seen,n_attack,56518.0
ffnn_ewc_replay,random_src,1,DoS,seen,accuracy,0.9999375
ffnn_ewc_replay,random_src,1,DoS,seen,macro_f1,0.9998796028606619
ffnn_ewc_replay,random_src,1,DoS,seen,fpr,0.0
ffnn_ewc_replay,random_src,1,DoS,seen,detection_rate,0.9993807282635621
ffnn_ewc_replay,random_src,1,DoS,seen,binary_f1,0.9996902682277148
ffnn_ewc_replay,random_src,1,DoS,all,n,1895000.0
ffnn_ewc_replay,random_src,1,DoS,all,n_benign,1791772.0
ffnn_ewc_replay,random_src,1,DoS,all,n_attack,103228.0
ffnn_ewc_replay,random_src,1,DoS,all,accuracy,0.9753277044854881
ffnn_ewc_replay,random_src,1,DoS,all,macro_f1,0.4265795327016533
ffnn_ewc_replay,random_src,1,DoS,all,fpr,5.0229605106006795e-06
ffnn_ewc_replay,random_src,1,DoS,all,detection_rate,0.5471674351920022
ffnn_ewc_replay,random_src,1,DoS,all,binary_f1,0.707275231655397
ffnn_ewc_replay,none,2,DDoS,task0,n,175000.0
ffnn_ewc_replay,none,2,DDoS,task0,n_benign,172109.0
ffnn_ewc_replay,none,2,DDoS,task0,n_attack,2891.0
ffnn_ewc_replay,none,2,DDoS,task0,accuracy,0.9999714285714286
ffnn_ewc_replay,none,2,DDoS,task0,macro_f1,0.9999927370552536
ffnn_ewc_replay,none,2,DDoS,task0,fpr,2.905135698888495e-05
ffnn_ewc_replay,none,2,DDoS,task0,detection_rate,1.0
ffnn_ewc_replay,none,2,DDoS,task0,binary_f1,0.9991359944703646
ffnn_ewc_replay,none,2,DDoS,task0,category_recall,1.0
ffnn_ewc_replay,none,2,DDoS,task1,n,385000.0
ffnn_ewc_replay,none,2,DDoS,task1,n_benign,331373.0
ffnn_ewc_replay,none,2,DDoS,task1,n_attack,53627.0
ffnn_ewc_replay,none,2,DDoS,task1,accuracy,0.9998623376623377
ffnn_ewc_replay,none,2,DDoS,task1,macro_f1,0.9997174851354726
ffnn_ewc_replay,none,2,DDoS,task1,fpr,3.0177473722964757e-06
ffnn_ewc_replay,none,2,DDoS,task1,detection_rate,0.9990303391948085
ffnn_ewc_replay,none,2,DDoS,task1,binary_f1,0.9995056108504426
ffnn_ewc_replay,none,2,DDoS,task1,category_recall,0.9990303391948085
ffnn_ewc_replay,none,2,DDoS,task2,n,480000.0
ffnn_ewc_replay,none,2,DDoS,task2,n_benign,439090.0
ffnn_ewc_replay,none,2,DDoS,task2,n_attack,40910.0
ffnn_ewc_replay,none,2,DDoS,task2,accuracy,0.9999791666666666
ffnn_ewc_replay,none,2,DDoS,task2,macro_f1,0.6666506482314271
ffnn_ewc_replay,none,2,DDoS,task2,fpr,1.3664624564440091e-05
ffnn_ewc_replay,none,2,DDoS,task2,detection_rate,0.9999022243950134
ffnn_ewc_replay,none,2,DDoS,task2,binary_f1,0.9998777834812154
ffnn_ewc_replay,none,2,DDoS,task2,category_recall,1.0
ffnn_ewc_replay,none,2,DDoS,task3,n,270000.0
ffnn_ewc_replay,none,2,DDoS,task3,n_benign,269993.0
ffnn_ewc_replay,none,2,DDoS,task3,n_attack,7.0
ffnn_ewc_replay,none,2,DDoS,task3,accuracy,0.9999185185185185
ffnn_ewc_replay,none,2,DDoS,task3,macro_f1,0.4999796287996918
ffnn_ewc_replay,none,2,DDoS,task3,fpr,5.55569959221165e-05
ffnn_ewc_replay,none,2,DDoS,task3,detection_rate,0.0
ffnn_ewc_replay,none,2,DDoS,task3,binary_f1,0.0
ffnn_ewc_replay,none,2,DDoS,task3,category_recall,0.0
ffnn_ewc_replay,none,2,DDoS,task4,n,395000.0
ffnn_ewc_replay,none,2,DDoS,task4,n_benign,393444.0
ffnn_ewc_replay,none,2,DDoS,task4,n_attack,1556.0
ffnn_ewc_replay,none,2,DDoS,task4,accuracy,0.9960177215189874
ffnn_ewc_replay,none,2,DDoS,task4,macro_f1,0.49900370992802107
ffnn_ewc_replay,none,2,DDoS,task4,fpr,4.3208182104695964e-05
ffnn_ewc_replay,none,2,DDoS,task4,detection_rate,0.0012853470437017994
ffnn_ewc_replay,none,2,DDoS,task4,binary_f1,0.0025396825396825397
ffnn_ewc_replay,none,2,DDoS,task4,category_recall,0.0
ffnn_ewc_replay,none,2,DDoS,task5,n,190000.0
ffnn_ewc_replay,none,2,DDoS,task5,n_benign,185763.0
ffnn_ewc_replay,none,2,DDoS,task5,n_attack,4237.0
ffnn_ewc_replay,none,2,DDoS,task5,accuracy,0.9776789473684211
ffnn_ewc_replay,none,2,DDoS,task5,macro_f1,0.49435675526068573
ffnn_ewc_replay,none,2,DDoS,task5,fpr,2.1532813315891753e-05
ffnn_ewc_replay,none,2,DDoS,task5,detection_rate,0.0
ffnn_ewc_replay,none,2,DDoS,task5,binary_f1,0.0
ffnn_ewc_replay,none,2,DDoS,task5,category_recall,0.0
ffnn_ewc_replay,none,2,DDoS,seen,n,1040000.0
ffnn_ewc_replay,none,2,DDoS,seen,n_benign,942572.0
ffnn_ewc_replay,none,2,DDoS,seen,n_attack,97428.0
ffnn_ewc_replay,none,2,DDoS,seen,accuracy,0.9999346153846154
ffnn_ewc_replay,none,2,DDoS,seen,macro_f1,0.7997700569995023
ffnn_ewc_replay,none,2,DDoS,seen,fpr,1.273112292747928e-05
ffnn_ewc_replay,none,2,DDoS,seen,detection_rate,0.9994252165701851
ffnn_ewc_replay,none,2,DDoS,seen,binary_f1,0.9996509455269695
ffnn_ewc_replay,none,2,DDoS,all,n,1895000.0
ffnn_ewc_replay,none,2,DDoS,all,n_benign,1791772.0
ffnn_ewc_replay,none,2,DDoS,all,n_attack,103228.0
ffnn_ewc_replay,none,2,DDoS,all,accuracy,0.9968844327176781
ffnn_ewc_replay,none,2,DDoS,all,macro_f1,0.5709027963781937
ffnn_ewc_replay,none,2,DDoS,all,fpr,2.6789122723203623e-05
ffnn_ewc_replay,none,2,DDoS,all,detection_rate,0.9432905800751734
ffnn_ewc_replay,none,2,DDoS,all,binary_f1,0.9705855968103663
ffnn_ewc_replay,permute,2,DDoS,task0,n,175000.0
ffnn_ewc_replay,permute,2,DDoS,task0,n_benign,172109.0
ffnn_ewc_replay,permute,2,DDoS,task0,n_attack,2891.0
ffnn_ewc_replay,permute,2,DDoS,task0,accuracy,0.9999714285714286
ffnn_ewc_replay,permute,2,DDoS,task0,macro_f1,0.9999927370552536
ffnn_ewc_replay,permute,2,DDoS,task0,fpr,2.905135698888495e-05
ffnn_ewc_replay,permute,2,DDoS,task0,detection_rate,1.0
ffnn_ewc_replay,permute,2,DDoS,task0,binary_f1,0.9991359944703646
ffnn_ewc_replay,permute,2,DDoS,task0,category_recall,1.0
ffnn_ewc_replay,permute,2,DDoS,task1,n,385000.0
ffnn_ewc_replay,permute,2,DDoS,task1,n_benign,331373.0
ffnn_ewc_replay,permute,2,DDoS,task1,n_attack,53627.0
ffnn_ewc_replay,permute,2,DDoS,task1,accuracy,0.9998623376623377
ffnn_ewc_replay,permute,2,DDoS,task1,macro_f1,0.9997174851354726
ffnn_ewc_replay,permute,2,DDoS,task1,fpr,3.0177473722964757e-06
ffnn_ewc_replay,permute,2,DDoS,task1,detection_rate,0.9990303391948085
ffnn_ewc_replay,permute,2,DDoS,task1,binary_f1,0.9995056108504426
ffnn_ewc_replay,permute,2,DDoS,task1,category_recall,0.9990303391948085
ffnn_ewc_replay,permute,2,DDoS,task2,n,480000.0
ffnn_ewc_replay,permute,2,DDoS,task2,n_benign,439090.0
ffnn_ewc_replay,permute,2,DDoS,task2,n_attack,40910.0
ffnn_ewc_replay,permute,2,DDoS,task2,accuracy,0.9999791666666666
ffnn_ewc_replay,permute,2,DDoS,task2,macro_f1,0.6666506482314271
ffnn_ewc_replay,permute,2,DDoS,task2,fpr,1.3664624564440091e-05
ffnn_ewc_replay,permute,2,DDoS,task2,detection_rate,0.9999022243950134
ffnn_ewc_replay,permute,2,DDoS,task2,binary_f1,0.9998777834812154
ffnn_ewc_replay,permute,2,DDoS,task2,category_recall,1.0
ffnn_ewc_replay,permute,2,DDoS,task3,n,270000.0
ffnn_ewc_replay,permute,2,DDoS,task3,n_benign,269993.0
ffnn_ewc_replay,permute,2,DDoS,task3,n_attack,7.0
ffnn_ewc_replay,permute,2,DDoS,task3,accuracy,0.9999185185185185
ffnn_ewc_replay,permute,2,DDoS,task3,macro_f1,0.4999796287996918
ffnn_ewc_replay,permute,2,DDoS,task3,fpr,5.55569959221165e-05
ffnn_ewc_replay,permute,2,DDoS,task3,detection_rate,0.0
ffnn_ewc_replay,permute,2,DDoS,task3,binary_f1,0.0
ffnn_ewc_replay,permute,2,DDoS,task3,category_recall,0.0
ffnn_ewc_replay,permute,2,DDoS,task4,n,395000.0
ffnn_ewc_replay,permute,2,DDoS,task4,n_benign,393444.0
ffnn_ewc_replay,permute,2,DDoS,task4,n_attack,1556.0
ffnn_ewc_replay,permute,2,DDoS,task4,accuracy,0.9960177215189874
ffnn_ewc_replay,permute,2,DDoS,task4,macro_f1,0.49900370992802107
ffnn_ewc_replay,permute,2,DDoS,task4,fpr,4.3208182104695964e-05
ffnn_ewc_replay,permute,2,DDoS,task4,detection_rate,0.0012853470437017994
ffnn_ewc_replay,permute,2,DDoS,task4,binary_f1,0.0025396825396825397
ffnn_ewc_replay,permute,2,DDoS,task4,category_recall,0.0
ffnn_ewc_replay,permute,2,DDoS,task5,n,190000.0
ffnn_ewc_replay,permute,2,DDoS,task5,n_benign,185763.0
ffnn_ewc_replay,permute,2,DDoS,task5,n_attack,4237.0
ffnn_ewc_replay,permute,2,DDoS,task5,accuracy,0.9776789473684211
ffnn_ewc_replay,permute,2,DDoS,task5,macro_f1,0.49435675526068573
ffnn_ewc_replay,permute,2,DDoS,task5,fpr,2.1532813315891753e-05
ffnn_ewc_replay,permute,2,DDoS,task5,detection_rate,0.0
ffnn_ewc_replay,permute,2,DDoS,task5,binary_f1,0.0
ffnn_ewc_replay,permute,2,DDoS,task5,category_recall,0.0
ffnn_ewc_replay,permute,2,DDoS,seen,n,1040000.0
ffnn_ewc_replay,permute,2,DDoS,seen,n_benign,942572.0
ffnn_ewc_replay,permute,2,DDoS,seen,n_attack,97428.0
ffnn_ewc_replay,permute,2,DDoS,seen,accuracy,0.9999346153846154
ffnn_ewc_replay,permute,2,DDoS,seen,macro_f1,0.7997700569995023
ffnn_ewc_replay,permute,2,DDoS,seen,fpr,1.273112292747928e-05
ffnn_ewc_replay,permute,2,DDoS,seen,detection_rate,0.9994252165701851
ffnn_ewc_replay,permute,2,DDoS,seen,binary_f1,0.9996509455269695
ffnn_ewc_replay,permute,2,DDoS,all,n,1895000.0
ffnn_ewc_replay,permute,2,DDoS,all,n_benign,1791772.0
ffnn_ewc_replay,permute,2,DDoS,all,n_attack,103228.0
ffnn_ewc_replay,permute,2,DDoS,all,accuracy,0.9968844327176781
ffnn_ewc_replay,permute,2,DDoS,all,macro_f1,0.5709027963781937
ffnn_ewc_replay,permute,2,DDoS,all,fpr,2.6789122723203623e-05
ffnn_ewc_replay,permute,2,DDoS,all,detection_rate,0.9432905800751734
ffnn_ewc_replay,permute,2,DDoS,all,binary_f1,0.9705855968103663
ffnn_ewc_replay,random_src,2,DDoS,task0,n,175000.0
ffnn_ewc_replay,random_src,2,DDoS,task0,n_benign,172109.0
ffnn_ewc_replay,random_src,2,DDoS,task0,n_attack,2891.0
ffnn_ewc_replay,random_src,2,DDoS,task0,accuracy,0.9999714285714286
ffnn_ewc_replay,random_src,2,DDoS,task0,macro_f1,0.9999927370552536
ffnn_ewc_replay,random_src,2,DDoS,task0,fpr,2.905135698888495e-05
ffnn_ewc_replay,random_src,2,DDoS,task0,detection_rate,1.0
ffnn_ewc_replay,random_src,2,DDoS,task0,binary_f1,0.9991359944703646
ffnn_ewc_replay,random_src,2,DDoS,task0,category_recall,1.0
ffnn_ewc_replay,random_src,2,DDoS,task1,n,385000.0
ffnn_ewc_replay,random_src,2,DDoS,task1,n_benign,331373.0
ffnn_ewc_replay,random_src,2,DDoS,task1,n_attack,53627.0
ffnn_ewc_replay,random_src,2,DDoS,task1,accuracy,0.9998623376623377
ffnn_ewc_replay,random_src,2,DDoS,task1,macro_f1,0.9997174851354726
ffnn_ewc_replay,random_src,2,DDoS,task1,fpr,3.0177473722964757e-06
ffnn_ewc_replay,random_src,2,DDoS,task1,detection_rate,0.9990303391948085
ffnn_ewc_replay,random_src,2,DDoS,task1,binary_f1,0.9995056108504426
ffnn_ewc_replay,random_src,2,DDoS,task1,category_recall,0.9990303391948085
ffnn_ewc_replay,random_src,2,DDoS,task2,n,480000.0
ffnn_ewc_replay,random_src,2,DDoS,task2,n_benign,439090.0
ffnn_ewc_replay,random_src,2,DDoS,task2,n_attack,40910.0
ffnn_ewc_replay,random_src,2,DDoS,task2,accuracy,0.9999791666666666
ffnn_ewc_replay,random_src,2,DDoS,task2,macro_f1,0.6666506482314271
ffnn_ewc_replay,random_src,2,DDoS,task2,fpr,1.3664624564440091e-05
ffnn_ewc_replay,random_src,2,DDoS,task2,detection_rate,0.9999022243950134
ffnn_ewc_replay,random_src,2,DDoS,task2,binary_f1,0.9998777834812154
ffnn_ewc_replay,random_src,2,DDoS,task2,category_recall,1.0
ffnn_ewc_replay,random_src,2,DDoS,task3,n,270000.0
ffnn_ewc_replay,random_src,2,DDoS,task3,n_benign,269993.0
ffnn_ewc_replay,random_src,2,DDoS,task3,n_attack,7.0
ffnn_ewc_replay,random_src,2,DDoS,task3,accuracy,0.9999185185185185
ffnn_ewc_replay,random_src,2,DDoS,task3,macro_f1,0.4999796287996918
ffnn_ewc_replay,random_src,2,DDoS,task3,fpr,5.55569959221165e-05
ffnn_ewc_replay,random_src,2,DDoS,task3,detection_rate,0.0
ffnn_ewc_replay,random_src,2,DDoS,task3,binary_f1,0.0
ffnn_ewc_replay,random_src,2,DDoS,task3,category_recall,0.0
ffnn_ewc_replay,random_src,2,DDoS,task4,n,395000.0
ffnn_ewc_replay,random_src,2,DDoS,task4,n_benign,393444.0
ffnn_ewc_replay,random_src,2,DDoS,task4,n_attack,1556.0
ffnn_ewc_replay,random_src,2,DDoS,task4,accuracy,0.9960177215189874
ffnn_ewc_replay,random_src,2,DDoS,task4,macro_f1,0.49900370992802107
ffnn_ewc_replay,random_src,2,DDoS,task4,fpr,4.3208182104695964e-05
ffnn_ewc_replay,random_src,2,DDoS,task4,detection_rate,0.0012853470437017994
ffnn_ewc_replay,random_src,2,DDoS,task4,binary_f1,0.0025396825396825397
ffnn_ewc_replay,random_src,2,DDoS,task4,category_recall,0.0
ffnn_ewc_replay,random_src,2,DDoS,task5,n,190000.0
ffnn_ewc_replay,random_src,2,DDoS,task5,n_benign,185763.0
ffnn_ewc_replay,random_src,2,DDoS,task5,n_attack,4237.0
ffnn_ewc_replay,random_src,2,DDoS,task5,accuracy,0.9776789473684211
ffnn_ewc_replay,random_src,2,DDoS,task5,macro_f1,0.49435675526068573
ffnn_ewc_replay,random_src,2,DDoS,task5,fpr,2.1532813315891753e-05
ffnn_ewc_replay,random_src,2,DDoS,task5,detection_rate,0.0
ffnn_ewc_replay,random_src,2,DDoS,task5,binary_f1,0.0
ffnn_ewc_replay,random_src,2,DDoS,task5,category_recall,0.0
ffnn_ewc_replay,random_src,2,DDoS,seen,n,1040000.0
ffnn_ewc_replay,random_src,2,DDoS,seen,n_benign,942572.0
ffnn_ewc_replay,random_src,2,DDoS,seen,n_attack,97428.0
ffnn_ewc_replay,random_src,2,DDoS,seen,accuracy,0.9999346153846154
ffnn_ewc_replay,random_src,2,DDoS,seen,macro_f1,0.7997700569995023
ffnn_ewc_replay,random_src,2,DDoS,seen,fpr,1.273112292747928e-05
ffnn_ewc_replay,random_src,2,DDoS,seen,detection_rate,0.9994252165701851
ffnn_ewc_replay,random_src,2,DDoS,seen,binary_f1,0.9996509455269695
ffnn_ewc_replay,random_src,2,DDoS,all,n,1895000.0
ffnn_ewc_replay,random_src,2,DDoS,all,n_benign,1791772.0
ffnn_ewc_replay,random_src,2,DDoS,all,n_attack,103228.0
ffnn_ewc_replay,random_src,2,DDoS,all,accuracy,0.9968844327176781
ffnn_ewc_replay,random_src,2,DDoS,all,macro_f1,0.5709027963781937
ffnn_ewc_replay,random_src,2,DDoS,all,fpr,2.6789122723203623e-05
ffnn_ewc_replay,random_src,2,DDoS,all,detection_rate,0.9432905800751734
ffnn_ewc_replay,random_src,2,DDoS,all,binary_f1,0.9705855968103663
ffnn_ewc_replay,none,3,WebAttack,task0,n,175000.0
ffnn_ewc_replay,none,3,WebAttack,task0,n_benign,172109.0
ffnn_ewc_replay,none,3,WebAttack,task0,n_attack,2891.0
ffnn_ewc_replay,none,3,WebAttack,task0,accuracy,0.9999428571428571
ffnn_ewc_replay,none,3,WebAttack,task0,macro_f1,0.9999854738995027
ffnn_ewc_replay,none,3,WebAttack,task0,fpr,5.81027139777699e-05
ffnn_ewc_replay,none,3,WebAttack,task0,detection_rate,1.0
ffnn_ewc_replay,none,3,WebAttack,task0,binary_f1,0.9982734806629834
ffnn_ewc_replay,none,3,WebAttack,task0,category_recall,1.0
ffnn_ewc_replay,none,3,WebAttack,task1,n,385000.0
ffnn_ewc_replay,none,3,WebAttack,task1,n_benign,331373.0
ffnn_ewc_replay,none,3,WebAttack,task1,n_attack,53627.0
ffnn_ewc_replay,none,3,WebAttack,task1,accuracy,0.9998233766233766
ffnn_ewc_replay,none,3,WebAttack,task1,macro_f1,0.9997065156566178
ffnn_ewc_replay,none,3,WebAttack,task1,fpr,4.828395795674361e-05
ffnn_ewc_replay,none,3,WebAttack,task1,detection_rate,0.999384638335167
ffnn_ewc_replay,none,3,WebAttack,task1,binary_f1,0.9995430681574456
ffnn_ewc_replay,none,3,WebAttack,task1,category_recall,0.9990303391948085
ffnn_ewc_replay,none,3,WebAttack,task2,n,480000.0
ffnn_ewc_replay,none,3,WebAttack,task2,n_benign,439090.0
ffnn_ewc_replay,none,3,WebAttack,task2,n_attack,40910.0
ffnn_ewc_replay,none,3,WebAttack,task2,accuracy,0.9980895833333333
ffnn_ewc_replay,none,3,WebAttack,task2,macro_f1,0.7140262006096553
ffnn_ewc_replay,none,3,WebAttack,task2,fpr,0.00011159443394292742
ffnn_ewc_replay,none,3,WebAttack,task2,detection_rate,0.9790271327303838
ffnn_ewc_replay,none,3,WebAttack,task2,binary_f1,0.9888039895816617
ffnn_ewc_replay,none,3,WebAttack,task2,category_recall,0.9787806189801007
ffnn_ewc_replay,none,3,WebAttack,task3,n,270000.0
ffnn_ewc_replay,none,3,WebAttack,task3,n_benign,269993.0
ffnn_ewc_replay,none,3,WebAttack,task3,n_attack,7.0
ffnn_ewc_replay,none,3,WebAttack,task3,accuracy,0.9998518518518519
ffnn_ewc_replay,none,3,WebAttack,task3,macro_f1,0.6538091132422439
ffnn_ewc_replay,none,3,WebAttack,task3,fpr,0.0001444481893975029
ffnn_ewc_replay,none,3,WebAttack,task3,detection_rate,0.8571428571428571
ffnn_ewc_replay,none,3,WebAttack,task3,binary_f1,0.23076923076923078
ffnn_ewc_replay,none,3,WebAttack,task3,category_recall,0.8571428571428571
ffnn_ewc_replay,none,3,WebAttack,task4,n,395000.0
ffnn_ewc_replay,none,3,WebAttack,task4,n_benign,393444.0
ffnn_ewc_replay,none,3,WebAttack,task4,n_attack,1556.0
ffnn_ewc_replay,none,3,WebAttack,task4,accuracy,0.9959088607594937
ffnn_ewc_replay,none,3,WebAttack,task4,macro_f1,0.498982713744273
ffnn_ewc_replay,none,3,WebAttack,task4,fpr,0.00015249946625186812
ffnn_ewc_replay,none,3,WebAttack,task4,detection_rate,0.007712082262210797
ffnn_ewc_replay,none,3,WebAttack,task4,binary_f1,0.014742014742014743
ffnn_ewc_replay,none,3,WebAttack,task4,category_recall,0.0
ffnn_ewc_replay,none,3,WebAttack,task5,n,190000.0
ffnn_ewc_replay,none,3,WebAttack,task5,n_benign,185763.0
ffnn_ewc_replay,none,3,WebAttack,task5,n_attack,4237.0
ffnn_ewc_replay,none,3,WebAttack,task5,accuracy,0.9776263157894737
ffnn_ewc_replay,none,3,WebAttack,task5,macro_f1,0.4943432983188245
ffnn_ewc_replay,none,3,WebAttack,task5,fpr,7.536484660562114e-05
ffnn_ewc_replay,none,3,WebAttack,task5,detection_rate,0.0
ffnn_ewc_replay,none,3,WebAttack,task5,binary_f1,0.0
ffnn_ewc_replay,none,3,WebAttack,task5,category_recall,0.0
ffnn_ewc_replay,none,3,WebAttack,seen,n,1310000.0
ffnn_ewc_replay,none,3,WebAttack,seen,n_benign,1212565.0
ffnn_ewc_replay,none,3,WebAttack,seen,n_attack,97435.0
ffnn_ewc_replay,none,3,WebAttack,seen,accuracy,0.9992099236641221
ffnn_ewc_replay,none,3,WebAttack,seen,macro_f1,0.8332062495769403
ffnn_ewc_replay,none,3,WebAttack,seen,fpr,9.401557854630474e-05
ffnn_ewc_replay,none,3,WebAttack,seen,detection_rate,0.9908451788371735
ffnn_ewc_replay,none,3,WebAttack,seen,binary_f1,0.9948168909589267
ffnn_ewc_replay,none,3,WebAttack,all,n,1895000.0
ffnn_ewc_replay,none,3,WebAttack,all,n_benign,1791772.0
ffnn_ewc_replay,none,3,WebAttack,all,n_attack,103228.0
ffnn_ewc_replay,none,3,WebAttack,all,accuracy,0.9963577836411609
ffnn_ewc_replay,none,3,WebAttack,all,macro_f1,0.5859331753871427
ffnn_ewc_replay,none,3,WebAttack,all,fpr,0.00010492406399921419
ffnn_ewc_replay,none,3,WebAttack,all,detection_rate,0.9353566861704189
ffnn_ewc_replay,none,3,WebAttack,all,binary_f1,0.9656900250536328
ffnn_ewc_replay,permute,3,WebAttack,task0,n,175000.0
ffnn_ewc_replay,permute,3,WebAttack,task0,n_benign,172109.0
ffnn_ewc_replay,permute,3,WebAttack,task0,n_attack,2891.0
ffnn_ewc_replay,permute,3,WebAttack,task0,accuracy,0.9999428571428571
ffnn_ewc_replay,permute,3,WebAttack,task0,macro_f1,0.9999854738995027
ffnn_ewc_replay,permute,3,WebAttack,task0,fpr,5.81027139777699e-05
ffnn_ewc_replay,permute,3,WebAttack,task0,detection_rate,1.0
ffnn_ewc_replay,permute,3,WebAttack,task0,binary_f1,0.9982734806629834
ffnn_ewc_replay,permute,3,WebAttack,task0,category_recall,1.0
ffnn_ewc_replay,permute,3,WebAttack,task1,n,385000.0
ffnn_ewc_replay,permute,3,WebAttack,task1,n_benign,331373.0
ffnn_ewc_replay,permute,3,WebAttack,task1,n_attack,53627.0
ffnn_ewc_replay,permute,3,WebAttack,task1,accuracy,0.9998233766233766
ffnn_ewc_replay,permute,3,WebAttack,task1,macro_f1,0.9997065156566178
ffnn_ewc_replay,permute,3,WebAttack,task1,fpr,4.828395795674361e-05
ffnn_ewc_replay,permute,3,WebAttack,task1,detection_rate,0.999384638335167
ffnn_ewc_replay,permute,3,WebAttack,task1,binary_f1,0.9995430681574456
ffnn_ewc_replay,permute,3,WebAttack,task1,category_recall,0.9990303391948085
ffnn_ewc_replay,permute,3,WebAttack,task2,n,480000.0
ffnn_ewc_replay,permute,3,WebAttack,task2,n_benign,439090.0
ffnn_ewc_replay,permute,3,WebAttack,task2,n_attack,40910.0
ffnn_ewc_replay,permute,3,WebAttack,task2,accuracy,0.9980895833333333
ffnn_ewc_replay,permute,3,WebAttack,task2,macro_f1,0.7140262006096553
ffnn_ewc_replay,permute,3,WebAttack,task2,fpr,0.00011159443394292742
ffnn_ewc_replay,permute,3,WebAttack,task2,detection_rate,0.9790271327303838
ffnn_ewc_replay,permute,3,WebAttack,task2,binary_f1,0.9888039895816617
ffnn_ewc_replay,permute,3,WebAttack,task2,category_recall,0.9787806189801007
ffnn_ewc_replay,permute,3,WebAttack,task3,n,270000.0
ffnn_ewc_replay,permute,3,WebAttack,task3,n_benign,269993.0
ffnn_ewc_replay,permute,3,WebAttack,task3,n_attack,7.0
ffnn_ewc_replay,permute,3,WebAttack,task3,accuracy,0.9998518518518519
ffnn_ewc_replay,permute,3,WebAttack,task3,macro_f1,0.6538091132422439
ffnn_ewc_replay,permute,3,WebAttack,task3,fpr,0.0001444481893975029
ffnn_ewc_replay,permute,3,WebAttack,task3,detection_rate,0.8571428571428571
ffnn_ewc_replay,permute,3,WebAttack,task3,binary_f1,0.23076923076923078
ffnn_ewc_replay,permute,3,WebAttack,task3,category_recall,0.8571428571428571
ffnn_ewc_replay,permute,3,WebAttack,task4,n,395000.0
ffnn_ewc_replay,permute,3,WebAttack,task4,n_benign,393444.0
ffnn_ewc_replay,permute,3,WebAttack,task4,n_attack,1556.0
ffnn_ewc_replay,permute,3,WebAttack,task4,accuracy,0.9959088607594937
ffnn_ewc_replay,permute,3,WebAttack,task4,macro_f1,0.498982713744273
ffnn_ewc_replay,permute,3,WebAttack,task4,fpr,0.00015249946625186812
ffnn_ewc_replay,permute,3,WebAttack,task4,detection_rate,0.007712082262210797
ffnn_ewc_replay,permute,3,WebAttack,task4,binary_f1,0.014742014742014743
ffnn_ewc_replay,permute,3,WebAttack,task4,category_recall,0.0
ffnn_ewc_replay,permute,3,WebAttack,task5,n,190000.0
ffnn_ewc_replay,permute,3,WebAttack,task5,n_benign,185763.0
ffnn_ewc_replay,permute,3,WebAttack,task5,n_attack,4237.0
ffnn_ewc_replay,permute,3,WebAttack,task5,accuracy,0.9776263157894737
ffnn_ewc_replay,permute,3,WebAttack,task5,macro_f1,0.4943432983188245
ffnn_ewc_replay,permute,3,WebAttack,task5,fpr,7.536484660562114e-05
ffnn_ewc_replay,permute,3,WebAttack,task5,detection_rate,0.0
ffnn_ewc_replay,permute,3,WebAttack,task5,binary_f1,0.0
ffnn_ewc_replay,permute,3,WebAttack,task5,category_recall,0.0
ffnn_ewc_replay,permute,3,WebAttack,seen,n,1310000.0
ffnn_ewc_replay,permute,3,WebAttack,seen,n_benign,1212565.0
ffnn_ewc_replay,permute,3,WebAttack,seen,n_attack,97435.0
ffnn_ewc_replay,permute,3,WebAttack,seen,accuracy,0.9992099236641221
ffnn_ewc_replay,permute,3,WebAttack,seen,macro_f1,0.8332062495769403
ffnn_ewc_replay,permute,3,WebAttack,seen,fpr,9.401557854630474e-05
ffnn_ewc_replay,permute,3,WebAttack,seen,detection_rate,0.9908451788371735
ffnn_ewc_replay,permute,3,WebAttack,seen,binary_f1,0.9948168909589267
ffnn_ewc_replay,permute,3,WebAttack,all,n,1895000.0
ffnn_ewc_replay,permute,3,WebAttack,all,n_benign,1791772.0
ffnn_ewc_replay,permute,3,WebAttack,all,n_attack,103228.0
ffnn_ewc_replay,permute,3,WebAttack,all,accuracy,0.9963577836411609
ffnn_ewc_replay,permute,3,WebAttack,all,macro_f1,0.5859331753871427
ffnn_ewc_replay,permute,3,WebAttack,all,fpr,0.00010492406399921419
ffnn_ewc_replay,permute,3,WebAttack,all,detection_rate,0.9353566861704189
ffnn_ewc_replay,permute,3,WebAttack,all,binary_f1,0.9656900250536328
ffnn_ewc_replay,random_src,3,WebAttack,task0,n,175000.0
ffnn_ewc_replay,random_src,3,WebAttack,task0,n_benign,172109.0
ffnn_ewc_replay,random_src,3,WebAttack,task0,n_attack,2891.0
ffnn_ewc_replay,random_src,3,WebAttack,task0,accuracy,0.9999428571428571
ffnn_ewc_replay,random_src,3,WebAttack,task0,macro_f1,0.9999854738995027
ffnn_ewc_replay,random_src,3,WebAttack,task0,fpr,5.81027139777699e-05
ffnn_ewc_replay,random_src,3,WebAttack,task0,detection_rate,1.0
ffnn_ewc_replay,random_src,3,WebAttack,task0,binary_f1,0.9982734806629834
ffnn_ewc_replay,random_src,3,WebAttack,task0,category_recall,1.0
ffnn_ewc_replay,random_src,3,WebAttack,task1,n,385000.0
ffnn_ewc_replay,random_src,3,WebAttack,task1,n_benign,331373.0
ffnn_ewc_replay,random_src,3,WebAttack,task1,n_attack,53627.0
ffnn_ewc_replay,random_src,3,WebAttack,task1,accuracy,0.9998233766233766
ffnn_ewc_replay,random_src,3,WebAttack,task1,macro_f1,0.9997065156566178
ffnn_ewc_replay,random_src,3,WebAttack,task1,fpr,4.828395795674361e-05
ffnn_ewc_replay,random_src,3,WebAttack,task1,detection_rate,0.999384638335167
ffnn_ewc_replay,random_src,3,WebAttack,task1,binary_f1,0.9995430681574456
ffnn_ewc_replay,random_src,3,WebAttack,task1,category_recall,0.9990303391948085
ffnn_ewc_replay,random_src,3,WebAttack,task2,n,480000.0
ffnn_ewc_replay,random_src,3,WebAttack,task2,n_benign,439090.0
ffnn_ewc_replay,random_src,3,WebAttack,task2,n_attack,40910.0
ffnn_ewc_replay,random_src,3,WebAttack,task2,accuracy,0.9980895833333333
ffnn_ewc_replay,random_src,3,WebAttack,task2,macro_f1,0.7140262006096553
ffnn_ewc_replay,random_src,3,WebAttack,task2,fpr,0.00011159443394292742
ffnn_ewc_replay,random_src,3,WebAttack,task2,detection_rate,0.9790271327303838
ffnn_ewc_replay,random_src,3,WebAttack,task2,binary_f1,0.9888039895816617
ffnn_ewc_replay,random_src,3,WebAttack,task2,category_recall,0.9787806189801007
ffnn_ewc_replay,random_src,3,WebAttack,task3,n,270000.0
ffnn_ewc_replay,random_src,3,WebAttack,task3,n_benign,269993.0
ffnn_ewc_replay,random_src,3,WebAttack,task3,n_attack,7.0
ffnn_ewc_replay,random_src,3,WebAttack,task3,accuracy,0.9998518518518519
ffnn_ewc_replay,random_src,3,WebAttack,task3,macro_f1,0.6538091132422439
ffnn_ewc_replay,random_src,3,WebAttack,task3,fpr,0.0001444481893975029
ffnn_ewc_replay,random_src,3,WebAttack,task3,detection_rate,0.8571428571428571
ffnn_ewc_replay,random_src,3,WebAttack,task3,binary_f1,0.23076923076923078
ffnn_ewc_replay,random_src,3,WebAttack,task3,category_recall,0.8571428571428571
ffnn_ewc_replay,random_src,3,WebAttack,task4,n,395000.0
ffnn_ewc_replay,random_src,3,WebAttack,task4,n_benign,393444.0
ffnn_ewc_replay,random_src,3,WebAttack,task4,n_attack,1556.0
ffnn_ewc_replay,random_src,3,WebAttack,task4,accuracy,0.9959088607594937
ffnn_ewc_replay,random_src,3,WebAttack,task4,macro_f1,0.498982713744273
ffnn_ewc_replay,random_src,3,WebAttack,task4,fpr,0.00015249946625186812
ffnn_ewc_replay,random_src,3,WebAttack,task4,detection_rate,0.007712082262210797
ffnn_ewc_replay,random_src,3,WebAttack,task4,binary_f1,0.014742014742014743
ffnn_ewc_replay,random_src,3,WebAttack,task4,category_recall,0.0
ffnn_ewc_replay,random_src,3,WebAttack,task5,n,190000.0
ffnn_ewc_replay,random_src,3,WebAttack,task5,n_benign,185763.0
ffnn_ewc_replay,random_src,3,WebAttack,task5,n_attack,4237.0
ffnn_ewc_replay,random_src,3,WebAttack,task5,accuracy,0.9776263157894737
ffnn_ewc_replay,random_src,3,WebAttack,task5,macro_f1,0.4943432983188245
ffnn_ewc_replay,random_src,3,WebAttack,task5,fpr,7.536484660562114e-05
ffnn_ewc_replay,random_src,3,WebAttack,task5,detection_rate,0.0
ffnn_ewc_replay,random_src,3,WebAttack,task5,binary_f1,0.0
ffnn_ewc_replay,random_src,3,WebAttack,task5,category_recall,0.0
ffnn_ewc_replay,random_src,3,WebAttack,seen,n,1310000.0
ffnn_ewc_replay,random_src,3,WebAttack,seen,n_benign,1212565.0
ffnn_ewc_replay,random_src,3,WebAttack,seen,n_attack,97435.0
ffnn_ewc_replay,random_src,3,WebAttack,seen,accuracy,0.9992099236641221
ffnn_ewc_replay,random_src,3,WebAttack,seen,macro_f1,0.8332062495769403
ffnn_ewc_replay,random_src,3,WebAttack,seen,fpr,9.401557854630474e-05
ffnn_ewc_replay,random_src,3,WebAttack,seen,detection_rate,0.9908451788371735
ffnn_ewc_replay,random_src,3,WebAttack,seen,binary_f1,0.9948168909589267
ffnn_ewc_replay,random_src,3,WebAttack,all,n,1895000.0
ffnn_ewc_replay,random_src,3,WebAttack,all,n_benign,1791772.0
ffnn_ewc_replay,random_src,3,WebAttack,all,n_attack,103228.0
ffnn_ewc_replay,random_src,3,WebAttack,all,accuracy,0.9963577836411609
ffnn_ewc_replay,random_src,3,WebAttack,all,macro_f1,0.5859331753871427
ffnn_ewc_replay,random_src,3,WebAttack,all,fpr,0.00010492406399921419
ffnn_ewc_replay,random_src,3,WebAttack,all,detection_rate,0.9353566861704189
ffnn_ewc_replay,random_src,3,WebAttack,all,binary_f1,0.9656900250536328
ffnn_ewc_replay,none,4,Infiltration,task0,n,175000.0
ffnn_ewc_replay,none,4,Infiltration,task0,n_benign,172109.0
ffnn_ewc_replay,none,4,Infiltration,task0,n_attack,2891.0
ffnn_ewc_replay,none,4,Infiltration,task0,accuracy,0.99808
ffnn_ewc_replay,none,4,Infiltration,task0,macro_f1,0.9995114603265074
ffnn_ewc_replay,none,4,Infiltration,task0,fpr,0.0019522511896530688
ffnn_ewc_replay,none,4,Infiltration,task0,detection_rate,1.0
ffnn_ewc_replay,none,4,Infiltration,task0,binary_f1,0.9450800915331807
ffnn_ewc_replay,none,4,Infiltration,task0,category_recall,1.0
ffnn_ewc_replay,none,4,Infiltration,task1,n,385000.0
ffnn_ewc_replay,none,4,Infiltration,task1,n_benign,331373.0
ffnn_ewc_replay,none,4,Infiltration,task1,n_attack,53627.0
ffnn_ewc_replay,none,4,Infiltration,task1,accuracy,0.9984285714285714
ffnn_ewc_replay,none,4,Infiltration,task1,macro_f1,0.9992727182080369
ffnn_ewc_replay,none,4,Infiltration,task1,fpr,0.001668814296879951
ffnn_ewc_replay,none,4,Infiltration,task1,detection_rate,0.9990303391948085
ffnn_ewc_replay,none,4,Infiltration,task1,binary_f1,0.9943854113498214
ffnn_ewc_replay,none,4,Infiltration,task1,category_recall,0.9990303391948085
ffnn_ewc_replay,none,4,Infiltration,task2,n,480000.0
ffnn_ewc_replay,none,4,Infiltration,task2,n_benign,439090.0
ffnn_ewc_replay,none,4,Infiltration,task2,n_attack,40910.0
ffnn_ewc_replay,none,4,Infiltration,task2,accuracy,0.9977854166666666
ffnn_ewc_replay,none,4,Infiltration,task2,macro_f1,0.7522679003198212
ffnn_ewc_replay,none,4,Infiltration,task2,fpr,0.002420915985333303
ffnn_ewc_replay,none,4,Infiltration,task2,detection_rate,1.0
ffnn_ewc_replay,none,4,Infiltration,task2,binary_f1,0.9871746920357612
ffnn_ewc_replay,none,4,Infiltration,task2,category_recall,1.0
ffnn_ewc_replay,none,4,Infiltration,task3,n,270000.0
ffnn_ewc_replay,none,4,Infiltration,task3,n_benign,269993.0
ffnn_ewc_replay,none,4,Infiltration,task3,n_attack,7.0
ffnn_ewc_replay,none,4,Infiltration,task3,accuracy,0.9974074074074074
ffnn_ewc_replay,none,4,Infiltration,task3,macro_f1,0.629785778736924
ffnn_ewc_replay,none,4,Infiltration,task3,fpr,0.002588956009970629
ffnn_ewc_replay,none,4,Infiltration,task3,detection_rate,0.8571428571428571
ffnn_ewc_replay,none,4,Infiltration,task3,binary_f1,0.016853932584269662
ffnn_ewc_replay,none,4,Infiltration,task3,category_recall,0.8571428571428571
ffnn_ewc_replay,none,4,Infiltration,task4,n,395000.0
ffnn_ewc_replay,none,4,Infiltration,task4,n_benign,393444.0
ffnn_ewc_replay,none,4,Infiltration,task4,n_attack,1556.0
ffnn_ewc_replay,none,4,Infiltration,task4,accuracy,0.9978455696202532
ffnn_ewc_replay,none,4,Infiltration,task4,macro_f1,0.894922755618921
ffnn_ewc_replay,none,4,Infiltration,task4,fpr,0.0020638261099419487
ffnn_ewc_replay,none,4,Infiltration,task4,detection_rate,0.9749357326478149
ffnn_ewc_replay,none,4,Infiltration,task4,binary_f1,0.780952380952381
ffnn_ewc_replay,none,4,Infiltration,task4,category_recall,0.9749357326478149
ffnn_ewc_replay,none,4,Infiltration,task5,n,190000.0
ffnn_ewc_replay,none,4,Infiltration,task5,n_benign,185763.0
ffnn_ewc_replay,none,4,Infiltration,task5,n_attack,4237.0
ffnn_ewc_replay,none,4,Infiltration,task5,accuracy,0.9759473684210527
ffnn_ewc_replay,none,4,Infiltration,task5,macro_f1,0.4939136456862797
ffnn_ewc_replay,none,4,Infiltration,task5,fpr,0.0017926067085479885
ffnn_ewc_replay,none,4,Infiltration,task5,detection_rate,0.0
ffnn_ewc_replay,none,4,Infiltration,task5,binary_f1,0.0
ffnn_ewc_replay,none,4,Infiltration,task5,category_recall,0.0
ffnn_ewc_replay,none,4,Infiltration,seen,n,1705000.0
ffnn_ewc_replay,none,4,Infiltration,seen,n_benign,1606009.0
ffnn_ewc_replay,none,4,Infiltration,seen,n_attack,98991.0
ffnn_ewc_replay,none,4,Infiltration,seen,accuracy,0.9979149560117302
ffnn_ewc_replay,none,4,Infiltration,seen,macro_f1,0.7719411783592126
ffnn_ewc_replay,none,4,Infiltration,seen,fpr,0.0021562768328197415
ffnn_ewc_replay,none,4,Infiltration,seen,detection_rate,0.9990706225818509
ffnn_ewc_replay,none,4,Infiltration,seen,binary_f1,0.9823444398643179
ffnn_ewc_replay,none,4,Infiltration,all,n,1895000.0
ffnn_ewc_replay,none,4,Infiltration,all,n_benign,1791772.0
ffnn_ewc_replay,none,4,Infiltration,all,n_attack,103228.0
ffnn_ewc_replay,none,4,Infiltration,all,accuracy,0.9957124010554089
ffnn_ewc_replay,none,4,Infiltration,all,macro_f1,0.6563845672930329
ffnn_ewc_replay,none,4,Infiltration,all,fpr,0.0021185731220266864
ffnn_ewc_replay,none,4,Infiltration,all,detection_rate,0.9580637036462976
ffnn_ewc_replay,none,4,Infiltration,all,binary_f1,0.9605435041253284
ffnn_ewc_replay,permute,4,Infiltration,task0,n,175000.0
ffnn_ewc_replay,permute,4,Infiltration,task0,n_benign,172109.0
ffnn_ewc_replay,permute,4,Infiltration,task0,n_attack,2891.0
ffnn_ewc_replay,permute,4,Infiltration,task0,accuracy,0.99808
ffnn_ewc_replay,permute,4,Infiltration,task0,macro_f1,0.9995114603265074
ffnn_ewc_replay,permute,4,Infiltration,task0,fpr,0.0019522511896530688
ffnn_ewc_replay,permute,4,Infiltration,task0,detection_rate,1.0
ffnn_ewc_replay,permute,4,Infiltration,task0,binary_f1,0.9450800915331807
ffnn_ewc_replay,permute,4,Infiltration,task0,category_recall,1.0
ffnn_ewc_replay,permute,4,Infiltration,task1,n,385000.0
ffnn_ewc_replay,permute,4,Infiltration,task1,n_benign,331373.0
ffnn_ewc_replay,permute,4,Infiltration,task1,n_attack,53627.0
ffnn_ewc_replay,permute,4,Infiltration,task1,accuracy,0.9984285714285714
ffnn_ewc_replay,permute,4,Infiltration,task1,macro_f1,0.9992727182080369
ffnn_ewc_replay,permute,4,Infiltration,task1,fpr,0.001668814296879951
ffnn_ewc_replay,permute,4,Infiltration,task1,detection_rate,0.9990303391948085
ffnn_ewc_replay,permute,4,Infiltration,task1,binary_f1,0.9943854113498214
ffnn_ewc_replay,permute,4,Infiltration,task1,category_recall,0.9990303391948085
ffnn_ewc_replay,permute,4,Infiltration,task2,n,480000.0
ffnn_ewc_replay,permute,4,Infiltration,task2,n_benign,439090.0
ffnn_ewc_replay,permute,4,Infiltration,task2,n_attack,40910.0
ffnn_ewc_replay,permute,4,Infiltration,task2,accuracy,0.9977854166666666
ffnn_ewc_replay,permute,4,Infiltration,task2,macro_f1,0.7522679003198212
ffnn_ewc_replay,permute,4,Infiltration,task2,fpr,0.002420915985333303
ffnn_ewc_replay,permute,4,Infiltration,task2,detection_rate,1.0
ffnn_ewc_replay,permute,4,Infiltration,task2,binary_f1,0.9871746920357612
ffnn_ewc_replay,permute,4,Infiltration,task2,category_recall,1.0
ffnn_ewc_replay,permute,4,Infiltration,task3,n,270000.0
ffnn_ewc_replay,permute,4,Infiltration,task3,n_benign,269993.0
ffnn_ewc_replay,permute,4,Infiltration,task3,n_attack,7.0
ffnn_ewc_replay,permute,4,Infiltration,task3,accuracy,0.9974074074074074
ffnn_ewc_replay,permute,4,Infiltration,task3,macro_f1,0.629785778736924
ffnn_ewc_replay,permute,4,Infiltration,task3,fpr,0.002588956009970629
ffnn_ewc_replay,permute,4,Infiltration,task3,detection_rate,0.8571428571428571
ffnn_ewc_replay,permute,4,Infiltration,task3,binary_f1,0.016853932584269662
ffnn_ewc_replay,permute,4,Infiltration,task3,category_recall,0.8571428571428571
ffnn_ewc_replay,permute,4,Infiltration,task4,n,395000.0
ffnn_ewc_replay,permute,4,Infiltration,task4,n_benign,393444.0
ffnn_ewc_replay,permute,4,Infiltration,task4,n_attack,1556.0
ffnn_ewc_replay,permute,4,Infiltration,task4,accuracy,0.9978455696202532
ffnn_ewc_replay,permute,4,Infiltration,task4,macro_f1,0.894922755618921
ffnn_ewc_replay,permute,4,Infiltration,task4,fpr,0.0020638261099419487
ffnn_ewc_replay,permute,4,Infiltration,task4,detection_rate,0.9749357326478149
ffnn_ewc_replay,permute,4,Infiltration,task4,binary_f1,0.780952380952381
ffnn_ewc_replay,permute,4,Infiltration,task4,category_recall,0.9749357326478149
ffnn_ewc_replay,permute,4,Infiltration,task5,n,190000.0
ffnn_ewc_replay,permute,4,Infiltration,task5,n_benign,185763.0
ffnn_ewc_replay,permute,4,Infiltration,task5,n_attack,4237.0
ffnn_ewc_replay,permute,4,Infiltration,task5,accuracy,0.9759473684210527
ffnn_ewc_replay,permute,4,Infiltration,task5,macro_f1,0.4939136456862797
ffnn_ewc_replay,permute,4,Infiltration,task5,fpr,0.0017926067085479885
ffnn_ewc_replay,permute,4,Infiltration,task5,detection_rate,0.0
ffnn_ewc_replay,permute,4,Infiltration,task5,binary_f1,0.0
ffnn_ewc_replay,permute,4,Infiltration,task5,category_recall,0.0
ffnn_ewc_replay,permute,4,Infiltration,seen,n,1705000.0
ffnn_ewc_replay,permute,4,Infiltration,seen,n_benign,1606009.0
ffnn_ewc_replay,permute,4,Infiltration,seen,n_attack,98991.0
ffnn_ewc_replay,permute,4,Infiltration,seen,accuracy,0.9979149560117302
ffnn_ewc_replay,permute,4,Infiltration,seen,macro_f1,0.7719411783592126
ffnn_ewc_replay,permute,4,Infiltration,seen,fpr,0.0021562768328197415
ffnn_ewc_replay,permute,4,Infiltration,seen,detection_rate,0.9990706225818509
ffnn_ewc_replay,permute,4,Infiltration,seen,binary_f1,0.9823444398643179
ffnn_ewc_replay,permute,4,Infiltration,all,n,1895000.0
ffnn_ewc_replay,permute,4,Infiltration,all,n_benign,1791772.0
ffnn_ewc_replay,permute,4,Infiltration,all,n_attack,103228.0
ffnn_ewc_replay,permute,4,Infiltration,all,accuracy,0.9957124010554089
ffnn_ewc_replay,permute,4,Infiltration,all,macro_f1,0.6563845672930329
ffnn_ewc_replay,permute,4,Infiltration,all,fpr,0.0021185731220266864
ffnn_ewc_replay,permute,4,Infiltration,all,detection_rate,0.9580637036462976
ffnn_ewc_replay,permute,4,Infiltration,all,binary_f1,0.9605435041253284
ffnn_ewc_replay,random_src,4,Infiltration,task0,n,175000.0
ffnn_ewc_replay,random_src,4,Infiltration,task0,n_benign,172109.0
ffnn_ewc_replay,random_src,4,Infiltration,task0,n_attack,2891.0
ffnn_ewc_replay,random_src,4,Infiltration,task0,accuracy,0.99808
ffnn_ewc_replay,random_src,4,Infiltration,task0,macro_f1,0.9995114603265074
ffnn_ewc_replay,random_src,4,Infiltration,task0,fpr,0.0019522511896530688
ffnn_ewc_replay,random_src,4,Infiltration,task0,detection_rate,1.0
ffnn_ewc_replay,random_src,4,Infiltration,task0,binary_f1,0.9450800915331807
ffnn_ewc_replay,random_src,4,Infiltration,task0,category_recall,1.0
ffnn_ewc_replay,random_src,4,Infiltration,task1,n,385000.0
ffnn_ewc_replay,random_src,4,Infiltration,task1,n_benign,331373.0
ffnn_ewc_replay,random_src,4,Infiltration,task1,n_attack,53627.0
ffnn_ewc_replay,random_src,4,Infiltration,task1,accuracy,0.9984285714285714
ffnn_ewc_replay,random_src,4,Infiltration,task1,macro_f1,0.9992727182080369
ffnn_ewc_replay,random_src,4,Infiltration,task1,fpr,0.001668814296879951
ffnn_ewc_replay,random_src,4,Infiltration,task1,detection_rate,0.9990303391948085
ffnn_ewc_replay,random_src,4,Infiltration,task1,binary_f1,0.9943854113498214
ffnn_ewc_replay,random_src,4,Infiltration,task1,category_recall,0.9990303391948085
ffnn_ewc_replay,random_src,4,Infiltration,task2,n,480000.0
ffnn_ewc_replay,random_src,4,Infiltration,task2,n_benign,439090.0
ffnn_ewc_replay,random_src,4,Infiltration,task2,n_attack,40910.0
ffnn_ewc_replay,random_src,4,Infiltration,task2,accuracy,0.9977854166666666
ffnn_ewc_replay,random_src,4,Infiltration,task2,macro_f1,0.7522679003198212
ffnn_ewc_replay,random_src,4,Infiltration,task2,fpr,0.002420915985333303
ffnn_ewc_replay,random_src,4,Infiltration,task2,detection_rate,1.0
ffnn_ewc_replay,random_src,4,Infiltration,task2,binary_f1,0.9871746920357612
ffnn_ewc_replay,random_src,4,Infiltration,task2,category_recall,1.0
ffnn_ewc_replay,random_src,4,Infiltration,task3,n,270000.0
ffnn_ewc_replay,random_src,4,Infiltration,task3,n_benign,269993.0
ffnn_ewc_replay,random_src,4,Infiltration,task3,n_attack,7.0
ffnn_ewc_replay,random_src,4,Infiltration,task3,accuracy,0.9974074074074074
ffnn_ewc_replay,random_src,4,Infiltration,task3,macro_f1,0.629785778736924
ffnn_ewc_replay,random_src,4,Infiltration,task3,fpr,0.002588956009970629
ffnn_ewc_replay,random_src,4,Infiltration,task3,detection_rate,0.8571428571428571
ffnn_ewc_replay,random_src,4,Infiltration,task3,binary_f1,0.016853932584269662
ffnn_ewc_replay,random_src,4,Infiltration,task3,category_recall,0.8571428571428571
ffnn_ewc_replay,random_src,4,Infiltration,task4,n,395000.0
ffnn_ewc_replay,random_src,4,Infiltration,task4,n_benign,393444.0
ffnn_ewc_replay,random_src,4,Infiltration,task4,n_attack,1556.0
ffnn_ewc_replay,random_src,4,Infiltration,task4,accuracy,0.9978455696202532
ffnn_ewc_replay,random_src,4,Infiltration,task4,macro_f1,0.894922755618921
ffnn_ewc_replay,random_src,4,Infiltration,task4,fpr,0.0020638261099419487
ffnn_ewc_replay,random_src,4,Infiltration,task4,detection_rate,0.9749357326478149
ffnn_ewc_replay,random_src,4,Infiltration,task4,binary_f1,0.780952380952381
ffnn_ewc_replay,random_src,4,Infiltration,task4,category_recall,0.9749357326478149
ffnn_ewc_replay,random_src,4,Infiltration,task5,n,190000.0
ffnn_ewc_replay,random_src,4,Infiltration,task5,n_benign,185763.0
ffnn_ewc_replay,random_src,4,Infiltration,task5,n_attack,4237.0
ffnn_ewc_replay,random_src,4,Infiltration,task5,accuracy,0.9759473684210527
ffnn_ewc_replay,random_src,4,Infiltration,task5,macro_f1,0.4939136456862797
ffnn_ewc_replay,random_src,4,Infiltration,task5,fpr,0.0017926067085479885
ffnn_ewc_replay,random_src,4,Infiltration,task5,detection_rate,0.0
ffnn_ewc_replay,random_src,4,Infiltration,task5,binary_f1,0.0
ffnn_ewc_replay,random_src,4,Infiltration,task5,category_recall,0.0
ffnn_ewc_replay,random_src,4,Infiltration,seen,n,1705000.0
ffnn_ewc_replay,random_src,4,Infiltration,seen,n_benign,1606009.0
ffnn_ewc_replay,random_src,4,Infiltration,seen,n_attack,98991.0
ffnn_ewc_replay,random_src,4,Infiltration,seen,accuracy,0.9979149560117302
ffnn_ewc_replay,random_src,4,Infiltration,seen,macro_f1,0.7719411783592126
ffnn_ewc_replay,random_src,4,Infiltration,seen,fpr,0.0021562768328197415
ffnn_ewc_replay,random_src,4,Infiltration,seen,detection_rate,0.9990706225818509
ffnn_ewc_replay,random_src,4,Infiltration,seen,binary_f1,0.9823444398643179
ffnn_ewc_replay,random_src,4,Infiltration,all,n,1895000.0
ffnn_ewc_replay,random_src,4,Infiltration,all,n_benign,1791772.0
ffnn_ewc_replay,random_src,4,Infiltration,all,n_attack,103228.0
ffnn_ewc_replay,random_src,4,Infiltration,all,accuracy,0.9957124010554089
ffnn_ewc_replay,random_src,4,Infiltration,all,macro_f1,0.6563845672930329
ffnn_ewc_replay,random_src,4,Infiltration,all,fpr,0.0021185731220266864
ffnn_ewc_replay,random_src,4,Infiltration,all,detection_rate,0.9580637036462976
ffnn_ewc_replay,random_src,4,Infiltration,all,binary_f1,0.9605435041253284
ffnn_ewc_replay,none,5,Botnet,task0,n,175000.0
ffnn_ewc_replay,none,5,Botnet,task0,n_benign,172109.0
ffnn_ewc_replay,none,5,Botnet,task0,n_attack,2891.0
ffnn_ewc_replay,none,5,Botnet,task0,accuracy,0.9978285714285714
ffnn_ewc_replay,none,5,Botnet,task0,macro_f1,0.9994474141892402
ffnn_ewc_replay,none,5,Botnet,task0,fpr,0.002207903131155256
ffnn_ewc_replay,none,5,Botnet,task0,detection_rate,1.0
ffnn_ewc_replay,none,5,Botnet,task0,binary_f1,0.9383317104836092
ffnn_ewc_replay,none,5,Botnet,task0,category_recall,1.0
ffnn_ewc_replay,none,5,Botnet,task1,n,385000.0
ffnn_ewc_replay,none,5,Botnet,task1,n_benign,331373.0
ffnn_ewc_replay,none,5,Botnet,task1,n_attack,53627.0
ffnn_ewc_replay,none,5,Botnet,task1,accuracy,0.9980675324675324
ffnn_ewc_replay,none,5,Botnet,task1,macro_f1,0.9989347128592967
ffnn_ewc_replay,none,5,Botnet,task1,fpr,0.002094316676373754
ffnn_ewc_replay,none,5,Botnet,task1,detection_rate,0.9990676338411622
ffnn_ewc_replay,none,5,Botnet,task1,binary_f1,0.9931045987877439
ffnn_ewc_replay,none,5,Botnet,task1,category_recall,0.9990676338411622
ffnn_ewc_replay,none,5,Botnet,task2,n,480000.0
ffnn_ewc_replay,none,5,Botnet,task2,n_benign,439090.0
ffnn_ewc_replay,none,5,Botnet,task2,n_attack,40910.0
ffnn_ewc_replay,none,5,Botnet,task2,accuracy,0.9975291666666667
ffnn_ewc_replay,none,5,Botnet,task2,macro_f1,0.7649650197791096
ffnn_ewc_replay,none,5,Botnet,task2,fpr,0.0027010407889043247
ffnn_ewc_replay,none,5,Botnet,task2,detection_rate,1.0
ffnn_ewc_replay,none,5,Botnet,task2,binary_f1,0.9857118762499096
ffnn_ewc_replay,none,5,Botnet,task2,category_recall,1.0
ffnn_ewc_replay,none,5,Botnet,task3,n,270000.0
ffnn_ewc_replay,none,5,Botnet,task3,n_benign,269993.0
ffnn_ewc_replay,none,5,Botnet,task3,n_attack,7.0
ffnn_ewc_replay,none,5,Botnet,task3,accuracy,0.9968185185185185
ffnn_ewc_replay,none,5,Botnet,task3,macro_f1,0.6756739328893565
ffnn_ewc_replay,none,5,Botnet,task3,fpr,0.0031778601667450637
ffnn_ewc_replay,none,5,Botnet,task3,detection_rate,0.8571428571428571
ffnn_ewc_replay,none,5,Botnet,task3,binary_f1,0.013777267508610792
ffnn_ewc_replay,none,5,Botnet,task3,category_recall,0.8571428571428571
ffnn_ewc_replay,none,5,Botnet,task4,n,395000.0
ffnn_ewc_replay,none,5,Botnet,task4,n_benign,393444.0
ffnn_ewc_replay,none,5,Botnet,task4,n_attack,1556.0
ffnn_ewc_replay,none,5,Botnet,task4,accuracy,0.9976506329113924
ffnn_ewc_replay,none,5,Botnet,task4,macro_f1,0.8879494883188522
ffnn_ewc_replay,none,5,Botnet,task4,fpr,0.002333241833653582
ffnn_ewc_replay,none,5,Botnet,task4,detection_rate,0.993573264781491
ffnn_ewc_replay,none,5,Botnet,task4,binary_f1,0.7691542288557214
ffnn_ewc_replay,none,5,Botnet,task4,category_recall,0.993573264781491
ffnn_ewc_replay,none,5,Botnet,task5,n,190000.0
ffnn_ewc_replay,none,5,Botnet,task5,n_benign,185763.0
ffnn_ewc_replay,none,5,Botnet,task5,n_attack,4237.0
ffnn_ewc_replay,none,5,Botnet,task5,accuracy,0.9982684210526316
ffnn_ewc_replay,none,5,Botnet,task5,macro_f1,0.9995568390908331
ffnn_ewc_replay,none,5,Botnet,task5,fpr,0.0017710738952320967
ffnn_ewc_replay,none,5,Botnet,task5,detection_rate,1.0
ffnn_ewc_replay,none,5,Botnet,task5,binary_f1,0.9626263773713507
ffnn_ewc_replay,none,5,Botnet,task5,category_recall,1.0
ffnn_ewc_replay,none,5,Botnet,seen,n,1895000.0
ffnn_ewc_replay,none,5,Botnet,seen,n_benign,1791772.0
ffnn_ewc_replay,none,5,Botnet,seen,n_attack,103228.0
ffnn_ewc_replay,none,5,Botnet,seen,accuracy,0.9976643799472296
ffnn_ewc_replay,none,5,Botnet,seen,macro_f1,0.802223373819458
ffnn_ewc_replay,none,5,Botnet,seen,fpr,0.0024361358476413294
ffnn_ewc_replay,none,5,Botnet,seen,detection_rate,0.999409075057155
ffnn_ewc_replay,none,5,Botnet,seen,binary_f1,0.9789998102106662
ffnn_ewc_replay,none,5,Botnet,all,n,1895000.0
ffnn_ewc_replay,none,5,Botnet,all,n_benign,1791772.0
ffnn_ewc_replay,none,5,Botnet,all,n_attack,103228.0
ffnn_ewc_replay,none,5,Botnet,all,accuracy,0.9976643799472296
ffnn_ewc_replay,none,5,Botnet,all,macro_f1,0.802223373819458
ffnn_ewc_replay,none,5,Botnet,all,fpr,0.0024361358476413294
ffnn_ewc_replay,none,5,Botnet,all,detection_rate,0.999409075057155
ffnn_ewc_replay,none,5,Botnet,all,binary_f1,0.9789998102106662
ffnn_ewc_replay,permute,5,Botnet,task0,n,175000.0
ffnn_ewc_replay,permute,5,Botnet,task0,n_benign,172109.0
ffnn_ewc_replay,permute,5,Botnet,task0,n_attack,2891.0
ffnn_ewc_replay,permute,5,Botnet,task0,accuracy,0.9978285714285714
ffnn_ewc_replay,permute,5,Botnet,task0,macro_f1,0.9994474141892402
ffnn_ewc_replay,permute,5,Botnet,task0,fpr,0.002207903131155256
ffnn_ewc_replay,permute,5,Botnet,task0,detection_rate,1.0
ffnn_ewc_replay,permute,5,Botnet,task0,binary_f1,0.9383317104836092
ffnn_ewc_replay,permute,5,Botnet,task0,category_recall,1.0
ffnn_ewc_replay,permute,5,Botnet,task1,n,385000.0
ffnn_ewc_replay,permute,5,Botnet,task1,n_benign,331373.0
ffnn_ewc_replay,permute,5,Botnet,task1,n_attack,53627.0
ffnn_ewc_replay,permute,5,Botnet,task1,accuracy,0.9980675324675324
ffnn_ewc_replay,permute,5,Botnet,task1,macro_f1,0.9989347128592967
ffnn_ewc_replay,permute,5,Botnet,task1,fpr,0.002094316676373754
ffnn_ewc_replay,permute,5,Botnet,task1,detection_rate,0.9990676338411622
ffnn_ewc_replay,permute,5,Botnet,task1,binary_f1,0.9931045987877439
ffnn_ewc_replay,permute,5,Botnet,task1,category_recall,0.9990676338411622
ffnn_ewc_replay,permute,5,Botnet,task2,n,480000.0
ffnn_ewc_replay,permute,5,Botnet,task2,n_benign,439090.0
ffnn_ewc_replay,permute,5,Botnet,task2,n_attack,40910.0
ffnn_ewc_replay,permute,5,Botnet,task2,accuracy,0.9975291666666667
ffnn_ewc_replay,permute,5,Botnet,task2,macro_f1,0.7649650197791096
ffnn_ewc_replay,permute,5,Botnet,task2,fpr,0.0027010407889043247
ffnn_ewc_replay,permute,5,Botnet,task2,detection_rate,1.0
ffnn_ewc_replay,permute,5,Botnet,task2,binary_f1,0.9857118762499096
ffnn_ewc_replay,permute,5,Botnet,task2,category_recall,1.0
ffnn_ewc_replay,permute,5,Botnet,task3,n,270000.0
ffnn_ewc_replay,permute,5,Botnet,task3,n_benign,269993.0
ffnn_ewc_replay,permute,5,Botnet,task3,n_attack,7.0
ffnn_ewc_replay,permute,5,Botnet,task3,accuracy,0.9968185185185185
ffnn_ewc_replay,permute,5,Botnet,task3,macro_f1,0.6756739328893565
ffnn_ewc_replay,permute,5,Botnet,task3,fpr,0.0031778601667450637
ffnn_ewc_replay,permute,5,Botnet,task3,detection_rate,0.8571428571428571
ffnn_ewc_replay,permute,5,Botnet,task3,binary_f1,0.013777267508610792
ffnn_ewc_replay,permute,5,Botnet,task3,category_recall,0.8571428571428571
ffnn_ewc_replay,permute,5,Botnet,task4,n,395000.0
ffnn_ewc_replay,permute,5,Botnet,task4,n_benign,393444.0
ffnn_ewc_replay,permute,5,Botnet,task4,n_attack,1556.0
ffnn_ewc_replay,permute,5,Botnet,task4,accuracy,0.9976506329113924
ffnn_ewc_replay,permute,5,Botnet,task4,macro_f1,0.8879494883188522
ffnn_ewc_replay,permute,5,Botnet,task4,fpr,0.002333241833653582
ffnn_ewc_replay,permute,5,Botnet,task4,detection_rate,0.993573264781491
ffnn_ewc_replay,permute,5,Botnet,task4,binary_f1,0.7691542288557214
ffnn_ewc_replay,permute,5,Botnet,task4,category_recall,0.993573264781491
ffnn_ewc_replay,permute,5,Botnet,task5,n,190000.0
ffnn_ewc_replay,permute,5,Botnet,task5,n_benign,185763.0
ffnn_ewc_replay,permute,5,Botnet,task5,n_attack,4237.0
ffnn_ewc_replay,permute,5,Botnet,task5,accuracy,0.9982684210526316
ffnn_ewc_replay,permute,5,Botnet,task5,macro_f1,0.9995568390908331
ffnn_ewc_replay,permute,5,Botnet,task5,fpr,0.0017710738952320967
ffnn_ewc_replay,permute,5,Botnet,task5,detection_rate,1.0
ffnn_ewc_replay,permute,5,Botnet,task5,binary_f1,0.9626263773713507
ffnn_ewc_replay,permute,5,Botnet,task5,category_recall,1.0
ffnn_ewc_replay,permute,5,Botnet,seen,n,1895000.0
ffnn_ewc_replay,permute,5,Botnet,seen,n_benign,1791772.0
ffnn_ewc_replay,permute,5,Botnet,seen,n_attack,103228.0
ffnn_ewc_replay,permute,5,Botnet,seen,accuracy,0.9976643799472296
ffnn_ewc_replay,permute,5,Botnet,seen,macro_f1,0.802223373819458
ffnn_ewc_replay,permute,5,Botnet,seen,fpr,0.0024361358476413294
ffnn_ewc_replay,permute,5,Botnet,seen,detection_rate,0.999409075057155
ffnn_ewc_replay,permute,5,Botnet,seen,binary_f1,0.9789998102106662
ffnn_ewc_replay,permute,5,Botnet,all,n,1895000.0
ffnn_ewc_replay,permute,5,Botnet,all,n_benign,1791772.0
ffnn_ewc_replay,permute,5,Botnet,all,n_attack,103228.0
ffnn_ewc_replay,permute,5,Botnet,all,accuracy,0.9976643799472296
ffnn_ewc_replay,permute,5,Botnet,all,macro_f1,0.802223373819458
ffnn_ewc_replay,permute,5,Botnet,all,fpr,0.0024361358476413294
ffnn_ewc_replay,permute,5,Botnet,all,detection_rate,0.999409075057155
ffnn_ewc_replay,permute,5,Botnet,all,binary_f1,0.9789998102106662
ffnn_ewc_replay,random_src,5,Botnet,task0,n,175000.0
ffnn_ewc_replay,random_src,5,Botnet,task0,n_benign,172109.0
ffnn_ewc_replay,random_src,5,Botnet,task0,n_attack,2891.0
ffnn_ewc_replay,random_src,5,Botnet,task0,accuracy,0.9978285714285714
ffnn_ewc_replay,random_src,5,Botnet,task0,macro_f1,0.9994474141892402
ffnn_ewc_replay,random_src,5,Botnet,task0,fpr,0.002207903131155256
ffnn_ewc_replay,random_src,5,Botnet,task0,detection_rate,1.0
ffnn_ewc_replay,random_src,5,Botnet,task0,binary_f1,0.9383317104836092
ffnn_ewc_replay,random_src,5,Botnet,task0,category_recall,1.0
ffnn_ewc_replay,random_src,5,Botnet,task1,n,385000.0
ffnn_ewc_replay,random_src,5,Botnet,task1,n_benign,331373.0
ffnn_ewc_replay,random_src,5,Botnet,task1,n_attack,53627.0
ffnn_ewc_replay,random_src,5,Botnet,task1,accuracy,0.9980675324675324
ffnn_ewc_replay,random_src,5,Botnet,task1,macro_f1,0.9989347128592967
ffnn_ewc_replay,random_src,5,Botnet,task1,fpr,0.002094316676373754
ffnn_ewc_replay,random_src,5,Botnet,task1,detection_rate,0.9990676338411622
ffnn_ewc_replay,random_src,5,Botnet,task1,binary_f1,0.9931045987877439
ffnn_ewc_replay,random_src,5,Botnet,task1,category_recall,0.9990676338411622
ffnn_ewc_replay,random_src,5,Botnet,task2,n,480000.0
ffnn_ewc_replay,random_src,5,Botnet,task2,n_benign,439090.0
ffnn_ewc_replay,random_src,5,Botnet,task2,n_attack,40910.0
ffnn_ewc_replay,random_src,5,Botnet,task2,accuracy,0.9975291666666667
ffnn_ewc_replay,random_src,5,Botnet,task2,macro_f1,0.7649650197791096
ffnn_ewc_replay,random_src,5,Botnet,task2,fpr,0.0027010407889043247
ffnn_ewc_replay,random_src,5,Botnet,task2,detection_rate,1.0
ffnn_ewc_replay,random_src,5,Botnet,task2,binary_f1,0.9857118762499096
ffnn_ewc_replay,random_src,5,Botnet,task2,category_recall,1.0
ffnn_ewc_replay,random_src,5,Botnet,task3,n,270000.0
ffnn_ewc_replay,random_src,5,Botnet,task3,n_benign,269993.0
ffnn_ewc_replay,random_src,5,Botnet,task3,n_attack,7.0
ffnn_ewc_replay,random_src,5,Botnet,task3,accuracy,0.9968185185185185
ffnn_ewc_replay,random_src,5,Botnet,task3,macro_f1,0.6756739328893565
ffnn_ewc_replay,random_src,5,Botnet,task3,fpr,0.0031778601667450637
ffnn_ewc_replay,random_src,5,Botnet,task3,detection_rate,0.8571428571428571
ffnn_ewc_replay,random_src,5,Botnet,task3,binary_f1,0.013777267508610792
ffnn_ewc_replay,random_src,5,Botnet,task3,category_recall,0.8571428571428571
ffnn_ewc_replay,random_src,5,Botnet,task4,n,395000.0
ffnn_ewc_replay,random_src,5,Botnet,task4,n_benign,393444.0
ffnn_ewc_replay,random_src,5,Botnet,task4,n_attack,1556.0
ffnn_ewc_replay,random_src,5,Botnet,task4,accuracy,0.9976506329113924
ffnn_ewc_replay,random_src,5,Botnet,task4,macro_f1,0.8879494883188522
ffnn_ewc_replay,random_src,5,Botnet,task4,fpr,0.002333241833653582
ffnn_ewc_replay,random_src,5,Botnet,task4,detection_rate,0.993573264781491
ffnn_ewc_replay,random_src,5,Botnet,task4,binary_f1,0.7691542288557214
ffnn_ewc_replay,random_src,5,Botnet,task4,category_recall,0.993573264781491
ffnn_ewc_replay,random_src,5,Botnet,task5,n,190000.0
ffnn_ewc_replay,random_src,5,Botnet,task5,n_benign,185763.0
ffnn_ewc_replay,random_src,5,Botnet,task5,n_attack,4237.0
ffnn_ewc_replay,random_src,5,Botnet,task5,accuracy,0.9982684210526316
ffnn_ewc_replay,random_src,5,Botnet,task5,macro_f1,0.9995568390908331
ffnn_ewc_replay,random_src,5,Botnet,task5,fpr,0.0017710738952320967
ffnn_ewc_replay,random_src,5,Botnet,task5,detection_rate,1.0
ffnn_ewc_replay,random_src,5,Botnet,task5,binary_f1,0.9626263773713507
ffnn_ewc_replay,random_src,5,Botnet,task5,category_recall,1.0
ffnn_ewc_replay,random_src,5,Botnet,seen,n,1895000.0
ffnn_ewc_replay,random_src,5,Botnet,seen,n_benign,1791772.0
ffnn_ewc_replay,random_src,5,Botnet,seen,n_attack,103228.0
ffnn_ewc_replay,random_src,5,Botnet,seen,accuracy,0.9976643799472296
ffnn_ewc_replay,random_src,5,Botnet,seen,macro_f1,0.802223373819458
ffnn_ewc_replay,random_src,5,Botnet,seen,fpr,0.0024361358476413294
ffnn_ewc_replay,random_src,5,Botnet,seen,detection_rate,0.999409075057155
ffnn_ewc_replay,random_src,5,Botnet,seen,binary_f1,0.9789998102106662
ffnn_ewc_replay,random_src,5,Botnet,all,n,1895000.0
ffnn_ewc_replay,random_src,5,Botnet,all,n_benign,1791772.0
ffnn_ewc_replay,random_src,5,Botnet,all,n_attack,103228.0
ffnn_ewc_replay,random_src,5,Botnet,all,accuracy,0.9976643799472296
ffnn_ewc_replay,random_src,5,Botnet,all,macro_f1,0.802223373819458
ffnn_ewc_replay,random_src,5,Botnet,all,fpr,0.0024361358476413294
ffnn_ewc_replay,random_src,5,Botnet,all,detection_rate,0.999409075057155
ffnn_ewc_replay,random_src,5,Botnet,all,binary_f1,0.9789998102106662
