model,ip_mode,after_task,after_task_category,scope,metric,value
xgboost_static,none,0,BruteForce,task0,n,138702.0
xgboost_static,none,0,BruteForce,task0,n_benign,137422.0
xgboost_static,none,0,BruteForce,task0,n_attack,1280.0
xgboost_static,none,0,BruteForce,task0,accuracy,0.999992790298626
xgboost_static,none,0,BruteForce,task0,macro_f1,0.999802944543727
xgboost_static,none,0,BruteForce,task0,fpr,7.27685523424197e-06
xgboost_static,none,0,BruteForce,task0,detection_rate,1.0
xgboost_static,none,0,BruteForce,task0,binary_f1,0.9996095275283092
xgboost_static,none,0,BruteForce,task0,category_recall,1.0
xgboost_static,none,0,BruteForce,task1,n,100000.0
xgboost_static,none,0,BruteForce,task1,n_benign,66394.0
xgboost_static,none,0,BruteForce,task1,n_attack,33606.0
xgboost_static,none,0,BruteForce,task1,accuracy,0.66393
xgboost_static,none,0,BruteForce,task1,macro_f1,0.3990131796409705
xgboost_static,none,0,BruteForce,task1,fpr,1.5061601951983614e-05
xgboost_static,none,0,BruteForce,task1,detection_rate,0.0
xgboost_static,none,0,BruteForce,task1,binary_f1,0.0
xgboost_static,none,0,BruteForce,task1,category_recall,0.0
xgboost_static,none,0,BruteForce,task2,n,25000.0
xgboost_static,none,0,BruteForce,task2,n_benign,24976.0
xgboost_static,none,0,BruteForce,task2,n_attack,24.0
xgboost_static,none,0,BruteForce,task2,accuracy,0.99904
xgboost_static,none,0,BruteForce,task2,macro_f1,0.4997598847446774
xgboost_static,none,0,BruteForce,task2,fpr,0.0
xgboost_static,none,0,BruteForce,task2,detection_rate,0.0
xgboost_static,none,0,BruteForce,task2,binary_f1,0.0
xgboost_static,none,0,BruteForce,task2,category_recall,0.0
xgboost_static,none,0,BruteForce,task3,n,45000.0
xgboost_static,none,0,BruteForce,task3,n_benign,28566.0
xgboost_static,none,0,BruteForce,task3,n_attack,16434.0
xgboost_static,none,0,BruteForce,task3,accuracy,0.6351555555555556
xgboost_static,none,0,BruteForce,task3,macro_f1,0.3897070494381054
xgboost_static,none,0,BruteForce,task3,fpr,0.0002100399075824
xgboost_static,none,0,BruteForce,task3,detection_rate,0.001338688085676
xgboost_static,none,0,BruteForce,task3,binary_f1,0.0026728222573198
xgboost_static,none,0,BruteForce,task3,category_recall,0.001338688085676
xgboost_static,none,0,BruteForce,task4,n,27642.0
xgboost_static,none,0,BruteForce,task4,n_benign,27569.0
xgboost_static,none,0,BruteForce,task4,n_attack,73.0
xgboost_static,none,0,BruteForce,task4,accuracy,0.9973590912379712
xgboost_static,none,0,BruteForce,task4,macro_f1,0.4993388998569126
xgboost_static,none,0,BruteForce,task4,fpr,0.0
xgboost_static,none,0,BruteForce,task4,detection_rate,0.0
xgboost_static,none,0,BruteForce,task4,binary_f1,0.0
xgboost_static,none,0,BruteForce,task4,category_recall,0.0
xgboost_static,none,0,BruteForce,task5,n,55000.0
xgboost_static,none,0,BruteForce,task5,n_benign,25723.0
xgboost_static,none,0,BruteForce,task5,n_attack,29277.0
xgboost_static,none,0,BruteForce,task5,accuracy,0.4676727272727273
xgboost_static,none,0,BruteForce,task5,macro_f1,0.3186491910507668
xgboost_static,none,0,BruteForce,task5,fpr,3.8875714341251024e-05
xgboost_static,none,0,BruteForce,task5,detection_rate,0.0
xgboost_static,none,0,BruteForce,task5,binary_f1,0.0
xgboost_static,none,0,BruteForce,task5,category_recall,0.0
xgboost_static,none,0,BruteForce,task6,n,25000.0
xgboost_static,none,0,BruteForce,task6,n_benign,2841.0
xgboost_static,none,0,BruteForce,task6,n_attack,22159.0
xgboost_static,none,0,BruteForce,task6,accuracy,0.11364
xgboost_static,none,0,BruteForce,task6,macro_f1,0.1020437484285765
xgboost_static,none,0,BruteForce,task6,fpr,0.0
xgboost_static,none,0,BruteForce,task6,detection_rate,0.0
xgboost_static,none,0,BruteForce,task6,binary_f1,0.0
xgboost_static,none,0,BruteForce,task6,category_recall,0.0
xgboost_static,none,0,BruteForce,seen,n,138702.0
xgboost_static,none,0,BruteForce,seen,n_benign,137422.0
xgboost_static,none,0,BruteForce,seen,n_attack,1280.0
xgboost_static,none,0,BruteForce,seen,accuracy,0.999992790298626
xgboost_static,none,0,BruteForce,seen,macro_f1,0.999802944543727
xgboost_static,none,0,BruteForce,seen,fpr,7.27685523424197e-06
xgboost_static,none,0,BruteForce,seen,detection_rate,1.0
xgboost_static,none,0,BruteForce,seen,binary_f1,0.9996095275283092
xgboost_static,none,0,BruteForce,all,n,416344.0
xgboost_static,none,0,BruteForce,all,n_benign,313491.0
xgboost_static,none,0,BruteForce,all,n_attack,102853.0
xgboost_static,none,0,BruteForce,all,accuracy,0.7560670983609707
xgboost_static,none,0,BruteForce,all,macro_f1,0.4427969432709528
xgboost_static,none,0,BruteForce,all,fpr,2.870895815190867e-05
xgboost_static,none,0,BruteForce,all,detection_rate,0.0126588432034068
xgboost_static,none,0,BruteForce,all,binary_f1,0.0249990399754233
xgboost_static,none,1,DoS,task0,n,138702.0
xgboost_static,none,1,DoS,task0,n_benign,137422.0
xgboost_static,none,1,DoS,task0,n_attack,1280.0
xgboost_static,none,1,DoS,task0,accuracy,0.999992790298626
xgboost_static,none,1,DoS,task0,macro_f1,0.999802944543727
xgboost_static,none,1,DoS,task0,fpr,7.27685523424197e-06
xgboost_static,none,1,DoS,task0,detection_rate,1.0
xgboost_static,none,1,DoS,task0,binary_f1,0.9996095275283092
xgboost_static,none,1,DoS,task0,category_recall,1.0
xgboost_static,none,1,DoS,task1,n,100000.0
xgboost_static,none,1,DoS,task1,n_benign,66394.0
xgboost_static,none,1,DoS,task1,n_attack,33606.0
xgboost_static,none,1,DoS,task1,accuracy,0.66393
xgboost_static,none,1,DoS,task1,macro_f1,0.3990131796409705
xgboost_static,none,1,DoS,task1,fpr,1.5061601951983614e-05
xgboost_static,none,1,DoS,task1,detection_rate,0.0
xgboost_static,none,1,DoS,task1,binary_f1,0.0
xgboost_static,none,1,DoS,task1,category_recall,0.0
xgboost_static,none,1,DoS,task2,n,25000.0
xgboost_static,none,1,DoS,task2,n_benign,24976.0
xgboost_static,none,1,DoS,task2,n_attack,24.0
xgboost_static,none,1,DoS,task2,accuracy,0.99904
xgboost_static,none,1,DoS,task2,macro_f1,0.4997598847446774
xgboost_static,none,1,DoS,task2,fpr,0.0
xgboost_static,none,1,DoS,task2,detection_rate,0.0
xgboost_static,none,1,DoS,task2,binary_f1,0.0
xgboost_static,none,1,DoS,task2,category_recall,0.0
xgboost_static,none,1,DoS,task3,n,45000.0
xgboost_static,none,1,DoS,task3,n_benign,28566.0
xgboost_static,none,1,DoS,task3,n_attack,16434.0
xgboost_static,none,1,DoS,task3,accuracy,0.6351555555555556
xgboost_static,none,1,DoS,task3,macro_f1,0.3897070494381054
xgboost_static,none,1,DoS,task3,fpr,0.0002100399075824
xgboost_static,none,1,DoS,task3,detection_rate,0.001338688085676
xgboost_static,none,1,DoS,task3,binary_f1,0.0026728222573198
xgboost_static,none,1,DoS,task3,category_recall,0.001338688085676
xgboost_static,none,1,DoS,task4,n,27642.0
xgboost_static,none,1,DoS,task4,n_benign,27569.0
xgboost_static,none,1,DoS,task4,n_attack,73.0
xgboost_static,none,1,DoS,task4,accuracy,0.9973590912379712
xgboost_static,none,1,DoS,task4,macro_f1,0.4993388998569126
xgboost_static,none,1,DoS,task4,fpr,0.0
xgboost_static,none,1,DoS,task4,detection_rate,0.0
xgboost_static,none,1,DoS,task4,binary_f1,0.0
xgboost_static,none,1,DoS,task4,category_recall,0.0
xgboost_static,none,1,DoS,task5,n,55000.0
xgboost_static,none,1,DoS,task5,n_benign,25723.0
xgboost_static,none,1,DoS,task5,n_attack,29277.0
xgboost_static,none,1,DoS,task5,accuracy,0.4676727272727273
xgboost_static,none,1,DoS,task5,macro_f1,0.3186491910507668
xgboost_static,none,1,DoS,task5,fpr,3.8875714341251024e-05
xgboost_static,none,1,DoS,task5,detection_rate,0.0
xgboost_static,none,1,DoS,task5,binary_f1,0.0
xgboost_static,none,1,DoS,task5,category_recall,0.0
xgboost_static,none,1,DoS,task6,n,25000.0
xgboost_static,none,1,DoS,task6,n_benign,2841.0
xgboost_static,none,1,DoS,task6,n_attack,22159.0
xgboost_static,none,1,DoS,task6,accuracy,0.11364
xgboost_static,none,1,DoS,task6,macro_f1,0.1020437484285765
xgboost_static,none,1,DoS,task6,fpr,0.0
xgboost_static,none,1,DoS,task6,detection_rate,0.0
xgboost_static,none,1,DoS,task6,binary_f1,0.0
xgboost_static,none,1,DoS,task6,category_recall,0.0
xgboost_static,none,1,DoS,seen,n,238702.0
xgboost_static,none,1,DoS,seen,n_benign,203816.0
xgboost_static,none,1,DoS,seen,n_attack,34886.0
xgboost_static,none,1,DoS,seen,accuracy,0.8592052014645877
xgboost_static,none,1,DoS,seen,macro_f1,0.4973064724785719
xgboost_static,none,1,DoS,seen,fpr,9.812772304431448e-06
xgboost_static,none,1,DoS,seen,detection_rate,0.0366909361921687
xgboost_static,none,1,DoS,seen,binary_f1,0.070780800707808
xgboost_static,none,1,DoS,all,n,416344.0
xgboost_static,none,1,DoS,all,n_benign,313491.0
xgboost_static,none,1,DoS,all,n_attack,102853.0
xgboost_static,none,1,DoS,all,accuracy,0.7560670983609707
xgboost_static,none,1,DoS,all,macro_f1,0.4427969432709528
xgboost_static,none,1,DoS,all,fpr,2.870895815190867e-05
xgboost_static,none,1,DoS,all,detection_rate,0.0126588432034068
xgboost_static,none,1,DoS,all,binary_f1,0.0249990399754233
xgboost_static,none,2,WebAttack,task0,n,138702.0
xgboost_static,none,2,WebAttack,task0,n_benign,137422.0
xgboost_static,none,2,WebAttack,task0,n_attack,1280.0
xgboost_static,none,2,WebAttack,task0,accuracy,0.999992790298626
xgboost_static,none,2,WebAttack,task0,macro_f1,0.999802944543727
xgboost_static,none,2,WebAttack,task0,fpr,7.27685523424197e-06
xgboost_static,none,2,WebAttack,task0,detection_rate,1.0
xgboost_static,none,2,WebAttack,task0,binary_f1,0.9996095275283092
xgboost_static,none,2,WebAttack,task0,category_recall,1.0
xgboost_static,none,2,WebAttack,task1,n,100000.0
xgboost_static,none,2,WebAttack,task1,n_benign,66394.0
xgboost_static,none,2,WebAttack,task1,n_attack,33606.0
xgboost_static,none,2,WebAttack,task1,accuracy,0.66393
xgboost_static,none,2,WebAttack,task1,macro_f1,0.3990131796409705
xgboost_static,none,2,WebAttack,task1,fpr,1.5061601951983614e-05
xgboost_static,none,2,WebAttack,task1,detection_rate,0.0
xgboost_static,none,2,WebAttack,task1,binary_f1,0.0
xgboost_static,none,2,WebAttack,task1,category_recall,0.0
xgboost_static,none,2,WebAttack,task2,n,25000.0
xgboost_static,none,2,WebAttack,task2,n_benign,24976.0
xgboost_static,none,2,WebAttack,task2,n_attack,24.0
xgboost_static,none,2,WebAttack,task2,accuracy,0.99904
xgboost_static,none,2,WebAttack,task2,macro_f1,0.4997598847446774
xgboost_static,none,2,WebAttack,task2,fpr,0.0
xgboost_static,none,2,WebAttack,task2,detection_rate,0.0
xgboost_static,none,2,WebAttack,task2,binary_f1,0.0
xgboost_static,none,2,WebAttack,task2,category_recall,0.0
xgboost_static,none,2,WebAttack,task3,n,45000.0
xgboost_static,none,2,WebAttack,task3,n_benign,28566.0
xgboost_static,none,2,WebAttack,task3,n_attack,16434.0
xgboost_static,none,2,WebAttack,task3,accuracy,0.6351555555555556
xgboost_static,none,2,WebAttack,task3,macro_f1,0.3897070494381054
xgboost_static,none,2,WebAttack,task3,fpr,0.0002100399075824
xgboost_static,none,2,WebAttack,task3,detection_rate,0.001338688085676
xgboost_static,none,2,WebAttack,task3,binary_f1,0.0026728222573198
xgboost_static,none,2,WebAttack,task3,category_recall,0.001338688085676
xgboost_static,none,2,WebAttack,task4,n,27642.0
xgboost_static,none,2,WebAttack,task4,n_benign,27569.0
xgboost_static,none,2,WebAttack,task4,n_attack,73.0
xgboost_static,none,2,WebAttack,task4,accuracy,0.9973590912379712
xgboost_static,none,2,WebAttack,task4,macro_f1,0.4993388998569126
xgboost_static,none,2,WebAttack,task4,fpr,0.0
xgboost_static,none,2,WebAttack,task4,detection_rate,0.0
xgboost_static,none,2,WebAttack,task4,binary_f1,0.0
xgboost_static,none,2,WebAttack,task4,category_recall,0.0
xgboost_static,none,2,WebAttack,task5,n,55000.0
xgboost_static,none,2,WebAttack,task5,n_benign,25723.0
xgboost_static,none,2,WebAttack,task5,n_attack,29277.0
xgboost_static,none,2,WebAttack,task5,accuracy,0.4676727272727273
xgboost_static,none,2,WebAttack,task5,macro_f1,0.3186491910507668
xgboost_static,none,2,WebAttack,task5,fpr,3.8875714341251024e-05
xgboost_static,none,2,WebAttack,task5,detection_rate,0.0
xgboost_static,none,2,WebAttack,task5,binary_f1,0.0
xgboost_static,none,2,WebAttack,task5,category_recall,0.0
xgboost_static,none,2,WebAttack,task6,n,25000.0
xgboost_static,none,2,WebAttack,task6,n_benign,2841.0
xgboost_static,none,2,WebAttack,task6,n_attack,22159.0
xgboost_static,none,2,WebAttack,task6,accuracy,0.11364
xgboost_static,none,2,WebAttack,task6,macro_f1,0.1020437484285765
xgboost_static,none,2,WebAttack,task6,fpr,0.0
xgboost_static,none,2,WebAttack,task6,detection_rate,0.0
xgboost_static,none,2,WebAttack,task6,binary_f1,0.0
xgboost_static,none,2,WebAttack,task6,category_recall,0.0
xgboost_static,none,2,WebAttack,seen,n,263702.0
xgboost_static,none,2,WebAttack,seen,n_benign,228792.0
xgboost_static,none,2,WebAttack,seen,n_attack,34910.0
xgboost_static,none,2,WebAttack,seen,accuracy,0.872462097367483
xgboost_static,none,2,WebAttack,seen,macro_f1,0.5011332405593244
xgboost_static,none,2,WebAttack,seen,fpr,8.7415643903633e-06
xgboost_static,none,2,WebAttack,seen,detection_rate,0.036665711830421
xgboost_static,none,2,WebAttack,seen,binary_f1,0.0707338638373121
xgboost_static,none,2,WebAttack,all,n,416344.0
xgboost_static,none,2,WebAttack,all,n_benign,313491.0
xgboost_static,none,2,WebAttack,all,n_attack,102853.0
xgboost_static,none,2,WebAttack,all,accuracy,0.7560670983609707
xgboost_static,none,2,WebAttack,all,macro_f1,0.4427969432709528
xgboost_static,none,2,WebAttack,all,fpr,2.870895815190867e-05
xgboost_static,none,2,WebAttack,all,detection_rate,0.0126588432034068
xgboost_static,none,2,WebAttack,all,binary_f1,0.0249990399754233
xgboost_static,none,3,Infiltration,task0,n,138702.0
xgboost_static,none,3,Infiltration,task0,n_benign,137422.0
xgboost_static,none,3,Infiltration,task0,n_attack,1280.0
xgboost_static,none,3,Infiltration,task0,accuracy,0.999992790298626
xgboost_static,none,3,Infiltration,task0,macro_f1,0.999802944543727
xgboost_static,none,3,Infiltration,task0,fpr,7.27685523424197e-06
xgboost_static,none,3,Infiltration,task0,detection_rate,1.0
xgboost_static,none,3,Infiltration,task0,binary_f1,0.9996095275283092
xgboost_static,none,3,Infiltration,task0,category_recall,1.0
xgboost_static,none,3,Infiltration,task1,n,100000.0
xgboost_static,none,3,Infiltration,task1,n_benign,66394.0
xgboost_static,none,3,Infiltration,task1,n_attack,33606.0
xgboost_static,none,3,Infiltration,task1,accuracy,0.66393
xgboost_static,none,3,Infiltration,task1,macro_f1,0.3990131796409705
xgboost_static,none,3,Infiltration,task1,fpr,1.5061601951983614e-05
xgboost_static,none,3,Infiltration,task1,detection_rate,0.0
xgboost_static,none,3,Infiltration,task1,binary_f1,0.0
xgboost_static,none,3,Infiltration,task1,category_recall,0.0
xgboost_static,none,3,Infiltration,task2,n,25000.0
xgboost_static,none,3,Infiltration,task2,n_benign,24976.0
xgboost_static,none,3,Infiltration,task2,n_attack,24.0
xgboost_static,none,3,Infiltration,task2,accuracy,0.99904
xgboost_static,none,3,Infiltration,task2,macro_f1,0.4997598847446774
xgboost_static,none,3,Infiltration,task2,fpr,0.0
xgboost_static,none,3,Infiltration,task2,detection_rate,0.0
xgboost_static,none,3,Infiltration,task2,binary_f1,0.0
xgboost_static,none,3,Infiltration,task2,category_recall,0.0
xgboost_static,none,3,Infiltration,task3,n,45000.0
xgboost_static,none,3,Infiltration,task3,n_benign,28566.0
xgboost_static,none,3,Infiltration,task3,n_attack,16434.0
xgboost_static,none,3,Infiltration,task3,accuracy,0.6351555555555556
xgboost_static,none,3,Infiltration,task3,macro_f1,0.3897070494381054
xgboost_static,none,3,Infiltration,task3,fpr,0.0002100399075824
xgboost_static,none,3,Infiltration,task3,detection_rate,0.001338688085676
xgboost_static,none,3,Infiltration,task3,binary_f1,0.0026728222573198
xgboost_static,none,3,Infiltration,task3,category_recall,0.001338688085676
xgboost_static,none,3,Infiltration,task4,n,27642.0
xgboost_static,none,3,Infiltration,task4,n_benign,27569.0
xgboost_static,none,3,Infiltration,task4,n_attack,73.0
xgboost_static,none,3,Infiltration,task4,accuracy,0.9973590912379712
xgboost_static,none,3,Infiltration,task4,macro_f1,0.4993388998569126
xgboost_static,none,3,Infiltration,task4,fpr,0.0
xgboost_static,none,3,Infiltration,task4,detection_rate,0.0
xgboost_static,none,3,Infiltration,task4,binary_f1,0.0
xgboost_static,none,3,Infiltration,task4,category_recall,0.0
xgboost_static,none,3,Infiltration,task5,n,55000.0
xgboost_static,none,3,Infiltration,task5,n_benign,25723.0
xgboost_static,none,3,Infiltration,task5,n_attack,29277.0
xgboost_static,none,3,Infiltration,task5,accuracy,0.4676727272727273
xgboost_static,none,3,Infiltration,task5,macro_f1,0.3186491910507668
xgboost_static,none,3,Infiltration,task5,fpr,3.8875714341251024e-05
xgboost_static,none,3,Infiltration,task5,detection_rate,0.0
xgboost_static,none,3,Infiltration,task5,binary_f1,0.0
xgboost_static,none,3,Infiltration,task5,category_recall,0.0
xgboost_static,none,3,Infiltration,task6,n,25000.0
xgboost_static,none,3,Infiltration,task6,n_benign,2841.0
xgboost_static,none,3,Infiltration,task6,n_attack,22159.0
xgboost_static,none,3,Infiltration,task6,accuracy,0.11364
xgboost_static,none,3,Infiltration,task6,macro_f1,0.1020437484285765
xgboost_static,none,3,Infiltration,task6,fpr,0.0
xgboost_static,none,3,Infiltration,task6,detection_rate,0.0
xgboost_static,none,3,Infiltration,task6,binary_f1,0.0
xgboost_static,none,3,Infiltration,task6,category_recall,0.0
xgboost_static,none,3,Infiltration,seen,n,308702.0
xgboost_static,none,3,Infiltration,seen,n_benign,257358.0
xgboost_static,none,3,Infiltration,seen,n_attack,51344.0
xgboost_static,none,3,Infiltration,seen,accuracy,0.8378695311335851
xgboost_static,none,3,Infiltration,seen,macro_f1,0.4804158237798312
xgboost_static,none,3,Infiltration,seen,fpr,3.108510324139914e-05
xgboost_static,none,3,Infiltration,seen,detection_rate,0.0253583670925521
xgboost_static,none,3,Infiltration,seen,binary_f1,0.0494549321988832
xgboost_static,none,3,Infiltration,all,n,416344.0
xgboost_static,none,3,Infiltration,all,n_benign,313491.0
xgboost_static,none,3,Infiltration,all,n_attack,102853.0
xgboost_static,none,3,Infiltration,all,accuracy,0.7560670983609707
xgboost_static,none,3,Infiltration,all,macro_f1,0.4427969432709528
xgboost_static,none,3,Infiltration,all,fpr,2.870895815190867e-05
xgboost_static,none,3,Infiltration,all,detection_rate,0.0126588432034068
xgboost_static,none,3,Infiltration,all,binary_f1,0.0249990399754233
xgboost_static,none,4,Botnet,task0,n,138702.0
xgboost_static,none,4,Botnet,task0,n_benign,137422.0
xgboost_static,none,4,Botnet,task0,n_attack,1280.0
xgboost_static,none,4,Botnet,task0,accuracy,0.999992790298626
xgboost_static,none,4,Botnet,task0,macro_f1,0.999802944543727
xgboost_static,none,4,Botnet,task0,fpr,7.27685523424197e-06
xgboost_static,none,4,Botnet,task0,detection_rate,1.0
xgboost_static,none,4,Botnet,task0,binary_f1,0.9996095275283092
xgboost_static,none,4,Botnet,task0,category_recall,1.0
xgboost_static,none,4,Botnet,task1,n,100000.0
xgboost_static,none,4,Botnet,task1,n_benign,66394.0
xgboost_static,none,4,Botnet,task1,n_attack,33606.0
xgboost_static,none,4,Botnet,task1,accuracy,0.66393
xgboost_static,none,4,Botnet,task1,macro_f1,0.3990131796409705
xgboost_static,none,4,Botnet,task1,fpr,1.5061601951983614e-05
xgboost_static,none,4,Botnet,task1,detection_rate,0.0
xgboost_static,none,4,Botnet,task1,binary_f1,0.0
xgboost_static,none,4,Botnet,task1,category_recall,0.0
xgboost_static,none,4,Botnet,task2,n,25000.0
xgboost_static,none,4,Botnet,task2,n_benign,24976.0
xgboost_static,none,4,Botnet,task2,n_attack,24.0
xgboost_static,none,4,Botnet,task2,accuracy,0.99904
xgboost_static,none,4,Botnet,task2,macro_f1,0.4997598847446774
xgboost_static,none,4,Botnet,task2,fpr,0.0
xgboost_static,none,4,Botnet,task2,detection_rate,0.0
xgboost_static,none,4,Botnet,task2,binary_f1,0.0
xgboost_static,none,4,Botnet,task2,category_recall,0.0
xgboost_static,none,4,Botnet,task3,n,45000.0
xgboost_static,none,4,Botnet,task3,n_benign,28566.0
xgboost_static,none,4,Botnet,task3,n_attack,16434.0
xgboost_static,none,4,Botnet,task3,accuracy,0.6351555555555556
xgboost_static,none,4,Botnet,task3,macro_f1,0.3897070494381054
xgboost_static,none,4,Botnet,task3,fpr,0.0002100399075824
xgboost_static,none,4,Botnet,task3,detection_rate,0.001338688085676
xgboost_static,none,4,Botnet,task3,binary_f1,0.0026728222573198
xgboost_static,none,4,Botnet,task3,category_recall,0.001338688085676
xgboost_static,none,4,Botnet,task4,n,27642.0
xgboost_static,none,4,Botnet,task4,n_benign,27569.0
xgboost_static,none,4,Botnet,task4,n_attack,73.0
xgboost_static,none,4,Botnet,task4,accuracy,0.9973590912379712
xgboost_static,none,4,Botnet,task4,macro_f1,0.4993388998569126
xgboost_static,none,4,Botnet,task4,fpr,0.0
xgboost_static,none,4,Botnet,task4,detection_rate,0.0
xgboost_static,none,4,Botnet,task4,binary_f1,0.0
xgboost_static,none,4,Botnet,task4,category_recall,0.0
xgboost_static,none,4,Botnet,task5,n,55000.0
xgboost_static,none,4,Botnet,task5,n_benign,25723.0
xgboost_static,none,4,Botnet,task5,n_attack,29277.0
xgboost_static,none,4,Botnet,task5,accuracy,0.4676727272727273
xgboost_static,none,4,Botnet,task5,macro_f1,0.3186491910507668
xgboost_static,none,4,Botnet,task5,fpr,3.8875714341251024e-05
xgboost_static,none,4,Botnet,task5,detection_rate,0.0
xgboost_static,none,4,Botnet,task5,binary_f1,0.0
xgboost_static,none,4,Botnet,task5,category_recall,0.0
xgboost_static,none,4,Botnet,task6,n,25000.0
xgboost_static,none,4,Botnet,task6,n_benign,2841.0
xgboost_static,none,4,Botnet,task6,n_attack,22159.0
xgboost_static,none,4,Botnet,task6,accuracy,0.11364
xgboost_static,none,4,Botnet,task6,macro_f1,0.1020437484285765
xgboost_static,none,4,Botnet,task6,fpr,0.0
xgboost_static,none,4,Botnet,task6,detection_rate,0.0
xgboost_static,none,4,Botnet,task6,binary_f1,0.0
xgboost_static,none,4,Botnet,task6,category_recall,0.0
xgboost_static,none,4,Botnet,seen,n,336344.0
xgboost_static,none,4,Botnet,seen,n_benign,284927.0
xgboost_static,none,4,Botnet,seen,n_attack,51417.0
xgboost_static,none,4,Botnet,seen,accuracy,0.8509769759531908
xgboost_static,none,4,Botnet,seen,macro_f1,0.4842689141583958
xgboost_static,none,4,Botnet,seen,fpr,2.807736718527904e-05
xgboost_static,none,4,Botnet,seen,detection_rate,0.0253223641986113
xgboost_static,none,4,Botnet,seen,binary_f1,0.0493864623437707
xgboost_static,none,4,Botnet,all,n,416344.0
xgboost_static,none,4,Botnet,all,n_benign,313491.0
xgboost_static,none,4,Botnet,all,n_attack,102853.0
xgboost_static,none,4,Botnet,all,accuracy,0.7560670983609707
xgboost_static,none,4,Botnet,all,macro_f1,0.4427969432709528
xgboost_static,none,4,Botnet,all,fpr,2.870895815190867e-05
xgboost_static,none,4,Botnet,all,detection_rate,0.0126588432034068
xgboost_static,none,4,Botnet,all,binary_f1,0.0249990399754233
xgboost_static,none,5,PortScan,task0,n,138702.0
xgboost_static,none,5,PortScan,task0,n_benign,137422.0
xgboost_static,none,5,PortScan,task0,n_attack,1280.0
xgboost_static,none,5,PortScan,task0,accuracy,0.999992790298626
xgboost_static,none,5,PortScan,task0,macro_f1,0.999802944543727
xgboost_static,none,5,PortScan,task0,fpr,7.27685523424197e-06
xgboost_static,none,5,PortScan,task0,detection_rate,1.0
xgboost_static,none,5,PortScan,task0,binary_f1,0.9996095275283092
xgboost_static,none,5,PortScan,task0,category_recall,1.0
xgboost_static,none,5,PortScan,task1,n,100000.0
xgboost_static,none,5,PortScan,task1,n_benign,66394.0
xgboost_static,none,5,PortScan,task1,n_attack,33606.0
xgboost_static,none,5,PortScan,task1,accuracy,0.66393
xgboost_static,none,5,PortScan,task1,macro_f1,0.3990131796409705
xgboost_static,none,5,PortScan,task1,fpr,1.5061601951983614e-05
xgboost_static,none,5,PortScan,task1,detection_rate,0.0
xgboost_static,none,5,PortScan,task1,binary_f1,0.0
xgboost_static,none,5,PortScan,task1,category_recall,0.0
xgboost_static,none,5,PortScan,task2,n,25000.0
xgboost_static,none,5,PortScan,task2,n_benign,24976.0
xgboost_static,none,5,PortScan,task2,n_attack,24.0
xgboost_static,none,5,PortScan,task2,accuracy,0.99904
xgboost_static,none,5,PortScan,task2,macro_f1,0.4997598847446774
xgboost_static,none,5,PortScan,task2,fpr,0.0
xgboost_static,none,5,PortScan,task2,detection_rate,0.0
xgboost_static,none,5,PortScan,task2,binary_f1,0.0
xgboost_static,none,5,PortScan,task2,category_recall,0.0
xgboost_static,none,5,PortScan,task3,n,45000.0
xgboost_static,none,5,PortScan,task3,n_benign,28566.0
xgboost_static,none,5,PortScan,task3,n_attack,16434.0
xgboost_static,none,5,PortScan,task3,accuracy,0.6351555555555556
xgboost_static,none,5,PortScan,task3,macro_f1,0.3897070494381054
xgboost_static,none,5,PortScan,task3,fpr,0.0002100399075824
xgboost_static,none,5,PortScan,task3,detection_rate,0.001338688085676
xgboost_static,none,5,PortScan,task3,binary_f1,0.0026728222573198
xgboost_static,none,5,PortScan,task3,category_recall,0.001338688085676
xgboost_static,none,5,PortScan,task4,n,27642.0
xgboost_static,none,5,PortScan,task4,n_benign,27569.0
xgboost_static,none,5,PortScan,task4,n_attack,73.0
xgboost_static,none,5,PortScan,task4,accuracy,0.9973590912379712
xgboost_static,none,5,PortScan,task4,macro_f1,0.4993388998569126
xgboost_static,none,5,PortScan,task4,fpr,0.0
xgboost_static,none,5,PortScan,task4,detection_rate,0.0
xgboost_static,none,5,PortScan,task4,binary_f1,0.0
xgboost_static,none,5,PortScan,task4,category_recall,0.0
xgboost_static,none,5,PortScan,task5,n,55000.0
xgboost_static,none,5,PortScan,task5,n_benign,25723.0
xgboost_static,none,5,PortScan,task5,n_attack,29277.0
xgboost_static,none,5,PortScan,task5,accuracy,0.4676727272727273
xgboost_static,none,5,PortScan,task5,macro_f1,0.3186491910507668
xgboost_static,none,5,PortScan,task5,fpr,3.8875714341251024e-05
xgboost_static,none,5,PortScan,task5,detection_rate,0.0
xgboost_static,none,5,PortScan,task5,binary_f1,0.0
xgboost_static,none,5,PortScan,task5,category_recall,0.0
xgboost_static,none,5,PortScan,task6,n,25000.0
xgboost_static,none,5,PortScan,task6,n_benign,2841.0
xgboost_static,none,5,PortScan,task6,n_attack,22159.0
xgboost_static,none,5,PortScan,task6,accuracy,0.11364
xgboost_static,none,5,PortScan,task6,macro_f1,0.1020437484285765
xgboost_static,none,5,PortScan,task6,fpr,0.0
xgboost_static,none,5,PortScan,task6,detection_rate,0.0
xgboost_static,none,5,PortScan,task6,binary_f1,0.0
xgboost_static,none,5,PortScan,task6,category_recall,0.0
xgboost_static,none,5,PortScan,seen,n,391344.0
xgboost_static,none,5,PortScan,seen,n_benign,310650.0
xgboost_static,none,5,PortScan,seen,n_attack,80694.0
xgboost_static,none,5,PortScan,seen,accuracy,0.797106893168159
xgboost_static,none,5,PortScan,seen,macro_f1,0.4592173643604367
xgboost_static,none,5,PortScan,seen,fpr,2.897151134717528e-05
xgboost_static,none,5,PortScan,seen,detection_rate,0.0161350286266636
xgboost_static,none,5,PortScan,seen,binary_f1,0.0317541613316261
xgboost_static,none,5,PortScan,all,n,416344.0
xgboost_static,none,5,PortScan,all,n_benign,313491.0
xgboost_static,none,5,PortScan,all,n_attack,102853.0
xgboost_static,none,5,PortScan,all,accuracy,0.7560670983609707
xgboost_static,none,5,PortScan,all,macro_f1,0.4427969432709528
xgboost_static,none,5,PortScan,all,fpr,2.870895815190867e-05
xgboost_static,none,5,PortScan,all,detection_rate,0.0126588432034068
xgboost_static,none,5,PortScan,all,binary_f1,0.0249990399754233
xgboost_static,none,6,DDoS,task0,n,138702.0
xgboost_static,none,6,DDoS,task0,n_benign,137422.0
xgboost_static,none,6,DDoS,task0,n_attack,1280.0
xgboost_static,none,6,DDoS,task0,accuracy,0.999992790298626
xgboost_static,none,6,DDoS,task0,macro_f1,0.999802944543727
xgboost_static,none,6,DDoS,task0,fpr,7.27685523424197e-06
xgboost_static,none,6,DDoS,task0,detection_rate,1.0
xgboost_static,none,6,DDoS,task0,binary_f1,0.9996095275283092
xgboost_static,none,6,DDoS,task0,category_recall,1.0
xgboost_static,none,6,DDoS,task1,n,100000.0
xgboost_static,none,6,DDoS,task1,n_benign,66394.0
xgboost_static,none,6,DDoS,task1,n_attack,33606.0
xgboost_static,none,6,DDoS,task1,accuracy,0.66393
xgboost_static,none,6,DDoS,task1,macro_f1,0.3990131796409705
xgboost_static,none,6,DDoS,task1,fpr,1.5061601951983614e-05
xgboost_static,none,6,DDoS,task1,detection_rate,0.0
xgboost_static,none,6,DDoS,task1,binary_f1,0.0
xgboost_static,none,6,DDoS,task1,category_recall,0.0
xgboost_static,none,6,DDoS,task2,n,25000.0
xgboost_static,none,6,DDoS,task2,n_benign,24976.0
xgboost_static,none,6,DDoS,task2,n_attack,24.0
xgboost_static,none,6,DDoS,task2,accuracy,0.99904
xgboost_static,none,6,DDoS,task2,macro_f1,0.4997598847446774
xgboost_static,none,6,DDoS,task2,fpr,0.0
xgboost_static,none,6,DDoS,task2,detection_rate,0.0
xgboost_static,none,6,DDoS,task2,binary_f1,0.0
xgboost_static,none,6,DDoS,task2,category_recall,0.0
xgboost_static,none,6,DDoS,task3,n,45000.0
xgboost_static,none,6,DDoS,task3,n_benign,28566.0
xgboost_static,none,6,DDoS,task3,n_attack,16434.0
xgboost_static,none,6,DDoS,task3,accuracy,0.6351555555555556
xgboost_static,none,6,DDoS,task3,macro_f1,0.3897070494381054
xgboost_static,none,6,DDoS,task3,fpr,0.0002100399075824
xgboost_static,none,6,DDoS,task3,detection_rate,0.001338688085676
xgboost_static,none,6,DDoS,task3,binary_f1,0.0026728222573198
xgboost_static,none,6,DDoS,task3,category_recall,0.001338688085676
xgboost_static,none,6,DDoS,task4,n,27642.0
xgboost_static,none,6,DDoS,task4,n_benign,27569.0
xgboost_static,none,6,DDoS,task4,n_attack,73.0
xgboost_static,none,6,DDoS,task4,accuracy,0.9973590912379712
xgboost_static,none,6,DDoS,task4,macro_f1,0.4993388998569126
xgboost_static,none,6,DDoS,task4,fpr,0.0
xgboost_static,none,6,DDoS,task4,detection_rate,0.0
xgboost_static,none,6,DDoS,task4,binary_f1,0.0
xgboost_static,none,6,DDoS,task4,category_recall,0.0
xgboost_static,none,6,DDoS,task5,n,55000.0
xgboost_static,none,6,DDoS,task5,n_benign,25723.0
xgboost_static,none,6,DDoS,task5,n_attack,29277.0
xgboost_static,none,6,DDoS,task5,accuracy,0.4676727272727273
xgboost_static,none,6,DDoS,task5,macro_f1,0.3186491910507668
xgboost_static,none,6,DDoS,task5,fpr,3.8875714341251024e-05
xgboost_static,none,6,DDoS,task5,detection_rate,0.0
xgboost_static,none,6,DDoS,task5,binary_f1,0.0
xgboost_static,none,6,DDoS,task5,category_recall,0.0
xgboost_static,none,6,DDoS,task6,n,25000.0
xgboost_static,none,6,DDoS,task6,n_benign,2841.0
xgboost_static,none,6,DDoS,task6,n_attack,22159.0
xgboost_static,none,6,DDoS,task6,accuracy,0.11364
xgboost_static,none,6,DDoS,task6,macro_f1,0.1020437484285765
xgboost_static,none,6,DDoS,task6,fpr,0.0
xgboost_static,none,6,DDoS,task6,detection_rate,0.0
xgboost_static,none,6,DDoS,task6,binary_f1,0.0
xgboost_static,none,6,DDoS,task6,category_recall,0.0
xgboost_static,none,6,DDoS,seen,n,416344.0
xgboost_static,none,6,DDoS,seen,n_benign,313491.0
xgboost_static,none,6,DDoS,seen,n_attack,102853.0
xgboost_static,none,6,DDoS,seen,accuracy,0.7560670983609707
xgboost_static,none,6,DDoS,seen,macro_f1,0.4427969432709528
xgboost_static,none,6,DDoS,seen,fpr,2.870895815190867e-05
xgboost_static,none,6,DDoS,seen,detection_rate,0.0126588432034068
xgboost_static,none,6,DDoS,seen,binary_f1,0.0249990399754233
xgboost_static,none,6,DDoS,all,n,416344.0
xgboost_static,none,6,DDoS,all,n_benign,313491.0
xgboost_static,none,6,DDoS,all,n_attack,102853.0
xgboost_static,none,6,DDoS,all,accuracy,0.7560670983609707
xgboost_static,none,6,DDoS,all,macro_f1,0.4427969432709528
xgboost_static,none,6,DDoS,all,fpr,2.870895815190867e-05
xgboost_static,none,6,DDoS,all,detection_rate,0.0126588432034068
xgboost_static,none,6,DDoS,all,binary_f1,0.0249990399754233
gnn_naive,none,0,BruteForce,task0,n,138702.0
gnn_naive,none,0,BruteForce,task0,n_benign,137422.0
gnn_naive,none,0,BruteForce,task0,n_attack,1280.0
gnn_naive,none,0,BruteForce,task0,accuracy,0.9999855805972516
gnn_naive,none,0,BruteForce,task0,macro_f1,0.9996060414834552
gnn_naive,none,0,BruteForce,task0,fpr,1.455371046848394e-05
gnn_naive,none,0,BruteForce,task0,detection_rate,1.0
gnn_naive,none,0,BruteForce,task0,binary_f1,0.9992193598750976
gnn_naive,none,0,BruteForce,task0,category_recall,1.0
gnn_naive,none,0,BruteForce,task1,n,100000.0
gnn_naive,none,0,BruteForce,task1,n_benign,66394.0
gnn_naive,none,0,BruteForce,task1,n_attack,33606.0
gnn_naive,none,0,BruteForce,task1,accuracy,0.66394
gnn_naive,none,0,BruteForce,task1,macro_f1,0.3990167914708463
gnn_naive,none,0,BruteForce,task1,fpr,0.0
gnn_naive,none,0,BruteForce,task1,detection_rate,0.0
gnn_naive,none,0,BruteForce,task1,binary_f1,0.0
gnn_naive,none,0,BruteForce,task1,category_recall,0.0
gnn_naive,none,0,BruteForce,task2,n,25000.0
gnn_naive,none,0,BruteForce,task2,n_benign,24976.0
gnn_naive,none,0,BruteForce,task2,n_attack,24.0
gnn_naive,none,0,BruteForce,task2,accuracy,0.99916
gnn_naive,none,0,BruteForce,task2,macro_f1,0.6109009976498421
gnn_naive,none,0,BruteForce,task2,fpr,0.0
gnn_naive,none,0,BruteForce,task2,detection_rate,0.125
gnn_naive,none,0,BruteForce,task2,binary_f1,0.2222222222222222
gnn_naive,none,0,BruteForce,task2,category_recall,0.125
gnn_naive,none,0,BruteForce,task3,n,45000.0
gnn_naive,none,0,BruteForce,task3,n_benign,28566.0
gnn_naive,none,0,BruteForce,task3,n_attack,16434.0
gnn_naive,none,0,BruteForce,task3,accuracy,0.6348
gnn_naive,none,0,BruteForce,task3,macro_f1,0.3883043797406411
gnn_naive,none,0,BruteForce,task3,fpr,0.0
gnn_naive,none,0,BruteForce,task3,detection_rate,0.0
gnn_naive,none,0,BruteForce,task3,binary_f1,0.0
gnn_naive,none,0,BruteForce,task3,category_recall,0.0
gnn_naive,none,0,BruteForce,task4,n,27642.0
gnn_naive,none,0,BruteForce,task4,n_benign,27569.0
gnn_naive,none,0,BruteForce,task4,n_attack,73.0
gnn_naive,none,0,BruteForce,task4,accuracy,0.9973590912379712
gnn_naive,none,0,BruteForce,task4,macro_f1,0.4993388998569126
gnn_naive,none,0,BruteForce,task4,fpr,0.0
gnn_naive,none,0,BruteForce,task4,detection_rate,0.0
gnn_naive,none,0,BruteForce,task4,binary_f1,0.0
gnn_naive,none,0,BruteForce,task4,category_recall,0.0
gnn_naive,none,0,BruteForce,task5,n,55000.0
gnn_naive,none,0,BruteForce,task5,n_benign,25723.0
gnn_naive,none,0,BruteForce,task5,n_attack,29277.0
gnn_naive,none,0,BruteForce,task5,accuracy,0.4676909090909091
gnn_naive,none,0,BruteForce,task5,macro_f1,0.3186576316539276
gnn_naive,none,0,BruteForce,task5,fpr,0.0
gnn_naive,none,0,BruteForce,task5,detection_rate,0.0
gnn_naive,none,0,BruteForce,task5,binary_f1,0.0
gnn_naive,none,0,BruteForce,task5,category_recall,0.0
gnn_naive,none,0,BruteForce,task6,n,25000.0
gnn_naive,none,0,BruteForce,task6,n_benign,2841.0
gnn_naive,none,0,BruteForce,task6,n_attack,22159.0
gnn_naive,none,0,BruteForce,task6,accuracy,0.11364
gnn_naive,none,0,BruteForce,task6,macro_f1,0.1020437484285765
gnn_naive,none,0,BruteForce,task6,fpr,0.0
gnn_naive,none,0,BruteForce,task6,detection_rate,0.0
gnn_naive,none,0,BruteForce,task6,binary_f1,0.0
gnn_naive,none,0,BruteForce,task6,category_recall,0.0
gnn_naive,none,0,BruteForce,seen,n,138702.0
gnn_naive,none,0,BruteForce,seen,n_benign,137422.0
gnn_naive,none,0,BruteForce,seen,n_attack,1280.0
gnn_naive,none,0,BruteForce,seen,accuracy,0.9999855805972516
gnn_naive,none,0,BruteForce,seen,macro_f1,0.9996060414834552
gnn_naive,none,0,BruteForce,seen,fpr,1.455371046848394e-05
gnn_naive,none,0,BruteForce,seen,detection_rate,1.0
gnn_naive,none,0,BruteForce,seen,binary_f1,0.9992193598750976
gnn_naive,none,0,BruteForce,all,n,416344.0
gnn_naive,none,0,BruteForce,all,n_benign,313491.0
gnn_naive,none,0,BruteForce,all,n_attack,102853.0
gnn_naive,none,0,BruteForce,all,accuracy,0.7560382760409661
gnn_naive,none,0,BruteForce,all,macro_f1,0.4426118657617804
gnn_naive,none,0,BruteForce,all,fpr,6.379768478201926e-06
gnn_naive,none,0,BruteForce,all,detection_rate,0.0124741135406842
gnn_naive,none,0,BruteForce,all,binary_f1,0.0246403810328602
gnn_naive,none,1,DoS,task0,n,138702.0
gnn_naive,none,1,DoS,task0,n_benign,137422.0
gnn_naive,none,1,DoS,task0,n_attack,1280.0
gnn_naive,none,1,DoS,task0,accuracy,0.999992790298626
gnn_naive,none,1,DoS,task0,macro_f1,0.999802944543727
gnn_naive,none,1,DoS,task0,fpr,7.27685523424197e-06
gnn_naive,none,1,DoS,task0,detection_rate,1.0
gnn_naive,none,1,DoS,task0,binary_f1,0.9996095275283092
gnn_naive,none,1,DoS,task0,category_recall,1.0
gnn_naive,none,1,DoS,task1,n,100000.0
gnn_naive,none,1,DoS,task1,n_benign,66394.0
gnn_naive,none,1,DoS,task1,n_attack,33606.0
gnn_naive,none,1,DoS,task1,accuracy,0.99852
gnn_naive,none,1,DoS,task1,macro_f1,0.9983434514653716
gnn_naive,none,1,DoS,task1,fpr,0.0021839322830376
gnn_naive,none,1,DoS,task1,detection_rate,0.9999107302267451
gnn_naive,none,1,DoS,task1,binary_f1,0.9978026546307568
gnn_naive,none,1,DoS,task1,category_recall,0.9999107302267451
gnn_naive,none,1,DoS,task2,n,25000.0
gnn_naive,none,1,DoS,task2,n_benign,24976.0
gnn_naive,none,1,DoS,task2,n_attack,24.0
gnn_naive,none,1,DoS,task2,accuracy,0.99916
gnn_naive,none,1,DoS,task2,macro_f1,0.8476157967560451
gnn_naive,none,1,DoS,task2,fpr,0.0008408071748878
gnn_naive,none,1,DoS,task2,detection_rate,1.0
gnn_naive,none,1,DoS,task2,binary_f1,0.6956521739130435
gnn_naive,none,1,DoS,task2,category_recall,1.0
gnn_naive,none,1,DoS,task3,n,45000.0
gnn_naive,none,1,DoS,task3,n_benign,28566.0
gnn_naive,none,1,DoS,task3,n_attack,16434.0
gnn_naive,none,1,DoS,task3,accuracy,0.6348
gnn_naive,none,1,DoS,task3,macro_f1,0.3883043797406411
gnn_naive,none,1,DoS,task3,fpr,0.0
gnn_naive,none,1,DoS,task3,detection_rate,0.0
gnn_naive,none,1,DoS,task3,binary_f1,0.0
gnn_naive,none,1,DoS,task3,category_recall,0.0
gnn_naive,none,1,DoS,task4,n,27642.0
gnn_naive,none,1,DoS,task4,n_benign,27569.0
gnn_naive,none,1,DoS,task4,n_attack,73.0
gnn_naive,none,1,DoS,task4,accuracy,0.9972505607409016
gnn_naive,none,1,DoS,task4,macro_f1,0.4993116939573975
gnn_naive,none,1,DoS,task4,fpr,0.0001088178751496
gnn_naive,none,1,DoS,task4,detection_rate,0.0
gnn_naive,none,1,DoS,task4,binary_f1,0.0
gnn_naive,none,1,DoS,task4,category_recall,0.0
gnn_naive,none,1,DoS,task5,n,55000.0
gnn_naive,none,1,DoS,task5,n_benign,25723.0
gnn_naive,none,1,DoS,task5,n_attack,29277.0
gnn_naive,none,1,DoS,task5,accuracy,0.4676909090909091
gnn_naive,none,1,DoS,task5,macro_f1,0.3186576316539276
gnn_naive,none,1,DoS,task5,fpr,0.0
gnn_naive,none,1,DoS,task5,detection_rate,0.0
gnn_naive,none,1,DoS,task5,binary_f1,0.0
gnn_naive,none,1,DoS,task5,category_recall,0.0
gnn_naive,none,1,DoS,task6,n,25000.0
gnn_naive,none,1,DoS,task6,n_benign,2841.0
gnn_naive,none,1,DoS,task6,n_attack,22159.0
gnn_naive,none,1,DoS,task6,accuracy,1.0
gnn_naive,none,1,DoS,task6,macro_f1,1.0
gnn_naive,none,1,DoS,task6,fpr,0.0
gnn_naive,none,1,DoS,task6,detection_rate,1.0
gnn_naive,none,1,DoS,task6,binary_f1,1.0
gnn_naive,none,1,DoS,task6,category_recall,1.0
gnn_naive,none,1,DoS,seen,n,238702.0
gnn_naive,none,1,DoS,seen,n_benign,203816.0
gnn_naive,none,1,DoS,seen,n_attack,34886.0
gnn_naive,none,1,DoS,seen,accuracy,0.9993757907348912
gnn_naive,none,1,DoS,seen,macro_f1,0.9987515933464916
gnn_naive,none,1,DoS,seen,fpr,0.0007163323782234
gnn_naive,none,1,DoS,seen,detection_rate,0.9999140056182996
gnn_naive,none,1,DoS,seen,binary_f1,0.9978688407351785
gnn_naive,none,1,DoS,all,n,416344.0
gnn_naive,none,1,DoS,all,n_benign,313491.0
gnn_naive,none,1,DoS,all,n_attack,102853.0
gnn_naive,none,1,DoS,all,accuracy,0.8896177199623388
gnn_naive,none,1,DoS,all,macro_f1,0.8223004728547303
gnn_naive,none,1,DoS,all,fpr,0.0005422803206471
gnn_naive,none,1,DoS,all,detection_rate,0.554830680680194
gnn_naive,none,1,DoS,all,binary_f1,0.712928433558833
gnn_naive,none,2,WebAttack,task0,n,138702.0
gnn_naive,none,2,WebAttack,task0,n_benign,137422.0
gnn_naive,none,2,WebAttack,task0,n_attack,1280.0
gnn_naive,none,2,WebAttack,task0,accuracy,0.9973756686998024
gnn_naive,none,2,WebAttack,task0,macro_f1,0.9164607220879176
gnn_naive,none,2,WebAttack,task0,fpr,0.0
gnn_naive,none,2,WebAttack,task0,detection_rate,0.715625
gnn_naive,none,2,WebAttack,task0,binary_f1,0.8342440801457195
gnn_naive,none,2,WebAttack,task0,category_recall,0.715625
gnn_naive,none,2,WebAttack,task1,n,100000.0
gnn_naive,none,2,WebAttack,task1,n_benign,66394.0
gnn_naive,none,2,WebAttack,task1,n_attack,33606.0
gnn_naive,none,2,WebAttack,task1,accuracy,0.9883
gnn_naive,none,2,WebAttack,task1,macro_f1,0.9867761781222604
gnn_naive,none,2,WebAttack,task1,fpr,9.036961171190167e-05
gnn_naive,none,2,WebAttack,task1,detection_rate,0.965363327977147
gnn_naive,none,2,WebAttack,task1,binary_f1,0.9822872195476428
gnn_naive,none,2,WebAttack,task1,category_recall,0.965363327977147
gnn_naive,none,2,WebAttack,task2,n,25000.0
gnn_naive,none,2,WebAttack,task2,n_benign,24976.0
gnn_naive,none,2,WebAttack,task2,n_attack,24.0
gnn_naive,none,2,WebAttack,task2,accuracy,0.9996
gnn_naive,none,2,WebAttack,task2,macro_f1,0.9136929873135596
gnn_naive,none,2,WebAttack,task2,fpr,0.0004003843689942
gnn_naive,none,2,WebAttack,task2,detection_rate,1.0
gnn_naive,none,2,WebAttack,task2,binary_f1,0.8275862068965517
gnn_naive,none,2,WebAttack,task2,category_recall,1.0
gnn_naive,none,2,WebAttack,task3,n,45000.0
gnn_naive,none,2,WebAttack,task3,n_benign,28566.0
gnn_naive,none,2,WebAttack,task3,n_attack,16434.0
gnn_naive,none,2,WebAttack,task3,accuracy,0.6347333333333334
gnn_naive,none,2,WebAttack,task3,macro_f1,0.3882794339545695
gnn_naive,none,2,WebAttack,task3,fpr,0.0001050199537912
gnn_naive,none,2,WebAttack,task3,detection_rate,0.0
gnn_naive,none,2,WebAttack,task3,binary_f1,0.0
gnn_naive,none,2,WebAttack,task3,category_recall,0.0
gnn_naive,none,2,WebAttack,task4,n,27642.0
gnn_naive,none,2,WebAttack,task4,n_benign,27569.0
gnn_naive,none,2,WebAttack,task4,n_attack,73.0
gnn_naive,none,2,WebAttack,task4,accuracy,0.9973590912379712
gnn_naive,none,2,WebAttack,task4,macro_f1,0.4993388998569126
gnn_naive,none,2,WebAttack,task4,fpr,0.0
gnn_naive,none,2,WebAttack,task4,detection_rate,0.0
gnn_naive,none,2,WebAttack,task4,binary_f1,0.0
gnn_naive,none,2,WebAttack,task4,category_recall,0.0
gnn_naive,none,2,WebAttack,task5,n,55000.0
gnn_naive,none,2,WebAttack,task5,n_benign,25723.0
gnn_naive,none,2,WebAttack,task5,n_attack,29277.0
gnn_naive,none,2,WebAttack,task5,accuracy,0.4676909090909091
gnn_naive,none,2,WebAttack,task5,macro_f1,0.3186576316539276
gnn_naive,none,2,WebAttack,task5,fpr,0.0
gnn_naive,none,2,WebAttack,task5,detection_rate,0.0
gnn_naive,none,2,WebAttack,task5,binary_f1,0.0
gnn_naive,none,2,WebAttack,task5,category_recall,0.0
gnn_naive,none,2,WebAttack,task6,n,25000.0
gnn_naive,none,2,WebAttack,task6,n_benign,2841.0
gnn_naive,none,2,WebAttack,task6,n_attack,22159.0
gnn_naive,none,2,WebAttack,task6,accuracy,0.17588
gnn_naive,none,2,WebAttack,task6,macro_f1,0.1736969403685761
gnn_naive,none,2,WebAttack,task6,fpr,0.0
gnn_naive,none,2,WebAttack,task6,detection_rate,0.0702197752606164
gnn_naive,none,2,WebAttack,task6,binary_f1,0.1312249631035209
gnn_naive,none,2,WebAttack,task6,category_recall,0.0702197752606164
gnn_naive,none,2,WebAttack,seen,n,263702.0
gnn_naive,none,2,WebAttack,seen,n_benign,228792.0
gnn_naive,none,2,WebAttack,seen,n_attack,34910.0
gnn_naive,none,2,WebAttack,seen,accuracy,0.9941449059923702
gnn_naive,none,2,WebAttack,seen,macro_f1,0.9870166835956332
gnn_naive,none,2,WebAttack,seen,fpr,6.99325151229064e-05
gnn_naive,none,2,WebAttack,seen,detection_rate,0.9562303065024348
gnn_naive,none,2,WebAttack,seen,binary_f1,0.977396498213972
gnn_naive,none,2,WebAttack,all,n,416344.0
gnn_naive,none,2,WebAttack,all,n_benign,313491.0
gnn_naive,none,2,WebAttack,all,n_attack,102853.0
gnn_naive,none,2,WebAttack,all,accuracy,0.8368320427338931
gnn_naive,none,2,WebAttack,all,macro_f1,0.7046410043895429
gnn_naive,none,2,WebAttack,all,fpr,6.0607800542918296e-05
gnn_naive,none,2,WebAttack,all,detection_rate,0.3396886819052434
gnn_naive,none,2,WebAttack,all,binary_f1,0.5070459328060373
gnn_naive,none,3,Infiltration,task0,n,138702.0
gnn_naive,none,3,Infiltration,task0,n_benign,137422.0
gnn_naive,none,3,Infiltration,task0,n_attack,1280.0
gnn_naive,none,3,Infiltration,task0,accuracy,0.9932373001110294
gnn_naive,none,3,Infiltration,task0,macro_f1,0.7095062656140202
gnn_naive,none,3,Infiltration,task0,fpr,7.27685523424197e-06
gnn_naive,none,3,Infiltration,task0,detection_rate,0.26796875
gnn_naive,none,3,Infiltration,task0,binary_f1,0.4224137931034483
gnn_naive,none,3,Infiltration,task0,category_recall,0.26796875
gnn_naive,none,3,Infiltration,task1,n,100000.0
gnn_naive,none,3,Infiltration,task1,n_benign,66394.0
gnn_naive,none,3,Infiltration,task1,n_attack,33606.0
gnn_naive,none,3,Infiltration,task1,accuracy,0.89675
gnn_naive,none,3,Infiltration,task1,macro_f1,0.875750396589782
gnn_naive,none,3,Infiltration,task1,fpr,0.0150766635539355
gnn_naive,none,3,Infiltration,task1,detection_rate,0.7225495447241564
gnn_naive,none,3,Infiltration,task1,binary_f1,0.8246701421318073
gnn_naive,none,3,Infiltration,task1,category_recall,0.7225495447241564
gnn_naive,none,3,Infiltration,task2,n,25000.0
gnn_naive,none,3,Infiltration,task2,n_benign,24976.0
gnn_naive,none,3,Infiltration,task2,n_attack,24.0
gnn_naive,none,3,Infiltration,task2,accuracy,0.99764
gnn_naive,none,3,Infiltration,task2,macro_f1,0.6439873322245048
gnn_naive,none,3,Infiltration,task2,fpr,0.0018818065342729
gnn_naive,none,3,Infiltration,task2,detection_rate,0.5
gnn_naive,none,3,Infiltration,task2,binary_f1,0.2891566265060241
gnn_naive,none,3,Infiltration,task2,category_recall,0.5
gnn_naive,none,3,Infiltration,task3,n,45000.0
gnn_naive,none,3,Infiltration,task3,n_benign,28566.0
gnn_naive,none,3,Infiltration,task3,n_attack,16434.0
gnn_naive,none,3,Infiltration,task3,accuracy,0.9989333333333332
gnn_naive,none,3,Infiltration,task3,macro_f1,0.9988500532835264
gnn_naive,none,3,Infiltration,task3,fpr,0.0012252327942309
gnn_naive,none,3,Infiltration,task3,detection_rate,0.9992089570402825
gnn_naive,none,3,Infiltration,task3,binary_f1,0.9985405898449377
gnn_naive,none,3,Infiltration,task3,category_recall,0.9992089570402825
gnn_naive,none,3,Infiltration,task4,n,27642.0
gnn_naive,none,3,Infiltration,task4,n_benign,27569.0
gnn_naive,none,3,Infiltration,task4,n_attack,73.0
gnn_naive,none,3,Infiltration,task4,accuracy,0.9973590912379712
gnn_naive,none,3,Infiltration,task4,macro_f1,0.4993388998569126
gnn_naive,none,3,Infiltration,task4,fpr,0.0
gnn_naive,none,3,Infiltration,task4,detection_rate,0.0
gnn_naive,none,3,Infiltration,task4,binary_f1,0.0
gnn_naive,none,3,Infiltration,task4,category_recall,0.0
gnn_naive,none,3,Infiltration,task5,n,55000.0
gnn_naive,none,3,Infiltration,task5,n_benign,25723.0
gnn_naive,none,3,Infiltration,task5,n_attack,29277.0
gnn_naive,none,3,Infiltration,task5,accuracy,0.9999818181818182
gnn_naive,none,3,Infiltration,task5,macro_f1,0.99998174190205
gnn_naive,none,3,Infiltration,task5,fpr,3.8875714341251024e-05
gnn_naive,none,3,Infiltration,task5,detection_rate,1.0
gnn_naive,none,3,Infiltration,task5,binary_f1,0.9999829220391084
gnn_naive,none,3,Infiltration,task5,category_recall,1.0
gnn_naive,none,3,Infiltration,task6,n,25000.0
gnn_naive,none,3,Infiltration,task6,n_benign,2841.0
gnn_naive,none,3,Infiltration,task6,n_attack,22159.0
gnn_naive,none,3,Infiltration,task6,accuracy,0.99992
gnn_naive,none,3,Infiltration,task6,macro_f1,0.9998013804850764
gnn_naive,none,3,Infiltration,task6,fpr,0.0007039774727208
gnn_naive,none,3,Infiltration,task6,detection_rate,1.0
gnn_naive,none,3,Infiltration,task6,binary_f1,0.9999548736462094
gnn_naive,none,3,Infiltration,task6,category_recall,1.0
gnn_naive,none,3,Infiltration,seen,n,308702.0
gnn_naive,none,3,Infiltration,seen,n_benign,257358.0
gnn_naive,none,3,Infiltration,seen,n_attack,51344.0
gnn_naive,none,3,Infiltration,seen,accuracy,0.9631683630167605
gnn_naive,none,3,Infiltration,seen,macro_f1,0.9283378208473354
gnn_naive,none,3,Infiltration,seen,fpr,0.0042120314892095
gnn_naive,none,3,Infiltration,seen,detection_rate,0.7996650046743534
gnn_naive,none,3,Infiltration,seen,binary_f1,0.8783775110711765
gnn_naive,none,3,Infiltration,all,n,416344.0
gnn_naive,none,3,Infiltration,all,n_benign,313491.0
gnn_naive,none,3,Infiltration,all,n_attack,102853.0
gnn_naive,none,3,Infiltration,all,accuracy,0.9725083104356014
gnn_naive,none,3,Infiltration,all,macro_f1,0.9618706970475402
gnn_naive,none,3,Infiltration,all,fpr,0.0034674041679027
gnn_naive,none,3,Infiltration,all,detection_rate,0.8992834433609131
gnn_naive,none,3,Infiltration,all,binary_f1,0.941731064886934
gnn_naive,none,4,Botnet,task0,n,138702.0
gnn_naive,none,4,Botnet,task0,n_benign,137422.0
gnn_naive,none,4,Botnet,task0,n_attack,1280.0
gnn_naive,none,4,Botnet,task0,accuracy,0.9907571628383152
gnn_naive,none,4,Botnet,task0,macro_f1,0.4976785623746025
gnn_naive,none,4,Botnet,task0,fpr,1.455371046848394e-05
gnn_naive,none,4,Botnet,task0,detection_rate,0.0
gnn_naive,none,4,Botnet,task0,binary_f1,0.0
gnn_naive,none,4,Botnet,task0,category_recall,0.0
gnn_naive,none,4,Botnet,task1,n,100000.0
gnn_naive,none,4,Botnet,task1,n_benign,66394.0
gnn_naive,none,4,Botnet,task1,n_attack,33606.0
gnn_naive,none,4,Botnet,task1,accuracy,0.66208
gnn_naive,none,4,Botnet,task1,macro_f1,0.4021142987889912
gnn_naive,none,4,Botnet,task1,fpr,0.0048197126246347
gnn_naive,none,4,Botnet,task1,detection_rate,0.0039873832053799
gnn_naive,none,4,Botnet,task1,binary_f1,0.0078684674104521
gnn_naive,none,4,Botnet,task1,category_recall,0.0039873832053799
gnn_naive,none,4,Botnet,task2,n,25000.0
gnn_naive,none,4,Botnet,task2,n_benign,24976.0
gnn_naive,none,4,Botnet,task2,n_attack,24.0
gnn_naive,none,4,Botnet,task2,accuracy,0.99904
gnn_naive,none,4,Botnet,task2,macro_f1,0.4997598847446774
gnn_naive,none,4,Botnet,task2,fpr,0.0
gnn_naive,none,4,Botnet,task2,detection_rate,0.0
gnn_naive,none,4,Botnet,task2,binary_f1,0.0
gnn_naive,none,4,Botnet,task2,category_recall,0.0
gnn_naive,none,4,Botnet,task3,n,45000.0
gnn_naive,none,4,Botnet,task3,n_benign,28566.0
gnn_naive,none,4,Botnet,task3,n_attack,16434.0
gnn_naive,none,4,Botnet,task3,accuracy,0.6348
gnn_naive,none,4,Botnet,task3,macro_f1,0.3883043797406411
gnn_naive,none,4,Botnet,task3,fpr,0.0
gnn_naive,none,4,Botnet,task3,detection_rate,0.0
gnn_naive,none,4,Botnet,task3,binary_f1,0.0
gnn_naive,none,4,Botnet,task3,category_recall,0.0
gnn_naive,none,4,Botnet,task4,n,27642.0
gnn_naive,none,4,Botnet,task4,n_benign,27569.0
gnn_naive,none,4,Botnet,task4,n_attack,73.0
gnn_naive,none,4,Botnet,task4,accuracy,0.999095579191086
gnn_naive,none,4,Botnet,task4,macro_f1,0.8964676137122095
gnn_naive,none,4,Botnet,task4,fpr,0.0
gnn_naive,none,4,Botnet,task4,detection_rate,0.6575342465753424
gnn_naive,none,4,Botnet,task4,binary_f1,0.7933884297520661
gnn_naive,none,4,Botnet,task4,category_recall,0.6575342465753424
gnn_naive,none,4,Botnet,task5,n,55000.0
gnn_naive,none,4,Botnet,task5,n_benign,25723.0
gnn_naive,none,4,Botnet,task5,n_attack,29277.0
gnn_naive,none,4,Botnet,task5,accuracy,0.4676909090909091
gnn_naive,none,4,Botnet,task5,macro_f1,0.3186576316539276
gnn_naive,none,4,Botnet,task5,fpr,0.0
gnn_naive,none,4,Botnet,task5,detection_rate,0.0
gnn_naive,none,4,Botnet,task5,binary_f1,0.0
gnn_naive,none,4,Botnet,task5,category_recall,0.0
gnn_naive,none,4,Botnet,task6,n,25000.0
gnn_naive,none,4,Botnet,task6,n_benign,2841.0
gnn_naive,none,4,Botnet,task6,n_attack,22159.0
gnn_naive,none,4,Botnet,task6,accuracy,0.11364
gnn_naive,none,4,Botnet,task6,macro_f1,0.1020437484285765
gnn_naive,none,4,Botnet,task6,fpr,0.0
gnn_naive,none,4,Botnet,task6,detection_rate,0.0
gnn_naive,none,4,Botnet,task6,binary_f1,0.0
gnn_naive,none,4,Botnet,task6,category_recall,0.0
gnn_naive,none,4,Botnet,seen,n,336344.0
gnn_naive,none,4,Botnet,seen,n_benign,284927.0
gnn_naive,none,4,Botnet,seen,n_attack,51417.0
gnn_naive,none,4,Botnet,seen,accuracy,0.8467134838141902
gnn_naive,none,4,Botnet,seen,macro_f1,0.4619784723277254
gnn_naive,none,4,Botnet,seen,fpr,0.0011301140292074
gnn_naive,none,4,Botnet,seen,detection_rate,0.0035396853180854
gnn_naive,none,4,Botnet,seen,binary_f1,0.0070106507964022
gnn_naive,none,4,Botnet,all,n,416344.0
gnn_naive,none,4,Botnet,all,n_benign,313491.0
gnn_naive,none,4,Botnet,all,n_attack,102853.0
gnn_naive,none,4,Botnet,all,accuracy,0.7526252329804201
gnn_naive,none,4,Botnet,all,macro_f1,0.431153028588002
gnn_naive,none,4,Botnet,all,fpr,0.0010271427249905
gnn_naive,none,4,Botnet,all,detection_rate,0.0017695157166052
gnn_naive,none,4,Botnet,all,binary_f1,0.0035217740452993
gnn_naive,none,5,PortScan,task0,n,138702.0
gnn_naive,none,5,PortScan,task0,n_benign,137422.0
gnn_naive,none,5,PortScan,task0,n_attack,1280.0
gnn_naive,none,5,PortScan,task0,accuracy,0.9926965725079668
gnn_naive,none,5,PortScan,task0,macro_f1,0.7021370955775368
gnn_naive,none,5,PortScan,task0,fpr,0.0005967021292078
gnn_naive,none,5,PortScan,task0,detection_rate,0.27265625
gnn_naive,none,5,PortScan,task0,binary_f1,0.4079485680888369
gnn_naive,none,5,PortScan,task0,category_recall,0.27265625
gnn_naive,none,5,PortScan,task1,n,100000.0
gnn_naive,none,5,PortScan,task1,n_benign,66394.0
gnn_naive,none,5,PortScan,task1,n_attack,33606.0
gnn_naive,none,5,PortScan,task1,accuracy,0.77533
gnn_naive,none,5,PortScan,task1,macro_f1,0.686451380300902
gnn_naive,none,5,PortScan,task1,fpr,0.0151670331656474
gnn_naive,none,5,PortScan,task1,detection_rate,0.3614235553175028
gnn_naive,none,5,PortScan,task1,binary_f1,0.5195149596869052
gnn_naive,none,5,PortScan,task1,category_recall,0.3614235553175028
gnn_naive,none,5,PortScan,task2,n,25000.0
gnn_naive,none,5,PortScan,task2,n_benign,24976.0
gnn_naive,none,5,PortScan,task2,n_attack,24.0
gnn_naive,none,5,PortScan,task2,accuracy,0.99752
gnn_naive,none,5,PortScan,task2,macro_f1,0.4993792302455044
gnn_naive,none,5,PortScan,task2,fpr,0.001521460602178
gnn_naive,none,5,PortScan,task2,detection_rate,0.0
gnn_naive,none,5,PortScan,task2,binary_f1,0.0
gnn_naive,none,5,PortScan,task2,category_recall,0.0
gnn_naive,none,5,PortScan,task3,n,45000.0
gnn_naive,none,5,PortScan,task3,n_benign,28566.0
gnn_naive,none,5,PortScan,task3,n_attack,16434.0
gnn_naive,none,5,PortScan,task3,accuracy,0.9928666666666668
gnn_naive,none,5,PortScan,task3,macro_f1,0.9923369815732428
gnn_naive,none,5,PortScan,task3,fpr,0.0108870685430231
gnn_naive,none,5,PortScan,task3,detection_rate,0.9993915054156018
gnn_naive,none,5,PortScan,task3,binary_f1,0.9903222888841992
gnn_naive,none,5,PortScan,task3,category_recall,0.9993915054156018
gnn_naive,none,5,PortScan,task4,n,27642.0
gnn_naive,none,5,PortScan,task4,n_benign,27569.0
gnn_naive,none,5,PortScan,task4,n_attack,73.0
gnn_naive,none,5,PortScan,task4,accuracy,0.9974676217350408
gnn_naive,none,5,PortScan,task4,macro_f1,0.5923891748689918
gnn_naive,none,5,PortScan,task4,fpr,0.0001813631252493
gnn_naive,none,5,PortScan,task4,detection_rate,0.1095890410958904
gnn_naive,none,5,PortScan,task4,binary_f1,0.1860465116279069
gnn_naive,none,5,PortScan,task4,category_recall,0.1095890410958904
gnn_naive,none,5,PortScan,task5,n,55000.0
gnn_naive,none,5,PortScan,task5,n_benign,25723.0
gnn_naive,none,5,PortScan,task5,n_attack,29277.0
gnn_naive,none,5,PortScan,task5,accuracy,0.9999454545454546
gnn_naive,none,5,PortScan,task5,macro_f1,0.9999452254475116
gnn_naive,none,5,PortScan,task5,fpr,0.0001166271430237
gnn_naive,none,5,PortScan,task5,detection_rate,1.0
gnn_naive,none,5,PortScan,task5,binary_f1,0.9999487678672064
gnn_naive,none,5,PortScan,task5,category_recall,1.0
gnn_naive,none,5,PortScan,task6,n,25000.0
gnn_naive,none,5,PortScan,task6,n_benign,2841.0
gnn_naive,none,5,PortScan,task6,n_attack,22159.0
gnn_naive,none,5,PortScan,task6,accuracy,0.11364
gnn_naive,none,5,PortScan,task6,macro_f1,0.1020437484285765
gnn_naive,none,5,PortScan,task6,fpr,0.0
gnn_naive,none,5,PortScan,task6,detection_rate,0.0
gnn_naive,none,5,PortScan,task6,binary_f1,0.0
gnn_naive,none,5,PortScan,task6,category_recall,0.0
gnn_naive,none,5,PortScan,seen,n,391344.0
gnn_naive,none,5,PortScan,seen,n_benign,310650.0
gnn_naive,none,5,PortScan,seen,n_attack,80694.0
gnn_naive,none,5,PortScan,seen,accuracy,0.9388364201316488
gnn_naive,none,5,PortScan,seen,macro_f1,0.8960920602925542
gnn_naive,none,5,PortScan,seen,fpr,0.0046547561564461
gnn_naive,none,5,PortScan,seen,detection_rate,0.7212927850893499
gnn_naive,none,5,PortScan,seen,binary_f1,0.8294476429345038
gnn_naive,none,5,PortScan,all,n,416344.0
gnn_naive,none,5,PortScan,all,n_benign,313491.0
gnn_naive,none,5,PortScan,all,n_attack,102853.0
gnn_naive,none,5,PortScan,all,accuracy,0.8892862632822858
gnn_naive,none,5,PortScan,all,macro_f1,0.8237820910832117
gnn_naive,none,5,PortScan,all,fpr,0.0046125726097399
gnn_naive,none,5,PortScan,all,detection_rate,0.5658950152158907
gnn_naive,none,5,PortScan,all,binary_f1,0.7163436982701857
gnn_naive,none,6,DDoS,task0,n,138702.0
gnn_naive,none,6,DDoS,task0,n_benign,137422.0
gnn_naive,none,6,DDoS,task0,n_attack,1280.0
gnn_naive,none,6,DDoS,task0,accuracy,0.9999855805972516
gnn_naive,none,6,DDoS,task0,macro_f1,0.9996060414834552
gnn_naive,none,6,DDoS,task0,fpr,1.455371046848394e-05
gnn_naive,none,6,DDoS,task0,detection_rate,1.0
gnn_naive,none,6,DDoS,task0,binary_f1,0.9992193598750976
gnn_naive,none,6,DDoS,task0,category_recall,1.0
gnn_naive,none,6,DDoS,task1,n,100000.0
gnn_naive,none,6,DDoS,task1,n_benign,66394.0
gnn_naive,none,6,DDoS,task1,n_attack,33606.0
gnn_naive,none,6,DDoS,task1,accuracy,0.98994
gnn_naive,none,6,DDoS,task1,macro_f1,0.9888091949513544
gnn_naive,none,6,DDoS,task1,fpr,0.0151067867578395
gnn_naive,none,6,DDoS,task1,detection_rate,0.9999107302267451
gnn_naive,none,6,DDoS,task1,binary_f1,0.985251861842491
gnn_naive,none,6,DDoS,task1,category_recall,0.9999107302267451
gnn_naive,none,6,DDoS,task2,n,25000.0
gnn_naive,none,6,DDoS,task2,n_benign,24976.0
gnn_naive,none,6,DDoS,task2,n_attack,24.0
gnn_naive,none,6,DDoS,task2,accuracy,0.99944
gnn_naive,none,6,DDoS,task2,macro_f1,0.8869566003780172
gnn_naive,none,6,DDoS,task2,fpr,0.0005605381165919
gnn_naive,none,6,DDoS,task2,detection_rate,1.0
gnn_naive,none,6,DDoS,task2,binary_f1,0.7741935483870968
gnn_naive,none,6,DDoS,task2,category_recall,1.0
gnn_naive,none,6,DDoS,task3,n,45000.0
gnn_naive,none,6,DDoS,task3,n_benign,28566.0
gnn_naive,none,6,DDoS,task3,n_attack,16434.0
gnn_naive,none,6,DDoS,task3,accuracy,0.6355555555555555
gnn_naive,none,6,DDoS,task3,macro_f1,0.3905485355188511
gnn_naive,none,6,DDoS,task3,fpr,0.0
gnn_naive,none,6,DDoS,task3,detection_rate,0.0020688815869538
gnn_naive,none,6,DDoS,task3,binary_f1,0.004129220306048
gnn_naive,none,6,DDoS,task3,category_recall,0.0020688815869538
gnn_naive,none,6,DDoS,task4,n,27642.0
gnn_naive,none,6,DDoS,task4,n_benign,27569.0
gnn_naive,none,6,DDoS,task4,n_attack,73.0
gnn_naive,none,6,DDoS,task4,accuracy,0.9973590912379712
gnn_naive,none,6,DDoS,task4,macro_f1,0.4993388998569126
gnn_naive,none,6,DDoS,task4,fpr,0.0
gnn_naive,none,6,DDoS,task4,detection_rate,0.0
gnn_naive,none,6,DDoS,task4,binary_f1,0.0
gnn_naive,none,6,DDoS,task4,category_recall,0.0
gnn_naive,none,6,DDoS,task5,n,55000.0
gnn_naive,none,6,DDoS,task5,n_benign,25723.0
gnn_naive,none,6,DDoS,task5,n_attack,29277.0
gnn_naive,none,6,DDoS,task5,accuracy,1.0
gnn_naive,none,6,DDoS,task5,macro_f1,1.0
gnn_naive,none,6,DDoS,task5,fpr,0.0
gnn_naive,none,6,DDoS,task5,detection_rate,1.0
gnn_naive,none,6,DDoS,task5,binary_f1,1.0
gnn_naive,none,6,DDoS,task5,category_recall,1.0
gnn_naive,none,6,DDoS,task6,n,25000.0
gnn_naive,none,6,DDoS,task6,n_benign,2841.0
gnn_naive,none,6,DDoS,task6,n_attack,22159.0
gnn_naive,none,6,DDoS,task6,accuracy,1.0
gnn_naive,none,6,DDoS,task6,macro_f1,1.0
gnn_naive,none,6,DDoS,task6,fpr,0.0
gnn_naive,none,6,DDoS,task6,detection_rate,1.0
gnn_naive,none,6,DDoS,task6,binary_f1,1.0
gnn_naive,none,6,DDoS,task6,category_recall,1.0
gnn_naive,none,6,DDoS,seen,n,416344.0
gnn_naive,none,6,DDoS,seen,n_benign,313491.0
gnn_naive,none,6,DDoS,seen,n_attack,102853.0
gnn_naive,none,6,DDoS,seen,accuracy,0.9579794592932768
gnn_naive,none,6,DDoS,seen,macro_f1,0.9404047045642844
gnn_naive,none,6,DDoS,seen,fpr,0.0032504920396438
gnn_naive,none,6,DDoS,seen,detection_rate,0.8398102145780871
gnn_naive,none,6,DDoS,seen,binary_f1,0.9080415665785364
gnn_naive,none,6,DDoS,all,n,416344.0
gnn_naive,none,6,DDoS,all,n_benign,313491.0
gnn_naive,none,6,DDoS,all,n_attack,102853.0
gnn_naive,none,6,DDoS,all,accuracy,0.9579794592932768
gnn_naive,none,6,DDoS,all,macro_f1,0.9404047045642844
gnn_naive,none,6,DDoS,all,fpr,0.0032504920396438
gnn_naive,none,6,DDoS,all,detection_rate,0.8398102145780871
gnn_naive,none,6,DDoS,all,binary_f1,0.9080415665785364
gnn_ewc_replay,none,0,BruteForce,task0,n,138702.0
gnn_ewc_replay,none,0,BruteForce,task0,n_benign,137422.0
gnn_ewc_replay,none,0,BruteForce,task0,n_attack,1280.0
gnn_ewc_replay,none,0,BruteForce,task0,accuracy,0.9999855805972516
gnn_ewc_replay,none,0,BruteForce,task0,macro_f1,0.9996060414834552
gnn_ewc_replay,none,0,BruteForce,task0,fpr,1.455371046848394e-05
gnn_ewc_replay,none,0,BruteForce,task0,detection_rate,1.0
gnn_ewc_replay,none,0,BruteForce,task0,binary_f1,0.9992193598750976
gnn_ewc_replay,none,0,BruteForce,task0,category_recall,1.0
gnn_ewc_replay,none,0,BruteForce,task1,n,100000.0
gnn_ewc_replay,none,0,BruteForce,task1,n_benign,66394.0
gnn_ewc_replay,none,0,BruteForce,task1,n_attack,33606.0
gnn_ewc_replay,none,0,BruteForce,task1,accuracy,0.66394
gnn_ewc_replay,none,0,BruteForce,task1,macro_f1,0.3990167914708463
gnn_ewc_replay,none,0,BruteForce,task1,fpr,0.0
gnn_ewc_replay,none,0,BruteForce,task1,detection_rate,0.0
gnn_ewc_replay,none,0,BruteForce,task1,binary_f1,0.0
gnn_ewc_replay,none,0,BruteForce,task1,category_recall,0.0
gnn_ewc_replay,none,0,BruteForce,task2,n,25000.0
gnn_ewc_replay,none,0,BruteForce,task2,n_benign,24976.0
gnn_ewc_replay,none,0,BruteForce,task2,n_attack,24.0
gnn_ewc_replay,none,0,BruteForce,task2,accuracy,0.99916
gnn_ewc_replay,none,0,BruteForce,task2,macro_f1,0.6109009976498421
gnn_ewc_replay,none,0,BruteForce,task2,fpr,0.0
gnn_ewc_replay,none,0,BruteForce,task2,detection_rate,0.125
gnn_ewc_replay,none,0,BruteForce,task2,binary_f1,0.2222222222222222
gnn_ewc_replay,none,0,BruteForce,task2,category_recall,0.125
gnn_ewc_replay,none,0,BruteForce,task3,n,45000.0
gnn_ewc_replay,none,0,BruteForce,task3,n_benign,28566.0
gnn_ewc_replay,none,0,BruteForce,task3,n_attack,16434.0
gnn_ewc_replay,none,0,BruteForce,task3,accuracy,0.6348
gnn_ewc_replay,none,0,BruteForce,task3,macro_f1,0.3883043797406411
gnn_ewc_replay,none,0,BruteForce,task3,fpr,0.0
gnn_ewc_replay,none,0,BruteForce,task3,detection_rate,0.0
gnn_ewc_replay,none,0,BruteForce,task3,binary_f1,0.0
gnn_ewc_replay,none,0,BruteForce,task3,category_recall,0.0
gnn_ewc_replay,none,0,BruteForce,task4,n,27642.0
gnn_ewc_replay,none,0,BruteForce,task4,n_benign,27569.0
gnn_ewc_replay,none,0,BruteForce,task4,n_attack,73.0
gnn_ewc_replay,none,0,BruteForce,task4,accuracy,0.9973590912379712
gnn_ewc_replay,none,0,BruteForce,task4,macro_f1,0.4993388998569126
gnn_ewc_replay,none,0,BruteForce,task4,fpr,0.0
gnn_ewc_replay,none,0,BruteForce,task4,detection_rate,0.0
gnn_ewc_replay,none,0,BruteForce,task4,binary_f1,0.0
gnn_ewc_replay,none,0,BruteForce,task4,category_recall,0.0
gnn_ewc_replay,none,0,BruteForce,task5,n,55000.0
gnn_ewc_replay,none,0,BruteForce,task5,n_benign,25723.0
gnn_ewc_replay,none,0,BruteForce,task5,n_attack,29277.0
gnn_ewc_replay,none,0,BruteForce,task5,accuracy,0.4676909090909091
gnn_ewc_replay,none,0,BruteForce,task5,macro_f1,0.3186576316539276
gnn_ewc_replay,none,0,BruteForce,task5,fpr,0.0
gnn_ewc_replay,none,0,BruteForce,task5,detection_rate,0.0
gnn_ewc_replay,none,0,BruteForce,task5,binary_f1,0.0
gnn_ewc_replay,none,0,BruteForce,task5,category_recall,0.0
gnn_ewc_replay,none,0,BruteForce,task6,n,25000.0
gnn_ewc_replay,none,0,BruteForce,task6,n_benign,2841.0
gnn_ewc_replay,none,0,BruteForce,task6,n_attack,22159.0
gnn_ewc_replay,none,0,BruteForce,task6,accuracy,0.11364
gnn_ewc_replay,none,0,BruteForce,task6,macro_f1,0.1020437484285765
gnn_ewc_replay,none,0,BruteForce,task6,fpr,0.0
gnn_ewc_replay,none,0,BruteForce,task6,detection_rate,0.0
gnn_ewc_replay,none,0,BruteForce,task6,binary_f1,0.0
gnn_ewc_replay,none,0,BruteForce,task6,category_recall,0.0
gnn_ewc_replay,none,0,BruteForce,seen,n,138702.0
gnn_ewc_replay,none,0,BruteForce,seen,n_benign,137422.0
gnn_ewc_replay,none,0,BruteForce,seen,n_attack,1280.0
gnn_ewc_replay,none,0,BruteForce,seen,accuracy,0.9999855805972516
gnn_ewc_replay,none,0,BruteForce,seen,macro_f1,0.9996060414834552
gnn_ewc_replay,none,0,BruteForce,seen,fpr,1.455371046848394e-05
gnn_ewc_replay,none,0,BruteForce,seen,detection_rate,1.0
gnn_ewc_replay,none,0,BruteForce,seen,binary_f1,0.9992193598750976
gnn_ewc_replay,none,0,BruteForce,all,n,416344.0
gnn_ewc_replay,none,0,BruteForce,all,n_benign,313491.0
gnn_ewc_replay,none,0,BruteForce,all,n_attack,102853.0
gnn_ewc_replay,none,0,BruteForce,all,accuracy,0.7560382760409661
gnn_ewc_replay,none,0,BruteForce,all,macro_f1,0.4426118657617804
gnn_ewc_replay,none,0,BruteForce,all,fpr,6.379768478201926e-06
gnn_ewc_replay,none,0,BruteForce,all,detection_rate,0.0124741135406842
gnn_ewc_replay,none,0,BruteForce,all,binary_f1,0.0246403810328602
gnn_ewc_replay,none,1,DoS,task0,n,138702.0
gnn_ewc_replay,none,1,DoS,task0,n_benign,137422.0
gnn_ewc_replay,none,1,DoS,task0,n_attack,1280.0
gnn_ewc_replay,none,1,DoS,task0,accuracy,0.999992790298626
gnn_ewc_replay,none,1,DoS,task0,macro_f1,0.999802944543727
gnn_ewc_replay,none,1,DoS,task0,fpr,7.27685523424197e-06
gnn_ewc_replay,none,1,DoS,task0,detection_rate,1.0
gnn_ewc_replay,none,1,DoS,task0,binary_f1,0.9996095275283092
gnn_ewc_replay,none,1,DoS,task0,category_recall,1.0
gnn_ewc_replay,none,1,DoS,task1,n,100000.0
gnn_ewc_replay,none,1,DoS,task1,n_benign,66394.0
gnn_ewc_replay,none,1,DoS,task1,n_attack,33606.0
gnn_ewc_replay,none,1,DoS,task1,accuracy,0.99849
gnn_ewc_replay,none,1,DoS,task1,macro_f1,0.9983099098310244
gnn_ewc_replay,none,1,DoS,task1,fpr,0.0022291170888935
gnn_ewc_replay,none,1,DoS,task1,detection_rate,0.9999107302267451
gnn_ewc_replay,none,1,DoS,task1,binary_f1,0.997758213697166
gnn_ewc_replay,none,1,DoS,task1,category_recall,0.9999107302267451
gnn_ewc_replay,none,1,DoS,task2,n,25000.0
gnn_ewc_replay,none,1,DoS,task2,n_benign,24976.0
gnn_ewc_replay,none,1,DoS,task2,n_attack,24.0
gnn_ewc_replay,none,1,DoS,task2,accuracy,0.99888
gnn_ewc_replay,none,1,DoS,task2,macro_f1,0.8155090474363137
gnn_ewc_replay,none,1,DoS,task2,fpr,0.0011210762331838
gnn_ewc_replay,none,1,DoS,task2,detection_rate,1.0
gnn_ewc_replay,none,1,DoS,task2,binary_f1,0.631578947368421
gnn_ewc_replay,none,1,DoS,task2,category_recall,1.0
gnn_ewc_replay,none,1,DoS,task3,n,45000.0
gnn_ewc_replay,none,1,DoS,task3,n_benign,28566.0
gnn_ewc_replay,none,1,DoS,task3,n_attack,16434.0
gnn_ewc_replay,none,1,DoS,task3,accuracy,0.6347777777777778
gnn_ewc_replay,none,1,DoS,task3,macro_f1,0.3882960647046829
gnn_ewc_replay,none,1,DoS,task3,fpr,3.500665126374011e-05
gnn_ewc_replay,none,1,DoS,task3,detection_rate,0.0
gnn_ewc_replay,none,1,DoS,task3,binary_f1,0.0
gnn_ewc_replay,none,1,DoS,task3,category_recall,0.0
gnn_ewc_replay,none,1,DoS,task4,n,27642.0
gnn_ewc_replay,none,1,DoS,task4,n_benign,27569.0
gnn_ewc_replay,none,1,DoS,task4,n_attack,73.0
gnn_ewc_replay,none,1,DoS,task4,accuracy,0.997286737573258
gnn_ewc_replay,none,1,DoS,task4,macro_f1,0.4993207629190893
gnn_ewc_replay,none,1,DoS,task4,fpr,7.254525009974973e-05
gnn_ewc_replay,none,1,DoS,task4,detection_rate,0.0
gnn_ewc_replay,none,1,DoS,task4,binary_f1,0.0
gnn_ewc_replay,none,1,DoS,task4,category_recall,0.0
gnn_ewc_replay,none,1,DoS,task5,n,55000.0
gnn_ewc_replay,none,1,DoS,task5,n_benign,25723.0
gnn_ewc_replay,none,1,DoS,task5,n_attack,29277.0
gnn_ewc_replay,none,1,DoS,task5,accuracy,0.4676909090909091
gnn_ewc_replay,none,1,DoS,task5,macro_f1,0.3186576316539276
gnn_ewc_replay,none,1,DoS,task5,fpr,0.0
gnn_ewc_replay,none,1,DoS,task5,detection_rate,0.0
gnn_ewc_replay,none,1,DoS,task5,binary_f1,0.0
gnn_ewc_replay,none,1,DoS,task5,category_recall,0.0
gnn_ewc_replay,none,1,DoS,task6,n,25000.0
gnn_ewc_replay,none,1,DoS,task6,n_benign,2841.0
gnn_ewc_replay,none,1,DoS,task6,n_attack,22159.0
gnn_ewc_replay,none,1,DoS,task6,accuracy,1.0
gnn_ewc_replay,none,1,DoS,task6,macro_f1,1.0
gnn_ewc_replay,none,1,DoS,task6,fpr,0.0
gnn_ewc_replay,none,1,DoS,task6,detection_rate,1.0
gnn_ewc_replay,none,1,DoS,task6,binary_f1,1.0
gnn_ewc_replay,none,1,DoS,task6,category_recall,1.0
gnn_ewc_replay,none,1,DoS,seen,n,238702.0
gnn_ewc_replay,none,1,DoS,seen,n_benign,203816.0
gnn_ewc_replay,none,1,DoS,seen,n_attack,34886.0
gnn_ewc_replay,none,1,DoS,seen,accuracy,0.9993632227631104
gnn_ewc_replay,none,1,DoS,seen,macro_f1,0.9987265029107656
gnn_ewc_replay,none,1,DoS,seen,fpr,0.0007310515366801
gnn_ewc_replay,none,1,DoS,seen,detection_rate,0.9999140056182996
gnn_ewc_replay,none,1,DoS,seen,binary_f1,0.9978260247718757
gnn_ewc_replay,none,1,DoS,all,n,416344.0
gnn_ewc_replay,none,1,DoS,all,n_benign,313491.0
gnn_ewc_replay,none,1,DoS,all,n_attack,102853.0
gnn_ewc_replay,none,1,DoS,all,accuracy,0.889593701362335
gnn_ewc_replay,none,1,DoS,all,macro_f1,0.8222702657135444
gnn_ewc_replay,none,1,DoS,all,fpr,0.0005741791630381
gnn_ewc_replay,none,1,DoS,all,detection_rate,0.554830680680194
gnn_ewc_replay,none,1,DoS,all,binary_f1,0.7128839030849662
gnn_ewc_replay,none,2,WebAttack,task0,n,138702.0
gnn_ewc_replay,none,2,WebAttack,task0,n_benign,137422.0
gnn_ewc_replay,none,2,WebAttack,task0,n_attack,1280.0
gnn_ewc_replay,none,2,WebAttack,task0,accuracy,0.999992790298626
gnn_ewc_replay,none,2,WebAttack,task0,macro_f1,0.999802944543727
gnn_ewc_replay,none,2,WebAttack,task0,fpr,7.27685523424197e-06
gnn_ewc_replay,none,2,WebAttack,task0,detection_rate,1.0
gnn_ewc_replay,none,2,WebAttack,task0,binary_f1,0.9996095275283092
gnn_ewc_replay,none,2,WebAttack,task0,category_recall,1.0
gnn_ewc_replay,none,2,WebAttack,task1,n,100000.0
gnn_ewc_replay,none,2,WebAttack,task1,n_benign,66394.0
gnn_ewc_replay,none,2,WebAttack,task1,n_attack,33606.0
gnn_ewc_replay,none,2,WebAttack,task1,accuracy,0.99778
gnn_ewc_replay,none,2,WebAttack,task1,macro_f1,0.997516518734682
gnn_ewc_replay,none,2,WebAttack,task1,fpr,0.0032984908274844
gnn_ewc_replay,none,2,WebAttack,task1,detection_rate,0.9999107302267451
gnn_ewc_replay,none,2,WebAttack,task1,binary_f1,0.9967075992169424
gnn_ewc_replay,none,2,WebAttack,task1,category_recall,0.9999107302267451
gnn_ewc_replay,none,2,WebAttack,task2,n,25000.0
gnn_ewc_replay,none,2,WebAttack,task2,n_benign,24976.0
gnn_ewc_replay,none,2,WebAttack,task2,n_attack,24.0
gnn_ewc_replay,none,2,WebAttack,task2,accuracy,0.99908
gnn_ewc_replay,none,2,WebAttack,task2,macro_f1,0.837797841949653
gnn_ewc_replay,none,2,WebAttack,task2,fpr,0.0009208840486867
gnn_ewc_replay,none,2,WebAttack,task2,detection_rate,1.0
gnn_ewc_replay,none,2,WebAttack,task2,binary_f1,0.676056338028169
gnn_ewc_replay,none,2,WebAttack,task2,category_recall,1.0
gnn_ewc_replay,none,2,WebAttack,task3,n,45000.0
gnn_ewc_replay,none,2,WebAttack,task3,n_benign,28566.0
gnn_ewc_replay,none,2,WebAttack,task3,n_attack,16434.0
gnn_ewc_replay,none,2,WebAttack,task3,accuracy,0.6347333333333334
gnn_ewc_replay,none,2,WebAttack,task3,macro_f1,0.3882794339545695
gnn_ewc_replay,none,2,WebAttack,task3,fpr,0.0001050199537912
gnn_ewc_replay,none,2,WebAttack,task3,detection_rate,0.0
gnn_ewc_replay,none,2,WebAttack,task3,binary_f1,0.0
gnn_ewc_replay,none,2,WebAttack,task3,category_recall,0.0
gnn_ewc_replay,none,2,WebAttack,task4,n,27642.0
gnn_ewc_replay,none,2,WebAttack,task4,n_benign,27569.0
gnn_ewc_replay,none,2,WebAttack,task4,n_attack,73.0
gnn_ewc_replay,none,2,WebAttack,task4,accuracy,0.9973590912379712
gnn_ewc_replay,none,2,WebAttack,task4,macro_f1,0.4993388998569126
gnn_ewc_replay,none,2,WebAttack,task4,fpr,0.0
gnn_ewc_replay,none,2,WebAttack,task4,detection_rate,0.0
gnn_ewc_replay,none,2,WebAttack,task4,binary_f1,0.0
gnn_ewc_replay,none,2,WebAttack,task4,category_recall,0.0
gnn_ewc_replay,none,2,WebAttack,task5,n,55000.0
gnn_ewc_replay,none,2,WebAttack,task5,n_benign,25723.0
gnn_ewc_replay,none,2,WebAttack,task5,n_attack,29277.0
gnn_ewc_replay,none,2,WebAttack,task5,accuracy,0.4676909090909091
gnn_ewc_replay,none,2,WebAttack,task5,macro_f1,0.3186576316539276
gnn_ewc_replay,none,2,WebAttack,task5,fpr,0.0
gnn_ewc_replay,none,2,WebAttack,task5,detection_rate,0.0
gnn_ewc_replay,none,2,WebAttack,task5,binary_f1,0.0
gnn_ewc_replay,none,2,WebAttack,task5,category_recall,0.0
gnn_ewc_replay,none,2,WebAttack,task6,n,25000.0
gnn_ewc_replay,none,2,WebAttack,task6,n_benign,2841.0
gnn_ewc_replay,none,2,WebAttack,task6,n_attack,22159.0
gnn_ewc_replay,none,2,WebAttack,task6,accuracy,1.0
gnn_ewc_replay,none,2,WebAttack,task6,macro_f1,1.0
gnn_ewc_replay,none,2,WebAttack,task6,fpr,0.0
gnn_ewc_replay,none,2,WebAttack,task6,detection_rate,1.0
gnn_ewc_replay,none,2,WebAttack,task6,binary_f1,1.0
gnn_ewc_replay,none,2,WebAttack,task6,category_recall,1.0
gnn_ewc_replay,none,2,WebAttack,seen,n,263702.0
gnn_ewc_replay,none,2,WebAttack,seen,n_benign,228792.0
gnn_ewc_replay,none,2,WebAttack,seen,n_attack,34910.0
gnn_ewc_replay,none,2,WebAttack,seen,accuracy,0.999067128804484
gnn_ewc_replay,none,2,WebAttack,seen,macro_f1,0.997975417810882
gnn_ewc_replay,none,2,WebAttack,seen,fpr,0.0010621000734291
gnn_ewc_replay,none,2,WebAttack,seen,detection_rate,0.9999140647378976
gnn_ewc_replay,none,2,WebAttack,seen,binary_f1,0.9964887239508992
gnn_ewc_replay,none,2,WebAttack,all,n,416344.0
gnn_ewc_replay,none,2,WebAttack,all,n_benign,313491.0
gnn_ewc_replay,none,2,WebAttack,all,n_attack,102853.0
gnn_ewc_replay,none,2,WebAttack,all,accuracy,0.8894351786023096
gnn_ewc_replay,none,2,WebAttack,all,macro_f1,0.8220709623878731
gnn_ewc_replay,none,2,WebAttack,all,fpr,0.0007847115228188
gnn_ewc_replay,none,2,WebAttack,all,detection_rate,0.554830680680194
gnn_ewc_replay,none,2,WebAttack,all,binary_f1,0.7125901414166641
gnn_ewc_replay,none,3,Infiltration,task0,n,138702.0
gnn_ewc_replay,none,3,Infiltration,task0,n_benign,137422.0
gnn_ewc_replay,none,3,Infiltration,task0,n_attack,1280.0
gnn_ewc_replay,none,3,Infiltration,task0,accuracy,0.9999855805972516
gnn_ewc_replay,none,3,Infiltration,task0,macro_f1,0.9996060414834552
gnn_ewc_replay,none,3,Infiltration,task0,fpr,1.455371046848394e-05
gnn_ewc_replay,none,3,Infiltration,task0,detection_rate,1.0
gnn_ewc_replay,none,3,Infiltration,task0,binary_f1,0.9992193598750976
gnn_ewc_replay,none,3,Infiltration,task0,category_recall,1.0
gnn_ewc_replay,none,3,Infiltration,task1,n,100000.0
gnn_ewc_replay,none,3,Infiltration,task1,n_benign,66394.0
gnn_ewc_replay,none,3,Infiltration,task1,n_attack,33606.0
gnn_ewc_replay,none,3,Infiltration,task1,accuracy,0.99852
gnn_ewc_replay,none,3,Infiltration,task1,macro_f1,0.9983434514653716
gnn_ewc_replay,none,3,Infiltration,task1,fpr,0.0021839322830376
gnn_ewc_replay,none,3,Infiltration,task1,detection_rate,0.9999107302267451
gnn_ewc_replay,none,3,Infiltration,task1,binary_f1,0.9978026546307568
gnn_ewc_replay,none,3,Infiltration,task1,category_recall,0.9999107302267451
gnn_ewc_replay,none,3,Infiltration,task2,n,25000.0
gnn_ewc_replay,none,3,Infiltration,task2,n_benign,24976.0
gnn_ewc_replay,none,3,Infiltration,task2,n_attack,24.0
gnn_ewc_replay,none,3,Infiltration,task2,accuracy,0.99964
gnn_ewc_replay,none,3,Infiltration,task2,macro_f1,0.9180917190727982
gnn_ewc_replay,none,3,Infiltration,task2,fpr,0.0003203074951953
gnn_ewc_replay,none,3,Infiltration,task2,detection_rate,0.9583333333333334
gnn_ewc_replay,none,3,Infiltration,task2,binary_f1,0.8363636363636363
gnn_ewc_replay,none,3,Infiltration,task2,category_recall,0.9583333333333334
gnn_ewc_replay,none,3,Infiltration,task3,n,45000.0
gnn_ewc_replay,none,3,Infiltration,task3,n_benign,28566.0
gnn_ewc_replay,none,3,Infiltration,task3,n_attack,16434.0
gnn_ewc_replay,none,3,Infiltration,task3,accuracy,0.9922888888888888
gnn_ewc_replay,none,3,Infiltration,task3,macro_f1,0.9917115057089404
gnn_ewc_replay,none,3,Infiltration,task3,fpr,0.0105370020303857
gnn_ewc_replay,none,3,Infiltration,task3,detection_rate,0.9972009249117684
gnn_ewc_replay,none,3,Infiltration,task3,binary_f1,0.9895238957823868
gnn_ewc_replay,none,3,Infiltration,task3,category_recall,0.9972009249117684
gnn_ewc_replay,none,3,Infiltration,task4,n,27642.0
gnn_ewc_replay,none,3,Infiltration,task4,n_benign,27569.0
gnn_ewc_replay,none,3,Infiltration,task4,n_attack,73.0
gnn_ewc_replay,none,3,Infiltration,task4,accuracy,0.9973590912379712
gnn_ewc_replay,none,3,Infiltration,task4,macro_f1,0.4993388998569126
gnn_ewc_replay,none,3,Infiltration,task4,fpr,0.0
gnn_ewc_replay,none,3,Infiltration,task4,detection_rate,0.0
gnn_ewc_replay,none,3,Infiltration,task4,binary_f1,0.0
gnn_ewc_replay,none,3,Infiltration,task4,category_recall,0.0
gnn_ewc_replay,none,3,Infiltration,task5,n,55000.0
gnn_ewc_replay,none,3,Infiltration,task5,n_benign,25723.0
gnn_ewc_replay,none,3,Infiltration,task5,n_attack,29277.0
gnn_ewc_replay,none,3,Infiltration,task5,accuracy,0.9999272727272728
gnn_ewc_replay,none,3,Infiltration,task5,macro_f1,0.9999269674357996
gnn_ewc_replay,none,3,Infiltration,task5,fpr,0.0001166271430237
gnn_ewc_replay,none,3,Infiltration,task5,detection_rate,0.9999658434948936
gnn_ewc_replay,none,3,Infiltration,task5,binary_f1,0.9999316893230412
gnn_ewc_replay,none,3,Infiltration,task5,category_recall,0.9999658434948936
gnn_ewc_replay,none,3,Infiltration,task6,n,25000.0
gnn_ewc_replay,none,3,Infiltration,task6,n_benign,2841.0
gnn_ewc_replay,none,3,Infiltration,task6,n_attack,22159.0
gnn_ewc_replay,none,3,Infiltration,task6,accuracy,0.99992
gnn_ewc_replay,none,3,Infiltration,task6,macro_f1,0.9998013804850764
gnn_ewc_replay,none,3,Infiltration,task6,fpr,0.0007039774727208
gnn_ewc_replay,none,3,Infiltration,task6,detection_rate,1.0
gnn_ewc_replay,none,3,Infiltration,task6,binary_f1,0.9999548736462094
gnn_ewc_replay,none,3,Infiltration,task6,category_recall,1.0
gnn_ewc_replay,none,3,Infiltration,seen,n,308702.0
gnn_ewc_replay,none,3,Infiltration,seen,n_benign,257358.0
gnn_ewc_replay,none,3,Infiltration,seen,n_attack,51344.0
gnn_ewc_replay,none,3,Infiltration,seen,accuracy,0.9983608787762956
gnn_ewc_replay,none,3,Infiltration,seen,macro_f1,0.9970540077432068
gnn_ewc_replay,none,3,Infiltration,seen,fpr,0.0017718508847597
gnn_ewc_replay,none,3,Infiltration,seen,detection_rate,0.9990261763789342
gnn_ewc_replay,none,3,Infiltration,seen,binary_f1,0.9950918579160766
gnn_ewc_replay,none,3,Infiltration,all,n,416344.0
gnn_ewc_replay,none,3,Infiltration,all,n_benign,313491.0
gnn_ewc_replay,none,3,Infiltration,all,n_attack,102853.0
gnn_ewc_replay,none,3,Infiltration,all,accuracy,0.9985949118997752
gnn_ewc_replay,none,3,Infiltration,all,macro_f1,0.9981136219555016
gnn_ewc_replay,none,3,Infiltration,all,fpr,0.0014705366342255
gnn_ewc_replay,none,3,Infiltration,all,detection_rate,0.99879439588539
gnn_ewc_replay,none,3,Infiltration,all,binary_f1,0.9971607868260508
gnn_ewc_replay,none,4,Botnet,task0,n,138702.0
gnn_ewc_replay,none,4,Botnet,task0,n_benign,137422.0
gnn_ewc_replay,none,4,Botnet,task0,n_attack,1280.0
gnn_ewc_replay,none,4,Botnet,task0,accuracy,0.9997188216464074
gnn_ewc_replay,none,4,Botnet,task0,macro_f1,0.9924261548671413
gnn_ewc_replay,none,4,Botnet,task0,fpr,0.0002837973541354
gnn_ewc_replay,none,4,Botnet,task0,detection_rate,1.0
gnn_ewc_replay,none,4,Botnet,task0,binary_f1,0.984994228549442
gnn_ewc_replay,none,4,Botnet,task0,category_recall,1.0
gnn_ewc_replay,none,4,Botnet,task1,n,100000.0
gnn_ewc_replay,none,4,Botnet,task1,n_benign,66394.0
gnn_ewc_replay,none,4,Botnet,task1,n_attack,33606.0
gnn_ewc_replay,none,4,Botnet,task1,accuracy,0.99805
gnn_ewc_replay,none,4,Botnet,task1,macro_f1,0.9978181342624192
gnn_ewc_replay,none,4,Botnet,task1,fpr,0.0028918275747808
gnn_ewc_replay,none,4,Botnet,task1,detection_rate,0.9999107302267451
gnn_ewc_replay,none,4,Botnet,task1,binary_f1,0.9971068678506254
gnn_ewc_replay,none,4,Botnet,task1,category_recall,0.9999107302267451
gnn_ewc_replay,none,4,Botnet,task2,n,25000.0
gnn_ewc_replay,none,4,Botnet,task2,n_benign,24976.0
gnn_ewc_replay,none,4,Botnet,task2,n_attack,24.0
gnn_ewc_replay,none,4,Botnet,task2,accuracy,0.9996
gnn_ewc_replay,none,4,Botnet,task2,macro_f1,0.9136929873135596
gnn_ewc_replay,none,4,Botnet,task2,fpr,0.0004003843689942
gnn_ewc_replay,none,4,Botnet,task2,detection_rate,1.0
gnn_ewc_replay,none,4,Botnet,task2,binary_f1,0.8275862068965517
gnn_ewc_replay,none,4,Botnet,task2,category_recall,1.0
gnn_ewc_replay,none,4,Botnet,task3,n,45000.0
gnn_ewc_replay,none,4,Botnet,task3,n_benign,28566.0
gnn_ewc_replay,none,4,Botnet,task3,n_attack,16434.0
gnn_ewc_replay,none,4,Botnet,task3,accuracy,0.9980222222222224
gnn_ewc_replay,none,4,Botnet,task3,macro_f1,0.9978695332947132
gnn_ewc_replay,none,4,Botnet,task3,fpr,0.0030455786599453
gnn_ewc_replay,none,4,Botnet,task3,detection_rate,0.9998783010831204
gnn_ewc_replay,none,4,Botnet,task3,binary_f1,0.9972991836858556
gnn_ewc_replay,none,4,Botnet,task3,category_recall,0.9998783010831204
gnn_ewc_replay,none,4,Botnet,task4,n,27642.0
gnn_ewc_replay,none,4,Botnet,task4,n_benign,27569.0
gnn_ewc_replay,none,4,Botnet,task4,n_attack,73.0
gnn_ewc_replay,none,4,Botnet,task4,accuracy,0.997142030243832
gnn_ewc_replay,none,4,Botnet,task4,macro_f1,0.8221525689852502
gnn_ewc_replay,none,4,Botnet,task4,fpr,0.0028292647538902
gnn_ewc_replay,none,4,Botnet,task4,detection_rate,0.9863013698630136
gnn_ewc_replay,none,4,Botnet,task4,binary_f1,0.6457399103139013
gnn_ewc_replay,none,4,Botnet,task4,category_recall,0.9863013698630136
gnn_ewc_replay,none,4,Botnet,task5,n,55000.0
gnn_ewc_replay,none,4,Botnet,task5,n_benign,25723.0
gnn_ewc_replay,none,4,Botnet,task5,n_attack,29277.0
gnn_ewc_replay,none,4,Botnet,task5,accuracy,0.9974909090909092
gnn_ewc_replay,none,4,Botnet,task5,macro_f1,0.997479564129967
gnn_ewc_replay,none,4,Botnet,task5,fpr,0.0053259728647513
gnn_ewc_replay,none,4,Botnet,task5,detection_rate,0.9999658434948936
gnn_ewc_replay,none,4,Botnet,task5,binary_f1,0.9976486624637928
gnn_ewc_replay,none,4,Botnet,task5,category_recall,0.9999658434948936
gnn_ewc_replay,none,4,Botnet,task6,n,25000.0
gnn_ewc_replay,none,4,Botnet,task6,n_benign,2841.0
gnn_ewc_replay,none,4,Botnet,task6,n_attack,22159.0
gnn_ewc_replay,none,4,Botnet,task6,accuracy,0.22908
gnn_ewc_replay,none,4,Botnet,task6,macro_f1,0.2290757062600535
gnn_ewc_replay,none,4,Botnet,task6,fpr,0.002463921154523
gnn_ewc_replay,none,4,Botnet,task6,detection_rate,0.130556433052033
gnn_ewc_replay,none,4,Botnet,task6,binary_f1,0.2308950875932798
gnn_ewc_replay,none,4,Botnet,task6,category_recall,0.130556433052033
gnn_ewc_replay,none,4,Botnet,seen,n,336344.0
gnn_ewc_replay,none,4,Botnet,seen,n_benign,284927.0
gnn_ewc_replay,none,4,Botnet,seen,n_attack,51417.0
gnn_ewc_replay,none,4,Botnet,seen,accuracy,0.998775063625336
gnn_ewc_replay,none,4,Botnet,seen,macro_f1,0.9976427833629432
gnn_ewc_replay,none,4,Botnet,seen,fpr,0.0014249263846529
gnn_ewc_replay,none,4,Botnet,seen,detection_rate,0.9998833070774258
gnn_ewc_replay,none,4,Botnet,seen,binary_f1,0.9960090667803244
gnn_ewc_replay,none,4,Botnet,all,n,416344.0
gnn_ewc_replay,none,4,Botnet,all,n_benign,313491.0
gnn_ewc_replay,none,4,Botnet,all,n_attack,102853.0
gnn_ewc_replay,none,4,Botnet,all,accuracy,0.952387929212382
gnn_ewc_replay,none,4,Botnet,all,macro_f1,0.931642618459094
gnn_ewc_replay,none,4,Botnet,all,fpr,0.0017544363315055
gnn_ewc_replay,none,4,Botnet,all,detection_rate,0.8126160637025658
gnn_ewc_replay,none,4,Botnet,all,binary_f1,0.893985014680479
gnn_ewc_replay,none,5,PortScan,task0,n,138702.0
gnn_ewc_replay,none,5,PortScan,task0,n_benign,137422.0
gnn_ewc_replay,none,5,PortScan,task0,n_attack,1280.0
gnn_ewc_replay,none,5,PortScan,task0,accuracy,0.9999855805972516
gnn_ewc_replay,none,5,PortScan,task0,macro_f1,0.9996060414834552
gnn_ewc_replay,none,5,PortScan,task0,fpr,1.455371046848394e-05
gnn_ewc_replay,none,5,PortScan,task0,detection_rate,1.0
gnn_ewc_replay,none,5,PortScan,task0,binary_f1,0.9992193598750976
gnn_ewc_replay,none,5,PortScan,task0,category_recall,1.0
gnn_ewc_replay,none,5,PortScan,task1,n,100000.0
gnn_ewc_replay,none,5,PortScan,task1,n_benign,66394.0
gnn_ewc_replay,none,5,PortScan,task1,n_attack,33606.0
gnn_ewc_replay,none,5,PortScan,task1,accuracy,0.99659
gnn_ewc_replay,none,5,PortScan,task1,macro_f1,0.9961777593943274
gnn_ewc_replay,none,5,PortScan,task1,fpr,0.0021688706810856
gnn_ewc_replay,none,5,PortScan,task1,detection_rate,0.9941379515562696
gnn_ewc_replay,none,5,PortScan,task1,binary_f1,0.9949224973570184
gnn_ewc_replay,none,5,PortScan,task1,category_recall,0.9941379515562696
gnn_ewc_replay,none,5,PortScan,task2,n,25000.0
gnn_ewc_replay,none,5,PortScan,task2,n_benign,24976.0
gnn_ewc_replay,none,5,PortScan,task2,n_attack,24.0
gnn_ewc_replay,none,5,PortScan,task2,accuracy,0.99968
gnn_ewc_replay,none,5,PortScan,task2,macro_f1,0.9258458394325132
gnn_ewc_replay,none,5,PortScan,task2,fpr,0.0002802690582959
gnn_ewc_replay,none,5,PortScan,task2,detection_rate,0.9583333333333334
gnn_ewc_replay,none,5,PortScan,task2,binary_f1,0.8518518518518519
gnn_ewc_replay,none,5,PortScan,task2,category_recall,0.9583333333333334
gnn_ewc_replay,none,5,PortScan,task3,n,45000.0
gnn_ewc_replay,none,5,PortScan,task3,n_benign,28566.0
gnn_ewc_replay,none,5,PortScan,task3,n_attack,16434.0
gnn_ewc_replay,none,5,PortScan,task3,accuracy,0.9933111111111111
gnn_ewc_replay,none,5,PortScan,task3,macro_f1,0.9928138868404252
gnn_ewc_replay,none,5,PortScan,task3,fpr,0.0104319820765945
gnn_ewc_replay,none,5,PortScan,task3,detection_rate,0.9998174516246804
gnn_ewc_replay,none,5,PortScan,task3,binary_f1,0.99092361969665
gnn_ewc_replay,none,5,PortScan,task3,category_recall,0.9998174516246804
gnn_ewc_replay,none,5,PortScan,task4,n,27642.0
gnn_ewc_replay,none,5,PortScan,task4,n_benign,27569.0
gnn_ewc_replay,none,5,PortScan,task4,n_attack,73.0
gnn_ewc_replay,none,5,PortScan,task4,accuracy,1.0
gnn_ewc_replay,none,5,PortScan,task4,macro_f1,1.0
gnn_ewc_replay,none,5,PortScan,task4,fpr,0.0
gnn_ewc_replay,none,5,PortScan,task4,detection_rate,1.0
gnn_ewc_replay,none,5,PortScan,task4,binary_f1,1.0
gnn_ewc_replay,none,5,PortScan,task4,category_recall,1.0
gnn_ewc_replay,none,5,PortScan,task5,n,55000.0
gnn_ewc_replay,none,5,PortScan,task5,n_benign,25723.0
gnn_ewc_replay,none,5,PortScan,task5,n_attack,29277.0
gnn_ewc_replay,none,5,PortScan,task5,accuracy,0.9997636363636364
gnn_ewc_replay,none,5,PortScan,task5,macro_f1,0.9997626391164048
gnn_ewc_replay,none,5,PortScan,task5,fpr,0.000466508572095
gnn_ewc_replay,none,5,PortScan,task5,detection_rate,0.9999658434948936
gnn_ewc_replay,none,5,PortScan,task5,binary_f1,0.999778024417314
gnn_ewc_replay,none,5,PortScan,task5,category_recall,0.9999658434948936
gnn_ewc_replay,none,5,PortScan,task6,n,25000.0
gnn_ewc_replay,none,5,PortScan,task6,n_benign,2841.0
gnn_ewc_replay,none,5,PortScan,task6,n_attack,22159.0
gnn_ewc_replay,none,5,PortScan,task6,accuracy,0.11588
gnn_ewc_replay,none,5,PortScan,task6,macro_f1,0.1047702344183219
gnn_ewc_replay,none,5,PortScan,task6,fpr,0.0
gnn_ewc_replay,none,5,PortScan,task6,detection_rate,0.0025271898551378
gnn_ewc_replay,none,5,PortScan,task6,binary_f1,0.005041638532523
gnn_ewc_replay,none,5,PortScan,task6,category_recall,0.0025271898551378
gnn_ewc_replay,none,5,PortScan,seen,n,391344.0
gnn_ewc_replay,none,5,PortScan,seen,n_benign,310650.0
gnn_ewc_replay,none,5,PortScan,seen,n_attack,80694.0
gnn_ewc_replay,none,5,PortScan,seen,accuracy,0.998300727748477
gnn_ewc_replay,none,5,PortScan,seen,macro_f1,0.9974076810842556
gnn_ewc_replay,none,5,PortScan,seen,fpr,0.0014904233059713
gnn_ewc_replay,none,5,PortScan,seen,detection_rate,0.9974967159887972
gnn_ewc_replay,none,5,PortScan,seen,binary_f1,0.9958861483832254
gnn_ewc_replay,none,5,PortScan,all,n,416344.0
gnn_ewc_replay,none,5,PortScan,all,n_benign,313491.0
gnn_ewc_replay,none,5,PortScan,all,n_attack,102853.0
gnn_ewc_replay,none,5,PortScan,all,accuracy,0.9453144515112504
gnn_ewc_replay,none,5,PortScan,all,macro_f1,0.9205390811033154
gnn_ewc_replay,none,5,PortScan,all,fpr,0.0014769164027037
gnn_ewc_replay,none,5,PortScan,all,detection_rate,0.7831370985775816
gnn_ewc_replay,none,5,PortScan,all,binary_f1,0.8761693425575425
gnn_ewc_replay,none,6,DDoS,task0,n,138702.0
gnn_ewc_replay,none,6,DDoS,task0,n_benign,137422.0
gnn_ewc_replay,none,6,DDoS,task0,n_attack,1280.0
gnn_ewc_replay,none,6,DDoS,task0,accuracy,0.999992790298626
gnn_ewc_replay,none,6,DDoS,task0,macro_f1,0.999802944543727
gnn_ewc_replay,none,6,DDoS,task0,fpr,7.27685523424197e-06
gnn_ewc_replay,none,6,DDoS,task0,detection_rate,1.0
gnn_ewc_replay,none,6,DDoS,task0,binary_f1,0.9996095275283092
gnn_ewc_replay,none,6,DDoS,task0,category_recall,1.0
gnn_ewc_replay,none,6,DDoS,task1,n,100000.0
gnn_ewc_replay,none,6,DDoS,task1,n_benign,66394.0
gnn_ewc_replay,none,6,DDoS,task1,n_attack,33606.0
gnn_ewc_replay,none,6,DDoS,task1,accuracy,0.99849
gnn_ewc_replay,none,6,DDoS,task1,macro_f1,0.9983099098310244
gnn_ewc_replay,none,6,DDoS,task1,fpr,0.0022291170888935
gnn_ewc_replay,none,6,DDoS,task1,detection_rate,0.9999107302267451
gnn_ewc_replay,none,6,DDoS,task1,binary_f1,0.997758213697166
gnn_ewc_replay,none,6,DDoS,task1,category_recall,0.9999107302267451
gnn_ewc_replay,none,6,DDoS,task2,n,25000.0
gnn_ewc_replay,none,6,DDoS,task2,n_benign,24976.0
gnn_ewc_replay,none,6,DDoS,task2,n_attack,24.0
gnn_ewc_replay,none,6,DDoS,task2,accuracy,0.99976
gnn_ewc_replay,none,6,DDoS,task2,macro_f1,0.9422476298427288
gnn_ewc_replay,none,6,DDoS,task2,fpr,0.0002001921844971
gnn_ewc_replay,none,6,DDoS,task2,detection_rate,0.9583333333333334
gnn_ewc_replay,none,6,DDoS,task2,binary_f1,0.8846153846153846
gnn_ewc_replay,none,6,DDoS,task2,category_recall,0.9583333333333334
gnn_ewc_replay,none,6,DDoS,task3,n,45000.0
gnn_ewc_replay,none,6,DDoS,task3,n_benign,28566.0
gnn_ewc_replay,none,6,DDoS,task3,n_attack,16434.0
gnn_ewc_replay,none,6,DDoS,task3,accuracy,0.9990888888888888
gnn_ewc_replay,none,6,DDoS,task3,macro_f1,0.9990177918363288
gnn_ewc_replay,none,6,DDoS,task3,fpr,0.0011552194917034
gnn_ewc_replay,none,6,DDoS,task3,detection_rate,0.9995132043324816
gnn_ewc_replay,none,6,DDoS,task3,binary_f1,0.9987535341866052
gnn_ewc_replay,none,6,DDoS,task3,category_recall,0.9995132043324816
gnn_ewc_replay,none,6,DDoS,task4,n,27642.0
gnn_ewc_replay,none,6,DDoS,task4,n_benign,27569.0
gnn_ewc_replay,none,6,DDoS,task4,n_attack,73.0
gnn_ewc_replay,none,6,DDoS,task4,accuracy,0.999095579191086
gnn_ewc_replay,none,6,DDoS,task4,macro_f1,0.8964676137122095
gnn_ewc_replay,none,6,DDoS,task4,fpr,0.0
gnn_ewc_replay,none,6,DDoS,task4,detection_rate,0.6575342465753424
gnn_ewc_replay,none,6,DDoS,task4,binary_f1,0.7933884297520661
gnn_ewc_replay,none,6,DDoS,task4,category_recall,0.6575342465753424
gnn_ewc_replay,none,6,DDoS,task5,n,55000.0
gnn_ewc_replay,none,6,DDoS,task5,n_benign,25723.0
gnn_ewc_replay,none,6,DDoS,task5,n_attack,29277.0
gnn_ewc_replay,none,6,DDoS,task5,accuracy,0.9999636363636364
gnn_ewc_replay,none,6,DDoS,task5,macro_f1,0.9999634838902762
gnn_ewc_replay,none,6,DDoS,task5,fpr,3.8875714341251024e-05
gnn_ewc_replay,none,6,DDoS,task5,detection_rate,0.9999658434948936
gnn_ewc_replay,none,6,DDoS,task5,binary_f1,0.9999658434948936
gnn_ewc_replay,none,6,DDoS,task5,category_recall,0.9999658434948936
gnn_ewc_replay,none,6,DDoS,task6,n,25000.0
gnn_ewc_replay,none,6,DDoS,task6,n_benign,2841.0
gnn_ewc_replay,none,6,DDoS,task6,n_attack,22159.0
gnn_ewc_replay,none,6,DDoS,task6,accuracy,0.99992
gnn_ewc_replay,none,6,DDoS,task6,macro_f1,0.9998013804850764
gnn_ewc_replay,none,6,DDoS,task6,fpr,0.0007039774727208
gnn_ewc_replay,none,6,DDoS,task6,detection_rate,1.0
gnn_ewc_replay,none,6,DDoS,task6,binary_f1,0.9999548736462094
gnn_ewc_replay,none,6,DDoS,task6,category_recall,1.0
gnn_ewc_replay,none,6,DDoS,seen,n,416344.0
gnn_ewc_replay,none,6,DDoS,seen,n_benign,313491.0
gnn_ewc_replay,none,6,DDoS,seen,n_attack,102853.0
gnn_ewc_replay,none,6,DDoS,seen,accuracy,0.9994523759199124
gnn_ewc_replay,none,6,DDoS,seen,macro_f1,0.9992643527180642
gnn_ewc_replay,none,6,DDoS,seen,fpr,0.0006060780054291
gnn_ewc_replay,none,6,DDoS,seen,detection_rate,0.9996305406745548
gnn_ewc_replay,none,6,DDoS,seen,binary_f1,0.9988924404200954
gnn_ewc_replay,none,6,DDoS,all,n,416344.0
gnn_ewc_replay,none,6,DDoS,all,n_benign,313491.0
gnn_ewc_replay,none,6,DDoS,all,n_attack,102853.0
gnn_ewc_replay,none,6,DDoS,all,accuracy,0.9994523759199124
gnn_ewc_replay,none,6,DDoS,all,macro_f1,0.9992643527180642
gnn_ewc_replay,none,6,DDoS,all,fpr,0.0006060780054291
gnn_ewc_replay,none,6,DDoS,all,detection_rate,0.9996305406745548
gnn_ewc_replay,none,6,DDoS,all,binary_f1,0.9988924404200954
ffnn_ewc_replay,none,0,BruteForce,task0,n,138702.0
ffnn_ewc_replay,none,0,BruteForce,task0,n_benign,137422.0
ffnn_ewc_replay,none,0,BruteForce,task0,n_attack,1280.0
ffnn_ewc_replay,none,0,BruteForce,task0,accuracy,0.999992790298626
ffnn_ewc_replay,none,0,BruteForce,task0,macro_f1,0.999802944543727
ffnn_ewc_replay,none,0,BruteForce,task0,fpr,7.27685523424197e-06
ffnn_ewc_replay,none,0,BruteForce,task0,detection_rate,1.0
ffnn_ewc_replay,none,0,BruteForce,task0,binary_f1,0.9996095275283092
ffnn_ewc_replay,none,0,BruteForce,task0,category_recall,1.0
ffnn_ewc_replay,none,0,BruteForce,task1,n,100000.0
ffnn_ewc_replay,none,0,BruteForce,task1,n_benign,66394.0
ffnn_ewc_replay,none,0,BruteForce,task1,n_attack,33606.0
ffnn_ewc_replay,none,0,BruteForce,task1,accuracy,0.66394
ffnn_ewc_replay,none,0,BruteForce,task1,macro_f1,0.3990167914708463
ffnn_ewc_replay,none,0,BruteForce,task1,fpr,0.0
ffnn_ewc_replay,none,0,BruteForce,task1,detection_rate,0.0
ffnn_ewc_replay,none,0,BruteForce,task1,binary_f1,0.0
ffnn_ewc_replay,none,0,BruteForce,task1,category_recall,0.0
ffnn_ewc_replay,none,0,BruteForce,task2,n,25000.0
ffnn_ewc_replay,none,0,BruteForce,task2,n_benign,24976.0
ffnn_ewc_replay,none,0,BruteForce,task2,n_attack,24.0
ffnn_ewc_replay,none,0,BruteForce,task2,accuracy,0.99904
ffnn_ewc_replay,none,0,BruteForce,task2,macro_f1,0.4997598847446774
ffnn_ewc_replay,none,0,BruteForce,task2,fpr,0.0
ffnn_ewc_replay,none,0,BruteForce,task2,detection_rate,0.0
ffnn_ewc_replay,none,0,BruteForce,task2,binary_f1,0.0
ffnn_ewc_replay,none,0,BruteForce,task2,category_recall,0.0
ffnn_ewc_replay,none,0,BruteForce,task3,n,45000.0
ffnn_ewc_replay,none,0,BruteForce,task3,n_benign,28566.0
ffnn_ewc_replay,none,0,BruteForce,task3,n_attack,16434.0
ffnn_ewc_replay,none,0,BruteForce,task3,accuracy,0.6349333333333333
ffnn_ewc_replay,none,0,BruteForce,task3,macro_f1,0.3887010157059334
ffnn_ewc_replay,none,0,BruteForce,task3,fpr,0.0
ffnn_ewc_replay,none,0,BruteForce,task3,detection_rate,0.0003650967506389
ffnn_ewc_replay,none,0,BruteForce,task3,binary_f1,0.0007299270072992
ffnn_ewc_replay,none,0,BruteForce,task3,category_recall,0.0003650967506389
ffnn_ewc_replay,none,0,BruteForce,task4,n,27642.0
ffnn_ewc_replay,none,0,BruteForce,task4,n_benign,27569.0
ffnn_ewc_replay,none,0,BruteForce,task4,n_attack,73.0
ffnn_ewc_replay,none,0,BruteForce,task4,accuracy,0.9973590912379712
ffnn_ewc_replay,none,0,BruteForce,task4,macro_f1,0.4993388998569126
ffnn_ewc_replay,none,0,BruteForce,task4,fpr,0.0
ffnn_ewc_replay,none,0,BruteForce,task4,detection_rate,0.0
ffnn_ewc_replay,none,0,BruteForce,task4,binary_f1,0.0
ffnn_ewc_replay,none,0,BruteForce,task4,category_recall,0.0
ffnn_ewc_replay,none,0,BruteForce,task5,n,55000.0
ffnn_ewc_replay,none,0,BruteForce,task5,n_benign,25723.0
ffnn_ewc_replay,none,0,BruteForce,task5,n_attack,29277.0
ffnn_ewc_replay,none,0,BruteForce,task5,accuracy,0.4676909090909091
ffnn_ewc_replay,none,0,BruteForce,task5,macro_f1,0.3186576316539276
ffnn_ewc_replay,none,0,BruteForce,task5,fpr,0.0
ffnn_ewc_replay,none,0,BruteForce,task5,detection_rate,0.0
ffnn_ewc_replay,none,0,BruteForce,task5,binary_f1,0.0
ffnn_ewc_replay,none,0,BruteForce,task5,category_recall,0.0
ffnn_ewc_replay,none,0,BruteForce,task6,n,25000.0
ffnn_ewc_replay,none,0,BruteForce,task6,n_benign,2841.0
ffnn_ewc_replay,none,0,BruteForce,task6,n_attack,22159.0
ffnn_ewc_replay,none,0,BruteForce,task6,accuracy,0.11364
ffnn_ewc_replay,none,0,BruteForce,task6,macro_f1,0.1020437484285765
ffnn_ewc_replay,none,0,BruteForce,task6,fpr,0.0
ffnn_ewc_replay,none,0,BruteForce,task6,detection_rate,0.0
ffnn_ewc_replay,none,0,BruteForce,task6,binary_f1,0.0
ffnn_ewc_replay,none,0,BruteForce,task6,category_recall,0.0
ffnn_ewc_replay,none,0,BruteForce,seen,n,138702.0
ffnn_ewc_replay,none,0,BruteForce,seen,n_benign,137422.0
ffnn_ewc_replay,none,0,BruteForce,seen,n_attack,1280.0
ffnn_ewc_replay,none,0,BruteForce,seen,accuracy,0.999992790298626
ffnn_ewc_replay,none,0,BruteForce,seen,macro_f1,0.999802944543727
ffnn_ewc_replay,none,0,BruteForce,seen,fpr,7.27685523424197e-06
ffnn_ewc_replay,none,0,BruteForce,seen,detection_rate,1.0
ffnn_ewc_replay,none,0,BruteForce,seen,binary_f1,0.9996095275283092
ffnn_ewc_replay,none,0,BruteForce,all,n,416344.0
ffnn_ewc_replay,none,0,BruteForce,all,n_benign,313491.0
ffnn_ewc_replay,none,0,BruteForce,all,n_attack,102853.0
ffnn_ewc_replay,none,0,BruteForce,all,accuracy,0.7560478834809676
ffnn_ewc_replay,none,0,BruteForce,all,macro_f1,0.4426429903522154
ffnn_ewc_replay,none,0,BruteForce,all,fpr,3.189884239100963e-06
ffnn_ewc_replay,none,0,BruteForce,all,detection_rate,0.0125032813821667
ffnn_ewc_replay,none,0,BruteForce,all,binary_f1,0.0246975225657768
ffnn_ewc_replay,none,1,DoS,task0,n,138702.0
ffnn_ewc_replay,none,1,DoS,task0,n_benign,137422.0
ffnn_ewc_replay,none,1,DoS,task0,n_attack,1280.0
ffnn_ewc_replay,none,1,DoS,task0,accuracy,0.999956741791755
ffnn_ewc_replay,none,1,DoS,task0,macro_f1,0.9988199496386384
ffnn_ewc_replay,none,1,DoS,task0,fpr,4.366113140545182e-05
ffnn_ewc_replay,none,1,DoS,task0,detection_rate,1.0
ffnn_ewc_replay,none,1,DoS,task0,binary_f1,0.9976617303195636
ffnn_ewc_replay,none,1,DoS,task0,category_recall,1.0
ffnn_ewc_replay,none,1,DoS,task1,n,100000.0
ffnn_ewc_replay,none,1,DoS,task1,n_benign,66394.0
ffnn_ewc_replay,none,1,DoS,task1,n_attack,33606.0
ffnn_ewc_replay,none,1,DoS,task1,accuracy,0.99985
ffnn_ewc_replay,none,1,DoS,task1,macro_f1,0.9998319404189068
ffnn_ewc_replay,none,1,DoS,task1,fpr,0.0001656776214718
ffnn_ewc_replay,none,1,DoS,task1,detection_rate,0.9998809736356604
ffnn_ewc_replay,none,1,DoS,task1,binary_f1,0.9997768488076288
ffnn_ewc_replay,none,1,DoS,task1,category_recall,0.9998809736356604
ffnn_ewc_replay,none,1,DoS,task2,n,25000.0
ffnn_ewc_replay,none,1,DoS,task2,n_benign,24976.0
ffnn_ewc_replay,none,1,DoS,task2,n_attack,24.0
ffnn_ewc_replay,none,1,DoS,task2,accuracy,0.99896
ffnn_ewc_replay,none,1,DoS,task2,macro_f1,0.4997398647296594
ffnn_ewc_replay,none,1,DoS,task2,fpr,8.007687379884689e-05
ffnn_ewc_replay,none,1,DoS,task2,detection_rate,0.0
ffnn_ewc_replay,none,1,DoS,task2,binary_f1,0.0
ffnn_ewc_replay,none,1,DoS,task2,category_recall,0.0
ffnn_ewc_replay,none,1,DoS,task3,n,45000.0
ffnn_ewc_replay,none,1,DoS,task3,n_benign,28566.0
ffnn_ewc_replay,none,1,DoS,task3,n_attack,16434.0
ffnn_ewc_replay,none,1,DoS,task3,accuracy,0.6350666666666667
ffnn_ewc_replay,none,1,DoS,task3,macro_f1,0.3891550640156962
ffnn_ewc_replay,none,1,DoS,task3,fpr,3.500665126374011e-05
ffnn_ewc_replay,none,1,DoS,task3,detection_rate,0.0007910429597176
ffnn_ewc_replay,none,1,DoS,task3,binary_f1,0.0015807392996108
ffnn_ewc_replay,none,1,DoS,task3,category_recall,0.0007910429597176
ffnn_ewc_replay,none,1,DoS,task4,n,27642.0
ffnn_ewc_replay,none,1,DoS,task4,n_benign,27569.0
ffnn_ewc_replay,none,1,DoS,task4,n_attack,73.0
ffnn_ewc_replay,none,1,DoS,task4,accuracy,0.9972505607409016
ffnn_ewc_replay,none,1,DoS,task4,macro_f1,0.4993116939573975
ffnn_ewc_replay,none,1,DoS,task4,fpr,0.0001088178751496
ffnn_ewc_replay,none,1,DoS,task4,detection_rate,0.0
ffnn_ewc_replay,none,1,DoS,task4,binary_f1,0.0
ffnn_ewc_replay,none,1,DoS,task4,category_recall,0.0
ffnn_ewc_replay,none,1,DoS,task5,n,55000.0
ffnn_ewc_replay,none,1,DoS,task5,n_benign,25723.0
ffnn_ewc_replay,none,1,DoS,task5,n_attack,29277.0
ffnn_ewc_replay,none,1,DoS,task5,accuracy,0.4677090909090909
ffnn_ewc_replay,none,1,DoS,task5,macro_f1,0.3188143358597318
ffnn_ewc_replay,none,1,DoS,task5,fpr,0.000155502857365
ffnn_ewc_replay,none,1,DoS,task5,detection_rate,0.0001707825255319
ffnn_ewc_replay,none,1,DoS,task5,binary_f1,0.0003414600833162
ffnn_ewc_replay,none,1,DoS,task5,category_recall,0.0001707825255319
ffnn_ewc_replay,none,1,DoS,task6,n,25000.0
ffnn_ewc_replay,none,1,DoS,task6,n_benign,2841.0
ffnn_ewc_replay,none,1,DoS,task6,n_attack,22159.0
ffnn_ewc_replay,none,1,DoS,task6,accuracy,0.99244
ffnn_ewc_replay,none,1,DoS,task6,macro_f1,0.9817624856599584
ffnn_ewc_replay,none,1,DoS,task6,fpr,0.0
ffnn_ewc_replay,none,1,DoS,task6,detection_rate,0.9914707342389096
ffnn_ewc_replay,none,1,DoS,task6,binary_f1,0.9957171021323846
ffnn_ewc_replay,none,1,DoS,task6,category_recall,0.9914707342389096
ffnn_ewc_replay,none,1,DoS,seen,n,238702.0
ffnn_ewc_replay,none,1,DoS,seen,n_benign,203816.0
ffnn_ewc_replay,none,1,DoS,seen,n_attack,34886.0
ffnn_ewc_replay,none,1,DoS,seen,accuracy,0.999912024197535
ffnn_ewc_replay,none,1,DoS,seen,macro_f1,0.9998237785175
ffnn_ewc_replay,none,1,DoS,seen,fpr,8.34085645876673e-05
ffnn_ewc_replay,none,1,DoS,seen,detection_rate,0.9998853408243996
ffnn_ewc_replay,none,1,DoS,seen,binary_f1,0.9996990757326072
ffnn_ewc_replay,none,1,DoS,all,n,416344.0
ffnn_ewc_replay,none,1,DoS,all,n_benign,313491.0
ffnn_ewc_replay,none,1,DoS,all,n_attack,102853.0
ffnn_ewc_replay,none,1,DoS,all,accuracy,0.8894904213823185
ffnn_ewc_replay,none,1,DoS,all,macro_f1,0.8218078271037682
ffnn_ewc_replay,none,1,DoS,all,fpr,8.6126874455726e-05
ffnn_ewc_replay,none,1,DoS,all,detection_rate,0.5529250483700038
ffnn_ewc_replay,none,1,DoS,all,binary_f1,0.7119874804381847
ffnn_ewc_replay,none,2,WebAttack,task0,n,138702.0
ffnn_ewc_replay,none,2,WebAttack,task0,n_benign,137422.0
ffnn_ewc_replay,none,2,WebAttack,task0,n_attack,1280.0
ffnn_ewc_replay,none,2,WebAttack,task0,accuracy,0.9998125477642716
ffnn_ewc_replay,none,2,WebAttack,task0,macro_f1,0.9949256271338842
ffnn_ewc_replay,none,2,WebAttack,task0,fpr,0.0001891982360902
ffnn_ewc_replay,none,2,WebAttack,task0,detection_rate,1.0
ffnn_ewc_replay,none,2,WebAttack,task0,binary_f1,0.9899458623356536
ffnn_ewc_replay,none,2,WebAttack,task0,category_recall,1.0
ffnn_ewc_replay,none,2,WebAttack,task1,n,100000.0
ffnn_ewc_replay,none,2,WebAttack,task1,n_benign,66394.0
ffnn_ewc_replay,none,2,WebAttack,task1,n_attack,33606.0
ffnn_ewc_replay,none,2,WebAttack,task1,accuracy,0.99952
ffnn_ewc_replay,none,2,WebAttack,task1,macro_f1,0.9994620947047492
ffnn_ewc_replay,none,2,WebAttack,task1,fpr,0.0001958008253757
ffnn_ewc_replay,none,2,WebAttack,task1,detection_rate,0.9989585193120276
ffnn_ewc_replay,none,2,WebAttack,task1,binary_f1,0.9992856079773776
ffnn_ewc_replay,none,2,WebAttack,task1,category_recall,0.9989585193120276
ffnn_ewc_replay,none,2,WebAttack,task2,n,25000.0
ffnn_ewc_replay,none,2,WebAttack,task2,n_benign,24976.0
ffnn_ewc_replay,none,2,WebAttack,task2,n_attack,24.0
ffnn_ewc_replay,none,2,WebAttack,task2,accuracy,0.99976
ffnn_ewc_replay,none,2,WebAttack,task2,macro_f1,0.9422476298427288
ffnn_ewc_replay,none,2,WebAttack,task2,fpr,0.0002001921844971
ffnn_ewc_replay,none,2,WebAttack,task2,detection_rate,0.9583333333333334
ffnn_ewc_replay,none,2,WebAttack,task2,binary_f1,0.8846153846153846
ffnn_ewc_replay,none,2,WebAttack,task2,category_recall,0.9583333333333334
ffnn_ewc_replay,none,2,WebAttack,task3,n,45000.0
ffnn_ewc_replay,none,2,WebAttack,task3,n_benign,28566.0
ffnn_ewc_replay,none,2,WebAttack,task3,n_attack,16434.0
ffnn_ewc_replay,none,2,WebAttack,task3,accuracy,0.635
ffnn_ewc_replay,none,2,WebAttack,task3,macro_f1,0.3890723101898997
ffnn_ewc_replay,none,2,WebAttack,task3,fpr,0.0001050199537912
ffnn_ewc_replay,none,2,WebAttack,task3,detection_rate,0.0007301935012778
ffnn_ewc_replay,none,2,WebAttack,task3,binary_f1,0.001459055261718
ffnn_ewc_replay,none,2,WebAttack,task3,category_recall,0.0007301935012778
ffnn_ewc_replay,none,2,WebAttack,task4,n,27642.0
ffnn_ewc_replay,none,2,WebAttack,task4,n_benign,27569.0
ffnn_ewc_replay,none,2,WebAttack,task4,n_attack,73.0
ffnn_ewc_replay,none,2,WebAttack,task4,accuracy,0.9970696765791188
ffnn_ewc_replay,none,2,WebAttack,task4,macro_f1,0.4992663442204228
ffnn_ewc_replay,none,2,WebAttack,task4,fpr,0.0002901810003989
ffnn_ewc_replay,none,2,WebAttack,task4,detection_rate,0.0
ffnn_ewc_replay,none,2,WebAttack,task4,binary_f1,0.0
ffnn_ewc_replay,none,2,WebAttack,task4,category_recall,0.0
ffnn_ewc_replay,none,2,WebAttack,task5,n,55000.0
ffnn_ewc_replay,none,2,WebAttack,task5,n_benign,25723.0
ffnn_ewc_replay,none,2,WebAttack,task5,n_attack,29277.0
ffnn_ewc_replay,none,2,WebAttack,task5,accuracy,0.4674
ffnn_ewc_replay,none,2,WebAttack,task5,macro_f1,0.3186706991496028
ffnn_ewc_replay,none,2,WebAttack,task5,fpr,0.0008163900011662
ffnn_ewc_replay,none,2,WebAttack,task5,detection_rate,0.0001707825255319
ffnn_ewc_replay,none,2,WebAttack,task5,binary_f1,0.0003412619868272
ffnn_ewc_replay,none,2,WebAttack,task5,category_recall,0.0001707825255319
ffnn_ewc_replay,none,2,WebAttack,task6,n,25000.0
ffnn_ewc_replay,none,2,WebAttack,task6,n_benign,2841.0
ffnn_ewc_replay,none,2,WebAttack,task6,n_attack,22159.0
ffnn_ewc_replay,none,2,WebAttack,task6,accuracy,0.8812
ffnn_ewc_replay,none,2,WebAttack,task6,macro_f1,0.7919539406815266
ffnn_ewc_replay,none,2,WebAttack,task6,fpr,0.0045758535726856
ffnn_ewc_replay,none,2,WebAttack,task6,detection_rate,0.8665553499706665
ffnn_ewc_replay,none,2,WebAttack,task6,binary_f1,0.928215787692754
ffnn_ewc_replay,none,2,WebAttack,task6,category_recall,0.8665553499706665
ffnn_ewc_replay,none,2,WebAttack,seen,n,263702.0
ffnn_ewc_replay,none,2,WebAttack,seen,n_benign,228792.0
ffnn_ewc_replay,none,2,WebAttack,seen,n_attack,34910.0
ffnn_ewc_replay,none,2,WebAttack,seen,accuracy,0.9996966272534908
ffnn_ewc_replay,none,2,WebAttack,seen,macro_f1,0.9993397467161822
ffnn_ewc_replay,none,2,WebAttack,seen,fpr,0.0001923144165879
ffnn_ewc_replay,none,2,WebAttack,seen,detection_rate,0.9989687768547694
ffnn_ewc_replay,none,2,WebAttack,seen,binary_f1,0.998854327776823
ffnn_ewc_replay,none,2,WebAttack,all,n,416344.0
ffnn_ewc_replay,none,2,WebAttack,all,n_benign,313491.0
ffnn_ewc_replay,none,2,WebAttack,all,n_attack,102853.0
ffnn_ewc_replay,none,2,WebAttack,all,accuracy,0.8826715408412275
ffnn_ewc_replay,none,2,WebAttack,all,macro_f1,0.8083151366240432
ffnn_ewc_replay,none,2,WebAttack,all,fpr,0.0002838996972799
ffnn_ewc_replay,none,2,WebAttack,all,detection_rate,0.5259253497710324
ffnn_ewc_replay,none,2,WebAttack,all,binary_f1,0.688929219600726
ffnn_ewc_replay,none,3,Infiltration,task0,n,138702.0
ffnn_ewc_replay,none,3,Infiltration,task0,n_benign,137422.0
ffnn_ewc_replay,none,3,Infiltration,task0,n_attack,1280.0
ffnn_ewc_replay,none,3,Infiltration,task0,accuracy,0.9997044022436592
ffnn_ewc_replay,none,3,Infiltration,task0,macro_f1,0.9920438170993676
ffnn_ewc_replay,none,3,Infiltration,task0,fpr,0.0002983510646039
ffnn_ewc_replay,none,3,Infiltration,task0,detection_rate,1.0
ffnn_ewc_replay,none,3,Infiltration,task0,binary_f1,0.9842368319876972
ffnn_ewc_replay,none,3,Infiltration,task0,category_recall,1.0
ffnn_ewc_replay,none,3,Infiltration,task1,n,100000.0
ffnn_ewc_replay,none,3,Infiltration,task1,n_benign,66394.0
ffnn_ewc_replay,none,3,Infiltration,task1,n_attack,33606.0
ffnn_ewc_replay,none,3,Infiltration,task1,accuracy,0.9995
ffnn_ewc_replay,none,3,Infiltration,task1,macro_f1,0.9994397643541308
ffnn_ewc_replay,none,3,Infiltration,task1,fpr,0.0003614784468476
ffnn_ewc_replay,none,3,Infiltration,task1,detection_rate,0.999226328631792
ffnn_ewc_replay,none,3,Infiltration,task1,binary_f1,0.9992560630858504
ffnn_ewc_replay,none,3,Infiltration,task1,category_recall,0.999226328631792
ffnn_ewc_replay,none,3,Infiltration,task2,n,25000.0
ffnn_ewc_replay,none,3,Infiltration,task2,n_benign,24976.0
ffnn_ewc_replay,none,3,Infiltration,task2,n_attack,24.0
ffnn_ewc_replay,none,3,Infiltration,task2,accuracy,0.99952
ffnn_ewc_replay,none,3,Infiltration,task2,macro_f1,0.8927370083064461
ffnn_ewc_replay,none,3,Infiltration,task2,fpr,0.0004003843689942
ffnn_ewc_replay,none,3,Infiltration,task2,detection_rate,0.9166666666666666
ffnn_ewc_replay,none,3,Infiltration,task2,binary_f1,0.7857142857142857
ffnn_ewc_replay,none,3,Infiltration,task2,category_recall,0.9166666666666666
ffnn_ewc_replay,none,3,Infiltration,task3,n,45000.0
ffnn_ewc_replay,none,3,Infiltration,task3,n_benign,28566.0
ffnn_ewc_replay,none,3,Infiltration,task3,n_attack,16434.0
ffnn_ewc_replay,none,3,Infiltration,task3,accuracy,0.9984
ffnn_ewc_replay,none,3,Infiltration,task3,macro_f1,0.9982741436479758
ffnn_ewc_replay,none,3,Infiltration,task3,fpr,0.0009101729328572
ffnn_ewc_replay,none,3,Infiltration,task3,detection_rate,0.9972009249117684
ffnn_ewc_replay,none,3,Infiltration,task3,binary_f1,0.9978080857282028
ffnn_ewc_replay,none,3,Infiltration,task3,category_recall,0.9972009249117684
ffnn_ewc_replay,none,3,Infiltration,task4,n,27642.0
ffnn_ewc_replay,none,3,Infiltration,task4,n_benign,27569.0
ffnn_ewc_replay,none,3,Infiltration,task4,n_attack,73.0
ffnn_ewc_replay,none,3,Infiltration,task4,accuracy,0.988929889298893
ffnn_ewc_replay,none,3,Infiltration,task4,macro_f1,0.4972170686456401
ffnn_ewc_replay,none,3,Infiltration,task4,fpr,0.0084515216366208
ffnn_ewc_replay,none,3,Infiltration,task4,detection_rate,0.0
ffnn_ewc_replay,none,3,Infiltration,task4,binary_f1,0.0
ffnn_ewc_replay,none,3,Infiltration,task4,category_recall,0.0
ffnn_ewc_replay,none,3,Infiltration,task5,n,55000.0
ffnn_ewc_replay,none,3,Infiltration,task5,n_benign,25723.0
ffnn_ewc_replay,none,3,Infiltration,task5,n_attack,29277.0
ffnn_ewc_replay,none,3,Infiltration,task5,accuracy,0.9874
ffnn_ewc_replay,none,3,Infiltration,task5,macro_f1,0.9873357006897592
ffnn_ewc_replay,none,3,Infiltration,task5,fpr,0.0205652528865217
ffnn_ewc_replay,none,3,Infiltration,task5,detection_rate,0.9943983331625508
ffnn_ewc_replay,none,3,Infiltration,task5,binary_f1,0.9882380895806108
ffnn_ewc_replay,none,3,Infiltration,task5,category_recall,0.9943983331625508
ffnn_ewc_replay,none,3,Infiltration,task6,n,25000.0
ffnn_ewc_replay,none,3,Infiltration,task6,n_benign,2841.0
ffnn_ewc_replay,none,3,Infiltration,task6,n_attack,22159.0
ffnn_ewc_replay,none,3,Infiltration,task6,accuracy,0.978
ffnn_ewc_replay,none,3,Infiltration,task6,macro_f1,0.9485666470918184
ffnn_ewc_replay,none,3,Infiltration,task6,fpr,0.0253431890179514
ffnn_ewc_replay,none,3,Infiltration,task6,detection_rate,0.9784286294507876
ffnn_ewc_replay,none,3,Infiltration,task6,binary_f1,0.9874749498997996
ffnn_ewc_replay,none,3,Infiltration,task6,category_recall,0.9784286294507876
ffnn_ewc_replay,none,3,Infiltration,seen,n,308702.0
ffnn_ewc_replay,none,3,Infiltration,seen,n_benign,257358.0
ffnn_ewc_replay,none,3,Infiltration,seen,n_attack,51344.0
ffnn_ewc_replay,none,3,Infiltration,seen,accuracy,0.9994331102487188
ffnn_ewc_replay,none,3,Infiltration,seen,macro_f1,0.9989781227400318
ffnn_ewc_replay,none,3,Infiltration,seen,fpr,0.0003924494284226
ffnn_ewc_replay,none,3,Infiltration,seen,detection_rate,0.9985587410408228
ffnn_ewc_replay,none,3,Infiltration,seen,binary_f1,0.9982962566324296
ffnn_ewc_replay,none,3,Infiltration,all,n,416344.0
ffnn_ewc_replay,none,3,Infiltration,all,n_benign,313491.0
ffnn_ewc_replay,none,3,Infiltration,all,n_attack,102853.0
ffnn_ewc_replay,none,3,Infiltration,all,accuracy,0.9958591933593376
ffnn_ewc_replay,none,3,Infiltration,all,macro_f1,0.9944373651747423
ffnn_ewc_replay,none,3,Infiltration,all,fpr,0.0029825417635594
ffnn_ewc_replay,none,3,Infiltration,all,detection_rate,0.9923288576901014
ffnn_ewc_replay,none,3,Infiltration,all,binary_f1,0.99162505100752
ffnn_ewc_replay,none,4,Botnet,task0,n,138702.0
ffnn_ewc_replay,none,4,Botnet,task0,n_benign,137422.0
ffnn_ewc_replay,none,4,Botnet,task0,n_attack,1280.0
ffnn_ewc_replay,none,4,Botnet,task0,accuracy,0.999228561952964
ffnn_ewc_replay,none,4,Botnet,task0,macro_f1,0.9797452758102112
ffnn_ewc_replay,none,4,Botnet,task0,fpr,0.0007786235100638
ffnn_ewc_replay,none,4,Botnet,task0,detection_rate,1.0
ffnn_ewc_replay,none,4,Botnet,task0,binary_f1,0.9598800149981253
ffnn_ewc_replay,none,4,Botnet,task0,category_recall,1.0
ffnn_ewc_replay,none,4,Botnet,task1,n,100000.0
ffnn_ewc_replay,none,4,Botnet,task1,n_benign,66394.0
ffnn_ewc_replay,none,4,Botnet,task1,n_attack,33606.0
ffnn_ewc_replay,none,4,Botnet,task1,accuracy,0.99926
ffnn_ewc_replay,none,4,Botnet,task1,macro_f1,0.9991710704003453
ffnn_ewc_replay,none,4,Botnet,task1,fpr,0.0008133265054071
ffnn_ewc_replay,none,4,Botnet,task1,detection_rate,0.9994048681783017
ffnn_ewc_replay,none,4,Botnet,task1,binary_f1,0.9988995627992744
ffnn_ewc_replay,none,4,Botnet,task1,category_recall,0.9994048681783017
ffnn_ewc_replay,none,4,Botnet,task2,n,25000.0
ffnn_ewc_replay,none,4,Botnet,task2,n_benign,24976.0
ffnn_ewc_replay,none,4,Botnet,task2,n_attack,24.0
ffnn_ewc_replay,none,4,Botnet,task2,accuracy,0.99932
ffnn_ewc_replay,none,4,Botnet,task2,macro_f1,0.860485530051581
ffnn_ewc_replay,none,4,Botnet,task2,fpr,0.0006005765534913
ffnn_ewc_replay,none,4,Botnet,task2,detection_rate,0.9166666666666666
ffnn_ewc_replay,none,4,Botnet,task2,binary_f1,0.7213114754098361
ffnn_ewc_replay,none,4,Botnet,task2,category_recall,0.9166666666666666
ffnn_ewc_replay,none,4,Botnet,task3,n,45000.0
ffnn_ewc_replay,none,4,Botnet,task3,n_benign,28566.0
ffnn_ewc_replay,none,4,Botnet,task3,n_attack,16434.0
ffnn_ewc_replay,none,4,Botnet,task3,accuracy,0.998
ffnn_ewc_replay,none,4,Botnet,task3,macro_f1,0.9978418963688228
ffnn_ewc_replay,none,4,Botnet,task3,fpr,0.0007351396765385
ffnn_ewc_replay,none,4,Botnet,task3,detection_rate,0.9958013873676524
ffnn_ewc_replay,none,4,Botnet,task3,binary_f1,0.9972577696526508
ffnn_ewc_replay,none,4,Botnet,task3,category_recall,0.9958013873676524
ffnn_ewc_replay,none,4,Botnet,task4,n,27642.0
ffnn_ewc_replay,none,4,Botnet,task4,n_benign,27569.0
ffnn_ewc_replay,none,4,Botnet,task4,n_attack,73.0
ffnn_ewc_replay,none,4,Botnet,task4,accuracy,0.9994935243470082
ffnn_ewc_replay,none,4,Botnet,task4,macro_f1,0.9561230135694072
ffnn_ewc_replay,none,4,Botnet,task4,fpr,0.0005078167506982
ffnn_ewc_replay,none,4,Botnet,task4,detection_rate,1.0
ffnn_ewc_replay,none,4,Botnet,task4,binary_f1,0.9125
ffnn_ewc_replay,none,4,Botnet,task4,category_recall,1.0
ffnn_ewc_replay,none,4,Botnet,task5,n,55000.0
ffnn_ewc_replay,none,4,Botnet,task5,n_benign,25723.0
ffnn_ewc_replay,none,4,Botnet,task5,n_attack,29277.0
ffnn_ewc_replay,none,4,Botnet,task5,accuracy,0.9950181818181818
ffnn_ewc_replay,none,4,Botnet,task5,macro_f1,0.995000050855488
ffnn_ewc_replay,none,4,Botnet,task5,fpr,0.00062201142946
ffnn_ewc_replay,none,4,Botnet,task5,detection_rate,0.9911876216825496
ffnn_ewc_replay,none,4,Botnet,task5,binary_f1,0.995301138702154
ffnn_ewc_replay,none,4,Botnet,task5,category_recall,0.9911876216825496
ffnn_ewc_replay,none,4,Botnet,task6,n,25000.0
ffnn_ewc_replay,none,4,Botnet,task6,n_benign,2841.0
ffnn_ewc_replay,none,4,Botnet,task6,n_attack,22159.0
ffnn_ewc_replay,none,4,Botnet,task6,accuracy,0.9888
ffnn_ewc_replay,none,4,Botnet,task6,macro_f1,0.9730807729405344
ffnn_ewc_replay,none,4,Botnet,task6,fpr,0.0116156282998944
ffnn_ewc_replay,none,4,Botnet,task6,detection_rate,0.9888532876032312
ffnn_ewc_replay,none,4,Botnet,task6,binary_f1,0.9936513694902956
ffnn_ewc_replay,none,4,Botnet,task6,category_recall,0.9888532876032312
ffnn_ewc_replay,none,4,Botnet,seen,n,336344.0
ffnn_ewc_replay,none,4,Botnet,seen,n_benign,284927.0
ffnn_ewc_replay,none,4,Botnet,seen,n_attack,51417.0
ffnn_ewc_replay,none,4,Botnet,seen,accuracy,0.9991021097447852
ffnn_ewc_replay,none,4,Botnet,seen,macro_f1,0.998268289598721
ffnn_ewc_replay,none,4,Botnet,seen,fpr,0.0007405405595117
ffnn_ewc_replay,none,4,Botnet,seen,detection_rate,0.9982301573409572
ffnn_ewc_replay,none,4,Botnet,seen,binary_f1,0.9970666511257454
ffnn_ewc_replay,none,4,Botnet,all,n,416344.0
ffnn_ewc_replay,none,4,Botnet,all,n_benign,313491.0
ffnn_ewc_replay,none,4,Botnet,all,n_attack,102853.0
ffnn_ewc_replay,none,4,Botnet,all,accuracy,0.9979440078396712
ffnn_ewc_replay,none,4,Botnet,all,macro_f1,0.9972336869676846
ffnn_ewc_replay,none,4,Botnet,all,fpr,0.0008293699021662
ffnn_ewc_replay,none,4,Botnet,all,detection_rate,0.9942053221588092
ffnn_ewc_replay,none,4,Botnet,all,binary_f1,0.9958319131323952
ffnn_ewc_replay,none,5,PortScan,task0,n,138702.0
ffnn_ewc_replay,none,5,PortScan,task0,n_benign,137422.0
ffnn_ewc_replay,none,5,PortScan,task0,n_attack,1280.0
ffnn_ewc_replay,none,5,PortScan,task0,accuracy,0.9995169500079308
ffnn_ewc_replay,none,5,PortScan,task0,macro_f1,0.9871258941460144
ffnn_ewc_replay,none,5,PortScan,task0,fpr,0.0004875493006942
ffnn_ewc_replay,none,5,PortScan,task0,detection_rate,1.0
ffnn_ewc_replay,none,5,PortScan,task0,binary_f1,0.9744956223829464
ffnn_ewc_replay,none,5,PortScan,task0,category_recall,1.0
ffnn_ewc_replay,none,5,PortScan,task1,n,100000.0
ffnn_ewc_replay,none,5,PortScan,task1,n_benign,66394.0
ffnn_ewc_replay,none,5,PortScan,task1,n_attack,33606.0
ffnn_ewc_replay,none,5,PortScan,task1,accuracy,0.99921
ffnn_ewc_replay,none,5,PortScan,task1,macro_f1,0.9991147300820844
ffnn_ewc_replay,none,5,PortScan,task1,fpr,0.0004669096605114
ffnn_ewc_replay,none,5,PortScan,task1,detection_rate,0.9985716836279236
ffnn_ewc_replay,none,5,PortScan,task1,binary_f1,0.9988243172855124
ffnn_ewc_replay,none,5,PortScan,task1,category_recall,0.9985716836279236
ffnn_ewc_replay,none,5,PortScan,task2,n,25000.0
ffnn_ewc_replay,none,5,PortScan,task2,n_benign,24976.0
ffnn_ewc_replay,none,5,PortScan,task2,n_attack,24.0
ffnn_ewc_replay,none,5,PortScan,task2,accuracy,0.99904
ffnn_ewc_replay,none,5,PortScan,task2,macro_f1,0.8232890849201974
ffnn_ewc_replay,none,5,PortScan,task2,fpr,0.0008808456117873
ffnn_ewc_replay,none,5,PortScan,task2,detection_rate,0.9166666666666666
ffnn_ewc_replay,none,5,PortScan,task2,binary_f1,0.6470588235294118
ffnn_ewc_replay,none,5,PortScan,task2,category_recall,0.9166666666666666
ffnn_ewc_replay,none,5,PortScan,task3,n,45000.0
ffnn_ewc_replay,none,5,PortScan,task3,n_benign,28566.0
ffnn_ewc_replay,none,5,PortScan,task3,n_attack,16434.0
ffnn_ewc_replay,none,5,PortScan,task3,accuracy,0.9977333333333334
ffnn_ewc_replay,none,5,PortScan,task3,macro_f1,0.9975542127083284
ffnn_ewc_replay,none,5,PortScan,task3,fpr,0.0009801862353847
ffnn_ewc_replay,none,5,PortScan,task3,detection_rate,0.9954971400754532
ffnn_ewc_replay,none,5,PortScan,task3,binary_f1,0.9968923283163732
ffnn_ewc_replay,none,5,PortScan,task3,category_recall,0.9954971400754532
ffnn_ewc_replay,none,5,PortScan,task4,n,27642.0
ffnn_ewc_replay,none,5,PortScan,task4,n_benign,27569.0
ffnn_ewc_replay,none,5,PortScan,task4,n_attack,73.0
ffnn_ewc_replay,none,5,PortScan,task4,accuracy,0.9996020548440778
ffnn_ewc_replay,none,5,PortScan,task4,macro_f1,0.9648683832433712
ffnn_ewc_replay,none,5,PortScan,task4,fpr,0.0003989988755486
ffnn_ewc_replay,none,5,PortScan,task4,detection_rate,1.0
ffnn_ewc_replay,none,5,PortScan,task4,binary_f1,0.929936305732484
ffnn_ewc_replay,none,5,PortScan,task4,category_recall,1.0
ffnn_ewc_replay,none,5,PortScan,task5,n,55000.0
ffnn_ewc_replay,none,5,PortScan,task5,n_benign,25723.0
ffnn_ewc_replay,none,5,PortScan,task5,n_attack,29277.0
ffnn_ewc_replay,none,5,PortScan,task5,accuracy,0.9994
ffnn_ewc_replay,none,5,PortScan,task5,macro_f1,0.9993975054692884
ffnn_ewc_replay,none,5,PortScan,task5,fpr,0.0003498814290712
ffnn_ewc_replay,none,5,PortScan,task5,detection_rate,0.9991802438774464
ffnn_ewc_replay,none,5,PortScan,task5,binary_f1,0.9994362732537284
ffnn_ewc_replay,none,5,PortScan,task5,category_recall,0.9991802438774464
ffnn_ewc_replay,none,5,PortScan,task6,n,25000.0
ffnn_ewc_replay,none,5,PortScan,task6,n_benign,2841.0
ffnn_ewc_replay,none,5,PortScan,task6,n_attack,22159.0
ffnn_ewc_replay,none,5,PortScan,task6,accuracy,0.98384
ffnn_ewc_replay,none,5,PortScan,task6,macro_f1,0.9614086087077462
ffnn_ewc_replay,none,5,PortScan,task6,fpr,0.0256951777543118
ffnn_ewc_replay,none,5,PortScan,task6,detection_rate,0.9850625028205244
ffnn_ewc_replay,none,5,PortScan,task6,binary_f1,0.9908306854289604
ffnn_ewc_replay,none,5,PortScan,task6,category_recall,0.9850625028205244
ffnn_ewc_replay,none,5,PortScan,seen,n,391344.0
ffnn_ewc_replay,none,5,PortScan,seen,n_benign,310650.0
ffnn_ewc_replay,none,5,PortScan,seen,n_attack,80694.0
ffnn_ewc_replay,none,5,PortScan,seen,accuracy,0.9991925262684492
ffnn_ewc_replay,none,5,PortScan,seen,macro_f1,0.9987668005200896
ffnn_ewc_replay,none,5,PortScan,seen,fpr,0.0005408015451472
ffnn_ewc_replay,none,5,PortScan,seen,detection_rate,0.9981659107244653
ffnn_ewc_replay,none,5,PortScan,seen,binary_f1,0.9980422283901664
ffnn_ewc_replay,none,5,PortScan,all,n,416344.0
ffnn_ewc_replay,none,5,PortScan,all,n_benign,313491.0
ffnn_ewc_replay,none,5,PortScan,all,n_attack,102853.0
ffnn_ewc_replay,none,5,PortScan,all,accuracy,0.9982706607997232
ffnn_ewc_replay,none,5,PortScan,all,macro_f1,0.997673941060258
ffnn_ewc_replay,none,5,PortScan,all,fpr,0.0007687621016233
ffnn_ewc_replay,none,5,PortScan,all,detection_rate,0.9953428679766269
ffnn_ewc_replay,none,5,PortScan,all,binary_f1,0.9964958046995152
ffnn_ewc_replay,none,6,DDoS,task0,n,138702.0
ffnn_ewc_replay,none,6,DDoS,task0,n_benign,137422.0
ffnn_ewc_replay,none,6,DDoS,task0,n_attack,1280.0
ffnn_ewc_replay,none,6,DDoS,task0,accuracy,0.99965393433404
ffnn_ewc_replay,none,6,DDoS,task0,macro_f1,0.99071020849644
ffnn_ewc_replay,none,6,DDoS,task0,fpr,0.0003492890512436
ffnn_ewc_replay,none,6,DDoS,task0,detection_rate,1.0
ffnn_ewc_replay,none,6,DDoS,task0,binary_f1,0.98159509202454
ffnn_ewc_replay,none,6,DDoS,task0,category_recall,1.0
ffnn_ewc_replay,none,6,DDoS,task1,n,100000.0
ffnn_ewc_replay,none,6,DDoS,task1,n_benign,66394.0
ffnn_ewc_replay,none,6,DDoS,task1,n_attack,33606.0
ffnn_ewc_replay,none,6,DDoS,task1,accuracy,0.99946
ffnn_ewc_replay,none,6,DDoS,task1,macro_f1,0.9993949455024612
ffnn_ewc_replay,none,6,DDoS,task1,fpr,0.0003916016507515
ffnn_ewc_replay,none,6,DDoS,task1,detection_rate,0.999166815449622
ffnn_ewc_replay,none,6,DDoS,task1,binary_f1,0.9991965481327184
ffnn_ewc_replay,none,6,DDoS,task1,category_recall,0.999166815449622
ffnn_ewc_replay,none,6,DDoS,task2,n,25000.0
ffnn_ewc_replay,none,6,DDoS,task2,n_benign,24976.0
ffnn_ewc_replay,none,6,DDoS,task2,n_attack,24.0
ffnn_ewc_replay,none,6,DDoS,task2,accuracy,0.99908
ffnn_ewc_replay,none,6,DDoS,task2,macro_f1,0.8281279003416817
ffnn_ewc_replay,none,6,DDoS,task2,fpr,0.0008408071748878
ffnn_ewc_replay,none,6,DDoS,task2,detection_rate,0.9166666666666666
ffnn_ewc_replay,none,6,DDoS,task2,binary_f1,0.6567164179104478
ffnn_ewc_replay,none,6,DDoS,task2,category_recall,0.9166666666666666
ffnn_ewc_replay,none,6,DDoS,task3,n,45000.0
ffnn_ewc_replay,none,6,DDoS,task3,n_benign,28566.0
ffnn_ewc_replay,none,6,DDoS,task3,n_attack,16434.0
ffnn_ewc_replay,none,6,DDoS,task3,accuracy,0.9981333333333332
ffnn_ewc_replay,none,6,DDoS,task3,macro_f1,0.9979863966326108
ffnn_ewc_replay,none,6,DDoS,task3,fpr,0.0010501995379122
ffnn_ewc_replay,none,6,DDoS,task3,detection_rate,0.9967141292442496
ffnn_ewc_replay,none,6,DDoS,task3,binary_f1,0.9974424552429668
ffnn_ewc_replay,none,6,DDoS,task3,category_recall,0.9967141292442496
ffnn_ewc_replay,none,6,DDoS,task4,n,27642.0
ffnn_ewc_replay,none,6,DDoS,task4,n_benign,27569.0
ffnn_ewc_replay,none,6,DDoS,task4,n_attack,73.0
ffnn_ewc_replay,none,6,DDoS,task4,accuracy,0.9997829390058608
ffnn_ewc_replay,none,6,DDoS,task4,macro_f1,0.9802087430358528
ffnn_ewc_replay,none,6,DDoS,task4,fpr,0.0002176357502992
ffnn_ewc_replay,none,6,DDoS,task4,detection_rate,1.0
ffnn_ewc_replay,none,6,DDoS,task4,binary_f1,0.9605263157894736
ffnn_ewc_replay,none,6,DDoS,task4,category_recall,1.0
ffnn_ewc_replay,none,6,DDoS,task5,n,55000.0
ffnn_ewc_replay,none,6,DDoS,task5,n_benign,25723.0
ffnn_ewc_replay,none,6,DDoS,task5,n_attack,29277.0
ffnn_ewc_replay,none,6,DDoS,task5,accuracy,0.999418181818182
ffnn_ewc_replay,none,6,DDoS,task5,macro_f1,0.9994157669956408
ffnn_ewc_replay,none,6,DDoS,task5,fpr,0.0002721300003887
ffnn_ewc_replay,none,6,DDoS,task5,detection_rate,0.99914608737234
ffnn_ewc_replay,none,6,DDoS,task5,binary_f1,0.999453327866612
ffnn_ewc_replay,none,6,DDoS,task5,category_recall,0.99914608737234
ffnn_ewc_replay,none,6,DDoS,task6,n,25000.0
ffnn_ewc_replay,none,6,DDoS,task6,n_benign,2841.0
ffnn_ewc_replay,none,6,DDoS,task6,n_attack,22159.0
ffnn_ewc_replay,none,6,DDoS,task6,accuracy,0.99996
ffnn_ewc_replay,none,6,DDoS,task6,macro_f1,0.9999007054831732
ffnn_ewc_replay,none,6,DDoS,task6,fpr,0.0003519887363604
ffnn_ewc_replay,none,6,DDoS,task6,detection_rate,1.0
ffnn_ewc_replay,none,6,DDoS,task6,binary_f1,0.9999774363139964
ffnn_ewc_replay,none,6,DDoS,task6,category_recall,1.0
ffnn_ewc_replay,none,6,DDoS,seen,n,416344.0
ffnn_ewc_replay,none,6,DDoS,seen,n_benign,313491.0
ffnn_ewc_replay,none,6,DDoS,seen,n_attack,102853.0
ffnn_ewc_replay,none,6,DDoS,seen,accuracy,0.9994043387199046
ffnn_ewc_replay,none,6,DDoS,seen,macro_f1,0.9991995035556868
ffnn_ewc_replay,none,6,DDoS,seen,fpr,0.000443393909235
ffnn_ewc_replay,none,6,DDoS,seen,detection_rate,0.9989402350928024
ffnn_ewc_replay,none,6,DDoS,seen,binary_f1,0.9987945716841
ffnn_ewc_replay,none,6,DDoS,all,n,416344.0
ffnn_ewc_replay,none,6,DDoS,all,n_benign,313491.0
ffnn_ewc_replay,none,6,DDoS,all,n_attack,102853.0
ffnn_ewc_replay,none,6,DDoS,all,accuracy,0.9994043387199046
ffnn_ewc_replay,none,6,DDoS,all,macro_f1,0.9991995035556868
ffnn_ewc_replay,none,6,DDoS,all,fpr,0.000443393909235
ffnn_ewc_replay,none,6,DDoS,all,detection_rate,0.9989402350928024
ffnn_ewc_replay,none,6,DDoS,all,binary_f1,0.9987945716841
ffnn_naive,none,0,BruteForce,task0,n,138702.0
ffnn_naive,none,0,BruteForce,task0,n_benign,137422.0
ffnn_naive,none,0,BruteForce,task0,n_attack,1280.0
ffnn_naive,none,0,BruteForce,task0,accuracy,0.999992790298626
ffnn_naive,none,0,BruteForce,task0,macro_f1,0.999802944543727
ffnn_naive,none,0,BruteForce,task0,fpr,7.27685523424197e-06
ffnn_naive,none,0,BruteForce,task0,detection_rate,1.0
ffnn_naive,none,0,BruteForce,task0,binary_f1,0.9996095275283092
ffnn_naive,none,0,BruteForce,task0,category_recall,1.0
ffnn_naive,none,0,BruteForce,task1,n,100000.0
ffnn_naive,none,0,BruteForce,task1,n_benign,66394.0
ffnn_naive,none,0,BruteForce,task1,n_attack,33606.0
ffnn_naive,none,0,BruteForce,task1,accuracy,0.66394
ffnn_naive,none,0,BruteForce,task1,macro_f1,0.3990167914708463
ffnn_naive,none,0,BruteForce,task1,fpr,0.0
ffnn_naive,none,0,BruteForce,task1,detection_rate,0.0
ffnn_naive,none,0,BruteForce,task1,binary_f1,0.0
ffnn_naive,none,0,BruteForce,task1,category_recall,0.0
ffnn_naive,none,0,BruteForce,task2,n,25000.0
ffnn_naive,none,0,BruteForce,task2,n_benign,24976.0
ffnn_naive,none,0,BruteForce,task2,n_attack,24.0
ffnn_naive,none,0,BruteForce,task2,accuracy,0.99904
ffnn_naive,none,0,BruteForce,task2,macro_f1,0.4997598847446774
ffnn_naive,none,0,BruteForce,task2,fpr,0.0
ffnn_naive,none,0,BruteForce,task2,detection_rate,0.0
ffnn_naive,none,0,BruteForce,task2,binary_f1,0.0
ffnn_naive,none,0,BruteForce,task2,category_recall,0.0
ffnn_naive,none,0,BruteForce,task3,n,45000.0
ffnn_naive,none,0,BruteForce,task3,n_benign,28566.0
ffnn_naive,none,0,BruteForce,task3,n_attack,16434.0
ffnn_naive,none,0,BruteForce,task3,accuracy,0.6349333333333333
ffnn_naive,none,0,BruteForce,task3,macro_f1,0.3887010157059334
ffnn_naive,none,0,BruteForce,task3,fpr,0.0
ffnn_naive,none,0,BruteForce,task3,detection_rate,0.0003650967506389
ffnn_naive,none,0,BruteForce,task3,binary_f1,0.0007299270072992
ffnn_naive,none,0,BruteForce,task3,category_recall,0.0003650967506389
ffnn_naive,none,0,BruteForce,task4,n,27642.0
ffnn_naive,none,0,BruteForce,task4,n_benign,27569.0
ffnn_naive,none,0,BruteForce,task4,n_attack,73.0
ffnn_naive,none,0,BruteForce,task4,accuracy,0.9973590912379712
ffnn_naive,none,0,BruteForce,task4,macro_f1,0.4993388998569126
ffnn_naive,none,0,BruteForce,task4,fpr,0.0
ffnn_naive,none,0,BruteForce,task4,detection_rate,0.0
ffnn_naive,none,0,BruteForce,task4,binary_f1,0.0
ffnn_naive,none,0,BruteForce,task4,category_recall,0.0
ffnn_naive,none,0,BruteForce,task5,n,55000.0
ffnn_naive,none,0,BruteForce,task5,n_benign,25723.0
ffnn_naive,none,0,BruteForce,task5,n_attack,29277.0
ffnn_naive,none,0,BruteForce,task5,accuracy,0.4676909090909091
ffnn_naive,none,0,BruteForce,task5,macro_f1,0.3186576316539276
ffnn_naive,none,0,BruteForce,task5,fpr,0.0
ffnn_naive,none,0,BruteForce,task5,detection_rate,0.0
ffnn_naive,none,0,BruteForce,task5,binary_f1,0.0
ffnn_naive,none,0,BruteForce,task5,category_recall,0.0
ffnn_naive,none,0,BruteForce,task6,n,25000.0
ffnn_naive,none,0,BruteForce,task6,n_benign,2841.0
ffnn_naive,none,0,BruteForce,task6,n_attack,22159.0
ffnn_naive,none,0,BruteForce,task6,accuracy,0.11364
ffnn_naive,none,0,BruteForce,task6,macro_f1,0.1020437484285765
ffnn_naive,none,0,BruteForce,task6,fpr,0.0
ffnn_naive,none,0,BruteForce,task6,detection_rate,0.0
ffnn_naive,none,0,BruteForce,task6,binary_f1,0.0
ffnn_naive,none,0,BruteForce,task6,category_recall,0.0
ffnn_naive,none,0,BruteForce,seen,n,138702.0
ffnn_naive,none,0,BruteForce,seen,n_benign,137422.0
ffnn_naive,none,0,BruteForce,seen,n_attack,1280.0
ffnn_naive,none,0,BruteForce,seen,accuracy,0.999992790298626
ffnn_naive,none,0,BruteForce,seen,macro_f1,0.999802944543727
ffnn_naive,none,0,BruteForce,seen,fpr,7.27685523424197e-06
ffnn_naive,none,0,BruteForce,seen,detection_rate,1.0
ffnn_naive,none,0,BruteForce,seen,binary_f1,0.9996095275283092
ffnn_naive,none,0,BruteForce,all,n,416344.0
ffnn_naive,none,0,BruteForce,all,n_benign,313491.0
ffnn_naive,none,0,BruteForce,all,n_attack,102853.0
ffnn_naive,none,0,BruteForce,all,accuracy,0.7560478834809676
ffnn_naive,none,0,BruteForce,all,macro_f1,0.4426429903522154
ffnn_naive,none,0,BruteForce,all,fpr,3.189884239100963e-06
ffnn_naive,none,0,BruteForce,all,detection_rate,0.0125032813821667
ffnn_naive,none,0,BruteForce,all,binary_f1,0.0246975225657768
ffnn_naive,none,1,DoS,task0,n,138702.0
ffnn_naive,none,1,DoS,task0,n_benign,137422.0
ffnn_naive,none,1,DoS,task0,n_attack,1280.0
ffnn_naive,none,1,DoS,task0,accuracy,0.9906850658245736
ffnn_naive,none,1,DoS,task0,macro_f1,0.4976603697050472
ffnn_naive,none,1,DoS,task0,fpr,8.732226281090364e-05
ffnn_naive,none,1,DoS,task0,detection_rate,0.0
ffnn_naive,none,1,DoS,task0,binary_f1,0.0
ffnn_naive,none,1,DoS,task0,category_recall,0.0
ffnn_naive,none,1,DoS,task1,n,100000.0
ffnn_naive,none,1,DoS,task1,n_benign,66394.0
ffnn_naive,none,1,DoS,task1,n_attack,33606.0
ffnn_naive,none,1,DoS,task1,accuracy,0.99975
ffnn_naive,none,1,DoS,task1,macro_f1,0.9997198760016868
ffnn_naive,none,1,DoS,task1,fpr,0.0001506160195198
ffnn_naive,none,1,DoS,task1,detection_rate,0.999553651133726
ffnn_naive,none,1,DoS,task1,binary_f1,0.99962801493892
ffnn_naive,none,1,DoS,task1,category_recall,0.999553651133726
ffnn_naive,none,1,DoS,task2,n,25000.0
ffnn_naive,none,1,DoS,task2,n_benign,24976.0
ffnn_naive,none,1,DoS,task2,n_attack,24.0
ffnn_naive,none,1,DoS,task2,accuracy,0.99896
ffnn_naive,none,1,DoS,task2,macro_f1,0.4997398647296594
ffnn_naive,none,1,DoS,task2,fpr,8.007687379884689e-05
ffnn_naive,none,1,DoS,task2,detection_rate,0.0
ffnn_naive,none,1,DoS,task2,binary_f1,0.0
ffnn_naive,none,1,DoS,task2,category_recall,0.0
ffnn_naive,none,1,DoS,task3,n,45000.0
ffnn_naive,none,1,DoS,task3,n_benign,28566.0
ffnn_naive,none,1,DoS,task3,n_attack,16434.0
ffnn_naive,none,1,DoS,task3,accuracy,0.6348
ffnn_naive,none,1,DoS,task3,macro_f1,0.3883621851022578
ffnn_naive,none,1,DoS,task3,fpr,3.500665126374011e-05
ffnn_naive,none,1,DoS,task3,detection_rate,6.0849458439819885e-05
ffnn_naive,none,1,DoS,task3,binary_f1,0.0001216841080554
ffnn_naive,none,1,DoS,task3,category_recall,6.0849458439819885e-05
ffnn_naive,none,1,DoS,task4,n,27642.0
ffnn_naive,none,1,DoS,task4,n_benign,27569.0
ffnn_naive,none,1,DoS,task4,n_attack,73.0
ffnn_naive,none,1,DoS,task4,accuracy,0.997142030243832
ffnn_naive,none,1,DoS,task4,macro_f1,0.4992844851009872
ffnn_naive,none,1,DoS,task4,fpr,0.0002176357502992
ffnn_naive,none,1,DoS,task4,detection_rate,0.0
ffnn_naive,none,1,DoS,task4,binary_f1,0.0
ffnn_naive,none,1,DoS,task4,category_recall,0.0
ffnn_naive,none,1,DoS,task5,n,55000.0
ffnn_naive,none,1,DoS,task5,n_benign,25723.0
ffnn_naive,none,1,DoS,task5,n_attack,29277.0
ffnn_naive,none,1,DoS,task5,accuracy,0.4676909090909091
ffnn_naive,none,1,DoS,task5,macro_f1,0.3188058883120669
ffnn_naive,none,1,DoS,task5,fpr,0.0001943785717062
ffnn_naive,none,1,DoS,task5,detection_rate,0.0001707825255319
ffnn_naive,none,1,DoS,task5,binary_f1,0.0003414484242155
ffnn_naive,none,1,DoS,task5,category_recall,0.0001707825255319
ffnn_naive,none,1,DoS,task6,n,25000.0
ffnn_naive,none,1,DoS,task6,n_benign,2841.0
ffnn_naive,none,1,DoS,task6,n_attack,22159.0
ffnn_naive,none,1,DoS,task6,accuracy,0.98412
ffnn_naive,none,1,DoS,task6,macro_f1,0.9628271249057556
ffnn_naive,none,1,DoS,task6,fpr,0.0
ffnn_naive,none,1,DoS,task6,detection_rate,0.9820840290626832
ffnn_naive,none,1,DoS,task6,binary_f1,0.9909610436920836
ffnn_naive,none,1,DoS,task6,category_recall,0.9820840290626832
ffnn_naive,none,1,DoS,seen,n,238702.0
ffnn_naive,none,1,DoS,seen,n_benign,203816.0
ffnn_naive,none,1,DoS,seen,n_attack,34886.0
ffnn_naive,none,1,DoS,seen,accuracy,0.9944826603882664
ffnn_naive,none,1,DoS,seen,macro_f1,0.9887763224707088
ffnn_naive,none,1,DoS,seen,fpr,0.0001079404953487
ffnn_naive,none,1,DoS,seen,detection_rate,0.9628790918993292
ffnn_naive,none,1,DoS,seen,binary_f1,0.9807734419480576
ffnn_naive,none,1,DoS,all,n,416344.0
ffnn_naive,none,1,DoS,all,n_benign,313491.0
ffnn_naive,none,1,DoS,all,n_attack,102853.0
ffnn_naive,none,1,DoS,all,accuracy,0.8858395941817343
ffnn_naive,none,1,DoS,all,macro_f1,0.8145876856051553
ffnn_naive,none,1,DoS,all,fpr,0.0001148358326076
ffnn_naive,none,1,DoS,all,detection_rate,0.5382341788766491
ffnn_naive,none,1,DoS,all,binary_f1,0.699648652747586
ffnn_naive,none,2,WebAttack,task0,n,138702.0
ffnn_naive,none,2,WebAttack,task0,n_benign,137422.0
ffnn_naive,none,2,WebAttack,task0,n_attack,1280.0
ffnn_naive,none,2,WebAttack,task0,accuracy,0.9907211143314444
ffnn_naive,none,2,WebAttack,task0,macro_f1,0.4976694662045437
ffnn_naive,none,2,WebAttack,task0,fpr,5.093798663969379e-05
ffnn_naive,none,2,WebAttack,task0,detection_rate,0.0
ffnn_naive,none,2,WebAttack,task0,binary_f1,0.0
ffnn_naive,none,2,WebAttack,task0,category_recall,0.0
ffnn_naive,none,2,WebAttack,task1,n,100000.0
ffnn_naive,none,2,WebAttack,task1,n_benign,66394.0
ffnn_naive,none,2,WebAttack,task1,n_attack,33606.0
ffnn_naive,none,2,WebAttack,task1,accuracy,0.67583
ffnn_naive,none,2,WebAttack,task1,macro_f1,0.4361880394546103
ffnn_naive,none,2,WebAttack,task1,fpr,7.530800975991807e-05
ffnn_naive,none,2,WebAttack,task1,detection_rate,0.0355293697554008
ffnn_naive,none,2,WebAttack,task1,binary_f1,0.0686108317770435
ffnn_naive,none,2,WebAttack,task1,category_recall,0.0355293697554008
ffnn_naive,none,2,WebAttack,task2,n,25000.0
ffnn_naive,none,2,WebAttack,task2,n_benign,24976.0
ffnn_naive,none,2,WebAttack,task2,n_attack,24.0
ffnn_naive,none,2,WebAttack,task2,accuracy,0.99984
ffnn_naive,none,2,WebAttack,task2,macro_f1,0.958293294896434
ffnn_naive,none,2,WebAttack,task2,fpr,8.007687379884689e-05
ffnn_naive,none,2,WebAttack,task2,detection_rate,0.9166666666666666
ffnn_naive,none,2,WebAttack,task2,binary_f1,0.9166666666666666
ffnn_naive,none,2,WebAttack,task2,category_recall,0.9166666666666666
ffnn_naive,none,2,WebAttack,task3,n,45000.0
ffnn_naive,none,2,WebAttack,task3,n_benign,28566.0
ffnn_naive,none,2,WebAttack,task3,n_attack,16434.0
ffnn_naive,none,2,WebAttack,task3,accuracy,0.6347777777777778
ffnn_naive,none,2,WebAttack,task3,macro_f1,0.3882960647046829
ffnn_naive,none,2,WebAttack,task3,fpr,3.500665126374011e-05
ffnn_naive,none,2,WebAttack,task3,detection_rate,0.0
ffnn_naive,none,2,WebAttack,task3,binary_f1,0.0
ffnn_naive,none,2,WebAttack,task3,category_recall,0.0
ffnn_naive,none,2,WebAttack,task4,n,27642.0
ffnn_naive,none,2,WebAttack,task4,n_benign,27569.0
ffnn_naive,none,2,WebAttack,task4,n_attack,73.0
ffnn_naive,none,2,WebAttack,task4,accuracy,0.9973229144056146
ffnn_naive,none,2,WebAttack,task4,macro_f1,0.499329831552255
ffnn_naive,none,2,WebAttack,task4,fpr,3.627262504987486e-05
ffnn_naive,none,2,WebAttack,task4,detection_rate,0.0
ffnn_naive,none,2,WebAttack,task4,binary_f1,0.0
ffnn_naive,none,2,WebAttack,task4,category_recall,0.0
ffnn_naive,none,2,WebAttack,task5,n,55000.0
ffnn_naive,none,2,WebAttack,task5,n_benign,25723.0
ffnn_naive,none,2,WebAttack,task5,n_attack,29277.0
ffnn_naive,none,2,WebAttack,task5,accuracy,0.4675272727272727
ffnn_naive,none,2,WebAttack,task5,macro_f1,0.3185816586961369
ffnn_naive,none,2,WebAttack,task5,fpr,0.0003498814290712
ffnn_naive,none,2,WebAttack,task5,detection_rate,0.0
ffnn_naive,none,2,WebAttack,task5,binary_f1,0.0
ffnn_naive,none,2,WebAttack,task5,category_recall,0.0
ffnn_naive,none,2,WebAttack,task6,n,25000.0
ffnn_naive,none,2,WebAttack,task6,n_benign,2841.0
ffnn_naive,none,2,WebAttack,task6,n_attack,22159.0
ffnn_naive,none,2,WebAttack,task6,accuracy,0.11364
ffnn_naive,none,2,WebAttack,task6,macro_f1,0.1020437484285765
ffnn_naive,none,2,WebAttack,task6,fpr,0.0
ffnn_naive,none,2,WebAttack,task6,detection_rate,0.0
ffnn_naive,none,2,WebAttack,task6,binary_f1,0.0
ffnn_naive,none,2,WebAttack,task6,category_recall,0.0
ffnn_naive,none,2,WebAttack,seen,n,263702.0
ffnn_naive,none,2,WebAttack,seen,n_benign,228792.0
ffnn_naive,none,2,WebAttack,seen,n_attack,34910.0
ffnn_naive,none,2,WebAttack,seen,accuracy,0.8721738932582992
ffnn_naive,none,2,WebAttack,seen,macro_f1,0.4993395093821924
ffnn_naive,none,2,WebAttack,seen,fpr,6.11909507325431e-05
ffnn_naive,none,2,WebAttack,seen,detection_rate,0.0348324262389
ffnn_naive,none,2,WebAttack,seen,binary_f1,0.0672938572219147
ffnn_naive,none,2,WebAttack,all,n,416344.0
ffnn_naive,none,2,WebAttack,all,n_benign,313491.0
ffnn_naive,none,2,WebAttack,all,n_attack,102853.0
ffnn_naive,none,2,WebAttack,all,accuracy,0.7558221086409316
ffnn_naive,none,2,WebAttack,all,macro_f1,0.4419158713468021
ffnn_naive,none,2,WebAttack,all,fpr,7.974710597752407e-05
ffnn_naive,none,2,WebAttack,all,detection_rate,0.0118226984142416
ffnn_naive,none,2,WebAttack,all,binary_f1,0.0233634983764674
ffnn_naive,none,3,Infiltration,task0,n,138702.0
ffnn_naive,none,3,Infiltration,task0,n_benign,137422.0
ffnn_naive,none,3,Infiltration,task0,n_attack,1280.0
ffnn_naive,none,3,Infiltration,task0,accuracy,0.9940952545745556
ffnn_naive,none,3,Infiltration,task0,macro_f1,0.7746211785318704
ffnn_naive,none,3,Infiltration,task0,fpr,0.0003201816303066
ffnn_naive,none,3,Infiltration,task0,detection_rate,0.39453125
ffnn_naive,none,3,Infiltration,task0,binary_f1,0.5522143247676325
ffnn_naive,none,3,Infiltration,task0,category_recall,0.39453125
ffnn_naive,none,3,Infiltration,task1,n,100000.0
ffnn_naive,none,3,Infiltration,task1,n_benign,66394.0
ffnn_naive,none,3,Infiltration,task1,n_attack,33606.0
ffnn_naive,none,3,Infiltration,task1,accuracy,0.66771
ffnn_naive,none,3,Infiltration,task1,macro_f1,0.4116498422397986
ffnn_naive,none,3,Infiltration,task1,fpr,0.0003464168448956
ffnn_naive,none,3,Infiltration,task1,detection_rate,0.0119026364339701
ffnn_naive,none,3,Infiltration,task1,binary_f1,0.0235093596638161
ffnn_naive,none,3,Infiltration,task1,category_recall,0.0119026364339701
ffnn_naive,none,3,Infiltration,task2,n,25000.0
ffnn_naive,none,3,Infiltration,task2,n_benign,24976.0
ffnn_naive,none,3,Infiltration,task2,n_attack,24.0
ffnn_naive,none,3,Infiltration,task2,accuracy,0.99872
ffnn_naive,none,3,Infiltration,task2,macro_f1,0.4996797950688441
ffnn_naive,none,3,Infiltration,task2,fpr,0.0003203074951953
ffnn_naive,none,3,Infiltration,task2,detection_rate,0.0
ffnn_naive,none,3,Infiltration,task2,binary_f1,0.0
ffnn_naive,none,3,Infiltration,task2,category_recall,0.0
ffnn_naive,none,3,Infiltration,task3,n,45000.0
ffnn_naive,none,3,Infiltration,task3,n_benign,28566.0
ffnn_naive,none,3,Infiltration,task3,n_attack,16434.0
ffnn_naive,none,3,Infiltration,task3,accuracy,0.9985555555555556
ffnn_naive,none,3,Infiltration,task3,macro_f1,0.998442559484453
ffnn_naive,none,3,Infiltration,task3,fpr,0.0013302527480221
ffnn_naive,none,3,Infiltration,task3,detection_rate,0.9983570646221248
ffnn_naive,none,3,Infiltration,task3,binary_f1,0.9980230542291432
ffnn_naive,none,3,Infiltration,task3,category_recall,0.9983570646221248
ffnn_naive,none,3,Infiltration,task4,n,27642.0
ffnn_naive,none,3,Infiltration,task4,n_benign,27569.0
ffnn_naive,none,3,Infiltration,task4,n_attack,73.0
ffnn_naive,none,3,Infiltration,task4,accuracy,0.989255480790102
ffnn_naive,none,3,Infiltration,task4,macro_f1,0.4972993616673032
ffnn_naive,none,3,Infiltration,task4,fpr,0.0081250680111719
ffnn_naive,none,3,Infiltration,task4,detection_rate,0.0
ffnn_naive,none,3,Infiltration,task4,binary_f1,0.0
ffnn_naive,none,3,Infiltration,task4,category_recall,0.0
ffnn_naive,none,3,Infiltration,task5,n,55000.0
ffnn_naive,none,3,Infiltration,task5,n_benign,25723.0
ffnn_naive,none,3,Infiltration,task5,n_attack,29277.0
ffnn_naive,none,3,Infiltration,task5,accuracy,0.9865454545454544
ffnn_naive,none,3,Infiltration,task5,macro_f1,0.9864759819373826
ffnn_naive,none,3,Infiltration,task5,fpr,0.0219259028884655
ffnn_naive,none,3,Infiltration,task5,detection_rate,0.993988455101274
ffnn_naive,none,3,Infiltration,task5,binary_f1,0.987445285195616
ffnn_naive,none,3,Infiltration,task5,category_recall,0.993988455101274
ffnn_naive,none,3,Infiltration,task6,n,25000.0
ffnn_naive,none,3,Infiltration,task6,n_benign,2841.0
ffnn_naive,none,3,Infiltration,task6,n_attack,22159.0
ffnn_naive,none,3,Infiltration,task6,accuracy,0.11556
ffnn_naive,none,3,Infiltration,task6,macro_f1,0.105486476747711
ffnn_naive,none,3,Infiltration,task6,fpr,0.0246392115452305
ffnn_naive,none,3,Infiltration,task6,detection_rate,0.0053251500518976
ffnn_naive,none,3,Infiltration,task6,binary_f1,0.0105607016601781
ffnn_naive,none,3,Infiltration,task6,category_recall,0.0053251500518976
ffnn_naive,none,3,Infiltration,seen,n,308702.0
ffnn_naive,none,3,Infiltration,seen,n_benign,257358.0
ffnn_naive,none,3,Infiltration,seen,n_attack,51344.0
ffnn_naive,none,3,Infiltration,seen,accuracy,0.8893917111000252
ffnn_naive,none,3,Infiltration,seen,macro_f1,0.7206231982864064
ffnn_naive,none,3,Infiltration,seen,fpr,0.0004390770832847
ffnn_naive,none,3,Infiltration,seen,detection_rate,0.3371766905578062
ffnn_naive,none,3,Infiltration,seen,binary_f1,0.5034826738792189
ffnn_naive,none,3,Infiltration,all,n,416344.0
ffnn_naive,none,3,Infiltration,all,n_benign,313491.0
ffnn_naive,none,3,Infiltration,all,n_attack,102853.0
ffnn_naive,none,3,Infiltration,all,accuracy,0.8623902349979824
ffnn_naive,none,3,Infiltration,all,macro_f1,0.7674910777114939
ffnn_naive,none,3,Infiltration,all,fpr,0.003097377596167
ffnn_naive,none,3,Infiltration,all,detection_rate,0.4524029440074669
ffnn_naive,none,3,Infiltration,all,binary_f1,0.6189484885770343
ffnn_naive,none,4,Botnet,task0,n,138702.0
ffnn_naive,none,4,Botnet,task0,n_benign,137422.0
ffnn_naive,none,4,Botnet,task0,n_attack,1280.0
ffnn_naive,none,4,Botnet,task0,accuracy,0.9907571628383152
ffnn_naive,none,4,Botnet,task0,macro_f1,0.4976785623746025
ffnn_naive,none,4,Botnet,task0,fpr,1.455371046848394e-05
ffnn_naive,none,4,Botnet,task0,detection_rate,0.0
ffnn_naive,none,4,Botnet,task0,binary_f1,0.0
ffnn_naive,none,4,Botnet,task0,category_recall,0.0
ffnn_naive,none,4,Botnet,task1,n,100000.0
ffnn_naive,none,4,Botnet,task1,n_benign,66394.0
ffnn_naive,none,4,Botnet,task1,n_attack,33606.0
ffnn_naive,none,4,Botnet,task1,accuracy,0.66384
ffnn_naive,none,4,Botnet,task1,macro_f1,0.3989806712183864
ffnn_naive,none,4,Botnet,task1,fpr,0.0001506160195198
ffnn_naive,none,4,Botnet,task1,detection_rate,0.0
ffnn_naive,none,4,Botnet,task1,binary_f1,0.0
ffnn_naive,none,4,Botnet,task1,category_recall,0.0
ffnn_naive,none,4,Botnet,task2,n,25000.0
ffnn_naive,none,4,Botnet,task2,n_benign,24976.0
ffnn_naive,none,4,Botnet,task2,n_attack,24.0
ffnn_naive,none,4,Botnet,task2,accuracy,0.99904
ffnn_naive,none,4,Botnet,task2,macro_f1,0.4997598847446774
ffnn_naive,none,4,Botnet,task2,fpr,0.0
ffnn_naive,none,4,Botnet,task2,detection_rate,0.0
ffnn_naive,none,4,Botnet,task2,binary_f1,0.0
ffnn_naive,none,4,Botnet,task2,category_recall,0.0
ffnn_naive,none,4,Botnet,task3,n,45000.0
ffnn_naive,none,4,Botnet,task3,n_benign,28566.0
ffnn_naive,none,4,Botnet,task3,n_attack,16434.0
ffnn_naive,none,4,Botnet,task3,accuracy,0.6349777777777778
ffnn_naive,none,4,Botnet,task3,macro_f1,0.3888331696505028
ffnn_naive,none,4,Botnet,task3,fpr,0.0
ffnn_naive,none,4,Botnet,task3,detection_rate,0.0004867956675185
ffnn_naive,none,4,Botnet,task3,binary_f1,0.0009731176255929
ffnn_naive,none,4,Botnet,task3,category_recall,0.0004867956675185
ffnn_naive,none,4,Botnet,task4,n,27642.0
ffnn_naive,none,4,Botnet,task4,n_benign,27569.0
ffnn_naive,none,4,Botnet,task4,n_attack,73.0
ffnn_naive,none,4,Botnet,task4,accuracy,1.0
ffnn_naive,none,4,Botnet,task4,macro_f1,1.0
ffnn_naive,none,4,Botnet,task4,fpr,0.0
ffnn_naive,none,4,Botnet,task4,detection_rate,1.0
ffnn_naive,none,4,Botnet,task4,binary_f1,1.0
ffnn_naive,none,4,Botnet,task4,category_recall,1.0
ffnn_naive,none,4,Botnet,task5,n,55000.0
ffnn_naive,none,4,Botnet,task5,n_benign,25723.0
ffnn_naive,none,4,Botnet,task5,n_attack,29277.0
ffnn_naive,none,4,Botnet,task5,accuracy,0.4676727272727273
ffnn_naive,none,4,Botnet,task5,macro_f1,0.3186491910507668
ffnn_naive,none,4,Botnet,task5,fpr,3.8875714341251024e-05
ffnn_naive,none,4,Botnet,task5,detection_rate,0.0
ffnn_naive,none,4,Botnet,task5,binary_f1,0.0
ffnn_naive,none,4,Botnet,task5,category_recall,0.0
ffnn_naive,none,4,Botnet,task6,n,25000.0
ffnn_naive,none,4,Botnet,task6,n_benign,2841.0
ffnn_naive,none,4,Botnet,task6,n_attack,22159.0
ffnn_naive,none,4,Botnet,task6,accuracy,0.109
ffnn_naive,none,4,Botnet,task6,macro_f1,0.0982867448151487
ffnn_naive,none,4,Botnet,task6,fpr,0.0408306934178106
ffnn_naive,none,4,Botnet,task6,detection_rate,0.0
ffnn_naive,none,4,Botnet,task6,binary_f1,0.0
ffnn_naive,none,4,Botnet,task6,category_recall,0.0
ffnn_naive,none,4,Botnet,seen,n,336344.0
ffnn_naive,none,4,Botnet,seen,n_benign,284927.0
ffnn_naive,none,4,Botnet,seen,n_attack,51417.0
ffnn_naive,none,4,Botnet,seen,accuracy,0.8473348714411436
ffnn_naive,none,4,Botnet,seen,macro_f1,0.4602413619544924
ffnn_naive,none,4,Botnet,seen,fpr,4.211605077791855e-05
ffnn_naive,none,4,Botnet,seen,detection_rate,0.0015753544547523
ffnn_naive,none,4,Botnet,seen,binary_f1,0.0031450203843913
ffnn_naive,none,4,Botnet,all,n,416344.0
ffnn_naive,none,4,Botnet,all,n_benign,313491.0
ffnn_naive,none,4,Botnet,all,n_attack,102853.0
ffnn_naive,none,4,Botnet,all,accuracy,0.7528462041004554
ffnn_naive,none,4,Botnet,all,macro_f1,0.4302695659099025
ffnn_naive,none,4,Botnet,all,fpr,0.000411495066844
ffnn_naive,none,4,Botnet,all,detection_rate,0.0007875317200276
ffnn_naive,none,4,Botnet,all,binary_f1,0.0015718541086519
ffnn_naive,none,5,PortScan,task0,n,138702.0
ffnn_naive,none,5,PortScan,task0,n_benign,137422.0
ffnn_naive,none,5,PortScan,task0,n_attack,1280.0
ffnn_naive,none,5,PortScan,task0,accuracy,0.9907571628383152
ffnn_naive,none,5,PortScan,task0,macro_f1,0.4976785623746025
ffnn_naive,none,5,PortScan,task0,fpr,1.455371046848394e-05
ffnn_naive,none,5,PortScan,task0,detection_rate,0.0
ffnn_naive,none,5,PortScan,task0,binary_f1,0.0
ffnn_naive,none,5,PortScan,task0,category_recall,0.0
ffnn_naive,none,5,PortScan,task1,n,100000.0
ffnn_naive,none,5,PortScan,task1,n_benign,66394.0
ffnn_naive,none,5,PortScan,task1,n_attack,33606.0
ffnn_naive,none,5,PortScan,task1,accuracy,0.67953
ffnn_naive,none,5,PortScan,task1,macro_f1,0.4471245241423923
ffnn_naive,none,5,PortScan,task1,fpr,0.0
ffnn_naive,none,5,PortScan,task1,detection_rate,0.0463905255013985
ffnn_naive,none,5,PortScan,task1,binary_f1,0.0886677093701123
ffnn_naive,none,5,PortScan,task1,category_recall,0.0463905255013985
ffnn_naive,none,5,PortScan,task2,n,25000.0
ffnn_naive,none,5,PortScan,task2,n_benign,24976.0
ffnn_naive,none,5,PortScan,task2,n_attack,24.0
ffnn_naive,none,5,PortScan,task2,accuracy,0.999
ffnn_naive,none,5,PortScan,task2,macro_f1,0.4997498749374687
ffnn_naive,none,5,PortScan,task2,fpr,4.003843689942344e-05
ffnn_naive,none,5,PortScan,task2,detection_rate,0.0
ffnn_naive,none,5,PortScan,task2,binary_f1,0.0
ffnn_naive,none,5,PortScan,task2,category_recall,0.0
ffnn_naive,none,5,PortScan,task3,n,45000.0
ffnn_naive,none,5,PortScan,task3,n_benign,28566.0
ffnn_naive,none,5,PortScan,task3,n_attack,16434.0
ffnn_naive,none,5,PortScan,task3,accuracy,0.99
ffnn_naive,none,5,PortScan,task3,macro_f1,0.9891661970556384
ffnn_naive,none,5,PortScan,task3,fpr,0.0017153259119232
ffnn_naive,none,5,PortScan,task3,detection_rate,0.9755993671656322
ffnn_naive,none,5,PortScan,task3,binary_f1,0.986160659367696
ffnn_naive,none,5,PortScan,task3,category_recall,0.9755993671656322
ffnn_naive,none,5,PortScan,task4,n,27642.0
ffnn_naive,none,5,PortScan,task4,n_benign,27569.0
ffnn_naive,none,5,PortScan,task4,n_attack,73.0
ffnn_naive,none,5,PortScan,task4,accuracy,0.9998191158382173
ffnn_naive,none,5,PortScan,task4,macro_f1,0.9824721442029796
ffnn_naive,none,5,PortScan,task4,fpr,3.627262504987486e-05
ffnn_naive,none,5,PortScan,task4,detection_rate,0.9452054794520548
ffnn_naive,none,5,PortScan,task4,binary_f1,0.965034965034965
ffnn_naive,none,5,PortScan,task4,category_recall,0.9452054794520548
ffnn_naive,none,5,PortScan,task5,n,55000.0
ffnn_naive,none,5,PortScan,task5,n_benign,25723.0
ffnn_naive,none,5,PortScan,task5,n_attack,29277.0
ffnn_naive,none,5,PortScan,task5,accuracy,0.9996909090909092
ffnn_naive,none,5,PortScan,task5,macro_f1,0.9996896211109664
ffnn_naive,none,5,PortScan,task5,fpr,0.0001166271430237
ffnn_naive,none,5,PortScan,task5,detection_rate,0.9995218089285104
ffnn_naive,none,5,PortScan,task5,binary_f1,0.9997096151546726
ffnn_naive,none,5,PortScan,task5,category_recall,0.9995218089285104
ffnn_naive,none,5,PortScan,task6,n,25000.0
ffnn_naive,none,5,PortScan,task6,n_benign,2841.0
ffnn_naive,none,5,PortScan,task6,n_attack,22159.0
ffnn_naive,none,5,PortScan,task6,accuracy,0.75968
ffnn_naive,none,5,PortScan,task6,macro_f1,0.6646152822445499
ffnn_naive,none,5,PortScan,task6,fpr,0.0
ffnn_naive,none,5,PortScan,task6,detection_rate,0.728868631255923
ffnn_naive,none,5,PortScan,task6,binary_f1,0.8431741059775516
ffnn_naive,none,5,PortScan,task6,category_recall,0.728868631255923
ffnn_naive,none,5,PortScan,seen,n,391344.0
ffnn_naive,none,5,PortScan,seen,n_benign,310650.0
ffnn_naive,none,5,PortScan,seen,n_attack,80694.0
ffnn_naive,none,5,PortScan,seen,accuracy,0.9135645365714052
ffnn_naive,none,5,PortScan,seen,macro_f1,0.8417089803152884
ffnn_naive,none,5,PortScan,seen,fpr,0.0001802671817157
ffnn_naive,none,5,PortScan,seen,detection_rate,0.5815054403053511
ffnn_naive,none,5,PortScan,seen,binary_f1,0.7350596049313094
ffnn_naive,none,5,PortScan,all,n,416344.0
ffnn_naive,none,5,PortScan,all,n_benign,313491.0
ffnn_naive,none,5,PortScan,all,n_attack,102853.0
ffnn_naive,none,5,PortScan,all,accuracy,0.904324308744692
ffnn_naive,none,5,PortScan,all,macro_f1,0.8501326795855592
ffnn_naive,none,5,PortScan,all,fpr,0.0001786335173896
ffnn_naive,none,5,PortScan,all,detection_rate,0.6132538671696499
ffnn_naive,none,5,PortScan,all,binary_f1,0.7600130133024869
ffnn_naive,none,6,DDoS,task0,n,138702.0
ffnn_naive,none,6,DDoS,task0,n_benign,137422.0
ffnn_naive,none,6,DDoS,task0,n_attack,1280.0
ffnn_naive,none,6,DDoS,task0,accuracy,0.9906273882135802
ffnn_naive,none,6,DDoS,task0,macro_f1,0.4976458146205778
ffnn_naive,none,6,DDoS,task0,fpr,0.0001455371046848
ffnn_naive,none,6,DDoS,task0,detection_rate,0.0
ffnn_naive,none,6,DDoS,task0,binary_f1,0.0
ffnn_naive,none,6,DDoS,task0,category_recall,0.0
ffnn_naive,none,6,DDoS,task1,n,100000.0
ffnn_naive,none,6,DDoS,task1,n_benign,66394.0
ffnn_naive,none,6,DDoS,task1,n_attack,33606.0
ffnn_naive,none,6,DDoS,task1,accuracy,0.69642
ffnn_naive,none,6,DDoS,task1,macro_f1,0.4967602099313636
ffnn_naive,none,6,DDoS,task1,fpr,0.0011898665542067
ffnn_naive,none,6,DDoS,task1,detection_rate,0.0990001785395465
ffnn_naive,none,6,DDoS,task1,binary_f1,0.1797795309629309
ffnn_naive,none,6,DDoS,task1,category_recall,0.0990001785395465
ffnn_naive,none,6,DDoS,task2,n,25000.0
ffnn_naive,none,6,DDoS,task2,n_benign,24976.0
ffnn_naive,none,6,DDoS,task2,n_attack,24.0
ffnn_naive,none,6,DDoS,task2,accuracy,0.99896
ffnn_naive,none,6,DDoS,task2,macro_f1,0.4997398647296594
ffnn_naive,none,6,DDoS,task2,fpr,8.007687379884689e-05
ffnn_naive,none,6,DDoS,task2,detection_rate,0.0
ffnn_naive,none,6,DDoS,task2,binary_f1,0.0
ffnn_naive,none,6,DDoS,task2,category_recall,0.0
ffnn_naive,none,6,DDoS,task3,n,45000.0
ffnn_naive,none,6,DDoS,task3,n_benign,28566.0
ffnn_naive,none,6,DDoS,task3,n_attack,16434.0
ffnn_naive,none,6,DDoS,task3,accuracy,0.8075333333333333
ffnn_naive,none,6,DDoS,task3,macro_f1,0.7555150108617559
ffnn_naive,none,6,DDoS,task3,fpr,0.0006301197227473
ffnn_naive,none,6,DDoS,task3,detection_rate,0.4740781307046367
ffnn_naive,none,6,DDoS,task3,binary_f1,0.6427422348719218
ffnn_naive,none,6,DDoS,task3,category_recall,0.4740781307046367
ffnn_naive,none,6,DDoS,task4,n,27642.0
ffnn_naive,none,6,DDoS,task4,n_benign,27569.0
ffnn_naive,none,6,DDoS,task4,n_attack,73.0
ffnn_naive,none,6,DDoS,task4,accuracy,0.997214383908545
ffnn_naive,none,6,DDoS,task4,macro_f1,0.4993026246671618
ffnn_naive,none,6,DDoS,task4,fpr,0.0001450905001994
ffnn_naive,none,6,DDoS,task4,detection_rate,0.0
ffnn_naive,none,6,DDoS,task4,binary_f1,0.0
ffnn_naive,none,6,DDoS,task4,category_recall,0.0
ffnn_naive,none,6,DDoS,task5,n,55000.0
ffnn_naive,none,6,DDoS,task5,n_benign,25723.0
ffnn_naive,none,6,DDoS,task5,n_attack,29277.0
ffnn_naive,none,6,DDoS,task5,accuracy,0.8944909090909091
ffnn_naive,none,6,DDoS,task5,macro_f1,0.8943154524435448
ffnn_naive,none,6,DDoS,task5,fpr,0.000155502857365
ffnn_naive,none,6,DDoS,task5,detection_rate,0.8019264268880009
ffnn_naive,none,6,DDoS,task5,binary_f1,0.8900092875149264
ffnn_naive,none,6,DDoS,task5,category_recall,0.8019264268880009
ffnn_naive,none,6,DDoS,task6,n,25000.0
ffnn_naive,none,6,DDoS,task6,n_benign,2841.0
ffnn_naive,none,6,DDoS,task6,n_attack,22159.0
ffnn_naive,none,6,DDoS,task6,accuracy,1.0
ffnn_naive,none,6,DDoS,task6,macro_f1,1.0
ffnn_naive,none,6,DDoS,task6,fpr,0.0
ffnn_naive,none,6,DDoS,task6,detection_rate,1.0
ffnn_naive,none,6,DDoS,task6,binary_f1,1.0
ffnn_naive,none,6,DDoS,task6,category_recall,1.0
ffnn_naive,none,6,DDoS,seen,n,416344.0
ffnn_naive,none,6,DDoS,seen,n_benign,313491.0
ffnn_naive,none,6,DDoS,seen,n_attack,102853.0
ffnn_naive,none,6,DDoS,seen,accuracy,0.8889740214822358
ffnn_naive,none,6,DDoS,seen,macro_f1,0.8209623327813573
ffnn_naive,none,6,DDoS,seen,fpr,0.0004051152983658
ffnn_naive,none,6,DDoS,seen,detection_rate,0.5518069477798412
ffnn_naive,none,6,DDoS,seen,binary_f1,0.7106144551914108
ffnn_naive,none,6,DDoS,all,n,416344.0
ffnn_naive,none,6,DDoS,all,n_benign,313491.0
ffnn_naive,none,6,DDoS,all,n_attack,102853.0
ffnn_naive,none,6,DDoS,all,accuracy,0.8889740214822358
ffnn_naive,none,6,DDoS,all,macro_f1,0.8209623327813573
ffnn_naive,none,6,DDoS,all,fpr,0.0004051152983658
ffnn_naive,none,6,DDoS,all,detection_rate,0.5518069477798412
ffnn_naive,none,6,DDoS,all,binary_f1,0.7106144551914108
gnn_replay,none,0,BruteForce,task0,n,138702.0
gnn_replay,none,0,BruteForce,task0,n_benign,137422.0
gnn_replay,none,0,BruteForce,task0,n_attack,1280.0
gnn_replay,none,0,BruteForce,task0,accuracy,0.9999855805972516
gnn_replay,none,0,BruteForce,task0,macro_f1,0.9996060414834552
gnn_replay,none,0,BruteForce,task0,fpr,1.455371046848394e-05
gnn_replay,none,0,BruteForce,task0,detection_rate,1.0
gnn_replay,none,0,BruteForce,task0,binary_f1,0.9992193598750976
gnn_replay,none,0,BruteForce,task0,category_recall,1.0
gnn_replay,none,0,BruteForce,task1,n,100000.0
gnn_replay,none,0,BruteForce,task1,n_benign,66394.0
gnn_replay,none,0,BruteForce,task1,n_attack,33606.0
gnn_replay,none,0,BruteForce,task1,accuracy,0.66394
gnn_replay,none,0,BruteForce,task1,macro_f1,0.3990167914708463
gnn_replay,none,0,BruteForce,task1,fpr,0.0
gnn_replay,none,0,BruteForce,task1,detection_rate,0.0
gnn_replay,none,0,BruteForce,task1,binary_f1,0.0
gnn_replay,none,0,BruteForce,task1,category_recall,0.0
gnn_replay,none,0,BruteForce,task2,n,25000.0
gnn_replay,none,0,BruteForce,task2,n_benign,24976.0
gnn_replay,none,0,BruteForce,task2,n_attack,24.0
gnn_replay,none,0,BruteForce,task2,accuracy,0.99916
gnn_replay,none,0,BruteForce,task2,macro_f1,0.6109009976498421
gnn_replay,none,0,BruteForce,task2,fpr,0.0
gnn_replay,none,0,BruteForce,task2,detection_rate,0.125
gnn_replay,none,0,BruteForce,task2,binary_f1,0.2222222222222222
gnn_replay,none,0,BruteForce,task2,category_recall,0.125
gnn_replay,none,0,BruteForce,task3,n,45000.0
gnn_replay,none,0,BruteForce,task3,n_benign,28566.0
gnn_replay,none,0,BruteForce,task3,n_attack,16434.0
gnn_replay,none,0,BruteForce,task3,accuracy,0.6348
gnn_replay,none,0,BruteForce,task3,macro_f1,0.3883043797406411
gnn_replay,none,0,BruteForce,task3,fpr,0.0
gnn_replay,none,0,BruteForce,task3,detection_rate,0.0
gnn_replay,none,0,BruteForce,task3,binary_f1,0.0
gnn_replay,none,0,BruteForce,task3,category_recall,0.0
gnn_replay,none,0,BruteForce,task4,n,27642.0
gnn_replay,none,0,BruteForce,task4,n_benign,27569.0
gnn_replay,none,0,BruteForce,task4,n_attack,73.0
gnn_replay,none,0,BruteForce,task4,accuracy,0.9973590912379712
gnn_replay,none,0,BruteForce,task4,macro_f1,0.4993388998569126
gnn_replay,none,0,BruteForce,task4,fpr,0.0
gnn_replay,none,0,BruteForce,task4,detection_rate,0.0
gnn_replay,none,0,BruteForce,task4,binary_f1,0.0
gnn_replay,none,0,BruteForce,task4,category_recall,0.0
gnn_replay,none,0,BruteForce,task5,n,55000.0
gnn_replay,none,0,BruteForce,task5,n_benign,25723.0
gnn_replay,none,0,BruteForce,task5,n_attack,29277.0
gnn_replay,none,0,BruteForce,task5,accuracy,0.4676909090909091
gnn_replay,none,0,BruteForce,task5,macro_f1,0.3186576316539276
gnn_replay,none,0,BruteForce,task5,fpr,0.0
gnn_replay,none,0,BruteForce,task5,detection_rate,0.0
gnn_replay,none,0,BruteForce,task5,binary_f1,0.0
gnn_replay,none,0,BruteForce,task5,category_recall,0.0
gnn_replay,none,0,BruteForce,task6,n,25000.0
gnn_replay,none,0,BruteForce,task6,n_benign,2841.0
gnn_replay,none,0,BruteForce,task6,n_attack,22159.0
gnn_replay,none,0,BruteForce,task6,accuracy,0.11364
gnn_replay,none,0,BruteForce,task6,macro_f1,0.1020437484285765
gnn_replay,none,0,BruteForce,task6,fpr,0.0
gnn_replay,none,0,BruteForce,task6,detection_rate,0.0
gnn_replay,none,0,BruteForce,task6,binary_f1,0.0
gnn_replay,none,0,BruteForce,task6,category_recall,0.0
gnn_replay,none,0,BruteForce,seen,n,138702.0
gnn_replay,none,0,BruteForce,seen,n_benign,137422.0
gnn_replay,none,0,BruteForce,seen,n_attack,1280.0
gnn_replay,none,0,BruteForce,seen,accuracy,0.9999855805972516
gnn_replay,none,0,BruteForce,seen,macro_f1,0.9996060414834552
gnn_replay,none,0,BruteForce,seen,fpr,1.455371046848394e-05
gnn_replay,none,0,BruteForce,seen,detection_rate,1.0
gnn_replay,none,0,BruteForce,seen,binary_f1,0.9992193598750976
gnn_replay,none,0,BruteForce,all,n,416344.0
gnn_replay,none,0,BruteForce,all,n_benign,313491.0
gnn_replay,none,0,BruteForce,all,n_attack,102853.0
gnn_replay,none,0,BruteForce,all,accuracy,0.7560382760409661
gnn_replay,none,0,BruteForce,all,macro_f1,0.4426118657617804
gnn_replay,none,0,BruteForce,all,fpr,6.379768478201926e-06
gnn_replay,none,0,BruteForce,all,detection_rate,0.0124741135406842
gnn_replay,none,0,BruteForce,all,binary_f1,0.0246403810328602
gnn_replay,none,1,DoS,task0,n,138702.0
gnn_replay,none,1,DoS,task0,n_benign,137422.0
gnn_replay,none,1,DoS,task0,n_attack,1280.0
gnn_replay,none,1,DoS,task0,accuracy,0.999992790298626
gnn_replay,none,1,DoS,task0,macro_f1,0.999802944543727
gnn_replay,none,1,DoS,task0,fpr,7.27685523424197e-06
gnn_replay,none,1,DoS,task0,detection_rate,1.0
gnn_replay,none,1,DoS,task0,binary_f1,0.9996095275283092
gnn_replay,none,1,DoS,task0,category_recall,1.0
gnn_replay,none,1,DoS,task1,n,100000.0
gnn_replay,none,1,DoS,task1,n_benign,66394.0
gnn_replay,none,1,DoS,task1,n_attack,33606.0
gnn_replay,none,1,DoS,task1,accuracy,0.99801
gnn_replay,none,1,DoS,task1,macro_f1,0.9977717826641092
gnn_replay,none,1,DoS,task1,fpr,0.0021839322830376
gnn_replay,none,1,DoS,task1,detection_rate,0.998393144081414
gnn_replay,none,1,DoS,task1,binary_f1,0.9970432224417932
gnn_replay,none,1,DoS,task1,category_recall,0.998393144081414
gnn_replay,none,1,DoS,task2,n,25000.0
gnn_replay,none,1,DoS,task2,n_benign,24976.0
gnn_replay,none,1,DoS,task2,n_attack,24.0
gnn_replay,none,1,DoS,task2,accuracy,0.99904
gnn_replay,none,1,DoS,task2,macro_f1,0.8330929872349516
gnn_replay,none,1,DoS,task2,fpr,0.0009609224855861
gnn_replay,none,1,DoS,task2,detection_rate,1.0
gnn_replay,none,1,DoS,task2,binary_f1,0.6666666666666666
gnn_replay,none,1,DoS,task2,category_recall,1.0
gnn_replay,none,1,DoS,task3,n,45000.0
gnn_replay,none,1,DoS,task3,n_benign,28566.0
gnn_replay,none,1,DoS,task3,n_attack,16434.0
gnn_replay,none,1,DoS,task3,accuracy,0.6347555555555555
gnn_replay,none,1,DoS,task3,macro_f1,0.3882877494426621
gnn_replay,none,1,DoS,task3,fpr,7.001330252748022e-05
gnn_replay,none,1,DoS,task3,detection_rate,0.0
gnn_replay,none,1,DoS,task3,binary_f1,0.0
gnn_replay,none,1,DoS,task3,category_recall,0.0
gnn_replay,none,1,DoS,task4,n,27642.0
gnn_replay,none,1,DoS,task4,n_benign,27569.0
gnn_replay,none,1,DoS,task4,n_attack,73.0
gnn_replay,none,1,DoS,task4,accuracy,0.9968164387526228
gnn_replay,none,1,DoS,task4,macro_f1,0.4992028407855641
gnn_replay,none,1,DoS,task4,fpr,0.0005440893757481
gnn_replay,none,1,DoS,task4,detection_rate,0.0
gnn_replay,none,1,DoS,task4,binary_f1,0.0
gnn_replay,none,1,DoS,task4,category_recall,0.0
gnn_replay,none,1,DoS,task5,n,55000.0
gnn_replay,none,1,DoS,task5,n_benign,25723.0
gnn_replay,none,1,DoS,task5,n_attack,29277.0
gnn_replay,none,1,DoS,task5,accuracy,0.4676909090909091
gnn_replay,none,1,DoS,task5,macro_f1,0.3186576316539276
gnn_replay,none,1,DoS,task5,fpr,0.0
gnn_replay,none,1,DoS,task5,detection_rate,0.0
gnn_replay,none,1,DoS,task5,binary_f1,0.0
gnn_replay,none,1,DoS,task5,category_recall,0.0
gnn_replay,none,1,DoS,task6,n,25000.0
gnn_replay,none,1,DoS,task6,n_benign,2841.0
gnn_replay,none,1,DoS,task6,n_attack,22159.0
gnn_replay,none,1,DoS,task6,accuracy,1.0
gnn_replay,none,1,DoS,task6,macro_f1,1.0
gnn_replay,none,1,DoS,task6,fpr,0.0
gnn_replay,none,1,DoS,task6,detection_rate,1.0
gnn_replay,none,1,DoS,task6,binary_f1,1.0
gnn_replay,none,1,DoS,task6,category_recall,1.0
gnn_replay,none,1,DoS,seen,n,238702.0
gnn_replay,none,1,DoS,seen,n_benign,203816.0
gnn_replay,none,1,DoS,seen,n_attack,34886.0
gnn_replay,none,1,DoS,seen,accuracy,0.999162135214619
gnn_replay,none,1,DoS,seen,macro_f1,0.9983232729711604
gnn_replay,none,1,DoS,seen,fpr,0.0007163323782234
gnn_replay,none,1,DoS,seen,detection_rate,0.9984521011293928
gnn_replay,none,1,DoS,seen,binary_f1,0.9971372953166152
gnn_replay,none,1,DoS,all,n,416344.0
gnn_replay,none,1,DoS,all,n_benign,313491.0
gnn_replay,none,1,DoS,all,n_attack,102853.0
gnn_replay,none,1,DoS,all,accuracy,0.8894543934823127
gnn_replay,none,1,DoS,all,macro_f1,0.8220087342758522
gnn_replay,none,1,DoS,all,fpr,0.0005965083527118
gnn_replay,none,1,DoS,all,detection_rate,0.5543348273749915
gnn_replay,none,1,DoS,all,binary_f1,0.7124425978569867
gnn_replay,none,2,WebAttack,task0,n,138702.0
gnn_replay,none,2,WebAttack,task0,n_benign,137422.0
gnn_replay,none,2,WebAttack,task0,n_attack,1280.0
gnn_replay,none,2,WebAttack,task0,accuracy,0.9999855805972516
gnn_replay,none,2,WebAttack,task0,macro_f1,0.9996060414834552
gnn_replay,none,2,WebAttack,task0,fpr,1.455371046848394e-05
gnn_replay,none,2,WebAttack,task0,detection_rate,1.0
gnn_replay,none,2,WebAttack,task0,binary_f1,0.9992193598750976
gnn_replay,none,2,WebAttack,task0,category_recall,1.0
gnn_replay,none,2,WebAttack,task1,n,100000.0
gnn_replay,none,2,WebAttack,task1,n_benign,66394.0
gnn_replay,none,2,WebAttack,task1,n_attack,33606.0
gnn_replay,none,2,WebAttack,task1,accuracy,0.9931
gnn_replay,none,2,WebAttack,task1,macro_f1,0.9922304558356294
gnn_replay,none,2,WebAttack,task1,fpr,0.0001807392234238
gnn_replay,none,2,WebAttack,task1,detection_rate,0.9798250312444208
gnn_replay,none,2,WebAttack,task1,binary_f1,0.9896312325308808
gnn_replay,none,2,WebAttack,task1,category_recall,0.9798250312444208
gnn_replay,none,2,WebAttack,task2,n,25000.0
gnn_replay,none,2,WebAttack,task2,n_benign,24976.0
gnn_replay,none,2,WebAttack,task2,n_attack,24.0
gnn_replay,none,2,WebAttack,task2,accuracy,0.99956
gnn_replay,none,2,WebAttack,task2,macro_f1,0.9066695310636042
gnn_replay,none,2,WebAttack,task2,fpr,0.0004404228058936
gnn_replay,none,2,WebAttack,task2,detection_rate,1.0
gnn_replay,none,2,WebAttack,task2,binary_f1,0.8135593220338984
gnn_replay,none,2,WebAttack,task2,category_recall,1.0
gnn_replay,none,2,WebAttack,task3,n,45000.0
gnn_replay,none,2,WebAttack,task3,n_benign,28566.0
gnn_replay,none,2,WebAttack,task3,n_attack,16434.0
gnn_replay,none,2,WebAttack,task3,accuracy,0.6347333333333334
gnn_replay,none,2,WebAttack,task3,macro_f1,0.3882794339545695
gnn_replay,none,2,WebAttack,task3,fpr,0.0001050199537912
gnn_replay,none,2,WebAttack,task3,detection_rate,0.0
gnn_replay,none,2,WebAttack,task3,binary_f1,0.0
gnn_replay,none,2,WebAttack,task3,category_recall,0.0
gnn_replay,none,2,WebAttack,task4,n,27642.0
gnn_replay,none,2,WebAttack,task4,n_benign,27569.0
gnn_replay,none,2,WebAttack,task4,n_attack,73.0
gnn_replay,none,2,WebAttack,task4,accuracy,0.9973590912379712
gnn_replay,none,2,WebAttack,task4,macro_f1,0.4993388998569126
gnn_replay,none,2,WebAttack,task4,fpr,0.0
gnn_replay,none,2,WebAttack,task4,detection_rate,0.0
gnn_replay,none,2,WebAttack,task4,binary_f1,0.0
gnn_replay,none,2,WebAttack,task4,category_recall,0.0
gnn_replay,none,2,WebAttack,task5,n,55000.0
gnn_replay,none,2,WebAttack,task5,n_benign,25723.0
gnn_replay,none,2,WebAttack,task5,n_attack,29277.0
gnn_replay,none,2,WebAttack,task5,accuracy,0.4676909090909091
gnn_replay,none,2,WebAttack,task5,macro_f1,0.3186576316539276
gnn_replay,none,2,WebAttack,task5,fpr,0.0
gnn_replay,none,2,WebAttack,task5,detection_rate,0.0
gnn_replay,none,2,WebAttack,task5,binary_f1,0.0
gnn_replay,none,2,WebAttack,task5,category_recall,0.0
gnn_replay,none,2,WebAttack,task6,n,25000.0
gnn_replay,none,2,WebAttack,task6,n_benign,2841.0
gnn_replay,none,2,WebAttack,task6,n_attack,22159.0
gnn_replay,none,2,WebAttack,task6,accuracy,0.99668
gnn_replay,none,2,WebAttack,task6,macro_f1,0.9918632165528448
gnn_replay,none,2,WebAttack,task6,fpr,0.0
gnn_replay,none,2,WebAttack,task6,detection_rate,0.9962543436075636
gnn_replay,none,2,WebAttack,task6,binary_f1,0.998123657737086
gnn_replay,none,2,WebAttack,task6,category_recall,0.9962543436075636
gnn_replay,none,2,WebAttack,seen,n,263702.0
gnn_replay,none,2,WebAttack,seen,n_benign,228792.0
gnn_replay,none,2,WebAttack,seen,n_attack,34910.0
gnn_replay,none,2,WebAttack,seen,accuracy,0.9973341119900494
gnn_replay,none,2,WebAttack,seen,macro_f1,0.994151026465114
gnn_replay,none,2,WebAttack,seen,fpr,0.0001092695548795
gnn_replay,none,2,WebAttack,seen,detection_rate,0.980578630764824
gnn_replay,none,2,WebAttack,seen,binary_f1,0.989836193560513
gnn_replay,none,2,WebAttack,all,n,416344.0
gnn_replay,none,2,WebAttack,all,n_benign,313491.0
gnn_replay,none,2,WebAttack,all,n_attack,102853.0
gnn_replay,none,2,WebAttack,all,accuracy,0.8881381742021021
gnn_replay,none,2,WebAttack,all,macro_f1,0.8191425036719835
gnn_replay,none,2,WebAttack,all,fpr,8.931675869482697e-05
gnn_replay,none,2,WebAttack,all,detection_rate,0.547460939398948
gnn_replay,none,2,WebAttack,all,binary_f1,0.7074358152887448
gnn_replay,none,3,Infiltration,task0,n,138702.0
gnn_replay,none,3,Infiltration,task0,n_benign,137422.0
gnn_replay,none,3,Infiltration,task0,n_attack,1280.0
gnn_replay,none,3,Infiltration,task0,accuracy,0.9999855805972516
gnn_replay,none,3,Infiltration,task0,macro_f1,0.9996060414834552
gnn_replay,none,3,Infiltration,task0,fpr,1.455371046848394e-05
gnn_replay,none,3,Infiltration,task0,detection_rate,1.0
gnn_replay,none,3,Infiltration,task0,binary_f1,0.9992193598750976
gnn_replay,none,3,Infiltration,task0,category_recall,1.0
gnn_replay,none,3,Infiltration,task1,n,100000.0
gnn_replay,none,3,Infiltration,task1,n_benign,66394.0
gnn_replay,none,3,Infiltration,task1,n_attack,33606.0
gnn_replay,none,3,Infiltration,task1,accuracy,0.99633
gnn_replay,none,3,Infiltration,task1,macro_f1,0.9958863275592909
gnn_replay,none,3,Infiltration,task1,fpr,0.0023646715064614
gnn_replay,none,3,Infiltration,task1,detection_rate,0.9937511158721656
gnn_replay,none,3,Infiltration,task1,binary_f1,0.9945353563930376
gnn_replay,none,3,Infiltration,task1,category_recall,0.9937511158721656
gnn_replay,none,3,Infiltration,task2,n,25000.0
gnn_replay,none,3,Infiltration,task2,n_benign,24976.0
gnn_replay,none,3,Infiltration,task2,n_attack,24.0
gnn_replay,none,3,Infiltration,task2,accuracy,0.99964
gnn_replay,none,3,Infiltration,task2,macro_f1,0.9180917190727982
gnn_replay,none,3,Infiltration,task2,fpr,0.0003203074951953
gnn_replay,none,3,Infiltration,task2,detection_rate,0.9583333333333334
gnn_replay,none,3,Infiltration,task2,binary_f1,0.8363636363636363
gnn_replay,none,3,Infiltration,task2,category_recall,0.9583333333333334
gnn_replay,none,3,Infiltration,task3,n,45000.0
gnn_replay,none,3,Infiltration,task3,n_benign,28566.0
gnn_replay,none,3,Infiltration,task3,n_attack,16434.0
gnn_replay,none,3,Infiltration,task3,accuracy,0.9968888888888888
gnn_replay,none,3,Infiltration,task3,macro_f1,0.996641990083833
gnn_replay,none,3,Infiltration,task3,fpr,0.0012252327942309
gnn_replay,none,3,Infiltration,task3,detection_rate,0.9936108068638188
gnn_replay,none,3,Infiltration,task3,binary_f1,0.9957314470394536
gnn_replay,none,3,Infiltration,task3,category_recall,0.9936108068638188
gnn_replay,none,3,Infiltration,task4,n,27642.0
gnn_replay,none,3,Infiltration,task4,n_benign,27569.0
gnn_replay,none,3,Infiltration,task4,n_attack,73.0
gnn_replay,none,3,Infiltration,task4,accuracy,0.9973590912379712
gnn_replay,none,3,Infiltration,task4,macro_f1,0.4993388998569126
gnn_replay,none,3,Infiltration,task4,fpr,0.0
gnn_replay,none,3,Infiltration,task4,detection_rate,0.0
gnn_replay,none,3,Infiltration,task4,binary_f1,0.0
gnn_replay,none,3,Infiltration,task4,category_recall,0.0
gnn_replay,none,3,Infiltration,task5,n,55000.0
gnn_replay,none,3,Infiltration,task5,n_benign,25723.0
gnn_replay,none,3,Infiltration,task5,n_attack,29277.0
gnn_replay,none,3,Infiltration,task5,accuracy,0.9997272727272728
gnn_replay,none,3,Infiltration,task5,macro_f1,0.9997261207604988
gnn_replay,none,3,Infiltration,task5,fpr,0.0005442600007775
gnn_replay,none,3,Infiltration,task5,detection_rate,0.9999658434948936
gnn_replay,none,3,Infiltration,task5,binary_f1,0.999743883074086
gnn_replay,none,3,Infiltration,task5,category_recall,0.9999658434948936
gnn_replay,none,3,Infiltration,task6,n,25000.0
gnn_replay,none,3,Infiltration,task6,n_benign,2841.0
gnn_replay,none,3,Infiltration,task6,n_attack,22159.0
gnn_replay,none,3,Infiltration,task6,accuracy,0.13284
gnn_replay,none,3,Infiltration,task6,macro_f1,0.1253921911422635
gnn_replay,none,3,Infiltration,task6,fpr,0.0095036958817317
gnn_replay,none,3,Infiltration,task6,detection_rate,0.0228800938670517
gnn_replay,none,3,Infiltration,task6,binary_f1,0.0446833825408716
gnn_replay,none,3,Infiltration,task6,category_recall,0.0228800938670517
gnn_replay,none,3,Infiltration,seen,n,308702.0
gnn_replay,none,3,Infiltration,seen,n_benign,257358.0
gnn_replay,none,3,Infiltration,seen,n_attack,51344.0
gnn_replay,none,3,Infiltration,seen,accuracy,0.9983220063362076
gnn_replay,none,3,Infiltration,seen,macro_f1,0.9969719149769432
gnn_replay,none,3,Infiltration,seen,fpr,0.0007848988568453
gnn_replay,none,3,Infiltration,seen,detection_rate,0.9938454347148644
gnn_replay,none,3,Infiltration,seen,binary_f1,0.994949987326223
gnn_replay,none,3,Infiltration,all,n,416344.0
gnn_replay,none,3,Infiltration,all,n_benign,313491.0
gnn_replay,none,3,Infiltration,all,n_attack,102853.0
gnn_replay,none,3,Infiltration,all,accuracy,0.946474549891436
gnn_replay,none,3,Infiltration,all,macro_f1,0.9222377951411632
gnn_replay,none,3,Infiltration,all,fpr,0.0007751418701015
gnn_replay,none,3,Infiltration,all,detection_rate,0.7856941460142145
gnn_replay,none,3,Infiltration,all,binary_f1,0.8788246233150451
gnn_replay,none,4,Botnet,task0,n,138702.0
gnn_replay,none,4,Botnet,task0,n_benign,137422.0
gnn_replay,none,4,Botnet,task0,n_attack,1280.0
gnn_replay,none,4,Botnet,task0,accuracy,0.9998053380628974
gnn_replay,none,4,Botnet,task0,macro_f1,0.9947324767106256
gnn_replay,none,4,Botnet,task0,fpr,0.0001964750913245
gnn_replay,none,4,Botnet,task0,detection_rate,1.0
gnn_replay,none,4,Botnet,task0,binary_f1,0.989563200618477
gnn_replay,none,4,Botnet,task0,category_recall,1.0
gnn_replay,none,4,Botnet,task1,n,100000.0
gnn_replay,none,4,Botnet,task1,n_benign,66394.0
gnn_replay,none,4,Botnet,task1,n_attack,33606.0
gnn_replay,none,4,Botnet,task1,accuracy,0.99621
gnn_replay,none,4,Botnet,task1,macro_f1,0.9957523207956048
gnn_replay,none,4,Botnet,task1,fpr,0.0025755339337891
gnn_replay,none,4,Botnet,task1,detection_rate,0.9938106290543356
gnn_replay,none,4,Botnet,task1,binary_f1,0.9943580200967622
gnn_replay,none,4,Botnet,task1,category_recall,0.9938106290543356
gnn_replay,none,4,Botnet,task2,n,25000.0
gnn_replay,none,4,Botnet,task2,n_benign,24976.0
gnn_replay,none,4,Botnet,task2,n_attack,24.0
gnn_replay,none,4,Botnet,task2,accuracy,0.9996
gnn_replay,none,4,Botnet,task2,macro_f1,0.910614173588705
gnn_replay,none,4,Botnet,task2,fpr,0.0003603459320948
gnn_replay,none,4,Botnet,task2,detection_rate,0.9583333333333334
gnn_replay,none,4,Botnet,task2,binary_f1,0.8214285714285714
gnn_replay,none,4,Botnet,task2,category_recall,0.9583333333333334
gnn_replay,none,4,Botnet,task3,n,45000.0
gnn_replay,none,4,Botnet,task3,n_benign,28566.0
gnn_replay,none,4,Botnet,task3,n_attack,16434.0
gnn_replay,none,4,Botnet,task3,accuracy,0.9985333333333334
gnn_replay,none,4,Botnet,task3,macro_f1,0.9984192712704733
gnn_replay,none,4,Botnet,task3,fpr,0.0019253658195057
gnn_replay,none,4,Botnet,task3,detection_rate,0.999330655957162
gnn_replay,none,4,Botnet,task3,binary_f1,0.9979946524064172
gnn_replay,none,4,Botnet,task3,category_recall,0.999330655957162
gnn_replay,none,4,Botnet,task4,n,27642.0
gnn_replay,none,4,Botnet,task4,n_benign,27569.0
gnn_replay,none,4,Botnet,task4,n_attack,73.0
gnn_replay,none,4,Botnet,task4,accuracy,0.9999276463352867
gnn_replay,none,4,Botnet,task4,macro_f1,0.993132548618982
gnn_replay,none,4,Botnet,task4,fpr,3.627262504987486e-05
gnn_replay,none,4,Botnet,task4,detection_rate,0.9863013698630136
gnn_replay,none,4,Botnet,task4,binary_f1,0.9863013698630136
gnn_replay,none,4,Botnet,task4,category_recall,0.9863013698630136
gnn_replay,none,4,Botnet,task5,n,55000.0
gnn_replay,none,4,Botnet,task5,n_benign,25723.0
gnn_replay,none,4,Botnet,task5,n_attack,29277.0
gnn_replay,none,4,Botnet,task5,accuracy,0.9995090909090908
gnn_replay,none,4,Botnet,task5,macro_f1,0.9995070033345124
gnn_replay,none,4,Botnet,task5,fpr,0.0010107685728725
gnn_replay,none,4,Botnet,task5,detection_rate,0.9999658434948936
gnn_replay,none,4,Botnet,task5,binary_f1,0.999539083972072
gnn_replay,none,4,Botnet,task5,category_recall,0.9999658434948936
gnn_replay,none,4,Botnet,task6,n,25000.0
gnn_replay,none,4,Botnet,task6,n_benign,2841.0
gnn_replay,none,4,Botnet,task6,n_attack,22159.0
gnn_replay,none,4,Botnet,task6,accuracy,0.27324
gnn_replay,none,4,Botnet,task6,macro_f1,0.2716962278950585
gnn_replay,none,4,Botnet,task6,fpr,0.0003519887363604
gnn_replay,none,4,Botnet,task6,detection_rate,0.1801074055688433
gnn_replay,none,4,Botnet,task6,binary_f1,0.30522733356277
gnn_replay,none,4,Botnet,task6,category_recall,0.1801074055688433
gnn_replay,none,4,Botnet,seen,n,336344.0
gnn_replay,none,4,Botnet,seen,n_benign,284927.0
gnn_replay,none,4,Botnet,seen,n_attack,51417.0
gnn_replay,none,4,Botnet,seen,accuracy,0.9985609970744238
gnn_replay,none,4,Botnet,seen,macro_f1,0.9972229520052616
gnn_replay,none,4,Botnet,seen,fpr,0.000923043446216
gnn_replay,none,4,Botnet,seen,detection_rate,0.995701810685182
gnn_replay,none,4,Botnet,seen,binary_f1,0.9952953069714996
gnn_replay,none,4,Botnet,all,n,416344.0
gnn_replay,none,4,Botnet,all,n_benign,313491.0
gnn_replay,none,4,Botnet,all,n_attack,102853.0
gnn_replay,none,4,Botnet,all,accuracy,0.9551332551928212
gnn_replay,none,4,Botnet,all,macro_f1,0.9357360324510164
gnn_replay,none,4,Botnet,all,fpr,0.0009250664293392
gnn_replay,none,4,Botnet,all,detection_rate,0.8212011317122495
gnn_replay,none,4,Botnet,all,binary_f1,0.9004296237860197
gnn_replay,none,5,PortScan,task0,n,138702.0
gnn_replay,none,5,PortScan,task0,n_benign,137422.0
gnn_replay,none,5,PortScan,task0,n_attack,1280.0
gnn_replay,none,5,PortScan,task0,accuracy,0.9999855805972516
gnn_replay,none,5,PortScan,task0,macro_f1,0.9996060414834552
gnn_replay,none,5,PortScan,task0,fpr,1.455371046848394e-05
gnn_replay,none,5,PortScan,task0,detection_rate,1.0
gnn_replay,none,5,PortScan,task0,binary_f1,0.9992193598750976
gnn_replay,none,5,PortScan,task0,category_recall,1.0
gnn_replay,none,5,PortScan,task1,n,100000.0
gnn_replay,none,5,PortScan,task1,n_benign,66394.0
gnn_replay,none,5,PortScan,task1,n_attack,33606.0
gnn_replay,none,5,PortScan,task1,accuracy,0.99643
gnn_replay,none,5,PortScan,task1,macro_f1,0.995998063103346
gnn_replay,none,5,PortScan,task1,fpr,0.0021989938849896
gnn_replay,none,5,PortScan,task1,detection_rate,0.9937213592810809
gnn_replay,none,5,PortScan,task1,binary_f1,0.9946833067746884
gnn_replay,none,5,PortScan,task1,category_recall,0.9937213592810809
gnn_replay,none,5,PortScan,task2,n,25000.0
gnn_replay,none,5,PortScan,task2,n_benign,24976.0
gnn_replay,none,5,PortScan,task2,n_attack,24.0
gnn_replay,none,5,PortScan,task2,accuracy,0.99964
gnn_replay,none,5,PortScan,task2,macro_f1,0.9180917190727982
gnn_replay,none,5,PortScan,task2,fpr,0.0003203074951953
gnn_replay,none,5,PortScan,task2,detection_rate,0.9583333333333334
gnn_replay,none,5,PortScan,task2,binary_f1,0.8363636363636363
gnn_replay,none,5,PortScan,task2,category_recall,0.9583333333333334
gnn_replay,none,5,PortScan,task3,n,45000.0
gnn_replay,none,5,PortScan,task3,n_benign,28566.0
gnn_replay,none,5,PortScan,task3,n_attack,16434.0
gnn_replay,none,5,PortScan,task3,accuracy,0.9989333333333332
gnn_replay,none,5,PortScan,task3,macro_f1,0.998849875234572
gnn_replay,none,5,PortScan,task3,fpr,0.0010151928866484
gnn_replay,none,5,PortScan,task3,detection_rate,0.9988438602896434
gnn_replay,none,5,PortScan,task3,binary_f1,0.9985400571810936
gnn_replay,none,5,PortScan,task3,category_recall,0.9988438602896434
gnn_replay,none,5,PortScan,task4,n,27642.0
gnn_replay,none,5,PortScan,task4,n_benign,27569.0
gnn_replay,none,5,PortScan,task4,n_attack,73.0
gnn_replay,none,5,PortScan,task4,accuracy,1.0
gnn_replay,none,5,PortScan,task4,macro_f1,1.0
gnn_replay,none,5,PortScan,task4,fpr,0.0
gnn_replay,none,5,PortScan,task4,detection_rate,1.0
gnn_replay,none,5,PortScan,task4,binary_f1,1.0
gnn_replay,none,5,PortScan,task4,category_recall,1.0
gnn_replay,none,5,PortScan,task5,n,55000.0
gnn_replay,none,5,PortScan,task5,n_benign,25723.0
gnn_replay,none,5,PortScan,task5,n_attack,29277.0
gnn_replay,none,5,PortScan,task5,accuracy,0.9999636363636364
gnn_replay,none,5,PortScan,task5,macro_f1,0.9999634838902762
gnn_replay,none,5,PortScan,task5,fpr,3.8875714341251024e-05
gnn_replay,none,5,PortScan,task5,detection_rate,0.9999658434948936
gnn_replay,none,5,PortScan,task5,binary_f1,0.9999658434948936
gnn_replay,none,5,PortScan,task5,category_recall,0.9999658434948936
gnn_replay,none,5,PortScan,task6,n,25000.0
gnn_replay,none,5,PortScan,task6,n_benign,2841.0
gnn_replay,none,5,PortScan,task6,n_attack,22159.0
gnn_replay,none,5,PortScan,task6,accuracy,0.11892
gnn_replay,none,5,PortScan,task6,macro_f1,0.1084515363669713
gnn_replay,none,5,PortScan,task6,fpr,0.0
gnn_replay,none,5,PortScan,task6,detection_rate,0.0059569475156821
gnn_replay,none,5,PortScan,task6,binary_f1,0.0118433448476963
gnn_replay,none,5,PortScan,task6,category_recall,0.0059569475156821
gnn_replay,none,5,PortScan,seen,n,391344.0
gnn_replay,none,5,PortScan,seen,n_benign,310650.0
gnn_replay,none,5,PortScan,seen,n_attack,80694.0
gnn_replay,none,5,PortScan,seen,accuracy,0.9989318860133284
gnn_replay,none,5,PortScan,seen,macro_f1,0.9983682485080404
gnn_replay,none,5,PortScan,seen,fpr,0.0005987445678416
gnn_replay,none,5,PortScan,seen,detection_rate,0.9971249411356482
gnn_replay,none,5,PortScan,seen,binary_f1,0.9974092300826816
gnn_replay,none,5,PortScan,all,n,416344.0
gnn_replay,none,5,PortScan,all,n_benign,313491.0
gnn_replay,none,5,PortScan,all,n_attack,102853.0
gnn_replay,none,5,PortScan,all,accuracy,0.9460902522913744
gnn_replay,none,5,PortScan,all,macro_f1,0.9215957344526392
gnn_replay,none,5,PortScan,all,fpr,0.0005933184684727
gnn_replay,none,5,PortScan,all,detection_rate,0.7835843388136466
gnn_replay,none,5,PortScan,all,binary_f1,0.8777725136549531
gnn_replay,none,6,DDoS,task0,n,138702.0
gnn_replay,none,6,DDoS,task0,n_benign,137422.0
gnn_replay,none,6,DDoS,task0,n_attack,1280.0
gnn_replay,none,6,DDoS,task0,accuracy,0.9999711611945034
gnn_replay,none,6,DDoS,task0,macro_f1,0.999212691837611
gnn_replay,none,6,DDoS,task0,fpr,2.910742093696788e-05
gnn_replay,none,6,DDoS,task0,detection_rate,1.0
gnn_replay,none,6,DDoS,task0,binary_f1,0.998439937597504
gnn_replay,none,6,DDoS,task0,category_recall,1.0
gnn_replay,none,6,DDoS,task1,n,100000.0
gnn_replay,none,6,DDoS,task1,n_benign,66394.0
gnn_replay,none,6,DDoS,task1,n_attack,33606.0
gnn_replay,none,6,DDoS,task1,accuracy,0.99846
gnn_replay,none,6,DDoS,task1,macro_f1,0.9982763696638196
gnn_replay,none,6,DDoS,task1,fpr,0.0022743018947495
gnn_replay,none,6,DDoS,task1,detection_rate,0.9999107302267451
gnn_replay,none,6,DDoS,task1,binary_f1,0.9977137767220904
gnn_replay,none,6,DDoS,task1,category_recall,0.9999107302267451
gnn_replay,none,6,DDoS,task2,n,25000.0
gnn_replay,none,6,DDoS,task2,n_benign,24976.0
gnn_replay,none,6,DDoS,task2,n_attack,24.0
gnn_replay,none,6,DDoS,task2,accuracy,0.99972
gnn_replay,none,6,DDoS,task2,macro_f1,0.933892189872208
gnn_replay,none,6,DDoS,task2,fpr,0.0002402306213965
gnn_replay,none,6,DDoS,task2,detection_rate,0.9583333333333334
gnn_replay,none,6,DDoS,task2,binary_f1,0.8679245283018868
gnn_replay,none,6,DDoS,task2,category_recall,0.9583333333333334
gnn_replay,none,6,DDoS,task3,n,45000.0
gnn_replay,none,6,DDoS,task3,n_benign,28566.0
gnn_replay,none,6,DDoS,task3,n_attack,16434.0
gnn_replay,none,6,DDoS,task3,accuracy,0.9990444444444444
gnn_replay,none,6,DDoS,task3,macro_f1,0.9989697463820836
gnn_replay,none,6,DDoS,task3,fpr,0.0010151928866484
gnn_replay,none,6,DDoS,task3,detection_rate,0.9991481075818424
gnn_replay,none,6,DDoS,task3,binary_f1,0.998692333424566
gnn_replay,none,6,DDoS,task3,category_recall,0.9991481075818424
gnn_replay,none,6,DDoS,task4,n,27642.0
gnn_replay,none,6,DDoS,task4,n_benign,27569.0
gnn_replay,none,6,DDoS,task4,n_attack,73.0
gnn_replay,none,6,DDoS,task4,accuracy,0.9999638231676434
gnn_replay,none,6,DDoS,task4,macro_f1,0.9965426561461284
gnn_replay,none,6,DDoS,task4,fpr,0.0
gnn_replay,none,6,DDoS,task4,detection_rate,0.9863013698630136
gnn_replay,none,6,DDoS,task4,binary_f1,0.993103448275862
gnn_replay,none,6,DDoS,task4,category_recall,0.9863013698630136
gnn_replay,none,6,DDoS,task5,n,55000.0
gnn_replay,none,6,DDoS,task5,n_benign,25723.0
gnn_replay,none,6,DDoS,task5,n_attack,29277.0
gnn_replay,none,6,DDoS,task5,accuracy,0.9999636363636364
gnn_replay,none,6,DDoS,task5,macro_f1,0.999963484062554
gnn_replay,none,6,DDoS,task5,fpr,0.0
gnn_replay,none,6,DDoS,task5,detection_rate,0.9999316869897872
gnn_replay,none,6,DDoS,task5,binary_f1,0.9999658423281867
gnn_replay,none,6,DDoS,task5,category_recall,0.9999316869897872
gnn_replay,none,6,DDoS,task6,n,25000.0
gnn_replay,none,6,DDoS,task6,n_benign,2841.0
gnn_replay,none,6,DDoS,task6,n_attack,22159.0
gnn_replay,none,6,DDoS,task6,accuracy,1.0
gnn_replay,none,6,DDoS,task6,macro_f1,1.0
gnn_replay,none,6,DDoS,task6,fpr,0.0
gnn_replay,none,6,DDoS,task6,detection_rate,1.0
gnn_replay,none,6,DDoS,task6,binary_f1,1.0
gnn_replay,none,6,DDoS,task6,category_recall,1.0
gnn_replay,none,6,DDoS,seen,n,416344.0
gnn_replay,none,6,DDoS,seen,n_benign,313491.0
gnn_replay,none,6,DDoS,seen,n_attack,102853.0
gnn_replay,none,6,DDoS,seen,accuracy,0.9994932075399188
gnn_replay,none,6,DDoS,seen,macro_f1,0.9993192413656544
gnn_replay,none,6,DDoS,seen,fpr,0.0006060780054291
gnn_replay,none,6,DDoS,seen,detection_rate,0.9997958251096224
gnn_replay,none,6,DDoS,seen,binary_f1,0.9989751062537948
gnn_replay,none,6,DDoS,all,n,416344.0
gnn_replay,none,6,DDoS,all,n_benign,313491.0
gnn_replay,none,6,DDoS,all,n_attack,102853.0
gnn_replay,none,6,DDoS,all,accuracy,0.9994932075399188
gnn_replay,none,6,DDoS,all,macro_f1,0.9993192413656544
gnn_replay,none,6,DDoS,all,fpr,0.0006060780054291
gnn_replay,none,6,DDoS,all,detection_rate,0.9997958251096224
gnn_replay,none,6,DDoS,all,binary_f1,0.9989751062537948
gnn_joint,none,0,BruteForce,task0,n,138702.0
gnn_joint,none,0,BruteForce,task0,n_benign,137422.0
gnn_joint,none,0,BruteForce,task0,n_attack,1280.0
gnn_joint,none,0,BruteForce,task0,accuracy,0.9999855805972516
gnn_joint,none,0,BruteForce,task0,macro_f1,0.9996060414834552
gnn_joint,none,0,BruteForce,task0,fpr,1.455371046848394e-05
gnn_joint,none,0,BruteForce,task0,detection_rate,1.0
gnn_joint,none,0,BruteForce,task0,binary_f1,0.9992193598750976
gnn_joint,none,0,BruteForce,task0,category_recall,1.0
gnn_joint,none,0,BruteForce,task1,n,100000.0
gnn_joint,none,0,BruteForce,task1,n_benign,66394.0
gnn_joint,none,0,BruteForce,task1,n_attack,33606.0
gnn_joint,none,0,BruteForce,task1,accuracy,0.66394
gnn_joint,none,0,BruteForce,task1,macro_f1,0.3990167914708463
gnn_joint,none,0,BruteForce,task1,fpr,0.0
gnn_joint,none,0,BruteForce,task1,detection_rate,0.0
gnn_joint,none,0,BruteForce,task1,binary_f1,0.0
gnn_joint,none,0,BruteForce,task1,category_recall,0.0
gnn_joint,none,0,BruteForce,task2,n,25000.0
gnn_joint,none,0,BruteForce,task2,n_benign,24976.0
gnn_joint,none,0,BruteForce,task2,n_attack,24.0
gnn_joint,none,0,BruteForce,task2,accuracy,0.99916
gnn_joint,none,0,BruteForce,task2,macro_f1,0.6109009976498421
gnn_joint,none,0,BruteForce,task2,fpr,0.0
gnn_joint,none,0,BruteForce,task2,detection_rate,0.125
gnn_joint,none,0,BruteForce,task2,binary_f1,0.2222222222222222
gnn_joint,none,0,BruteForce,task2,category_recall,0.125
gnn_joint,none,0,BruteForce,task3,n,45000.0
gnn_joint,none,0,BruteForce,task3,n_benign,28566.0
gnn_joint,none,0,BruteForce,task3,n_attack,16434.0
gnn_joint,none,0,BruteForce,task3,accuracy,0.6348
gnn_joint,none,0,BruteForce,task3,macro_f1,0.3883043797406411
gnn_joint,none,0,BruteForce,task3,fpr,0.0
gnn_joint,none,0,BruteForce,task3,detection_rate,0.0
gnn_joint,none,0,BruteForce,task3,binary_f1,0.0
gnn_joint,none,0,BruteForce,task3,category_recall,0.0
gnn_joint,none,0,BruteForce,task4,n,27642.0
gnn_joint,none,0,BruteForce,task4,n_benign,27569.0
gnn_joint,none,0,BruteForce,task4,n_attack,73.0
gnn_joint,none,0,BruteForce,task4,accuracy,0.9973590912379712
gnn_joint,none,0,BruteForce,task4,macro_f1,0.4993388998569126
gnn_joint,none,0,BruteForce,task4,fpr,0.0
gnn_joint,none,0,BruteForce,task4,detection_rate,0.0
gnn_joint,none,0,BruteForce,task4,binary_f1,0.0
gnn_joint,none,0,BruteForce,task4,category_recall,0.0
gnn_joint,none,0,BruteForce,task5,n,55000.0
gnn_joint,none,0,BruteForce,task5,n_benign,25723.0
gnn_joint,none,0,BruteForce,task5,n_attack,29277.0
gnn_joint,none,0,BruteForce,task5,accuracy,0.4676909090909091
gnn_joint,none,0,BruteForce,task5,macro_f1,0.3186576316539276
gnn_joint,none,0,BruteForce,task5,fpr,0.0
gnn_joint,none,0,BruteForce,task5,detection_rate,0.0
gnn_joint,none,0,BruteForce,task5,binary_f1,0.0
gnn_joint,none,0,BruteForce,task5,category_recall,0.0
gnn_joint,none,0,BruteForce,task6,n,25000.0
gnn_joint,none,0,BruteForce,task6,n_benign,2841.0
gnn_joint,none,0,BruteForce,task6,n_attack,22159.0
gnn_joint,none,0,BruteForce,task6,accuracy,0.11364
gnn_joint,none,0,BruteForce,task6,macro_f1,0.1020437484285765
gnn_joint,none,0,BruteForce,task6,fpr,0.0
gnn_joint,none,0,BruteForce,task6,detection_rate,0.0
gnn_joint,none,0,BruteForce,task6,binary_f1,0.0
gnn_joint,none,0,BruteForce,task6,category_recall,0.0
gnn_joint,none,0,BruteForce,seen,n,138702.0
gnn_joint,none,0,BruteForce,seen,n_benign,137422.0
gnn_joint,none,0,BruteForce,seen,n_attack,1280.0
gnn_joint,none,0,BruteForce,seen,accuracy,0.9999855805972516
gnn_joint,none,0,BruteForce,seen,macro_f1,0.9996060414834552
gnn_joint,none,0,BruteForce,seen,fpr,1.455371046848394e-05
gnn_joint,none,0,BruteForce,seen,detection_rate,1.0
gnn_joint,none,0,BruteForce,seen,binary_f1,0.9992193598750976
gnn_joint,none,0,BruteForce,all,n,416344.0
gnn_joint,none,0,BruteForce,all,n_benign,313491.0
gnn_joint,none,0,BruteForce,all,n_attack,102853.0
gnn_joint,none,0,BruteForce,all,accuracy,0.7560382760409661
gnn_joint,none,0,BruteForce,all,macro_f1,0.4426118657617804
gnn_joint,none,0,BruteForce,all,fpr,6.379768478201926e-06
gnn_joint,none,0,BruteForce,all,detection_rate,0.0124741135406842
gnn_joint,none,0,BruteForce,all,binary_f1,0.0246403810328602
gnn_joint,none,1,DoS,task0,n,138702.0
gnn_joint,none,1,DoS,task0,n_benign,137422.0
gnn_joint,none,1,DoS,task0,n_attack,1280.0
gnn_joint,none,1,DoS,task0,accuracy,0.999992790298626
gnn_joint,none,1,DoS,task0,macro_f1,0.999802944543727
gnn_joint,none,1,DoS,task0,fpr,7.27685523424197e-06
gnn_joint,none,1,DoS,task0,detection_rate,1.0
gnn_joint,none,1,DoS,task0,binary_f1,0.9996095275283092
gnn_joint,none,1,DoS,task0,category_recall,1.0
gnn_joint,none,1,DoS,task1,n,100000.0
gnn_joint,none,1,DoS,task1,n_benign,66394.0
gnn_joint,none,1,DoS,task1,n_attack,33606.0
gnn_joint,none,1,DoS,task1,accuracy,0.99852
gnn_joint,none,1,DoS,task1,macro_f1,0.9983434514653716
gnn_joint,none,1,DoS,task1,fpr,0.0021839322830376
gnn_joint,none,1,DoS,task1,detection_rate,0.9999107302267451
gnn_joint,none,1,DoS,task1,binary_f1,0.9978026546307568
gnn_joint,none,1,DoS,task1,category_recall,0.9999107302267451
gnn_joint,none,1,DoS,task2,n,25000.0
gnn_joint,none,1,DoS,task2,n_benign,24976.0
gnn_joint,none,1,DoS,task2,n_attack,24.0
gnn_joint,none,1,DoS,task2,accuracy,0.99904
gnn_joint,none,1,DoS,task2,macro_f1,0.8330929872349516
gnn_joint,none,1,DoS,task2,fpr,0.0009609224855861
gnn_joint,none,1,DoS,task2,detection_rate,1.0
gnn_joint,none,1,DoS,task2,binary_f1,0.6666666666666666
gnn_joint,none,1,DoS,task2,category_recall,1.0
gnn_joint,none,1,DoS,task3,n,45000.0
gnn_joint,none,1,DoS,task3,n_benign,28566.0
gnn_joint,none,1,DoS,task3,n_attack,16434.0
gnn_joint,none,1,DoS,task3,accuracy,0.6347333333333334
gnn_joint,none,1,DoS,task3,macro_f1,0.3882794339545695
gnn_joint,none,1,DoS,task3,fpr,0.0001050199537912
gnn_joint,none,1,DoS,task3,detection_rate,0.0
gnn_joint,none,1,DoS,task3,binary_f1,0.0
gnn_joint,none,1,DoS,task3,category_recall,0.0
gnn_joint,none,1,DoS,task4,n,27642.0
gnn_joint,none,1,DoS,task4,n_benign,27569.0
gnn_joint,none,1,DoS,task4,n_attack,73.0
gnn_joint,none,1,DoS,task4,accuracy,0.9973590912379712
gnn_joint,none,1,DoS,task4,macro_f1,0.4993388998569126
gnn_joint,none,1,DoS,task4,fpr,0.0
gnn_joint,none,1,DoS,task4,detection_rate,0.0
gnn_joint,none,1,DoS,task4,binary_f1,0.0
gnn_joint,none,1,DoS,task4,category_recall,0.0
gnn_joint,none,1,DoS,task5,n,55000.0
gnn_joint,none,1,DoS,task5,n_benign,25723.0
gnn_joint,none,1,DoS,task5,n_attack,29277.0
gnn_joint,none,1,DoS,task5,accuracy,0.4676909090909091
gnn_joint,none,1,DoS,task5,macro_f1,0.3186576316539276
gnn_joint,none,1,DoS,task5,fpr,0.0
gnn_joint,none,1,DoS,task5,detection_rate,0.0
gnn_joint,none,1,DoS,task5,binary_f1,0.0
gnn_joint,none,1,DoS,task5,category_recall,0.0
gnn_joint,none,1,DoS,task6,n,25000.0
gnn_joint,none,1,DoS,task6,n_benign,2841.0
gnn_joint,none,1,DoS,task6,n_attack,22159.0
gnn_joint,none,1,DoS,task6,accuracy,1.0
gnn_joint,none,1,DoS,task6,macro_f1,1.0
gnn_joint,none,1,DoS,task6,fpr,0.0
gnn_joint,none,1,DoS,task6,detection_rate,1.0
gnn_joint,none,1,DoS,task6,binary_f1,1.0
gnn_joint,none,1,DoS,task6,category_recall,1.0
gnn_joint,none,1,DoS,seen,n,238702.0
gnn_joint,none,1,DoS,seen,n_benign,203816.0
gnn_joint,none,1,DoS,seen,n_attack,34886.0
gnn_joint,none,1,DoS,seen,accuracy,0.9993757907348912
gnn_joint,none,1,DoS,seen,macro_f1,0.9987515933464916
gnn_joint,none,1,DoS,seen,fpr,0.0007163323782234
gnn_joint,none,1,DoS,seen,detection_rate,0.9999140056182996
gnn_joint,none,1,DoS,seen,binary_f1,0.9978688407351785
gnn_joint,none,1,DoS,all,n,416344.0
gnn_joint,none,1,DoS,all,n_benign,313491.0
gnn_joint,none,1,DoS,all,n_attack,102853.0
gnn_joint,none,1,DoS,all,accuracy,0.8896105143823377
gnn_joint,none,1,DoS,all,macro_f1,0.8222914104451077
gnn_joint,none,1,DoS,all,fpr,0.0005518499733644
gnn_joint,none,1,DoS,all,detection_rate,0.554830680680194
gnn_joint,none,1,DoS,all,binary_f1,0.7129150738325463
gnn_joint,none,2,WebAttack,task0,n,138702.0
gnn_joint,none,2,WebAttack,task0,n_benign,137422.0
gnn_joint,none,2,WebAttack,task0,n_attack,1280.0
gnn_joint,none,2,WebAttack,task0,accuracy,0.999992790298626
gnn_joint,none,2,WebAttack,task0,macro_f1,0.999802944543727
gnn_joint,none,2,WebAttack,task0,fpr,7.27685523424197e-06
gnn_joint,none,2,WebAttack,task0,detection_rate,1.0
gnn_joint,none,2,WebAttack,task0,binary_f1,0.9996095275283092
gnn_joint,none,2,WebAttack,task0,category_recall,1.0
gnn_joint,none,2,WebAttack,task1,n,100000.0
gnn_joint,none,2,WebAttack,task1,n_benign,66394.0
gnn_joint,none,2,WebAttack,task1,n_attack,33606.0
gnn_joint,none,2,WebAttack,task1,accuracy,0.99831
gnn_joint,none,2,WebAttack,task1,macro_f1,0.9981082485586874
gnn_joint,none,2,WebAttack,task1,fpr,0.0022592402927975
gnn_joint,none,2,WebAttack,task1,detection_rate,0.9994346247693864
gnn_joint,none,2,WebAttack,task1,binary_f1,0.9974904592904978
gnn_joint,none,2,WebAttack,task1,category_recall,0.9994346247693864
gnn_joint,none,2,WebAttack,task2,n,25000.0
gnn_joint,none,2,WebAttack,task2,n_benign,24976.0
gnn_joint,none,2,WebAttack,task2,n_attack,24.0
gnn_joint,none,2,WebAttack,task2,accuracy,0.99984
gnn_joint,none,2,WebAttack,task2,macro_f1,0.958293294896434
gnn_joint,none,2,WebAttack,task2,fpr,8.007687379884689e-05
gnn_joint,none,2,WebAttack,task2,detection_rate,0.9166666666666666
gnn_joint,none,2,WebAttack,task2,binary_f1,0.9166666666666666
gnn_joint,none,2,WebAttack,task2,category_recall,0.9166666666666666
gnn_joint,none,2,WebAttack,task3,n,45000.0
gnn_joint,none,2,WebAttack,task3,n_benign,28566.0
gnn_joint,none,2,WebAttack,task3,n_attack,16434.0
gnn_joint,none,2,WebAttack,task3,accuracy,0.6348
gnn_joint,none,2,WebAttack,task3,macro_f1,0.3883043797406411
gnn_joint,none,2,WebAttack,task3,fpr,0.0
gnn_joint,none,2,WebAttack,task3,detection_rate,0.0
gnn_joint,none,2,WebAttack,task3,binary_f1,0.0
gnn_joint,none,2,WebAttack,task3,category_recall,0.0
gnn_joint,none,2,WebAttack,task4,n,27642.0
gnn_joint,none,2,WebAttack,task4,n_benign,27569.0
gnn_joint,none,2,WebAttack,task4,n_attack,73.0
gnn_joint,none,2,WebAttack,task4,accuracy,0.9973590912379712
gnn_joint,none,2,WebAttack,task4,macro_f1,0.4993388998569126
gnn_joint,none,2,WebAttack,task4,fpr,0.0
gnn_joint,none,2,WebAttack,task4,detection_rate,0.0
gnn_joint,none,2,WebAttack,task4,binary_f1,0.0
gnn_joint,none,2,WebAttack,task4,category_recall,0.0
gnn_joint,none,2,WebAttack,task5,n,55000.0
gnn_joint,none,2,WebAttack,task5,n_benign,25723.0
gnn_joint,none,2,WebAttack,task5,n_attack,29277.0
gnn_joint,none,2,WebAttack,task5,accuracy,0.4676909090909091
gnn_joint,none,2,WebAttack,task5,macro_f1,0.3186576316539276
gnn_joint,none,2,WebAttack,task5,fpr,0.0
gnn_joint,none,2,WebAttack,task5,detection_rate,0.0
gnn_joint,none,2,WebAttack,task5,binary_f1,0.0
gnn_joint,none,2,WebAttack,task5,category_recall,0.0
gnn_joint,none,2,WebAttack,task6,n,25000.0
gnn_joint,none,2,WebAttack,task6,n_benign,2841.0
gnn_joint,none,2,WebAttack,task6,n_attack,22159.0
gnn_joint,none,2,WebAttack,task6,accuracy,0.99884
gnn_joint,none,2,WebAttack,task6,macro_f1,0.9971336450338192
gnn_joint,none,2,WebAttack,task6,fpr,0.0
gnn_joint,none,2,WebAttack,task6,detection_rate,0.9986912766821608
gnn_joint,none,2,WebAttack,task6,binary_f1,0.9993452098715256
gnn_joint,none,2,WebAttack,task6,category_recall,0.9986912766821608
gnn_joint,none,2,WebAttack,seen,n,263702.0
gnn_joint,none,2,WebAttack,seen,n_benign,228792.0
gnn_joint,none,2,WebAttack,seen,n_attack,34910.0
gnn_joint,none,2,WebAttack,seen,accuracy,0.9993401642763422
gnn_joint,none,2,WebAttack,seen,macro_f1,0.9985661061393016
gnn_joint,none,2,WebAttack,seen,fpr,0.0006687296758627
gnn_joint,none,2,WebAttack,seen,detection_rate,0.9993984531652822
gnn_joint,none,2,WebAttack,seen,binary_f1,0.9975125800548948
gnn_joint,none,2,WebAttack,all,n,416344.0
gnn_joint,none,2,WebAttack,all,n_benign,313491.0
gnn_joint,none,2,WebAttack,all,n_attack,102853.0
gnn_joint,none,2,WebAttack,all,accuracy,0.8895456641623273
gnn_joint,none,2,WebAttack,all,macro_f1,0.8221302832123272
gnn_joint,none,2,WebAttack,all,fpr,0.0004880522885824
gnn_joint,none,2,WebAttack,all,detection_rate,0.5543737178303015
gnn_joint,none,2,WebAttack,all,binary_f1,0.7126261521637244
gnn_joint,none,3,Infiltration,task0,n,138702.0
gnn_joint,none,3,Infiltration,task0,n_benign,137422.0
gnn_joint,none,3,Infiltration,task0,n_attack,1280.0
gnn_joint,none,3,Infiltration,task0,accuracy,0.9999855805972516
gnn_joint,none,3,Infiltration,task0,macro_f1,0.9996060414834552
gnn_joint,none,3,Infiltration,task0,fpr,1.455371046848394e-05
gnn_joint,none,3,Infiltration,task0,detection_rate,1.0
gnn_joint,none,3,Infiltration,task0,binary_f1,0.9992193598750976
gnn_joint,none,3,Infiltration,task0,category_recall,1.0
gnn_joint,none,3,Infiltration,task1,n,100000.0
gnn_joint,none,3,Infiltration,task1,n_benign,66394.0
gnn_joint,none,3,Infiltration,task1,n_attack,33606.0
gnn_joint,none,3,Infiltration,task1,accuracy,0.99852
gnn_joint,none,3,Infiltration,task1,macro_f1,0.9983434514653716
gnn_joint,none,3,Infiltration,task1,fpr,0.0021839322830376
gnn_joint,none,3,Infiltration,task1,detection_rate,0.9999107302267451
gnn_joint,none,3,Infiltration,task1,binary_f1,0.9978026546307568
gnn_joint,none,3,Infiltration,task1,category_recall,0.9999107302267451
gnn_joint,none,3,Infiltration,task2,n,25000.0
gnn_joint,none,3,Infiltration,task2,n_benign,24976.0
gnn_joint,none,3,Infiltration,task2,n_attack,24.0
gnn_joint,none,3,Infiltration,task2,accuracy,0.99964
gnn_joint,none,3,Infiltration,task2,macro_f1,0.9180917190727982
gnn_joint,none,3,Infiltration,task2,fpr,0.0003203074951953
gnn_joint,none,3,Infiltration,task2,detection_rate,0.9583333333333334
gnn_joint,none,3,Infiltration,task2,binary_f1,0.8363636363636363
gnn_joint,none,3,Infiltration,task2,category_recall,0.9583333333333334
gnn_joint,none,3,Infiltration,task3,n,45000.0
gnn_joint,none,3,Infiltration,task3,n_benign,28566.0
gnn_joint,none,3,Infiltration,task3,n_attack,16434.0
gnn_joint,none,3,Infiltration,task3,accuracy,0.9751555555555556
gnn_joint,none,3,Infiltration,task3,macro_f1,0.9728188984568312
gnn_joint,none,3,Infiltration,task3,fpr,0.0009801862353847
gnn_joint,none,3,Infiltration,task3,detection_rate,0.9336740903005964
gnn_joint,none,3,Infiltration,task3,binary_f1,0.964849399484374
gnn_joint,none,3,Infiltration,task3,category_recall,0.9336740903005964
gnn_joint,none,3,Infiltration,task4,n,27642.0
gnn_joint,none,3,Infiltration,task4,n_benign,27569.0
gnn_joint,none,3,Infiltration,task4,n_attack,73.0
gnn_joint,none,3,Infiltration,task4,accuracy,0.9973590912379712
gnn_joint,none,3,Infiltration,task4,macro_f1,0.4993388998569126
gnn_joint,none,3,Infiltration,task4,fpr,0.0
gnn_joint,none,3,Infiltration,task4,detection_rate,0.0
gnn_joint,none,3,Infiltration,task4,binary_f1,0.0
gnn_joint,none,3,Infiltration,task4,category_recall,0.0
gnn_joint,none,3,Infiltration,task5,n,55000.0
gnn_joint,none,3,Infiltration,task5,n_benign,25723.0
gnn_joint,none,3,Infiltration,task5,n_attack,29277.0
gnn_joint,none,3,Infiltration,task5,accuracy,0.9999818181818182
gnn_joint,none,3,Infiltration,task5,macro_f1,0.9999817419882138
gnn_joint,none,3,Infiltration,task5,fpr,0.0
gnn_joint,none,3,Infiltration,task5,detection_rate,0.9999658434948936
gnn_joint,none,3,Infiltration,task5,binary_f1,0.9999829214557752
gnn_joint,none,3,Infiltration,task5,category_recall,0.9999658434948936
gnn_joint,none,3,Infiltration,task6,n,25000.0
gnn_joint,none,3,Infiltration,task6,n_benign,2841.0
gnn_joint,none,3,Infiltration,task6,n_attack,22159.0
gnn_joint,none,3,Infiltration,task6,accuracy,0.99292
gnn_joint,none,3,Infiltration,task6,macro_f1,0.9828850274820626
gnn_joint,none,3,Infiltration,task6,fpr,0.0003519887363604
gnn_joint,none,3,Infiltration,task6,detection_rate,0.992057403312424
gnn_joint,none,3,Infiltration,task6,binary_f1,0.9959903042384975
gnn_joint,none,3,Infiltration,task6,category_recall,0.992057403312424
gnn_joint,none,3,Infiltration,seen,n,308702.0
gnn_joint,none,3,Infiltration,seen,n_benign,257358.0
gnn_joint,none,3,Infiltration,seen,n_attack,51344.0
gnn_joint,none,3,Infiltration,seen,accuracy,0.9958633245006512
gnn_joint,none,3,Infiltration,seen,macro_f1,0.9924881822153292
gnn_joint,none,3,Infiltration,seen,fpr,0.000711071736647
gnn_joint,none,3,Infiltration,seen,detection_rate,0.9786927391710812
gnn_joint,none,3,Infiltration,seen,binary_f1,0.9874529608850724
gnn_joint,none,3,Infiltration,all,n,416344.0
gnn_joint,none,3,Infiltration,all,n_benign,313491.0
gnn_joint,none,3,Infiltration,all,n_attack,102853.0
gnn_joint,none,3,Infiltration,all,accuracy,0.9963299579194128
gnn_joint,none,3,Infiltration,all,macro_f1,0.995048613359572
gnn_joint,none,3,Infiltration,all,fpr,0.0005869386999945
gnn_joint,none,3,Infiltration,all,detection_rate,0.9869328070158382
gnn_joint,none,3,Infiltration,all,binary_f1,0.9925297976983172
gnn_joint,none,4,Botnet,task0,n,138702.0
gnn_joint,none,4,Botnet,task0,n_benign,137422.0
gnn_joint,none,4,Botnet,task0,n_attack,1280.0
gnn_joint,none,4,Botnet,task0,accuracy,0.999992790298626
gnn_joint,none,4,Botnet,task0,macro_f1,0.999802944543727
gnn_joint,none,4,Botnet,task0,fpr,7.27685523424197e-06
gnn_joint,none,4,Botnet,task0,detection_rate,1.0
gnn_joint,none,4,Botnet,task0,binary_f1,0.9996095275283092
gnn_joint,none,4,Botnet,task0,category_recall,1.0
gnn_joint,none,4,Botnet,task1,n,100000.0
gnn_joint,none,4,Botnet,task1,n_benign,66394.0
gnn_joint,none,4,Botnet,task1,n_attack,33606.0
gnn_joint,none,4,Botnet,task1,accuracy,0.99788
gnn_joint,none,4,Botnet,task1,macro_f1,0.9976259251315664
gnn_joint,none,4,Botnet,task1,fpr,0.0021538090791336
gnn_joint,none,4,Botnet,task1,detection_rate,0.9979467952151402
gnn_joint,none,4,Botnet,task1,binary_f1,0.9968492702791072
gnn_joint,none,4,Botnet,task1,category_recall,0.9979467952151402
gnn_joint,none,4,Botnet,task2,n,25000.0
gnn_joint,none,4,Botnet,task2,n_benign,24976.0
gnn_joint,none,4,Botnet,task2,n_attack,24.0
gnn_joint,none,4,Botnet,task2,accuracy,0.99992
gnn_joint,none,4,Botnet,task2,macro_f1,0.979146647448217
gnn_joint,none,4,Botnet,task2,fpr,4.003843689942344e-05
gnn_joint,none,4,Botnet,task2,detection_rate,0.9583333333333334
gnn_joint,none,4,Botnet,task2,binary_f1,0.9583333333333334
gnn_joint,none,4,Botnet,task2,category_recall,0.9583333333333334
gnn_joint,none,4,Botnet,task3,n,45000.0
gnn_joint,none,4,Botnet,task3,n_benign,28566.0
gnn_joint,none,4,Botnet,task3,n_attack,16434.0
gnn_joint,none,4,Botnet,task3,accuracy,0.9764222222222222
gnn_joint,none,4,Botnet,task3,macro_f1,0.9742080052663316
gnn_joint,none,4,Botnet,task3,fpr,0.0001400266050549
gnn_joint,none,4,Botnet,task3,detection_rate,0.9356821224291104
gnn_joint,none,4,Botnet,task3,binary_f1,0.9666509508093668
gnn_joint,none,4,Botnet,task3,category_recall,0.9356821224291104
gnn_joint,none,4,Botnet,task4,n,27642.0
gnn_joint,none,4,Botnet,task4,n_benign,27569.0
gnn_joint,none,4,Botnet,task4,n_attack,73.0
gnn_joint,none,4,Botnet,task4,accuracy,0.999095579191086
gnn_joint,none,4,Botnet,task4,macro_f1,0.8964676137122095
gnn_joint,none,4,Botnet,task4,fpr,0.0
gnn_joint,none,4,Botnet,task4,detection_rate,0.6575342465753424
gnn_joint,none,4,Botnet,task4,binary_f1,0.7933884297520661
gnn_joint,none,4,Botnet,task4,category_recall,0.6575342465753424
gnn_joint,none,4,Botnet,task5,n,55000.0
gnn_joint,none,4,Botnet,task5,n_benign,25723.0
gnn_joint,none,4,Botnet,task5,n_attack,29277.0
gnn_joint,none,4,Botnet,task5,accuracy,0.9999818181818182
gnn_joint,none,4,Botnet,task5,macro_f1,0.9999817419882138
gnn_joint,none,4,Botnet,task5,fpr,0.0
gnn_joint,none,4,Botnet,task5,detection_rate,0.9999658434948936
gnn_joint,none,4,Botnet,task5,binary_f1,0.9999829214557752
gnn_joint,none,4,Botnet,task5,category_recall,0.9999658434948936
gnn_joint,none,4,Botnet,task6,n,25000.0
gnn_joint,none,4,Botnet,task6,n_benign,2841.0
gnn_joint,none,4,Botnet,task6,n_attack,22159.0
gnn_joint,none,4,Botnet,task6,accuracy,0.84192
gnn_joint,none,4,Botnet,task6,macro_f1,0.7459409985923794
gnn_joint,none,4,Botnet,task6,fpr,0.0
gnn_joint,none,4,Botnet,task6,detection_rate,0.8216526016516991
gnn_joint,none,4,Botnet,task6,binary_f1,0.9020958232175592
gnn_joint,none,4,Botnet,task6,category_recall,0.8216526016516991
gnn_joint,none,4,Botnet,seen,n,336344.0
gnn_joint,none,4,Botnet,seen,n_benign,284927.0
gnn_joint,none,4,Botnet,seen,n_attack,51417.0
gnn_joint,none,4,Botnet,seen,accuracy,0.9961319363508788
gnn_joint,none,4,Botnet,seen,macro_f1,0.9924724501225948
gnn_joint,none,4,Botnet,seen,fpr,0.0005229409638258
gnn_joint,none,4,Botnet,seen,detection_rate,0.9775949588657448
gnn_joint,none,4,Botnet,seen,binary_f1,0.9872239298445464
gnn_joint,none,4,Botnet,all,n,416344.0
gnn_joint,none,4,Botnet,all,n_benign,313491.0
gnn_joint,none,4,Botnet,all,n_attack,102853.0
gnn_joint,none,4,Botnet,all,accuracy,0.987380627557981
gnn_joint,none,4,Botnet,all,macro_f1,0.9827570188473216
gnn_joint,none,4,Botnet,all,fpr,0.000475292751626
gnn_joint,none,4,Botnet,all,detection_rate,0.9503660564106056
gnn_joint,none,4,Botnet,all,binary_f1,0.9738281444582816
gnn_joint,none,5,PortScan,task0,n,138702.0
gnn_joint,none,5,PortScan,task0,n_benign,137422.0
gnn_joint,none,5,PortScan,task0,n_attack,1280.0
gnn_joint,none,5,PortScan,task0,accuracy,0.9999855805972516
gnn_joint,none,5,PortScan,task0,macro_f1,0.9996060414834552
gnn_joint,none,5,PortScan,task0,fpr,1.455371046848394e-05
gnn_joint,none,5,PortScan,task0,detection_rate,1.0
gnn_joint,none,5,PortScan,task0,binary_f1,0.9992193598750976
gnn_joint,none,5,PortScan,task0,category_recall,1.0
gnn_joint,none,5,PortScan,task1,n,100000.0
gnn_joint,none,5,PortScan,task1,n_benign,66394.0
gnn_joint,none,5,PortScan,task1,n_attack,33606.0
gnn_joint,none,5,PortScan,task1,accuracy,0.99856
gnn_joint,none,5,PortScan,task1,macro_f1,0.9983882230473886
gnn_joint,none,5,PortScan,task1,fpr,0.0021538090791336
gnn_joint,none,5,PortScan,task1,detection_rate,0.999970243408915
gnn_joint,none,5,PortScan,task1,binary_f1,0.9978620423434392
gnn_joint,none,5,PortScan,task1,category_recall,0.999970243408915
gnn_joint,none,5,PortScan,task2,n,25000.0
gnn_joint,none,5,PortScan,task2,n_benign,24976.0
gnn_joint,none,5,PortScan,task2,n_attack,24.0
gnn_joint,none,5,PortScan,task2,accuracy,0.9998
gnn_joint,none,5,PortScan,task2,macro_f1,0.9509303411047896
gnn_joint,none,5,PortScan,task2,fpr,0.0001601537475976
gnn_joint,none,5,PortScan,task2,detection_rate,0.9583333333333334
gnn_joint,none,5,PortScan,task2,binary_f1,0.9019607843137256
gnn_joint,none,5,PortScan,task2,category_recall,0.9583333333333334
gnn_joint,none,5,PortScan,task3,n,45000.0
gnn_joint,none,5,PortScan,task3,n_benign,28566.0
gnn_joint,none,5,PortScan,task3,n_attack,16434.0
gnn_joint,none,5,PortScan,task3,accuracy,0.9992888888888888
gnn_joint,none,5,PortScan,task3,macro_f1,0.999233467653932
gnn_joint,none,5,PortScan,task3,fpr,0.0011202128404396
gnn_joint,none,5,PortScan,task3,detection_rate,1.0
gnn_joint,none,5,PortScan,task3,binary_f1,0.9990273556231004
gnn_joint,none,5,PortScan,task3,category_recall,1.0
gnn_joint,none,5,PortScan,task4,n,27642.0
gnn_joint,none,5,PortScan,task4,n_benign,27569.0
gnn_joint,none,5,PortScan,task4,n_attack,73.0
gnn_joint,none,5,PortScan,task4,accuracy,1.0
gnn_joint,none,5,PortScan,task4,macro_f1,1.0
gnn_joint,none,5,PortScan,task4,fpr,0.0
gnn_joint,none,5,PortScan,task4,detection_rate,1.0
gnn_joint,none,5,PortScan,task4,binary_f1,1.0
gnn_joint,none,5,PortScan,task4,category_recall,1.0
gnn_joint,none,5,PortScan,task5,n,55000.0
gnn_joint,none,5,PortScan,task5,n_benign,25723.0
gnn_joint,none,5,PortScan,task5,n_attack,29277.0
gnn_joint,none,5,PortScan,task5,accuracy,0.9999636363636364
gnn_joint,none,5,PortScan,task5,macro_f1,0.9999634838902762
gnn_joint,none,5,PortScan,task5,fpr,3.8875714341251024e-05
gnn_joint,none,5,PortScan,task5,detection_rate,0.9999658434948936
gnn_joint,none,5,PortScan,task5,binary_f1,0.9999658434948936
gnn_joint,none,5,PortScan,task5,category_recall,0.9999658434948936
gnn_joint,none,5,PortScan,task6,n,25000.0
gnn_joint,none,5,PortScan,task6,n_benign,2841.0
gnn_joint,none,5,PortScan,task6,n_attack,22159.0
gnn_joint,none,5,PortScan,task6,accuracy,0.99992
gnn_joint,none,5,PortScan,task6,macro_f1,0.9998013804850764
gnn_joint,none,5,PortScan,task6,fpr,0.0007039774727208
gnn_joint,none,5,PortScan,task6,detection_rate,1.0
gnn_joint,none,5,PortScan,task6,binary_f1,0.9999548736462094
gnn_joint,none,5,PortScan,task6,category_recall,1.0
gnn_joint,none,5,PortScan,seen,n,391344.0
gnn_joint,none,5,PortScan,seen,n_benign,310650.0
gnn_joint,none,5,PortScan,seen,n_attack,80694.0
gnn_joint,none,5,PortScan,seen,accuracy,0.999527270125516
gnn_joint,none,5,PortScan,seen,macro_f1,0.9992785578135364
gnn_joint,none,5,PortScan,seen,fpr,0.0005858683405762
gnn_joint,none,5,PortScan,seen,detection_rate,0.9999628225146852
gnn_joint,none,5,PortScan,seen,binary_f1,0.9988549641944208
gnn_joint,none,5,PortScan,all,n,416344.0
gnn_joint,none,5,PortScan,all,n_benign,313491.0
gnn_joint,none,5,PortScan,all,n_attack,102853.0
gnn_joint,none,5,PortScan,all,accuracy,0.999550852179928
gnn_joint,none,5,PortScan,all,macro_f1,0.9993966972419868
gnn_joint,none,5,PortScan,all,fpr,0.0005869386999945
gnn_joint,none,5,PortScan,all,detection_rate,0.9999708321585176
gnn_joint,none,5,PortScan,all,binary_f1,0.9990917347865576
gnn_joint,none,6,DDoS,task0,n,138702.0
gnn_joint,none,6,DDoS,task0,n_benign,137422.0
gnn_joint,none,6,DDoS,task0,n_attack,1280.0
gnn_joint,none,6,DDoS,task0,accuracy,0.999992790298626
gnn_joint,none,6,DDoS,task0,macro_f1,0.999802944543727
gnn_joint,none,6,DDoS,task0,fpr,7.27685523424197e-06
gnn_joint,none,6,DDoS,task0,detection_rate,1.0
gnn_joint,none,6,DDoS,task0,binary_f1,0.9996095275283092
gnn_joint,none,6,DDoS,task0,category_recall,1.0
gnn_joint,none,6,DDoS,task1,n,100000.0
gnn_joint,none,6,DDoS,task1,n_benign,66394.0
gnn_joint,none,6,DDoS,task1,n_attack,33606.0
gnn_joint,none,6,DDoS,task1,accuracy,0.99857
gnn_joint,none,6,DDoS,task1,macro_f1,0.9983994276398012
gnn_joint,none,6,DDoS,task1,fpr,0.0021538090791336
gnn_joint,none,6,DDoS,task1,detection_rate,1.0
gnn_joint,none,6,DDoS,task1,binary_f1,0.9978769207928142
gnn_joint,none,6,DDoS,task1,category_recall,1.0
gnn_joint,none,6,DDoS,task2,n,25000.0
gnn_joint,none,6,DDoS,task2,n_benign,24976.0
gnn_joint,none,6,DDoS,task2,n_attack,24.0
gnn_joint,none,6,DDoS,task2,accuracy,0.99988
gnn_joint,none,6,DDoS,task2,macro_f1,0.9693577256732006
gnn_joint,none,6,DDoS,task2,fpr,8.007687379884689e-05
gnn_joint,none,6,DDoS,task2,detection_rate,0.9583333333333334
gnn_joint,none,6,DDoS,task2,binary_f1,0.9387755102040816
gnn_joint,none,6,DDoS,task2,category_recall,0.9583333333333334
gnn_joint,none,6,DDoS,task3,n,45000.0
gnn_joint,none,6,DDoS,task3,n_benign,28566.0
gnn_joint,none,6,DDoS,task3,n_attack,16434.0
gnn_joint,none,6,DDoS,task3,accuracy,0.9994666666666666
gnn_joint,none,6,DDoS,task3,macro_f1,0.9994249969797966
gnn_joint,none,6,DDoS,task3,fpr,0.0007351396765385
gnn_joint,none,6,DDoS,task3,detection_rate,0.9998174516246804
gnn_joint,none,6,DDoS,task3,binary_f1,0.999270206166758
gnn_joint,none,6,DDoS,task3,category_recall,0.9998174516246804
gnn_joint,none,6,DDoS,task4,n,27642.0
gnn_joint,none,6,DDoS,task4,n_benign,27569.0
gnn_joint,none,6,DDoS,task4,n_attack,73.0
gnn_joint,none,6,DDoS,task4,accuracy,0.9999638231676434
gnn_joint,none,6,DDoS,task4,macro_f1,0.9965426561461284
gnn_joint,none,6,DDoS,task4,fpr,0.0
gnn_joint,none,6,DDoS,task4,detection_rate,0.9863013698630136
gnn_joint,none,6,DDoS,task4,binary_f1,0.993103448275862
gnn_joint,none,6,DDoS,task4,category_recall,0.9863013698630136
gnn_joint,none,6,DDoS,task5,n,55000.0
gnn_joint,none,6,DDoS,task5,n_benign,25723.0
gnn_joint,none,6,DDoS,task5,n_attack,29277.0
gnn_joint,none,6,DDoS,task5,accuracy,0.9999636363636364
gnn_joint,none,6,DDoS,task5,macro_f1,0.9999634838902762
gnn_joint,none,6,DDoS,task5,fpr,3.8875714341251024e-05
gnn_joint,none,6,DDoS,task5,detection_rate,0.9999658434948936
gnn_joint,none,6,DDoS,task5,binary_f1,0.9999658434948936
gnn_joint,none,6,DDoS,task5,category_recall,0.9999658434948936
gnn_joint,none,6,DDoS,task6,n,25000.0
gnn_joint,none,6,DDoS,task6,n_benign,2841.0
gnn_joint,none,6,DDoS,task6,n_attack,22159.0
gnn_joint,none,6,DDoS,task6,accuracy,0.99996
gnn_joint,none,6,DDoS,task6,macro_f1,0.9999007054831732
gnn_joint,none,6,DDoS,task6,fpr,0.0003519887363604
gnn_joint,none,6,DDoS,task6,detection_rate,1.0
gnn_joint,none,6,DDoS,task6,binary_f1,0.9999774363139964
gnn_joint,none,6,DDoS,task6,category_recall,1.0
gnn_joint,none,6,DDoS,seen,n,416344.0
gnn_joint,none,6,DDoS,seen,n_benign,313491.0
gnn_joint,none,6,DDoS,seen,n_attack,102853.0
gnn_joint,none,6,DDoS,seen,accuracy,0.9995796744999328
gnn_joint,none,6,DDoS,seen,macro_f1,0.999435378707508
gnn_joint,none,6,DDoS,seen,fpr,0.000539090436408
gnn_joint,none,6,DDoS,seen,detection_rate,0.999941664317035
gnn_joint,none,6,DDoS,seen,binary_f1,0.9991499448678528
gnn_joint,none,6,DDoS,all,n,416344.0
gnn_joint,none,6,DDoS,all,n_benign,313491.0
gnn_joint,none,6,DDoS,all,n_attack,102853.0
gnn_joint,none,6,DDoS,all,accuracy,0.9995796744999328
gnn_joint,none,6,DDoS,all,macro_f1,0.999435378707508
gnn_joint,none,6,DDoS,all,fpr,0.000539090436408
gnn_joint,none,6,DDoS,all,detection_rate,0.999941664317035
gnn_joint,none,6,DDoS,all,binary_f1,0.9991499448678528
ffnn_joint,none,0,BruteForce,task0,n,138702.0
ffnn_joint,none,0,BruteForce,task0,n_benign,137422.0
ffnn_joint,none,0,BruteForce,task0,n_attack,1280.0
ffnn_joint,none,0,BruteForce,task0,accuracy,0.999992790298626
ffnn_joint,none,0,BruteForce,task0,macro_f1,0.999802944543727
ffnn_joint,none,0,BruteForce,task0,fpr,7.27685523424197e-06
ffnn_joint,none,0,BruteForce,task0,detection_rate,1.0
ffnn_joint,none,0,BruteForce,task0,binary_f1,0.9996095275283092
ffnn_joint,none,0,BruteForce,task0,category_recall,1.0
ffnn_joint,none,0,BruteForce,task1,n,100000.0
ffnn_joint,none,0,BruteForce,task1,n_benign,66394.0
ffnn_joint,none,0,BruteForce,task1,n_attack,33606.0
ffnn_joint,none,0,BruteForce,task1,accuracy,0.66394
ffnn_joint,none,0,BruteForce,task1,macro_f1,0.3990167914708463
ffnn_joint,none,0,BruteForce,task1,fpr,0.0
ffnn_joint,none,0,BruteForce,task1,detection_rate,0.0
ffnn_joint,none,0,BruteForce,task1,binary_f1,0.0
ffnn_joint,none,0,BruteForce,task1,category_recall,0.0
ffnn_joint,none,0,BruteForce,task2,n,25000.0
ffnn_joint,none,0,BruteForce,task2,n_benign,24976.0
ffnn_joint,none,0,BruteForce,task2,n_attack,24.0
ffnn_joint,none,0,BruteForce,task2,accuracy,0.99904
ffnn_joint,none,0,BruteForce,task2,macro_f1,0.4997598847446774
ffnn_joint,none,0,BruteForce,task2,fpr,0.0
ffnn_joint,none,0,BruteForce,task2,detection_rate,0.0
ffnn_joint,none,0,BruteForce,task2,binary_f1,0.0
ffnn_joint,none,0,BruteForce,task2,category_recall,0.0
ffnn_joint,none,0,BruteForce,task3,n,45000.0
ffnn_joint,none,0,BruteForce,task3,n_benign,28566.0
ffnn_joint,none,0,BruteForce,task3,n_attack,16434.0
ffnn_joint,none,0,BruteForce,task3,accuracy,0.6349333333333333
ffnn_joint,none,0,BruteForce,task3,macro_f1,0.3887010157059334
ffnn_joint,none,0,BruteForce,task3,fpr,0.0
ffnn_joint,none,0,BruteForce,task3,detection_rate,0.0003650967506389
ffnn_joint,none,0,BruteForce,task3,binary_f1,0.0007299270072992
ffnn_joint,none,0,BruteForce,task3,category_recall,0.0003650967506389
ffnn_joint,none,0,BruteForce,task4,n,27642.0
ffnn_joint,none,0,BruteForce,task4,n_benign,27569.0
ffnn_joint,none,0,BruteForce,task4,n_attack,73.0
ffnn_joint,none,0,BruteForce,task4,accuracy,0.9973590912379712
ffnn_joint,none,0,BruteForce,task4,macro_f1,0.4993388998569126
ffnn_joint,none,0,BruteForce,task4,fpr,0.0
ffnn_joint,none,0,BruteForce,task4,detection_rate,0.0
ffnn_joint,none,0,BruteForce,task4,binary_f1,0.0
ffnn_joint,none,0,BruteForce,task4,category_recall,0.0
ffnn_joint,none,0,BruteForce,task5,n,55000.0
ffnn_joint,none,0,BruteForce,task5,n_benign,25723.0
ffnn_joint,none,0,BruteForce,task5,n_attack,29277.0
ffnn_joint,none,0,BruteForce,task5,accuracy,0.4676909090909091
ffnn_joint,none,0,BruteForce,task5,macro_f1,0.3186576316539276
ffnn_joint,none,0,BruteForce,task5,fpr,0.0
ffnn_joint,none,0,BruteForce,task5,detection_rate,0.0
ffnn_joint,none,0,BruteForce,task5,binary_f1,0.0
ffnn_joint,none,0,BruteForce,task5,category_recall,0.0
ffnn_joint,none,0,BruteForce,task6,n,25000.0
ffnn_joint,none,0,BruteForce,task6,n_benign,2841.0
ffnn_joint,none,0,BruteForce,task6,n_attack,22159.0
ffnn_joint,none,0,BruteForce,task6,accuracy,0.11364
ffnn_joint,none,0,BruteForce,task6,macro_f1,0.1020437484285765
ffnn_joint,none,0,BruteForce,task6,fpr,0.0
ffnn_joint,none,0,BruteForce,task6,detection_rate,0.0
ffnn_joint,none,0,BruteForce,task6,binary_f1,0.0
ffnn_joint,none,0,BruteForce,task6,category_recall,0.0
ffnn_joint,none,0,BruteForce,seen,n,138702.0
ffnn_joint,none,0,BruteForce,seen,n_benign,137422.0
ffnn_joint,none,0,BruteForce,seen,n_attack,1280.0
ffnn_joint,none,0,BruteForce,seen,accuracy,0.999992790298626
ffnn_joint,none,0,BruteForce,seen,macro_f1,0.999802944543727
ffnn_joint,none,0,BruteForce,seen,fpr,7.27685523424197e-06
ffnn_joint,none,0,BruteForce,seen,detection_rate,1.0
ffnn_joint,none,0,BruteForce,seen,binary_f1,0.9996095275283092
ffnn_joint,none,0,BruteForce,all,n,416344.0
ffnn_joint,none,0,BruteForce,all,n_benign,313491.0
ffnn_joint,none,0,BruteForce,all,n_attack,102853.0
ffnn_joint,none,0,BruteForce,all,accuracy,0.7560478834809676
ffnn_joint,none,0,BruteForce,all,macro_f1,0.4426429903522154
ffnn_joint,none,0,BruteForce,all,fpr,3.189884239100963e-06
ffnn_joint,none,0,BruteForce,all,detection_rate,0.0125032813821667
ffnn_joint,none,0,BruteForce,all,binary_f1,0.0246975225657768
ffnn_joint,none,1,DoS,task0,n,138702.0
ffnn_joint,none,1,DoS,task0,n_benign,137422.0
ffnn_joint,none,1,DoS,task0,n_attack,1280.0
ffnn_joint,none,1,DoS,task0,accuracy,0.9999783708958776
ffnn_joint,none,1,DoS,task0,macro_f1,0.999409290640789
ffnn_joint,none,1,DoS,task0,fpr,2.183056570272591e-05
ffnn_joint,none,1,DoS,task0,detection_rate,1.0
ffnn_joint,none,1,DoS,task0,binary_f1,0.998829496683574
ffnn_joint,none,1,DoS,task0,category_recall,1.0
ffnn_joint,none,1,DoS,task1,n,100000.0
ffnn_joint,none,1,DoS,task1,n_benign,66394.0
ffnn_joint,none,1,DoS,task1,n_attack,33606.0
ffnn_joint,none,1,DoS,task1,accuracy,0.99984
ffnn_joint,none,1,DoS,task1,macro_f1,0.9998207087811374
ffnn_joint,none,1,DoS,task1,fpr,1.5061601951983614e-05
ffnn_joint,none,1,DoS,task1,detection_rate,0.999553651133726
ffnn_joint,none,1,DoS,task1,binary_f1,0.999761897675526
ffnn_joint,none,1,DoS,task1,category_recall,0.999553651133726
ffnn_joint,none,1,DoS,task2,n,25000.0
ffnn_joint,none,1,DoS,task2,n_benign,24976.0
ffnn_joint,none,1,DoS,task2,n_attack,24.0
ffnn_joint,none,1,DoS,task2,accuracy,0.999
ffnn_joint,none,1,DoS,task2,macro_f1,0.4997498749374687
ffnn_joint,none,1,DoS,task2,fpr,4.003843689942344e-05
ffnn_joint,none,1,DoS,task2,detection_rate,0.0
ffnn_joint,none,1,DoS,task2,binary_f1,0.0
ffnn_joint,none,1,DoS,task2,category_recall,0.0
ffnn_joint,none,1,DoS,task3,n,45000.0
ffnn_joint,none,1,DoS,task3,n_benign,28566.0
ffnn_joint,none,1,DoS,task3,n_attack,16434.0
ffnn_joint,none,1,DoS,task3,accuracy,0.6348444444444444
ffnn_joint,none,1,DoS,task3,macro_f1,0.3884366207618535
ffnn_joint,none,1,DoS,task3,fpr,0.0
ffnn_joint,none,1,DoS,task3,detection_rate,0.0001216989168796
ffnn_joint,none,1,DoS,task3,binary_f1,0.0002433682161109
ffnn_joint,none,1,DoS,task3,category_recall,0.0001216989168796
ffnn_joint,none,1,DoS,task4,n,27642.0
ffnn_joint,none,1,DoS,task4,n_benign,27569.0
ffnn_joint,none,1,DoS,task4,n_attack,73.0
ffnn_joint,none,1,DoS,task4,accuracy,0.9973229144056146
ffnn_joint,none,1,DoS,task4,macro_f1,0.499329831552255
ffnn_joint,none,1,DoS,task4,fpr,3.627262504987486e-05
ffnn_joint,none,1,DoS,task4,detection_rate,0.0
ffnn_joint,none,1,DoS,task4,binary_f1,0.0
ffnn_joint,none,1,DoS,task4,category_recall,0.0
ffnn_joint,none,1,DoS,task5,n,55000.0
ffnn_joint,none,1,DoS,task5,n_benign,25723.0
ffnn_joint,none,1,DoS,task5,n_attack,29277.0
ffnn_joint,none,1,DoS,task5,accuracy,0.4677636363636364
ffnn_joint,none,1,DoS,task5,macro_f1,0.3188396772501058
ffnn_joint,none,1,DoS,task5,fpr,3.8875714341251024e-05
ffnn_joint,none,1,DoS,task5,detection_rate,0.0001707825255319
ffnn_joint,none,1,DoS,task5,binary_f1,0.0003414950653963
ffnn_joint,none,1,DoS,task5,category_recall,0.0001707825255319
ffnn_joint,none,1,DoS,task6,n,25000.0
ffnn_joint,none,1,DoS,task6,n_benign,2841.0
ffnn_joint,none,1,DoS,task6,n_attack,22159.0
ffnn_joint,none,1,DoS,task6,accuracy,0.83892
ffnn_joint,none,1,DoS,task6,macro_f1,0.74264115980283
ffnn_joint,none,1,DoS,task6,fpr,0.0
ffnn_joint,none,1,DoS,task6,detection_rate,0.8182679723814251
ffnn_joint,none,1,DoS,task6,binary_f1,0.900052120821027
ffnn_joint,none,1,DoS,task6,category_recall,0.8182679723814251
ffnn_joint,none,1,DoS,seen,n,238702.0
ffnn_joint,none,1,DoS,seen,n_benign,203816.0
ffnn_joint,none,1,DoS,seen,n_attack,34886.0
ffnn_joint,none,1,DoS,seen,accuracy,0.9999204028453887
ffnn_joint,none,1,DoS,seen,macro_f1,0.9998405160541076
ffnn_joint,none,1,DoS,seen,fpr,1.9625544608862896e-05
ffnn_joint,none,1,DoS,seen,detection_rate,0.999570028091498
ffnn_joint,none,1,DoS,seen,binary_f1,0.9997276415189004
ffnn_joint,none,1,DoS,all,n,416344.0
ffnn_joint,none,1,DoS,all,n_benign,313491.0
ffnn_joint,none,1,DoS,all,n_attack,102853.0
ffnn_joint,none,1,DoS,all,accuracy,0.8802672789808428
ffnn_joint,none,1,DoS,all,macro_f1,0.8032643623174228
ffnn_joint,none,1,DoS,all,fpr,2.2329189673706743e-05
ffnn_joint,none,1,DoS,all,detection_rate,0.5153957589958484
ffnn_joint,none,1,DoS,all,binary_f1,0.6801822031179829
ffnn_joint,none,2,WebAttack,task0,n,138702.0
ffnn_joint,none,2,WebAttack,task0,n_benign,137422.0
ffnn_joint,none,2,WebAttack,task0,n_attack,1280.0
ffnn_joint,none,2,WebAttack,task0,accuracy,0.9999855805972516
ffnn_joint,none,2,WebAttack,task0,macro_f1,0.9996060414834552
ffnn_joint,none,2,WebAttack,task0,fpr,1.455371046848394e-05
ffnn_joint,none,2,WebAttack,task0,detection_rate,1.0
ffnn_joint,none,2,WebAttack,task0,binary_f1,0.9992193598750976
ffnn_joint,none,2,WebAttack,task0,category_recall,1.0
ffnn_joint,none,2,WebAttack,task1,n,100000.0
ffnn_joint,none,2,WebAttack,task1,n_benign,66394.0
ffnn_joint,none,2,WebAttack,task1,n_attack,33606.0
ffnn_joint,none,2,WebAttack,task1,accuracy,0.99986
ffnn_joint,none,2,WebAttack,task1,macro_f1,0.9998431201834952
ffnn_joint,none,2,WebAttack,task1,fpr,0.0
ffnn_joint,none,2,WebAttack,task1,detection_rate,0.999583407724811
ffnn_joint,none,2,WebAttack,task1,binary_f1,0.9997916604660853
ffnn_joint,none,2,WebAttack,task1,category_recall,0.999583407724811
ffnn_joint,none,2,WebAttack,task2,n,25000.0
ffnn_joint,none,2,WebAttack,task2,n_benign,24976.0
ffnn_joint,none,2,WebAttack,task2,n_attack,24.0
ffnn_joint,none,2,WebAttack,task2,accuracy,0.99988
ffnn_joint,none,2,WebAttack,task2,macro_f1,0.968055078156446
ffnn_joint,none,2,WebAttack,task2,fpr,4.003843689942344e-05
ffnn_joint,none,2,WebAttack,task2,detection_rate,0.9166666666666666
ffnn_joint,none,2,WebAttack,task2,binary_f1,0.9361702127659576
ffnn_joint,none,2,WebAttack,task2,category_recall,0.9166666666666666
ffnn_joint,none,2,WebAttack,task3,n,45000.0
ffnn_joint,none,2,WebAttack,task3,n_benign,28566.0
ffnn_joint,none,2,WebAttack,task3,n_attack,16434.0
ffnn_joint,none,2,WebAttack,task3,accuracy,0.6348222222222222
ffnn_joint,none,2,WebAttack,task3,macro_f1,0.3883705038814757
ffnn_joint,none,2,WebAttack,task3,fpr,0.0
ffnn_joint,none,2,WebAttack,task3,detection_rate,6.0849458439819885e-05
ffnn_joint,none,2,WebAttack,task3,binary_f1,0.000121691512017
ffnn_joint,none,2,WebAttack,task3,category_recall,6.0849458439819885e-05
ffnn_joint,none,2,WebAttack,task4,n,27642.0
ffnn_joint,none,2,WebAttack,task4,n_benign,27569.0
ffnn_joint,none,2,WebAttack,task4,n_attack,73.0
ffnn_joint,none,2,WebAttack,task4,accuracy,0.9973590912379712
ffnn_joint,none,2,WebAttack,task4,macro_f1,0.4993388998569126
ffnn_joint,none,2,WebAttack,task4,fpr,0.0
ffnn_joint,none,2,WebAttack,task4,detection_rate,0.0
ffnn_joint,none,2,WebAttack,task4,binary_f1,0.0
ffnn_joint,none,2,WebAttack,task4,category_recall,0.0
ffnn_joint,none,2,WebAttack,task5,n,55000.0
ffnn_joint,none,2,WebAttack,task5,n_benign,25723.0
ffnn_joint,none,2,WebAttack,task5,n_attack,29277.0
ffnn_joint,none,2,WebAttack,task5,accuracy,0.4677818181818182
ffnn_joint,none,2,WebAttack,task5,macro_f1,0.3188481239627163
ffnn_joint,none,2,WebAttack,task5,fpr,0.0
ffnn_joint,none,2,WebAttack,task5,detection_rate,0.0001707825255319
ffnn_joint,none,2,WebAttack,task5,binary_f1,0.0003415067276825
ffnn_joint,none,2,WebAttack,task5,category_recall,0.0001707825255319
ffnn_joint,none,2,WebAttack,task6,n,25000.0
ffnn_joint,none,2,WebAttack,task6,n_benign,2841.0
ffnn_joint,none,2,WebAttack,task6,n_attack,22159.0
ffnn_joint,none,2,WebAttack,task6,accuracy,0.86328
ffnn_joint,none,2,WebAttack,task6,macro_f1,0.7704129611220076
ffnn_joint,none,2,WebAttack,task6,fpr,0.0
ffnn_joint,none,2,WebAttack,task6,detection_rate,0.8457511620560495
ffnn_joint,none,2,WebAttack,task6,binary_f1,0.9164303178484108
ffnn_joint,none,2,WebAttack,task6,category_recall,0.8457511620560495
ffnn_joint,none,2,WebAttack,seen,n,263702.0
ffnn_joint,none,2,WebAttack,seen,n_benign,228792.0
ffnn_joint,none,2,WebAttack,seen,n_attack,34910.0
ffnn_joint,none,2,WebAttack,seen,accuracy,0.999927948972704
ffnn_joint,none,2,WebAttack,seen,macro_f1,0.999843149870466
ffnn_joint,none,2,WebAttack,seen,fpr,1.311234658554495e-05
ffnn_joint,none,2,WebAttack,seen,detection_rate,0.9995416786021196
ffnn_joint,none,2,WebAttack,seen,binary_f1,0.999727820992164
ffnn_joint,none,2,WebAttack,all,n,416344.0
ffnn_joint,none,2,WebAttack,all,n_benign,313491.0
ffnn_joint,none,2,WebAttack,all,n_attack,102853.0
ffnn_joint,none,2,WebAttack,all,accuracy,0.8817924600810868
ffnn_joint,none,2,WebAttack,all,macro_f1,0.8063692190513122
ffnn_joint,none,2,WebAttack,all,fpr,9.569652717302888e-06
ffnn_joint,none,2,WebAttack,all,detection_rate,0.5215307283210018
ffnn_joint,none,2,WebAttack,all,binary_f1,0.6855211282005406
ffnn_joint,none,3,Infiltration,task0,n,138702.0
ffnn_joint,none,3,Infiltration,task0,n_benign,137422.0
ffnn_joint,none,3,Infiltration,task0,n_attack,1280.0
ffnn_joint,none,3,Infiltration,task0,accuracy,0.9997837089587748
ffnn_joint,none,3,Infiltration,task0,macro_f1,0.9941539118364172
ffnn_joint,none,3,Infiltration,task0,fpr,0.0002183056570272
ffnn_joint,none,3,Infiltration,task0,detection_rate,1.0
ffnn_joint,none,3,Infiltration,task0,binary_f1,0.9884169884169884
ffnn_joint,none,3,Infiltration,task0,category_recall,1.0
ffnn_joint,none,3,Infiltration,task1,n,100000.0
ffnn_joint,none,3,Infiltration,task1,n_benign,66394.0
ffnn_joint,none,3,Infiltration,task1,n_attack,33606.0
ffnn_joint,none,3,Infiltration,task1,accuracy,0.99981
ffnn_joint,none,3,Infiltration,task1,macro_f1,0.999787127657848
ffnn_joint,none,3,Infiltration,task1,fpr,0.0002108624273277
ffnn_joint,none,3,Infiltration,task1,detection_rate,0.9998512170445754
ffnn_joint,none,3,Infiltration,task1,binary_f1,0.9997173502328142
ffnn_joint,none,3,Infiltration,task1,category_recall,0.9998512170445754
ffnn_joint,none,3,Infiltration,task2,n,25000.0
ffnn_joint,none,3,Infiltration,task2,n_benign,24976.0
ffnn_joint,none,3,Infiltration,task2,n_attack,24.0
ffnn_joint,none,3,Infiltration,task2,accuracy,0.99956
ffnn_joint,none,3,Infiltration,task2,macro_f1,0.8998898788667535
ffnn_joint,none,3,Infiltration,task2,fpr,0.0003603459320948
ffnn_joint,none,3,Infiltration,task2,detection_rate,0.9166666666666666
ffnn_joint,none,3,Infiltration,task2,binary_f1,0.8
ffnn_joint,none,3,Infiltration,task2,category_recall,0.9166666666666666
ffnn_joint,none,3,Infiltration,task3,n,45000.0
ffnn_joint,none,3,Infiltration,task3,n_benign,28566.0
ffnn_joint,none,3,Infiltration,task3,n_attack,16434.0
ffnn_joint,none,3,Infiltration,task3,accuracy,0.9982666666666666
ffnn_joint,none,3,Infiltration,task3,macro_f1,0.9981317698751646
ffnn_joint,none,3,Infiltration,task3,fpr,0.0020653924245606
ffnn_joint,none,3,Infiltration,task3,detection_rate,0.9988438602896434
ffnn_joint,none,3,Infiltration,task3,binary_f1,0.9976297556825088
ffnn_joint,none,3,Infiltration,task3,category_recall,0.9988438602896434
ffnn_joint,none,3,Infiltration,task4,n,27642.0
ffnn_joint,none,3,Infiltration,task4,n_benign,27569.0
ffnn_joint,none,3,Infiltration,task4,n_attack,73.0
ffnn_joint,none,3,Infiltration,task4,accuracy,0.991462267563852
ffnn_joint,none,3,Infiltration,task4,macro_f1,0.4978564162185729
ffnn_joint,none,3,Infiltration,task4,fpr,0.0059124378831296
ffnn_joint,none,3,Infiltration,task4,detection_rate,0.0
ffnn_joint,none,3,Infiltration,task4,binary_f1,0.0
ffnn_joint,none,3,Infiltration,task4,category_recall,0.0
ffnn_joint,none,3,Infiltration,task5,n,55000.0
ffnn_joint,none,3,Infiltration,task5,n_benign,25723.0
ffnn_joint,none,3,Infiltration,task5,n_attack,29277.0
ffnn_joint,none,3,Infiltration,task5,accuracy,0.9879272727272728
ffnn_joint,none,3,Infiltration,task5,macro_f1,0.9878679491402264
ffnn_joint,none,3,Infiltration,task5,fpr,0.0185825914551179
ffnn_joint,none,3,Infiltration,task5,detection_rate,0.99364689005021
ffnn_joint,none,3,Infiltration,task5,binary_f1,0.9887163103694389
ffnn_joint,none,3,Infiltration,task5,category_recall,0.99364689005021
ffnn_joint,none,3,Infiltration,task6,n,25000.0
ffnn_joint,none,3,Infiltration,task6,n_benign,2841.0
ffnn_joint,none,3,Infiltration,task6,n_attack,22159.0
ffnn_joint,none,3,Infiltration,task6,accuracy,0.915
ffnn_joint,none,3,Infiltration,task6,macro_f1,0.8371541566190781
ffnn_joint,none,3,Infiltration,task6,fpr,0.01619148187258
ffnn_joint,none,3,Infiltration,task6,detection_rate,0.9061780766280066
ffnn_joint,none,3,Infiltration,task6,binary_f1,0.9497457727326476
ffnn_joint,none,3,Infiltration,task6,category_recall,0.9061780766280066
ffnn_joint,none,3,Infiltration,seen,n,308702.0
ffnn_joint,none,3,Infiltration,seen,n_benign,257358.0
ffnn_joint,none,3,Infiltration,seen,n_attack,51344.0
ffnn_joint,none,3,Infiltration,seen,accuracy,0.9995529669389897
ffnn_joint,none,3,Infiltration,seen,macro_f1,0.9991945470614187
ffnn_joint,none,3,Infiltration,seen,fpr,0.0004351914453795
ffnn_joint,none,3,Infiltration,seen,detection_rate,0.9994936117170458
ffnn_joint,none,3,Infiltration,seen,binary_f1,0.9986572479420864
ffnn_joint,none,3,Infiltration,all,n,416344.0
ffnn_joint,none,3,Infiltration,all,n_benign,313491.0
ffnn_joint,none,3,Infiltration,all,n_attack,102853.0
ffnn_joint,none,3,Infiltration,all,accuracy,0.9924029168187845
ffnn_joint,none,3,Infiltration,all,macro_f1,0.9897367831174686
ffnn_joint,none,3,Infiltration,all,fpr,0.0025487175070416
ffnn_joint,none,3,Infiltration,all,detection_rate,0.9770157409117868
ffnn_joint,none,3,Infiltration,all,binary_f1,0.9845058072606678
ffnn_joint,none,4,Botnet,task0,n,138702.0
ffnn_joint,none,4,Botnet,task0,n_benign,137422.0
ffnn_joint,none,4,Botnet,task0,n_attack,1280.0
ffnn_joint,none,4,Botnet,task0,accuracy,0.9999351126876324
ffnn_joint,none,4,Botnet,task0,macro_f1,0.99823197219935
ffnn_joint,none,4,Botnet,task0,fpr,6.549169710817773e-05
ffnn_joint,none,4,Botnet,task0,detection_rate,1.0
ffnn_joint,none,4,Botnet,task0,binary_f1,0.9964966913195796
ffnn_joint,none,4,Botnet,task0,category_recall,1.0
ffnn_joint,none,4,Botnet,task1,n,100000.0
ffnn_joint,none,4,Botnet,task1,n_benign,66394.0
ffnn_joint,none,4,Botnet,task1,n_attack,33606.0
ffnn_joint,none,4,Botnet,task1,accuracy,0.99976
ffnn_joint,none,4,Botnet,task1,macro_f1,0.999731063171706
ffnn_joint,none,4,Botnet,task1,fpr,7.530800975991807e-05
ffnn_joint,none,4,Botnet,task1,detection_rate,0.9994346247693864
ffnn_joint,none,4,Botnet,task1,binary_f1,0.999642846513289
ffnn_joint,none,4,Botnet,task1,category_recall,0.9994346247693864
ffnn_joint,none,4,Botnet,task2,n,25000.0
ffnn_joint,none,4,Botnet,task2,n_benign,24976.0
ffnn_joint,none,4,Botnet,task2,n_attack,24.0
ffnn_joint,none,4,Botnet,task2,accuracy,0.99976
ffnn_joint,none,4,Botnet,task2,macro_f1,0.93993993993994
ffnn_joint,none,4,Botnet,task2,fpr,0.0001601537475976
ffnn_joint,none,4,Botnet,task2,detection_rate,0.9166666666666666
ffnn_joint,none,4,Botnet,task2,binary_f1,0.88
ffnn_joint,none,4,Botnet,task2,category_recall,0.9166666666666666
ffnn_joint,none,4,Botnet,task3,n,45000.0
ffnn_joint,none,4,Botnet,task3,n_benign,28566.0
ffnn_joint,none,4,Botnet,task3,n_attack,16434.0
ffnn_joint,none,4,Botnet,task3,accuracy,0.9982444444444444
ffnn_joint,none,4,Botnet,task3,macro_f1,0.9981076476469236
ffnn_joint,none,4,Botnet,task3,fpr,0.0019603724707694
ffnn_joint,none,4,Botnet,task3,detection_rate,0.9986004624558842
ffnn_joint,none,4,Botnet,task3,binary_f1,0.9975988571775932
ffnn_joint,none,4,Botnet,task3,category_recall,0.9986004624558842
ffnn_joint,none,4,Botnet,task4,n,27642.0
ffnn_joint,none,4,Botnet,task4,n_benign,27569.0
ffnn_joint,none,4,Botnet,task4,n_attack,73.0
ffnn_joint,none,4,Botnet,task4,accuracy,0.9999276463352867
ffnn_joint,none,4,Botnet,task4,macro_f1,0.9932251062728428
ffnn_joint,none,4,Botnet,task4,fpr,7.254525009974973e-05
ffnn_joint,none,4,Botnet,task4,detection_rate,1.0
ffnn_joint,none,4,Botnet,task4,binary_f1,0.9864864864864864
ffnn_joint,none,4,Botnet,task4,category_recall,1.0
ffnn_joint,none,4,Botnet,task5,n,55000.0
ffnn_joint,none,4,Botnet,task5,n_benign,25723.0
ffnn_joint,none,4,Botnet,task5,n_attack,29277.0
ffnn_joint,none,4,Botnet,task5,accuracy,0.9907454545454546
ffnn_joint,none,4,Botnet,task5,macro_f1,0.9907132467928615
ffnn_joint,none,4,Botnet,task5,fpr,0.0037709442911013
ffnn_joint,none,4,Botnet,task5,detection_rate,0.9859275198961642
ffnn_joint,none,4,Botnet,task5,binary_f1,0.991260152131733
ffnn_joint,none,4,Botnet,task5,category_recall,0.9859275198961642
ffnn_joint,none,4,Botnet,task6,n,25000.0
ffnn_joint,none,4,Botnet,task6,n_benign,2841.0
ffnn_joint,none,4,Botnet,task6,n_attack,22159.0
ffnn_joint,none,4,Botnet,task6,accuracy,0.99988
ffnn_joint,none,4,Botnet,task6,macro_f1,0.9997020249893048
ffnn_joint,none,4,Botnet,task6,fpr,0.0010559662090813
ffnn_joint,none,4,Botnet,task6,detection_rate,1.0
ffnn_joint,none,4,Botnet,task6,binary_f1,0.9999323119965704
ffnn_joint,none,4,Botnet,task6,category_recall,1.0
ffnn_joint,none,4,Botnet,seen,n,336344.0
ffnn_joint,none,4,Botnet,seen,n_benign,284927.0
ffnn_joint,none,4,Botnet,seen,n_attack,51417.0
ffnn_joint,none,4,Botnet,seen,accuracy,0.9996432224151464
ffnn_joint,none,4,Botnet,seen,macro_f1,0.999311420854007
ffnn_joint,none,4,Botnet,seen,fpr,0.0002667349882601
ffnn_joint,none,4,Botnet,seen,detection_rate,0.9991442519011222
ffnn_joint,none,4,Botnet,seen,binary_f1,0.998833433787646
ffnn_joint,none,4,Botnet,all,n,416344.0
ffnn_joint,none,4,Botnet,all,n_benign,313491.0
ffnn_joint,none,4,Botnet,all,n_attack,102853.0
ffnn_joint,none,4,Botnet,all,accuracy,0.9984820244797572
ffnn_joint,none,4,Botnet,all,macro_f1,0.9979579564476032
ffnn_joint,none,4,Botnet,all,fpr,0.0005614196260817
ffnn_joint,none,4,Botnet,all,detection_rate,0.9955664880946594
ffnn_joint,none,4,Botnet,all,binary_f1,0.9969234663577152
ffnn_joint,none,5,PortScan,task0,n,138702.0
ffnn_joint,none,5,PortScan,task0,n_benign,137422.0
ffnn_joint,none,5,PortScan,task0,n_attack,1280.0
ffnn_joint,none,5,PortScan,task0,accuracy,0.9998630156738908
ffnn_joint,none,5,PortScan,task0,macro_f1,0.9962818342540728
ffnn_joint,none,5,PortScan,task0,fpr,0.0001382602494505
ffnn_joint,none,5,PortScan,task0,detection_rate,1.0
ffnn_joint,none,5,PortScan,task0,binary_f1,0.9926328034121752
ffnn_joint,none,5,PortScan,task0,category_recall,1.0
ffnn_joint,none,5,PortScan,task1,n,100000.0
ffnn_joint,none,5,PortScan,task1,n_benign,66394.0
ffnn_joint,none,5,PortScan,task1,n_attack,33606.0
ffnn_joint,none,5,PortScan,task1,accuracy,0.99971
ffnn_joint,none,5,PortScan,task1,macro_f1,0.9996750322768112
ffnn_joint,none,5,PortScan,task1,fpr,0.0001054312136638
ffnn_joint,none,5,PortScan,task1,detection_rate,0.9993453549961316
ffnn_joint,none,5,PortScan,task1,binary_f1,0.9995684331145736
ffnn_joint,none,5,PortScan,task1,category_recall,0.9993453549961316
ffnn_joint,none,5,PortScan,task2,n,25000.0
ffnn_joint,none,5,PortScan,task2,n_benign,24976.0
ffnn_joint,none,5,PortScan,task2,n_attack,24.0
ffnn_joint,none,5,PortScan,task2,accuracy,0.99972
ffnn_joint,none,5,PortScan,task2,macro_f1,0.9313024775467056
ffnn_joint,none,5,PortScan,task2,fpr,0.0002001921844971
ffnn_joint,none,5,PortScan,task2,detection_rate,0.9166666666666666
ffnn_joint,none,5,PortScan,task2,binary_f1,0.8627450980392157
ffnn_joint,none,5,PortScan,task2,category_recall,0.9166666666666666
ffnn_joint,none,5,PortScan,task3,n,45000.0
ffnn_joint,none,5,PortScan,task3,n_benign,28566.0
ffnn_joint,none,5,PortScan,task3,n_attack,16434.0
ffnn_joint,none,5,PortScan,task3,accuracy,0.9990222222222224
ffnn_joint,none,5,PortScan,task3,macro_f1,0.998945637279662
ffnn_joint,none,5,PortScan,task3,fpr,0.0008401596303297
ffnn_joint,none,5,PortScan,task3,detection_rate,0.9987830108312036
ffnn_joint,none,5,PortScan,task3,binary_f1,0.9986614748113896
ffnn_joint,none,5,PortScan,task3,category_recall,0.9987830108312036
ffnn_joint,none,5,PortScan,task4,n,27642.0
ffnn_joint,none,5,PortScan,task4,n_benign,27569.0
ffnn_joint,none,5,PortScan,task4,n_attack,73.0
ffnn_joint,none,5,PortScan,task4,accuracy,0.9999276463352867
ffnn_joint,none,5,PortScan,task4,macro_f1,0.9932251062728428
ffnn_joint,none,5,PortScan,task4,fpr,7.254525009974973e-05
ffnn_joint,none,5,PortScan,task4,detection_rate,1.0
ffnn_joint,none,5,PortScan,task4,binary_f1,0.9864864864864864
ffnn_joint,none,5,PortScan,task4,category_recall,1.0
ffnn_joint,none,5,PortScan,task5,n,55000.0
ffnn_joint,none,5,PortScan,task5,n_benign,25723.0
ffnn_joint,none,5,PortScan,task5,n_attack,29277.0
ffnn_joint,none,5,PortScan,task5,accuracy,0.9994727272727272
ffnn_joint,none,5,PortScan,task5,macro_f1,0.9994705400825598
ffnn_joint,none,5,PortScan,task5,fpr,0.0001943785717062
ffnn_joint,none,5,PortScan,task5,detection_rate,0.9991802438774464
ffnn_joint,none,5,PortScan,task5,binary_f1,0.9995045699154352
ffnn_joint,none,5,PortScan,task5,category_recall,0.9991802438774464
ffnn_joint,none,5,PortScan,task6,n,25000.0
ffnn_joint,none,5,PortScan,task6,n_benign,2841.0
ffnn_joint,none,5,PortScan,task6,n_attack,22159.0
ffnn_joint,none,5,PortScan,task6,accuracy,0.99716
ffnn_joint,none,5,PortScan,task6,macro_f1,0.9929930566639192
ffnn_joint,none,5,PortScan,task6,fpr,0.0056318197817669
ffnn_joint,none,5,PortScan,task6,detection_rate,0.9975179385351324
ffnn_joint,none,5,PortScan,task6,binary_f1,0.9983965310869712
ffnn_joint,none,5,PortScan,task6,category_recall,0.9975179385351324
ffnn_joint,none,5,PortScan,seen,n,391344.0
ffnn_joint,none,5,PortScan,seen,n_benign,310650.0
ffnn_joint,none,5,PortScan,seen,n_attack,80694.0
ffnn_joint,none,5,PortScan,seen,accuracy,0.999667811439552
ffnn_joint,none,5,PortScan,seen,macro_f1,0.999492610598859
ffnn_joint,none,5,PortScan,seen,fpr,0.0001995815226138
ffnn_joint,none,5,PortScan,seen,detection_rate,0.9991573103328624
ffnn_joint,none,5,PortScan,seen,binary_f1,0.9991944578701466
ffnn_joint,none,5,PortScan,all,n,416344.0
ffnn_joint,none,5,PortScan,all,n_benign,313491.0
ffnn_joint,none,5,PortScan,all,n_attack,102853.0
ffnn_joint,none,5,PortScan,all,accuracy,0.9995172261399228
ffnn_joint,none,5,PortScan,all,macro_f1,0.9993510515753612
ffnn_joint,none,5,PortScan,all,fpr,0.0002488109706498
ffnn_joint,none,5,PortScan,all,detection_rate,0.9988041184992174
ffnn_joint,none,5,PortScan,all,binary_f1,0.9990226635093672
ffnn_joint,none,6,DDoS,task0,n,138702.0
ffnn_joint,none,6,DDoS,task0,n_benign,137422.0
ffnn_joint,none,6,DDoS,task0,n_attack,1280.0
ffnn_joint,none,6,DDoS,task0,accuracy,0.9999423223890066
ffnn_joint,none,6,DDoS,task0,macro_f1,0.9984278134671444
ffnn_joint,none,6,DDoS,task0,fpr,5.821484187393576e-05
ffnn_joint,none,6,DDoS,task0,detection_rate,1.0
ffnn_joint,none,6,DDoS,task0,binary_f1,0.9968847352024922
ffnn_joint,none,6,DDoS,task0,category_recall,1.0
ffnn_joint,none,6,DDoS,task1,n,100000.0
ffnn_joint,none,6,DDoS,task1,n_benign,66394.0
ffnn_joint,none,6,DDoS,task1,n_attack,33606.0
ffnn_joint,none,6,DDoS,task1,accuracy,0.99978
ffnn_joint,none,6,DDoS,task1,macro_f1,0.999753470949292
ffnn_joint,none,6,DDoS,task1,fpr,4.518480585595084e-05
ffnn_joint,none,6,DDoS,task1,detection_rate,0.9994346247693864
ffnn_joint,none,6,DDoS,task1,binary_f1,0.9996725995594976
ffnn_joint,none,6,DDoS,task1,category_recall,0.9994346247693864
ffnn_joint,none,6,DDoS,task2,n,25000.0
ffnn_joint,none,6,DDoS,task2,n_benign,24976.0
ffnn_joint,none,6,DDoS,task2,n_attack,24.0
ffnn_joint,none,6,DDoS,task2,accuracy,0.9998
ffnn_joint,none,6,DDoS,task2,macro_f1,0.9489295427886676
ffnn_joint,none,6,DDoS,task2,fpr,0.0001201153106982
ffnn_joint,none,6,DDoS,task2,detection_rate,0.9166666666666666
ffnn_joint,none,6,DDoS,task2,binary_f1,0.8979591836734694
ffnn_joint,none,6,DDoS,task2,category_recall,0.9166666666666666
ffnn_joint,none,6,DDoS,task3,n,45000.0
ffnn_joint,none,6,DDoS,task3,n_benign,28566.0
ffnn_joint,none,6,DDoS,task3,n_attack,16434.0
ffnn_joint,none,6,DDoS,task3,accuracy,0.9988888888888888
ffnn_joint,none,6,DDoS,task3,macro_f1,0.9988017986287056
ffnn_joint,none,6,DDoS,task3,fpr,0.0008751662815935
ffnn_joint,none,6,DDoS,task3,detection_rate,0.9984787635390046
ffnn_joint,none,6,DDoS,task3,binary_f1,0.9984787635390046
ffnn_joint,none,6,DDoS,task3,category_recall,0.9984787635390046
ffnn_joint,none,6,DDoS,task4,n,27642.0
ffnn_joint,none,6,DDoS,task4,n_benign,27569.0
ffnn_joint,none,6,DDoS,task4,n_attack,73.0
ffnn_joint,none,6,DDoS,task4,accuracy,0.9999276463352867
ffnn_joint,none,6,DDoS,task4,macro_f1,0.9932251062728428
ffnn_joint,none,6,DDoS,task4,fpr,7.254525009974973e-05
ffnn_joint,none,6,DDoS,task4,detection_rate,1.0
ffnn_joint,none,6,DDoS,task4,binary_f1,0.9864864864864864
ffnn_joint,none,6,DDoS,task4,category_recall,1.0
ffnn_joint,none,6,DDoS,task5,n,55000.0
ffnn_joint,none,6,DDoS,task5,n_benign,25723.0
ffnn_joint,none,6,DDoS,task5,n_attack,29277.0
ffnn_joint,none,6,DDoS,task5,accuracy,0.9997818181818182
ffnn_joint,none,6,DDoS,task5,macro_f1,0.9997809085040772
ffnn_joint,none,6,DDoS,task5,fpr,3.8875714341251024e-05
ffnn_joint,none,6,DDoS,task5,detection_rate,0.9996242784438296
ffnn_joint,none,6,DDoS,task5,binary_f1,0.999795025963378
ffnn_joint,none,6,DDoS,task5,category_recall,0.9996242784438296
ffnn_joint,none,6,DDoS,task6,n,25000.0
ffnn_joint,none,6,DDoS,task6,n_benign,2841.0
ffnn_joint,none,6,DDoS,task6,n_attack,22159.0
ffnn_joint,none,6,DDoS,task6,accuracy,1.0
ffnn_joint,none,6,DDoS,task6,macro_f1,1.0
ffnn_joint,none,6,DDoS,task6,fpr,0.0
ffnn_joint,none,6,DDoS,task6,detection_rate,1.0
ffnn_joint,none,6,DDoS,task6,binary_f1,1.0
ffnn_joint,none,6,DDoS,task6,category_recall,1.0
ffnn_joint,none,6,DDoS,seen,n,416344.0
ffnn_joint,none,6,DDoS,seen,n_benign,313491.0
ffnn_joint,none,6,DDoS,seen,n_attack,102853.0
ffnn_joint,none,6,DDoS,seen,accuracy,0.999762215859962
ffnn_joint,none,6,DDoS,seen,macro_f1,0.999680400013342
ffnn_joint,none,6,DDoS,seen,fpr,0.0001339751380422
ffnn_joint,none,6,DDoS,seen,detection_rate,0.9994458110118324
ffnn_joint,none,6,DDoS,seen,binary_f1,0.9995186955190066
ffnn_joint,none,6,DDoS,all,n,416344.0
ffnn_joint,none,6,DDoS,all,n_benign,313491.0
ffnn_joint,none,6,DDoS,all,n_attack,102853.0
ffnn_joint,none,6,DDoS,all,accuracy,0.999762215859962
ffnn_joint,none,6,DDoS,all,macro_f1,0.999680400013342
ffnn_joint,none,6,DDoS,all,fpr,0.0001339751380422
ffnn_joint,none,6,DDoS,all,detection_rate,0.9994458110118324
ffnn_joint,none,6,DDoS,all,binary_f1,0.9995186955190066
gnn_ewc,none,0,BruteForce,task0,n,138702.0
gnn_ewc,none,0,BruteForce,task0,n_benign,137422.0
gnn_ewc,none,0,BruteForce,task0,n_attack,1280.0
gnn_ewc,none,0,BruteForce,task0,accuracy,0.9999855805972516
gnn_ewc,none,0,BruteForce,task0,macro_f1,0.9996060414834551
gnn_ewc,none,0,BruteForce,task0,fpr,1.455371046848394e-05
gnn_ewc,none,0,BruteForce,task0,detection_rate,1.0
gnn_ewc,none,0,BruteForce,task0,binary_f1,0.9992193598750976
gnn_ewc,none,0,BruteForce,task0,category_recall,1.0
gnn_ewc,none,0,BruteForce,task1,n,100000.0
gnn_ewc,none,0,BruteForce,task1,n_benign,66394.0
gnn_ewc,none,0,BruteForce,task1,n_attack,33606.0
gnn_ewc,none,0,BruteForce,task1,accuracy,0.66394
gnn_ewc,none,0,BruteForce,task1,macro_f1,0.3990167914708463
gnn_ewc,none,0,BruteForce,task1,fpr,0.0
gnn_ewc,none,0,BruteForce,task1,detection_rate,0.0
gnn_ewc,none,0,BruteForce,task1,binary_f1,0.0
gnn_ewc,none,0,BruteForce,task1,category_recall,0.0
gnn_ewc,none,0,BruteForce,task2,n,25000.0
gnn_ewc,none,0,BruteForce,task2,n_benign,24976.0
gnn_ewc,none,0,BruteForce,task2,n_attack,24.0
gnn_ewc,none,0,BruteForce,task2,accuracy,0.99916
gnn_ewc,none,0,BruteForce,task2,macro_f1,0.6109009976498421
gnn_ewc,none,0,BruteForce,task2,fpr,0.0
gnn_ewc,none,0,BruteForce,task2,detection_rate,0.125
gnn_ewc,none,0,BruteForce,task2,binary_f1,0.2222222222222222
gnn_ewc,none,0,BruteForce,task2,category_recall,0.125
gnn_ewc,none,0,BruteForce,task3,n,45000.0
gnn_ewc,none,0,BruteForce,task3,n_benign,28566.0
gnn_ewc,none,0,BruteForce,task3,n_attack,16434.0
gnn_ewc,none,0,BruteForce,task3,accuracy,0.6348
gnn_ewc,none,0,BruteForce,task3,macro_f1,0.3883043797406411
gnn_ewc,none,0,BruteForce,task3,fpr,0.0
gnn_ewc,none,0,BruteForce,task3,detection_rate,0.0
gnn_ewc,none,0,BruteForce,task3,binary_f1,0.0
gnn_ewc,none,0,BruteForce,task3,category_recall,0.0
gnn_ewc,none,0,BruteForce,task4,n,27642.0
gnn_ewc,none,0,BruteForce,task4,n_benign,27569.0
gnn_ewc,none,0,BruteForce,task4,n_attack,73.0
gnn_ewc,none,0,BruteForce,task4,accuracy,0.9973590912379712
gnn_ewc,none,0,BruteForce,task4,macro_f1,0.4993388998569126
gnn_ewc,none,0,BruteForce,task4,fpr,0.0
gnn_ewc,none,0,BruteForce,task4,detection_rate,0.0
gnn_ewc,none,0,BruteForce,task4,binary_f1,0.0
gnn_ewc,none,0,BruteForce,task4,category_recall,0.0
gnn_ewc,none,0,BruteForce,task5,n,55000.0
gnn_ewc,none,0,BruteForce,task5,n_benign,25723.0
gnn_ewc,none,0,BruteForce,task5,n_attack,29277.0
gnn_ewc,none,0,BruteForce,task5,accuracy,0.4676909090909091
gnn_ewc,none,0,BruteForce,task5,macro_f1,0.31865763165392763
gnn_ewc,none,0,BruteForce,task5,fpr,0.0
gnn_ewc,none,0,BruteForce,task5,detection_rate,0.0
gnn_ewc,none,0,BruteForce,task5,binary_f1,0.0
gnn_ewc,none,0,BruteForce,task5,category_recall,0.0
gnn_ewc,none,0,BruteForce,task6,n,25000.0
gnn_ewc,none,0,BruteForce,task6,n_benign,2841.0
gnn_ewc,none,0,BruteForce,task6,n_attack,22159.0
gnn_ewc,none,0,BruteForce,task6,accuracy,0.11364
gnn_ewc,none,0,BruteForce,task6,macro_f1,0.10204374842857655
gnn_ewc,none,0,BruteForce,task6,fpr,0.0
gnn_ewc,none,0,BruteForce,task6,detection_rate,0.0
gnn_ewc,none,0,BruteForce,task6,binary_f1,0.0
gnn_ewc,none,0,BruteForce,task6,category_recall,0.0
gnn_ewc,none,0,BruteForce,seen,n,138702.0
gnn_ewc,none,0,BruteForce,seen,n_benign,137422.0
gnn_ewc,none,0,BruteForce,seen,n_attack,1280.0
gnn_ewc,none,0,BruteForce,seen,accuracy,0.9999855805972516
gnn_ewc,none,0,BruteForce,seen,macro_f1,0.9996060414834551
gnn_ewc,none,0,BruteForce,seen,fpr,1.455371046848394e-05
gnn_ewc,none,0,BruteForce,seen,detection_rate,1.0
gnn_ewc,none,0,BruteForce,seen,binary_f1,0.9992193598750976
gnn_ewc,none,0,BruteForce,all,n,416344.0
gnn_ewc,none,0,BruteForce,all,n_benign,313491.0
gnn_ewc,none,0,BruteForce,all,n_attack,102853.0
gnn_ewc,none,0,BruteForce,all,accuracy,0.7560382760409661
gnn_ewc,none,0,BruteForce,all,macro_f1,0.44261186576178047
gnn_ewc,none,0,BruteForce,all,fpr,6.379768478201926e-06
gnn_ewc,none,0,BruteForce,all,detection_rate,0.012474113540684277
gnn_ewc,none,0,BruteForce,all,binary_f1,0.02464038103286024
gnn_ewc,none,1,DoS,task0,n,138702.0
gnn_ewc,none,1,DoS,task0,n_benign,137422.0
gnn_ewc,none,1,DoS,task0,n_attack,1280.0
gnn_ewc,none,1,DoS,task0,accuracy,0.9999927902986259
gnn_ewc,none,1,DoS,task0,macro_f1,0.999802944543727
gnn_ewc,none,1,DoS,task0,fpr,7.27685523424197e-06
gnn_ewc,none,1,DoS,task0,detection_rate,1.0
gnn_ewc,none,1,DoS,task0,binary_f1,0.9996095275283092
gnn_ewc,none,1,DoS,task0,category_recall,1.0
gnn_ewc,none,1,DoS,task1,n,100000.0
gnn_ewc,none,1,DoS,task1,n_benign,66394.0
gnn_ewc,none,1,DoS,task1,n_attack,33606.0
gnn_ewc,none,1,DoS,task1,accuracy,0.9971
gnn_ewc,none,1,DoS,task1,macro_f1,0.9967507287513735
gnn_ewc,none,1,DoS,task1,fpr,0.0021989938849896074
gnn_ewc,none,1,DoS,task1,detection_rate,0.9957150508837708
gnn_ewc,none,1,DoS,task1,binary_f1,0.9956854226797989
gnn_ewc,none,1,DoS,task1,category_recall,0.9957150508837708
gnn_ewc,none,1,DoS,task2,n,25000.0
gnn_ewc,none,1,DoS,task2,n_benign,24976.0
gnn_ewc,none,1,DoS,task2,n_attack,24.0
gnn_ewc,none,1,DoS,task2,accuracy,0.99904
gnn_ewc,none,1,DoS,task2,macro_f1,0.8330929872349516
gnn_ewc,none,1,DoS,task2,fpr,0.0009609224855861628
gnn_ewc,none,1,DoS,task2,detection_rate,1.0
gnn_ewc,none,1,DoS,task2,binary_f1,0.6666666666666666
gnn_ewc,none,1,DoS,task2,category_recall,1.0
gnn_ewc,none,1,DoS,task3,n,45000.0
gnn_ewc,none,1,DoS,task3,n_benign,28566.0
gnn_ewc,none,1,DoS,task3,n_attack,16434.0
gnn_ewc,none,1,DoS,task3,accuracy,0.6345777777777778
gnn_ewc,none,1,DoS,task3,macro_f1,0.3882212192071347
gnn_ewc,none,1,DoS,task3,fpr,0.0003500665126374011
gnn_ewc,none,1,DoS,task3,detection_rate,0.0
gnn_ewc,none,1,DoS,task3,binary_f1,0.0
gnn_ewc,none,1,DoS,task3,category_recall,0.0
gnn_ewc,none,1,DoS,task4,n,27642.0
gnn_ewc,none,1,DoS,task4,n_benign,27569.0
gnn_ewc,none,1,DoS,task4,n_attack,73.0
gnn_ewc,none,1,DoS,task4,accuracy,0.9973229144056146
gnn_ewc,none,1,DoS,task4,macro_f1,0.499329831552255
gnn_ewc,none,1,DoS,task4,fpr,3.627262504987486e-05
gnn_ewc,none,1,DoS,task4,detection_rate,0.0
gnn_ewc,none,1,DoS,task4,binary_f1,0.0
gnn_ewc,none,1,DoS,task4,category_recall,0.0
gnn_ewc,none,1,DoS,task5,n,55000.0
gnn_ewc,none,1,DoS,task5,n_benign,25723.0
gnn_ewc,none,1,DoS,task5,n_attack,29277.0
gnn_ewc,none,1,DoS,task5,accuracy,0.4676909090909091
gnn_ewc,none,1,DoS,task5,macro_f1,0.31865763165392763
gnn_ewc,none,1,DoS,task5,fpr,0.0
gnn_ewc,none,1,DoS,task5,detection_rate,0.0
gnn_ewc,none,1,DoS,task5,binary_f1,0.0
gnn_ewc,none,1,DoS,task5,category_recall,0.0
gnn_ewc,none,1,DoS,task6,n,25000.0
gnn_ewc,none,1,DoS,task6,n_benign,2841.0
gnn_ewc,none,1,DoS,task6,n_attack,22159.0
gnn_ewc,none,1,DoS,task6,accuracy,0.36472
gnn_ewc,none,1,DoS,task6,macro_f1,0.352488670533163
gnn_ewc,none,1,DoS,task6,fpr,0.0
gnn_ewc,none,1,DoS,task6,detection_rate,0.2832709057267927
gnn_ewc,none,1,DoS,task6,binary_f1,0.4414826276550851
gnn_ewc,none,1,DoS,task6,category_recall,0.2832709057267927
gnn_ewc,none,1,DoS,seen,n,238702.0
gnn_ewc,none,1,DoS,seen,n_benign,203816.0
gnn_ewc,none,1,DoS,seen,n_attack,34886.0
gnn_ewc,none,1,DoS,seen,accuracy,0.9987809067372707
gnn_ewc,none,1,DoS,seen,macro_f1,0.9975577836851754
gnn_ewc,none,1,DoS,seen,fpr,0.0007212387643757114
gnn_ewc,none,1,DoS,seen,detection_rate,0.995872269678381
gnn_ewc,none,1,DoS,seen,binary_f1,0.9958294518093873
gnn_ewc,none,1,DoS,all,n,416344.0
gnn_ewc,none,1,DoS,all,n_benign,313491.0
gnn_ewc,none,1,DoS,all,n_attack,102853.0
gnn_ewc,none,1,DoS,all,accuracy,0.8511038948561767
gnn_ewc,none,1,DoS,all,macro_f1,0.7398541143123142
gnn_ewc,none,1,DoS,all,fpr,0.0005805589315163752
gnn_ewc,none,1,DoS,all,detection_rate,0.39904523932213937
gnn_ewc,none,1,DoS,all,binary_f1,0.569733061258485
gnn_ewc,none,2,WebAttack,task0,n,138702.0
gnn_ewc,none,2,WebAttack,task0,n_benign,137422.0
gnn_ewc,none,2,WebAttack,task0,n_attack,1280.0
gnn_ewc,none,2,WebAttack,task0,accuracy,0.999105997029603
gnn_ewc,none,2,WebAttack,task0,macro_f1,0.9766744646981573
gnn_ewc,none,2,WebAttack,task0,fpr,0.0009023300490460043
gnn_ewc,none,2,WebAttack,task0,detection_rate,1.0
gnn_ewc,none,2,WebAttack,task0,binary_f1,0.9538002980625931
gnn_ewc,none,2,WebAttack,task0,category_recall,1.0
gnn_ewc,none,2,WebAttack,task1,n,100000.0
gnn_ewc,none,2,WebAttack,task1,n_benign,66394.0
gnn_ewc,none,2,WebAttack,task1,n_attack,33606.0
gnn_ewc,none,2,WebAttack,task1,accuracy,0.99713
gnn_ewc,none,2,WebAttack,task1,macro_f1,0.9967847433770805
gnn_ewc,none,2,WebAttack,task1,fpr,0.0023044250986534926
gnn_ewc,none,2,WebAttack,task1,detection_rate,0.99601261679462
gnn_ewc,none,2,WebAttack,task1,binary_f1,0.9957311359343161
gnn_ewc,none,2,WebAttack,task1,category_recall,0.99601261679462
gnn_ewc,none,2,WebAttack,task2,n,25000.0
gnn_ewc,none,2,WebAttack,task2,n_benign,24976.0
gnn_ewc,none,2,WebAttack,task2,n_attack,24.0
gnn_ewc,none,2,WebAttack,task2,accuracy,0.99904
gnn_ewc,none,2,WebAttack,task2,macro_f1,0.8330929872349516
gnn_ewc,none,2,WebAttack,task2,fpr,0.0009609224855861628
gnn_ewc,none,2,WebAttack,task2,detection_rate,1.0
gnn_ewc,none,2,WebAttack,task2,binary_f1,0.6666666666666666
gnn_ewc,none,2,WebAttack,task2,category_recall,1.0
gnn_ewc,none,2,WebAttack,task3,n,45000.0
gnn_ewc,none,2,WebAttack,task3,n_benign,28566.0
gnn_ewc,none,2,WebAttack,task3,n_attack,16434.0
gnn_ewc,none,2,WebAttack,task3,accuracy,0.6345777777777778
gnn_ewc,none,2,WebAttack,task3,macro_f1,0.3882212192071347
gnn_ewc,none,2,WebAttack,task3,fpr,0.0003500665126374011
gnn_ewc,none,2,WebAttack,task3,detection_rate,0.0
gnn_ewc,none,2,WebAttack,task3,binary_f1,0.0
gnn_ewc,none,2,WebAttack,task3,category_recall,0.0
gnn_ewc,none,2,WebAttack,task4,n,27642.0
gnn_ewc,none,2,WebAttack,task4,n_benign,27569.0
gnn_ewc,none,2,WebAttack,task4,n_attack,73.0
gnn_ewc,none,2,WebAttack,task4,accuracy,0.997286737573258
gnn_ewc,none,2,WebAttack,task4,macro_f1,0.4993207629190893
gnn_ewc,none,2,WebAttack,task4,fpr,7.254525009974973e-05
gnn_ewc,none,2,WebAttack,task4,detection_rate,0.0
gnn_ewc,none,2,WebAttack,task4,binary_f1,0.0
gnn_ewc,none,2,WebAttack,task4,category_recall,0.0
gnn_ewc,none,2,WebAttack,task5,n,55000.0
gnn_ewc,none,2,WebAttack,task5,n_benign,25723.0
gnn_ewc,none,2,WebAttack,task5,n_attack,29277.0
gnn_ewc,none,2,WebAttack,task5,accuracy,0.4676909090909091
gnn_ewc,none,2,WebAttack,task5,macro_f1,0.31865763165392763
gnn_ewc,none,2,WebAttack,task5,fpr,0.0
gnn_ewc,none,2,WebAttack,task5,detection_rate,0.0
gnn_ewc,none,2,WebAttack,task5,binary_f1,0.0
gnn_ewc,none,2,WebAttack,task5,category_recall,0.0
gnn_ewc,none,2,WebAttack,task6,n,25000.0
gnn_ewc,none,2,WebAttack,task6,n_benign,2841.0
gnn_ewc,none,2,WebAttack,task6,n_attack,22159.0
gnn_ewc,none,2,WebAttack,task6,accuracy,0.411
gnn_ewc,none,2,WebAttack,task6,macro_f1,0.3904064422095579
gnn_ewc,none,2,WebAttack,task6,fpr,0.00035198873636043646
gnn_ewc,none,2,WebAttack,task6,detection_rate,0.3355295816598222
gnn_ewc,none,2,WebAttack,task6,binary_f1,0.5024497381314411
gnn_ewc,none,2,WebAttack,task6,category_recall,0.3355295816598222
gnn_ewc,none,2,WebAttack,seen,n,263702.0
gnn_ewc,none,2,WebAttack,seen,n_benign,228792.0
gnn_ewc,none,2,WebAttack,seen,n_attack,34910.0
gnn_ewc,none,2,WebAttack,seen,accuracy,0.9983504106908556
gnn_ewc,none,2,WebAttack,seen,macro_f1,0.9964167838939242
gnn_ewc,none,2,WebAttack,seen,fpr,0.0013156054407496766
gnn_ewc,none,2,WebAttack,seen,detection_rate,0.9961615582927528
gnn_ewc,none,2,WebAttack,seen,binary_f1,0.9937845599897124
gnn_ewc,none,2,WebAttack,all,n,416344.0
gnn_ewc,none,2,WebAttack,all,n_benign,313491.0
gnn_ewc,none,2,WebAttack,all,n_attack,102853.0
gnn_ewc,none,2,WebAttack,all,accuracy,0.8535922218165748
gnn_ewc,none,2,WebAttack,all,macro_f1,0.7460095320863962
gnn_ewc,none,2,WebAttack,all,fpr,0.0010016236510777025
gnn_ewc,none,2,WebAttack,all,detection_rate,0.410401252272661
gnn_ewc,none,2,WebAttack,all,binary_f1,0.5807068469782223
gnn_ewc,none,3,Infiltration,task0,n,138702.0
gnn_ewc,none,3,Infiltration,task0,n_benign,137422.0
gnn_ewc,none,3,Infiltration,task0,n_attack,1280.0
gnn_ewc,none,3,Infiltration,task0,accuracy,0.9992357716543381
gnn_ewc,none,3,Infiltration,task0,macro_f1,0.9788585677818721
gnn_ewc,none,3,Infiltration,task0,fpr,0.00027652049890119487
gnn_ewc,none,3,Infiltration,task0,detection_rate,0.946875
gnn_ewc,none,3,Infiltration,task0,binary_f1,0.958102766798419
gnn_ewc,none,3,Infiltration,task0,category_recall,0.946875
gnn_ewc,none,3,Infiltration,task1,n,100000.0
gnn_ewc,none,3,Infiltration,task1,n_benign,66394.0
gnn_ewc,none,3,Infiltration,task1,n_attack,33606.0
gnn_ewc,none,3,Infiltration,task1,accuracy,0.99076
gnn_ewc,none,3,Infiltration,task1,macro_f1,0.9897153959554192
gnn_ewc,none,3,Infiltration,task1,fpr,0.013871735397776908
gnn_ewc,none,3,Infiltration,task1,detection_rate,0.9999107302267453
gnn_ewc,none,3,Infiltration,task1,binary_f1,0.9864376926464112
gnn_ewc,none,3,Infiltration,task1,category_recall,0.9999107302267453
gnn_ewc,none,3,Infiltration,task2,n,25000.0
gnn_ewc,none,3,Infiltration,task2,n_benign,24976.0
gnn_ewc,none,3,Infiltration,task2,n_attack,24.0
gnn_ewc,none,3,Infiltration,task2,accuracy,0.99904
gnn_ewc,none,3,Infiltration,task2,macro_f1,0.8330929872349516
gnn_ewc,none,3,Infiltration,task2,fpr,0.0009609224855861628
gnn_ewc,none,3,Infiltration,task2,detection_rate,1.0
gnn_ewc,none,3,Infiltration,task2,binary_f1,0.6666666666666666
gnn_ewc,none,3,Infiltration,task2,category_recall,1.0
gnn_ewc,none,3,Infiltration,task3,n,45000.0
gnn_ewc,none,3,Infiltration,task3,n_benign,28566.0
gnn_ewc,none,3,Infiltration,task3,n_attack,16434.0
gnn_ewc,none,3,Infiltration,task3,accuracy,0.9926888888888888
gnn_ewc,none,3,Infiltration,task3,macro_f1,0.99214816924484
gnn_ewc,none,3,Infiltration,task3,fpr,0.011412168311979276
gnn_ewc,none,3,Infiltration,task3,detection_rate,0.9998174516246805
gnn_ewc,none,3,Infiltration,task3,binary_f1,0.990087674369558
gnn_ewc,none,3,Infiltration,task3,category_recall,0.9998174516246805
gnn_ewc,none,3,Infiltration,task4,n,27642.0
gnn_ewc,none,3,Infiltration,task4,n_benign,27569.0
gnn_ewc,none,3,Infiltration,task4,n_attack,73.0
gnn_ewc,none,3,Infiltration,task4,accuracy,0.9973590912379712
gnn_ewc,none,3,Infiltration,task4,macro_f1,0.4993388998569126
gnn_ewc,none,3,Infiltration,task4,fpr,0.0
gnn_ewc,none,3,Infiltration,task4,detection_rate,0.0
gnn_ewc,none,3,Infiltration,task4,binary_f1,0.0
gnn_ewc,none,3,Infiltration,task4,category_recall,0.0
gnn_ewc,none,3,Infiltration,task5,n,55000.0
gnn_ewc,none,3,Infiltration,task5,n_benign,25723.0
gnn_ewc,none,3,Infiltration,task5,n_attack,29277.0
gnn_ewc,none,3,Infiltration,task5,accuracy,0.9996727272727273
gnn_ewc,none,3,Infiltration,task5,macro_f1,0.9996713410180416
gnn_ewc,none,3,Infiltration,task5,fpr,0.0006997628581425183
gnn_ewc,none,3,Infiltration,task5,detection_rate,1.0
gnn_ewc,none,3,Infiltration,task5,binary_f1,0.9996926859250154
gnn_ewc,none,3,Infiltration,task5,category_recall,1.0
gnn_ewc,none,3,Infiltration,task6,n,25000.0
gnn_ewc,none,3,Infiltration,task6,n_benign,2841.0
gnn_ewc,none,3,Infiltration,task6,n_attack,22159.0
gnn_ewc,none,3,Infiltration,task6,accuracy,0.999
gnn_ewc,none,3,Infiltration,task6,macro_f1,0.9975145851203715
gnn_ewc,none,3,Infiltration,task6,fpr,0.00598380851812742
gnn_ewc,none,3,Infiltration,task6,detection_rate,0.9996389728778374
gnn_ewc,none,3,Infiltration,task6,binary_f1,0.9994360096555147
gnn_ewc,none,3,Infiltration,task6,category_recall,0.9996389728778374
gnn_ewc,none,3,Infiltration,seen,n,308702.0
gnn_ewc,none,3,Infiltration,seen,n_benign,257358.0
gnn_ewc,none,3,Infiltration,seen,n_attack,51344.0
gnn_ewc,none,3,Infiltration,seen,accuracy,0.9955199512798751
gnn_ewc,none,3,Infiltration,seen,macro_f1,0.9919993445152457
gnn_ewc,none,3,Infiltration,seen,fpr,0.005086300017873934
gnn_ewc,none,3,Infiltration,seen,detection_rate,0.9985587410408227
gnn_ewc,none,3,Infiltration,seen,binary_f1,0.9866920700903553
gnn_ewc,none,3,Infiltration,all,n,416344.0
gnn_ewc,none,3,Infiltration,all,n_benign,313491.0
gnn_ewc,none,3,Infiltration,all,n_attack,102853.0
gnn_ewc,none,3,Infiltration,all,accuracy,0.9963996118594239
gnn_ewc,none,3,Infiltration,all,macro_f1,0.995179709113958
gnn_ewc,none,3,Infiltration,all,fpr,0.004287204417351694
gnn_ewc,none,3,Infiltration,all,detection_rate,0.9984929948567373
gnn_ewc,none,3,Infiltration,all,binary_f1,0.9927547789941757
gnn_ewc,none,4,Botnet,task0,n,138702.0
gnn_ewc,none,4,Botnet,task0,n_benign,137422.0
gnn_ewc,none,4,Botnet,task0,n_attack,1280.0
gnn_ewc,none,4,Botnet,task0,accuracy,0.9953425329122868
gnn_ewc,none,4,Botnet,task0,macro_f1,0.8341994086479897
gnn_ewc,none,4,Botnet,task0,fpr,0.00017464452562180729
gnn_ewc,none,4,Botnet,task0,detection_rate,0.5140625
gnn_ewc,none,4,Botnet,task0,binary_f1,0.6707441386340469
gnn_ewc,none,4,Botnet,task0,category_recall,0.5140625
gnn_ewc,none,4,Botnet,task1,n,100000.0
gnn_ewc,none,4,Botnet,task1,n_benign,66394.0
gnn_ewc,none,4,Botnet,task1,n_attack,33606.0
gnn_ewc,none,4,Botnet,task1,accuracy,0.94897
gnn_ewc,none,4,Botnet,task1,macro_f1,0.9413964889320897
gnn_ewc,none,4,Botnet,task1,fpr,0.014624815495376088
gnn_ewc,none,4,Botnet,task1,detection_rate,0.8770457656370886
gnn_ewc,none,4,Botnet,task1,binary_f1,0.9203291127382867
gnn_ewc,none,4,Botnet,task1,category_recall,0.8770457656370886
gnn_ewc,none,4,Botnet,task2,n,25000.0
gnn_ewc,none,4,Botnet,task2,n_benign,24976.0
gnn_ewc,none,4,Botnet,task2,n_attack,24.0
gnn_ewc,none,4,Botnet,task2,accuracy,0.99836
gnn_ewc,none,4,Botnet,task2,macro_f1,0.7692521902469542
gnn_ewc,none,4,Botnet,task2,fpr,0.0016415759128763612
gnn_ewc,none,4,Botnet,task2,detection_rate,1.0
gnn_ewc,none,4,Botnet,task2,binary_f1,0.5393258426966292
gnn_ewc,none,4,Botnet,task2,category_recall,1.0
gnn_ewc,none,4,Botnet,task3,n,45000.0
gnn_ewc,none,4,Botnet,task3,n_benign,28566.0
gnn_ewc,none,4,Botnet,task3,n_attack,16434.0
gnn_ewc,none,4,Botnet,task3,accuracy,0.9985555555555555
gnn_ewc,none,4,Botnet,task3,macro_f1,0.9984433618726091
gnn_ewc,none,4,Botnet,task3,fpr,0.0020303857732969265
gnn_ewc,none,4,Botnet,task3,detection_rate,0.9995740537909212
gnn_ewc,none,4,Botnet,task3,binary_f1,0.9980254564233422
gnn_ewc,none,4,Botnet,task3,category_recall,0.9995740537909212
gnn_ewc,none,4,Botnet,task4,n,27642.0
gnn_ewc,none,4,Botnet,task4,n_benign,27569.0
gnn_ewc,none,4,Botnet,task4,n_attack,73.0
gnn_ewc,none,4,Botnet,task4,accuracy,0.9993488170175819
gnn_ewc,none,4,Botnet,task4,macro_f1,0.9295243264558706
gnn_ewc,none,4,Botnet,task4,fpr,0.0
gnn_ewc,none,4,Botnet,task4,detection_rate,0.7534246575342466
gnn_ewc,none,4,Botnet,task4,binary_f1,0.859375
gnn_ewc,none,4,Botnet,task4,category_recall,0.7534246575342466
gnn_ewc,none,4,Botnet,task5,n,55000.0
gnn_ewc,none,4,Botnet,task5,n_benign,25723.0
gnn_ewc,none,4,Botnet,task5,n_attack,29277.0
gnn_ewc,none,4,Botnet,task5,accuracy,0.9989454545454546
gnn_ewc,none,4,Botnet,task5,macro_f1,0.9989408866881242
gnn_ewc,none,4,Botnet,task5,fpr,0.002254791431792559
gnn_ewc,none,4,Botnet,task5,detection_rate,1.0
gnn_ewc,none,4,Botnet,task5,binary_f1,0.9990104415478059
gnn_ewc,none,4,Botnet,task5,category_recall,1.0
gnn_ewc,none,4,Botnet,task6,n,25000.0
gnn_ewc,none,4,Botnet,task6,n_benign,2841.0
gnn_ewc,none,4,Botnet,task6,n_attack,22159.0
gnn_ewc,none,4,Botnet,task6,accuracy,0.11364
gnn_ewc,none,4,Botnet,task6,macro_f1,0.10204374842857655
gnn_ewc,none,4,Botnet,task6,fpr,0.0
gnn_ewc,none,4,Botnet,task6,detection_rate,0.0
gnn_ewc,none,4,Botnet,task6,binary_f1,0.0
gnn_ewc,none,4,Botnet,task6,category_recall,0.0
gnn_ewc,none,4,Botnet,seen,n,336344.0
gnn_ewc,none,4,Botnet,seen,n_benign,284927.0
gnn_ewc,none,4,Botnet,seen,n_attack,51417.0
gnn_ewc,none,4,Botnet,seen,accuracy,0.9825387103679566
gnn_ewc,none,4,Botnet,seen,macro_f1,0.9652629932942002
gnn_ewc,none,4,Botnet,seen,fpr,0.0038395799625869083
gnn_ewc,none,4,Botnet,seen,detection_rate,0.9070540871696131
gnn_ewc,none,4,Botnet,seen,binary_f1,0.9407659179618554
gnn_ewc,none,4,Botnet,all,n,416344.0
gnn_ewc,none,4,Botnet,all,n_benign,313491.0
gnn_ewc,none,4,Botnet,all,n_attack,102853.0
gnn_ewc,none,4,Botnet,all,accuracy,0.9325317525892051
gnn_ewc,none,4,Botnet,all,macro_f1,0.9004214608260621
gnn_ewc,none,4,Botnet,all,fpr,0.0036747466434443096
gnn_ewc,none,4,Botnet,all,detection_rate,0.7380922287147677
gnn_ewc,none,4,Botnet,all,binary_f1,0.8438750555802579
gnn_ewc,none,5,PortScan,task0,n,138702.0
gnn_ewc,none,5,PortScan,task0,n_benign,137422.0
gnn_ewc,none,5,PortScan,task0,n_attack,1280.0
gnn_ewc,none,5,PortScan,task0,accuracy,0.9997332410491557
gnn_ewc,none,5,PortScan,task0,macro_f1,0.9928090758677012
gnn_ewc,none,5,PortScan,task0,fpr,0.00026924364366695286
gnn_ewc,none,5,PortScan,task0,detection_rate,1.0
gnn_ewc,none,5,PortScan,task0,binary_f1,0.9857527916827108
gnn_ewc,none,5,PortScan,task0,category_recall,1.0
gnn_ewc,none,5,PortScan,task1,n,100000.0
gnn_ewc,none,5,PortScan,task1,n_benign,66394.0
gnn_ewc,none,5,PortScan,task1,n_attack,33606.0
gnn_ewc,none,5,PortScan,task1,accuracy,0.96054
gnn_ewc,none,5,PortScan,task1,macro_f1,0.9551446091218689
gnn_ewc,none,5,PortScan,task1,fpr,0.015453203602735187
gnn_ewc,none,5,PortScan,task1,detection_rate,0.9131107540320181
gnn_ewc,none,5,PortScan,task1,binary_f1,0.9395878624575156
gnn_ewc,none,5,PortScan,task1,category_recall,0.9131107540320181
gnn_ewc,none,5,PortScan,task2,n,25000.0
gnn_ewc,none,5,PortScan,task2,n_benign,24976.0
gnn_ewc,none,5,PortScan,task2,n_attack,24.0
gnn_ewc,none,5,PortScan,task2,accuracy,0.98028
gnn_ewc,none,5,PortScan,task2,macro_f1,0.5393783659715684
gnn_ewc,none,5,PortScan,task2,fpr,0.01973894939141576
gnn_ewc,none,5,PortScan,task2,detection_rate,1.0
gnn_ewc,none,5,PortScan,task2,binary_f1,0.08872458410351201
gnn_ewc,none,5,PortScan,task2,category_recall,1.0
gnn_ewc,none,5,PortScan,task3,n,45000.0
gnn_ewc,none,5,PortScan,task3,n_benign,28566.0
gnn_ewc,none,5,PortScan,task3,n_attack,16434.0
gnn_ewc,none,5,PortScan,task3,accuracy,0.9923111111111111
gnn_ewc,none,5,PortScan,task3,macro_f1,0.9917444147147934
gnn_ewc,none,5,PortScan,task3,fpr,0.012042288034726598
gnn_ewc,none,5,PortScan,task3,detection_rate,0.9998783010831204
gnn_ewc,none,5,PortScan,task3,binary_f1,0.9895814513700693
gnn_ewc,none,5,PortScan,task3,category_recall,0.9998783010831204
gnn_ewc,none,5,PortScan,task4,n,27642.0
gnn_ewc,none,5,PortScan,task4,n_benign,27569.0
gnn_ewc,none,5,PortScan,task4,n_attack,73.0
gnn_ewc,none,5,PortScan,task4,accuracy,0.9992041096881557
gnn_ewc,none,5,PortScan,task4,macro_f1,0.9164672178706121
gnn_ewc,none,5,PortScan,task4,fpr,0.00014509050019949945
gnn_ewc,none,5,PortScan,task4,detection_rate,0.7534246575342466
gnn_ewc,none,5,PortScan,task4,binary_f1,0.8333333333333334
gnn_ewc,none,5,PortScan,task4,category_recall,0.7534246575342466
gnn_ewc,none,5,PortScan,task5,n,55000.0
gnn_ewc,none,5,PortScan,task5,n_benign,25723.0
gnn_ewc,none,5,PortScan,task5,n_attack,29277.0
gnn_ewc,none,5,PortScan,task5,accuracy,0.9990909090909091
gnn_ewc,none,5,PortScan,task5,macro_f1,0.9990869887819116
gnn_ewc,none,5,PortScan,task5,fpr,0.001943785717062551
gnn_ewc,none,5,PortScan,task5,detection_rate,1.0
gnn_ewc,none,5,PortScan,task5,binary_f1,0.9991468159170023
gnn_ewc,none,5,PortScan,task5,category_recall,1.0
gnn_ewc,none,5,PortScan,task6,n,25000.0
gnn_ewc,none,5,PortScan,task6,n_benign,2841.0
gnn_ewc,none,5,PortScan,task6,n_attack,22159.0
gnn_ewc,none,5,PortScan,task6,accuracy,0.11364
gnn_ewc,none,5,PortScan,task6,macro_f1,0.10204374842857655
gnn_ewc,none,5,PortScan,task6,fpr,0.0
gnn_ewc,none,5,PortScan,task6,detection_rate,0.0
gnn_ewc,none,5,PortScan,task6,binary_f1,0.0
gnn_ewc,none,5,PortScan,task6,category_recall,0.0
gnn_ewc,none,5,PortScan,seen,n,391344.0
gnn_ewc,none,5,PortScan,seen,n_benign,310650.0
gnn_ewc,none,5,PortScan,seen,n_attack,80694.0
gnn_ewc,none,5,PortScan,seen,accuracy,0.9874943783474386
gnn_ewc,none,5,PortScan,seen,macro_f1,0.9808123037314593
gnn_ewc,none,5,PortScan,seen,fpr,0.006290037019153388
gnn_ewc,none,5,PortScan,seen,detection_rate,0.9635660643914046
gnn_ewc,none,5,PortScan,seen,binary_f1,0.9694891584892956
gnn_ewc,none,5,PortScan,all,n,416344.0
gnn_ewc,none,5,PortScan,all,n_benign,313491.0
gnn_ewc,none,5,PortScan,all,n_attack,102853.0
gnn_ewc,none,5,PortScan,all,accuracy,0.9350224814096036
gnn_ewc,none,5,PortScan,all,macro_f1,0.9051010222862356
gnn_ewc,none,5,PortScan,all,fpr,0.0062330338032032815
gnn_ewc,none,5,PortScan,all,detection_rate,0.7559721155435427
gnn_ewc,none,5,PortScan,all,binary_f1,0.8518139142533181
gnn_ewc,none,6,DDoS,task0,n,138702.0
gnn_ewc,none,6,DDoS,task0,n_benign,137422.0
gnn_ewc,none,6,DDoS,task0,n_attack,1280.0
gnn_ewc,none,6,DDoS,task0,accuracy,0.9994809015010598
gnn_ewc,none,6,DDoS,task0,macro_f1,0.9861911707333413
gnn_ewc,none,6,DDoS,task0,fpr,0.0005239335768654218
gnn_ewc,none,6,DDoS,task0,detection_rate,1.0
gnn_ewc,none,6,DDoS,task0,binary_f1,0.9726443768996961
gnn_ewc,none,6,DDoS,task0,category_recall,1.0
gnn_ewc,none,6,DDoS,task1,n,100000.0
gnn_ewc,none,6,DDoS,task1,n_benign,66394.0
gnn_ewc,none,6,DDoS,task1,n_attack,33606.0
gnn_ewc,none,6,DDoS,task1,accuracy,0.98953
gnn_ewc,none,6,DDoS,task1,macro_f1,0.9883564824583467
gnn_ewc,none,6,DDoS,task1,fpr,0.015724312437870893
gnn_ewc,none,6,DDoS,task1,detection_rate,0.9999107302267453
gnn_ewc,none,6,DDoS,task1,binary_f1,0.984660014944398
gnn_ewc,none,6,DDoS,task1,category_recall,0.9999107302267453
gnn_ewc,none,6,DDoS,task2,n,25000.0
gnn_ewc,none,6,DDoS,task2,n_benign,24976.0
gnn_ewc,none,6,DDoS,task2,n_attack,24.0
gnn_ewc,none,6,DDoS,task2,accuracy,0.97828
gnn_ewc,none,6,DDoS,task2,macro_f1,0.5351141867431415
gnn_ewc,none,6,DDoS,task2,fpr,0.021740871236386933
gnn_ewc,none,6,DDoS,task2,detection_rate,1.0
gnn_ewc,none,6,DDoS,task2,binary_f1,0.08121827411167512
gnn_ewc,none,6,DDoS,task2,category_recall,1.0
gnn_ewc,none,6,DDoS,task3,n,45000.0
gnn_ewc,none,6,DDoS,task3,n_benign,28566.0
gnn_ewc,none,6,DDoS,task3,n_attack,16434.0
gnn_ewc,none,6,DDoS,task3,accuracy,0.9912222222222222
gnn_ewc,none,6,DDoS,task3,macro_f1,0.9905810294984992
gnn_ewc,none,6,DDoS,task3,fpr,0.013757613946649863
gnn_ewc,none,6,DDoS,task3,detection_rate,0.9998783010831204
gnn_ewc,none,6,DDoS,task3,binary_f1,0.9881235154394299
gnn_ewc,none,6,DDoS,task3,category_recall,0.9998783010831204
gnn_ewc,none,6,DDoS,task4,n,27642.0
gnn_ewc,none,6,DDoS,task4,n_benign,27569.0
gnn_ewc,none,6,DDoS,task4,n_attack,73.0
gnn_ewc,none,6,DDoS,task4,accuracy,0.9974314449026843
gnn_ewc,none,6,DDoS,task4,macro_f1,0.5913108720926237
gnn_ewc,none,6,DDoS,task4,fpr,0.00021763575029924915
gnn_ewc,none,6,DDoS,task4,detection_rate,0.1095890410958904
gnn_ewc,none,6,DDoS,task4,binary_f1,0.1839080459770115
gnn_ewc,none,6,DDoS,task4,category_recall,0.1095890410958904
gnn_ewc,none,6,DDoS,task5,n,55000.0
gnn_ewc,none,6,DDoS,task5,n_benign,25723.0
gnn_ewc,none,6,DDoS,task5,n_attack,29277.0
gnn_ewc,none,6,DDoS,task5,accuracy,0.9990727272727272
gnn_ewc,none,6,DDoS,task5,macro_f1,0.9990687263286231
gnn_ewc,none,6,DDoS,task5,fpr,0.001982661431403802
gnn_ewc,none,6,DDoS,task5,detection_rate,1.0
gnn_ewc,none,6,DDoS,task5,binary_f1,0.9991297670847198
gnn_ewc,none,6,DDoS,task5,category_recall,1.0
gnn_ewc,none,6,DDoS,task6,n,25000.0
gnn_ewc,none,6,DDoS,task6,n_benign,2841.0
gnn_ewc,none,6,DDoS,task6,n_attack,22159.0
gnn_ewc,none,6,DDoS,task6,accuracy,0.99964
gnn_ewc,none,6,DDoS,task6,macro_f1,0.9991052506433338
gnn_ewc,none,6,DDoS,task6,fpr,0.0031678986272439284
gnn_ewc,none,6,DDoS,task6,detection_rate,1.0
gnn_ewc,none,6,DDoS,task6,binary_f1,0.9997969634759853
gnn_ewc,none,6,DDoS,task6,category_recall,1.0
gnn_ewc,none,6,DDoS,seen,n,416344.0
gnn_ewc,none,6,DDoS,seen,n_benign,313491.0
gnn_ewc,none,6,DDoS,seen,n_attack,102853.0
gnn_ewc,none,6,DDoS,seen,accuracy,0.9947447303191591
gnn_ewc,none,6,DDoS,seen,macro_f1,0.9929835718813098
gnn_ewc,none,6,DDoS,seen,fpr,0.00675617481841584
gnn_ewc,none,6,DDoS,seen,detection_rate,0.9993194170320749
gnn_ewc,none,6,DDoS,seen,binary_f1,0.9894683134861423
gnn_ewc,none,6,DDoS,all,n,416344.0
gnn_ewc,none,6,DDoS,all,n_benign,313491.0
gnn_ewc,none,6,DDoS,all,n_attack,102853.0
gnn_ewc,none,6,DDoS,all,accuracy,0.9947447303191591
gnn_ewc,none,6,DDoS,all,macro_f1,0.9929835718813098
gnn_ewc,none,6,DDoS,all,fpr,0.00675617481841584
gnn_ewc,none,6,DDoS,all,detection_rate,0.9993194170320749
gnn_ewc,none,6,DDoS,all,binary_f1,0.9894683134861423
