model,policy,stream_index,window_id,task_id,ts,n_flows,error_rate,signal,true_attack_fraction,pred_benign,pred_known_attack,pred_novel_drifted,drift_flag,retrained,retrains_so_far,rollbacks_so_far
gnn_ewc_replay,adwin,0,139,1,2017-07-05T11:42:42.084372,5000,0.0,0.0,0.0,5000,0,0,False,False,0,0
gnn_ewc_replay,adwin,1,140,1,2017-07-05T11:51:47.303080,5000,0.0,0.0,0.0,5000,0,0,False,False,0,0
gnn_ewc_replay,adwin,2,239,2,2017-07-06T11:59:00.490140,5000,0.0,0.0,0.0,5000,0,0,False,False,0,0
gnn_ewc_replay,adwin,3,142,1,2017-07-05T12:09:27.601738,5000,0.0,0.0,0.0,5000,0,0,False,False,0,0
gnn_ewc_replay,adwin,4,143,1,2017-07-05T12:14:30.228870,5000,0.0,0.0,0.0,5000,0,0,False,False,0,0
gnn_ewc_replay,adwin,5,145,1,2017-07-05T12:30:25.505932,5000,0.0,0.0,0.0,5000,0,0,False,False,0,0
gnn_ewc_replay,adwin,6,146,1,2017-07-05T12:39:54.047016,5000,0.0,0.0,0.0,5000,0,0,False,False,0,0
gnn_ewc_replay,adwin,7,240,2,2017-07-06T12:10:15.682034,5000,0.0,0.0,0.0,5000,0,0,False,False,0,0
gnn_ewc_replay,adwin,8,148,1,2017-07-05T12:52:02.760958,5000,0.1696,0.1696,0.1696,5000,0,0,True,True,1,0
gnn_ewc_replay,adwin,9,149,1,2017-07-05T12:57:13.318901,5000,0.0572,0.0572,0.1506,3960,1039,1,True,False,1,0
gnn_ewc_replay,adwin,10,150,1,2017-07-05T13:01:17.744846,5000,0.058,0.058,0.1364,4028,972,0,True,False,1,0
gnn_ewc_replay,adwin,11,152,1,2017-07-05T13:12:54.669885,5000,0.1332,0.1332,0.068,3994,1005,1,True,False,1,0
gnn_ewc_replay,adwin,12,242,2,2017-07-06T12:22:45.174419,5000,0.0024,0.0024,0.0024,4988,12,0,False,False,1,0
gnn_ewc_replay,adwin,13,153,1,2017-07-05T13:15:48.345465,5000,0.0634,0.0634,0.0724,4955,1,44,True,True,2,0
gnn_ewc_replay,adwin,14,155,1,2017-07-05T13:25:10.453300,5000,0.056,0.056,0.0816,4312,688,0,True,False,2,0
gnn_ewc_replay,adwin,15,156,1,2017-07-05T13:29:31.560642,5000,0.0306,0.0306,0.0428,4633,367,0,True,False,2,0
gnn_ewc_replay,adwin,16,158,1,2017-07-05T13:40:19.835821,5000,0.4124,0.4124,0.4124,5000,0,0,True,False,2,0
gnn_ewc_replay,adwin,17,243,2,2017-07-06T12:29:10.306594,5000,0.0344,0.0344,0.002,4817,9,174,True,False,2,0
gnn_ewc_replay,adwin,18,159,1,2017-07-05T13:43:24.912205,5000,0.9856,0.9856,0.9854,4998,1,1,True,True,3,0
gnn_ewc_replay,adwin,19,160,1,2017-07-05T13:43:58.440253,5000,0.0002,0.0002,0.986,69,4931,0,True,False,3,0
gnn_ewc_replay,adwin,20,162,1,2017-07-05T13:45:05.180353,5000,0.0004,0.0004,0.8242,877,4123,0,False,False,3,0
gnn_ewc_replay,adwin,21,163,1,2017-07-05T13:45:37.096427,5000,0.1188,0.1188,0.94,596,3640,764,True,False,3,0
gnn_ewc_replay,adwin,22,245,2,2017-07-06T12:39:29.210704,5000,0.002,0.002,0.002,4980,20,0,True,False,3,0
gnn_ewc_replay,adwin,23,165,1,2017-07-05T13:46:29.403971,5000,0.8974,0.8974,0.8974,4998,0,2,True,True,4,0
gnn_ewc_replay,adwin,24,166,1,2017-07-05T13:47:01.332086,5000,0.0,0.0,0.9734,133,4867,0,True,False,4,0
gnn_ewc_replay,adwin,25,168,1,2017-07-05T13:48:07.965214,5000,0.0,0.0,0.9862,69,4931,0,False,False,4,0
gnn_ewc_replay,adwin,26,246,2,2017-07-06T12:44:44.087288,5000,0.0002,0.0002,0.0024,4987,13,0,False,False,4,0
gnn_ewc_replay,adwin,27,169,1,2017-07-05T13:48:41.349281,5000,0.0004,0.0004,0.9956,20,4980,0,False,False,4,0
gnn_ewc_replay,adwin,28,170,1,2017-07-05T13:49:14.345333,5000,0.0,0.0,0.9682,159,4841,0,False,False,4,0
gnn_ewc_replay,adwin,29,172,1,2017-07-05T13:50:18.918794,5000,0.0,0.0,0.9886,57,4943,0,False,False,4,0
gnn_ewc_replay,adwin,30,173,1,2017-07-05T13:50:38.228962,5000,0.0676,0.0676,0.961,366,4283,351,True,True,5,0
gnn_ewc_replay,adwin,31,248,2,2017-07-06T12:56:59.488182,5000,0.0,0.0,0.001,4995,5,0,True,False,5,0
gnn_ewc_replay,adwin,32,175,1,2017-07-05T13:51:44.892056,5000,0.0,0.0,0.8968,516,4484,0,False,False,5,0
gnn_ewc_replay,adwin,33,176,1,2017-07-05T13:52:17.862138,5000,0.0002,0.0002,0.9862,68,4931,1,False,False,5,0
gnn_ewc_replay,adwin,34,178,1,2017-07-05T13:53:24.358267,5000,0.0,0.0,0.8974,513,4487,0,False,False,5,0
gnn_ewc_replay,adwin,35,179,1,2017-07-05T13:53:56.634131,5000,0.0,0.0,0.9602,198,4801,1,False,False,5,0
gnn_ewc_replay,adwin,36,249,2,2017-07-06T13:06:47.480861,5000,0.0002,0.0002,0.0004,4997,3,0,False,False,5,0
gnn_ewc_replay,adwin,37,180,1,2017-07-05T13:54:29.989881,5000,0.0,0.0,0.9614,193,4807,0,False,False,5,0
gnn_ewc_replay,adwin,38,182,1,2017-07-05T13:55:22.166920,5000,0.0,0.0,0.9904,48,4952,0,False,False,5,0
gnn_ewc_replay,adwin,39,183,1,2017-07-05T13:55:55.807965,5000,0.0,0.0,0.9642,179,4821,0,False,False,5,0
gnn_ewc_replay,adwin,40,185,1,2017-07-05T13:57:01.682060,5000,0.0,0.0,0.833,835,4165,0,False,False,5,0
gnn_ewc_replay,adwin,41,250,2,2017-07-06T13:18:02.084347,5000,0.0,0.0,0.0016,4992,8,0,False,False,5,0
gnn_ewc_replay,adwin,42,186,1,2017-07-05T13:57:20.115614,5000,0.0,0.0,0.9156,422,4578,0,False,False,5,0
gnn_ewc_replay,adwin,43,188,1,2017-07-05T13:58:25.938722,5000,0.0,0.0,0.827,865,4135,0,False,False,5,0
gnn_ewc_replay,adwin,44,189,1,2017-07-05T13:58:58.737812,5000,0.0,0.0,0.9314,343,4657,0,False,False,5,0
gnn_ewc_replay,adwin,45,190,1,2017-07-05T13:59:32.174828,5000,0.0,0.0,0.9632,184,4816,0,False,False,5,0
gnn_ewc_replay,adwin,46,252,2,2017-07-06T13:35:53.976822,5000,0.0022,0.0022,0.0022,4989,11,0,True,True,6,0
gnn_ewc_replay,adwin,47,192,1,2017-07-05T14:00:23.948382,5000,0.0,0.0,0.6088,1956,3044,0,False,False,6,0
gnn_ewc_replay,adwin,48,193,1,2017-07-05T14:02:52.031532,5000,0.0,0.0,0.0,5000,0,0,False,False,6,0
gnn_ewc_replay,adwin,49,195,1,2017-07-05T14:12:29.415831,5000,0.0,0.0,0.5148,2426,2574,0,False,False,6,0
gnn_ewc_replay,adwin,50,196,1,2017-07-05T14:17:42.794571,5000,0.0,0.0,0.5242,2379,2621,0,False,False,6,0
gnn_ewc_replay,adwin,51,253,2,2017-07-06T13:42:48.495516,5000,0.0,0.0,0.0002,4999,1,0,False,False,6,0
gnn_ewc_replay,adwin,52,198,1,2017-07-05T14:31:18.945145,5000,0.0,0.0,0.0,5000,0,0,False,False,6,0
gnn_ewc_replay,adwin,53,199,1,2017-07-05T14:42:55.811755,5000,0.0,0.0,0.0,5000,0,0,False,False,6,0
gnn_ewc_replay,adwin,54,200,1,2017-07-05T14:49:04.254998,5000,0.0,0.0,0.0,5000,0,0,False,False,6,0
gnn_ewc_replay,adwin,55,202,1,2017-07-05T15:02:38.428045,5000,0.0,0.0,0.0,5000,0,0,False,False,6,0
gnn_ewc_replay,adwin,56,255,2,2017-07-06T13:58:01.440411,5000,0.0006,0.0006,0.0,4997,3,0,False,False,6,0
gnn_ewc_replay,adwin,57,203,1,2017-07-05T15:14:29.623535,5000,0.0,0.0,0.0,5000,0,0,False,False,6,0
gnn_ewc_replay,adwin,58,205,1,2017-07-05T15:57:46.023320,5000,0.0,0.0,0.0,5000,0,0,False,False,6,0
gnn_ewc_replay,adwin,59,206,1,2017-07-05T16:11:21.785357,5000,0.0,0.0,0.0,5000,0,0,False,False,6,0
gnn_ewc_replay,adwin,60,208,1,2017-07-05T16:26:17.988361,5000,0.0,0.0,0.0,5000,0,0,False,False,6,0
gnn_ewc_replay,adwin,61,256,2,2017-07-06T14:07:33.699620,5000,0.0002,0.0002,0.0,4999,1,0,False,False,6,0
gnn_ewc_replay,adwin,62,209,1,2017-07-05T16:33:30.652614,5000,0.0,0.0,0.0,5000,0,0,False,False,6,0
gnn_ewc_replay,adwin,63,210,1,2017-07-05T16:44:07.514721,5000,0.0,0.0,0.0,5000,0,0,False,False,6,0
gnn_ewc_replay,adwin,64,212,1,2017-07-05T16:58:27.864246,5000,0.0,0.0,0.0,5000,0,0,False,False,6,0
gnn_ewc_replay,adwin,65,213,1,2017-07-05T17:04:53.987116,5000,0.0,0.0,0.0,5000,0,0,False,False,6,0
gnn_ewc_replay,adwin,66,258,2,2017-07-06T14:36:43.113049,5000,0.0,0.0,0.0,5000,0,0,False,False,6,0
gnn_ewc_replay,adwin,67,215,1,2017-07-05T17:17:43.888859,5000,0.0004,0.0004,0.0,4998,2,0,False,False,6,0
gnn_ewc_replay,adwin,68,216,1,2017-07-05T17:25:11.387702,5000,0.0,0.0,0.0,5000,0,0,False,False,6,0
gnn_ewc_replay,adwin,69,218,1,2017-07-05T17:32:09.292244,5000,0.0,0.0,0.0,5000,0,0,False,False,6,0
gnn_ewc_replay,adwin,70,259,2,2017-07-06T14:44:47.463686,5000,0.0,0.0,0.0,5000,0,0,False,False,6,0
gnn_ewc_replay,adwin,71,219,1,2017-07-05T17:36:30.842330,5000,0.0,0.0,0.0,5000,0,0,False,False,6,0
gnn_ewc_replay,adwin,72,220,1,2017-07-05T17:44:46.125001,5000,0.0,0.0,0.0,5000,0,0,False,False,6,0
gnn_ewc_replay,adwin,73,222,1,2017-07-05T18:03:49.082999,5000,0.0,0.0,0.0,5000,0,0,False,False,6,0
gnn_ewc_replay,adwin,74,223,1,2017-07-05T18:09:29.961498,5000,0.0,0.0,0.0,4998,0,2,False,False,6,0
gnn_ewc_replay,adwin,75,260,2,2017-07-06T14:51:31.044028,5000,0.0,0.0,0.0,5000,0,0,False,False,6,0
gnn_ewc_replay,adwin,76,225,1,2017-07-05T18:14:52.374862,5000,0.0004,0.0004,0.0004,5000,0,0,False,False,6,0
gnn_ewc_replay,adwin,77,226,1,2017-07-05T18:18:42.833755,5000,0.0002,0.0002,0.0002,5000,0,0,False,False,6,0
gnn_ewc_replay,adwin,78,228,1,2017-07-05T18:28:02.917391,5000,0.0006,0.0006,0.0006,5000,0,0,False,False,6,0
gnn_ewc_replay,adwin,79,229,1,2017-07-05T18:34:28.100119,5000,0.0,0.0,0.0,5000,0,0,False,False,6,0
gnn_ewc_replay,adwin,80,262,2,2017-07-06T15:02:34.710872,5000,0.0,0.0,0.0,5000,0,0,False,False,6,0
gnn_ewc_replay,adwin,81,230,1,2017-07-05T18:46:02.220861,5000,0.0,0.0,0.0,5000,0,0,False,False,6,0
gnn_ewc_replay,adwin,82,232,1,2017-07-05T19:08:00.288731,5000,0.0,0.0,0.0,5000,0,0,False,False,6,0
gnn_ewc_replay,adwin,83,233,1,2017-07-05T19:16:31.400416,5000,0.0,0.0,0.0,5000,0,0,False,False,6,0
gnn_ewc_replay,adwin,84,235,1,2017-07-05T19:34:27.924119,5000,0.0,0.0,0.0,5000,0,0,False,False,6,0
gnn_ewc_replay,adwin,85,263,2,2017-07-06T15:17:36.886104,1631,0.0,0.0,0.0,1631,0,0,False,False,6,0
gnn_ewc_replay,adwin,86,236,1,2017-07-05T19:42:27.366104,5000,0.0,0.0,0.0,5000,0,0,False,False,6,0
gnn_ewc_replay,adwin,87,238,1,2017-07-05T20:01:58.214404,1639,0.0,0.0,0.0,1639,0,0,False,False,6,0
gnn_ewc_replay,adwin,88,264,3,2017-07-06T15:21:46.077528,5000,0.0,0.0,0.0,4995,0,5,False,False,6,0
gnn_ewc_replay,adwin,89,312,4,2017-07-07T11:59:50.315195,5000,0.0,0.0,0.0,5000,0,0,False,False,6,0
gnn_ewc_replay,adwin,90,265,3,2017-07-06T15:57:48.073332,5000,0.0,0.0,0.0,5000,0,0,False,False,6,0
gnn_ewc_replay,adwin,91,267,3,2017-07-06T16:20:01.275888,5000,0.0002,0.0002,0.0,4997,1,2,False,False,6,0
gnn_ewc_replay,adwin,92,313,4,2017-07-07T12:11:03.657511,5000,0.0,0.0,0.0,5000,0,0,False,False,6,0
gnn_ewc_replay,adwin,93,268,3,2017-07-06T16:26:11.443075,5000,0.0,0.0,0.0,5000,0,0,False,False,6,0
gnn_ewc_replay,adwin,94,315,4,2017-07-07T12:29:00.190644,5000,0.0,0.0,0.0,5000,0,0,False,False,6,0
gnn_ewc_replay,adwin,95,270,3,2017-07-06T16:41:26.142952,5000,0.0,0.0,0.0,5000,0,0,False,False,6,0
gnn_ewc_replay,adwin,96,271,3,2017-07-06T16:48:23.513508,5000,0.0,0.0,0.0,5000,0,0,False,False,6,0
gnn_ewc_replay,adwin,97,316,4,2017-07-07T12:37:40.318157,5000,0.0,0.0,0.0,5000,0,0,False,False,6,0
gnn_ewc_replay,adwin,98,273,3,2017-07-06T17:01:56.124719,5000,0.0,0.0,0.0,5000,0,0,False,False,6,0
gnn_ewc_replay,adwin,99,274,3,2017-07-06T17:09:14.312316,5000,0.0002,0.0002,0.0002,5000,0,0,False,False,6,0
gnn_ewc_replay,adwin,100,318,4,2017-07-07T12:49:25.541221,5000,0.0,0.0,0.0,5000,0,0,False,False,6,0
gnn_ewc_replay,adwin,101,275,3,2017-07-06T17:19:03.227873,5000,0.0002,0.0002,0.0002,5000,0,0,False,False,6,0
gnn_ewc_replay,adwin,102,319,4,2017-07-07T12:57:46.514818,5000,0.0,0.0,0.0,5000,0,0,False,False,6,0
gnn_ewc_replay,adwin,103,277,3,2017-07-06T17:33:34.194501,5000,0.1946,0.1946,0.1946,5000,0,0,True,True,7,0
gnn_ewc_replay,adwin,104,278,3,2017-07-06T17:39:12.552975,5000,0.0004,0.0004,0.0004,5000,0,0,False,False,7,0
gnn_ewc_replay,adwin,105,321,4,2017-07-07T13:06:05.779821,5000,0.0058,0.0058,0.0058,5000,0,0,False,False,7,0
gnn_ewc_replay,adwin,106,280,3,2017-07-06T17:55:09.986251,5000,0.0004,0.0004,0.0004,5000,0,0,False,False,7,0
gnn_ewc_replay,adwin,107,281,3,2017-07-06T17:59:36.467132,5000,0.0002,0.0002,0.0002,5000,0,0,False,False,7,0
gnn_ewc_replay,adwin,108,322,4,2017-07-07T13:10:50.455475,5000,0.0024,0.0024,0.0024,5000,0,0,False,False,7,0
gnn_ewc_replay,adwin,109,283,3,2017-07-06T18:07:16.757797,5000,0.0318,0.0318,0.663,1677,3303,20,True,True,8,0
gnn_ewc_replay,adwin,110,323,4,2017-07-07T13:17:08.517690,5000,0.0,0.0,0.0016,4992,8,0,False,False,8,0
gnn_ewc_replay,adwin,111,284,3,2017-07-06T18:09:57.844506,5000,0.013,0.013,0.824,815,4185,0,True,False,8,0
gnn_ewc_replay,adwin,112,285,3,2017-07-06T18:10:49.994872,5000,0.0374,0.0374,0.775,938,4062,0,True,False,8,0
gnn_ewc_replay,adwin,113,325,4,2017-07-07T13:25:25.836703,5000,0.0012,0.0012,0.0118,4945,55,0,True,False,8,0
gnn_ewc_replay,adwin,114,287,3,2017-07-06T18:14:45.755478,5000,0.0118,0.0118,0.3294,3294,1706,0,True,True,9,0
gnn_ewc_replay,adwin,115,288,3,2017-07-06T18:18:04.892579,5000,0.0096,0.0096,0.665,1700,3186,114,True,False,9,0
gnn_ewc_replay,adwin,116,326,4,2017-07-07T13:28:50.168559,5000,0.0,0.0,0.0124,4938,62,0,True,False,9,0
gnn_ewc_replay,adwin,117,290,3,2017-07-06T18:20:34.510755,5000,0.0004,0.0004,0.6878,1559,3441,0,False,False,9,0
gnn_ewc_replay,adwin,118,291,3,2017-07-06T18:22:53.483056,5000,0.0,0.0,0.7674,1163,3836,1,False,False,9,0
gnn_ewc_replay,adwin,119,328,4,2017-07-07T13:36:33.599736,5000,0.0,0.0,0.0372,4814,183,3,False,False,9,0
gnn_ewc_replay,adwin,120,293,3,2017-07-06T18:27:47.326584,5000,0.0,0.0,0.8746,627,4373,0,False,False,9,0
gnn_ewc_replay,adwin,121,329,4,2017-07-07T13:44:33.114918,5000,0.0,0.0,0.0444,4778,222,0,False,False,9,0
gnn_ewc_replay,adwin,122,294,3,2017-07-06T18:29:08.737619,5000,0.0,0.0,0.6564,1718,3282,0,False,False,9,0
gnn_ewc_replay,adwin,123,295,3,2017-07-06T18:31:05.480703,5000,0.0016,0.0016,0.723,1377,3621,2,False,False,9,0
gnn_ewc_replay,adwin,124,331,4,2017-07-07T14:03:11.120403,5000,0.0,0.0,0.0,5000,0,0,False,False,9,0
gnn_ewc_replay,adwin,125,297,3,2017-07-06T18:33:53.760513,5000,0.0002,0.0002,0.512,2439,2561,0,False,False,9,0
gnn_ewc_replay,adwin,126,298,3,2017-07-06T18:37:22.766188,5000,0.0,0.0,0.6834,1583,3417,0,False,False,9,0
gnn_ewc_replay,adwin,127,332,4,2017-07-07T14:10:48.127689,5000,0.0,0.0,0.0,5000,0,0,False,False,9,0
gnn_ewc_replay,adwin,128,300,3,2017-07-06T18:40:30.610036,5000,0.0002,0.0002,0.6866,1553,3432,15,False,False,9,0
gnn_ewc_replay,adwin,129,333,4,2017-07-07T14:17:34.746882,5000,0.0,0.0,0.0,5000,0,0,False,False,9,0
gnn_ewc_replay,adwin,130,301,3,2017-07-06T18:42:06.498633,5000,0.0,0.0,0.6346,1827,3171,2,False,False,9,0
gnn_ewc_replay,adwin,131,303,3,2017-07-06T18:47:09.422094,5000,0.0,0.0,0.0,5000,0,0,False,False,9,0
gnn_ewc_replay,adwin,132,335,4,2017-07-07T14:29:28.037485,5000,0.0,0.0,0.0,5000,0,0,False,False,9,0
gnn_ewc_replay,adwin,133,304,3,2017-07-06T18:54:53.175956,5000,0.0002,0.0002,0.0,4999,1,0,False,False,9,0
gnn_ewc_replay,adwin,134,305,3,2017-07-06T19:03:28.804011,5000,0.0,0.0,0.0,5000,0,0,False,False,9,0
gnn_ewc_replay,adwin,135,336,4,2017-07-07T14:36:46.146039,5000,0.0,0.0,0.0,5000,0,0,False,False,9,0
gnn_ewc_replay,adwin,136,307,3,2017-07-06T19:27:07.705893,5000,0.0,0.0,0.0,5000,0,0,False,False,9,0
gnn_ewc_replay,adwin,137,338,4,2017-07-07T14:53:13.213414,5000,0.0002,0.0002,0.0,4998,0,2,False,False,9,0
gnn_ewc_replay,adwin,138,308,3,2017-07-06T19:34:19.845180,5000,0.0,0.0,0.0,5000,0,0,False,False,9,0
gnn_ewc_replay,adwin,139,310,3,2017-07-06T19:49:46.027609,5000,0.0,0.0,0.0,5000,0,0,False,False,9,0
gnn_ewc_replay,adwin,140,339,4,2017-07-07T15:00:28.242232,5000,0.0,0.0,0.0,5000,0,0,False,False,9,0
gnn_ewc_replay,adwin,141,311,3,2017-07-06T19:54:11.940169,5445,0.0,0.0,0.0,5445,0,0,False,False,9,0
gnn_ewc_replay,adwin,142,341,5,2017-07-07T15:28:53.858854,5000,0.0008,0.0008,0.0,4996,4,0,False,False,9,0
gnn_ewc_replay,adwin,143,395,6,2017-07-07T18:40:13.106791,5000,0.0,0.0,0.0,5000,0,0,False,False,9,0
gnn_ewc_replay,adwin,144,342,5,2017-07-07T16:08:36.089220,5000,0.0,0.0,0.0,5000,0,0,False,False,9,0
gnn_ewc_replay,adwin,145,344,5,2017-07-07T16:34:33.679764,5000,0.0,0.0,0.0,5000,0,0,False,False,9,0
gnn_ewc_replay,adwin,146,396,6,2017-07-07T18:51:29.702413,5000,0.4302,0.4302,0.4302,2849,2151,0,True,True,10,0
gnn_ewc_replay,adwin,147,345,5,2017-07-07T16:36:28.449578,5000,0.0,0.0,0.0,5000,0,0,True,False,10,0
gnn_ewc_replay,adwin,148,347,5,2017-07-07T16:50:49.419521,5000,0.0266,0.0266,0.0264,4867,132,1,True,False,10,0
gnn_ewc_replay,adwin,149,398,6,2017-07-07T18:58:02.196043,5000,0.0,0.0,0.7544,1228,3772,0,False,False,10,0
gnn_ewc_replay,adwin,150,348,5,2017-07-07T16:59:16.787988,5000,0.0188,0.0188,0.0188,4906,94,0,True,False,10,0
gnn_ewc_replay,adwin,151,350,5,2017-07-07T17:13:57.348088,5000,0.0236,0.0236,0.0236,5000,0,0,True,True,11,0
gnn_ewc_replay,adwin,152,399,6,2017-07-07T18:58:48.883331,5000,0.0,0.0,0.791,1040,3955,5,True,False,11,0
gnn_ewc_replay,adwin,153,351,5,2017-07-07T17:21:37.950704,5000,0.0,0.0,0.0,5000,0,0,False,False,11,0
gnn_ewc_replay,adwin,154,352,5,2017-07-07T17:28:14.273505,5000,0.0,0.0,0.0,5000,0,0,False,False,11,0
gnn_ewc_replay,adwin,155,401,6,2017-07-07T19:00:29.056924,5000,0.0002,0.0002,0.8542,728,4272,0,False,False,11,0
gnn_ewc_replay,adwin,156,354,5,2017-07-07T17:45:17.899612,5000,0.0296,0.0296,0.0286,4850,148,2,True,True,12,0
gnn_ewc_replay,adwin,157,402,6,2017-07-07T19:01:21.056982,5000,0.0,0.0,0.9168,415,4584,1,True,False,12,0
gnn_ewc_replay,adwin,158,355,5,2017-07-07T17:51:45.466435,5000,0.9928,0.9928,0.9924,36,4964,0,True,False,12,0
gnn_ewc_replay,adwin,159,357,5,2017-07-07T17:51:59.159748,5000,0.9956,0.9956,0.9956,22,4978,0,False,False,12,0
gnn_ewc_replay,adwin,160,404,6,2017-07-07T19:03:17.417002,5000,0.0,0.0,0.8918,541,4459,0,True,False,12,0
gnn_ewc_replay,adwin,161,358,5,2017-07-07T17:52:06.020133,5000,0.9872,0.9872,0.9872,64,4936,0,True,True,13,0
gnn_ewc_replay,adwin,162,360,5,2017-07-07T17:52:19.730775,5000,0.003,0.003,0.9878,46,4953,1,True,False,13,0
gnn_ewc_replay,adwin,163,405,6,2017-07-07T19:04:11.677669,5000,0.0,0.0,0.9342,329,4671,0,False,False,13,0
gnn_ewc_replay,adwin,164,361,5,2017-07-07T17:52:26.609510,5000,0.004,0.004,0.9948,6,4994,0,False,False,13,0
gnn_ewc_replay,adwin,165,362,5,2017-07-07T17:52:33.458646,5000,0.0038,0.0038,0.9898,32,4968,0,False,False,13,0
gnn_ewc_replay,adwin,166,406,6,2017-07-07T19:05:10.130947,5000,0.0002,0.0002,0.8698,650,4350,0,False,False,13,0
gnn_ewc_replay,adwin,167,364,5,2017-07-07T17:52:47.175885,5000,0.0042,0.0042,0.994,9,4991,0,False,False,13,0
gnn_ewc_replay,adwin,168,365,5,2017-07-07T17:52:54.036328,5000,0.003,0.003,0.9786,92,4908,0,False,False,13,0
gnn_ewc_replay,adwin,169,408,6,2017-07-07T19:06:59.997858,5000,0.0002,0.0002,0.8462,767,4231,2,False,False,13,0
gnn_ewc_replay,adwin,170,367,5,2017-07-07T17:54:15.198356,5000,0.0044,0.0044,0.9366,295,4705,0,False,False,13,0
gnn_ewc_replay,adwin,171,368,5,2017-07-07T17:54:21.743673,5000,0.0028,0.0028,0.9926,22,4976,2,False,False,13,0
gnn_ewc_replay,adwin,172,409,6,2017-07-07T19:07:51.520364,5000,0.0,0.0,0.8472,764,4236,0,False,False,13,0
gnn_ewc_replay,adwin,173,370,5,2017-07-07T17:54:34.912359,5000,0.0032,0.0032,0.9606,181,4819,0,False,False,13,0
gnn_ewc_replay,adwin,174,371,5,2017-07-07T17:54:40.199430,5000,0.0042,0.0042,0.9946,6,4994,0,False,False,13,0
gnn_ewc_replay,adwin,175,411,6,2017-07-07T19:09:36.175401,5000,0.0,0.0,0.9538,231,4769,0,False,False,13,0
gnn_ewc_replay,adwin,176,372,5,2017-07-07T17:54:46.759913,5000,0.0034,0.0034,0.9942,12,4988,0,False,False,13,0
gnn_ewc_replay,adwin,177,374,5,2017-07-07T17:54:59.878558,5000,0.003,0.003,0.9906,32,4968,0,False,False,13,0
gnn_ewc_replay,adwin,178,412,6,2017-07-07T19:10:34.468512,5000,0.0,0.0,0.9152,424,4576,0,False,False,13,0
gnn_ewc_replay,adwin,179,375,5,2017-07-07T17:55:06.426975,5000,0.0048,0.0048,0.9674,139,4861,0,False,False,13,0
gnn_ewc_replay,adwin,180,377,5,2017-07-07T17:55:19.562795,5000,0.0034,0.0034,0.9908,29,4971,0,False,False,13,0
gnn_ewc_replay,adwin,181,414,6,2017-07-07T19:12:19.835270,5000,0.0,0.0,0.8936,532,4468,0,False,False,13,0
gnn_ewc_replay,adwin,182,378,5,2017-07-07T17:55:26.138198,5000,0.0038,0.0038,0.9918,22,4978,0,False,False,13,0
gnn_ewc_replay,adwin,183,380,5,2017-07-07T17:55:39.290299,5000,0.0042,0.0042,0.8928,515,4485,0,False,False,13,0
gnn_ewc_replay,adwin,184,415,6,2017-07-07T19:13:13.980423,5000,0.0,0.0,0.6772,1614,3386,0,False,False,13,0
gnn_ewc_replay,adwin,185,381,5,2017-07-07T17:55:45.863226,5000,0.0042,0.0042,0.936,299,4701,0,False,False,13,0
gnn_ewc_replay,adwin,186,416,6,2017-07-07T19:13:55.557798,5000,0.0,0.0,0.7796,1100,3898,2,False,False,13,0
gnn_ewc_replay,adwin,187,382,5,2017-07-07T17:55:51.164024,5000,0.0036,0.0036,0.9796,84,4916,0,False,False,13,0
gnn_ewc_replay,adwin,188,384,5,2017-07-07T18:00:43.250620,5000,0.0002,0.0002,0.0796,4601,399,0,False,False,13,0
gnn_ewc_replay,adwin,189,418,6,2017-07-07T19:15:38.304116,5000,0.0016,0.0016,0.566,2162,2838,0,False,False,13,0
gnn_ewc_replay,adwin,190,385,5,2017-07-07T18:08:01.771442,5000,0.0062,0.0062,0.8088,925,4075,0,True,True,14,0
gnn_ewc_replay,adwin,191,387,5,2017-07-07T18:10:02.151109,5000,0.0,0.0,0.4012,2994,2006,0,False,False,14,0
gnn_ewc_replay,adwin,192,419,6,2017-07-07T19:20:18.568724,5000,0.0,0.0,0.0,5000,0,0,True,False,14,0
gnn_ewc_replay,adwin,193,388,5,2017-07-07T18:12:20.353225,5000,0.0048,0.0048,0.0048,5000,0,0,True,False,14,0
gnn_ewc_replay,adwin,194,390,5,2017-07-07T18:22:29.680677,5000,0.0,0.0,0.818,910,4090,0,False,False,14,0
gnn_ewc_replay,adwin,195,421,6,2017-07-07T19:42:08.815711,5000,0.0,0.0,0.0,5000,0,0,True,False,14,0
gnn_ewc_replay,adwin,196,391,5,2017-07-07T18:23:24.585570,5000,0.0,0.0,0.485,2575,2425,0,False,False,14,0
gnn_ewc_replay,adwin,197,392,5,2017-07-07T18:27:32.404808,5000,0.0,0.0,0.0,5000,0,0,False,False,14,0
gnn_ewc_replay,adwin,198,422,6,2017-07-07T19:53:33.828828,3798,0.0,0.0,0.0,3798,0,0,False,False,14,0
gnn_ewc_replay,adwin,199,394,5,2017-07-07T18:38:01.487913,1117,0.0,0.0,0.0,1117,0,0,False,False,14,0
gnn_ewc_replay,periodic,0,139,1,2017-07-05T11:42:42.084372,5000,0.0,0.0,0.0,5000,0,0,False,False,0,0
gnn_ewc_replay,periodic,1,140,1,2017-07-05T11:51:47.303080,5000,0.0,0.0,0.0,5000,0,0,False,False,0,0
gnn_ewc_replay,periodic,2,239,2,2017-07-06T11:59:00.490140,5000,0.0,0.0,0.0,5000,0,0,False,False,0,0
gnn_ewc_replay,periodic,3,142,1,2017-07-05T12:09:27.601738,5000,0.0,0.0,0.0,5000,0,0,False,False,0,0
gnn_ewc_replay,periodic,4,143,1,2017-07-05T12:14:30.228870,5000,0.0,0.0,0.0,5000,0,0,False,False,0,0
gnn_ewc_replay,periodic,5,145,1,2017-07-05T12:30:25.505932,5000,0.0,0.0,0.0,5000,0,0,False,False,0,0
gnn_ewc_replay,periodic,6,146,1,2017-07-05T12:39:54.047016,5000,0.0,0.0,0.0,5000,0,0,False,False,0,0
gnn_ewc_replay,periodic,7,240,2,2017-07-06T12:10:15.682034,5000,0.0,0.0,0.0,5000,0,0,False,False,0,0
gnn_ewc_replay,periodic,8,148,1,2017-07-05T12:52:02.760958,5000,0.1696,0.1696,0.1696,5000,0,0,False,False,0,0
gnn_ewc_replay,periodic,9,149,1,2017-07-05T12:57:13.318901,5000,0.1506,0.1506,0.1506,5000,0,0,False,False,0,0
gnn_ewc_replay,periodic,10,150,1,2017-07-05T13:01:17.744846,5000,0.1364,0.1364,0.1364,5000,0,0,False,False,0,0
gnn_ewc_replay,periodic,11,152,1,2017-07-05T13:12:54.669885,5000,0.068,0.068,0.068,5000,0,0,False,False,0,0
gnn_ewc_replay,periodic,12,242,2,2017-07-06T12:22:45.174419,5000,0.0024,0.0024,0.0024,5000,0,0,False,False,0,0
gnn_ewc_replay,periodic,13,153,1,2017-07-05T13:15:48.345465,5000,0.0724,0.0724,0.0724,5000,0,0,False,False,0,0
gnn_ewc_replay,periodic,14,155,1,2017-07-05T13:25:10.453300,5000,0.0816,0.0816,0.0816,5000,0,0,False,False,0,0
gnn_ewc_replay,periodic,15,156,1,2017-07-05T13:29:31.560642,5000,0.0428,0.0428,0.0428,5000,0,0,False,False,0,0
gnn_ewc_replay,periodic,16,158,1,2017-07-05T13:40:19.835821,5000,0.4124,0.4124,0.4124,5000,0,0,False,False,0,0
gnn_ewc_replay,periodic,17,243,2,2017-07-06T12:29:10.306594,5000,0.002,0.002,0.002,5000,0,0,False,False,0,0
gnn_ewc_replay,periodic,18,159,1,2017-07-05T13:43:24.912205,5000,0.9866,0.9866,0.9854,4994,4,2,False,False,0,0
gnn_ewc_replay,periodic,19,160,1,2017-07-05T13:43:58.440253,5000,0.986,0.986,0.986,5000,0,0,False,False,0,0
gnn_ewc_replay,periodic,20,162,1,2017-07-05T13:45:05.180353,5000,0.8242,0.8242,0.8242,5000,0,0,False,False,0,0
gnn_ewc_replay,periodic,21,163,1,2017-07-05T13:45:37.096427,5000,0.9414,0.9414,0.94,4993,7,0,False,False,0,0
gnn_ewc_replay,periodic,22,245,2,2017-07-06T12:39:29.210704,5000,0.002,0.002,0.002,5000,0,0,False,False,0,0
gnn_ewc_replay,periodic,23,165,1,2017-07-05T13:46:29.403971,5000,0.8986,0.8986,0.8974,4994,6,0,False,False,0,0
gnn_ewc_replay,periodic,24,166,1,2017-07-05T13:47:01.332086,5000,0.9748,0.9748,0.9734,4993,7,0,False,True,1,0
gnn_ewc_replay,periodic,25,168,1,2017-07-05T13:48:07.965214,5000,0.0,0.0,0.9862,69,4931,0,False,False,1,0
gnn_ewc_replay,periodic,26,246,2,2017-07-06T12:44:44.087288,5000,0.0024,0.0024,0.0024,4976,24,0,False,False,1,0
gnn_ewc_replay,periodic,27,169,1,2017-07-05T13:48:41.349281,5000,0.0004,0.0004,0.9956,20,4980,0,False,False,1,0
gnn_ewc_replay,periodic,28,170,1,2017-07-05T13:49:14.345333,5000,0.0,0.0,0.9682,155,4841,4,False,False,1,0
gnn_ewc_replay,periodic,29,172,1,2017-07-05T13:50:18.918794,5000,0.0,0.0,0.9886,57,4943,0,False,False,1,0
gnn_ewc_replay,periodic,30,173,1,2017-07-05T13:50:38.228962,5000,0.0858,0.0858,0.961,324,3903,773,False,False,1,0
gnn_ewc_replay,periodic,31,248,2,2017-07-06T12:56:59.488182,5000,0.001,0.001,0.001,4990,6,4,False,False,1,0
gnn_ewc_replay,periodic,32,175,1,2017-07-05T13:51:44.892056,5000,0.0,0.0,0.8968,516,4484,0,False,False,1,0
gnn_ewc_replay,periodic,33,176,1,2017-07-05T13:52:17.862138,5000,0.0002,0.0002,0.9862,68,4932,0,False,False,1,0
gnn_ewc_replay,periodic,34,178,1,2017-07-05T13:53:24.358267,5000,0.0,0.0,0.8974,513,4487,0,False,False,1,0
gnn_ewc_replay,periodic,35,179,1,2017-07-05T13:53:56.634131,5000,0.0,0.0,0.9602,198,4801,1,False,False,1,0
gnn_ewc_replay,periodic,36,249,2,2017-07-06T13:06:47.480861,5000,0.0008,0.0008,0.0004,4994,5,1,False,False,1,0
gnn_ewc_replay,periodic,37,180,1,2017-07-05T13:54:29.989881,5000,0.0,0.0,0.9614,193,4807,0,False,False,1,0
gnn_ewc_replay,periodic,38,182,1,2017-07-05T13:55:22.166920,5000,0.0,0.0,0.9904,48,4952,0,False,False,1,0
gnn_ewc_replay,periodic,39,183,1,2017-07-05T13:55:55.807965,5000,0.0,0.0,0.9642,179,4821,0,False,False,1,0
gnn_ewc_replay,periodic,40,185,1,2017-07-05T13:57:01.682060,5000,0.0448,0.0448,0.833,916,3529,555,False,False,1,0
gnn_ewc_replay,periodic,41,250,2,2017-07-06T13:18:02.084347,5000,0.0,0.0,0.0016,4992,8,0,False,False,1,0
gnn_ewc_replay,periodic,42,186,1,2017-07-05T13:57:20.115614,5000,0.0002,0.0002,0.9156,421,4579,0,False,False,1,0
gnn_ewc_replay,periodic,43,188,1,2017-07-05T13:58:25.938722,5000,0.0,0.0,0.827,865,4135,0,False,False,1,0
gnn_ewc_replay,periodic,44,189,1,2017-07-05T13:58:58.737812,5000,0.0,0.0,0.9314,343,4657,0,False,False,1,0
gnn_ewc_replay,periodic,45,190,1,2017-07-05T13:59:32.174828,5000,0.0326,0.0326,0.9632,233,4269,498,False,False,1,0
gnn_ewc_replay,periodic,46,252,2,2017-07-06T13:35:53.976822,5000,0.0022,0.0022,0.0022,5000,0,0,False,False,1,0
gnn_ewc_replay,periodic,47,192,1,2017-07-05T14:00:23.948382,5000,0.0,0.0,0.6088,1956,3044,0,False,False,1,0
gnn_ewc_replay,periodic,48,193,1,2017-07-05T14:02:52.031532,5000,0.0,0.0,0.0,5000,0,0,False,False,1,0
gnn_ewc_replay,periodic,49,195,1,2017-07-05T14:12:29.415831,5000,0.0,0.0,0.5148,2426,2574,0,False,True,2,0
gnn_ewc_replay,periodic,50,196,1,2017-07-05T14:17:42.794571,5000,0.0,0.0,0.5242,2379,2621,0,False,False,2,0
gnn_ewc_replay,periodic,51,253,2,2017-07-06T13:42:48.495516,5000,0.0,0.0,0.0002,4996,1,3,False,False,2,0
gnn_ewc_replay,periodic,52,198,1,2017-07-05T14:31:18.945145,5000,0.0,0.0,0.0,5000,0,0,False,False,2,0
gnn_ewc_replay,periodic,53,199,1,2017-07-05T14:42:55.811755,5000,0.0,0.0,0.0,5000,0,0,False,False,2,0
gnn_ewc_replay,periodic,54,200,1,2017-07-05T14:49:04.254998,5000,0.0,0.0,0.0,5000,0,0,False,False,2,0
gnn_ewc_replay,periodic,55,202,1,2017-07-05T15:02:38.428045,5000,0.0,0.0,0.0,5000,0,0,False,False,2,0
gnn_ewc_replay,periodic,56,255,2,2017-07-06T13:58:01.440411,5000,0.0006,0.0006,0.0,4997,3,0,False,False,2,0
gnn_ewc_replay,periodic,57,203,1,2017-07-05T15:14:29.623535,5000,0.0,0.0,0.0,5000,0,0,False,False,2,0
gnn_ewc_replay,periodic,58,205,1,2017-07-05T15:57:46.023320,5000,0.0,0.0,0.0,5000,0,0,False,False,2,0
gnn_ewc_replay,periodic,59,206,1,2017-07-05T16:11:21.785357,5000,0.0,0.0,0.0,5000,0,0,False,False,2,0
gnn_ewc_replay,periodic,60,208,1,2017-07-05T16:26:17.988361,5000,0.0,0.0,0.0,5000,0,0,False,False,2,0
gnn_ewc_replay,periodic,61,256,2,2017-07-06T14:07:33.699620,5000,0.0006,0.0006,0.0,4997,2,1,False,False,2,0
gnn_ewc_replay,periodic,62,209,1,2017-07-05T16:33:30.652614,5000,0.0,0.0,0.0,5000,0,0,False,False,2,0
gnn_ewc_replay,periodic,63,210,1,2017-07-05T16:44:07.514721,5000,0.0,0.0,0.0,5000,0,0,False,False,2,0
gnn_ewc_replay,periodic,64,212,1,2017-07-05T16:58:27.864246,5000,0.0,0.0,0.0,5000,0,0,False,False,2,0
gnn_ewc_replay,periodic,65,213,1,2017-07-05T17:04:53.987116,5000,0.0,0.0,0.0,5000,0,0,False,False,2,0
gnn_ewc_replay,periodic,66,258,2,2017-07-06T14:36:43.113049,5000,0.0,0.0,0.0,5000,0,0,False,False,2,0
gnn_ewc_replay,periodic,67,215,1,2017-07-05T17:17:43.888859,5000,0.0004,0.0004,0.0,4998,2,0,False,False,2,0
gnn_ewc_replay,periodic,68,216,1,2017-07-05T17:25:11.387702,5000,0.0,0.0,0.0,5000,0,0,False,False,2,0
gnn_ewc_replay,periodic,69,218,1,2017-07-05T17:32:09.292244,5000,0.0,0.0,0.0,5000,0,0,False,False,2,0
gnn_ewc_replay,periodic,70,259,2,2017-07-06T14:44:47.463686,5000,0.0,0.0,0.0,5000,0,0,False,False,2,0
gnn_ewc_replay,periodic,71,219,1,2017-07-05T17:36:30.842330,5000,0.0002,0.0002,0.0,4999,1,0,False,False,2,0
gnn_ewc_replay,periodic,72,220,1,2017-07-05T17:44:46.125001,5000,0.0,0.0,0.0,5000,0,0,False,False,2,0
gnn_ewc_replay,periodic,73,222,1,2017-07-05T18:03:49.082999,5000,0.0,0.0,0.0,5000,0,0,False,False,2,0
gnn_ewc_replay,periodic,74,223,1,2017-07-05T18:09:29.961498,5000,0.0004,0.0004,0.0,4998,0,2,False,True,3,0
gnn_ewc_replay,periodic,75,260,2,2017-07-06T14:51:31.044028,5000,0.0,0.0,0.0,5000,0,0,False,False,3,0
gnn_ewc_replay,periodic,76,225,1,2017-07-05T18:14:52.374862,5000,0.0004,0.0004,0.0004,5000,0,0,False,False,3,0
gnn_ewc_replay,periodic,77,226,1,2017-07-05T18:18:42.833755,5000,0.0002,0.0002,0.0002,5000,0,0,False,False,3,0
gnn_ewc_replay,periodic,78,228,1,2017-07-05T18:28:02.917391,5000,0.0006,0.0006,0.0006,5000,0,0,False,False,3,0
gnn_ewc_replay,periodic,79,229,1,2017-07-05T18:34:28.100119,5000,0.0,0.0,0.0,5000,0,0,False,False,3,0
gnn_ewc_replay,periodic,80,262,2,2017-07-06T15:02:34.710872,5000,0.0,0.0,0.0,5000,0,0,False,False,3,0
gnn_ewc_replay,periodic,81,230,1,2017-07-05T18:46:02.220861,5000,0.0,0.0,0.0,5000,0,0,False,False,3,0
gnn_ewc_replay,periodic,82,232,1,2017-07-05T19:08:00.288731,5000,0.0,0.0,0.0,5000,0,0,False,False,3,0
gnn_ewc_replay,periodic,83,233,1,2017-07-05T19:16:31.400416,5000,0.0,0.0,0.0,5000,0,0,False,False,3,0
gnn_ewc_replay,periodic,84,235,1,2017-07-05T19:34:27.924119,5000,0.0,0.0,0.0,5000,0,0,False,False,3,0
gnn_ewc_replay,periodic,85,263,2,2017-07-06T15:17:36.886104,1631,0.0,0.0,0.0,1631,0,0,False,False,3,0
gnn_ewc_replay,periodic,86,236,1,2017-07-05T19:42:27.366104,5000,0.0,0.0,0.0,5000,0,0,False,False,3,0
gnn_ewc_replay,periodic,87,238,1,2017-07-05T20:01:58.214404,1639,0.0,0.0,0.0,1639,0,0,False,False,3,0
gnn_ewc_replay,periodic,88,264,3,2017-07-06T15:21:46.077528,5000,0.0,0.0,0.0,5000,0,0,False,False,3,0
gnn_ewc_replay,periodic,89,312,4,2017-07-07T11:59:50.315195,5000,0.0,0.0,0.0,5000,0,0,False,False,3,0
gnn_ewc_replay,periodic,90,265,3,2017-07-06T15:57:48.073332,5000,0.0,0.0,0.0,5000,0,0,False,False,3,0
gnn_ewc_replay,periodic,91,267,3,2017-07-06T16:20:01.275888,5000,0.0002,0.0002,0.0,4999,1,0,False,False,3,0
gnn_ewc_replay,periodic,92,313,4,2017-07-07T12:11:03.657511,5000,0.0,0.0,0.0,5000,0,0,False,False,3,0
gnn_ewc_replay,periodic,93,268,3,2017-07-06T16:26:11.443075,5000,0.0,0.0,0.0,5000,0,0,False,False,3,0
gnn_ewc_replay,periodic,94,315,4,2017-07-07T12:29:00.190644,5000,0.0,0.0,0.0,5000,0,0,False,False,3,0
gnn_ewc_replay,periodic,95,270,3,2017-07-06T16:41:26.142952,5000,0.0,0.0,0.0,5000,0,0,False,False,3,0
gnn_ewc_replay,periodic,96,271,3,2017-07-06T16:48:23.513508,5000,0.0,0.0,0.0,5000,0,0,False,False,3,0
gnn_ewc_replay,periodic,97,316,4,2017-07-07T12:37:40.318157,5000,0.0,0.0,0.0,5000,0,0,False,False,3,0
gnn_ewc_replay,periodic,98,273,3,2017-07-06T17:01:56.124719,5000,0.0,0.0,0.0,5000,0,0,False,False,3,0
gnn_ewc_replay,periodic,99,274,3,2017-07-06T17:09:14.312316,5000,0.0002,0.0002,0.0002,5000,0,0,False,True,4,0
gnn_ewc_replay,periodic,100,318,4,2017-07-07T12:49:25.541221,5000,0.0,0.0,0.0,5000,0,0,False,False,4,0
gnn_ewc_replay,periodic,101,275,3,2017-07-06T17:19:03.227873,5000,0.0002,0.0002,0.0002,5000,0,0,False,False,4,0
gnn_ewc_replay,periodic,102,319,4,2017-07-07T12:57:46.514818,5000,0.0,0.0,0.0,5000,0,0,False,False,4,0
gnn_ewc_replay,periodic,103,277,3,2017-07-06T17:33:34.194501,5000,0.1946,0.1946,0.1946,5000,0,0,False,False,4,0
gnn_ewc_replay,periodic,104,278,3,2017-07-06T17:39:12.552975,5000,0.0004,0.0004,0.0004,5000,0,0,False,False,4,0
gnn_ewc_replay,periodic,105,321,4,2017-07-07T13:06:05.779821,5000,0.0058,0.0058,0.0058,5000,0,0,False,False,4,0
gnn_ewc_replay,periodic,106,280,3,2017-07-06T17:55:09.986251,5000,0.0004,0.0004,0.0004,5000,0,0,False,False,4,0
gnn_ewc_replay,periodic,107,281,3,2017-07-06T17:59:36.467132,5000,0.0002,0.0002,0.0002,5000,0,0,False,False,4,0
gnn_ewc_replay,periodic,108,322,4,2017-07-07T13:10:50.455475,5000,0.0024,0.0024,0.0024,5000,0,0,False,False,4,0
gnn_ewc_replay,periodic,109,283,3,2017-07-06T18:07:16.757797,5000,0.663,0.663,0.663,5000,0,0,False,False,4,0
gnn_ewc_replay,periodic,110,323,4,2017-07-07T13:17:08.517690,5000,0.0016,0.0016,0.0016,5000,0,0,False,False,4,0
gnn_ewc_replay,periodic,111,284,3,2017-07-06T18:09:57.844506,5000,0.824,0.824,0.824,5000,0,0,False,False,4,0
gnn_ewc_replay,periodic,112,285,3,2017-07-06T18:10:49.994872,5000,0.775,0.775,0.775,5000,0,0,False,False,4,0
gnn_ewc_replay,periodic,113,325,4,2017-07-07T13:25:25.836703,5000,0.0118,0.0118,0.0118,5000,0,0,False,False,4,0
gnn_ewc_replay,periodic,114,287,3,2017-07-06T18:14:45.755478,5000,0.3294,0.3294,0.3294,5000,0,0,False,False,4,0
gnn_ewc_replay,periodic,115,288,3,2017-07-06T18:18:04.892579,5000,0.665,0.665,0.665,5000,0,0,False,False,4,0
gnn_ewc_replay,periodic,116,326,4,2017-07-07T13:28:50.168559,5000,0.0124,0.0124,0.0124,5000,0,0,False,False,4,0
gnn_ewc_replay,periodic,117,290,3,2017-07-06T18:20:34.510755,5000,0.6878,0.6878,0.6878,5000,0,0,False,False,4,0
gnn_ewc_replay,periodic,118,291,3,2017-07-06T18:22:53.483056,5000,0.7674,0.7674,0.7674,5000,0,0,False,False,4,0
gnn_ewc_replay,periodic,119,328,4,2017-07-07T13:36:33.599736,5000,0.0372,0.0372,0.0372,5000,0,0,False,False,4,0
gnn_ewc_replay,periodic,120,293,3,2017-07-06T18:27:47.326584,5000,0.8746,0.8746,0.8746,5000,0,0,False,False,4,0
gnn_ewc_replay,periodic,121,329,4,2017-07-07T13:44:33.114918,5000,0.0444,0.0444,0.0444,5000,0,0,False,False,4,0
gnn_ewc_replay,periodic,122,294,3,2017-07-06T18:29:08.737619,5000,0.6564,0.6564,0.6564,5000,0,0,False,False,4,0
gnn_ewc_replay,periodic,123,295,3,2017-07-06T18:31:05.480703,5000,0.723,0.723,0.723,5000,0,0,False,False,4,0
gnn_ewc_replay,periodic,124,331,4,2017-07-07T14:03:11.120403,5000,0.0,0.0,0.0,5000,0,0,False,True,5,0
gnn_ewc_replay,periodic,125,297,3,2017-07-06T18:33:53.760513,5000,0.0002,0.0002,0.512,2441,2559,0,False,False,5,0
gnn_ewc_replay,periodic,126,298,3,2017-07-06T18:37:22.766188,5000,0.0002,0.0002,0.6834,1583,3414,3,False,False,5,0
gnn_ewc_replay,periodic,127,332,4,2017-07-07T14:10:48.127689,5000,0.0,0.0,0.0,5000,0,0,False,False,5,0
gnn_ewc_replay,periodic,128,300,3,2017-07-06T18:40:30.610036,5000,0.0,0.0,0.6866,1565,3432,3,False,False,5,0
gnn_ewc_replay,periodic,129,333,4,2017-07-07T14:17:34.746882,5000,0.0,0.0,0.0,5000,0,0,False,False,5,0
gnn_ewc_replay,periodic,130,301,3,2017-07-06T18:42:06.498633,5000,0.0002,0.0002,0.6346,1826,3174,0,False,False,5,0
gnn_ewc_replay,periodic,131,303,3,2017-07-06T18:47:09.422094,5000,0.0,0.0,0.0,5000,0,0,False,False,5,0
gnn_ewc_replay,periodic,132,335,4,2017-07-07T14:29:28.037485,5000,0.0,0.0,0.0,5000,0,0,False,False,5,0
gnn_ewc_replay,periodic,133,304,3,2017-07-06T18:54:53.175956,5000,0.0002,0.0002,0.0,4999,1,0,False,False,5,0
gnn_ewc_replay,periodic,134,305,3,2017-07-06T19:03:28.804011,5000,0.0,0.0,0.0,5000,0,0,False,False,5,0
gnn_ewc_replay,periodic,135,336,4,2017-07-07T14:36:46.146039,5000,0.0,0.0,0.0,5000,0,0,False,False,5,0
gnn_ewc_replay,periodic,136,307,3,2017-07-06T19:27:07.705893,5000,0.0002,0.0002,0.0,4998,0,2,False,False,5,0
gnn_ewc_replay,periodic,137,338,4,2017-07-07T14:53:13.213414,5000,0.0004,0.0004,0.0,4998,1,1,False,False,5,0
gnn_ewc_replay,periodic,138,308,3,2017-07-06T19:34:19.845180,5000,0.0,0.0,0.0,5000,0,0,False,False,5,0
gnn_ewc_replay,periodic,139,310,3,2017-07-06T19:49:46.027609,5000,0.0,0.0,0.0,5000,0,0,False,False,5,0
gnn_ewc_replay,periodic,140,339,4,2017-07-07T15:00:28.242232,5000,0.0,0.0,0.0,5000,0,0,False,False,5,0
gnn_ewc_replay,periodic,141,311,3,2017-07-06T19:54:11.940169,5445,0.0,0.0,0.0,5445,0,0,False,False,5,0
gnn_ewc_replay,periodic,142,341,5,2017-07-07T15:28:53.858854,5000,0.0008,0.0008,0.0,4996,4,0,False,False,5,0
gnn_ewc_replay,periodic,143,395,6,2017-07-07T18:40:13.106791,5000,0.0,0.0,0.0,5000,0,0,False,False,5,0
gnn_ewc_replay,periodic,144,342,5,2017-07-07T16:08:36.089220,5000,0.0,0.0,0.0,5000,0,0,False,False,5,0
gnn_ewc_replay,periodic,145,344,5,2017-07-07T16:34:33.679764,5000,0.0,0.0,0.0,5000,0,0,False,False,5,0
gnn_ewc_replay,periodic,146,396,6,2017-07-07T18:51:29.702413,5000,0.4302,0.4302,0.4302,2849,2151,0,False,False,5,0
gnn_ewc_replay,periodic,147,345,5,2017-07-07T16:36:28.449578,5000,0.0,0.0,0.0,5000,0,0,False,False,5,0
gnn_ewc_replay,periodic,148,347,5,2017-07-07T16:50:49.419521,5000,0.0264,0.0264,0.0264,4868,132,0,False,False,5,0
gnn_ewc_replay,periodic,149,398,6,2017-07-07T18:58:02.196043,5000,0.7544,0.7544,0.7544,1228,3772,0,False,True,6,0
gnn_ewc_replay,periodic,150,348,5,2017-07-07T16:59:16.787988,5000,0.0,0.0,0.0188,4906,94,0,False,False,6,0
gnn_ewc_replay,periodic,151,350,5,2017-07-07T17:13:57.348088,5000,0.0236,0.0236,0.0236,5000,0,0,False,False,6,0
gnn_ewc_replay,periodic,152,399,6,2017-07-07T18:58:48.883331,5000,0.0,0.0,0.791,1045,3955,0,False,False,6,0
gnn_ewc_replay,periodic,153,351,5,2017-07-07T17:21:37.950704,5000,0.0,0.0,0.0,5000,0,0,False,False,6,0
gnn_ewc_replay,periodic,154,352,5,2017-07-07T17:28:14.273505,5000,0.0,0.0,0.0,5000,0,0,False,False,6,0
gnn_ewc_replay,periodic,155,401,6,2017-07-07T19:00:29.056924,5000,0.0,0.0,0.8542,728,4271,1,False,False,6,0
gnn_ewc_replay,periodic,156,354,5,2017-07-07T17:45:17.899612,5000,0.0296,0.0296,0.0286,4852,148,0,False,False,6,0
gnn_ewc_replay,periodic,157,402,6,2017-07-07T19:01:21.056982,5000,0.0002,0.0002,0.9168,415,4585,0,False,False,6,0
gnn_ewc_replay,periodic,158,355,5,2017-07-07T17:51:45.466435,5000,0.9924,0.9924,0.9924,38,4962,0,False,False,6,0
gnn_ewc_replay,periodic,159,357,5,2017-07-07T17:51:59.159748,5000,0.9956,0.9956,0.9956,22,4978,0,False,False,6,0
gnn_ewc_replay,periodic,160,404,6,2017-07-07T19:03:17.417002,5000,0.0,0.0,0.8918,541,4459,0,False,False,6,0
gnn_ewc_replay,periodic,161,358,5,2017-07-07T17:52:06.020133,5000,0.9872,0.9872,0.9872,64,4936,0,False,False,6,0
gnn_ewc_replay,periodic,162,360,5,2017-07-07T17:52:19.730775,5000,0.988,0.988,0.9878,60,4940,0,False,False,6,0
gnn_ewc_replay,periodic,163,405,6,2017-07-07T19:04:11.677669,5000,0.0,0.0,0.9342,329,4671,0,False,False,6,0
gnn_ewc_replay,periodic,164,361,5,2017-07-07T17:52:26.609510,5000,0.9948,0.9948,0.9948,26,4974,0,False,False,6,0
gnn_ewc_replay,periodic,165,362,5,2017-07-07T17:52:33.458646,5000,0.9898,0.9898,0.9898,51,4949,0,False,False,6,0
gnn_ewc_replay,periodic,166,406,6,2017-07-07T19:05:10.130947,5000,0.0002,0.0002,0.8698,650,4349,1,False,False,6,0
gnn_ewc_replay,periodic,167,364,5,2017-07-07T17:52:47.175885,5000,0.994,0.994,0.994,30,4970,0,False,False,6,0
gnn_ewc_replay,periodic,168,365,5,2017-07-07T17:52:54.036328,5000,0.9786,0.9786,0.9786,107,4893,0,False,False,6,0
gnn_ewc_replay,periodic,169,408,6,2017-07-07T19:06:59.997858,5000,0.0002,0.0002,0.8462,768,4231,1,False,False,6,0
gnn_ewc_replay,periodic,170,367,5,2017-07-07T17:54:15.198356,5000,0.9368,0.9368,0.9366,316,4684,0,False,False,6,0
gnn_ewc_replay,periodic,171,368,5,2017-07-07T17:54:21.743673,5000,0.9926,0.9926,0.9926,37,4963,0,False,False,6,0
gnn_ewc_replay,periodic,172,409,6,2017-07-07T19:07:51.520364,5000,0.0,0.0,0.8472,764,4236,0,False,False,6,0
gnn_ewc_replay,periodic,173,370,5,2017-07-07T17:54:34.912359,5000,0.9606,0.9606,0.9606,197,4803,0,False,False,6,0
gnn_ewc_replay,periodic,174,371,5,2017-07-07T17:54:40.199430,5000,0.9946,0.9946,0.9946,27,4973,0,False,True,7,0
gnn_ewc_replay,periodic,175,411,6,2017-07-07T19:09:36.175401,5000,0.0,0.0,0.9538,231,4769,0,False,False,7,0
gnn_ewc_replay,periodic,176,372,5,2017-07-07T17:54:46.759913,5000,0.0,0.0,0.9942,29,4971,0,False,False,7,0
gnn_ewc_replay,periodic,177,374,5,2017-07-07T17:54:59.878558,5000,0.0,0.0,0.9906,47,4953,0,False,False,7,0
gnn_ewc_replay,periodic,178,412,6,2017-07-07T19:10:34.468512,5000,0.0,0.0,0.9152,424,4576,0,False,False,7,0
gnn_ewc_replay,periodic,179,375,5,2017-07-07T17:55:06.426975,5000,0.0,0.0,0.9674,163,4837,0,False,False,7,0
gnn_ewc_replay,periodic,180,377,5,2017-07-07T17:55:19.562795,5000,0.0,0.0,0.9908,46,4954,0,False,False,7,0
gnn_ewc_replay,periodic,181,414,6,2017-07-07T19:12:19.835270,5000,0.0,0.0,0.8936,532,4468,0,False,False,7,0
gnn_ewc_replay,periodic,182,378,5,2017-07-07T17:55:26.138198,5000,0.0,0.0,0.9918,41,4959,0,False,False,7,0
gnn_ewc_replay,periodic,183,380,5,2017-07-07T17:55:39.290299,5000,0.0,0.0,0.8928,536,4464,0,False,False,7,0
gnn_ewc_replay,periodic,184,415,6,2017-07-07T19:13:13.980423,5000,0.0,0.0,0.6772,1614,3386,0,False,False,7,0
gnn_ewc_replay,periodic,185,381,5,2017-07-07T17:55:45.863226,5000,0.0,0.0,0.936,320,4680,0,False,False,7,0
gnn_ewc_replay,periodic,186,416,6,2017-07-07T19:13:55.557798,5000,0.0,0.0,0.7796,1102,3898,0,False,False,7,0
gnn_ewc_replay,periodic,187,382,5,2017-07-07T17:55:51.164024,5000,0.0,0.0,0.9796,102,4898,0,False,False,7,0
gnn_ewc_replay,periodic,188,384,5,2017-07-07T18:00:43.250620,5000,0.0778,0.0778,0.0796,4602,208,190,False,False,7,0
gnn_ewc_replay,periodic,189,418,6,2017-07-07T19:15:38.304116,5000,0.0,0.0,0.566,2170,2830,0,False,False,7,0
gnn_ewc_replay,periodic,190,385,5,2017-07-07T18:08:01.771442,5000,0.0,0.0,0.8088,956,4044,0,False,False,7,0
gnn_ewc_replay,periodic,191,387,5,2017-07-07T18:10:02.151109,5000,0.4012,0.4012,0.4012,2994,2006,0,False,False,7,0
gnn_ewc_replay,periodic,192,419,6,2017-07-07T19:20:18.568724,5000,0.0,0.0,0.0,5000,0,0,False,False,7,0
gnn_ewc_replay,periodic,193,388,5,2017-07-07T18:12:20.353225,5000,0.0048,0.0048,0.0048,5000,0,0,False,False,7,0
gnn_ewc_replay,periodic,194,390,5,2017-07-07T18:22:29.680677,5000,0.0,0.0,0.818,910,4090,0,False,False,7,0
gnn_ewc_replay,periodic,195,421,6,2017-07-07T19:42:08.815711,5000,0.0,0.0,0.0,5000,0,0,False,False,7,0
gnn_ewc_replay,periodic,196,391,5,2017-07-07T18:23:24.585570,5000,0.485,0.485,0.485,2575,2425,0,False,False,7,0
gnn_ewc_replay,periodic,197,392,5,2017-07-07T18:27:32.404808,5000,0.0,0.0,0.0,5000,0,0,False,False,7,0
gnn_ewc_replay,periodic,198,422,6,2017-07-07T19:53:33.828828,3798,0.0,0.0,0.0,3798,0,0,False,False,7,0
gnn_ewc_replay,periodic,199,394,5,2017-07-07T18:38:01.487913,1117,0.0,0.0,0.0,1117,0,0,False,True,8,0
gnn_ewc_replay,oracle,0,139,1,2017-07-05T11:42:42.084372,5000,0.0,0.0,0.0,5000,0,0,False,False,0,0
gnn_ewc_replay,oracle,1,140,1,2017-07-05T11:51:47.303080,5000,0.0,0.0,0.0,5000,0,0,False,False,0,0
gnn_ewc_replay,oracle,2,239,2,2017-07-06T11:59:00.490140,5000,0.0,0.0,0.0,5000,0,0,False,False,0,0
gnn_ewc_replay,oracle,3,142,1,2017-07-05T12:09:27.601738,5000,0.0,0.0,0.0,5000,0,0,False,False,0,0
gnn_ewc_replay,oracle,4,143,1,2017-07-05T12:14:30.228870,5000,0.0,0.0,0.0,5000,0,0,False,False,0,0
gnn_ewc_replay,oracle,5,145,1,2017-07-05T12:30:25.505932,5000,0.0,0.0,0.0,5000,0,0,False,False,0,0
gnn_ewc_replay,oracle,6,146,1,2017-07-05T12:39:54.047016,5000,0.0,0.0,0.0,5000,0,0,False,False,0,0
gnn_ewc_replay,oracle,7,240,2,2017-07-06T12:10:15.682034,5000,0.0,0.0,0.0,5000,0,0,False,False,0,0
gnn_ewc_replay,oracle,8,148,1,2017-07-05T12:52:02.760958,5000,0.1696,0.1696,0.1696,5000,0,0,False,False,0,0
gnn_ewc_replay,oracle,9,149,1,2017-07-05T12:57:13.318901,5000,0.1506,0.1506,0.1506,5000,0,0,False,False,0,0
gnn_ewc_replay,oracle,10,150,1,2017-07-05T13:01:17.744846,5000,0.1364,0.1364,0.1364,5000,0,0,False,False,0,0
gnn_ewc_replay,oracle,11,152,1,2017-07-05T13:12:54.669885,5000,0.068,0.068,0.068,5000,0,0,False,False,0,0
gnn_ewc_replay,oracle,12,242,2,2017-07-06T12:22:45.174419,5000,0.0024,0.0024,0.0024,5000,0,0,False,False,0,0
gnn_ewc_replay,oracle,13,153,1,2017-07-05T13:15:48.345465,5000,0.0724,0.0724,0.0724,5000,0,0,False,False,0,0
gnn_ewc_replay,oracle,14,155,1,2017-07-05T13:25:10.453300,5000,0.0816,0.0816,0.0816,5000,0,0,False,False,0,0
gnn_ewc_replay,oracle,15,156,1,2017-07-05T13:29:31.560642,5000,0.0428,0.0428,0.0428,5000,0,0,False,False,0,0
gnn_ewc_replay,oracle,16,158,1,2017-07-05T13:40:19.835821,5000,0.4124,0.4124,0.4124,5000,0,0,False,False,0,0
gnn_ewc_replay,oracle,17,243,2,2017-07-06T12:29:10.306594,5000,0.002,0.002,0.002,5000,0,0,False,False,0,0
gnn_ewc_replay,oracle,18,159,1,2017-07-05T13:43:24.912205,5000,0.9866,0.9866,0.9854,4994,4,2,False,False,0,0
gnn_ewc_replay,oracle,19,160,1,2017-07-05T13:43:58.440253,5000,0.986,0.986,0.986,5000,0,0,False,False,0,0
gnn_ewc_replay,oracle,20,162,1,2017-07-05T13:45:05.180353,5000,0.8242,0.8242,0.8242,5000,0,0,False,False,0,0
gnn_ewc_replay,oracle,21,163,1,2017-07-05T13:45:37.096427,5000,0.9414,0.9414,0.94,4993,7,0,False,False,0,0
gnn_ewc_replay,oracle,22,245,2,2017-07-06T12:39:29.210704,5000,0.002,0.002,0.002,5000,0,0,False,False,0,0
gnn_ewc_replay,oracle,23,165,1,2017-07-05T13:46:29.403971,5000,0.8986,0.8986,0.8974,4994,6,0,False,False,0,0
gnn_ewc_replay,oracle,24,166,1,2017-07-05T13:47:01.332086,5000,0.9748,0.9748,0.9734,4993,7,0,False,False,0,0
gnn_ewc_replay,oracle,25,168,1,2017-07-05T13:48:07.965214,5000,0.9876,0.9876,0.9862,4993,7,0,False,False,0,0
gnn_ewc_replay,oracle,26,246,2,2017-07-06T12:44:44.087288,5000,0.0024,0.0024,0.0024,5000,0,0,False,False,0,0
gnn_ewc_replay,oracle,27,169,1,2017-07-05T13:48:41.349281,5000,0.996,0.996,0.9956,4997,0,3,False,False,0,0
gnn_ewc_replay,oracle,28,170,1,2017-07-05T13:49:14.345333,5000,0.9682,0.9682,0.9682,5000,0,0,False,False,0,0
gnn_ewc_replay,oracle,29,172,1,2017-07-05T13:50:18.918794,5000,0.9886,0.9886,0.9886,5000,0,0,False,False,0,0
gnn_ewc_replay,oracle,30,173,1,2017-07-05T13:50:38.228962,5000,0.961,0.961,0.961,5000,0,0,False,False,0,0
gnn_ewc_replay,oracle,31,248,2,2017-07-06T12:56:59.488182,5000,0.001,0.001,0.001,5000,0,0,False,False,0,0
gnn_ewc_replay,oracle,32,175,1,2017-07-05T13:51:44.892056,5000,0.8968,0.8968,0.8968,5000,0,0,False,False,0,0
gnn_ewc_replay,oracle,33,176,1,2017-07-05T13:52:17.862138,5000,0.9862,0.9862,0.9862,5000,0,0,False,False,0,0
gnn_ewc_replay,oracle,34,178,1,2017-07-05T13:53:24.358267,5000,0.8974,0.8974,0.8974,5000,0,0,False,False,0,0
gnn_ewc_replay,oracle,35,179,1,2017-07-05T13:53:56.634131,5000,0.9602,0.9602,0.9602,5000,0,0,False,False,0,0
gnn_ewc_replay,oracle,36,249,2,2017-07-06T13:06:47.480861,5000,0.0004,0.0004,0.0004,5000,0,0,False,False,0,0
gnn_ewc_replay,oracle,37,180,1,2017-07-05T13:54:29.989881,5000,0.9614,0.9614,0.9614,5000,0,0,False,False,0,0
gnn_ewc_replay,oracle,38,182,1,2017-07-05T13:55:22.166920,5000,0.9904,0.9904,0.9904,5000,0,0,False,False,0,0
gnn_ewc_replay,oracle,39,183,1,2017-07-05T13:55:55.807965,5000,0.9642,0.9642,0.9642,5000,0,0,False,False,0,0
gnn_ewc_replay,oracle,40,185,1,2017-07-05T13:57:01.682060,5000,0.833,0.833,0.833,5000,0,0,False,False,0,0
gnn_ewc_replay,oracle,41,250,2,2017-07-06T13:18:02.084347,5000,0.0016,0.0016,0.0016,5000,0,0,False,False,0,0
gnn_ewc_replay,oracle,42,186,1,2017-07-05T13:57:20.115614,5000,0.9156,0.9156,0.9156,5000,0,0,False,False,0,0
gnn_ewc_replay,oracle,43,188,1,2017-07-05T13:58:25.938722,5000,0.827,0.827,0.827,5000,0,0,False,False,0,0
gnn_ewc_replay,oracle,44,189,1,2017-07-05T13:58:58.737812,5000,0.9314,0.9314,0.9314,5000,0,0,False,False,0,0
gnn_ewc_replay,oracle,45,190,1,2017-07-05T13:59:32.174828,5000,0.9632,0.9632,0.9632,5000,0,0,False,False,0,0
gnn_ewc_replay,oracle,46,252,2,2017-07-06T13:35:53.976822,5000,0.0022,0.0022,0.0022,5000,0,0,False,False,0,0
gnn_ewc_replay,oracle,47,192,1,2017-07-05T14:00:23.948382,5000,0.6088,0.6088,0.6088,5000,0,0,False,False,0,0
gnn_ewc_replay,oracle,48,193,1,2017-07-05T14:02:52.031532,5000,0.0,0.0,0.0,5000,0,0,False,False,0,0
gnn_ewc_replay,oracle,49,195,1,2017-07-05T14:12:29.415831,5000,0.5148,0.5148,0.5148,5000,0,0,False,False,0,0
gnn_ewc_replay,oracle,50,196,1,2017-07-05T14:17:42.794571,5000,0.5242,0.5242,0.5242,5000,0,0,False,False,0,0
gnn_ewc_replay,oracle,51,253,2,2017-07-06T13:42:48.495516,5000,0.0002,0.0002,0.0002,5000,0,0,False,False,0,0
gnn_ewc_replay,oracle,52,198,1,2017-07-05T14:31:18.945145,5000,0.0,0.0,0.0,5000,0,0,False,False,0,0
gnn_ewc_replay,oracle,53,199,1,2017-07-05T14:42:55.811755,5000,0.0,0.0,0.0,5000,0,0,False,False,0,0
gnn_ewc_replay,oracle,54,200,1,2017-07-05T14:49:04.254998,5000,0.0,0.0,0.0,5000,0,0,False,False,0,0
gnn_ewc_replay,oracle,55,202,1,2017-07-05T15:02:38.428045,5000,0.0,0.0,0.0,5000,0,0,False,False,0,0
gnn_ewc_replay,oracle,56,255,2,2017-07-06T13:58:01.440411,5000,0.0,0.0,0.0,5000,0,0,False,False,0,0
gnn_ewc_replay,oracle,57,203,1,2017-07-05T15:14:29.623535,5000,0.0,0.0,0.0,5000,0,0,False,False,0,0
gnn_ewc_replay,oracle,58,205,1,2017-07-05T15:57:46.023320,5000,0.0,0.0,0.0,5000,0,0,False,False,0,0
gnn_ewc_replay,oracle,59,206,1,2017-07-05T16:11:21.785357,5000,0.0,0.0,0.0,5000,0,0,False,False,0,0
gnn_ewc_replay,oracle,60,208,1,2017-07-05T16:26:17.988361,5000,0.0,0.0,0.0,5000,0,0,False,False,0,0
gnn_ewc_replay,oracle,61,256,2,2017-07-06T14:07:33.699620,5000,0.0,0.0,0.0,5000,0,0,False,False,0,0
gnn_ewc_replay,oracle,62,209,1,2017-07-05T16:33:30.652614,5000,0.0,0.0,0.0,5000,0,0,False,False,0,0
gnn_ewc_replay,oracle,63,210,1,2017-07-05T16:44:07.514721,5000,0.0,0.0,0.0,5000,0,0,False,False,0,0
gnn_ewc_replay,oracle,64,212,1,2017-07-05T16:58:27.864246,5000,0.0,0.0,0.0,5000,0,0,False,False,0,0
gnn_ewc_replay,oracle,65,213,1,2017-07-05T17:04:53.987116,5000,0.0,0.0,0.0,5000,0,0,False,False,0,0
gnn_ewc_replay,oracle,66,258,2,2017-07-06T14:36:43.113049,5000,0.0,0.0,0.0,5000,0,0,False,False,0,0
gnn_ewc_replay,oracle,67,215,1,2017-07-05T17:17:43.888859,5000,0.0,0.0,0.0,5000,0,0,False,False,0,0
gnn_ewc_replay,oracle,68,216,1,2017-07-05T17:25:11.387702,5000,0.0,0.0,0.0,5000,0,0,False,False,0,0
gnn_ewc_replay,oracle,69,218,1,2017-07-05T17:32:09.292244,5000,0.0,0.0,0.0,5000,0,0,False,False,0,0
gnn_ewc_replay,oracle,70,259,2,2017-07-06T14:44:47.463686,5000,0.0,0.0,0.0,5000,0,0,False,False,0,0
gnn_ewc_replay,oracle,71,219,1,2017-07-05T17:36:30.842330,5000,0.0,0.0,0.0,5000,0,0,False,False,0,0
gnn_ewc_replay,oracle,72,220,1,2017-07-05T17:44:46.125001,5000,0.0,0.0,0.0,5000,0,0,False,False,0,0
gnn_ewc_replay,oracle,73,222,1,2017-07-05T18:03:49.082999,5000,0.0,0.0,0.0,5000,0,0,False,False,0,0
gnn_ewc_replay,oracle,74,223,1,2017-07-05T18:09:29.961498,5000,0.0,0.0,0.0,5000,0,0,False,False,0,0
gnn_ewc_replay,oracle,75,260,2,2017-07-06T14:51:31.044028,5000,0.0,0.0,0.0,5000,0,0,False,False,0,0
gnn_ewc_replay,oracle,76,225,1,2017-07-05T18:14:52.374862,5000,0.0004,0.0004,0.0004,5000,0,0,False,False,0,0
gnn_ewc_replay,oracle,77,226,1,2017-07-05T18:18:42.833755,5000,0.0002,0.0002,0.0002,5000,0,0,False,False,0,0
gnn_ewc_replay,oracle,78,228,1,2017-07-05T18:28:02.917391,5000,0.0006,0.0006,0.0006,5000,0,0,False,False,0,0
gnn_ewc_replay,oracle,79,229,1,2017-07-05T18:34:28.100119,5000,0.0,0.0,0.0,5000,0,0,False,False,0,0
gnn_ewc_replay,oracle,80,262,2,2017-07-06T15:02:34.710872,5000,0.0,0.0,0.0,5000,0,0,False,False,0,0
gnn_ewc_replay,oracle,81,230,1,2017-07-05T18:46:02.220861,5000,0.0,0.0,0.0,5000,0,0,False,False,0,0
gnn_ewc_replay,oracle,82,232,1,2017-07-05T19:08:00.288731,5000,0.0,0.0,0.0,5000,0,0,False,False,0,0
gnn_ewc_replay,oracle,83,233,1,2017-07-05T19:16:31.400416,5000,0.0,0.0,0.0,5000,0,0,False,False,0,0
gnn_ewc_replay,oracle,84,235,1,2017-07-05T19:34:27.924119,5000,0.0,0.0,0.0,5000,0,0,False,False,0,0
gnn_ewc_replay,oracle,85,263,2,2017-07-06T15:17:36.886104,1631,0.0,0.0,0.0,1631,0,0,False,False,0,0
gnn_ewc_replay,oracle,86,236,1,2017-07-05T19:42:27.366104,5000,0.0,0.0,0.0,5000,0,0,False,False,0,0
gnn_ewc_replay,oracle,87,238,1,2017-07-05T20:01:58.214404,1639,0.0,0.0,0.0,1639,0,0,False,False,0,0
gnn_ewc_replay,oracle,88,264,3,2017-07-06T15:21:46.077528,5000,0.0014,0.0014,0.0,4993,7,0,False,False,1,0
gnn_ewc_replay,oracle,89,312,4,2017-07-07T11:59:50.315195,5000,0.0,0.0,0.0,5000,0,0,False,False,1,0
gnn_ewc_replay,oracle,90,265,3,2017-07-06T15:57:48.073332,5000,0.0,0.0,0.0,5000,0,0,False,False,1,0
gnn_ewc_replay,oracle,91,267,3,2017-07-06T16:20:01.275888,5000,0.0008,0.0008,0.0,4995,4,1,False,False,1,0
gnn_ewc_replay,oracle,92,313,4,2017-07-07T12:11:03.657511,5000,0.0,0.0,0.0,5000,0,0,False,False,1,0
gnn_ewc_replay,oracle,93,268,3,2017-07-06T16:26:11.443075,5000,0.0,0.0,0.0,5000,0,0,False,False,1,0
gnn_ewc_replay,oracle,94,315,4,2017-07-07T12:29:00.190644,5000,0.0,0.0,0.0,5000,0,0,False,False,1,0
gnn_ewc_replay,oracle,95,270,3,2017-07-06T16:41:26.142952,5000,0.0,0.0,0.0,5000,0,0,False,False,1,0
gnn_ewc_replay,oracle,96,271,3,2017-07-06T16:48:23.513508,5000,0.0,0.0,0.0,5000,0,0,False,False,1,0
gnn_ewc_replay,oracle,97,316,4,2017-07-07T12:37:40.318157,5000,0.0,0.0,0.0,5000,0,0,False,False,1,0
gnn_ewc_replay,oracle,98,273,3,2017-07-06T17:01:56.124719,5000,0.0,0.0,0.0,5000,0,0,False,False,1,0
gnn_ewc_replay,oracle,99,274,3,2017-07-06T17:09:14.312316,5000,0.0002,0.0002,0.0002,5000,0,0,False,False,1,0
gnn_ewc_replay,oracle,100,318,4,2017-07-07T12:49:25.541221,5000,0.0,0.0,0.0,5000,0,0,False,False,1,0
gnn_ewc_replay,oracle,101,275,3,2017-07-06T17:19:03.227873,5000,0.0002,0.0002,0.0002,5000,0,0,False,False,1,0
gnn_ewc_replay,oracle,102,319,4,2017-07-07T12:57:46.514818,5000,0.0,0.0,0.0,5000,0,0,False,False,1,0
gnn_ewc_replay,oracle,103,277,3,2017-07-06T17:33:34.194501,5000,0.1948,0.1948,0.1946,4999,0,1,False,False,1,0
gnn_ewc_replay,oracle,104,278,3,2017-07-06T17:39:12.552975,5000,0.0004,0.0004,0.0004,5000,0,0,False,False,1,0
gnn_ewc_replay,oracle,105,321,4,2017-07-07T13:06:05.779821,5000,0.0058,0.0058,0.0058,5000,0,0,False,False,1,0
gnn_ewc_replay,oracle,106,280,3,2017-07-06T17:55:09.986251,5000,0.0004,0.0004,0.0004,5000,0,0,False,False,1,0
gnn_ewc_replay,oracle,107,281,3,2017-07-06T17:59:36.467132,5000,0.0002,0.0002,0.0002,4999,0,1,False,False,1,0
gnn_ewc_replay,oracle,108,322,4,2017-07-07T13:10:50.455475,5000,0.0024,0.0024,0.0024,5000,0,0,False,False,1,0
gnn_ewc_replay,oracle,109,283,3,2017-07-06T18:07:16.757797,5000,0.663,0.663,0.663,5000,0,0,False,False,1,0
gnn_ewc_replay,oracle,110,323,4,2017-07-07T13:17:08.517690,5000,0.0016,0.0016,0.0016,5000,0,0,False,False,1,0
gnn_ewc_replay,oracle,111,284,3,2017-07-06T18:09:57.844506,5000,0.824,0.824,0.824,5000,0,0,False,False,1,0
gnn_ewc_replay,oracle,112,285,3,2017-07-06T18:10:49.994872,5000,0.7754,0.7754,0.775,4998,2,0,False,False,1,0
gnn_ewc_replay,oracle,113,325,4,2017-07-07T13:25:25.836703,5000,0.0118,0.0118,0.0118,5000,0,0,False,False,1,0
gnn_ewc_replay,oracle,114,287,3,2017-07-06T18:14:45.755478,5000,0.3294,0.3294,0.3294,5000,0,0,False,False,1,0
gnn_ewc_replay,oracle,115,288,3,2017-07-06T18:18:04.892579,5000,0.665,0.665,0.665,5000,0,0,False,False,1,0
gnn_ewc_replay,oracle,116,326,4,2017-07-07T13:28:50.168559,5000,0.0124,0.0124,0.0124,5000,0,0,False,False,1,0
gnn_ewc_replay,oracle,117,290,3,2017-07-06T18:20:34.510755,5000,0.6878,0.6878,0.6878,5000,0,0,False,False,1,0
gnn_ewc_replay,oracle,118,291,3,2017-07-06T18:22:53.483056,5000,0.7674,0.7674,0.7674,5000,0,0,False,False,1,0
gnn_ewc_replay,oracle,119,328,4,2017-07-07T13:36:33.599736,5000,0.0372,0.0372,0.0372,5000,0,0,False,False,1,0
gnn_ewc_replay,oracle,120,293,3,2017-07-06T18:27:47.326584,5000,0.875,0.875,0.8746,4998,2,0,False,False,1,0
gnn_ewc_replay,oracle,121,329,4,2017-07-07T13:44:33.114918,5000,0.0444,0.0444,0.0444,5000,0,0,False,False,1,0
gnn_ewc_replay,oracle,122,294,3,2017-07-06T18:29:08.737619,5000,0.6564,0.6564,0.6564,5000,0,0,False,False,1,0
gnn_ewc_replay,oracle,123,295,3,2017-07-06T18:31:05.480703,5000,0.7236,0.7236,0.723,4997,3,0,False,False,1,0
gnn_ewc_replay,oracle,124,331,4,2017-07-07T14:03:11.120403,5000,0.0,0.0,0.0,5000,0,0,False,False,1,0
gnn_ewc_replay,oracle,125,297,3,2017-07-06T18:33:53.760513,5000,0.512,0.512,0.512,5000,0,0,False,False,1,0
gnn_ewc_replay,oracle,126,298,3,2017-07-06T18:37:22.766188,5000,0.6834,0.6834,0.6834,5000,0,0,False,False,1,0
gnn_ewc_replay,oracle,127,332,4,2017-07-07T14:10:48.127689,5000,0.0,0.0,0.0,5000,0,0,False,False,1,0
gnn_ewc_replay,oracle,128,300,3,2017-07-06T18:40:30.610036,5000,0.6866,0.6866,0.6866,5000,0,0,False,False,1,0
gnn_ewc_replay,oracle,129,333,4,2017-07-07T14:17:34.746882,5000,0.0,0.0,0.0,5000,0,0,False,False,1,0
gnn_ewc_replay,oracle,130,301,3,2017-07-06T18:42:06.498633,5000,0.6346,0.6346,0.6346,5000,0,0,False,False,1,0
gnn_ewc_replay,oracle,131,303,3,2017-07-06T18:47:09.422094,5000,0.0,0.0,0.0,5000,0,0,False,False,1,0
gnn_ewc_replay,oracle,132,335,4,2017-07-07T14:29:28.037485,5000,0.0,0.0,0.0,5000,0,0,False,False,1,0
gnn_ewc_replay,oracle,133,304,3,2017-07-06T18:54:53.175956,5000,0.0002,0.0002,0.0,4999,1,0,False,False,1,0
gnn_ewc_replay,oracle,134,305,3,2017-07-06T19:03:28.804011,5000,0.0012,0.0012,0.0,4994,6,0,False,False,1,0
gnn_ewc_replay,oracle,135,336,4,2017-07-07T14:36:46.146039,5000,0.0,0.0,0.0,5000,0,0,False,False,1,0
gnn_ewc_replay,oracle,136,307,3,2017-07-06T19:27:07.705893,5000,0.0004,0.0004,0.0,4998,2,0,False,False,1,0
gnn_ewc_replay,oracle,137,338,4,2017-07-07T14:53:13.213414,5000,0.0004,0.0004,0.0,4998,2,0,False,False,1,0
gnn_ewc_replay,oracle,138,308,3,2017-07-06T19:34:19.845180,5000,0.0004,0.0004,0.0,4998,2,0,False,False,1,0
gnn_ewc_replay,oracle,139,310,3,2017-07-06T19:49:46.027609,5000,0.0,0.0,0.0,5000,0,0,False,False,1,0
gnn_ewc_replay,oracle,140,339,4,2017-07-07T15:00:28.242232,5000,0.0,0.0,0.0,5000,0,0,False,False,1,0
gnn_ewc_replay,oracle,141,311,3,2017-07-06T19:54:11.940169,5445,0.0,0.0,0.0,5445,0,0,False,False,1,0
gnn_ewc_replay,oracle,142,341,5,2017-07-07T15:28:53.858854,5000,0.0008,0.0008,0.0,4996,0,4,False,False,2,0
gnn_ewc_replay,oracle,143,395,6,2017-07-07T18:40:13.106791,5000,0.0,0.0,0.0,5000,0,0,False,False,2,0
gnn_ewc_replay,oracle,144,342,5,2017-07-07T16:08:36.089220,5000,0.0,0.0,0.0,5000,0,0,False,False,2,0
gnn_ewc_replay,oracle,145,344,5,2017-07-07T16:34:33.679764,5000,0.0,0.0,0.0,5000,0,0,False,False,2,0
gnn_ewc_replay,oracle,146,396,6,2017-07-07T18:51:29.702413,5000,0.4302,0.4302,0.4302,2849,2151,0,False,False,2,0
gnn_ewc_replay,oracle,147,345,5,2017-07-07T16:36:28.449578,5000,0.0,0.0,0.0,5000,0,0,False,False,2,0
gnn_ewc_replay,oracle,148,347,5,2017-07-07T16:50:49.419521,5000,0.0264,0.0264,0.0264,4868,132,0,False,False,2,0
gnn_ewc_replay,oracle,149,398,6,2017-07-07T18:58:02.196043,5000,0.7544,0.7544,0.7544,1228,3772,0,False,False,2,0
gnn_ewc_replay,oracle,150,348,5,2017-07-07T16:59:16.787988,5000,0.0188,0.0188,0.0188,4906,93,1,False,False,2,0
gnn_ewc_replay,oracle,151,350,5,2017-07-07T17:13:57.348088,5000,0.0236,0.0236,0.0236,5000,0,0,False,False,2,0
gnn_ewc_replay,oracle,152,399,6,2017-07-07T18:58:48.883331,5000,0.791,0.791,0.791,1045,3955,0,False,False,2,0
gnn_ewc_replay,oracle,153,351,5,2017-07-07T17:21:37.950704,5000,0.0,0.0,0.0,5000,0,0,False,False,2,0
gnn_ewc_replay,oracle,154,352,5,2017-07-07T17:28:14.273505,5000,0.0,0.0,0.0,5000,0,0,False,False,2,0
gnn_ewc_replay,oracle,155,401,6,2017-07-07T19:00:29.056924,5000,0.8542,0.8542,0.8542,729,4271,0,False,False,2,0
gnn_ewc_replay,oracle,156,354,5,2017-07-07T17:45:17.899612,5000,0.0296,0.0296,0.0286,4852,148,0,False,False,2,0
gnn_ewc_replay,oracle,157,402,6,2017-07-07T19:01:21.056982,5000,0.9168,0.9168,0.9168,416,4584,0,False,False,2,0
gnn_ewc_replay,oracle,158,355,5,2017-07-07T17:51:45.466435,5000,0.9924,0.9924,0.9924,38,4962,0,False,False,2,0
gnn_ewc_replay,oracle,159,357,5,2017-07-07T17:51:59.159748,5000,0.9956,0.9956,0.9956,22,4978,0,False,False,2,0
gnn_ewc_replay,oracle,160,404,6,2017-07-07T19:03:17.417002,5000,0.8918,0.8918,0.8918,541,4459,0,False,False,2,0
gnn_ewc_replay,oracle,161,358,5,2017-07-07T17:52:06.020133,5000,0.9872,0.9872,0.9872,64,4936,0,False,False,2,0
gnn_ewc_replay,oracle,162,360,5,2017-07-07T17:52:19.730775,5000,0.9878,0.9878,0.9878,61,4939,0,False,False,2,0
gnn_ewc_replay,oracle,163,405,6,2017-07-07T19:04:11.677669,5000,0.9342,0.9342,0.9342,329,4671,0,False,False,2,0
gnn_ewc_replay,oracle,164,361,5,2017-07-07T17:52:26.609510,5000,0.9948,0.9948,0.9948,26,4974,0,False,False,2,0
gnn_ewc_replay,oracle,165,362,5,2017-07-07T17:52:33.458646,5000,0.9898,0.9898,0.9898,51,4949,0,False,False,2,0
gnn_ewc_replay,oracle,166,406,6,2017-07-07T19:05:10.130947,5000,0.8698,0.8698,0.8698,651,4349,0,False,False,2,0
gnn_ewc_replay,oracle,167,364,5,2017-07-07T17:52:47.175885,5000,0.994,0.994,0.994,30,4970,0,False,False,2,0
gnn_ewc_replay,oracle,168,365,5,2017-07-07T17:52:54.036328,5000,0.9786,0.9786,0.9786,107,4893,0,False,False,2,0
gnn_ewc_replay,oracle,169,408,6,2017-07-07T19:06:59.997858,5000,0.8462,0.8462,0.8462,769,4231,0,False,False,2,0
gnn_ewc_replay,oracle,170,367,5,2017-07-07T17:54:15.198356,5000,0.9368,0.9368,0.9366,316,4684,0,False,False,2,0
gnn_ewc_replay,oracle,171,368,5,2017-07-07T17:54:21.743673,5000,0.9926,0.9926,0.9926,37,4963,0,False,False,2,0
gnn_ewc_replay,oracle,172,409,6,2017-07-07T19:07:51.520364,5000,0.8472,0.8472,0.8472,764,4236,0,False,False,2,0
gnn_ewc_replay,oracle,173,370,5,2017-07-07T17:54:34.912359,5000,0.9606,0.9606,0.9606,197,4803,0,False,False,2,0
gnn_ewc_replay,oracle,174,371,5,2017-07-07T17:54:40.199430,5000,0.9946,0.9946,0.9946,27,4973,0,False,False,2,0
gnn_ewc_replay,oracle,175,411,6,2017-07-07T19:09:36.175401,5000,0.9538,0.9538,0.9538,231,4769,0,False,False,2,0
gnn_ewc_replay,oracle,176,372,5,2017-07-07T17:54:46.759913,5000,0.9942,0.9942,0.9942,29,4971,0,False,False,2,0
gnn_ewc_replay,oracle,177,374,5,2017-07-07T17:54:59.878558,5000,0.9906,0.9906,0.9906,47,4953,0,False,False,2,0
gnn_ewc_replay,oracle,178,412,6,2017-07-07T19:10:34.468512,5000,0.9152,0.9152,0.9152,424,4576,0,False,False,2,0
gnn_ewc_replay,oracle,179,375,5,2017-07-07T17:55:06.426975,5000,0.9674,0.9674,0.9674,163,4837,0,False,False,2,0
gnn_ewc_replay,oracle,180,377,5,2017-07-07T17:55:19.562795,5000,0.9908,0.9908,0.9908,46,4954,0,False,False,2,0
gnn_ewc_replay,oracle,181,414,6,2017-07-07T19:12:19.835270,5000,0.8936,0.8936,0.8936,532,4468,0,False,False,2,0
gnn_ewc_replay,oracle,182,378,5,2017-07-07T17:55:26.138198,5000,0.9918,0.9918,0.9918,41,4959,0,False,False,2,0
gnn_ewc_replay,oracle,183,380,5,2017-07-07T17:55:39.290299,5000,0.8928,0.8928,0.8928,536,4464,0,False,False,2,0
gnn_ewc_replay,oracle,184,415,6,2017-07-07T19:13:13.980423,5000,0.6772,0.6772,0.6772,1614,3386,0,False,False,2,0
gnn_ewc_replay,oracle,185,381,5,2017-07-07T17:55:45.863226,5000,0.936,0.936,0.936,320,4680,0,False,False,2,0
gnn_ewc_replay,oracle,186,416,6,2017-07-07T19:13:55.557798,5000,0.7796,0.7796,0.7796,1102,3898,0,False,False,2,0
gnn_ewc_replay,oracle,187,382,5,2017-07-07T17:55:51.164024,5000,0.9796,0.9796,0.9796,102,4898,0,False,False,2,0
gnn_ewc_replay,oracle,188,384,5,2017-07-07T18:00:43.250620,5000,0.0796,0.0796,0.0796,4602,398,0,False,False,2,0
gnn_ewc_replay,oracle,189,418,6,2017-07-07T19:15:38.304116,5000,0.566,0.566,0.566,2170,2830,0,False,False,2,0
gnn_ewc_replay,oracle,190,385,5,2017-07-07T18:08:01.771442,5000,0.8088,0.8088,0.8088,956,4044,0,False,False,2,0
gnn_ewc_replay,oracle,191,387,5,2017-07-07T18:10:02.151109,5000,0.4014,0.4014,0.4012,2993,2006,1,False,False,2,0
gnn_ewc_replay,oracle,192,419,6,2017-07-07T19:20:18.568724,5000,0.0,0.0,0.0,5000,0,0,False,False,2,0
gnn_ewc_replay,oracle,193,388,5,2017-07-07T18:12:20.353225,5000,0.0048,0.0048,0.0048,5000,0,0,False,False,2,0
gnn_ewc_replay,oracle,194,390,5,2017-07-07T18:22:29.680677,5000,0.818,0.818,0.818,910,4090,0,False,False,2,0
gnn_ewc_replay,oracle,195,421,6,2017-07-07T19:42:08.815711,5000,0.0,0.0,0.0,5000,0,0,False,False,2,0
gnn_ewc_replay,oracle,196,391,5,2017-07-07T18:23:24.585570,5000,0.485,0.485,0.485,2575,2425,0,False,False,2,0
gnn_ewc_replay,oracle,197,392,5,2017-07-07T18:27:32.404808,5000,0.0,0.0,0.0,5000,0,0,False,False,2,0
gnn_ewc_replay,oracle,198,422,6,2017-07-07T19:53:33.828828,3798,0.0,0.0,0.0,3798,0,0,False,False,2,0
gnn_ewc_replay,oracle,199,394,5,2017-07-07T18:38:01.487913,1117,0.0,0.0,0.0,1117,0,0,False,False,2,0
gnn_ewc_replay,never,0,139,1,2017-07-05T11:42:42.084372,5000,0.0,0.0,0.0,5000,0,0,False,False,0,0
gnn_ewc_replay,never,1,140,1,2017-07-05T11:51:47.303080,5000,0.0,0.0,0.0,5000,0,0,False,False,0,0
gnn_ewc_replay,never,2,239,2,2017-07-06T11:59:00.490140,5000,0.0,0.0,0.0,5000,0,0,False,False,0,0
gnn_ewc_replay,never,3,142,1,2017-07-05T12:09:27.601738,5000,0.0,0.0,0.0,5000,0,0,False,False,0,0
gnn_ewc_replay,never,4,143,1,2017-07-05T12:14:30.228870,5000,0.0,0.0,0.0,5000,0,0,False,False,0,0
gnn_ewc_replay,never,5,145,1,2017-07-05T12:30:25.505932,5000,0.0,0.0,0.0,5000,0,0,False,False,0,0
gnn_ewc_replay,never,6,146,1,2017-07-05T12:39:54.047016,5000,0.0,0.0,0.0,5000,0,0,False,False,0,0
gnn_ewc_replay,never,7,240,2,2017-07-06T12:10:15.682034,5000,0.0,0.0,0.0,5000,0,0,False,False,0,0
gnn_ewc_replay,never,8,148,1,2017-07-05T12:52:02.760958,5000,0.1696,0.1696,0.1696,5000,0,0,False,False,0,0
gnn_ewc_replay,never,9,149,1,2017-07-05T12:57:13.318901,5000,0.1506,0.1506,0.1506,5000,0,0,False,False,0,0
gnn_ewc_replay,never,10,150,1,2017-07-05T13:01:17.744846,5000,0.1364,0.1364,0.1364,5000,0,0,False,False,0,0
gnn_ewc_replay,never,11,152,1,2017-07-05T13:12:54.669885,5000,0.068,0.068,0.068,5000,0,0,False,False,0,0
gnn_ewc_replay,never,12,242,2,2017-07-06T12:22:45.174419,5000,0.0024,0.0024,0.0024,5000,0,0,False,False,0,0
gnn_ewc_replay,never,13,153,1,2017-07-05T13:15:48.345465,5000,0.0724,0.0724,0.0724,5000,0,0,False,False,0,0
gnn_ewc_replay,never,14,155,1,2017-07-05T13:25:10.453300,5000,0.0816,0.0816,0.0816,5000,0,0,False,False,0,0
gnn_ewc_replay,never,15,156,1,2017-07-05T13:29:31.560642,5000,0.0428,0.0428,0.0428,5000,0,0,False,False,0,0
gnn_ewc_replay,never,16,158,1,2017-07-05T13:40:19.835821,5000,0.4124,0.4124,0.4124,5000,0,0,False,False,0,0
gnn_ewc_replay,never,17,243,2,2017-07-06T12:29:10.306594,5000,0.002,0.002,0.002,5000,0,0,False,False,0,0
gnn_ewc_replay,never,18,159,1,2017-07-05T13:43:24.912205,5000,0.9866,0.9866,0.9854,4994,4,2,False,False,0,0
gnn_ewc_replay,never,19,160,1,2017-07-05T13:43:58.440253,5000,0.986,0.986,0.986,5000,0,0,False,False,0,0
gnn_ewc_replay,never,20,162,1,2017-07-05T13:45:05.180353,5000,0.8242,0.8242,0.8242,5000,0,0,False,False,0,0
gnn_ewc_replay,never,21,163,1,2017-07-05T13:45:37.096427,5000,0.9414,0.9414,0.94,4993,7,0,False,False,0,0
gnn_ewc_replay,never,22,245,2,2017-07-06T12:39:29.210704,5000,0.002,0.002,0.002,5000,0,0,False,False,0,0
gnn_ewc_replay,never,23,165,1,2017-07-05T13:46:29.403971,5000,0.8986,0.8986,0.8974,4994,6,0,False,False,0,0
gnn_ewc_replay,never,24,166,1,2017-07-05T13:47:01.332086,5000,0.9748,0.9748,0.9734,4993,7,0,False,False,0,0
gnn_ewc_replay,never,25,168,1,2017-07-05T13:48:07.965214,5000,0.9876,0.9876,0.9862,4993,7,0,False,False,0,0
gnn_ewc_replay,never,26,246,2,2017-07-06T12:44:44.087288,5000,0.0024,0.0024,0.0024,5000,0,0,False,False,0,0
gnn_ewc_replay,never,27,169,1,2017-07-05T13:48:41.349281,5000,0.996,0.996,0.9956,4997,0,3,False,False,0,0
gnn_ewc_replay,never,28,170,1,2017-07-05T13:49:14.345333,5000,0.9682,0.9682,0.9682,5000,0,0,False,False,0,0
gnn_ewc_replay,never,29,172,1,2017-07-05T13:50:18.918794,5000,0.9886,0.9886,0.9886,5000,0,0,False,False,0,0
gnn_ewc_replay,never,30,173,1,2017-07-05T13:50:38.228962,5000,0.961,0.961,0.961,5000,0,0,False,False,0,0
gnn_ewc_replay,never,31,248,2,2017-07-06T12:56:59.488182,5000,0.001,0.001,0.001,5000,0,0,False,False,0,0
gnn_ewc_replay,never,32,175,1,2017-07-05T13:51:44.892056,5000,0.8968,0.8968,0.8968,5000,0,0,False,False,0,0
gnn_ewc_replay,never,33,176,1,2017-07-05T13:52:17.862138,5000,0.9862,0.9862,0.9862,5000,0,0,False,False,0,0
gnn_ewc_replay,never,34,178,1,2017-07-05T13:53:24.358267,5000,0.8974,0.8974,0.8974,5000,0,0,False,False,0,0
gnn_ewc_replay,never,35,179,1,2017-07-05T13:53:56.634131,5000,0.9602,0.9602,0.9602,5000,0,0,False,False,0,0
gnn_ewc_replay,never,36,249,2,2017-07-06T13:06:47.480861,5000,0.0004,0.0004,0.0004,5000,0,0,False,False,0,0
gnn_ewc_replay,never,37,180,1,2017-07-05T13:54:29.989881,5000,0.9614,0.9614,0.9614,5000,0,0,False,False,0,0
gnn_ewc_replay,never,38,182,1,2017-07-05T13:55:22.166920,5000,0.9904,0.9904,0.9904,5000,0,0,False,False,0,0
gnn_ewc_replay,never,39,183,1,2017-07-05T13:55:55.807965,5000,0.9642,0.9642,0.9642,5000,0,0,False,False,0,0
gnn_ewc_replay,never,40,185,1,2017-07-05T13:57:01.682060,5000,0.833,0.833,0.833,5000,0,0,False,False,0,0
gnn_ewc_replay,never,41,250,2,2017-07-06T13:18:02.084347,5000,0.0016,0.0016,0.0016,5000,0,0,False,False,0,0
gnn_ewc_replay,never,42,186,1,2017-07-05T13:57:20.115614,5000,0.9156,0.9156,0.9156,5000,0,0,False,False,0,0
gnn_ewc_replay,never,43,188,1,2017-07-05T13:58:25.938722,5000,0.827,0.827,0.827,5000,0,0,False,False,0,0
gnn_ewc_replay,never,44,189,1,2017-07-05T13:58:58.737812,5000,0.9314,0.9314,0.9314,5000,0,0,False,False,0,0
gnn_ewc_replay,never,45,190,1,2017-07-05T13:59:32.174828,5000,0.9632,0.9632,0.9632,5000,0,0,False,False,0,0
gnn_ewc_replay,never,46,252,2,2017-07-06T13:35:53.976822,5000,0.0022,0.0022,0.0022,5000,0,0,False,False,0,0
gnn_ewc_replay,never,47,192,1,2017-07-05T14:00:23.948382,5000,0.6088,0.6088,0.6088,5000,0,0,False,False,0,0
gnn_ewc_replay,never,48,193,1,2017-07-05T14:02:52.031532,5000,0.0,0.0,0.0,5000,0,0,False,False,0,0
gnn_ewc_replay,never,49,195,1,2017-07-05T14:12:29.415831,5000,0.5148,0.5148,0.5148,5000,0,0,False,False,0,0
gnn_ewc_replay,never,50,196,1,2017-07-05T14:17:42.794571,5000,0.5242,0.5242,0.5242,5000,0,0,False,False,0,0
gnn_ewc_replay,never,51,253,2,2017-07-06T13:42:48.495516,5000,0.0002,0.0002,0.0002,5000,0,0,False,False,0,0
gnn_ewc_replay,never,52,198,1,2017-07-05T14:31:18.945145,5000,0.0,0.0,0.0,5000,0,0,False,False,0,0
gnn_ewc_replay,never,53,199,1,2017-07-05T14:42:55.811755,5000,0.0,0.0,0.0,5000,0,0,False,False,0,0
gnn_ewc_replay,never,54,200,1,2017-07-05T14:49:04.254998,5000,0.0,0.0,0.0,5000,0,0,False,False,0,0
gnn_ewc_replay,never,55,202,1,2017-07-05T15:02:38.428045,5000,0.0,0.0,0.0,5000,0,0,False,False,0,0
gnn_ewc_replay,never,56,255,2,2017-07-06T13:58:01.440411,5000,0.0,0.0,0.0,5000,0,0,False,False,0,0
gnn_ewc_replay,never,57,203,1,2017-07-05T15:14:29.623535,5000,0.0,0.0,0.0,5000,0,0,False,False,0,0
gnn_ewc_replay,never,58,205,1,2017-07-05T15:57:46.023320,5000,0.0,0.0,0.0,5000,0,0,False,False,0,0
gnn_ewc_replay,never,59,206,1,2017-07-05T16:11:21.785357,5000,0.0,0.0,0.0,5000,0,0,False,False,0,0
gnn_ewc_replay,never,60,208,1,2017-07-05T16:26:17.988361,5000,0.0,0.0,0.0,5000,0,0,False,False,0,0
gnn_ewc_replay,never,61,256,2,2017-07-06T14:07:33.699620,5000,0.0,0.0,0.0,5000,0,0,False,False,0,0
gnn_ewc_replay,never,62,209,1,2017-07-05T16:33:30.652614,5000,0.0,0.0,0.0,5000,0,0,False,False,0,0
gnn_ewc_replay,never,63,210,1,2017-07-05T16:44:07.514721,5000,0.0,0.0,0.0,5000,0,0,False,False,0,0
gnn_ewc_replay,never,64,212,1,2017-07-05T16:58:27.864246,5000,0.0,0.0,0.0,5000,0,0,False,False,0,0
gnn_ewc_replay,never,65,213,1,2017-07-05T17:04:53.987116,5000,0.0,0.0,0.0,5000,0,0,False,False,0,0
gnn_ewc_replay,never,66,258,2,2017-07-06T14:36:43.113049,5000,0.0,0.0,0.0,5000,0,0,False,False,0,0
gnn_ewc_replay,never,67,215,1,2017-07-05T17:17:43.888859,5000,0.0,0.0,0.0,5000,0,0,False,False,0,0
gnn_ewc_replay,never,68,216,1,2017-07-05T17:25:11.387702,5000,0.0,0.0,0.0,5000,0,0,False,False,0,0
gnn_ewc_replay,never,69,218,1,2017-07-05T17:32:09.292244,5000,0.0,0.0,0.0,5000,0,0,False,False,0,0
gnn_ewc_replay,never,70,259,2,2017-07-06T14:44:47.463686,5000,0.0,0.0,0.0,5000,0,0,False,False,0,0
gnn_ewc_replay,never,71,219,1,2017-07-05T17:36:30.842330,5000,0.0,0.0,0.0,5000,0,0,False,False,0,0
gnn_ewc_replay,never,72,220,1,2017-07-05T17:44:46.125001,5000,0.0,0.0,0.0,5000,0,0,False,False,0,0
gnn_ewc_replay,never,73,222,1,2017-07-05T18:03:49.082999,5000,0.0,0.0,0.0,5000,0,0,False,False,0,0
gnn_ewc_replay,never,74,223,1,2017-07-05T18:09:29.961498,5000,0.0,0.0,0.0,5000,0,0,False,False,0,0
gnn_ewc_replay,never,75,260,2,2017-07-06T14:51:31.044028,5000,0.0,0.0,0.0,5000,0,0,False,False,0,0
gnn_ewc_replay,never,76,225,1,2017-07-05T18:14:52.374862,5000,0.0004,0.0004,0.0004,5000,0,0,False,False,0,0
gnn_ewc_replay,never,77,226,1,2017-07-05T18:18:42.833755,5000,0.0002,0.0002,0.0002,5000,0,0,False,False,0,0
gnn_ewc_replay,never,78,228,1,2017-07-05T18:28:02.917391,5000,0.0006,0.0006,0.0006,5000,0,0,False,False,0,0
gnn_ewc_replay,never,79,229,1,2017-07-05T18:34:28.100119,5000,0.0,0.0,0.0,5000,0,0,False,False,0,0
gnn_ewc_replay,never,80,262,2,2017-07-06T15:02:34.710872,5000,0.0,0.0,0.0,5000,0,0,False,False,0,0
gnn_ewc_replay,never,81,230,1,2017-07-05T18:46:02.220861,5000,0.0,0.0,0.0,5000,0,0,False,False,0,0
gnn_ewc_replay,never,82,232,1,2017-07-05T19:08:00.288731,5000,0.0,0.0,0.0,5000,0,0,False,False,0,0
gnn_ewc_replay,never,83,233,1,2017-07-05T19:16:31.400416,5000,0.0,0.0,0.0,5000,0,0,False,False,0,0
gnn_ewc_replay,never,84,235,1,2017-07-05T19:34:27.924119,5000,0.0,0.0,0.0,5000,0,0,False,False,0,0
gnn_ewc_replay,never,85,263,2,2017-07-06T15:17:36.886104,1631,0.0,0.0,0.0,1631,0,0,False,False,0,0
gnn_ewc_replay,never,86,236,1,2017-07-05T19:42:27.366104,5000,0.0,0.0,0.0,5000,0,0,False,False,0,0
gnn_ewc_replay,never,87,238,1,2017-07-05T20:01:58.214404,1639,0.0,0.0,0.0,1639,0,0,False,False,0,0
gnn_ewc_replay,never,88,264,3,2017-07-06T15:21:46.077528,5000,0.0,0.0,0.0,5000,0,0,False,False,0,0
gnn_ewc_replay,never,89,312,4,2017-07-07T11:59:50.315195,5000,0.0,0.0,0.0,5000,0,0,False,False,0,0
gnn_ewc_replay,never,90,265,3,2017-07-06T15:57:48.073332,5000,0.0,0.0,0.0,5000,0,0,False,False,0,0
gnn_ewc_replay,never,91,267,3,2017-07-06T16:20:01.275888,5000,0.0,0.0,0.0,5000,0,0,False,False,0,0
gnn_ewc_replay,never,92,313,4,2017-07-07T12:11:03.657511,5000,0.0,0.0,0.0,5000,0,0,False,False,0,0
gnn_ewc_replay,never,93,268,3,2017-07-06T16:26:11.443075,5000,0.0,0.0,0.0,5000,0,0,False,False,0,0
gnn_ewc_replay,never,94,315,4,2017-07-07T12:29:00.190644,5000,0.0,0.0,0.0,5000,0,0,False,False,0,0
gnn_ewc_replay,never,95,270,3,2017-07-06T16:41:26.142952,5000,0.0,0.0,0.0,5000,0,0,False,False,0,0
gnn_ewc_replay,never,96,271,3,2017-07-06T16:48:23.513508,5000,0.0,0.0,0.0,5000,0,0,False,False,0,0
gnn_ewc_replay,never,97,316,4,2017-07-07T12:37:40.318157,5000,0.0,0.0,0.0,5000,0,0,False,False,0,0
gnn_ewc_replay,never,98,273,3,2017-07-06T17:01:56.124719,5000,0.0,0.0,0.0,5000,0,0,False,False,0,0
gnn_ewc_replay,never,99,274,3,2017-07-06T17:09:14.312316,5000,0.0002,0.0002,0.0002,5000,0,0,False,False,0,0
gnn_ewc_replay,never,100,318,4,2017-07-07T12:49:25.541221,5000,0.0,0.0,0.0,5000,0,0,False,False,0,0
gnn_ewc_replay,never,101,275,3,2017-07-06T17:19:03.227873,5000,0.0002,0.0002,0.0002,5000,0,0,False,False,0,0
gnn_ewc_replay,never,102,319,4,2017-07-07T12:57:46.514818,5000,0.0,0.0,0.0,5000,0,0,False,False,0,0
gnn_ewc_replay,never,103,277,3,2017-07-06T17:33:34.194501,5000,0.1946,0.1946,0.1946,5000,0,0,False,False,0,0
gnn_ewc_replay,never,104,278,3,2017-07-06T17:39:12.552975,5000,0.0004,0.0004,0.0004,5000,0,0,False,False,0,0
gnn_ewc_replay,never,105,321,4,2017-07-07T13:06:05.779821,5000,0.0058,0.0058,0.0058,5000,0,0,False,False,0,0
gnn_ewc_replay,never,106,280,3,2017-07-06T17:55:09.986251,5000,0.0004,0.0004,0.0004,5000,0,0,False,False,0,0
gnn_ewc_replay,never,107,281,3,2017-07-06T17:59:36.467132,5000,0.0002,0.0002,0.0002,5000,0,0,False,False,0,0
gnn_ewc_replay,never,108,322,4,2017-07-07T13:10:50.455475,5000,0.0024,0.0024,0.0024,5000,0,0,False,False,0,0
gnn_ewc_replay,never,109,283,3,2017-07-06T18:07:16.757797,5000,0.663,0.663,0.663,5000,0,0,False,False,0,0
gnn_ewc_replay,never,110,323,4,2017-07-07T13:17:08.517690,5000,0.0016,0.0016,0.0016,5000,0,0,False,False,0,0
gnn_ewc_replay,never,111,284,3,2017-07-06T18:09:57.844506,5000,0.824,0.824,0.824,5000,0,0,False,False,0,0
gnn_ewc_replay,never,112,285,3,2017-07-06T18:10:49.994872,5000,0.775,0.775,0.775,5000,0,0,False,False,0,0
gnn_ewc_replay,never,113,325,4,2017-07-07T13:25:25.836703,5000,0.0118,0.0118,0.0118,5000,0,0,False,False,0,0
gnn_ewc_replay,never,114,287,3,2017-07-06T18:14:45.755478,5000,0.3294,0.3294,0.3294,5000,0,0,False,False,0,0
gnn_ewc_replay,never,115,288,3,2017-07-06T18:18:04.892579,5000,0.665,0.665,0.665,5000,0,0,False,False,0,0
gnn_ewc_replay,never,116,326,4,2017-07-07T13:28:50.168559,5000,0.0124,0.0124,0.0124,5000,0,0,False,False,0,0
gnn_ewc_replay,never,117,290,3,2017-07-06T18:20:34.510755,5000,0.6878,0.6878,0.6878,5000,0,0,False,False,0,0
gnn_ewc_replay,never,118,291,3,2017-07-06T18:22:53.483056,5000,0.7674,0.7674,0.7674,5000,0,0,False,False,0,0
gnn_ewc_replay,never,119,328,4,2017-07-07T13:36:33.599736,5000,0.0372,0.0372,0.0372,5000,0,0,False,False,0,0
gnn_ewc_replay,never,120,293,3,2017-07-06T18:27:47.326584,5000,0.8746,0.8746,0.8746,5000,0,0,False,False,0,0
gnn_ewc_replay,never,121,329,4,2017-07-07T13:44:33.114918,5000,0.0444,0.0444,0.0444,5000,0,0,False,False,0,0
gnn_ewc_replay,never,122,294,3,2017-07-06T18:29:08.737619,5000,0.6564,0.6564,0.6564,5000,0,0,False,False,0,0
gnn_ewc_replay,never,123,295,3,2017-07-06T18:31:05.480703,5000,0.723,0.723,0.723,5000,0,0,False,False,0,0
gnn_ewc_replay,never,124,331,4,2017-07-07T14:03:11.120403,5000,0.0,0.0,0.0,5000,0,0,False,False,0,0
gnn_ewc_replay,never,125,297,3,2017-07-06T18:33:53.760513,5000,0.512,0.512,0.512,5000,0,0,False,False,0,0
gnn_ewc_replay,never,126,298,3,2017-07-06T18:37:22.766188,5000,0.6834,0.6834,0.6834,5000,0,0,False,False,0,0
gnn_ewc_replay,never,127,332,4,2017-07-07T14:10:48.127689,5000,0.0,0.0,0.0,5000,0,0,False,False,0,0
gnn_ewc_replay,never,128,300,3,2017-07-06T18:40:30.610036,5000,0.6866,0.6866,0.6866,5000,0,0,False,False,0,0
gnn_ewc_replay,never,129,333,4,2017-07-07T14:17:34.746882,5000,0.0,0.0,0.0,5000,0,0,False,False,0,0
gnn_ewc_replay,never,130,301,3,2017-07-06T18:42:06.498633,5000,0.6346,0.6346,0.6346,5000,0,0,False,False,0,0
gnn_ewc_replay,never,131,303,3,2017-07-06T18:47:09.422094,5000,0.0,0.0,0.0,5000,0,0,False,False,0,0
gnn_ewc_replay,never,132,335,4,2017-07-07T14:29:28.037485,5000,0.0,0.0,0.0,5000,0,0,False,False,0,0
gnn_ewc_replay,never,133,304,3,2017-07-06T18:54:53.175956,5000,0.0,0.0,0.0,5000,0,0,False,False,0,0
gnn_ewc_replay,never,134,305,3,2017-07-06T19:03:28.804011,5000,0.0,0.0,0.0,5000,0,0,False,False,0,0
gnn_ewc_replay,never,135,336,4,2017-07-07T14:36:46.146039,5000,0.0,0.0,0.0,5000,0,0,False,False,0,0
gnn_ewc_replay,never,136,307,3,2017-07-06T19:27:07.705893,5000,0.0,0.0,0.0,5000,0,0,False,False,0,0
gnn_ewc_replay,never,137,338,4,2017-07-07T14:53:13.213414,5000,0.0,0.0,0.0,5000,0,0,False,False,0,0
gnn_ewc_replay,never,138,308,3,2017-07-06T19:34:19.845180,5000,0.0,0.0,0.0,5000,0,0,False,False,0,0
gnn_ewc_replay,never,139,310,3,2017-07-06T19:49:46.027609,5000,0.0,0.0,0.0,5000,0,0,False,False,0,0
gnn_ewc_replay,never,140,339,4,2017-07-07T15:00:28.242232,5000,0.0,0.0,0.0,5000,0,0,False,False,0,0
gnn_ewc_replay,never,141,311,3,2017-07-06T19:54:11.940169,5445,0.0,0.0,0.0,5445,0,0,False,False,0,0
gnn_ewc_replay,never,142,341,5,2017-07-07T15:28:53.858854,5000,0.0008,0.0008,0.0,4996,4,0,False,False,0,0
gnn_ewc_replay,never,143,395,6,2017-07-07T18:40:13.106791,5000,0.0,0.0,0.0,5000,0,0,False,False,0,0
gnn_ewc_replay,never,144,342,5,2017-07-07T16:08:36.089220,5000,0.0,0.0,0.0,5000,0,0,False,False,0,0
gnn_ewc_replay,never,145,344,5,2017-07-07T16:34:33.679764,5000,0.0,0.0,0.0,5000,0,0,False,False,0,0
gnn_ewc_replay,never,146,396,6,2017-07-07T18:51:29.702413,5000,0.4302,0.4302,0.4302,5000,0,0,False,False,0,0
gnn_ewc_replay,never,147,345,5,2017-07-07T16:36:28.449578,5000,0.0,0.0,0.0,5000,0,0,False,False,0,0
gnn_ewc_replay,never,148,347,5,2017-07-07T16:50:49.419521,5000,0.0264,0.0264,0.0264,5000,0,0,False,False,0,0
gnn_ewc_replay,never,149,398,6,2017-07-07T18:58:02.196043,5000,0.7544,0.7544,0.7544,5000,0,0,False,False,0,0
gnn_ewc_replay,never,150,348,5,2017-07-07T16:59:16.787988,5000,0.0188,0.0188,0.0188,5000,0,0,False,False,0,0
gnn_ewc_replay,never,151,350,5,2017-07-07T17:13:57.348088,5000,0.0236,0.0236,0.0236,5000,0,0,False,False,0,0
gnn_ewc_replay,never,152,399,6,2017-07-07T18:58:48.883331,5000,0.791,0.791,0.791,5000,0,0,False,False,0,0
gnn_ewc_replay,never,153,351,5,2017-07-07T17:21:37.950704,5000,0.0,0.0,0.0,5000,0,0,False,False,0,0
gnn_ewc_replay,never,154,352,5,2017-07-07T17:28:14.273505,5000,0.0,0.0,0.0,5000,0,0,False,False,0,0
gnn_ewc_replay,never,155,401,6,2017-07-07T19:00:29.056924,5000,0.8542,0.8542,0.8542,5000,0,0,False,False,0,0
gnn_ewc_replay,never,156,354,5,2017-07-07T17:45:17.899612,5000,0.0286,0.0286,0.0286,5000,0,0,False,False,0,0
gnn_ewc_replay,never,157,402,6,2017-07-07T19:01:21.056982,5000,0.9168,0.9168,0.9168,5000,0,0,False,False,0,0
gnn_ewc_replay,never,158,355,5,2017-07-07T17:51:45.466435,5000,0.9924,0.9924,0.9924,5000,0,0,False,False,0,0
gnn_ewc_replay,never,159,357,5,2017-07-07T17:51:59.159748,5000,0.9956,0.9956,0.9956,5000,0,0,False,False,0,0
gnn_ewc_replay,never,160,404,6,2017-07-07T19:03:17.417002,5000,0.892,0.892,0.8918,4999,0,1,False,False,0,0
gnn_ewc_replay,never,161,358,5,2017-07-07T17:52:06.020133,5000,0.9872,0.9872,0.9872,5000,0,0,False,False,0,0
gnn_ewc_replay,never,162,360,5,2017-07-07T17:52:19.730775,5000,0.9878,0.9878,0.9878,5000,0,0,False,False,0,0
gnn_ewc_replay,never,163,405,6,2017-07-07T19:04:11.677669,5000,0.9342,0.9342,0.9342,5000,0,0,False,False,0,0
gnn_ewc_replay,never,164,361,5,2017-07-07T17:52:26.609510,5000,0.9948,0.9948,0.9948,5000,0,0,False,False,0,0
gnn_ewc_replay,never,165,362,5,2017-07-07T17:52:33.458646,5000,0.9898,0.9898,0.9898,5000,0,0,False,False,0,0
gnn_ewc_replay,never,166,406,6,2017-07-07T19:05:10.130947,5000,0.8698,0.8698,0.8698,5000,0,0,False,False,0,0
gnn_ewc_replay,never,167,364,5,2017-07-07T17:52:47.175885,5000,0.994,0.994,0.994,5000,0,0,False,False,0,0
gnn_ewc_replay,never,168,365,5,2017-07-07T17:52:54.036328,5000,0.9786,0.9786,0.9786,5000,0,0,False,False,0,0
gnn_ewc_replay,never,169,408,6,2017-07-07T19:06:59.997858,5000,0.8462,0.8462,0.8462,5000,0,0,False,False,0,0
gnn_ewc_replay,never,170,367,5,2017-07-07T17:54:15.198356,5000,0.9366,0.9366,0.9366,5000,0,0,False,False,0,0
gnn_ewc_replay,never,171,368,5,2017-07-07T17:54:21.743673,5000,0.9926,0.9926,0.9926,5000,0,0,False,False,0,0
gnn_ewc_replay,never,172,409,6,2017-07-07T19:07:51.520364,5000,0.8472,0.8472,0.8472,5000,0,0,False,False,0,0
gnn_ewc_replay,never,173,370,5,2017-07-07T17:54:34.912359,5000,0.9606,0.9606,0.9606,5000,0,0,False,False,0,0
gnn_ewc_replay,never,174,371,5,2017-07-07T17:54:40.199430,5000,0.9946,0.9946,0.9946,5000,0,0,False,False,0,0
gnn_ewc_replay,never,175,411,6,2017-07-07T19:09:36.175401,5000,0.9538,0.9538,0.9538,5000,0,0,False,False,0,0
gnn_ewc_replay,never,176,372,5,2017-07-07T17:54:46.759913,5000,0.9942,0.9942,0.9942,5000,0,0,False,False,0,0
gnn_ewc_replay,never,177,374,5,2017-07-07T17:54:59.878558,5000,0.9906,0.9906,0.9906,5000,0,0,False,False,0,0
gnn_ewc_replay,never,178,412,6,2017-07-07T19:10:34.468512,5000,0.9152,0.9152,0.9152,5000,0,0,False,False,0,0
gnn_ewc_replay,never,179,375,5,2017-07-07T17:55:06.426975,5000,0.9674,0.9674,0.9674,5000,0,0,False,False,0,0
gnn_ewc_replay,never,180,377,5,2017-07-07T17:55:19.562795,5000,0.9908,0.9908,0.9908,5000,0,0,False,False,0,0
gnn_ewc_replay,never,181,414,6,2017-07-07T19:12:19.835270,5000,0.8936,0.8936,0.8936,5000,0,0,False,False,0,0
gnn_ewc_replay,never,182,378,5,2017-07-07T17:55:26.138198,5000,0.9918,0.9918,0.9918,5000,0,0,False,False,0,0
gnn_ewc_replay,never,183,380,5,2017-07-07T17:55:39.290299,5000,0.8928,0.8928,0.8928,5000,0,0,False,False,0,0
gnn_ewc_replay,never,184,415,6,2017-07-07T19:13:13.980423,5000,0.6772,0.6772,0.6772,5000,0,0,False,False,0,0
gnn_ewc_replay,never,185,381,5,2017-07-07T17:55:45.863226,5000,0.936,0.936,0.936,5000,0,0,False,False,0,0
gnn_ewc_replay,never,186,416,6,2017-07-07T19:13:55.557798,5000,0.7798,0.7798,0.7796,4999,0,1,False,False,0,0
gnn_ewc_replay,never,187,382,5,2017-07-07T17:55:51.164024,5000,0.9796,0.9796,0.9796,5000,0,0,False,False,0,0
gnn_ewc_replay,never,188,384,5,2017-07-07T18:00:43.250620,5000,0.0796,0.0796,0.0796,5000,0,0,False,False,0,0
gnn_ewc_replay,never,189,418,6,2017-07-07T19:15:38.304116,5000,0.566,0.566,0.566,5000,0,0,False,False,0,0
gnn_ewc_replay,never,190,385,5,2017-07-07T18:08:01.771442,5000,0.8088,0.8088,0.8088,5000,0,0,False,False,0,0
gnn_ewc_replay,never,191,387,5,2017-07-07T18:10:02.151109,5000,0.4012,0.4012,0.4012,5000,0,0,False,False,0,0
gnn_ewc_replay,never,192,419,6,2017-07-07T19:20:18.568724,5000,0.0,0.0,0.0,5000,0,0,False,False,0,0
gnn_ewc_replay,never,193,388,5,2017-07-07T18:12:20.353225,5000,0.0048,0.0048,0.0048,5000,0,0,False,False,0,0
gnn_ewc_replay,never,194,390,5,2017-07-07T18:22:29.680677,5000,0.818,0.818,0.818,5000,0,0,False,False,0,0
gnn_ewc_replay,never,195,421,6,2017-07-07T19:42:08.815711,5000,0.0,0.0,0.0,5000,0,0,False,False,0,0
gnn_ewc_replay,never,196,391,5,2017-07-07T18:23:24.585570,5000,0.485,0.485,0.485,5000,0,0,False,False,0,0
gnn_ewc_replay,never,197,392,5,2017-07-07T18:27:32.404808,5000,0.0,0.0,0.0,5000,0,0,False,False,0,0
gnn_ewc_replay,never,198,422,6,2017-07-07T19:53:33.828828,3798,0.0,0.0,0.0,3798,0,0,False,False,0,0
gnn_ewc_replay,never,199,394,5,2017-07-07T18:38:01.487913,1117,0.0,0.0,0.0,1117,0,0,False,False,0,0
gnn_naive,adwin,0,139,1,2017-07-05T11:42:42.084372,5000,0.0,0.0,0.0,5000,0,0,False,False,0,0
gnn_naive,adwin,1,140,1,2017-07-05T11:51:47.303080,5000,0.0,0.0,0.0,5000,0,0,False,False,0,0
gnn_naive,adwin,2,239,2,2017-07-06T11:59:00.490140,5000,0.0,0.0,0.0,5000,0,0,False,False,0,0
gnn_naive,adwin,3,142,1,2017-07-05T12:09:27.601738,5000,0.0,0.0,0.0,5000,0,0,False,False,0,0
gnn_naive,adwin,4,143,1,2017-07-05T12:14:30.228870,5000,0.0,0.0,0.0,5000,0,0,False,False,0,0
gnn_naive,adwin,5,145,1,2017-07-05T12:30:25.505932,5000,0.0,0.0,0.0,5000,0,0,False,False,0,0
gnn_naive,adwin,6,146,1,2017-07-05T12:39:54.047016,5000,0.0,0.0,0.0,5000,0,0,False,False,0,0
gnn_naive,adwin,7,240,2,2017-07-06T12:10:15.682034,5000,0.0,0.0,0.0,5000,0,0,False,False,0,0
gnn_naive,adwin,8,148,1,2017-07-05T12:52:02.760958,5000,0.1696,0.1696,0.1696,5000,0,0,True,True,1,0
gnn_naive,adwin,9,149,1,2017-07-05T12:57:13.318901,5000,0.058,0.058,0.1506,3957,1043,0,True,False,1,0
gnn_naive,adwin,10,150,1,2017-07-05T13:01:17.744846,5000,0.0586,0.0586,0.1364,4025,974,1,True,False,1,0
gnn_naive,adwin,11,152,1,2017-07-05T13:12:54.669885,5000,0.134,0.134,0.068,3990,1010,0,True,False,1,0
gnn_naive,adwin,12,242,2,2017-07-06T12:22:45.174419,5000,0.0454,0.0454,0.0024,4785,203,12,True,False,1,0
gnn_naive,adwin,13,153,1,2017-07-05T13:15:48.345465,5000,0.0616,0.0616,0.0724,4941,45,14,True,True,2,0
gnn_naive,adwin,14,155,1,2017-07-05T13:25:10.453300,5000,0.056,0.056,0.0816,4310,688,2,True,False,2,0
gnn_naive,adwin,15,156,1,2017-07-05T13:29:31.560642,5000,0.031,0.031,0.0428,4631,369,0,True,False,2,0
gnn_naive,adwin,16,158,1,2017-07-05T13:40:19.835821,5000,0.4124,0.4124,0.4124,5000,0,0,True,False,2,0
gnn_naive,adwin,17,243,2,2017-07-06T12:29:10.306594,5000,0.002,0.002,0.002,4980,20,0,True,False,2,0
gnn_naive,adwin,18,159,1,2017-07-05T13:43:24.912205,5000,0.986,0.986,0.9854,4995,1,4,True,True,3,0
gnn_naive,adwin,19,160,1,2017-07-05T13:43:58.440253,5000,0.0002,0.0002,0.986,69,4931,0,True,False,3,0
gnn_naive,adwin,20,162,1,2017-07-05T13:45:05.180353,5000,0.0008,0.0008,0.8242,875,4122,3,False,False,3,0
gnn_naive,adwin,21,163,1,2017-07-05T13:45:37.096427,5000,0.003,0.003,0.94,301,4655,44,True,False,3,0
gnn_naive,adwin,22,245,2,2017-07-06T12:39:29.210704,5000,0.002,0.002,0.002,4980,20,0,False,False,3,0
gnn_naive,adwin,23,165,1,2017-07-05T13:46:29.403971,5000,0.8964,0.8964,0.8974,4981,0,19,True,True,4,0
gnn_naive,adwin,24,166,1,2017-07-05T13:47:01.332086,5000,0.0,0.0,0.9734,133,4867,0,True,False,4,0
gnn_naive,adwin,25,168,1,2017-07-05T13:48:07.965214,5000,0.0,0.0,0.9862,69,4931,0,False,False,4,0
gnn_naive,adwin,26,246,2,2017-07-06T12:44:44.087288,5000,0.0,0.0,0.0024,4988,12,0,False,False,4,0
gnn_naive,adwin,27,169,1,2017-07-05T13:48:41.349281,5000,0.0004,0.0004,0.9956,20,4980,0,False,False,4,0
gnn_naive,adwin,28,170,1,2017-07-05T13:49:14.345333,5000,0.0004,0.0004,0.9682,156,4841,3,False,False,4,0
gnn_naive,adwin,29,172,1,2017-07-05T13:50:18.918794,5000,0.0,0.0,0.9886,57,4943,0,False,False,4,0
gnn_naive,adwin,30,173,1,2017-07-05T13:50:38.228962,5000,0.012,0.012,0.961,197,4619,184,True,True,5,0
gnn_naive,adwin,31,248,2,2017-07-06T12:56:59.488182,5000,0.0,0.0,0.001,4995,5,0,False,False,5,0
gnn_naive,adwin,32,175,1,2017-07-05T13:51:44.892056,5000,0.0,0.0,0.8968,516,4484,0,False,False,5,0
gnn_naive,adwin,33,176,1,2017-07-05T13:52:17.862138,5000,0.0,0.0,0.9862,68,4931,1,False,False,5,0
gnn_naive,adwin,34,178,1,2017-07-05T13:53:24.358267,5000,0.0,0.0,0.8974,513,4487,0,False,False,5,0
gnn_naive,adwin,35,179,1,2017-07-05T13:53:56.634131,5000,0.0,0.0,0.9602,199,4801,0,False,False,5,0
gnn_naive,adwin,36,249,2,2017-07-06T13:06:47.480861,5000,0.0002,0.0002,0.0004,4996,3,1,False,False,5,0
gnn_naive,adwin,37,180,1,2017-07-05T13:54:29.989881,5000,0.0,0.0,0.9614,193,4807,0,False,False,5,0
gnn_naive,adwin,38,182,1,2017-07-05T13:55:22.166920,5000,0.0,0.0,0.9904,48,4952,0,False,False,5,0
gnn_naive,adwin,39,183,1,2017-07-05T13:55:55.807965,5000,0.0,0.0,0.9642,179,4821,0,False,False,5,0
gnn_naive,adwin,40,185,1,2017-07-05T13:57:01.682060,5000,0.0,0.0,0.833,835,4165,0,False,False,5,0
gnn_naive,adwin,41,250,2,2017-07-06T13:18:02.084347,5000,0.0,0.0,0.0016,4992,8,0,False,False,5,0
gnn_naive,adwin,42,186,1,2017-07-05T13:57:20.115614,5000,0.0,0.0,0.9156,421,4578,1,False,False,5,0
gnn_naive,adwin,43,188,1,2017-07-05T13:58:25.938722,5000,0.0,0.0,0.827,865,4135,0,False,False,5,0
gnn_naive,adwin,44,189,1,2017-07-05T13:58:58.737812,5000,0.0,0.0,0.9314,343,4657,0,False,False,5,0
gnn_naive,adwin,45,190,1,2017-07-05T13:59:32.174828,5000,0.0,0.0,0.9632,184,4816,0,False,False,5,0
gnn_naive,adwin,46,252,2,2017-07-06T13:35:53.976822,5000,0.0022,0.0022,0.0022,4989,11,0,True,True,6,0
gnn_naive,adwin,47,192,1,2017-07-05T14:00:23.948382,5000,0.0,0.0,0.6088,1956,3044,0,False,False,6,0
gnn_naive,adwin,48,193,1,2017-07-05T14:02:52.031532,5000,0.0,0.0,0.0,5000,0,0,False,False,6,0
gnn_naive,adwin,49,195,1,2017-07-05T14:12:29.415831,5000,0.0,0.0,0.5148,2426,2574,0,False,False,6,0
gnn_naive,adwin,50,196,1,2017-07-05T14:17:42.794571,5000,0.0,0.0,0.5242,2379,2621,0,False,False,6,0
gnn_naive,adwin,51,253,2,2017-07-06T13:42:48.495516,5000,0.0,0.0,0.0002,4999,1,0,False,False,6,0
gnn_naive,adwin,52,198,1,2017-07-05T14:31:18.945145,5000,0.0,0.0,0.0,5000,0,0,False,False,6,0
gnn_naive,adwin,53,199,1,2017-07-05T14:42:55.811755,5000,0.0,0.0,0.0,5000,0,0,False,False,6,0
gnn_naive,adwin,54,200,1,2017-07-05T14:49:04.254998,5000,0.0,0.0,0.0,5000,0,0,False,False,6,0
gnn_naive,adwin,55,202,1,2017-07-05T15:02:38.428045,5000,0.0,0.0,0.0,5000,0,0,False,False,6,0
gnn_naive,adwin,56,255,2,2017-07-06T13:58:01.440411,5000,0.0006,0.0006,0.0,4997,3,0,False,False,6,0
gnn_naive,adwin,57,203,1,2017-07-05T15:14:29.623535,5000,0.0,0.0,0.0,5000,0,0,False,False,6,0
gnn_naive,adwin,58,205,1,2017-07-05T15:57:46.023320,5000,0.0,0.0,0.0,5000,0,0,False,False,6,0
gnn_naive,adwin,59,206,1,2017-07-05T16:11:21.785357,5000,0.0,0.0,0.0,5000,0,0,False,False,6,0
gnn_naive,adwin,60,208,1,2017-07-05T16:26:17.988361,5000,0.0,0.0,0.0,5000,0,0,False,False,6,0
gnn_naive,adwin,61,256,2,2017-07-06T14:07:33.699620,5000,0.0006,0.0006,0.0,4997,2,1,False,False,6,0
gnn_naive,adwin,62,209,1,2017-07-05T16:33:30.652614,5000,0.0,0.0,0.0,5000,0,0,False,False,6,0
gnn_naive,adwin,63,210,1,2017-07-05T16:44:07.514721,5000,0.0,0.0,0.0,5000,0,0,False,False,6,0
gnn_naive,adwin,64,212,1,2017-07-05T16:58:27.864246,5000,0.0,0.0,0.0,5000,0,0,False,False,6,0
gnn_naive,adwin,65,213,1,2017-07-05T17:04:53.987116,5000,0.0,0.0,0.0,5000,0,0,False,False,6,0
gnn_naive,adwin,66,258,2,2017-07-06T14:36:43.113049,5000,0.0,0.0,0.0,5000,0,0,False,False,6,0
gnn_naive,adwin,67,215,1,2017-07-05T17:17:43.888859,5000,0.0004,0.0004,0.0,4998,2,0,False,False,6,0
gnn_naive,adwin,68,216,1,2017-07-05T17:25:11.387702,5000,0.0,0.0,0.0,5000,0,0,False,False,6,0
gnn_naive,adwin,69,218,1,2017-07-05T17:32:09.292244,5000,0.0,0.0,0.0,5000,0,0,False,False,6,0
gnn_naive,adwin,70,259,2,2017-07-06T14:44:47.463686,5000,0.0,0.0,0.0,5000,0,0,False,False,6,0
gnn_naive,adwin,71,219,1,2017-07-05T17:36:30.842330,5000,0.0,0.0,0.0,5000,0,0,False,False,6,0
gnn_naive,adwin,72,220,1,2017-07-05T17:44:46.125001,5000,0.0,0.0,0.0,5000,0,0,False,False,6,0
gnn_naive,adwin,73,222,1,2017-07-05T18:03:49.082999,5000,0.0,0.0,0.0,5000,0,0,False,False,6,0
gnn_naive,adwin,74,223,1,2017-07-05T18:09:29.961498,5000,0.0004,0.0004,0.0,4998,0,2,False,False,6,0
gnn_naive,adwin,75,260,2,2017-07-06T14:51:31.044028,5000,0.0,0.0,0.0,5000,0,0,False,False,6,0
gnn_naive,adwin,76,225,1,2017-07-05T18:14:52.374862,5000,0.0004,0.0004,0.0004,5000,0,0,False,False,6,0
gnn_naive,adwin,77,226,1,2017-07-05T18:18:42.833755,5000,0.0002,0.0002,0.0002,4999,0,1,False,False,6,0
gnn_naive,adwin,78,228,1,2017-07-05T18:28:02.917391,5000,0.0006,0.0006,0.0006,5000,0,0,False,False,6,0
gnn_naive,adwin,79,229,1,2017-07-05T18:34:28.100119,5000,0.0,0.0,0.0,5000,0,0,False,False,6,0
gnn_naive,adwin,80,262,2,2017-07-06T15:02:34.710872,5000,0.0,0.0,0.0,5000,0,0,False,False,6,0
gnn_naive,adwin,81,230,1,2017-07-05T18:46:02.220861,5000,0.0,0.0,0.0,5000,0,0,False,False,6,0
gnn_naive,adwin,82,232,1,2017-07-05T19:08:00.288731,5000,0.0,0.0,0.0,5000,0,0,False,False,6,0
gnn_naive,adwin,83,233,1,2017-07-05T19:16:31.400416,5000,0.0,0.0,0.0,5000,0,0,False,False,6,0
gnn_naive,adwin,84,235,1,2017-07-05T19:34:27.924119,5000,0.0,0.0,0.0,5000,0,0,False,False,6,0
gnn_naive,adwin,85,263,2,2017-07-06T15:17:36.886104,1631,0.0,0.0,0.0,1631,0,0,False,False,6,0
gnn_naive,adwin,86,236,1,2017-07-05T19:42:27.366104,5000,0.0,0.0,0.0,5000,0,0,False,False,6,0
gnn_naive,adwin,87,238,1,2017-07-05T20:01:58.214404,1639,0.0006101281269066504,0.0006101281269066504,0.0,1638,1,0,False,False,6,0
gnn_naive,adwin,88,264,3,2017-07-06T15:21:46.077528,5000,0.0016,0.0016,0.0,4992,6,2,False,False,6,0
gnn_naive,adwin,89,312,4,2017-07-07T11:59:50.315195,5000,0.0,0.0,0.0,5000,0,0,False,False,6,0
gnn_naive,adwin,90,265,3,2017-07-06T15:57:48.073332,5000,0.0,0.0,0.0,5000,0,0,False,False,6,0
gnn_naive,adwin,91,267,3,2017-07-06T16:20:01.275888,5000,0.0008,0.0008,0.0,4996,4,0,False,False,6,0
gnn_naive,adwin,92,313,4,2017-07-07T12:11:03.657511,5000,0.0,0.0,0.0,5000,0,0,False,False,6,0
gnn_naive,adwin,93,268,3,2017-07-06T16:26:11.443075,5000,0.0,0.0,0.0,5000,0,0,False,False,6,0
gnn_naive,adwin,94,315,4,2017-07-07T12:29:00.190644,5000,0.0,0.0,0.0,5000,0,0,False,False,6,0
gnn_naive,adwin,95,270,3,2017-07-06T16:41:26.142952,5000,0.0,0.0,0.0,5000,0,0,False,False,6,0
gnn_naive,adwin,96,271,3,2017-07-06T16:48:23.513508,5000,0.0,0.0,0.0,5000,0,0,False,False,6,0
gnn_naive,adwin,97,316,4,2017-07-07T12:37:40.318157,5000,0.0,0.0,0.0,5000,0,0,False,False,6,0
gnn_naive,adwin,98,273,3,2017-07-06T17:01:56.124719,5000,0.0,0.0,0.0,5000,0,0,False,False,6,0
gnn_naive,adwin,99,274,3,2017-07-06T17:09:14.312316,5000,0.0002,0.0002,0.0002,5000,0,0,False,False,6,0
gnn_naive,adwin,100,318,4,2017-07-07T12:49:25.541221,5000,0.0,0.0,0.0,5000,0,0,False,False,6,0
gnn_naive,adwin,101,275,3,2017-07-06T17:19:03.227873,5000,0.0002,0.0002,0.0002,5000,0,0,False,False,6,0
gnn_naive,adwin,102,319,4,2017-07-07T12:57:46.514818,5000,0.0,0.0,0.0,5000,0,0,False,False,6,0
gnn_naive,adwin,103,277,3,2017-07-06T17:33:34.194501,5000,0.1946,0.1946,0.1946,5000,0,0,True,True,7,0
gnn_naive,adwin,104,278,3,2017-07-06T17:39:12.552975,5000,0.0004,0.0004,0.0004,5000,0,0,False,False,7,0
gnn_naive,adwin,105,321,4,2017-07-07T13:06:05.779821,5000,0.0058,0.0058,0.0058,5000,0,0,False,False,7,0
gnn_naive,adwin,106,280,3,2017-07-06T17:55:09.986251,5000,0.0004,0.0004,0.0004,5000,0,0,False,False,7,0
gnn_naive,adwin,107,281,3,2017-07-06T17:59:36.467132,5000,0.0002,0.0002,0.0002,5000,0,0,False,False,7,0
gnn_naive,adwin,108,322,4,2017-07-07T13:10:50.455475,5000,0.0024,0.0024,0.0024,5000,0,0,False,False,7,0
gnn_naive,adwin,109,283,3,2017-07-06T18:07:16.757797,5000,0.0002,0.0002,0.663,1685,3312,3,False,False,7,0
gnn_naive,adwin,110,323,4,2017-07-07T13:17:08.517690,5000,0.0016,0.0016,0.0016,5000,0,0,False,False,7,0
gnn_naive,adwin,111,284,3,2017-07-06T18:09:57.844506,5000,0.013,0.013,0.824,815,4184,1,True,True,8,0
gnn_naive,adwin,112,285,3,2017-07-06T18:10:49.994872,5000,0.0002,0.0002,0.775,1121,3875,4,True,False,8,0
gnn_naive,adwin,113,325,4,2017-07-07T13:25:25.836703,5000,0.0012,0.0012,0.0118,4945,55,0,False,False,8,0
gnn_naive,adwin,114,287,3,2017-07-06T18:14:45.755478,5000,0.0,0.0,0.3294,3353,1647,0,False,False,8,0
gnn_naive,adwin,115,288,3,2017-07-06T18:18:04.892579,5000,0.0006,0.0006,0.665,1678,3312,10,False,False,8,0
gnn_naive,adwin,116,326,4,2017-07-07T13:28:50.168559,5000,0.0008,0.0008,0.0124,4942,57,1,False,False,8,0
gnn_naive,adwin,117,290,3,2017-07-06T18:20:34.510755,5000,0.0002,0.0002,0.6878,1561,3437,2,False,False,8,0
gnn_naive,adwin,118,291,3,2017-07-06T18:22:53.483056,5000,0.0002,0.0002,0.7674,1164,3833,3,False,False,8,0
gnn_naive,adwin,119,328,4,2017-07-07T13:36:33.599736,5000,0.0062,0.0062,0.0372,4833,131,36,True,True,9,0
gnn_naive,adwin,120,293,3,2017-07-06T18:27:47.326584,5000,0.0,0.0,0.8746,627,4373,0,False,False,9,0
gnn_naive,adwin,121,329,4,2017-07-07T13:44:33.114918,5000,0.0,0.0,0.0444,4778,222,0,False,False,9,0
gnn_naive,adwin,122,294,3,2017-07-06T18:29:08.737619,5000,0.0002,0.0002,0.6564,1717,3282,1,False,False,9,0
gnn_naive,adwin,123,295,3,2017-07-06T18:31:05.480703,5000,0.0004,0.0004,0.723,1383,3617,0,False,False,9,0
gnn_naive,adwin,124,331,4,2017-07-07T14:03:11.120403,5000,0.0,0.0,0.0,5000,0,0,False,False,9,0
gnn_naive,adwin,125,297,3,2017-07-06T18:33:53.760513,5000,0.0002,0.0002,0.512,2439,2561,0,False,False,9,0
gnn_naive,adwin,126,298,3,2017-07-06T18:37:22.766188,5000,0.0,0.0,0.6834,1583,3417,0,False,False,9,0
gnn_naive,adwin,127,332,4,2017-07-07T14:10:48.127689,5000,0.0,0.0,0.0,5000,0,0,False,False,9,0
gnn_naive,adwin,128,300,3,2017-07-06T18:40:30.610036,5000,0.001,0.001,0.6866,1562,3438,0,False,False,9,0
gnn_naive,adwin,129,333,4,2017-07-07T14:17:34.746882,5000,0.0,0.0,0.0,5000,0,0,False,False,9,0
gnn_naive,adwin,130,301,3,2017-07-06T18:42:06.498633,5000,0.0004,0.0004,0.6346,1828,3171,1,False,False,9,0
gnn_naive,adwin,131,303,3,2017-07-06T18:47:09.422094,5000,0.0,0.0,0.0,5000,0,0,False,False,9,0
gnn_naive,adwin,132,335,4,2017-07-07T14:29:28.037485,5000,0.0,0.0,0.0,5000,0,0,False,False,9,0
gnn_naive,adwin,133,304,3,2017-07-06T18:54:53.175956,5000,0.0,0.0,0.0,5000,0,0,False,False,9,0
gnn_naive,adwin,134,305,3,2017-07-06T19:03:28.804011,5000,0.0,0.0,0.0,5000,0,0,False,False,9,0
gnn_naive,adwin,135,336,4,2017-07-07T14:36:46.146039,5000,0.0,0.0,0.0,5000,0,0,False,False,9,0
gnn_naive,adwin,136,307,3,2017-07-06T19:27:07.705893,5000,0.0,0.0,0.0,5000,0,0,False,False,9,0
gnn_naive,adwin,137,338,4,2017-07-07T14:53:13.213414,5000,0.0,0.0,0.0,5000,0,0,False,False,9,0
gnn_naive,adwin,138,308,3,2017-07-06T19:34:19.845180,5000,0.0,0.0,0.0,5000,0,0,False,False,9,0
gnn_naive,adwin,139,310,3,2017-07-06T19:49:46.027609,5000,0.0006,0.0006,0.0,4997,3,0,False,False,9,0
gnn_naive,adwin,140,339,4,2017-07-07T15:00:28.242232,5000,0.0114,0.0114,0.0,4943,0,57,True,True,10,0
gnn_naive,adwin,141,311,3,2017-07-06T19:54:11.940169,5445,0.0,0.0,0.0,5445,0,0,False,False,10,0
gnn_naive,adwin,142,341,5,2017-07-07T15:28:53.858854,5000,0.0,0.0,0.0,5000,0,0,False,False,10,0
gnn_naive,adwin,143,395,6,2017-07-07T18:40:13.106791,5000,0.0,0.0,0.0,5000,0,0,False,False,10,0
gnn_naive,adwin,144,342,5,2017-07-07T16:08:36.089220,5000,0.0,0.0,0.0,5000,0,0,False,False,10,0
gnn_naive,adwin,145,344,5,2017-07-07T16:34:33.679764,5000,0.0,0.0,0.0,5000,0,0,False,False,10,0
gnn_naive,adwin,146,396,6,2017-07-07T18:51:29.702413,5000,0.4302,0.4302,0.4302,5000,0,0,True,True,11,0
gnn_naive,adwin,147,345,5,2017-07-07T16:36:28.449578,5000,0.0,0.0,0.0,5000,0,0,True,False,11,0
gnn_naive,adwin,148,347,5,2017-07-07T16:50:49.419521,5000,0.0266,0.0266,0.0264,4867,133,0,True,False,11,0
gnn_naive,adwin,149,398,6,2017-07-07T18:58:02.196043,5000,0.0,0.0,0.7544,1228,3772,0,False,False,11,0
gnn_naive,adwin,150,348,5,2017-07-07T16:59:16.787988,5000,0.0188,0.0188,0.0188,4906,94,0,True,False,11,0
gnn_naive,adwin,151,350,5,2017-07-07T17:13:57.348088,5000,0.0236,0.0236,0.0236,4912,88,0,True,True,12,0
gnn_naive,adwin,152,399,6,2017-07-07T18:58:48.883331,5000,0.0,0.0,0.791,1045,3955,0,True,False,12,0
gnn_naive,adwin,153,351,5,2017-07-07T17:21:37.950704,5000,0.0,0.0,0.0,5000,0,0,False,False,12,0
gnn_naive,adwin,154,352,5,2017-07-07T17:28:14.273505,5000,0.0,0.0,0.0,5000,0,0,False,False,12,0
gnn_naive,adwin,155,401,6,2017-07-07T19:00:29.056924,5000,0.0004,0.0004,0.8542,727,4273,0,False,False,12,0
gnn_naive,adwin,156,354,5,2017-07-07T17:45:17.899612,5000,0.0014,0.0014,0.0286,4850,150,0,False,False,12,0
gnn_naive,adwin,157,402,6,2017-07-07T19:01:21.056982,5000,0.0,0.0,0.9168,416,4584,0,False,False,12,0
gnn_naive,adwin,158,355,5,2017-07-07T17:51:45.466435,5000,0.0032,0.0032,0.9924,22,4977,1,False,False,12,0
gnn_naive,adwin,159,357,5,2017-07-07T17:51:59.159748,5000,0.0042,0.0042,0.9956,1,4999,0,True,True,13,0
gnn_naive,adwin,160,404,6,2017-07-07T19:03:17.417002,5000,0.0004,0.0004,0.8918,539,4461,0,False,False,13,0
gnn_naive,adwin,161,358,5,2017-07-07T17:52:06.020133,5000,0.0,0.0,0.9872,64,4936,0,False,False,13,0
gnn_naive,adwin,162,360,5,2017-07-07T17:52:19.730775,5000,0.0028,0.0028,0.9878,47,4953,0,False,False,13,0
gnn_naive,adwin,163,405,6,2017-07-07T19:04:11.677669,5000,0.0,0.0,0.9342,329,4671,0,False,False,13,0
gnn_naive,adwin,164,361,5,2017-07-07T17:52:26.609510,5000,0.0,0.0,0.9948,26,4974,0,False,False,13,0
gnn_naive,adwin,165,362,5,2017-07-07T17:52:33.458646,5000,0.0,0.0,0.9898,51,4949,0,False,False,13,0
gnn_naive,adwin,166,406,6,2017-07-07T19:05:10.130947,5000,0.0002,0.0002,0.8698,650,4349,1,False,False,13,0
gnn_naive,adwin,167,364,5,2017-07-07T17:52:47.175885,5000,0.0,0.0,0.994,30,4970,0,False,False,13,0
gnn_naive,adwin,168,365,5,2017-07-07T17:52:54.036328,5000,0.0,0.0,0.9786,107,4893,0,False,False,13,0
gnn_naive,adwin,169,408,6,2017-07-07T19:06:59.997858,5000,0.0,0.0,0.8462,769,4231,0,True,False,13,0
gnn_naive,adwin,170,367,5,2017-07-07T17:54:15.198356,5000,0.0,0.0,0.9366,317,4683,0,False,False,13,0
gnn_naive,adwin,171,368,5,2017-07-07T17:54:21.743673,5000,0.0,0.0,0.9926,37,4963,0,False,False,13,0
gnn_naive,adwin,172,409,6,2017-07-07T19:07:51.520364,5000,0.0,0.0,0.8472,764,4236,0,False,False,13,0
gnn_naive,adwin,173,370,5,2017-07-07T17:54:34.912359,5000,0.0,0.0,0.9606,197,4803,0,False,False,13,0
gnn_naive,adwin,174,371,5,2017-07-07T17:54:40.199430,5000,0.0,0.0,0.9946,27,4973,0,False,False,13,0
gnn_naive,adwin,175,411,6,2017-07-07T19:09:36.175401,5000,0.0,0.0,0.9538,231,4769,0,False,False,13,0
gnn_naive,adwin,176,372,5,2017-07-07T17:54:46.759913,5000,0.0,0.0,0.9942,29,4971,0,False,False,13,0
gnn_naive,adwin,177,374,5,2017-07-07T17:54:59.878558,5000,0.0,0.0,0.9906,47,4953,0,False,False,13,0
gnn_naive,adwin,178,412,6,2017-07-07T19:10:34.468512,5000,0.0,0.0,0.9152,424,4576,0,False,False,13,0
gnn_naive,adwin,179,375,5,2017-07-07T17:55:06.426975,5000,0.0,0.0,0.9674,163,4837,0,False,False,13,0
gnn_naive,adwin,180,377,5,2017-07-07T17:55:19.562795,5000,0.0034,0.0034,0.9908,29,4971,0,True,True,14,0
gnn_naive,adwin,181,414,6,2017-07-07T19:12:19.835270,5000,0.0,0.0,0.8936,532,4468,0,False,False,14,0
gnn_naive,adwin,182,378,5,2017-07-07T17:55:26.138198,5000,0.0,0.0,0.9918,41,4959,0,False,False,14,0
gnn_naive,adwin,183,380,5,2017-07-07T17:55:39.290299,5000,0.0,0.0,0.8928,536,4464,0,False,False,14,0
gnn_naive,adwin,184,415,6,2017-07-07T19:13:13.980423,5000,0.0,0.0,0.6772,1614,3386,0,False,False,14,0
gnn_naive,adwin,185,381,5,2017-07-07T17:55:45.863226,5000,0.0,0.0,0.936,320,4680,0,False,False,14,0
gnn_naive,adwin,186,416,6,2017-07-07T19:13:55.557798,5000,0.0,0.0,0.7796,1102,3898,0,False,False,14,0
gnn_naive,adwin,187,382,5,2017-07-07T17:55:51.164024,5000,0.0,0.0,0.9796,102,4898,0,False,False,14,0
gnn_naive,adwin,188,384,5,2017-07-07T18:00:43.250620,5000,0.0,0.0,0.0796,4602,398,0,False,False,14,0
gnn_naive,adwin,189,418,6,2017-07-07T19:15:38.304116,5000,0.0016,0.0016,0.566,2162,2838,0,False,False,14,0
gnn_naive,adwin,190,385,5,2017-07-07T18:08:01.771442,5000,0.0,0.0,0.8088,956,4044,0,False,False,14,0
gnn_naive,adwin,191,387,5,2017-07-07T18:10:02.151109,5000,0.0,0.0,0.4012,2994,2006,0,False,False,14,0
gnn_naive,adwin,192,419,6,2017-07-07T19:20:18.568724,5000,0.0,0.0,0.0,5000,0,0,False,False,14,0
gnn_naive,adwin,193,388,5,2017-07-07T18:12:20.353225,5000,0.0048,0.0048,0.0048,5000,0,0,True,True,15,0
gnn_naive,adwin,194,390,5,2017-07-07T18:22:29.680677,5000,0.0,0.0,0.818,910,4090,0,False,False,15,0
gnn_naive,adwin,195,421,6,2017-07-07T19:42:08.815711,5000,0.0,0.0,0.0,5000,0,0,True,False,15,0
gnn_naive,adwin,196,391,5,2017-07-07T18:23:24.585570,5000,0.0,0.0,0.485,2575,2425,0,False,False,15,0
gnn_naive,adwin,197,392,5,2017-07-07T18:27:32.404808,5000,0.0,0.0,0.0,5000,0,0,False,False,15,0
gnn_naive,adwin,198,422,6,2017-07-07T19:53:33.828828,3798,0.0,0.0,0.0,3798,0,0,False,False,15,0
gnn_naive,adwin,199,394,5,2017-07-07T18:38:01.487913,1117,0.0,0.0,0.0,1117,0,0,False,False,15,0
ffnn_ewc_replay,adwin,0,139,1,2017-07-05T11:42:42.084372,5000,0.0,0.0,0.0,5000,0,0,False,False,0,0
ffnn_ewc_replay,adwin,1,140,1,2017-07-05T11:51:47.303080,5000,0.0,0.0,0.0,5000,0,0,False,False,0,0
ffnn_ewc_replay,adwin,2,239,2,2017-07-06T11:59:00.490140,5000,0.0,0.0,0.0,5000,0,0,False,False,0,0
ffnn_ewc_replay,adwin,3,142,1,2017-07-05T12:09:27.601738,5000,0.0,0.0,0.0,5000,0,0,False,False,0,0
ffnn_ewc_replay,adwin,4,143,1,2017-07-05T12:14:30.228870,5000,0.0,0.0,0.0,5000,0,0,False,False,0,0
ffnn_ewc_replay,adwin,5,145,1,2017-07-05T12:30:25.505932,5000,0.0,0.0,0.0,5000,0,0,False,False,0,0
ffnn_ewc_replay,adwin,6,146,1,2017-07-05T12:39:54.047016,5000,0.0,0.0,0.0,5000,0,0,False,False,0,0
ffnn_ewc_replay,adwin,7,240,2,2017-07-06T12:10:15.682034,5000,0.0,0.0,0.0,5000,0,0,False,False,0,0
ffnn_ewc_replay,adwin,8,148,1,2017-07-05T12:52:02.760958,5000,0.1696,0.1696,0.1696,5000,0,0,True,True,1,0
ffnn_ewc_replay,adwin,9,149,1,2017-07-05T12:57:13.318901,5000,0.0,0.0,0.1506,4247,753,0,False,False,1,0
ffnn_ewc_replay,adwin,10,150,1,2017-07-05T13:01:17.744846,5000,0.0,0.0,0.1364,4318,682,0,False,False,1,0
ffnn_ewc_replay,adwin,11,152,1,2017-07-05T13:12:54.669885,5000,0.0558,0.0558,0.068,4939,61,0,True,False,1,0
ffnn_ewc_replay,adwin,12,242,2,2017-07-06T12:22:45.174419,5000,0.0024,0.0024,0.0024,5000,0,0,False,False,1,0
ffnn_ewc_replay,adwin,13,153,1,2017-07-05T13:15:48.345465,5000,0.072,0.072,0.0724,4998,2,0,True,True,2,0
ffnn_ewc_replay,adwin,14,155,1,2017-07-05T13:25:10.453300,5000,0.056,0.056,0.0816,4311,686,3,True,False,2,0
ffnn_ewc_replay,adwin,15,156,1,2017-07-05T13:29:31.560642,5000,0.042,0.042,0.0428,4880,109,11,True,False,2,0
ffnn_ewc_replay,adwin,16,158,1,2017-07-05T13:40:19.835821,5000,0.4106,0.4106,0.4124,4989,11,0,True,False,2,0
ffnn_ewc_replay,adwin,17,243,2,2017-07-06T12:29:10.306594,5000,0.0002,0.0002,0.002,4989,11,0,True,False,2,0
ffnn_ewc_replay,adwin,18,159,1,2017-07-05T13:43:24.912205,5000,0.9812,0.9812,0.9854,4979,21,0,True,True,3,0
ffnn_ewc_replay,adwin,19,160,1,2017-07-05T13:43:58.440253,5000,0.0,0.0,0.986,70,4930,0,True,False,3,0
ffnn_ewc_replay,adwin,20,162,1,2017-07-05T13:45:05.180353,5000,0.0,0.0,0.8242,879,4121,0,False,False,3,0
ffnn_ewc_replay,adwin,21,163,1,2017-07-05T13:45:37.096427,5000,0.0,0.0,0.94,300,4700,0,False,False,3,0
ffnn_ewc_replay,adwin,22,245,2,2017-07-06T12:39:29.210704,5000,0.0,0.0,0.002,4989,10,1,False,False,3,0
ffnn_ewc_replay,adwin,23,165,1,2017-07-05T13:46:29.403971,5000,0.0,0.0,0.8974,513,4487,0,False,False,3,0
ffnn_ewc_replay,adwin,24,166,1,2017-07-05T13:47:01.332086,5000,0.0,0.0,0.9734,133,4867,0,False,False,3,0
ffnn_ewc_replay,adwin,25,168,1,2017-07-05T13:48:07.965214,5000,0.0,0.0,0.9862,69,4931,0,False,False,3,0
ffnn_ewc_replay,adwin,26,246,2,2017-07-06T12:44:44.087288,5000,0.0,0.0,0.0024,4988,12,0,False,False,3,0
ffnn_ewc_replay,adwin,27,169,1,2017-07-05T13:48:41.349281,5000,0.0,0.0,0.9956,22,4978,0,False,False,3,0
ffnn_ewc_replay,adwin,28,170,1,2017-07-05T13:49:14.345333,5000,0.0,0.0,0.9682,159,4841,0,False,False,3,0
ffnn_ewc_replay,adwin,29,172,1,2017-07-05T13:50:18.918794,5000,0.0,0.0,0.9886,57,4943,0,False,False,3,0
ffnn_ewc_replay,adwin,30,173,1,2017-07-05T13:50:38.228962,5000,0.0,0.0,0.961,195,4805,0,False,False,3,0
ffnn_ewc_replay,adwin,31,248,2,2017-07-06T12:56:59.488182,5000,0.001,0.001,0.001,4989,10,1,False,False,3,0
ffnn_ewc_replay,adwin,32,175,1,2017-07-05T13:51:44.892056,5000,0.0,0.0,0.8968,516,4484,0,False,False,3,0
ffnn_ewc_replay,adwin,33,176,1,2017-07-05T13:52:17.862138,5000,0.0,0.0,0.9862,69,4931,0,False,False,3,0
ffnn_ewc_replay,adwin,34,178,1,2017-07-05T13:53:24.358267,5000,0.0,0.0,0.8974,513,4487,0,False,False,3,0
ffnn_ewc_replay,adwin,35,179,1,2017-07-05T13:53:56.634131,5000,0.0,0.0,0.9602,199,4801,0,False,False,3,0
ffnn_ewc_replay,adwin,36,249,2,2017-07-06T13:06:47.480861,5000,0.0,0.0,0.0004,4998,2,0,False,False,3,0
ffnn_ewc_replay,adwin,37,180,1,2017-07-05T13:54:29.989881,5000,0.0,0.0,0.9614,193,4807,0,False,False,3,0
ffnn_ewc_replay,adwin,38,182,1,2017-07-05T13:55:22.166920,5000,0.0,0.0,0.9904,48,4952,0,False,False,3,0
ffnn_ewc_replay,adwin,39,183,1,2017-07-05T13:55:55.807965,5000,0.0,0.0,0.9642,179,4821,0,False,False,3,0
ffnn_ewc_replay,adwin,40,185,1,2017-07-05T13:57:01.682060,5000,0.0,0.0,0.833,835,4165,0,False,False,3,0
ffnn_ewc_replay,adwin,41,250,2,2017-07-06T13:18:02.084347,5000,0.0,0.0,0.0016,4992,8,0,False,False,3,0
ffnn_ewc_replay,adwin,42,186,1,2017-07-05T13:57:20.115614,5000,0.0,0.0,0.9156,421,4578,1,False,False,3,0
ffnn_ewc_replay,adwin,43,188,1,2017-07-05T13:58:25.938722,5000,0.0,0.0,0.827,865,4135,0,False,False,3,0
ffnn_ewc_replay,adwin,44,189,1,2017-07-05T13:58:58.737812,5000,0.0,0.0,0.9314,343,4657,0,False,False,3,0
ffnn_ewc_replay,adwin,45,190,1,2017-07-05T13:59:32.174828,5000,0.0,0.0,0.9632,184,4816,0,False,False,3,0
ffnn_ewc_replay,adwin,46,252,2,2017-07-06T13:35:53.976822,5000,0.0022,0.0022,0.0022,5000,0,0,True,True,4,0
ffnn_ewc_replay,adwin,47,192,1,2017-07-05T14:00:23.948382,5000,0.0006,0.0006,0.6088,1949,3046,5,False,False,4,0
ffnn_ewc_replay,adwin,48,193,1,2017-07-05T14:02:52.031532,5000,0.0028,0.0028,0.0,4986,12,2,False,False,4,0
ffnn_ewc_replay,adwin,49,195,1,2017-07-05T14:12:29.415831,5000,0.3576,0.3576,0.5148,3620,1146,234,True,False,4,0
ffnn_ewc_replay,adwin,50,196,1,2017-07-05T14:17:42.794571,5000,0.4016,0.4016,0.5242,3538,1283,179,True,False,4,0
ffnn_ewc_replay,adwin,51,253,2,2017-07-06T13:42:48.495516,5000,0.0002,0.0002,0.0002,4998,1,1,False,False,4,0
ffnn_ewc_replay,adwin,52,198,1,2017-07-05T14:31:18.945145,5000,0.0018,0.0018,0.0,4987,8,5,False,False,4,0
ffnn_ewc_replay,adwin,53,199,1,2017-07-05T14:42:55.811755,5000,0.004,0.004,0.0,4973,13,14,True,True,5,0
ffnn_ewc_replay,adwin,54,200,1,2017-07-05T14:49:04.254998,5000,0.0006,0.0006,0.0,4997,2,1,False,False,5,0
ffnn_ewc_replay,adwin,55,202,1,2017-07-05T15:02:38.428045,5000,0.0008,0.0008,0.0,4995,4,1,False,False,5,0
ffnn_ewc_replay,adwin,56,255,2,2017-07-06T13:58:01.440411,5000,0.0014,0.0014,0.0,4990,5,5,False,False,5,0
ffnn_ewc_replay,adwin,57,203,1,2017-07-05T15:14:29.623535,5000,0.0002,0.0002,0.0,4998,1,1,False,False,5,0
ffnn_ewc_replay,adwin,58,205,1,2017-07-05T15:57:46.023320,5000,0.0008,0.0008,0.0,4995,3,2,False,False,5,0
ffnn_ewc_replay,adwin,59,206,1,2017-07-05T16:11:21.785357,5000,0.001,0.001,0.0,4992,2,6,False,False,5,0
ffnn_ewc_replay,adwin,60,208,1,2017-07-05T16:26:17.988361,5000,0.0024,0.0024,0.0,4985,11,4,False,False,5,0
ffnn_ewc_replay,adwin,61,256,2,2017-07-06T14:07:33.699620,5000,0.0016,0.0016,0.0,4988,2,10,False,False,5,0
ffnn_ewc_replay,adwin,62,209,1,2017-07-05T16:33:30.652614,5000,0.0008,0.0008,0.0,4992,3,5,False,False,5,0
ffnn_ewc_replay,adwin,63,210,1,2017-07-05T16:44:07.514721,5000,0.0,0.0,0.0,5000,0,0,False,False,5,0
ffnn_ewc_replay,adwin,64,212,1,2017-07-05T16:58:27.864246,5000,0.0014,0.0014,0.0,4993,6,1,False,False,5,0
ffnn_ewc_replay,adwin,65,213,1,2017-07-05T17:04:53.987116,5000,0.0016,0.0016,0.0,4990,6,4,False,False,5,0
ffnn_ewc_replay,adwin,66,258,2,2017-07-06T14:36:43.113049,5000,0.0012,0.0012,0.0,4994,2,4,False,False,5,0
ffnn_ewc_replay,adwin,67,215,1,2017-07-05T17:17:43.888859,5000,0.0012,0.0012,0.0,4993,4,3,False,False,5,0
ffnn_ewc_replay,adwin,68,216,1,2017-07-05T17:25:11.387702,5000,0.0008,0.0008,0.0,4995,4,1,False,False,5,0
ffnn_ewc_replay,adwin,69,218,1,2017-07-05T17:32:09.292244,5000,0.002,0.002,0.0,4986,10,4,False,False,5,0
ffnn_ewc_replay,adwin,70,259,2,2017-07-06T14:44:47.463686,5000,0.0004,0.0004,0.0,4997,1,2,False,False,5,0
ffnn_ewc_replay,adwin,71,219,1,2017-07-05T17:36:30.842330,5000,0.0006,0.0006,0.0,4995,3,2,False,False,5,0
ffnn_ewc_replay,adwin,72,220,1,2017-07-05T17:44:46.125001,5000,0.0,0.0,0.0,5000,0,0,False,False,5,0
ffnn_ewc_replay,adwin,73,222,1,2017-07-05T18:03:49.082999,5000,0.001,0.001,0.0,4993,3,4,False,False,5,0
ffnn_ewc_replay,adwin,74,223,1,2017-07-05T18:09:29.961498,5000,0.0012,0.0012,0.0,4992,5,3,False,False,5,0
ffnn_ewc_replay,adwin,75,260,2,2017-07-06T14:51:31.044028,5000,0.0008,0.0008,0.0,4992,2,6,False,False,5,0
ffnn_ewc_replay,adwin,76,225,1,2017-07-05T18:14:52.374862,5000,0.0004,0.0004,0.0004,5000,0,0,False,False,5,0
ffnn_ewc_replay,adwin,77,226,1,2017-07-05T18:18:42.833755,5000,0.0016,0.0016,0.0002,4993,7,0,False,False,5,0
ffnn_ewc_replay,adwin,78,228,1,2017-07-05T18:28:02.917391,5000,0.0006,0.0006,0.0006,5000,0,0,False,False,5,0
ffnn_ewc_replay,adwin,79,229,1,2017-07-05T18:34:28.100119,5000,0.0012,0.0012,0.0,4992,6,2,False,False,5,0
ffnn_ewc_replay,adwin,80,262,2,2017-07-06T15:02:34.710872,5000,0.0006,0.0006,0.0,4996,1,3,False,False,5,0
ffnn_ewc_replay,adwin,81,230,1,2017-07-05T18:46:02.220861,5000,0.0014,0.0014,0.0,4993,6,1,False,False,5,0
ffnn_ewc_replay,adwin,82,232,1,2017-07-05T19:08:00.288731,5000,0.0008,0.0008,0.0,4996,2,2,False,False,5,0
ffnn_ewc_replay,adwin,83,233,1,2017-07-05T19:16:31.400416,5000,0.001,0.001,0.0,4993,5,2,False,False,5,0
ffnn_ewc_replay,adwin,84,235,1,2017-07-05T19:34:27.924119,5000,0.0006,0.0006,0.0,4995,1,4,False,False,5,0
ffnn_ewc_replay,adwin,85,263,2,2017-07-06T15:17:36.886104,1631,0.0006131207847946045,0.0006131207847946045,0.0,1629,0,2,False,False,5,0
ffnn_ewc_replay,adwin,86,236,1,2017-07-05T19:42:27.366104,5000,0.0014,0.0014,0.0,4993,4,3,False,False,5,0
ffnn_ewc_replay,adwin,87,238,1,2017-07-05T20:01:58.214404,1639,0.0,0.0,0.0,1639,0,0,False,False,5,0
ffnn_ewc_replay,adwin,88,264,3,2017-07-06T15:21:46.077528,5000,0.004,0.004,0.0,4979,15,6,True,True,6,0
ffnn_ewc_replay,adwin,89,312,4,2017-07-07T11:59:50.315195,5000,0.0034,0.0034,0.0,4982,17,1,False,False,6,0
ffnn_ewc_replay,adwin,90,265,3,2017-07-06T15:57:48.073332,5000,0.0006,0.0006,0.0,4996,2,2,False,False,6,0
ffnn_ewc_replay,adwin,91,267,3,2017-07-06T16:20:01.275888,5000,0.001,0.001,0.0,4994,4,2,False,False,6,0
ffnn_ewc_replay,adwin,92,313,4,2017-07-07T12:11:03.657511,5000,0.0008,0.0008,0.0,4993,4,3,False,False,6,0
ffnn_ewc_replay,adwin,93,268,3,2017-07-06T16:26:11.443075,5000,0.0,0.0,0.0,5000,0,0,False,False,6,0
ffnn_ewc_replay,adwin,94,315,4,2017-07-07T12:29:00.190644,5000,0.0008,0.0008,0.0,4996,3,1,False,False,6,0
ffnn_ewc_replay,adwin,95,270,3,2017-07-06T16:41:26.142952,5000,0.0002,0.0002,0.0,4999,1,0,False,False,6,0
ffnn_ewc_replay,adwin,96,271,3,2017-07-06T16:48:23.513508,5000,0.0002,0.0002,0.0,4998,1,1,False,False,6,0
ffnn_ewc_replay,adwin,97,316,4,2017-07-07T12:37:40.318157,5000,0.0022,0.0022,0.0,4989,9,2,False,False,6,0
ffnn_ewc_replay,adwin,98,273,3,2017-07-06T17:01:56.124719,5000,0.0002,0.0002,0.0,4999,1,0,False,False,6,0
ffnn_ewc_replay,adwin,99,274,3,2017-07-06T17:09:14.312316,5000,0.0012,0.0012,0.0002,4995,5,0,False,False,6,0
ffnn_ewc_replay,adwin,100,318,4,2017-07-07T12:49:25.541221,5000,0.0002,0.0002,0.0,4999,1,0,False,False,6,0
ffnn_ewc_replay,adwin,101,275,3,2017-07-06T17:19:03.227873,5000,0.0012,0.0012,0.0002,4993,5,2,False,False,6,0
ffnn_ewc_replay,adwin,102,319,4,2017-07-07T12:57:46.514818,5000,0.0002,0.0002,0.0,4999,1,0,False,False,6,0
ffnn_ewc_replay,adwin,103,277,3,2017-07-06T17:33:34.194501,5000,0.1948,0.1948,0.1946,4998,1,1,True,True,7,0
ffnn_ewc_replay,adwin,104,278,3,2017-07-06T17:39:12.552975,5000,0.0014,0.0014,0.0004,4994,3,3,False,False,7,0
ffnn_ewc_replay,adwin,105,321,4,2017-07-07T13:06:05.779821,5000,0.0076,0.0076,0.0058,4989,7,4,True,False,7,0
ffnn_ewc_replay,adwin,106,280,3,2017-07-06T17:55:09.986251,5000,0.0006,0.0006,0.0004,4996,2,2,False,False,7,0
ffnn_ewc_replay,adwin,107,281,3,2017-07-06T17:59:36.467132,5000,0.0004,0.0004,0.0002,4998,0,2,False,False,7,0
ffnn_ewc_replay,adwin,108,322,4,2017-07-07T13:10:50.455475,5000,0.003,0.003,0.0024,4996,2,2,False,False,7,0
ffnn_ewc_replay,adwin,109,283,3,2017-07-06T18:07:16.757797,5000,0.4094,0.4094,0.663,3716,1275,9,True,True,8,0
ffnn_ewc_replay,adwin,110,323,4,2017-07-07T13:17:08.517690,5000,0.0002,0.0002,0.0016,4991,8,1,False,False,8,0
ffnn_ewc_replay,adwin,111,284,3,2017-07-06T18:09:57.844506,5000,0.0022,0.0022,0.824,878,4113,9,False,False,8,0
ffnn_ewc_replay,adwin,112,285,3,2017-07-06T18:10:49.994872,5000,0.0094,0.0094,0.775,1124,3876,0,True,False,8,0
ffnn_ewc_replay,adwin,113,325,4,2017-07-07T13:25:25.836703,5000,0.0056,0.0056,0.0118,4922,77,1,True,False,8,0
ffnn_ewc_replay,adwin,114,287,3,2017-07-06T18:14:45.755478,5000,0.0032,0.0032,0.3294,3358,1633,9,False,False,8,0
ffnn_ewc_replay,adwin,115,288,3,2017-07-06T18:18:04.892579,5000,0.003,0.003,0.665,1675,3324,1,False,False,8,0
ffnn_ewc_replay,adwin,116,326,4,2017-07-07T13:28:50.168559,5000,0.0014,0.0014,0.0124,4941,59,0,False,False,8,0
ffnn_ewc_replay,adwin,117,290,3,2017-07-06T18:20:34.510755,5000,0.0076,0.0076,0.6878,1552,3444,4,True,True,9,0
ffnn_ewc_replay,adwin,118,291,3,2017-07-06T18:22:53.483056,5000,0.0102,0.0102,0.7674,1196,3792,12,True,False,9,0
ffnn_ewc_replay,adwin,119,328,4,2017-07-07T13:36:33.599736,5000,0.0,0.0,0.0372,4814,186,0,False,False,9,0
ffnn_ewc_replay,adwin,120,293,3,2017-07-06T18:27:47.326584,5000,0.0014,0.0014,0.8746,633,4365,2,False,False,9,0
ffnn_ewc_replay,adwin,121,329,4,2017-07-07T13:44:33.114918,5000,0.0,0.0,0.0444,4778,222,0,False,False,9,0
ffnn_ewc_replay,adwin,122,294,3,2017-07-06T18:29:08.737619,5000,0.0022,0.0022,0.6564,1726,3270,4,False,False,9,0
ffnn_ewc_replay,adwin,123,295,3,2017-07-06T18:31:05.480703,5000,0.0016,0.0016,0.723,1383,3610,7,False,False,9,0
ffnn_ewc_replay,adwin,124,331,4,2017-07-07T14:03:11.120403,5000,0.021,0.021,0.0,4893,104,3,True,True,10,0
ffnn_ewc_replay,adwin,125,297,3,2017-07-06T18:33:53.760513,5000,0.0016,0.0016,0.512,2444,2553,3,False,False,10,0
ffnn_ewc_replay,adwin,126,298,3,2017-07-06T18:37:22.766188,5000,0.0008,0.0008,0.6834,1585,3413,2,False,False,10,0
ffnn_ewc_replay,adwin,127,332,4,2017-07-07T14:10:48.127689,5000,0.0006,0.0006,0.0,4996,0,4,False,False,10,0
ffnn_ewc_replay,adwin,128,300,3,2017-07-06T18:40:30.610036,5000,0.0048,0.0048,0.6866,1579,3414,7,True,False,10,0
ffnn_ewc_replay,adwin,129,333,4,2017-07-07T14:17:34.746882,5000,0.0038,0.0038,0.0,4978,4,18,True,True,11,0
ffnn_ewc_replay,adwin,130,301,3,2017-07-06T18:42:06.498633,5000,0.0002,0.0002,0.6346,1825,3169,6,False,False,11,0
ffnn_ewc_replay,adwin,131,303,3,2017-07-06T18:47:09.422094,5000,0.0,0.0,0.0,4998,0,2,False,False,11,0
ffnn_ewc_replay,adwin,132,335,4,2017-07-07T14:29:28.037485,5000,0.0,0.0,0.0,4998,0,2,False,False,11,0
ffnn_ewc_replay,adwin,133,304,3,2017-07-06T18:54:53.175956,5000,0.0,0.0,0.0,4996,0,4,False,False,11,0
ffnn_ewc_replay,adwin,134,305,3,2017-07-06T19:03:28.804011,5000,0.0004,0.0004,0.0,4995,2,3,False,False,11,0
ffnn_ewc_replay,adwin,135,336,4,2017-07-07T14:36:46.146039,5000,0.0002,0.0002,0.0,4996,1,3,False,False,11,0
ffnn_ewc_replay,adwin,136,307,3,2017-07-06T19:27:07.705893,5000,0.0,0.0,0.0,4998,0,2,False,False,11,0
ffnn_ewc_replay,adwin,137,338,4,2017-07-07T14:53:13.213414,5000,0.0002,0.0002,0.0,4993,0,7,False,False,11,0
ffnn_ewc_replay,adwin,138,308,3,2017-07-06T19:34:19.845180,5000,0.0,0.0,0.0,4998,0,2,False,False,11,0
ffnn_ewc_replay,adwin,139,310,3,2017-07-06T19:49:46.027609,5000,0.0008,0.0008,0.0,4994,3,3,False,False,11,0
ffnn_ewc_replay,adwin,140,339,4,2017-07-07T15:00:28.242232,5000,0.0006,0.0006,0.0,4989,2,9,False,False,11,0
ffnn_ewc_replay,adwin,141,311,3,2017-07-06T19:54:11.940169,5445,0.0009182736455463728,0.0009182736455463728,0.0,5436,3,6,False,False,11,0
ffnn_ewc_replay,adwin,142,341,5,2017-07-07T15:28:53.858854,5000,0.0008,0.0008,0.0,4987,0,13,False,False,11,0
ffnn_ewc_replay,adwin,143,395,6,2017-07-07T18:40:13.106791,5000,0.0002,0.0002,0.0,4993,1,6,False,False,11,0
ffnn_ewc_replay,adwin,144,342,5,2017-07-07T16:08:36.089220,5000,0.0008,0.0008,0.0,4991,2,7,False,False,11,0
ffnn_ewc_replay,adwin,145,344,5,2017-07-07T16:34:33.679764,5000,0.0006,0.0006,0.0,4997,2,1,False,False,11,0
ffnn_ewc_replay,adwin,146,396,6,2017-07-07T18:51:29.702413,5000,0.4322,0.4322,0.4302,2838,2157,5,True,True,12,0
ffnn_ewc_replay,adwin,147,345,5,2017-07-07T16:36:28.449578,5000,0.0002,0.0002,0.0,4998,0,2,True,False,12,0
ffnn_ewc_replay,adwin,148,347,5,2017-07-07T16:50:49.419521,5000,0.0266,0.0266,0.0264,4938,56,6,True,False,12,0
ffnn_ewc_replay,adwin,149,398,6,2017-07-07T18:58:02.196043,5000,0.0,0.0,0.7544,1228,3772,0,False,False,12,0
ffnn_ewc_replay,adwin,150,348,5,2017-07-07T16:59:16.787988,5000,0.0188,0.0188,0.0188,4962,34,4,True,False,12,0
ffnn_ewc_replay,adwin,151,350,5,2017-07-07T17:13:57.348088,5000,0.0236,0.0236,0.0236,4937,63,0,True,True,13,0
ffnn_ewc_replay,adwin,152,399,6,2017-07-07T18:58:48.883331,5000,0.0,0.0,0.791,1045,3955,0,True,False,13,0
ffnn_ewc_replay,adwin,153,351,5,2017-07-07T17:21:37.950704,5000,0.0,0.0,0.0,5000,0,0,False,False,13,0
ffnn_ewc_replay,adwin,154,352,5,2017-07-07T17:28:14.273505,5000,0.0006,0.0006,0.0,4996,2,2,False,False,13,0
ffnn_ewc_replay,adwin,155,401,6,2017-07-07T19:00:29.056924,5000,0.0008,0.0008,0.8542,729,4270,1,False,False,13,0
ffnn_ewc_replay,adwin,156,354,5,2017-07-07T17:45:17.899612,5000,0.0234,0.0234,0.0286,4855,132,13,True,True,14,0
ffnn_ewc_replay,adwin,157,402,6,2017-07-07T19:01:21.056982,5000,0.003,0.003,0.9168,416,4581,3,True,False,14,0
ffnn_ewc_replay,adwin,158,355,5,2017-07-07T17:51:45.466435,5000,0.238,0.238,0.9924,23,4349,628,True,False,14,0
ffnn_ewc_replay,adwin,159,357,5,2017-07-07T17:51:59.159748,5000,0.2404,0.2404,0.9956,1,4302,697,False,False,14,0
ffnn_ewc_replay,adwin,160,404,6,2017-07-07T19:03:17.417002,5000,0.0034,0.0034,0.8918,540,4454,6,True,False,14,0
ffnn_ewc_replay,adwin,161,358,5,2017-07-07T17:52:06.020133,5000,0.2516,0.2516,0.9872,39,4280,681,True,True,15,0
ffnn_ewc_replay,adwin,162,360,5,2017-07-07T17:52:19.730775,5000,0.0,0.0,0.9878,61,4939,0,True,False,15,0
ffnn_ewc_replay,adwin,163,405,6,2017-07-07T19:04:11.677669,5000,0.0004,0.0004,0.9342,329,4671,0,False,False,15,0
ffnn_ewc_replay,adwin,164,361,5,2017-07-07T17:52:26.609510,5000,0.0,0.0,0.9948,26,4973,1,False,False,15,0
ffnn_ewc_replay,adwin,165,362,5,2017-07-07T17:52:33.458646,5000,0.0,0.0,0.9898,51,4948,1,False,False,15,0
ffnn_ewc_replay,adwin,166,406,6,2017-07-07T19:05:10.130947,5000,0.0008,0.0008,0.8698,650,4347,3,False,False,15,0
ffnn_ewc_replay,adwin,167,364,5,2017-07-07T17:52:47.175885,5000,0.0,0.0,0.994,30,4969,1,False,False,15,0
ffnn_ewc_replay,adwin,168,365,5,2017-07-07T17:52:54.036328,5000,0.0,0.0,0.9786,107,4893,0,False,False,15,0
ffnn_ewc_replay,adwin,169,408,6,2017-07-07T19:06:59.997858,5000,0.0,0.0,0.8462,769,4231,0,False,False,15,0
ffnn_ewc_replay,adwin,170,367,5,2017-07-07T17:54:15.198356,5000,0.0002,0.0002,0.9366,318,4682,0,False,False,15,0
ffnn_ewc_replay,adwin,171,368,5,2017-07-07T17:54:21.743673,5000,0.0024,0.0024,0.9926,46,4949,5,True,True,16,0
ffnn_ewc_replay,adwin,172,409,6,2017-07-07T19:07:51.520364,5000,0.0002,0.0002,0.8472,764,4236,0,False,False,16,0
ffnn_ewc_replay,adwin,173,370,5,2017-07-07T17:54:34.912359,5000,0.0,0.0,0.9606,197,4803,0,False,False,16,0
ffnn_ewc_replay,adwin,174,371,5,2017-07-07T17:54:40.199430,5000,0.0006,0.0006,0.9946,30,4970,0,False,False,16,0
ffnn_ewc_replay,adwin,175,411,6,2017-07-07T19:09:36.175401,5000,0.0002,0.0002,0.9538,229,4770,1,False,False,16,0
ffnn_ewc_replay,adwin,176,372,5,2017-07-07T17:54:46.759913,5000,0.0,0.0,0.9942,29,4971,0,False,False,16,0
ffnn_ewc_replay,adwin,177,374,5,2017-07-07T17:54:59.878558,5000,0.0,0.0,0.9906,47,4953,0,False,False,16,0
ffnn_ewc_replay,adwin,178,412,6,2017-07-07T19:10:34.468512,5000,0.0,0.0,0.9152,424,4576,0,False,False,16,0
ffnn_ewc_replay,adwin,179,375,5,2017-07-07T17:55:06.426975,5000,0.0,0.0,0.9674,163,4837,0,False,False,16,0
ffnn_ewc_replay,adwin,180,377,5,2017-07-07T17:55:19.562795,5000,0.0,0.0,0.9908,46,4954,0,False,False,16,0
ffnn_ewc_replay,adwin,181,414,6,2017-07-07T19:12:19.835270,5000,0.0004,0.0004,0.8936,531,4467,2,False,False,16,0
ffnn_ewc_replay,adwin,182,378,5,2017-07-07T17:55:26.138198,5000,0.0,0.0,0.9918,41,4959,0,False,False,16,0
ffnn_ewc_replay,adwin,183,380,5,2017-07-07T17:55:39.290299,5000,0.0,0.0,0.8928,536,4464,0,False,False,16,0
ffnn_ewc_replay,adwin,184,415,6,2017-07-07T19:13:13.980423,5000,0.0002,0.0002,0.6772,1612,3387,1,False,False,16,0
ffnn_ewc_replay,adwin,185,381,5,2017-07-07T17:55:45.863226,5000,0.0,0.0,0.936,320,4680,0,False,False,16,0
ffnn_ewc_replay,adwin,186,416,6,2017-07-07T19:13:55.557798,5000,0.0002,0.0002,0.7796,1101,3899,0,False,False,16,0
ffnn_ewc_replay,adwin,187,382,5,2017-07-07T17:55:51.164024,5000,0.0,0.0,0.9796,102,4898,0,False,False,16,0
ffnn_ewc_replay,adwin,188,384,5,2017-07-07T18:00:43.250620,5000,0.001,0.001,0.0796,4601,397,2,False,False,16,0
ffnn_ewc_replay,adwin,189,418,6,2017-07-07T19:15:38.304116,5000,0.0042,0.0042,0.566,2174,2825,1,True,True,17,0
ffnn_ewc_replay,adwin,190,385,5,2017-07-07T18:08:01.771442,5000,0.1236,0.1236,0.8088,968,3336,696,True,False,17,0
ffnn_ewc_replay,adwin,191,387,5,2017-07-07T18:10:02.151109,5000,0.0602,0.0602,0.4012,2997,1672,331,True,False,17,0
ffnn_ewc_replay,adwin,192,419,6,2017-07-07T19:20:18.568724,5000,0.0,0.0,0.0,4998,0,2,False,False,17,0
ffnn_ewc_replay,adwin,193,388,5,2017-07-07T18:12:20.353225,5000,0.0048,0.0048,0.0048,4981,17,2,True,False,17,0
ffnn_ewc_replay,adwin,194,390,5,2017-07-07T18:22:29.680677,5000,0.122,0.122,0.818,922,3375,703,True,True,18,0
ffnn_ewc_replay,adwin,195,421,6,2017-07-07T19:42:08.815711,5000,0.0018,0.0018,0.0,4991,9,0,True,False,18,0
ffnn_ewc_replay,adwin,196,391,5,2017-07-07T18:23:24.585570,5000,0.0556,0.0556,0.485,2582,2014,404,True,False,18,0
ffnn_ewc_replay,adwin,197,392,5,2017-07-07T18:27:32.404808,5000,0.0006,0.0006,0.0,4995,3,2,False,False,18,0
ffnn_ewc_replay,adwin,198,422,6,2017-07-07T19:53:33.828828,3798,0.0026329647182727752,0.0026329647182727752,0.0,3787,6,5,False,False,18,0
ffnn_ewc_replay,adwin,199,394,5,2017-07-07T18:38:01.487913,1117,0.0008952551477170994,0.0008952551477170994,0.0,1116,1,0,False,False,18,0
xgboost_static,never,0,139,1,2017-07-05T11:42:42.084372,5000,0.0,0.0,0.0,5000,0,0,False,False,0,0
xgboost_static,never,1,140,1,2017-07-05T11:51:47.303080,5000,0.0,0.0,0.0,5000,0,0,False,False,0,0
xgboost_static,never,2,239,2,2017-07-06T11:59:00.490140,5000,0.0,0.0,0.0,5000,0,0,False,False,0,0
xgboost_static,never,3,142,1,2017-07-05T12:09:27.601738,5000,0.0,0.0,0.0,5000,0,0,False,False,0,0
xgboost_static,never,4,143,1,2017-07-05T12:14:30.228870,5000,0.0,0.0,0.0,5000,0,0,False,False,0,0
xgboost_static,never,5,145,1,2017-07-05T12:30:25.505932,5000,0.0,0.0,0.0,5000,0,0,False,False,0,0
xgboost_static,never,6,146,1,2017-07-05T12:39:54.047016,5000,0.0,0.0,0.0,5000,0,0,False,False,0,0
xgboost_static,never,7,240,2,2017-07-06T12:10:15.682034,5000,0.0,0.0,0.0,5000,0,0,False,False,0,0
xgboost_static,never,8,148,1,2017-07-05T12:52:02.760958,5000,0.1696,0.1696,0.1696,5000,0,0,False,False,0,0
xgboost_static,never,9,149,1,2017-07-05T12:57:13.318901,5000,0.1506,0.1506,0.1506,5000,0,0,False,False,0,0
xgboost_static,never,10,150,1,2017-07-05T13:01:17.744846,5000,0.1364,0.1364,0.1364,5000,0,0,False,False,0,0
xgboost_static,never,11,152,1,2017-07-05T13:12:54.669885,5000,0.068,0.068,0.068,5000,0,0,False,False,0,0
xgboost_static,never,12,242,2,2017-07-06T12:22:45.174419,5000,0.0024,0.0024,0.0024,5000,0,0,False,False,0,0
xgboost_static,never,13,153,1,2017-07-05T13:15:48.345465,5000,0.0724,0.0724,0.0724,5000,0,0,False,False,0,0
xgboost_static,never,14,155,1,2017-07-05T13:25:10.453300,5000,0.0816,0.0816,0.0816,5000,0,0,False,False,0,0
xgboost_static,never,15,156,1,2017-07-05T13:29:31.560642,5000,0.0428,0.0428,0.0428,5000,0,0,False,False,0,0
xgboost_static,never,16,158,1,2017-07-05T13:40:19.835821,5000,0.4124,0.4124,0.4124,5000,0,0,False,False,0,0
xgboost_static,never,17,243,2,2017-07-06T12:29:10.306594,5000,0.002,0.002,0.002,5000,0,0,False,False,0,0
xgboost_static,never,18,159,1,2017-07-05T13:43:24.912205,5000,0.9854,0.9854,0.9854,5000,0,0,False,False,0,0
xgboost_static,never,19,160,1,2017-07-05T13:43:58.440253,5000,0.986,0.986,0.986,5000,0,0,False,False,0,0
xgboost_static,never,20,162,1,2017-07-05T13:45:05.180353,5000,0.8242,0.8242,0.8242,5000,0,0,False,False,0,0
xgboost_static,never,21,163,1,2017-07-05T13:45:37.096427,5000,0.94,0.94,0.94,5000,0,0,False,False,0,0
xgboost_static,never,22,245,2,2017-07-06T12:39:29.210704,5000,0.002,0.002,0.002,5000,0,0,False,False,0,0
xgboost_static,never,23,165,1,2017-07-05T13:46:29.403971,5000,0.8974,0.8974,0.8974,5000,0,0,False,False,0,0
xgboost_static,never,24,166,1,2017-07-05T13:47:01.332086,5000,0.9734,0.9734,0.9734,5000,0,0,False,False,0,0
xgboost_static,never,25,168,1,2017-07-05T13:48:07.965214,5000,0.9862,0.9862,0.9862,5000,0,0,False,False,0,0
xgboost_static,never,26,246,2,2017-07-06T12:44:44.087288,5000,0.0024,0.0024,0.0024,5000,0,0,False,False,0,0
xgboost_static,never,27,169,1,2017-07-05T13:48:41.349281,5000,0.9956,0.9956,0.9956,5000,0,0,False,False,0,0
xgboost_static,never,28,170,1,2017-07-05T13:49:14.345333,5000,0.9682,0.9682,0.9682,5000,0,0,False,False,0,0
xgboost_static,never,29,172,1,2017-07-05T13:50:18.918794,5000,0.9886,0.9886,0.9886,5000,0,0,False,False,0,0
xgboost_static,never,30,173,1,2017-07-05T13:50:38.228962,5000,0.961,0.961,0.961,5000,0,0,False,False,0,0
xgboost_static,never,31,248,2,2017-07-06T12:56:59.488182,5000,0.001,0.001,0.001,5000,0,0,False,False,0,0
xgboost_static,never,32,175,1,2017-07-05T13:51:44.892056,5000,0.8968,0.8968,0.8968,5000,0,0,False,False,0,0
xgboost_static,never,33,176,1,2017-07-05T13:52:17.862138,5000,0.9862,0.9862,0.9862,5000,0,0,False,False,0,0
xgboost_static,never,34,178,1,2017-07-05T13:53:24.358267,5000,0.8974,0.8974,0.8974,5000,0,0,False,False,0,0
xgboost_static,never,35,179,1,2017-07-05T13:53:56.634131,5000,0.9602,0.9602,0.9602,5000,0,0,False,False,0,0
xgboost_static,never,36,249,2,2017-07-06T13:06:47.480861,5000,0.0004,0.0004,0.0004,5000,0,0,False,False,0,0
xgboost_static,never,37,180,1,2017-07-05T13:54:29.989881,5000,0.9614,0.9614,0.9614,5000,0,0,False,False,0,0
xgboost_static,never,38,182,1,2017-07-05T13:55:22.166920,5000,0.9904,0.9904,0.9904,5000,0,0,False,False,0,0
xgboost_static,never,39,183,1,2017-07-05T13:55:55.807965,5000,0.9642,0.9642,0.9642,5000,0,0,False,False,0,0
xgboost_static,never,40,185,1,2017-07-05T13:57:01.682060,5000,0.833,0.833,0.833,5000,0,0,False,False,0,0
xgboost_static,never,41,250,2,2017-07-06T13:18:02.084347,5000,0.0016,0.0016,0.0016,5000,0,0,False,False,0,0
xgboost_static,never,42,186,1,2017-07-05T13:57:20.115614,5000,0.9156,0.9156,0.9156,5000,0,0,False,False,0,0
xgboost_static,never,43,188,1,2017-07-05T13:58:25.938722,5000,0.827,0.827,0.827,5000,0,0,False,False,0,0
xgboost_static,never,44,189,1,2017-07-05T13:58:58.737812,5000,0.9314,0.9314,0.9314,5000,0,0,False,False,0,0
xgboost_static,never,45,190,1,2017-07-05T13:59:32.174828,5000,0.9632,0.9632,0.9632,5000,0,0,False,False,0,0
xgboost_static,never,46,252,2,2017-07-06T13:35:53.976822,5000,0.0022,0.0022,0.0022,5000,0,0,False,False,0,0
xgboost_static,never,47,192,1,2017-07-05T14:00:23.948382,5000,0.6088,0.6088,0.6088,5000,0,0,False,False,0,0
xgboost_static,never,48,193,1,2017-07-05T14:02:52.031532,5000,0.0,0.0,0.0,5000,0,0,False,False,0,0
xgboost_static,never,49,195,1,2017-07-05T14:12:29.415831,5000,0.5148,0.5148,0.5148,5000,0,0,False,False,0,0
xgboost_static,never,50,196,1,2017-07-05T14:17:42.794571,5000,0.5242,0.5242,0.5242,5000,0,0,False,False,0,0
xgboost_static,never,51,253,2,2017-07-06T13:42:48.495516,5000,0.0002,0.0002,0.0002,5000,0,0,False,False,0,0
xgboost_static,never,52,198,1,2017-07-05T14:31:18.945145,5000,0.0,0.0,0.0,5000,0,0,False,False,0,0
xgboost_static,never,53,199,1,2017-07-05T14:42:55.811755,5000,0.0,0.0,0.0,5000,0,0,False,False,0,0
xgboost_static,never,54,200,1,2017-07-05T14:49:04.254998,5000,0.0,0.0,0.0,5000,0,0,False,False,0,0
xgboost_static,never,55,202,1,2017-07-05T15:02:38.428045,5000,0.0,0.0,0.0,5000,0,0,False,False,0,0
xgboost_static,never,56,255,2,2017-07-06T13:58:01.440411,5000,0.0,0.0,0.0,5000,0,0,False,False,0,0
xgboost_static,never,57,203,1,2017-07-05T15:14:29.623535,5000,0.0,0.0,0.0,5000,0,0,False,False,0,0
xgboost_static,never,58,205,1,2017-07-05T15:57:46.023320,5000,0.0,0.0,0.0,5000,0,0,False,False,0,0
xgboost_static,never,59,206,1,2017-07-05T16:11:21.785357,5000,0.0,0.0,0.0,5000,0,0,False,False,0,0
xgboost_static,never,60,208,1,2017-07-05T16:26:17.988361,5000,0.0,0.0,0.0,5000,0,0,False,False,0,0
xgboost_static,never,61,256,2,2017-07-06T14:07:33.699620,5000,0.0,0.0,0.0,5000,0,0,False,False,0,0
xgboost_static,never,62,209,1,2017-07-05T16:33:30.652614,5000,0.0,0.0,0.0,5000,0,0,False,False,0,0
xgboost_static,never,63,210,1,2017-07-05T16:44:07.514721,5000,0.0,0.0,0.0,5000,0,0,False,False,0,0
xgboost_static,never,64,212,1,2017-07-05T16:58:27.864246,5000,0.0,0.0,0.0,5000,0,0,False,False,0,0
xgboost_static,never,65,213,1,2017-07-05T17:04:53.987116,5000,0.0,0.0,0.0,5000,0,0,False,False,0,0
xgboost_static,never,66,258,2,2017-07-06T14:36:43.113049,5000,0.0,0.0,0.0,5000,0,0,False,False,0,0
xgboost_static,never,67,215,1,2017-07-05T17:17:43.888859,5000,0.0,0.0,0.0,5000,0,0,False,False,0,0
xgboost_static,never,68,216,1,2017-07-05T17:25:11.387702,5000,0.0,0.0,0.0,5000,0,0,False,False,0,0
xgboost_static,never,69,218,1,2017-07-05T17:32:09.292244,5000,0.0,0.0,0.0,5000,0,0,False,False,0,0
xgboost_static,never,70,259,2,2017-07-06T14:44:47.463686,5000,0.0,0.0,0.0,5000,0,0,False,False,0,0
xgboost_static,never,71,219,1,2017-07-05T17:36:30.842330,5000,0.0,0.0,0.0,5000,0,0,False,False,0,0
xgboost_static,never,72,220,1,2017-07-05T17:44:46.125001,5000,0.0,0.0,0.0,5000,0,0,False,False,0,0
xgboost_static,never,73,222,1,2017-07-05T18:03:49.082999,5000,0.0004,0.0004,0.0,4998,2,0,False,False,0,0
xgboost_static,never,74,223,1,2017-07-05T18:09:29.961498,5000,0.0,0.0,0.0,5000,0,0,False,False,0,0
xgboost_static,never,75,260,2,2017-07-06T14:51:31.044028,5000,0.0,0.0,0.0,5000,0,0,False,False,0,0
xgboost_static,never,76,225,1,2017-07-05T18:14:52.374862,5000,0.0004,0.0004,0.0004,5000,0,0,False,False,0,0
xgboost_static,never,77,226,1,2017-07-05T18:18:42.833755,5000,0.0002,0.0002,0.0002,5000,0,0,False,False,0,0
xgboost_static,never,78,228,1,2017-07-05T18:28:02.917391,5000,0.0006,0.0006,0.0006,5000,0,0,False,False,0,0
xgboost_static,never,79,229,1,2017-07-05T18:34:28.100119,5000,0.0,0.0,0.0,5000,0,0,False,False,0,0
xgboost_static,never,80,262,2,2017-07-06T15:02:34.710872,5000,0.0,0.0,0.0,5000,0,0,False,False,0,0
xgboost_static,never,81,230,1,2017-07-05T18:46:02.220861,5000,0.0,0.0,0.0,5000,0,0,False,False,0,0
xgboost_static,never,82,232,1,2017-07-05T19:08:00.288731,5000,0.0,0.0,0.0,5000,0,0,False,False,0,0
xgboost_static,never,83,233,1,2017-07-05T19:16:31.400416,5000,0.0,0.0,0.0,5000,0,0,False,False,0,0
xgboost_static,never,84,235,1,2017-07-05T19:34:27.924119,5000,0.0,0.0,0.0,5000,0,0,False,False,0,0
xgboost_static,never,85,263,2,2017-07-06T15:17:36.886104,1631,0.0,0.0,0.0,1631,0,0,False,False,0,0
xgboost_static,never,86,236,1,2017-07-05T19:42:27.366104,5000,0.0,0.0,0.0,5000,0,0,False,False,0,0
xgboost_static,never,87,238,1,2017-07-05T20:01:58.214404,1639,0.0,0.0,0.0,1639,0,0,False,False,0,0
xgboost_static,never,88,264,3,2017-07-06T15:21:46.077528,5000,0.0002,0.0002,0.0,4999,1,0,False,False,0,0
xgboost_static,never,89,312,4,2017-07-07T11:59:50.315195,5000,0.0,0.0,0.0,5000,0,0,False,False,0,0
xgboost_static,never,90,265,3,2017-07-06T15:57:48.073332,5000,0.0,0.0,0.0,5000,0,0,False,False,0,0
xgboost_static,never,91,267,3,2017-07-06T16:20:01.275888,5000,0.0002,0.0002,0.0,4999,1,0,False,False,0,0
xgboost_static,never,92,313,4,2017-07-07T12:11:03.657511,5000,0.0,0.0,0.0,5000,0,0,False,False,0,0
xgboost_static,never,93,268,3,2017-07-06T16:26:11.443075,5000,0.0,0.0,0.0,5000,0,0,False,False,0,0
xgboost_static,never,94,315,4,2017-07-07T12:29:00.190644,5000,0.0,0.0,0.0,5000,0,0,False,False,0,0
xgboost_static,never,95,270,3,2017-07-06T16:41:26.142952,5000,0.0,0.0,0.0,5000,0,0,False,False,0,0
xgboost_static,never,96,271,3,2017-07-06T16:48:23.513508,5000,0.0,0.0,0.0,5000,0,0,False,False,0,0
xgboost_static,never,97,316,4,2017-07-07T12:37:40.318157,5000,0.0,0.0,0.0,5000,0,0,False,False,0,0
xgboost_static,never,98,273,3,2017-07-06T17:01:56.124719,5000,0.0,0.0,0.0,5000,0,0,False,False,0,0
xgboost_static,never,99,274,3,2017-07-06T17:09:14.312316,5000,0.0004,0.0004,0.0002,4999,1,0,False,False,0,0
xgboost_static,never,100,318,4,2017-07-07T12:49:25.541221,5000,0.0,0.0,0.0,5000,0,0,False,False,0,0
xgboost_static,never,101,275,3,2017-07-06T17:19:03.227873,5000,0.0006,0.0006,0.0002,4998,2,0,False,False,0,0
xgboost_static,never,102,319,4,2017-07-07T12:57:46.514818,5000,0.0,0.0,0.0,5000,0,0,False,False,0,0
xgboost_static,never,103,277,3,2017-07-06T17:33:34.194501,5000,0.195,0.195,0.1946,4998,2,0,False,False,0,0
xgboost_static,never,104,278,3,2017-07-06T17:39:12.552975,5000,0.0006,0.0006,0.0004,4999,1,0,False,False,0,0
xgboost_static,never,105,321,4,2017-07-07T13:06:05.779821,5000,0.0058,0.0058,0.0058,5000,0,0,False,False,0,0
xgboost_static,never,106,280,3,2017-07-06T17:55:09.986251,5000,0.0004,0.0004,0.0004,5000,0,0,False,False,0,0
xgboost_static,never,107,281,3,2017-07-06T17:59:36.467132,5000,0.0004,0.0004,0.0002,4999,1,0,False,False,0,0
xgboost_static,never,108,322,4,2017-07-07T13:10:50.455475,5000,0.0024,0.0024,0.0024,5000,0,0,False,False,0,0
xgboost_static,never,109,283,3,2017-07-06T18:07:16.757797,5000,0.663,0.663,0.663,5000,0,0,False,False,0,0
xgboost_static,never,110,323,4,2017-07-07T13:17:08.517690,5000,0.0016,0.0016,0.0016,5000,0,0,False,False,0,0
xgboost_static,never,111,284,3,2017-07-06T18:09:57.844506,5000,0.824,0.824,0.824,5000,0,0,False,False,0,0
xgboost_static,never,112,285,3,2017-07-06T18:10:49.994872,5000,0.7752,0.7752,0.775,4999,1,0,False,False,0,0
xgboost_static,never,113,325,4,2017-07-07T13:25:25.836703,5000,0.0118,0.0118,0.0118,5000,0,0,False,False,0,0
xgboost_static,never,114,287,3,2017-07-06T18:14:45.755478,5000,0.3294,0.3294,0.3294,5000,0,0,False,False,0,0
xgboost_static,never,115,288,3,2017-07-06T18:18:04.892579,5000,0.665,0.665,0.665,5000,0,0,False,False,0,0
xgboost_static,never,116,326,4,2017-07-07T13:28:50.168559,5000,0.0124,0.0124,0.0124,5000,0,0,False,False,0,0
xgboost_static,never,117,290,3,2017-07-06T18:20:34.510755,5000,0.6878,0.6878,0.6878,5000,0,0,False,False,0,0
xgboost_static,never,118,291,3,2017-07-06T18:22:53.483056,5000,0.7674,0.7674,0.7674,4989,11,0,False,False,0,0
xgboost_static,never,119,328,4,2017-07-07T13:36:33.599736,5000,0.0372,0.0372,0.0372,5000,0,0,False,False,0,0
xgboost_static,never,120,293,3,2017-07-06T18:27:47.326584,5000,0.8746,0.8746,0.8746,5000,0,0,False,False,0,0
xgboost_static,never,121,329,4,2017-07-07T13:44:33.114918,5000,0.0444,0.0444,0.0444,5000,0,0,False,False,0,0
xgboost_static,never,122,294,3,2017-07-06T18:29:08.737619,5000,0.6564,0.6564,0.6564,5000,0,0,False,False,0,0
xgboost_static,never,123,295,3,2017-07-06T18:31:05.480703,5000,0.723,0.723,0.723,4996,4,0,False,False,0,0
xgboost_static,never,124,331,4,2017-07-07T14:03:11.120403,5000,0.0,0.0,0.0,5000,0,0,False,False,0,0
xgboost_static,never,125,297,3,2017-07-06T18:33:53.760513,5000,0.512,0.512,0.512,5000,0,0,False,False,0,0
xgboost_static,never,126,298,3,2017-07-06T18:37:22.766188,5000,0.6836,0.6836,0.6834,4999,1,0,False,False,0,0
xgboost_static,never,127,332,4,2017-07-07T14:10:48.127689,5000,0.0,0.0,0.0,5000,0,0,False,False,0,0
xgboost_static,never,128,300,3,2017-07-06T18:40:30.610036,5000,0.6866,0.6866,0.6866,4991,9,0,False,False,0,0
xgboost_static,never,129,333,4,2017-07-07T14:17:34.746882,5000,0.0,0.0,0.0,5000,0,0,False,False,0,0
xgboost_static,never,130,301,3,2017-07-06T18:42:06.498633,5000,0.6346,0.6346,0.6346,4998,2,0,False,False,0,0
xgboost_static,never,131,303,3,2017-07-06T18:47:09.422094,5000,0.0002,0.0002,0.0,4999,1,0,False,False,0,0
xgboost_static,never,132,335,4,2017-07-07T14:29:28.037485,5000,0.0,0.0,0.0,5000,0,0,False,False,0,0
xgboost_static,never,133,304,3,2017-07-06T18:54:53.175956,5000,0.0002,0.0002,0.0,4999,1,0,False,False,0,0
xgboost_static,never,134,305,3,2017-07-06T19:03:28.804011,5000,0.0002,0.0002,0.0,4999,1,0,False,False,0,0
xgboost_static,never,135,336,4,2017-07-07T14:36:46.146039,5000,0.0,0.0,0.0,5000,0,0,False,False,0,0
xgboost_static,never,136,307,3,2017-07-06T19:27:07.705893,5000,0.0008,0.0008,0.0,4996,4,0,False,False,0,0
xgboost_static,never,137,338,4,2017-07-07T14:53:13.213414,5000,0.0,0.0,0.0,5000,0,0,False,False,0,0
xgboost_static,never,138,308,3,2017-07-06T19:34:19.845180,5000,0.0002,0.0002,0.0,4999,1,0,False,False,0,0
xgboost_static,never,139,310,3,2017-07-06T19:49:46.027609,5000,0.0002,0.0002,0.0,4999,1,0,False,False,0,0
xgboost_static,never,140,339,4,2017-07-07T15:00:28.242232,5000,0.0,0.0,0.0,5000,0,0,False,False,0,0
xgboost_static,never,141,311,3,2017-07-06T19:54:11.940169,5445,0.0,0.0,0.0,5445,0,0,False,False,0,0
xgboost_static,never,142,341,5,2017-07-07T15:28:53.858854,5000,0.0,0.0,0.0,5000,0,0,False,False,0,0
xgboost_static,never,143,395,6,2017-07-07T18:40:13.106791,5000,0.0,0.0,0.0,5000,0,0,False,False,0,0
xgboost_static,never,144,342,5,2017-07-07T16:08:36.089220,5000,0.0,0.0,0.0,5000,0,0,False,False,0,0
xgboost_static,never,145,344,5,2017-07-07T16:34:33.679764,5000,0.0,0.0,0.0,5000,0,0,False,False,0,0
xgboost_static,never,146,396,6,2017-07-07T18:51:29.702413,5000,0.4302,0.4302,0.4302,5000,0,0,False,False,0,0
xgboost_static,never,147,345,5,2017-07-07T16:36:28.449578,5000,0.0,0.0,0.0,5000,0,0,False,False,0,0
xgboost_static,never,148,347,5,2017-07-07T16:50:49.419521,5000,0.0264,0.0264,0.0264,5000,0,0,False,False,0,0
xgboost_static,never,149,398,6,2017-07-07T18:58:02.196043,5000,0.7544,0.7544,0.7544,5000,0,0,False,False,0,0
xgboost_static,never,150,348,5,2017-07-07T16:59:16.787988,5000,0.0188,0.0188,0.0188,5000,0,0,False,False,0,0
xgboost_static,never,151,350,5,2017-07-07T17:13:57.348088,5000,0.0236,0.0236,0.0236,5000,0,0,False,False,0,0
xgboost_static,never,152,399,6,2017-07-07T18:58:48.883331,5000,0.791,0.791,0.791,5000,0,0,False,False,0,0
xgboost_static,never,153,351,5,2017-07-07T17:21:37.950704,5000,0.0,0.0,0.0,5000,0,0,False,False,0,0
xgboost_static,never,154,352,5,2017-07-07T17:28:14.273505,5000,0.0,0.0,0.0,5000,0,0,False,False,0,0
xgboost_static,never,155,401,6,2017-07-07T19:00:29.056924,5000,0.8542,0.8542,0.8542,5000,0,0,False,False,0,0
xgboost_static,never,156,354,5,2017-07-07T17:45:17.899612,5000,0.0288,0.0288,0.0286,4999,1,0,False,False,0,0
xgboost_static,never,157,402,6,2017-07-07T19:01:21.056982,5000,0.9168,0.9168,0.9168,5000,0,0,False,False,0,0
xgboost_static,never,158,355,5,2017-07-07T17:51:45.466435,5000,0.9924,0.9924,0.9924,5000,0,0,False,False,0,0
xgboost_static,never,159,357,5,2017-07-07T17:51:59.159748,5000,0.9956,0.9956,0.9956,5000,0,0,False,False,0,0
xgboost_static,never,160,404,6,2017-07-07T19:03:17.417002,5000,0.8918,0.8918,0.8918,5000,0,0,False,False,0,0
xgboost_static,never,161,358,5,2017-07-07T17:52:06.020133,5000,0.9872,0.9872,0.9872,5000,0,0,False,False,0,0
xgboost_static,never,162,360,5,2017-07-07T17:52:19.730775,5000,0.9878,0.9878,0.9878,5000,0,0,False,False,0,0
xgboost_static,never,163,405,6,2017-07-07T19:04:11.677669,5000,0.9342,0.9342,0.9342,5000,0,0,False,False,0,0
xgboost_static,never,164,361,5,2017-07-07T17:52:26.609510,5000,0.9948,0.9948,0.9948,5000,0,0,False,False,0,0
xgboost_static,never,165,362,5,2017-07-07T17:52:33.458646,5000,0.9898,0.9898,0.9898,5000,0,0,False,False,0,0
xgboost_static,never,166,406,6,2017-07-07T19:05:10.130947,5000,0.8698,0.8698,0.8698,5000,0,0,False,False,0,0
xgboost_static,never,167,364,5,2017-07-07T17:52:47.175885,5000,0.994,0.994,0.994,5000,0,0,False,False,0,0
xgboost_static,never,168,365,5,2017-07-07T17:52:54.036328,5000,0.9786,0.9786,0.9786,5000,0,0,False,False,0,0
xgboost_static,never,169,408,6,2017-07-07T19:06:59.997858,5000,0.8462,0.8462,0.8462,5000,0,0,False,False,0,0
xgboost_static,never,170,367,5,2017-07-07T17:54:15.198356,5000,0.9366,0.9366,0.9366,5000,0,0,False,False,0,0
xgboost_static,never,171,368,5,2017-07-07T17:54:21.743673,5000,0.9926,0.9926,0.9926,5000,0,0,False,False,0,0
xgboost_static,never,172,409,6,2017-07-07T19:07:51.520364,5000,0.8472,0.8472,0.8472,5000,0,0,False,False,0,0
xgboost_static,never,173,370,5,2017-07-07T17:54:34.912359,5000,0.9606,0.9606,0.9606,5000,0,0,False,False,0,0
xgboost_static,never,174,371,5,2017-07-07T17:54:40.199430,5000,0.9946,0.9946,0.9946,5000,0,0,False,False,0,0
xgboost_static,never,175,411,6,2017-07-07T19:09:36.175401,5000,0.9538,0.9538,0.9538,5000,0,0,False,False,0,0
xgboost_static,never,176,372,5,2017-07-07T17:54:46.759913,5000,0.9942,0.9942,0.9942,5000,0,0,False,False,0,0
xgboost_static,never,177,374,5,2017-07-07T17:54:59.878558,5000,0.9906,0.9906,0.9906,5000,0,0,False,False,0,0
xgboost_static,never,178,412,6,2017-07-07T19:10:34.468512,5000,0.9152,0.9152,0.9152,5000,0,0,False,False,0,0
xgboost_static,never,179,375,5,2017-07-07T17:55:06.426975,5000,0.9674,0.9674,0.9674,5000,0,0,False,False,0,0
xgboost_static,never,180,377,5,2017-07-07T17:55:19.562795,5000,0.9908,0.9908,0.9908,5000,0,0,False,False,0,0
xgboost_static,never,181,414,6,2017-07-07T19:12:19.835270,5000,0.8936,0.8936,0.8936,5000,0,0,False,False,0,0
xgboost_static,never,182,378,5,2017-07-07T17:55:26.138198,5000,0.9918,0.9918,0.9918,5000,0,0,False,False,0,0
xgboost_static,never,183,380,5,2017-07-07T17:55:39.290299,5000,0.8928,0.8928,0.8928,5000,0,0,False,False,0,0
xgboost_static,never,184,415,6,2017-07-07T19:13:13.980423,5000,0.6772,0.6772,0.6772,5000,0,0,False,False,0,0
xgboost_static,never,185,381,5,2017-07-07T17:55:45.863226,5000,0.936,0.936,0.936,5000,0,0,False,False,0,0
xgboost_static,never,186,416,6,2017-07-07T19:13:55.557798,5000,0.7796,0.7796,0.7796,5000,0,0,False,False,0,0
xgboost_static,never,187,382,5,2017-07-07T17:55:51.164024,5000,0.9796,0.9796,0.9796,5000,0,0,False,False,0,0
xgboost_static,never,188,384,5,2017-07-07T18:00:43.250620,5000,0.0796,0.0796,0.0796,5000,0,0,False,False,0,0
xgboost_static,never,189,418,6,2017-07-07T19:15:38.304116,5000,0.566,0.566,0.566,5000,0,0,False,False,0,0
xgboost_static,never,190,385,5,2017-07-07T18:08:01.771442,5000,0.8088,0.8088,0.8088,5000,0,0,False,False,0,0
xgboost_static,never,191,387,5,2017-07-07T18:10:02.151109,5000,0.4012,0.4012,0.4012,5000,0,0,False,False,0,0
xgboost_static,never,192,419,6,2017-07-07T19:20:18.568724,5000,0.0,0.0,0.0,5000,0,0,False,False,0,0
xgboost_static,never,193,388,5,2017-07-07T18:12:20.353225,5000,0.0048,0.0048,0.0048,5000,0,0,False,False,0,0
xgboost_static,never,194,390,5,2017-07-07T18:22:29.680677,5000,0.818,0.818,0.818,5000,0,0,False,False,0,0
xgboost_static,never,195,421,6,2017-07-07T19:42:08.815711,5000,0.0,0.0,0.0,5000,0,0,False,False,0,0
xgboost_static,never,196,391,5,2017-07-07T18:23:24.585570,5000,0.485,0.485,0.485,5000,0,0,False,False,0,0
xgboost_static,never,197,392,5,2017-07-07T18:27:32.404808,5000,0.0,0.0,0.0,5000,0,0,False,False,0,0
xgboost_static,never,198,422,6,2017-07-07T19:53:33.828828,3798,0.0,0.0,0.0,3798,0,0,False,False,0,0
xgboost_static,never,199,394,5,2017-07-07T18:38:01.487913,1117,0.0,0.0,0.0,1117,0,0,False,False,0,0
