model,ip_mode,after_task,after_task_category,scope,metric,value
gnn_ewc_replay,none,0,BruteForce,task0,n,175000.0
gnn_ewc_replay,none,0,BruteForce,task0,n_benign,172109.0
gnn_ewc_replay,none,0,BruteForce,task0,n_attack,2891.0
gnn_ewc_replay,none,0,BruteForce,task0,accuracy,1.0
gnn_ewc_replay,none,0,BruteForce,task0,macro_f1,1.0
gnn_ewc_replay,none,0,BruteForce,task0,fpr,0.0
gnn_ewc_replay,none,0,BruteForce,task0,detection_rate,1.0
gnn_ewc_replay,none,0,BruteForce,task0,binary_f1,1.0
gnn_ewc_replay,none,0,BruteForce,task0,category_recall,1.0
gnn_ewc_replay,none,0,BruteForce,task1,n,385000.0
gnn_ewc_replay,none,0,BruteForce,task1,n_benign,331373.0
gnn_ewc_replay,none,0,BruteForce,task1,n_attack,53627.0
gnn_ewc_replay,none,0,BruteForce,task1,accuracy,0.8607090909090909
gnn_ewc_replay,none,0,BruteForce,task1,macro_f1,0.4994114783573238
gnn_ewc_replay,none,0,BruteForce,task1,fpr,0.0
gnn_ewc_replay,none,0,BruteForce,task1,detection_rate,0.985436440598952
gnn_ewc_replay,none,0,BruteForce,task1,binary_f1,0.9926648070402825
gnn_ewc_replay,none,0,BruteForce,task1,category_recall,0.0
gnn_ewc_replay,none,0,BruteForce,task2,n,480000.0
gnn_ewc_replay,none,0,BruteForce,task2,n_benign,439090.0
gnn_ewc_replay,none,0,BruteForce,task2,n_attack,40910.0
gnn_ewc_replay,none,0,BruteForce,task2,accuracy,0.91476875
gnn_ewc_replay,none,0,BruteForce,task2,macro_f1,0.3187732837919217
gnn_ewc_replay,none,0,BruteForce,task2,fpr,2.277437427406682e-06
gnn_ewc_replay,none,0,BruteForce,task2,detection_rate,0.01955512099731117
gnn_ewc_replay,none,0,BruteForce,task2,binary_f1,0.03835918582628084
gnn_ewc_replay,none,0,BruteForce,task2,category_recall,0.0
gnn_ewc_replay,none,0,BruteForce,task3,n,270000.0
gnn_ewc_replay,none,0,BruteForce,task3,n_benign,269993.0
gnn_ewc_replay,none,0,BruteForce,task3,n_attack,7.0
gnn_ewc_replay,none,0,BruteForce,task3,accuracy,0.9999703703703704
gnn_ewc_replay,none,0,BruteForce,task3,macro_f1,0.4999925924828516
gnn_ewc_replay,none,0,BruteForce,task3,fpr,3.7037997281411e-06
gnn_ewc_replay,none,0,BruteForce,task3,detection_rate,0.0
gnn_ewc_replay,none,0,BruteForce,task3,binary_f1,0.0
gnn_ewc_replay,none,0,BruteForce,task3,category_recall,0.0
gnn_ewc_replay,none,0,BruteForce,task4,n,395000.0
gnn_ewc_replay,none,0,BruteForce,task4,n_benign,393444.0
gnn_ewc_replay,none,0,BruteForce,task4,n_attack,1556.0
gnn_ewc_replay,none,0,BruteForce,task4,accuracy,0.9960582278481013
gnn_ewc_replay,none,0,BruteForce,task4,macro_f1,0.499012610930657
gnn_ewc_replay,none,0,BruteForce,task4,fpr,2.5416577708644688e-06
gnn_ewc_replay,none,0,BruteForce,task4,detection_rate,0.0
gnn_ewc_replay,none,0,BruteForce,task4,binary_f1,0.0
gnn_ewc_replay,none,0,BruteForce,task4,category_recall,0.0
gnn_ewc_replay,none,0,BruteForce,task5,n,190000.0
gnn_ewc_replay,none,0,BruteForce,task5,n_benign,185763.0
gnn_ewc_replay,none,0,BruteForce,task5,n_attack,4237.0
gnn_ewc_replay,none,0,BruteForce,task5,accuracy,0.9777
gnn_ewc_replay,none,0,BruteForce,task5,macro_f1,0.4943621378368812
gnn_ewc_replay,none,0,BruteForce,task5,fpr,0.0
gnn_ewc_replay,none,0,BruteForce,task5,detection_rate,0.0
gnn_ewc_replay,none,0,BruteForce,task5,binary_f1,0.0
gnn_ewc_replay,none,0,BruteForce,task5,category_recall,0.0
gnn_ewc_replay,none,0,BruteForce,seen,n,175000.0
gnn_ewc_replay,none,0,BruteForce,seen,n_benign,172109.0
gnn_ewc_replay,none,0,BruteForce,seen,n_attack,2891.0
gnn_ewc_replay,none,0,BruteForce,seen,accuracy,1.0
gnn_ewc_replay,none,0,BruteForce,seen,macro_f1,1.0
gnn_ewc_replay,none,0,BruteForce,seen,fpr,0.0
gnn_ewc_replay,none,0,BruteForce,seen,detection_rate,1.0
gnn_ewc_replay,none,0,BruteForce,seen,binary_f1,1.0
gnn_ewc_replay,none,0,BruteForce,all,n,1895000.0
gnn_ewc_replay,none,0,BruteForce,all,n_benign,1791772.0
gnn_ewc_replay,none,0,BruteForce,all,n_attack,103228.0
gnn_ewc_replay,none,0,BruteForce,all,accuracy,0.9470501319261214
gnn_ewc_replay,none,0,BruteForce,all,macro_f1,0.15491810780763232
gnn_ewc_replay,none,0,BruteForce,all,fpr,1.6743201702002264e-06
gnn_ewc_replay,none,0,BruteForce,all,detection_rate,0.5476905490758321
gnn_ewc_replay,none,0,BruteForce,all,binary_f1,0.7077387211456612
gnn_ewc_replay,permute,0,BruteForce,task0,n,175000.0
gnn_ewc_replay,permute,0,BruteForce,task0,n_benign,172109.0
gnn_ewc_replay,permute,0,BruteForce,task0,n_attack,2891.0
gnn_ewc_replay,permute,0,BruteForce,task0,accuracy,1.0
gnn_ewc_replay,permute,0,BruteForce,task0,macro_f1,1.0
gnn_ewc_replay,permute,0,BruteForce,task0,fpr,0.0
gnn_ewc_replay,permute,0,BruteForce,task0,detection_rate,1.0
gnn_ewc_replay,permute,0,BruteForce,task0,binary_f1,1.0
gnn_ewc_replay,permute,0,BruteForce,task0,category_recall,1.0
gnn_ewc_replay,permute,0,BruteForce,task1,n,385000.0
gnn_ewc_replay,permute,0,BruteForce,task1,n_benign,331373.0
gnn_ewc_replay,permute,0,BruteForce,task1,n_attack,53627.0
gnn_ewc_replay,permute,0,BruteForce,task1,accuracy,0.8607090909090909
gnn_ewc_replay,permute,0,BruteForce,task1,macro_f1,0.4994114783573238
gnn_ewc_replay,permute,0,BruteForce,task1,fpr,0.0
gnn_ewc_replay,permute,0,BruteForce,task1,detection_rate,0.985436440598952
gnn_ewc_replay,permute,0,BruteForce,task1,binary_f1,0.9926648070402825
gnn_ewc_replay,permute,0,BruteForce,task1,category_recall,0.0
gnn_ewc_replay,permute,0,BruteForce,task2,n,480000.0
gnn_ewc_replay,permute,0,BruteForce,task2,n_benign,439090.0
gnn_ewc_replay,permute,0,BruteForce,task2,n_attack,40910.0
gnn_ewc_replay,permute,0,BruteForce,task2,accuracy,0.91476875
gnn_ewc_replay,permute,0,BruteForce,task2,macro_f1,0.3187732837919217
gnn_ewc_replay,permute,0,BruteForce,task2,fpr,2.277437427406682e-06
gnn_ewc_replay,permute,0,BruteForce,task2,detection_rate,0.01955512099731117
gnn_ewc_replay,permute,0,BruteForce,task2,binary_f1,0.03835918582628084
gnn_ewc_replay,permute,0,BruteForce,task2,category_recall,0.0
gnn_ewc_replay,permute,0,BruteForce,task3,n,270000.0
gnn_ewc_replay,permute,0,BruteForce,task3,n_benign,269993.0
gnn_ewc_replay,permute,0,BruteForce,task3,n_attack,7.0
gnn_ewc_replay,permute,0,BruteForce,task3,accuracy,0.9999703703703704
gnn_ewc_replay,permute,0,BruteForce,task3,macro_f1,0.4999925924828516
gnn_ewc_replay,permute,0,BruteForce,task3,fpr,3.7037997281411e-06
gnn_ewc_replay,permute,0,BruteForce,task3,detection_rate,0.0
gnn_ewc_replay,permute,0,BruteForce,task3,binary_f1,0.0
gnn_ewc_replay,permute,0,BruteForce,task3,category_recall,0.0
gnn_ewc_replay,permute,0,BruteForce,task4,n,395000.0
gnn_ewc_replay,permute,0,BruteForce,task4,n_benign,393444.0
gnn_ewc_replay,permute,0,BruteForce,task4,n_attack,1556.0
gnn_ewc_replay,permute,0,BruteForce,task4,accuracy,0.9960582278481013
gnn_ewc_replay,permute,0,BruteForce,task4,macro_f1,0.499012610930657
gnn_ewc_replay,permute,0,BruteForce,task4,fpr,2.5416577708644688e-06
gnn_ewc_replay,permute,0,BruteForce,task4,detection_rate,0.0
gnn_ewc_replay,permute,0,BruteForce,task4,binary_f1,0.0
gnn_ewc_replay,permute,0,BruteForce,task4,category_recall,0.0
gnn_ewc_replay,permute,0,BruteForce,task5,n,190000.0
gnn_ewc_replay,permute,0,BruteForce,task5,n_benign,185763.0
gnn_ewc_replay,permute,0,BruteForce,task5,n_attack,4237.0
gnn_ewc_replay,permute,0,BruteForce,task5,accuracy,0.9777
gnn_ewc_replay,permute,0,BruteForce,task5,macro_f1,0.4943621378368812
gnn_ewc_replay,permute,0,BruteForce,task5,fpr,0.0
gnn_ewc_replay,permute,0,BruteForce,task5,detection_rate,0.0
gnn_ewc_replay,permute,0,BruteForce,task5,binary_f1,0.0
gnn_ewc_replay,permute,0,BruteForce,task5,category_recall,0.0
gnn_ewc_replay,permute,0,BruteForce,seen,n,175000.0
gnn_ewc_replay,permute,0,BruteForce,seen,n_benign,172109.0
gnn_ewc_replay,permute,0,BruteForce,seen,n_attack,2891.0
gnn_ewc_replay,permute,0,BruteForce,seen,accuracy,1.0
gnn_ewc_replay,permute,0,BruteForce,seen,macro_f1,1.0
gnn_ewc_replay,permute,0,BruteForce,seen,fpr,0.0
gnn_ewc_replay,permute,0,BruteForce,seen,detection_rate,1.0
gnn_ewc_replay,permute,0,BruteForce,seen,binary_f1,1.0
gnn_ewc_replay,permute,0,BruteForce,all,n,1895000.0
gnn_ewc_replay,permute,0,BruteForce,all,n_benign,1791772.0
gnn_ewc_replay,permute,0,BruteForce,all,n_attack,103228.0
gnn_ewc_replay,permute,0,BruteForce,all,accuracy,0.9470501319261214
gnn_ewc_replay,permute,0,BruteForce,all,macro_f1,0.15491810780763232
gnn_ewc_replay,permute,0,BruteForce,all,fpr,1.6743201702002264e-06
gnn_ewc_replay,permute,0,BruteForce,all,detection_rate,0.5476905490758321
gnn_ewc_replay,permute,0,BruteForce,all,binary_f1,0.7077387211456612
gnn_ewc_replay,random_src,0,BruteForce,task0,n,175000.0
gnn_ewc_replay,random_src,0,BruteForce,task0,n_benign,172109.0
gnn_ewc_replay,random_src,0,BruteForce,task0,n_attack,2891.0
gnn_ewc_replay,random_src,0,BruteForce,task0,accuracy,0.9994628571428571
gnn_ewc_replay,random_src,0,BruteForce,task0,macro_f1,0.991815490405864
gnn_ewc_replay,random_src,0,BruteForce,task0,fpr,0.00044158062623105124
gnn_ewc_replay,random_src,0,BruteForce,task0,detection_rate,0.9937737806987201
gnn_ewc_replay,random_src,0,BruteForce,task0,binary_f1,0.9839041095890411
gnn_ewc_replay,random_src,0,BruteForce,task0,category_recall,0.9937737806987201
gnn_ewc_replay,random_src,0,BruteForce,task1,n,385000.0
gnn_ewc_replay,random_src,0,BruteForce,task1,n_benign,331373.0
gnn_ewc_replay,random_src,0,BruteForce,task1,n_attack,53627.0
gnn_ewc_replay,random_src,0,BruteForce,task1,accuracy,0.8603012987012987
gnn_ewc_replay,random_src,0,BruteForce,task1,macro_f1,0.4849059808038041
gnn_ewc_replay,random_src,0,BruteForce,task1,fpr,0.00047378633745054664
gnn_ewc_replay,random_src,0,BruteForce,task1,detection_rate,0.6184198258340016
gnn_ewc_replay,random_src,0,BruteForce,task1,binary_f1,0.7628467589823803
gnn_ewc_replay,random_src,0,BruteForce,task1,category_recall,0.0
gnn_ewc_replay,random_src,0,BruteForce,task2,n,480000.0
gnn_ewc_replay,random_src,0,BruteForce,task2,n_benign,439090.0
gnn_ewc_replay,random_src,0,BruteForce,task2,n_attack,40910.0
gnn_ewc_replay,random_src,0,BruteForce,task2,accuracy,0.9142708333333334
gnn_ewc_replay,random_src,0,BruteForce,task2,macro_f1,0.3184052529429903
gnn_ewc_replay,random_src,0,BruteForce,task2,fpr,0.0005465849825776037
gnn_ewc_replay,random_src,0,BruteForce,task2,detection_rate,0.0
gnn_ewc_replay,random_src,0,BruteForce,task2,binary_f1,0.0
gnn_ewc_replay,random_src,0,BruteForce,task2,category_recall,0.0
gnn_ewc_replay,random_src,0,BruteForce,task3,n,270000.0
gnn_ewc_replay,random_src,0,BruteForce,task3,n_benign,269993.0
gnn_ewc_replay,random_src,0,BruteForce,task3,n_attack,7.0
gnn_ewc_replay,random_src,0,BruteForce,task3,accuracy,0.9996481481481482
gnn_ewc_replay,random_src,0,BruteForce,task3,macro_f1,0.4999120215593484
gnn_ewc_replay,random_src,0,BruteForce,task3,fpr,0.0003259343760764168
gnn_ewc_replay,random_src,0,BruteForce,task3,detection_rate,0.0
gnn_ewc_replay,random_src,0,BruteForce,task3,binary_f1,0.0
gnn_ewc_replay,random_src,0,BruteForce,task3,category_recall,0.0
gnn_ewc_replay,random_src,0,BruteForce,task4,n,395000.0
gnn_ewc_replay,random_src,0,BruteForce,task4,n_benign,393444.0
gnn_ewc_replay,random_src,0,BruteForce,task4,n_attack,1556.0
gnn_ewc_replay,random_src,0,BruteForce,task4,accuracy,0.9955139240506329
gnn_ewc_replay,random_src,0,BruteForce,task4,macro_f1,0.4988759597476872
gnn_ewc_replay,random_src,0,BruteForce,task4,fpr,0.0005489980785067252
gnn_ewc_replay,random_src,0,BruteForce,task4,detection_rate,0.0
gnn_ewc_replay,random_src,0,BruteForce,task4,binary_f1,0.0
gnn_ewc_replay,random_src,0,BruteForce,task4,category_recall,0.0
gnn_ewc_replay,random_src,0,BruteForce,task5,n,190000.0
gnn_ewc_replay,random_src,0,BruteForce,task5,n_benign,185763.0
gnn_ewc_replay,random_src,0,BruteForce,task5,n_attack,4237.0
gnn_ewc_replay,random_src,0,BruteForce,task5,accuracy,0.9771526315789474
gnn_ewc_replay,random_src,0,BruteForce,task5,macro_f1,0.49422215360206995
gnn_ewc_replay,random_src,0,BruteForce,task5,fpr,0.0005598531462131856
gnn_ewc_replay,random_src,0,BruteForce,task5,detection_rate,0.0
gnn_ewc_replay,random_src,0,BruteForce,task5,binary_f1,0.0
gnn_ewc_replay,random_src,0,BruteForce,task5,category_recall,0.0
gnn_ewc_replay,random_src,0,BruteForce,seen,n,175000.0
gnn_ewc_replay,random_src,0,BruteForce,seen,n_benign,172109.0
gnn_ewc_replay,random_src,0,BruteForce,seen,n_attack,2891.0
gnn_ewc_replay,random_src,0,BruteForce,seen,accuracy,0.9994628571428571
gnn_ewc_replay,random_src,0,BruteForce,seen,macro_f1,0.991815490405864
gnn_ewc_replay,random_src,0,BruteForce,seen,fpr,0.00044158062623105124
gnn_ewc_replay,random_src,0,BruteForce,seen,detection_rate,0.9937737806987201
gnn_ewc_replay,random_src,0,BruteForce,seen,binary_f1,0.9839041095890411
gnn_ewc_replay,random_src,0,BruteForce,all,n,1895000.0
gnn_ewc_replay,random_src,0,BruteForce,all,n_benign,1791772.0
gnn_ewc_replay,random_src,0,BruteForce,all,n_attack,103228.0
gnn_ewc_replay,random_src,0,BruteForce,all,accuracy,0.946577308707124
gnn_ewc_replay,random_src,0,BruteForce,all,macro_f1,0.16081265867662323
gnn_ewc_replay,random_src,0,BruteForce,all,fpr,0.0004916920233154665
gnn_ewc_replay,random_src,0,BruteForce,all,detection_rate,0.34910101910334407
gnn_ewc_replay,random_src,0,BruteForce,all,binary_f1,0.5142779672627117
gnn_ewc_replay,none,1,DoS,task0,n,175000.0
gnn_ewc_replay,none,1,DoS,task0,n_benign,172109.0
gnn_ewc_replay,none,1,DoS,task0,n_attack,2891.0
gnn_ewc_replay,none,1,DoS,task0,accuracy,1.0
gnn_ewc_replay,none,1,DoS,task0,macro_f1,1.0
gnn_ewc_replay,none,1,DoS,task0,fpr,0.0
gnn_ewc_replay,none,1,DoS,task0,detection_rate,1.0
gnn_ewc_replay,none,1,DoS,task0,binary_f1,1.0
gnn_ewc_replay,none,1,DoS,task0,category_recall,1.0
gnn_ewc_replay,none,1,DoS,task1,n,385000.0
gnn_ewc_replay,none,1,DoS,task1,n_benign,331373.0
gnn_ewc_replay,none,1,DoS,task1,n_attack,53627.0
gnn_ewc_replay,none,1,DoS,task1,accuracy,0.9997272727272727
gnn_ewc_replay,none,1,DoS,task1,macro_f1,0.9994308871096019
gnn_ewc_replay,none,1,DoS,task1,fpr,2.1124231606075328e-05
gnn_ewc_replay,none,1,DoS,task1,detection_rate,0.9981725623286777
gnn_ewc_replay,none,1,DoS,task1,binary_f1,0.9990201842053694
gnn_ewc_replay,none,1,DoS,task1,category_recall,0.9981725623286777
gnn_ewc_replay,none,1,DoS,task2,n,480000.0
gnn_ewc_replay,none,1,DoS,task2,n_benign,439090.0
gnn_ewc_replay,none,1,DoS,task2,n_attack,40910.0
gnn_ewc_replay,none,1,DoS,task2,accuracy,0.91476875
gnn_ewc_replay,none,1,DoS,task2,macro_f1,0.3184958148775581
gnn_ewc_replay,none,1,DoS,task2,fpr,2.277437427406682e-06
gnn_ewc_replay,none,1,DoS,task2,detection_rate,0.0
gnn_ewc_replay,none,1,DoS,task2,binary_f1,0.0
gnn_ewc_replay,none,1,DoS,task2,category_recall,0.0
gnn_ewc_replay,none,1,DoS,task3,n,270000.0
gnn_ewc_replay,none,1,DoS,task3,n_benign,269993.0
gnn_ewc_replay,none,1,DoS,task3,n_attack,7.0
gnn_ewc_replay,none,1,DoS,task3,accuracy,0.9999666666666667
gnn_ewc_replay,none,1,DoS,task3,macro_f1,0.49999166652777544
gnn_ewc_replay,none,1,DoS,task3,fpr,7.4075994562822e-06
gnn_ewc_replay,none,1,DoS,task3,detection_rate,0.0
gnn_ewc_replay,none,1,DoS,task3,binary_f1,0.0
gnn_ewc_replay,none,1,DoS,task3,category_recall,0.0
gnn_ewc_replay,none,1,DoS,task4,n,395000.0
gnn_ewc_replay,none,1,DoS,task4,n_benign,393444.0
gnn_ewc_replay,none,1,DoS,task4,n_attack,1556.0
gnn_ewc_replay,none,1,DoS,task4,accuracy,0.9960607594936709
gnn_ewc_replay,none,1,DoS,task4,macro_f1,0.49901324634343086
gnn_ewc_replay,none,1,DoS,task4,fpr,0.0
gnn_ewc_replay,none,1,DoS,task4,detection_rate,0.0
gnn_ewc_replay,none,1,DoS,task4,binary_f1,0.0
gnn_ewc_replay,none,1,DoS,task4,category_recall,0.0
gnn_ewc_replay,none,1,DoS,task5,n,190000.0
gnn_ewc_replay,none,1,DoS,task5,n_benign,185763.0
gnn_ewc_replay,none,1,DoS,task5,n_attack,4237.0
gnn_ewc_replay,none,1,DoS,task5,accuracy,0.9777
gnn_ewc_replay,none,1,DoS,task5,macro_f1,0.4943621378368812
gnn_ewc_replay,none,1,DoS,task5,fpr,0.0
gnn_ewc_replay,none,1,DoS,task5,detection_rate,0.0
gnn_ewc_replay,none,1,DoS,task5,binary_f1,0.0
gnn_ewc_replay,none,1,DoS,task5,category_recall,0.0
gnn_ewc_replay,none,1,DoS,seen,n,560000.0
gnn_ewc_replay,none,1,DoS,seen,n_benign,503482.0
gnn_ewc_replay,none,1,DoS,seen,n_attack,56518.0
gnn_ewc_replay,none,1,DoS,seen,accuracy,0.9998125
gnn_ewc_replay,none,1,DoS,seen,macro_f1,0.9996386399302714
gnn_ewc_replay,none,1,DoS,seen,fpr,1.3903178266551733e-05
gnn_ewc_replay,none,1,DoS,seen,detection_rate,0.9982660391379737
gnn_ewc_replay,none,1,DoS,seen,binary_f1,0.9990703439727301
gnn_ewc_replay,none,1,DoS,all,n,1895000.0
gnn_ewc_replay,none,1,DoS,all,n_benign,1791772.0
gnn_ewc_replay,none,1,DoS,all,n_attack,103228.0
gnn_ewc_replay,none,1,DoS,all,accuracy,0.9752939313984169
gnn_ewc_replay,none,1,DoS,all,macro_f1,0.4265383963933086
gnn_ewc_replay,none,1,DoS,all,fpr,5.581067234000755e-06
gnn_ewc_replay,none,1,DoS,all,detection_rate,0.5465571356608672
gnn_ewc_replay,none,1,DoS,all,binary_f1,0.7067607009983841
gnn_ewc_replay,permute,1,DoS,task0,n,175000.0
gnn_ewc_replay,permute,1,DoS,task0,n_benign,172109.0
gnn_ewc_replay,permute,1,DoS,task0,n_attack,2891.0
gnn_ewc_replay,permute,1,DoS,task0,accuracy,1.0
gnn_ewc_replay,permute,1,DoS,task0,macro_f1,1.0
gnn_ewc_replay,permute,1,DoS,task0,fpr,0.0
gnn_ewc_replay,permute,1,DoS,task0,detection_rate,1.0
gnn_ewc_replay,permute,1,DoS,task0,binary_f1,1.0
gnn_ewc_replay,permute,1,DoS,task0,category_recall,1.0
gnn_ewc_replay,permute,1,DoS,task1,n,385000.0
gnn_ewc_replay,permute,1,DoS,task1,n_benign,331373.0
gnn_ewc_replay,permute,1,DoS,task1,n_attack,53627.0
gnn_ewc_replay,permute,1,DoS,task1,accuracy,0.9997272727272727
gnn_ewc_replay,permute,1,DoS,task1,macro_f1,0.9994308871096019
gnn_ewc_replay,permute,1,DoS,task1,fpr,2.1124231606075328e-05
gnn_ewc_replay,permute,1,DoS,task1,detection_rate,0.9981725623286777
gnn_ewc_replay,permute,1,DoS,task1,binary_f1,0.9990201842053694
gnn_ewc_replay,permute,1,DoS,task1,category_recall,0.9981725623286777
gnn_ewc_replay,permute,1,DoS,task2,n,480000.0
gnn_ewc_replay,permute,1,DoS,task2,n_benign,439090.0
gnn_ewc_replay,permute,1,DoS,task2,n_attack,40910.0
gnn_ewc_replay,permute,1,DoS,task2,accuracy,0.91476875
gnn_ewc_replay,permute,1,DoS,task2,macro_f1,0.3184958148775581
gnn_ewc_replay,permute,1,DoS,task2,fpr,2.277437427406682e-06
gnn_ewc_replay,permute,1,DoS,task2,detection_rate,0.0
gnn_ewc_replay,permute,1,DoS,task2,binary_f1,0.0
gnn_ewc_replay,permute,1,DoS,task2,category_recall,0.0
gnn_ewc_replay,permute,1,DoS,task3,n,270000.0
gnn_ewc_replay,permute,1,DoS,task3,n_benign,269993.0
gnn_ewc_replay,permute,1,DoS,task3,n_attack,7.0
gnn_ewc_replay,permute,1,DoS,task3,accuracy,0.9999666666666667
gnn_ewc_replay,permute,1,DoS,task3,macro_f1,0.49999166652777544
gnn_ewc_replay,permute,1,DoS,task3,fpr,7.4075994562822e-06
gnn_ewc_replay,permute,1,DoS,task3,detection_rate,0.0
gnn_ewc_replay,permute,1,DoS,task3,binary_f1,0.0
gnn_ewc_replay,permute,1,DoS,task3,category_recall,0.0
gnn_ewc_replay,permute,1,DoS,task4,n,395000.0
gnn_ewc_replay,permute,1,DoS,task4,n_benign,393444.0
gnn_ewc_replay,permute,1,DoS,task4,n_attack,1556.0
gnn_ewc_replay,permute,1,DoS,task4,accuracy,0.9960607594936709
gnn_ewc_replay,permute,1,DoS,task4,macro_f1,0.49901324634343086
gnn_ewc_replay,permute,1,DoS,task4,fpr,0.0
gnn_ewc_replay,permute,1,DoS,task4,detection_rate,0.0
gnn_ewc_replay,permute,1,DoS,task4,binary_f1,0.0
gnn_ewc_replay,permute,1,DoS,task4,category_recall,0.0
gnn_ewc_replay,permute,1,DoS,task5,n,190000.0
gnn_ewc_replay,permute,1,DoS,task5,n_benign,185763.0
gnn_ewc_replay,permute,1,DoS,task5,n_attack,4237.0
gnn_ewc_replay,permute,1,DoS,task5,accuracy,0.9777
gnn_ewc_replay,permute,1,DoS,task5,macro_f1,0.4943621378368812
gnn_ewc_replay,permute,1,DoS,task5,fpr,0.0
gnn_ewc_replay,permute,1,DoS,task5,detection_rate,0.0
gnn_ewc_replay,permute,1,DoS,task5,binary_f1,0.0
gnn_ewc_replay,permute,1,DoS,task5,category_recall,0.0
gnn_ewc_replay,permute,1,DoS,seen,n,560000.0
gnn_ewc_replay,permute,1,DoS,seen,n_benign,503482.0
gnn_ewc_replay,permute,1,DoS,seen,n_attack,56518.0
gnn_ewc_replay,permute,1,DoS,seen,accuracy,0.9998125
gnn_ewc_replay,permute,1,DoS,seen,macro_f1,0.9996386399302714
gnn_ewc_replay,permute,1,DoS,seen,fpr,1.3903178266551733e-05
gnn_ewc_replay,permute,1,DoS,seen,detection_rate,0.9982660391379737
gnn_ewc_replay,permute,1,DoS,seen,binary_f1,0.9990703439727301
gnn_ewc_replay,permute,1,DoS,all,n,1895000.0
gnn_ewc_replay,permute,1,DoS,all,n_benign,1791772.0
gnn_ewc_replay,permute,1,DoS,all,n_attack,103228.0
gnn_ewc_replay,permute,1,DoS,all,accuracy,0.9752939313984169
gnn_ewc_replay,permute,1,DoS,all,macro_f1,0.4265383963933086
gnn_ewc_replay,permute,1,DoS,all,fpr,5.581067234000755e-06
gnn_ewc_replay,permute,1,DoS,all,detection_rate,0.5465571356608672
gnn_ewc_replay,permute,1,DoS,all,binary_f1,0.7067607009983841
gnn_ewc_replay,random_src,1,DoS,task0,n,175000.0
gnn_ewc_replay,random_src,1,DoS,task0,n_benign,172109.0
gnn_ewc_replay,random_src,1,DoS,task0,n_attack,2891.0
gnn_ewc_replay,random_src,1,DoS,task0,accuracy,0.9991257142857143
gnn_ewc_replay,random_src,1,DoS,task0,macro_f1,0.9874660561685114
gnn_ewc_replay,random_src,1,DoS,task0,fpr,8.715407096665485e-05
gnn_ewc_replay,random_src,1,DoS,task0,detection_rate,0.9522656520235213
gnn_ewc_replay,random_src,1,DoS,task0,binary_f1,0.9729634210991341
gnn_ewc_replay,random_src,1,DoS,task0,category_recall,0.9522656520235213
gnn_ewc_replay,random_src,1,DoS,task1,n,385000.0
gnn_ewc_replay,random_src,1,DoS,task1,n_benign,331373.0
gnn_ewc_replay,random_src,1,DoS,task1,n_attack,53627.0
gnn_ewc_replay,random_src,1,DoS,task1,accuracy,0.9980831168831169
gnn_ewc_replay,random_src,1,DoS,task1,macro_f1,0.9959861989002503
gnn_ewc_replay,random_src,1,DoS,task1,fpr,9.355016854119074e-05
gnn_ewc_replay,random_src,1,DoS,task1,detection_rate,0.9868163425140322
gnn_ewc_replay,random_src,1,DoS,task1,binary_f1,0.9930754940043911
gnn_ewc_replay,random_src,1,DoS,task1,category_recall,0.9868163425140322
gnn_ewc_replay,random_src,1,DoS,task2,n,480000.0
gnn_ewc_replay,random_src,1,DoS,task2,n_benign,439090.0
gnn_ewc_replay,random_src,1,DoS,task2,n_attack,40910.0
gnn_ewc_replay,random_src,1,DoS,task2,accuracy,0.9146416666666667
gnn_ewc_replay,random_src,1,DoS,task2,macro_f1,0.3184727052204431
gnn_ewc_replay,random_src,1,DoS,task2,fpr,0.0001412011204992143
gnn_ewc_replay,random_src,1,DoS,task2,detection_rate,0.0
gnn_ewc_replay,random_src,1,DoS,task2,binary_f1,0.0
gnn_ewc_replay,random_src,1,DoS,task2,category_recall,0.0
gnn_ewc_replay,random_src,1,DoS,task3,n,270000.0
gnn_ewc_replay,random_src,1,DoS,task3,n_benign,269993.0
gnn_ewc_replay,random_src,1,DoS,task3,n_attack,7.0
gnn_ewc_replay,random_src,1,DoS,task3,accuracy,0.9999074074074074
gnn_ewc_replay,random_src,1,DoS,task3,macro_f1,0.4999768507801287
gnn_ewc_replay,random_src,1,DoS,task3,fpr,6.66683951065398e-05
gnn_ewc_replay,random_src,1,DoS,task3,detection_rate,0.0
gnn_ewc_replay,random_src,1,DoS,task3,binary_f1,0.0
gnn_ewc_replay,random_src,1,DoS,task3,category_recall,0.0
gnn_ewc_replay,random_src,1,DoS,task4,n,395000.0
gnn_ewc_replay,random_src,1,DoS,task4,n_benign,393444.0
gnn_ewc_replay,random_src,1,DoS,task4,n_attack,1556.0
gnn_ewc_replay,random_src,1,DoS,task4,accuracy,0.9959544303797468
gnn_ewc_replay,random_src,1,DoS,task4,macro_f1,0.49898782343987824
gnn_ewc_replay,random_src,1,DoS,task4,fpr,0.00010674962637630768
gnn_ewc_replay,random_src,1,DoS,task4,detection_rate,0.0012853470437017994
gnn_ewc_replay,random_src,1,DoS,task4,binary_f1,0.0025
gnn_ewc_replay,random_src,1,DoS,task4,category_recall,0.0
gnn_ewc_replay,random_src,1,DoS,task5,n,190000.0
gnn_ewc_replay,random_src,1,DoS,task5,n_benign,185763.0
gnn_ewc_replay,random_src,1,DoS,task5,n_attack,4237.0
gnn_ewc_replay,random_src,1,DoS,task5,accuracy,0.977621052631579
gnn_ewc_replay,random_src,1,DoS,task5,macro_f1,0.4943419525852433
gnn_ewc_replay,random_src,1,DoS,task5,fpr,8.074804993459408e-05
gnn_ewc_replay,random_src,1,DoS,task5,detection_rate,0.0
gnn_ewc_replay,random_src,1,DoS,task5,binary_f1,0.0
gnn_ewc_replay,random_src,1,DoS,task5,category_recall,0.0
gnn_ewc_replay,random_src,1,DoS,seen,n,560000.0
gnn_ewc_replay,random_src,1,DoS,seen,n_benign,503482.0
gnn_ewc_replay,random_src,1,DoS,seen,n_attack,56518.0
gnn_ewc_replay,random_src,1,DoS,seen,accuracy,0.9984089285714286
gnn_ewc_replay,random_src,1,DoS,seen,macro_f1,0.9890913081955106
gnn_ewc_replay,random_src,1,DoS,seen,fpr,9.136374289448283e-05
gnn_ewc_replay,random_src,1,DoS,seen,detection_rate,0.9850490109345695
gnn_ewc_replay,random_src,1,DoS,seen,binary_f1,0.9920614414141504
gnn_ewc_replay,random_src,1,DoS,all,n,1895000.0
gnn_ewc_replay,random_src,1,DoS,all,n_benign,1791772.0
gnn_ewc_replay,random_src,1,DoS,all,n_attack,103228.0
gnn_ewc_replay,random_src,1,DoS,all,accuracy,0.9748084432717679
gnn_ewc_replay,random_src,1,DoS,all,macro_f1,0.4216801414293697
gnn_ewc_replay,random_src,1,DoS,all,fpr,0.00010213353038221381
gnn_ewc_replay,random_src,1,DoS,all,detection_rate,0.5393401015228426
gnn_ewc_replay,random_src,1,DoS,all,binary_f1,0.699935883735841
gnn_ewc_replay,none,2,DDoS,task0,n,175000.0
gnn_ewc_replay,none,2,DDoS,task0,n_benign,172109.0
gnn_ewc_replay,none,2,DDoS,task0,n_attack,2891.0
gnn_ewc_replay,none,2,DDoS,task0,accuracy,1.0
gnn_ewc_replay,none,2,DDoS,task0,macro_f1,1.0
gnn_ewc_replay,none,2,DDoS,task0,fpr,0.0
gnn_ewc_replay,none,2,DDoS,task0,detection_rate,1.0
gnn_ewc_replay,none,2,DDoS,task0,binary_f1,1.0
gnn_ewc_replay,none,2,DDoS,task0,category_recall,1.0
gnn_ewc_replay,none,2,DDoS,task1,n,385000.0
gnn_ewc_replay,none,2,DDoS,task1,n_benign,331373.0
gnn_ewc_replay,none,2,DDoS,task1,n_attack,53627.0
gnn_ewc_replay,none,2,DDoS,task1,accuracy,0.9997402597402597
gnn_ewc_replay,none,2,DDoS,task1,macro_f1,0.9994580089229834
gnn_ewc_replay,none,2,DDoS,task1,fpr,2.1124231606075328e-05
gnn_ewc_replay,none,2,DDoS,task1,detection_rate,0.9982657989445615
gnn_ewc_replay,none,2,DDoS,task1,binary_f1,0.9990668856375038
gnn_ewc_replay,none,2,DDoS,task1,category_recall,0.9982657989445615
gnn_ewc_replay,none,2,DDoS,task2,n,480000.0
gnn_ewc_replay,none,2,DDoS,task2,n_benign,439090.0
gnn_ewc_replay,none,2,DDoS,task2,n_attack,40910.0
gnn_ewc_replay,none,2,DDoS,task2,accuracy,0.9999875
gnn_ewc_replay,none,2,DDoS,task2,macro_f1,0.999977351882399
gnn_ewc_replay,none,2,DDoS,task2,fpr,1.3664624564440091e-05
gnn_ewc_replay,none,2,DDoS,task2,detection_rate,1.0
gnn_ewc_replay,none,2,DDoS,task2,binary_f1,0.9999266736734045
gnn_ewc_replay,none,2,DDoS,task2,category_recall,1.0
gnn_ewc_replay,none,2,DDoS,task3,n,270000.0
gnn_ewc_replay,none,2,DDoS,task3,n_benign,269993.0
gnn_ewc_replay,none,2,DDoS,task3,n_attack,7.0
gnn_ewc_replay,none,2,DDoS,task3,accuracy,0.9999814814814815
gnn_ewc_replay,none,2,DDoS,task3,macro_f1,0.9285667987960468
gnn_ewc_replay,none,2,DDoS,task3,fpr,1.48151989125644e-05
gnn_ewc_replay,none,2,DDoS,task3,detection_rate,0.8571428571428571
gnn_ewc_replay,none,2,DDoS,task3,binary_f1,0.7058823529411765
gnn_ewc_replay,none,2,DDoS,task3,category_recall,0.8571428571428571
gnn_ewc_replay,none,2,DDoS,task4,n,395000.0
gnn_ewc_replay,none,2,DDoS,task4,n_benign,393444.0
gnn_ewc_replay,none,2,DDoS,task4,n_attack,1556.0
gnn_ewc_replay,none,2,DDoS,task4,accuracy,0.996053164556962
gnn_ewc_replay,none,2,DDoS,task4,macro_f1,0.4990113401002738
gnn_ewc_replay,none,2,DDoS,task4,fpr,7.624973312593406e-06
gnn_ewc_replay,none,2,DDoS,task4,detection_rate,0.0
gnn_ewc_replay,none,2,DDoS,task4,binary_f1,0.0
gnn_ewc_replay,none,2,DDoS,task4,category_recall,0.0
gnn_ewc_replay,none,2,DDoS,task5,n,190000.0
gnn_ewc_replay,none,2,DDoS,task5,n_benign,185763.0
gnn_ewc_replay,none,2,DDoS,task5,n_attack,4237.0
gnn_ewc_replay,none,2,DDoS,task5,accuracy,0.9777
gnn_ewc_replay,none,2,DDoS,task5,macro_f1,0.4943621378368812
gnn_ewc_replay,none,2,DDoS,task5,fpr,0.0
gnn_ewc_replay,none,2,DDoS,task5,detection_rate,0.0
gnn_ewc_replay,none,2,DDoS,task5,binary_f1,0.0
gnn_ewc_replay,none,2,DDoS,task5,category_recall,0.0
gnn_ewc_replay,none,2,DDoS,seen,n,1040000.0
gnn_ewc_replay,none,2,DDoS,seen,n_benign,942572.0
gnn_ewc_replay,none,2,DDoS,seen,n_attack,97428.0
gnn_ewc_replay,none,2,DDoS,seen,accuracy,0.999898076923077
gnn_ewc_replay,none,2,DDoS,seen,macro_f1,0.9997553252548137
gnn_ewc_replay,none,2,DDoS,seen,fpr,1.3792049838102554e-05
gnn_ewc_replay,none,2,DDoS,seen,detection_rate,0.9990454489469146
gnn_ewc_replay,none,2,DDoS,seen,binary_f1,0.9994557851069947
gnn_ewc_replay,none,2,DDoS,all,n,1895000.0
gnn_ewc_replay,none,2,DDoS,all,n_benign,1791772.0
gnn_ewc_replay,none,2,DDoS,all,n_attack,103228.0
gnn_ewc_replay,none,2,DDoS,all,accuracy,0.9968828496042217
gnn_ewc_replay,none,2,DDoS,all,macro_f1,0.7007946515140729
gnn_ewc_replay,none,2,DDoS,all,fpr,1.116213446800151e-05
gnn_ewc_replay,none,2,DDoS,all,detection_rate,0.9429708993683884
gnn_ewc_replay,none,2,DDoS,all,binary_f1,0.9705517251693762
gnn_ewc_replay,permute,2,DDoS,task0,n,175000.0
gnn_ewc_replay,permute,2,DDoS,task0,n_benign,172109.0
gnn_ewc_replay,permute,2,DDoS,task0,n_attack,2891.0
gnn_ewc_replay,permute,2,DDoS,task0,accuracy,1.0
gnn_ewc_replay,permute,2,DDoS,task0,macro_f1,1.0
gnn_ewc_replay,permute,2,DDoS,task0,fpr,0.0
gnn_ewc_replay,permute,2,DDoS,task0,detection_rate,1.0
gnn_ewc_replay,permute,2,DDoS,task0,binary_f1,1.0
gnn_ewc_replay,permute,2,DDoS,task0,category_recall,1.0
gnn_ewc_replay,permute,2,DDoS,task1,n,385000.0
gnn_ewc_replay,permute,2,DDoS,task1,n_benign,331373.0
gnn_ewc_replay,permute,2,DDoS,task1,n_attack,53627.0
gnn_ewc_replay,permute,2,DDoS,task1,accuracy,0.9997402597402597
gnn_ewc_replay,permute,2,DDoS,task1,macro_f1,0.9994580089229834
gnn_ewc_replay,permute,2,DDoS,task1,fpr,2.1124231606075328e-05
gnn_ewc_replay,permute,2,DDoS,task1,detection_rate,0.9982657989445615
gnn_ewc_replay,permute,2,DDoS,task1,binary_f1,0.9990668856375038
gnn_ewc_replay,permute,2,DDoS,task1,category_recall,0.9982657989445615
gnn_ewc_replay,permute,2,DDoS,task2,n,480000.0
gnn_ewc_replay,permute,2,DDoS,task2,n_benign,439090.0
gnn_ewc_replay,permute,2,DDoS,task2,n_attack,40910.0
gnn_ewc_replay,permute,2,DDoS,task2,accuracy,0.9999875
gnn_ewc_replay,permute,2,DDoS,task2,macro_f1,0.999977351882399
gnn_ewc_replay,permute,2,DDoS,task2,fpr,1.3664624564440091e-05
gnn_ewc_replay,permute,2,DDoS,task2,detection_rate,1.0
gnn_ewc_replay,permute,2,DDoS,task2,binary_f1,0.9999266736734045
gnn_ewc_replay,permute,2,DDoS,task2,category_recall,1.0
gnn_ewc_replay,permute,2,DDoS,task3,n,270000.0
gnn_ewc_replay,permute,2,DDoS,task3,n_benign,269993.0
gnn_ewc_replay,permute,2,DDoS,task3,n_attack,7.0
gnn_ewc_replay,permute,2,DDoS,task3,accuracy,0.9999814814814815
gnn_ewc_replay,permute,2,DDoS,task3,macro_f1,0.9285667987960468
gnn_ewc_replay,permute,2,DDoS,task3,fpr,1.48151989125644e-05
gnn_ewc_replay,permute,2,DDoS,task3,detection_rate,0.8571428571428571
gnn_ewc_replay,permute,2,DDoS,task3,binary_f1,0.7058823529411765
gnn_ewc_replay,permute,2,DDoS,task3,category_recall,0.8571428571428571
gnn_ewc_replay,permute,2,DDoS,task4,n,395000.0
gnn_ewc_replay,permute,2,DDoS,task4,n_benign,393444.0
gnn_ewc_replay,permute,2,DDoS,task4,n_attack,1556.0
gnn_ewc_replay,permute,2,DDoS,task4,accuracy,0.996053164556962
gnn_ewc_replay,permute,2,DDoS,task4,macro_f1,0.4990113401002738
gnn_ewc_replay,permute,2,DDoS,task4,fpr,7.624973312593406e-06
gnn_ewc_replay,permute,2,DDoS,task4,detection_rate,0.0
gnn_ewc_replay,permute,2,DDoS,task4,binary_f1,0.0
gnn_ewc_replay,permute,2,DDoS,task4,category_recall,0.0
gnn_ewc_replay,permute,2,DDoS,task5,n,190000.0
gnn_ewc_replay,permute,2,DDoS,task5,n_benign,185763.0
gnn_ewc_replay,permute,2,DDoS,task5,n_attack,4237.0
gnn_ewc_replay,permute,2,DDoS,task5,accuracy,0.9777
gnn_ewc_replay,permute,2,DDoS,task5,macro_f1,0.4943621378368812
gnn_ewc_replay,permute,2,DDoS,task5,fpr,0.0
gnn_ewc_replay,permute,2,DDoS,task5,detection_rate,0.0
gnn_ewc_replay,permute,2,DDoS,task5,binary_f1,0.0
gnn_ewc_replay,permute,2,DDoS,task5,category_recall,0.0
gnn_ewc_replay,permute,2,DDoS,seen,n,1040000.0
gnn_ewc_replay,permute,2,DDoS,seen,n_benign,942572.0
gnn_ewc_replay,permute,2,DDoS,seen,n_attack,97428.0
gnn_ewc_replay,permute,2,DDoS,seen,accuracy,0.999898076923077
gnn_ewc_replay,permute,2,DDoS,seen,macro_f1,0.9997553252548137
gnn_ewc_replay,permute,2,DDoS,seen,fpr,1.3792049838102554e-05
gnn_ewc_replay,permute,2,DDoS,seen,detection_rate,0.9990454489469146
gnn_ewc_replay,permute,2,DDoS,seen,binary_f1,0.9994557851069947
gnn_ewc_replay,permute,2,DDoS,all,n,1895000.0
gnn_ewc_replay,permute,2,DDoS,all,n_benign,1791772.0
gnn_ewc_replay,permute,2,DDoS,all,n_attack,103228.0
gnn_ewc_replay,permute,2,DDoS,all,accuracy,0.9968828496042217
gnn_ewc_replay,permute,2,DDoS,all,macro_f1,0.7007946515140729
gnn_ewc_replay,permute,2,DDoS,all,fpr,1.116213446800151e-05
gnn_ewc_replay,permute,2,DDoS,all,detection_rate,0.9429708993683884
gnn_ewc_replay,permute,2,DDoS,all,binary_f1,0.9705517251693762
gnn_ewc_replay,random_src,2,DDoS,task0,n,175000.0
gnn_ewc_replay,random_src,2,DDoS,task0,n_benign,172109.0
gnn_ewc_replay,random_src,2,DDoS,task0,n_attack,2891.0
gnn_ewc_replay,random_src,2,DDoS,task0,accuracy,0.9986514285714285
gnn_ewc_replay,random_src,2,DDoS,task0,macro_f1,0.9899373302426209
gnn_ewc_replay,random_src,2,DDoS,task0,fpr,0.0007262839247221237
gnn_ewc_replay,random_src,2,DDoS,task0,detection_rate,0.9775164303009339
gnn_ewc_replay,random_src,2,DDoS,task0,binary_f1,0.9674768914755221
gnn_ewc_replay,random_src,2,DDoS,task0,category_recall,0.961604980975441
gnn_ewc_replay,random_src,2,DDoS,task1,n,385000.0
gnn_ewc_replay,random_src,2,DDoS,task1,n_benign,331373.0
gnn_ewc_replay,random_src,2,DDoS,task1,n_attack,53627.0
gnn_ewc_replay,random_src,2,DDoS,task1,accuracy,0.9983558441558441
gnn_ewc_replay,random_src,2,DDoS,task1,macro_f1,0.9980602301363073
gnn_ewc_replay,random_src,2,DDoS,task1,fpr,0.0011075132856328065
gnn_ewc_replay,random_src,2,DDoS,task1,detection_rate,0.9950398120349824
gnn_ewc_replay,random_src,2,DDoS,task1,binary_f1,0.9941036747240464
gnn_ewc_replay,random_src,2,DDoS,task1,category_recall,0.9950398120349824
gnn_ewc_replay,random_src,2,DDoS,task2,n,480000.0
gnn_ewc_replay,random_src,2,DDoS,task2,n_benign,439090.0
gnn_ewc_replay,random_src,2,DDoS,task2,n_attack,40910.0
gnn_ewc_replay,random_src,2,DDoS,task2,accuracy,0.9976375
gnn_ewc_replay,random_src,2,DDoS,task2,macro_f1,0.9952180504761109
gnn_ewc_replay,random_src,2,DDoS,task2,fpr,0.001018014530050787
gnn_ewc_replay,random_src,2,DDoS,task2,detection_rate,0.9832070398435591
gnn_ewc_replay,random_src,2,DDoS,task2,binary_f1,0.9860995341995588
gnn_ewc_replay,random_src,2,DDoS,task2,category_recall,0.9832053977411627
gnn_ewc_replay,random_src,2,DDoS,task3,n,270000.0
gnn_ewc_replay,random_src,2,DDoS,task3,n_benign,269993.0
gnn_ewc_replay,random_src,2,DDoS,task3,n_attack,7.0
gnn_ewc_replay,random_src,2,DDoS,task3,accuracy,0.9989888888888889
gnn_ewc_replay,random_src,2,DDoS,task3,macro_f1,0.7997470915528578
gnn_ewc_replay,random_src,2,DDoS,task3,fpr,0.000996322126869956
gnn_ewc_replay,random_src,2,DDoS,task3,detection_rate,0.42857142857142855
gnn_ewc_replay,random_src,2,DDoS,task3,binary_f1,0.021505376344086023
gnn_ewc_replay,random_src,2,DDoS,task3,category_recall,0.42857142857142855
gnn_ewc_replay,random_src,2,DDoS,task4,n,395000.0
gnn_ewc_replay,random_src,2,DDoS,task4,n_benign,393444.0
gnn_ewc_replay,random_src,2,DDoS,task4,n_attack,1556.0
gnn_ewc_replay,random_src,2,DDoS,task4,accuracy,0.9954430379746836
gnn_ewc_replay,random_src,2,DDoS,task4,macro_f1,0.49885942364735764
gnn_ewc_replay,random_src,2,DDoS,task4,fpr,0.0006201644960909304
gnn_ewc_replay,random_src,2,DDoS,task4,detection_rate,0.0012853470437017994
gnn_ewc_replay,random_src,2,DDoS,task4,binary_f1,0.0022197558268590455
gnn_ewc_replay,random_src,2,DDoS,task4,category_recall,0.0
gnn_ewc_replay,random_src,2,DDoS,task5,n,190000.0
gnn_ewc_replay,random_src,2,DDoS,task5,n_benign,185763.0
gnn_ewc_replay,random_src,2,DDoS,task5,n_attack,4237.0
gnn_ewc_replay,random_src,2,DDoS,task5,accuracy,0.9773052631578948
gnn_ewc_replay,random_src,2,DDoS,task5,macro_f1,0.4942954038470753
gnn_ewc_replay,random_src,2,DDoS,task5,fpr,0.0004037402496729704
gnn_ewc_replay,random_src,2,DDoS,task5,detection_rate,0.006136417276374794
gnn_ewc_replay,random_src,2,DDoS,task5,binary_f1,0.0119870908252651
gnn_ewc_replay,random_src,2,DDoS,task5,category_recall,0.0
gnn_ewc_replay,random_src,2,DDoS,seen,n,1040000.0
gnn_ewc_replay,random_src,2,DDoS,seen,n_benign,942572.0
gnn_ewc_replay,random_src,2,DDoS,seen,n_attack,97428.0
gnn_ewc_replay,random_src,2,DDoS,seen,accuracy,0.9980740384615384
gnn_ewc_replay,random_src,2,DDoS,seen,macro_f1,0.8211221743117315
gnn_ewc_replay,random_src,2,DDoS,seen,fpr,0.0009962103690752536
gnn_ewc_replay,random_src,2,DDoS,seen,detection_rate,0.9895512583651517
gnn_ewc_replay,random_src,2,DDoS,seen,binary_f1,0.9899526124747788
gnn_ewc_replay,random_src,2,DDoS,all,n,1895000.0
gnn_ewc_replay,random_src,2,DDoS,all,n_benign,1791772.0
gnn_ewc_replay,random_src,2,DDoS,all,n_attack,103228.0
gnn_ewc_replay,random_src,2,DDoS,all,accuracy,0.9955736147757256
gnn_ewc_replay,random_src,2,DDoS,all,macro_f1,0.5953867175904738
gnn_ewc_replay,random_src,2,DDoS,all,fpr,0.0008522289666319153
gnn_ewc_replay,random_src,2,DDoS,all,detection_rate,0.9342523346378889
gnn_ewc_replay,random_src,2,DDoS,all,binary_f1,0.9586771108769558
gnn_ewc_replay,none,3,WebAttack,task0,n,175000.0
gnn_ewc_replay,none,3,WebAttack,task0,n_benign,172109.0
gnn_ewc_replay,none,3,WebAttack,task0,n_attack,2891.0
gnn_ewc_replay,none,3,WebAttack,task0,accuracy,0.9999885714285714
gnn_ewc_replay,none,3,WebAttack,task0,macro_f1,0.9999970948474214
gnn_ewc_replay,none,3,WebAttack,task0,fpr,1.1620542795553981e-05
gnn_ewc_replay,none,3,WebAttack,task0,detection_rate,1.0
gnn_ewc_replay,none,3,WebAttack,task0,binary_f1,0.9996542185338866
gnn_ewc_replay,none,3,WebAttack,task0,category_recall,1.0
gnn_ewc_replay,none,3,WebAttack,task1,n,385000.0
gnn_ewc_replay,none,3,WebAttack,task1,n_benign,331373.0
gnn_ewc_replay,none,3,WebAttack,task1,n_attack,53627.0
gnn_ewc_replay,none,3,WebAttack,task1,accuracy,0.9997012987012986
gnn_ewc_replay,none,3,WebAttack,task1,macro_f1,0.9994186723252256
gnn_ewc_replay,none,3,WebAttack,task1,fpr,4.828395795674361e-05
gnn_ewc_replay,none,3,WebAttack,task1,detection_rate,0.998153915005501
gnn_ewc_replay,none,3,WebAttack,task1,binary_f1,0.9989269485215216
gnn_ewc_replay,none,3,WebAttack,task1,category_recall,0.998153915005501
gnn_ewc_replay,none,3,WebAttack,task2,n,480000.0
gnn_ewc_replay,none,3,WebAttack,task2,n_benign,439090.0
gnn_ewc_replay,none,3,WebAttack,task2,n_attack,40910.0
gnn_ewc_replay,none,3,WebAttack,task2,accuracy,0.9999041666666667
gnn_ewc_replay,none,3,WebAttack,task2,macro_f1,0.7199662420008743
gnn_ewc_replay,none,3,WebAttack,task2,fpr,0.00010476212166070737
gnn_ewc_replay,none,3,WebAttack,task2,detection_rate,1.0
gnn_ewc_replay,none,3,WebAttack,task2,binary_f1,0.999438106173503
gnn_ewc_replay,none,3,WebAttack,task2,category_recall,1.0
gnn_ewc_replay,none,3,WebAttack,task3,n,270000.0
gnn_ewc_replay,none,3,WebAttack,task3,n_benign,269993.0
gnn_ewc_replay,none,3,WebAttack,task3,n_attack,7.0
gnn_ewc_replay,none,3,WebAttack,task3,accuracy,0.9999333333333333
gnn_ewc_replay,none,3,WebAttack,task3,macro_f1,0.7333166656789538
gnn_ewc_replay,none,3,WebAttack,task3,fpr,6.66683951065398e-05
gnn_ewc_replay,none,3,WebAttack,task3,detection_rate,1.0
gnn_ewc_replay,none,3,WebAttack,task3,binary_f1,0.4375
gnn_ewc_replay,none,3,WebAttack,task3,category_recall,1.0
gnn_ewc_replay,none,3,WebAttack,task4,n,395000.0
gnn_ewc_replay,none,3,WebAttack,task4,n_benign,393444.0
gnn_ewc_replay,none,3,WebAttack,task4,n_attack,1556.0
gnn_ewc_replay,none,3,WebAttack,task4,accuracy,0.9959949367088607
gnn_ewc_replay,none,3,WebAttack,task4,macro_f1,0.49899672508745363
gnn_ewc_replay,none,3,WebAttack,task4,fpr,6.608310204247619e-05
gnn_ewc_replay,none,3,WebAttack,task4,detection_rate,0.0
gnn_ewc_replay,none,3,WebAttack,task4,binary_f1,0.0
gnn_ewc_replay,none,3,WebAttack,task4,category_recall,0.0
gnn_ewc_replay,none,3,WebAttack,task5,n,190000.0
gnn_ewc_replay,none,3,WebAttack,task5,n_benign,185763.0
gnn_ewc_replay,none,3,WebAttack,task5,n_attack,4237.0
gnn_ewc_replay,none,3,WebAttack,task5,accuracy,0.9776631578947368
gnn_ewc_replay,none,3,WebAttack,task5,macro_f1,0.4943527182533346
gnn_ewc_replay,none,3,WebAttack,task5,fpr,3.768242330281057e-05
gnn_ewc_replay,none,3,WebAttack,task5,detection_rate,0.0
gnn_ewc_replay,none,3,WebAttack,task5,binary_f1,0.0
gnn_ewc_replay,none,3,WebAttack,task5,category_recall,0.0
gnn_ewc_replay,none,3,WebAttack,seen,n,1310000.0
gnn_ewc_replay,none,3,WebAttack,seen,n_benign,1212565.0
gnn_ewc_replay,none,3,WebAttack,seen,n_attack,97435.0
gnn_ewc_replay,none,3,WebAttack,seen,accuracy,0.9998618320610687
gnn_ewc_replay,none,3,WebAttack,seen,macro_f1,0.8481242234013825
gnn_ewc_replay,none,3,WebAttack,seen,fpr,6.762524070874552e-05
gnn_ewc_replay,none,3,WebAttack,seen,detection_rate,0.9989839380099553
gnn_ewc_replay,none,3,WebAttack,seen,binary_f1,0.999071094620047
gnn_ewc_replay,none,3,WebAttack,all,n,1895000.0
gnn_ewc_replay,none,3,WebAttack,all,n_benign,1791772.0
gnn_ewc_replay,none,3,WebAttack,all,n_attack,103228.0
gnn_ewc_replay,none,3,WebAttack,all,accuracy,0.9968300791556728
gnn_ewc_replay,none,3,WebAttack,all,macro_f1,0.596383327021608
gnn_ewc_replay,none,3,WebAttack,all,fpr,6.418227319100868e-05
gnn_ewc_replay,none,3,WebAttack,all,detection_rate,0.9429224628976635
gnn_ewc_replay,none,3,WebAttack,all,binary_f1,0.9700666238121577
gnn_ewc_replay,permute,3,WebAttack,task0,n,175000.0
gnn_ewc_replay,permute,3,WebAttack,task0,n_benign,172109.0
gnn_ewc_replay,permute,3,WebAttack,task0,n_attack,2891.0
gnn_ewc_replay,permute,3,WebAttack,task0,accuracy,0.9999885714285714
gnn_ewc_replay,permute,3,WebAttack,task0,macro_f1,0.9999970948474214
gnn_ewc_replay,permute,3,WebAttack,task0,fpr,1.1620542795553981e-05
gnn_ewc_replay,permute,3,WebAttack,task0,detection_rate,1.0
gnn_ewc_replay,permute,3,WebAttack,task0,binary_f1,0.9996542185338866
gnn_ewc_replay,permute,3,WebAttack,task0,category_recall,1.0
gnn_ewc_replay,permute,3,WebAttack,task1,n,385000.0
gnn_ewc_replay,permute,3,WebAttack,task1,n_benign,331373.0
gnn_ewc_replay,permute,3,WebAttack,task1,n_attack,53627.0
gnn_ewc_replay,permute,3,WebAttack,task1,accuracy,0.9997012987012986
gnn_ewc_replay,permute,3,WebAttack,task1,macro_f1,0.9994186723252256
gnn_ewc_replay,permute,3,WebAttack,task1,fpr,4.828395795674361e-05
gnn_ewc_replay,permute,3,WebAttack,task1,detection_rate,0.998153915005501
gnn_ewc_replay,permute,3,WebAttack,task1,binary_f1,0.9989269485215216
gnn_ewc_replay,permute,3,WebAttack,task1,category_recall,0.998153915005501
gnn_ewc_replay,permute,3,WebAttack,task2,n,480000.0
gnn_ewc_replay,permute,3,WebAttack,task2,n_benign,439090.0
gnn_ewc_replay,permute,3,WebAttack,task2,n_attack,40910.0
gnn_ewc_replay,permute,3,WebAttack,task2,accuracy,0.9999041666666667
gnn_ewc_replay,permute,3,WebAttack,task2,macro_f1,0.7199662420008743
gnn_ewc_replay,permute,3,WebAttack,task2,fpr,0.00010476212166070737
gnn_ewc_replay,permute,3,WebAttack,task2,detection_rate,1.0
gnn_ewc_replay,permute,3,WebAttack,task2,binary_f1,0.999438106173503
gnn_ewc_replay,permute,3,WebAttack,task2,category_recall,1.0
gnn_ewc_replay,permute,3,WebAttack,task3,n,270000.0
gnn_ewc_replay,permute,3,WebAttack,task3,n_benign,269993.0
gnn_ewc_replay,permute,3,WebAttack,task3,n_attack,7.0
gnn_ewc_replay,permute,3,WebAttack,task3,accuracy,0.9999333333333333
gnn_ewc_replay,permute,3,WebAttack,task3,macro_f1,0.7333166656789538
gnn_ewc_replay,permute,3,WebAttack,task3,fpr,6.66683951065398e-05
gnn_ewc_replay,permute,3,WebAttack,task3,detection_rate,1.0
gnn_ewc_replay,permute,3,WebAttack,task3,binary_f1,0.4375
gnn_ewc_replay,permute,3,WebAttack,task3,category_recall,1.0
gnn_ewc_replay,permute,3,WebAttack,task4,n,395000.0
gnn_ewc_replay,permute,3,WebAttack,task4,n_benign,393444.0
gnn_ewc_replay,permute,3,WebAttack,task4,n_attack,1556.0
gnn_ewc_replay,permute,3,WebAttack,task4,accuracy,0.9959949367088607
gnn_ewc_replay,permute,3,WebAttack,task4,macro_f1,0.49899672508745363
gnn_ewc_replay,permute,3,WebAttack,task4,fpr,6.608310204247619e-05
gnn_ewc_replay,permute,3,WebAttack,task4,detection_rate,0.0
gnn_ewc_replay,permute,3,WebAttack,task4,binary_f1,0.0
gnn_ewc_replay,permute,3,WebAttack,task4,category_recall,0.0
gnn_ewc_replay,permute,3,WebAttack,task5,n,190000.0
gnn_ewc_replay,permute,3,WebAttack,task5,n_benign,185763.0
gnn_ewc_replay,permute,3,WebAttack,task5,n_attack,4237.0
gnn_ewc_replay,permute,3,WebAttack,task5,accuracy,0.9776631578947368
gnn_ewc_replay,permute,3,WebAttack,task5,macro_f1,0.4943527182533346
gnn_ewc_replay,permute,3,WebAttack,task5,fpr,3.768242330281057e-05
gnn_ewc_replay,permute,3,WebAttack,task5,detection_rate,0.0
gnn_ewc_replay,permute,3,WebAttack,task5,binary_f1,0.0
gnn_ewc_replay,permute,3,WebAttack,task5,category_recall,0.0
gnn_ewc_replay,permute,3,WebAttack,seen,n,1310000.0
gnn_ewc_replay,permute,3,WebAttack,seen,n_benign,1212565.0
gnn_ewc_replay,permute,3,WebAttack,seen,n_attack,97435.0
gnn_ewc_replay,permute,3,WebAttack,seen,accuracy,0.9998618320610687
gnn_ewc_replay,permute,3,WebAttack,seen,macro_f1,0.8481242234013825
gnn_ewc_replay,permute,3,WebAttack,seen,fpr,6.762524070874552e-05
gnn_ewc_replay,permute,3,WebAttack,seen,detection_rate,0.9989839380099553
gnn_ewc_replay,permute,3,WebAttack,seen,binary_f1,0.999071094620047
gnn_ewc_replay,permute,3,WebAttack,all,n,1895000.0
gnn_ewc_replay,permute,3,WebAttack,all,n_benign,1791772.0
gnn_ewc_replay,permute,3,WebAttack,all,n_attack,103228.0
gnn_ewc_replay,permute,3,WebAttack,all,accuracy,0.9968300791556728
gnn_ewc_replay,permute,3,WebAttack,all,macro_f1,0.596383327021608
gnn_ewc_replay,permute,3,WebAttack,all,fpr,6.418227319100868e-05
gnn_ewc_replay,permute,3,WebAttack,all,detection_rate,0.9429224628976635
gnn_ewc_replay,permute,3,WebAttack,all,binary_f1,0.9700666238121577
gnn_ewc_replay,random_src,3,WebAttack,task0,n,175000.0
gnn_ewc_replay,random_src,3,WebAttack,task0,n_benign,172109.0
gnn_ewc_replay,random_src,3,WebAttack,task0,n_attack,2891.0
gnn_ewc_replay,random_src,3,WebAttack,task0,accuracy,0.99396
gnn_ewc_replay,random_src,3,WebAttack,task0,macro_f1,0.9845971036269199
gnn_ewc_replay,random_src,3,WebAttack,task0,fpr,0.005235054529397068
gnn_ewc_replay,random_src,3,WebAttack,task0,detection_rate,0.9460394327222414
gnn_ewc_replay,random_src,3,WebAttack,task0,binary_f1,0.8380573004443083
gnn_ewc_replay,random_src,3,WebAttack,task0,category_recall,0.9460394327222414
gnn_ewc_replay,random_src,3,WebAttack,task1,n,385000.0
gnn_ewc_replay,random_src,3,WebAttack,task1,n_benign,331373.0
gnn_ewc_replay,random_src,3,WebAttack,task1,n_attack,53627.0
gnn_ewc_replay,random_src,3,WebAttack,task1,accuracy,0.9948571428571429
gnn_ewc_replay,random_src,3,WebAttack,task1,macro_f1,0.996628276728754
gnn_ewc_replay,random_src,3,WebAttack,task1,fpr,0.004876679753631105
gnn_ewc_replay,random_src,3,WebAttack,task1,detection_rate,0.99321237436366
gnn_ewc_replay,random_src,3,WebAttack,task1,binary_f1,0.9817521611708109
gnn_ewc_replay,random_src,3,WebAttack,task1,category_recall,0.99321237436366
gnn_ewc_replay,random_src,3,WebAttack,task2,n,480000.0
gnn_ewc_replay,random_src,3,WebAttack,task2,n_benign,439090.0
gnn_ewc_replay,random_src,3,WebAttack,task2,n_attack,40910.0
gnn_ewc_replay,random_src,3,WebAttack,task2,accuracy,0.9945020833333333
gnn_ewc_replay,random_src,3,WebAttack,task2,macro_f1,0.6621887019519747
gnn_ewc_replay,random_src,3,WebAttack,task2,fpr,0.004850941720376233
gnn_ewc_replay,random_src,3,WebAttack,task2,detection_rate,0.9875580542654607
gnn_ewc_replay,random_src,3,WebAttack,task2,binary_f1,0.9683728622619575
gnn_ewc_replay,random_src,3,WebAttack,task2,category_recall,0.9875568376277318
gnn_ewc_replay,random_src,3,WebAttack,task3,n,270000.0
gnn_ewc_replay,random_src,3,WebAttack,task3,n_benign,269993.0
gnn_ewc_replay,random_src,3,WebAttack,task3,n_attack,7.0
gnn_ewc_replay,random_src,3,WebAttack,task3,accuracy,0.9952296296296296
gnn_ewc_replay,random_src,3,WebAttack,task3,macro_f1,0.5078543031783403
gnn_ewc_replay,random_src,3,WebAttack,task3,fpr,0.004766790250117596
gnn_ewc_replay,random_src,3,WebAttack,task3,detection_rate,0.8571428571428571
gnn_ewc_replay,random_src,3,WebAttack,task3,binary_f1,0.009230769230769232
gnn_ewc_replay,random_src,3,WebAttack,task3,category_recall,0.8571428571428571
gnn_ewc_replay,random_src,3,WebAttack,task4,n,395000.0
gnn_ewc_replay,random_src,3,WebAttack,task4,n_benign,393444.0
gnn_ewc_replay,random_src,3,WebAttack,task4,n_attack,1556.0
gnn_ewc_replay,random_src,3,WebAttack,task4,accuracy,0.9920101265822785
gnn_ewc_replay,random_src,3,WebAttack,task4,macro_f1,0.4980021148097688
gnn_ewc_replay,random_src,3,WebAttack,task4,fpr,0.00406665243338315
gnn_ewc_replay,random_src,3,WebAttack,task4,detection_rate,0.007712082262210797
gnn_ewc_replay,random_src,3,WebAttack,task4,binary_f1,0.007575757575757576
gnn_ewc_replay,random_src,3,WebAttack,task4,category_recall,0.0
gnn_ewc_replay,random_src,3,WebAttack,task5,n,190000.0
gnn_ewc_replay,random_src,3,WebAttack,task5,n_benign,185763.0
gnn_ewc_replay,random_src,3,WebAttack,task5,n_attack,4237.0
gnn_ewc_replay,random_src,3,WebAttack,task5,accuracy,0.9746473684210526
gnn_ewc_replay,random_src,3,WebAttack,task5,macro_f1,0.49445951574832586
gnn_ewc_replay,random_src,3,WebAttack,task5,fpr,0.0031222579308043045
gnn_ewc_replay,random_src,3,WebAttack,task5,detection_rate,0.1574227047439226
gnn_ewc_replay,random_src,3,WebAttack,task5,binary_f1,0.24325309992706054
gnn_ewc_replay,random_src,3,WebAttack,task5,category_recall,0.0
gnn_ewc_replay,random_src,3,WebAttack,seen,n,1310000.0
gnn_ewc_replay,random_src,3,WebAttack,seen,n_benign,1212565.0
gnn_ewc_replay,random_src,3,WebAttack,seen,n_attack,97435.0
gnn_ewc_replay,random_src,3,WebAttack,seen,accuracy,0.9946839694656489
gnn_ewc_replay,random_src,3,WebAttack,seen,macro_f1,0.7866222550256878
gnn_ewc_replay,random_src,3,WebAttack,seen,fpr,0.004893758272752388
gnn_ewc_replay,random_src,3,WebAttack,seen,detection_rate,0.9894288500025659
gnn_ewc_replay,random_src,3,WebAttack,seen,binary_f1,0.9651406088880435
gnn_ewc_replay,random_src,3,WebAttack,all,n,1895000.0
gnn_ewc_replay,random_src,3,WebAttack,all,n_benign,1791772.0
gnn_ewc_replay,random_src,3,WebAttack,all,n_attack,103228.0
gnn_ewc_replay,random_src,3,WebAttack,all,accuracy,0.9921176781002639
gnn_ewc_replay,random_src,3,WebAttack,all,macro_f1,0.5591273360295659
gnn_ewc_replay,random_src,3,WebAttack,all,fpr,0.0045284779536682125
gnn_ewc_replay,random_src,3,WebAttack,all,detection_rate,0.9404812647731235
gnn_ewc_replay,random_src,3,WebAttack,all,binary_f1,0.9315920278660051
gnn_ewc_replay,none,4,Infiltration,task0,n,175000.0
gnn_ewc_replay,none,4,Infiltration,task0,n_benign,172109.0
gnn_ewc_replay,none,4,Infiltration,task0,n_attack,2891.0
gnn_ewc_replay,none,4,Infiltration,task0,accuracy,0.9642857142857143
gnn_ewc_replay,none,4,Infiltration,task0,macro_f1,0.9907535624674526
gnn_ewc_replay,none,4,Infiltration,task0,fpr,0.03631419623610619
gnn_ewc_replay,none,4,Infiltration,task0,detection_rate,1.0
gnn_ewc_replay,none,4,Infiltration,task0,binary_f1,0.48055186170212766
gnn_ewc_replay,none,4,Infiltration,task0,category_recall,1.0
gnn_ewc_replay,none,4,Infiltration,task1,n,385000.0
gnn_ewc_replay,none,4,Infiltration,task1,n_benign,331373.0
gnn_ewc_replay,none,4,Infiltration,task1,n_attack,53627.0
gnn_ewc_replay,none,4,Infiltration,task1,accuracy,0.9923974025974026
gnn_ewc_replay,none,4,Infiltration,task1,macro_f1,0.9975490867333481
gnn_ewc_replay,none,4,Infiltration,task1,fpr,0.008703183421703035
gnn_ewc_replay,none,4,Infiltration,task1,detection_rate,0.9991981651033994
gnn_ewc_replay,none,4,Infiltration,task1,binary_f1,0.9734138698396839
gnn_ewc_replay,none,4,Infiltration,task1,category_recall,0.9991981651033994
gnn_ewc_replay,none,4,Infiltration,task2,n,480000.0
gnn_ewc_replay,none,4,Infiltration,task2,n_benign,439090.0
gnn_ewc_replay,none,4,Infiltration,task2,n_attack,40910.0
gnn_ewc_replay,none,4,Infiltration,task2,accuracy,0.9999020833333333
gnn_ewc_replay,none,4,Infiltration,task2,macro_f1,0.7555295661095704
gnn_ewc_replay,none,4,Infiltration,task2,fpr,0.00010703955908811405
gnn_ewc_replay,none,4,Infiltration,task2,detection_rate,1.0
gnn_ewc_replay,none,4,Infiltration,task2,binary_f1,0.9994258981030207
gnn_ewc_replay,none,4,Infiltration,task2,category_recall,1.0
gnn_ewc_replay,none,4,Infiltration,task3,n,270000.0
gnn_ewc_replay,none,4,Infiltration,task3,n_benign,269993.0
gnn_ewc_replay,none,4,Infiltration,task3,n_attack,7.0
gnn_ewc_replay,none,4,Infiltration,task3,accuracy,0.9999518518518519
gnn_ewc_replay,none,4,Infiltration,task3,macro_f1,0.86840901499266
gnn_ewc_replay,none,4,Infiltration,task3,fpr,4.81493964658343e-05
gnn_ewc_replay,none,4,Infiltration,task3,detection_rate,1.0
gnn_ewc_replay,none,4,Infiltration,task3,binary_f1,0.5185185185185185
gnn_ewc_replay,none,4,Infiltration,task3,category_recall,1.0
gnn_ewc_replay,none,4,Infiltration,task4,n,395000.0
gnn_ewc_replay,none,4,Infiltration,task4,n_benign,393444.0
gnn_ewc_replay,none,4,Infiltration,task4,n_attack,1556.0
gnn_ewc_replay,none,4,Infiltration,task4,accuracy,0.999926582278481
gnn_ewc_replay,none,4,Infiltration,task4,macro_f1,0.9966042811303961
gnn_ewc_replay,none,4,Infiltration,task4,fpr,4.3208182104695964e-05
gnn_ewc_replay,none,4,Infiltration,task4,detection_rate,0.9922879177377892
gnn_ewc_replay,none,4,Infiltration,task4,binary_f1,0.9906961822264998
gnn_ewc_replay,none,4,Infiltration,task4,category_recall,0.9922879177377892
gnn_ewc_replay,none,4,Infiltration,task5,n,190000.0
gnn_ewc_replay,none,4,Infiltration,task5,n_benign,185763.0
gnn_ewc_replay,none,4,Infiltration,task5,n_attack,4237.0
gnn_ewc_replay,none,4,Infiltration,task5,accuracy,0.9776315789473684
gnn_ewc_replay,none,4,Infiltration,task5,macro_f1,0.49467376830892146
gnn_ewc_replay,none,4,Infiltration,task5,fpr,6.99816432766482e-05
gnn_ewc_replay,none,4,Infiltration,task5,detection_rate,0.059004012272834555
gnn_ewc_replay,none,4,Infiltration,task5,binary_f1,0.1111111111111111
gnn_ewc_replay,none,4,Infiltration,task5,category_recall,0.0
gnn_ewc_replay,none,4,Infiltration,seen,n,1705000.0
gnn_ewc_replay,none,4,Infiltration,seen,n_benign,1606009.0
gnn_ewc_replay,none,4,Infiltration,seen,n_attack,98991.0
gnn_ewc_replay,none,4,Infiltration,seen,accuracy,0.9945653958944282
gnn_ewc_replay,none,4,Infiltration,seen,macro_f1,0.7691540540400714
gnn_ewc_replay,none,4,Infiltration,seen,fpr,0.0057353352316207445
gnn_ewc_replay,none,4,Infiltration,seen,detection_rate,0.9994443939348021
gnn_ewc_replay,none,4,Infiltration,seen,binary_f1,0.9552665372843225
gnn_ewc_replay,none,4,Infiltration,all,n,1895000.0
gnn_ewc_replay,none,4,Infiltration,all,n_benign,1791772.0
gnn_ewc_replay,none,4,Infiltration,all,n_attack,103228.0
gnn_ewc_replay,none,4,Infiltration,all,accuracy,0.9928675461741425
gnn_ewc_replay,none,4,Infiltration,all,macro_f1,0.6559680656780272
gnn_ewc_replay,none,4,Infiltration,all,fpr,0.005147976416642296
gnn_ewc_replay,none,4,Infiltration,all,detection_rate,0.9608439570659123
gnn_ewc_replay,none,4,Infiltration,all,binary_f1,0.9373174949678225
gnn_ewc_replay,permute,4,Infiltration,task0,n,175000.0
gnn_ewc_replay,permute,4,Infiltration,task0,n_benign,172109.0
gnn_ewc_replay,permute,4,Infiltration,task0,n_attack,2891.0
gnn_ewc_replay,permute,4,Infiltration,task0,accuracy,0.9642857142857143
gnn_ewc_replay,permute,4,Infiltration,task0,macro_f1,0.9907535624674526
gnn_ewc_replay,permute,4,Infiltration,task0,fpr,0.03631419623610619
gnn_ewc_replay,permute,4,Infiltration,task0,detection_rate,1.0
gnn_ewc_replay,permute,4,Infiltration,task0,binary_f1,0.48055186170212766
gnn_ewc_replay,permute,4,Infiltration,task0,category_recall,1.0
gnn_ewc_replay,permute,4,Infiltration,task1,n,385000.0
gnn_ewc_replay,permute,4,Infiltration,task1,n_benign,331373.0
gnn_ewc_replay,permute,4,Infiltration,task1,n_attack,53627.0
gnn_ewc_replay,permute,4,Infiltration,task1,accuracy,0.9923974025974026
gnn_ewc_replay,permute,4,Infiltration,task1,macro_f1,0.9975490867333481
gnn_ewc_replay,permute,4,Infiltration,task1,fpr,0.008703183421703035
gnn_ewc_replay,permute,4,Infiltration,task1,detection_rate,0.9991981651033994
gnn_ewc_replay,permute,4,Infiltration,task1,binary_f1,0.9734138698396839
gnn_ewc_replay,permute,4,Infiltration,task1,category_recall,0.9991981651033994
gnn_ewc_replay,permute,4,Infiltration,task2,n,480000.0
gnn_ewc_replay,permute,4,Infiltration,task2,n_benign,439090.0
gnn_ewc_replay,permute,4,Infiltration,task2,n_attack,40910.0
gnn_ewc_replay,permute,4,Infiltration,task2,accuracy,0.9999020833333333
gnn_ewc_replay,permute,4,Infiltration,task2,macro_f1,0.7555295661095704
gnn_ewc_replay,permute,4,Infiltration,task2,fpr,0.00010703955908811405
gnn_ewc_replay,permute,4,Infiltration,task2,detection_rate,1.0
gnn_ewc_replay,permute,4,Infiltration,task2,binary_f1,0.9994258981030207
gnn_ewc_replay,permute,4,Infiltration,task2,category_recall,1.0
gnn_ewc_replay,permute,4,Infiltration,task3,n,270000.0
gnn_ewc_replay,permute,4,Infiltration,task3,n_benign,269993.0
gnn_ewc_replay,permute,4,Infiltration,task3,n_attack,7.0
gnn_ewc_replay,permute,4,Infiltration,task3,accuracy,0.9999518518518519
gnn_ewc_replay,permute,4,Infiltration,task3,macro_f1,0.86840901499266
gnn_ewc_replay,permute,4,Infiltration,task3,fpr,4.81493964658343e-05
gnn_ewc_replay,permute,4,Infiltration,task3,detection_rate,1.0
gnn_ewc_replay,permute,4,Infiltration,task3,binary_f1,0.5185185185185185
gnn_ewc_replay,permute,4,Infiltration,task3,category_recall,1.0
gnn_ewc_replay,permute,4,Infiltration,task4,n,395000.0
gnn_ewc_replay,permute,4,Infiltration,task4,n_benign,393444.0
gnn_ewc_replay,permute,4,Infiltration,task4,n_attack,1556.0
gnn_ewc_replay,permute,4,Infiltration,task4,accuracy,0.999926582278481
gnn_ewc_replay,permute,4,Infiltration,task4,macro_f1,0.9966042811303961
gnn_ewc_replay,permute,4,Infiltration,task4,fpr,4.3208182104695964e-05
gnn_ewc_replay,permute,4,Infiltration,task4,detection_rate,0.9922879177377892
gnn_ewc_replay,permute,4,Infiltration,task4,binary_f1,0.9906961822264998
gnn_ewc_replay,permute,4,Infiltration,task4,category_recall,0.9922879177377892
gnn_ewc_replay,permute,4,Infiltration,task5,n,190000.0
gnn_ewc_replay,permute,4,Infiltration,task5,n_benign,185763.0
gnn_ewc_replay,permute,4,Infiltration,task5,n_attack,4237.0
gnn_ewc_replay,permute,4,Infiltration,task5,accuracy,0.9776315789473684
gnn_ewc_replay,permute,4,Infiltration,task5,macro_f1,0.49467376830892146
gnn_ewc_replay,permute,4,Infiltration,task5,fpr,6.99816432766482e-05
gnn_ewc_replay,permute,4,Infiltration,task5,detection_rate,0.059004012272834555
gnn_ewc_replay,permute,4,Infiltration,task5,binary_f1,0.1111111111111111
gnn_ewc_replay,permute,4,Infiltration,task5,category_recall,0.0
gnn_ewc_replay,permute,4,Infiltration,seen,n,1705000.0
gnn_ewc_replay,permute,4,Infiltration,seen,n_benign,1606009.0
gnn_ewc_replay,permute,4,Infiltration,seen,n_attack,98991.0
gnn_ewc_replay,permute,4,Infiltration,seen,accuracy,0.9945653958944282
gnn_ewc_replay,permute,4,Infiltration,seen,macro_f1,0.7691540540400714
gnn_ewc_replay,permute,4,Infiltration,seen,fpr,0.0057353352316207445
gnn_ewc_replay,permute,4,Infiltration,seen,detection_rate,0.9994443939348021
gnn_ewc_replay,permute,4,Infiltration,seen,binary_f1,0.9552665372843225
gnn_ewc_replay,permute,4,Infiltration,all,n,1895000.0
gnn_ewc_replay,permute,4,Infiltration,all,n_benign,1791772.0
gnn_ewc_replay,permute,4,Infiltration,all,n_attack,103228.0
gnn_ewc_replay,permute,4,Infiltration,all,accuracy,0.9928675461741425
gnn_ewc_replay,permute,4,Infiltration,all,macro_f1,0.6559680656780272
gnn_ewc_replay,permute,4,Infiltration,all,fpr,0.005147976416642296
gnn_ewc_replay,permute,4,Infiltration,all,detection_rate,0.9608439570659123
gnn_ewc_replay,permute,4,Infiltration,all,binary_f1,0.9373174949678225
gnn_ewc_replay,random_src,4,Infiltration,task0,n,175000.0
gnn_ewc_replay,random_src,4,Infiltration,task0,n_benign,172109.0
gnn_ewc_replay,random_src,4,Infiltration,task0,n_attack,2891.0
gnn_ewc_replay,random_src,4,Infiltration,task0,accuracy,0.9991257142857143
gnn_ewc_replay,random_src,4,Infiltration,task0,macro_f1,0.9875524644285509
gnn_ewc_replay,random_src,4,Infiltration,task0,fpr,8.715407096665485e-05
gnn_ewc_replay,random_src,4,Infiltration,task0,detection_rate,0.9522656520235213
gnn_ewc_replay,random_src,4,Infiltration,task0,binary_f1,0.9729634210991341
gnn_ewc_replay,random_src,4,Infiltration,task0,category_recall,0.9522656520235213
gnn_ewc_replay,random_src,4,Infiltration,task1,n,385000.0
gnn_ewc_replay,random_src,4,Infiltration,task1,n_benign,331373.0
gnn_ewc_replay,random_src,4,Infiltration,task1,n_attack,53627.0
gnn_ewc_replay,random_src,4,Infiltration,task1,accuracy,0.9987428571428572
gnn_ewc_replay,random_src,4,Infiltration,task1,macro_f1,0.9974251163924076
gnn_ewc_replay,random_src,4,Infiltration,task1,fpr,4.5266210584447134e-05
gnn_ewc_replay,random_src,4,Infiltration,task1,detection_rate,0.9912544054301005
gnn_ewc_replay,random_src,4,Infiltration,task1,binary_f1,0.9954681647940075
gnn_ewc_replay,random_src,4,Infiltration,task1,category_recall,0.9912544054301005
gnn_ewc_replay,random_src,4,Infiltration,task2,n,480000.0
gnn_ewc_replay,random_src,4,Infiltration,task2,n_benign,439090.0
gnn_ewc_replay,random_src,4,Infiltration,task2,n_attack,40910.0
gnn_ewc_replay,random_src,4,Infiltration,task2,accuracy,0.9984541666666666
gnn_ewc_replay,random_src,4,Infiltration,task2,macro_f1,0.7588594543996501
gnn_ewc_replay,random_src,4,Infiltration,task2,fpr,0.0001890273064747546
gnn_ewc_replay,random_src,4,Infiltration,task2,detection_rate,0.9838914690784649
gnn_ewc_replay,random_src,4,Infiltration,task2,binary_f1,0.990867017872089
gnn_ewc_replay,random_src,4,Infiltration,task2,category_recall,0.9838898939030949
gnn_ewc_replay,random_src,4,Infiltration,task3,n,270000.0
gnn_ewc_replay,random_src,4,Infiltration,task3,n_benign,269993.0
gnn_ewc_replay,random_src,4,Infiltration,task3,n_attack,7.0
gnn_ewc_replay,random_src,4,Infiltration,task3,accuracy,0.9999370370370371
gnn_ewc_replay,random_src,4,Infiltration,task3,macro_f1,0.8157737320980882
gnn_ewc_replay,random_src,4,Infiltration,task3,fpr,5.92607956502576e-05
gnn_ewc_replay,random_src,4,Infiltration,task3,detection_rate,0.8571428571428571
gnn_ewc_replay,random_src,4,Infiltration,task3,binary_f1,0.41379310344827586
gnn_ewc_replay,random_src,4,Infiltration,task3,category_recall,0.8571428571428571
gnn_ewc_replay,random_src,4,Infiltration,task4,n,395000.0
gnn_ewc_replay,random_src,4,Infiltration,task4,n_benign,393444.0
gnn_ewc_replay,random_src,4,Infiltration,task4,n_attack,1556.0
gnn_ewc_replay,random_src,4,Infiltration,task4,accuracy,0.995946835443038
gnn_ewc_replay,random_src,4,Infiltration,task4,macro_f1,0.49899351205312126
gnn_ewc_replay,random_src,4,Infiltration,task4,fpr,0.00011437459968890109
gnn_ewc_replay,random_src,4,Infiltration,task4,detection_rate,0.008997429305912597
gnn_ewc_replay,random_src,4,Infiltration,task4,binary_f1,0.0173374613003096
gnn_ewc_replay,random_src,4,Infiltration,task4,category_recall,0.0
gnn_ewc_replay,random_src,4,Infiltration,task5,n,190000.0
gnn_ewc_replay,random_src,4,Infiltration,task5,n_benign,185763.0
gnn_ewc_replay,random_src,4,Infiltration,task5,n_attack,4237.0
gnn_ewc_replay,random_src,4,Infiltration,task5,accuracy,0.9775947368421053
gnn_ewc_replay,random_src,4,Infiltration,task5,macro_f1,0.4943352238098913
gnn_ewc_replay,random_src,4,Infiltration,task5,fpr,0.00010766406657945877
gnn_ewc_replay,random_src,4,Infiltration,task5,detection_rate,0.0
gnn_ewc_replay,random_src,4,Infiltration,task5,binary_f1,0.0
gnn_ewc_replay,random_src,4,Infiltration,task5,category_recall,0.0
gnn_ewc_replay,random_src,4,Infiltration,seen,n,1705000.0
gnn_ewc_replay,random_src,4,Infiltration,seen,n_benign,1606009.0
gnn_ewc_replay,random_src,4,Infiltration,seen,n_attack,98991.0
gnn_ewc_replay,random_src,4,Infiltration,seen,accuracy,0.9982422287390029
gnn_ewc_replay,random_src,4,Infiltration,seen,macro_f1,0.7106928407388634
gnn_ewc_replay,random_src,4,Infiltration,seen,fpr,0.00010834310393030176
gnn_ewc_replay,random_src,4,Infiltration,seen,detection_rate,0.9716236829610773
gnn_ewc_replay,random_src,4,Infiltration,seen,binary_f1,0.9847297373391964
gnn_ewc_replay,random_src,4,Infiltration,all,n,1895000.0
gnn_ewc_replay,random_src,4,Infiltration,all,n_benign,1791772.0
gnn_ewc_replay,random_src,4,Infiltration,all,n_attack,103228.0
gnn_ewc_replay,random_src,4,Infiltration,all,accuracy,0.9961720316622691
gnn_ewc_replay,random_src,4,Infiltration,all,macro_f1,0.607736548030519
gnn_ewc_replay,random_src,4,Infiltration,all,fpr,0.00010827270433961464
gnn_ewc_replay,random_src,4,Infiltration,all,detection_rate,0.9317433254543341
gnn_ewc_replay,random_src,4,Infiltration,all,binary_f1,0.9637281817999639
gnn_ewc_replay,none,5,Botnet,task0,n,175000.0
gnn_ewc_replay,none,5,Botnet,task0,n_benign,172109.0
gnn_ewc_replay,none,5,Botnet,task0,n_attack,2891.0
gnn_ewc_replay,none,5,Botnet,task0,accuracy,1.0
gnn_ewc_replay,none,5,Botnet,task0,macro_f1,1.0
gnn_ewc_replay,none,5,Botnet,task0,fpr,0.0
gnn_ewc_replay,none,5,Botnet,task0,detection_rate,1.0
gnn_ewc_replay,none,5,Botnet,task0,binary_f1,1.0
gnn_ewc_replay,none,5,Botnet,task0,category_recall,1.0
gnn_ewc_replay,none,5,Botnet,task1,n,385000.0
gnn_ewc_replay,none,5,Botnet,task1,n_benign,331373.0
gnn_ewc_replay,none,5,Botnet,task1,n_attack,53627.0
gnn_ewc_replay,none,5,Botnet,task1,accuracy,0.9998701298701299
gnn_ewc_replay,none,5,Botnet,task1,macro_f1,0.9997291104031871
gnn_ewc_replay,none,5,Botnet,task1,fpr,2.1124231606075328e-05
gnn_ewc_replay,none,5,Botnet,task1,detection_rate,0.9991981651033994
gnn_ewc_replay,none,5,Botnet,task1,binary_f1,0.9995336603928445
gnn_ewc_replay,none,5,Botnet,task1,category_recall,0.9991981651033994
gnn_ewc_replay,none,5,Botnet,task2,n,480000.0
gnn_ewc_replay,none,5,Botnet,task2,n_benign,439090.0
gnn_ewc_replay,none,5,Botnet,task2,n_attack,40910.0
gnn_ewc_replay,none,5,Botnet,task2,accuracy,0.9999854166666666
gnn_ewc_replay,none,5,Botnet,task2,macro_f1,0.8717922147633606
gnn_ewc_replay,none,5,Botnet,task2,fpr,1.5942061991846773e-05
gnn_ewc_replay,none,5,Botnet,task2,detection_rate,1.0
gnn_ewc_replay,none,5,Botnet,task2,binary_f1,0.9999144536644384
gnn_ewc_replay,none,5,Botnet,task2,category_recall,1.0
gnn_ewc_replay,none,5,Botnet,task3,n,270000.0
gnn_ewc_replay,none,5,Botnet,task3,n_benign,269993.0
gnn_ewc_replay,none,5,Botnet,task3,n_attack,7.0
gnn_ewc_replay,none,5,Botnet,task3,accuracy,0.9999888888888889
gnn_ewc_replay,none,5,Botnet,task3,macro_f1,0.9285686507164881
gnn_ewc_replay,none,5,Botnet,task3,fpr,7.4075994562822e-06
gnn_ewc_replay,none,5,Botnet,task3,detection_rate,0.8571428571428571
gnn_ewc_replay,none,5,Botnet,task3,binary_f1,0.8
gnn_ewc_replay,none,5,Botnet,task3,category_recall,0.8571428571428571
gnn_ewc_replay,none,5,Botnet,task4,n,395000.0
gnn_ewc_replay,none,5,Botnet,task4,n_benign,393444.0
gnn_ewc_replay,none,5,Botnet,task4,n_attack,1556.0
gnn_ewc_replay,none,5,Botnet,task4,accuracy,0.9999291139240506
gnn_ewc_replay,none,5,Botnet,task4,macro_f1,0.996264771025257
gnn_ewc_replay,none,5,Botnet,task4,fpr,1.779160439605128e-05
gnn_ewc_replay,none,5,Botnet,task4,detection_rate,0.987146529562982
gnn_ewc_replay,none,5,Botnet,task4,binary_f1,0.9912875121006777
gnn_ewc_replay,none,5,Botnet,task4,category_recall,0.9865038560411311
gnn_ewc_replay,none,5,Botnet,task5,n,190000.0
gnn_ewc_replay,none,5,Botnet,task5,n_benign,185763.0
gnn_ewc_replay,none,5,Botnet,task5,n_attack,4237.0
gnn_ewc_replay,none,5,Botnet,task5,accuracy,0.9999894736842105
gnn_ewc_replay,none,5,Botnet,task5,macro_f1,0.9998793282045162
gnn_ewc_replay,none,5,Botnet,task5,fpr,1.0766406657945876e-05
gnn_ewc_replay,none,5,Botnet,task5,detection_rate,1.0
gnn_ewc_replay,none,5,Botnet,task5,binary_f1,0.9997640396413403
gnn_ewc_replay,none,5,Botnet,task5,category_recall,1.0
gnn_ewc_replay,none,5,Botnet,seen,n,1895000.0
gnn_ewc_replay,none,5,Botnet,seen,n_benign,1791772.0
gnn_ewc_replay,none,5,Botnet,seen,n_attack,103228.0
gnn_ewc_replay,none,5,Botnet,seen,accuracy,0.9999525065963061
gnn_ewc_replay,none,5,Botnet,seen,macro_f1,0.94803701627556
gnn_ewc_replay,none,5,Botnet,seen,fpr,1.3952668085001886e-05
gnn_ewc_replay,none,5,Botnet,seen,detection_rate,0.99938001317472
gnn_ewc_replay,none,5,Botnet,seen,binary_f1,0.999568833962319
gnn_ewc_replay,none,5,Botnet,all,n,1895000.0
gnn_ewc_replay,none,5,Botnet,all,n_benign,1791772.0
gnn_ewc_replay,none,5,Botnet,all,n_attack,103228.0
gnn_ewc_replay,none,5,Botnet,all,accuracy,0.9999525065963061
gnn_ewc_replay,none,5,Botnet,all,macro_f1,0.94803701627556
gnn_ewc_replay,none,5,Botnet,all,fpr,1.3952668085001886e-05
gnn_ewc_replay,none,5,Botnet,all,detection_rate,0.99938001317472
gnn_ewc_replay,none,5,Botnet,all,binary_f1,0.999568833962319
gnn_ewc_replay,permute,5,Botnet,task0,n,175000.0
gnn_ewc_replay,permute,5,Botnet,task0,n_benign,172109.0
gnn_ewc_replay,permute,5,Botnet,task0,n_attack,2891.0
gnn_ewc_replay,permute,5,Botnet,task0,accuracy,1.0
gnn_ewc_replay,permute,5,Botnet,task0,macro_f1,1.0
gnn_ewc_replay,permute,5,Botnet,task0,fpr,0.0
gnn_ewc_replay,permute,5,Botnet,task0,detection_rate,1.0
gnn_ewc_replay,permute,5,Botnet,task0,binary_f1,1.0
gnn_ewc_replay,permute,5,Botnet,task0,category_recall,1.0
gnn_ewc_replay,permute,5,Botnet,task1,n,385000.0
gnn_ewc_replay,permute,5,Botnet,task1,n_benign,331373.0
gnn_ewc_replay,permute,5,Botnet,task1,n_attack,53627.0
gnn_ewc_replay,permute,5,Botnet,task1,accuracy,0.9998701298701299
gnn_ewc_replay,permute,5,Botnet,task1,macro_f1,0.9997291104031871
gnn_ewc_replay,permute,5,Botnet,task1,fpr,2.1124231606075328e-05
gnn_ewc_replay,permute,5,Botnet,task1,detection_rate,0.9991981651033994
gnn_ewc_replay,permute,5,Botnet,task1,binary_f1,0.9995336603928445
gnn_ewc_replay,permute,5,Botnet,task1,category_recall,0.9991981651033994
gnn_ewc_replay,permute,5,Botnet,task2,n,480000.0
gnn_ewc_replay,permute,5,Botnet,task2,n_benign,439090.0
gnn_ewc_replay,permute,5,Botnet,task2,n_attack,40910.0
gnn_ewc_replay,permute,5,Botnet,task2,accuracy,0.9999854166666666
gnn_ewc_replay,permute,5,Botnet,task2,macro_f1,0.8717922147633606
gnn_ewc_replay,permute,5,Botnet,task2,fpr,1.5942061991846773e-05
gnn_ewc_replay,permute,5,Botnet,task2,detection_rate,1.0
gnn_ewc_replay,permute,5,Botnet,task2,binary_f1,0.9999144536644384
gnn_ewc_replay,permute,5,Botnet,task2,category_recall,1.0
gnn_ewc_replay,permute,5,Botnet,task3,n,270000.0
gnn_ewc_replay,permute,5,Botnet,task3,n_benign,269993.0
gnn_ewc_replay,permute,5,Botnet,task3,n_attack,7.0
gnn_ewc_replay,permute,5,Botnet,task3,accuracy,0.9999888888888889
gnn_ewc_replay,permute,5,Botnet,task3,macro_f1,0.9285686507164881
gnn_ewc_replay,permute,5,Botnet,task3,fpr,7.4075994562822e-06
gnn_ewc_replay,permute,5,Botnet,task3,detection_rate,0.8571428571428571
gnn_ewc_replay,permute,5,Botnet,task3,binary_f1,0.8
gnn_ewc_replay,permute,5,Botnet,task3,category_recall,0.8571428571428571
gnn_ewc_replay,permute,5,Botnet,task4,n,395000.0
gnn_ewc_replay,permute,5,Botnet,task4,n_benign,393444.0
gnn_ewc_replay,permute,5,Botnet,task4,n_attack,1556.0
gnn_ewc_replay,permute,5,Botnet,task4,accuracy,0.9999291139240506
gnn_ewc_replay,permute,5,Botnet,task4,macro_f1,0.996264771025257
gnn_ewc_replay,permute,5,Botnet,task4,fpr,1.779160439605128e-05
gnn_ewc_replay,permute,5,Botnet,task4,detection_rate,0.987146529562982
gnn_ewc_replay,permute,5,Botnet,task4,binary_f1,0.9912875121006777
gnn_ewc_replay,permute,5,Botnet,task4,category_recall,0.9865038560411311
gnn_ewc_replay,permute,5,Botnet,task5,n,190000.0
gnn_ewc_replay,permute,5,Botnet,task5,n_benign,185763.0
gnn_ewc_replay,permute,5,Botnet,task5,n_attack,4237.0
gnn_ewc_replay,permute,5,Botnet,task5,accuracy,0.9999894736842105
gnn_ewc_replay,permute,5,Botnet,task5,macro_f1,0.9998793282045162
gnn_ewc_replay,permute,5,Botnet,task5,fpr,1.0766406657945876e-05
gnn_ewc_replay,permute,5,Botnet,task5,detection_rate,1.0
gnn_ewc_replay,permute,5,Botnet,task5,binary_f1,0.9997640396413403
gnn_ewc_replay,permute,5,Botnet,task5,category_recall,1.0
gnn_ewc_replay,permute,5,Botnet,seen,n,1895000.0
gnn_ewc_replay,permute,5,Botnet,seen,n_benign,1791772.0
gnn_ewc_replay,permute,5,Botnet,seen,n_attack,103228.0
gnn_ewc_replay,permute,5,Botnet,seen,accuracy,0.9999525065963061
gnn_ewc_replay,permute,5,Botnet,seen,macro_f1,0.94803701627556
gnn_ewc_replay,permute,5,Botnet,seen,fpr,1.3952668085001886e-05
gnn_ewc_replay,permute,5,Botnet,seen,detection_rate,0.99938001317472
gnn_ewc_replay,permute,5,Botnet,seen,binary_f1,0.999568833962319
gnn_ewc_replay,permute,5,Botnet,all,n,1895000.0
gnn_ewc_replay,permute,5,Botnet,all,n_benign,1791772.0
gnn_ewc_replay,permute,5,Botnet,all,n_attack,103228.0
gnn_ewc_replay,permute,5,Botnet,all,accuracy,0.9999525065963061
gnn_ewc_replay,permute,5,Botnet,all,macro_f1,0.94803701627556
gnn_ewc_replay,permute,5,Botnet,all,fpr,1.3952668085001886e-05
gnn_ewc_replay,permute,5,Botnet,all,detection_rate,0.99938001317472
gnn_ewc_replay,permute,5,Botnet,all,binary_f1,0.999568833962319
gnn_ewc_replay,random_src,5,Botnet,task0,n,175000.0
gnn_ewc_replay,random_src,5,Botnet,task0,n_benign,172109.0
gnn_ewc_replay,random_src,5,Botnet,task0,n_attack,2891.0
gnn_ewc_replay,random_src,5,Botnet,task0,accuracy,0.9988628571428572
gnn_ewc_replay,random_src,5,Botnet,task0,macro_f1,0.9824450376192242
gnn_ewc_replay,random_src,5,Botnet,task0,fpr,3.486162838666194e-05
gnn_ewc_replay,random_src,5,Botnet,task0,detection_rate,0.9332410930473884
gnn_ewc_replay,random_src,5,Botnet,task0,binary_f1,0.9644325290437891
gnn_ewc_replay,random_src,5,Botnet,task0,category_recall,0.9332410930473884
gnn_ewc_replay,random_src,5,Botnet,task1,n,385000.0
gnn_ewc_replay,random_src,5,Botnet,task1,n_benign,331373.0
gnn_ewc_replay,random_src,5,Botnet,task1,n_attack,53627.0
gnn_ewc_replay,random_src,5,Botnet,task1,accuracy,0.9976545454545455
gnn_ewc_replay,random_src,5,Botnet,task1,macro_f1,0.995088589287178
gnn_ewc_replay,random_src,5,Botnet,task1,fpr,1.2070989489185903e-05
gnn_ewc_replay,random_src,5,Botnet,task1,detection_rate,0.9832360564640946
gnn_ewc_replay,random_src,5,Botnet,task1,binary_f1,0.9915098863283784
gnn_ewc_replay,random_src,5,Botnet,task1,category_recall,0.9832360564640946
gnn_ewc_replay,random_src,5,Botnet,task2,n,480000.0
gnn_ewc_replay,random_src,5,Botnet,task2,n_benign,439090.0
gnn_ewc_replay,random_src,5,Botnet,task2,n_attack,40910.0
gnn_ewc_replay,random_src,5,Botnet,task2,accuracy,0.9974729166666667
gnn_ewc_replay,random_src,5,Botnet,task2,macro_f1,0.903787876545533
gnn_ewc_replay,random_src,5,Botnet,task2,fpr,9.792980937848733e-05
gnn_ewc_replay,random_src,5,Botnet,task2,detection_rate,0.9714739672451723
gnn_ewc_replay,random_src,5,Botnet,task2,binary_f1,0.9850054525627044
gnn_ewc_replay,random_src,5,Botnet,task2,category_recall,0.9713978389478316
gnn_ewc_replay,random_src,5,Botnet,task3,n,270000.0
gnn_ewc_replay,random_src,5,Botnet,task3,n_benign,269993.0
gnn_ewc_replay,random_src,5,Botnet,task3,n_attack,7.0
gnn_ewc_replay,random_src,5,Botnet,task3,accuracy,0.9999814814814815
gnn_ewc_replay,random_src,5,Botnet,task3,macro_f1,0.7999953702760612
gnn_ewc_replay,random_src,5,Botnet,task3,fpr,3.7037997281411e-06
gnn_ewc_replay,random_src,5,Botnet,task3,detection_rate,0.42857142857142855
gnn_ewc_replay,random_src,5,Botnet,task3,binary_f1,0.5454545454545454
gnn_ewc_replay,random_src,5,Botnet,task3,category_recall,0.42857142857142855
gnn_ewc_replay,random_src,5,Botnet,task4,n,395000.0
gnn_ewc_replay,random_src,5,Botnet,task4,n_benign,393444.0
gnn_ewc_replay,random_src,5,Botnet,task4,n_attack,1556.0
gnn_ewc_replay,random_src,5,Botnet,task4,accuracy,0.996
gnn_ewc_replay,random_src,5,Botnet,task4,macro_f1,0.49900622394270977
gnn_ewc_replay,random_src,5,Botnet,task4,fpr,6.099978650074725e-05
gnn_ewc_replay,random_src,5,Botnet,task4,detection_rate,0.008354755784061696
gnn_ewc_replay,random_src,5,Botnet,task4,binary_f1,0.016321406151914627
gnn_ewc_replay,random_src,5,Botnet,task4,category_recall,0.0
gnn_ewc_replay,random_src,5,Botnet,task5,n,190000.0
gnn_ewc_replay,random_src,5,Botnet,task5,n_benign,185763.0
gnn_ewc_replay,random_src,5,Botnet,task5,n_attack,4237.0
gnn_ewc_replay,random_src,5,Botnet,task5,accuracy,0.9983473684210526
gnn_ewc_replay,random_src,5,Botnet,task5,macro_f1,0.980337579308832
gnn_ewc_replay,random_src,5,Botnet,task5,fpr,0.0
gnn_ewc_replay,random_src,5,Botnet,task5,detection_rate,0.9258909605853198
gnn_ewc_replay,random_src,5,Botnet,task5,binary_f1,0.9615196078431373
gnn_ewc_replay,random_src,5,Botnet,task5,category_recall,0.9258909605853198
gnn_ewc_replay,random_src,5,Botnet,seen,n,1895000.0
gnn_ewc_replay,random_src,5,Botnet,seen,n_benign,1791772.0
gnn_ewc_replay,random_src,5,Botnet,seen,n_attack,103228.0
gnn_ewc_replay,random_src,5,Botnet,seen,accuracy,0.997776253298153
gnn_ewc_replay,random_src,5,Botnet,seen,macro_f1,0.754212498979785
gnn_ewc_replay,random_src,5,Botnet,seen,fpr,4.3532324425205887e-05
gnn_ewc_replay,random_src,5,Botnet,seen,detection_rate,0.9600883481226024
gnn_ewc_replay,random_src,5,Botnet,seen,binary_f1,0.9792603278429358
gnn_ewc_replay,random_src,5,Botnet,all,n,1895000.0
gnn_ewc_replay,random_src,5,Botnet,all,n_benign,1791772.0
gnn_ewc_replay,random_src,5,Botnet,all,n_attack,103228.0
gnn_ewc_replay,random_src,5,Botnet,all,accuracy,0.997776253298153
gnn_ewc_replay,random_src,5,Botnet,all,macro_f1,0.754212498979785
gnn_ewc_replay,random_src,5,Botnet,all,fpr,4.3532324425205887e-05
gnn_ewc_replay,random_src,5,Botnet,all,detection_rate,0.9600883481226024
gnn_ewc_replay,random_src,5,Botnet,all,binary_f1,0.9792603278429358
gnn_naive,none,0,BruteForce,task0,n,175000.0
gnn_naive,none,0,BruteForce,task0,n_benign,172109.0
gnn_naive,none,0,BruteForce,task0,n_attack,2891.0
gnn_naive,none,0,BruteForce,task0,accuracy,1.0
gnn_naive,none,0,BruteForce,task0,macro_f1,1.0
gnn_naive,none,0,BruteForce,task0,fpr,0.0
gnn_naive,none,0,BruteForce,task0,detection_rate,1.0
gnn_naive,none,0,BruteForce,task0,binary_f1,1.0
gnn_naive,none,0,BruteForce,task0,category_recall,1.0
gnn_naive,none,0,BruteForce,task1,n,385000.0
gnn_naive,none,0,BruteForce,task1,n_benign,331373.0
gnn_naive,none,0,BruteForce,task1,n_attack,53627.0
gnn_naive,none,0,BruteForce,task1,accuracy,0.8607090909090909
gnn_naive,none,0,BruteForce,task1,macro_f1,0.4994114783573238
gnn_naive,none,0,BruteForce,task1,fpr,0.0
gnn_naive,none,0,BruteForce,task1,detection_rate,0.985436440598952
gnn_naive,none,0,BruteForce,task1,binary_f1,0.9926648070402825
gnn_naive,none,0,BruteForce,task1,category_recall,0.0
gnn_naive,none,0,BruteForce,task2,n,480000.0
gnn_naive,none,0,BruteForce,task2,n_benign,439090.0
gnn_naive,none,0,BruteForce,task2,n_attack,40910.0
gnn_naive,none,0,BruteForce,task2,accuracy,0.91476875
gnn_naive,none,0,BruteForce,task2,macro_f1,0.3187732837919217
gnn_naive,none,0,BruteForce,task2,fpr,2.277437427406682e-06
gnn_naive,none,0,BruteForce,task2,detection_rate,0.01955512099731117
gnn_naive,none,0,BruteForce,task2,binary_f1,0.03835918582628084
gnn_naive,none,0,BruteForce,task2,category_recall,0.0
gnn_naive,none,0,BruteForce,task3,n,270000.0
gnn_naive,none,0,BruteForce,task3,n_benign,269993.0
gnn_naive,none,0,BruteForce,task3,n_attack,7.0
gnn_naive,none,0,BruteForce,task3,accuracy,0.9999703703703704
gnn_naive,none,0,BruteForce,task3,macro_f1,0.4999925924828516
gnn_naive,none,0,BruteForce,task3,fpr,3.7037997281411e-06
gnn_naive,none,0,BruteForce,task3,detection_rate,0.0
gnn_naive,none,0,BruteForce,task3,binary_f1,0.0
gnn_naive,none,0,BruteForce,task3,category_recall,0.0
gnn_naive,none,0,BruteForce,task4,n,395000.0
gnn_naive,none,0,BruteForce,task4,n_benign,393444.0
gnn_naive,none,0,BruteForce,task4,n_attack,1556.0
gnn_naive,none,0,BruteForce,task4,accuracy,0.9960582278481013
gnn_naive,none,0,BruteForce,task4,macro_f1,0.499012610930657
gnn_naive,none,0,BruteForce,task4,fpr,2.5416577708644688e-06
gnn_naive,none,0,BruteForce,task4,detection_rate,0.0
gnn_naive,none,0,BruteForce,task4,binary_f1,0.0
gnn_naive,none,0,BruteForce,task4,category_recall,0.0
gnn_naive,none,0,BruteForce,task5,n,190000.0
gnn_naive,none,0,BruteForce,task5,n_benign,185763.0
gnn_naive,none,0,BruteForce,task5,n_attack,4237.0
gnn_naive,none,0,BruteForce,task5,accuracy,0.9777
gnn_naive,none,0,BruteForce,task5,macro_f1,0.4943621378368812
gnn_naive,none,0,BruteForce,task5,fpr,0.0
gnn_naive,none,0,BruteForce,task5,detection_rate,0.0
gnn_naive,none,0,BruteForce,task5,binary_f1,0.0
gnn_naive,none,0,BruteForce,task5,category_recall,0.0
gnn_naive,none,0,BruteForce,seen,n,175000.0
gnn_naive,none,0,BruteForce,seen,n_benign,172109.0
gnn_naive,none,0,BruteForce,seen,n_attack,2891.0
gnn_naive,none,0,BruteForce,seen,accuracy,1.0
gnn_naive,none,0,BruteForce,seen,macro_f1,1.0
gnn_naive,none,0,BruteForce,seen,fpr,0.0
gnn_naive,none,0,BruteForce,seen,detection_rate,1.0
gnn_naive,none,0,BruteForce,seen,binary_f1,1.0
gnn_naive,none,0,BruteForce,all,n,1895000.0
gnn_naive,none,0,BruteForce,all,n_benign,1791772.0
gnn_naive,none,0,BruteForce,all,n_attack,103228.0
gnn_naive,none,0,BruteForce,all,accuracy,0.9470501319261214
gnn_naive,none,0,BruteForce,all,macro_f1,0.15491810780763232
gnn_naive,none,0,BruteForce,all,fpr,1.6743201702002264e-06
gnn_naive,none,0,BruteForce,all,detection_rate,0.5476905490758321
gnn_naive,none,0,BruteForce,all,binary_f1,0.7077387211456612
gnn_naive,permute,0,BruteForce,task0,n,175000.0
gnn_naive,permute,0,BruteForce,task0,n_benign,172109.0
gnn_naive,permute,0,BruteForce,task0,n_attack,2891.0
gnn_naive,permute,0,BruteForce,task0,accuracy,1.0
gnn_naive,permute,0,BruteForce,task0,macro_f1,1.0
gnn_naive,permute,0,BruteForce,task0,fpr,0.0
gnn_naive,permute,0,BruteForce,task0,detection_rate,1.0
gnn_naive,permute,0,BruteForce,task0,binary_f1,1.0
gnn_naive,permute,0,BruteForce,task0,category_recall,1.0
gnn_naive,permute,0,BruteForce,task1,n,385000.0
gnn_naive,permute,0,BruteForce,task1,n_benign,331373.0
gnn_naive,permute,0,BruteForce,task1,n_attack,53627.0
gnn_naive,permute,0,BruteForce,task1,accuracy,0.8607090909090909
gnn_naive,permute,0,BruteForce,task1,macro_f1,0.4994114783573238
gnn_naive,permute,0,BruteForce,task1,fpr,0.0
gnn_naive,permute,0,BruteForce,task1,detection_rate,0.985436440598952
gnn_naive,permute,0,BruteForce,task1,binary_f1,0.9926648070402825
gnn_naive,permute,0,BruteForce,task1,category_recall,0.0
gnn_naive,permute,0,BruteForce,task2,n,480000.0
gnn_naive,permute,0,BruteForce,task2,n_benign,439090.0
gnn_naive,permute,0,BruteForce,task2,n_attack,40910.0
gnn_naive,permute,0,BruteForce,task2,accuracy,0.91476875
gnn_naive,permute,0,BruteForce,task2,macro_f1,0.3187732837919217
gnn_naive,permute,0,BruteForce,task2,fpr,2.277437427406682e-06
gnn_naive,permute,0,BruteForce,task2,detection_rate,0.01955512099731117
gnn_naive,permute,0,BruteForce,task2,binary_f1,0.03835918582628084
gnn_naive,permute,0,BruteForce,task2,category_recall,0.0
gnn_naive,permute,0,BruteForce,task3,n,270000.0
gnn_naive,permute,0,BruteForce,task3,n_benign,269993.0
gnn_naive,permute,0,BruteForce,task3,n_attack,7.0
gnn_naive,permute,0,BruteForce,task3,accuracy,0.9999703703703704
gnn_naive,permute,0,BruteForce,task3,macro_f1,0.4999925924828516
gnn_naive,permute,0,BruteForce,task3,fpr,3.7037997281411e-06
gnn_naive,permute,0,BruteForce,task3,detection_rate,0.0
gnn_naive,permute,0,BruteForce,task3,binary_f1,0.0
gnn_naive,permute,0,BruteForce,task3,category_recall,0.0
gnn_naive,permute,0,BruteForce,task4,n,395000.0
gnn_naive,permute,0,BruteForce,task4,n_benign,393444.0
gnn_naive,permute,0,BruteForce,task4,n_attack,1556.0
gnn_naive,permute,0,BruteForce,task4,accuracy,0.9960582278481013
gnn_naive,permute,0,BruteForce,task4,macro_f1,0.499012610930657
gnn_naive,permute,0,BruteForce,task4,fpr,2.5416577708644688e-06
gnn_naive,permute,0,BruteForce,task4,detection_rate,0.0
gnn_naive,permute,0,BruteForce,task4,binary_f1,0.0
gnn_naive,permute,0,BruteForce,task4,category_recall,0.0
gnn_naive,permute,0,BruteForce,task5,n,190000.0
gnn_naive,permute,0,BruteForce,task5,n_benign,185763.0
gnn_naive,permute,0,BruteForce,task5,n_attack,4237.0
gnn_naive,permute,0,BruteForce,task5,accuracy,0.9777
gnn_naive,permute,0,BruteForce,task5,macro_f1,0.4943621378368812
gnn_naive,permute,0,BruteForce,task5,fpr,0.0
gnn_naive,permute,0,BruteForce,task5,detection_rate,0.0
gnn_naive,permute,0,BruteForce,task5,binary_f1,0.0
gnn_naive,permute,0,BruteForce,task5,category_recall,0.0
gnn_naive,permute,0,BruteForce,seen,n,175000.0
gnn_naive,permute,0,BruteForce,seen,n_benign,172109.0
gnn_naive,permute,0,BruteForce,seen,n_attack,2891.0
gnn_naive,permute,0,BruteForce,seen,accuracy,1.0
gnn_naive,permute,0,BruteForce,seen,macro_f1,1.0
gnn_naive,permute,0,BruteForce,seen,fpr,0.0
gnn_naive,permute,0,BruteForce,seen,detection_rate,1.0
gnn_naive,permute,0,BruteForce,seen,binary_f1,1.0
gnn_naive,permute,0,BruteForce,all,n,1895000.0
gnn_naive,permute,0,BruteForce,all,n_benign,1791772.0
gnn_naive,permute,0,BruteForce,all,n_attack,103228.0
gnn_naive,permute,0,BruteForce,all,accuracy,0.9470501319261214
gnn_naive,permute,0,BruteForce,all,macro_f1,0.15491810780763232
gnn_naive,permute,0,BruteForce,all,fpr,1.6743201702002264e-06
gnn_naive,permute,0,BruteForce,all,detection_rate,0.5476905490758321
gnn_naive,permute,0,BruteForce,all,binary_f1,0.7077387211456612
gnn_naive,random_src,0,BruteForce,task0,n,175000.0
gnn_naive,random_src,0,BruteForce,task0,n_benign,172109.0
gnn_naive,random_src,0,BruteForce,task0,n_attack,2891.0
gnn_naive,random_src,0,BruteForce,task0,accuracy,0.9994628571428571
gnn_naive,random_src,0,BruteForce,task0,macro_f1,0.991815490405864
gnn_naive,random_src,0,BruteForce,task0,fpr,0.00044158062623105124
gnn_naive,random_src,0,BruteForce,task0,detection_rate,0.9937737806987201
gnn_naive,random_src,0,BruteForce,task0,binary_f1,0.9839041095890411
gnn_naive,random_src,0,BruteForce,task0,category_recall,0.9937737806987201
gnn_naive,random_src,0,BruteForce,task1,n,385000.0
gnn_naive,random_src,0,BruteForce,task1,n_benign,331373.0
gnn_naive,random_src,0,BruteForce,task1,n_attack,53627.0
gnn_naive,random_src,0,BruteForce,task1,accuracy,0.8603012987012987
gnn_naive,random_src,0,BruteForce,task1,macro_f1,0.48490669071562736
gnn_naive,random_src,0,BruteForce,task1,fpr,0.00047378633745054664
gnn_naive,random_src,0,BruteForce,task1,detection_rate,0.6184384731571783
gnn_naive,random_src,0,BruteForce,task1,binary_f1,0.7628609874754166
gnn_naive,random_src,0,BruteForce,task1,category_recall,0.0
gnn_naive,random_src,0,BruteForce,task2,n,480000.0
gnn_naive,random_src,0,BruteForce,task2,n_benign,439090.0
gnn_naive,random_src,0,BruteForce,task2,n_attack,40910.0
gnn_naive,random_src,0,BruteForce,task2,accuracy,0.9142708333333334
gnn_naive,random_src,0,BruteForce,task2,macro_f1,0.3184052529429903
gnn_naive,random_src,0,BruteForce,task2,fpr,0.0005465849825776037
gnn_naive,random_src,0,BruteForce,task2,detection_rate,0.0
gnn_naive,random_src,0,BruteForce,task2,binary_f1,0.0
gnn_naive,random_src,0,BruteForce,task2,category_recall,0.0
gnn_naive,random_src,0,BruteForce,task3,n,270000.0
gnn_naive,random_src,0,BruteForce,task3,n_benign,269993.0
gnn_naive,random_src,0,BruteForce,task3,n_attack,7.0
gnn_naive,random_src,0,BruteForce,task3,accuracy,0.9996481481481482
gnn_naive,random_src,0,BruteForce,task3,macro_f1,0.4999120215593484
gnn_naive,random_src,0,BruteForce,task3,fpr,0.0003259343760764168
gnn_naive,random_src,0,BruteForce,task3,detection_rate,0.0
gnn_naive,random_src,0,BruteForce,task3,binary_f1,0.0
gnn_naive,random_src,0,BruteForce,task3,category_recall,0.0
gnn_naive,random_src,0,BruteForce,task4,n,395000.0
gnn_naive,random_src,0,BruteForce,task4,n_benign,393444.0
gnn_naive,random_src,0,BruteForce,task4,n_attack,1556.0
gnn_naive,random_src,0,BruteForce,task4,accuracy,0.9955139240506329
gnn_naive,random_src,0,BruteForce,task4,macro_f1,0.4988759597476872
gnn_naive,random_src,0,BruteForce,task4,fpr,0.0005489980785067252
gnn_naive,random_src,0,BruteForce,task4,detection_rate,0.0
gnn_naive,random_src,0,BruteForce,task4,binary_f1,0.0
gnn_naive,random_src,0,BruteForce,task4,category_recall,0.0
gnn_naive,random_src,0,BruteForce,task5,n,190000.0
gnn_naive,random_src,0,BruteForce,task5,n_benign,185763.0
gnn_naive,random_src,0,BruteForce,task5,n_attack,4237.0
gnn_naive,random_src,0,BruteForce,task5,accuracy,0.9771526315789474
gnn_naive,random_src,0,BruteForce,task5,macro_f1,0.49422215360206995
gnn_naive,random_src,0,BruteForce,task5,fpr,0.0005598531462131856
gnn_naive,random_src,0,BruteForce,task5,detection_rate,0.0
gnn_naive,random_src,0,BruteForce,task5,binary_f1,0.0
gnn_naive,random_src,0,BruteForce,task5,category_recall,0.0
gnn_naive,random_src,0,BruteForce,seen,n,175000.0
gnn_naive,random_src,0,BruteForce,seen,n_benign,172109.0
gnn_naive,random_src,0,BruteForce,seen,n_attack,2891.0
gnn_naive,random_src,0,BruteForce,seen,accuracy,0.9994628571428571
gnn_naive,random_src,0,BruteForce,seen,macro_f1,0.991815490405864
gnn_naive,random_src,0,BruteForce,seen,fpr,0.00044158062623105124
gnn_naive,random_src,0,BruteForce,seen,detection_rate,0.9937737806987201
gnn_naive,random_src,0,BruteForce,seen,binary_f1,0.9839041095890411
gnn_naive,random_src,0,BruteForce,all,n,1895000.0
gnn_naive,random_src,0,BruteForce,all,n_benign,1791772.0
gnn_naive,random_src,0,BruteForce,all,n_attack,103228.0
gnn_naive,random_src,0,BruteForce,all,accuracy,0.946577308707124
gnn_naive,random_src,0,BruteForce,all,macro_f1,0.16081217912963663
gnn_naive,random_src,0,BruteForce,all,fpr,0.0004916920233154665
gnn_naive,random_src,0,BruteForce,all,detection_rate,0.34911070639748903
gnn_naive,random_src,0,BruteForce,all,binary_f1,0.5142885684317181
gnn_naive,none,1,DoS,task0,n,175000.0
gnn_naive,none,1,DoS,task0,n_benign,172109.0
gnn_naive,none,1,DoS,task0,n_attack,2891.0
gnn_naive,none,1,DoS,task0,accuracy,0.9834742857142857
gnn_naive,none,1,DoS,task0,macro_f1,0.49946747227808685
gnn_naive,none,1,DoS,task0,fpr,5.8102713977769905e-06
gnn_naive,none,1,DoS,task0,detection_rate,0.8734002075406434
gnn_naive,none,1,DoS,task0,binary_f1,0.9322503230570427
gnn_naive,none,1,DoS,task0,category_recall,0.0
gnn_naive,none,1,DoS,task1,n,385000.0
gnn_naive,none,1,DoS,task1,n_benign,331373.0
gnn_naive,none,1,DoS,task1,n_attack,53627.0
gnn_naive,none,1,DoS,task1,accuracy,0.9997324675324676
gnn_naive,none,1,DoS,task1,macro_f1,0.9994417535575286
gnn_naive,none,1,DoS,task1,fpr,2.715972635066828e-05
gnn_naive,none,1,DoS,task1,detection_rate,0.9982471516213848
gnn_naive,none,1,DoS,task1,binary_f1,0.99903890117478
gnn_naive,none,1,DoS,task1,category_recall,0.9982471516213848
gnn_naive,none,1,DoS,task2,n,480000.0
gnn_naive,none,1,DoS,task2,n_benign,439090.0
gnn_naive,none,1,DoS,task2,n_attack,40910.0
gnn_naive,none,1,DoS,task2,accuracy,0.9147666666666666
gnn_naive,none,1,DoS,task2,macro_f1,0.3184954360554521
gnn_naive,none,1,DoS,task2,fpr,4.554874854813364e-06
gnn_naive,none,1,DoS,task2,detection_rate,0.0
gnn_naive,none,1,DoS,task2,binary_f1,0.0
gnn_naive,none,1,DoS,task2,category_recall,0.0
gnn_naive,none,1,DoS,task3,n,270000.0
gnn_naive,none,1,DoS,task3,n_benign,269993.0
gnn_naive,none,1,DoS,task3,n_attack,7.0
gnn_naive,none,1,DoS,task3,accuracy,0.9999666666666667
gnn_naive,none,1,DoS,task3,macro_f1,0.49999166652777544
gnn_naive,none,1,DoS,task3,fpr,7.4075994562822e-06
gnn_naive,none,1,DoS,task3,detection_rate,0.0
gnn_naive,none,1,DoS,task3,binary_f1,0.0
gnn_naive,none,1,DoS,task3,category_recall,0.0
gnn_naive,none,1,DoS,task4,n,395000.0
gnn_naive,none,1,DoS,task4,n_benign,393444.0
gnn_naive,none,1,DoS,task4,n_attack,1556.0
gnn_naive,none,1,DoS,task4,accuracy,0.9960506329113924
gnn_naive,none,1,DoS,task4,macro_f1,0.4990107046826645
gnn_naive,none,1,DoS,task4,fpr,1.0166631083457875e-05
gnn_naive,none,1,DoS,task4,detection_rate,0.0
gnn_naive,none,1,DoS,task4,binary_f1,0.0
gnn_naive,none,1,DoS,task4,category_recall,0.0
gnn_naive,none,1,DoS,task5,n,190000.0
gnn_naive,none,1,DoS,task5,n_benign,185763.0
gnn_naive,none,1,DoS,task5,n_attack,4237.0
gnn_naive,none,1,DoS,task5,accuracy,0.9777
gnn_naive,none,1,DoS,task5,macro_f1,0.4943621378368812
gnn_naive,none,1,DoS,task5,fpr,0.0
gnn_naive,none,1,DoS,task5,detection_rate,0.0
gnn_naive,none,1,DoS,task5,binary_f1,0.0
gnn_naive,none,1,DoS,task5,category_recall,0.0
gnn_naive,none,1,DoS,seen,n,560000.0
gnn_naive,none,1,DoS,seen,n_benign,503482.0
gnn_naive,none,1,DoS,seen,n_attack,56518.0
gnn_naive,none,1,DoS,seen,accuracy,0.9946517857142857
gnn_naive,none,1,DoS,seen,macro_f1,0.6585223354997173
gnn_naive,none,1,DoS,seen,fpr,1.9861683237931047e-05
gnn_naive,none,1,DoS,seen,detection_rate,0.9918610000353869
gnn_naive,none,1,DoS,seen,binary_f1,0.9958254134617093
gnn_naive,none,1,DoS,all,n,1895000.0
gnn_naive,none,1,DoS,all,n_benign,1791772.0
gnn_naive,none,1,DoS,all,n_attack,103228.0
gnn_naive,none,1,DoS,all,accuracy,0.9737662269129288
gnn_naive,none,1,DoS,all,macro_f1,0.28042363058172176
gnn_naive,none,1,DoS,all,fpr,1.0045921021201359e-05
gnn_naive,none,1,DoS,all,detection_rate,0.5430503351803774
gnn_naive,none,1,DoS,all,binary_f1,0.7037864711495003
gnn_naive,permute,1,DoS,task0,n,175000.0
gnn_naive,permute,1,DoS,task0,n_benign,172109.0
gnn_naive,permute,1,DoS,task0,n_attack,2891.0
gnn_naive,permute,1,DoS,task0,accuracy,0.9834742857142857
gnn_naive,permute,1,DoS,task0,macro_f1,0.49946747227808685
gnn_naive,permute,1,DoS,task0,fpr,5.8102713977769905e-06
gnn_naive,permute,1,DoS,task0,detection_rate,0.8734002075406434
gnn_naive,permute,1,DoS,task0,binary_f1,0.9322503230570427
gnn_naive,permute,1,DoS,task0,category_recall,0.0
gnn_naive,permute,1,DoS,task1,n,385000.0
gnn_naive,permute,1,DoS,task1,n_benign,331373.0
gnn_naive,permute,1,DoS,task1,n_attack,53627.0
gnn_naive,permute,1,DoS,task1,accuracy,0.9997324675324676
gnn_naive,permute,1,DoS,task1,macro_f1,0.9994417535575286
gnn_naive,permute,1,DoS,task1,fpr,2.715972635066828e-05
gnn_naive,permute,1,DoS,task1,detection_rate,0.9982471516213848
gnn_naive,permute,1,DoS,task1,binary_f1,0.99903890117478
gnn_naive,permute,1,DoS,task1,category_recall,0.9982471516213848
gnn_naive,permute,1,DoS,task2,n,480000.0
gnn_naive,permute,1,DoS,task2,n_benign,439090.0
gnn_naive,permute,1,DoS,task2,n_attack,40910.0
gnn_naive,permute,1,DoS,task2,accuracy,0.9147666666666666
gnn_naive,permute,1,DoS,task2,macro_f1,0.3184954360554521
gnn_naive,permute,1,DoS,task2,fpr,4.554874854813364e-06
gnn_naive,permute,1,DoS,task2,detection_rate,0.0
gnn_naive,permute,1,DoS,task2,binary_f1,0.0
gnn_naive,permute,1,DoS,task2,category_recall,0.0
gnn_naive,permute,1,DoS,task3,n,270000.0
gnn_naive,permute,1,DoS,task3,n_benign,269993.0
gnn_naive,permute,1,DoS,task3,n_attack,7.0
gnn_naive,permute,1,DoS,task3,accuracy,0.9999666666666667
gnn_naive,permute,1,DoS,task3,macro_f1,0.49999166652777544
gnn_naive,permute,1,DoS,task3,fpr,7.4075994562822e-06
gnn_naive,permute,1,DoS,task3,detection_rate,0.0
gnn_naive,permute,1,DoS,task3,binary_f1,0.0
gnn_naive,permute,1,DoS,task3,category_recall,0.0
gnn_naive,permute,1,DoS,task4,n,395000.0
gnn_naive,permute,1,DoS,task4,n_benign,393444.0
gnn_naive,permute,1,DoS,task4,n_attack,1556.0
gnn_naive,permute,1,DoS,task4,accuracy,0.9960506329113924
gnn_naive,permute,1,DoS,task4,macro_f1,0.4990107046826645
gnn_naive,permute,1,DoS,task4,fpr,1.0166631083457875e-05
gnn_naive,permute,1,DoS,task4,detection_rate,0.0
gnn_naive,permute,1,DoS,task4,binary_f1,0.0
gnn_naive,permute,1,DoS,task4,category_recall,0.0
gnn_naive,permute,1,DoS,task5,n,190000.0
gnn_naive,permute,1,DoS,task5,n_benign,185763.0
gnn_naive,permute,1,DoS,task5,n_attack,4237.0
gnn_naive,permute,1,DoS,task5,accuracy,0.9777
gnn_naive,permute,1,DoS,task5,macro_f1,0.4943621378368812
gnn_naive,permute,1,DoS,task5,fpr,0.0
gnn_naive,permute,1,DoS,task5,detection_rate,0.0
gnn_naive,permute,1,DoS,task5,binary_f1,0.0
gnn_naive,permute,1,DoS,task5,category_recall,0.0
gnn_naive,permute,1,DoS,seen,n,560000.0
gnn_naive,permute,1,DoS,seen,n_benign,503482.0
gnn_naive,permute,1,DoS,seen,n_attack,56518.0
gnn_naive,permute,1,DoS,seen,accuracy,0.9946517857142857
gnn_naive,permute,1,DoS,seen,macro_f1,0.6585223354997173
gnn_naive,permute,1,DoS,seen,fpr,1.9861683237931047e-05
gnn_naive,permute,1,DoS,seen,detection_rate,0.9918610000353869
gnn_naive,permute,1,DoS,seen,binary_f1,0.9958254134617093
gnn_naive,permute,1,DoS,all,n,1895000.0
gnn_naive,permute,1,DoS,all,n_benign,1791772.0
gnn_naive,permute,1,DoS,all,n_attack,103228.0
gnn_naive,permute,1,DoS,all,accuracy,0.9737662269129288
gnn_naive,permute,1,DoS,all,macro_f1,0.28042363058172176
gnn_naive,permute,1,DoS,all,fpr,1.0045921021201359e-05
gnn_naive,permute,1,DoS,all,detection_rate,0.5430503351803774
gnn_naive,permute,1,DoS,all,binary_f1,0.7037864711495003
gnn_naive,random_src,1,DoS,task0,n,175000.0
gnn_naive,random_src,1,DoS,task0,n_benign,172109.0
gnn_naive,random_src,1,DoS,task0,n_attack,2891.0
gnn_naive,random_src,1,DoS,task0,accuracy,0.9817028571428571
gnn_naive,random_src,1,DoS,task0,macro_f1,0.49538347972018293
gnn_naive,random_src,1,DoS,task0,fpr,0.001806994404708644
gnn_naive,random_src,1,DoS,task0,detection_rate,0.0
gnn_naive,random_src,1,DoS,task0,binary_f1,0.0
gnn_naive,random_src,1,DoS,task0,category_recall,0.0
gnn_naive,random_src,1,DoS,task1,n,385000.0
gnn_naive,random_src,1,DoS,task1,n_benign,331373.0
gnn_naive,random_src,1,DoS,task1,n_attack,53627.0
gnn_naive,random_src,1,DoS,task1,accuracy,0.9973948051948052
gnn_naive,random_src,1,DoS,task1,macro_f1,0.9945728686371993
gnn_naive,random_src,1,DoS,task1,fpr,0.0017050272653475087
gnn_naive,random_src,1,DoS,task1,detection_rate,0.99183247244858
gnn_naive,random_src,1,DoS,task1,binary_f1,0.9906594276454866
gnn_naive,random_src,1,DoS,task1,category_recall,0.99183247244858
gnn_naive,random_src,1,DoS,task2,n,480000.0
gnn_naive,random_src,1,DoS,task2,n_benign,439090.0
gnn_naive,random_src,1,DoS,task2,n_attack,40910.0
gnn_naive,random_src,1,DoS,task2,accuracy,0.9130083333333333
gnn_naive,random_src,1,DoS,task2,macro_f1,0.3181754159751293
gnn_naive,random_src,1,DoS,task2,fpr,0.001926712063586053
gnn_naive,random_src,1,DoS,task2,detection_rate,0.0
gnn_naive,random_src,1,DoS,task2,binary_f1,0.0
gnn_naive,random_src,1,DoS,task2,category_recall,0.0
gnn_naive,random_src,1,DoS,task3,n,270000.0
gnn_naive,random_src,1,DoS,task3,n_benign,269993.0
gnn_naive,random_src,1,DoS,task3,n_attack,7.0
gnn_naive,random_src,1,DoS,task3,accuracy,0.9970888888888889
gnn_naive,random_src,1,DoS,task3,macro_f1,0.49927116135708643
gnn_naive,random_src,1,DoS,task3,fpr,0.002885259988221917
gnn_naive,random_src,1,DoS,task3,detection_rate,0.0
gnn_naive,random_src,1,DoS,task3,binary_f1,0.0
gnn_naive,random_src,1,DoS,task3,category_recall,0.0
gnn_naive,random_src,1,DoS,task4,n,395000.0
gnn_naive,random_src,1,DoS,task4,n_benign,393444.0
gnn_naive,random_src,1,DoS,task4,n_attack,1556.0
gnn_naive,random_src,1,DoS,task4,accuracy,0.9940784810126583
gnn_naive,random_src,1,DoS,task4,macro_f1,0.498516490003923
gnn_naive,random_src,1,DoS,task4,fpr,0.001990118034586879
gnn_naive,random_src,1,DoS,task4,detection_rate,0.0012853470437017994
gnn_naive,random_src,1,DoS,task4,binary_f1,0.0017086715079026058
gnn_naive,random_src,1,DoS,task4,category_recall,0.0
gnn_naive,random_src,1,DoS,task5,n,190000.0
gnn_naive,random_src,1,DoS,task5,n_benign,185763.0
gnn_naive,random_src,1,DoS,task5,n_attack,4237.0
gnn_naive,random_src,1,DoS,task5,accuracy,0.9760894736842105
gnn_naive,random_src,1,DoS,task5,macro_f1,0.49395003955179956
gnn_naive,random_src,1,DoS,task5,fpr,0.0016472602186657192
gnn_naive,random_src,1,DoS,task5,detection_rate,0.0
gnn_naive,random_src,1,DoS,task5,binary_f1,0.0
gnn_naive,random_src,1,DoS,task5,category_recall,0.0
gnn_naive,random_src,1,DoS,seen,n,560000.0
gnn_naive,random_src,1,DoS,seen,n_benign,503482.0
gnn_naive,random_src,1,DoS,seen,n_attack,56518.0
gnn_naive,random_src,1,DoS,seen,accuracy,0.9924910714285714
gnn_naive,random_src,1,DoS,seen,macro_f1,0.6612109218773811
gnn_naive,random_src,1,DoS,seen,fpr,0.0017398834516427599
gnn_naive,random_src,1,DoS,seen,detection_rate,0.9410984111256591
gnn_naive,random_src,1,DoS,seen,binary_f1,0.9619742636752484
gnn_naive,random_src,1,DoS,all,n,1895000.0
gnn_naive,random_src,1,DoS,all,n_benign,1791772.0
gnn_naive,random_src,1,DoS,all,n_attack,103228.0
gnn_naive,random_src,1,DoS,all,accuracy,0.9716997361477573
gnn_naive,random_src,1,DoS,all,macro_f1,0.2783893867064351
gnn_naive,random_src,1,DoS,all,fpr,0.002003603137006271
gnn_naive,random_src,1,DoS,all,detection_rate,0.5152768628666641
gnn_naive,random_src,1,DoS,all,binary_f1,0.6648501021817522
gnn_naive,none,2,DDoS,task0,n,175000.0
gnn_naive,none,2,DDoS,task0,n_benign,172109.0
gnn_naive,none,2,DDoS,task0,n_attack,2891.0
gnn_naive,none,2,DDoS,task0,accuracy,0.98348
gnn_naive,none,2,DDoS,task0,macro_f1,0.495835602073124
gnn_naive,none,2,DDoS,task0,fpr,0.0
gnn_naive,none,2,DDoS,task0,detection_rate,0.0
gnn_naive,none,2,DDoS,task0,binary_f1,0.0
gnn_naive,none,2,DDoS,task0,category_recall,0.0
gnn_naive,none,2,DDoS,task1,n,385000.0
gnn_naive,none,2,DDoS,task1,n_benign,331373.0
gnn_naive,none,2,DDoS,task1,n_attack,53627.0
gnn_naive,none,2,DDoS,task1,accuracy,0.8604103896103896
gnn_naive,none,2,DDoS,task1,macro_f1,0.49931642406127014
gnn_naive,none,2,DDoS,task1,fpr,0.0003470409478140947
gnn_naive,none,2,DDoS,task1,detection_rate,0.9852313200440077
gnn_naive,none,2,DDoS,task1,binary_f1,0.9914897210467549
gnn_naive,none,2,DDoS,task1,category_recall,0.0
gnn_naive,none,2,DDoS,task2,n,480000.0
gnn_naive,none,2,DDoS,task2,n_benign,439090.0
gnn_naive,none,2,DDoS,task2,n_attack,40910.0
gnn_naive,none,2,DDoS,task2,accuracy,0.9999979166666667
gnn_naive,none,2,DDoS,task2,macro_f1,0.9999955460945481
gnn_naive,none,2,DDoS,task2,fpr,2.277437427406682e-06
gnn_naive,none,2,DDoS,task2,detection_rate,1.0
gnn_naive,none,2,DDoS,task2,binary_f1,0.999987778198751
gnn_naive,none,2,DDoS,task2,category_recall,1.0
gnn_naive,none,2,DDoS,task3,n,270000.0
gnn_naive,none,2,DDoS,task3,n_benign,269993.0
gnn_naive,none,2,DDoS,task3,n_attack,7.0
gnn_naive,none,2,DDoS,task3,accuracy,0.9999962962962963
gnn_naive,none,2,DDoS,task3,macro_f1,0.9615375355902442
gnn_naive,none,2,DDoS,task3,fpr,0.0
gnn_naive,none,2,DDoS,task3,detection_rate,0.8571428571428571
gnn_naive,none,2,DDoS,task3,binary_f1,0.9230769230769231
gnn_naive,none,2,DDoS,task3,category_recall,0.8571428571428571
gnn_naive,none,2,DDoS,task4,n,395000.0
gnn_naive,none,2,DDoS,task4,n_benign,393444.0
gnn_naive,none,2,DDoS,task4,n_attack,1556.0
gnn_naive,none,2,DDoS,task4,accuracy,0.9960607594936709
gnn_naive,none,2,DDoS,task4,macro_f1,0.49901324634343086
gnn_naive,none,2,DDoS,task4,fpr,0.0
gnn_naive,none,2,DDoS,task4,detection_rate,0.0
gnn_naive,none,2,DDoS,task4,binary_f1,0.0
gnn_naive,none,2,DDoS,task4,category_recall,0.0
gnn_naive,none,2,DDoS,task5,n,190000.0
gnn_naive,none,2,DDoS,task5,n_benign,185763.0
gnn_naive,none,2,DDoS,task5,n_attack,4237.0
gnn_naive,none,2,DDoS,task5,accuracy,0.9777
gnn_naive,none,2,DDoS,task5,macro_f1,0.4943621378368812
gnn_naive,none,2,DDoS,task5,fpr,0.0
gnn_naive,none,2,DDoS,task5,detection_rate,0.0
gnn_naive,none,2,DDoS,task5,binary_f1,0.0
gnn_naive,none,2,DDoS,task5,category_recall,0.0
gnn_naive,none,2,DDoS,seen,n,1040000.0
gnn_naive,none,2,DDoS,seen,n_benign,942572.0
gnn_naive,none,2,DDoS,seen,n_attack,97428.0
gnn_naive,none,2,DDoS,seen,accuracy,0.9455442307692308
gnn_naive,none,2,DDoS,seen,macro_f1,0.5210138307548132
gnn_naive,none,2,DDoS,seen,fpr,0.0001230675216322997
gnn_naive,none,2,DDoS,seen,detection_rate,0.9621977254998563
gnn_naive,none,2,DDoS,seen,binary_f1,0.9801399975952616
gnn_naive,none,2,DDoS,all,n,1895000.0
gnn_naive,none,2,DDoS,all,n_benign,1791772.0
gnn_naive,none,2,DDoS,all,n_attack,103228.0
gnn_naive,none,2,DDoS,all,accuracy,0.9670564643799472
gnn_naive,none,2,DDoS,all,macro_f1,0.36525593522310074
gnn_naive,none,2,DDoS,all,fpr,6.474037991440875e-05
gnn_naive,none,2,DDoS,all,detection_rate,0.9081935133878405
gnn_naive,none,2,DDoS,all,binary_f1,0.9513280397777721
gnn_naive,permute,2,DDoS,task0,n,175000.0
gnn_naive,permute,2,DDoS,task0,n_benign,172109.0
gnn_naive,permute,2,DDoS,task0,n_attack,2891.0
gnn_naive,permute,2,DDoS,task0,accuracy,0.98348
gnn_naive,permute,2,DDoS,task0,macro_f1,0.495835602073124
gnn_naive,permute,2,DDoS,task0,fpr,0.0
gnn_naive,permute,2,DDoS,task0,detection_rate,0.0
gnn_naive,permute,2,DDoS,task0,binary_f1,0.0
gnn_naive,permute,2,DDoS,task0,category_recall,0.0
gnn_naive,permute,2,DDoS,task1,n,385000.0
gnn_naive,permute,2,DDoS,task1,n_benign,331373.0
gnn_naive,permute,2,DDoS,task1,n_attack,53627.0
gnn_naive,permute,2,DDoS,task1,accuracy,0.8604103896103896
gnn_naive,permute,2,DDoS,task1,macro_f1,0.49931642406127014
gnn_naive,permute,2,DDoS,task1,fpr,0.0003470409478140947
gnn_naive,permute,2,DDoS,task1,detection_rate,0.9852313200440077
gnn_naive,permute,2,DDoS,task1,binary_f1,0.9914897210467549
gnn_naive,permute,2,DDoS,task1,category_recall,0.0
gnn_naive,permute,2,DDoS,task2,n,480000.0
gnn_naive,permute,2,DDoS,task2,n_benign,439090.0
gnn_naive,permute,2,DDoS,task2,n_attack,40910.0
gnn_naive,permute,2,DDoS,task2,accuracy,0.9999979166666667
gnn_naive,permute,2,DDoS,task2,macro_f1,0.9999955460945481
gnn_naive,permute,2,DDoS,task2,fpr,2.277437427406682e-06
gnn_naive,permute,2,DDoS,task2,detection_rate,1.0
gnn_naive,permute,2,DDoS,task2,binary_f1,0.999987778198751
gnn_naive,permute,2,DDoS,task2,category_recall,1.0
gnn_naive,permute,2,DDoS,task3,n,270000.0
gnn_naive,permute,2,DDoS,task3,n_benign,269993.0
gnn_naive,permute,2,DDoS,task3,n_attack,7.0
gnn_naive,permute,2,DDoS,task3,accuracy,0.9999962962962963
gnn_naive,permute,2,DDoS,task3,macro_f1,0.9615375355902442
gnn_naive,permute,2,DDoS,task3,fpr,0.0
gnn_naive,permute,2,DDoS,task3,detection_rate,0.8571428571428571
gnn_naive,permute,2,DDoS,task3,binary_f1,0.9230769230769231
gnn_naive,permute,2,DDoS,task3,category_recall,0.8571428571428571
gnn_naive,permute,2,DDoS,task4,n,395000.0
gnn_naive,permute,2,DDoS,task4,n_benign,393444.0
gnn_naive,permute,2,DDoS,task4,n_attack,1556.0
gnn_naive,permute,2,DDoS,task4,accuracy,0.9960607594936709
gnn_naive,permute,2,DDoS,task4,macro_f1,0.49901324634343086
gnn_naive,permute,2,DDoS,task4,fpr,0.0
gnn_naive,permute,2,DDoS,task4,detection_rate,0.0
gnn_naive,permute,2,DDoS,task4,binary_f1,0.0
gnn_naive,permute,2,DDoS,task4,category_recall,0.0
gnn_naive,permute,2,DDoS,task5,n,190000.0
gnn_naive,permute,2,DDoS,task5,n_benign,185763.0
gnn_naive,permute,2,DDoS,task5,n_attack,4237.0
gnn_naive,permute,2,DDoS,task5,accuracy,0.9777
gnn_naive,permute,2,DDoS,task5,macro_f1,0.4943621378368812
gnn_naive,permute,2,DDoS,task5,fpr,0.0
gnn_naive,permute,2,DDoS,task5,detection_rate,0.0
gnn_naive,permute,2,DDoS,task5,binary_f1,0.0
gnn_naive,permute,2,DDoS,task5,category_recall,0.0
gnn_naive,permute,2,DDoS,seen,n,1040000.0
gnn_naive,permute,2,DDoS,seen,n_benign,942572.0
gnn_naive,permute,2,DDoS,seen,n_attack,97428.0
gnn_naive,permute,2,DDoS,seen,accuracy,0.9455442307692308
gnn_naive,permute,2,DDoS,seen,macro_f1,0.5210138307548132
gnn_naive,permute,2,DDoS,seen,fpr,0.0001230675216322997
gnn_naive,permute,2,DDoS,seen,detection_rate,0.9621977254998563
gnn_naive,permute,2,DDoS,seen,binary_f1,0.9801399975952616
gnn_naive,permute,2,DDoS,all,n,1895000.0
gnn_naive,permute,2,DDoS,all,n_benign,1791772.0
gnn_naive,permute,2,DDoS,all,n_attack,103228.0
gnn_naive,permute,2,DDoS,all,accuracy,0.9670564643799472
gnn_naive,permute,2,DDoS,all,macro_f1,0.36525593522310074
gnn_naive,permute,2,DDoS,all,fpr,6.474037991440875e-05
gnn_naive,permute,2,DDoS,all,detection_rate,0.9081935133878405
gnn_naive,permute,2,DDoS,all,binary_f1,0.9513280397777721
gnn_naive,random_src,2,DDoS,task0,n,175000.0
gnn_naive,random_src,2,DDoS,task0,n_benign,172109.0
gnn_naive,random_src,2,DDoS,task0,n_attack,2891.0
gnn_naive,random_src,2,DDoS,task0,accuracy,0.9831028571428572
gnn_naive,random_src,2,DDoS,task0,macro_f1,0.4957397210143988
gnn_naive,random_src,2,DDoS,task0,fpr,0.00038347791225328134
gnn_naive,random_src,2,DDoS,task0,detection_rate,0.0
gnn_naive,random_src,2,DDoS,task0,binary_f1,0.0
gnn_naive,random_src,2,DDoS,task0,category_recall,0.0
gnn_naive,random_src,2,DDoS,task1,n,385000.0
gnn_naive,random_src,2,DDoS,task1,n_benign,331373.0
gnn_naive,random_src,2,DDoS,task1,n_attack,53627.0
gnn_naive,random_src,2,DDoS,task1,accuracy,0.8602077922077922
gnn_naive,random_src,2,DDoS,task1,macro_f1,0.4858084607948553
gnn_naive,random_src,2,DDoS,task1,fpr,0.0005824252428532198
gnn_naive,random_src,2,DDoS,task1,detection_rate,0.6427918772260242
gnn_naive,random_src,2,DDoS,task1,binary_f1,0.7808496902289022
gnn_naive,random_src,2,DDoS,task1,category_recall,0.0
gnn_naive,random_src,2,DDoS,task2,n,480000.0
gnn_naive,random_src,2,DDoS,task2,n_benign,439090.0
gnn_naive,random_src,2,DDoS,task2,n_attack,40910.0
gnn_naive,random_src,2,DDoS,task2,accuracy,0.9982166666666666
gnn_naive,random_src,2,DDoS,task2,macro_f1,0.9485577317681103
gnn_naive,random_src,2,DDoS,task2,fpr,0.0005784691065612972
gnn_naive,random_src,2,DDoS,task2,detection_rate,0.9852847714495233
gnn_naive,random_src,2,DDoS,task2,binary_f1,0.9894933228593873
gnn_naive,random_src,2,DDoS,task2,category_recall,0.9853077788099546
gnn_naive,random_src,2,DDoS,task3,n,270000.0
gnn_naive,random_src,2,DDoS,task3,n_benign,269993.0
gnn_naive,random_src,2,DDoS,task3,n_attack,7.0
gnn_naive,random_src,2,DDoS,task3,accuracy,0.9996481481481482
gnn_naive,random_src,2,DDoS,task3,macro_f1,0.7999120205816272
gnn_naive,random_src,2,DDoS,task3,fpr,0.00033704577526084007
gnn_naive,random_src,2,DDoS,task3,detection_rate,0.42857142857142855
gnn_naive,random_src,2,DDoS,task3,binary_f1,0.0594059405940594
gnn_naive,random_src,2,DDoS,task3,category_recall,0.42857142857142855
gnn_naive,random_src,2,DDoS,task4,n,395000.0
gnn_naive,random_src,2,DDoS,task4,n_benign,393444.0
gnn_naive,random_src,2,DDoS,task4,n_attack,1556.0
gnn_naive,random_src,2,DDoS,task4,accuracy,0.9957493670886076
gnn_naive,random_src,2,DDoS,task4,macro_f1,0.4989350784769149
gnn_naive,random_src,2,DDoS,task4,fpr,0.00031262390581632965
gnn_naive,random_src,2,DDoS,task4,detection_rate,0.0
gnn_naive,random_src,2,DDoS,task4,binary_f1,0.0
gnn_naive,random_src,2,DDoS,task4,category_recall,0.0
gnn_naive,random_src,2,DDoS,task5,n,190000.0
gnn_naive,random_src,2,DDoS,task5,n_benign,185763.0
gnn_naive,random_src,2,DDoS,task5,n_attack,4237.0
gnn_naive,random_src,2,DDoS,task5,accuracy,0.9772578947368421
gnn_naive,random_src,2,DDoS,task5,macro_f1,0.49424907966641735
gnn_naive,random_src,2,DDoS,task5,fpr,0.00045218907963372684
gnn_naive,random_src,2,DDoS,task5,detection_rate,0.0
gnn_naive,random_src,2,DDoS,task5,binary_f1,0.0
gnn_naive,random_src,2,DDoS,task5,category_recall,0.0
gnn_naive,random_src,2,DDoS,seen,n,1040000.0
gnn_naive,random_src,2,DDoS,seen,n_benign,942572.0
gnn_naive,random_src,2,DDoS,seen,n_attack,97428.0
gnn_naive,random_src,2,DDoS,seen,accuracy,0.9445836538461538
gnn_naive,random_src,2,DDoS,seen,macro_f1,0.5077492882010137
gnn_naive,random_src,2,DDoS,seen,fpr,0.0005442555051497392
gnn_naive,random_src,2,DDoS,seen,detection_rate,0.7675308946093525
gnn_naive,random_src,2,DDoS,seen,binary_f1,0.8658985641500695
gnn_naive,random_src,2,DDoS,all,n,1895000.0
gnn_naive,random_src,2,DDoS,all,n_benign,1791772.0
gnn_naive,random_src,2,DDoS,all,n_attack,103228.0
gnn_naive,random_src,2,DDoS,all,accuracy,0.9663704485488127
gnn_naive,random_src,2,DDoS,all,macro_f1,0.33579196126452004
gnn_naive,random_src,2,DDoS,all,fpr,0.0004526245526774612
gnn_naive,random_src,2,DDoS,all,detection_rate,0.7244352307513465
gnn_naive,random_src,2,DDoS,all,binary_f1,0.8363894620877861
gnn_naive,none,3,WebAttack,task0,n,175000.0
gnn_naive,none,3,WebAttack,task0,n_benign,172109.0
gnn_naive,none,3,WebAttack,task0,n_attack,2891.0
gnn_naive,none,3,WebAttack,task0,accuracy,0.9834171428571429
gnn_naive,none,3,WebAttack,task0,macro_f1,0.4999840212430311
gnn_naive,none,3,WebAttack,task0,fpr,6.391298537554689e-05
gnn_naive,none,3,WebAttack,task0,detection_rate,1.0
gnn_naive,none,3,WebAttack,task0,binary_f1,0.998101156568272
gnn_naive,none,3,WebAttack,task0,category_recall,0.0
gnn_naive,none,3,WebAttack,task1,n,385000.0
gnn_naive,none,3,WebAttack,task1,n_benign,331373.0
gnn_naive,none,3,WebAttack,task1,n_attack,53627.0
gnn_naive,none,3,WebAttack,task1,accuracy,0.8606311688311689
gnn_naive,none,3,WebAttack,task1,macro_f1,0.49937379147783706
gnn_naive,none,3,WebAttack,task1,fpr,9.053242116889427e-05
gnn_naive,none,3,WebAttack,task1,detection_rate,0.9850634941354168
gnn_naive,none,3,WebAttack,task1,binary_f1,0.9921959373796756
gnn_naive,none,3,WebAttack,task1,category_recall,0.0
gnn_naive,none,3,WebAttack,task2,n,480000.0
gnn_naive,none,3,WebAttack,task2,n_benign,439090.0
gnn_naive,none,3,WebAttack,task2,n_attack,40910.0
gnn_naive,none,3,WebAttack,task2,accuracy,0.9810104166666667
gnn_naive,none,3,WebAttack,task2,macro_f1,0.6250377315345207
gnn_naive,none,3,WebAttack,task2,fpr,0.00015486574506365437
gnn_naive,none,3,WebAttack,task2,detection_rate,0.9676851625519433
gnn_naive,none,3,WebAttack,task2,binary_f1,0.9827470645185314
gnn_naive,none,3,WebAttack,task2,category_recall,0.7788344008213954
gnn_naive,none,3,WebAttack,task3,n,270000.0
gnn_naive,none,3,WebAttack,task3,n_benign,269993.0
gnn_naive,none,3,WebAttack,task3,n_attack,7.0
gnn_naive,none,3,WebAttack,task3,accuracy,0.9998148148148148
gnn_naive,none,3,WebAttack,task3,macro_f1,0.6093286982160848
gnn_naive,none,3,WebAttack,task3,fpr,0.000185189986407055
gnn_naive,none,3,WebAttack,task3,detection_rate,1.0
gnn_naive,none,3,WebAttack,task3,binary_f1,0.21875
gnn_naive,none,3,WebAttack,task3,category_recall,1.0
gnn_naive,none,3,WebAttack,task4,n,395000.0
gnn_naive,none,3,WebAttack,task4,n_benign,393444.0
gnn_naive,none,3,WebAttack,task4,n_attack,1556.0
gnn_naive,none,3,WebAttack,task4,accuracy,0.9958911392405063
gnn_naive,none,3,WebAttack,task4,macro_f1,0.4989706701235576
gnn_naive,none,3,WebAttack,task4,fpr,0.00017029107064791939
gnn_naive,none,3,WebAttack,task4,detection_rate,0.0
gnn_naive,none,3,WebAttack,task4,binary_f1,0.0
gnn_naive,none,3,WebAttack,task4,category_recall,0.0
gnn_naive,none,3,WebAttack,task5,n,190000.0
gnn_naive,none,3,WebAttack,task5,n_benign,185763.0
gnn_naive,none,3,WebAttack,task5,n_attack,4237.0
gnn_naive,none,3,WebAttack,task5,accuracy,0.9776157894736842
gnn_naive,none,3,WebAttack,task5,macro_f1,0.4943406068444991
gnn_naive,none,3,WebAttack,task5,fpr,8.613125326356701e-05
gnn_naive,none,3,WebAttack,task5,detection_rate,0.0
gnn_naive,none,3,WebAttack,task5,binary_f1,0.0
gnn_naive,none,3,WebAttack,task5,category_recall,0.0
gnn_naive,none,3,WebAttack,seen,n,1310000.0
gnn_naive,none,3,WebAttack,seen,n_benign,1212565.0
gnn_naive,none,3,WebAttack,seen,n_attack,97435.0
gnn_naive,none,3,WebAttack,seen,accuracy,0.9498290076335878
gnn_naive,none,3,WebAttack,seen,macro_f1,0.3139553404397109
gnn_naive,none,3,WebAttack,seen,fpr,0.0001311269911303724
gnn_naive,none,3,WebAttack,seen,detection_rate,0.9782111151023759
gnn_naive,none,3,WebAttack,seen,binary_f1,0.9881704042383337
gnn_naive,none,3,WebAttack,all,n,1895000.0
gnn_naive,none,3,WebAttack,all,n_benign,1791772.0
gnn_naive,none,3,WebAttack,all,n_attack,103228.0
gnn_naive,none,3,WebAttack,all,accuracy,0.9622163588390501
gnn_naive,none,3,WebAttack,all,macro_f1,0.22406317903606712
gnn_naive,none,3,WebAttack,all,fpr,0.00013506182706281826
gnn_naive,none,3,WebAttack,all,detection_rate,0.9233153795481847
gnn_naive,none,3,WebAttack,all,binary_f1,0.9589600668068538
gnn_naive,permute,3,WebAttack,task0,n,175000.0
gnn_naive,permute,3,WebAttack,task0,n_benign,172109.0
gnn_naive,permute,3,WebAttack,task0,n_attack,2891.0
gnn_naive,permute,3,WebAttack,task0,accuracy,0.9834171428571429
gnn_naive,permute,3,WebAttack,task0,macro_f1,0.4999840212430311
gnn_naive,permute,3,WebAttack,task0,fpr,6.391298537554689e-05
gnn_naive,permute,3,WebAttack,task0,detection_rate,1.0
gnn_naive,permute,3,WebAttack,task0,binary_f1,0.998101156568272
gnn_naive,permute,3,WebAttack,task0,category_recall,0.0
gnn_naive,permute,3,WebAttack,task1,n,385000.0
gnn_naive,permute,3,WebAttack,task1,n_benign,331373.0
gnn_naive,permute,3,WebAttack,task1,n_attack,53627.0
gnn_naive,permute,3,WebAttack,task1,accuracy,0.8606311688311689
gnn_naive,permute,3,WebAttack,task1,macro_f1,0.49937379147783706
gnn_naive,permute,3,WebAttack,task1,fpr,9.053242116889427e-05
gnn_naive,permute,3,WebAttack,task1,detection_rate,0.9850634941354168
gnn_naive,permute,3,WebAttack,task1,binary_f1,0.9921959373796756
gnn_naive,permute,3,WebAttack,task1,category_recall,0.0
gnn_naive,permute,3,WebAttack,task2,n,480000.0
gnn_naive,permute,3,WebAttack,task2,n_benign,439090.0
gnn_naive,permute,3,WebAttack,task2,n_attack,40910.0
gnn_naive,permute,3,WebAttack,task2,accuracy,0.9810104166666667
gnn_naive,permute,3,WebAttack,task2,macro_f1,0.6250377315345207
gnn_naive,permute,3,WebAttack,task2,fpr,0.00015486574506365437
gnn_naive,permute,3,WebAttack,task2,detection_rate,0.9676851625519433
gnn_naive,permute,3,WebAttack,task2,binary_f1,0.9827470645185314
gnn_naive,permute,3,WebAttack,task2,category_recall,0.7788344008213954
gnn_naive,permute,3,WebAttack,task3,n,270000.0
gnn_naive,permute,3,WebAttack,task3,n_benign,269993.0
gnn_naive,permute,3,WebAttack,task3,n_attack,7.0
gnn_naive,permute,3,WebAttack,task3,accuracy,0.9998148148148148
gnn_naive,permute,3,WebAttack,task3,macro_f1,0.6093286982160848
gnn_naive,permute,3,WebAttack,task3,fpr,0.000185189986407055
gnn_naive,permute,3,WebAttack,task3,detection_rate,1.0
gnn_naive,permute,3,WebAttack,task3,binary_f1,0.21875
gnn_naive,permute,3,WebAttack,task3,category_recall,1.0
gnn_naive,permute,3,WebAttack,task4,n,395000.0
gnn_naive,permute,3,WebAttack,task4,n_benign,393444.0
gnn_naive,permute,3,WebAttack,task4,n_attack,1556.0
gnn_naive,permute,3,WebAttack,task4,accuracy,0.9958911392405063
gnn_naive,permute,3,WebAttack,task4,macro_f1,0.4989706701235576
gnn_naive,permute,3,WebAttack,task4,fpr,0.00017029107064791939
gnn_naive,permute,3,WebAttack,task4,detection_rate,0.0
gnn_naive,permute,3,WebAttack,task4,binary_f1,0.0
gnn_naive,permute,3,WebAttack,task4,category_recall,0.0
gnn_naive,permute,3,WebAttack,task5,n,190000.0
gnn_naive,permute,3,WebAttack,task5,n_benign,185763.0
gnn_naive,permute,3,WebAttack,task5,n_attack,4237.0
gnn_naive,permute,3,WebAttack,task5,accuracy,0.9776157894736842
gnn_naive,permute,3,WebAttack,task5,macro_f1,0.4943406068444991
gnn_naive,permute,3,WebAttack,task5,fpr,8.613125326356701e-05
gnn_naive,permute,3,WebAttack,task5,detection_rate,0.0
gnn_naive,permute,3,WebAttack,task5,binary_f1,0.0
gnn_naive,permute,3,WebAttack,task5,category_recall,0.0
gnn_naive,permute,3,WebAttack,seen,n,1310000.0
gnn_naive,permute,3,WebAttack,seen,n_benign,1212565.0
gnn_naive,permute,3,WebAttack,seen,n_attack,97435.0
gnn_naive,permute,3,WebAttack,seen,accuracy,0.9498290076335878
gnn_naive,permute,3,WebAttack,seen,macro_f1,0.3139553404397109
gnn_naive,permute,3,WebAttack,seen,fpr,0.0001311269911303724
gnn_naive,permute,3,WebAttack,seen,detection_rate,0.9782111151023759
gnn_naive,permute,3,WebAttack,seen,binary_f1,0.9881704042383337
gnn_naive,permute,3,WebAttack,all,n,1895000.0
gnn_naive,permute,3,WebAttack,all,n_benign,1791772.0
gnn_naive,permute,3,WebAttack,all,n_attack,103228.0
gnn_naive,permute,3,WebAttack,all,accuracy,0.9622163588390501
gnn_naive,permute,3,WebAttack,all,macro_f1,0.22406317903606712
gnn_naive,permute,3,WebAttack,all,fpr,0.00013506182706281826
gnn_naive,permute,3,WebAttack,all,detection_rate,0.9233153795481847
gnn_naive,permute,3,WebAttack,all,binary_f1,0.9589600668068538
gnn_naive,random_src,3,WebAttack,task0,n,175000.0
gnn_naive,random_src,3,WebAttack,task0,n_benign,172109.0
gnn_naive,random_src,3,WebAttack,task0,n_attack,2891.0
gnn_naive,random_src,3,WebAttack,task0,accuracy,0.9602914285714286
gnn_naive,random_src,3,WebAttack,task0,macro_f1,0.4938086954477603
gnn_naive,random_src,3,WebAttack,task0,fpr,0.023578081332179025
gnn_naive,random_src,3,WebAttack,task0,detection_rate,0.9460394327222414
gnn_naive,random_src,3,WebAttack,task0,binary_f1,0.5648492358529533
gnn_naive,random_src,3,WebAttack,task0,category_recall,0.0
gnn_naive,random_src,3,WebAttack,task1,n,385000.0
gnn_naive,random_src,3,WebAttack,task1,n_benign,331373.0
gnn_naive,random_src,3,WebAttack,task1,n_attack,53627.0
gnn_naive,random_src,3,WebAttack,task1,accuracy,0.8412779220779221
gnn_naive,random_src,3,WebAttack,task1,macro_f1,0.4932873793593959
gnn_naive,random_src,3,WebAttack,task1,fpr,0.022575768092149933
gnn_naive,random_src,3,WebAttack,task1,detection_rate,0.9751244708822049
gnn_naive,random_src,3,WebAttack,task1,binary_f1,0.9222669994091763
gnn_naive,random_src,3,WebAttack,task1,category_recall,0.0
gnn_naive,random_src,3,WebAttack,task2,n,480000.0
gnn_naive,random_src,3,WebAttack,task2,n_benign,439090.0
gnn_naive,random_src,3,WebAttack,task2,n_attack,40910.0
gnn_naive,random_src,3,WebAttack,task2,accuracy,0.9239083333333333
gnn_naive,random_src,3,WebAttack,task2,macro_f1,0.49800716169518955
gnn_naive,random_src,3,WebAttack,task2,fpr,0.02230749960144845
gnn_naive,random_src,3,WebAttack,task2,detection_rate,0.7928134930334881
gnn_naive,random_src,3,WebAttack,task2,binary_f1,0.7802355092074719
gnn_naive,random_src,3,WebAttack,task2,category_recall,0.3465750745611891
gnn_naive,random_src,3,WebAttack,task3,n,270000.0
gnn_naive,random_src,3,WebAttack,task3,n_benign,269993.0
gnn_naive,random_src,3,WebAttack,task3,n_attack,7.0
gnn_naive,random_src,3,WebAttack,task3,accuracy,0.9776296296296296
gnn_naive,random_src,3,WebAttack,task3,macro_f1,0.49550025765681655
gnn_naive,random_src,3,WebAttack,task3,fpr,0.022370950357972243
gnn_naive,random_src,3,WebAttack,task3,detection_rate,1.0
gnn_naive,random_src,3,WebAttack,task3,binary_f1,0.0023125206475057814
gnn_naive,random_src,3,WebAttack,task3,category_recall,1.0
gnn_naive,random_src,3,WebAttack,task4,n,395000.0
gnn_naive,random_src,3,WebAttack,task4,n_benign,393444.0
gnn_naive,random_src,3,WebAttack,task4,n_attack,1556.0
gnn_naive,random_src,3,WebAttack,task4,accuracy,0.9766202531645569
gnn_naive,random_src,3,WebAttack,task4,macro_f1,0.49409352253529604
gnn_naive,random_src,3,WebAttack,task4,fpr,0.019517390022468255
gnn_naive,random_src,3,WebAttack,task4,detection_rate,0.007712082262210797
gnn_naive,random_src,3,WebAttack,task4,binary_f1,0.0025954363577376446
gnn_naive,random_src,3,WebAttack,task4,category_recall,0.0
gnn_naive,random_src,3,WebAttack,task5,n,190000.0
gnn_naive,random_src,3,WebAttack,task5,n_benign,185763.0
gnn_naive,random_src,3,WebAttack,task5,n_attack,4237.0
gnn_naive,random_src,3,WebAttack,task5,accuracy,0.9609315789473685
gnn_naive,random_src,3,WebAttack,task5,macro_f1,0.4900922326969743
gnn_naive,random_src,3,WebAttack,task5,fpr,0.017150885806107782
gnn_naive,random_src,3,WebAttack,task5,detection_rate,0.009676658012744867
gnn_naive,random_src,3,WebAttack,task5,binary_f1,0.010986066452304395
gnn_naive,random_src,3,WebAttack,task5,category_recall,0.0
gnn_naive,random_src,3,WebAttack,seen,n,1310000.0
gnn_naive,random_src,3,WebAttack,seen,n_benign,1212565.0
gnn_naive,random_src,3,WebAttack,seen,n_attack,97435.0
gnn_naive,random_src,3,WebAttack,seen,accuracy,0.9155564885496184
gnn_naive,random_src,3,WebAttack,seen,macro_f1,0.29979503690801285
gnn_naive,random_src,3,WebAttack,seen,fpr,0.02257528462391707
gnn_naive,random_src,3,WebAttack,seen,detection_rate,0.8977164263355057
gnn_naive,random_src,3,WebAttack,seen,binary_f1,0.8240985877010335
gnn_naive,random_src,3,WebAttack,all,n,1895000.0
gnn_naive,random_src,3,WebAttack,all,n_benign,1791772.0
gnn_naive,random_src,3,WebAttack,all,n_attack,103228.0
gnn_naive,random_src,3,WebAttack,all,accuracy,0.9328343007915567
gnn_naive,random_src,3,WebAttack,all,macro_f1,0.21418363659839104
gnn_naive,random_src,3,WebAttack,all,fpr,0.021341442996095486
gnn_naive,random_src,3,WebAttack,all,detection_rate,0.8478513581586391
gnn_naive,random_src,3,WebAttack,all,binary_f1,0.7644209983885689
gnn_naive,none,4,Infiltration,task0,n,175000.0
gnn_naive,none,4,Infiltration,task0,n_benign,172109.0
gnn_naive,none,4,Infiltration,task0,n_attack,2891.0
gnn_naive,none,4,Infiltration,task0,accuracy,0.9477885714285714
gnn_naive,none,4,Infiltration,task0,macro_f1,0.4865972546154907
gnn_naive,none,4,Infiltration,task0,fpr,0.03629095515051508
gnn_naive,none,4,Infiltration,task0,detection_rate,0.0
gnn_naive,none,4,Infiltration,task0,binary_f1,0.0
gnn_naive,none,4,Infiltration,task0,category_recall,0.0
gnn_naive,none,4,Infiltration,task1,n,385000.0
gnn_naive,none,4,Infiltration,task1,n_benign,331373.0
gnn_naive,none,4,Infiltration,task1,n_attack,53627.0
gnn_naive,none,4,Infiltration,task1,accuracy,0.8530727272727273
gnn_naive,none,4,Infiltration,task1,macro_f1,0.4603557727214749
gnn_naive,none,4,Infiltration,task1,fpr,0.008872177274551639
gnn_naive,none,4,Infiltration,task1,detection_rate,0.0
gnn_naive,none,4,Infiltration,task1,binary_f1,0.0
gnn_naive,none,4,Infiltration,task1,category_recall,0.0
gnn_naive,none,4,Infiltration,task2,n,480000.0
gnn_naive,none,4,Infiltration,task2,n_benign,439090.0
gnn_naive,none,4,Infiltration,task2,n_attack,40910.0
gnn_naive,none,4,Infiltration,task2,accuracy,0.91476875
gnn_naive,none,4,Infiltration,task2,macro_f1,0.3184996267999016
gnn_naive,none,4,Infiltration,task2,fpr,2.277437427406682e-06
gnn_naive,none,4,Infiltration,task2,detection_rate,0.0002688829137130286
gnn_naive,none,4,Infiltration,task2,binary_f1,0.0005376081325448414
gnn_naive,none,4,Infiltration,task2,category_recall,0.0
gnn_naive,none,4,Infiltration,task3,n,270000.0
gnn_naive,none,4,Infiltration,task3,n_benign,269993.0
gnn_naive,none,4,Infiltration,task3,n_attack,7.0
gnn_naive,none,4,Infiltration,task3,accuracy,0.9999703703703704
gnn_naive,none,4,Infiltration,task3,macro_f1,0.4999925924828516
gnn_naive,none,4,Infiltration,task3,fpr,3.7037997281411e-06
gnn_naive,none,4,Infiltration,task3,detection_rate,0.0
gnn_naive,none,4,Infiltration,task3,binary_f1,0.0
gnn_naive,none,4,Infiltration,task3,category_recall,0.0
gnn_naive,none,4,Infiltration,task4,n,395000.0
gnn_naive,none,4,Infiltration,task4,n_benign,393444.0
gnn_naive,none,4,Infiltration,task4,n_attack,1556.0
gnn_naive,none,4,Infiltration,task4,accuracy,0.9999620253164557
gnn_naive,none,4,Infiltration,task4,macro_f1,0.9975812172453874
gnn_naive,none,4,Infiltration,task4,fpr,2.033326216691575e-05
gnn_naive,none,4,Infiltration,task4,detection_rate,0.9955012853470437
gnn_naive,none,4,Infiltration,task4,binary_f1,0.9951814969482814
gnn_naive,none,4,Infiltration,task4,category_recall,0.9955012853470437
gnn_naive,none,4,Infiltration,task5,n,190000.0
gnn_naive,none,4,Infiltration,task5,n_benign,185763.0
gnn_naive,none,4,Infiltration,task5,n_attack,4237.0
gnn_naive,none,4,Infiltration,task5,accuracy,0.9776947368421053
gnn_naive,none,4,Infiltration,task5,macro_f1,0.49436079220357565
gnn_naive,none,4,Infiltration,task5,fpr,5.383203328972938e-06
gnn_naive,none,4,Infiltration,task5,detection_rate,0.0
gnn_naive,none,4,Infiltration,task5,binary_f1,0.0
gnn_naive,none,4,Infiltration,task5,category_recall,0.0
gnn_naive,none,4,Infiltration,seen,n,1705000.0
gnn_naive,none,4,Infiltration,seen,n_benign,1606009.0
gnn_naive,none,4,Infiltration,seen,n_attack,98991.0
gnn_naive,none,4,Infiltration,seen,accuracy,0.9374557184750734
gnn_naive,none,4,Infiltration,seen,macro_f1,0.2032192827218011
gnn_naive,none,4,Infiltration,seen,fpr,0.005725995308868132
gnn_naive,none,4,Infiltration,seen,detection_rate,0.01575900839470255
gnn_naive,none,4,Infiltration,seen,binary_f1,0.028429023116805015
gnn_naive,none,4,Infiltration,all,n,1895000.0
gnn_naive,none,4,Infiltration,all,n_benign,1791772.0
gnn_naive,none,4,Infiltration,all,n_attack,103228.0
gnn_naive,none,4,Infiltration,all,accuracy,0.9414902374670184
gnn_naive,none,4,Infiltration,all,macro_f1,0.17449213978162811
gnn_naive,none,4,Infiltration,all,fpr,0.005132907535110494
gnn_naive,none,4,Infiltration,all,detection_rate,0.015112178866199094
gnn_naive,none,4,Infiltration,all,binary_f1,0.027372022634557177
gnn_naive,permute,4,Infiltration,task0,n,175000.0
gnn_naive,permute,4,Infiltration,task0,n_benign,172109.0
gnn_naive,permute,4,Infiltration,task0,n_attack,2891.0
gnn_naive,permute,4,Infiltration,task0,accuracy,0.9477885714285714
gnn_naive,permute,4,Infiltration,task0,macro_f1,0.4865972546154907
gnn_naive,permute,4,Infiltration,task0,fpr,0.03629095515051508
gnn_naive,permute,4,Infiltration,task0,detection_rate,0.0
gnn_naive,permute,4,Infiltration,task0,binary_f1,0.0
gnn_naive,permute,4,Infiltration,task0,category_recall,0.0
gnn_naive,permute,4,Infiltration,task1,n,385000.0
gnn_naive,permute,4,Infiltration,task1,n_benign,331373.0
gnn_naive,permute,4,Infiltration,task1,n_attack,53627.0
gnn_naive,permute,4,Infiltration,task1,accuracy,0.8530727272727273
gnn_naive,permute,4,Infiltration,task1,macro_f1,0.4603557727214749
gnn_naive,permute,4,Infiltration,task1,fpr,0.008872177274551639
gnn_naive,permute,4,Infiltration,task1,detection_rate,0.0
gnn_naive,permute,4,Infiltration,task1,binary_f1,0.0
gnn_naive,permute,4,Infiltration,task1,category_recall,0.0
gnn_naive,permute,4,Infiltration,task2,n,480000.0
gnn_naive,permute,4,Infiltration,task2,n_benign,439090.0
gnn_naive,permute,4,Infiltration,task2,n_attack,40910.0
gnn_naive,permute,4,Infiltration,task2,accuracy,0.91476875
gnn_naive,permute,4,Infiltration,task2,macro_f1,0.3184996267999016
gnn_naive,permute,4,Infiltration,task2,fpr,2.277437427406682e-06
gnn_naive,permute,4,Infiltration,task2,detection_rate,0.0002688829137130286
gnn_naive,permute,4,Infiltration,task2,binary_f1,0.0005376081325448414
gnn_naive,permute,4,Infiltration,task2,category_recall,0.0
gnn_naive,permute,4,Infiltration,task3,n,270000.0
gnn_naive,permute,4,Infiltration,task3,n_benign,269993.0
gnn_naive,permute,4,Infiltration,task3,n_attack,7.0
gnn_naive,permute,4,Infiltration,task3,accuracy,0.9999703703703704
gnn_naive,permute,4,Infiltration,task3,macro_f1,0.4999925924828516
gnn_naive,permute,4,Infiltration,task3,fpr,3.7037997281411e-06
gnn_naive,permute,4,Infiltration,task3,detection_rate,0.0
gnn_naive,permute,4,Infiltration,task3,binary_f1,0.0
gnn_naive,permute,4,Infiltration,task3,category_recall,0.0
gnn_naive,permute,4,Infiltration,task4,n,395000.0
gnn_naive,permute,4,Infiltration,task4,n_benign,393444.0
gnn_naive,permute,4,Infiltration,task4,n_attack,1556.0
gnn_naive,permute,4,Infiltration,task4,accuracy,0.9999620253164557
gnn_naive,permute,4,Infiltration,task4,macro_f1,0.9975812172453874
gnn_naive,permute,4,Infiltration,task4,fpr,2.033326216691575e-05
gnn_naive,permute,4,Infiltration,task4,detection_rate,0.9955012853470437
gnn_naive,permute,4,Infiltration,task4,binary_f1,0.9951814969482814
gnn_naive,permute,4,Infiltration,task4,category_recall,0.9955012853470437
gnn_naive,permute,4,Infiltration,task5,n,190000.0
gnn_naive,permute,4,Infiltration,task5,n_benign,185763.0
gnn_naive,permute,4,Infiltration,task5,n_attack,4237.0
gnn_naive,permute,4,Infiltration,task5,accuracy,0.9776947368421053
gnn_naive,permute,4,Infiltration,task5,macro_f1,0.49436079220357565
gnn_naive,permute,4,Infiltration,task5,fpr,5.383203328972938e-06
gnn_naive,permute,4,Infiltration,task5,detection_rate,0.0
gnn_naive,permute,4,Infiltration,task5,binary_f1,0.0
gnn_naive,permute,4,Infiltration,task5,category_recall,0.0
gnn_naive,permute,4,Infiltration,seen,n,1705000.0
gnn_naive,permute,4,Infiltration,seen,n_benign,1606009.0
gnn_naive,permute,4,Infiltration,seen,n_attack,98991.0
gnn_naive,permute,4,Infiltration,seen,accuracy,0.9374557184750734
gnn_naive,permute,4,Infiltration,seen,macro_f1,0.2032192827218011
gnn_naive,permute,4,Infiltration,seen,fpr,0.005725995308868132
gnn_naive,permute,4,Infiltration,seen,detection_rate,0.01575900839470255
gnn_naive,permute,4,Infiltration,seen,binary_f1,0.028429023116805015
gnn_naive,permute,4,Infiltration,all,n,1895000.0
gnn_naive,permute,4,Infiltration,all,n_benign,1791772.0
gnn_naive,permute,4,Infiltration,all,n_attack,103228.0
gnn_naive,permute,4,Infiltration,all,accuracy,0.9414902374670184
gnn_naive,permute,4,Infiltration,all,macro_f1,0.17449213978162811
gnn_naive,permute,4,Infiltration,all,fpr,0.005132907535110494
gnn_naive,permute,4,Infiltration,all,detection_rate,0.015112178866199094
gnn_naive,permute,4,Infiltration,all,binary_f1,0.027372022634557177
gnn_naive,random_src,4,Infiltration,task0,n,175000.0
gnn_naive,random_src,4,Infiltration,task0,n_benign,172109.0
gnn_naive,random_src,4,Infiltration,task0,n_attack,2891.0
gnn_naive,random_src,4,Infiltration,task0,accuracy,0.98348
gnn_naive,random_src,4,Infiltration,task0,macro_f1,0.495835602073124
gnn_naive,random_src,4,Infiltration,task0,fpr,0.0
gnn_naive,random_src,4,Infiltration,task0,detection_rate,0.0
gnn_naive,random_src,4,Infiltration,task0,binary_f1,0.0
gnn_naive,random_src,4,Infiltration,task0,category_recall,0.0
gnn_naive,random_src,4,Infiltration,task1,n,385000.0
gnn_naive,random_src,4,Infiltration,task1,n_benign,331373.0
gnn_naive,random_src,4,Infiltration,task1,n_attack,53627.0
gnn_naive,random_src,4,Infiltration,task1,accuracy,0.8607090909090909
gnn_naive,random_src,4,Infiltration,task1,macro_f1,0.4625704765534156
gnn_naive,random_src,4,Infiltration,task1,fpr,0.0
gnn_naive,random_src,4,Infiltration,task1,detection_rate,0.0
gnn_naive,random_src,4,Infiltration,task1,binary_f1,0.0
gnn_naive,random_src,4,Infiltration,task1,category_recall,0.0
gnn_naive,random_src,4,Infiltration,task2,n,480000.0
gnn_naive,random_src,4,Infiltration,task2,n_benign,439090.0
gnn_naive,random_src,4,Infiltration,task2,n_attack,40910.0
gnn_naive,random_src,4,Infiltration,task2,accuracy,0.9147708333333333
gnn_naive,random_src,4,Infiltration,task2,macro_f1,0.3184961936988398
gnn_naive,random_src,4,Infiltration,task2,fpr,0.0
gnn_naive,random_src,4,Infiltration,task2,detection_rate,0.0
gnn_naive,random_src,4,Infiltration,task2,binary_f1,0.0
gnn_naive,random_src,4,Infiltration,task2,category_recall,0.0
gnn_naive,random_src,4,Infiltration,task3,n,270000.0
gnn_naive,random_src,4,Infiltration,task3,n_benign,269993.0
gnn_naive,random_src,4,Infiltration,task3,n_attack,7.0
gnn_naive,random_src,4,Infiltration,task3,accuracy,0.9999740740740741
gnn_naive,random_src,4,Infiltration,task3,macro_f1,0.49999351843449824
gnn_naive,random_src,4,Infiltration,task3,fpr,0.0
gnn_naive,random_src,4,Infiltration,task3,detection_rate,0.0
gnn_naive,random_src,4,Infiltration,task3,binary_f1,0.0
gnn_naive,random_src,4,Infiltration,task3,category_recall,0.0
gnn_naive,random_src,4,Infiltration,task4,n,395000.0
gnn_naive,random_src,4,Infiltration,task4,n_benign,393444.0
gnn_naive,random_src,4,Infiltration,task4,n_attack,1556.0
gnn_naive,random_src,4,Infiltration,task4,accuracy,0.9960784810126583
gnn_naive,random_src,4,Infiltration,task4,macro_f1,0.503496243603862
gnn_naive,random_src,4,Infiltration,task4,fpr,0.0
gnn_naive,random_src,4,Infiltration,task4,detection_rate,0.004498714652956298
gnn_naive,random_src,4,Infiltration,task4,binary_f1,0.008957133717210493
gnn_naive,random_src,4,Infiltration,task4,category_recall,0.004498714652956298
gnn_naive,random_src,4,Infiltration,task5,n,190000.0
gnn_naive,random_src,4,Infiltration,task5,n_benign,185763.0
gnn_naive,random_src,4,Infiltration,task5,n_attack,4237.0
gnn_naive,random_src,4,Infiltration,task5,accuracy,0.9777
gnn_naive,random_src,4,Infiltration,task5,macro_f1,0.4943621378368812
gnn_naive,random_src,4,Infiltration,task5,fpr,0.0
gnn_naive,random_src,4,Infiltration,task5,detection_rate,0.0
gnn_naive,random_src,4,Infiltration,task5,binary_f1,0.0
gnn_naive,random_src,4,Infiltration,task5,category_recall,0.0
gnn_naive,random_src,4,Infiltration,seen,n,1705000.0
gnn_naive,random_src,4,Infiltration,seen,n_benign,1606009.0
gnn_naive,random_src,4,Infiltration,seen,n_attack,98991.0
gnn_naive,random_src,4,Infiltration,seen,accuracy,0.9419448680351906
gnn_naive,random_src,4,Infiltration,seen,macro_f1,0.16317694198775032
gnn_naive,random_src,4,Infiltration,seen,fpr,0.0
gnn_naive,random_src,4,Infiltration,seen,detection_rate,7.071349920699861e-05
gnn_naive,random_src,4,Infiltration,seen,binary_f1,0.00014141699832319844
gnn_naive,random_src,4,Infiltration,all,n,1895000.0
gnn_naive,random_src,4,Infiltration,all,n_benign,1791772.0
gnn_naive,random_src,4,Infiltration,all,n_attack,103228.0
gnn_naive,random_src,4,Infiltration,all,accuracy,0.94552981530343
gnn_naive,random_src,4,Infiltration,all,macro_f1,0.14013705965175166
gnn_naive,random_src,4,Infiltration,all,fpr,0.0
gnn_naive,random_src,4,Infiltration,all,detection_rate,6.781105901499593e-05
gnn_naive,random_src,4,Infiltration,all,binary_f1,0.00013561292197413667
gnn_naive,none,5,Botnet,task0,n,175000.0
gnn_naive,none,5,Botnet,task0,n_benign,172109.0
gnn_naive,none,5,Botnet,task0,n_attack,2891.0
gnn_naive,none,5,Botnet,task0,accuracy,0.98348
gnn_naive,none,5,Botnet,task0,macro_f1,0.495835602073124
gnn_naive,none,5,Botnet,task0,fpr,0.0
gnn_naive,none,5,Botnet,task0,detection_rate,0.0
gnn_naive,none,5,Botnet,task0,binary_f1,0.0
gnn_naive,none,5,Botnet,task0,category_recall,0.0
gnn_naive,none,5,Botnet,task1,n,385000.0
gnn_naive,none,5,Botnet,task1,n_benign,331373.0
gnn_naive,none,5,Botnet,task1,n_attack,53627.0
gnn_naive,none,5,Botnet,task1,accuracy,0.8607090909090909
gnn_naive,none,5,Botnet,task1,macro_f1,0.4625704765534156
gnn_naive,none,5,Botnet,task1,fpr,0.0
gnn_naive,none,5,Botnet,task1,detection_rate,0.0
gnn_naive,none,5,Botnet,task1,binary_f1,0.0
gnn_naive,none,5,Botnet,task1,category_recall,0.0
gnn_naive,none,5,Botnet,task2,n,480000.0
gnn_naive,none,5,Botnet,task2,n_benign,439090.0
gnn_naive,none,5,Botnet,task2,n_attack,40910.0
gnn_naive,none,5,Botnet,task2,accuracy,0.9147708333333333
gnn_naive,none,5,Botnet,task2,macro_f1,0.3184961936988398
gnn_naive,none,5,Botnet,task2,fpr,0.0
gnn_naive,none,5,Botnet,task2,detection_rate,0.0
gnn_naive,none,5,Botnet,task2,binary_f1,0.0
gnn_naive,none,5,Botnet,task2,category_recall,0.0
gnn_naive,none,5,Botnet,task3,n,270000.0
gnn_naive,none,5,Botnet,task3,n_benign,269993.0
gnn_naive,none,5,Botnet,task3,n_attack,7.0
gnn_naive,none,5,Botnet,task3,accuracy,0.9999740740740741
gnn_naive,none,5,Botnet,task3,macro_f1,0.49999351843449824
gnn_naive,none,5,Botnet,task3,fpr,0.0
gnn_naive,none,5,Botnet,task3,detection_rate,0.0
gnn_naive,none,5,Botnet,task3,binary_f1,0.0
gnn_naive,none,5,Botnet,task3,category_recall,0.0
gnn_naive,none,5,Botnet,task4,n,395000.0
gnn_naive,none,5,Botnet,task4,n_benign,393444.0
gnn_naive,none,5,Botnet,task4,n_attack,1556.0
gnn_naive,none,5,Botnet,task4,accuracy,0.9960607594936709
gnn_naive,none,5,Botnet,task4,macro_f1,0.4990341332122459
gnn_naive,none,5,Botnet,task4,fpr,0.0
gnn_naive,none,5,Botnet,task4,detection_rate,0.021208226221079693
gnn_naive,none,5,Botnet,task4,binary_f1,0.04153555695405916
gnn_naive,none,5,Botnet,task4,category_recall,0.0
gnn_naive,none,5,Botnet,task5,n,190000.0
gnn_naive,none,5,Botnet,task5,n_benign,185763.0
gnn_naive,none,5,Botnet,task5,n_attack,4237.0
gnn_naive,none,5,Botnet,task5,accuracy,1.0
gnn_naive,none,5,Botnet,task5,macro_f1,1.0
gnn_naive,none,5,Botnet,task5,fpr,0.0
gnn_naive,none,5,Botnet,task5,detection_rate,1.0
gnn_naive,none,5,Botnet,task5,binary_f1,1.0
gnn_naive,none,5,Botnet,task5,category_recall,1.0
gnn_naive,none,5,Botnet,seen,n,1895000.0
gnn_naive,none,5,Botnet,seen,n_benign,1791772.0
gnn_naive,none,5,Botnet,seen,n_attack,103228.0
gnn_naive,none,5,Botnet,seen,accuracy,0.9477620052770449
gnn_naive,none,5,Botnet,seen,macro_f1,0.28132119302326564
gnn_naive,none,5,Botnet,seen,fpr,0.0
gnn_naive,none,5,Botnet,seen,detection_rate,0.041364745999147516
gnn_naive,none,5,Botnet,seen,binary_f1,0.07944333848071591
gnn_naive,none,5,Botnet,all,n,1895000.0
gnn_naive,none,5,Botnet,all,n_benign,1791772.0
gnn_naive,none,5,Botnet,all,n_attack,103228.0
gnn_naive,none,5,Botnet,all,accuracy,0.9477620052770449
gnn_naive,none,5,Botnet,all,macro_f1,0.28132119302326564
gnn_naive,none,5,Botnet,all,fpr,0.0
gnn_naive,none,5,Botnet,all,detection_rate,0.041364745999147516
gnn_naive,none,5,Botnet,all,binary_f1,0.07944333848071591
gnn_naive,permute,5,Botnet,task0,n,175000.0
gnn_naive,permute,5,Botnet,task0,n_benign,172109.0
gnn_naive,permute,5,Botnet,task0,n_attack,2891.0
gnn_naive,permute,5,Botnet,task0,accuracy,0.98348
gnn_naive,permute,5,Botnet,task0,macro_f1,0.495835602073124
gnn_naive,permute,5,Botnet,task0,fpr,0.0
gnn_naive,permute,5,Botnet,task0,detection_rate,0.0
gnn_naive,permute,5,Botnet,task0,binary_f1,0.0
gnn_naive,permute,5,Botnet,task0,category_recall,0.0
gnn_naive,permute,5,Botnet,task1,n,385000.0
gnn_naive,permute,5,Botnet,task1,n_benign,331373.0
gnn_naive,permute,5,Botnet,task1,n_attack,53627.0
gnn_naive,permute,5,Botnet,task1,accuracy,0.8607090909090909
gnn_naive,permute,5,Botnet,task1,macro_f1,0.4625704765534156
gnn_naive,permute,5,Botnet,task1,fpr,0.0
gnn_naive,permute,5,Botnet,task1,detection_rate,0.0
gnn_naive,permute,5,Botnet,task1,binary_f1,0.0
gnn_naive,permute,5,Botnet,task1,category_recall,0.0
gnn_naive,permute,5,Botnet,task2,n,480000.0
gnn_naive,permute,5,Botnet,task2,n_benign,439090.0
gnn_naive,permute,5,Botnet,task2,n_attack,40910.0
gnn_naive,permute,5,Botnet,task2,accuracy,0.9147708333333333
gnn_naive,permute,5,Botnet,task2,macro_f1,0.3184961936988398
gnn_naive,permute,5,Botnet,task2,fpr,0.0
gnn_naive,permute,5,Botnet,task2,detection_rate,0.0
gnn_naive,permute,5,Botnet,task2,binary_f1,0.0
gnn_naive,permute,5,Botnet,task2,category_recall,0.0
gnn_naive,permute,5,Botnet,task3,n,270000.0
gnn_naive,permute,5,Botnet,task3,n_benign,269993.0
gnn_naive,permute,5,Botnet,task3,n_attack,7.0
gnn_naive,permute,5,Botnet,task3,accuracy,0.9999740740740741
gnn_naive,permute,5,Botnet,task3,macro_f1,0.49999351843449824
gnn_naive,permute,5,Botnet,task3,fpr,0.0
gnn_naive,permute,5,Botnet,task3,detection_rate,0.0
gnn_naive,permute,5,Botnet,task3,binary_f1,0.0
gnn_naive,permute,5,Botnet,task3,category_recall,0.0
gnn_naive,permute,5,Botnet,task4,n,395000.0
gnn_naive,permute,5,Botnet,task4,n_benign,393444.0
gnn_naive,permute,5,Botnet,task4,n_attack,1556.0
gnn_naive,permute,5,Botnet,task4,accuracy,0.9960607594936709
gnn_naive,permute,5,Botnet,task4,macro_f1,0.4990341332122459
gnn_naive,permute,5,Botnet,task4,fpr,0.0
gnn_naive,permute,5,Botnet,task4,detection_rate,0.021208226221079693
gnn_naive,permute,5,Botnet,task4,binary_f1,0.04153555695405916
gnn_naive,permute,5,Botnet,task4,category_recall,0.0
gnn_naive,permute,5,Botnet,task5,n,190000.0
gnn_naive,permute,5,Botnet,task5,n_benign,185763.0
gnn_naive,permute,5,Botnet,task5,n_attack,4237.0
gnn_naive,permute,5,Botnet,task5,accuracy,1.0
gnn_naive,permute,5,Botnet,task5,macro_f1,1.0
gnn_naive,permute,5,Botnet,task5,fpr,0.0
gnn_naive,permute,5,Botnet,task5,detection_rate,1.0
gnn_naive,permute,5,Botnet,task5,binary_f1,1.0
gnn_naive,permute,5,Botnet,task5,category_recall,1.0
gnn_naive,permute,5,Botnet,seen,n,1895000.0
gnn_naive,permute,5,Botnet,seen,n_benign,1791772.0
gnn_naive,permute,5,Botnet,seen,n_attack,103228.0
gnn_naive,permute,5,Botnet,seen,accuracy,0.9477620052770449
gnn_naive,permute,5,Botnet,seen,macro_f1,0.28132119302326564
gnn_naive,permute,5,Botnet,seen,fpr,0.0
gnn_naive,permute,5,Botnet,seen,detection_rate,0.041364745999147516
gnn_naive,permute,5,Botnet,seen,binary_f1,0.07944333848071591
gnn_naive,permute,5,Botnet,all,n,1895000.0
gnn_naive,permute,5,Botnet,all,n_benign,1791772.0
gnn_naive,permute,5,Botnet,all,n_attack,103228.0
gnn_naive,permute,5,Botnet,all,accuracy,0.9477620052770449
gnn_naive,permute,5,Botnet,all,macro_f1,0.28132119302326564
gnn_naive,permute,5,Botnet,all,fpr,0.0
gnn_naive,permute,5,Botnet,all,detection_rate,0.041364745999147516
gnn_naive,permute,5,Botnet,all,binary_f1,0.07944333848071591
gnn_naive,random_src,5,Botnet,task0,n,175000.0
gnn_naive,random_src,5,Botnet,task0,n_benign,172109.0
gnn_naive,random_src,5,Botnet,task0,n_attack,2891.0
gnn_naive,random_src,5,Botnet,task0,accuracy,0.98348
gnn_naive,random_src,5,Botnet,task0,macro_f1,0.495835602073124
gnn_naive,random_src,5,Botnet,task0,fpr,0.0
gnn_naive,random_src,5,Botnet,task0,detection_rate,0.0
gnn_naive,random_src,5,Botnet,task0,binary_f1,0.0
gnn_naive,random_src,5,Botnet,task0,category_recall,0.0
gnn_naive,random_src,5,Botnet,task1,n,385000.0
gnn_naive,random_src,5,Botnet,task1,n_benign,331373.0
gnn_naive,random_src,5,Botnet,task1,n_attack,53627.0
gnn_naive,random_src,5,Botnet,task1,accuracy,0.8607090909090909
gnn_naive,random_src,5,Botnet,task1,macro_f1,0.4625704765534156
gnn_naive,random_src,5,Botnet,task1,fpr,0.0
gnn_naive,random_src,5,Botnet,task1,detection_rate,0.0
gnn_naive,random_src,5,Botnet,task1,binary_f1,0.0
gnn_naive,random_src,5,Botnet,task1,category_recall,0.0
gnn_naive,random_src,5,Botnet,task2,n,480000.0
gnn_naive,random_src,5,Botnet,task2,n_benign,439090.0
gnn_naive,random_src,5,Botnet,task2,n_attack,40910.0
gnn_naive,random_src,5,Botnet,task2,accuracy,0.9147666666666666
gnn_naive,random_src,5,Botnet,task2,macro_f1,0.3184954360554521
gnn_naive,random_src,5,Botnet,task2,fpr,4.554874854813364e-06
gnn_naive,random_src,5,Botnet,task2,detection_rate,0.0
gnn_naive,random_src,5,Botnet,task2,binary_f1,0.0
gnn_naive,random_src,5,Botnet,task2,category_recall,0.0
gnn_naive,random_src,5,Botnet,task3,n,270000.0
gnn_naive,random_src,5,Botnet,task3,n_benign,269993.0
gnn_naive,random_src,5,Botnet,task3,n_attack,7.0
gnn_naive,random_src,5,Botnet,task3,accuracy,0.9999666666666667
gnn_naive,random_src,5,Botnet,task3,macro_f1,0.49999166652777544
gnn_naive,random_src,5,Botnet,task3,fpr,7.4075994562822e-06
gnn_naive,random_src,5,Botnet,task3,detection_rate,0.0
gnn_naive,random_src,5,Botnet,task3,binary_f1,0.0
gnn_naive,random_src,5,Botnet,task3,category_recall,0.0
gnn_naive,random_src,5,Botnet,task4,n,395000.0
gnn_naive,random_src,5,Botnet,task4,n_benign,393444.0
gnn_naive,random_src,5,Botnet,task4,n_attack,1556.0
gnn_naive,random_src,5,Botnet,task4,accuracy,0.9960607594936709
gnn_naive,random_src,5,Botnet,task4,macro_f1,0.4990164109081362
gnn_naive,random_src,5,Botnet,task4,fpr,0.0
gnn_naive,random_src,5,Botnet,task4,detection_rate,0.003213367609254499
gnn_naive,random_src,5,Botnet,task4,binary_f1,0.0064061499039077515
gnn_naive,random_src,5,Botnet,task4,category_recall,0.0
gnn_naive,random_src,5,Botnet,task5,n,190000.0
gnn_naive,random_src,5,Botnet,task5,n_benign,185763.0
gnn_naive,random_src,5,Botnet,task5,n_attack,4237.0
gnn_naive,random_src,5,Botnet,task5,accuracy,0.9986894736842106
gnn_naive,random_src,5,Botnet,task5,macro_f1,0.9845320198959969
gnn_naive,random_src,5,Botnet,task5,fpr,5.383203328972938e-06
gnn_naive,random_src,5,Botnet,task5,detection_rate,0.9414680198253481
gnn_naive,random_src,5,Botnet,task5,binary_f1,0.9697338033304972
gnn_naive,random_src,5,Botnet,task5,category_recall,0.9414680198253481
gnn_naive,random_src,5,Botnet,seen,n,1895000.0
gnn_naive,random_src,5,Botnet,seen,n_benign,1791772.0
gnn_naive,random_src,5,Botnet,seen,n_attack,103228.0
gnn_naive,random_src,5,Botnet,seen,accuracy,0.9476284960422163
gnn_naive,random_src,5,Botnet,seen,macro_f1,0.27738961419791874
gnn_naive,random_src,5,Botnet,seen,fpr,2.7905336170003774e-06
gnn_naive,random_src,5,Botnet,seen,detection_rate,0.03869105281512768
gnn_naive,random_src,5,Botnet,seen,binary_f1,0.07449616234717002
gnn_naive,random_src,5,Botnet,all,n,1895000.0
gnn_naive,random_src,5,Botnet,all,n_benign,1791772.0
gnn_naive,random_src,5,Botnet,all,n_attack,103228.0
gnn_naive,random_src,5,Botnet,all,accuracy,0.9476284960422163
gnn_naive,random_src,5,Botnet,all,macro_f1,0.27738961419791874
gnn_naive,random_src,5,Botnet,all,fpr,2.7905336170003774e-06
gnn_naive,random_src,5,Botnet,all,detection_rate,0.03869105281512768
gnn_naive,random_src,5,Botnet,all,binary_f1,0.07449616234717002
ffnn_ewc_replay,none,0,BruteForce,task0,n,175000.0
ffnn_ewc_replay,none,0,BruteForce,task0,n_benign,172109.0
ffnn_ewc_replay,none,0,BruteForce,task0,n_attack,2891.0
ffnn_ewc_replay,none,0,BruteForce,task0,accuracy,1.0
ffnn_ewc_replay,none,0,BruteForce,task0,macro_f1,1.0
ffnn_ewc_replay,none,0,BruteForce,task0,fpr,0.0
ffnn_ewc_replay,none,0,BruteForce,task0,detection_rate,1.0
ffnn_ewc_replay,none,0,BruteForce,task0,binary_f1,1.0
ffnn_ewc_replay,none,0,BruteForce,task0,category_recall,1.0
ffnn_ewc_replay,none,0,BruteForce,task1,n,385000.0
ffnn_ewc_replay,none,0,BruteForce,task1,n_benign,331373.0
ffnn_ewc_replay,none,0,BruteForce,task1,n_attack,53627.0
ffnn_ewc_replay,none,0,BruteForce,task1,accuracy,0.8607090909090909
ffnn_ewc_replay,none,0,BruteForce,task1,macro_f1,0.4625704765534156
ffnn_ewc_replay,none,0,BruteForce,task1,fpr,0.0
ffnn_ewc_replay,none,0,BruteForce,task1,detection_rate,0.0
ffnn_ewc_replay,none,0,BruteForce,task1,binary_f1,0.0
ffnn_ewc_replay,none,0,BruteForce,task1,category_recall,0.0
ffnn_ewc_replay,none,0,BruteForce,task2,n,480000.0
ffnn_ewc_replay,none,0,BruteForce,task2,n_benign,439090.0
ffnn_ewc_replay,none,0,BruteForce,task2,n_attack,40910.0
ffnn_ewc_replay,none,0,BruteForce,task2,accuracy,0.9147708333333333
ffnn_ewc_replay,none,0,BruteForce,task2,macro_f1,0.3184961936988398
ffnn_ewc_replay,none,0,BruteForce,task2,fpr,0.0
ffnn_ewc_replay,none,0,BruteForce,task2,detection_rate,0.0
ffnn_ewc_replay,none,0,BruteForce,task2,binary_f1,0.0
ffnn_ewc_replay,none,0,BruteForce,task2,category_recall,0.0
ffnn_ewc_replay,none,0,BruteForce,task3,n,270000.0
ffnn_ewc_replay,none,0,BruteForce,task3,n_benign,269993.0
ffnn_ewc_replay,none,0,BruteForce,task3,n_attack,7.0
ffnn_ewc_replay,none,0,BruteForce,task3,accuracy,0.9999740740740741
ffnn_ewc_replay,none,0,BruteForce,task3,macro_f1,0.49999351843449824
ffnn_ewc_replay,none,0,BruteForce,task3,fpr,0.0
ffnn_ewc_replay,none,0,BruteForce,task3,detection_rate,0.0
ffnn_ewc_replay,none,0,BruteForce,task3,binary_f1,0.0
ffnn_ewc_replay,none,0,BruteForce,task3,category_recall,0.0
ffnn_ewc_replay,none,0,BruteForce,task4,n,395000.0
ffnn_ewc_replay,none,0,BruteForce,task4,n_benign,393444.0
ffnn_ewc_replay,none,0,BruteForce,task4,n_attack,1556.0
ffnn_ewc_replay,none,0,BruteForce,task4,accuracy,0.9960607594936709
ffnn_ewc_replay,none,0,BruteForce,task4,macro_f1,0.49901324634343086
ffnn_ewc_replay,none,0,BruteForce,task4,fpr,0.0
ffnn_ewc_replay,none,0,BruteForce,task4,detection_rate,0.0
ffnn_ewc_replay,none,0,BruteForce,task4,binary_f1,0.0
ffnn_ewc_replay,none,0,BruteForce,task4,category_recall,0.0
ffnn_ewc_replay,none,0,BruteForce,task5,n,190000.0
ffnn_ewc_replay,none,0,BruteForce,task5,n_benign,185763.0
ffnn_ewc_replay,none,0,BruteForce,task5,n_attack,4237.0
ffnn_ewc_replay,none,0,BruteForce,task5,accuracy,0.9777
ffnn_ewc_replay,none,0,BruteForce,task5,macro_f1,0.4943621378368812
ffnn_ewc_replay,none,0,BruteForce,task5,fpr,0.0
ffnn_ewc_replay,none,0,BruteForce,task5,detection_rate,0.0
ffnn_ewc_replay,none,0,BruteForce,task5,binary_f1,0.0
ffnn_ewc_replay,none,0,BruteForce,task5,category_recall,0.0
ffnn_ewc_replay,none,0,BruteForce,seen,n,175000.0
ffnn_ewc_replay,none,0,BruteForce,seen,n_benign,172109.0
ffnn_ewc_replay,none,0,BruteForce,seen,n_attack,2891.0
ffnn_ewc_replay,none,0,BruteForce,seen,accuracy,1.0
ffnn_ewc_replay,none,0,BruteForce,seen,macro_f1,1.0
ffnn_ewc_replay,none,0,BruteForce,seen,fpr,0.0
ffnn_ewc_replay,none,0,BruteForce,seen,detection_rate,1.0
ffnn_ewc_replay,none,0,BruteForce,seen,binary_f1,1.0
ffnn_ewc_replay,none,0,BruteForce,all,n,1895000.0
ffnn_ewc_replay,none,0,BruteForce,all,n_benign,1791772.0
ffnn_ewc_replay,none,0,BruteForce,all,n_attack,103228.0
ffnn_ewc_replay,none,0,BruteForce,all,accuracy,0.9470517150395779
ffnn_ewc_replay,none,0,BruteForce,all,macro_f1,0.2818233193277881
ffnn_ewc_replay,none,0,BruteForce,all,fpr,0.0
ffnn_ewc_replay,none,0,BruteForce,all,detection_rate,0.02800596737319332
ffnn_ewc_replay,none,0,BruteForce,all,binary_f1,0.05448600156428161
ffnn_ewc_replay,permute,0,BruteForce,task0,n,175000.0
ffnn_ewc_replay,permute,0,BruteForce,task0,n_benign,172109.0
ffnn_ewc_replay,permute,0,BruteForce,task0,n_attack,2891.0
ffnn_ewc_replay,permute,0,BruteForce,task0,accuracy,1.0
ffnn_ewc_replay,permute,0,BruteForce,task0,macro_f1,1.0
ffnn_ewc_replay,permute,0,BruteForce,task0,fpr,0.0
ffnn_ewc_replay,permute,0,BruteForce,task0,detection_rate,1.0
ffnn_ewc_replay,permute,0,BruteForce,task0,binary_f1,1.0
ffnn_ewc_replay,permute,0,BruteForce,task0,category_recall,1.0
ffnn_ewc_replay,permute,0,BruteForce,task1,n,385000.0
ffnn_ewc_replay,permute,0,BruteForce,task1,n_benign,331373.0
ffnn_ewc_replay,permute,0,BruteForce,task1,n_attack,53627.0
ffnn_ewc_replay,permute,0,BruteForce,task1,accuracy,0.8607090909090909
ffnn_ewc_replay,permute,0,BruteForce,task1,macro_f1,0.4625704765534156
ffnn_ewc_replay,permute,0,BruteForce,task1,fpr,0.0
ffnn_ewc_replay,permute,0,BruteForce,task1,detection_rate,0.0
ffnn_ewc_replay,permute,0,BruteForce,task1,binary_f1,0.0
ffnn_ewc_replay,permute,0,BruteForce,task1,category_recall,0.0
ffnn_ewc_replay,permute,0,BruteForce,task2,n,480000.0
ffnn_ewc_replay,permute,0,BruteForce,task2,n_benign,439090.0
ffnn_ewc_replay,permute,0,BruteForce,task2,n_attack,40910.0
ffnn_ewc_replay,permute,0,BruteForce,task2,accuracy,0.9147708333333333
ffnn_ewc_replay,permute,0,BruteForce,task2,macro_f1,0.3184961936988398
ffnn_ewc_replay,permute,0,BruteForce,task2,fpr,0.0
ffnn_ewc_replay,permute,0,BruteForce,task2,detection_rate,0.0
ffnn_ewc_replay,permute,0,BruteForce,task2,binary_f1,0.0
ffnn_ewc_replay,permute,0,BruteForce,task2,category_recall,0.0
ffnn_ewc_replay,permute,0,BruteForce,task3,n,270000.0
ffnn_ewc_replay,permute,0,BruteForce,task3,n_benign,269993.0
ffnn_ewc_replay,permute,0,BruteForce,task3,n_attack,7.0
ffnn_ewc_replay,permute,0,BruteForce,task3,accuracy,0.9999740740740741
ffnn_ewc_replay,permute,0,BruteForce,task3,macro_f1,0.49999351843449824
ffnn_ewc_replay,permute,0,BruteForce,task3,fpr,0.0
ffnn_ewc_replay,permute,0,BruteForce,task3,detection_rate,0.0
ffnn_ewc_replay,permute,0,BruteForce,task3,binary_f1,0.0
ffnn_ewc_replay,permute,0,BruteForce,task3,category_recall,0.0
ffnn_ewc_replay,permute,0,BruteForce,task4,n,395000.0
ffnn_ewc_replay,permute,0,BruteForce,task4,n_benign,393444.0
ffnn_ewc_replay,permute,0,BruteForce,task4,n_attack,1556.0
ffnn_ewc_replay,permute,0,BruteForce,task4,accuracy,0.9960607594936709
ffnn_ewc_replay,permute,0,BruteForce,task4,macro_f1,0.49901324634343086
ffnn_ewc_replay,permute,0,BruteForce,task4,fpr,0.0
ffnn_ewc_replay,permute,0,BruteForce,task4,detection_rate,0.0
ffnn_ewc_replay,permute,0,BruteForce,task4,binary_f1,0.0
ffnn_ewc_replay,permute,0,BruteForce,task4,category_recall,0.0
ffnn_ewc_replay,permute,0,BruteForce,task5,n,190000.0
ffnn_ewc_replay,permute,0,BruteForce,task5,n_benign,185763.0
ffnn_ewc_replay,permute,0,BruteForce,task5,n_attack,4237.0
ffnn_ewc_replay,permute,0,BruteForce,task5,accuracy,0.9777
ffnn_ewc_replay,permute,0,BruteForce,task5,macro_f1,0.4943621378368812
ffnn_ewc_replay,permute,0,BruteForce,task5,fpr,0.0
ffnn_ewc_replay,permute,0,BruteForce,task5,detection_rate,0.0
ffnn_ewc_replay,permute,0,BruteForce,task5,binary_f1,0.0
ffnn_ewc_replay,permute,0,BruteForce,task5,category_recall,0.0
ffnn_ewc_replay,permute,0,BruteForce,seen,n,175000.0
ffnn_ewc_replay,permute,0,BruteForce,seen,n_benign,172109.0
ffnn_ewc_replay,permute,0,BruteForce,seen,n_attack,2891.0
ffnn_ewc_replay,permute,0,BruteForce,seen,accuracy,1.0
ffnn_ewc_replay,permute,0,BruteForce,seen,macro_f1,1.0
ffnn_ewc_replay,permute,0,BruteForce,seen,fpr,0.0
ffnn_ewc_replay,permute,0,BruteForce,seen,detection_rate,1.0
ffnn_ewc_replay,permute,0,BruteForce,seen,binary_f1,1.0
ffnn_ewc_replay,permute,0,BruteForce,all,n,1895000.0
ffnn_ewc_replay,permute,0,BruteForce,all,n_benign,1791772.0
ffnn_ewc_replay,permute,0,BruteForce,all,n_attack,103228.0
ffnn_ewc_replay,permute,0,BruteForce,all,accuracy,0.9470517150395779
ffnn_ewc_replay,permute,0,BruteForce,all,macro_f1,0.2818233193277881
ffnn_ewc_replay,permute,0,BruteForce,all,fpr,0.0
ffnn_ewc_replay,permute,0,BruteForce,all,detection_rate,0.02800596737319332
ffnn_ewc_replay,permute,0,BruteForce,all,binary_f1,0.05448600156428161
ffnn_ewc_replay,random_src,0,BruteForce,task0,n,175000.0
ffnn_ewc_replay,random_src,0,BruteForce,task0,n_benign,172109.0
ffnn_ewc_replay,random_src,0,BruteForce,task0,n_attack,2891.0
ffnn_ewc_replay,random_src,0,BruteForce,task0,accuracy,1.0
ffnn_ewc_replay,random_src,0,BruteForce,task0,macro_f1,1.0
ffnn_ewc_replay,random_src,0,BruteForce,task0,fpr,0.0
ffnn_ewc_replay,random_src,0,BruteForce,task0,detection_rate,1.0
ffnn_ewc_replay,random_src,0,BruteForce,task0,binary_f1,1.0
ffnn_ewc_replay,random_src,0,BruteForce,task0,category_recall,1.0
ffnn_ewc_replay,random_src,0,BruteForce,task1,n,385000.0
ffnn_ewc_replay,random_src,0,BruteForce,task1,n_benign,331373.0
ffnn_ewc_replay,random_src,0,BruteForce,task1,n_attack,53627.0
ffnn_ewc_replay,random_src,0,BruteForce,task1,accuracy,0.8607090909090909
ffnn_ewc_replay,random_src,0,BruteForce,task1,macro_f1,0.4625704765534156
ffnn_ewc_replay,random_src,0,BruteForce,task1,fpr,0.0
ffnn_ewc_replay,random_src,0,BruteForce,task1,detection_rate,0.0
ffnn_ewc_replay,random_src,0,BruteForce,task1,binary_f1,0.0
ffnn_ewc_replay,random_src,0,BruteForce,task1,category_recall,0.0
ffnn_ewc_replay,random_src,0,BruteForce,task2,n,480000.0
ffnn_ewc_replay,random_src,0,BruteForce,task2,n_benign,439090.0
ffnn_ewc_replay,random_src,0,BruteForce,task2,n_attack,40910.0
ffnn_ewc_replay,random_src,0,BruteForce,task2,accuracy,0.9147708333333333
ffnn_ewc_replay,random_src,0,BruteForce,task2,macro_f1,0.3184961936988398
ffnn_ewc_replay,random_src,0,BruteForce,task2,fpr,0.0
ffnn_ewc_replay,random_src,0,BruteForce,task2,detection_rate,0.0
ffnn_ewc_replay,random_src,0,BruteForce,task2,binary_f1,0.0
ffnn_ewc_replay,random_src,0,BruteForce,task2,category_recall,0.0
ffnn_ewc_replay,random_src,0,BruteForce,task3,n,270000.0
ffnn_ewc_replay,random_src,0,BruteForce,task3,n_benign,269993.0
ffnn_ewc_replay,random_src,0,BruteForce,task3,n_attack,7.0
ffnn_ewc_replay,random_src,0,BruteForce,task3,accuracy,0.9999740740740741
ffnn_ewc_replay,random_src,0,BruteForce,task3,macro_f1,0.49999351843449824
ffnn_ewc_replay,random_src,0,BruteForce,task3,fpr,0.0
ffnn_ewc_replay,random_src,0,BruteForce,task3,detection_rate,0.0
ffnn_ewc_replay,random_src,0,BruteForce,task3,binary_f1,0.0
ffnn_ewc_replay,random_src,0,BruteForce,task3,category_recall,0.0
ffnn_ewc_replay,random_src,0,BruteForce,task4,n,395000.0
ffnn_ewc_replay,random_src,0,BruteForce,task4,n_benign,393444.0
ffnn_ewc_replay,random_src,0,BruteForce,task4,n_attack,1556.0
ffnn_ewc_replay,random_src,0,BruteForce,task4,accuracy,0.9960607594936709
ffnn_ewc_replay,random_src,0,BruteForce,task4,macro_f1,0.49901324634343086
ffnn_ewc_replay,random_src,0,BruteForce,task4,fpr,0.0
ffnn_ewc_replay,random_src,0,BruteForce,task4,detection_rate,0.0
ffnn_ewc_replay,random_src,0,BruteForce,task4,binary_f1,0.0
ffnn_ewc_replay,random_src,0,BruteForce,task4,category_recall,0.0
ffnn_ewc_replay,random_src,0,BruteForce,task5,n,190000.0
ffnn_ewc_replay,random_src,0,BruteForce,task5,n_benign,185763.0
ffnn_ewc_replay,random_src,0,BruteForce,task5,n_attack,4237.0
ffnn_ewc_replay,random_src,0,BruteForce,task5,accuracy,0.9777
ffnn_ewc_replay,random_src,0,BruteForce,task5,macro_f1,0.4943621378368812
ffnn_ewc_replay,random_src,0,BruteForce,task5,fpr,0.0
ffnn_ewc_replay,random_src,0,BruteForce,task5,detection_rate,0.0
ffnn_ewc_replay,random_src,0,BruteForce,task5,binary_f1,0.0
ffnn_ewc_replay,random_src,0,BruteForce,task5,category_recall,0.0
ffnn_ewc_replay,random_src,0,BruteForce,seen,n,175000.0
ffnn_ewc_replay,random_src,0,BruteForce,seen,n_benign,172109.0
ffnn_ewc_replay,random_src,0,BruteForce,seen,n_attack,2891.0
ffnn_ewc_replay,random_src,0,BruteForce,seen,accuracy,1.0
ffnn_ewc_replay,random_src,0,BruteForce,seen,macro_f1,1.0
ffnn_ewc_replay,random_src,0,BruteForce,seen,fpr,0.0
ffnn_ewc_replay,random_src,0,BruteForce,seen,detection_rate,1.0
ffnn_ewc_replay,random_src,0,BruteForce,seen,binary_f1,1.0
ffnn_ewc_replay,random_src,0,BruteForce,all,n,1895000.0
ffnn_ewc_replay,random_src,0,BruteForce,all,n_benign,1791772.0
ffnn_ewc_replay,random_src,0,BruteForce,all,n_attack,103228.0
ffnn_ewc_replay,random_src,0,BruteForce,all,accuracy,0.9470517150395779
ffnn_ewc_replay,random_src,0,BruteForce,all,macro_f1,0.2818233193277881
ffnn_ewc_replay,random_src,0,BruteForce,all,fpr,0.0
ffnn_ewc_replay,random_src,0,BruteForce,all,detection_rate,0.02800596737319332
ffnn_ewc_replay,random_src,0,BruteForce,all,binary_f1,0.05448600156428161
ffnn_ewc_replay,none,1,DoS,task0,n,175000.0
ffnn_ewc_replay,none,1,DoS,task0,n_benign,172109.0
ffnn_ewc_replay,none,1,DoS,task0,n_attack,2891.0
ffnn_ewc_replay,none,1,DoS,task0,accuracy,0.9999942857142857
ffnn_ewc_replay,none,1,DoS,task0,macro_f1,0.9999985474279307
ffnn_ewc_replay,none,1,DoS,task0,fpr,5.8102713977769905e-06
ffnn_ewc_replay,none,1,DoS,task0,detection_rate,1.0
ffnn_ewc_replay,none,1,DoS,task0,binary_f1,0.9998270793705689
ffnn_ewc_replay,none,1,DoS,task0,category_recall,1.0
ffnn_ewc_replay,none,1,DoS,task1,n,385000.0
ffnn_ewc_replay,none,1,DoS,task1,n_benign,331373.0
ffnn_ewc_replay,none,1,DoS,task1,n_attack,53627.0
ffnn_ewc_replay,none,1,DoS,task1,accuracy,0.9999480519480519
ffnn_ewc_replay,none,1,DoS,task1,macro_f1,0.9998916594069033
ffnn_ewc_replay,none,1,DoS,task1,fpr,3.0177473722964757e-06
ffnn_ewc_replay,none,1,DoS,task1,detection_rate,0.9996457008596416
ffnn_ewc_replay,none,1,DoS,task1,binary_f1,0.9998134954679399
ffnn_ewc_replay,none,1,DoS,task1,category_recall,0.9996457008596416
ffnn_ewc_replay,none,1,DoS,task2,n,480000.0
ffnn_ewc_replay,none,1,DoS,task2,n_benign,439090.0
ffnn_ewc_replay,none,1,DoS,task2,n_attack,40910.0
ffnn_ewc_replay,none,1,DoS,task2,accuracy,0.9147645833333333
ffnn_ewc_replay,none,1,DoS,task2,macro_f1,0.3184950572325217
ffnn_ewc_replay,none,1,DoS,task2,fpr,6.832312282220046e-06
ffnn_ewc_replay,none,1,DoS,task2,detection_rate,0.0
ffnn_ewc_replay,none,1,DoS,task2,binary_f1,0.0
ffnn_ewc_replay,none,1,DoS,task2,category_recall,0.0
ffnn_ewc_replay,none,1,DoS,task3,n,270000.0
ffnn_ewc_replay,none,1,DoS,task3,n_benign,269993.0
ffnn_ewc_replay,none,1,DoS,task3,n_attack,7.0
ffnn_ewc_replay,none,1,DoS,task3,accuracy,0.9999370370370371
ffnn_ewc_replay,none,1,DoS,task3,macro_f1,0.49998425876370184
ffnn_ewc_replay,none,1,DoS,task3,fpr,3.7037997281411e-05
ffnn_ewc_replay,none,1,DoS,task3,detection_rate,0.0
ffnn_ewc_replay,none,1,DoS,task3,binary_f1,0.0
ffnn_ewc_replay,none,1,DoS,task3,category_recall,0.0
ffnn_ewc_replay,none,1,DoS,task4,n,395000.0
ffnn_ewc_replay,none,1,DoS,task4,n_benign,393444.0
ffnn_ewc_replay,none,1,DoS,task4,n_attack,1556.0
ffnn_ewc_replay,none,1,DoS,task4,accuracy,0.9960556962025316
ffnn_ewc_replay,none,1,DoS,task4,macro_f1,0.49901197551627136
ffnn_ewc_replay,none,1,DoS,task4,fpr,5.0833155417289375e-06
ffnn_ewc_replay,none,1,DoS,task4,detection_rate,0.0
ffnn_ewc_replay,none,1,DoS,task4,binary_f1,0.0
ffnn_ewc_replay,none,1,DoS,task4,category_recall,0.0
ffnn_ewc_replay,none,1,DoS,task5,n,190000.0
ffnn_ewc_replay,none,1,DoS,task5,n_benign,185763.0
ffnn_ewc_replay,none,1,DoS,task5,n_attack,4237.0
ffnn_ewc_replay,none,1,DoS,task5,accuracy,0.9777
ffnn_ewc_replay,none,1,DoS,task5,macro_f1,0.4943621378368812
ffnn_ewc_replay,none,1,DoS,task5,fpr,0.0
ffnn_ewc_replay,none,1,DoS,task5,detection_rate,0.0
ffnn_ewc_replay,none,1,DoS,task5,binary_f1,0.0
ffnn_ewc_replay,none,1,DoS,task5,category_recall,0.0
ffnn_ewc_replay,none,1,DoS,seen,n,560000.0
ffnn_ewc_replay,none,1,DoS,seen,n_benign,503482.0
ffnn_ewc_replay,none,1,DoS,seen,n_attack,56518.0
ffnn_ewc_replay,none,1,DoS,seen,accuracy,0.9999625
ffnn_ewc_replay,none,1,DoS,seen,macro_f1,0.9999277725507167
ffnn_ewc_replay,none,1,DoS,seen,fpr,3.97233664758621e-06
ffnn_ewc_replay,none,1,DoS,seen,detection_rate,0.9996638239145051
ffnn_ewc_replay,none,1,DoS,seen,binary_f1,0.999814190534335
ffnn_ewc_replay,none,1,DoS,all,n,1895000.0
ffnn_ewc_replay,none,1,DoS,all,n_benign,1791772.0
ffnn_ewc_replay,none,1,DoS,all,n_attack,103228.0
ffnn_ewc_replay,none,1,DoS,all,accuracy,0.975331926121372
ffnn_ewc_replay,none,1,DoS,all,macro_f1,0.4265671663228408
ffnn_ewc_replay,none,1,DoS,all,fpr,9.487814297801283e-06
ffnn_ewc_replay,none,1,DoS,all,detection_rate,0.5473224318983222
ffnn_ewc_replay,none,1,DoS,all,binary_f1,0.7073692908653846
ffnn_ewc_replay,permute,1,DoS,task0,n,175000.0
ffnn_ewc_replay,permute,1,DoS,task0,n_benign,172109.0
ffnn_ewc_replay,permute,1,DoS,task0,n_attack,2891.0
ffnn_ewc_replay,permute,1,DoS,task0,accuracy,0.9999942857142857
ffnn_ewc_replay,permute,1,DoS,task0,macro_f1,0.9999985474279307
ffnn_ewc_replay,permute,1,DoS,task0,fpr,5.8102713977769905e-06
ffnn_ewc_replay,permute,1,DoS,task0,detection_rate,1.0
ffnn_ewc_replay,permute,1,DoS,task0,binary_f1,0.9998270793705689
ffnn_ewc_replay,permute,1,DoS,task0,category_recall,1.0
ffnn_ewc_replay,permute,1,DoS,task1,n,385000.0
ffnn_ewc_replay,permute,1,DoS,task1,n_benign,331373.0
ffnn_ewc_replay,permute,1,DoS,task1,n_attack,53627.0
ffnn_ewc_replay,permute,1,DoS,task1,accuracy,0.9999480519480519
ffnn_ewc_replay,permute,1,DoS,task1,macro_f1,0.9998916594069033
ffnn_ewc_replay,permute,1,DoS,task1,fpr,3.0177473722964757e-06
ffnn_ewc_replay,permute,1,DoS,task1,detection_rate,0.9996457008596416
ffnn_ewc_replay,permute,1,DoS,task1,binary_f1,0.9998134954679399
ffnn_ewc_replay,permute,1,DoS,task1,category_recall,0.9996457008596416
ffnn_ewc_replay,permute,1,DoS,task2,n,480000.0
ffnn_ewc_replay,permute,1,DoS,task2,n_benign,439090.0
ffnn_ewc_replay,permute,1,DoS,task2,n_attack,40910.0
ffnn_ewc_replay,permute,1,DoS,task2,accuracy,0.9147645833333333
ffnn_ewc_replay,permute,1,DoS,task2,macro_f1,0.3184950572325217
ffnn_ewc_replay,permute,1,DoS,task2,fpr,6.832312282220046e-06
ffnn_ewc_replay,permute,1,DoS,task2,detection_rate,0.0
ffnn_ewc_replay,permute,1,DoS,task2,binary_f1,0.0
ffnn_ewc_replay,permute,1,DoS,task2,category_recall,0.0
ffnn_ewc_replay,permute,1,DoS,task3,n,270000.0
ffnn_ewc_replay,permute,1,DoS,task3,n_benign,269993.0
ffnn_ewc_replay,permute,1,DoS,task3,n_attack,7.0
ffnn_ewc_replay,permute,1,DoS,task3,accuracy,0.9999370370370371
ffnn_ewc_replay,permute,1,DoS,task3,macro_f1,0.49998425876370184
ffnn_ewc_replay,permute,1,DoS,task3,fpr,3.7037997281411e-05
ffnn_ewc_replay,permute,1,DoS,task3,detection_rate,0.0
ffnn_ewc_replay,permute,1,DoS,task3,binary_f1,0.0
ffnn_ewc_replay,permute,1,DoS,task3,category_recall,0.0
ffnn_ewc_replay,permute,1,DoS,task4,n,395000.0
ffnn_ewc_replay,permute,1,DoS,task4,n_benign,393444.0
ffnn_ewc_replay,permute,1,DoS,task4,n_attack,1556.0
ffnn_ewc_replay,permute,1,DoS,task4,accuracy,0.9960556962025316
ffnn_ewc_replay,permute,1,DoS,task4,macro_f1,0.49901197551627136
ffnn_ewc_replay,permute,1,DoS,task4,fpr,5.0833155417289375e-06
ffnn_ewc_replay,permute,1,DoS,task4,detection_rate,0.0
ffnn_ewc_replay,permute,1,DoS,task4,binary_f1,0.0
ffnn_ewc_replay,permute,1,DoS,task4,category_recall,0.0
ffnn_ewc_replay,permute,1,DoS,task5,n,190000.0
ffnn_ewc_replay,permute,1,DoS,task5,n_benign,185763.0
ffnn_ewc_replay,permute,1,DoS,task5,n_attack,4237.0
ffnn_ewc_replay,permute,1,DoS,task5,accuracy,0.9777
ffnn_ewc_replay,permute,1,DoS,task5,macro_f1,0.4943621378368812
ffnn_ewc_replay,permute,1,DoS,task5,fpr,0.0
ffnn_ewc_replay,permute,1,DoS,task5,detection_rate,0.0
ffnn_ewc_replay,permute,1,DoS,task5,binary_f1,0.0
ffnn_ewc_replay,permute,1,DoS,task5,category_recall,0.0
ffnn_ewc_replay,permute,1,DoS,seen,n,560000.0
ffnn_ewc_replay,permute,1,DoS,seen,n_benign,503482.0
ffnn_ewc_replay,permute,1,DoS,seen,n_attack,56518.0
ffnn_ewc_replay,permute,1,DoS,seen,accuracy,0.9999625
ffnn_ewc_replay,permute,1,DoS,seen,macro_f1,0.9999277725507167
ffnn_ewc_replay,permute,1,DoS,seen,fpr,3.97233664758621e-06
ffnn_ewc_replay,permute,1,DoS,seen,detection_rate,0.9996638239145051
ffnn_ewc_replay,permute,1,DoS,seen,binary_f1,0.999814190534335
ffnn_ewc_replay,permute,1,DoS,all,n,1895000.0
ffnn_ewc_replay,permute,1,DoS,all,n_benign,1791772.0
ffnn_ewc_replay,permute,1,DoS,all,n_attack,103228.0
ffnn_ewc_replay,permute,1,DoS,all,accuracy,0.975331926121372
ffnn_ewc_replay,permute,1,DoS,all,macro_f1,0.4265671663228408
ffnn_ewc_replay,permute,1,DoS,all,fpr,9.487814297801283e-06
ffnn_ewc_replay,permute,1,DoS,all,detection_rate,0.5473224318983222
ffnn_ewc_replay,permute,1,DoS,all,binary_f1,0.7073692908653846
ffnn_ewc_replay,random_src,1,DoS,task0,n,175000.0
ffnn_ewc_replay,random_src,1,DoS,task0,n_benign,172109.0
ffnn_ewc_replay,random_src,1,DoS,task0,n_attack,2891.0
ffnn_ewc_replay,random_src,1,DoS,task0,accuracy,0.9999942857142857
ffnn_ewc_replay,random_src,1,DoS,task0,macro_f1,0.9999985474279307
ffnn_ewc_replay,random_src,1,DoS,task0,fpr,5.8102713977769905e-06
ffnn_ewc_replay,random_src,1,DoS,task0,detection_rate,1.0
ffnn_ewc_replay,random_src,1,DoS,task0,binary_f1,0.9998270793705689
ffnn_ewc_replay,random_src,1,DoS,task0,category_recall,1.0
ffnn_ewc_replay,random_src,1,DoS,task1,n,385000.0
ffnn_ewc_replay,random_src,1,DoS,task1,n_benign,331373.0
ffnn_ewc_replay,random_src,1,DoS,task1,n_attack,53627.0
ffnn_ewc_replay,random_src,1,DoS,task1,accuracy,0.9999480519480519
ffnn_ewc_replay,random_src,1,DoS,task1,macro_f1,0.9998916594069033
ffnn_ewc_replay,random_src,1,DoS,task1,fpr,3.0177473722964757e-06
ffnn_ewc_replay,random_src,1,DoS,task1,detection_rate,0.9996457008596416
ffnn_ewc_replay,random_src,1,DoS,task1,binary_f1,0.9998134954679399
ffnn_ewc_replay,random_src,1,DoS,task1,category_recall,0.9996457008596416
ffnn_ewc_replay,random_src,1,DoS,task2,n,480000.0
ffnn_ewc_replay,random_src,1,DoS,task2,n_benign,439090.0
ffnn_ewc_replay,random_src,1,DoS,task2,n_attack,40910.0
ffnn_ewc_replay,random_src,1,DoS,task2,accuracy,0.9147645833333333
ffnn_ewc_replay,random_src,1,DoS,task2,macro_f1,0.3184950572325217
ffnn_ewc_replay,random_src,1,DoS,task2,fpr,6.832312282220046e-06
ffnn_ewc_replay,random_src,1,DoS,task2,detection_rate,0.0
ffnn_ewc_replay,random_src,1,DoS,task2,binary_f1,0.0
ffnn_ewc_replay,random_src,1,DoS,task2,category_recall,0.0
ffnn_ewc_replay,random_src,1,DoS,task3,n,270000.0
ffnn_ewc_replay,random_src,1,DoS,task3,n_benign,269993.0
ffnn_ewc_replay,random_src,1,DoS,task3,n_attack,7.0
ffnn_ewc_replay,random_src,1,DoS,task3,accuracy,0.9999370370370371
ffnn_ewc_replay,random_src,1,DoS,task3,macro_f1,0.49998425876370184
ffnn_ewc_replay,random_src,1,DoS,task3,fpr,3.7037997281411e-05
ffnn_ewc_replay,random_src,1,DoS,task3,detection_rate,0.0
ffnn_ewc_replay,random_src,1,DoS,task3,binary_f1,0.0
ffnn_ewc_replay,random_src,1,DoS,task3,category_recall,0.0
ffnn_ewc_replay,random_src,1,DoS,task4,n,395000.0
ffnn_ewc_replay,random_src,1,DoS,task4,n_benign,393444.0
ffnn_ewc_replay,random_src,1,DoS,task4,n_attack,1556.0
ffnn_ewc_replay,random_src,1,DoS,task4,accuracy,0.9960556962025316
ffnn_ewc_replay,random_src,1,DoS,task4,macro_f1,0.49901197551627136
ffnn_ewc_replay,random_src,1,DoS,task4,fpr,5.0833155417289375e-06
ffnn_ewc_replay,random_src,1,DoS,task4,detection_rate,0.0
ffnn_ewc_replay,random_src,1,DoS,task4,binary_f1,0.0
ffnn_ewc_replay,random_src,1,DoS,task4,category_recall,0.0
ffnn_ewc_replay,random_src,1,DoS,task5,n,190000.0
ffnn_ewc_replay,random_src,1,DoS,task5,n_benign,185763.0
ffnn_ewc_replay,random_src,1,DoS,task5,n_attack,4237.0
ffnn_ewc_replay,random_src,1,DoS,task5,accuracy,0.9777
ffnn_ewc_replay,random_src,1,DoS,task5,macro_f1,0.4943621378368812
ffnn_ewc_replay,random_src,1,DoS,task5,fpr,0.0
ffnn_ewc_replay,random_src,1,DoS,task5,detection_rate,0.0
ffnn_ewc_replay,random_src,1,DoS,task5,binary_f1,0.0
ffnn_ewc_replay,random_src,1,DoS,task5,category_recall,0.0
ffnn_ewc_replay,random_src,1,DoS,seen,n,560000.0
ffnn_ewc_replay,random_src,1,DoS,seen,n_benign,503482.0
ffnn_ewc_replay,random_src,1,DoS,seen,n_attack,56518.0
ffnn_ewc_replay,random_src,1,DoS,seen,accuracy,0.9999625
ffnn_ewc_replay,random_src,1,DoS,seen,macro_f1,0.9999277725507167
ffnn_ewc_replay,random_src,1,DoS,seen,fpr,3.97233664758621e-06
ffnn_ewc_replay,random_src,1,DoS,seen,detection_rate,0.9996638239145051
ffnn_ewc_replay,random_src,1,DoS,seen,binary_f1,0.999814190534335
ffnn_ewc_replay,random_src,1,DoS,all,n,1895000.0
ffnn_ewc_replay,random_src,1,DoS,all,n_benign,1791772.0
ffnn_ewc_replay,random_src,1,DoS,all,n_attack,103228.0
ffnn_ewc_replay,random_src,1,DoS,all,accuracy,0.975331926121372
ffnn_ewc_replay,random_src,1,DoS,all,macro_f1,0.4265671663228408
ffnn_ewc_replay,random_src,1,DoS,all,fpr,9.487814297801283e-06
ffnn_ewc_replay,random_src,1,DoS,all,detection_rate,0.5473224318983222
ffnn_ewc_replay,random_src,1,DoS,all,binary_f1,0.7073692908653846
ffnn_ewc_replay,none,2,DDoS,task0,n,175000.0
ffnn_ewc_replay,none,2,DDoS,task0,n_benign,172109.0
ffnn_ewc_replay,none,2,DDoS,task0,n_attack,2891.0
ffnn_ewc_replay,none,2,DDoS,task0,accuracy,0.9999942857142857
ffnn_ewc_replay,none,2,DDoS,task0,macro_f1,0.9999985474279307
ffnn_ewc_replay,none,2,DDoS,task0,fpr,5.8102713977769905e-06
ffnn_ewc_replay,none,2,DDoS,task0,detection_rate,1.0
ffnn_ewc_replay,none,2,DDoS,task0,binary_f1,0.9998270793705689
ffnn_ewc_replay,none,2,DDoS,task0,category_recall,1.0
ffnn_ewc_replay,none,2,DDoS,task1,n,385000.0
ffnn_ewc_replay,none,2,DDoS,task1,n_benign,331373.0
ffnn_ewc_replay,none,2,DDoS,task1,n_attack,53627.0
ffnn_ewc_replay,none,2,DDoS,task1,accuracy,0.9998805194805195
ffnn_ewc_replay,none,2,DDoS,task1,macro_f1,0.9997507620851602
ffnn_ewc_replay,none,2,DDoS,task1,fpr,0.0
ffnn_ewc_replay,none,2,DDoS,task1,detection_rate,0.9991422231338691
ffnn_ewc_replay,none,2,DDoS,task1,binary_f1,0.9995709275427207
ffnn_ewc_replay,none,2,DDoS,task1,category_recall,0.9991422231338691
ffnn_ewc_replay,none,2,DDoS,task2,n,480000.0
ffnn_ewc_replay,none,2,DDoS,task2,n_benign,439090.0
ffnn_ewc_replay,none,2,DDoS,task2,n_attack,40910.0
ffnn_ewc_replay,none,2,DDoS,task2,accuracy,0.9999979166666667
ffnn_ewc_replay,none,2,DDoS,task2,macro_f1,0.9999955460945481
ffnn_ewc_replay,none,2,DDoS,task2,fpr,2.277437427406682e-06
ffnn_ewc_replay,none,2,DDoS,task2,detection_rate,1.0
ffnn_ewc_replay,none,2,DDoS,task2,binary_f1,0.999987778198751
ffnn_ewc_replay,none,2,DDoS,task2,category_recall,1.0
ffnn_ewc_replay,none,2,DDoS,task3,n,270000.0
ffnn_ewc_replay,none,2,DDoS,task3,n_benign,269993.0
ffnn_ewc_replay,none,2,DDoS,task3,n_attack,7.0
ffnn_ewc_replay,none,2,DDoS,task3,accuracy,0.9999814814814815
ffnn_ewc_replay,none,2,DDoS,task3,macro_f1,0.9166620369084326
ffnn_ewc_replay,none,2,DDoS,task3,fpr,1.11113991844233e-05
ffnn_ewc_replay,none,2,DDoS,task3,detection_rate,0.7142857142857143
ffnn_ewc_replay,none,2,DDoS,task3,binary_f1,0.6666666666666666
ffnn_ewc_replay,none,2,DDoS,task3,category_recall,0.7142857142857143
ffnn_ewc_replay,none,2,DDoS,task4,n,395000.0
ffnn_ewc_replay,none,2,DDoS,task4,n_benign,393444.0
ffnn_ewc_replay,none,2,DDoS,task4,n_attack,1556.0
ffnn_ewc_replay,none,2,DDoS,task4,accuracy,0.9960506329113924
ffnn_ewc_replay,none,2,DDoS,task4,macro_f1,0.49901197050370477
ffnn_ewc_replay,none,2,DDoS,task4,fpr,1.0166631083457875e-05
ffnn_ewc_replay,none,2,DDoS,task4,detection_rate,0.0012853470437017994
ffnn_ewc_replay,none,2,DDoS,task4,binary_f1,0.002560819462227913
ffnn_ewc_replay,none,2,DDoS,task4,category_recall,0.0
ffnn_ewc_replay,none,2,DDoS,task5,n,190000.0
ffnn_ewc_replay,none,2,DDoS,task5,n_benign,185763.0
ffnn_ewc_replay,none,2,DDoS,task5,n_attack,4237.0
ffnn_ewc_replay,none,2,DDoS,task5,accuracy,0.9776894736842106
ffnn_ewc_replay,none,2,DDoS,task5,macro_f1,0.49435944656310793
ffnn_ewc_replay,none,2,DDoS,task5,fpr,1.0766406657945876e-05
ffnn_ewc_replay,none,2,DDoS,task5,detection_rate,0.0
ffnn_ewc_replay,none,2,DDoS,task5,binary_f1,0.0
ffnn_ewc_replay,none,2,DDoS,task5,category_recall,0.0
ffnn_ewc_replay,none,2,DDoS,seen,n,1040000.0
ffnn_ewc_replay,none,2,DDoS,seen,n_benign,942572.0
ffnn_ewc_replay,none,2,DDoS,seen,n_attack,97428.0
ffnn_ewc_replay,none,2,DDoS,seen,accuracy,0.9999538461538462
ffnn_ewc_replay,none,2,DDoS,seen,macro_f1,0.9999042040394519
ffnn_ewc_replay,none,2,DDoS,seen,fpr,2.1218538212465468e-06
ffnn_ewc_replay,none,2,DDoS,seen,detection_rate,0.9995278564683664
ffnn_ewc_replay,none,2,DDoS,seen,binary_f1,0.9997536086072727
ffnn_ewc_replay,none,2,DDoS,all,n,1895000.0
ffnn_ewc_replay,none,2,DDoS,all,n_benign,1791772.0
ffnn_ewc_replay,none,2,DDoS,all,n_attack,103228.0
ffnn_ewc_replay,none,2,DDoS,all,accuracy,0.9969118733509235
ffnn_ewc_replay,none,2,DDoS,all,macro_f1,0.6996840046396132
ffnn_ewc_replay,none,2,DDoS,all,fpr,6.13917395740083e-06
ffnn_ewc_replay,none,2,DDoS,all,detection_rate,0.9434358894873484
ffnn_ewc_replay,none,2,DDoS,all,binary_f1,0.9708415575094205
ffnn_ewc_replay,permute,2,DDoS,task0,n,175000.0
ffnn_ewc_replay,permute,2,DDoS,task0,n_benign,172109.0
ffnn_ewc_replay,permute,2,DDoS,task0,n_attack,2891.0
ffnn_ewc_replay,permute,2,DDoS,task0,accuracy,0.9999942857142857
ffnn_ewc_replay,permute,2,DDoS,task0,macro_f1,0.9999985474279307
ffnn_ewc_replay,permute,2,DDoS,task0,fpr,5.8102713977769905e-06
ffnn_ewc_replay,permute,2,DDoS,task0,detection_rate,1.0
ffnn_ewc_replay,permute,2,DDoS,task0,binary_f1,0.9998270793705689
ffnn_ewc_replay,permute,2,DDoS,task0,category_recall,1.0
ffnn_ewc_replay,permute,2,DDoS,task1,n,385000.0
ffnn_ewc_replay,permute,2,DDoS,task1,n_benign,331373.0
ffnn_ewc_replay,permute,2,DDoS,task1,n_attack,53627.0
ffnn_ewc_replay,permute,2,DDoS,task1,accuracy,0.9998805194805195
ffnn_ewc_replay,permute,2,DDoS,task1,macro_f1,0.9997507620851602
ffnn_ewc_replay,permute,2,DDoS,task1,fpr,0.0
ffnn_ewc_replay,permute,2,DDoS,task1,detection_rate,0.9991422231338691
ffnn_ewc_replay,permute,2,DDoS,task1,binary_f1,0.9995709275427207
ffnn_ewc_replay,permute,2,DDoS,task1,category_recall,0.9991422231338691
ffnn_ewc_replay,permute,2,DDoS,task2,n,480000.0
ffnn_ewc_replay,permute,2,DDoS,task2,n_benign,439090.0
ffnn_ewc_replay,permute,2,DDoS,task2,n_attack,40910.0
ffnn_ewc_replay,permute,2,DDoS,task2,accuracy,0.9999979166666667
ffnn_ewc_replay,permute,2,DDoS,task2,macro_f1,0.9999955460945481
ffnn_ewc_replay,permute,2,DDoS,task2,fpr,2.277437427406682e-06
ffnn_ewc_replay,permute,2,DDoS,task2,detection_rate,1.0
ffnn_ewc_replay,permute,2,DDoS,task2,binary_f1,0.999987778198751
ffnn_ewc_replay,permute,2,DDoS,task2,category_recall,1.0
ffnn_ewc_replay,permute,2,DDoS,task3,n,270000.0
ffnn_ewc_replay,permute,2,DDoS,task3,n_benign,269993.0
ffnn_ewc_replay,permute,2,DDoS,task3,n_attack,7.0
ffnn_ewc_replay,permute,2,DDoS,task3,accuracy,0.9999814814814815
ffnn_ewc_replay,permute,2,DDoS,task3,macro_f1,0.9166620369084326
ffnn_ewc_replay,permute,2,DDoS,task3,fpr,1.11113991844233e-05
ffnn_ewc_replay,permute,2,DDoS,task3,detection_rate,0.7142857142857143
ffnn_ewc_replay,permute,2,DDoS,task3,binary_f1,0.6666666666666666
ffnn_ewc_replay,permute,2,DDoS,task3,category_recall,0.7142857142857143
ffnn_ewc_replay,permute,2,DDoS,task4,n,395000.0
ffnn_ewc_replay,permute,2,DDoS,task4,n_benign,393444.0
ffnn_ewc_replay,permute,2,DDoS,task4,n_attack,1556.0
ffnn_ewc_replay,permute,2,DDoS,task4,accuracy,0.9960506329113924
ffnn_ewc_replay,permute,2,DDoS,task4,macro_f1,0.49901197050370477
ffnn_ewc_replay,permute,2,DDoS,task4,fpr,1.0166631083457875e-05
ffnn_ewc_replay,permute,2,DDoS,task4,detection_rate,0.0012853470437017994
ffnn_ewc_replay,permute,2,DDoS,task4,binary_f1,0.002560819462227913
ffnn_ewc_replay,permute,2,DDoS,task4,category_recall,0.0
ffnn_ewc_replay,permute,2,DDoS,task5,n,190000.0
ffnn_ewc_replay,permute,2,DDoS,task5,n_benign,185763.0
ffnn_ewc_replay,permute,2,DDoS,task5,n_attack,4237.0
ffnn_ewc_replay,permute,2,DDoS,task5,accuracy,0.9776894736842106
ffnn_ewc_replay,permute,2,DDoS,task5,macro_f1,0.49435944656310793
ffnn_ewc_replay,permute,2,DDoS,task5,fpr,1.0766406657945876e-05
ffnn_ewc_replay,permute,2,DDoS,task5,detection_rate,0.0
ffnn_ewc_replay,permute,2,DDoS,task5,binary_f1,0.0
ffnn_ewc_replay,permute,2,DDoS,task5,category_recall,0.0
ffnn_ewc_replay,permute,2,DDoS,seen,n,1040000.0
ffnn_ewc_replay,permute,2,DDoS,seen,n_benign,942572.0
ffnn_ewc_replay,permute,2,DDoS,seen,n_attack,97428.0
ffnn_ewc_replay,permute,2,DDoS,seen,accuracy,0.9999538461538462
ffnn_ewc_replay,permute,2,DDoS,seen,macro_f1,0.9999042040394519
ffnn_ewc_replay,permute,2,DDoS,seen,fpr,2.1218538212465468e-06
ffnn_ewc_replay,permute,2,DDoS,seen,detection_rate,0.9995278564683664
ffnn_ewc_replay,permute,2,DDoS,seen,binary_f1,0.9997536086072727
ffnn_ewc_replay,permute,2,DDoS,all,n,1895000.0
ffnn_ewc_replay,permute,2,DDoS,all,n_benign,1791772.0
ffnn_ewc_replay,permute,2,DDoS,all,n_attack,103228.0
ffnn_ewc_replay,permute,2,DDoS,all,accuracy,0.9969118733509235
ffnn_ewc_replay,permute,2,DDoS,all,macro_f1,0.6996840046396132
ffnn_ewc_replay,permute,2,DDoS,all,fpr,6.13917395740083e-06
ffnn_ewc_replay,permute,2,DDoS,all,detection_rate,0.9434358894873484
ffnn_ewc_replay,permute,2,DDoS,all,binary_f1,0.9708415575094205
ffnn_ewc_replay,random_src,2,DDoS,task0,n,175000.0
ffnn_ewc_replay,random_src,2,DDoS,task0,n_benign,172109.0
ffnn_ewc_replay,random_src,2,DDoS,task0,n_attack,2891.0
ffnn_ewc_replay,random_src,2,DDoS,task0,accuracy,0.9999942857142857
ffnn_ewc_replay,random_src,2,DDoS,task0,macro_f1,0.9999985474279307
ffnn_ewc_replay,random_src,2,DDoS,task0,fpr,5.8102713977769905e-06
ffnn_ewc_replay,random_src,2,DDoS,task0,detection_rate,1.0
ffnn_ewc_replay,random_src,2,DDoS,task0,binary_f1,0.9998270793705689
ffnn_ewc_replay,random_src,2,DDoS,task0,category_recall,1.0
ffnn_ewc_replay,random_src,2,DDoS,task1,n,385000.0
ffnn_ewc_replay,random_src,2,DDoS,task1,n_benign,331373.0
ffnn_ewc_replay,random_src,2,DDoS,task1,n_attack,53627.0
ffnn_ewc_replay,random_src,2,DDoS,task1,accuracy,0.9998805194805195
ffnn_ewc_replay,random_src,2,DDoS,task1,macro_f1,0.9997507620851602
ffnn_ewc_replay,random_src,2,DDoS,task1,fpr,0.0
ffnn_ewc_replay,random_src,2,DDoS,task1,detection_rate,0.9991422231338691
ffnn_ewc_replay,random_src,2,DDoS,task1,binary_f1,0.9995709275427207
ffnn_ewc_replay,random_src,2,DDoS,task1,category_recall,0.9991422231338691
ffnn_ewc_replay,random_src,2,DDoS,task2,n,480000.0
ffnn_ewc_replay,random_src,2,DDoS,task2,n_benign,439090.0
ffnn_ewc_replay,random_src,2,DDoS,task2,n_attack,40910.0
ffnn_ewc_replay,random_src,2,DDoS,task2,accuracy,0.9999979166666667
ffnn_ewc_replay,random_src,2,DDoS,task2,macro_f1,0.9999955460945481
ffnn_ewc_replay,random_src,2,DDoS,task2,fpr,2.277437427406682e-06
ffnn_ewc_replay,random_src,2,DDoS,task2,detection_rate,1.0
ffnn_ewc_replay,random_src,2,DDoS,task2,binary_f1,0.999987778198751
ffnn_ewc_replay,random_src,2,DDoS,task2,category_recall,1.0
ffnn_ewc_replay,random_src,2,DDoS,task3,n,270000.0
ffnn_ewc_replay,random_src,2,DDoS,task3,n_benign,269993.0
ffnn_ewc_replay,random_src,2,DDoS,task3,n_attack,7.0
ffnn_ewc_replay,random_src,2,DDoS,task3,accuracy,0.9999814814814815
ffnn_ewc_replay,random_src,2,DDoS,task3,macro_f1,0.9166620369084326
ffnn_ewc_replay,random_src,2,DDoS,task3,fpr,1.11113991844233e-05
ffnn_ewc_replay,random_src,2,DDoS,task3,detection_rate,0.7142857142857143
ffnn_ewc_replay,random_src,2,DDoS,task3,binary_f1,0.6666666666666666
ffnn_ewc_replay,random_src,2,DDoS,task3,category_recall,0.7142857142857143
ffnn_ewc_replay,random_src,2,DDoS,task4,n,395000.0
ffnn_ewc_replay,random_src,2,DDoS,task4,n_benign,393444.0
ffnn_ewc_replay,random_src,2,DDoS,task4,n_attack,1556.0
ffnn_ewc_replay,random_src,2,DDoS,task4,accuracy,0.9960506329113924
ffnn_ewc_replay,random_src,2,DDoS,task4,macro_f1,0.49901197050370477
ffnn_ewc_replay,random_src,2,DDoS,task4,fpr,1.0166631083457875e-05
ffnn_ewc_replay,random_src,2,DDoS,task4,detection_rate,0.0012853470437017994
ffnn_ewc_replay,random_src,2,DDoS,task4,binary_f1,0.002560819462227913
ffnn_ewc_replay,random_src,2,DDoS,task4,category_recall,0.0
ffnn_ewc_replay,random_src,2,DDoS,task5,n,190000.0
ffnn_ewc_replay,random_src,2,DDoS,task5,n_benign,185763.0
ffnn_ewc_replay,random_src,2,DDoS,task5,n_attack,4237.0
ffnn_ewc_replay,random_src,2,DDoS,task5,accuracy,0.9776894736842106
ffnn_ewc_replay,random_src,2,DDoS,task5,macro_f1,0.49435944656310793
ffnn_ewc_replay,random_src,2,DDoS,task5,fpr,1.0766406657945876e-05
ffnn_ewc_replay,random_src,2,DDoS,task5,detection_rate,0.0
ffnn_ewc_replay,random_src,2,DDoS,task5,binary_f1,0.0
ffnn_ewc_replay,random_src,2,DDoS,task5,category_recall,0.0
ffnn_ewc_replay,random_src,2,DDoS,seen,n,1040000.0
ffnn_ewc_replay,random_src,2,DDoS,seen,n_benign,942572.0
ffnn_ewc_replay,random_src,2,DDoS,seen,n_attack,97428.0
ffnn_ewc_replay,random_src,2,DDoS,seen,accuracy,0.9999538461538462
ffnn_ewc_replay,random_src,2,DDoS,seen,macro_f1,0.9999042040394519
ffnn_ewc_replay,random_src,2,DDoS,seen,fpr,2.1218538212465468e-06
ffnn_ewc_replay,random_src,2,DDoS,seen,detection_rate,0.9995278564683664
ffnn_ewc_replay,random_src,2,DDoS,seen,binary_f1,0.9997536086072727
ffnn_ewc_replay,random_src,2,DDoS,all,n,1895000.0
ffnn_ewc_replay,random_src,2,DDoS,all,n_benign,1791772.0
ffnn_ewc_replay,random_src,2,DDoS,all,n_attack,103228.0
ffnn_ewc_replay,random_src,2,DDoS,all,accuracy,0.9969118733509235
ffnn_ewc_replay,random_src,2,DDoS,all,macro_f1,0.6996840046396132
ffnn_ewc_replay,random_src,2,DDoS,all,fpr,6.13917395740083e-06
ffnn_ewc_replay,random_src,2,DDoS,all,detection_rate,0.9434358894873484
ffnn_ewc_replay,random_src,2,DDoS,all,binary_f1,0.9708415575094205
ffnn_ewc_replay,none,3,WebAttack,task0,n,175000.0
ffnn_ewc_replay,none,3,WebAttack,task0,n_benign,172109.0
ffnn_ewc_replay,none,3,WebAttack,task0,n_attack,2891.0
ffnn_ewc_replay,none,3,WebAttack,task0,accuracy,0.9999942857142857
ffnn_ewc_replay,none,3,WebAttack,task0,macro_f1,0.9999985474279307
ffnn_ewc_replay,none,3,WebAttack,task0,fpr,5.8102713977769905e-06
ffnn_ewc_replay,none,3,WebAttack,task0,detection_rate,1.0
ffnn_ewc_replay,none,3,WebAttack,task0,binary_f1,0.9998270793705689
ffnn_ewc_replay,none,3,WebAttack,task0,category_recall,1.0
ffnn_ewc_replay,none,3,WebAttack,task1,n,385000.0
ffnn_ewc_replay,none,3,WebAttack,task1,n_benign,331373.0
ffnn_ewc_replay,none,3,WebAttack,task1,n_attack,53627.0
ffnn_ewc_replay,none,3,WebAttack,task1,accuracy,0.9998259740259741
ffnn_ewc_replay,none,3,WebAttack,task1,macro_f1,0.9996415874045547
ffnn_ewc_replay,none,3,WebAttack,task1,fpr,3.0177473722964757e-06
ffnn_ewc_replay,none,3,WebAttack,task1,detection_rate,0.998769276670334
ffnn_ewc_replay,none,3,WebAttack,task1,binary_f1,0.9993749358609558
ffnn_ewc_replay,none,3,WebAttack,task1,category_recall,0.998769276670334
ffnn_ewc_replay,none,3,WebAttack,task2,n,480000.0
ffnn_ewc_replay,none,3,WebAttack,task2,n_benign,439090.0
ffnn_ewc_replay,none,3,WebAttack,task2,n_attack,40910.0
ffnn_ewc_replay,none,3,WebAttack,task2,accuracy,0.9999875
ffnn_ewc_replay,none,3,WebAttack,task2,macro_f1,0.871788520009769
ffnn_ewc_replay,none,3,WebAttack,task2,fpr,1.3664624564440091e-05
ffnn_ewc_replay,none,3,WebAttack,task2,detection_rate,1.0
ffnn_ewc_replay,none,3,WebAttack,task2,binary_f1,0.9999266736734045
ffnn_ewc_replay,none,3,WebAttack,task2,category_recall,1.0
ffnn_ewc_replay,none,3,WebAttack,task3,n,270000.0
ffnn_ewc_replay,none,3,WebAttack,task3,n_benign,269993.0
ffnn_ewc_replay,none,3,WebAttack,task3,n_attack,7.0
ffnn_ewc_replay,none,3,WebAttack,task3,accuracy,0.9999888888888889
ffnn_ewc_replay,none,3,WebAttack,task3,macro_f1,0.9666638888014376
ffnn_ewc_replay,none,3,WebAttack,task3,fpr,1.11113991844233e-05
ffnn_ewc_replay,none,3,WebAttack,task3,detection_rate,1.0
ffnn_ewc_replay,none,3,WebAttack,task3,binary_f1,0.8235294117647058
ffnn_ewc_replay,none,3,WebAttack,task3,category_recall,1.0
ffnn_ewc_replay,none,3,WebAttack,task4,n,395000.0
ffnn_ewc_replay,none,3,WebAttack,task4,n_benign,393444.0
ffnn_ewc_replay,none,3,WebAttack,task4,n_attack,1556.0
ffnn_ewc_replay,none,3,WebAttack,task4,accuracy,0.9960430379746835
ffnn_ewc_replay,none,3,WebAttack,task4,macro_f1,0.4990113300686298
ffnn_ewc_replay,none,3,WebAttack,task4,fpr,1.779160439605128e-05
ffnn_ewc_replay,none,3,WebAttack,task4,detection_rate,0.002570694087403599
ffnn_ewc_replay,none,3,WebAttack,task4,binary_f1,0.005105296745373325
ffnn_ewc_replay,none,3,WebAttack,task4,category_recall,0.0
ffnn_ewc_replay,none,3,WebAttack,task5,n,190000.0
ffnn_ewc_replay,none,3,WebAttack,task5,n_benign,185763.0
ffnn_ewc_replay,none,3,WebAttack,task5,n_attack,4237.0
ffnn_ewc_replay,none,3,WebAttack,task5,accuracy,0.9776894736842106
ffnn_ewc_replay,none,3,WebAttack,task5,macro_f1,0.49435944656310793
ffnn_ewc_replay,none,3,WebAttack,task5,fpr,1.0766406657945876e-05
ffnn_ewc_replay,none,3,WebAttack,task5,detection_rate,0.0
ffnn_ewc_replay,none,3,WebAttack,task5,binary_f1,0.0
ffnn_ewc_replay,none,3,WebAttack,task5,category_recall,0.0
ffnn_ewc_replay,none,3,WebAttack,seen,n,1310000.0
ffnn_ewc_replay,none,3,WebAttack,seen,n_benign,1212565.0
ffnn_ewc_replay,none,3,WebAttack,seen,n_attack,97435.0
ffnn_ewc_replay,none,3,WebAttack,seen,accuracy,0.9999412213740458
ffnn_ewc_replay,none,3,WebAttack,seen,macro_f1,0.946530414669051
ffnn_ewc_replay,none,3,WebAttack,seen,fpr,9.071678631660983e-06
ffnn_ewc_replay,none,3,WebAttack,seen,detection_rate,0.9993226253399702
ffnn_ewc_replay,none,3,WebAttack,seen,binary_f1,0.9996047532274209
ffnn_ewc_replay,none,3,WebAttack,all,n,1895000.0
ffnn_ewc_replay,none,3,WebAttack,all,n_benign,1791772.0
ffnn_ewc_replay,none,3,WebAttack,all,n_attack,103228.0
ffnn_ewc_replay,none,3,WebAttack,all,accuracy,0.9968976253298153
ffnn_ewc_replay,none,3,WebAttack,all,macro_f1,0.6692970409758754
ffnn_ewc_replay,none,3,WebAttack,all,fpr,1.116213446800151e-05
ffnn_ewc_replay,none,3,WebAttack,all,detection_rate,0.9432808927810284
ffnn_ewc_replay,none,3,WebAttack,all,binary_f1,0.9707159270465205
ffnn_ewc_replay,permute,3,WebAttack,task0,n,175000.0
ffnn_ewc_replay,permute,3,WebAttack,task0,n_benign,172109.0
ffnn_ewc_replay,permute,3,WebAttack,task0,n_attack,2891.0
ffnn_ewc_replay,permute,3,WebAttack,task0,accuracy,0.9999942857142857
ffnn_ewc_replay,permute,3,WebAttack,task0,macro_f1,0.9999985474279307
ffnn_ewc_replay,permute,3,WebAttack,task0,fpr,5.8102713977769905e-06
ffnn_ewc_replay,permute,3,WebAttack,task0,detection_rate,1.0
ffnn_ewc_replay,permute,3,WebAttack,task0,binary_f1,0.9998270793705689
ffnn_ewc_replay,permute,3,WebAttack,task0,category_recall,1.0
ffnn_ewc_replay,permute,3,WebAttack,task1,n,385000.0
ffnn_ewc_replay,permute,3,WebAttack,task1,n_benign,331373.0
ffnn_ewc_replay,permute,3,WebAttack,task1,n_attack,53627.0
ffnn_ewc_replay,permute,3,WebAttack,task1,accuracy,0.9998259740259741
ffnn_ewc_replay,permute,3,WebAttack,task1,macro_f1,0.9996415874045547
ffnn_ewc_replay,permute,3,WebAttack,task1,fpr,3.0177473722964757e-06
ffnn_ewc_replay,permute,3,WebAttack,task1,detection_rate,0.998769276670334
ffnn_ewc_replay,permute,3,WebAttack,task1,binary_f1,0.9993749358609558
ffnn_ewc_replay,permute,3,WebAttack,task1,category_recall,0.998769276670334
ffnn_ewc_replay,permute,3,WebAttack,task2,n,480000.0
ffnn_ewc_replay,permute,3,WebAttack,task2,n_benign,439090.0
ffnn_ewc_replay,permute,3,WebAttack,task2,n_attack,40910.0
ffnn_ewc_replay,permute,3,WebAttack,task2,accuracy,0.9999875
ffnn_ewc_replay,permute,3,WebAttack,task2,macro_f1,0.871788520009769
ffnn_ewc_replay,permute,3,WebAttack,task2,fpr,1.3664624564440091e-05
ffnn_ewc_replay,permute,3,WebAttack,task2,detection_rate,1.0
ffnn_ewc_replay,permute,3,WebAttack,task2,binary_f1,0.9999266736734045
ffnn_ewc_replay,permute,3,WebAttack,task2,category_recall,1.0
ffnn_ewc_replay,permute,3,WebAttack,task3,n,270000.0
ffnn_ewc_replay,permute,3,WebAttack,task3,n_benign,269993.0
ffnn_ewc_replay,permute,3,WebAttack,task3,n_attack,7.0
ffnn_ewc_replay,permute,3,WebAttack,task3,accuracy,0.9999888888888889
ffnn_ewc_replay,permute,3,WebAttack,task3,macro_f1,0.9666638888014376
ffnn_ewc_replay,permute,3,WebAttack,task3,fpr,1.11113991844233e-05
ffnn_ewc_replay,permute,3,WebAttack,task3,detection_rate,1.0
ffnn_ewc_replay,permute,3,WebAttack,task3,binary_f1,0.8235294117647058
ffnn_ewc_replay,permute,3,WebAttack,task3,category_recall,1.0
ffnn_ewc_replay,permute,3,WebAttack,task4,n,395000.0
ffnn_ewc_replay,permute,3,WebAttack,task4,n_benign,393444.0
ffnn_ewc_replay,permute,3,WebAttack,task4,n_attack,1556.0
ffnn_ewc_replay,permute,3,WebAttack,task4,accuracy,0.9960430379746835
ffnn_ewc_replay,permute,3,WebAttack,task4,macro_f1,0.4990113300686298
ffnn_ewc_replay,permute,3,WebAttack,task4,fpr,1.779160439605128e-05
ffnn_ewc_replay,permute,3,WebAttack,task4,detection_rate,0.002570694087403599
ffnn_ewc_replay,permute,3,WebAttack,task4,binary_f1,0.005105296745373325
ffnn_ewc_replay,permute,3,WebAttack,task4,category_recall,0.0
ffnn_ewc_replay,permute,3,WebAttack,task5,n,190000.0
ffnn_ewc_replay,permute,3,WebAttack,task5,n_benign,185763.0
ffnn_ewc_replay,permute,3,WebAttack,task5,n_attack,4237.0
ffnn_ewc_replay,permute,3,WebAttack,task5,accuracy,0.9776894736842106
ffnn_ewc_replay,permute,3,WebAttack,task5,macro_f1,0.49435944656310793
ffnn_ewc_replay,permute,3,WebAttack,task5,fpr,1.0766406657945876e-05
ffnn_ewc_replay,permute,3,WebAttack,task5,detection_rate,0.0
ffnn_ewc_replay,permute,3,WebAttack,task5,binary_f1,0.0
ffnn_ewc_replay,permute,3,WebAttack,task5,category_recall,0.0
ffnn_ewc_replay,permute,3,WebAttack,seen,n,1310000.0
ffnn_ewc_replay,permute,3,WebAttack,seen,n_benign,1212565.0
ffnn_ewc_replay,permute,3,WebAttack,seen,n_attack,97435.0
ffnn_ewc_replay,permute,3,WebAttack,seen,accuracy,0.9999412213740458
ffnn_ewc_replay,permute,3,WebAttack,seen,macro_f1,0.946530414669051
ffnn_ewc_replay,permute,3,WebAttack,seen,fpr,9.071678631660983e-06
ffnn_ewc_replay,permute,3,WebAttack,seen,detection_rate,0.9993226253399702
ffnn_ewc_replay,permute,3,WebAttack,seen,binary_f1,0.9996047532274209
ffnn_ewc_replay,permute,3,WebAttack,all,n,1895000.0
ffnn_ewc_replay,permute,3,WebAttack,all,n_benign,1791772.0
ffnn_ewc_replay,permute,3,WebAttack,all,n_attack,103228.0
ffnn_ewc_replay,permute,3,WebAttack,all,accuracy,0.9968976253298153
ffnn_ewc_replay,permute,3,WebAttack,all,macro_f1,0.6692970409758754
ffnn_ewc_replay,permute,3,WebAttack,all,fpr,1.116213446800151e-05
ffnn_ewc_replay,permute,3,WebAttack,all,detection_rate,0.9432808927810284
ffnn_ewc_replay,permute,3,WebAttack,all,binary_f1,0.9707159270465205
ffnn_ewc_replay,random_src,3,WebAttack,task0,n,175000.0
ffnn_ewc_replay,random_src,3,WebAttack,task0,n_benign,172109.0
ffnn_ewc_replay,random_src,3,WebAttack,task0,n_attack,2891.0
ffnn_ewc_replay,random_src,3,WebAttack,task0,accuracy,0.9999942857142857
ffnn_ewc_replay,random_src,3,WebAttack,task0,macro_f1,0.9999985474279307
ffnn_ewc_replay,random_src,3,WebAttack,task0,fpr,5.8102713977769905e-06
ffnn_ewc_replay,random_src,3,WebAttack,task0,detection_rate,1.0
ffnn_ewc_replay,random_src,3,WebAttack,task0,binary_f1,0.9998270793705689
ffnn_ewc_replay,random_src,3,WebAttack,task0,category_recall,1.0
ffnn_ewc_replay,random_src,3,WebAttack,task1,n,385000.0
ffnn_ewc_replay,random_src,3,WebAttack,task1,n_benign,331373.0
ffnn_ewc_replay,random_src,3,WebAttack,task1,n_attack,53627.0
ffnn_ewc_replay,random_src,3,WebAttack,task1,accuracy,0.9998259740259741
ffnn_ewc_replay,random_src,3,WebAttack,task1,macro_f1,0.9996415874045547
ffnn_ewc_replay,random_src,3,WebAttack,task1,fpr,3.0177473722964757e-06
ffnn_ewc_replay,random_src,3,WebAttack,task1,detection_rate,0.998769276670334
ffnn_ewc_replay,random_src,3,WebAttack,task1,binary_f1,0.9993749358609558
ffnn_ewc_replay,random_src,3,WebAttack,task1,category_recall,0.998769276670334
ffnn_ewc_replay,random_src,3,WebAttack,task2,n,480000.0
ffnn_ewc_replay,random_src,3,WebAttack,task2,n_benign,439090.0
ffnn_ewc_replay,random_src,3,WebAttack,task2,n_attack,40910.0
ffnn_ewc_replay,random_src,3,WebAttack,task2,accuracy,0.9999875
ffnn_ewc_replay,random_src,3,WebAttack,task2,macro_f1,0.871788520009769
ffnn_ewc_replay,random_src,3,WebAttack,task2,fpr,1.3664624564440091e-05
ffnn_ewc_replay,random_src,3,WebAttack,task2,detection_rate,1.0
ffnn_ewc_replay,random_src,3,WebAttack,task2,binary_f1,0.9999266736734045
ffnn_ewc_replay,random_src,3,WebAttack,task2,category_recall,1.0
ffnn_ewc_replay,random_src,3,WebAttack,task3,n,270000.0
ffnn_ewc_replay,random_src,3,WebAttack,task3,n_benign,269993.0
ffnn_ewc_replay,random_src,3,WebAttack,task3,n_attack,7.0
ffnn_ewc_replay,random_src,3,WebAttack,task3,accuracy,0.9999888888888889
ffnn_ewc_replay,random_src,3,WebAttack,task3,macro_f1,0.9666638888014376
ffnn_ewc_replay,random_src,3,WebAttack,task3,fpr,1.11113991844233e-05
ffnn_ewc_replay,random_src,3,WebAttack,task3,detection_rate,1.0
ffnn_ewc_replay,random_src,3,WebAttack,task3,binary_f1,0.8235294117647058
ffnn_ewc_replay,random_src,3,WebAttack,task3,category_recall,1.0
ffnn_ewc_replay,random_src,3,WebAttack,task4,n,395000.0
ffnn_ewc_replay,random_src,3,WebAttack,task4,n_benign,393444.0
ffnn_ewc_replay,random_src,3,WebAttack,task4,n_attack,1556.0
ffnn_ewc_replay,random_src,3,WebAttack,task4,accuracy,0.9960430379746835
ffnn_ewc_replay,random_src,3,WebAttack,task4,macro_f1,0.4990113300686298
ffnn_ewc_replay,random_src,3,WebAttack,task4,fpr,1.779160439605128e-05
ffnn_ewc_replay,random_src,3,WebAttack,task4,detection_rate,0.002570694087403599
ffnn_ewc_replay,random_src,3,WebAttack,task4,binary_f1,0.005105296745373325
ffnn_ewc_replay,random_src,3,WebAttack,task4,category_recall,0.0
ffnn_ewc_replay,random_src,3,WebAttack,task5,n,190000.0
ffnn_ewc_replay,random_src,3,WebAttack,task5,n_benign,185763.0
ffnn_ewc_replay,random_src,3,WebAttack,task5,n_attack,4237.0
ffnn_ewc_replay,random_src,3,WebAttack,task5,accuracy,0.9776894736842106
ffnn_ewc_replay,random_src,3,WebAttack,task5,macro_f1,0.49435944656310793
ffnn_ewc_replay,random_src,3,WebAttack,task5,fpr,1.0766406657945876e-05
ffnn_ewc_replay,random_src,3,WebAttack,task5,detection_rate,0.0
ffnn_ewc_replay,random_src,3,WebAttack,task5,binary_f1,0.0
ffnn_ewc_replay,random_src,3,WebAttack,task5,category_recall,0.0
ffnn_ewc_replay,random_src,3,WebAttack,seen,n,1310000.0
ffnn_ewc_replay,random_src,3,WebAttack,seen,n_benign,1212565.0
ffnn_ewc_replay,random_src,3,WebAttack,seen,n_attack,97435.0
ffnn_ewc_replay,random_src,3,WebAttack,seen,accuracy,0.9999412213740458
ffnn_ewc_replay,random_src,3,WebAttack,seen,macro_f1,0.946530414669051
ffnn_ewc_replay,random_src,3,WebAttack,seen,fpr,9.071678631660983e-06
ffnn_ewc_replay,random_src,3,WebAttack,seen,detection_rate,0.9993226253399702
ffnn_ewc_replay,random_src,3,WebAttack,seen,binary_f1,0.9996047532274209
ffnn_ewc_replay,random_src,3,WebAttack,all,n,1895000.0
ffnn_ewc_replay,random_src,3,WebAttack,all,n_benign,1791772.0
ffnn_ewc_replay,random_src,3,WebAttack,all,n_attack,103228.0
ffnn_ewc_replay,random_src,3,WebAttack,all,accuracy,0.9968976253298153
ffnn_ewc_replay,random_src,3,WebAttack,all,macro_f1,0.6692970409758754
ffnn_ewc_replay,random_src,3,WebAttack,all,fpr,1.116213446800151e-05
ffnn_ewc_replay,random_src,3,WebAttack,all,detection_rate,0.9432808927810284
ffnn_ewc_replay,random_src,3,WebAttack,all,binary_f1,0.9707159270465205
ffnn_ewc_replay,none,4,Infiltration,task0,n,175000.0
ffnn_ewc_replay,none,4,Infiltration,task0,n_benign,172109.0
ffnn_ewc_replay,none,4,Infiltration,task0,n_attack,2891.0
ffnn_ewc_replay,none,4,Infiltration,task0,accuracy,0.9992685714285714
ffnn_ewc_replay,none,4,Infiltration,task0,macro_f1,0.9998140021506001
ffnn_ewc_replay,none,4,Infiltration,task0,fpr,0.0007437147389154548
ffnn_ewc_replay,none,4,Infiltration,task0,detection_rate,1.0
ffnn_ewc_replay,none,4,Infiltration,task0,binary_f1,0.97834179357022
ffnn_ewc_replay,none,4,Infiltration,task0,category_recall,1.0
ffnn_ewc_replay,none,4,Infiltration,task1,n,385000.0
ffnn_ewc_replay,none,4,Infiltration,task1,n_benign,331373.0
ffnn_ewc_replay,none,4,Infiltration,task1,n_attack,53627.0
ffnn_ewc_replay,none,4,Infiltration,task1,accuracy,0.9992571428571428
ffnn_ewc_replay,none,4,Infiltration,task1,macro_f1,0.9995696316555416
ffnn_ewc_replay,none,4,Infiltration,task1,fpr,0.0007242593693511541
ffnn_ewc_replay,none,4,Infiltration,task1,detection_rate,0.9991422231338691
ffnn_ewc_replay,none,4,Infiltration,task1,binary_f1,0.9973382473382474
ffnn_ewc_replay,none,4,Infiltration,task1,category_recall,0.9991422231338691
ffnn_ewc_replay,none,4,Infiltration,task2,n,480000.0
ffnn_ewc_replay,none,4,Infiltration,task2,n_benign,439090.0
ffnn_ewc_replay,none,4,Infiltration,task2,n_attack,40910.0
ffnn_ewc_replay,none,4,Infiltration,task2,accuracy,0.99915
ffnn_ewc_replay,none,4,Infiltration,task2,macro_f1,0.7776076818966321
ffnn_ewc_replay,none,4,Infiltration,task2,fpr,0.0009223621580997062
ffnn_ewc_replay,none,4,Infiltration,task2,detection_rate,1.0
ffnn_ewc_replay,none,4,Infiltration,task2,binary_f1,0.9950744907266647
ffnn_ewc_replay,none,4,Infiltration,task2,category_recall,0.9999266611255072
ffnn_ewc_replay,none,4,Infiltration,task3,n,270000.0
ffnn_ewc_replay,none,4,Infiltration,task3,n_benign,269993.0
ffnn_ewc_replay,none,4,Infiltration,task3,n_attack,7.0
ffnn_ewc_replay,none,4,Infiltration,task3,accuracy,0.9987259259259259
ffnn_ewc_replay,none,4,Infiltration,task3,macro_f1,0.7496812713566722
ffnn_ewc_replay,none,4,Infiltration,task3,fpr,0.0012704033067523974
ffnn_ewc_replay,none,4,Infiltration,task3,detection_rate,0.8571428571428571
ffnn_ewc_replay,none,4,Infiltration,task3,binary_f1,0.033707865168539325
ffnn_ewc_replay,none,4,Infiltration,task3,category_recall,0.8571428571428571
ffnn_ewc_replay,none,4,Infiltration,task4,n,395000.0
ffnn_ewc_replay,none,4,Infiltration,task4,n_benign,393444.0
ffnn_ewc_replay,none,4,Infiltration,task4,n_attack,1556.0
ffnn_ewc_replay,none,4,Infiltration,task4,accuracy,0.9993037974683544
ffnn_ewc_replay,none,4,Infiltration,task4,macro_f1,0.9610666625142503
ffnn_ewc_replay,none,4,Infiltration,task4,fpr,0.0006913309136751354
ffnn_ewc_replay,none,4,Infiltration,task4,detection_rate,0.9980719794344473
ffnn_ewc_replay,none,4,Infiltration,task4,binary_f1,0.9186631174208814
ffnn_ewc_replay,none,4,Infiltration,task4,category_recall,0.9980719794344473
ffnn_ewc_replay,none,4,Infiltration,task5,n,190000.0
ffnn_ewc_replay,none,4,Infiltration,task5,n_benign,185763.0
ffnn_ewc_replay,none,4,Infiltration,task5,n_attack,4237.0
ffnn_ewc_replay,none,4,Infiltration,task5,accuracy,0.977278947368421
ffnn_ewc_replay,none,4,Infiltration,task5,macro_f1,0.4942544645352598
ffnn_ewc_replay,none,4,Infiltration,task5,fpr,0.0004306562663178351
ffnn_ewc_replay,none,4,Infiltration,task5,detection_rate,0.0
ffnn_ewc_replay,none,4,Infiltration,task5,binary_f1,0.0
ffnn_ewc_replay,none,4,Infiltration,task5,category_recall,0.0
ffnn_ewc_replay,none,4,Infiltration,seen,n,1705000.0
ffnn_ewc_replay,none,4,Infiltration,seen,n_benign,1606009.0
ffnn_ewc_replay,none,4,Infiltration,seen,n_attack,98991.0
ffnn_ewc_replay,none,4,Infiltration,seen,accuracy,0.9991548387096775
ffnn_ewc_replay,none,4,Infiltration,seen,macro_f1,0.8293621498238747
ffnn_ewc_replay,none,4,Infiltration,seen,fpr,0.0008642541853750509
ffnn_ewc_replay,none,4,Infiltration,seen,detection_rate,0.9994949035770929
ffnn_ewc_replay,none,4,Infiltration,seen,binary_f1,0.9927854706000402
ffnn_ewc_replay,none,4,Infiltration,all,n,1895000.0
ffnn_ewc_replay,none,4,Infiltration,all,n_benign,1791772.0
ffnn_ewc_replay,none,4,Infiltration,all,n_attack,103228.0
ffnn_ewc_replay,none,4,Infiltration,all,accuracy,0.9969614775725594
ffnn_ewc_replay,none,4,Infiltration,all,macro_f1,0.7051543247816324
ffnn_ewc_replay,none,4,Infiltration,all,fpr,0.0008193006699513108
ffnn_ewc_replay,none,4,Infiltration,all,detection_rate,0.9584705700003875
ffnn_ewc_replay,none,4,Infiltration,all,binary_f1,0.9717389276015655
ffnn_ewc_replay,permute,4,Infiltration,task0,n,175000.0
ffnn_ewc_replay,permute,4,Infiltration,task0,n_benign,172109.0
ffnn_ewc_replay,permute,4,Infiltration,task0,n_attack,2891.0
ffnn_ewc_replay,permute,4,Infiltration,task0,accuracy,0.9992685714285714
ffnn_ewc_replay,permute,4,Infiltration,task0,macro_f1,0.9998140021506001
ffnn_ewc_replay,permute,4,Infiltration,task0,fpr,0.0007437147389154548
ffnn_ewc_replay,permute,4,Infiltration,task0,detection_rate,1.0
ffnn_ewc_replay,permute,4,Infiltration,task0,binary_f1,0.97834179357022
ffnn_ewc_replay,permute,4,Infiltration,task0,category_recall,1.0
ffnn_ewc_replay,permute,4,Infiltration,task1,n,385000.0
ffnn_ewc_replay,permute,4,Infiltration,task1,n_benign,331373.0
ffnn_ewc_replay,permute,4,Infiltration,task1,n_attack,53627.0
ffnn_ewc_replay,permute,4,Infiltration,task1,accuracy,0.9992571428571428
ffnn_ewc_replay,permute,4,Infiltration,task1,macro_f1,0.9995696316555416
ffnn_ewc_replay,permute,4,Infiltration,task1,fpr,0.0007242593693511541
ffnn_ewc_replay,permute,4,Infiltration,task1,detection_rate,0.9991422231338691
ffnn_ewc_replay,permute,4,Infiltration,task1,binary_f1,0.9973382473382474
ffnn_ewc_replay,permute,4,Infiltration,task1,category_recall,0.9991422231338691
ffnn_ewc_replay,permute,4,Infiltration,task2,n,480000.0
ffnn_ewc_replay,permute,4,Infiltration,task2,n_benign,439090.0
ffnn_ewc_replay,permute,4,Infiltration,task2,n_attack,40910.0
ffnn_ewc_replay,permute,4,Infiltration,task2,accuracy,0.99915
ffnn_ewc_replay,permute,4,Infiltration,task2,macro_f1,0.7776076818966321
ffnn_ewc_replay,permute,4,Infiltration,task2,fpr,0.0009223621580997062
ffnn_ewc_replay,permute,4,Infiltration,task2,detection_rate,1.0
ffnn_ewc_replay,permute,4,Infiltration,task2,binary_f1,0.9950744907266647
ffnn_ewc_replay,permute,4,Infiltration,task2,category_recall,0.9999266611255072
ffnn_ewc_replay,permute,4,Infiltration,task3,n,270000.0
ffnn_ewc_replay,permute,4,Infiltration,task3,n_benign,269993.0
ffnn_ewc_replay,permute,4,Infiltration,task3,n_attack,7.0
ffnn_ewc_replay,permute,4,Infiltration,task3,accuracy,0.9987259259259259
ffnn_ewc_replay,permute,4,Infiltration,task3,macro_f1,0.7496812713566722
ffnn_ewc_replay,permute,4,Infiltration,task3,fpr,0.0012704033067523974
ffnn_ewc_replay,permute,4,Infiltration,task3,detection_rate,0.8571428571428571
ffnn_ewc_replay,permute,4,Infiltration,task3,binary_f1,0.033707865168539325
ffnn_ewc_replay,permute,4,Infiltration,task3,category_recall,0.8571428571428571
ffnn_ewc_replay,permute,4,Infiltration,task4,n,395000.0
ffnn_ewc_replay,permute,4,Infiltration,task4,n_benign,393444.0
ffnn_ewc_replay,permute,4,Infiltration,task4,n_attack,1556.0
ffnn_ewc_replay,permute,4,Infiltration,task4,accuracy,0.9993037974683544
ffnn_ewc_replay,permute,4,Infiltration,task4,macro_f1,0.9610666625142503
ffnn_ewc_replay,permute,4,Infiltration,task4,fpr,0.0006913309136751354
ffnn_ewc_replay,permute,4,Infiltration,task4,detection_rate,0.9980719794344473
ffnn_ewc_replay,permute,4,Infiltration,task4,binary_f1,0.9186631174208814
ffnn_ewc_replay,permute,4,Infiltration,task4,category_recall,0.9980719794344473
ffnn_ewc_replay,permute,4,Infiltration,task5,n,190000.0
ffnn_ewc_replay,permute,4,Infiltration,task5,n_benign,185763.0
ffnn_ewc_replay,permute,4,Infiltration,task5,n_attack,4237.0
ffnn_ewc_replay,permute,4,Infiltration,task5,accuracy,0.977278947368421
ffnn_ewc_replay,permute,4,Infiltration,task5,macro_f1,0.4942544645352598
ffnn_ewc_replay,permute,4,Infiltration,task5,fpr,0.0004306562663178351
ffnn_ewc_replay,permute,4,Infiltration,task5,detection_rate,0.0
ffnn_ewc_replay,permute,4,Infiltration,task5,binary_f1,0.0
ffnn_ewc_replay,permute,4,Infiltration,task5,category_recall,0.0
ffnn_ewc_replay,permute,4,Infiltration,seen,n,1705000.0
ffnn_ewc_replay,permute,4,Infiltration,seen,n_benign,1606009.0
ffnn_ewc_replay,permute,4,Infiltration,seen,n_attack,98991.0
ffnn_ewc_replay,permute,4,Infiltration,seen,accuracy,0.9991548387096775
ffnn_ewc_replay,permute,4,Infiltration,seen,macro_f1,0.8293621498238747
ffnn_ewc_replay,permute,4,Infiltration,seen,fpr,0.0008642541853750509
ffnn_ewc_replay,permute,4,Infiltration,seen,detection_rate,0.9994949035770929
ffnn_ewc_replay,permute,4,Infiltration,seen,binary_f1,0.9927854706000402
ffnn_ewc_replay,permute,4,Infiltration,all,n,1895000.0
ffnn_ewc_replay,permute,4,Infiltration,all,n_benign,1791772.0
ffnn_ewc_replay,permute,4,Infiltration,all,n_attack,103228.0
ffnn_ewc_replay,permute,4,Infiltration,all,accuracy,0.9969614775725594
ffnn_ewc_replay,permute,4,Infiltration,all,macro_f1,0.7051543247816324
ffnn_ewc_replay,permute,4,Infiltration,all,fpr,0.0008193006699513108
ffnn_ewc_replay,permute,4,Infiltration,all,detection_rate,0.9584705700003875
ffnn_ewc_replay,permute,4,Infiltration,all,binary_f1,0.9717389276015655
ffnn_ewc_replay,random_src,4,Infiltration,task0,n,175000.0
ffnn_ewc_replay,random_src,4,Infiltration,task0,n_benign,172109.0
ffnn_ewc_replay,random_src,4,Infiltration,task0,n_attack,2891.0
ffnn_ewc_replay,random_src,4,Infiltration,task0,accuracy,0.9992685714285714
ffnn_ewc_replay,random_src,4,Infiltration,task0,macro_f1,0.9998140021506001
ffnn_ewc_replay,random_src,4,Infiltration,task0,fpr,0.0007437147389154548
ffnn_ewc_replay,random_src,4,Infiltration,task0,detection_rate,1.0
ffnn_ewc_replay,random_src,4,Infiltration,task0,binary_f1,0.97834179357022
ffnn_ewc_replay,random_src,4,Infiltration,task0,category_recall,1.0
ffnn_ewc_replay,random_src,4,Infiltration,task1,n,385000.0
ffnn_ewc_replay,random_src,4,Infiltration,task1,n_benign,331373.0
ffnn_ewc_replay,random_src,4,Infiltration,task1,n_attack,53627.0
ffnn_ewc_replay,random_src,4,Infiltration,task1,accuracy,0.9992571428571428
ffnn_ewc_replay,random_src,4,Infiltration,task1,macro_f1,0.9995696316555416
ffnn_ewc_replay,random_src,4,Infiltration,task1,fpr,0.0007242593693511541
ffnn_ewc_replay,random_src,4,Infiltration,task1,detection_rate,0.9991422231338691
ffnn_ewc_replay,random_src,4,Infiltration,task1,binary_f1,0.9973382473382474
ffnn_ewc_replay,random_src,4,Infiltration,task1,category_recall,0.9991422231338691
ffnn_ewc_replay,random_src,4,Infiltration,task2,n,480000.0
ffnn_ewc_replay,random_src,4,Infiltration,task2,n_benign,439090.0
ffnn_ewc_replay,random_src,4,Infiltration,task2,n_attack,40910.0
ffnn_ewc_replay,random_src,4,Infiltration,task2,accuracy,0.99915
ffnn_ewc_replay,random_src,4,Infiltration,task2,macro_f1,0.7776076818966321
ffnn_ewc_replay,random_src,4,Infiltration,task2,fpr,0.0009223621580997062
ffnn_ewc_replay,random_src,4,Infiltration,task2,detection_rate,1.0
ffnn_ewc_replay,random_src,4,Infiltration,task2,binary_f1,0.9950744907266647
ffnn_ewc_replay,random_src,4,Infiltration,task2,category_recall,0.9999266611255072
ffnn_ewc_replay,random_src,4,Infiltration,task3,n,270000.0
ffnn_ewc_replay,random_src,4,Infiltration,task3,n_benign,269993.0
ffnn_ewc_replay,random_src,4,Infiltration,task3,n_attack,7.0
ffnn_ewc_replay,random_src,4,Infiltration,task3,accuracy,0.9987259259259259
ffnn_ewc_replay,random_src,4,Infiltration,task3,macro_f1,0.7496812713566722
ffnn_ewc_replay,random_src,4,Infiltration,task3,fpr,0.0012704033067523974
ffnn_ewc_replay,random_src,4,Infiltration,task3,detection_rate,0.8571428571428571
ffnn_ewc_replay,random_src,4,Infiltration,task3,binary_f1,0.033707865168539325
ffnn_ewc_replay,random_src,4,Infiltration,task3,category_recall,0.8571428571428571
ffnn_ewc_replay,random_src,4,Infiltration,task4,n,395000.0
ffnn_ewc_replay,random_src,4,Infiltration,task4,n_benign,393444.0
ffnn_ewc_replay,random_src,4,Infiltration,task4,n_attack,1556.0
ffnn_ewc_replay,random_src,4,Infiltration,task4,accuracy,0.9993037974683544
ffnn_ewc_replay,random_src,4,Infiltration,task4,macro_f1,0.9610666625142503
ffnn_ewc_replay,random_src,4,Infiltration,task4,fpr,0.0006913309136751354
ffnn_ewc_replay,random_src,4,Infiltration,task4,detection_rate,0.9980719794344473
ffnn_ewc_replay,random_src,4,Infiltration,task4,binary_f1,0.9186631174208814
ffnn_ewc_replay,random_src,4,Infiltration,task4,category_recall,0.9980719794344473
ffnn_ewc_replay,random_src,4,Infiltration,task5,n,190000.0
ffnn_ewc_replay,random_src,4,Infiltration,task5,n_benign,185763.0
ffnn_ewc_replay,random_src,4,Infiltration,task5,n_attack,4237.0
ffnn_ewc_replay,random_src,4,Infiltration,task5,accuracy,0.977278947368421
ffnn_ewc_replay,random_src,4,Infiltration,task5,macro_f1,0.4942544645352598
ffnn_ewc_replay,random_src,4,Infiltration,task5,fpr,0.0004306562663178351
ffnn_ewc_replay,random_src,4,Infiltration,task5,detection_rate,0.0
ffnn_ewc_replay,random_src,4,Infiltration,task5,binary_f1,0.0
ffnn_ewc_replay,random_src,4,Infiltration,task5,category_recall,0.0
ffnn_ewc_replay,random_src,4,Infiltration,seen,n,1705000.0
ffnn_ewc_replay,random_src,4,Infiltration,seen,n_benign,1606009.0
ffnn_ewc_replay,random_src,4,Infiltration,seen,n_attack,98991.0
ffnn_ewc_replay,random_src,4,Infiltration,seen,accuracy,0.9991548387096775
ffnn_ewc_replay,random_src,4,Infiltration,seen,macro_f1,0.8293621498238747
ffnn_ewc_replay,random_src,4,Infiltration,seen,fpr,0.0008642541853750509
ffnn_ewc_replay,random_src,4,Infiltration,seen,detection_rate,0.9994949035770929
ffnn_ewc_replay,random_src,4,Infiltration,seen,binary_f1,0.9927854706000402
ffnn_ewc_replay,random_src,4,Infiltration,all,n,1895000.0
ffnn_ewc_replay,random_src,4,Infiltration,all,n_benign,1791772.0
ffnn_ewc_replay,random_src,4,Infiltration,all,n_attack,103228.0
ffnn_ewc_replay,random_src,4,Infiltration,all,accuracy,0.9969614775725594
ffnn_ewc_replay,random_src,4,Infiltration,all,macro_f1,0.7051543247816324
ffnn_ewc_replay,random_src,4,Infiltration,all,fpr,0.0008193006699513108
ffnn_ewc_replay,random_src,4,Infiltration,all,detection_rate,0.9584705700003875
ffnn_ewc_replay,random_src,4,Infiltration,all,binary_f1,0.9717389276015655
ffnn_ewc_replay,none,5,Botnet,task0,n,175000.0
ffnn_ewc_replay,none,5,Botnet,task0,n_benign,172109.0
ffnn_ewc_replay,none,5,Botnet,task0,n_attack,2891.0
ffnn_ewc_replay,none,5,Botnet,task0,accuracy,0.9995428571428572
ffnn_ewc_replay,none,5,Botnet,task0,macro_f1,0.9998837675583632
ffnn_ewc_replay,none,5,Botnet,task0,fpr,0.0004648217118221592
ffnn_ewc_replay,none,5,Botnet,task0,detection_rate,1.0
ffnn_ewc_replay,none,5,Botnet,task0,binary_f1,0.9863527806209484
ffnn_ewc_replay,none,5,Botnet,task0,category_recall,1.0
ffnn_ewc_replay,none,5,Botnet,task1,n,385000.0
ffnn_ewc_replay,none,5,Botnet,task1,n_benign,331373.0
ffnn_ewc_replay,none,5,Botnet,task1,n_attack,53627.0
ffnn_ewc_replay,none,5,Botnet,task1,accuracy,0.9994935064935065
ffnn_ewc_replay,none,5,Botnet,task1,macro_f1,0.9996756460390825
ffnn_ewc_replay,none,5,Botnet,task1,fpr,0.00047378633745054664
ffnn_ewc_replay,none,5,Botnet,task1,detection_rate,0.9992914017192832
ffnn_ewc_replay,none,5,Botnet,task1,binary_f1,0.9981839009806934
ffnn_ewc_replay,none,5,Botnet,task1,category_recall,0.9992914017192832
ffnn_ewc_replay,none,5,Botnet,task2,n,480000.0
ffnn_ewc_replay,none,5,Botnet,task2,n_benign,439090.0
ffnn_ewc_replay,none,5,Botnet,task2,n_attack,40910.0
ffnn_ewc_replay,none,5,Botnet,task2,accuracy,0.9992666666666666
ffnn_ewc_replay,none,5,Botnet,task2,macro_f1,0.7824709580815504
ffnn_ewc_replay,none,5,Botnet,task2,fpr,0.0008016579744471521
ffnn_ewc_replay,none,5,Botnet,task2,detection_rate,1.0
ffnn_ewc_replay,none,5,Botnet,task2,binary_f1,0.9957163023901086
ffnn_ewc_replay,none,5,Botnet,task2,category_recall,1.0
ffnn_ewc_replay,none,5,Botnet,task3,n,270000.0
ffnn_ewc_replay,none,5,Botnet,task3,n_benign,269993.0
ffnn_ewc_replay,none,5,Botnet,task3,n_attack,7.0
ffnn_ewc_replay,none,5,Botnet,task3,accuracy,0.9988333333333334
ffnn_ewc_replay,none,5,Botnet,task3,macro_f1,0.7066047083300826
ffnn_ewc_replay,none,5,Botnet,task3,fpr,0.0011629931146363054
ffnn_ewc_replay,none,5,Botnet,task3,detection_rate,0.8571428571428571
ffnn_ewc_replay,none,5,Botnet,task3,binary_f1,0.03669724770642202
ffnn_ewc_replay,none,5,Botnet,task3,category_recall,0.8571428571428571
ffnn_ewc_replay,none,5,Botnet,task4,n,395000.0
ffnn_ewc_replay,none,5,Botnet,task4,n_benign,393444.0
ffnn_ewc_replay,none,5,Botnet,task4,n_attack,1556.0
ffnn_ewc_replay,none,5,Botnet,task4,accuracy,0.9993443037974683
ffnn_ewc_replay,none,5,Botnet,task4,macro_f1,0.9640358508003599
ffnn_ewc_replay,none,5,Botnet,task4,fpr,0.0006582893626538974
ffnn_ewc_replay,none,5,Botnet,task4,detection_rate,1.0
ffnn_ewc_replay,none,5,Botnet,task4,binary_f1,0.9231681993473747
ffnn_ewc_replay,none,5,Botnet,task4,category_recall,1.0
ffnn_ewc_replay,none,5,Botnet,task5,n,190000.0
ffnn_ewc_replay,none,5,Botnet,task5,n_benign,185763.0
ffnn_ewc_replay,none,5,Botnet,task5,n_attack,4237.0
ffnn_ewc_replay,none,5,Botnet,task5,accuracy,0.9995894736842105
ffnn_ewc_replay,none,5,Botnet,task5,macro_f1,0.9998950054920204
ffnn_ewc_replay,none,5,Botnet,task5,fpr,0.00041988985965988923
ffnn_ewc_replay,none,5,Botnet,task5,detection_rate,1.0
ffnn_ewc_replay,none,5,Botnet,task5,binary_f1,0.9908793264733395
ffnn_ewc_replay,none,5,Botnet,task5,category_recall,1.0
ffnn_ewc_replay,none,5,Botnet,seen,n,1895000.0
ffnn_ewc_replay,none,5,Botnet,seen,n_benign,1791772.0
ffnn_ewc_replay,none,5,Botnet,seen,n_attack,103228.0
ffnn_ewc_replay,none,5,Botnet,seen,accuracy,0.9993250659630607
ffnn_ewc_replay,none,5,Botnet,seen,macro_f1,0.850372078221132
ffnn_ewc_replay,none,5,Botnet,seen,fpr,0.0006920523370160936
ffnn_ewc_replay,none,5,Botnet,seen,detection_rate,0.999622195528345
ffnn_ewc_replay,none,5,Botnet,seen,binary_f1,0.9938408047886659
ffnn_ewc_replay,none,5,Botnet,all,n,1895000.0
ffnn_ewc_replay,none,5,Botnet,all,n_benign,1791772.0
ffnn_ewc_replay,none,5,Botnet,all,n_attack,103228.0
ffnn_ewc_replay,none,5,Botnet,all,accuracy,0.9993250659630607
ffnn_ewc_replay,none,5,Botnet,all,macro_f1,0.850372078221132
ffnn_ewc_replay,none,5,Botnet,all,fpr,0.0006920523370160936
ffnn_ewc_replay,none,5,Botnet,all,detection_rate,0.999622195528345
ffnn_ewc_replay,none,5,Botnet,all,binary_f1,0.9938408047886659
ffnn_ewc_replay,permute,5,Botnet,task0,n,175000.0
ffnn_ewc_replay,permute,5,Botnet,task0,n_benign,172109.0
ffnn_ewc_replay,permute,5,Botnet,task0,n_attack,2891.0
ffnn_ewc_replay,permute,5,Botnet,task0,accuracy,0.9995428571428572
ffnn_ewc_replay,permute,5,Botnet,task0,macro_f1,0.9998837675583632
ffnn_ewc_replay,permute,5,Botnet,task0,fpr,0.0004648217118221592
ffnn_ewc_replay,permute,5,Botnet,task0,detection_rate,1.0
ffnn_ewc_replay,permute,5,Botnet,task0,binary_f1,0.9863527806209484
ffnn_ewc_replay,permute,5,Botnet,task0,category_recall,1.0
ffnn_ewc_replay,permute,5,Botnet,task1,n,385000.0
ffnn_ewc_replay,permute,5,Botnet,task1,n_benign,331373.0
ffnn_ewc_replay,permute,5,Botnet,task1,n_attack,53627.0
ffnn_ewc_replay,permute,5,Botnet,task1,accuracy,0.9994935064935065
ffnn_ewc_replay,permute,5,Botnet,task1,macro_f1,0.9996756460390825
ffnn_ewc_replay,permute,5,Botnet,task1,fpr,0.00047378633745054664
ffnn_ewc_replay,permute,5,Botnet,task1,detection_rate,0.9992914017192832
ffnn_ewc_replay,permute,5,Botnet,task1,binary_f1,0.9981839009806934
ffnn_ewc_replay,permute,5,Botnet,task1,category_recall,0.9992914017192832
ffnn_ewc_replay,permute,5,Botnet,task2,n,480000.0
ffnn_ewc_replay,permute,5,Botnet,task2,n_benign,439090.0
ffnn_ewc_replay,permute,5,Botnet,task2,n_attack,40910.0
ffnn_ewc_replay,permute,5,Botnet,task2,accuracy,0.9992666666666666
ffnn_ewc_replay,permute,5,Botnet,task2,macro_f1,0.7824709580815504
ffnn_ewc_replay,permute,5,Botnet,task2,fpr,0.0008016579744471521
ffnn_ewc_replay,permute,5,Botnet,task2,detection_rate,1.0
ffnn_ewc_replay,permute,5,Botnet,task2,binary_f1,0.9957163023901086
ffnn_ewc_replay,permute,5,Botnet,task2,category_recall,1.0
ffnn_ewc_replay,permute,5,Botnet,task3,n,270000.0
ffnn_ewc_replay,permute,5,Botnet,task3,n_benign,269993.0
ffnn_ewc_replay,permute,5,Botnet,task3,n_attack,7.0
ffnn_ewc_replay,permute,5,Botnet,task3,accuracy,0.9988333333333334
ffnn_ewc_replay,permute,5,Botnet,task3,macro_f1,0.7066047083300826
ffnn_ewc_replay,permute,5,Botnet,task3,fpr,0.0011629931146363054
ffnn_ewc_replay,permute,5,Botnet,task3,detection_rate,0.8571428571428571
ffnn_ewc_replay,permute,5,Botnet,task3,binary_f1,0.03669724770642202
ffnn_ewc_replay,permute,5,Botnet,task3,category_recall,0.8571428571428571
ffnn_ewc_replay,permute,5,Botnet,task4,n,395000.0
ffnn_ewc_replay,permute,5,Botnet,task4,n_benign,393444.0
ffnn_ewc_replay,permute,5,Botnet,task4,n_attack,1556.0
ffnn_ewc_replay,permute,5,Botnet,task4,accuracy,0.9993443037974683
ffnn_ewc_replay,permute,5,Botnet,task4,macro_f1,0.9640358508003599
ffnn_ewc_replay,permute,5,Botnet,task4,fpr,0.0006582893626538974
ffnn_ewc_replay,permute,5,Botnet,task4,detection_rate,1.0
ffnn_ewc_replay,permute,5,Botnet,task4,binary_f1,0.9231681993473747
ffnn_ewc_replay,permute,5,Botnet,task4,category_recall,1.0
ffnn_ewc_replay,permute,5,Botnet,task5,n,190000.0
ffnn_ewc_replay,permute,5,Botnet,task5,n_benign,185763.0
ffnn_ewc_replay,permute,5,Botnet,task5,n_attack,4237.0
ffnn_ewc_replay,permute,5,Botnet,task5,accuracy,0.9995894736842105
ffnn_ewc_replay,permute,5,Botnet,task5,macro_f1,0.9998950054920204
ffnn_ewc_replay,permute,5,Botnet,task5,fpr,0.00041988985965988923
ffnn_ewc_replay,permute,5,Botnet,task5,detection_rate,1.0
ffnn_ewc_replay,permute,5,Botnet,task5,binary_f1,0.9908793264733395
ffnn_ewc_replay,permute,5,Botnet,task5,category_recall,1.0
ffnn_ewc_replay,permute,5,Botnet,seen,n,1895000.0
ffnn_ewc_replay,permute,5,Botnet,seen,n_benign,1791772.0
ffnn_ewc_replay,permute,5,Botnet,seen,n_attack,103228.0
ffnn_ewc_replay,permute,5,Botnet,seen,accuracy,0.9993250659630607
ffnn_ewc_replay,permute,5,Botnet,seen,macro_f1,0.850372078221132
ffnn_ewc_replay,permute,5,Botnet,seen,fpr,0.0006920523370160936
ffnn_ewc_replay,permute,5,Botnet,seen,detection_rate,0.999622195528345
ffnn_ewc_replay,permute,5,Botnet,seen,binary_f1,0.9938408047886659
ffnn_ewc_replay,permute,5,Botnet,all,n,1895000.0
ffnn_ewc_replay,permute,5,Botnet,all,n_benign,1791772.0
ffnn_ewc_replay,permute,5,Botnet,all,n_attack,103228.0
ffnn_ewc_replay,permute,5,Botnet,all,accuracy,0.9993250659630607
ffnn_ewc_replay,permute,5,Botnet,all,macro_f1,0.850372078221132
ffnn_ewc_replay,permute,5,Botnet,all,fpr,0.0006920523370160936
ffnn_ewc_replay,permute,5,Botnet,all,detection_rate,0.999622195528345
ffnn_ewc_replay,permute,5,Botnet,all,binary_f1,0.9938408047886659
ffnn_ewc_replay,random_src,5,Botnet,task0,n,175000.0
ffnn_ewc_replay,random_src,5,Botnet,task0,n_benign,172109.0
ffnn_ewc_replay,random_src,5,Botnet,task0,n_attack,2891.0
ffnn_ewc_replay,random_src,5,Botnet,task0,accuracy,0.9995428571428572
ffnn_ewc_replay,random_src,5,Botnet,task0,macro_f1,0.9998837675583632
ffnn_ewc_replay,random_src,5,Botnet,task0,fpr,0.0004648217118221592
ffnn_ewc_replay,random_src,5,Botnet,task0,detection_rate,1.0
ffnn_ewc_replay,random_src,5,Botnet,task0,binary_f1,0.9863527806209484
ffnn_ewc_replay,random_src,5,Botnet,task0,category_recall,1.0
ffnn_ewc_replay,random_src,5,Botnet,task1,n,385000.0
ffnn_ewc_replay,random_src,5,Botnet,task1,n_benign,331373.0
ffnn_ewc_replay,random_src,5,Botnet,task1,n_attack,53627.0
ffnn_ewc_replay,random_src,5,Botnet,task1,accuracy,0.9994935064935065
ffnn_ewc_replay,random_src,5,Botnet,task1,macro_f1,0.9996756460390825
ffnn_ewc_replay,random_src,5,Botnet,task1,fpr,0.00047378633745054664
ffnn_ewc_replay,random_src,5,Botnet,task1,detection_rate,0.9992914017192832
ffnn_ewc_replay,random_src,5,Botnet,task1,binary_f1,0.9981839009806934
ffnn_ewc_replay,random_src,5,Botnet,task1,category_recall,0.9992914017192832
ffnn_ewc_replay,random_src,5,Botnet,task2,n,480000.0
ffnn_ewc_replay,random_src,5,Botnet,task2,n_benign,439090.0
ffnn_ewc_replay,random_src,5,Botnet,task2,n_attack,40910.0
ffnn_ewc_replay,random_src,5,Botnet,task2,accuracy,0.9992666666666666
ffnn_ewc_replay,random_src,5,Botnet,task2,macro_f1,0.7824709580815504
ffnn_ewc_replay,random_src,5,Botnet,task2,fpr,0.0008016579744471521
ffnn_ewc_replay,random_src,5,Botnet,task2,detection_rate,1.0
ffnn_ewc_replay,random_src,5,Botnet,task2,binary_f1,0.9957163023901086
ffnn_ewc_replay,random_src,5,Botnet,task2,category_recall,1.0
ffnn_ewc_replay,random_src,5,Botnet,task3,n,270000.0
ffnn_ewc_replay,random_src,5,Botnet,task3,n_benign,269993.0
ffnn_ewc_replay,random_src,5,Botnet,task3,n_attack,7.0
ffnn_ewc_replay,random_src,5,Botnet,task3,accuracy,0.9988333333333334
ffnn_ewc_replay,random_src,5,Botnet,task3,macro_f1,0.7066047083300826
ffnn_ewc_replay,random_src,5,Botnet,task3,fpr,0.0011629931146363054
ffnn_ewc_replay,random_src,5,Botnet,task3,detection_rate,0.8571428571428571
ffnn_ewc_replay,random_src,5,Botnet,task3,binary_f1,0.03669724770642202
ffnn_ewc_replay,random_src,5,Botnet,task3,category_recall,0.8571428571428571
ffnn_ewc_replay,random_src,5,Botnet,task4,n,395000.0
ffnn_ewc_replay,random_src,5,Botnet,task4,n_benign,393444.0
ffnn_ewc_replay,random_src,5,Botnet,task4,n_attack,1556.0
ffnn_ewc_replay,random_src,5,Botnet,task4,accuracy,0.9993443037974683
ffnn_ewc_replay,random_src,5,Botnet,task4,macro_f1,0.9640358508003599
ffnn_ewc_replay,random_src,5,Botnet,task4,fpr,0.0006582893626538974
ffnn_ewc_replay,random_src,5,Botnet,task4,detection_rate,1.0
ffnn_ewc_replay,random_src,5,Botnet,task4,binary_f1,0.9231681993473747
ffnn_ewc_replay,random_src,5,Botnet,task4,category_recall,1.0
ffnn_ewc_replay,random_src,5,Botnet,task5,n,190000.0
ffnn_ewc_replay,random_src,5,Botnet,task5,n_benign,185763.0
ffnn_ewc_replay,random_src,5,Botnet,task5,n_attack,4237.0
ffnn_ewc_replay,random_src,5,Botnet,task5,accuracy,0.9995894736842105
ffnn_ewc_replay,random_src,5,Botnet,task5,macro_f1,0.9998950054920204
ffnn_ewc_replay,random_src,5,Botnet,task5,fpr,0.00041988985965988923
ffnn_ewc_replay,random_src,5,Botnet,task5,detection_rate,1.0
ffnn_ewc_replay,random_src,5,Botnet,task5,binary_f1,0.9908793264733395
ffnn_ewc_replay,random_src,5,Botnet,task5,category_recall,1.0
ffnn_ewc_replay,random_src,5,Botnet,seen,n,1895000.0
ffnn_ewc_replay,random_src,5,Botnet,seen,n_benign,1791772.0
ffnn_ewc_replay,random_src,5,Botnet,seen,n_attack,103228.0
ffnn_ewc_replay,random_src,5,Botnet,seen,accuracy,0.9993250659630607
ffnn_ewc_replay,random_src,5,Botnet,seen,macro_f1,0.850372078221132
ffnn_ewc_replay,random_src,5,Botnet,seen,fpr,0.0006920523370160936
ffnn_ewc_replay,random_src,5,Botnet,seen,detection_rate,0.999622195528345
ffnn_ewc_replay,random_src,5,Botnet,seen,binary_f1,0.9938408047886659
ffnn_ewc_replay,random_src,5,Botnet,all,n,1895000.0
ffnn_ewc_replay,random_src,5,Botnet,all,n_benign,1791772.0
ffnn_ewc_replay,random_src,5,Botnet,all,n_attack,103228.0
ffnn_ewc_replay,random_src,5,Botnet,all,accuracy,0.9993250659630607
ffnn_ewc_replay,random_src,5,Botnet,all,macro_f1,0.850372078221132
ffnn_ewc_replay,random_src,5,Botnet,all,fpr,0.0006920523370160936
ffnn_ewc_replay,random_src,5,Botnet,all,detection_rate,0.999622195528345
ffnn_ewc_replay,random_src,5,Botnet,all,binary_f1,0.9938408047886659
