model,ip_mode,after_task,after_task_category,scope,metric,value
xgboost_static,none,0,BruteForce,task0,n,138702.0
xgboost_static,none,0,BruteForce,task0,n_benign,137344.0
xgboost_static,none,0,BruteForce,task0,n_attack,1358.0
xgboost_static,none,0,BruteForce,task0,accuracy,0.9999062738821358
xgboost_static,none,0,BruteForce,task0,macro_f1,0.9975716024301203
xgboost_static,none,0,BruteForce,task0,fpr,0.0
xgboost_static,none,0,BruteForce,task0,detection_rate,0.9904270986745214
xgboost_static,none,0,BruteForce,task0,binary_f1,0.9951905290418054
xgboost_static,none,0,BruteForce,task0,category_recall,0.9904270986745214
xgboost_static,none,0,BruteForce,task1,n,96639.0
xgboost_static,none,0,BruteForce,task1,n_benign,76782.0
xgboost_static,none,0,BruteForce,task1,n_attack,19857.0
xgboost_static,none,0,BruteForce,task1,accuracy,0.7945239499580915
xgboost_static,none,0,BruteForce,task1,macro_f1,0.44274914802705556
xgboost_static,none,0,BruteForce,task1,fpr,0.0
xgboost_static,none,0,BruteForce,task1,detection_rate,0.0
xgboost_static,none,0,BruteForce,task1,binary_f1,0.0
xgboost_static,none,0,BruteForce,task1,category_recall,0.0
xgboost_static,none,0,BruteForce,task2,n,21631.0
xgboost_static,none,0,BruteForce,task2,n_benign,21610.0
xgboost_static,none,0,BruteForce,task2,n_attack,21.0
xgboost_static,none,0,BruteForce,task2,accuracy,0.9990291710970367
xgboost_static,none,0,BruteForce,task2,macro_f1,0.4997571749034481
xgboost_static,none,0,BruteForce,task2,fpr,0.0
xgboost_static,none,0,BruteForce,task2,detection_rate,0.0
xgboost_static,none,0,BruteForce,task2,binary_f1,0.0
xgboost_static,none,0,BruteForce,task2,category_recall,0.0
xgboost_static,none,0,BruteForce,task3,n,50445.0
xgboost_static,none,0,BruteForce,task3,n_benign,32949.0
xgboost_static,none,0,BruteForce,task3,n_attack,17496.0
xgboost_static,none,0,BruteForce,task3,accuracy,0.6531073446327683
xgboost_static,none,0,BruteForce,task3,macro_f1,0.39512124919047276
xgboost_static,none,0,BruteForce,task3,fpr,9.104980424292088e-05
xgboost_static,none,0,BruteForce,task3,detection_rate,0.00051440329218107
xgboost_static,none,0,BruteForce,task3,binary_f1,0.001028101439342015
xgboost_static,none,0,BruteForce,task3,category_recall,0.0
xgboost_static,none,0,BruteForce,task4,n,27642.0
xgboost_static,none,0,BruteForce,task4,n_benign,27385.0
xgboost_static,none,0,BruteForce,task4,n_attack,257.0
xgboost_static,none,0,BruteForce,task4,accuracy,0.9907025540843644
xgboost_static,none,0,BruteForce,task4,macro_f1,0.49766478274301706
xgboost_static,none,0,BruteForce,task4,fpr,0.0
xgboost_static,none,0,BruteForce,task4,detection_rate,0.0
xgboost_static,none,0,BruteForce,task4,binary_f1,0.0
xgboost_static,none,0,BruteForce,task4,category_recall,0.0
xgboost_static,none,0,BruteForce,task5,n,51117.0
xgboost_static,none,0,BruteForce,task5,n_benign,31046.0
xgboost_static,none,0,BruteForce,task5,n_attack,20071.0
xgboost_static,none,0,BruteForce,task5,accuracy,0.6073517616448539
xgboost_static,none,0,BruteForce,task5,macro_f1,0.37785864683616716
xgboost_static,none,0,BruteForce,task5,fpr,0.0
xgboost_static,none,0,BruteForce,task5,detection_rate,0.0
xgboost_static,none,0,BruteForce,task5,binary_f1,0.0
xgboost_static,none,0,BruteForce,task5,category_recall,0.0
xgboost_static,none,0,BruteForce,task6,n,28798.0
xgboost_static,none,0,BruteForce,task6,n_benign,9791.0
xgboost_static,none,0,BruteForce,task6,n_attack,19007.0
xgboost_static,none,0,BruteForce,task6,accuracy,0.3399888881172304
xgboost_static,none,0,BruteForce,task6,macro_f1,0.25372515483687064
xgboost_static,none,0,BruteForce,task6,fpr,0.0
xgboost_static,none,0,BruteForce,task6,detection_rate,0.0
xgboost_static,none,0,BruteForce,task6,binary_f1,0.0
xgboost_static,none,0,BruteForce,task6,category_recall,0.0
xgboost_static,none,0,BruteForce,seen,n,138702.0
xgboost_static,none,0,BruteForce,seen,n_benign,137344.0
xgboost_static,none,0,BruteForce,seen,n_attack,1358.0
xgboost_static,none,0,BruteForce,seen,accuracy,0.9999062738821358
xgboost_static,none,0,BruteForce,seen,macro_f1,0.9975716024301203
xgboost_static,none,0,BruteForce,seen,fpr,0.0
xgboost_static,none,0,BruteForce,seen,detection_rate,0.9904270986745214
xgboost_static,none,0,BruteForce,seen,binary_f1,0.9951905290418054
xgboost_static,none,0,BruteForce,all,n,414974.0
xgboost_static,none,0,BruteForce,all,n_benign,336907.0
xgboost_static,none,0,BruteForce,all,n_attack,78067.0
xgboost_static,none,0,BruteForce,all,accuracy,0.8151088983888147
xgboost_static,none,0,BruteForce,all,macro_f1,0.23607191402371763
xgboost_static,none,0,BruteForce,all,fpr,8.904534485777975e-06
xgboost_static,none,0,BruteForce,all,detection_rate,0.01734407624220221
xgboost_static,none,0,BruteForce,all,binary_f1,0.03409548751007252
xgboost_static,none,1,DoS,task0,n,138702.0
xgboost_static,none,1,DoS,task0,n_benign,137344.0
xgboost_static,none,1,DoS,task0,n_attack,1358.0
xgboost_static,none,1,DoS,task0,accuracy,0.9999062738821358
xgboost_static,none,1,DoS,task0,macro_f1,0.9975716024301203
xgboost_static,none,1,DoS,task0,fpr,0.0
xgboost_static,none,1,DoS,task0,detection_rate,0.9904270986745214
xgboost_static,none,1,DoS,task0,binary_f1,0.9951905290418054
xgboost_static,none,1,DoS,task0,category_recall,0.9904270986745214
xgboost_static,none,1,DoS,task1,n,96639.0
xgboost_static,none,1,DoS,task1,n_benign,76782.0
xgboost_static,none,1,DoS,task1,n_attack,19857.0
xgboost_static,none,1,DoS,task1,accuracy,0.7945239499580915
xgboost_static,none,1,DoS,task1,macro_f1,0.44274914802705556
xgboost_static,none,1,DoS,task1,fpr,0.0
xgboost_static,none,1,DoS,task1,detection_rate,0.0
xgboost_static,none,1,DoS,task1,binary_f1,0.0
xgboost_static,none,1,DoS,task1,category_recall,0.0
xgboost_static,none,1,DoS,task2,n,21631.0
xgboost_static,none,1,DoS,task2,n_benign,21610.0
xgboost_static,none,1,DoS,task2,n_attack,21.0
xgboost_static,none,1,DoS,task2,accuracy,0.9990291710970367
xgboost_static,none,1,DoS,task2,macro_f1,0.4997571749034481
xgboost_static,none,1,DoS,task2,fpr,0.0
xgboost_static,none,1,DoS,task2,detection_rate,0.0
xgboost_static,none,1,DoS,task2,binary_f1,0.0
xgboost_static,none,1,DoS,task2,category_recall,0.0
xgboost_static,none,1,DoS,task3,n,50445.0
xgboost_static,none,1,DoS,task3,n_benign,32949.0
xgboost_static,none,1,DoS,task3,n_attack,17496.0
xgboost_static,none,1,DoS,task3,accuracy,0.6531073446327683
xgboost_static,none,1,DoS,task3,macro_f1,0.39512124919047276
xgboost_static,none,1,DoS,task3,fpr,9.104980424292088e-05
xgboost_static,none,1,DoS,task3,detection_rate,0.00051440329218107
xgboost_static,none,1,DoS,task3,binary_f1,0.001028101439342015
xgboost_static,none,1,DoS,task3,category_recall,0.0
xgboost_static,none,1,DoS,task4,n,27642.0
xgboost_static,none,1,DoS,task4,n_benign,27385.0
xgboost_static,none,1,DoS,task4,n_attack,257.0
xgboost_static,none,1,DoS,task4,accuracy,0.9907025540843644
xgboost_static,none,1,DoS,task4,macro_f1,0.49766478274301706
xgboost_static,none,1,DoS,task4,fpr,0.0
xgboost_static,none,1,DoS,task4,detection_rate,0.0
xgboost_static,none,1,DoS,task4,binary_f1,0.0
xgboost_static,none,1,DoS,task4,category_recall,0.0
xgboost_static,none,1,DoS,task5,n,51117.0
xgboost_static,none,1,DoS,task5,n_benign,31046.0
xgboost_static,none,1,DoS,task5,n_attack,20071.0
xgboost_static,none,1,DoS,task5,accuracy,0.6073517616448539
xgboost_static,none,1,DoS,task5,macro_f1,0.37785864683616716
xgboost_static,none,1,DoS,task5,fpr,0.0
xgboost_static,none,1,DoS,task5,detection_rate,0.0
xgboost_static,none,1,DoS,task5,binary_f1,0.0
xgboost_static,none,1,DoS,task5,category_recall,0.0
xgboost_static,none,1,DoS,task6,n,28798.0
xgboost_static,none,1,DoS,task6,n_benign,9791.0
xgboost_static,none,1,DoS,task6,n_attack,19007.0
xgboost_static,none,1,DoS,task6,accuracy,0.3399888881172304
xgboost_static,none,1,DoS,task6,macro_f1,0.25372515483687064
xgboost_static,none,1,DoS,task6,fpr,0.0
xgboost_static,none,1,DoS,task6,detection_rate,0.0
xgboost_static,none,1,DoS,task6,binary_f1,0.0
xgboost_static,none,1,DoS,task6,category_recall,0.0
xgboost_static,none,1,DoS,seen,n,235341.0
xgboost_static,none,1,DoS,seen,n_benign,214126.0
xgboost_static,none,1,DoS,seen,n_attack,21215.0
xgboost_static,none,1,DoS,seen,accuracy,0.9155693228124296
xgboost_static,none,1,DoS,seen,macro_f1,0.6502833084556378
xgboost_static,none,1,DoS,seen,fpr,0.0
xgboost_static,none,1,DoS,seen,detection_rate,0.06339853876973839
xgboost_static,none,1,DoS,seen,binary_f1,0.11923758865248227
xgboost_static,none,1,DoS,all,n,414974.0
xgboost_static,none,1,DoS,all,n_benign,336907.0
xgboost_static,none,1,DoS,all,n_attack,78067.0
xgboost_static,none,1,DoS,all,accuracy,0.8151088983888147
xgboost_static,none,1,DoS,all,macro_f1,0.23607191402371763
xgboost_static,none,1,DoS,all,fpr,8.904534485777975e-06
xgboost_static,none,1,DoS,all,detection_rate,0.01734407624220221
xgboost_static,none,1,DoS,all,binary_f1,0.03409548751007252
xgboost_static,none,2,WebAttack,task0,n,138702.0
xgboost_static,none,2,WebAttack,task0,n_benign,137344.0
xgboost_static,none,2,WebAttack,task0,n_attack,1358.0
xgboost_static,none,2,WebAttack,task0,accuracy,0.9999062738821358
xgboost_static,none,2,WebAttack,task0,macro_f1,0.9975716024301203
xgboost_static,none,2,WebAttack,task0,fpr,0.0
xgboost_static,none,2,WebAttack,task0,detection_rate,0.9904270986745214
xgboost_static,none,2,WebAttack,task0,binary_f1,0.9951905290418054
xgboost_static,none,2,WebAttack,task0,category_recall,0.9904270986745214
xgboost_static,none,2,WebAttack,task1,n,96639.0
xgboost_static,none,2,WebAttack,task1,n_benign,76782.0
xgboost_static,none,2,WebAttack,task1,n_attack,19857.0
xgboost_static,none,2,WebAttack,task1,accuracy,0.7945239499580915
xgboost_static,none,2,WebAttack,task1,macro_f1,0.44274914802705556
xgboost_static,none,2,WebAttack,task1,fpr,0.0
xgboost_static,none,2,WebAttack,task1,detection_rate,0.0
xgboost_static,none,2,WebAttack,task1,binary_f1,0.0
xgboost_static,none,2,WebAttack,task1,category_recall,0.0
xgboost_static,none,2,WebAttack,task2,n,21631.0
xgboost_static,none,2,WebAttack,task2,n_benign,21610.0
xgboost_static,none,2,WebAttack,task2,n_attack,21.0
xgboost_static,none,2,WebAttack,task2,accuracy,0.9990291710970367
xgboost_static,none,2,WebAttack,task2,macro_f1,0.4997571749034481
xgboost_static,none,2,WebAttack,task2,fpr,0.0
xgboost_static,none,2,WebAttack,task2,detection_rate,0.0
xgboost_static,none,2,WebAttack,task2,binary_f1,0.0
xgboost_static,none,2,WebAttack,task2,category_recall,0.0
xgboost_static,none,2,WebAttack,task3,n,50445.0
xgboost_static,none,2,WebAttack,task3,n_benign,32949.0
xgboost_static,none,2,WebAttack,task3,n_attack,17496.0
xgboost_static,none,2,WebAttack,task3,accuracy,0.6531073446327683
xgboost_static,none,2,WebAttack,task3,macro_f1,0.39512124919047276
xgboost_static,none,2,WebAttack,task3,fpr,9.104980424292088e-05
xgboost_static,none,2,WebAttack,task3,detection_rate,0.00051440329218107
xgboost_static,none,2,WebAttack,task3,binary_f1,0.001028101439342015
xgboost_static,none,2,WebAttack,task3,category_recall,0.0
xgboost_static,none,2,WebAttack,task4,n,27642.0
xgboost_static,none,2,WebAttack,task4,n_benign,27385.0
xgboost_static,none,2,WebAttack,task4,n_attack,257.0
xgboost_static,none,2,WebAttack,task4,accuracy,0.9907025540843644
xgboost_static,none,2,WebAttack,task4,macro_f1,0.49766478274301706
xgboost_static,none,2,WebAttack,task4,fpr,0.0
xgboost_static,none,2,WebAttack,task4,detection_rate,0.0
xgboost_static,none,2,WebAttack,task4,binary_f1,0.0
xgboost_static,none,2,WebAttack,task4,category_recall,0.0
xgboost_static,none,2,WebAttack,task5,n,51117.0
xgboost_static,none,2,WebAttack,task5,n_benign,31046.0
xgboost_static,none,2,WebAttack,task5,n_attack,20071.0
xgboost_static,none,2,WebAttack,task5,accuracy,0.6073517616448539
xgboost_static,none,2,WebAttack,task5,macro_f1,0.37785864683616716
xgboost_static,none,2,WebAttack,task5,fpr,0.0
xgboost_static,none,2,WebAttack,task5,detection_rate,0.0
xgboost_static,none,2,WebAttack,task5,binary_f1,0.0
xgboost_static,none,2,WebAttack,task5,category_recall,0.0
xgboost_static,none,2,WebAttack,task6,n,28798.0
xgboost_static,none,2,WebAttack,task6,n_benign,9791.0
xgboost_static,none,2,WebAttack,task6,n_attack,19007.0
xgboost_static,none,2,WebAttack,task6,accuracy,0.3399888881172304
xgboost_static,none,2,WebAttack,task6,macro_f1,0.25372515483687064
xgboost_static,none,2,WebAttack,task6,fpr,0.0
xgboost_static,none,2,WebAttack,task6,detection_rate,0.0
xgboost_static,none,2,WebAttack,task6,binary_f1,0.0
xgboost_static,none,2,WebAttack,task6,category_recall,0.0
xgboost_static,none,2,WebAttack,seen,n,256972.0
xgboost_static,none,2,WebAttack,seen,n_benign,235736.0
xgboost_static,none,2,WebAttack,seen,n_attack,21236.0
xgboost_static,none,2,WebAttack,seen,accuracy,0.922594679575985
xgboost_static,none,2,WebAttack,seen,macro_f1,0.4886773138807606
xgboost_static,none,2,WebAttack,seen,fpr,0.0
xgboost_static,none,2,WebAttack,seen,detection_rate,0.06333584479186287
xgboost_static,none,2,WebAttack,seen,binary_f1,0.11912669943758027
xgboost_static,none,2,WebAttack,all,n,414974.0
xgboost_static,none,2,WebAttack,all,n_benign,336907.0
xgboost_static,none,2,WebAttack,all,n_attack,78067.0
xgboost_static,none,2,WebAttack,all,accuracy,0.8151088983888147
xgboost_static,none,2,WebAttack,all,macro_f1,0.23607191402371763
xgboost_static,none,2,WebAttack,all,fpr,8.904534485777975e-06
xgboost_static,none,2,WebAttack,all,detection_rate,0.01734407624220221
xgboost_static,none,2,WebAttack,all,binary_f1,0.03409548751007252
xgboost_static,none,3,Infiltration,task0,n,138702.0
xgboost_static,none,3,Infiltration,task0,n_benign,137344.0
xgboost_static,none,3,Infiltration,task0,n_attack,1358.0
xgboost_static,none,3,Infiltration,task0,accuracy,0.9999062738821358
xgboost_static,none,3,Infiltration,task0,macro_f1,0.9975716024301203
xgboost_static,none,3,Infiltration,task0,fpr,0.0
xgboost_static,none,3,Infiltration,task0,detection_rate,0.9904270986745214
xgboost_static,none,3,Infiltration,task0,binary_f1,0.9951905290418054
xgboost_static,none,3,Infiltration,task0,category_recall,0.9904270986745214
xgboost_static,none,3,Infiltration,task1,n,96639.0
xgboost_static,none,3,Infiltration,task1,n_benign,76782.0
xgboost_static,none,3,Infiltration,task1,n_attack,19857.0
xgboost_static,none,3,Infiltration,task1,accuracy,0.7945239499580915
xgboost_static,none,3,Infiltration,task1,macro_f1,0.44274914802705556
xgboost_static,none,3,Infiltration,task1,fpr,0.0
xgboost_static,none,3,Infiltration,task1,detection_rate,0.0
xgboost_static,none,3,Infiltration,task1,binary_f1,0.0
xgboost_static,none,3,Infiltration,task1,category_recall,0.0
xgboost_static,none,3,Infiltration,task2,n,21631.0
xgboost_static,none,3,Infiltration,task2,n_benign,21610.0
xgboost_static,none,3,Infiltration,task2,n_attack,21.0
xgboost_static,none,3,Infiltration,task2,accuracy,0.9990291710970367
xgboost_static,none,3,Infiltration,task2,macro_f1,0.4997571749034481
xgboost_static,none,3,Infiltration,task2,fpr,0.0
xgboost_static,none,3,Infiltration,task2,detection_rate,0.0
xgboost_static,none,3,Infiltration,task2,binary_f1,0.0
xgboost_static,none,3,Infiltration,task2,category_recall,0.0
xgboost_static,none,3,Infiltration,task3,n,50445.0
xgboost_static,none,3,Infiltration,task3,n_benign,32949.0
xgboost_static,none,3,Infiltration,task3,n_attack,17496.0
xgboost_static,none,3,Infiltration,task3,accuracy,0.6531073446327683
xgboost_static,none,3,Infiltration,task3,macro_f1,0.39512124919047276
xgboost_static,none,3,Infiltration,task3,fpr,9.104980424292088e-05
xgboost_static,none,3,Infiltration,task3,detection_rate,0.00051440329218107
xgboost_static,none,3,Infiltration,task3,binary_f1,0.001028101439342015
xgboost_static,none,3,Infiltration,task3,category_recall,0.0
xgboost_static,none,3,Infiltration,task4,n,27642.0
xgboost_static,none,3,Infiltration,task4,n_benign,27385.0
xgboost_static,none,3,Infiltration,task4,n_attack,257.0
xgboost_static,none,3,Infiltration,task4,accuracy,0.9907025540843644
xgboost_static,none,3,Infiltration,task4,macro_f1,0.49766478274301706
xgboost_static,none,3,Infiltration,task4,fpr,0.0
xgboost_static,none,3,Infiltration,task4,detection_rate,0.0
xgboost_static,none,3,Infiltration,task4,binary_f1,0.0
xgboost_static,none,3,Infiltration,task4,category_recall,0.0
xgboost_static,none,3,Infiltration,task5,n,51117.0
xgboost_static,none,3,Infiltration,task5,n_benign,31046.0
xgboost_static,none,3,Infiltration,task5,n_attack,20071.0
xgboost_static,none,3,Infiltration,task5,accuracy,0.6073517616448539
xgboost_static,none,3,Infiltration,task5,macro_f1,0.37785864683616716
xgboost_static,none,3,Infiltration,task5,fpr,0.0
xgboost_static,none,3,Infiltration,task5,detection_rate,0.0
xgboost_static,none,3,Infiltration,task5,binary_f1,0.0
xgboost_static,none,3,Infiltration,task5,category_recall,0.0
xgboost_static,none,3,Infiltration,task6,n,28798.0
xgboost_static,none,3,Infiltration,task6,n_benign,9791.0
xgboost_static,none,3,Infiltration,task6,n_attack,19007.0
xgboost_static,none,3,Infiltration,task6,accuracy,0.3399888881172304
xgboost_static,none,3,Infiltration,task6,macro_f1,0.25372515483687064
xgboost_static,none,3,Infiltration,task6,fpr,0.0
xgboost_static,none,3,Infiltration,task6,detection_rate,0.0
xgboost_static,none,3,Infiltration,task6,binary_f1,0.0
xgboost_static,none,3,Infiltration,task6,category_recall,0.0
xgboost_static,none,3,Infiltration,seen,n,307417.0
xgboost_static,none,3,Infiltration,seen,n_benign,268685.0
xgboost_static,none,3,Infiltration,seen,n_attack,38732.0
xgboost_static,none,3,Infiltration,seen,accuracy,0.878373674845568
xgboost_static,none,3,Infiltration,seen,macro_f1,0.3851505237161225
xgboost_static,none,3,Infiltration,seen,fpr,1.1165491188566538e-05
xgboost_static,none,3,Infiltration,seen,detection_rate,0.03495817411959103
xgboost_static,none,3,Infiltration,seen,binary_f1,0.06754970191324304
xgboost_static,none,3,Infiltration,all,n,414974.0
xgboost_static,none,3,Infiltration,all,n_benign,336907.0
xgboost_static,none,3,Infiltration,all,n_attack,78067.0
xgboost_static,none,3,Infiltration,all,accuracy,0.8151088983888147
xgboost_static,none,3,Infiltration,all,macro_f1,0.23607191402371763
xgboost_static,none,3,Infiltration,all,fpr,8.904534485777975e-06
xgboost_static,none,3,Infiltration,all,detection_rate,0.01734407624220221
xgboost_static,none,3,Infiltration,all,binary_f1,0.03409548751007252
xgboost_static,none,4,Botnet,task0,n,138702.0
xgboost_static,none,4,Botnet,task0,n_benign,137344.0
xgboost_static,none,4,Botnet,task0,n_attack,1358.0
xgboost_static,none,4,Botnet,task0,accuracy,0.9999062738821358
xgboost_static,none,4,Botnet,task0,macro_f1,0.9975716024301203
xgboost_static,none,4,Botnet,task0,fpr,0.0
xgboost_static,none,4,Botnet,task0,detection_rate,0.9904270986745214
xgboost_static,none,4,Botnet,task0,binary_f1,0.9951905290418054
xgboost_static,none,4,Botnet,task0,category_recall,0.9904270986745214
xgboost_static,none,4,Botnet,task1,n,96639.0
xgboost_static,none,4,Botnet,task1,n_benign,76782.0
xgboost_static,none,4,Botnet,task1,n_attack,19857.0
xgboost_static,none,4,Botnet,task1,accuracy,0.7945239499580915
xgboost_static,none,4,Botnet,task1,macro_f1,0.44274914802705556
xgboost_static,none,4,Botnet,task1,fpr,0.0
xgboost_static,none,4,Botnet,task1,detection_rate,0.0
xgboost_static,none,4,Botnet,task1,binary_f1,0.0
xgboost_static,none,4,Botnet,task1,category_recall,0.0
xgboost_static,none,4,Botnet,task2,n,21631.0
xgboost_static,none,4,Botnet,task2,n_benign,21610.0
xgboost_static,none,4,Botnet,task2,n_attack,21.0
xgboost_static,none,4,Botnet,task2,accuracy,0.9990291710970367
xgboost_static,none,4,Botnet,task2,macro_f1,0.4997571749034481
xgboost_static,none,4,Botnet,task2,fpr,0.0
xgboost_static,none,4,Botnet,task2,detection_rate,0.0
xgboost_static,none,4,Botnet,task2,binary_f1,0.0
xgboost_static,none,4,Botnet,task2,category_recall,0.0
xgboost_static,none,4,Botnet,task3,n,50445.0
xgboost_static,none,4,Botnet,task3,n_benign,32949.0
xgboost_static,none,4,Botnet,task3,n_attack,17496.0
xgboost_static,none,4,Botnet,task3,accuracy,0.6531073446327683
xgboost_static,none,4,Botnet,task3,macro_f1,0.39512124919047276
xgboost_static,none,4,Botnet,task3,fpr,9.104980424292088e-05
xgboost_static,none,4,Botnet,task3,detection_rate,0.00051440329218107
xgboost_static,none,4,Botnet,task3,binary_f1,0.001028101439342015
xgboost_static,none,4,Botnet,task3,category_recall,0.0
xgboost_static,none,4,Botnet,task4,n,27642.0
xgboost_static,none,4,Botnet,task4,n_benign,27385.0
xgboost_static,none,4,Botnet,task4,n_attack,257.0
xgboost_static,none,4,Botnet,task4,accuracy,0.9907025540843644
xgboost_static,none,4,Botnet,task4,macro_f1,0.49766478274301706
xgboost_static,none,4,Botnet,task4,fpr,0.0
xgboost_static,none,4,Botnet,task4,detection_rate,0.0
xgboost_static,none,4,Botnet,task4,binary_f1,0.0
xgboost_static,none,4,Botnet,task4,category_recall,0.0
xgboost_static,none,4,Botnet,task5,n,51117.0
xgboost_static,none,4,Botnet,task5,n_benign,31046.0
xgboost_static,none,4,Botnet,task5,n_attack,20071.0
xgboost_static,none,4,Botnet,task5,accuracy,0.6073517616448539
xgboost_static,none,4,Botnet,task5,macro_f1,0.37785864683616716
xgboost_static,none,4,Botnet,task5,fpr,0.0
xgboost_static,none,4,Botnet,task5,detection_rate,0.0
xgboost_static,none,4,Botnet,task5,binary_f1,0.0
xgboost_static,none,4,Botnet,task5,category_recall,0.0
xgboost_static,none,4,Botnet,task6,n,28798.0
xgboost_static,none,4,Botnet,task6,n_benign,9791.0
xgboost_static,none,4,Botnet,task6,n_attack,19007.0
xgboost_static,none,4,Botnet,task6,accuracy,0.3399888881172304
xgboost_static,none,4,Botnet,task6,macro_f1,0.25372515483687064
xgboost_static,none,4,Botnet,task6,fpr,0.0
xgboost_static,none,4,Botnet,task6,detection_rate,0.0
xgboost_static,none,4,Botnet,task6,binary_f1,0.0
xgboost_static,none,4,Botnet,task6,category_recall,0.0
xgboost_static,none,4,Botnet,seen,n,335059.0
xgboost_static,none,4,Botnet,seen,n_benign,296070.0
xgboost_static,none,4,Botnet,seen,n_attack,38989.0
xgboost_static,none,4,Botnet,seen,accuracy,0.8876406841780105
xgboost_static,none,4,Botnet,seen,macro_f1,0.3218379017790402
xgboost_static,none,4,Botnet,seen,fpr,1.013273887931908e-05
xgboost_static,none,4,Botnet,seen,detection_rate,0.034727743722588425
xgboost_static,none,4,Botnet,seen,binary_f1,0.06711941704258167
xgboost_static,none,4,Botnet,all,n,414974.0
xgboost_static,none,4,Botnet,all,n_benign,336907.0
xgboost_static,none,4,Botnet,all,n_attack,78067.0
xgboost_static,none,4,Botnet,all,accuracy,0.8151088983888147
xgboost_static,none,4,Botnet,all,macro_f1,0.23607191402371763
xgboost_static,none,4,Botnet,all,fpr,8.904534485777975e-06
xgboost_static,none,4,Botnet,all,detection_rate,0.01734407624220221
xgboost_static,none,4,Botnet,all,binary_f1,0.03409548751007252
xgboost_static,none,5,PortScan,task0,n,138702.0
xgboost_static,none,5,PortScan,task0,n_benign,137344.0
xgboost_static,none,5,PortScan,task0,n_attack,1358.0
xgboost_static,none,5,PortScan,task0,accuracy,0.9999062738821358
xgboost_static,none,5,PortScan,task0,macro_f1,0.9975716024301203
xgboost_static,none,5,PortScan,task0,fpr,0.0
xgboost_static,none,5,PortScan,task0,detection_rate,0.9904270986745214
xgboost_static,none,5,PortScan,task0,binary_f1,0.9951905290418054
xgboost_static,none,5,PortScan,task0,category_recall,0.9904270986745214
xgboost_static,none,5,PortScan,task1,n,96639.0
xgboost_static,none,5,PortScan,task1,n_benign,76782.0
xgboost_static,none,5,PortScan,task1,n_attack,19857.0
xgboost_static,none,5,PortScan,task1,accuracy,0.7945239499580915
xgboost_static,none,5,PortScan,task1,macro_f1,0.44274914802705556
xgboost_static,none,5,PortScan,task1,fpr,0.0
xgboost_static,none,5,PortScan,task1,detection_rate,0.0
xgboost_static,none,5,PortScan,task1,binary_f1,0.0
xgboost_static,none,5,PortScan,task1,category_recall,0.0
xgboost_static,none,5,PortScan,task2,n,21631.0
xgboost_static,none,5,PortScan,task2,n_benign,21610.0
xgboost_static,none,5,PortScan,task2,n_attack,21.0
xgboost_static,none,5,PortScan,task2,accuracy,0.9990291710970367
xgboost_static,none,5,PortScan,task2,macro_f1,0.4997571749034481
xgboost_static,none,5,PortScan,task2,fpr,0.0
xgboost_static,none,5,PortScan,task2,detection_rate,0.0
xgboost_static,none,5,PortScan,task2,binary_f1,0.0
xgboost_static,none,5,PortScan,task2,category_recall,0.0
xgboost_static,none,5,PortScan,task3,n,50445.0
xgboost_static,none,5,PortScan,task3,n_benign,32949.0
xgboost_static,none,5,PortScan,task3,n_attack,17496.0
xgboost_static,none,5,PortScan,task3,accuracy,0.6531073446327683
xgboost_static,none,5,PortScan,task3,macro_f1,0.39512124919047276
xgboost_static,none,5,PortScan,task3,fpr,9.104980424292088e-05
xgboost_static,none,5,PortScan,task3,detection_rate,0.00051440329218107
xgboost_static,none,5,PortScan,task3,binary_f1,0.001028101439342015
xgboost_static,none,5,PortScan,task3,category_recall,0.0
xgboost_static,none,5,PortScan,task4,n,27642.0
xgboost_static,none,5,PortScan,task4,n_benign,27385.0
xgboost_static,none,5,PortScan,task4,n_attack,257.0
xgboost_static,none,5,PortScan,task4,accuracy,0.9907025540843644
xgboost_static,none,5,PortScan,task4,macro_f1,0.49766478274301706
xgboost_static,none,5,PortScan,task4,fpr,0.0
xgboost_static,none,5,PortScan,task4,detection_rate,0.0
xgboost_static,none,5,PortScan,task4,binary_f1,0.0
xgboost_static,none,5,PortScan,task4,category_recall,0.0
xgboost_static,none,5,PortScan,task5,n,51117.0
xgboost_static,none,5,PortScan,task5,n_benign,31046.0
xgboost_static,none,5,PortScan,task5,n_attack,20071.0
xgboost_static,none,5,PortScan,task5,accuracy,0.6073517616448539
xgboost_static,none,5,PortScan,task5,macro_f1,0.37785864683616716
xgboost_static,none,5,PortScan,task5,fpr,0.0
xgboost_static,none,5,PortScan,task5,detection_rate,0.0
xgboost_static,none,5,PortScan,task5,binary_f1,0.0
xgboost_static,none,5,PortScan,task5,category_recall,0.0
xgboost_static,none,5,PortScan,task6,n,28798.0
xgboost_static,none,5,PortScan,task6,n_benign,9791.0
xgboost_static,none,5,PortScan,task6,n_attack,19007.0
xgboost_static,none,5,PortScan,task6,accuracy,0.3399888881172304
xgboost_static,none,5,PortScan,task6,macro_f1,0.25372515483687064
xgboost_static,none,5,PortScan,task6,fpr,0.0
xgboost_static,none,5,PortScan,task6,detection_rate,0.0
xgboost_static,none,5,PortScan,task6,binary_f1,0.0
xgboost_static,none,5,PortScan,task6,category_recall,0.0
xgboost_static,none,5,PortScan,seen,n,386176.0
xgboost_static,none,5,PortScan,seen,n_benign,327116.0
xgboost_static,none,5,PortScan,seen,n_attack,59060.0
xgboost_static,none,5,PortScan,seen,accuracy,0.8505396503148823
xgboost_static,none,5,PortScan,seen,macro_f1,0.27281893292778653
xgboost_static,none,5,PortScan,seen,fpr,9.171058584722239e-06
xgboost_static,none,5,PortScan,seen,detection_rate,0.022925838130714526
xgboost_static,none,5,PortScan,seen,binary_f1,0.04482182167270801
xgboost_static,none,5,PortScan,all,n,414974.0
xgboost_static,none,5,PortScan,all,n_benign,336907.0
xgboost_static,none,5,PortScan,all,n_attack,78067.0
xgboost_static,none,5,PortScan,all,accuracy,0.8151088983888147
xgboost_static,none,5,PortScan,all,macro_f1,0.23607191402371763
xgboost_static,none,5,PortScan,all,fpr,8.904534485777975e-06
xgboost_static,none,5,PortScan,all,detection_rate,0.01734407624220221
xgboost_static,none,5,PortScan,all,binary_f1,0.03409548751007252
xgboost_static,none,6,DDoS,task0,n,138702.0
xgboost_static,none,6,DDoS,task0,n_benign,137344.0
xgboost_static,none,6,DDoS,task0,n_attack,1358.0
xgboost_static,none,6,DDoS,task0,accuracy,0.9999062738821358
xgboost_static,none,6,DDoS,task0,macro_f1,0.9975716024301203
xgboost_static,none,6,DDoS,task0,fpr,0.0
xgboost_static,none,6,DDoS,task0,detection_rate,0.9904270986745214
xgboost_static,none,6,DDoS,task0,binary_f1,0.9951905290418054
xgboost_static,none,6,DDoS,task0,category_recall,0.9904270986745214
xgboost_static,none,6,DDoS,task1,n,96639.0
xgboost_static,none,6,DDoS,task1,n_benign,76782.0
xgboost_static,none,6,DDoS,task1,n_attack,19857.0
xgboost_static,none,6,DDoS,task1,accuracy,0.7945239499580915
xgboost_static,none,6,DDoS,task1,macro_f1,0.44274914802705556
xgboost_static,none,6,DDoS,task1,fpr,0.0
xgboost_static,none,6,DDoS,task1,detection_rate,0.0
xgboost_static,none,6,DDoS,task1,binary_f1,0.0
xgboost_static,none,6,DDoS,task1,category_recall,0.0
xgboost_static,none,6,DDoS,task2,n,21631.0
xgboost_static,none,6,DDoS,task2,n_benign,21610.0
xgboost_static,none,6,DDoS,task2,n_attack,21.0
xgboost_static,none,6,DDoS,task2,accuracy,0.9990291710970367
xgboost_static,none,6,DDoS,task2,macro_f1,0.4997571749034481
xgboost_static,none,6,DDoS,task2,fpr,0.0
xgboost_static,none,6,DDoS,task2,detection_rate,0.0
xgboost_static,none,6,DDoS,task2,binary_f1,0.0
xgboost_static,none,6,DDoS,task2,category_recall,0.0
xgboost_static,none,6,DDoS,task3,n,50445.0
xgboost_static,none,6,DDoS,task3,n_benign,32949.0
xgboost_static,none,6,DDoS,task3,n_attack,17496.0
xgboost_static,none,6,DDoS,task3,accuracy,0.6531073446327683
xgboost_static,none,6,DDoS,task3,macro_f1,0.39512124919047276
xgboost_static,none,6,DDoS,task3,fpr,9.104980424292088e-05
xgboost_static,none,6,DDoS,task3,detection_rate,0.00051440329218107
xgboost_static,none,6,DDoS,task3,binary_f1,0.001028101439342015
xgboost_static,none,6,DDoS,task3,category_recall,0.0
xgboost_static,none,6,DDoS,task4,n,27642.0
xgboost_static,none,6,DDoS,task4,n_benign,27385.0
xgboost_static,none,6,DDoS,task4,n_attack,257.0
xgboost_static,none,6,DDoS,task4,accuracy,0.9907025540843644
xgboost_static,none,6,DDoS,task4,macro_f1,0.49766478274301706
xgboost_static,none,6,DDoS,task4,fpr,0.0
xgboost_static,none,6,DDoS,task4,detection_rate,0.0
xgboost_static,none,6,DDoS,task4,binary_f1,0.0
xgboost_static,none,6,DDoS,task4,category_recall,0.0
xgboost_static,none,6,DDoS,task5,n,51117.0
xgboost_static,none,6,DDoS,task5,n_benign,31046.0
xgboost_static,none,6,DDoS,task5,n_attack,20071.0
xgboost_static,none,6,DDoS,task5,accuracy,0.6073517616448539
xgboost_static,none,6,DDoS,task5,macro_f1,0.37785864683616716
xgboost_static,none,6,DDoS,task5,fpr,0.0
xgboost_static,none,6,DDoS,task5,detection_rate,0.0
xgboost_static,none,6,DDoS,task5,binary_f1,0.0
xgboost_static,none,6,DDoS,task5,category_recall,0.0
xgboost_static,none,6,DDoS,task6,n,28798.0
xgboost_static,none,6,DDoS,task6,n_benign,9791.0
xgboost_static,none,6,DDoS,task6,n_attack,19007.0
xgboost_static,none,6,DDoS,task6,accuracy,0.3399888881172304
xgboost_static,none,6,DDoS,task6,macro_f1,0.25372515483687064
xgboost_static,none,6,DDoS,task6,fpr,0.0
xgboost_static,none,6,DDoS,task6,detection_rate,0.0
xgboost_static,none,6,DDoS,task6,binary_f1,0.0
xgboost_static,none,6,DDoS,task6,category_recall,0.0
xgboost_static,none,6,DDoS,seen,n,414974.0
xgboost_static,none,6,DDoS,seen,n_benign,336907.0
xgboost_static,none,6,DDoS,seen,n_attack,78067.0
xgboost_static,none,6,DDoS,seen,accuracy,0.8151088983888147
xgboost_static,none,6,DDoS,seen,macro_f1,0.23607191402371763
xgboost_static,none,6,DDoS,seen,fpr,8.904534485777975e-06
xgboost_static,none,6,DDoS,seen,detection_rate,0.01734407624220221
xgboost_static,none,6,DDoS,seen,binary_f1,0.03409548751007252
xgboost_static,none,6,DDoS,all,n,414974.0
xgboost_static,none,6,DDoS,all,n_benign,336907.0
xgboost_static,none,6,DDoS,all,n_attack,78067.0
xgboost_static,none,6,DDoS,all,accuracy,0.8151088983888147
xgboost_static,none,6,DDoS,all,macro_f1,0.23607191402371763
xgboost_static,none,6,DDoS,all,fpr,8.904534485777975e-06
xgboost_static,none,6,DDoS,all,detection_rate,0.01734407624220221
xgboost_static,none,6,DDoS,all,binary_f1,0.03409548751007252
gnn_naive,none,0,BruteForce,task0,n,138702.0
gnn_naive,none,0,BruteForce,task0,n_benign,137344.0
gnn_naive,none,0,BruteForce,task0,n_attack,1358.0
gnn_naive,none,0,BruteForce,task0,accuracy,0.9998774350766392
gnn_naive,none,0,BruteForce,task0,macro_f1,0.996858918503922
gnn_naive,none,0,BruteForce,task0,fpr,0.00012377679403541473
gnn_naive,none,0,BruteForce,task0,detection_rate,1.0
gnn_naive,none,0,BruteForce,task0,binary_f1,0.9937797292352726
gnn_naive,none,0,BruteForce,task0,category_recall,1.0
gnn_naive,none,0,BruteForce,task1,n,96639.0
gnn_naive,none,0,BruteForce,task1,n_benign,76782.0
gnn_naive,none,0,BruteForce,task1,n_attack,19857.0
gnn_naive,none,0,BruteForce,task1,accuracy,0.7945239499580915
gnn_naive,none,0,BruteForce,task1,macro_f1,0.44274914802705556
gnn_naive,none,0,BruteForce,task1,fpr,0.0
gnn_naive,none,0,BruteForce,task1,detection_rate,0.0
gnn_naive,none,0,BruteForce,task1,binary_f1,0.0
gnn_naive,none,0,BruteForce,task1,category_recall,0.0
gnn_naive,none,0,BruteForce,task2,n,21631.0
gnn_naive,none,0,BruteForce,task2,n_benign,21610.0
gnn_naive,none,0,BruteForce,task2,n_attack,21.0
gnn_naive,none,0,BruteForce,task2,accuracy,0.9990291710970367
gnn_naive,none,0,BruteForce,task2,macro_f1,0.4997571749034481
gnn_naive,none,0,BruteForce,task2,fpr,0.0
gnn_naive,none,0,BruteForce,task2,detection_rate,0.0
gnn_naive,none,0,BruteForce,task2,binary_f1,0.0
gnn_naive,none,0,BruteForce,task2,category_recall,0.0
gnn_naive,none,0,BruteForce,task3,n,50445.0
gnn_naive,none,0,BruteForce,task3,n_benign,32949.0
gnn_naive,none,0,BruteForce,task3,n_attack,17496.0
gnn_naive,none,0,BruteForce,task3,accuracy,0.6531668153434433
gnn_naive,none,0,BruteForce,task3,macro_f1,0.39510036693287287
gnn_naive,none,0,BruteForce,task3,fpr,0.0
gnn_naive,none,0,BruteForce,task3,detection_rate,0.0
gnn_naive,none,0,BruteForce,task3,binary_f1,0.0
gnn_naive,none,0,BruteForce,task3,category_recall,0.0
gnn_naive,none,0,BruteForce,task4,n,27642.0
gnn_naive,none,0,BruteForce,task4,n_benign,27385.0
gnn_naive,none,0,BruteForce,task4,n_attack,257.0
gnn_naive,none,0,BruteForce,task4,accuracy,0.9906663772520078
gnn_naive,none,0,BruteForce,task4,macro_f1,0.49765565369098247
gnn_naive,none,0,BruteForce,task4,fpr,3.6516341062625523e-05
gnn_naive,none,0,BruteForce,task4,detection_rate,0.0
gnn_naive,none,0,BruteForce,task4,binary_f1,0.0
gnn_naive,none,0,BruteForce,task4,category_recall,0.0
gnn_naive,none,0,BruteForce,task5,n,51117.0
gnn_naive,none,0,BruteForce,task5,n_benign,31046.0
gnn_naive,none,0,BruteForce,task5,n_attack,20071.0
gnn_naive,none,0,BruteForce,task5,accuracy,0.6073321986814563
gnn_naive,none,0,BruteForce,task5,macro_f1,0.3778510747060685
gnn_naive,none,0,BruteForce,task5,fpr,3.22102686336404e-05
gnn_naive,none,0,BruteForce,task5,detection_rate,0.0
gnn_naive,none,0,BruteForce,task5,binary_f1,0.0
gnn_naive,none,0,BruteForce,task5,category_recall,0.0
gnn_naive,none,0,BruteForce,task6,n,28798.0
gnn_naive,none,0,BruteForce,task6,n_benign,9791.0
gnn_naive,none,0,BruteForce,task6,n_attack,19007.0
gnn_naive,none,0,BruteForce,task6,accuracy,0.33995416348357527
gnn_naive,none,0,BruteForce,task6,macro_f1,0.2537058152793615
gnn_naive,none,0,BruteForce,task6,fpr,0.0001021346134204882
gnn_naive,none,0,BruteForce,task6,detection_rate,0.0
gnn_naive,none,0,BruteForce,task6,binary_f1,0.0
gnn_naive,none,0,BruteForce,task6,category_recall,0.0
gnn_naive,none,0,BruteForce,seen,n,138702.0
gnn_naive,none,0,BruteForce,seen,n_benign,137344.0
gnn_naive,none,0,BruteForce,seen,n_attack,1358.0
gnn_naive,none,0,BruteForce,seen,accuracy,0.9998774350766392
gnn_naive,none,0,BruteForce,seen,macro_f1,0.996858918503922
gnn_naive,none,0,BruteForce,seen,fpr,0.00012377679403541473
gnn_naive,none,0,BruteForce,seen,detection_rate,1.0
gnn_naive,none,0,BruteForce,seen,binary_f1,0.9937797292352726
gnn_naive,none,0,BruteForce,all,n,414974.0
gnn_naive,none,0,BruteForce,all,n_benign,336907.0
gnn_naive,none,0,BruteForce,all,n_attack,78067.0
gnn_naive,none,0,BruteForce,all,accuracy,0.8150992592306988
gnn_naive,none,0,BruteForce,all,macro_f1,0.23630666149220328
gnn_naive,none,0,BruteForce,all,fpr,5.936356323851983e-05
gnn_naive,none,0,BruteForce,all,detection_rate,0.017395314281322453
gnn_naive,none,0,BruteForce,all,binary_f1,0.03418717351626912
gnn_naive,none,1,DoS,task0,n,138702.0
gnn_naive,none,1,DoS,task0,n_benign,137344.0
gnn_naive,none,1,DoS,task0,n_attack,1358.0
gnn_naive,none,1,DoS,task0,accuracy,0.9900938703118917
gnn_naive,none,1,DoS,task0,macro_f1,0.4980668934651569
gnn_naive,none,1,DoS,task0,fpr,0.00011649580615097856
gnn_naive,none,1,DoS,task0,detection_rate,0.2268041237113402
gnn_naive,none,1,DoS,task0,binary_f1,0.36623067776456597
gnn_naive,none,1,DoS,task0,category_recall,0.0
gnn_naive,none,1,DoS,task1,n,96639.0
gnn_naive,none,1,DoS,task1,n_benign,76782.0
gnn_naive,none,1,DoS,task1,n_attack,19857.0
gnn_naive,none,1,DoS,task1,accuracy,0.9988410476101781
gnn_naive,none,1,DoS,task1,macro_f1,0.9982282235693473
gnn_naive,none,1,DoS,task1,fpr,0.001315412466463494
gnn_naive,none,1,DoS,task1,detection_rate,0.999446039180138
gnn_naive,none,1,DoS,task1,binary_f1,0.9971862124409607
gnn_naive,none,1,DoS,task1,category_recall,0.999446039180138
gnn_naive,none,1,DoS,task2,n,21631.0
gnn_naive,none,1,DoS,task2,n_benign,21610.0
gnn_naive,none,1,DoS,task2,n_attack,21.0
gnn_naive,none,1,DoS,task2,accuracy,0.9990291710970367
gnn_naive,none,1,DoS,task2,macro_f1,0.49976873265494914
gnn_naive,none,1,DoS,task2,fpr,0.0
gnn_naive,none,1,DoS,task2,detection_rate,0.047619047619047616
gnn_naive,none,1,DoS,task2,binary_f1,0.09090909090909091
gnn_naive,none,1,DoS,task2,category_recall,0.0
gnn_naive,none,1,DoS,task3,n,50445.0
gnn_naive,none,1,DoS,task3,n_benign,32949.0
gnn_naive,none,1,DoS,task3,n_attack,17496.0
gnn_naive,none,1,DoS,task3,accuracy,0.6531668153434433
gnn_naive,none,1,DoS,task3,macro_f1,0.39510036693287287
gnn_naive,none,1,DoS,task3,fpr,0.0
gnn_naive,none,1,DoS,task3,detection_rate,0.0
gnn_naive,none,1,DoS,task3,binary_f1,0.0
gnn_naive,none,1,DoS,task3,category_recall,0.0
gnn_naive,none,1,DoS,task4,n,27642.0
gnn_naive,none,1,DoS,task4,n_benign,27385.0
gnn_naive,none,1,DoS,task4,n_attack,257.0
gnn_naive,none,1,DoS,task4,accuracy,0.9907025540843644
gnn_naive,none,1,DoS,task4,macro_f1,0.49766478274301706
gnn_naive,none,1,DoS,task4,fpr,0.0
gnn_naive,none,1,DoS,task4,detection_rate,0.0
gnn_naive,none,1,DoS,task4,binary_f1,0.0
gnn_naive,none,1,DoS,task4,category_recall,0.0
gnn_naive,none,1,DoS,task5,n,51117.0
gnn_naive,none,1,DoS,task5,n_benign,31046.0
gnn_naive,none,1,DoS,task5,n_attack,20071.0
gnn_naive,none,1,DoS,task5,accuracy,0.6073517616448539
gnn_naive,none,1,DoS,task5,macro_f1,0.37785864683616716
gnn_naive,none,1,DoS,task5,fpr,0.0
gnn_naive,none,1,DoS,task5,detection_rate,0.0
gnn_naive,none,1,DoS,task5,binary_f1,0.0
gnn_naive,none,1,DoS,task5,category_recall,0.0
gnn_naive,none,1,DoS,task6,n,28798.0
gnn_naive,none,1,DoS,task6,n_benign,9791.0
gnn_naive,none,1,DoS,task6,n_attack,19007.0
gnn_naive,none,1,DoS,task6,accuracy,0.3399888881172304
gnn_naive,none,1,DoS,task6,macro_f1,0.4313215859030837
gnn_naive,none,1,DoS,task6,fpr,0.0
gnn_naive,none,1,DoS,task6,detection_rate,0.8359551744094281
gnn_naive,none,1,DoS,task6,binary_f1,0.9106487849610271
gnn_naive,none,1,DoS,task6,category_recall,0.0
gnn_naive,none,1,DoS,seen,n,235341.0
gnn_naive,none,1,DoS,seen,n_benign,214126.0
gnn_naive,none,1,DoS,seen,n_attack,21215.0
gnn_naive,none,1,DoS,seen,accuracy,0.993685758112696
gnn_naive,none,1,DoS,seen,macro_f1,0.6621300339892472
gnn_naive,none,1,DoS,seen,fpr,0.00054640725554113
gnn_naive,none,1,DoS,seen,detection_rate,0.949988215884987
gnn_naive,none,1,DoS,seen,binary_f1,0.9716048787542786
gnn_naive,none,1,DoS,all,n,414974.0
gnn_naive,none,1,DoS,all,n_benign,336907.0
gnn_naive,none,1,DoS,all,n_attack,78067.0
gnn_naive,none,1,DoS,all,accuracy,0.8594176984582167
gnn_naive,none,1,DoS,all,macro_f1,0.20621002376009723
gnn_naive,none,1,DoS,all,fpr,0.000347276844945341
gnn_naive,none,1,DoS,all,detection_rate,0.4617059705125085
gnn_naive,none,1,DoS,all,binary_f1,0.6310886997933957
gnn_naive,none,2,WebAttack,task0,n,138702.0
gnn_naive,none,2,WebAttack,task0,n_benign,137344.0
gnn_naive,none,2,WebAttack,task0,n_attack,1358.0
gnn_naive,none,2,WebAttack,task0,accuracy,0.9901875964297558
gnn_naive,none,2,WebAttack,task0,macro_f1,0.4975384091493655
gnn_naive,none,2,WebAttack,task0,fpr,2.1842963653308482e-05
gnn_naive,none,2,WebAttack,task0,detection_rate,0.0014727540500736377
gnn_naive,none,2,WebAttack,task0,binary_f1,0.00293470286133529
gnn_naive,none,2,WebAttack,task0,category_recall,0.0
gnn_naive,none,2,WebAttack,task1,n,96639.0
gnn_naive,none,2,WebAttack,task1,n_benign,76782.0
gnn_naive,none,2,WebAttack,task1,n_attack,19857.0
gnn_naive,none,2,WebAttack,task1,accuracy,0.9911319446600234
gnn_naive,none,2,WebAttack,task1,macro_f1,0.9861975042731922
gnn_naive,none,2,WebAttack,task1,fpr,0.0
gnn_naive,none,2,WebAttack,task1,detection_rate,0.9568414161252958
gnn_naive,none,2,WebAttack,task1,binary_f1,0.9779447718557789
gnn_naive,none,2,WebAttack,task1,category_recall,0.9568414161252958
gnn_naive,none,2,WebAttack,task2,n,21631.0
gnn_naive,none,2,WebAttack,task2,n_benign,21610.0
gnn_naive,none,2,WebAttack,task2,n_attack,21.0
gnn_naive,none,2,WebAttack,task2,accuracy,0.9992603208358375
gnn_naive,none,2,WebAttack,task2,macro_f1,0.7498149433263936
gnn_naive,none,2,WebAttack,task2,fpr,0.00013882461823229986
gnn_naive,none,2,WebAttack,task2,detection_rate,0.38095238095238093
gnn_naive,none,2,WebAttack,task2,binary_f1,0.5
gnn_naive,none,2,WebAttack,task2,category_recall,0.38095238095238093
gnn_naive,none,2,WebAttack,task3,n,50445.0
gnn_naive,none,2,WebAttack,task3,n_benign,32949.0
gnn_naive,none,2,WebAttack,task3,n_attack,17496.0
gnn_naive,none,2,WebAttack,task3,accuracy,0.6531668153434433
gnn_naive,none,2,WebAttack,task3,macro_f1,0.39510036693287287
gnn_naive,none,2,WebAttack,task3,fpr,0.0
gnn_naive,none,2,WebAttack,task3,detection_rate,0.0
gnn_naive,none,2,WebAttack,task3,binary_f1,0.0
gnn_naive,none,2,WebAttack,task3,category_recall,0.0
gnn_naive,none,2,WebAttack,task4,n,27642.0
gnn_naive,none,2,WebAttack,task4,n_benign,27385.0
gnn_naive,none,2,WebAttack,task4,n_attack,257.0
gnn_naive,none,2,WebAttack,task4,accuracy,0.9906663772520078
gnn_naive,none,2,WebAttack,task4,macro_f1,0.49765565369098247
gnn_naive,none,2,WebAttack,task4,fpr,3.6516341062625523e-05
gnn_naive,none,2,WebAttack,task4,detection_rate,0.0
gnn_naive,none,2,WebAttack,task4,binary_f1,0.0
gnn_naive,none,2,WebAttack,task4,category_recall,0.0
gnn_naive,none,2,WebAttack,task5,n,51117.0
gnn_naive,none,2,WebAttack,task5,n_benign,31046.0
gnn_naive,none,2,WebAttack,task5,n_attack,20071.0
gnn_naive,none,2,WebAttack,task5,accuracy,0.6073517616448539
gnn_naive,none,2,WebAttack,task5,macro_f1,0.37785864683616716
gnn_naive,none,2,WebAttack,task5,fpr,0.0
gnn_naive,none,2,WebAttack,task5,detection_rate,0.0
gnn_naive,none,2,WebAttack,task5,binary_f1,0.0
gnn_naive,none,2,WebAttack,task5,category_recall,0.0
gnn_naive,none,2,WebAttack,task6,n,28798.0
gnn_naive,none,2,WebAttack,task6,n_benign,9791.0
gnn_naive,none,2,WebAttack,task6,n_attack,19007.0
gnn_naive,none,2,WebAttack,task6,accuracy,0.33991943884992015
gnn_naive,none,2,WebAttack,task6,macro_f1,0.37264456203129165
gnn_naive,none,2,WebAttack,task6,fpr,0.0002042692268409764
gnn_naive,none,2,WebAttack,task6,detection_rate,0.6480770242542221
gnn_naive,none,2,WebAttack,task6,binary_f1,0.7864142752258435
gnn_naive,none,2,WebAttack,task6,category_recall,0.0
gnn_naive,none,2,WebAttack,seen,n,256972.0
gnn_naive,none,2,WebAttack,seen,n_benign,235736.0
gnn_naive,none,2,WebAttack,seen,n_attack,21236.0
gnn_naive,none,2,WebAttack,seen,accuracy,0.9913064458384571
gnn_naive,none,2,WebAttack,seen,macro_f1,0.6182767566467247
gnn_naive,none,2,WebAttack,seen,fpr,2.545220076695965e-05
gnn_naive,none,2,WebAttack,seen,detection_rate,0.8951779996232813
gnn_naive,none,2,WebAttack,seen,binary_f1,0.9445493391632714
gnn_naive,none,2,WebAttack,all,n,414974.0
gnn_naive,none,2,WebAttack,all,n_benign,336907.0
gnn_naive,none,2,WebAttack,all,n_attack,78067.0
gnn_naive,none,2,WebAttack,all,accuracy,0.8576585521020594
gnn_naive,none,2,WebAttack,all,macro_f1,0.2668427036445746
gnn_naive,none,2,WebAttack,all,fpr,2.6713603457333925e-05
gnn_naive,none,2,WebAttack,all,detection_rate,0.40129632238974217
gnn_naive,none,2,WebAttack,all,binary_f1,0.5727030090307484
gnn_naive,none,3,Infiltration,task0,n,138702.0
gnn_naive,none,3,Infiltration,task0,n_benign,137344.0
gnn_naive,none,3,Infiltration,task0,n_attack,1358.0
gnn_naive,none,3,Infiltration,task0,accuracy,0.9901731770270076
gnn_naive,none,3,Infiltration,task0,macro_f1,0.49753116384884855
gnn_naive,none,3,Infiltration,task0,fpr,3.64049394221808e-05
gnn_naive,none,3,Infiltration,task0,detection_rate,0.0
gnn_naive,none,3,Infiltration,task0,binary_f1,0.0
gnn_naive,none,3,Infiltration,task0,category_recall,0.0
gnn_naive,none,3,Infiltration,task1,n,96639.0
gnn_naive,none,3,Infiltration,task1,n_benign,76782.0
gnn_naive,none,3,Infiltration,task1,n_attack,19857.0
gnn_naive,none,3,Infiltration,task1,accuracy,0.8308446900319747
gnn_naive,none,3,Infiltration,task1,macro_f1,0.6021072412707974
gnn_naive,none,3,Infiltration,task1,fpr,0.0
gnn_naive,none,3,Infiltration,task1,detection_rate,0.1767638616105152
gnn_naive,none,3,Infiltration,task1,binary_f1,0.3004236744126332
gnn_naive,none,3,Infiltration,task1,category_recall,0.1767638616105152
gnn_naive,none,3,Infiltration,task2,n,21631.0
gnn_naive,none,3,Infiltration,task2,n_benign,21610.0
gnn_naive,none,3,Infiltration,task2,n_attack,21.0
gnn_naive,none,3,Infiltration,task2,accuracy,0.9988904812537562
gnn_naive,none,3,Infiltration,task2,macro_f1,0.4997224663490448
gnn_naive,none,3,Infiltration,task2,fpr,0.00013882461823229986
gnn_naive,none,3,Infiltration,task2,detection_rate,0.0
gnn_naive,none,3,Infiltration,task2,binary_f1,0.0
gnn_naive,none,3,Infiltration,task2,category_recall,0.0
gnn_naive,none,3,Infiltration,task3,n,50445.0
gnn_naive,none,3,Infiltration,task3,n_benign,32949.0
gnn_naive,none,3,Infiltration,task3,n_attack,17496.0
gnn_naive,none,3,Infiltration,task3,accuracy,0.9984934086629002
gnn_naive,none,3,Infiltration,task3,macro_f1,0.9983357789935756
gnn_naive,none,3,Infiltration,task3,fpr,6.069986949528059e-05
gnn_naive,none,3,Infiltration,task3,detection_rate,0.9957704618198445
gnn_naive,none,3,Infiltration,task3,binary_f1,0.997823596792669
gnn_naive,none,3,Infiltration,task3,category_recall,0.9957704618198445
gnn_naive,none,3,Infiltration,task4,n,27642.0
gnn_naive,none,3,Infiltration,task4,n_benign,27385.0
gnn_naive,none,3,Infiltration,task4,n_attack,257.0
gnn_naive,none,3,Infiltration,task4,accuracy,0.9907025540843644
gnn_naive,none,3,Infiltration,task4,macro_f1,0.49766478274301706
gnn_naive,none,3,Infiltration,task4,fpr,0.0
gnn_naive,none,3,Infiltration,task4,detection_rate,0.0
gnn_naive,none,3,Infiltration,task4,binary_f1,0.0
gnn_naive,none,3,Infiltration,task4,category_recall,0.0
gnn_naive,none,3,Infiltration,task5,n,51117.0
gnn_naive,none,3,Infiltration,task5,n_benign,31046.0
gnn_naive,none,3,Infiltration,task5,n_attack,20071.0
gnn_naive,none,3,Infiltration,task5,accuracy,0.6066279319991392
gnn_naive,none,3,Infiltration,task5,macro_f1,0.4995006443298969
gnn_naive,none,3,Infiltration,task5,fpr,0.001191779939444695
gnn_naive,none,3,Infiltration,task5,detection_rate,0.9987544218026008
gnn_naive,none,3,Infiltration,task5,binary_f1,0.998455944613239
gnn_naive,none,3,Infiltration,task5,category_recall,0.0
gnn_naive,none,3,Infiltration,task6,n,28798.0
gnn_naive,none,3,Infiltration,task6,n_benign,9791.0
gnn_naive,none,3,Infiltration,task6,n_attack,19007.0
gnn_naive,none,3,Infiltration,task6,accuracy,0.33943329397874855
gnn_naive,none,3,Infiltration,task6,macro_f1,0.25897469863558087
gnn_naive,none,3,Infiltration,task6,fpr,0.0016341538147278112
gnn_naive,none,3,Infiltration,task6,detection_rate,0.04356289787972852
gnn_naive,none,3,Infiltration,task6,binary_f1,0.08342149010125434
gnn_naive,none,3,Infiltration,task6,category_recall,0.0
gnn_naive,none,3,Infiltration,seen,n,307417.0
gnn_naive,none,3,Infiltration,seen,n_benign,268685.0
gnn_naive,none,3,Infiltration,seen,n_attack,38732.0
gnn_naive,none,3,Infiltration,seen,accuracy,0.9420656632521949
gnn_naive,none,3,Infiltration,seen,macro_f1,0.4531907183244227
gnn_naive,none,3,Infiltration,seen,fpr,3.721830396188846e-05
gnn_naive,none,3,Infiltration,seen,detection_rate,0.5404316843953321
gnn_naive,none,3,Infiltration,seen,binary_f1,0.7015450615008211
gnn_naive,none,3,Infiltration,all,n,414974.0
gnn_naive,none,3,Infiltration,all,n_benign,336907.0
gnn_naive,none,3,Infiltration,all,n_attack,78067.0
gnn_naive,none,3,Infiltration,all,accuracy,0.8621648585212568
gnn_naive,none,3,Infiltration,all,macro_f1,0.2340248537506795
gnn_naive,none,3,Infiltration,all,fpr,0.00018699522420133745
gnn_naive,none,3,Infiltration,all,detection_rate,0.5355143658652184
gnn_naive,none,3,Infiltration,all,binary_f1,0.6971384738527214
gnn_naive,none,4,Botnet,task0,n,138702.0
gnn_naive,none,4,Botnet,task0,n_benign,137344.0
gnn_naive,none,4,Botnet,task0,n_attack,1358.0
gnn_naive,none,4,Botnet,task0,accuracy,0.9900361927008984
gnn_naive,none,4,Botnet,task0,macro_f1,0.4974965763598554
gnn_naive,none,4,Botnet,task0,fpr,0.00017474370922646785
gnn_naive,none,4,Botnet,task0,detection_rate,0.0
gnn_naive,none,4,Botnet,task0,binary_f1,0.0
gnn_naive,none,4,Botnet,task0,category_recall,0.0
gnn_naive,none,4,Botnet,task1,n,96639.0
gnn_naive,none,4,Botnet,task1,n_benign,76782.0
gnn_naive,none,4,Botnet,task1,n_attack,19857.0
gnn_naive,none,4,Botnet,task1,accuracy,0.7943376897525843
gnn_naive,none,4,Botnet,task1,macro_f1,0.4426913029186346
gnn_naive,none,4,Botnet,task1,fpr,0.00023442994451824647
gnn_naive,none,4,Botnet,task1,detection_rate,0.0
gnn_naive,none,4,Botnet,task1,binary_f1,0.0
gnn_naive,none,4,Botnet,task1,category_recall,0.0
gnn_naive,none,4,Botnet,task2,n,21631.0
gnn_naive,none,4,Botnet,task2,n_benign,21610.0
gnn_naive,none,4,Botnet,task2,n_attack,21.0
gnn_naive,none,4,Botnet,task2,accuracy,0.9990291710970367
gnn_naive,none,4,Botnet,task2,macro_f1,0.4997571749034481
gnn_naive,none,4,Botnet,task2,fpr,0.0
gnn_naive,none,4,Botnet,task2,detection_rate,0.0
gnn_naive,none,4,Botnet,task2,binary_f1,0.0
gnn_naive,none,4,Botnet,task2,category_recall,0.0
gnn_naive,none,4,Botnet,task3,n,50445.0
gnn_naive,none,4,Botnet,task3,n_benign,32949.0
gnn_naive,none,4,Botnet,task3,n_attack,17496.0
gnn_naive,none,4,Botnet,task3,accuracy,0.6531271682029933
gnn_naive,none,4,Botnet,task3,macro_f1,0.39511902620375366
gnn_naive,none,4,Botnet,task3,fpr,6.069986949528059e-05
gnn_naive,none,4,Botnet,task3,detection_rate,0.0004000914494741655
gnn_naive,none,4,Botnet,task3,binary_f1,0.0007997714938588975
gnn_naive,none,4,Botnet,task3,category_recall,0.0
gnn_naive,none,4,Botnet,task4,n,27642.0
gnn_naive,none,4,Botnet,task4,n_benign,27385.0
gnn_naive,none,4,Botnet,task4,n_attack,257.0
gnn_naive,none,4,Botnet,task4,accuracy,1.0
gnn_naive,none,4,Botnet,task4,macro_f1,1.0
gnn_naive,none,4,Botnet,task4,fpr,0.0
gnn_naive,none,4,Botnet,task4,detection_rate,1.0
gnn_naive,none,4,Botnet,task4,binary_f1,1.0
gnn_naive,none,4,Botnet,task4,category_recall,1.0
gnn_naive,none,4,Botnet,task5,n,51117.0
gnn_naive,none,4,Botnet,task5,n_benign,31046.0
gnn_naive,none,4,Botnet,task5,n_attack,20071.0
gnn_naive,none,4,Botnet,task5,accuracy,0.6071952579376724
gnn_naive,none,4,Botnet,task5,macro_f1,0.3777980646339237
gnn_naive,none,4,Botnet,task5,fpr,0.0002576821490691232
gnn_naive,none,4,Botnet,task5,detection_rate,0.0
gnn_naive,none,4,Botnet,task5,binary_f1,0.0
gnn_naive,none,4,Botnet,task5,category_recall,0.0
gnn_naive,none,4,Botnet,task6,n,28798.0
gnn_naive,none,4,Botnet,task6,n_benign,9791.0
gnn_naive,none,4,Botnet,task6,n_attack,19007.0
gnn_naive,none,4,Botnet,task6,accuracy,0.3399888881172304
gnn_naive,none,4,Botnet,task6,macro_f1,0.25372515483687064
gnn_naive,none,4,Botnet,task6,fpr,0.0
gnn_naive,none,4,Botnet,task6,detection_rate,0.0
gnn_naive,none,4,Botnet,task6,binary_f1,0.0
gnn_naive,none,4,Botnet,task6,category_recall,0.0
gnn_naive,none,4,Botnet,seen,n,335059.0
gnn_naive,none,4,Botnet,seen,n_benign,296070.0
gnn_naive,none,4,Botnet,seen,n_attack,38989.0
gnn_naive,none,4,Botnet,seen,accuracy,0.8842711283684366
gnn_naive,none,4,Botnet,seen,macro_f1,0.30804608475786055
gnn_naive,none,4,Botnet,seen,fpr,0.0001486135035633465
gnn_naive,none,4,Botnet,seen,detection_rate,0.006771140578111775
gnn_naive,none,4,Botnet,seen,binary_f1,0.01343614016337125
gnn_naive,none,4,Botnet,all,n,414974.0
gnn_naive,none,4,Botnet,all,n_benign,336907.0
gnn_naive,none,4,Botnet,all,n_attack,78067.0
gnn_naive,none,4,Botnet,all,accuracy,0.8123689676943616
gnn_naive,none,4,Botnet,all,macro_f1,0.22418033137577761
gnn_naive,none,4,Botnet,all,fpr,0.00015434526442015156
gnn_naive,none,4,Botnet,all,detection_rate,0.0033817105819360293
gnn_naive,none,4,Botnet,all,binary_f1,0.006736154523302246
gnn_naive,none,5,PortScan,task0,n,138702.0
gnn_naive,none,5,PortScan,task0,n_benign,137344.0
gnn_naive,none,5,PortScan,task0,n_attack,1358.0
gnn_naive,none,5,PortScan,task0,accuracy,0.989978515089905
gnn_naive,none,5,PortScan,task0,macro_f1,0.49748201178201107
gnn_naive,none,5,PortScan,task0,fpr,0.00023299161230195712
gnn_naive,none,5,PortScan,task0,detection_rate,0.0
gnn_naive,none,5,PortScan,task0,binary_f1,0.0
gnn_naive,none,5,PortScan,task0,category_recall,0.0
gnn_naive,none,5,PortScan,task1,n,96639.0
gnn_naive,none,5,PortScan,task1,n_benign,76782.0
gnn_naive,none,5,PortScan,task1,n_attack,19857.0
gnn_naive,none,5,PortScan,task1,accuracy,0.7945239499580915
gnn_naive,none,5,PortScan,task1,macro_f1,0.44274914802705556
gnn_naive,none,5,PortScan,task1,fpr,0.0
gnn_naive,none,5,PortScan,task1,detection_rate,0.0
gnn_naive,none,5,PortScan,task1,binary_f1,0.0
gnn_naive,none,5,PortScan,task1,category_recall,0.0
gnn_naive,none,5,PortScan,task2,n,21631.0
gnn_naive,none,5,PortScan,task2,n_benign,21610.0
gnn_naive,none,5,PortScan,task2,n_attack,21.0
gnn_naive,none,5,PortScan,task2,accuracy,0.9855300263510702
gnn_naive,none,5,PortScan,task2,macro_f1,0.49635614333279005
gnn_naive,none,5,PortScan,task2,fpr,0.013512262841277186
gnn_naive,none,5,PortScan,task2,detection_rate,0.0
gnn_naive,none,5,PortScan,task2,binary_f1,0.0
gnn_naive,none,5,PortScan,task2,category_recall,0.0
gnn_naive,none,5,PortScan,task3,n,50445.0
gnn_naive,none,5,PortScan,task3,n_benign,32949.0
gnn_naive,none,5,PortScan,task3,n_attack,17496.0
gnn_naive,none,5,PortScan,task3,accuracy,0.6531668153434433
gnn_naive,none,5,PortScan,task3,macro_f1,0.47502955508780026
gnn_naive,none,5,PortScan,task3,fpr,0.0
gnn_naive,none,5,PortScan,task3,detection_rate,0.8020118884316415
gnn_naive,none,5,PortScan,task3,binary_f1,0.8901294087794976
gnn_naive,none,5,PortScan,task3,category_recall,0.0
gnn_naive,none,5,PortScan,task4,n,27642.0
gnn_naive,none,5,PortScan,task4,n_benign,27385.0
gnn_naive,none,5,PortScan,task4,n_attack,257.0
gnn_naive,none,5,PortScan,task4,accuracy,0.9906302004196512
gnn_naive,none,5,PortScan,task4,macro_f1,0.49764652430713313
gnn_naive,none,5,PortScan,task4,fpr,7.303268212525105e-05
gnn_naive,none,5,PortScan,task4,detection_rate,0.0
gnn_naive,none,5,PortScan,task4,binary_f1,0.0
gnn_naive,none,5,PortScan,task4,category_recall,0.0
gnn_naive,none,5,PortScan,task5,n,51117.0
gnn_naive,none,5,PortScan,task5,n_benign,31046.0
gnn_naive,none,5,PortScan,task5,n_attack,20071.0
gnn_naive,none,5,PortScan,task5,accuracy,0.9995109259150576
gnn_naive,none,5,PortScan,task5,macro_f1,0.9994871872937248
gnn_naive,none,5,PortScan,task5,fpr,3.22102686336404e-05
gnn_naive,none,5,PortScan,task5,detection_rate,0.9988042449304967
gnn_naive,none,5,PortScan,task5,binary_f1,0.9993768538597672
gnn_naive,none,5,PortScan,task5,category_recall,0.9988042449304967
gnn_naive,none,5,PortScan,task6,n,28798.0
gnn_naive,none,5,PortScan,task6,n_benign,9791.0
gnn_naive,none,5,PortScan,task6,n_attack,19007.0
gnn_naive,none,5,PortScan,task6,accuracy,0.3399888881172304
gnn_naive,none,5,PortScan,task6,macro_f1,0.25372515483687064
gnn_naive,none,5,PortScan,task6,fpr,0.0
gnn_naive,none,5,PortScan,task6,detection_rate,0.0
gnn_naive,none,5,PortScan,task6,binary_f1,0.0
gnn_naive,none,5,PortScan,task6,category_recall,0.0
gnn_naive,none,5,PortScan,seen,n,386176.0
gnn_naive,none,5,PortScan,seen,n_benign,327116.0
gnn_naive,none,5,PortScan,seen,n_attack,59060.0
gnn_naive,none,5,PortScan,seen,accuracy,0.8981293503480279
gnn_naive,none,5,PortScan,seen,macro_f1,0.2426716576571088
gnn_naive,none,5,PortScan,seen,fpr,0.000999645385734724
gnn_naive,none,5,PortScan,seen,detection_rate,0.577023366068405
gnn_naive,none,5,PortScan,seen,binary_f1,0.7292277405687629
gnn_naive,none,5,PortScan,all,n,414974.0
gnn_naive,none,5,PortScan,all,n_benign,336907.0
gnn_naive,none,5,PortScan,all,n_attack,78067.0
gnn_naive,none,5,PortScan,all,accuracy,0.8593960103524558
gnn_naive,none,5,PortScan,all,macro_f1,0.20927688795880633
gnn_naive,none,5,PortScan,all,fpr,0.0009705942589497992
gnn_naive,none,5,PortScan,all,detection_rate,0.4365352837946892
gnn_naive,none,5,PortScan,all,binary_f1,0.6059943275274955
gnn_naive,none,6,DDoS,task0,n,138702.0
gnn_naive,none,6,DDoS,task0,n_benign,137344.0
gnn_naive,none,6,DDoS,task0,n_attack,1358.0
gnn_naive,none,6,DDoS,task0,accuracy,0.9899280471802858
gnn_naive,none,6,DDoS,task0,macro_f1,0.49802682645503416
gnn_naive,none,6,DDoS,task0,fpr,0.00028395852749301027
gnn_naive,none,6,DDoS,task0,detection_rate,0.22754050073637702
gnn_naive,none,6,DDoS,task0,binary_f1,0.3622508792497069
gnn_naive,none,6,DDoS,task0,category_recall,0.0
gnn_naive,none,6,DDoS,task1,n,96639.0
gnn_naive,none,6,DDoS,task1,n_benign,76782.0
gnn_naive,none,6,DDoS,task1,n_attack,19857.0
gnn_naive,none,6,DDoS,task1,accuracy,0.7891637951551651
gnn_naive,none,6,DDoS,task1,macro_f1,0.4982718856373769
gnn_naive,none,6,DDoS,task1,fpr,0.00674637284780287
gnn_naive,none,6,DDoS,task1,detection_rate,0.999446039180138
gnn_naive,none,6,DDoS,task1,binary_f1,0.986847666641804
gnn_naive,none,6,DDoS,task1,category_recall,0.0
gnn_naive,none,6,DDoS,task2,n,21631.0
gnn_naive,none,6,DDoS,task2,n_benign,21610.0
gnn_naive,none,6,DDoS,task2,n_attack,21.0
gnn_naive,none,6,DDoS,task2,accuracy,0.9853451065600296
gnn_naive,none,6,DDoS,task2,macro_f1,0.4964826461681808
gnn_naive,none,6,DDoS,task2,fpr,0.013697362332253587
gnn_naive,none,6,DDoS,task2,detection_rate,0.7142857142857143
gnn_naive,none,6,DDoS,task2,binary_f1,0.09036144578313253
gnn_naive,none,6,DDoS,task2,category_recall,0.0
gnn_naive,none,6,DDoS,task3,n,50445.0
gnn_naive,none,6,DDoS,task3,n_benign,32949.0
gnn_naive,none,6,DDoS,task3,n_attack,17496.0
gnn_naive,none,6,DDoS,task3,accuracy,0.6530082267816434
gnn_naive,none,6,DDoS,task3,macro_f1,0.4735215478825863
gnn_naive,none,6,DDoS,task3,fpr,0.00024279947798112235
gnn_naive,none,6,DDoS,task3,detection_rate,0.7898948331047096
gnn_naive,none,6,DDoS,task3,binary_f1,0.8823904992976631
gnn_naive,none,6,DDoS,task3,category_recall,0.0
gnn_naive,none,6,DDoS,task4,n,27642.0
gnn_naive,none,6,DDoS,task4,n_benign,27385.0
gnn_naive,none,6,DDoS,task4,n_attack,257.0
gnn_naive,none,6,DDoS,task4,accuracy,0.9905578467549382
gnn_naive,none,6,DDoS,task4,macro_f1,0.497628264543918
gnn_naive,none,6,DDoS,task4,fpr,0.0001460653642505021
gnn_naive,none,6,DDoS,task4,detection_rate,0.0
gnn_naive,none,6,DDoS,task4,binary_f1,0.0
gnn_naive,none,6,DDoS,task4,category_recall,0.0
gnn_naive,none,6,DDoS,task5,n,51117.0
gnn_naive,none,6,DDoS,task5,n_benign,31046.0
gnn_naive,none,6,DDoS,task5,n_attack,20071.0
gnn_naive,none,6,DDoS,task5,accuracy,0.997945888843242
gnn_naive,none,6,DDoS,task5,macro_f1,0.9984311635232356
gnn_naive,none,6,DDoS,task5,fpr,0.0
gnn_naive,none,6,DDoS,task5,detection_rate,0.998405659907329
gnn_naive,none,6,DDoS,task5,binary_f1,0.9992021939665918
gnn_naive,none,6,DDoS,task5,category_recall,0.9947685715709232
gnn_naive,none,6,DDoS,task6,n,28798.0
gnn_naive,none,6,DDoS,task6,n_benign,9791.0
gnn_naive,none,6,DDoS,task6,n_attack,19007.0
gnn_naive,none,6,DDoS,task6,accuracy,0.9997222029307591
gnn_naive,none,6,DDoS,task6,macro_f1,0.9996904450358897
gnn_naive,none,6,DDoS,task6,fpr,0.0008170769073639056
gnn_naive,none,6,DDoS,task6,detection_rate,1.0
gnn_naive,none,6,DDoS,task6,binary_f1,0.9997895954973437
gnn_naive,none,6,DDoS,task6,category_recall,1.0
gnn_naive,none,6,DDoS,seen,n,414974.0
gnn_naive,none,6,DDoS,seen,n_benign,336907.0
gnn_naive,none,6,DDoS,seen,n_attack,78067.0
gnn_naive,none,6,DDoS,seen,accuracy,0.9036879418951549
gnn_naive,none,6,DDoS,seen,macro_f1,0.29685020022571196
gnn_naive,none,6,DDoS,seen,fpr,0.0025912195353613907
gnn_naive,none,6,DDoS,seen,detection_rate,0.9355553562965145
gnn_naive,none,6,DDoS,seen,binary_f1,0.9611517608043375
gnn_naive,none,6,DDoS,all,n,414974.0
gnn_naive,none,6,DDoS,all,n_benign,336907.0
gnn_naive,none,6,DDoS,all,n_attack,78067.0
gnn_naive,none,6,DDoS,all,accuracy,0.9036879418951549
gnn_naive,none,6,DDoS,all,macro_f1,0.29685020022571196
gnn_naive,none,6,DDoS,all,fpr,0.0025912195353613907
gnn_naive,none,6,DDoS,all,detection_rate,0.9355553562965145
gnn_naive,none,6,DDoS,all,binary_f1,0.9611517608043375
gnn_ewc_replay,none,0,BruteForce,task0,n,138702.0
gnn_ewc_replay,none,0,BruteForce,task0,n_benign,137344.0
gnn_ewc_replay,none,0,BruteForce,task0,n_attack,1358.0
gnn_ewc_replay,none,0,BruteForce,task0,accuracy,0.9998774350766392
gnn_ewc_replay,none,0,BruteForce,task0,macro_f1,0.996858918503922
gnn_ewc_replay,none,0,BruteForce,task0,fpr,0.00012377679403541473
gnn_ewc_replay,none,0,BruteForce,task0,detection_rate,1.0
gnn_ewc_replay,none,0,BruteForce,task0,binary_f1,0.9937797292352726
gnn_ewc_replay,none,0,BruteForce,task0,category_recall,1.0
gnn_ewc_replay,none,0,BruteForce,task1,n,96639.0
gnn_ewc_replay,none,0,BruteForce,task1,n_benign,76782.0
gnn_ewc_replay,none,0,BruteForce,task1,n_attack,19857.0
gnn_ewc_replay,none,0,BruteForce,task1,accuracy,0.7945239499580915
gnn_ewc_replay,none,0,BruteForce,task1,macro_f1,0.44274914802705556
gnn_ewc_replay,none,0,BruteForce,task1,fpr,0.0
gnn_ewc_replay,none,0,BruteForce,task1,detection_rate,0.0
gnn_ewc_replay,none,0,BruteForce,task1,binary_f1,0.0
gnn_ewc_replay,none,0,BruteForce,task1,category_recall,0.0
gnn_ewc_replay,none,0,BruteForce,task2,n,21631.0
gnn_ewc_replay,none,0,BruteForce,task2,n_benign,21610.0
gnn_ewc_replay,none,0,BruteForce,task2,n_attack,21.0
gnn_ewc_replay,none,0,BruteForce,task2,accuracy,0.9990291710970367
gnn_ewc_replay,none,0,BruteForce,task2,macro_f1,0.4997571749034481
gnn_ewc_replay,none,0,BruteForce,task2,fpr,0.0
gnn_ewc_replay,none,0,BruteForce,task2,detection_rate,0.0
gnn_ewc_replay,none,0,BruteForce,task2,binary_f1,0.0
gnn_ewc_replay,none,0,BruteForce,task2,category_recall,0.0
gnn_ewc_replay,none,0,BruteForce,task3,n,50445.0
gnn_ewc_replay,none,0,BruteForce,task3,n_benign,32949.0
gnn_ewc_replay,none,0,BruteForce,task3,n_attack,17496.0
gnn_ewc_replay,none,0,BruteForce,task3,accuracy,0.6531668153434433
gnn_ewc_replay,none,0,BruteForce,task3,macro_f1,0.39510036693287287
gnn_ewc_replay,none,0,BruteForce,task3,fpr,0.0
gnn_ewc_replay,none,0,BruteForce,task3,detection_rate,0.0
gnn_ewc_replay,none,0,BruteForce,task3,binary_f1,0.0
gnn_ewc_replay,none,0,BruteForce,task3,category_recall,0.0
gnn_ewc_replay,none,0,BruteForce,task4,n,27642.0
gnn_ewc_replay,none,0,BruteForce,task4,n_benign,27385.0
gnn_ewc_replay,none,0,BruteForce,task4,n_attack,257.0
gnn_ewc_replay,none,0,BruteForce,task4,accuracy,0.9906663772520078
gnn_ewc_replay,none,0,BruteForce,task4,macro_f1,0.49765565369098247
gnn_ewc_replay,none,0,BruteForce,task4,fpr,3.6516341062625523e-05
gnn_ewc_replay,none,0,BruteForce,task4,detection_rate,0.0
gnn_ewc_replay,none,0,BruteForce,task4,binary_f1,0.0
gnn_ewc_replay,none,0,BruteForce,task4,category_recall,0.0
gnn_ewc_replay,none,0,BruteForce,task5,n,51117.0
gnn_ewc_replay,none,0,BruteForce,task5,n_benign,31046.0
gnn_ewc_replay,none,0,BruteForce,task5,n_attack,20071.0
gnn_ewc_replay,none,0,BruteForce,task5,accuracy,0.6073321986814563
gnn_ewc_replay,none,0,BruteForce,task5,macro_f1,0.3778510747060685
gnn_ewc_replay,none,0,BruteForce,task5,fpr,3.22102686336404e-05
gnn_ewc_replay,none,0,BruteForce,task5,detection_rate,0.0
gnn_ewc_replay,none,0,BruteForce,task5,binary_f1,0.0
gnn_ewc_replay,none,0,BruteForce,task5,category_recall,0.0
gnn_ewc_replay,none,0,BruteForce,task6,n,28798.0
gnn_ewc_replay,none,0,BruteForce,task6,n_benign,9791.0
gnn_ewc_replay,none,0,BruteForce,task6,n_attack,19007.0
gnn_ewc_replay,none,0,BruteForce,task6,accuracy,0.33995416348357527
gnn_ewc_replay,none,0,BruteForce,task6,macro_f1,0.2537058152793615
gnn_ewc_replay,none,0,BruteForce,task6,fpr,0.0001021346134204882
gnn_ewc_replay,none,0,BruteForce,task6,detection_rate,0.0
gnn_ewc_replay,none,0,BruteForce,task6,binary_f1,0.0
gnn_ewc_replay,none,0,BruteForce,task6,category_recall,0.0
gnn_ewc_replay,none,0,BruteForce,seen,n,138702.0
gnn_ewc_replay,none,0,BruteForce,seen,n_benign,137344.0
gnn_ewc_replay,none,0,BruteForce,seen,n_attack,1358.0
gnn_ewc_replay,none,0,BruteForce,seen,accuracy,0.9998774350766392
gnn_ewc_replay,none,0,BruteForce,seen,macro_f1,0.996858918503922
gnn_ewc_replay,none,0,BruteForce,seen,fpr,0.00012377679403541473
gnn_ewc_replay,none,0,BruteForce,seen,detection_rate,1.0
gnn_ewc_replay,none,0,BruteForce,seen,binary_f1,0.9937797292352726
gnn_ewc_replay,none,0,BruteForce,all,n,414974.0
gnn_ewc_replay,none,0,BruteForce,all,n_benign,336907.0
gnn_ewc_replay,none,0,BruteForce,all,n_attack,78067.0
gnn_ewc_replay,none,0,BruteForce,all,accuracy,0.8150992592306988
gnn_ewc_replay,none,0,BruteForce,all,macro_f1,0.23630666149220328
gnn_ewc_replay,none,0,BruteForce,all,fpr,5.936356323851983e-05
gnn_ewc_replay,none,0,BruteForce,all,detection_rate,0.017395314281322453
gnn_ewc_replay,none,0,BruteForce,all,binary_f1,0.03418717351626912
gnn_ewc_replay,none,1,DoS,task0,n,138702.0
gnn_ewc_replay,none,1,DoS,task0,n_benign,137344.0
gnn_ewc_replay,none,1,DoS,task0,n_attack,1358.0
gnn_ewc_replay,none,1,DoS,task0,accuracy,0.9998630156738908
gnn_ewc_replay,none,1,DoS,task0,macro_f1,0.9964904746112949
gnn_ewc_replay,none,1,DoS,task0,fpr,0.00012377679403541473
gnn_ewc_replay,none,1,DoS,task0,detection_rate,1.0
gnn_ewc_replay,none,1,DoS,task0,binary_f1,0.9937797292352726
gnn_ewc_replay,none,1,DoS,task0,category_recall,0.9985272459499264
gnn_ewc_replay,none,1,DoS,task1,n,96639.0
gnn_ewc_replay,none,1,DoS,task1,n_benign,76782.0
gnn_ewc_replay,none,1,DoS,task1,n_attack,19857.0
gnn_ewc_replay,none,1,DoS,task1,accuracy,0.9971854013390039
gnn_ewc_replay,none,1,DoS,task1,macro_f1,0.9957098688740291
gnn_ewc_replay,none,1,DoS,task1,fpr,0.003399234195514574
gnn_ewc_replay,none,1,DoS,task1,detection_rate,0.999446039180138
gnn_ewc_replay,none,1,DoS,task1,binary_f1,0.9931938744870383
gnn_ewc_replay,none,1,DoS,task1,category_recall,0.999446039180138
gnn_ewc_replay,none,1,DoS,task2,n,21631.0
gnn_ewc_replay,none,1,DoS,task2,n_benign,21610.0
gnn_ewc_replay,none,1,DoS,task2,n_attack,21.0
gnn_ewc_replay,none,1,DoS,task2,accuracy,0.9989829411492765
gnn_ewc_replay,none,1,DoS,task2,macro_f1,0.49991902834008095
gnn_ewc_replay,none,1,DoS,task2,fpr,4.6274872744099955e-05
gnn_ewc_replay,none,1,DoS,task2,detection_rate,0.7142857142857143
gnn_ewc_replay,none,1,DoS,task2,binary_f1,0.8108108108108109
gnn_ewc_replay,none,1,DoS,task2,category_recall,0.0
gnn_ewc_replay,none,1,DoS,task3,n,50445.0
gnn_ewc_replay,none,1,DoS,task3,n_benign,32949.0
gnn_ewc_replay,none,1,DoS,task3,n_attack,17496.0
gnn_ewc_replay,none,1,DoS,task3,accuracy,0.6530875210625434
gnn_ewc_replay,none,1,DoS,task3,macro_f1,0.3950713514809929
gnn_ewc_replay,none,1,DoS,task3,fpr,0.00012139973899056118
gnn_ewc_replay,none,1,DoS,task3,detection_rate,0.0
gnn_ewc_replay,none,1,DoS,task3,binary_f1,0.0
gnn_ewc_replay,none,1,DoS,task3,category_recall,0.0
gnn_ewc_replay,none,1,DoS,task4,n,27642.0
gnn_ewc_replay,none,1,DoS,task4,n_benign,27385.0
gnn_ewc_replay,none,1,DoS,task4,n_attack,257.0
gnn_ewc_replay,none,1,DoS,task4,accuracy,0.9905940235872946
gnn_ewc_replay,none,1,DoS,task4,macro_f1,0.497637394591451
gnn_ewc_replay,none,1,DoS,task4,fpr,0.00010954902318787658
gnn_ewc_replay,none,1,DoS,task4,detection_rate,0.0
gnn_ewc_replay,none,1,DoS,task4,binary_f1,0.0
gnn_ewc_replay,none,1,DoS,task4,category_recall,0.0
gnn_ewc_replay,none,1,DoS,task5,n,51117.0
gnn_ewc_replay,none,1,DoS,task5,n_benign,31046.0
gnn_ewc_replay,none,1,DoS,task5,n_attack,20071.0
gnn_ewc_replay,none,1,DoS,task5,accuracy,0.6073517616448539
gnn_ewc_replay,none,1,DoS,task5,macro_f1,0.37785864683616716
gnn_ewc_replay,none,1,DoS,task5,fpr,0.0
gnn_ewc_replay,none,1,DoS,task5,detection_rate,0.0
gnn_ewc_replay,none,1,DoS,task5,binary_f1,0.0
gnn_ewc_replay,none,1,DoS,task5,category_recall,0.0
gnn_ewc_replay,none,1,DoS,task6,n,28798.0
gnn_ewc_replay,none,1,DoS,task6,n_benign,9791.0
gnn_ewc_replay,none,1,DoS,task6,n_attack,19007.0
gnn_ewc_replay,none,1,DoS,task6,accuracy,0.3399888881172304
gnn_ewc_replay,none,1,DoS,task6,macro_f1,0.4999744676505132
gnn_ewc_replay,none,1,DoS,task6,fpr,0.0
gnn_ewc_replay,none,1,DoS,task6,detection_rate,0.9999473878044931
gnn_ewc_replay,none,1,DoS,task6,binary_f1,0.9999736932102176
gnn_ewc_replay,none,1,DoS,task6,category_recall,0.0
gnn_ewc_replay,none,1,DoS,seen,n,235341.0
gnn_ewc_replay,none,1,DoS,seen,n_benign,214126.0
gnn_ewc_replay,none,1,DoS,seen,n_attack,21215.0
gnn_ewc_replay,none,1,DoS,seen,accuracy,0.9987634963733476
gnn_ewc_replay,none,1,DoS,seen,macro_f1,0.9951705855620877
gnn_ewc_replay,none,1,DoS,seen,fpr,0.001298301000345591
gnn_ewc_replay,none,1,DoS,seen,detection_rate,0.9994814989394296
gnn_ewc_replay,none,1,DoS,seen,binary_f1,0.993231374569642
gnn_ewc_replay,none,1,DoS,all,n,414974.0
gnn_ewc_replay,none,1,DoS,all,n_benign,336907.0
gnn_ewc_replay,none,1,DoS,all,n_attack,78067.0
gnn_ewc_replay,none,1,DoS,all,accuracy,0.862278118629119
gnn_ewc_replay,none,1,DoS,all,macro_f1,0.3263990237518237
gnn_ewc_replay,none,1,DoS,all,fpr,0.0008488989543108335
gnn_ewc_replay,none,1,DoS,all,detection_rate,0.5152625309029424
gnn_ewc_replay,none,1,DoS,all,binary_f1,0.678456374706944
gnn_ewc_replay,none,2,WebAttack,task0,n,138702.0
gnn_ewc_replay,none,2,WebAttack,task0,n_benign,137344.0
gnn_ewc_replay,none,2,WebAttack,task0,n_attack,1358.0
gnn_ewc_replay,none,2,WebAttack,task0,accuracy,0.9998630156738908
gnn_ewc_replay,none,2,WebAttack,task0,macro_f1,0.9964904746112949
gnn_ewc_replay,none,2,WebAttack,task0,fpr,0.00012377679403541473
gnn_ewc_replay,none,2,WebAttack,task0,detection_rate,1.0
gnn_ewc_replay,none,2,WebAttack,task0,binary_f1,0.9937797292352726
gnn_ewc_replay,none,2,WebAttack,task0,category_recall,0.9985272459499264
gnn_ewc_replay,none,2,WebAttack,task1,n,96639.0
gnn_ewc_replay,none,2,WebAttack,task1,n_benign,76782.0
gnn_ewc_replay,none,2,WebAttack,task1,n_attack,19857.0
gnn_ewc_replay,none,2,WebAttack,task1,accuracy,0.9971957491281987
gnn_ewc_replay,none,2,WebAttack,task1,macro_f1,0.9957255623373155
gnn_ewc_replay,none,2,WebAttack,task1,fpr,0.0033862103097080046
gnn_ewc_replay,none,2,WebAttack,task1,detection_rate,0.999446039180138
gnn_ewc_replay,none,2,WebAttack,task1,binary_f1,0.9932187273227736
gnn_ewc_replay,none,2,WebAttack,task1,category_recall,0.999446039180138
gnn_ewc_replay,none,2,WebAttack,task2,n,21631.0
gnn_ewc_replay,none,2,WebAttack,task2,n_benign,21610.0
gnn_ewc_replay,none,2,WebAttack,task2,n_attack,21.0
gnn_ewc_replay,none,2,WebAttack,task2,accuracy,0.9993065507835976
gnn_ewc_replay,none,2,WebAttack,task2,macro_f1,0.7580298091714441
gnn_ewc_replay,none,2,WebAttack,task2,fpr,9.254974548819991e-05
gnn_ewc_replay,none,2,WebAttack,task2,detection_rate,0.9523809523809523
gnn_ewc_replay,none,2,WebAttack,task2,binary_f1,0.9302325581395349
gnn_ewc_replay,none,2,WebAttack,task2,category_recall,0.38095238095238093
gnn_ewc_replay,none,2,WebAttack,task3,n,50445.0
gnn_ewc_replay,none,2,WebAttack,task3,n_benign,32949.0
gnn_ewc_replay,none,2,WebAttack,task3,n_attack,17496.0
gnn_ewc_replay,none,2,WebAttack,task3,accuracy,0.6531668153434433
gnn_ewc_replay,none,2,WebAttack,task3,macro_f1,0.39510036693287287
gnn_ewc_replay,none,2,WebAttack,task3,fpr,0.0
gnn_ewc_replay,none,2,WebAttack,task3,detection_rate,0.0
gnn_ewc_replay,none,2,WebAttack,task3,binary_f1,0.0
gnn_ewc_replay,none,2,WebAttack,task3,category_recall,0.0
gnn_ewc_replay,none,2,WebAttack,task4,n,27642.0
gnn_ewc_replay,none,2,WebAttack,task4,n_benign,27385.0
gnn_ewc_replay,none,2,WebAttack,task4,n_attack,257.0
gnn_ewc_replay,none,2,WebAttack,task4,accuracy,0.9906663772520078
gnn_ewc_replay,none,2,WebAttack,task4,macro_f1,0.49765565369098247
gnn_ewc_replay,none,2,WebAttack,task4,fpr,3.6516341062625523e-05
gnn_ewc_replay,none,2,WebAttack,task4,detection_rate,0.0
gnn_ewc_replay,none,2,WebAttack,task4,binary_f1,0.0
gnn_ewc_replay,none,2,WebAttack,task4,category_recall,0.0
gnn_ewc_replay,none,2,WebAttack,task5,n,51117.0
gnn_ewc_replay,none,2,WebAttack,task5,n_benign,31046.0
gnn_ewc_replay,none,2,WebAttack,task5,n_attack,20071.0
gnn_ewc_replay,none,2,WebAttack,task5,accuracy,0.6072930727546608
gnn_ewc_replay,none,2,WebAttack,task5,macro_f1,0.37783592989289194
gnn_ewc_replay,none,2,WebAttack,task5,fpr,9.663080590092121e-05
gnn_ewc_replay,none,2,WebAttack,task5,detection_rate,0.0
gnn_ewc_replay,none,2,WebAttack,task5,binary_f1,0.0
gnn_ewc_replay,none,2,WebAttack,task5,category_recall,0.0
gnn_ewc_replay,none,2,WebAttack,task6,n,28798.0
gnn_ewc_replay,none,2,WebAttack,task6,n_benign,9791.0
gnn_ewc_replay,none,2,WebAttack,task6,n_attack,19007.0
gnn_ewc_replay,none,2,WebAttack,task6,accuracy,0.3398152649489548
gnn_ewc_replay,none,2,WebAttack,task6,macro_f1,0.49185765983112184
gnn_ewc_replay,none,2,WebAttack,task6,fpr,0.000510673067102441
gnn_ewc_replay,none,2,WebAttack,task6,detection_rate,0.983216709633293
gnn_ewc_replay,none,2,WebAttack,task6,binary_f1,0.9914058355437666
gnn_ewc_replay,none,2,WebAttack,task6,category_recall,0.0
gnn_ewc_replay,none,2,WebAttack,seen,n,256972.0
gnn_ewc_replay,none,2,WebAttack,seen,n_benign,235736.0
gnn_ewc_replay,none,2,WebAttack,seen,n_attack,21236.0
gnn_ewc_replay,none,2,WebAttack,seen,accuracy,0.9988131002599505
gnn_ewc_replay,none,2,WebAttack,seen,macro_f1,0.8753563022182357
gnn_ewc_replay,none,2,WebAttack,seen,fpr,0.0011835273356636238
gnn_ewc_replay,none,2,WebAttack,seen,detection_rate,0.9994349218308533
gnn_ewc_replay,none,2,WebAttack,seen,binary_f1,0.9931912304920565
gnn_ewc_replay,none,2,WebAttack,all,n,414974.0
gnn_ewc_replay,none,2,WebAttack,all,n_benign,336907.0
gnn_ewc_replay,none,2,WebAttack,all,n_attack,78067.0
gnn_ewc_replay,none,2,WebAttack,all,accuracy,0.8622925773662928
gnn_ewc_replay,none,2,WebAttack,all,macro_f1,0.37695163318201697
gnn_ewc_replay,none,2,WebAttack,all,fpr,0.0008548353106346856
gnn_ewc_replay,none,2,WebAttack,all,detection_rate,0.5112531543417833
gnn_ewc_replay,none,2,WebAttack,all,binary_f1,0.6749473648608657
gnn_ewc_replay,none,3,Infiltration,task0,n,138702.0
gnn_ewc_replay,none,3,Infiltration,task0,n_benign,137344.0
gnn_ewc_replay,none,3,Infiltration,task0,n_attack,1358.0
gnn_ewc_replay,none,3,Infiltration,task0,accuracy,0.9997260313477816
gnn_ewc_replay,none,3,Infiltration,task0,macro_f1,0.9982806587712214
gnn_ewc_replay,none,3,Infiltration,task0,fpr,0.00026211556383970176
gnn_ewc_replay,none,3,Infiltration,task0,detection_rate,1.0
gnn_ewc_replay,none,3,Infiltration,task0,binary_f1,0.9869186046511628
gnn_ewc_replay,none,3,Infiltration,task0,category_recall,0.9985272459499264
gnn_ewc_replay,none,3,Infiltration,task1,n,96639.0
gnn_ewc_replay,none,3,Infiltration,task1,n_benign,76782.0
gnn_ewc_replay,none,3,Infiltration,task1,n_attack,19857.0
gnn_ewc_replay,none,3,Infiltration,task1,accuracy,0.9971854013390039
gnn_ewc_replay,none,3,Infiltration,task1,macro_f1,0.9957098688740291
gnn_ewc_replay,none,3,Infiltration,task1,fpr,0.003399234195514574
gnn_ewc_replay,none,3,Infiltration,task1,detection_rate,0.999446039180138
gnn_ewc_replay,none,3,Infiltration,task1,binary_f1,0.9931938744870383
gnn_ewc_replay,none,3,Infiltration,task1,category_recall,0.999446039180138
gnn_ewc_replay,none,3,Infiltration,task2,n,21631.0
gnn_ewc_replay,none,3,Infiltration,task2,n_benign,21610.0
gnn_ewc_replay,none,3,Infiltration,task2,n_attack,21.0
gnn_ewc_replay,none,3,Infiltration,task2,accuracy,0.999399010679118
gnn_ewc_replay,none,3,Infiltration,task2,macro_f1,0.7757117208518078
gnn_ewc_replay,none,3,Infiltration,task2,fpr,0.0
gnn_ewc_replay,none,3,Infiltration,task2,detection_rate,0.38095238095238093
gnn_ewc_replay,none,3,Infiltration,task2,binary_f1,0.5517241379310345
gnn_ewc_replay,none,3,Infiltration,task2,category_recall,0.38095238095238093
gnn_ewc_replay,none,3,Infiltration,task3,n,50445.0
gnn_ewc_replay,none,3,Infiltration,task3,n_benign,32949.0
gnn_ewc_replay,none,3,Infiltration,task3,n_attack,17496.0
gnn_ewc_replay,none,3,Infiltration,task3,accuracy,0.99956388145505
gnn_ewc_replay,none,3,Infiltration,task3,macro_f1,0.9995186015845678
gnn_ewc_replay,none,3,Infiltration,task3,fpr,6.069986949528059e-05
gnn_ewc_replay,none,3,Infiltration,task3,detection_rate,0.998856881572931
gnn_ewc_replay,none,3,Infiltration,task3,binary_f1,0.9993709612855264
gnn_ewc_replay,none,3,Infiltration,task3,category_recall,0.998856881572931
gnn_ewc_replay,none,3,Infiltration,task4,n,27642.0
gnn_ewc_replay,none,3,Infiltration,task4,n_benign,27385.0
gnn_ewc_replay,none,3,Infiltration,task4,n_attack,257.0
gnn_ewc_replay,none,3,Infiltration,task4,accuracy,0.9907025540843644
gnn_ewc_replay,none,3,Infiltration,task4,macro_f1,0.49766478274301706
gnn_ewc_replay,none,3,Infiltration,task4,fpr,0.0
gnn_ewc_replay,none,3,Infiltration,task4,detection_rate,0.0
gnn_ewc_replay,none,3,Infiltration,task4,binary_f1,0.0
gnn_ewc_replay,none,3,Infiltration,task4,category_recall,0.0
gnn_ewc_replay,none,3,Infiltration,task5,n,51117.0
gnn_ewc_replay,none,3,Infiltration,task5,n_benign,31046.0
gnn_ewc_replay,none,3,Infiltration,task5,n_attack,20071.0
gnn_ewc_replay,none,3,Infiltration,task5,accuracy,0.6073126357180586
gnn_ewc_replay,none,3,Infiltration,task5,macro_f1,0.4997907074089577
gnn_ewc_replay,none,3,Infiltration,task5,fpr,6.44205372672808e-05
gnn_ewc_replay,none,3,Infiltration,task5,detection_rate,0.9988042449304967
gnn_ewc_replay,none,3,Infiltration,task5,binary_f1,0.9993519441674975
gnn_ewc_replay,none,3,Infiltration,task5,category_recall,0.0
gnn_ewc_replay,none,3,Infiltration,task6,n,28798.0
gnn_ewc_replay,none,3,Infiltration,task6,n_benign,9791.0
gnn_ewc_replay,none,3,Infiltration,task6,n_attack,19007.0
gnn_ewc_replay,none,3,Infiltration,task6,accuracy,0.33988471421626504
gnn_ewc_replay,none,3,Infiltration,task6,macro_f1,0.4997192015112064
gnn_ewc_replay,none,3,Infiltration,task6,fpr,0.0003064038402614646
gnn_ewc_replay,none,3,Infiltration,task6,detection_rate,0.9995791024359446
gnn_ewc_replay,none,3,Infiltration,task6,binary_f1,0.9997105948591123
gnn_ewc_replay,none,3,Infiltration,task6,category_recall,0.0
gnn_ewc_replay,none,3,Infiltration,seen,n,307417.0
gnn_ewc_replay,none,3,Infiltration,seen,n_benign,268685.0
gnn_ewc_replay,none,3,Infiltration,seen,n_attack,38732.0
gnn_ewc_replay,none,3,Infiltration,seen,accuracy,0.9988777458631111
gnn_ewc_replay,none,3,Infiltration,seen,macro_f1,0.907900401604747
gnn_ewc_replay,none,3,Infiltration,seen,fpr,0.0011128272884604648
gnn_ewc_replay,none,3,Infiltration,seen,detection_rate,0.9988639884333368
gnn_ewc_replay,none,3,Infiltration,seen,binary_f1,0.9955866647795263
gnn_ewc_replay,none,3,Infiltration,all,n,414974.0
gnn_ewc_replay,none,3,Infiltration,all,n_benign,336907.0
gnn_ewc_replay,none,3,Infiltration,all,n_attack,78067.0
gnn_ewc_replay,none,3,Infiltration,all,accuracy,0.904367502542328
gnn_ewc_replay,none,3,Infiltration,all,macro_f1,0.48193450350266376
gnn_ewc_replay,none,3,Infiltration,all,fpr,0.0009023261612255014
gnn_ewc_replay,none,3,Infiltration,all,detection_rate,0.9957344332432397
gnn_ewc_replay,none,3,Infiltration,all,binary_f1,0.995919413215464
gnn_ewc_replay,none,4,Botnet,task0,n,138702.0
gnn_ewc_replay,none,4,Botnet,task0,n_benign,137344.0
gnn_ewc_replay,none,4,Botnet,task0,n_attack,1358.0
gnn_ewc_replay,none,4,Botnet,task0,accuracy,0.9997260313477816
gnn_ewc_replay,none,4,Botnet,task0,macro_f1,0.9975473899159195
gnn_ewc_replay,none,4,Botnet,task0,fpr,0.0002548345759552656
gnn_ewc_replay,none,4,Botnet,task0,detection_rate,0.9992636229749632
gnn_ewc_replay,none,4,Botnet,task0,binary_f1,0.986909090909091
gnn_ewc_replay,none,4,Botnet,task0,category_recall,0.9977908689248896
gnn_ewc_replay,none,4,Botnet,task1,n,96639.0
gnn_ewc_replay,none,4,Botnet,task1,n_benign,76782.0
gnn_ewc_replay,none,4,Botnet,task1,n_attack,19857.0
gnn_ewc_replay,none,4,Botnet,task1,accuracy,0.9970715756578606
gnn_ewc_replay,none,4,Botnet,task1,macro_f1,0.9956739285613668
gnn_ewc_replay,none,4,Botnet,task1,fpr,0.0035424969393868353
gnn_ewc_replay,none,4,Botnet,task1,detection_rate,0.999446039180138
gnn_ewc_replay,none,4,Botnet,task1,binary_f1,0.9929205753595998
gnn_ewc_replay,none,4,Botnet,task1,category_recall,0.999446039180138
gnn_ewc_replay,none,4,Botnet,task2,n,21631.0
gnn_ewc_replay,none,4,Botnet,task2,n_benign,21610.0
gnn_ewc_replay,none,4,Botnet,task2,n_attack,21.0
gnn_ewc_replay,none,4,Botnet,task2,accuracy,0.999399010679118
gnn_ewc_replay,none,4,Botnet,task2,macro_f1,0.7757348454453581
gnn_ewc_replay,none,4,Botnet,task2,fpr,0.0
gnn_ewc_replay,none,4,Botnet,task2,detection_rate,0.47619047619047616
gnn_ewc_replay,none,4,Botnet,task2,binary_f1,0.6451612903225806
gnn_ewc_replay,none,4,Botnet,task2,category_recall,0.38095238095238093
gnn_ewc_replay,none,4,Botnet,task3,n,50445.0
gnn_ewc_replay,none,4,Botnet,task3,n_benign,32949.0
gnn_ewc_replay,none,4,Botnet,task3,n_attack,17496.0
gnn_ewc_replay,none,4,Botnet,task3,accuracy,0.9997621171573
gnn_ewc_replay,none,4,Botnet,task3,macro_f1,0.9997803337576112
gnn_ewc_replay,none,4,Botnet,task3,fpr,0.00015174967373820147
gnn_ewc_replay,none,4,Botnet,task3,detection_rate,0.9995999085505258
gnn_ewc_replay,none,4,Botnet,task3,binary_f1,0.9996570448699629
gnn_ewc_replay,none,4,Botnet,task3,category_recall,0.9995999085505258
gnn_ewc_replay,none,4,Botnet,task4,n,27642.0
gnn_ewc_replay,none,4,Botnet,task4,n_benign,27385.0
gnn_ewc_replay,none,4,Botnet,task4,n_attack,257.0
gnn_ewc_replay,none,4,Botnet,task4,accuracy,1.0
gnn_ewc_replay,none,4,Botnet,task4,macro_f1,1.0
gnn_ewc_replay,none,4,Botnet,task4,fpr,0.0
gnn_ewc_replay,none,4,Botnet,task4,detection_rate,1.0
gnn_ewc_replay,none,4,Botnet,task4,binary_f1,1.0
gnn_ewc_replay,none,4,Botnet,task4,category_recall,1.0
gnn_ewc_replay,none,4,Botnet,task5,n,51117.0
gnn_ewc_replay,none,4,Botnet,task5,n_benign,31046.0
gnn_ewc_replay,none,4,Botnet,task5,n_attack,20071.0
gnn_ewc_replay,none,4,Botnet,task5,accuracy,0.6070191912670931
gnn_ewc_replay,none,4,Botnet,task5,macro_f1,0.4995009658725048
gnn_ewc_replay,none,4,Botnet,task5,fpr,0.0005475745667718869
gnn_ewc_replay,none,4,Botnet,task5,detection_rate,0.9977579592446814
gnn_ewc_replay,none,4,Botnet,task5,binary_f1,0.9984544049459042
gnn_ewc_replay,none,4,Botnet,task5,category_recall,0.0
gnn_ewc_replay,none,4,Botnet,task6,n,28798.0
gnn_ewc_replay,none,4,Botnet,task6,n_benign,9791.0
gnn_ewc_replay,none,4,Botnet,task6,n_attack,19007.0
gnn_ewc_replay,none,4,Botnet,task6,accuracy,0.3399888881172304
gnn_ewc_replay,none,4,Botnet,task6,macro_f1,0.5
gnn_ewc_replay,none,4,Botnet,task6,fpr,0.0
gnn_ewc_replay,none,4,Botnet,task6,detection_rate,1.0
gnn_ewc_replay,none,4,Botnet,task6,binary_f1,1.0
gnn_ewc_replay,none,4,Botnet,task6,category_recall,0.0
gnn_ewc_replay,none,4,Botnet,seen,n,335059.0
gnn_ewc_replay,none,4,Botnet,seen,n_benign,296070.0
gnn_ewc_replay,none,4,Botnet,seen,n_attack,38989.0
gnn_ewc_replay,none,4,Botnet,seen,accuracy,0.9989673460495018
gnn_ewc_replay,none,4,Botnet,seen,macro_f1,0.916873254192973
gnn_ewc_replay,none,4,Botnet,seen,fpr,0.0010538048434491844
gnn_ewc_replay,none,4,Botnet,seen,detection_rate,0.9992305522070327
gnn_ewc_replay,none,4,Botnet,seen,binary_f1,0.995629951443905
gnn_ewc_replay,none,4,Botnet,all,n,414974.0
gnn_ewc_replay,none,4,Botnet,all,n_benign,336907.0
gnn_ewc_replay,none,4,Botnet,all,n_attack,78067.0
gnn_ewc_replay,none,4,Botnet,all,accuracy,0.9049554911873997
gnn_ewc_replay,none,4,Botnet,all,macro_f1,0.5984781831317677
gnn_ewc_replay,none,4,Botnet,all,fpr,0.0009765306152736512
gnn_ewc_replay,none,4,Botnet,all,detection_rate,0.9990392867664954
gnn_ewc_replay,none,4,Botnet,all,binary_f1,0.9974166815868225
gnn_ewc_replay,none,5,PortScan,task0,n,138702.0
gnn_ewc_replay,none,5,PortScan,task0,n_benign,137344.0
gnn_ewc_replay,none,5,PortScan,task0,n_attack,1358.0
gnn_ewc_replay,none,5,PortScan,task0,accuracy,0.9997837089587749
gnn_ewc_replay,none,5,PortScan,task0,macro_f1,0.9968352512439134
gnn_ewc_replay,none,5,PortScan,task0,fpr,0.0002184296365330848
gnn_ewc_replay,none,5,PortScan,task0,detection_rate,1.0
gnn_ewc_replay,none,5,PortScan,task0,binary_f1,0.989075018208303
gnn_ewc_replay,none,5,PortScan,task0,category_recall,1.0
gnn_ewc_replay,none,5,PortScan,task1,n,96639.0
gnn_ewc_replay,none,5,PortScan,task1,n_benign,76782.0
gnn_ewc_replay,none,5,PortScan,task1,n_attack,19857.0
gnn_ewc_replay,none,5,PortScan,task1,accuracy,0.9970301845010814
gnn_ewc_replay,none,5,PortScan,task1,macro_f1,0.9954720240836725
gnn_ewc_replay,none,5,PortScan,task1,fpr,0.003399234195514574
gnn_ewc_replay,none,5,PortScan,task1,detection_rate,0.9986906380621443
gnn_ewc_replay,none,5,PortScan,task1,binary_f1,0.9928158401962502
gnn_ewc_replay,none,5,PortScan,task1,category_recall,0.9986906380621443
gnn_ewc_replay,none,5,PortScan,task2,n,21631.0
gnn_ewc_replay,none,5,PortScan,task2,n_benign,21610.0
gnn_ewc_replay,none,5,PortScan,task2,n_attack,21.0
gnn_ewc_replay,none,5,PortScan,task2,accuracy,0.999399010679118
gnn_ewc_replay,none,5,PortScan,task2,macro_f1,0.7757579721786381
gnn_ewc_replay,none,5,PortScan,task2,fpr,0.0
gnn_ewc_replay,none,5,PortScan,task2,detection_rate,0.5714285714285714
gnn_ewc_replay,none,5,PortScan,task2,binary_f1,0.7272727272727273
gnn_ewc_replay,none,5,PortScan,task2,category_recall,0.38095238095238093
gnn_ewc_replay,none,5,PortScan,task3,n,50445.0
gnn_ewc_replay,none,5,PortScan,task3,n_benign,32949.0
gnn_ewc_replay,none,5,PortScan,task3,n_attack,17496.0
gnn_ewc_replay,none,5,PortScan,task3,accuracy,0.999702646446625
gnn_ewc_replay,none,5,PortScan,task3,macro_f1,0.9996718046355961
gnn_ewc_replay,none,5,PortScan,task3,fpr,6.069986949528059e-05
gnn_ewc_replay,none,5,PortScan,task3,detection_rate,0.9992569730224051
gnn_ewc_replay,none,5,PortScan,task3,binary_f1,0.9995711957920014
gnn_ewc_replay,none,5,PortScan,task3,category_recall,0.9992569730224051
gnn_ewc_replay,none,5,PortScan,task4,n,27642.0
gnn_ewc_replay,none,5,PortScan,task4,n_benign,27385.0
gnn_ewc_replay,none,5,PortScan,task4,n_attack,257.0
gnn_ewc_replay,none,5,PortScan,task4,accuracy,1.0
gnn_ewc_replay,none,5,PortScan,task4,macro_f1,1.0
gnn_ewc_replay,none,5,PortScan,task4,fpr,0.0
gnn_ewc_replay,none,5,PortScan,task4,detection_rate,1.0
gnn_ewc_replay,none,5,PortScan,task4,binary_f1,1.0
gnn_ewc_replay,none,5,PortScan,task4,category_recall,1.0
gnn_ewc_replay,none,5,PortScan,task5,n,51117.0
gnn_ewc_replay,none,5,PortScan,task5,n_benign,31046.0
gnn_ewc_replay,none,5,PortScan,task5,n_attack,20071.0
gnn_ewc_replay,none,5,PortScan,task5,accuracy,0.99949136295166
gnn_ewc_replay,none,5,PortScan,task5,macro_f1,0.9994666606607091
gnn_ewc_replay,none,5,PortScan,task5,fpr,0.0
gnn_ewc_replay,none,5,PortScan,task5,detection_rate,0.9987045986747048
gnn_ewc_replay,none,5,PortScan,task5,binary_f1,0.999351879549307
gnn_ewc_replay,none,5,PortScan,task5,category_recall,0.9987045986747048
gnn_ewc_replay,none,5,PortScan,task6,n,28798.0
gnn_ewc_replay,none,5,PortScan,task6,n_benign,9791.0
gnn_ewc_replay,none,5,PortScan,task6,n_attack,19007.0
gnn_ewc_replay,none,5,PortScan,task6,accuracy,0.33991943884992015
gnn_ewc_replay,none,5,PortScan,task6,macro_f1,0.35117488789237666
gnn_ewc_replay,none,5,PortScan,task6,fpr,0.0002042692268409764
gnn_ewc_replay,none,5,PortScan,task6,detection_rate,0.563581838270111
gnn_ewc_replay,none,5,PortScan,task6,binary_f1,0.7208371185357155
gnn_ewc_replay,none,5,PortScan,task6,category_recall,0.0
gnn_ewc_replay,none,5,PortScan,seen,n,386176.0
gnn_ewc_replay,none,5,PortScan,seen,n_benign,327116.0
gnn_ewc_replay,none,5,PortScan,seen,n_attack,59060.0
gnn_ewc_replay,none,5,PortScan,seen,accuracy,0.9990392981438515
gnn_ewc_replay,none,5,PortScan,seen,macro_f1,0.9337444143490351
gnn_ewc_replay,none,5,PortScan,seen,fpr,0.0008957067217745387
gnn_ewc_replay,none,5,PortScan,seen,detection_rate,0.9987470369116153
gnn_ewc_replay,none,5,PortScan,seen,binary_f1,0.9968987400603352
gnn_ewc_replay,none,5,PortScan,all,n,414974.0
gnn_ewc_replay,none,5,PortScan,all,n_benign,336907.0
gnn_ewc_replay,none,5,PortScan,all,n_attack,78067.0
gnn_ewc_replay,none,5,PortScan,all,accuracy,0.9532982789283184
gnn_ewc_replay,none,5,PortScan,all,macro_f1,0.7892651236855903
gnn_ewc_replay,none,5,PortScan,all,fpr,0.0008756125577681675
gnn_ewc_replay,none,5,PortScan,all,detection_rate,0.8927972126506719
gnn_ewc_replay,none,5,PortScan,all,binary_f1,0.9414831824935836
gnn_ewc_replay,none,6,DDoS,task0,n,138702.0
gnn_ewc_replay,none,6,DDoS,task0,n_benign,137344.0
gnn_ewc_replay,none,6,DDoS,task0,n_attack,1358.0
gnn_ewc_replay,none,6,DDoS,task0,accuracy,0.9997837089587749
gnn_ewc_replay,none,6,DDoS,task0,macro_f1,0.9968352512439134
gnn_ewc_replay,none,6,DDoS,task0,fpr,0.0002184296365330848
gnn_ewc_replay,none,6,DDoS,task0,detection_rate,1.0
gnn_ewc_replay,none,6,DDoS,task0,binary_f1,0.989075018208303
gnn_ewc_replay,none,6,DDoS,task0,category_recall,1.0
gnn_ewc_replay,none,6,DDoS,task1,n,96639.0
gnn_ewc_replay,none,6,DDoS,task1,n_benign,76782.0
gnn_ewc_replay,none,6,DDoS,task1,n_attack,19857.0
gnn_ewc_replay,none,6,DDoS,task1,accuracy,0.9971854013390039
gnn_ewc_replay,none,6,DDoS,task1,macro_f1,0.9957098688740291
gnn_ewc_replay,none,6,DDoS,task1,fpr,0.003399234195514574
gnn_ewc_replay,none,6,DDoS,task1,detection_rate,0.999446039180138
gnn_ewc_replay,none,6,DDoS,task1,binary_f1,0.9931938744870383
gnn_ewc_replay,none,6,DDoS,task1,category_recall,0.999446039180138
gnn_ewc_replay,none,6,DDoS,task2,n,21631.0
gnn_ewc_replay,none,6,DDoS,task2,n_benign,21610.0
gnn_ewc_replay,none,6,DDoS,task2,n_attack,21.0
gnn_ewc_replay,none,6,DDoS,task2,accuracy,0.999399010679118
gnn_ewc_replay,none,6,DDoS,task2,macro_f1,0.7757117208518078
gnn_ewc_replay,none,6,DDoS,task2,fpr,0.0
gnn_ewc_replay,none,6,DDoS,task2,detection_rate,0.38095238095238093
gnn_ewc_replay,none,6,DDoS,task2,binary_f1,0.5517241379310345
gnn_ewc_replay,none,6,DDoS,task2,category_recall,0.38095238095238093
gnn_ewc_replay,none,6,DDoS,task3,n,50445.0
gnn_ewc_replay,none,6,DDoS,task3,n_benign,32949.0
gnn_ewc_replay,none,6,DDoS,task3,n_attack,17496.0
gnn_ewc_replay,none,6,DDoS,task3,accuracy,0.9998414114382
gnn_ewc_replay,none,6,DDoS,task3,macro_f1,0.9998325700434791
gnn_ewc_replay,none,6,DDoS,task3,fpr,9.104980424292088e-05
gnn_ewc_replay,none,6,DDoS,task3,detection_rate,0.9997713763145862
gnn_ewc_replay,none,6,DDoS,task3,binary_f1,0.9997999485582006
gnn_ewc_replay,none,6,DDoS,task3,category_recall,0.9997142203932328
gnn_ewc_replay,none,6,DDoS,task4,n,27642.0
gnn_ewc_replay,none,6,DDoS,task4,n_benign,27385.0
gnn_ewc_replay,none,6,DDoS,task4,n_attack,257.0
gnn_ewc_replay,none,6,DDoS,task4,accuracy,0.9994573475146517
gnn_ewc_replay,none,6,DDoS,task4,macro_f1,0.9848330410935955
gnn_ewc_replay,none,6,DDoS,task4,fpr,0.0
gnn_ewc_replay,none,6,DDoS,task4,detection_rate,0.9416342412451362
gnn_ewc_replay,none,6,DDoS,task4,binary_f1,0.969939879759519
gnn_ewc_replay,none,6,DDoS,task4,category_recall,0.9416342412451362
gnn_ewc_replay,none,6,DDoS,task5,n,51117.0
gnn_ewc_replay,none,6,DDoS,task5,n_benign,31046.0
gnn_ewc_replay,none,6,DDoS,task5,n_attack,20071.0
gnn_ewc_replay,none,6,DDoS,task5,accuracy,0.99949136295166
gnn_ewc_replay,none,6,DDoS,task5,macro_f1,0.9994666606607091
gnn_ewc_replay,none,6,DDoS,task5,fpr,0.0
gnn_ewc_replay,none,6,DDoS,task5,detection_rate,0.9987045986747048
gnn_ewc_replay,none,6,DDoS,task5,binary_f1,0.999351879549307
gnn_ewc_replay,none,6,DDoS,task5,category_recall,0.9987045986747048
gnn_ewc_replay,none,6,DDoS,task6,n,28798.0
gnn_ewc_replay,none,6,DDoS,task6,n_benign,9791.0
gnn_ewc_replay,none,6,DDoS,task6,n_attack,19007.0
gnn_ewc_replay,none,6,DDoS,task6,accuracy,0.9999652753663448
gnn_ewc_replay,none,6,DDoS,task6,macro_f1,0.9999613123397629
gnn_ewc_replay,none,6,DDoS,task6,fpr,0.0001021346134204882
gnn_ewc_replay,none,6,DDoS,task6,detection_rate,1.0
gnn_ewc_replay,none,6,DDoS,task6,binary_f1,0.9999736945942391
gnn_ewc_replay,none,6,DDoS,task6,category_recall,1.0
gnn_ewc_replay,none,6,DDoS,seen,n,414974.0
gnn_ewc_replay,none,6,DDoS,seen,n_benign,336907.0
gnn_ewc_replay,none,6,DDoS,seen,n_attack,78067.0
gnn_ewc_replay,none,6,DDoS,seen,accuracy,0.9991204268219214
gnn_ewc_replay,none,6,DDoS,seen,macro_f1,0.9383495691605407
gnn_ewc_replay,none,6,DDoS,seen,fpr,0.0008756125577681675
gnn_ewc_replay,none,6,DDoS,seen,detection_rate,0.9991161438251758
gnn_ewc_replay,none,6,DDoS,seen,binary_f1,0.9976720388846252
gnn_ewc_replay,none,6,DDoS,all,n,414974.0
gnn_ewc_replay,none,6,DDoS,all,n_benign,336907.0
gnn_ewc_replay,none,6,DDoS,all,n_attack,78067.0
gnn_ewc_replay,none,6,DDoS,all,accuracy,0.9991204268219214
gnn_ewc_replay,none,6,DDoS,all,macro_f1,0.9383495691605407
gnn_ewc_replay,none,6,DDoS,all,fpr,0.0008756125577681675
gnn_ewc_replay,none,6,DDoS,all,detection_rate,0.9991161438251758
gnn_ewc_replay,none,6,DDoS,all,binary_f1,0.9976720388846252
ffnn_ewc_replay,none,0,BruteForce,task0,n,138702.0
ffnn_ewc_replay,none,0,BruteForce,task0,n_benign,137344.0
ffnn_ewc_replay,none,0,BruteForce,task0,n_attack,1358.0
ffnn_ewc_replay,none,0,BruteForce,task0,accuracy,0.9999062738821358
ffnn_ewc_replay,none,0,BruteForce,task0,macro_f1,0.9975733802508044
ffnn_ewc_replay,none,0,BruteForce,task0,fpr,7.28098788443616e-06
ffnn_ewc_replay,none,0,BruteForce,task0,detection_rate,0.9911634756995582
ffnn_ewc_replay,none,0,BruteForce,task0,binary_f1,0.9951940850277264
ffnn_ewc_replay,none,0,BruteForce,task0,category_recall,0.9911634756995582
ffnn_ewc_replay,none,0,BruteForce,task1,n,96639.0
ffnn_ewc_replay,none,0,BruteForce,task1,n_benign,76782.0
ffnn_ewc_replay,none,0,BruteForce,task1,n_attack,19857.0
ffnn_ewc_replay,none,0,BruteForce,task1,accuracy,0.7945239499580915
ffnn_ewc_replay,none,0,BruteForce,task1,macro_f1,0.44274914802705556
ffnn_ewc_replay,none,0,BruteForce,task1,fpr,0.0
ffnn_ewc_replay,none,0,BruteForce,task1,detection_rate,0.0
ffnn_ewc_replay,none,0,BruteForce,task1,binary_f1,0.0
ffnn_ewc_replay,none,0,BruteForce,task1,category_recall,0.0
ffnn_ewc_replay,none,0,BruteForce,task2,n,21631.0
ffnn_ewc_replay,none,0,BruteForce,task2,n_benign,21610.0
ffnn_ewc_replay,none,0,BruteForce,task2,n_attack,21.0
ffnn_ewc_replay,none,0,BruteForce,task2,accuracy,0.9990291710970367
ffnn_ewc_replay,none,0,BruteForce,task2,macro_f1,0.4997571749034481
ffnn_ewc_replay,none,0,BruteForce,task2,fpr,0.0
ffnn_ewc_replay,none,0,BruteForce,task2,detection_rate,0.0
ffnn_ewc_replay,none,0,BruteForce,task2,binary_f1,0.0
ffnn_ewc_replay,none,0,BruteForce,task2,category_recall,0.0
ffnn_ewc_replay,none,0,BruteForce,task3,n,50445.0
ffnn_ewc_replay,none,0,BruteForce,task3,n_benign,32949.0
ffnn_ewc_replay,none,0,BruteForce,task3,n_attack,17496.0
ffnn_ewc_replay,none,0,BruteForce,task3,accuracy,0.6531668153434433
ffnn_ewc_replay,none,0,BruteForce,task3,macro_f1,0.39510036693287287
ffnn_ewc_replay,none,0,BruteForce,task3,fpr,0.0
ffnn_ewc_replay,none,0,BruteForce,task3,detection_rate,0.0
ffnn_ewc_replay,none,0,BruteForce,task3,binary_f1,0.0
ffnn_ewc_replay,none,0,BruteForce,task3,category_recall,0.0
ffnn_ewc_replay,none,0,BruteForce,task4,n,27642.0
ffnn_ewc_replay,none,0,BruteForce,task4,n_benign,27385.0
ffnn_ewc_replay,none,0,BruteForce,task4,n_attack,257.0
ffnn_ewc_replay,none,0,BruteForce,task4,accuracy,0.9907025540843644
ffnn_ewc_replay,none,0,BruteForce,task4,macro_f1,0.49766478274301706
ffnn_ewc_replay,none,0,BruteForce,task4,fpr,0.0
ffnn_ewc_replay,none,0,BruteForce,task4,detection_rate,0.0
ffnn_ewc_replay,none,0,BruteForce,task4,binary_f1,0.0
ffnn_ewc_replay,none,0,BruteForce,task4,category_recall,0.0
ffnn_ewc_replay,none,0,BruteForce,task5,n,51117.0
ffnn_ewc_replay,none,0,BruteForce,task5,n_benign,31046.0
ffnn_ewc_replay,none,0,BruteForce,task5,n_attack,20071.0
ffnn_ewc_replay,none,0,BruteForce,task5,accuracy,0.6073517616448539
ffnn_ewc_replay,none,0,BruteForce,task5,macro_f1,0.37785864683616716
ffnn_ewc_replay,none,0,BruteForce,task5,fpr,0.0
ffnn_ewc_replay,none,0,BruteForce,task5,detection_rate,0.0
ffnn_ewc_replay,none,0,BruteForce,task5,binary_f1,0.0
ffnn_ewc_replay,none,0,BruteForce,task5,category_recall,0.0
ffnn_ewc_replay,none,0,BruteForce,task6,n,28798.0
ffnn_ewc_replay,none,0,BruteForce,task6,n_benign,9791.0
ffnn_ewc_replay,none,0,BruteForce,task6,n_attack,19007.0
ffnn_ewc_replay,none,0,BruteForce,task6,accuracy,0.33991943884992015
ffnn_ewc_replay,none,0,BruteForce,task6,macro_f1,0.2536864747194651
ffnn_ewc_replay,none,0,BruteForce,task6,fpr,0.0002042692268409764
ffnn_ewc_replay,none,0,BruteForce,task6,detection_rate,0.0
ffnn_ewc_replay,none,0,BruteForce,task6,binary_f1,0.0
ffnn_ewc_replay,none,0,BruteForce,task6,category_recall,0.0
ffnn_ewc_replay,none,0,BruteForce,seen,n,138702.0
ffnn_ewc_replay,none,0,BruteForce,seen,n_benign,137344.0
ffnn_ewc_replay,none,0,BruteForce,seen,n_attack,1358.0
ffnn_ewc_replay,none,0,BruteForce,seen,accuracy,0.9999062738821358
ffnn_ewc_replay,none,0,BruteForce,seen,macro_f1,0.9975733802508044
ffnn_ewc_replay,none,0,BruteForce,seen,fpr,7.28098788443616e-06
ffnn_ewc_replay,none,0,BruteForce,seen,detection_rate,0.9911634756995582
ffnn_ewc_replay,none,0,BruteForce,seen,binary_f1,0.9951940850277264
ffnn_ewc_replay,none,0,BruteForce,all,n,414974.0
ffnn_ewc_replay,none,0,BruteForce,all,n_benign,336907.0
ffnn_ewc_replay,none,0,BruteForce,all,n_attack,78067.0
ffnn_ewc_replay,none,0,BruteForce,all,accuracy,0.8151113081783437
ffnn_ewc_replay,none,0,BruteForce,all,macro_f1,0.23652908203042483
ffnn_ewc_replay,none,0,BruteForce,all,fpr,8.904534485777975e-06
ffnn_ewc_replay,none,0,BruteForce,all,detection_rate,0.017241600163961725
ffnn_ewc_replay,none,0,BruteForce,all,binary_f1,0.03389745139518485
ffnn_ewc_replay,none,1,DoS,task0,n,138702.0
ffnn_ewc_replay,none,1,DoS,task0,n_benign,137344.0
ffnn_ewc_replay,none,1,DoS,task0,n_attack,1358.0
ffnn_ewc_replay,none,1,DoS,task0,accuracy,0.9998990641807617
ffnn_ewc_replay,none,1,DoS,task0,macro_f1,0.9983133871598415
ffnn_ewc_replay,none,1,DoS,task0,fpr,4.3685927306616964e-05
ffnn_ewc_replay,none,1,DoS,task0,detection_rate,0.9941089837997055
ffnn_ewc_replay,none,1,DoS,task0,binary_f1,0.9948415622697127
ffnn_ewc_replay,none,1,DoS,task0,category_recall,0.9941089837997055
ffnn_ewc_replay,none,1,DoS,task1,n,96639.0
ffnn_ewc_replay,none,1,DoS,task1,n_benign,76782.0
ffnn_ewc_replay,none,1,DoS,task1,n_attack,19857.0
ffnn_ewc_replay,none,1,DoS,task1,accuracy,0.9282794730905742
ffnn_ewc_replay,none,1,DoS,task1,macro_f1,0.8727095088006417
ffnn_ewc_replay,none,1,DoS,task1,fpr,2.6047771613138496e-05
ffnn_ewc_replay,none,1,DoS,task1,detection_rate,0.6510550435614645
ffnn_ewc_replay,none,1,DoS,task1,binary_f1,0.7886052398816604
ffnn_ewc_replay,none,1,DoS,task1,category_recall,0.6510550435614645
ffnn_ewc_replay,none,1,DoS,task2,n,21631.0
ffnn_ewc_replay,none,1,DoS,task2,n_benign,21610.0
ffnn_ewc_replay,none,1,DoS,task2,n_attack,21.0
ffnn_ewc_replay,none,1,DoS,task2,accuracy,0.9989829411492765
ffnn_ewc_replay,none,1,DoS,task2,macro_f1,0.49974560592044404
ffnn_ewc_replay,none,1,DoS,task2,fpr,4.6274872744099955e-05
ffnn_ewc_replay,none,1,DoS,task2,detection_rate,0.0
ffnn_ewc_replay,none,1,DoS,task2,binary_f1,0.0
ffnn_ewc_replay,none,1,DoS,task2,category_recall,0.0
ffnn_ewc_replay,none,1,DoS,task3,n,50445.0
ffnn_ewc_replay,none,1,DoS,task3,n_benign,32949.0
ffnn_ewc_replay,none,1,DoS,task3,n_attack,17496.0
ffnn_ewc_replay,none,1,DoS,task3,accuracy,0.6531271682029933
ffnn_ewc_replay,none,1,DoS,task3,macro_f1,0.3951711564756399
ffnn_ewc_replay,none,1,DoS,task3,fpr,6.069986949528059e-05
ffnn_ewc_replay,none,1,DoS,task3,detection_rate,0.00102880658436214
ffnn_ewc_replay,none,1,DoS,task3,binary_f1,0.0020552637588490525
ffnn_ewc_replay,none,1,DoS,task3,category_recall,0.0
ffnn_ewc_replay,none,1,DoS,task4,n,27642.0
ffnn_ewc_replay,none,1,DoS,task4,n_benign,27385.0
ffnn_ewc_replay,none,1,DoS,task4,n_attack,257.0
ffnn_ewc_replay,none,1,DoS,task4,accuracy,0.9907025540843644
ffnn_ewc_replay,none,1,DoS,task4,macro_f1,0.49766478274301706
ffnn_ewc_replay,none,1,DoS,task4,fpr,0.0
ffnn_ewc_replay,none,1,DoS,task4,detection_rate,0.0
ffnn_ewc_replay,none,1,DoS,task4,binary_f1,0.0
ffnn_ewc_replay,none,1,DoS,task4,category_recall,0.0
ffnn_ewc_replay,none,1,DoS,task5,n,51117.0
ffnn_ewc_replay,none,1,DoS,task5,n_benign,31046.0
ffnn_ewc_replay,none,1,DoS,task5,n_attack,20071.0
ffnn_ewc_replay,none,1,DoS,task5,accuracy,0.6073517616448539
ffnn_ewc_replay,none,1,DoS,task5,macro_f1,0.37840670859538783
ffnn_ewc_replay,none,1,DoS,task5,fpr,0.0
ffnn_ewc_replay,none,1,DoS,task5,detection_rate,0.0059289522196203474
ffnn_ewc_replay,none,1,DoS,task5,binary_f1,0.01178801386825161
ffnn_ewc_replay,none,1,DoS,task5,category_recall,0.0
ffnn_ewc_replay,none,1,DoS,task6,n,28798.0
ffnn_ewc_replay,none,1,DoS,task6,n_benign,9791.0
ffnn_ewc_replay,none,1,DoS,task6,n_attack,19007.0
ffnn_ewc_replay,none,1,DoS,task6,accuracy,0.33991943884992015
ffnn_ewc_replay,none,1,DoS,task6,macro_f1,0.3227497527200791
ffnn_ewc_replay,none,1,DoS,task6,fpr,0.0002042692268409764
ffnn_ewc_replay,none,1,DoS,task6,detection_rate,0.4344188983006261
ffnn_ewc_replay,none,1,DoS,task6,binary_f1,0.6056627301401012
ffnn_ewc_replay,none,1,DoS,task6,category_recall,0.0
ffnn_ewc_replay,none,1,DoS,seen,n,235341.0
ffnn_ewc_replay,none,1,DoS,seen,n_benign,214126.0
ffnn_ewc_replay,none,1,DoS,seen,n_attack,21215.0
ffnn_ewc_replay,none,1,DoS,seen,accuracy,0.9704896299412342
ffnn_ewc_replay,none,1,DoS,seen,macro_f1,0.9230679534410814
ffnn_ewc_replay,none,1,DoS,seen,fpr,3.7361179866060174e-05
ffnn_ewc_replay,none,1,DoS,seen,detection_rate,0.6730143766203158
ffnn_ewc_replay,none,1,DoS,seen,binary_f1,0.8043717078392157
ffnn_ewc_replay,none,1,DoS,all,n,414974.0
ffnn_ewc_replay,none,1,DoS,all,n_benign,336907.0
ffnn_ewc_replay,none,1,DoS,all,n_attack,78067.0
ffnn_ewc_replay,none,1,DoS,all,accuracy,0.8462506084718561
ffnn_ewc_replay,none,1,DoS,all,macro_f1,0.31837426220145965
ffnn_ewc_replay,none,1,DoS,all,fpr,3.858631610503789e-05
ffnn_ewc_replay,none,1,DoS,all,detection_rate,0.2904172057335366
ffnn_ewc_replay,none,1,DoS,all,binary_f1,0.45005558202318563
ffnn_ewc_replay,none,2,WebAttack,task0,n,138702.0
ffnn_ewc_replay,none,2,WebAttack,task0,n_benign,137344.0
ffnn_ewc_replay,none,2,WebAttack,task0,n_attack,1358.0
ffnn_ewc_replay,none,2,WebAttack,task0,accuracy,0.9998197574656458
ffnn_ewc_replay,none,2,WebAttack,task0,macro_f1,0.9981208527914747
ffnn_ewc_replay,none,2,WebAttack,task0,fpr,0.00011649580615097856
ffnn_ewc_replay,none,2,WebAttack,task0,detection_rate,0.9985272459499264
ffnn_ewc_replay,none,2,WebAttack,task0,binary_f1,0.9934065934065934
ffnn_ewc_replay,none,2,WebAttack,task0,category_recall,0.9933726067746687
ffnn_ewc_replay,none,2,WebAttack,task1,n,96639.0
ffnn_ewc_replay,none,2,WebAttack,task1,n_benign,76782.0
ffnn_ewc_replay,none,2,WebAttack,task1,n_attack,19857.0
ffnn_ewc_replay,none,2,WebAttack,task1,accuracy,0.9274206065874026
ffnn_ewc_replay,none,2,WebAttack,task1,macro_f1,0.8709250133851998
ffnn_ewc_replay,none,2,WebAttack,task1,fpr,2.6047771613138496e-05
ffnn_ewc_replay,none,2,WebAttack,task1,detection_rate,0.6468751573752329
ffnn_ewc_replay,none,2,WebAttack,task1,binary_f1,0.7855308219178082
ffnn_ewc_replay,none,2,WebAttack,task1,category_recall,0.6468751573752329
ffnn_ewc_replay,none,2,WebAttack,task2,n,21631.0
ffnn_ewc_replay,none,2,WebAttack,task2,n_benign,21610.0
ffnn_ewc_replay,none,2,WebAttack,task2,n_attack,21.0
ffnn_ewc_replay,none,2,WebAttack,task2,accuracy,0.9993527807313578
ffnn_ewc_replay,none,2,WebAttack,task2,macro_f1,0.7665047495682211
ffnn_ewc_replay,none,2,WebAttack,task2,fpr,4.6274872744099955e-05
ffnn_ewc_replay,none,2,WebAttack,task2,detection_rate,0.38095238095238093
ffnn_ewc_replay,none,2,WebAttack,task2,binary_f1,0.5333333333333333
ffnn_ewc_replay,none,2,WebAttack,task2,category_recall,0.38095238095238093
ffnn_ewc_replay,none,2,WebAttack,task3,n,50445.0
ffnn_ewc_replay,none,2,WebAttack,task3,n_benign,32949.0
ffnn_ewc_replay,none,2,WebAttack,task3,n_attack,17496.0
ffnn_ewc_replay,none,2,WebAttack,task3,accuracy,0.6531073446327683
ffnn_ewc_replay,none,2,WebAttack,task3,macro_f1,0.39512124919047276
ffnn_ewc_replay,none,2,WebAttack,task3,fpr,9.104980424292088e-05
ffnn_ewc_replay,none,2,WebAttack,task3,detection_rate,0.00051440329218107
ffnn_ewc_replay,none,2,WebAttack,task3,binary_f1,0.001028101439342015
ffnn_ewc_replay,none,2,WebAttack,task3,category_recall,0.0
ffnn_ewc_replay,none,2,WebAttack,task4,n,27642.0
ffnn_ewc_replay,none,2,WebAttack,task4,n_benign,27385.0
ffnn_ewc_replay,none,2,WebAttack,task4,n_attack,257.0
ffnn_ewc_replay,none,2,WebAttack,task4,accuracy,0.9901960784313726
ffnn_ewc_replay,none,2,WebAttack,task4,macro_f1,0.4975369458128079
ffnn_ewc_replay,none,2,WebAttack,task4,fpr,0.0005112287748767573
ffnn_ewc_replay,none,2,WebAttack,task4,detection_rate,0.0
ffnn_ewc_replay,none,2,WebAttack,task4,binary_f1,0.0
ffnn_ewc_replay,none,2,WebAttack,task4,category_recall,0.0
ffnn_ewc_replay,none,2,WebAttack,task5,n,51117.0
ffnn_ewc_replay,none,2,WebAttack,task5,n_benign,31046.0
ffnn_ewc_replay,none,2,WebAttack,task5,n_attack,20071.0
ffnn_ewc_replay,none,2,WebAttack,task5,accuracy,0.6071170060840816
ffnn_ewc_replay,none,2,WebAttack,task5,macro_f1,0.37793338610485294
ffnn_ewc_replay,none,2,WebAttack,task5,fpr,0.00038652322360368483
ffnn_ewc_replay,none,2,WebAttack,task5,detection_rate,0.0017936326042548951
ffnn_ewc_replay,none,2,WebAttack,task5,binary_f1,0.0035787066951637756
ffnn_ewc_replay,none,2,WebAttack,task5,category_recall,0.0
ffnn_ewc_replay,none,2,WebAttack,task6,n,28798.0
ffnn_ewc_replay,none,2,WebAttack,task6,n_benign,9791.0
ffnn_ewc_replay,none,2,WebAttack,task6,n_attack,19007.0
ffnn_ewc_replay,none,2,WebAttack,task6,accuracy,0.3396069171470241
ffnn_ewc_replay,none,2,WebAttack,task6,macro_f1,0.3225168183616937
ffnn_ewc_replay,none,2,WebAttack,task6,fpr,0.0011234807476253703
ffnn_ewc_replay,none,2,WebAttack,task6,detection_rate,0.43426106171410533
ffnn_ewc_replay,none,2,WebAttack,task6,binary_f1,0.6053094749193312
ffnn_ewc_replay,none,2,WebAttack,task6,category_recall,0.0
ffnn_ewc_replay,none,2,WebAttack,seen,n,256972.0
ffnn_ewc_replay,none,2,WebAttack,seen,n_benign,235736.0
ffnn_ewc_replay,none,2,WebAttack,seen,n_attack,21236.0
ffnn_ewc_replay,none,2,WebAttack,seen,accuracy,0.9725534299456751
ffnn_ewc_replay,none,2,WebAttack,seen,macro_f1,0.7733927054977814
ffnn_ewc_replay,none,2,WebAttack,seen,fpr,8.05986357620389e-05
ffnn_ewc_replay,none,2,WebAttack,seen,detection_rate,0.6690996421171596
ffnn_ewc_replay,none,2,WebAttack,seen,binary_f1,0.8013196480938416
ffnn_ewc_replay,none,2,WebAttack,all,n,414974.0
ffnn_ewc_replay,none,2,WebAttack,all,n_benign,336907.0
ffnn_ewc_replay,none,2,WebAttack,all,n_attack,78067.0
ffnn_ewc_replay,none,2,WebAttack,all,accuracy,0.8459566141493202
ffnn_ewc_replay,none,2,WebAttack,all,macro_f1,0.34121606209919697
ffnn_ewc_replay,none,2,WebAttack,all,fpr,0.0001751225115536335
ffnn_ewc_replay,none,2,WebAttack,all,detection_rate,0.2883164461296066
ffnn_ewc_replay,none,2,WebAttack,all,binary_f1,0.44732396605520997
ffnn_ewc_replay,none,3,Infiltration,task0,n,138702.0
ffnn_ewc_replay,none,3,Infiltration,task0,n_benign,137344.0
ffnn_ewc_replay,none,3,Infiltration,task0,n_attack,1358.0
ffnn_ewc_replay,none,3,Infiltration,task0,accuracy,0.9986589955444045
ffnn_ewc_replay,none,3,Infiltration,task0,macro_f1,0.9974586806826915
ffnn_ewc_replay,none,3,Infiltration,task0,fpr,0.001266891891891892
ffnn_ewc_replay,none,3,Infiltration,task0,detection_rate,0.9977908689248896
ffnn_ewc_replay,none,3,Infiltration,task0,binary_f1,0.9386906823692415
ffnn_ewc_replay,none,3,Infiltration,task0,category_recall,0.9911634756995582
ffnn_ewc_replay,none,3,Infiltration,task1,n,96639.0
ffnn_ewc_replay,none,3,Infiltration,task1,n_benign,76782.0
ffnn_ewc_replay,none,3,Infiltration,task1,n_attack,19857.0
ffnn_ewc_replay,none,3,Infiltration,task1,accuracy,0.9259615683109303
ffnn_ewc_replay,none,3,Infiltration,task1,macro_f1,0.8690260217032106
ffnn_ewc_replay,none,3,Infiltration,task1,fpr,0.0007423614909744472
ffnn_ewc_replay,none,3,Infiltration,task1,detection_rate,0.6450621946920482
ffnn_ewc_replay,none,3,Infiltration,task1,binary_f1,0.7828744308284693
ffnn_ewc_replay,none,3,Infiltration,task1,category_recall,0.6425441909654026
ffnn_ewc_replay,none,3,Infiltration,task2,n,21631.0
ffnn_ewc_replay,none,3,Infiltration,task2,n_benign,21610.0
ffnn_ewc_replay,none,3,Infiltration,task2,n_attack,21.0
ffnn_ewc_replay,none,3,Infiltration,task2,accuracy,0.9987055614627155
ffnn_ewc_replay,none,3,Infiltration,task2,macro_f1,0.775538129866068
ffnn_ewc_replay,none,3,Infiltration,task2,fpr,0.0006941230911614993
ffnn_ewc_replay,none,3,Infiltration,task2,detection_rate,0.38095238095238093
ffnn_ewc_replay,none,3,Infiltration,task2,binary_f1,0.36363636363636365
ffnn_ewc_replay,none,3,Infiltration,task2,category_recall,0.38095238095238093
ffnn_ewc_replay,none,3,Infiltration,task3,n,50445.0
ffnn_ewc_replay,none,3,Infiltration,task3,n_benign,32949.0
ffnn_ewc_replay,none,3,Infiltration,task3,n_attack,17496.0
ffnn_ewc_replay,none,3,Infiltration,task3,accuracy,0.9982158786797503
ffnn_ewc_replay,none,3,Infiltration,task3,macro_f1,0.9980727688396103
ffnn_ewc_replay,none,3,Infiltration,task3,fpr,0.0006980484991957267
ffnn_ewc_replay,none,3,Infiltration,task3,detection_rate,0.9961705532693187
ffnn_ewc_replay,none,3,Infiltration,task3,binary_f1,0.9974247453359276
ffnn_ewc_replay,none,3,Infiltration,task3,category_recall,0.9961705532693187
ffnn_ewc_replay,none,3,Infiltration,task4,n,27642.0
ffnn_ewc_replay,none,3,Infiltration,task4,n_benign,27385.0
ffnn_ewc_replay,none,3,Infiltration,task4,n_attack,257.0
ffnn_ewc_replay,none,3,Infiltration,task4,accuracy,0.9701902901381955
ffnn_ewc_replay,none,3,Infiltration,task4,macro_f1,0.4924348145427837
ffnn_ewc_replay,none,3,Infiltration,task4,fpr,0.020704765382508674
ffnn_ewc_replay,none,3,Infiltration,task4,detection_rate,0.0
ffnn_ewc_replay,none,3,Infiltration,task4,binary_f1,0.0
ffnn_ewc_replay,none,3,Infiltration,task4,category_recall,0.0
ffnn_ewc_replay,none,3,Infiltration,task5,n,51117.0
ffnn_ewc_replay,none,3,Infiltration,task5,n_benign,31046.0
ffnn_ewc_replay,none,3,Infiltration,task5,n_attack,20071.0
ffnn_ewc_replay,none,3,Infiltration,task5,accuracy,0.5952618502650782
ffnn_ewc_replay,none,3,Infiltration,task5,macro_f1,0.493160453808752
ffnn_ewc_replay,none,3,Infiltration,task5,fpr,0.01990594601558977
ffnn_ewc_replay,none,3,Infiltration,task5,detection_rate,0.988739973095511
ffnn_ewc_replay,none,3,Infiltration,task5,binary_f1,0.9791779740464795
ffnn_ewc_replay,none,3,Infiltration,task5,category_recall,0.0
ffnn_ewc_replay,none,3,Infiltration,task6,n,28798.0
ffnn_ewc_replay,none,3,Infiltration,task6,n_benign,9791.0
ffnn_ewc_replay,none,3,Infiltration,task6,n_attack,19007.0
ffnn_ewc_replay,none,3,Infiltration,task6,accuracy,0.3381832071671644
ffnn_ewc_replay,none,3,Infiltration,task6,macro_f1,0.3216314398943197
ffnn_ewc_replay,none,3,Infiltration,task6,fpr,0.0053109998978653865
ffnn_ewc_replay,none,3,Infiltration,task6,detection_rate,0.4344188983006261
ffnn_ewc_replay,none,3,Infiltration,task6,binary_f1,0.6045541074827939
ffnn_ewc_replay,none,3,Infiltration,task6,category_recall,0.0
ffnn_ewc_replay,none,3,Infiltration,seen,n,307417.0
ffnn_ewc_replay,none,3,Infiltration,seen,n_benign,268685.0
ffnn_ewc_replay,none,3,Infiltration,seen,n_attack,38732.0
ffnn_ewc_replay,none,3,Infiltration,seen,accuracy,0.975736540269406
ffnn_ewc_replay,none,3,Infiltration,seen,macro_f1,0.8269006726149289
ffnn_ewc_replay,none,3,Infiltration,seen,fpr,0.0010011723765747994
ffnn_ewc_replay,none,3,Infiltration,seen,detection_rate,0.815888670866467
ffnn_ewc_replay,none,3,Infiltration,seen,binary_f1,0.8951871051811563
ffnn_ewc_replay,none,3,Infiltration,all,n,414974.0
ffnn_ewc_replay,none,3,Infiltration,all,n_benign,336907.0
ffnn_ewc_replay,none,3,Infiltration,all,n_attack,78067.0
ffnn_ewc_replay,none,3,Infiltration,all,accuracy,0.8842553991334396
ffnn_ewc_replay,none,3,Infiltration,all,macro_f1,0.4343625956737728
ffnn_ewc_replay,none,3,Infiltration,all,fpr,0.004470076311860543
ffnn_ewc_replay,none,3,Infiltration,all,detection_rate,0.764766162398965
ffnn_ewc_replay,none,3,Infiltration,all,binary_f1,0.8573336396794854
ffnn_ewc_replay,none,4,Botnet,task0,n,138702.0
ffnn_ewc_replay,none,4,Botnet,task0,n_benign,137344.0
ffnn_ewc_replay,none,4,Botnet,task0,n_attack,1358.0
ffnn_ewc_replay,none,4,Botnet,task0,accuracy,0.9993294977722023
ffnn_ewc_replay,none,4,Botnet,task0,macro_f1,0.9981792349494982
ffnn_ewc_replay,none,4,Botnet,task0,fpr,0.0006116029822926375
ffnn_ewc_replay,none,4,Botnet,task0,detection_rate,0.9977908689248896
ffnn_ewc_replay,none,4,Botnet,task0,binary_f1,0.9688952449052556
ffnn_ewc_replay,none,4,Botnet,task0,category_recall,0.9933726067746687
ffnn_ewc_replay,none,4,Botnet,task1,n,96639.0
ffnn_ewc_replay,none,4,Botnet,task1,n_benign,76782.0
ffnn_ewc_replay,none,4,Botnet,task1,n_attack,19857.0
ffnn_ewc_replay,none,4,Botnet,task1,accuracy,0.9250509628617846
ffnn_ewc_replay,none,4,Botnet,task1,macro_f1,0.8664690852995043
ffnn_ewc_replay,none,4,Botnet,task1,fpr,0.00039071657419707746
ffnn_ewc_replay,none,4,Botnet,task1,detection_rate,0.6367527823941179
ffnn_ewc_replay,none,4,Botnet,task1,binary_f1,0.7773508345885463
ffnn_ewc_replay,none,4,Botnet,task1,category_recall,0.6367527823941179
ffnn_ewc_replay,none,4,Botnet,task2,n,21631.0
ffnn_ewc_replay,none,4,Botnet,task2,n_benign,21610.0
ffnn_ewc_replay,none,4,Botnet,task2,n_attack,21.0
ffnn_ewc_replay,none,4,Botnet,task2,accuracy,0.9987517914104757
ffnn_ewc_replay,none,4,Botnet,task2,macro_f1,0.7755497063472243
ffnn_ewc_replay,none,4,Botnet,task2,fpr,0.0006478482184173993
ffnn_ewc_replay,none,4,Botnet,task2,detection_rate,0.38095238095238093
ffnn_ewc_replay,none,4,Botnet,task2,binary_f1,0.37209302325581395
ffnn_ewc_replay,none,4,Botnet,task2,category_recall,0.38095238095238093
ffnn_ewc_replay,none,4,Botnet,task3,n,50445.0
ffnn_ewc_replay,none,4,Botnet,task3,n_benign,32949.0
ffnn_ewc_replay,none,4,Botnet,task3,n_attack,17496.0
ffnn_ewc_replay,none,4,Botnet,task3,accuracy,0.9980771136881752
ffnn_ewc_replay,none,4,Botnet,task3,macro_f1,0.9978986528768019
ffnn_ewc_replay,none,4,Botnet,task3,fpr,0.0008497981729339282
ffnn_ewc_replay,none,4,Botnet,task3,detection_rate,0.9961133973479652
ffnn_ewc_replay,none,4,Botnet,task3,binary_f1,0.9972533760585947
ffnn_ewc_replay,none,4,Botnet,task3,category_recall,0.9960562414266118
ffnn_ewc_replay,none,4,Botnet,task4,n,27642.0
ffnn_ewc_replay,none,4,Botnet,task4,n_benign,27385.0
ffnn_ewc_replay,none,4,Botnet,task4,n_attack,257.0
ffnn_ewc_replay,none,4,Botnet,task4,accuracy,0.9990594023587295
ffnn_ewc_replay,none,4,Botnet,task4,macro_f1,0.9997625310536314
ffnn_ewc_replay,none,4,Botnet,task4,fpr,0.0009494248676282636
ffnn_ewc_replay,none,4,Botnet,task4,detection_rate,1.0
ffnn_ewc_replay,none,4,Botnet,task4,binary_f1,0.9518518518518518
ffnn_ewc_replay,none,4,Botnet,task4,category_recall,1.0
ffnn_ewc_replay,none,4,Botnet,task5,n,51117.0
ffnn_ewc_replay,none,4,Botnet,task5,n_benign,31046.0
ffnn_ewc_replay,none,4,Botnet,task5,n_attack,20071.0
ffnn_ewc_replay,none,4,Botnet,task5,accuracy,0.6069800653402978
ffnn_ewc_replay,none,4,Botnet,task5,macro_f1,0.49791379144333536
ffnn_ewc_replay,none,4,Botnet,task5,fpr,0.0006119951040391676
ffnn_ewc_replay,none,4,Botnet,task5,detection_rate,0.9879926261770714
ffnn_ewc_replay,none,4,Botnet,task5,binary_f1,0.9934869739478958
ffnn_ewc_replay,none,4,Botnet,task5,category_recall,0.0
ffnn_ewc_replay,none,4,Botnet,task6,n,28798.0
ffnn_ewc_replay,none,4,Botnet,task6,n_benign,9791.0
ffnn_ewc_replay,none,4,Botnet,task6,n_attack,19007.0
ffnn_ewc_replay,none,4,Botnet,task6,accuracy,0.33884297520661155
ffnn_ewc_replay,none,4,Botnet,task6,macro_f1,0.3220462046204621
ffnn_ewc_replay,none,4,Botnet,task6,fpr,0.0033704422428761107
ffnn_ewc_replay,none,4,Botnet,task6,detection_rate,0.4343662861051192
ffnn_ewc_replay,none,4,Botnet,task6,binary_f1,0.6049237983587339
ffnn_ewc_replay,none,4,Botnet,task6,category_recall,0.0
ffnn_ewc_replay,none,4,Botnet,seen,n,335059.0
ffnn_ewc_replay,none,4,Botnet,seen,n_benign,296070.0
ffnn_ewc_replay,none,4,Botnet,seen,n_attack,38989.0
ffnn_ewc_replay,none,4,Botnet,seen,accuracy,0.9776576662617629
ffnn_ewc_replay,none,4,Botnet,seen,macro_f1,0.8492510422174013
ffnn_ewc_replay,none,4,Botnet,seen,fpr,0.0006147194920120242
ffnn_ewc_replay,none,4,Botnet,seen,detection_rate,0.8128446484905999
ffnn_ewc_replay,none,4,Botnet,seen,binary_f1,0.8944583209855637
ffnn_ewc_replay,none,4,Botnet,all,n,414974.0
ffnn_ewc_replay,none,4,Botnet,all,n_benign,336907.0
ffnn_ewc_replay,none,4,Botnet,all,n_attack,78067.0
ffnn_ewc_replay,none,4,Botnet,all,accuracy,0.88766525131695
ffnn_ewc_replay,none,4,Botnet,all,macro_f1,0.5558368756893154
ffnn_ewc_replay,none,4,Botnet,all,fpr,0.000694553689890682
ffnn_ewc_replay,none,4,Botnet,all,detection_rate,0.7657268756324696
ffnn_ewc_replay,none,4,Botnet,all,binary_f1,0.8658521570984726
ffnn_ewc_replay,none,5,PortScan,task0,n,138702.0
ffnn_ewc_replay,none,5,PortScan,task0,n_benign,137344.0
ffnn_ewc_replay,none,5,PortScan,task0,n_attack,1358.0
ffnn_ewc_replay,none,5,PortScan,task0,accuracy,0.9996899828409107
ffnn_ewc_replay,none,5,PortScan,task0,macro_f1,0.998633371786745
ffnn_ewc_replay,none,5,PortScan,task0,fpr,0.00026211556383970176
ffnn_ewc_replay,none,5,PortScan,task0,detection_rate,0.9963181148748159
ffnn_ewc_replay,none,5,PortScan,task0,binary_f1,0.9850746268656716
ffnn_ewc_replay,none,5,PortScan,task0,category_recall,0.9948453608247423
ffnn_ewc_replay,none,5,PortScan,task1,n,96639.0
ffnn_ewc_replay,none,5,PortScan,task1,n_benign,76782.0
ffnn_ewc_replay,none,5,PortScan,task1,n_attack,19857.0
ffnn_ewc_replay,none,5,PortScan,task1,accuracy,0.9260029594677097
ffnn_ewc_replay,none,5,PortScan,task1,macro_f1,0.8680581341562508
ffnn_ewc_replay,none,5,PortScan,task1,fpr,9.116720064598473e-05
ffnn_ewc_replay,none,5,PortScan,task1,detection_rate,0.6402779876114216
ffnn_ewc_replay,none,5,PortScan,task1,binary_f1,0.7805267358339985
ffnn_ewc_replay,none,5,PortScan,task1,category_recall,0.6402276275368888
ffnn_ewc_replay,none,5,PortScan,task2,n,21631.0
ffnn_ewc_replay,none,5,PortScan,task2,n_benign,21610.0
ffnn_ewc_replay,none,5,PortScan,task2,n_attack,21.0
ffnn_ewc_replay,none,5,PortScan,task2,accuracy,0.9988442513059961
ffnn_ewc_replay,none,5,PortScan,task2,macro_f1,0.7755728577024739
ffnn_ewc_replay,none,5,PortScan,task2,fpr,0.0005552984729291995
ffnn_ewc_replay,none,5,PortScan,task2,detection_rate,0.38095238095238093
ffnn_ewc_replay,none,5,PortScan,task2,binary_f1,0.3902439024390244
ffnn_ewc_replay,none,5,PortScan,task2,category_recall,0.38095238095238093
ffnn_ewc_replay,none,5,PortScan,task3,n,50445.0
ffnn_ewc_replay,none,5,PortScan,task3,n_benign,32949.0
ffnn_ewc_replay,none,5,PortScan,task3,n_attack,17496.0
ffnn_ewc_replay,none,5,PortScan,task3,accuracy,0.9280800872237089
ffnn_ewc_replay,none,5,PortScan,task3,macro_f1,0.9414795487803707
ffnn_ewc_replay,none,5,PortScan,task3,fpr,0.0015781966068772952
ffnn_ewc_replay,none,5,PortScan,task3,detection_rate,0.9961705532693187
ffnn_ewc_replay,none,5,PortScan,task3,binary_f1,0.9965977642450753
ffnn_ewc_replay,none,5,PortScan,task3,category_recall,0.7956104252400549
ffnn_ewc_replay,none,5,PortScan,task4,n,27642.0
ffnn_ewc_replay,none,5,PortScan,task4,n_benign,27385.0
ffnn_ewc_replay,none,5,PortScan,task4,n_attack,257.0
ffnn_ewc_replay,none,5,PortScan,task4,accuracy,0.9997829390058607
ffnn_ewc_replay,none,5,PortScan,task4,macro_f1,0.9989743457008466
ffnn_ewc_replay,none,5,PortScan,task4,fpr,0.00021909804637575315
ffnn_ewc_replay,none,5,PortScan,task4,detection_rate,1.0
ffnn_ewc_replay,none,5,PortScan,task4,binary_f1,0.9884615384615385
ffnn_ewc_replay,none,5,PortScan,task4,category_recall,1.0
ffnn_ewc_replay,none,5,PortScan,task5,n,51117.0
ffnn_ewc_replay,none,5,PortScan,task5,n_benign,31046.0
ffnn_ewc_replay,none,5,PortScan,task5,n_attack,20071.0
ffnn_ewc_replay,none,5,PortScan,task5,accuracy,0.9981023925504235
ffnn_ewc_replay,none,5,PortScan,task5,macro_f1,0.9982454300564783
ffnn_ewc_replay,none,5,PortScan,task5,fpr,0.0002576821490691232
ffnn_ewc_replay,none,5,PortScan,task5,detection_rate,0.9964127347914902
ffnn_ewc_replay,none,5,PortScan,task5,binary_f1,0.9980038924098009
ffnn_ewc_replay,none,5,PortScan,task5,category_recall,0.9955657416172587
ffnn_ewc_replay,none,5,PortScan,task6,n,28798.0
ffnn_ewc_replay,none,5,PortScan,task6,n_benign,9791.0
ffnn_ewc_replay,none,5,PortScan,task6,n_attack,19007.0
ffnn_ewc_replay,none,5,PortScan,task6,accuracy,0.338669352038336
ffnn_ewc_replay,none,5,PortScan,task6,macro_f1,0.3788897090245134
ffnn_ewc_replay,none,5,PortScan,task6,fpr,0.0038811153099785516
ffnn_ewc_replay,none,5,PortScan,task6,detection_rate,0.6739622244436261
ffnn_ewc_replay,none,5,PortScan,task6,binary_f1,0.8042693454716685
ffnn_ewc_replay,none,5,PortScan,task6,category_recall,0.0
ffnn_ewc_replay,none,5,PortScan,seen,n,386176.0
ffnn_ewc_replay,none,5,PortScan,seen,n_benign,327116.0
ffnn_ewc_replay,none,5,PortScan,seen,n_attack,59060.0
ffnn_ewc_replay,none,5,PortScan,seen,accuracy,0.971645053032814
ffnn_ewc_replay,none,5,PortScan,seen,macro_f1,0.8568923936603646
ffnn_ewc_replay,none,5,PortScan,seen,fpr,0.0003698993629171303
ffnn_ewc_replay,none,5,PortScan,seen,detection_rate,0.8763968845242127
ffnn_ewc_replay,none,5,PortScan,seen,binary_f1,0.933108589250142
ffnn_ewc_replay,none,5,PortScan,all,n,414974.0
ffnn_ewc_replay,none,5,PortScan,all,n_benign,336907.0
ffnn_ewc_replay,none,5,PortScan,all,n_attack,78067.0
ffnn_ewc_replay,none,5,PortScan,all,accuracy,0.9277183630781688
ffnn_ewc_replay,none,5,PortScan,all,macro_f1,0.7103195525850243
ffnn_ewc_replay,none,5,PortScan,all,fpr,0.0004719403277462326
ffnn_ewc_replay,none,5,PortScan,all,detection_rate,0.8271100464985205
ffnn_ewc_replay,none,5,PortScan,all,binary_f1,0.9043670691055772
ffnn_ewc_replay,none,6,DDoS,task0,n,138702.0
ffnn_ewc_replay,none,6,DDoS,task0,n_benign,137344.0
ffnn_ewc_replay,none,6,DDoS,task0,n_attack,1358.0
ffnn_ewc_replay,none,6,DDoS,task0,accuracy,0.9996827731395366
ffnn_ewc_replay,none,6,DDoS,task0,macro_f1,0.9986279107211237
ffnn_ewc_replay,none,6,DDoS,task0,fpr,0.00026939655172413793
ffnn_ewc_replay,none,6,DDoS,task0,detection_rate,0.9948453608247423
ffnn_ewc_replay,none,6,DDoS,task0,binary_f1,0.9839766933721777
ffnn_ewc_replay,none,6,DDoS,task0,category_recall,0.9948453608247423
ffnn_ewc_replay,none,6,DDoS,task1,n,96639.0
ffnn_ewc_replay,none,6,DDoS,task1,n_benign,76782.0
ffnn_ewc_replay,none,6,DDoS,task1,n_attack,19857.0
ffnn_ewc_replay,none,6,DDoS,task1,accuracy,0.9264789577706724
ffnn_ewc_replay,none,6,DDoS,task1,macro_f1,0.8698945991378061
ffnn_ewc_replay,none,6,DDoS,task1,fpr,7.814331483941548e-05
ffnn_ewc_replay,none,6,DDoS,task1,detection_rate,0.6570478924308808
ffnn_ewc_replay,none,6,DDoS,task1,binary_f1,0.7928896991795806
ffnn_ewc_replay,none,6,DDoS,task1,category_recall,0.6424938308908698
ffnn_ewc_replay,none,6,DDoS,task2,n,21631.0
ffnn_ewc_replay,none,6,DDoS,task2,n_benign,21610.0
ffnn_ewc_replay,none,6,DDoS,task2,n_attack,21.0
ffnn_ewc_replay,none,6,DDoS,task2,accuracy,0.9992140908880773
ffnn_ewc_replay,none,6,DDoS,task2,macro_f1,0.7756654417014122
ffnn_ewc_replay,none,6,DDoS,task2,fpr,0.00018509949097639982
ffnn_ewc_replay,none,6,DDoS,task2,detection_rate,0.38095238095238093
ffnn_ewc_replay,none,6,DDoS,task2,binary_f1,0.48484848484848486
ffnn_ewc_replay,none,6,DDoS,task2,category_recall,0.38095238095238093
ffnn_ewc_replay,none,6,DDoS,task3,n,50445.0
ffnn_ewc_replay,none,6,DDoS,task3,n_benign,32949.0
ffnn_ewc_replay,none,6,DDoS,task3,n_attack,17496.0
ffnn_ewc_replay,none,6,DDoS,task3,accuracy,0.9688571711765289
ffnn_ewc_replay,none,6,DDoS,task3,macro_f1,0.9757177271499933
ffnn_ewc_replay,none,6,DDoS,task3,fpr,0.001547846672129655
ffnn_ewc_replay,none,6,DDoS,task3,detection_rate,0.9963991769547325
ffnn_ewc_replay,none,6,DDoS,task3,binary_f1,0.9967409948542024
ffnn_ewc_replay,none,6,DDoS,task3,category_recall,0.9131229995427527
ffnn_ewc_replay,none,6,DDoS,task4,n,27642.0
ffnn_ewc_replay,none,6,DDoS,task4,n_benign,27385.0
ffnn_ewc_replay,none,6,DDoS,task4,n_attack,257.0
ffnn_ewc_replay,none,6,DDoS,task4,accuracy,0.9998191158382173
ffnn_ewc_replay,none,6,DDoS,task4,macro_f1,0.9989834766198736
ffnn_ewc_replay,none,6,DDoS,task4,fpr,0.00018258170531312764
ffnn_ewc_replay,none,6,DDoS,task4,detection_rate,1.0
ffnn_ewc_replay,none,6,DDoS,task4,binary_f1,0.9903660886319846
ffnn_ewc_replay,none,6,DDoS,task4,category_recall,1.0
ffnn_ewc_replay,none,6,DDoS,task5,n,51117.0
ffnn_ewc_replay,none,6,DDoS,task5,n_benign,31046.0
ffnn_ewc_replay,none,6,DDoS,task5,n_attack,20071.0
ffnn_ewc_replay,none,6,DDoS,task5,accuracy,0.9546921767709372
ffnn_ewc_replay,none,6,DDoS,task5,macro_f1,0.9688607594694486
ffnn_ewc_replay,none,6,DDoS,task5,fpr,0.00028989241770276364
ffnn_ewc_replay,none,6,DDoS,task5,detection_rate,0.9964127347914902
ffnn_ewc_replay,none,6,DDoS,task5,binary_f1,0.9979789914918037
ffnn_ewc_replay,none,6,DDoS,task5,category_recall,0.8850580439439988
ffnn_ewc_replay,none,6,DDoS,task6,n,28798.0
ffnn_ewc_replay,none,6,DDoS,task6,n_benign,9791.0
ffnn_ewc_replay,none,6,DDoS,task6,n_attack,19007.0
ffnn_ewc_replay,none,6,DDoS,task6,accuracy,0.9992013334259323
ffnn_ewc_replay,none,6,DDoS,task6,macro_f1,0.99913692854091
ffnn_ewc_replay,none,6,DDoS,task6,fpr,0.0002042692268409764
ffnn_ewc_replay,none,6,DDoS,task6,detection_rate,0.9988951438943547
ffnn_ewc_replay,none,6,DDoS,task6,binary_f1,0.9993946571917357
ffnn_ewc_replay,none,6,DDoS,task6,category_recall,0.9988951438943547
ffnn_ewc_replay,none,6,DDoS,seen,n,414974.0
ffnn_ewc_replay,none,6,DDoS,seen,n_benign,336907.0
ffnn_ewc_replay,none,6,DDoS,seen,n_attack,78067.0
ffnn_ewc_replay,none,6,DDoS,seen,accuracy,0.9732971222293445
ffnn_ewc_replay,none,6,DDoS,seen,macro_f1,0.8821735276672171
ffnn_ewc_replay,none,6,DDoS,seen,fpr,0.00033837231045956304
ffnn_ewc_replay,none,6,DDoS,seen,detection_rate,0.9105127646764958
ffnn_ewc_replay,none,6,DDoS,seen,binary_f1,0.9524326352320082
ffnn_ewc_replay,none,6,DDoS,all,n,414974.0
ffnn_ewc_replay,none,6,DDoS,all,n_benign,336907.0
ffnn_ewc_replay,none,6,DDoS,all,n_attack,78067.0
ffnn_ewc_replay,none,6,DDoS,all,accuracy,0.9732971222293445
ffnn_ewc_replay,none,6,DDoS,all,macro_f1,0.8821735276672171
ffnn_ewc_replay,none,6,DDoS,all,fpr,0.00033837231045956304
ffnn_ewc_replay,none,6,DDoS,all,detection_rate,0.9105127646764958
ffnn_ewc_replay,none,6,DDoS,all,binary_f1,0.9524326352320082
ffnn_naive,none,0,BruteForce,task0,n,138702.0
ffnn_naive,none,0,BruteForce,task0,n_benign,137344.0
ffnn_naive,none,0,BruteForce,task0,n_attack,1358.0
ffnn_naive,none,0,BruteForce,task0,accuracy,0.9999062738821358
ffnn_naive,none,0,BruteForce,task0,macro_f1,0.9975733802508044
ffnn_naive,none,0,BruteForce,task0,fpr,7.28098788443616e-06
ffnn_naive,none,0,BruteForce,task0,detection_rate,0.9911634756995582
ffnn_naive,none,0,BruteForce,task0,binary_f1,0.9951940850277264
ffnn_naive,none,0,BruteForce,task0,category_recall,0.9911634756995582
ffnn_naive,none,0,BruteForce,task1,n,96639.0
ffnn_naive,none,0,BruteForce,task1,n_benign,76782.0
ffnn_naive,none,0,BruteForce,task1,n_attack,19857.0
ffnn_naive,none,0,BruteForce,task1,accuracy,0.7945239499580915
ffnn_naive,none,0,BruteForce,task1,macro_f1,0.44274914802705556
ffnn_naive,none,0,BruteForce,task1,fpr,0.0
ffnn_naive,none,0,BruteForce,task1,detection_rate,0.0
ffnn_naive,none,0,BruteForce,task1,binary_f1,0.0
ffnn_naive,none,0,BruteForce,task1,category_recall,0.0
ffnn_naive,none,0,BruteForce,task2,n,21631.0
ffnn_naive,none,0,BruteForce,task2,n_benign,21610.0
ffnn_naive,none,0,BruteForce,task2,n_attack,21.0
ffnn_naive,none,0,BruteForce,task2,accuracy,0.9990291710970367
ffnn_naive,none,0,BruteForce,task2,macro_f1,0.4997571749034481
ffnn_naive,none,0,BruteForce,task2,fpr,0.0
ffnn_naive,none,0,BruteForce,task2,detection_rate,0.0
ffnn_naive,none,0,BruteForce,task2,binary_f1,0.0
ffnn_naive,none,0,BruteForce,task2,category_recall,0.0
ffnn_naive,none,0,BruteForce,task3,n,50445.0
ffnn_naive,none,0,BruteForce,task3,n_benign,32949.0
ffnn_naive,none,0,BruteForce,task3,n_attack,17496.0
ffnn_naive,none,0,BruteForce,task3,accuracy,0.6531668153434433
ffnn_naive,none,0,BruteForce,task3,macro_f1,0.39510036693287287
ffnn_naive,none,0,BruteForce,task3,fpr,0.0
ffnn_naive,none,0,BruteForce,task3,detection_rate,0.0
ffnn_naive,none,0,BruteForce,task3,binary_f1,0.0
ffnn_naive,none,0,BruteForce,task3,category_recall,0.0
ffnn_naive,none,0,BruteForce,task4,n,27642.0
ffnn_naive,none,0,BruteForce,task4,n_benign,27385.0
ffnn_naive,none,0,BruteForce,task4,n_attack,257.0
ffnn_naive,none,0,BruteForce,task4,accuracy,0.9907025540843644
ffnn_naive,none,0,BruteForce,task4,macro_f1,0.49766478274301706
ffnn_naive,none,0,BruteForce,task4,fpr,0.0
ffnn_naive,none,0,BruteForce,task4,detection_rate,0.0
ffnn_naive,none,0,BruteForce,task4,binary_f1,0.0
ffnn_naive,none,0,BruteForce,task4,category_recall,0.0
ffnn_naive,none,0,BruteForce,task5,n,51117.0
ffnn_naive,none,0,BruteForce,task5,n_benign,31046.0
ffnn_naive,none,0,BruteForce,task5,n_attack,20071.0
ffnn_naive,none,0,BruteForce,task5,accuracy,0.6073517616448539
ffnn_naive,none,0,BruteForce,task5,macro_f1,0.37785864683616716
ffnn_naive,none,0,BruteForce,task5,fpr,0.0
ffnn_naive,none,0,BruteForce,task5,detection_rate,0.0
ffnn_naive,none,0,BruteForce,task5,binary_f1,0.0
ffnn_naive,none,0,BruteForce,task5,category_recall,0.0
ffnn_naive,none,0,BruteForce,task6,n,28798.0
ffnn_naive,none,0,BruteForce,task6,n_benign,9791.0
ffnn_naive,none,0,BruteForce,task6,n_attack,19007.0
ffnn_naive,none,0,BruteForce,task6,accuracy,0.33991943884992015
ffnn_naive,none,0,BruteForce,task6,macro_f1,0.2536864747194651
ffnn_naive,none,0,BruteForce,task6,fpr,0.0002042692268409764
ffnn_naive,none,0,BruteForce,task6,detection_rate,0.0
ffnn_naive,none,0,BruteForce,task6,binary_f1,0.0
ffnn_naive,none,0,BruteForce,task6,category_recall,0.0
ffnn_naive,none,0,BruteForce,seen,n,138702.0
ffnn_naive,none,0,BruteForce,seen,n_benign,137344.0
ffnn_naive,none,0,BruteForce,seen,n_attack,1358.0
ffnn_naive,none,0,BruteForce,seen,accuracy,0.9999062738821358
ffnn_naive,none,0,BruteForce,seen,macro_f1,0.9975733802508044
ffnn_naive,none,0,BruteForce,seen,fpr,7.28098788443616e-06
ffnn_naive,none,0,BruteForce,seen,detection_rate,0.9911634756995582
ffnn_naive,none,0,BruteForce,seen,binary_f1,0.9951940850277264
ffnn_naive,none,0,BruteForce,all,n,414974.0
ffnn_naive,none,0,BruteForce,all,n_benign,336907.0
ffnn_naive,none,0,BruteForce,all,n_attack,78067.0
ffnn_naive,none,0,BruteForce,all,accuracy,0.8151113081783437
ffnn_naive,none,0,BruteForce,all,macro_f1,0.23652908203042483
ffnn_naive,none,0,BruteForce,all,fpr,8.904534485777975e-06
ffnn_naive,none,0,BruteForce,all,detection_rate,0.017241600163961725
ffnn_naive,none,0,BruteForce,all,binary_f1,0.03389745139518485
ffnn_naive,none,1,DoS,task0,n,138702.0
ffnn_naive,none,1,DoS,task0,n_benign,137344.0
ffnn_naive,none,1,DoS,task0,n_attack,1358.0
ffnn_naive,none,1,DoS,task0,accuracy,0.9901443382215108
ffnn_naive,none,1,DoS,task0,macro_f1,0.4975256850555725
ffnn_naive,none,1,DoS,task0,fpr,6.552889095992544e-05
ffnn_naive,none,1,DoS,task0,detection_rate,0.0007363770250368188
ffnn_naive,none,1,DoS,task0,binary_f1,0.0014619883040935672
ffnn_naive,none,1,DoS,task0,category_recall,0.0
ffnn_naive,none,1,DoS,task1,n,96639.0
ffnn_naive,none,1,DoS,task1,n_benign,76782.0
ffnn_naive,none,1,DoS,task1,n_attack,19857.0
ffnn_naive,none,1,DoS,task1,accuracy,0.9294177299020064
ffnn_naive,none,1,DoS,task1,macro_f1,0.8750629448903093
ffnn_naive,none,1,DoS,task1,fpr,2.6047771613138496e-05
ffnn_naive,none,1,DoS,task1,detection_rate,0.6565946517600846
ffnn_naive,none,1,DoS,task1,binary_f1,0.792655865276469
ffnn_naive,none,1,DoS,task1,category_recall,0.6565946517600846
ffnn_naive,none,1,DoS,task2,n,21631.0
ffnn_naive,none,1,DoS,task2,n_benign,21610.0
ffnn_naive,none,1,DoS,task2,n_attack,21.0
ffnn_naive,none,1,DoS,task2,accuracy,0.9989829411492765
ffnn_naive,none,1,DoS,task2,macro_f1,0.49974560592044404
ffnn_naive,none,1,DoS,task2,fpr,4.6274872744099955e-05
ffnn_naive,none,1,DoS,task2,detection_rate,0.0
ffnn_naive,none,1,DoS,task2,binary_f1,0.0
ffnn_naive,none,1,DoS,task2,category_recall,0.0
ffnn_naive,none,1,DoS,task3,n,50445.0
ffnn_naive,none,1,DoS,task3,n_benign,32949.0
ffnn_naive,none,1,DoS,task3,n_attack,17496.0
ffnn_naive,none,1,DoS,task3,accuracy,0.6530875210625434
ffnn_naive,none,1,DoS,task3,macro_f1,0.3951139947949773
ffnn_naive,none,1,DoS,task3,fpr,0.00012139973899056118
ffnn_naive,none,1,DoS,task3,detection_rate,0.00051440329218107
ffnn_naive,none,1,DoS,task3,binary_f1,0.0010280427208864012
ffnn_naive,none,1,DoS,task3,category_recall,0.0
ffnn_naive,none,1,DoS,task4,n,27642.0
ffnn_naive,none,1,DoS,task4,n_benign,27385.0
ffnn_naive,none,1,DoS,task4,n_attack,257.0
ffnn_naive,none,1,DoS,task4,accuracy,0.9907025540843644
ffnn_naive,none,1,DoS,task4,macro_f1,0.49766478274301706
ffnn_naive,none,1,DoS,task4,fpr,0.0
ffnn_naive,none,1,DoS,task4,detection_rate,0.0
ffnn_naive,none,1,DoS,task4,binary_f1,0.0
ffnn_naive,none,1,DoS,task4,category_recall,0.0
ffnn_naive,none,1,DoS,task5,n,51117.0
ffnn_naive,none,1,DoS,task5,n_benign,31046.0
ffnn_naive,none,1,DoS,task5,n_attack,20071.0
ffnn_naive,none,1,DoS,task5,accuracy,0.6073517616448539
ffnn_naive,none,1,DoS,task5,macro_f1,0.37828221905423354
ffnn_naive,none,1,DoS,task5,fpr,0.0
ffnn_naive,none,1,DoS,task5,detection_rate,0.004583727766429176
ffnn_naive,none,1,DoS,task5,binary_f1,0.009125626146902743
ffnn_naive,none,1,DoS,task5,category_recall,0.0
ffnn_naive,none,1,DoS,task6,n,28798.0
ffnn_naive,none,1,DoS,task6,n_benign,9791.0
ffnn_naive,none,1,DoS,task6,n_attack,19007.0
ffnn_naive,none,1,DoS,task6,accuracy,0.3399888881172304
ffnn_naive,none,1,DoS,task6,macro_f1,0.3336741301162117
ffnn_naive,none,1,DoS,task6,fpr,0.0
ffnn_naive,none,1,DoS,task6,detection_rate,0.4864523596569685
ffnn_naive,none,1,DoS,task6,binary_f1,0.6545145648249744
ffnn_naive,none,1,DoS,task6,category_recall,0.0
ffnn_naive,none,1,DoS,seen,n,235341.0
ffnn_naive,none,1,DoS,seen,n_benign,214126.0
ffnn_naive,none,1,DoS,seen,n_attack,21215.0
ffnn_naive,none,1,DoS,seen,accuracy,0.9652079323194853
ffnn_naive,none,1,DoS,seen,macro_f1,0.5912184689443325
ffnn_naive,none,1,DoS,seen,fpr,5.1371622315832736e-05
ffnn_naive,none,1,DoS,seen,detection_rate,0.6146123026160736
ffnn_naive,none,1,DoS,seen,binary_f1,0.7610681453378083
ffnn_naive,none,1,DoS,all,n,414974.0
ffnn_naive,none,1,DoS,all,n_benign,336907.0
ffnn_naive,none,1,DoS,all,n_attack,78067.0
ffnn_naive,none,1,DoS,all,accuracy,0.8432552400873308
ffnn_naive,none,1,DoS,all,macro_f1,0.19258752956379452
ffnn_naive,none,1,DoS,all,fpr,4.749085059081586e-05
ffnn_naive,none,1,DoS,all,detection_rate,0.28675368593643924
ffnn_naive,none,1,DoS,all,binary_f1,0.4456299953219401
ffnn_naive,none,2,WebAttack,task0,n,138702.0
ffnn_naive,none,2,WebAttack,task0,n_benign,137344.0
ffnn_naive,none,2,WebAttack,task0,n_attack,1358.0
ffnn_naive,none,2,WebAttack,task0,accuracy,0.9902092255338784
ffnn_naive,none,2,WebAttack,task0,macro_f1,0.49993084018258194
ffnn_naive,none,2,WebAttack,task0,fpr,0.0
ffnn_naive,none,2,WebAttack,task0,detection_rate,0.9720176730486009
ffnn_naive,none,2,WebAttack,task0,binary_f1,0.9858103061986557
ffnn_naive,none,2,WebAttack,task0,category_recall,0.0
ffnn_naive,none,2,WebAttack,task1,n,96639.0
ffnn_naive,none,2,WebAttack,task1,n_benign,76782.0
ffnn_naive,none,2,WebAttack,task1,n_attack,19857.0
ffnn_naive,none,2,WebAttack,task1,accuracy,0.7945239499580915
ffnn_naive,none,2,WebAttack,task1,macro_f1,0.44274914802705556
ffnn_naive,none,2,WebAttack,task1,fpr,0.0
ffnn_naive,none,2,WebAttack,task1,detection_rate,0.0
ffnn_naive,none,2,WebAttack,task1,binary_f1,0.0
ffnn_naive,none,2,WebAttack,task1,category_recall,0.0
ffnn_naive,none,2,WebAttack,task2,n,21631.0
ffnn_naive,none,2,WebAttack,task2,n_benign,21610.0
ffnn_naive,none,2,WebAttack,task2,n_attack,21.0
ffnn_naive,none,2,WebAttack,task2,accuracy,0.999399010679118
ffnn_naive,none,2,WebAttack,task2,macro_f1,0.7757117208518078
ffnn_naive,none,2,WebAttack,task2,fpr,0.0
ffnn_naive,none,2,WebAttack,task2,detection_rate,0.38095238095238093
ffnn_naive,none,2,WebAttack,task2,binary_f1,0.5517241379310345
ffnn_naive,none,2,WebAttack,task2,category_recall,0.38095238095238093
ffnn_naive,none,2,WebAttack,task3,n,50445.0
ffnn_naive,none,2,WebAttack,task3,n_benign,32949.0
ffnn_naive,none,2,WebAttack,task3,n_attack,17496.0
ffnn_naive,none,2,WebAttack,task3,accuracy,0.6531668153434433
ffnn_naive,none,2,WebAttack,task3,macro_f1,0.39510036693287287
ffnn_naive,none,2,WebAttack,task3,fpr,0.0
ffnn_naive,none,2,WebAttack,task3,detection_rate,0.0
ffnn_naive,none,2,WebAttack,task3,binary_f1,0.0
ffnn_naive,none,2,WebAttack,task3,category_recall,0.0
ffnn_naive,none,2,WebAttack,task4,n,27642.0
ffnn_naive,none,2,WebAttack,task4,n_benign,27385.0
ffnn_naive,none,2,WebAttack,task4,n_attack,257.0
ffnn_naive,none,2,WebAttack,task4,accuracy,0.990485493090225
ffnn_naive,none,2,WebAttack,task4,macro_f1,0.4976100034532269
ffnn_naive,none,2,WebAttack,task4,fpr,0.00021909804637575315
ffnn_naive,none,2,WebAttack,task4,detection_rate,0.0
ffnn_naive,none,2,WebAttack,task4,binary_f1,0.0
ffnn_naive,none,2,WebAttack,task4,category_recall,0.0
ffnn_naive,none,2,WebAttack,task5,n,51117.0
ffnn_naive,none,2,WebAttack,task5,n_benign,31046.0
ffnn_naive,none,2,WebAttack,task5,n_attack,20071.0
ffnn_naive,none,2,WebAttack,task5,accuracy,0.6071952579376724
ffnn_naive,none,2,WebAttack,task5,macro_f1,0.3777980646339237
ffnn_naive,none,2,WebAttack,task5,fpr,0.0002576821490691232
ffnn_naive,none,2,WebAttack,task5,detection_rate,0.0
ffnn_naive,none,2,WebAttack,task5,binary_f1,0.0
ffnn_naive,none,2,WebAttack,task5,category_recall,0.0
ffnn_naive,none,2,WebAttack,task6,n,28798.0
ffnn_naive,none,2,WebAttack,task6,n_benign,9791.0
ffnn_naive,none,2,WebAttack,task6,n_attack,19007.0
ffnn_naive,none,2,WebAttack,task6,accuracy,0.3399888881172304
ffnn_naive,none,2,WebAttack,task6,macro_f1,0.25372515483687064
ffnn_naive,none,2,WebAttack,task6,fpr,0.0
ffnn_naive,none,2,WebAttack,task6,detection_rate,0.0
ffnn_naive,none,2,WebAttack,task6,binary_f1,0.0
ffnn_naive,none,2,WebAttack,task6,category_recall,0.0
ffnn_naive,none,2,WebAttack,seen,n,256972.0
ffnn_naive,none,2,WebAttack,seen,n_benign,235736.0
ffnn_naive,none,2,WebAttack,seen,n_attack,21236.0
ffnn_naive,none,2,WebAttack,seen,accuracy,0.9173917780925548
ffnn_naive,none,2,WebAttack,seen,macro_f1,0.24283654201397248
ffnn_naive,none,2,WebAttack,seen,fpr,0.0
ffnn_naive,none,2,WebAttack,seen,detection_rate,0.06253531738557166
ffnn_naive,none,2,WebAttack,seen,binary_f1,0.11770962595284525
ffnn_naive,none,2,WebAttack,all,n,414974.0
ffnn_naive,none,2,WebAttack,all,n_benign,336907.0
ffnn_naive,none,2,WebAttack,all,n_attack,78067.0
ffnn_naive,none,2,WebAttack,all,accuracy,0.8118605021037463
ffnn_naive,none,2,WebAttack,all,macro_f1,0.11368437146560254
ffnn_naive,none,2,WebAttack,all,fpr,4.155449426696388e-05
ffnn_naive,none,2,WebAttack,all,detection_rate,0.01701102898792063
ffnn_naive,none,2,WebAttack,all,binary_f1,0.033447090380183606
ffnn_naive,none,3,Infiltration,task0,n,138702.0
ffnn_naive,none,3,Infiltration,task0,n_benign,137344.0
ffnn_naive,none,3,Infiltration,task0,n_attack,1358.0
ffnn_naive,none,3,Infiltration,task0,accuracy,0.9896757076321899
ffnn_naive,none,3,Infiltration,task0,macro_f1,0.49754615903209204
ffnn_naive,none,3,Infiltration,task0,fpr,0.0005387931034482759
ffnn_naive,none,3,Infiltration,task0,detection_rate,0.05743740795287187
ffnn_naive,none,3,Infiltration,task0,binary_f1,0.10331125827814569
ffnn_naive,none,3,Infiltration,task0,category_recall,0.0
ffnn_naive,none,3,Infiltration,task1,n,96639.0
ffnn_naive,none,3,Infiltration,task1,n_benign,76782.0
ffnn_naive,none,3,Infiltration,task1,n_attack,19857.0
ffnn_naive,none,3,Infiltration,task1,accuracy,0.7943480375417792
ffnn_naive,none,3,Infiltration,task1,macro_f1,0.4433295194683331
ffnn_naive,none,3,Infiltration,task1,fpr,0.0003255971451642312
ffnn_naive,none,3,Infiltration,task1,detection_rate,0.005086367527823941
ffnn_naive,none,3,Infiltration,task1,binary_f1,0.010108592303457939
ffnn_naive,none,3,Infiltration,task1,category_recall,0.00040288059626328245
ffnn_naive,none,3,Infiltration,task2,n,21631.0
ffnn_naive,none,3,Infiltration,task2,n_benign,21610.0
ffnn_naive,none,3,Infiltration,task2,n_attack,21.0
ffnn_naive,none,3,Infiltration,task2,accuracy,0.9986593315149553
ffnn_naive,none,3,Infiltration,task2,macro_f1,0.4996646080540328
ffnn_naive,none,3,Infiltration,task2,fpr,0.00037019898195279964
ffnn_naive,none,3,Infiltration,task2,detection_rate,0.0
ffnn_naive,none,3,Infiltration,task2,binary_f1,0.0
ffnn_naive,none,3,Infiltration,task2,category_recall,0.0
ffnn_naive,none,3,Infiltration,task3,n,50445.0
ffnn_naive,none,3,Infiltration,task3,n_benign,32949.0
ffnn_naive,none,3,Infiltration,task3,n_attack,17496.0
ffnn_naive,none,3,Infiltration,task3,accuracy,0.9992070571910001
ffnn_naive,none,3,Infiltration,task3,macro_f1,0.9991247536470835
ffnn_naive,none,3,Infiltration,task3,fpr,0.0003641992169716835
ffnn_naive,none,3,Infiltration,task3,detection_rate,0.9983996342021033
ffnn_naive,none,3,Infiltration,task3,binary_f1,0.9988563586459286
ffnn_naive,none,3,Infiltration,task3,category_recall,0.9983996342021033
ffnn_naive,none,3,Infiltration,task4,n,27642.0
ffnn_naive,none,3,Infiltration,task4,n_benign,27385.0
ffnn_naive,none,3,Infiltration,task4,n_attack,257.0
ffnn_naive,none,3,Infiltration,task4,accuracy,0.9817306996599378
ffnn_naive,none,3,Infiltration,task4,macro_f1,0.4953905693787765
ffnn_naive,none,3,Infiltration,task4,fpr,0.00905605258353113
ffnn_naive,none,3,Infiltration,task4,detection_rate,0.0
ffnn_naive,none,3,Infiltration,task4,binary_f1,0.0
ffnn_naive,none,3,Infiltration,task4,category_recall,0.0
ffnn_naive,none,3,Infiltration,task5,n,51117.0
ffnn_naive,none,3,Infiltration,task5,n_benign,31046.0
ffnn_naive,none,3,Infiltration,task5,n_attack,20071.0
ffnn_naive,none,3,Infiltration,task5,accuracy,0.6024610207954301
ffnn_naive,none,3,Infiltration,task5,macro_f1,0.49578208513104516
ffnn_naive,none,3,Infiltration,task5,fpr,0.008052567158410101
ffnn_naive,none,3,Infiltration,task5,detection_rate,0.9863484629565044
ffnn_naive,none,3,Infiltration,task5,binary_f1,0.9869385313325689
ffnn_naive,none,3,Infiltration,task5,category_recall,0.0
ffnn_naive,none,3,Infiltration,task6,n,28798.0
ffnn_naive,none,3,Infiltration,task6,n_benign,9791.0
ffnn_naive,none,3,Infiltration,task6,n_attack,19007.0
ffnn_naive,none,3,Infiltration,task6,accuracy,0.339572192513369
ffnn_naive,none,3,Infiltration,task6,macro_f1,0.26241781832819
ffnn_naive,none,3,Infiltration,task6,fpr,0.0012256153610458584
ffnn_naive,none,3,Infiltration,task6,detection_rate,0.06902720050507707
ffnn_naive,none,3,Infiltration,task6,binary_f1,0.12906399094978113
ffnn_naive,none,3,Infiltration,task6,category_recall,0.0
ffnn_naive,none,3,Infiltration,seen,n,307417.0
ffnn_naive,none,3,Infiltration,seen,n_benign,268685.0
ffnn_naive,none,3,Infiltration,seen,n_attack,38732.0
ffnn_naive,none,3,Infiltration,seen,accuracy,0.9304690371710087
ffnn_naive,none,3,Infiltration,seen,macro_f1,0.3907616103254514
ffnn_naive,none,3,Infiltration,seen,fpr,0.00044289781714647265
ffnn_naive,none,3,Infiltration,seen,detection_rate,0.4556180935660436
ffnn_naive,none,3,Infiltration,seen,binary_f1,0.6246946794576799
ffnn_naive,none,3,Infiltration,all,n,414974.0
ffnn_naive,none,3,Infiltration,all,n_benign,336907.0
ffnn_naive,none,3,Infiltration,all,n_attack,78067.0
ffnn_naive,none,3,Infiltration,all,accuracy,0.852472685035689
ffnn_naive,none,3,Infiltration,all,macro_f1,0.19505535429636417
ffnn_naive,none,3,Infiltration,all,fpr,0.0018669840638514486
ffnn_naive,none,3,Infiltration,all,detection_rate,0.49644536103603315
ffnn_naive,none,3,Infiltration,all,binary_f1,0.6599461907843204
ffnn_naive,none,4,Botnet,task0,n,138702.0
ffnn_naive,none,4,Botnet,task0,n_benign,137344.0
ffnn_naive,none,4,Botnet,task0,n_attack,1358.0
ffnn_naive,none,4,Botnet,task0,accuracy,0.9902020158325042
ffnn_naive,none,4,Botnet,task0,macro_f1,0.49753844481877957
ffnn_naive,none,4,Botnet,task0,fpr,7.28098788443616e-06
ffnn_naive,none,4,Botnet,task0,detection_rate,0.0
ffnn_naive,none,4,Botnet,task0,binary_f1,0.0
ffnn_naive,none,4,Botnet,task0,category_recall,0.0
ffnn_naive,none,4,Botnet,task1,n,96639.0
ffnn_naive,none,4,Botnet,task1,n_benign,76782.0
ffnn_naive,none,4,Botnet,task1,n_attack,19857.0
ffnn_naive,none,4,Botnet,task1,accuracy,0.7944825588013121
ffnn_naive,none,4,Botnet,task1,macro_f1,0.4427362945962622
ffnn_naive,none,4,Botnet,task1,fpr,5.209554322627699e-05
ffnn_naive,none,4,Botnet,task1,detection_rate,0.0
ffnn_naive,none,4,Botnet,task1,binary_f1,0.0
ffnn_naive,none,4,Botnet,task1,category_recall,0.0
ffnn_naive,none,4,Botnet,task2,n,21631.0
ffnn_naive,none,4,Botnet,task2,n_benign,21610.0
ffnn_naive,none,4,Botnet,task2,n_attack,21.0
ffnn_naive,none,4,Botnet,task2,accuracy,0.9989367112015164
ffnn_naive,none,4,Botnet,task2,macro_f1,0.499734036402322
ffnn_naive,none,4,Botnet,task2,fpr,9.254974548819991e-05
ffnn_naive,none,4,Botnet,task2,detection_rate,0.0
ffnn_naive,none,4,Botnet,task2,binary_f1,0.0
ffnn_naive,none,4,Botnet,task2,category_recall,0.0
ffnn_naive,none,4,Botnet,task3,n,50445.0
ffnn_naive,none,4,Botnet,task3,n_benign,32949.0
ffnn_naive,none,4,Botnet,task3,n_attack,17496.0
ffnn_naive,none,4,Botnet,task3,accuracy,0.6531668153434433
ffnn_naive,none,4,Botnet,task3,macro_f1,0.39510036693287287
ffnn_naive,none,4,Botnet,task3,fpr,0.0
ffnn_naive,none,4,Botnet,task3,detection_rate,0.0
ffnn_naive,none,4,Botnet,task3,binary_f1,0.0
ffnn_naive,none,4,Botnet,task3,category_recall,0.0
ffnn_naive,none,4,Botnet,task4,n,27642.0
ffnn_naive,none,4,Botnet,task4,n_benign,27385.0
ffnn_naive,none,4,Botnet,task4,n_attack,257.0
ffnn_naive,none,4,Botnet,task4,accuracy,1.0
ffnn_naive,none,4,Botnet,task4,macro_f1,1.0
ffnn_naive,none,4,Botnet,task4,fpr,0.0
ffnn_naive,none,4,Botnet,task4,detection_rate,1.0
ffnn_naive,none,4,Botnet,task4,binary_f1,1.0
ffnn_naive,none,4,Botnet,task4,category_recall,1.0
ffnn_naive,none,4,Botnet,task5,n,51117.0
ffnn_naive,none,4,Botnet,task5,n_benign,31046.0
ffnn_naive,none,4,Botnet,task5,n_attack,20071.0
ffnn_naive,none,4,Botnet,task5,accuracy,0.6073517616448539
ffnn_naive,none,4,Botnet,task5,macro_f1,0.37785864683616716
ffnn_naive,none,4,Botnet,task5,fpr,0.0
ffnn_naive,none,4,Botnet,task5,detection_rate,0.0
ffnn_naive,none,4,Botnet,task5,binary_f1,0.0
ffnn_naive,none,4,Botnet,task5,category_recall,0.0
ffnn_naive,none,4,Botnet,task6,n,28798.0
ffnn_naive,none,4,Botnet,task6,n_benign,9791.0
ffnn_naive,none,4,Botnet,task6,n_attack,19007.0
ffnn_naive,none,4,Botnet,task6,accuracy,0.3389471491075769
ffnn_naive,none,4,Botnet,task6,macro_f1,0.25314453175652896
ffnn_naive,none,4,Botnet,task6,fpr,0.0030640384026146463
ffnn_naive,none,4,Botnet,task6,detection_rate,0.0
ffnn_naive,none,4,Botnet,task6,binary_f1,0.0
ffnn_naive,none,4,Botnet,task6,category_recall,0.0
ffnn_naive,none,4,Botnet,seen,n,335059.0
ffnn_naive,none,4,Botnet,seen,n_benign,296070.0
ffnn_naive,none,4,Botnet,seen,n_attack,38989.0
ffnn_naive,none,4,Botnet,seen,accuracy,0.8843815566810621
ffnn_naive,none,4,Botnet,seen,macro_f1,0.3208596891453898
ffnn_naive,none,4,Botnet,seen,fpr,2.3643057385077854e-05
ffnn_naive,none,4,Botnet,seen,detection_rate,0.0065916027597527505
ffnn_naive,none,4,Botnet,seen,binary_f1,0.013094540544671745
ffnn_naive,none,4,Botnet,all,n,414974.0
ffnn_naive,none,4,Botnet,all,n_benign,336907.0
ffnn_naive,none,4,Botnet,all,n_attack,78067.0
ffnn_naive,none,4,Botnet,all,accuracy,0.8124051145372964
ffnn_naive,none,4,Botnet,all,macro_f1,0.22865906667082292
ffnn_naive,none,4,Botnet,all,fpr,0.00010982259199126168
ffnn_naive,none,4,Botnet,all,detection_rate,0.0032920440134756044
ffnn_naive,none,4,Botnet,all,binary_f1,0.006559385408557828
ffnn_naive,none,5,PortScan,task0,n,138702.0
ffnn_naive,none,5,PortScan,task0,n_benign,137344.0
ffnn_naive,none,5,PortScan,task0,n_attack,1358.0
ffnn_naive,none,5,PortScan,task0,accuracy,0.9901299188187626
ffnn_naive,none,5,PortScan,task0,macro_f1,0.4975202419982973
ffnn_naive,none,5,PortScan,task0,fpr,8.009086672879777e-05
ffnn_naive,none,5,PortScan,task0,detection_rate,0.0
ffnn_naive,none,5,PortScan,task0,binary_f1,0.0
ffnn_naive,none,5,PortScan,task0,category_recall,0.0
ffnn_naive,none,5,PortScan,task1,n,96639.0
ffnn_naive,none,5,PortScan,task1,n_benign,76782.0
ffnn_naive,none,5,PortScan,task1,n_attack,19857.0
ffnn_naive,none,5,PortScan,task1,accuracy,0.7945239499580915
ffnn_naive,none,5,PortScan,task1,macro_f1,0.454258787057689
ffnn_naive,none,5,PortScan,task1,fpr,0.0
ffnn_naive,none,5,PortScan,task1,detection_rate,0.2212821674976079
ffnn_naive,none,5,PortScan,task1,binary_f1,0.36237680920374415
ffnn_naive,none,5,PortScan,task1,category_recall,0.0
ffnn_naive,none,5,PortScan,task2,n,21631.0
ffnn_naive,none,5,PortScan,task2,n_benign,21610.0
ffnn_naive,none,5,PortScan,task2,n_attack,21.0
ffnn_naive,none,5,PortScan,task2,accuracy,0.9989367112015164
ffnn_naive,none,5,PortScan,task2,macro_f1,0.499734036402322
ffnn_naive,none,5,PortScan,task2,fpr,9.254974548819991e-05
ffnn_naive,none,5,PortScan,task2,detection_rate,0.0
ffnn_naive,none,5,PortScan,task2,binary_f1,0.0
ffnn_naive,none,5,PortScan,task2,category_recall,0.0
ffnn_naive,none,5,PortScan,task3,n,50445.0
ffnn_naive,none,5,PortScan,task3,n_benign,32949.0
ffnn_naive,none,5,PortScan,task3,n_attack,17496.0
ffnn_naive,none,5,PortScan,task3,accuracy,0.6531271682029933
ffnn_naive,none,5,PortScan,task3,macro_f1,0.4513720493745976
ffnn_naive,none,5,PortScan,task3,fpr,6.069986949528059e-05
ffnn_naive,none,5,PortScan,task3,detection_rate,0.5943644261545497
ffnn_naive,none,5,PortScan,task3,binary_f1,0.7455281929956626
ffnn_naive,none,5,PortScan,task3,category_recall,0.0
ffnn_naive,none,5,PortScan,task4,n,27642.0
ffnn_naive,none,5,PortScan,task4,n_benign,27385.0
ffnn_naive,none,5,PortScan,task4,n_attack,257.0
ffnn_naive,none,5,PortScan,task4,accuracy,0.9993849938499385
ffnn_naive,none,5,PortScan,task4,macro_f1,0.983780591014235
ffnn_naive,none,5,PortScan,task4,fpr,3.6516341062625523e-05
ffnn_naive,none,5,PortScan,task4,detection_rate,0.9377431906614786
ffnn_naive,none,5,PortScan,task4,binary_f1,0.9659318637274549
ffnn_naive,none,5,PortScan,task4,category_recall,0.9377431906614786
ffnn_naive,none,5,PortScan,task5,n,51117.0
ffnn_naive,none,5,PortScan,task5,n_benign,31046.0
ffnn_naive,none,5,PortScan,task5,n_attack,20071.0
ffnn_naive,none,5,PortScan,task5,accuracy,0.9982197703308097
ffnn_naive,none,5,PortScan,task5,macro_f1,0.9981323036041834
ffnn_naive,none,5,PortScan,task5,fpr,6.44205372672808e-05
ffnn_naive,none,5,PortScan,task5,detection_rate,0.9955657416172587
ffnn_naive,none,5,PortScan,task5,binary_f1,0.9977281238297341
ffnn_naive,none,5,PortScan,task5,category_recall,0.9955657416172587
ffnn_naive,none,5,PortScan,task6,n,28798.0
ffnn_naive,none,5,PortScan,task6,n_benign,9791.0
ffnn_naive,none,5,PortScan,task6,n_attack,19007.0
ffnn_naive,none,5,PortScan,task6,accuracy,0.3399888881172304
ffnn_naive,none,5,PortScan,task6,macro_f1,0.4979149715215622
ffnn_naive,none,5,PortScan,task6,fpr,0.0
ffnn_naive,none,5,PortScan,task6,detection_rate,0.9956857999684326
ffnn_naive,none,5,PortScan,task6,binary_f1,0.9978382368448803
ffnn_naive,none,5,PortScan,task6,category_recall,0.0
ffnn_naive,none,5,PortScan,seen,n,386176.0
ffnn_naive,none,5,PortScan,seen,n_benign,327116.0
ffnn_naive,none,5,PortScan,seen,n_attack,59060.0
ffnn_naive,none,5,PortScan,seen,accuracy,0.89938525439178
ffnn_naive,none,5,PortScan,seen,macro_f1,0.37956710615977096
ffnn_naive,none,5,PortScan,seen,fpr,5.502635150833344e-05
ffnn_naive,none,5,PortScan,seen,detection_rate,0.5928885878767355
ffnn_naive,none,5,PortScan,seen,binary_f1,0.7442769995961486
ffnn_naive,none,5,PortScan,all,n,414974.0
ffnn_naive,none,5,PortScan,all,n_benign,336907.0
ffnn_naive,none,5,PortScan,all,n_attack,78067.0
ffnn_naive,none,5,PortScan,all,accuracy,0.8605647582740124
ffnn_naive,none,5,PortScan,all,macro_f1,0.3088773621956589
ffnn_naive,none,5,PortScan,all,fpr,5.342720691466785e-05
ffnn_naive,none,5,PortScan,all,detection_rate,0.6909577670462551
ffnn_naive,none,5,PortScan,all,binary_f1,0.8171269295441806
ffnn_naive,none,6,DDoS,task0,n,138702.0
ffnn_naive,none,6,DDoS,task0,n_benign,137344.0
ffnn_naive,none,6,DDoS,task0,n_attack,1358.0
ffnn_naive,none,6,DDoS,task0,accuracy,0.9900938703118917
ffnn_naive,none,6,DDoS,task0,macro_f1,0.4975111400934681
ffnn_naive,none,6,DDoS,task0,fpr,0.00011649580615097856
ffnn_naive,none,6,DDoS,task0,detection_rate,0.0
ffnn_naive,none,6,DDoS,task0,binary_f1,0.0
ffnn_naive,none,6,DDoS,task0,category_recall,0.0
ffnn_naive,none,6,DDoS,task1,n,96639.0
ffnn_naive,none,6,DDoS,task1,n_benign,76782.0
ffnn_naive,none,6,DDoS,task1,n_attack,19857.0
ffnn_naive,none,6,DDoS,task1,accuracy,0.7945239499580915
ffnn_naive,none,6,DDoS,task1,macro_f1,0.4440062453015671
ffnn_naive,none,6,DDoS,task1,fpr,0.0
ffnn_naive,none,6,DDoS,task1,detection_rate,0.024726796595658962
ffnn_naive,none,6,DDoS,task1,binary_f1,0.048260271279732654
ffnn_naive,none,6,DDoS,task1,category_recall,0.0
ffnn_naive,none,6,DDoS,task2,n,21631.0
ffnn_naive,none,6,DDoS,task2,n_benign,21610.0
ffnn_naive,none,6,DDoS,task2,n_attack,21.0
ffnn_naive,none,6,DDoS,task2,accuracy,0.9990291710970367
ffnn_naive,none,6,DDoS,task2,macro_f1,0.4997571749034481
ffnn_naive,none,6,DDoS,task2,fpr,0.0
ffnn_naive,none,6,DDoS,task2,detection_rate,0.0
ffnn_naive,none,6,DDoS,task2,binary_f1,0.0
ffnn_naive,none,6,DDoS,task2,category_recall,0.0
ffnn_naive,none,6,DDoS,task3,n,50445.0
ffnn_naive,none,6,DDoS,task3,n_benign,32949.0
ffnn_naive,none,6,DDoS,task3,n_attack,17496.0
ffnn_naive,none,6,DDoS,task3,accuracy,0.6531469917732183
ffnn_naive,none,6,DDoS,task3,macro_f1,0.4485284107925617
ffnn_naive,none,6,DDoS,task3,fpr,3.0349934747640294e-05
ffnn_naive,none,6,DDoS,task3,detection_rate,0.5678440786465477
ffnn_naive,none,6,DDoS,task3,binary_f1,0.7243365412656751
ffnn_naive,none,6,DDoS,task3,category_recall,0.0
ffnn_naive,none,6,DDoS,task4,n,27642.0
ffnn_naive,none,6,DDoS,task4,n_benign,27385.0
ffnn_naive,none,6,DDoS,task4,n_attack,257.0
ffnn_naive,none,6,DDoS,task4,accuracy,0.9906663772520078
ffnn_naive,none,6,DDoS,task4,macro_f1,0.49765565369098247
ffnn_naive,none,6,DDoS,task4,fpr,3.6516341062625523e-05
ffnn_naive,none,6,DDoS,task4,detection_rate,0.0
ffnn_naive,none,6,DDoS,task4,binary_f1,0.0
ffnn_naive,none,6,DDoS,task4,category_recall,0.0
ffnn_naive,none,6,DDoS,task5,n,51117.0
ffnn_naive,none,6,DDoS,task5,n_benign,31046.0
ffnn_naive,none,6,DDoS,task5,n_attack,20071.0
ffnn_naive,none,6,DDoS,task5,accuracy,0.85789463387914
ffnn_naive,none,6,DDoS,task5,macro_f1,0.8375293584895458
ffnn_naive,none,6,DDoS,task5,fpr,3.22102686336404e-05
ffnn_naive,none,6,DDoS,task5,detection_rate,0.6408250709979573
ffnn_naive,none,6,DDoS,task5,binary_f1,0.7810773061274063
ffnn_naive,none,6,DDoS,task5,category_recall,0.6381346220915749
ffnn_naive,none,6,DDoS,task6,n,28798.0
ffnn_naive,none,6,DDoS,task6,n_benign,9791.0
ffnn_naive,none,6,DDoS,task6,n_attack,19007.0
ffnn_naive,none,6,DDoS,task6,accuracy,0.9992707826932425
ffnn_naive,none,6,DDoS,task6,macro_f1,0.9991880009996928
ffnn_naive,none,6,DDoS,task6,fpr,0.0
ffnn_naive,none,6,DDoS,task6,detection_rate,0.9988951438943547
ffnn_naive,none,6,DDoS,task6,binary_f1,0.9994472666017424
ffnn_naive,none,6,DDoS,task6,category_recall,0.9988951438943547
ffnn_naive,none,6,DDoS,seen,n,414974.0
ffnn_naive,none,6,DDoS,seen,n_benign,336907.0
ffnn_naive,none,6,DDoS,seen,n_attack,78067.0
ffnn_naive,none,6,DDoS,seen,accuracy,0.8884460231243403
ffnn_naive,none,6,DDoS,seen,macro_f1,0.3165820416113819
ffnn_naive,none,6,DDoS,seen,fpr,5.639538507659384e-05
ffnn_naive,none,6,DDoS,seen,detection_rate,0.5415092164422868
ffnn_naive,none,6,DDoS,seen,binary_f1,0.7024592888002659
ffnn_naive,none,6,DDoS,all,n,414974.0
ffnn_naive,none,6,DDoS,all,n_benign,336907.0
ffnn_naive,none,6,DDoS,all,n_attack,78067.0
ffnn_naive,none,6,DDoS,all,accuracy,0.8884460231243403
ffnn_naive,none,6,DDoS,all,macro_f1,0.3165820416113819
ffnn_naive,none,6,DDoS,all,fpr,5.639538507659384e-05
ffnn_naive,none,6,DDoS,all,detection_rate,0.5415092164422868
ffnn_naive,none,6,DDoS,all,binary_f1,0.7024592888002659
gnn_ewc,none,0,BruteForce,task0,n,138702.0
gnn_ewc,none,0,BruteForce,task0,n_benign,137344.0
gnn_ewc,none,0,BruteForce,task0,n_attack,1358.0
gnn_ewc,none,0,BruteForce,task0,accuracy,0.9998774350766392
gnn_ewc,none,0,BruteForce,task0,macro_f1,0.996858918503922
gnn_ewc,none,0,BruteForce,task0,fpr,0.00012377679403541473
gnn_ewc,none,0,BruteForce,task0,detection_rate,1.0
gnn_ewc,none,0,BruteForce,task0,binary_f1,0.9937797292352726
gnn_ewc,none,0,BruteForce,task0,category_recall,1.0
gnn_ewc,none,0,BruteForce,task1,n,96639.0
gnn_ewc,none,0,BruteForce,task1,n_benign,76782.0
gnn_ewc,none,0,BruteForce,task1,n_attack,19857.0
gnn_ewc,none,0,BruteForce,task1,accuracy,0.7945239499580915
gnn_ewc,none,0,BruteForce,task1,macro_f1,0.44274914802705556
gnn_ewc,none,0,BruteForce,task1,fpr,0.0
gnn_ewc,none,0,BruteForce,task1,detection_rate,0.0
gnn_ewc,none,0,BruteForce,task1,binary_f1,0.0
gnn_ewc,none,0,BruteForce,task1,category_recall,0.0
gnn_ewc,none,0,BruteForce,task2,n,21631.0
gnn_ewc,none,0,BruteForce,task2,n_benign,21610.0
gnn_ewc,none,0,BruteForce,task2,n_attack,21.0
gnn_ewc,none,0,BruteForce,task2,accuracy,0.9990291710970367
gnn_ewc,none,0,BruteForce,task2,macro_f1,0.4997571749034481
gnn_ewc,none,0,BruteForce,task2,fpr,0.0
gnn_ewc,none,0,BruteForce,task2,detection_rate,0.0
gnn_ewc,none,0,BruteForce,task2,binary_f1,0.0
gnn_ewc,none,0,BruteForce,task2,category_recall,0.0
gnn_ewc,none,0,BruteForce,task3,n,50445.0
gnn_ewc,none,0,BruteForce,task3,n_benign,32949.0
gnn_ewc,none,0,BruteForce,task3,n_attack,17496.0
gnn_ewc,none,0,BruteForce,task3,accuracy,0.6531668153434433
gnn_ewc,none,0,BruteForce,task3,macro_f1,0.39510036693287287
gnn_ewc,none,0,BruteForce,task3,fpr,0.0
gnn_ewc,none,0,BruteForce,task3,detection_rate,0.0
gnn_ewc,none,0,BruteForce,task3,binary_f1,0.0
gnn_ewc,none,0,BruteForce,task3,category_recall,0.0
gnn_ewc,none,0,BruteForce,task4,n,27642.0
gnn_ewc,none,0,BruteForce,task4,n_benign,27385.0
gnn_ewc,none,0,BruteForce,task4,n_attack,257.0
gnn_ewc,none,0,BruteForce,task4,accuracy,0.9906663772520078
gnn_ewc,none,0,BruteForce,task4,macro_f1,0.49765565369098247
gnn_ewc,none,0,BruteForce,task4,fpr,3.6516341062625523e-05
gnn_ewc,none,0,BruteForce,task4,detection_rate,0.0
gnn_ewc,none,0,BruteForce,task4,binary_f1,0.0
gnn_ewc,none,0,BruteForce,task4,category_recall,0.0
gnn_ewc,none,0,BruteForce,task5,n,51117.0
gnn_ewc,none,0,BruteForce,task5,n_benign,31046.0
gnn_ewc,none,0,BruteForce,task5,n_attack,20071.0
gnn_ewc,none,0,BruteForce,task5,accuracy,0.6073321986814563
gnn_ewc,none,0,BruteForce,task5,macro_f1,0.3778510747060685
gnn_ewc,none,0,BruteForce,task5,fpr,3.22102686336404e-05
gnn_ewc,none,0,BruteForce,task5,detection_rate,0.0
gnn_ewc,none,0,BruteForce,task5,binary_f1,0.0
gnn_ewc,none,0,BruteForce,task5,category_recall,0.0
gnn_ewc,none,0,BruteForce,task6,n,28798.0
gnn_ewc,none,0,BruteForce,task6,n_benign,9791.0
gnn_ewc,none,0,BruteForce,task6,n_attack,19007.0
gnn_ewc,none,0,BruteForce,task6,accuracy,0.33995416348357527
gnn_ewc,none,0,BruteForce,task6,macro_f1,0.2537058152793615
gnn_ewc,none,0,BruteForce,task6,fpr,0.0001021346134204882
gnn_ewc,none,0,BruteForce,task6,detection_rate,0.0
gnn_ewc,none,0,BruteForce,task6,binary_f1,0.0
gnn_ewc,none,0,BruteForce,task6,category_recall,0.0
gnn_ewc,none,0,BruteForce,seen,n,138702.0
gnn_ewc,none,0,BruteForce,seen,n_benign,137344.0
gnn_ewc,none,0,BruteForce,seen,n_attack,1358.0
gnn_ewc,none,0,BruteForce,seen,accuracy,0.9998774350766392
gnn_ewc,none,0,BruteForce,seen,macro_f1,0.996858918503922
gnn_ewc,none,0,BruteForce,seen,fpr,0.00012377679403541473
gnn_ewc,none,0,BruteForce,seen,detection_rate,1.0
gnn_ewc,none,0,BruteForce,seen,binary_f1,0.9937797292352726
gnn_ewc,none,0,BruteForce,all,n,414974.0
gnn_ewc,none,0,BruteForce,all,n_benign,336907.0
gnn_ewc,none,0,BruteForce,all,n_attack,78067.0
gnn_ewc,none,0,BruteForce,all,accuracy,0.8150992592306988
gnn_ewc,none,0,BruteForce,all,macro_f1,0.23630666149220328
gnn_ewc,none,0,BruteForce,all,fpr,5.936356323851983e-05
gnn_ewc,none,0,BruteForce,all,detection_rate,0.017395314281322453
gnn_ewc,none,0,BruteForce,all,binary_f1,0.03418717351626912
gnn_ewc,none,1,DoS,task0,n,138702.0
gnn_ewc,none,1,DoS,task0,n_benign,137344.0
gnn_ewc,none,1,DoS,task0,n_attack,1358.0
gnn_ewc,none,1,DoS,task0,accuracy,0.9900866606105175
gnn_ewc,none,1,DoS,task0,macro_f1,0.4980668794429131
gnn_ewc,none,1,DoS,task0,fpr,0.00012377679403541473
gnn_ewc,none,1,DoS,task0,detection_rate,0.22754050073637702
gnn_ewc,none,1,DoS,task0,binary_f1,0.3669833729216152
gnn_ewc,none,1,DoS,task0,category_recall,0.0
gnn_ewc,none,1,DoS,task1,n,96639.0
gnn_ewc,none,1,DoS,task1,n_benign,76782.0
gnn_ewc,none,1,DoS,task1,n_attack,19857.0
gnn_ewc,none,1,DoS,task1,accuracy,0.9971854013390039
gnn_ewc,none,1,DoS,task1,macro_f1,0.9957098688740291
gnn_ewc,none,1,DoS,task1,fpr,0.003399234195514574
gnn_ewc,none,1,DoS,task1,detection_rate,0.999446039180138
gnn_ewc,none,1,DoS,task1,binary_f1,0.9931938744870383
gnn_ewc,none,1,DoS,task1,category_recall,0.999446039180138
gnn_ewc,none,1,DoS,task2,n,21631.0
gnn_ewc,none,1,DoS,task2,n_benign,21610.0
gnn_ewc,none,1,DoS,task2,n_attack,21.0
gnn_ewc,none,1,DoS,task2,accuracy,0.9989829411492765
gnn_ewc,none,1,DoS,task2,macro_f1,0.4998843342278153
gnn_ewc,none,1,DoS,task2,fpr,4.6274872744099955e-05
gnn_ewc,none,1,DoS,task2,detection_rate,0.5714285714285714
gnn_ewc,none,1,DoS,task2,binary_f1,0.7058823529411765
gnn_ewc,none,1,DoS,task2,category_recall,0.0
gnn_ewc,none,1,DoS,task3,n,50445.0
gnn_ewc,none,1,DoS,task3,n_benign,32949.0
gnn_ewc,none,1,DoS,task3,n_attack,17496.0
gnn_ewc,none,1,DoS,task3,accuracy,0.6530875210625434
gnn_ewc,none,1,DoS,task3,macro_f1,0.3950713514809929
gnn_ewc,none,1,DoS,task3,fpr,0.00012139973899056118
gnn_ewc,none,1,DoS,task3,detection_rate,0.0
gnn_ewc,none,1,DoS,task3,binary_f1,0.0
gnn_ewc,none,1,DoS,task3,category_recall,0.0
gnn_ewc,none,1,DoS,task4,n,27642.0
gnn_ewc,none,1,DoS,task4,n_benign,27385.0
gnn_ewc,none,1,DoS,task4,n_attack,257.0
gnn_ewc,none,1,DoS,task4,accuracy,0.9906302004196512
gnn_ewc,none,1,DoS,task4,macro_f1,0.49764652430713313
gnn_ewc,none,1,DoS,task4,fpr,7.303268212525105e-05
gnn_ewc,none,1,DoS,task4,detection_rate,0.0
gnn_ewc,none,1,DoS,task4,binary_f1,0.0
gnn_ewc,none,1,DoS,task4,category_recall,0.0
gnn_ewc,none,1,DoS,task5,n,51117.0
gnn_ewc,none,1,DoS,task5,n_benign,31046.0
gnn_ewc,none,1,DoS,task5,n_attack,20071.0
gnn_ewc,none,1,DoS,task5,accuracy,0.6073517616448539
gnn_ewc,none,1,DoS,task5,macro_f1,0.37785864683616716
gnn_ewc,none,1,DoS,task5,fpr,0.0
gnn_ewc,none,1,DoS,task5,detection_rate,0.0
gnn_ewc,none,1,DoS,task5,binary_f1,0.0
gnn_ewc,none,1,DoS,task5,category_recall,0.0
gnn_ewc,none,1,DoS,task6,n,28798.0
gnn_ewc,none,1,DoS,task6,n_benign,9791.0
gnn_ewc,none,1,DoS,task6,n_attack,19007.0
gnn_ewc,none,1,DoS,task6,accuracy,0.3399888881172304
gnn_ewc,none,1,DoS,task6,macro_f1,0.5
gnn_ewc,none,1,DoS,task6,fpr,0.0
gnn_ewc,none,1,DoS,task6,detection_rate,1.0
gnn_ewc,none,1,DoS,task6,binary_f1,1.0
gnn_ewc,none,1,DoS,task6,category_recall,0.0
gnn_ewc,none,1,DoS,seen,n,235341.0
gnn_ewc,none,1,DoS,seen,n_benign,214126.0
gnn_ewc,none,1,DoS,seen,n_attack,21215.0
gnn_ewc,none,1,DoS,seen,accuracy,0.9930016444223488
gnn_ewc,none,1,DoS,seen,macro_f1,0.6606796577974392
gnn_ewc,none,1,DoS,seen,fpr,0.001298301000345591
gnn_ewc,none,1,DoS,seen,detection_rate,0.9500353523450389
gnn_ewc,none,1,DoS,seen,binary_f1,0.9678736073761045
gnn_ewc,none,1,DoS,all,n,414974.0
gnn_ewc,none,1,DoS,all,n_benign,336907.0
gnn_ewc,none,1,DoS,all,n_attack,78067.0
gnn_ewc,none,1,DoS,all,accuracy,0.8590128538173476
gnn_ewc,none,1,DoS,all,macro_f1,0.2017711363349052
gnn_ewc,none,1,DoS,all,fpr,0.0008459307761489076
gnn_ewc,none,1,DoS,all,detection_rate,0.5017997361240986
gnn_ewc,none,1,DoS,all,binary_f1,0.6666439766519748
gnn_ewc,none,2,WebAttack,task0,n,138702.0
gnn_ewc,none,2,WebAttack,task0,n_benign,137344.0
gnn_ewc,none,2,WebAttack,task0,n_attack,1358.0
gnn_ewc,none,2,WebAttack,task0,accuracy,0.9900866606105175
gnn_ewc,none,2,WebAttack,task0,macro_f1,0.49996905388628576
gnn_ewc,none,2,WebAttack,task0,fpr,0.00012377679403541473
gnn_ewc,none,2,WebAttack,task0,detection_rate,1.0
gnn_ewc,none,2,WebAttack,task0,binary_f1,0.9937797292352726
gnn_ewc,none,2,WebAttack,task0,category_recall,0.0
gnn_ewc,none,2,WebAttack,task1,n,96639.0
gnn_ewc,none,2,WebAttack,task1,n_benign,76782.0
gnn_ewc,none,2,WebAttack,task1,n_attack,19857.0
gnn_ewc,none,2,WebAttack,task1,accuracy,0.9998861743188567
gnn_ewc,none,2,WebAttack,task1,macro_f1,0.999825658304708
gnn_ewc,none,2,WebAttack,task1,fpr,0.0
gnn_ewc,none,2,WebAttack,task1,detection_rate,0.999446039180138
gnn_ewc,none,2,WebAttack,task1,binary_f1,0.9997229428506662
gnn_ewc,none,2,WebAttack,task1,category_recall,0.999446039180138
gnn_ewc,none,2,WebAttack,task2,n,21631.0
gnn_ewc,none,2,WebAttack,task2,n_benign,21610.0
gnn_ewc,none,2,WebAttack,task2,n_attack,21.0
gnn_ewc,none,2,WebAttack,task2,accuracy,0.9993065507835976
gnn_ewc,none,2,WebAttack,task2,macro_f1,0.7578910295106334
gnn_ewc,none,2,WebAttack,task2,fpr,9.254974548819991e-05
gnn_ewc,none,2,WebAttack,task2,detection_rate,0.38095238095238093
gnn_ewc,none,2,WebAttack,task2,binary_f1,0.5161290322580645
gnn_ewc,none,2,WebAttack,task2,category_recall,0.38095238095238093
gnn_ewc,none,2,WebAttack,task3,n,50445.0
gnn_ewc,none,2,WebAttack,task3,n_benign,32949.0
gnn_ewc,none,2,WebAttack,task3,n_attack,17496.0
gnn_ewc,none,2,WebAttack,task3,accuracy,0.6531668153434433
gnn_ewc,none,2,WebAttack,task3,macro_f1,0.39510036693287287
gnn_ewc,none,2,WebAttack,task3,fpr,0.0
gnn_ewc,none,2,WebAttack,task3,detection_rate,0.0
gnn_ewc,none,2,WebAttack,task3,binary_f1,0.0
gnn_ewc,none,2,WebAttack,task3,category_recall,0.0
gnn_ewc,none,2,WebAttack,task4,n,27642.0
gnn_ewc,none,2,WebAttack,task4,n_benign,27385.0
gnn_ewc,none,2,WebAttack,task4,n_attack,257.0
gnn_ewc,none,2,WebAttack,task4,accuracy,0.9906663772520078
gnn_ewc,none,2,WebAttack,task4,macro_f1,0.49765565369098247
gnn_ewc,none,2,WebAttack,task4,fpr,3.6516341062625523e-05
gnn_ewc,none,2,WebAttack,task4,detection_rate,0.0
gnn_ewc,none,2,WebAttack,task4,binary_f1,0.0
gnn_ewc,none,2,WebAttack,task4,category_recall,0.0
gnn_ewc,none,2,WebAttack,task5,n,51117.0
gnn_ewc,none,2,WebAttack,task5,n_benign,31046.0
gnn_ewc,none,2,WebAttack,task5,n_attack,20071.0
gnn_ewc,none,2,WebAttack,task5,accuracy,0.6073517616448539
gnn_ewc,none,2,WebAttack,task5,macro_f1,0.37785864683616716
gnn_ewc,none,2,WebAttack,task5,fpr,0.0
gnn_ewc,none,2,WebAttack,task5,detection_rate,0.0
gnn_ewc,none,2,WebAttack,task5,binary_f1,0.0
gnn_ewc,none,2,WebAttack,task5,category_recall,0.0
gnn_ewc,none,2,WebAttack,task6,n,28798.0
gnn_ewc,none,2,WebAttack,task6,n_benign,9791.0
gnn_ewc,none,2,WebAttack,task6,n_attack,19007.0
gnn_ewc,none,2,WebAttack,task6,accuracy,0.3399888881172304
gnn_ewc,none,2,WebAttack,task6,macro_f1,0.4864851435953493
gnn_ewc,none,2,WebAttack,task6,fpr,0.0
gnn_ewc,none,2,WebAttack,task6,detection_rate,0.9713789656442363
gnn_ewc,none,2,WebAttack,task6,binary_f1,0.9854817187082999
gnn_ewc,none,2,WebAttack,task6,category_recall,0.0
gnn_ewc,none,2,WebAttack,seen,n,256972.0
gnn_ewc,none,2,WebAttack,seen,n_benign,235736.0
gnn_ewc,none,2,WebAttack,seen,n_attack,21236.0
gnn_ewc,none,2,WebAttack,seen,accuracy,0.9945480441448874
gnn_ewc,none,2,WebAttack,seen,macro_f1,0.5026765205937401
gnn_ewc,none,2,WebAttack,seen,fpr,8.05986357620389e-05
gnn_ewc,none,2,WebAttack,seen,detection_rate,0.9988698436617065
gnn_ewc,none,2,WebAttack,seen,binary_f1,0.9989874490781077
gnn_ewc,none,2,WebAttack,all,n,414974.0
gnn_ewc,none,2,WebAttack,all,n_benign,336907.0
gnn_ewc,none,2,WebAttack,all,n_attack,78067.0
gnn_ewc,none,2,WebAttack,all,accuracy,0.8596707263587599
gnn_ewc,none,2,WebAttack,all,macro_f1,0.20497054979358176
gnn_ewc,none,2,WebAttack,all,fpr,5.936356323851983e-05
gnn_ewc,none,2,WebAttack,all,detection_rate,0.5082173005239089
gnn_ewc,none,2,WebAttack,all,binary_f1,0.6738166811025628
gnn_ewc,none,3,Infiltration,task0,n,138702.0
gnn_ewc,none,3,Infiltration,task0,n_benign,137344.0
gnn_ewc,none,3,Infiltration,task0,n_attack,1358.0
gnn_ewc,none,3,Infiltration,task0,accuracy,0.9896829173335641
gnn_ewc,none,3,Infiltration,task0,macro_f1,0.4998379643958621
gnn_ewc,none,3,Infiltration,task0,fpr,0.0005315121155638397
gnn_ewc,none,3,Infiltration,task0,detection_rate,0.9882179675994109
gnn_ewc,none,3,Infiltration,task0,binary_f1,0.9679047962495492
gnn_ewc,none,3,Infiltration,task0,category_recall,0.0
gnn_ewc,none,3,Infiltration,task1,n,96639.0
gnn_ewc,none,3,Infiltration,task1,n_benign,76782.0
gnn_ewc,none,3,Infiltration,task1,n_attack,19857.0
gnn_ewc,none,3,Infiltration,task1,accuracy,0.9848404888295615
gnn_ewc,none,3,Infiltration,task1,macro_f1,0.9761782922844744
gnn_ewc,none,3,Infiltration,task1,fpr,5.209554322627699e-05
gnn_ewc,none,3,Infiltration,task1,detection_rate,0.926423931107418
gnn_ewc,none,3,Infiltration,task1,binary_f1,0.9617063543926602
gnn_ewc,none,3,Infiltration,task1,category_recall,0.926423931107418
gnn_ewc,none,3,Infiltration,task2,n,21631.0
gnn_ewc,none,3,Infiltration,task2,n_benign,21610.0
gnn_ewc,none,3,Infiltration,task2,n_attack,21.0
gnn_ewc,none,3,Infiltration,task2,accuracy,0.999399010679118
gnn_ewc,none,3,Infiltration,task2,macro_f1,0.7757117208518078
gnn_ewc,none,3,Infiltration,task2,fpr,0.0
gnn_ewc,none,3,Infiltration,task2,detection_rate,0.38095238095238093
gnn_ewc,none,3,Infiltration,task2,binary_f1,0.5517241379310345
gnn_ewc,none,3,Infiltration,task2,category_recall,0.38095238095238093
gnn_ewc,none,3,Infiltration,task3,n,50445.0
gnn_ewc,none,3,Infiltration,task3,n_benign,32949.0
gnn_ewc,none,3,Infiltration,task3,n_attack,17496.0
gnn_ewc,none,3,Infiltration,task3,accuracy,0.999781940727525
gnn_ewc,none,3,Infiltration,task3,macro_f1,0.9997593814656691
gnn_ewc,none,3,Infiltration,task3,fpr,0.0002731494127287626
gnn_ewc,none,3,Infiltration,task3,detection_rate,0.9998856881572931
gnn_ewc,none,3,Infiltration,task3,binary_f1,0.9996857053058659
gnn_ewc,none,3,Infiltration,task3,category_recall,0.9998856881572931
gnn_ewc,none,3,Infiltration,task4,n,27642.0
gnn_ewc,none,3,Infiltration,task4,n_benign,27385.0
gnn_ewc,none,3,Infiltration,task4,n_attack,257.0
gnn_ewc,none,3,Infiltration,task4,accuracy,0.9882063526517618
gnn_ewc,none,3,Infiltration,task4,macro_f1,0.49703409876633065
gnn_ewc,none,3,Infiltration,task4,fpr,0.002519627533321161
gnn_ewc,none,3,Infiltration,task4,detection_rate,0.0
gnn_ewc,none,3,Infiltration,task4,binary_f1,0.0
gnn_ewc,none,3,Infiltration,task4,category_recall,0.0
gnn_ewc,none,3,Infiltration,task5,n,51117.0
gnn_ewc,none,3,Infiltration,task5,n_benign,31046.0
gnn_ewc,none,3,Infiltration,task5,n_attack,20071.0
gnn_ewc,none,3,Infiltration,task5,accuracy,0.6058454134632314
gnn_ewc,none,3,Infiltration,task5,macro_f1,0.4991859959058012
gnn_ewc,none,3,Infiltration,task5,fpr,0.002480190684790311
gnn_ewc,none,3,Infiltration,task5,detection_rate,0.9988042449304967
gnn_ewc,none,3,Infiltration,task5,binary_f1,0.9974872496579177
gnn_ewc,none,3,Infiltration,task5,category_recall,0.0
gnn_ewc,none,3,Infiltration,task6,n,28798.0
gnn_ewc,none,3,Infiltration,task6,n_benign,9791.0
gnn_ewc,none,3,Infiltration,task6,n_attack,19007.0
gnn_ewc,none,3,Infiltration,task6,accuracy,0.33929439544412804
gnn_ewc,none,3,Infiltration,task6,macro_f1,0.4994888048256824
gnn_ewc,none,3,Infiltration,task6,fpr,0.002042692268409764
gnn_ewc,none,3,Infiltration,task6,detection_rate,1.0
gnn_ewc,none,3,Infiltration,task6,binary_f1,0.9994741547036862
gnn_ewc,none,3,Infiltration,task6,category_recall,0.0
gnn_ewc,none,3,Infiltration,seen,n,307417.0
gnn_ewc,none,3,Infiltration,seen,n_benign,268685.0
gnn_ewc,none,3,Infiltration,seen,n_attack,38732.0
gnn_ewc,none,3,Infiltration,seen,accuracy,0.990501501218215
gnn_ewc,none,3,Infiltration,seen,macro_f1,0.5936025795483507
gnn_ewc,none,3,Infiltration,seen,fpr,0.00032007741407224073
gnn_ewc,none,3,Infiltration,seen,detection_rate,0.961478880512238
gnn_ewc,none,3,Infiltration,seen,binary_f1,0.9792526755896815
gnn_ewc,none,3,Infiltration,all,n,414974.0
gnn_ewc,none,3,Infiltration,all,n_benign,336907.0
gnn_ewc,none,3,Infiltration,all,n_attack,78067.0
gnn_ewc,none,3,Infiltration,all,accuracy,0.8977743183910317
gnn_ewc,none,3,Infiltration,all,macro_f1,0.28550410441002294
gnn_ewc,none,3,Infiltration,all,fpr,0.0007479808968053498
gnn_ewc,none,3,Infiltration,all,detection_rate,0.9772887391599524
gnn_ewc,none,3,Infiltration,all,binary_f1,0.9869027830777489
gnn_ewc,none,4,Botnet,task0,n,138702.0
gnn_ewc,none,4,Botnet,task0,n_benign,137344.0
gnn_ewc,none,4,Botnet,task0,n_attack,1358.0
gnn_ewc,none,4,Botnet,task0,accuracy,0.9897694337500541
gnn_ewc,none,4,Botnet,task0,macro_f1,0.4974292081091364
gnn_ewc,none,4,Botnet,task0,fpr,0.0004441402609506058
gnn_ewc,none,4,Botnet,task0,detection_rate,0.0
gnn_ewc,none,4,Botnet,task0,binary_f1,0.0
gnn_ewc,none,4,Botnet,task0,category_recall,0.0
gnn_ewc,none,4,Botnet,task1,n,96639.0
gnn_ewc,none,4,Botnet,task1,n_benign,76782.0
gnn_ewc,none,4,Botnet,task1,n_attack,19857.0
gnn_ewc,none,4,Botnet,task1,accuracy,0.8091246805120086
gnn_ewc,none,4,Botnet,task1,macro_f1,0.5133302874448964
gnn_ewc,none,4,Botnet,task1,fpr,0.00018233440129196947
gnn_ewc,none,4,Botnet,task1,detection_rate,0.07176310620939719
gnn_ewc,none,4,Botnet,task1,binary_f1,0.13382794891059355
gnn_ewc,none,4,Botnet,task1,category_recall,0.07176310620939719
gnn_ewc,none,4,Botnet,task2,n,21631.0
gnn_ewc,none,4,Botnet,task2,n_benign,21610.0
gnn_ewc,none,4,Botnet,task2,n_attack,21.0
gnn_ewc,none,4,Botnet,task2,accuracy,0.9990291710970367
gnn_ewc,none,4,Botnet,task2,macro_f1,0.4997571749034481
gnn_ewc,none,4,Botnet,task2,fpr,0.0
gnn_ewc,none,4,Botnet,task2,detection_rate,0.0
gnn_ewc,none,4,Botnet,task2,binary_f1,0.0
gnn_ewc,none,4,Botnet,task2,category_recall,0.0
gnn_ewc,none,4,Botnet,task3,n,50445.0
gnn_ewc,none,4,Botnet,task3,n_benign,32949.0
gnn_ewc,none,4,Botnet,task3,n_attack,17496.0
gnn_ewc,none,4,Botnet,task3,accuracy,0.9995242343146
gnn_ewc,none,4,Botnet,task3,macro_f1,0.9996321056105741
gnn_ewc,none,4,Botnet,task3,fpr,0.0004855989559622447
gnn_ewc,none,4,Botnet,task3,detection_rate,0.9995427526291724
gnn_ewc,none,4,Botnet,task3,binary_f1,0.9993142857142857
gnn_ewc,none,4,Botnet,task3,category_recall,0.9995427526291724
gnn_ewc,none,4,Botnet,task4,n,27642.0
gnn_ewc,none,4,Botnet,task4,n_benign,27385.0
gnn_ewc,none,4,Botnet,task4,n_attack,257.0
gnn_ewc,none,4,Botnet,task4,accuracy,1.0
gnn_ewc,none,4,Botnet,task4,macro_f1,1.0
gnn_ewc,none,4,Botnet,task4,fpr,0.0
gnn_ewc,none,4,Botnet,task4,detection_rate,1.0
gnn_ewc,none,4,Botnet,task4,binary_f1,1.0
gnn_ewc,none,4,Botnet,task4,category_recall,1.0
gnn_ewc,none,4,Botnet,task5,n,51117.0
gnn_ewc,none,4,Botnet,task5,n_benign,31046.0
gnn_ewc,none,4,Botnet,task5,n_attack,20071.0
gnn_ewc,none,4,Botnet,task5,accuracy,0.6065105542187531
gnn_ewc,none,4,Botnet,task5,macro_f1,0.499460312857442
gnn_ewc,none,4,Botnet,task5,fpr,0.0013850415512465374
gnn_ewc,none,4,Botnet,task5,detection_rate,0.9988042449304967
gnn_ewc,none,4,Botnet,task5,binary_f1,0.9983317148477379
gnn_ewc,none,4,Botnet,task5,category_recall,0.0
gnn_ewc,none,4,Botnet,task6,n,28798.0
gnn_ewc,none,4,Botnet,task6,n_benign,9791.0
gnn_ewc,none,4,Botnet,task6,n_attack,19007.0
gnn_ewc,none,4,Botnet,task6,accuracy,0.3399888881172304
gnn_ewc,none,4,Botnet,task6,macro_f1,0.25449016193174434
gnn_ewc,none,4,Botnet,task6,fpr,0.0
gnn_ewc,none,4,Botnet,task6,detection_rate,0.006103014678802547
gnn_ewc,none,4,Botnet,task6,binary_f1,0.01213198765884014
gnn_ewc,none,4,Botnet,task6,category_recall,0.0
gnn_ewc,none,4,Botnet,seen,n,335059.0
gnn_ewc,none,4,Botnet,seen,n_benign,296070.0
gnn_ewc,none,4,Botnet,seen,n_attack,38989.0
gnn_ewc,none,4,Botnet,seen,accuracy,0.9405776296115013
gnn_ewc,none,4,Botnet,seen,macro_f1,0.49294523475979135
gnn_ewc,none,4,Botnet,seen,fpr,0.0003073597460060121
gnn_ewc,none,4,Botnet,seen,detection_rate,0.49167713970607096
gnn_ewc,none,4,Botnet,seen,binary_f1,0.6581974248927038
gnn_ewc,none,4,Botnet,all,n,414974.0
gnn_ewc,none,4,Botnet,all,n_benign,336907.0
gnn_ewc,none,4,Botnet,all,n_attack,78067.0
gnn_ewc,none,4,Botnet,all,accuracy,0.8577477143146318
gnn_ewc,none,4,Botnet,all,macro_f1,0.31419013390715794
gnn_ewc,none,4,Botnet,all,fpr,0.0003977358736980829
gnn_ewc,none,4,Botnet,all,detection_rate,0.5038364481791282
gnn_ewc,none,4,Botnet,all,binary_f1,0.6693042013374854
gnn_ewc,none,5,PortScan,task0,n,138702.0
gnn_ewc,none,5,PortScan,task0,n_benign,137344.0
gnn_ewc,none,5,PortScan,task0,n_attack,1358.0
gnn_ewc,none,5,PortScan,task0,accuracy,0.9900506121036466
gnn_ewc,none,5,PortScan,task0,macro_f1,0.4975002173724024
gnn_ewc,none,5,PortScan,task0,fpr,0.00016018173345759554
gnn_ewc,none,5,PortScan,task0,detection_rate,0.0
gnn_ewc,none,5,PortScan,task0,binary_f1,0.0
gnn_ewc,none,5,PortScan,task0,category_recall,0.0
gnn_ewc,none,5,PortScan,task1,n,96639.0
gnn_ewc,none,5,PortScan,task1,n_benign,76782.0
gnn_ewc,none,5,PortScan,task1,n_attack,19857.0
gnn_ewc,none,5,PortScan,task1,accuracy,0.7946584712176243
gnn_ewc,none,5,PortScan,task1,macro_f1,0.44358547255226627
gnn_ewc,none,5,PortScan,task1,fpr,3.907165741970774e-05
gnn_ewc,none,5,PortScan,task1,detection_rate,0.0008057611925265649
gnn_ewc,none,5,PortScan,task1,binary_f1,0.0016099818877037633
gnn_ewc,none,5,PortScan,task1,category_recall,0.0008057611925265649
gnn_ewc,none,5,PortScan,task2,n,21631.0
gnn_ewc,none,5,PortScan,task2,n_benign,21610.0
gnn_ewc,none,5,PortScan,task2,n_attack,21.0
gnn_ewc,none,5,PortScan,task2,accuracy,0.9990291710970367
gnn_ewc,none,5,PortScan,task2,macro_f1,0.4997571749034481
gnn_ewc,none,5,PortScan,task2,fpr,0.0
gnn_ewc,none,5,PortScan,task2,detection_rate,0.0
gnn_ewc,none,5,PortScan,task2,binary_f1,0.0
gnn_ewc,none,5,PortScan,task2,category_recall,0.0
gnn_ewc,none,5,PortScan,task3,n,50445.0
gnn_ewc,none,5,PortScan,task3,n_benign,32949.0
gnn_ewc,none,5,PortScan,task3,n_attack,17496.0
gnn_ewc,none,5,PortScan,task3,accuracy,0.6528694617900684
gnn_ewc,none,5,PortScan,task3,macro_f1,0.4998330550918197
gnn_ewc,none,5,PortScan,task3,fpr,0.00045524902121460436
gnn_ewc,none,5,PortScan,task3,detection_rate,0.9995999085505258
gnn_ewc,none,5,PortScan,task3,binary_f1,0.9993714285714286
gnn_ewc,none,5,PortScan,task3,category_recall,0.0
gnn_ewc,none,5,PortScan,task4,n,27642.0
gnn_ewc,none,5,PortScan,task4,n_benign,27385.0
gnn_ewc,none,5,PortScan,task4,n_attack,257.0
gnn_ewc,none,5,PortScan,task4,accuracy,1.0
gnn_ewc,none,5,PortScan,task4,macro_f1,1.0
gnn_ewc,none,5,PortScan,task4,fpr,0.0
gnn_ewc,none,5,PortScan,task4,detection_rate,1.0
gnn_ewc,none,5,PortScan,task4,binary_f1,1.0
gnn_ewc,none,5,PortScan,task4,category_recall,1.0
gnn_ewc,none,5,PortScan,task5,n,51117.0
gnn_ewc,none,5,PortScan,task5,n_benign,31046.0
gnn_ewc,none,5,PortScan,task5,n_attack,20071.0
gnn_ewc,none,5,PortScan,task5,accuracy,0.99949136295166
gnn_ewc,none,5,PortScan,task5,macro_f1,0.9994666794927065
gnn_ewc,none,5,PortScan,task5,fpr,6.44205372672808e-05
gnn_ewc,none,5,PortScan,task5,detection_rate,0.9988042449304967
gnn_ewc,none,5,PortScan,task5,binary_f1,0.9993519441674975
gnn_ewc,none,5,PortScan,task5,category_recall,0.9988042449304967
gnn_ewc,none,5,PortScan,task6,n,28798.0
gnn_ewc,none,5,PortScan,task6,n_benign,9791.0
gnn_ewc,none,5,PortScan,task6,n_attack,19007.0
gnn_ewc,none,5,PortScan,task6,accuracy,0.3399888881172304
gnn_ewc,none,5,PortScan,task6,macro_f1,0.25372515483687064
gnn_ewc,none,5,PortScan,task6,fpr,0.0
gnn_ewc,none,5,PortScan,task6,detection_rate,0.0
gnn_ewc,none,5,PortScan,task6,binary_f1,0.0
gnn_ewc,none,5,PortScan,task6,category_recall,0.0
gnn_ewc,none,5,PortScan,seen,n,386176.0
gnn_ewc,none,5,PortScan,seen,n_benign,327116.0
gnn_ewc,none,5,PortScan,seen,n_attack,59060.0
gnn_ewc,none,5,PortScan,seen,accuracy,0.8995742873715612
gnn_ewc,none,5,PortScan,seen,macro_f1,0.3747167750392572
gnn_ewc,none,5,PortScan,seen,fpr,0.00012839482018611135
gnn_ewc,none,5,PortScan,seen,detection_rate,0.6401794784964443
gnn_ewc,none,5,PortScan,seen,binary_f1,0.7802829400171292
gnn_ewc,none,5,PortScan,all,n,414974.0
gnn_ewc,none,5,PortScan,all,n_benign,336907.0
gnn_ewc,none,5,PortScan,all,n_attack,78067.0
gnn_ewc,none,5,PortScan,all,accuracy,0.8607406729096281
gnn_ewc,none,5,PortScan,all,macro_f1,0.3247627261001864
gnn_ewc,none,5,PortScan,all,fpr,0.00012466348280089164
gnn_ewc,none,5,PortScan,all,detection_rate,0.48431475527431567
gnn_ewc,none,5,PortScan,all,binary_f1,0.6523404475577563
gnn_ewc,none,6,DDoS,task0,n,138702.0
gnn_ewc,none,6,DDoS,task0,n_benign,137344.0
gnn_ewc,none,6,DDoS,task0,n_attack,1358.0
gnn_ewc,none,6,DDoS,task0,accuracy,0.9900938703118917
gnn_ewc,none,6,DDoS,task0,macro_f1,0.4980668934651569
gnn_ewc,none,6,DDoS,task0,fpr,0.00011649580615097856
gnn_ewc,none,6,DDoS,task0,detection_rate,0.2268041237113402
gnn_ewc,none,6,DDoS,task0,binary_f1,0.36623067776456597
gnn_ewc,none,6,DDoS,task0,category_recall,0.0
gnn_ewc,none,6,DDoS,task1,n,96639.0
gnn_ewc,none,6,DDoS,task1,n_benign,76782.0
gnn_ewc,none,6,DDoS,task1,n_attack,19857.0
gnn_ewc,none,6,DDoS,task1,accuracy,0.7950723827854179
gnn_ewc,none,6,DDoS,task1,macro_f1,0.4799927758240754
gnn_ewc,none,6,DDoS,task1,fpr,0.0
gnn_ewc,none,6,DDoS,task1,detection_rate,0.6327239764314851
gnn_ewc,none,6,DDoS,task1,binary_f1,0.7750532062552049
gnn_ewc,none,6,DDoS,task1,category_recall,0.002669083950244246
gnn_ewc,none,6,DDoS,task2,n,21631.0
gnn_ewc,none,6,DDoS,task2,n_benign,21610.0
gnn_ewc,none,6,DDoS,task2,n_attack,21.0
gnn_ewc,none,6,DDoS,task2,accuracy,0.9990291710970367
gnn_ewc,none,6,DDoS,task2,macro_f1,0.4997571749034481
gnn_ewc,none,6,DDoS,task2,fpr,0.0
gnn_ewc,none,6,DDoS,task2,detection_rate,0.0
gnn_ewc,none,6,DDoS,task2,binary_f1,0.0
gnn_ewc,none,6,DDoS,task2,category_recall,0.0
gnn_ewc,none,6,DDoS,task3,n,50445.0
gnn_ewc,none,6,DDoS,task3,n_benign,32949.0
gnn_ewc,none,6,DDoS,task3,n_attack,17496.0
gnn_ewc,none,6,DDoS,task3,accuracy,0.6531073446327683
gnn_ewc,none,6,DDoS,task3,macro_f1,0.49176070213147055
gnn_ewc,none,6,DDoS,task3,fpr,9.104980424292088e-05
gnn_ewc,none,6,DDoS,task3,detection_rate,0.9370713305898491
gnn_ewc,none,6,DDoS,task3,binary_f1,0.9674278633386441
gnn_ewc,none,6,DDoS,task3,category_recall,0.0
gnn_ewc,none,6,DDoS,task4,n,27642.0
gnn_ewc,none,6,DDoS,task4,n_benign,27385.0
gnn_ewc,none,6,DDoS,task4,n_attack,257.0
gnn_ewc,none,6,DDoS,task4,accuracy,0.9907025540843644
gnn_ewc,none,6,DDoS,task4,macro_f1,0.49766478274301706
gnn_ewc,none,6,DDoS,task4,fpr,0.0
gnn_ewc,none,6,DDoS,task4,detection_rate,0.0
gnn_ewc,none,6,DDoS,task4,binary_f1,0.0
gnn_ewc,none,6,DDoS,task4,category_recall,0.0
gnn_ewc,none,6,DDoS,task5,n,51117.0
gnn_ewc,none,6,DDoS,task5,n_benign,31046.0
gnn_ewc,none,6,DDoS,task5,n_attack,20071.0
gnn_ewc,none,6,DDoS,task5,accuracy,0.9995109259150576
gnn_ewc,none,6,DDoS,task5,macro_f1,0.9994871872937248
gnn_ewc,none,6,DDoS,task5,fpr,3.22102686336404e-05
gnn_ewc,none,6,DDoS,task5,detection_rate,0.9988042449304967
gnn_ewc,none,6,DDoS,task5,binary_f1,0.9993768538597672
gnn_ewc,none,6,DDoS,task5,category_recall,0.9988042449304967
gnn_ewc,none,6,DDoS,task6,n,28798.0
gnn_ewc,none,6,DDoS,task6,n_benign,9791.0
gnn_ewc,none,6,DDoS,task6,n_attack,19007.0
gnn_ewc,none,6,DDoS,task6,accuracy,0.9997222029307591
gnn_ewc,none,6,DDoS,task6,macro_f1,0.9996904450358897
gnn_ewc,none,6,DDoS,task6,fpr,0.0008170769073639056
gnn_ewc,none,6,DDoS,task6,detection_rate,1.0
gnn_ewc,none,6,DDoS,task6,binary_f1,0.9997895954973437
gnn_ewc,none,6,DDoS,task6,category_recall,1.0
gnn_ewc,none,6,DDoS,seen,n,414974.0
gnn_ewc,none,6,DDoS,seen,n_benign,336907.0
gnn_ewc,none,6,DDoS,seen,n_attack,78067.0
gnn_ewc,none,6,DDoS,seen,accuracy,0.9060471258440288
gnn_ewc,none,6,DDoS,seen,macro_f1,0.30598849481400814
gnn_ewc,none,6,DDoS,seen,fpr,8.310898853392776e-05
gnn_ewc,none,6,DDoS,seen,detection_rate,0.8751585176835283
gnn_ewc,none,6,DDoS,seen,binary_f1,0.9332450005463884
gnn_ewc,none,6,DDoS,all,n,414974.0
gnn_ewc,none,6,DDoS,all,n_benign,336907.0
gnn_ewc,none,6,DDoS,all,n_attack,78067.0
gnn_ewc,none,6,DDoS,all,accuracy,0.9060471258440288
gnn_ewc,none,6,DDoS,all,macro_f1,0.30598849481400814
gnn_ewc,none,6,DDoS,all,fpr,8.310898853392776e-05
gnn_ewc,none,6,DDoS,all,detection_rate,0.8751585176835283
gnn_ewc,none,6,DDoS,all,binary_f1,0.9332450005463884
gnn_replay,none,0,BruteForce,task0,n,138702.0
gnn_replay,none,0,BruteForce,task0,n_benign,137344.0
gnn_replay,none,0,BruteForce,task0,n_attack,1358.0
gnn_replay,none,0,BruteForce,task0,accuracy,0.9998774350766392
gnn_replay,none,0,BruteForce,task0,macro_f1,0.996858918503922
gnn_replay,none,0,BruteForce,task0,fpr,0.00012377679403541473
gnn_replay,none,0,BruteForce,task0,detection_rate,1.0
gnn_replay,none,0,BruteForce,task0,binary_f1,0.9937797292352726
gnn_replay,none,0,BruteForce,task0,category_recall,1.0
gnn_replay,none,0,BruteForce,task1,n,96639.0
gnn_replay,none,0,BruteForce,task1,n_benign,76782.0
gnn_replay,none,0,BruteForce,task1,n_attack,19857.0
gnn_replay,none,0,BruteForce,task1,accuracy,0.7945239499580915
gnn_replay,none,0,BruteForce,task1,macro_f1,0.44274914802705556
gnn_replay,none,0,BruteForce,task1,fpr,0.0
gnn_replay,none,0,BruteForce,task1,detection_rate,0.0
gnn_replay,none,0,BruteForce,task1,binary_f1,0.0
gnn_replay,none,0,BruteForce,task1,category_recall,0.0
gnn_replay,none,0,BruteForce,task2,n,21631.0
gnn_replay,none,0,BruteForce,task2,n_benign,21610.0
gnn_replay,none,0,BruteForce,task2,n_attack,21.0
gnn_replay,none,0,BruteForce,task2,accuracy,0.9990291710970367
gnn_replay,none,0,BruteForce,task2,macro_f1,0.4997571749034481
gnn_replay,none,0,BruteForce,task2,fpr,0.0
gnn_replay,none,0,BruteForce,task2,detection_rate,0.0
gnn_replay,none,0,BruteForce,task2,binary_f1,0.0
gnn_replay,none,0,BruteForce,task2,category_recall,0.0
gnn_replay,none,0,BruteForce,task3,n,50445.0
gnn_replay,none,0,BruteForce,task3,n_benign,32949.0
gnn_replay,none,0,BruteForce,task3,n_attack,17496.0
gnn_replay,none,0,BruteForce,task3,accuracy,0.6531668153434433
gnn_replay,none,0,BruteForce,task3,macro_f1,0.39510036693287287
gnn_replay,none,0,BruteForce,task3,fpr,0.0
gnn_replay,none,0,BruteForce,task3,detection_rate,0.0
gnn_replay,none,0,BruteForce,task3,binary_f1,0.0
gnn_replay,none,0,BruteForce,task3,category_recall,0.0
gnn_replay,none,0,BruteForce,task4,n,27642.0
gnn_replay,none,0,BruteForce,task4,n_benign,27385.0
gnn_replay,none,0,BruteForce,task4,n_attack,257.0
gnn_replay,none,0,BruteForce,task4,accuracy,0.9906663772520078
gnn_replay,none,0,BruteForce,task4,macro_f1,0.49765565369098247
gnn_replay,none,0,BruteForce,task4,fpr,3.6516341062625523e-05
gnn_replay,none,0,BruteForce,task4,detection_rate,0.0
gnn_replay,none,0,BruteForce,task4,binary_f1,0.0
gnn_replay,none,0,BruteForce,task4,category_recall,0.0
gnn_replay,none,0,BruteForce,task5,n,51117.0
gnn_replay,none,0,BruteForce,task5,n_benign,31046.0
gnn_replay,none,0,BruteForce,task5,n_attack,20071.0
gnn_replay,none,0,BruteForce,task5,accuracy,0.6073321986814563
gnn_replay,none,0,BruteForce,task5,macro_f1,0.3778510747060685
gnn_replay,none,0,BruteForce,task5,fpr,3.22102686336404e-05
gnn_replay,none,0,BruteForce,task5,detection_rate,0.0
gnn_replay,none,0,BruteForce,task5,binary_f1,0.0
gnn_replay,none,0,BruteForce,task5,category_recall,0.0
gnn_replay,none,0,BruteForce,task6,n,28798.0
gnn_replay,none,0,BruteForce,task6,n_benign,9791.0
gnn_replay,none,0,BruteForce,task6,n_attack,19007.0
gnn_replay,none,0,BruteForce,task6,accuracy,0.33995416348357527
gnn_replay,none,0,BruteForce,task6,macro_f1,0.2537058152793615
gnn_replay,none,0,BruteForce,task6,fpr,0.0001021346134204882
gnn_replay,none,0,BruteForce,task6,detection_rate,0.0
gnn_replay,none,0,BruteForce,task6,binary_f1,0.0
gnn_replay,none,0,BruteForce,task6,category_recall,0.0
gnn_replay,none,0,BruteForce,seen,n,138702.0
gnn_replay,none,0,BruteForce,seen,n_benign,137344.0
gnn_replay,none,0,BruteForce,seen,n_attack,1358.0
gnn_replay,none,0,BruteForce,seen,accuracy,0.9998774350766392
gnn_replay,none,0,BruteForce,seen,macro_f1,0.996858918503922
gnn_replay,none,0,BruteForce,seen,fpr,0.00012377679403541473
gnn_replay,none,0,BruteForce,seen,detection_rate,1.0
gnn_replay,none,0,BruteForce,seen,binary_f1,0.9937797292352726
gnn_replay,none,0,BruteForce,all,n,414974.0
gnn_replay,none,0,BruteForce,all,n_benign,336907.0
gnn_replay,none,0,BruteForce,all,n_attack,78067.0
gnn_replay,none,0,BruteForce,all,accuracy,0.8150992592306988
gnn_replay,none,0,BruteForce,all,macro_f1,0.23630666149220328
gnn_replay,none,0,BruteForce,all,fpr,5.936356323851983e-05
gnn_replay,none,0,BruteForce,all,detection_rate,0.017395314281322453
gnn_replay,none,0,BruteForce,all,binary_f1,0.03418717351626912
gnn_replay,none,1,DoS,task0,n,138702.0
gnn_replay,none,1,DoS,task0,n_benign,137344.0
gnn_replay,none,1,DoS,task0,n_attack,1358.0
gnn_replay,none,1,DoS,task0,accuracy,0.9997909186601491
gnn_replay,none,1,DoS,task0,macro_f1,0.9946401306962821
gnn_replay,none,1,DoS,task0,fpr,0.00012377679403541473
gnn_replay,none,1,DoS,task0,detection_rate,1.0
gnn_replay,none,1,DoS,task0,binary_f1,0.9937797292352726
gnn_replay,none,1,DoS,task0,category_recall,0.9911634756995582
gnn_replay,none,1,DoS,task1,n,96639.0
gnn_replay,none,1,DoS,task1,n_benign,76782.0
gnn_replay,none,1,DoS,task1,n_attack,19857.0
gnn_replay,none,1,DoS,task1,accuracy,0.9998758265296619
gnn_replay,none,1,DoS,task1,macro_f1,0.9998224023120718
gnn_replay,none,1,DoS,task1,fpr,1.3023885806569248e-05
gnn_replay,none,1,DoS,task1,detection_rate,0.999446039180138
gnn_replay,none,1,DoS,task1,binary_f1,0.9996977634495265
gnn_replay,none,1,DoS,task1,category_recall,0.999446039180138
gnn_replay,none,1,DoS,task2,n,21631.0
gnn_replay,none,1,DoS,task2,n_benign,21610.0
gnn_replay,none,1,DoS,task2,n_attack,21.0
gnn_replay,none,1,DoS,task2,accuracy,0.9988442513059961
gnn_replay,none,1,DoS,task2,macro_f1,0.4999537208441318
gnn_replay,none,1,DoS,task2,fpr,0.00018509949097639982
gnn_replay,none,1,DoS,task2,detection_rate,1.0
gnn_replay,none,1,DoS,task2,binary_f1,0.9130434782608695
gnn_replay,none,1,DoS,task2,category_recall,0.0
gnn_replay,none,1,DoS,task3,n,50445.0
gnn_replay,none,1,DoS,task3,n_benign,32949.0
gnn_replay,none,1,DoS,task3,n_attack,17496.0
gnn_replay,none,1,DoS,task3,accuracy,0.6530875210625434
gnn_replay,none,1,DoS,task3,macro_f1,0.3950713514809929
gnn_replay,none,1,DoS,task3,fpr,0.00012139973899056118
gnn_replay,none,1,DoS,task3,detection_rate,0.0
gnn_replay,none,1,DoS,task3,binary_f1,0.0
gnn_replay,none,1,DoS,task3,category_recall,0.0
gnn_replay,none,1,DoS,task4,n,27642.0
gnn_replay,none,1,DoS,task4,n_benign,27385.0
gnn_replay,none,1,DoS,task4,n_attack,257.0
gnn_replay,none,1,DoS,task4,accuracy,0.9905940235872946
gnn_replay,none,1,DoS,task4,macro_f1,0.497637394591451
gnn_replay,none,1,DoS,task4,fpr,0.00010954902318787658
gnn_replay,none,1,DoS,task4,detection_rate,0.0
gnn_replay,none,1,DoS,task4,binary_f1,0.0
gnn_replay,none,1,DoS,task4,category_recall,0.0
gnn_replay,none,1,DoS,task5,n,51117.0
gnn_replay,none,1,DoS,task5,n_benign,31046.0
gnn_replay,none,1,DoS,task5,n_attack,20071.0
gnn_replay,none,1,DoS,task5,accuracy,0.6073517616448539
gnn_replay,none,1,DoS,task5,macro_f1,0.37785864683616716
gnn_replay,none,1,DoS,task5,fpr,0.0
gnn_replay,none,1,DoS,task5,detection_rate,0.0
gnn_replay,none,1,DoS,task5,binary_f1,0.0
gnn_replay,none,1,DoS,task5,category_recall,0.0
gnn_replay,none,1,DoS,task6,n,28798.0
gnn_replay,none,1,DoS,task6,n_benign,9791.0
gnn_replay,none,1,DoS,task6,n_attack,19007.0
gnn_replay,none,1,DoS,task6,accuracy,0.3399888881172304
gnn_replay,none,1,DoS,task6,macro_f1,0.4263073104889624
gnn_replay,none,1,DoS,task6,fpr,0.0
gnn_replay,none,1,DoS,task6,detection_rate,0.8219077182090808
gnn_replay,none,1,DoS,task6,binary_f1,0.9022495596176615
gnn_replay,none,1,DoS,task6,category_recall,0.0
gnn_replay,none,1,DoS,seen,n,235341.0
gnn_replay,none,1,DoS,seen,n_benign,214126.0
gnn_replay,none,1,DoS,seen,n_attack,21215.0
gnn_replay,none,1,DoS,seen,accuracy,0.999825784712396
gnn_replay,none,1,DoS,seen,macro_f1,0.9961106158726766
gnn_replay,none,1,DoS,seen,fpr,8.406265469863539e-05
gnn_replay,none,1,DoS,seen,detection_rate,0.9994814989394296
gnn_replay,none,1,DoS,seen,binary_f1,0.9993166340693262
gnn_replay,none,1,DoS,all,n,414974.0
gnn_replay,none,1,DoS,all,n_benign,336907.0
gnn_replay,none,1,DoS,all,n_attack,78067.0
gnn_replay,none,1,DoS,all,accuracy,0.8628733366427777
gnn_replay,none,1,DoS,all,macro_f1,0.3306696122769635
gnn_replay,none,1,DoS,all,fpr,8.607716669585376e-05
gnn_replay,none,1,DoS,all,detection_rate,0.47199200686589726
gnn_replay,none,1,DoS,all,binary_f1,0.6411351713457974
gnn_replay,none,2,WebAttack,task0,n,138702.0
gnn_replay,none,2,WebAttack,task0,n_benign,137344.0
gnn_replay,none,2,WebAttack,task0,n_attack,1358.0
gnn_replay,none,2,WebAttack,task0,accuracy,0.9998197574656458
gnn_replay,none,2,WebAttack,task0,macro_f1,0.9962925832980505
gnn_replay,none,2,WebAttack,task0,fpr,0.00012377679403541473
gnn_replay,none,2,WebAttack,task0,detection_rate,1.0
gnn_replay,none,2,WebAttack,task0,binary_f1,0.9937797292352726
gnn_replay,none,2,WebAttack,task0,category_recall,0.9941089837997055
gnn_replay,none,2,WebAttack,task1,n,96639.0
gnn_replay,none,2,WebAttack,task1,n_benign,76782.0
gnn_replay,none,2,WebAttack,task1,n_attack,19857.0
gnn_replay,none,2,WebAttack,task1,accuracy,0.999813739794493
gnn_replay,none,2,WebAttack,task1,macro_f1,0.999752510468259
gnn_replay,none,2,WebAttack,task1,fpr,9.116720064598473e-05
gnn_replay,none,2,WebAttack,task1,detection_rate,0.999446039180138
gnn_replay,none,2,WebAttack,task1,binary_f1,0.9995467136741375
gnn_replay,none,2,WebAttack,task1,category_recall,0.999446039180138
gnn_replay,none,2,WebAttack,task2,n,21631.0
gnn_replay,none,2,WebAttack,task2,n_benign,21610.0
gnn_replay,none,2,WebAttack,task2,n_attack,21.0
gnn_replay,none,2,WebAttack,task2,accuracy,0.9993065507835976
gnn_replay,none,2,WebAttack,task2,macro_f1,0.7579025915396267
gnn_replay,none,2,WebAttack,task2,fpr,9.254974548819991e-05
gnn_replay,none,2,WebAttack,task2,detection_rate,0.42857142857142855
gnn_replay,none,2,WebAttack,task2,binary_f1,0.5625
gnn_replay,none,2,WebAttack,task2,category_recall,0.38095238095238093
gnn_replay,none,2,WebAttack,task3,n,50445.0
gnn_replay,none,2,WebAttack,task3,n_benign,32949.0
gnn_replay,none,2,WebAttack,task3,n_attack,17496.0
gnn_replay,none,2,WebAttack,task3,accuracy,0.6531668153434433
gnn_replay,none,2,WebAttack,task3,macro_f1,0.39510036693287287
gnn_replay,none,2,WebAttack,task3,fpr,0.0
gnn_replay,none,2,WebAttack,task3,detection_rate,0.0
gnn_replay,none,2,WebAttack,task3,binary_f1,0.0
gnn_replay,none,2,WebAttack,task3,category_recall,0.0
gnn_replay,none,2,WebAttack,task4,n,27642.0
gnn_replay,none,2,WebAttack,task4,n_benign,27385.0
gnn_replay,none,2,WebAttack,task4,n_attack,257.0
gnn_replay,none,2,WebAttack,task4,accuracy,0.9905940235872946
gnn_replay,none,2,WebAttack,task4,macro_f1,0.497637394591451
gnn_replay,none,2,WebAttack,task4,fpr,0.00010954902318787658
gnn_replay,none,2,WebAttack,task4,detection_rate,0.0
gnn_replay,none,2,WebAttack,task4,binary_f1,0.0
gnn_replay,none,2,WebAttack,task4,category_recall,0.0
gnn_replay,none,2,WebAttack,task5,n,51117.0
gnn_replay,none,2,WebAttack,task5,n_benign,31046.0
gnn_replay,none,2,WebAttack,task5,n_attack,20071.0
gnn_replay,none,2,WebAttack,task5,accuracy,0.6073517616448539
gnn_replay,none,2,WebAttack,task5,macro_f1,0.37785864683616716
gnn_replay,none,2,WebAttack,task5,fpr,0.0
gnn_replay,none,2,WebAttack,task5,detection_rate,0.0
gnn_replay,none,2,WebAttack,task5,binary_f1,0.0
gnn_replay,none,2,WebAttack,task5,category_recall,0.0
gnn_replay,none,2,WebAttack,task6,n,28798.0
gnn_replay,none,2,WebAttack,task6,n_benign,9791.0
gnn_replay,none,2,WebAttack,task6,n_attack,19007.0
gnn_replay,none,2,WebAttack,task6,accuracy,0.3398152649489548
gnn_replay,none,2,WebAttack,task6,macro_f1,0.49951508345668927
gnn_replay,none,2,WebAttack,task6,fpr,0.000510673067102441
gnn_replay,none,2,WebAttack,task6,detection_rate,0.9992634292629031
gnn_replay,none,2,WebAttack,task6,binary_f1,0.9995000657808183
gnn_replay,none,2,WebAttack,task6,category_recall,0.0
gnn_replay,none,2,WebAttack,seen,n,256972.0
gnn_replay,none,2,WebAttack,seen,n_benign,235736.0
gnn_replay,none,2,WebAttack,seen,n_attack,21236.0
gnn_replay,none,2,WebAttack,seen,accuracy,0.9997742944756627
gnn_replay,none,2,WebAttack,seen,macro_f1,0.8690741777865046
gnn_replay,none,2,WebAttack,seen,fpr,0.00011029286999015848
gnn_replay,none,2,WebAttack,seen,detection_rate,0.9989169335091355
gnn_replay,none,2,WebAttack,seen,binary_f1,0.998846380223661
gnn_replay,none,2,WebAttack,all,n,414974.0
gnn_replay,none,2,WebAttack,all,n_benign,336907.0
gnn_replay,none,2,WebAttack,all,n_attack,78067.0
gnn_replay,none,2,WebAttack,all,accuracy,0.8628902051694805
gnn_replay,none,2,WebAttack,all,macro_f1,0.3756623427404147
gnn_replay,none,2,WebAttack,all,fpr,0.0001009180575054837
gnn_replay,none,2,WebAttack,all,detection_rate,0.5150191502171212
gnn_replay,none,2,WebAttack,all,binary_f1,0.6796892829671956
gnn_replay,none,3,Infiltration,task0,n,138702.0
gnn_replay,none,3,Infiltration,task0,n_benign,137344.0
gnn_replay,none,3,Infiltration,task0,n_attack,1358.0
gnn_replay,none,3,Infiltration,task0,accuracy,0.9996611440354141
gnn_replay,none,3,Infiltration,task0,macro_f1,0.9975297279952124
gnn_replay,none,3,Infiltration,task0,fpr,0.00024755358807082947
gnn_replay,none,3,Infiltration,task0,detection_rate,0.9985272459499264
gnn_replay,none,3,Infiltration,task0,binary_f1,0.9868995633187773
gnn_replay,none,3,Infiltration,task0,category_recall,0.9904270986745214
gnn_replay,none,3,Infiltration,task1,n,96639.0
gnn_replay,none,3,Infiltration,task1,n_benign,76782.0
gnn_replay,none,3,Infiltration,task1,n_attack,19857.0
gnn_replay,none,3,Infiltration,task1,accuracy,0.9971957491281987
gnn_replay,none,3,Infiltration,task1,macro_f1,0.9957255623373155
gnn_replay,none,3,Infiltration,task1,fpr,0.0033862103097080046
gnn_replay,none,3,Infiltration,task1,detection_rate,0.999446039180138
gnn_replay,none,3,Infiltration,task1,binary_f1,0.9932187273227736
gnn_replay,none,3,Infiltration,task1,category_recall,0.999446039180138
gnn_replay,none,3,Infiltration,task2,n,21631.0
gnn_replay,none,3,Infiltration,task2,n_benign,21610.0
gnn_replay,none,3,Infiltration,task2,n_attack,21.0
gnn_replay,none,3,Infiltration,task2,accuracy,0.999399010679118
gnn_replay,none,3,Infiltration,task2,macro_f1,0.7757117208518078
gnn_replay,none,3,Infiltration,task2,fpr,0.0
gnn_replay,none,3,Infiltration,task2,detection_rate,0.38095238095238093
gnn_replay,none,3,Infiltration,task2,binary_f1,0.5517241379310345
gnn_replay,none,3,Infiltration,task2,category_recall,0.38095238095238093
gnn_replay,none,3,Infiltration,task3,n,50445.0
gnn_replay,none,3,Infiltration,task3,n_benign,32949.0
gnn_replay,none,3,Infiltration,task3,n_attack,17496.0
gnn_replay,none,3,Infiltration,task3,accuracy,0.999504410744375
gnn_replay,none,3,Infiltration,task3,macro_f1,0.9994530077259937
gnn_replay,none,3,Infiltration,task3,fpr,0.00021244954323348204
gnn_replay,none,3,Infiltration,task3,detection_rate,0.9989711934156379
gnn_replay,none,3,Infiltration,task3,binary_f1,0.9992853263200023
gnn_replay,none,3,Infiltration,task3,category_recall,0.9989711934156379
gnn_replay,none,3,Infiltration,task4,n,27642.0
gnn_replay,none,3,Infiltration,task4,n_benign,27385.0
gnn_replay,none,3,Infiltration,task4,n_attack,257.0
gnn_replay,none,3,Infiltration,task4,accuracy,0.9907025540843644
gnn_replay,none,3,Infiltration,task4,macro_f1,0.49766478274301706
gnn_replay,none,3,Infiltration,task4,fpr,0.0
gnn_replay,none,3,Infiltration,task4,detection_rate,0.0
gnn_replay,none,3,Infiltration,task4,binary_f1,0.0
gnn_replay,none,3,Infiltration,task4,category_recall,0.0
gnn_replay,none,3,Infiltration,task5,n,51117.0
gnn_replay,none,3,Infiltration,task5,n_benign,31046.0
gnn_replay,none,3,Infiltration,task5,n_attack,20071.0
gnn_replay,none,3,Infiltration,task5,accuracy,0.60721482090107
gnn_replay,none,3,Infiltration,task5,macro_f1,0.4993725464959135
gnn_replay,none,3,Infiltration,task5,fpr,0.00022547188043548283
gnn_replay,none,3,Infiltration,task5,detection_rate,0.9964625579193862
gnn_replay,none,3,Infiltration,task5,binary_f1,0.9980537950995558
gnn_replay,none,3,Infiltration,task5,category_recall,0.0
gnn_replay,none,3,Infiltration,task6,n,28798.0
gnn_replay,none,3,Infiltration,task6,n_benign,9791.0
gnn_replay,none,3,Infiltration,task6,n_attack,19007.0
gnn_replay,none,3,Infiltration,task6,accuracy,0.33991943884992015
gnn_replay,none,3,Infiltration,task6,macro_f1,0.49982129180495277
gnn_replay,none,3,Infiltration,task6,fpr,0.0002042692268409764
gnn_replay,none,3,Infiltration,task6,detection_rate,0.9997369390224654
gnn_replay,none,3,Infiltration,task6,binary_f1,0.9998158427823525
gnn_replay,none,3,Infiltration,task6,category_recall,0.0
gnn_replay,none,3,Infiltration,seen,n,307417.0
gnn_replay,none,3,Infiltration,seen,n_benign,268685.0
gnn_replay,none,3,Infiltration,seen,n_attack,38732.0
gnn_replay,none,3,Infiltration,seen,accuracy,0.9988419638471523
gnn_replay,none,3,Infiltration,seen,macro_f1,0.9075183749075704
gnn_replay,none,3,Infiltration,seen,fpr,0.0011202709492528426
gnn_replay,none,3,Infiltration,seen,detection_rate,0.9988639884333368
gnn_replay,none,3,Infiltration,seen,binary_f1,0.9955610452773381
gnn_replay,none,3,Infiltration,all,n,414974.0
gnn_replay,none,3,Infiltration,all,n_benign,336907.0
gnn_replay,none,3,Infiltration,all,n_attack,78067.0
gnn_replay,none,3,Infiltration,all,accuracy,0.9043313556993933
gnn_replay,none,3,Infiltration,all,macro_f1,0.4817754247723988
gnn_replay,none,3,Infiltration,all,fpr,0.0009201352301970574
gnn_replay,none,3,Infiltration,all,detection_rate,0.9951708148129171
gnn_replay,none,3,Infiltration,all,binary_f1,0.995598044429636
gnn_replay,none,4,Botnet,task0,n,138702.0
gnn_replay,none,4,Botnet,task0,n_benign,137344.0
gnn_replay,none,4,Botnet,task0,n_attack,1358.0
gnn_replay,none,4,Botnet,task0,accuracy,0.9975631209355309
gnn_replay,none,4,Botnet,task0,macro_f1,0.9350202446050533
gnn_replay,none,4,Botnet,task0,fpr,0.00021114864864864866
gnn_replay,none,4,Botnet,task0,detection_rate,0.7739322533136966
gnn_replay,none,4,Botnet,task0,binary_f1,0.8621821164889254
gnn_replay,none,4,Botnet,task0,category_recall,0.772459499263623
gnn_replay,none,4,Botnet,task1,n,96639.0
gnn_replay,none,4,Botnet,task1,n_benign,76782.0
gnn_replay,none,4,Botnet,task1,n_attack,19857.0
gnn_replay,none,4,Botnet,task1,accuracy,0.9971336623930297
gnn_replay,none,4,Botnet,task1,macro_f1,0.9956686820374427
gnn_replay,none,4,Botnet,task1,fpr,0.00346435362454742
gnn_replay,none,4,Botnet,task1,detection_rate,0.999446039180138
gnn_replay,none,4,Botnet,task1,binary_f1,0.9930696289624459
gnn_replay,none,4,Botnet,task1,category_recall,0.999446039180138
gnn_replay,none,4,Botnet,task2,n,21631.0
gnn_replay,none,4,Botnet,task2,n_benign,21610.0
gnn_replay,none,4,Botnet,task2,n_attack,21.0
gnn_replay,none,4,Botnet,task2,accuracy,0.999399010679118
gnn_replay,none,4,Botnet,task2,macro_f1,0.7757117208518078
gnn_replay,none,4,Botnet,task2,fpr,0.0
gnn_replay,none,4,Botnet,task2,detection_rate,0.38095238095238093
gnn_replay,none,4,Botnet,task2,binary_f1,0.5517241379310345
gnn_replay,none,4,Botnet,task2,category_recall,0.38095238095238093
gnn_replay,none,4,Botnet,task3,n,50445.0
gnn_replay,none,4,Botnet,task3,n_benign,32949.0
gnn_replay,none,4,Botnet,task3,n_attack,17496.0
gnn_replay,none,4,Botnet,task3,accuracy,0.9600951531370799
gnn_replay,none,4,Botnet,task3,macro_f1,0.9546952438790388
gnn_replay,none,4,Botnet,task3,fpr,0.00015174967373820147
gnn_replay,none,4,Botnet,task3,detection_rate,0.8852309099222679
gnn_replay,none,4,Botnet,task3,binary_f1,0.9389796598866289
gnn_replay,none,4,Botnet,task3,category_recall,0.8852309099222679
gnn_replay,none,4,Botnet,task4,n,27642.0
gnn_replay,none,4,Botnet,task4,n_benign,27385.0
gnn_replay,none,4,Botnet,task4,n_attack,257.0
gnn_replay,none,4,Botnet,task4,accuracy,1.0
gnn_replay,none,4,Botnet,task4,macro_f1,1.0
gnn_replay,none,4,Botnet,task4,fpr,0.0
gnn_replay,none,4,Botnet,task4,detection_rate,1.0
gnn_replay,none,4,Botnet,task4,binary_f1,1.0
gnn_replay,none,4,Botnet,task4,category_recall,1.0
gnn_replay,none,4,Botnet,task5,n,51117.0
gnn_replay,none,4,Botnet,task5,n_benign,31046.0
gnn_replay,none,4,Botnet,task5,n_attack,20071.0
gnn_replay,none,4,Botnet,task5,accuracy,0.6066279319991392
gnn_replay,none,4,Botnet,task5,macro_f1,0.4992352647593901
gnn_replay,none,4,Botnet,task5,fpr,0.001191779939444695
gnn_replay,none,4,Botnet,task5,detection_rate,0.9971102585820337
gnn_replay,none,4,Botnet,task5,binary_f1,0.9976321627078089
gnn_replay,none,4,Botnet,task5,category_recall,0.0
gnn_replay,none,4,Botnet,task6,n,28798.0
gnn_replay,none,4,Botnet,task6,n_benign,9791.0
gnn_replay,none,4,Botnet,task6,n_attack,19007.0
gnn_replay,none,4,Botnet,task6,accuracy,0.33988471421626504
gnn_replay,none,4,Botnet,task6,macro_f1,0.4996936900142945
gnn_replay,none,4,Botnet,task6,fpr,0.0003064038402614646
gnn_replay,none,4,Botnet,task6,detection_rate,0.9995264902404377
gnn_replay,none,4,Botnet,task6,binary_f1,0.999684276994317
gnn_replay,none,4,Botnet,task6,category_recall,0.0
gnn_replay,none,4,Botnet,seen,n,335059.0
gnn_replay,none,4,Botnet,seen,n_benign,296070.0
gnn_replay,none,4,Botnet,seen,n_attack,38989.0
gnn_replay,none,4,Botnet,seen,accuracy,0.9921178061177285
gnn_replay,none,4,Botnet,seen,macro_f1,0.8903089478647285
gnn_replay,none,4,Botnet,seen,fpr,0.001013273887931908
gnn_replay,none,4,Botnet,seen,detection_rate,0.9400087204083203
gnn_replay,none,4,Botnet,seen,binary_f1,0.9652484230764166
gnn_replay,none,4,Botnet,all,n,414974.0
gnn_replay,none,4,Botnet,all,n_benign,336907.0
gnn_replay,none,4,Botnet,all,n_attack,78067.0
gnn_replay,none,4,Botnet,all,accuracy,0.8993695990592182
gnn_replay,none,4,Botnet,all,macro_f1,0.5788753079017921
gnn_replay,none,4,Botnet,all,fpr,0.001009180575054837
gnn_replay,none,4,Botnet,all,detection_rate,0.9691803194691739
gnn_replay,none,4,Botnet,all,binary_f1,0.9821767011968741
gnn_replay,none,5,PortScan,task0,n,138702.0
gnn_replay,none,5,PortScan,task0,n_benign,137344.0
gnn_replay,none,5,PortScan,task0,n_attack,1358.0
gnn_replay,none,5,PortScan,task0,accuracy,0.9996827731395366
gnn_replay,none,5,PortScan,task0,macro_f1,0.9986379642867674
gnn_replay,none,5,PortScan,task0,fpr,0.0002766775396085741
gnn_replay,none,5,PortScan,task0,detection_rate,0.9992636229749632
gnn_replay,none,5,PortScan,task0,binary_f1,0.9858336360334181
gnn_replay,none,5,PortScan,task0,category_recall,0.9955817378497791
gnn_replay,none,5,PortScan,task1,n,96639.0
gnn_replay,none,5,PortScan,task1,n_benign,76782.0
gnn_replay,none,5,PortScan,task1,n_attack,19857.0
gnn_replay,none,5,PortScan,task1,accuracy,0.9466778422789971
gnn_replay,none,5,PortScan,task1,macro_f1,0.910813878915895
gnn_replay,none,5,PortScan,task1,fpr,0.00518350655101456
gnn_replay,none,5,PortScan,task1,detection_rate,0.7605378455960115
gnn_replay,none,5,PortScan,task1,binary_f1,0.8542579970020081
gnn_replay,none,5,PortScan,task1,category_recall,0.7605378455960115
gnn_replay,none,5,PortScan,task2,n,21631.0
gnn_replay,none,5,PortScan,task2,n_benign,21610.0
gnn_replay,none,5,PortScan,task2,n_attack,21.0
gnn_replay,none,5,PortScan,task2,accuracy,0.999399010679118
gnn_replay,none,5,PortScan,task2,macro_f1,0.7758157983751045
gnn_replay,none,5,PortScan,task2,fpr,0.0
gnn_replay,none,5,PortScan,task2,detection_rate,0.8095238095238095
gnn_replay,none,5,PortScan,task2,binary_f1,0.8947368421052632
gnn_replay,none,5,PortScan,task2,category_recall,0.38095238095238093
gnn_replay,none,5,PortScan,task3,n,50445.0
gnn_replay,none,5,PortScan,task3,n_benign,32949.0
gnn_replay,none,5,PortScan,task3,n_attack,17496.0
gnn_replay,none,5,PortScan,task3,accuracy,0.9509366636931311
gnn_replay,none,5,PortScan,task3,macro_f1,0.960991894072462
gnn_replay,none,5,PortScan,task3,fpr,0.0006373486297004461
gnn_replay,none,5,PortScan,task3,detection_rate,0.9936556927297668
gnn_replay,none,5,PortScan,task3,binary_f1,0.9962179817775486
gnn_replay,none,5,PortScan,task3,category_recall,0.8597393689986282
gnn_replay,none,5,PortScan,task4,n,27642.0
gnn_replay,none,5,PortScan,task4,n_benign,27385.0
gnn_replay,none,5,PortScan,task4,n_attack,257.0
gnn_replay,none,5,PortScan,task4,accuracy,0.9994573475146517
gnn_replay,none,5,PortScan,task4,macro_f1,0.9848330410935955
gnn_replay,none,5,PortScan,task4,fpr,0.0
gnn_replay,none,5,PortScan,task4,detection_rate,0.9416342412451362
gnn_replay,none,5,PortScan,task4,binary_f1,0.969939879759519
gnn_replay,none,5,PortScan,task4,category_recall,0.9416342412451362
gnn_replay,none,5,PortScan,task5,n,51117.0
gnn_replay,none,5,PortScan,task5,n_benign,31046.0
gnn_replay,none,5,PortScan,task5,n_attack,20071.0
gnn_replay,none,5,PortScan,task5,accuracy,0.998904474049729
gnn_replay,none,5,PortScan,task5,macro_f1,0.9988509846933278
gnn_replay,none,5,PortScan,task5,fpr,3.22102686336404e-05
gnn_replay,none,5,PortScan,task5,detection_rate,0.9972597279657217
gnn_replay,none,5,PortScan,task5,binary_f1,0.9986030732388744
gnn_replay,none,5,PortScan,task5,category_recall,0.9972597279657217
gnn_replay,none,5,PortScan,task6,n,28798.0
gnn_replay,none,5,PortScan,task6,n_benign,9791.0
gnn_replay,none,5,PortScan,task6,n_attack,19007.0
gnn_replay,none,5,PortScan,task6,accuracy,0.33964164178067924
gnn_replay,none,5,PortScan,task6,macro_f1,0.32507976601967564
gnn_replay,none,5,PortScan,task6,fpr,0.001021346134204882
gnn_replay,none,5,PortScan,task6,detection_rate,0.446730152049245
gnn_replay,none,5,PortScan,task6,binary_f1,0.6173476806747128
gnn_replay,none,5,PortScan,task6,category_recall,0.0
gnn_replay,none,5,PortScan,seen,n,386176.0
gnn_replay,none,5,PortScan,seen,n_benign,327116.0
gnn_replay,none,5,PortScan,seen,n_attack,59060.0
gnn_replay,none,5,PortScan,seen,accuracy,0.9799158932714617
gnn_replay,none,5,PortScan,seen,macro_f1,0.8874956694168027
gnn_replay,none,5,PortScan,seen,fpr,0.0014001149439342617
gnn_replay,none,5,PortScan,seen,detection_rate,0.9163393159498815
gnn_replay,none,5,PortScan,seen,binary_f1,0.9524890660612301
gnn_replay,none,5,PortScan,all,n,414974.0
gnn_replay,none,5,PortScan,all,n_benign,336907.0
gnn_replay,none,5,PortScan,all,n_attack,78067.0
gnn_replay,none,5,PortScan,all,accuracy,0.9354827049405505
gnn_replay,none,5,PortScan,all,macro_f1,0.7503933756250063
gnn_replay,none,5,PortScan,all,fpr,0.001389107379781364
gnn_replay,none,5,PortScan,all,detection_rate,0.8020034073296015
gnn_replay,none,5,PortScan,all,binary_f1,0.887172765595664
gnn_replay,none,6,DDoS,task0,n,138702.0
gnn_replay,none,6,DDoS,task0,n_benign,137344.0
gnn_replay,none,6,DDoS,task0,n_attack,1358.0
gnn_replay,none,6,DDoS,task0,accuracy,0.9996539343340399
gnn_replay,none,6,DDoS,task0,macro_f1,0.9978972313181411
gnn_replay,none,6,DDoS,task0,fpr,0.0002766775396085741
gnn_replay,none,6,DDoS,task0,detection_rate,0.9992636229749632
gnn_replay,none,6,DDoS,task0,binary_f1,0.9858336360334181
gnn_replay,none,6,DDoS,task0,category_recall,0.9926362297496318
gnn_replay,none,6,DDoS,task1,n,96639.0
gnn_replay,none,6,DDoS,task1,n_benign,76782.0
gnn_replay,none,6,DDoS,task1,n_attack,19857.0
gnn_replay,none,6,DDoS,task1,accuracy,0.9949192355053342
gnn_replay,none,6,DDoS,task1,macro_f1,0.9922868717090294
gnn_replay,none,6,DDoS,task1,fpr,0.006251465187153239
gnn_replay,none,6,DDoS,task1,detection_rate,0.999446039180138
gnn_replay,none,6,DDoS,task1,binary_f1,0.9877809023716497
gnn_replay,none,6,DDoS,task1,category_recall,0.999446039180138
gnn_replay,none,6,DDoS,task2,n,21631.0
gnn_replay,none,6,DDoS,task2,n_benign,21610.0
gnn_replay,none,6,DDoS,task2,n_attack,21.0
gnn_replay,none,6,DDoS,task2,accuracy,0.9993527807313578
gnn_replay,none,6,DDoS,task2,macro_f1,0.7758389315291452
gnn_replay,none,6,DDoS,task2,fpr,4.6274872744099955e-05
gnn_replay,none,6,DDoS,task2,detection_rate,0.9523809523809523
gnn_replay,none,6,DDoS,task2,binary_f1,0.9523809523809523
gnn_replay,none,6,DDoS,task2,category_recall,0.38095238095238093
gnn_replay,none,6,DDoS,task3,n,50445.0
gnn_replay,none,6,DDoS,task3,n_benign,32949.0
gnn_replay,none,6,DDoS,task3,n_attack,17496.0
gnn_replay,none,6,DDoS,task3,accuracy,0.9629695708197046
gnn_replay,none,6,DDoS,task3,macro_f1,0.9711470462721405
gnn_replay,none,6,DDoS,task3,fpr,6.069986949528059e-05
gnn_replay,none,6,DDoS,task3,detection_rate,0.9951417466849566
gnn_replay,none,6,DDoS,task3,binary_f1,0.9975078060099115
gnn_replay,none,6,DDoS,task3,category_recall,0.8933470507544582
gnn_replay,none,6,DDoS,task4,n,27642.0
gnn_replay,none,6,DDoS,task4,n_benign,27385.0
gnn_replay,none,6,DDoS,task4,n_attack,257.0
gnn_replay,none,6,DDoS,task4,accuracy,0.9989870486940163
gnn_replay,none,6,DDoS,task4,macro_f1,0.9731051533104318
gnn_replay,none,6,DDoS,task4,fpr,7.303268212525105e-05
gnn_replay,none,6,DDoS,task4,detection_rate,0.8988326848249028
gnn_replay,none,6,DDoS,task4,binary_f1,0.9428571428571428
gnn_replay,none,6,DDoS,task4,category_recall,0.8988326848249028
gnn_replay,none,6,DDoS,task5,n,51117.0
gnn_replay,none,6,DDoS,task5,n_benign,31046.0
gnn_replay,none,6,DDoS,task5,n_attack,20071.0
gnn_replay,none,6,DDoS,task5,accuracy,0.9986892814523544
gnn_replay,none,6,DDoS,task5,macro_f1,0.9986251512895932
gnn_replay,none,6,DDoS,task5,fpr,3.22102686336404e-05
gnn_replay,none,6,DDoS,task5,detection_rate,0.996711673558866
gnn_replay,none,6,DDoS,task5,binary_f1,0.9983282181800035
gnn_replay,none,6,DDoS,task5,category_recall,0.996711673558866
gnn_replay,none,6,DDoS,task6,n,28798.0
gnn_replay,none,6,DDoS,task6,n_benign,9791.0
gnn_replay,none,6,DDoS,task6,n_attack,19007.0
gnn_replay,none,6,DDoS,task6,accuracy,0.9988540870893812
gnn_replay,none,6,DDoS,task6,macro_f1,0.999361402478417
gnn_replay,none,6,DDoS,task6,fpr,0.0008170769073639056
gnn_replay,none,6,DDoS,task6,detection_rate,1.0
gnn_replay,none,6,DDoS,task6,binary_f1,0.9997895954973437
gnn_replay,none,6,DDoS,task6,category_recall,0.998684695112327
gnn_replay,none,6,DDoS,seen,n,414974.0
gnn_replay,none,6,DDoS,seen,n_benign,336907.0
gnn_replay,none,6,DDoS,seen,n_attack,78067.0
gnn_replay,none,6,DDoS,seen,accuracy,0.9938574464906235
gnn_replay,none,6,DDoS,seen,macro_f1,0.9221896699072847
gnn_replay,none,6,DDoS,seen,fpr,0.0015790707821446274
gnn_replay,none,6,DDoS,seen,detection_rate,0.9975661931417885
gnn_replay,none,6,DDoS,seen,binary_f1,0.9953858738720315
gnn_replay,none,6,DDoS,all,n,414974.0
gnn_replay,none,6,DDoS,all,n_benign,336907.0
gnn_replay,none,6,DDoS,all,n_attack,78067.0
gnn_replay,none,6,DDoS,all,accuracy,0.9938574464906235
gnn_replay,none,6,DDoS,all,macro_f1,0.9221896699072847
gnn_replay,none,6,DDoS,all,fpr,0.0015790707821446274
gnn_replay,none,6,DDoS,all,detection_rate,0.9975661931417885
gnn_replay,none,6,DDoS,all,binary_f1,0.9953858738720315
gnn_joint,none,0,BruteForce,task0,n,138702.0
gnn_joint,none,0,BruteForce,task0,n_benign,137344.0
gnn_joint,none,0,BruteForce,task0,n_attack,1358.0
gnn_joint,none,0,BruteForce,task0,accuracy,0.9998774350766392
gnn_joint,none,0,BruteForce,task0,macro_f1,0.996858918503922
gnn_joint,none,0,BruteForce,task0,fpr,0.00012377679403541473
gnn_joint,none,0,BruteForce,task0,detection_rate,1.0
gnn_joint,none,0,BruteForce,task0,binary_f1,0.9937797292352726
gnn_joint,none,0,BruteForce,task0,category_recall,1.0
gnn_joint,none,0,BruteForce,task1,n,96639.0
gnn_joint,none,0,BruteForce,task1,n_benign,76782.0
gnn_joint,none,0,BruteForce,task1,n_attack,19857.0
gnn_joint,none,0,BruteForce,task1,accuracy,0.7945239499580915
gnn_joint,none,0,BruteForce,task1,macro_f1,0.44274914802705556
gnn_joint,none,0,BruteForce,task1,fpr,0.0
gnn_joint,none,0,BruteForce,task1,detection_rate,0.0
gnn_joint,none,0,BruteForce,task1,binary_f1,0.0
gnn_joint,none,0,BruteForce,task1,category_recall,0.0
gnn_joint,none,0,BruteForce,task2,n,21631.0
gnn_joint,none,0,BruteForce,task2,n_benign,21610.0
gnn_joint,none,0,BruteForce,task2,n_attack,21.0
gnn_joint,none,0,BruteForce,task2,accuracy,0.9990291710970367
gnn_joint,none,0,BruteForce,task2,macro_f1,0.4997571749034481
gnn_joint,none,0,BruteForce,task2,fpr,0.0
gnn_joint,none,0,BruteForce,task2,detection_rate,0.0
gnn_joint,none,0,BruteForce,task2,binary_f1,0.0
gnn_joint,none,0,BruteForce,task2,category_recall,0.0
gnn_joint,none,0,BruteForce,task3,n,50445.0
gnn_joint,none,0,BruteForce,task3,n_benign,32949.0
gnn_joint,none,0,BruteForce,task3,n_attack,17496.0
gnn_joint,none,0,BruteForce,task3,accuracy,0.6531668153434433
gnn_joint,none,0,BruteForce,task3,macro_f1,0.39510036693287287
gnn_joint,none,0,BruteForce,task3,fpr,0.0
gnn_joint,none,0,BruteForce,task3,detection_rate,0.0
gnn_joint,none,0,BruteForce,task3,binary_f1,0.0
gnn_joint,none,0,BruteForce,task3,category_recall,0.0
gnn_joint,none,0,BruteForce,task4,n,27642.0
gnn_joint,none,0,BruteForce,task4,n_benign,27385.0
gnn_joint,none,0,BruteForce,task4,n_attack,257.0
gnn_joint,none,0,BruteForce,task4,accuracy,0.9906663772520078
gnn_joint,none,0,BruteForce,task4,macro_f1,0.49765565369098247
gnn_joint,none,0,BruteForce,task4,fpr,3.6516341062625523e-05
gnn_joint,none,0,BruteForce,task4,detection_rate,0.0
gnn_joint,none,0,BruteForce,task4,binary_f1,0.0
gnn_joint,none,0,BruteForce,task4,category_recall,0.0
gnn_joint,none,0,BruteForce,task5,n,51117.0
gnn_joint,none,0,BruteForce,task5,n_benign,31046.0
gnn_joint,none,0,BruteForce,task5,n_attack,20071.0
gnn_joint,none,0,BruteForce,task5,accuracy,0.6073321986814563
gnn_joint,none,0,BruteForce,task5,macro_f1,0.3778510747060685
gnn_joint,none,0,BruteForce,task5,fpr,3.22102686336404e-05
gnn_joint,none,0,BruteForce,task5,detection_rate,0.0
gnn_joint,none,0,BruteForce,task5,binary_f1,0.0
gnn_joint,none,0,BruteForce,task5,category_recall,0.0
gnn_joint,none,0,BruteForce,task6,n,28798.0
gnn_joint,none,0,BruteForce,task6,n_benign,9791.0
gnn_joint,none,0,BruteForce,task6,n_attack,19007.0
gnn_joint,none,0,BruteForce,task6,accuracy,0.33995416348357527
gnn_joint,none,0,BruteForce,task6,macro_f1,0.2537058152793615
gnn_joint,none,0,BruteForce,task6,fpr,0.0001021346134204882
gnn_joint,none,0,BruteForce,task6,detection_rate,0.0
gnn_joint,none,0,BruteForce,task6,binary_f1,0.0
gnn_joint,none,0,BruteForce,task6,category_recall,0.0
gnn_joint,none,0,BruteForce,seen,n,138702.0
gnn_joint,none,0,BruteForce,seen,n_benign,137344.0
gnn_joint,none,0,BruteForce,seen,n_attack,1358.0
gnn_joint,none,0,BruteForce,seen,accuracy,0.9998774350766392
gnn_joint,none,0,BruteForce,seen,macro_f1,0.996858918503922
gnn_joint,none,0,BruteForce,seen,fpr,0.00012377679403541473
gnn_joint,none,0,BruteForce,seen,detection_rate,1.0
gnn_joint,none,0,BruteForce,seen,binary_f1,0.9937797292352726
gnn_joint,none,0,BruteForce,all,n,414974.0
gnn_joint,none,0,BruteForce,all,n_benign,336907.0
gnn_joint,none,0,BruteForce,all,n_attack,78067.0
gnn_joint,none,0,BruteForce,all,accuracy,0.8150992592306988
gnn_joint,none,0,BruteForce,all,macro_f1,0.23630666149220328
gnn_joint,none,0,BruteForce,all,fpr,5.936356323851983e-05
gnn_joint,none,0,BruteForce,all,detection_rate,0.017395314281322453
gnn_joint,none,0,BruteForce,all,binary_f1,0.03418717351626912
gnn_joint,none,1,DoS,task0,n,138702.0
gnn_joint,none,1,DoS,task0,n_benign,137344.0
gnn_joint,none,1,DoS,task0,n_attack,1358.0
gnn_joint,none,1,DoS,task0,accuracy,0.9998630156738908
gnn_joint,none,1,DoS,task0,macro_f1,0.9964904746112949
gnn_joint,none,1,DoS,task0,fpr,0.00012377679403541473
gnn_joint,none,1,DoS,task0,detection_rate,1.0
gnn_joint,none,1,DoS,task0,binary_f1,0.9937797292352726
gnn_joint,none,1,DoS,task0,category_recall,0.9985272459499264
gnn_joint,none,1,DoS,task1,n,96639.0
gnn_joint,none,1,DoS,task1,n_benign,76782.0
gnn_joint,none,1,DoS,task1,n_attack,19857.0
gnn_joint,none,1,DoS,task1,accuracy,0.9971854013390039
gnn_joint,none,1,DoS,task1,macro_f1,0.9957098688740291
gnn_joint,none,1,DoS,task1,fpr,0.003399234195514574
gnn_joint,none,1,DoS,task1,detection_rate,0.999446039180138
gnn_joint,none,1,DoS,task1,binary_f1,0.9931938744870383
gnn_joint,none,1,DoS,task1,category_recall,0.999446039180138
gnn_joint,none,1,DoS,task2,n,21631.0
gnn_joint,none,1,DoS,task2,n_benign,21610.0
gnn_joint,none,1,DoS,task2,n_attack,21.0
gnn_joint,none,1,DoS,task2,accuracy,0.9988442513059961
gnn_joint,none,1,DoS,task2,macro_f1,0.4999537208441318
gnn_joint,none,1,DoS,task2,fpr,0.00018509949097639982
gnn_joint,none,1,DoS,task2,detection_rate,1.0
gnn_joint,none,1,DoS,task2,binary_f1,0.9130434782608695
gnn_joint,none,1,DoS,task2,category_recall,0.0
gnn_joint,none,1,DoS,task3,n,50445.0
gnn_joint,none,1,DoS,task3,n_benign,32949.0
gnn_joint,none,1,DoS,task3,n_attack,17496.0
gnn_joint,none,1,DoS,task3,accuracy,0.6530875210625434
gnn_joint,none,1,DoS,task3,macro_f1,0.3950713514809929
gnn_joint,none,1,DoS,task3,fpr,0.00012139973899056118
gnn_joint,none,1,DoS,task3,detection_rate,0.0
gnn_joint,none,1,DoS,task3,binary_f1,0.0
gnn_joint,none,1,DoS,task3,category_recall,0.0
gnn_joint,none,1,DoS,task4,n,27642.0
gnn_joint,none,1,DoS,task4,n_benign,27385.0
gnn_joint,none,1,DoS,task4,n_attack,257.0
gnn_joint,none,1,DoS,task4,accuracy,0.9905940235872946
gnn_joint,none,1,DoS,task4,macro_f1,0.497637394591451
gnn_joint,none,1,DoS,task4,fpr,0.00010954902318787658
gnn_joint,none,1,DoS,task4,detection_rate,0.0
gnn_joint,none,1,DoS,task4,binary_f1,0.0
gnn_joint,none,1,DoS,task4,category_recall,0.0
gnn_joint,none,1,DoS,task5,n,51117.0
gnn_joint,none,1,DoS,task5,n_benign,31046.0
gnn_joint,none,1,DoS,task5,n_attack,20071.0
gnn_joint,none,1,DoS,task5,accuracy,0.6073517616448539
gnn_joint,none,1,DoS,task5,macro_f1,0.37785864683616716
gnn_joint,none,1,DoS,task5,fpr,0.0
gnn_joint,none,1,DoS,task5,detection_rate,0.0
gnn_joint,none,1,DoS,task5,binary_f1,0.0
gnn_joint,none,1,DoS,task5,category_recall,0.0
gnn_joint,none,1,DoS,task6,n,28798.0
gnn_joint,none,1,DoS,task6,n_benign,9791.0
gnn_joint,none,1,DoS,task6,n_attack,19007.0
gnn_joint,none,1,DoS,task6,accuracy,0.3399888881172304
gnn_joint,none,1,DoS,task6,macro_f1,0.5
gnn_joint,none,1,DoS,task6,fpr,0.0
gnn_joint,none,1,DoS,task6,detection_rate,1.0
gnn_joint,none,1,DoS,task6,binary_f1,1.0
gnn_joint,none,1,DoS,task6,category_recall,0.0
gnn_joint,none,1,DoS,seen,n,235341.0
gnn_joint,none,1,DoS,seen,n_benign,214126.0
gnn_joint,none,1,DoS,seen,n_attack,21215.0
gnn_joint,none,1,DoS,seen,accuracy,0.9987634963733476
gnn_joint,none,1,DoS,seen,macro_f1,0.9951705855620877
gnn_joint,none,1,DoS,seen,fpr,0.001298301000345591
gnn_joint,none,1,DoS,seen,detection_rate,0.9994814989394296
gnn_joint,none,1,DoS,seen,binary_f1,0.993231374569642
gnn_joint,none,1,DoS,all,n,414974.0
gnn_joint,none,1,DoS,all,n_benign,336907.0
gnn_joint,none,1,DoS,all,n_attack,78067.0
gnn_joint,none,1,DoS,all,accuracy,0.862270889260532
gnn_joint,none,1,DoS,all,macro_f1,0.32603501850590405
gnn_joint,none,1,DoS,all,fpr,0.0008578034887966116
gnn_joint,none,1,DoS,all,detection_rate,0.5153521974714028
gnn_joint,none,1,DoS,all,binary_f1,0.678517219280197
gnn_joint,none,2,WebAttack,task0,n,138702.0
gnn_joint,none,2,WebAttack,task0,n_benign,137344.0
gnn_joint,none,2,WebAttack,task0,n_attack,1358.0
gnn_joint,none,2,WebAttack,task0,accuracy,0.9998558059725167
gnn_joint,none,2,WebAttack,task0,macro_f1,0.996304229982945
gnn_joint,none,2,WebAttack,task0,fpr,0.00012377679403541473
gnn_joint,none,2,WebAttack,task0,detection_rate,0.9992636229749632
gnn_joint,none,2,WebAttack,task0,binary_f1,0.9934114202049781
gnn_joint,none,2,WebAttack,task0,category_recall,0.9977908689248896
gnn_joint,none,2,WebAttack,task1,n,96639.0
gnn_joint,none,2,WebAttack,task1,n_benign,76782.0
gnn_joint,none,2,WebAttack,task1,n_attack,19857.0
gnn_joint,none,2,WebAttack,task1,accuracy,0.9992756547563613
gnn_joint,none,2,WebAttack,task1,macro_f1,0.9988917733224324
gnn_joint,none,2,WebAttack,task1,fpr,0.0007684092625875856
gnn_joint,none,2,WebAttack,task1,detection_rate,0.999446039180138
gnn_joint,none,2,WebAttack,task1,binary_f1,0.99823952517479
gnn_joint,none,2,WebAttack,task1,category_recall,0.999446039180138
gnn_joint,none,2,WebAttack,task2,n,21631.0
gnn_joint,none,2,WebAttack,task2,n_benign,21610.0
gnn_joint,none,2,WebAttack,task2,n_attack,21.0
gnn_joint,none,2,WebAttack,task2,accuracy,0.9993065507835976
gnn_joint,none,2,WebAttack,task2,macro_f1,0.7580182412562881
gnn_joint,none,2,WebAttack,task2,fpr,9.254974548819991e-05
gnn_joint,none,2,WebAttack,task2,detection_rate,0.9047619047619048
gnn_joint,none,2,WebAttack,task2,binary_f1,0.9047619047619048
gnn_joint,none,2,WebAttack,task2,category_recall,0.38095238095238093
gnn_joint,none,2,WebAttack,task3,n,50445.0
gnn_joint,none,2,WebAttack,task3,n_benign,32949.0
gnn_joint,none,2,WebAttack,task3,n_attack,17496.0
gnn_joint,none,2,WebAttack,task3,accuracy,0.6531668153434433
gnn_joint,none,2,WebAttack,task3,macro_f1,0.39510036693287287
gnn_joint,none,2,WebAttack,task3,fpr,0.0
gnn_joint,none,2,WebAttack,task3,detection_rate,0.0
gnn_joint,none,2,WebAttack,task3,binary_f1,0.0
gnn_joint,none,2,WebAttack,task3,category_recall,0.0
gnn_joint,none,2,WebAttack,task4,n,27642.0
gnn_joint,none,2,WebAttack,task4,n_benign,27385.0
gnn_joint,none,2,WebAttack,task4,n_attack,257.0
gnn_joint,none,2,WebAttack,task4,accuracy,0.9907025540843644
gnn_joint,none,2,WebAttack,task4,macro_f1,0.49766478274301706
gnn_joint,none,2,WebAttack,task4,fpr,0.0
gnn_joint,none,2,WebAttack,task4,detection_rate,0.0
gnn_joint,none,2,WebAttack,task4,binary_f1,0.0
gnn_joint,none,2,WebAttack,task4,category_recall,0.0
gnn_joint,none,2,WebAttack,task5,n,51117.0
gnn_joint,none,2,WebAttack,task5,n_benign,31046.0
gnn_joint,none,2,WebAttack,task5,n_attack,20071.0
gnn_joint,none,2,WebAttack,task5,accuracy,0.6073517616448539
gnn_joint,none,2,WebAttack,task5,macro_f1,0.37785864683616716
gnn_joint,none,2,WebAttack,task5,fpr,0.0
gnn_joint,none,2,WebAttack,task5,detection_rate,0.0
gnn_joint,none,2,WebAttack,task5,binary_f1,0.0
gnn_joint,none,2,WebAttack,task5,category_recall,0.0
gnn_joint,none,2,WebAttack,task6,n,28798.0
gnn_joint,none,2,WebAttack,task6,n_benign,9791.0
gnn_joint,none,2,WebAttack,task6,n_attack,19007.0
gnn_joint,none,2,WebAttack,task6,accuracy,0.33991943884992015
gnn_joint,none,2,WebAttack,task6,macro_f1,0.49994892747701736
gnn_joint,none,2,WebAttack,task6,fpr,0.0002042692268409764
gnn_joint,none,2,WebAttack,task6,detection_rate,1.0
gnn_joint,none,2,WebAttack,task6,binary_f1,0.9999473905723906
gnn_joint,none,2,WebAttack,task6,category_recall,0.0
gnn_joint,none,2,WebAttack,seen,n,256972.0
gnn_joint,none,2,WebAttack,seen,n_benign,235736.0
gnn_joint,none,2,WebAttack,seen,n_attack,21236.0
gnn_joint,none,2,WebAttack,seen,accuracy,0.9995913951714583
gnn_joint,none,2,WebAttack,seen,macro_f1,0.8766302817500351
gnn_joint,none,2,WebAttack,seen,fpr,0.00033087860997047544
gnn_joint,none,2,WebAttack,seen,detection_rate,0.9993407421359954
gnn_joint,none,2,WebAttack,seen,binary_f1,0.9978371261989843
gnn_joint,none,2,WebAttack,all,n,414974.0
gnn_joint,none,2,WebAttack,all,n_benign,336907.0
gnn_joint,none,2,WebAttack,all,n_attack,78067.0
gnn_joint,none,2,WebAttack,all,accuracy,0.8627914037987923
gnn_joint,none,2,WebAttack,all,macro_f1,0.3874344433786504
gnn_joint,none,2,WebAttack,all,fpr,0.00023745425295407932
gnn_joint,none,2,WebAttack,all,detection_rate,0.5153137689420626
gnn_joint,none,2,WebAttack,all,binary_f1,0.6796816922349125
gnn_joint,none,3,Infiltration,task0,n,138702.0
gnn_joint,none,3,Infiltration,task0,n_benign,137344.0
gnn_joint,none,3,Infiltration,task0,n_attack,1358.0
gnn_joint,none,3,Infiltration,task0,accuracy,0.9998558059725167
gnn_joint,none,3,Infiltration,task0,macro_f1,0.9992303139701932
gnn_joint,none,3,Infiltration,task0,fpr,0.00012377679403541473
gnn_joint,none,3,Infiltration,task0,detection_rate,0.9992636229749632
gnn_joint,none,3,Infiltration,task0,binary_f1,0.9934114202049781
gnn_joint,none,3,Infiltration,task0,category_recall,0.9977908689248896
gnn_joint,none,3,Infiltration,task1,n,96639.0
gnn_joint,none,3,Infiltration,task1,n_benign,76782.0
gnn_joint,none,3,Infiltration,task1,n_attack,19857.0
gnn_joint,none,3,Infiltration,task1,accuracy,0.998654787404671
gnn_joint,none,3,Infiltration,task1,macro_f1,0.9980067445239585
gnn_joint,none,3,Infiltration,task1,fpr,0.0015498424109817405
gnn_joint,none,3,Infiltration,task1,detection_rate,0.999446039180138
gnn_joint,none,3,Infiltration,task1,binary_f1,0.9967354728542012
gnn_joint,none,3,Infiltration,task1,category_recall,0.999446039180138
gnn_joint,none,3,Infiltration,task2,n,21631.0
gnn_joint,none,3,Infiltration,task2,n_benign,21610.0
gnn_joint,none,3,Infiltration,task2,n_attack,21.0
gnn_joint,none,3,Infiltration,task2,accuracy,0.9993065507835976
gnn_joint,none,3,Infiltration,task2,macro_f1,0.7579951070318132
gnn_joint,none,3,Infiltration,task2,fpr,9.254974548819991e-05
gnn_joint,none,3,Infiltration,task2,detection_rate,0.8095238095238095
gnn_joint,none,3,Infiltration,task2,binary_f1,0.85
gnn_joint,none,3,Infiltration,task2,category_recall,0.38095238095238093
gnn_joint,none,3,Infiltration,task3,n,50445.0
gnn_joint,none,3,Infiltration,task3,n_benign,32949.0
gnn_joint,none,3,Infiltration,task3,n_attack,17496.0
gnn_joint,none,3,Infiltration,task3,accuracy,0.9989097036376251
gnn_joint,none,3,Infiltration,task3,macro_f1,0.998796132048194
gnn_joint,none,3,Infiltration,task3,fpr,0.00021244954323348204
gnn_joint,none,3,Infiltration,task3,detection_rate,0.9972565157750343
gnn_joint,none,3,Infiltration,task3,binary_f1,0.9984263683442534
gnn_joint,none,3,Infiltration,task3,category_recall,0.9972565157750343
gnn_joint,none,3,Infiltration,task4,n,27642.0
gnn_joint,none,3,Infiltration,task4,n_benign,27385.0
gnn_joint,none,3,Infiltration,task4,n_attack,257.0
gnn_joint,none,3,Infiltration,task4,accuracy,0.9907025540843644
gnn_joint,none,3,Infiltration,task4,macro_f1,0.49766478274301706
gnn_joint,none,3,Infiltration,task4,fpr,0.0
gnn_joint,none,3,Infiltration,task4,detection_rate,0.0
gnn_joint,none,3,Infiltration,task4,binary_f1,0.0
gnn_joint,none,3,Infiltration,task4,category_recall,0.0
gnn_joint,none,3,Infiltration,task5,n,51117.0
gnn_joint,none,3,Infiltration,task5,n_benign,31046.0
gnn_joint,none,3,Infiltration,task5,n_attack,20071.0
gnn_joint,none,3,Infiltration,task5,accuracy,0.6073321986814563
gnn_joint,none,3,Infiltration,task5,macro_f1,0.49972635374412466
gnn_joint,none,3,Infiltration,task5,fpr,3.22102686336404e-05
gnn_joint,none,3,Infiltration,task5,detection_rate,0.998355836779433
gnn_joint,none,3,Infiltration,task5,binary_f1,0.9991523310895039
gnn_joint,none,3,Infiltration,task5,category_recall,0.0
gnn_joint,none,3,Infiltration,task6,n,28798.0
gnn_joint,none,3,Infiltration,task6,n_benign,9791.0
gnn_joint,none,3,Infiltration,task6,n_attack,19007.0
gnn_joint,none,3,Infiltration,task6,accuracy,0.3399888881172304
gnn_joint,none,3,Infiltration,task6,macro_f1,0.4987011664035043
gnn_joint,none,3,Infiltration,task6,fpr,0.0
gnn_joint,none,3,Infiltration,task6,detection_rate,0.9973167780291472
gnn_joint,none,3,Infiltration,task6,binary_f1,0.9986565866765008
gnn_joint,none,3,Infiltration,task6,category_recall,0.0
gnn_joint,none,3,Infiltration,seen,n,307417.0
gnn_joint,none,3,Infiltration,seen,n_benign,268685.0
gnn_joint,none,3,Infiltration,seen,n_attack,38732.0
gnn_joint,none,3,Infiltration,seen,accuracy,0.9992843596808244
gnn_joint,none,3,Infiltration,seen,macro_f1,0.9017469762885586
gnn_joint,none,3,Infiltration,seen,fpr,0.0005396654074473826
gnn_joint,none,3,Infiltration,seen,detection_rate,0.998347619539399
gnn_joint,none,3,Infiltration,seen,binary_f1,0.9973047907666516
gnn_joint,none,3,Infiltration,all,n,414974.0
gnn_joint,none,3,Infiltration,all,n_benign,336907.0
gnn_joint,none,3,Infiltration,all,n_attack,78067.0
gnn_joint,none,3,Infiltration,all,accuracy,0.9046783653915667
gnn_joint,none,3,Infiltration,all,macro_f1,0.47792527493534015
gnn_joint,none,3,Infiltration,all,fpr,0.00043335401164119473
gnn_joint,none,3,Infiltration,all,detection_rate,0.9948121485390754
gnn_joint,none,3,Infiltration,all,binary_f1,0.9964651162790698
gnn_joint,none,4,Botnet,task0,n,138702.0
gnn_joint,none,4,Botnet,task0,n_benign,137344.0
gnn_joint,none,4,Botnet,task0,n_attack,1358.0
gnn_joint,none,4,Botnet,task0,accuracy,0.9998558059725167
gnn_joint,none,4,Botnet,task0,macro_f1,0.9966681134113445
gnn_joint,none,4,Botnet,task0,fpr,0.00012377679403541473
gnn_joint,none,4,Botnet,task0,detection_rate,0.9992636229749632
gnn_joint,none,4,Botnet,task0,binary_f1,0.9934114202049781
gnn_joint,none,4,Botnet,task0,category_recall,0.9977908689248896
gnn_joint,none,4,Botnet,task1,n,96639.0
gnn_joint,none,4,Botnet,task1,n_benign,76782.0
gnn_joint,none,4,Botnet,task1,n_attack,19857.0
gnn_joint,none,4,Botnet,task1,accuracy,0.999865478740467
gnn_joint,none,4,Botnet,task1,macro_f1,0.9998191462770323
gnn_joint,none,4,Botnet,task1,fpr,2.6047771613138496e-05
gnn_joint,none,4,Botnet,task1,detection_rate,0.999446039180138
gnn_joint,none,4,Botnet,task1,binary_f1,0.9996725853167108
gnn_joint,none,4,Botnet,task1,category_recall,0.999446039180138
gnn_joint,none,4,Botnet,task2,n,21631.0
gnn_joint,none,4,Botnet,task2,n_benign,21610.0
gnn_joint,none,4,Botnet,task2,n_attack,21.0
gnn_joint,none,4,Botnet,task2,accuracy,0.999399010679118
gnn_joint,none,4,Botnet,task2,macro_f1,0.7757117208518078
gnn_joint,none,4,Botnet,task2,fpr,0.0
gnn_joint,none,4,Botnet,task2,detection_rate,0.38095238095238093
gnn_joint,none,4,Botnet,task2,binary_f1,0.5517241379310345
gnn_joint,none,4,Botnet,task2,category_recall,0.38095238095238093
gnn_joint,none,4,Botnet,task3,n,50445.0
gnn_joint,none,4,Botnet,task3,n_benign,32949.0
gnn_joint,none,4,Botnet,task3,n_attack,17496.0
gnn_joint,none,4,Botnet,task3,accuracy,0.999781940727525
gnn_joint,none,4,Botnet,task3,macro_f1,0.9997736578750196
gnn_joint,none,4,Botnet,task3,fpr,0.00024279947798112235
gnn_joint,none,4,Botnet,task3,detection_rate,0.9998285322359396
gnn_joint,none,4,Botnet,task3,binary_f1,0.9996856873446296
gnn_joint,none,4,Botnet,task3,category_recall,0.9998285322359396
gnn_joint,none,4,Botnet,task4,n,27642.0
gnn_joint,none,4,Botnet,task4,n_benign,27385.0
gnn_joint,none,4,Botnet,task4,n_attack,257.0
gnn_joint,none,4,Botnet,task4,accuracy,1.0
gnn_joint,none,4,Botnet,task4,macro_f1,1.0
gnn_joint,none,4,Botnet,task4,fpr,0.0
gnn_joint,none,4,Botnet,task4,detection_rate,1.0
gnn_joint,none,4,Botnet,task4,binary_f1,1.0
gnn_joint,none,4,Botnet,task4,category_recall,1.0
gnn_joint,none,4,Botnet,task5,n,51117.0
gnn_joint,none,4,Botnet,task5,n_benign,31046.0
gnn_joint,none,4,Botnet,task5,n_attack,20071.0
gnn_joint,none,4,Botnet,task5,accuracy,0.6071365690474793
gnn_joint,none,4,Botnet,task5,macro_f1,0.4997101729301517
gnn_joint,none,4,Botnet,task5,fpr,0.00035431295497004447
gnn_joint,none,4,Botnet,task5,detection_rate,0.9987544218026008
gnn_joint,none,4,Botnet,task5,binary_f1,0.9991028708133971
gnn_joint,none,4,Botnet,task5,category_recall,0.0
gnn_joint,none,4,Botnet,task6,n,28798.0
gnn_joint,none,4,Botnet,task6,n_benign,9791.0
gnn_joint,none,4,Botnet,task6,n_attack,19007.0
gnn_joint,none,4,Botnet,task6,accuracy,0.3399888881172304
gnn_joint,none,4,Botnet,task6,macro_f1,0.5
gnn_joint,none,4,Botnet,task6,fpr,0.0
gnn_joint,none,4,Botnet,task6,detection_rate,1.0
gnn_joint,none,4,Botnet,task6,binary_f1,1.0
gnn_joint,none,4,Botnet,task6,category_recall,0.0
gnn_joint,none,4,Botnet,seen,n,335059.0
gnn_joint,none,4,Botnet,seen,n_benign,296070.0
gnn_joint,none,4,Botnet,seen,n_attack,38989.0
gnn_joint,none,4,Botnet,seen,accuracy,0.9998298807075768
gnn_joint,none,4,Botnet,seen,macro_f1,0.9237284371209996
gnn_joint,none,4,Botnet,seen,fpr,9.119464991387172e-05
gnn_joint,none,4,Botnet,seen,detection_rate,0.9992818487265639
gnn_joint,none,4,Botnet,seen,binary_f1,0.9992946638111238
gnn_joint,none,4,Botnet,all,n,414974.0
gnn_joint,none,4,Botnet,all,n_benign,336907.0
gnn_joint,none,4,Botnet,all,n_attack,78067.0
gnn_joint,none,4,Botnet,all,accuracy,0.9056663790984495
gnn_joint,none,4,Botnet,all,macro_f1,0.6042250656172866
gnn_joint,none,4,Botnet,all,fpr,0.00011279077015318768
gnn_joint,none,4,Botnet,all,detection_rate,0.9993210959816567
gnn_joint,none,4,Botnet,all,binary_f1,0.9994171113061191
gnn_joint,none,5,PortScan,task0,n,138702.0
gnn_joint,none,5,PortScan,task0,n_benign,137344.0
gnn_joint,none,5,PortScan,task0,n_attack,1358.0
gnn_joint,none,5,PortScan,task0,accuracy,0.9998558059725167
gnn_joint,none,5,PortScan,task0,macro_f1,0.9992303139701932
gnn_joint,none,5,PortScan,task0,fpr,0.00012377679403541473
gnn_joint,none,5,PortScan,task0,detection_rate,0.9992636229749632
gnn_joint,none,5,PortScan,task0,binary_f1,0.9934114202049781
gnn_joint,none,5,PortScan,task0,category_recall,0.9977908689248896
gnn_joint,none,5,PortScan,task1,n,96639.0
gnn_joint,none,5,PortScan,task1,n_benign,76782.0
gnn_joint,none,5,PortScan,task1,n_attack,19857.0
gnn_joint,none,5,PortScan,task1,accuracy,0.9986858307722555
gnn_joint,none,5,PortScan,task1,macro_f1,0.9980165274022684
gnn_joint,none,5,PortScan,task1,fpr,0.0015107707535620327
gnn_joint,none,5,PortScan,task1,detection_rate,0.999446039180138
gnn_joint,none,5,PortScan,task1,binary_f1,0.9968105678193827
gnn_joint,none,5,PortScan,task1,category_recall,0.999446039180138
gnn_joint,none,5,PortScan,task2,n,21631.0
gnn_joint,none,5,PortScan,task2,n_benign,21610.0
gnn_joint,none,5,PortScan,task2,n_attack,21.0
gnn_joint,none,5,PortScan,task2,accuracy,0.9992603208358375
gnn_joint,none,5,PortScan,task2,macro_f1,0.7498149433263936
gnn_joint,none,5,PortScan,task2,fpr,0.00013882461823229986
gnn_joint,none,5,PortScan,task2,detection_rate,0.38095238095238093
gnn_joint,none,5,PortScan,task2,binary_f1,0.5
gnn_joint,none,5,PortScan,task2,category_recall,0.38095238095238093
gnn_joint,none,5,PortScan,task3,n,50445.0
gnn_joint,none,5,PortScan,task3,n_benign,32949.0
gnn_joint,none,5,PortScan,task3,n_attack,17496.0
gnn_joint,none,5,PortScan,task3,accuracy,0.9845970859351769
gnn_joint,none,5,PortScan,task3,macro_f1,0.9884360267322374
gnn_joint,none,5,PortScan,task3,fpr,0.00018209960848584176
gnn_joint,none,5,PortScan,task3,detection_rate,0.9986282578875172
gnn_joint,none,5,PortScan,task3,binary_f1,0.9991422199348087
gnn_joint,none,5,PortScan,task3,category_recall,0.9559327846364883
gnn_joint,none,5,PortScan,task4,n,27642.0
gnn_joint,none,5,PortScan,task4,n_benign,27385.0
gnn_joint,none,5,PortScan,task4,n_attack,257.0
gnn_joint,none,5,PortScan,task4,accuracy,1.0
gnn_joint,none,5,PortScan,task4,macro_f1,1.0
gnn_joint,none,5,PortScan,task4,fpr,0.0
gnn_joint,none,5,PortScan,task4,detection_rate,1.0
gnn_joint,none,5,PortScan,task4,binary_f1,1.0
gnn_joint,none,5,PortScan,task4,category_recall,1.0
gnn_joint,none,5,PortScan,task5,n,51117.0
gnn_joint,none,5,PortScan,task5,n_benign,31046.0
gnn_joint,none,5,PortScan,task5,n_attack,20071.0
gnn_joint,none,5,PortScan,task5,accuracy,0.9994326740614669
gnn_joint,none,5,PortScan,task5,macro_f1,0.9994175816031411
gnn_joint,none,5,PortScan,task5,fpr,6.44205372672808e-05
gnn_joint,none,5,PortScan,task5,detection_rate,0.9986547755468088
gnn_joint,none,5,PortScan,task5,binary_f1,0.9992771144402622
gnn_joint,none,5,PortScan,task5,category_recall,0.9986547755468088
gnn_joint,none,5,PortScan,task6,n,28798.0
gnn_joint,none,5,PortScan,task6,n_benign,9791.0
gnn_joint,none,5,PortScan,task6,n_attack,19007.0
gnn_joint,none,5,PortScan,task6,accuracy,0.3399888881172304
gnn_joint,none,5,PortScan,task6,macro_f1,0.4980162767039674
gnn_joint,none,5,PortScan,task6,fpr,0.0
gnn_joint,none,5,PortScan,task6,detection_rate,0.9958962487504603
gnn_joint,none,5,PortScan,task6,binary_f1,0.9979439055250949
gnn_joint,none,5,PortScan,task6,category_recall,0.0
gnn_joint,none,5,PortScan,seen,n,386176.0
gnn_joint,none,5,PortScan,seen,n_benign,327116.0
gnn_joint,none,5,PortScan,seen,n_attack,59060.0
gnn_joint,none,5,PortScan,seen,accuracy,0.9974907814053696
gnn_joint,none,5,PortScan,seen,macro_f1,0.9090407582976197
gnn_joint,none,5,PortScan,seen,fpr,0.0004402108120666675
gnn_joint,none,5,PortScan,seen,detection_rate,0.9987131730443617
gnn_joint,none,5,PortScan,seen,binary_f1,0.9981385589061496
gnn_joint,none,5,PortScan,all,n,414974.0
gnn_joint,none,5,PortScan,all,n_benign,336907.0
gnn_joint,none,5,PortScan,all,n_attack,78067.0
gnn_joint,none,5,PortScan,all,accuracy,0.9518620443690448
gnn_joint,none,5,PortScan,all,macro_f1,0.7552770905106783
gnn_joint,none,5,PortScan,all,fpr,0.0004274176553173428
gnn_joint,none,5,PortScan,all,detection_rate,0.9980273354938707
gnn_joint,none,5,PortScan,all,binary_f1,0.9980912607927033
gnn_joint,none,6,DDoS,task0,n,138702.0
gnn_joint,none,6,DDoS,task0,n_benign,137344.0
gnn_joint,none,6,DDoS,task0,n_attack,1358.0
gnn_joint,none,6,DDoS,task0,accuracy,0.9998702253752649
gnn_joint,none,6,DDoS,task0,macro_f1,0.9979488850220954
gnn_joint,none,6,DDoS,task0,fpr,0.00012377679403541473
gnn_joint,none,6,DDoS,task0,detection_rate,0.9992636229749632
gnn_joint,none,6,DDoS,task0,binary_f1,0.9934114202049781
gnn_joint,none,6,DDoS,task0,category_recall,0.9992636229749632
gnn_joint,none,6,DDoS,task1,n,96639.0
gnn_joint,none,6,DDoS,task1,n_benign,76782.0
gnn_joint,none,6,DDoS,task1,n_attack,19857.0
gnn_joint,none,6,DDoS,task1,accuracy,0.9971854013390039
gnn_joint,none,6,DDoS,task1,macro_f1,0.9957720071829512
gnn_joint,none,6,DDoS,task1,fpr,0.003399234195514574
gnn_joint,none,6,DDoS,task1,detection_rate,0.999446039180138
gnn_joint,none,6,DDoS,task1,binary_f1,0.9931938744870383
gnn_joint,none,6,DDoS,task1,category_recall,0.999446039180138
gnn_joint,none,6,DDoS,task2,n,21631.0
gnn_joint,none,6,DDoS,task2,n_benign,21610.0
gnn_joint,none,6,DDoS,task2,n_attack,21.0
gnn_joint,none,6,DDoS,task2,accuracy,0.999399010679118
gnn_joint,none,6,DDoS,task2,macro_f1,0.7757117208518078
gnn_joint,none,6,DDoS,task2,fpr,0.0
gnn_joint,none,6,DDoS,task2,detection_rate,0.38095238095238093
gnn_joint,none,6,DDoS,task2,binary_f1,0.5517241379310345
gnn_joint,none,6,DDoS,task2,category_recall,0.38095238095238093
gnn_joint,none,6,DDoS,task3,n,50445.0
gnn_joint,none,6,DDoS,task3,n_benign,32949.0
gnn_joint,none,6,DDoS,task3,n_attack,17496.0
gnn_joint,none,6,DDoS,task3,accuracy,0.9775200713648529
gnn_joint,none,6,DDoS,task3,macro_f1,0.9826729481823169
gnn_joint,none,6,DDoS,task3,fpr,9.104980424292088e-05
gnn_joint,none,6,DDoS,task3,detection_rate,0.9957704618198445
gnn_joint,none,6,DDoS,task3,binary_f1,0.9977950230520317
gnn_joint,none,6,DDoS,task3,category_recall,0.9353566529492455
gnn_joint,none,6,DDoS,task4,n,27642.0
gnn_joint,none,6,DDoS,task4,n_benign,27385.0
gnn_joint,none,6,DDoS,task4,n_attack,257.0
gnn_joint,none,6,DDoS,task4,accuracy,1.0
gnn_joint,none,6,DDoS,task4,macro_f1,1.0
gnn_joint,none,6,DDoS,task4,fpr,0.0
gnn_joint,none,6,DDoS,task4,detection_rate,1.0
gnn_joint,none,6,DDoS,task4,binary_f1,1.0
gnn_joint,none,6,DDoS,task4,category_recall,1.0
gnn_joint,none,6,DDoS,task5,n,51117.0
gnn_joint,none,6,DDoS,task5,n_benign,31046.0
gnn_joint,none,6,DDoS,task5,n_attack,20071.0
gnn_joint,none,6,DDoS,task5,accuracy,0.9994522370248645
gnn_joint,none,6,DDoS,task5,macro_f1,0.9994256345576866
gnn_joint,none,6,DDoS,task5,fpr,3.22102686336404e-05
gnn_joint,none,6,DDoS,task5,detection_rate,0.9986547755468088
gnn_joint,none,6,DDoS,task5,binary_f1,0.9993020241300229
gnn_joint,none,6,DDoS,task5,category_recall,0.9986547755468088
gnn_joint,none,6,DDoS,task6,n,28798.0
gnn_joint,none,6,DDoS,task6,n_benign,9791.0
gnn_joint,none,6,DDoS,task6,n_attack,19007.0
gnn_joint,none,6,DDoS,task6,accuracy,0.9996874782971039
gnn_joint,none,6,DDoS,task6,macro_f1,0.999664889201183
gnn_joint,none,6,DDoS,task6,fpr,0.0009192115207843939
gnn_joint,none,6,DDoS,task6,detection_rate,1.0
gnn_joint,none,6,DDoS,task6,binary_f1,0.9997633011598244
gnn_joint,none,6,DDoS,task6,category_recall,1.0
gnn_joint,none,6,DDoS,seen,n,414974.0
gnn_joint,none,6,DDoS,seen,n_benign,336907.0
gnn_joint,none,6,DDoS,seen,n_attack,78067.0
gnn_joint,none,6,DDoS,seen,accuracy,0.9964479702342798
gnn_joint,none,6,DDoS,seen,macro_f1,0.9220066208544675
gnn_joint,none,6,DDoS,seen,fpr,0.0008637398451204635
gnn_joint,none,6,DDoS,seen,detection_rate,0.9983860017677123
gnn_joint,none,6,DDoS,seen,binary_f1,0.9973320366732993
gnn_joint,none,6,DDoS,all,n,414974.0
gnn_joint,none,6,DDoS,all,n_benign,336907.0
gnn_joint,none,6,DDoS,all,n_attack,78067.0
gnn_joint,none,6,DDoS,all,accuracy,0.9964479702342798
gnn_joint,none,6,DDoS,all,macro_f1,0.9220066208544675
gnn_joint,none,6,DDoS,all,fpr,0.0008637398451204635
gnn_joint,none,6,DDoS,all,detection_rate,0.9983860017677123
gnn_joint,none,6,DDoS,all,binary_f1,0.9973320366732993
ffnn_joint,none,0,BruteForce,task0,n,138702.0
ffnn_joint,none,0,BruteForce,task0,n_benign,137344.0
ffnn_joint,none,0,BruteForce,task0,n_attack,1358.0
ffnn_joint,none,0,BruteForce,task0,accuracy,0.9999062738821358
ffnn_joint,none,0,BruteForce,task0,macro_f1,0.9975733802508044
ffnn_joint,none,0,BruteForce,task0,fpr,7.28098788443616e-06
ffnn_joint,none,0,BruteForce,task0,detection_rate,0.9911634756995582
ffnn_joint,none,0,BruteForce,task0,binary_f1,0.9951940850277264
ffnn_joint,none,0,BruteForce,task0,category_recall,0.9911634756995582
ffnn_joint,none,0,BruteForce,task1,n,96639.0
ffnn_joint,none,0,BruteForce,task1,n_benign,76782.0
ffnn_joint,none,0,BruteForce,task1,n_attack,19857.0
ffnn_joint,none,0,BruteForce,task1,accuracy,0.7945239499580915
ffnn_joint,none,0,BruteForce,task1,macro_f1,0.44274914802705556
ffnn_joint,none,0,BruteForce,task1,fpr,0.0
ffnn_joint,none,0,BruteForce,task1,detection_rate,0.0
ffnn_joint,none,0,BruteForce,task1,binary_f1,0.0
ffnn_joint,none,0,BruteForce,task1,category_recall,0.0
ffnn_joint,none,0,BruteForce,task2,n,21631.0
ffnn_joint,none,0,BruteForce,task2,n_benign,21610.0
ffnn_joint,none,0,BruteForce,task2,n_attack,21.0
ffnn_joint,none,0,BruteForce,task2,accuracy,0.9990291710970367
ffnn_joint,none,0,BruteForce,task2,macro_f1,0.4997571749034481
ffnn_joint,none,0,BruteForce,task2,fpr,0.0
ffnn_joint,none,0,BruteForce,task2,detection_rate,0.0
ffnn_joint,none,0,BruteForce,task2,binary_f1,0.0
ffnn_joint,none,0,BruteForce,task2,category_recall,0.0
ffnn_joint,none,0,BruteForce,task3,n,50445.0
ffnn_joint,none,0,BruteForce,task3,n_benign,32949.0
ffnn_joint,none,0,BruteForce,task3,n_attack,17496.0
ffnn_joint,none,0,BruteForce,task3,accuracy,0.6531668153434433
ffnn_joint,none,0,BruteForce,task3,macro_f1,0.39510036693287287
ffnn_joint,none,0,BruteForce,task3,fpr,0.0
ffnn_joint,none,0,BruteForce,task3,detection_rate,0.0
ffnn_joint,none,0,BruteForce,task3,binary_f1,0.0
ffnn_joint,none,0,BruteForce,task3,category_recall,0.0
ffnn_joint,none,0,BruteForce,task4,n,27642.0
ffnn_joint,none,0,BruteForce,task4,n_benign,27385.0
ffnn_joint,none,0,BruteForce,task4,n_attack,257.0
ffnn_joint,none,0,BruteForce,task4,accuracy,0.9907025540843644
ffnn_joint,none,0,BruteForce,task4,macro_f1,0.49766478274301706
ffnn_joint,none,0,BruteForce,task4,fpr,0.0
ffnn_joint,none,0,BruteForce,task4,detection_rate,0.0
ffnn_joint,none,0,BruteForce,task4,binary_f1,0.0
ffnn_joint,none,0,BruteForce,task4,category_recall,0.0
ffnn_joint,none,0,BruteForce,task5,n,51117.0
ffnn_joint,none,0,BruteForce,task5,n_benign,31046.0
ffnn_joint,none,0,BruteForce,task5,n_attack,20071.0
ffnn_joint,none,0,BruteForce,task5,accuracy,0.6073517616448539
ffnn_joint,none,0,BruteForce,task5,macro_f1,0.37785864683616716
ffnn_joint,none,0,BruteForce,task5,fpr,0.0
ffnn_joint,none,0,BruteForce,task5,detection_rate,0.0
ffnn_joint,none,0,BruteForce,task5,binary_f1,0.0
ffnn_joint,none,0,BruteForce,task5,category_recall,0.0
ffnn_joint,none,0,BruteForce,task6,n,28798.0
ffnn_joint,none,0,BruteForce,task6,n_benign,9791.0
ffnn_joint,none,0,BruteForce,task6,n_attack,19007.0
ffnn_joint,none,0,BruteForce,task6,accuracy,0.33991943884992015
ffnn_joint,none,0,BruteForce,task6,macro_f1,0.2536864747194651
ffnn_joint,none,0,BruteForce,task6,fpr,0.0002042692268409764
ffnn_joint,none,0,BruteForce,task6,detection_rate,0.0
ffnn_joint,none,0,BruteForce,task6,binary_f1,0.0
ffnn_joint,none,0,BruteForce,task6,category_recall,0.0
ffnn_joint,none,0,BruteForce,seen,n,138702.0
ffnn_joint,none,0,BruteForce,seen,n_benign,137344.0
ffnn_joint,none,0,BruteForce,seen,n_attack,1358.0
ffnn_joint,none,0,BruteForce,seen,accuracy,0.9999062738821358
ffnn_joint,none,0,BruteForce,seen,macro_f1,0.9975733802508044
ffnn_joint,none,0,BruteForce,seen,fpr,7.28098788443616e-06
ffnn_joint,none,0,BruteForce,seen,detection_rate,0.9911634756995582
ffnn_joint,none,0,BruteForce,seen,binary_f1,0.9951940850277264
ffnn_joint,none,0,BruteForce,all,n,414974.0
ffnn_joint,none,0,BruteForce,all,n_benign,336907.0
ffnn_joint,none,0,BruteForce,all,n_attack,78067.0
ffnn_joint,none,0,BruteForce,all,accuracy,0.8151113081783437
ffnn_joint,none,0,BruteForce,all,macro_f1,0.23652908203042483
ffnn_joint,none,0,BruteForce,all,fpr,8.904534485777975e-06
ffnn_joint,none,0,BruteForce,all,detection_rate,0.017241600163961725
ffnn_joint,none,0,BruteForce,all,binary_f1,0.03389745139518485
ffnn_joint,none,1,DoS,task0,n,138702.0
ffnn_joint,none,1,DoS,task0,n_benign,137344.0
ffnn_joint,none,1,DoS,task0,n_attack,1358.0
ffnn_joint,none,1,DoS,task0,accuracy,0.9999711611945034
ffnn_joint,none,1,DoS,task0,macro_f1,0.9996242591742379
ffnn_joint,none,1,DoS,task0,fpr,1.456197576887232e-05
ffnn_joint,none,1,DoS,task0,detection_rate,0.9985272459499264
ffnn_joint,none,1,DoS,task0,binary_f1,0.9985272459499264
ffnn_joint,none,1,DoS,task0,category_recall,0.9985272459499264
ffnn_joint,none,1,DoS,task1,n,96639.0
ffnn_joint,none,1,DoS,task1,n_benign,76782.0
ffnn_joint,none,1,DoS,task1,n_attack,19857.0
ffnn_joint,none,1,DoS,task1,accuracy,0.9283622554041329
ffnn_joint,none,1,DoS,task1,macro_f1,0.8728687729012945
ffnn_joint,none,1,DoS,task1,fpr,0.0
ffnn_joint,none,1,DoS,task1,detection_rate,0.6513572040086619
ffnn_joint,none,1,DoS,task1,binary_f1,0.7888749961879784
ffnn_joint,none,1,DoS,task1,category_recall,0.6513572040086619
ffnn_joint,none,1,DoS,task2,n,21631.0
ffnn_joint,none,1,DoS,task2,n_benign,21610.0
ffnn_joint,none,1,DoS,task2,n_attack,21.0
ffnn_joint,none,1,DoS,task2,accuracy,0.9990291710970367
ffnn_joint,none,1,DoS,task2,macro_f1,0.4997571749034481
ffnn_joint,none,1,DoS,task2,fpr,0.0
ffnn_joint,none,1,DoS,task2,detection_rate,0.0
ffnn_joint,none,1,DoS,task2,binary_f1,0.0
ffnn_joint,none,1,DoS,task2,category_recall,0.0
ffnn_joint,none,1,DoS,task3,n,50445.0
ffnn_joint,none,1,DoS,task3,n_benign,32949.0
ffnn_joint,none,1,DoS,task3,n_attack,17496.0
ffnn_joint,none,1,DoS,task3,accuracy,0.6531668153434433
ffnn_joint,none,1,DoS,task3,macro_f1,0.39511931886317303
ffnn_joint,none,1,DoS,task3,fpr,0.0
ffnn_joint,none,1,DoS,task3,detection_rate,0.00022862368541380886
ffnn_joint,none,1,DoS,task3,binary_f1,0.00045714285714285713
ffnn_joint,none,1,DoS,task3,category_recall,0.0
ffnn_joint,none,1,DoS,task4,n,27642.0
ffnn_joint,none,1,DoS,task4,n_benign,27385.0
ffnn_joint,none,1,DoS,task4,n_attack,257.0
ffnn_joint,none,1,DoS,task4,accuracy,0.9907025540843644
ffnn_joint,none,1,DoS,task4,macro_f1,0.49766478274301706
ffnn_joint,none,1,DoS,task4,fpr,0.0
ffnn_joint,none,1,DoS,task4,detection_rate,0.0
ffnn_joint,none,1,DoS,task4,binary_f1,0.0
ffnn_joint,none,1,DoS,task4,category_recall,0.0
ffnn_joint,none,1,DoS,task5,n,51117.0
ffnn_joint,none,1,DoS,task5,n_benign,31046.0
ffnn_joint,none,1,DoS,task5,n_attack,20071.0
ffnn_joint,none,1,DoS,task5,accuracy,0.6073517616448539
ffnn_joint,none,1,DoS,task5,macro_f1,0.3779460459680561
ffnn_joint,none,1,DoS,task5,fpr,0.0
ffnn_joint,none,1,DoS,task5,detection_rate,0.0009466394300234168
ffnn_joint,none,1,DoS,task5,binary_f1,0.0018914883026381285
ffnn_joint,none,1,DoS,task5,category_recall,0.0
ffnn_joint,none,1,DoS,task6,n,28798.0
ffnn_joint,none,1,DoS,task6,n_benign,9791.0
ffnn_joint,none,1,DoS,task6,n_attack,19007.0
ffnn_joint,none,1,DoS,task6,accuracy,0.3399888881172304
ffnn_joint,none,1,DoS,task6,macro_f1,0.31157713849287166
ffnn_joint,none,1,DoS,task6,fpr,0.0
ffnn_joint,none,1,DoS,task6,detection_rate,0.37696638080707107
ffnn_joint,none,1,DoS,task6,binary_f1,0.5475317132813694
ffnn_joint,none,1,DoS,task6,category_recall,0.0
ffnn_joint,none,1,DoS,seen,n,235341.0
ffnn_joint,none,1,DoS,seen,n_benign,214126.0
ffnn_joint,none,1,DoS,seen,n_attack,21215.0
ffnn_joint,none,1,DoS,seen,accuracy,0.9705661147016457
ffnn_joint,none,1,DoS,seen,macro_f1,0.9240574099551915
ffnn_joint,none,1,DoS,seen,fpr,9.340294966515043e-06
ffnn_joint,none,1,DoS,seen,detection_rate,0.673580014140938
ffnn_joint,none,1,DoS,seen,binary_f1,0.8049117075506238
ffnn_joint,none,1,DoS,all,n,414974.0
ffnn_joint,none,1,DoS,all,n_benign,336907.0
ffnn_joint,none,1,DoS,all,n_attack,78067.0
ffnn_joint,none,1,DoS,all,accuracy,0.8463060336310226
ffnn_joint,none,1,DoS,all,macro_f1,0.32109888144693466
ffnn_joint,none,1,DoS,all,fpr,5.936356323851983e-06
ffnn_joint,none,1,DoS,all,detection_rate,0.2751226510561441
ffnn_joint,none,1,DoS,all,binary_f1,0.4315147618712769
ffnn_joint,none,2,WebAttack,task0,n,138702.0
ffnn_joint,none,2,WebAttack,task0,n_benign,137344.0
ffnn_joint,none,2,WebAttack,task0,n_attack,1358.0
ffnn_joint,none,2,WebAttack,task0,accuracy,0.9999855805972516
ffnn_joint,none,2,WebAttack,task0,macro_f1,0.9996278996946864
ffnn_joint,none,2,WebAttack,task0,fpr,0.0
ffnn_joint,none,2,WebAttack,task0,detection_rate,0.9985272459499264
ffnn_joint,none,2,WebAttack,task0,binary_f1,0.9992630803242447
ffnn_joint,none,2,WebAttack,task0,category_recall,0.9985272459499264
ffnn_joint,none,2,WebAttack,task1,n,96639.0
ffnn_joint,none,2,WebAttack,task1,n_benign,76782.0
ffnn_joint,none,2,WebAttack,task1,n_attack,19857.0
ffnn_joint,none,2,WebAttack,task1,accuracy,0.9275137366901561
ffnn_joint,none,2,WebAttack,task1,macro_f1,0.8711063276545175
ffnn_joint,none,2,WebAttack,task1,fpr,0.0
ffnn_joint,none,2,WebAttack,task1,detection_rate,0.6472276778969633
ffnn_joint,none,2,WebAttack,task1,binary_f1,0.785838759974319
ffnn_joint,none,2,WebAttack,task1,category_recall,0.6472276778969633
ffnn_joint,none,2,WebAttack,task2,n,21631.0
ffnn_joint,none,2,WebAttack,task2,n_benign,21610.0
ffnn_joint,none,2,WebAttack,task2,n_attack,21.0
ffnn_joint,none,2,WebAttack,task2,accuracy,0.999399010679118
ffnn_joint,none,2,WebAttack,task2,macro_f1,0.7757117208518078
ffnn_joint,none,2,WebAttack,task2,fpr,0.0
ffnn_joint,none,2,WebAttack,task2,detection_rate,0.38095238095238093
ffnn_joint,none,2,WebAttack,task2,binary_f1,0.5517241379310345
ffnn_joint,none,2,WebAttack,task2,category_recall,0.38095238095238093
ffnn_joint,none,2,WebAttack,task3,n,50445.0
ffnn_joint,none,2,WebAttack,task3,n_benign,32949.0
ffnn_joint,none,2,WebAttack,task3,n_attack,17496.0
ffnn_joint,none,2,WebAttack,task3,accuracy,0.6531668153434433
ffnn_joint,none,2,WebAttack,task3,macro_f1,0.39510036693287287
ffnn_joint,none,2,WebAttack,task3,fpr,0.0
ffnn_joint,none,2,WebAttack,task3,detection_rate,0.0
ffnn_joint,none,2,WebAttack,task3,binary_f1,0.0
ffnn_joint,none,2,WebAttack,task3,category_recall,0.0
ffnn_joint,none,2,WebAttack,task4,n,27642.0
ffnn_joint,none,2,WebAttack,task4,n_benign,27385.0
ffnn_joint,none,2,WebAttack,task4,n_attack,257.0
ffnn_joint,none,2,WebAttack,task4,accuracy,0.9907025540843644
ffnn_joint,none,2,WebAttack,task4,macro_f1,0.49766478274301706
ffnn_joint,none,2,WebAttack,task4,fpr,0.0
ffnn_joint,none,2,WebAttack,task4,detection_rate,0.0
ffnn_joint,none,2,WebAttack,task4,binary_f1,0.0
ffnn_joint,none,2,WebAttack,task4,category_recall,0.0
ffnn_joint,none,2,WebAttack,task5,n,51117.0
ffnn_joint,none,2,WebAttack,task5,n_benign,31046.0
ffnn_joint,none,2,WebAttack,task5,n_attack,20071.0
ffnn_joint,none,2,WebAttack,task5,accuracy,0.6073517616448539
ffnn_joint,none,2,WebAttack,task5,macro_f1,0.37798285769942536
ffnn_joint,none,2,WebAttack,task5,fpr,0.0
ffnn_joint,none,2,WebAttack,task5,detection_rate,0.0013452244531911713
ffnn_joint,none,2,WebAttack,task5,binary_f1,0.0026868345108966066
ffnn_joint,none,2,WebAttack,task5,category_recall,0.0
ffnn_joint,none,2,WebAttack,task6,n,28798.0
ffnn_joint,none,2,WebAttack,task6,n_benign,9791.0
ffnn_joint,none,2,WebAttack,task6,n_attack,19007.0
ffnn_joint,none,2,WebAttack,task6,accuracy,0.3399888881172304
ffnn_joint,none,2,WebAttack,task6,macro_f1,0.3255094916719306
ffnn_joint,none,2,WebAttack,task6,fpr,0.0
ffnn_joint,none,2,WebAttack,task6,detection_rate,0.44772978376387645
ffnn_joint,none,2,WebAttack,task6,binary_f1,0.6185267289312062
ffnn_joint,none,2,WebAttack,task6,category_recall,0.0
ffnn_joint,none,2,WebAttack,seen,n,256972.0
ffnn_joint,none,2,WebAttack,seen,n_benign,235736.0
ffnn_joint,none,2,WebAttack,seen,n_attack,21236.0
ffnn_joint,none,2,WebAttack,seen,accuracy,0.9726818486060738
ffnn_joint,none,2,WebAttack,seen,macro_f1,0.8305387216374762
ffnn_joint,none,2,WebAttack,seen,fpr,0.0
ffnn_joint,none,2,WebAttack,seen,detection_rate,0.6694292710491618
ffnn_joint,none,2,WebAttack,seen,binary_f1,0.8019857835947196
ffnn_joint,none,2,WebAttack,all,n,414974.0
ffnn_joint,none,2,WebAttack,all,n_benign,336907.0
ffnn_joint,none,2,WebAttack,all,n_attack,78067.0
ffnn_joint,none,2,WebAttack,all,accuracy,0.8461325287849359
ffnn_joint,none,2,WebAttack,all,macro_f1,0.38728896229836707
ffnn_joint,none,2,WebAttack,all,fpr,0.0
ffnn_joint,none,2,WebAttack,all,detection_rate,0.2914547760257215
ffnn_joint,none,2,WebAttack,all,binary_f1,0.45135885736956954
ffnn_joint,none,3,Infiltration,task0,n,138702.0
ffnn_joint,none,3,Infiltration,task0,n_benign,137344.0
ffnn_joint,none,3,Infiltration,task0,n_attack,1358.0
ffnn_joint,none,3,Infiltration,task0,accuracy,0.99991348358351
ffnn_joint,none,3,Infiltration,task0,macro_f1,0.9994252630833642
ffnn_joint,none,3,Infiltration,task0,fpr,6.552889095992544e-05
ffnn_joint,none,3,Infiltration,task0,detection_rate,0.9977908689248896
ffnn_joint,none,3,Infiltration,task0,binary_f1,0.9955914768552535
ffnn_joint,none,3,Infiltration,task0,category_recall,0.9977908689248896
ffnn_joint,none,3,Infiltration,task1,n,96639.0
ffnn_joint,none,3,Infiltration,task1,n_benign,76782.0
ffnn_joint,none,3,Infiltration,task1,n_attack,19857.0
ffnn_joint,none,3,Infiltration,task1,accuracy,0.9277103446848581
ffnn_joint,none,3,Infiltration,task1,macro_f1,0.8715701513345353
ffnn_joint,none,3,Infiltration,task1,fpr,3.907165741970774e-05
ffnn_joint,none,3,Infiltration,task1,detection_rate,0.6483355995366873
ffnn_joint,none,3,Infiltration,task1,binary_f1,0.7865827579886356
ffnn_joint,none,3,Infiltration,task1,category_recall,0.6483355995366873
ffnn_joint,none,3,Infiltration,task2,n,21631.0
ffnn_joint,none,3,Infiltration,task2,n_benign,21610.0
ffnn_joint,none,3,Infiltration,task2,n_attack,21.0
ffnn_joint,none,3,Infiltration,task2,accuracy,0.999399010679118
ffnn_joint,none,3,Infiltration,task2,macro_f1,0.7757117208518078
ffnn_joint,none,3,Infiltration,task2,fpr,0.0
ffnn_joint,none,3,Infiltration,task2,detection_rate,0.38095238095238093
ffnn_joint,none,3,Infiltration,task2,binary_f1,0.5517241379310345
ffnn_joint,none,3,Infiltration,task2,category_recall,0.38095238095238093
ffnn_joint,none,3,Infiltration,task3,n,50445.0
ffnn_joint,none,3,Infiltration,task3,n_benign,32949.0
ffnn_joint,none,3,Infiltration,task3,n_attack,17496.0
ffnn_joint,none,3,Infiltration,task3,accuracy,0.99932599861235
ffnn_joint,none,3,Infiltration,task3,macro_f1,0.9992559207292504
ffnn_joint,none,3,Infiltration,task3,fpr,9.104980424292088e-05
ffnn_joint,none,3,Infiltration,task3,detection_rate,0.998228166438043
ffnn_joint,none,3,Infiltration,task3,binary_f1,0.999027571216108
ffnn_joint,none,3,Infiltration,task3,category_recall,0.998228166438043
ffnn_joint,none,3,Infiltration,task4,n,27642.0
ffnn_joint,none,3,Infiltration,task4,n_benign,27385.0
ffnn_joint,none,3,Infiltration,task4,n_attack,257.0
ffnn_joint,none,3,Infiltration,task4,accuracy,0.9740973880327038
ffnn_joint,none,3,Infiltration,task4,macro_f1,0.49343937839026536
ffnn_joint,none,3,Infiltration,task4,fpr,0.016761000547745115
ffnn_joint,none,3,Infiltration,task4,detection_rate,0.0
ffnn_joint,none,3,Infiltration,task4,binary_f1,0.0
ffnn_joint,none,3,Infiltration,task4,category_recall,0.0
ffnn_joint,none,3,Infiltration,task5,n,51117.0
ffnn_joint,none,3,Infiltration,task5,n_benign,31046.0
ffnn_joint,none,3,Infiltration,task5,n_attack,20071.0
ffnn_joint,none,3,Infiltration,task5,accuracy,0.5998004577733435
ffnn_joint,none,3,Infiltration,task5,macro_f1,0.49493922223836506
ffnn_joint,none,3,Infiltration,task5,fpr,0.012433163692585196
ffnn_joint,none,3,Infiltration,task5,detection_rate,0.9879926261770714
ffnn_joint,none,3,Infiltration,task5,binary_f1,0.9844366669148857
ffnn_joint,none,3,Infiltration,task5,category_recall,0.0
ffnn_joint,none,3,Infiltration,task6,n,28798.0
ffnn_joint,none,3,Infiltration,task6,n_benign,9791.0
ffnn_joint,none,3,Infiltration,task6,n_attack,19007.0
ffnn_joint,none,3,Infiltration,task6,accuracy,0.3387040766719911
ffnn_joint,none,3,Infiltration,task6,macro_f1,0.32870526386735865
ffnn_joint,none,3,Infiltration,task6,fpr,0.0037789806965580633
ffnn_joint,none,3,Infiltration,task6,detection_rate,0.46709107171042247
ffnn_joint,none,3,Infiltration,task6,binary_f1,0.6359143327841845
ffnn_joint,none,3,Infiltration,task6,category_recall,0.0
ffnn_joint,none,3,Infiltration,seen,n,307417.0
ffnn_joint,none,3,Infiltration,seen,n_benign,268685.0
ffnn_joint,none,3,Infiltration,seen,n_attack,38732.0
ffnn_joint,none,3,Infiltration,seen,accuracy,0.9770832452336728
ffnn_joint,none,3,Infiltration,seen,macro_f1,0.8646051705839561
ffnn_joint,none,3,Infiltration,seen,fpr,5.582745594283268e-05
ffnn_joint,none,3,Infiltration,seen,detection_rate,0.8184963337808531
ffnn_joint,none,3,Infiltration,seen,binary_f1,0.8999985805334355
ffnn_joint,none,3,Infiltration,all,n,414974.0
ffnn_joint,none,3,Infiltration,all,n_benign,336907.0
ffnn_joint,none,3,Infiltration,all,n_attack,78067.0
ffnn_joint,none,3,Infiltration,all,accuracy,0.8861085272812272
ffnn_joint,none,3,Infiltration,all,macro_f1,0.4713041949227054
ffnn_joint,none,3,Infiltration,all,fpr,0.0026624558112476144
ffnn_joint,none,3,Infiltration,all,detection_rate,0.7738224858134679
ffnn_joint,none,3,Infiltration,all,binary_f1,0.8668761748963221
ffnn_joint,none,4,Botnet,task0,n,138702.0
ffnn_joint,none,4,Botnet,task0,n_benign,137344.0
ffnn_joint,none,4,Botnet,task0,n_attack,1358.0
ffnn_joint,none,4,Botnet,task0,accuracy,0.9999423223890066
ffnn_joint,none,4,Botnet,task0,macro_f1,0.9992479748973875
ffnn_joint,none,4,Botnet,task0,fpr,2.912395153774464e-05
ffnn_joint,none,4,Botnet,task0,detection_rate,0.9970544918998527
ffnn_joint,none,4,Botnet,task0,binary_f1,0.9970544918998527
ffnn_joint,none,4,Botnet,task0,category_recall,0.9970544918998527
ffnn_joint,none,4,Botnet,task1,n,96639.0
ffnn_joint,none,4,Botnet,task1,n_benign,76782.0
ffnn_joint,none,4,Botnet,task1,n_attack,19857.0
ffnn_joint,none,4,Botnet,task1,accuracy,0.9281449518310413
ffnn_joint,none,4,Botnet,task1,macro_f1,0.8724243112829058
ffnn_joint,none,4,Botnet,task1,fpr,1.3023885806569248e-05
ffnn_joint,none,4,Botnet,task1,detection_rate,0.6503500025180037
ffnn_joint,none,4,Botnet,task1,binary_f1,0.7881118027584524
ffnn_joint,none,4,Botnet,task1,category_recall,0.6503500025180037
ffnn_joint,none,4,Botnet,task2,n,21631.0
ffnn_joint,none,4,Botnet,task2,n_benign,21610.0
ffnn_joint,none,4,Botnet,task2,n_attack,21.0
ffnn_joint,none,4,Botnet,task2,accuracy,0.9992140908880773
ffnn_joint,none,4,Botnet,task2,macro_f1,0.7756654417014122
ffnn_joint,none,4,Botnet,task2,fpr,0.00018509949097639982
ffnn_joint,none,4,Botnet,task2,detection_rate,0.38095238095238093
ffnn_joint,none,4,Botnet,task2,binary_f1,0.48484848484848486
ffnn_joint,none,4,Botnet,task2,category_recall,0.38095238095238093
ffnn_joint,none,4,Botnet,task3,n,50445.0
ffnn_joint,none,4,Botnet,task3,n_benign,32949.0
ffnn_joint,none,4,Botnet,task3,n_attack,17496.0
ffnn_joint,none,4,Botnet,task3,accuracy,0.999306175042125
ffnn_joint,none,4,Botnet,task3,macro_f1,0.99923402575567
ffnn_joint,none,4,Botnet,task3,fpr,9.104980424292088e-05
ffnn_joint,none,4,Botnet,task3,detection_rate,0.9981710105166895
ffnn_joint,none,4,Botnet,task3,binary_f1,0.9989989417384092
ffnn_joint,none,4,Botnet,task3,category_recall,0.9981710105166895
ffnn_joint,none,4,Botnet,task4,n,27642.0
ffnn_joint,none,4,Botnet,task4,n_benign,27385.0
ffnn_joint,none,4,Botnet,task4,n_attack,257.0
ffnn_joint,none,4,Botnet,task4,accuracy,1.0
ffnn_joint,none,4,Botnet,task4,macro_f1,1.0
ffnn_joint,none,4,Botnet,task4,fpr,0.0
ffnn_joint,none,4,Botnet,task4,detection_rate,1.0
ffnn_joint,none,4,Botnet,task4,binary_f1,1.0
ffnn_joint,none,4,Botnet,task4,category_recall,1.0
ffnn_joint,none,4,Botnet,task5,n,51117.0
ffnn_joint,none,4,Botnet,task5,n_benign,31046.0
ffnn_joint,none,4,Botnet,task5,n_attack,20071.0
ffnn_joint,none,4,Botnet,task5,accuracy,0.6073321986814563
ffnn_joint,none,4,Botnet,task5,macro_f1,0.49826661958719864
ffnn_joint,none,4,Botnet,task5,fpr,3.22102686336404e-05
ffnn_joint,none,4,Botnet,task5,detection_rate,0.9892880275023666
ffnn_joint,none,4,Botnet,task5,binary_f1,0.9945902624724504
ffnn_joint,none,4,Botnet,task5,category_recall,0.0
ffnn_joint,none,4,Botnet,task6,n,28798.0
ffnn_joint,none,4,Botnet,task6,n_benign,9791.0
ffnn_joint,none,4,Botnet,task6,n_attack,19007.0
ffnn_joint,none,4,Botnet,task6,accuracy,0.3399888881172304
ffnn_joint,none,4,Botnet,task6,macro_f1,0.32399073461283917
ffnn_joint,none,4,Botnet,task6,fpr,0.0
ffnn_joint,none,4,Botnet,task6,detection_rate,0.44031146419740097
ffnn_joint,none,4,Botnet,task6,binary_f1,0.6114114552893045
ffnn_joint,none,4,Botnet,task6,category_recall,0.0
ffnn_joint,none,4,Botnet,seen,n,335059.0
ffnn_joint,none,4,Botnet,seen,n_benign,296070.0
ffnn_joint,none,4,Botnet,seen,n_attack,38989.0
ffnn_joint,none,4,Botnet,seen,accuracy,0.9790962188748847
ffnn_joint,none,4,Botnet,seen,macro_f1,0.886623669181068
ffnn_joint,none,4,Botnet,seen,fpr,4.053095551727632e-05
ffnn_joint,none,4,Botnet,seen,detection_rate,0.8206673677191002
ffnn_joint,none,4,Botnet,seen,binary_f1,0.9013493337840502
ffnn_joint,none,4,Botnet,all,n,414974.0
ffnn_joint,none,4,Botnet,all,n_benign,336907.0
ffnn_joint,none,4,Botnet,all,n_attack,78067.0
ffnn_joint,none,4,Botnet,all,accuracy,0.8889496691358977
ffnn_joint,none,4,Botnet,all,macro_f1,0.5986646622277689
ffnn_joint,none,4,Botnet,all,fpr,3.858631610503789e-05
ffnn_joint,none,4,Botnet,all,detection_rate,0.7714142979748165
ffnn_joint,none,4,Botnet,all,binary_f1,0.8708767769085046
ffnn_joint,none,5,PortScan,task0,n,138702.0
ffnn_joint,none,5,PortScan,task0,n_benign,137344.0
ffnn_joint,none,5,PortScan,task0,n_attack,1358.0
ffnn_joint,none,5,PortScan,task0,accuracy,0.9991204164323514
ffnn_joint,none,5,PortScan,task0,macro_f1,0.9970174870829906
ffnn_joint,none,5,PortScan,task0,fpr,0.0007790657036346692
ffnn_joint,none,5,PortScan,task0,detection_rate,0.9955817378497791
ffnn_joint,none,5,PortScan,task0,binary_f1,0.9598864039758609
ffnn_joint,none,5,PortScan,task0,category_recall,0.9889543446244478
ffnn_joint,none,5,PortScan,task1,n,96639.0
ffnn_joint,none,5,PortScan,task1,n_benign,76782.0
ffnn_joint,none,5,PortScan,task1,n_attack,19857.0
ffnn_joint,none,5,PortScan,task1,accuracy,0.9275137366901561
ffnn_joint,none,5,PortScan,task1,macro_f1,0.8718461508851271
ffnn_joint,none,5,PortScan,task1,fpr,0.0005339793180693392
ffnn_joint,none,5,PortScan,task1,detection_rate,0.6493428010273455
ffnn_joint,none,5,PortScan,task1,binary_f1,0.7864113198341058
ffnn_joint,none,5,PortScan,task1,category_recall,0.6492924409528126
ffnn_joint,none,5,PortScan,task2,n,21631.0
ffnn_joint,none,5,PortScan,task2,n_benign,21610.0
ffnn_joint,none,5,PortScan,task2,n_attack,21.0
ffnn_joint,none,5,PortScan,task2,accuracy,0.9989367112015164
ffnn_joint,none,5,PortScan,task2,macro_f1,0.7219561601719249
ffnn_joint,none,5,PortScan,task2,fpr,0.00046274872744099955
ffnn_joint,none,5,PortScan,task2,detection_rate,0.38095238095238093
ffnn_joint,none,5,PortScan,task2,binary_f1,0.41025641025641024
ffnn_joint,none,5,PortScan,task2,category_recall,0.38095238095238093
ffnn_joint,none,5,PortScan,task3,n,50445.0
ffnn_joint,none,5,PortScan,task3,n_benign,32949.0
ffnn_joint,none,5,PortScan,task3,n_attack,17496.0
ffnn_joint,none,5,PortScan,task3,accuracy,0.9751214193676281
ffnn_joint,none,5,PortScan,task3,macro_f1,0.9812566039016704
ffnn_joint,none,5,PortScan,task3,fpr,0.0002731494127287626
ffnn_joint,none,5,PortScan,task3,detection_rate,0.9991426611796982
ffnn_joint,none,5,PortScan,task3,binary_f1,0.9993140113188133
ffnn_joint,none,5,PortScan,task3,category_recall,0.9287837219935985
ffnn_joint,none,5,PortScan,task4,n,27642.0
ffnn_joint,none,5,PortScan,task4,n_benign,27385.0
ffnn_joint,none,5,PortScan,task4,n_attack,257.0
ffnn_joint,none,5,PortScan,task4,accuracy,0.9990594023587295
ffnn_joint,none,5,PortScan,task4,macro_f1,0.9997625310536314
ffnn_joint,none,5,PortScan,task4,fpr,0.0009494248676282636
ffnn_joint,none,5,PortScan,task4,detection_rate,1.0
ffnn_joint,none,5,PortScan,task4,binary_f1,0.9518518518518518
ffnn_joint,none,5,PortScan,task4,category_recall,1.0
ffnn_joint,none,5,PortScan,task5,n,51117.0
ffnn_joint,none,5,PortScan,task5,n_benign,31046.0
ffnn_joint,none,5,PortScan,task5,n_attack,20071.0
ffnn_joint,none,5,PortScan,task5,accuracy,0.9606980065340298
ffnn_joint,none,5,PortScan,task5,macro_f1,0.9731697967820243
ffnn_joint,none,5,PortScan,task5,fpr,0.0005797848354055273
ffnn_joint,none,5,PortScan,task5,detection_rate,0.9964127347914902
ffnn_joint,none,5,PortScan,task5,binary_f1,0.9977549391339054
ffnn_joint,none,5,PortScan,task5,category_recall,0.9008021523591251
ffnn_joint,none,5,PortScan,task6,n,28798.0
ffnn_joint,none,5,PortScan,task6,n_benign,9791.0
ffnn_joint,none,5,PortScan,task6,n_attack,19007.0
ffnn_joint,none,5,PortScan,task6,accuracy,0.3396069171470241
ffnn_joint,none,5,PortScan,task6,macro_f1,0.3473998294970162
ffnn_joint,none,5,PortScan,task6,fpr,0.0011234807476253703
ffnn_joint,none,5,PortScan,task6,detection_rate,0.5485347503551323
ffnn_joint,none,5,PortScan,task6,binary_f1,0.7081918217633474
ffnn_joint,none,5,PortScan,task6,category_recall,0.0
ffnn_joint,none,5,PortScan,seen,n,386176.0
ffnn_joint,none,5,PortScan,seen,n_benign,327116.0
ffnn_joint,none,5,PortScan,seen,n_attack,59060.0
ffnn_joint,none,5,PortScan,seen,accuracy,0.972965694398409
ffnn_joint,none,5,PortScan,seen,macro_f1,0.8101318611580683
ffnn_joint,none,5,PortScan,seen,fpr,0.0006450311204587975
ffnn_joint,none,5,PortScan,seen,detection_rate,0.8803081611920082
ffnn_joint,none,5,PortScan,seen,binary_f1,0.9345688554942388
ffnn_joint,none,5,PortScan,all,n,414974.0
ffnn_joint,none,5,PortScan,all,n_benign,336907.0
ffnn_joint,none,5,PortScan,all,n_attack,78067.0
ffnn_joint,none,5,PortScan,all,accuracy,0.9290124200552323
ffnn_joint,none,5,PortScan,all,macro_f1,0.679869828058572
ffnn_joint,none,5,PortScan,all,fpr,0.0006589355519475701
ffnn_joint,none,5,PortScan,all,detection_rate,0.7995311719420498
ffnn_joint,none,5,PortScan,all,binary_f1,0.8871974187312552
ffnn_joint,none,6,DDoS,task0,n,138702.0
ffnn_joint,none,6,DDoS,task0,n_benign,137344.0
ffnn_joint,none,6,DDoS,task0,n_attack,1358.0
ffnn_joint,none,6,DDoS,task0,accuracy,0.9997764992574008
ffnn_joint,none,6,DDoS,task0,macro_f1,0.9993906737319578
ffnn_joint,none,6,DDoS,task0,fpr,0.0002038676607642125
ffnn_joint,none,6,DDoS,task0,detection_rate,0.9977908689248896
ffnn_joint,none,6,DDoS,task0,binary_f1,0.9886902590295512
ffnn_joint,none,6,DDoS,task0,category_recall,0.9977908689248896
ffnn_joint,none,6,DDoS,task1,n,96639.0
ffnn_joint,none,6,DDoS,task1,n_benign,76782.0
ffnn_joint,none,6,DDoS,task1,n_attack,19857.0
ffnn_joint,none,6,DDoS,task1,accuracy,0.9363404008733535
ffnn_joint,none,6,DDoS,task1,macro_f1,0.8899259325083195
ffnn_joint,none,6,DDoS,task1,fpr,0.00019535828709853873
ffnn_joint,none,6,DDoS,task1,detection_rate,0.7005589968273153
ffnn_joint,none,6,DDoS,task1,binary_f1,0.8235503063671077
ffnn_joint,none,6,DDoS,task1,category_recall,0.6909402225915294
ffnn_joint,none,6,DDoS,task2,n,21631.0
ffnn_joint,none,6,DDoS,task2,n_benign,21610.0
ffnn_joint,none,6,DDoS,task2,n_attack,21.0
ffnn_joint,none,6,DDoS,task2,accuracy,0.9990754010447969
ffnn_joint,none,6,DDoS,task2,macro_f1,0.775630726717796
ffnn_joint,none,6,DDoS,task2,fpr,0.00032392410920869966
ffnn_joint,none,6,DDoS,task2,detection_rate,0.38095238095238093
ffnn_joint,none,6,DDoS,task2,binary_f1,0.4444444444444444
ffnn_joint,none,6,DDoS,task2,category_recall,0.38095238095238093
ffnn_joint,none,6,DDoS,task3,n,50445.0
ffnn_joint,none,6,DDoS,task3,n_benign,32949.0
ffnn_joint,none,6,DDoS,task3,n_attack,17496.0
ffnn_joint,none,6,DDoS,task3,accuracy,0.9710774110417286
ffnn_joint,none,6,DDoS,task3,macro_f1,0.978037131321708
ffnn_joint,none,6,DDoS,task3,fpr,0.00045524902121460436
ffnn_joint,none,6,DDoS,task3,detection_rate,0.9991426611796982
ffnn_joint,none,6,DDoS,task3,binary_f1,0.9991426611796982
ffnn_joint,none,6,DDoS,task3,category_recall,0.917466849565615
ffnn_joint,none,6,DDoS,task4,n,27642.0
ffnn_joint,none,6,DDoS,task4,n_benign,27385.0
ffnn_joint,none,6,DDoS,task4,n_attack,257.0
ffnn_joint,none,6,DDoS,task4,accuracy,0.9989508718616598
ffnn_joint,none,6,DDoS,task4,macro_f1,0.9997351162748214
ffnn_joint,none,6,DDoS,task4,fpr,0.0010589738908161402
ffnn_joint,none,6,DDoS,task4,detection_rate,1.0
ffnn_joint,none,6,DDoS,task4,binary_f1,0.9465930018416207
ffnn_joint,none,6,DDoS,task4,category_recall,1.0
ffnn_joint,none,6,DDoS,task5,n,51117.0
ffnn_joint,none,6,DDoS,task5,n_benign,31046.0
ffnn_joint,none,6,DDoS,task5,n_attack,20071.0
ffnn_joint,none,6,DDoS,task5,accuracy,0.9723575327190562
ffnn_joint,none,6,DDoS,task5,macro_f1,0.9809681232978622
ffnn_joint,none,6,DDoS,task5,fpr,0.0009340977903755717
ffnn_joint,none,6,DDoS,task5,detection_rate,0.9956155647451547
ffnn_joint,none,6,DDoS,task5,binary_f1,0.9970810568071252
ffnn_joint,none,6,DDoS,task5,category_recall,0.9310447909919785
ffnn_joint,none,6,DDoS,task6,n,28798.0
ffnn_joint,none,6,DDoS,task6,n_benign,9791.0
ffnn_joint,none,6,DDoS,task6,n_attack,19007.0
ffnn_joint,none,6,DDoS,task6,accuracy,0.9992013334259323
ffnn_joint,none,6,DDoS,task6,macro_f1,0.999123820459838
ffnn_joint,none,6,DDoS,task6,fpr,0.0001021346134204882
ffnn_joint,none,6,DDoS,task6,detection_rate,0.9988425316988478
ffnn_joint,none,6,DDoS,task6,binary_f1,0.9993946253257179
ffnn_joint,none,6,DDoS,task6,category_recall,0.9988425316988478
ffnn_joint,none,6,DDoS,seen,n,414974.0
ffnn_joint,none,6,DDoS,seen,n_benign,336907.0
ffnn_joint,none,6,DDoS,seen,n_attack,78067.0
ffnn_joint,none,6,DDoS,seen,accuracy,0.9780058509689764
ffnn_joint,none,6,DDoS,seen,macro_f1,0.8996942088427454
ffnn_joint,none,6,DDoS,seen,fpr,0.00036805409207882296
ffnn_joint,none,6,DDoS,seen,detection_rate,0.9220285139687704
ffnn_joint,none,6,DDoS,seen,binary_f1,0.9586404831825053
ffnn_joint,none,6,DDoS,all,n,414974.0
ffnn_joint,none,6,DDoS,all,n_benign,336907.0
ffnn_joint,none,6,DDoS,all,n_attack,78067.0
ffnn_joint,none,6,DDoS,all,accuracy,0.9780058509689764
ffnn_joint,none,6,DDoS,all,macro_f1,0.8996942088427454
ffnn_joint,none,6,DDoS,all,fpr,0.00036805409207882296
ffnn_joint,none,6,DDoS,all,detection_rate,0.9220285139687704
ffnn_joint,none,6,DDoS,all,binary_f1,0.9586404831825053
