model,ip_mode,after_task,after_task_category,scope,metric,value
xgboost_static,none,0,BruteForce,task0,n,138702.0
xgboost_static,none,0,BruteForce,task0,n_benign,137422.0
xgboost_static,none,0,BruteForce,task0,n_attack,1280.0
xgboost_static,none,0,BruteForce,task0,accuracy,0.999992790298626
xgboost_static,none,0,BruteForce,task0,macro_f1,0.999802944543727
xgboost_static,none,0,BruteForce,task0,fpr,7.27685523424197e-06
xgboost_static,none,0,BruteForce,task0,detection_rate,1.0
xgboost_static,none,0,BruteForce,task0,binary_f1,0.9996095275283092
xgboost_static,none,0,BruteForce,task0,category_recall,1.0
xgboost_static,none,0,BruteForce,task1,n,100000.0
xgboost_static,none,0,BruteForce,task1,n_benign,66394.0
xgboost_static,none,0,BruteForce,task1,n_attack,33606.0
xgboost_static,none,0,BruteForce,task1,accuracy,0.66393
xgboost_static,none,0,BruteForce,task1,macro_f1,0.3990131796409705
xgboost_static,none,0,BruteForce,task1,fpr,1.5061601951983614e-05
xgboost_static,none,0,BruteForce,task1,detection_rate,0.0
xgboost_static,none,0,BruteForce,task1,binary_f1,0.0
xgboost_static,none,0,BruteForce,task1,category_recall,0.0
xgboost_static,none,0,BruteForce,task2,n,25000.0
xgboost_static,none,0,BruteForce,task2,n_benign,24976.0
xgboost_static,none,0,BruteForce,task2,n_attack,24.0
xgboost_static,none,0,BruteForce,task2,accuracy,0.99904
xgboost_static,none,0,BruteForce,task2,macro_f1,0.4997598847446774
xgboost_static,none,0,BruteForce,task2,fpr,0.0
xgboost_static,none,0,BruteForce,task2,detection_rate,0.0
xgboost_static,none,0,BruteForce,task2,binary_f1,0.0
xgboost_static,none,0,BruteForce,task2,category_recall,0.0
xgboost_static,none,0,BruteForce,task3,n,45000.0
xgboost_static,none,0,BruteForce,task3,n_benign,28566.0
xgboost_static,none,0,BruteForce,task3,n_attack,16434.0
xgboost_static,none,0,BruteForce,task3,accuracy,0.6351555555555556
xgboost_static,none,0,BruteForce,task3,macro_f1,0.3897070494381054
xgboost_static,none,0,BruteForce,task3,fpr,0.0002100399075824
xgboost_static,none,0,BruteForce,task3,detection_rate,0.001338688085676
xgboost_static,none,0,BruteForce,task3,binary_f1,0.0026728222573198
xgboost_static,none,0,BruteForce,task3,category_recall,0.001338688085676
xgboost_static,none,0,BruteForce,task4,n,27642.0
xgboost_static,none,0,BruteForce,task4,n_benign,27569.0
xgboost_static,none,0,BruteForce,task4,n_attack,73.0
xgboost_static,none,0,BruteForce,task4,accuracy,0.9973590912379712
xgboost_static,none,0,BruteForce,task4,macro_f1,0.4993388998569126
xgboost_static,none,0,BruteForce,task4,fpr,0.0
xgboost_static,none,0,BruteForce,task4,detection_rate,0.0
xgboost_static,none,0,BruteForce,task4,binary_f1,0.0
xgboost_static,none,0,BruteForce,task4,category_recall,0.0
xgboost_static,none,0,BruteForce,task5,n,55000.0
xgboost_static,none,0,BruteForce,task5,n_benign,25723.0
xgboost_static,none,0,BruteForce,task5,n_attack,29277.0
xgboost_static,none,0,BruteForce,task5,accuracy,0.4676727272727273
xgboost_static,none,0,BruteForce,task5,macro_f1,0.3186491910507668
xgboost_static,none,0,BruteForce,task5,fpr,3.8875714341251024e-05
xgboost_static,none,0,BruteForce,task5,detection_rate,0.0
xgboost_static,none,0,BruteForce,task5,binary_f1,0.0
xgboost_static,none,0,BruteForce,task5,category_recall,0.0
xgboost_static,none,0,BruteForce,task6,n,25000.0
xgboost_static,none,0,BruteForce,task6,n_benign,2841.0
xgboost_static,none,0,BruteForce,task6,n_attack,22159.0
xgboost_static,none,0,BruteForce,task6,accuracy,0.11364
xgboost_static,none,0,BruteForce,task6,macro_f1,0.1020437484285765
xgboost_static,none,0,BruteForce,task6,fpr,0.0
xgboost_static,none,0,BruteForce,task6,detection_rate,0.0
xgboost_static,none,0,BruteForce,task6,binary_f1,0.0
xgboost_static,none,0,BruteForce,task6,category_recall,0.0
xgboost_static,none,0,BruteForce,seen,n,138702.0
xgboost_static,none,0,BruteForce,seen,n_benign,137422.0
xgboost_static,none,0,BruteForce,seen,n_attack,1280.0
xgboost_static,none,0,BruteForce,seen,accuracy,0.999992790298626
xgboost_static,none,0,BruteForce,seen,macro_f1,0.999802944543727
xgboost_static,none,0,BruteForce,seen,fpr,7.27685523424197e-06
xgboost_static,none,0,BruteForce,seen,detection_rate,1.0
xgboost_static,none,0,BruteForce,seen,binary_f1,0.9996095275283092
xgboost_static,none,0,BruteForce,all,n,416344.0
xgboost_static,none,0,BruteForce,all,n_benign,313491.0
xgboost_static,none,0,BruteForce,all,n_attack,102853.0
xgboost_static,none,0,BruteForce,all,accuracy,0.7560670983609707
xgboost_static,none,0,BruteForce,all,macro_f1,0.4427969432709528
xgboost_static,none,0,BruteForce,all,fpr,2.870895815190867e-05
xgboost_static,none,0,BruteForce,all,detection_rate,0.0126588432034068
xgboost_static,none,0,BruteForce,all,binary_f1,0.0249990399754233
xgboost_static,none,1,DoS,task0,n,138702.0
xgboost_static,none,1,DoS,task0,n_benign,137422.0
xgboost_static,none,1,DoS,task0,n_attack,1280.0
xgboost_static,none,1,DoS,task0,accuracy,0.999992790298626
xgboost_static,none,1,DoS,task0,macro_f1,0.999802944543727
xgboost_static,none,1,DoS,task0,fpr,7.27685523424197e-06
xgboost_static,none,1,DoS,task0,detection_rate,1.0
xgboost_static,none,1,DoS,task0,binary_f1,0.9996095275283092
xgboost_static,none,1,DoS,task0,category_recall,1.0
xgboost_static,none,1,DoS,task1,n,100000.0
xgboost_static,none,1,DoS,task1,n_benign,66394.0
xgboost_static,none,1,DoS,task1,n_attack,33606.0
xgboost_static,none,1,DoS,task1,accuracy,0.66393
xgboost_static,none,1,DoS,task1,macro_f1,0.3990131796409705
xgboost_static,none,1,DoS,task1,fpr,1.5061601951983614e-05
xgboost_static,none,1,DoS,task1,detection_rate,0.0
xgboost_static,none,1,DoS,task1,binary_f1,0.0
xgboost_static,none,1,DoS,task1,category_recall,0.0
xgboost_static,none,1,DoS,task2,n,25000.0
xgboost_static,none,1,DoS,task2,n_benign,24976.0
xgboost_static,none,1,DoS,task2,n_attack,24.0
xgboost_static,none,1,DoS,task2,accuracy,0.99904
xgboost_static,none,1,DoS,task2,macro_f1,0.4997598847446774
xgboost_static,none,1,DoS,task2,fpr,0.0
xgboost_static,none,1,DoS,task2,detection_rate,0.0
xgboost_static,none,1,DoS,task2,binary_f1,0.0
xgboost_static,none,1,DoS,task2,category_recall,0.0
xgboost_static,none,1,DoS,task3,n,45000.0
xgboost_static,none,1,DoS,task3,n_benign,28566.0
xgboost_static,none,1,DoS,task3,n_attack,16434.0
xgboost_static,none,1,DoS,task3,accuracy,0.6351555555555556
xgboost_static,none,1,DoS,task3,macro_f1,0.3897070494381054
xgboost_static,none,1,DoS,task3,fpr,0.0002100399075824
xgboost_static,none,1,DoS,task3,detection_rate,0.001338688085676
xgboost_static,none,1,DoS,task3,binary_f1,0.0026728222573198
xgboost_static,none,1,DoS,task3,category_recall,0.001338688085676
xgboost_static,none,1,DoS,task4,n,27642.0
xgboost_static,none,1,DoS,task4,n_benign,27569.0
xgboost_static,none,1,DoS,task4,n_attack,73.0
xgboost_static,none,1,DoS,task4,accuracy,0.9973590912379712
xgboost_static,none,1,DoS,task4,macro_f1,0.4993388998569126
xgboost_static,none,1,DoS,task4,fpr,0.0
xgboost_static,none,1,DoS,task4,detection_rate,0.0
xgboost_static,none,1,DoS,task4,binary_f1,0.0
xgboost_static,none,1,DoS,task4,category_recall,0.0
xgboost_static,none,1,DoS,task5,n,55000.0
xgboost_static,none,1,DoS,task5,n_benign,25723.0
xgboost_static,none,1,DoS,task5,n_attack,29277.0
xgboost_static,none,1,DoS,task5,accuracy,0.4676727272727273
xgboost_static,none,1,DoS,task5,macro_f1,0.3186491910507668
xgboost_static,none,1,DoS,task5,fpr,3.8875714341251024e-05
xgboost_static,none,1,DoS,task5,detection_rate,0.0
xgboost_static,none,1,DoS,task5,binary_f1,0.0
xgboost_static,none,1,DoS,task5,category_recall,0.0
xgboost_static,none,1,DoS,task6,n,25000.0
xgboost_static,none,1,DoS,task6,n_benign,2841.0
xgboost_static,none,1,DoS,task6,n_attack,22159.0
xgboost_static,none,1,DoS,task6,accuracy,0.11364
xgboost_static,none,1,DoS,task6,macro_f1,0.1020437484285765
xgboost_static,none,1,DoS,task6,fpr,0.0
xgboost_static,none,1,DoS,task6,detection_rate,0.0
xgboost_static,none,1,DoS,task6,binary_f1,0.0
xgboost_static,none,1,DoS,task6,category_recall,0.0
xgboost_static,none,1,DoS,seen,n,238702.0
xgboost_static,none,1,DoS,seen,n_benign,203816.0
xgboost_static,none,1,DoS,seen,n_attack,34886.0
xgboost_static,none,1,DoS,seen,accuracy,0.8592052014645877
xgboost_static,none,1,DoS,seen,macro_f1,0.4973064724785719
xgboost_static,none,1,DoS,seen,fpr,9.812772304431448e-06
xgboost_static,none,1,DoS,seen,detection_rate,0.0366909361921687
xgboost_static,none,1,DoS,seen,binary_f1,0.070780800707808
xgboost_static,none,1,DoS,all,n,416344.0
xgboost_static,none,1,DoS,all,n_benign,313491.0
xgboost_static,none,1,DoS,all,n_attack,102853.0
xgboost_static,none,1,DoS,all,accuracy,0.7560670983609707
xgboost_static,none,1,DoS,all,macro_f1,0.4427969432709528
xgboost_static,none,1,DoS,all,fpr,2.870895815190867e-05
xgboost_static,none,1,DoS,all,detection_rate,0.0126588432034068
xgboost_static,none,1,DoS,all,binary_f1,0.0249990399754233
xgboost_static,none,2,WebAttack,task0,n,138702.0
xgboost_static,none,2,WebAttack,task0,n_benign,137422.0
xgboost_static,none,2,WebAttack,task0,n_attack,1280.0
xgboost_static,none,2,WebAttack,task0,accuracy,0.999992790298626
xgboost_static,none,2,WebAttack,task0,macro_f1,0.999802944543727
xgboost_static,none,2,WebAttack,task0,fpr,7.27685523424197e-06
xgboost_static,none,2,WebAttack,task0,detection_rate,1.0
xgboost_static,none,2,WebAttack,task0,binary_f1,0.9996095275283092
xgboost_static,none,2,WebAttack,task0,category_recall,1.0
xgboost_static,none,2,WebAttack,task1,n,100000.0
xgboost_static,none,2,WebAttack,task1,n_benign,66394.0
xgboost_static,none,2,WebAttack,task1,n_attack,33606.0
xgboost_static,none,2,WebAttack,task1,accuracy,0.66393
xgboost_static,none,2,WebAttack,task1,macro_f1,0.3990131796409705
xgboost_static,none,2,WebAttack,task1,fpr,1.5061601951983614e-05
xgboost_static,none,2,WebAttack,task1,detection_rate,0.0
xgboost_static,none,2,WebAttack,task1,binary_f1,0.0
xgboost_static,none,2,WebAttack,task1,category_recall,0.0
xgboost_static,none,2,WebAttack,task2,n,25000.0
xgboost_static,none,2,WebAttack,task2,n_benign,24976.0
xgboost_static,none,2,WebAttack,task2,n_attack,24.0
xgboost_static,none,2,WebAttack,task2,accuracy,0.99904
xgboost_static,none,2,WebAttack,task2,macro_f1,0.4997598847446774
xgboost_static,none,2,WebAttack,task2,fpr,0.0
xgboost_static,none,2,WebAttack,task2,detection_rate,0.0
xgboost_static,none,2,WebAttack,task2,binary_f1,0.0
xgboost_static,none,2,WebAttack,task2,category_recall,0.0
xgboost_static,none,2,WebAttack,task3,n,45000.0
xgboost_static,none,2,WebAttack,task3,n_benign,28566.0
xgboost_static,none,2,WebAttack,task3,n_attack,16434.0
xgboost_static,none,2,WebAttack,task3,accuracy,0.6351555555555556
xgboost_static,none,2,WebAttack,task3,macro_f1,0.3897070494381054
xgboost_static,none,2,WebAttack,task3,fpr,0.0002100399075824
xgboost_static,none,2,WebAttack,task3,detection_rate,0.001338688085676
xgboost_static,none,2,WebAttack,task3,binary_f1,0.0026728222573198
xgboost_static,none,2,WebAttack,task3,category_recall,0.001338688085676
xgboost_static,none,2,WebAttack,task4,n,27642.0
xgboost_static,none,2,WebAttack,task4,n_benign,27569.0
xgboost_static,none,2,WebAttack,task4,n_attack,73.0
xgboost_static,none,2,WebAttack,task4,accuracy,0.9973590912379712
xgboost_static,none,2,WebAttack,task4,macro_f1,0.4993388998569126
xgboost_static,none,2,WebAttack,task4,fpr,0.0
xgboost_static,none,2,WebAttack,task4,detection_rate,0.0
xgboost_static,none,2,WebAttack,task4,binary_f1,0.0
xgboost_static,none,2,WebAttack,task4,category_recall,0.0
xgboost_static,none,2,WebAttack,task5,n,55000.0
xgboost_static,none,2,WebAttack,task5,n_benign,25723.0
xgboost_static,none,2,WebAttack,task5,n_attack,29277.0
xgboost_static,none,2,WebAttack,task5,accuracy,0.4676727272727273
xgboost_static,none,2,WebAttack,task5,macro_f1,0.3186491910507668
xgboost_static,none,2,WebAttack,task5,fpr,3.8875714341251024e-05
xgboost_static,none,2,WebAttack,task5,detection_rate,0.0
xgboost_static,none,2,WebAttack,task5,binary_f1,0.0
xgboost_static,none,2,WebAttack,task5,category_recall,0.0
xgboost_static,none,2,WebAttack,task6,n,25000.0
xgboost_static,none,2,WebAttack,task6,n_benign,2841.0
xgboost_static,none,2,WebAttack,task6,n_attack,22159.0
xgboost_static,none,2,WebAttack,task6,accuracy,0.11364
xgboost_static,none,2,WebAttack,task6,macro_f1,0.1020437484285765
xgboost_static,none,2,WebAttack,task6,fpr,0.0
xgboost_static,none,2,WebAttack,task6,detection_rate,0.0
xgboost_static,none,2,WebAttack,task6,binary_f1,0.0
xgboost_static,none,2,WebAttack,task6,category_recall,0.0
xgboost_static,none,2,WebAttack,seen,n,263702.0
xgboost_static,none,2,WebAttack,seen,n_benign,228792.0
xgboost_static,none,2,WebAttack,seen,n_attack,34910.0
xgboost_static,none,2,WebAttack,seen,accuracy,0.872462097367483
xgboost_static,none,2,WebAttack,seen,macro_f1,0.5011332405593244
xgboost_static,none,2,WebAttack,seen,fpr,8.7415643903633e-06
xgboost_static,none,2,WebAttack,seen,detection_rate,0.036665711830421
xgboost_static,none,2,WebAttack,seen,binary_f1,0.0707338638373121
xgboost_static,none,2,WebAttack,all,n,416344.0
xgboost_static,none,2,WebAttack,all,n_benign,313491.0
xgboost_static,none,2,WebAttack,all,n_attack,102853.0
xgboost_static,none,2,WebAttack,all,accuracy,0.7560670983609707
xgboost_static,none,2,WebAttack,all,macro_f1,0.4427969432709528
xgboost_static,none,2,WebAttack,all,fpr,2.870895815190867e-05
xgboost_static,none,2,WebAttack,all,detection_rate,0.0126588432034068
xgboost_static,none,2,WebAttack,all,binary_f1,0.0249990399754233
xgboost_static,none,3,Infiltration,task0,n,138702.0
xgboost_static,none,3,Infiltration,task0,n_benign,137422.0
xgboost_static,none,3,Infiltration,task0,n_attack,1280.0
xgboost_static,none,3,Infiltration,task0,accuracy,0.999992790298626
xgboost_static,none,3,Infiltration,task0,macro_f1,0.999802944543727
xgboost_static,none,3,Infiltration,task0,fpr,7.27685523424197e-06
xgboost_static,none,3,Infiltration,task0,detection_rate,1.0
xgboost_static,none,3,Infiltration,task0,binary_f1,0.9996095275283092
xgboost_static,none,3,Infiltration,task0,category_recall,1.0
xgboost_static,none,3,Infiltration,task1,n,100000.0
xgboost_static,none,3,Infiltration,task1,n_benign,66394.0
xgboost_static,none,3,Infiltration,task1,n_attack,33606.0
xgboost_static,none,3,Infiltration,task1,accuracy,0.66393
xgboost_static,none,3,Infiltration,task1,macro_f1,0.3990131796409705
xgboost_static,none,3,Infiltration,task1,fpr,1.5061601951983614e-05
xgboost_static,none,3,Infiltration,task1,detection_rate,0.0
xgboost_static,none,3,Infiltration,task1,binary_f1,0.0
xgboost_static,none,3,Infiltration,task1,category_recall,0.0
xgboost_static,none,3,Infiltration,task2,n,25000.0
xgboost_static,none,3,Infiltration,task2,n_benign,24976.0
xgboost_static,none,3,Infiltration,task2,n_attack,24.0
xgboost_static,none,3,Infiltration,task2,accuracy,0.99904
xgboost_static,none,3,Infiltration,task2,macro_f1,0.4997598847446774
xgboost_static,none,3,Infiltration,task2,fpr,0.0
xgboost_static,none,3,Infiltration,task2,detection_rate,0.0
xgboost_static,none,3,Infiltration,task2,binary_f1,0.0
xgboost_static,none,3,Infiltration,task2,category_recall,0.0
xgboost_static,none,3,Infiltration,task3,n,45000.0
xgboost_static,none,3,Infiltration,task3,n_benign,28566.0
xgboost_static,none,3,Infiltration,task3,n_attack,16434.0
xgboost_static,none,3,Infiltration,task3,accuracy,0.6351555555555556
xgboost_static,none,3,Infiltration,task3,macro_f1,0.3897070494381054
xgboost_static,none,3,Infiltration,task3,fpr,0.0002100399075824
xgboost_static,none,3,Infiltration,task3,detection_rate,0.001338688085676
xgboost_static,none,3,Infiltration,task3,binary_f1,0.0026728222573198
xgboost_static,none,3,Infiltration,task3,category_recall,0.001338688085676
xgboost_static,none,3,Infiltration,task4,n,27642.0
xgboost_static,none,3,Infiltration,task4,n_benign,27569.0
xgboost_static,none,3,Infiltration,task4,n_attack,73.0
xgboost_static,none,3,Infiltration,task4,accuracy,0.9973590912379712
xgboost_static,none,3,Infiltration,task4,macro_f1,0.4993388998569126
xgboost_static,none,3,Infiltration,task4,fpr,0.0
xgboost_static,none,3,Infiltration,task4,detection_rate,0.0
xgboost_static,none,3,Infiltration,task4,binary_f1,0.0
xgboost_static,none,3,Infiltration,task4,category_recall,0.0
xgboost_static,none,3,Infiltration,task5,n,55000.0
xgboost_static,none,3,Infiltration,task5,n_benign,25723.0
xgboost_static,none,3,Infiltration,task5,n_attack,29277.0
xgboost_static,none,3,Infiltration,task5,accuracy,0.4676727272727273
xgboost_static,none,3,Infiltration,task5,macro_f1,0.3186491910507668
xgboost_static,none,3,Infiltration,task5,fpr,3.8875714341251024e-05
xgboost_static,none,3,Infiltration,task5,detection_rate,0.0
xgboost_static,none,3,Infiltration,task5,binary_f1,0.0
xgboost_static,none,3,Infiltration,task5,category_recall,0.0
xgboost_static,none,3,Infiltration,task6,n,25000.0
xgboost_static,none,3,Infiltration,task6,n_benign,2841.0
xgboost_static,none,3,Infiltration,task6,n_attack,22159.0
xgboost_static,none,3,Infiltration,task6,accuracy,0.11364
xgboost_static,none,3,Infiltration,task6,macro_f1,0.1020437484285765
xgboost_static,none,3,Infiltration,task6,fpr,0.0
xgboost_static,none,3,Infiltration,task6,detection_rate,0.0
xgboost_static,none,3,Infiltration,task6,binary_f1,0.0
xgboost_static,none,3,Infiltration,task6,category_recall,0.0
xgboost_static,none,3,Infiltration,seen,n,308702.0
xgboost_static,none,3,Infiltration,seen,n_benign,257358.0
xgboost_static,none,3,Infiltration,seen,n_attack,51344.0
xgboost_static,none,3,Infiltration,seen,accuracy,0.8378695311335851
xgboost_static,none,3,Infiltration,seen,macro_f1,0.4804158237798312
xgboost_static,none,3,Infiltration,seen,fpr,3.108510324139914e-05
xgboost_static,none,3,Infiltration,seen,detection_rate,0.0253583670925521
xgboost_static,none,3,Infiltration,seen,binary_f1,0.0494549321988832
xgboost_static,none,3,Infiltration,all,n,416344.0
xgboost_static,none,3,Infiltration,all,n_benign,313491.0
xgboost_static,none,3,Infiltration,all,n_attack,102853.0
xgboost_static,none,3,Infiltration,all,accuracy,0.7560670983609707
xgboost_static,none,3,Infiltration,all,macro_f1,0.4427969432709528
xgboost_static,none,3,Infiltration,all,fpr,2.870895815190867e-05
xgboost_static,none,3,Infiltration,all,detection_rate,0.0126588432034068
xgboost_static,none,3,Infiltration,all,binary_f1,0.0249990399754233
xgboost_static,none,4,Botnet,task0,n,138702.0
xgboost_static,none,4,Botnet,task0,n_benign,137422.0
xgboost_static,none,4,Botnet,task0,n_attack,1280.0
xgboost_static,none,4,Botnet,task0,accuracy,0.999992790298626
xgboost_static,none,4,Botnet,task0,macro_f1,0.999802944543727
xgboost_static,none,4,Botnet,task0,fpr,7.27685523424197e-06
xgboost_static,none,4,Botnet,task0,detection_rate,1.0
xgboost_static,none,4,Botnet,task0,binary_f1,0.9996095275283092
xgboost_static,none,4,Botnet,task0,category_recall,1.0
xgboost_static,none,4,Botnet,task1,n,100000.0
xgboost_static,none,4,Botnet,task1,n_benign,66394.0
xgboost_static,none,4,Botnet,task1,n_attack,33606.0
xgboost_static,none,4,Botnet,task1,accuracy,0.66393
xgboost_static,none,4,Botnet,task1,macro_f1,0.3990131796409705
xgboost_static,none,4,Botnet,task1,fpr,1.5061601951983614e-05
xgboost_static,none,4,Botnet,task1,detection_rate,0.0
xgboost_static,none,4,Botnet,task1,binary_f1,0.0
xgboost_static,none,4,Botnet,task1,category_recall,0.0
xgboost_static,none,4,Botnet,task2,n,25000.0
xgboost_static,none,4,Botnet,task2,n_benign,24976.0
xgboost_static,none,4,Botnet,task2,n_attack,24.0
xgboost_static,none,4,Botnet,task2,accuracy,0.99904
xgboost_static,none,4,Botnet,task2,macro_f1,0.4997598847446774
xgboost_static,none,4,Botnet,task2,fpr,0.0
xgboost_static,none,4,Botnet,task2,detection_rate,0.0
xgboost_static,none,4,Botnet,task2,binary_f1,0.0
xgboost_static,none,4,Botnet,task2,category_recall,0.0
xgboost_static,none,4,Botnet,task3,n,45000.0
xgboost_static,none,4,Botnet,task3,n_benign,28566.0
xgboost_static,none,4,Botnet,task3,n_attack,16434.0
xgboost_static,none,4,Botnet,task3,accuracy,0.6351555555555556
xgboost_static,none,4,Botnet,task3,macro_f1,0.3897070494381054
xgboost_static,none,4,Botnet,task3,fpr,0.0002100399075824
xgboost_static,none,4,Botnet,task3,detection_rate,0.001338688085676
xgboost_static,none,4,Botnet,task3,binary_f1,0.0026728222573198
xgboost_static,none,4,Botnet,task3,category_recall,0.001338688085676
xgboost_static,none,4,Botnet,task4,n,27642.0
xgboost_static,none,4,Botnet,task4,n_benign,27569.0
xgboost_static,none,4,Botnet,task4,n_attack,73.0
xgboost_static,none,4,Botnet,task4,accuracy,0.9973590912379712
xgboost_static,none,4,Botnet,task4,macro_f1,0.4993388998569126
xgboost_static,none,4,Botnet,task4,fpr,0.0
xgboost_static,none,4,Botnet,task4,detection_rate,0.0
xgboost_static,none,4,Botnet,task4,binary_f1,0.0
xgboost_static,none,4,Botnet,task4,category_recall,0.0
xgboost_static,none,4,Botnet,task5,n,55000.0
xgboost_static,none,4,Botnet,task5,n_benign,25723.0
xgboost_static,none,4,Botnet,task5,n_attack,29277.0
xgboost_static,none,4,Botnet,task5,accuracy,0.4676727272727273
xgboost_static,none,4,Botnet,task5,macro_f1,0.3186491910507668
xgboost_static,none,4,Botnet,task5,fpr,3.8875714341251024e-05
xgboost_static,none,4,Botnet,task5,detection_rate,0.0
xgboost_static,none,4,Botnet,task5,binary_f1,0.0
xgboost_static,none,4,Botnet,task5,category_recall,0.0
xgboost_static,none,4,Botnet,task6,n,25000.0
xgboost_static,none,4,Botnet,task6,n_benign,2841.0
xgboost_static,none,4,Botnet,task6,n_attack,22159.0
xgboost_static,none,4,Botnet,task6,accuracy,0.11364
xgboost_static,none,4,Botnet,task6,macro_f1,0.1020437484285765
xgboost_static,none,4,Botnet,task6,fpr,0.0
xgboost_static,none,4,Botnet,task6,detection_rate,0.0
xgboost_static,none,4,Botnet,task6,binary_f1,0.0
xgboost_static,none,4,Botnet,task6,category_recall,0.0
xgboost_static,none,4,Botnet,seen,n,336344.0
xgboost_static,none,4,Botnet,seen,n_benign,284927.0
xgboost_static,none,4,Botnet,seen,n_attack,51417.0
xgboost_static,none,4,Botnet,seen,accuracy,0.8509769759531908
xgboost_static,none,4,Botnet,seen,macro_f1,0.4842689141583958
xgboost_static,none,4,Botnet,seen,fpr,2.807736718527904e-05
xgboost_static,none,4,Botnet,seen,detection_rate,0.0253223641986113
xgboost_static,none,4,Botnet,seen,binary_f1,0.0493864623437707
xgboost_static,none,4,Botnet,all,n,416344.0
xgboost_static,none,4,Botnet,all,n_benign,313491.0
xgboost_static,none,4,Botnet,all,n_attack,102853.0
xgboost_static,none,4,Botnet,all,accuracy,0.7560670983609707
xgboost_static,none,4,Botnet,all,macro_f1,0.4427969432709528
xgboost_static,none,4,Botnet,all,fpr,2.870895815190867e-05
xgboost_static,none,4,Botnet,all,detection_rate,0.0126588432034068
xgboost_static,none,4,Botnet,all,binary_f1,0.0249990399754233
xgboost_static,none,5,PortScan,task0,n,138702.0
xgboost_static,none,5,PortScan,task0,n_benign,137422.0
xgboost_static,none,5,PortScan,task0,n_attack,1280.0
xgboost_static,none,5,PortScan,task0,accuracy,0.999992790298626
xgboost_static,none,5,PortScan,task0,macro_f1,0.999802944543727
xgboost_static,none,5,PortScan,task0,fpr,7.27685523424197e-06
xgboost_static,none,5,PortScan,task0,detection_rate,1.0
xgboost_static,none,5,PortScan,task0,binary_f1,0.9996095275283092
xgboost_static,none,5,PortScan,task0,category_recall,1.0
xgboost_static,none,5,PortScan,task1,n,100000.0
xgboost_static,none,5,PortScan,task1,n_benign,66394.0
xgboost_static,none,5,PortScan,task1,n_attack,33606.0
xgboost_static,none,5,PortScan,task1,accuracy,0.66393
xgboost_static,none,5,PortScan,task1,macro_f1,0.3990131796409705
xgboost_static,none,5,PortScan,task1,fpr,1.5061601951983614e-05
xgboost_static,none,5,PortScan,task1,detection_rate,0.0
xgboost_static,none,5,PortScan,task1,binary_f1,0.0
xgboost_static,none,5,PortScan,task1,category_recall,0.0
xgboost_static,none,5,PortScan,task2,n,25000.0
xgboost_static,none,5,PortScan,task2,n_benign,24976.0
xgboost_static,none,5,PortScan,task2,n_attack,24.0
xgboost_static,none,5,PortScan,task2,accuracy,0.99904
xgboost_static,none,5,PortScan,task2,macro_f1,0.4997598847446774
xgboost_static,none,5,PortScan,task2,fpr,0.0
xgboost_static,none,5,PortScan,task2,detection_rate,0.0
xgboost_static,none,5,PortScan,task2,binary_f1,0.0
xgboost_static,none,5,PortScan,task2,category_recall,0.0
xgboost_static,none,5,PortScan,task3,n,45000.0
xgboost_static,none,5,PortScan,task3,n_benign,28566.0
xgboost_static,none,5,PortScan,task3,n_attack,16434.0
xgboost_static,none,5,PortScan,task3,accuracy,0.6351555555555556
xgboost_static,none,5,PortScan,task3,macro_f1,0.3897070494381054
xgboost_static,none,5,PortScan,task3,fpr,0.0002100399075824
xgboost_static,none,5,PortScan,task3,detection_rate,0.001338688085676
xgboost_static,none,5,PortScan,task3,binary_f1,0.0026728222573198
xgboost_static,none,5,PortScan,task3,category_recall,0.001338688085676
xgboost_static,none,5,PortScan,task4,n,27642.0
xgboost_static,none,5,PortScan,task4,n_benign,27569.0
xgboost_static,none,5,PortScan,task4,n_attack,73.0
xgboost_static,none,5,PortScan,task4,accuracy,0.9973590912379712
xgboost_static,none,5,PortScan,task4,macro_f1,0.4993388998569126
xgboost_static,none,5,PortScan,task4,fpr,0.0
xgboost_static,none,5,PortScan,task4,detection_rate,0.0
xgboost_static,none,5,PortScan,task4,binary_f1,0.0
xgboost_static,none,5,PortScan,task4,category_recall,0.0
xgboost_static,none,5,PortScan,task5,n,55000.0
xgboost_static,none,5,PortScan,task5,n_benign,25723.0
xgboost_static,none,5,PortScan,task5,n_attack,29277.0
xgboost_static,none,5,PortScan,task5,accuracy,0.4676727272727273
xgboost_static,none,5,PortScan,task5,macro_f1,0.3186491910507668
xgboost_static,none,5,PortScan,task5,fpr,3.8875714341251024e-05
xgboost_static,none,5,PortScan,task5,detection_rate,0.0
xgboost_static,none,5,PortScan,task5,binary_f1,0.0
xgboost_static,none,5,PortScan,task5,category_recall,0.0
xgboost_static,none,5,PortScan,task6,n,25000.0
xgboost_static,none,5,PortScan,task6,n_benign,2841.0
xgboost_static,none,5,PortScan,task6,n_attack,22159.0
xgboost_static,none,5,PortScan,task6,accuracy,0.11364
xgboost_static,none,5,PortScan,task6,macro_f1,0.1020437484285765
xgboost_static,none,5,PortScan,task6,fpr,0.0
xgboost_static,none,5,PortScan,task6,detection_rate,0.0
xgboost_static,none,5,PortScan,task6,binary_f1,0.0
xgboost_static,none,5,PortScan,task6,category_recall,0.0
xgboost_static,none,5,PortScan,seen,n,391344.0
xgboost_static,none,5,PortScan,seen,n_benign,310650.0
xgboost_static,none,5,PortScan,seen,n_attack,80694.0
xgboost_static,none,5,PortScan,seen,accuracy,0.797106893168159
xgboost_static,none,5,PortScan,seen,macro_f1,0.4592173643604367
xgboost_static,none,5,PortScan,seen,fpr,2.897151134717528e-05
xgboost_static,none,5,PortScan,seen,detection_rate,0.0161350286266636
xgboost_static,none,5,PortScan,seen,binary_f1,0.0317541613316261
xgboost_static,none,5,PortScan,all,n,416344.0
xgboost_static,none,5,PortScan,all,n_benign,313491.0
xgboost_static,none,5,PortScan,all,n_attack,102853.0
xgboost_static,none,5,PortScan,all,accuracy,0.7560670983609707
xgboost_static,none,5,PortScan,all,macro_f1,0.4427969432709528
xgboost_static,none,5,PortScan,all,fpr,2.870895815190867e-05
xgboost_static,none,5,PortScan,all,detection_rate,0.0126588432034068
xgboost_static,none,5,PortScan,all,binary_f1,0.0249990399754233
xgboost_static,none,6,DDoS,task0,n,138702.0
xgboost_static,none,6,DDoS,task0,n_benign,137422.0
xgboost_static,none,6,DDoS,task0,n_attack,1280.0
xgboost_static,none,6,DDoS,task0,accuracy,0.999992790298626
xgboost_static,none,6,DDoS,task0,macro_f1,0.999802944543727
xgboost_static,none,6,DDoS,task0,fpr,7.27685523424197e-06
xgboost_static,none,6,DDoS,task0,detection_rate,1.0
xgboost_static,none,6,DDoS,task0,binary_f1,0.9996095275283092
xgboost_static,none,6,DDoS,task0,category_recall,1.0
xgboost_static,none,6,DDoS,task1,n,100000.0
xgboost_static,none,6,DDoS,task1,n_benign,66394.0
xgboost_static,none,6,DDoS,task1,n_attack,33606.0
xgboost_static,none,6,DDoS,task1,accuracy,0.66393
xgboost_static,none,6,DDoS,task1,macro_f1,0.3990131796409705
xgboost_static,none,6,DDoS,task1,fpr,1.5061601951983614e-05
xgboost_static,none,6,DDoS,task1,detection_rate,0.0
xgboost_static,none,6,DDoS,task1,binary_f1,0.0
xgboost_static,none,6,DDoS,task1,category_recall,0.0
xgboost_static,none,6,DDoS,task2,n,25000.0
xgboost_static,none,6,DDoS,task2,n_benign,24976.0
xgboost_static,none,6,DDoS,task2,n_attack,24.0
xgboost_static,none,6,DDoS,task2,accuracy,0.99904
xgboost_static,none,6,DDoS,task2,macro_f1,0.4997598847446774
xgboost_static,none,6,DDoS,task2,fpr,0.0
xgboost_static,none,6,DDoS,task2,detection_rate,0.0
xgboost_static,none,6,DDoS,task2,binary_f1,0.0
xgboost_static,none,6,DDoS,task2,category_recall,0.0
xgboost_static,none,6,DDoS,task3,n,45000.0
xgboost_static,none,6,DDoS,task3,n_benign,28566.0
xgboost_static,none,6,DDoS,task3,n_attack,16434.0
xgboost_static,none,6,DDoS,task3,accuracy,0.6351555555555556
xgboost_static,none,6,DDoS,task3,macro_f1,0.3897070494381054
xgboost_static,none,6,DDoS,task3,fpr,0.0002100399075824
xgboost_static,none,6,DDoS,task3,detection_rate,0.001338688085676
xgboost_static,none,6,DDoS,task3,binary_f1,0.0026728222573198
xgboost_static,none,6,DDoS,task3,category_recall,0.001338688085676
xgboost_static,none,6,DDoS,task4,n,27642.0
xgboost_static,none,6,DDoS,task4,n_benign,27569.0
xgboost_static,none,6,DDoS,task4,n_attack,73.0
xgboost_static,none,6,DDoS,task4,accuracy,0.9973590912379712
xgboost_static,none,6,DDoS,task4,macro_f1,0.4993388998569126
xgboost_static,none,6,DDoS,task4,fpr,0.0
xgboost_static,none,6,DDoS,task4,detection_rate,0.0
xgboost_static,none,6,DDoS,task4,binary_f1,0.0
xgboost_static,none,6,DDoS,task4,category_recall,0.0
xgboost_static,none,6,DDoS,task5,n,55000.0
xgboost_static,none,6,DDoS,task5,n_benign,25723.0
xgboost_static,none,6,DDoS,task5,n_attack,29277.0
xgboost_static,none,6,DDoS,task5,accuracy,0.4676727272727273
xgboost_static,none,6,DDoS,task5,macro_f1,0.3186491910507668
xgboost_static,none,6,DDoS,task5,fpr,3.8875714341251024e-05
xgboost_static,none,6,DDoS,task5,detection_rate,0.0
xgboost_static,none,6,DDoS,task5,binary_f1,0.0
xgboost_static,none,6,DDoS,task5,category_recall,0.0
xgboost_static,none,6,DDoS,task6,n,25000.0
xgboost_static,none,6,DDoS,task6,n_benign,2841.0
xgboost_static,none,6,DDoS,task6,n_attack,22159.0
xgboost_static,none,6,DDoS,task6,accuracy,0.11364
xgboost_static,none,6,DDoS,task6,macro_f1,0.1020437484285765
xgboost_static,none,6,DDoS,task6,fpr,0.0
xgboost_static,none,6,DDoS,task6,detection_rate,0.0
xgboost_static,none,6,DDoS,task6,binary_f1,0.0
xgboost_static,none,6,DDoS,task6,category_recall,0.0
xgboost_static,none,6,DDoS,seen,n,416344.0
xgboost_static,none,6,DDoS,seen,n_benign,313491.0
xgboost_static,none,6,DDoS,seen,n_attack,102853.0
xgboost_static,none,6,DDoS,seen,accuracy,0.7560670983609707
xgboost_static,none,6,DDoS,seen,macro_f1,0.4427969432709528
xgboost_static,none,6,DDoS,seen,fpr,2.870895815190867e-05
xgboost_static,none,6,DDoS,seen,detection_rate,0.0126588432034068
xgboost_static,none,6,DDoS,seen,binary_f1,0.0249990399754233
xgboost_static,none,6,DDoS,all,n,416344.0
xgboost_static,none,6,DDoS,all,n_benign,313491.0
xgboost_static,none,6,DDoS,all,n_attack,102853.0
xgboost_static,none,6,DDoS,all,accuracy,0.7560670983609707
xgboost_static,none,6,DDoS,all,macro_f1,0.4427969432709528
xgboost_static,none,6,DDoS,all,fpr,2.870895815190867e-05
xgboost_static,none,6,DDoS,all,detection_rate,0.0126588432034068
xgboost_static,none,6,DDoS,all,binary_f1,0.0249990399754233
gnn_naive,none,0,BruteForce,task0,n,138702.0
gnn_naive,none,0,BruteForce,task0,n_benign,137422.0
gnn_naive,none,0,BruteForce,task0,n_attack,1280.0
gnn_naive,none,0,BruteForce,task0,accuracy,0.999992790298626
gnn_naive,none,0,BruteForce,task0,macro_f1,0.999802944543727
gnn_naive,none,0,BruteForce,task0,fpr,7.27685523424197e-06
gnn_naive,none,0,BruteForce,task0,detection_rate,1.0
gnn_naive,none,0,BruteForce,task0,binary_f1,0.9996095275283092
gnn_naive,none,0,BruteForce,task0,category_recall,1.0
gnn_naive,none,0,BruteForce,task1,n,100000.0
gnn_naive,none,0,BruteForce,task1,n_benign,66394.0
gnn_naive,none,0,BruteForce,task1,n_attack,33606.0
gnn_naive,none,0,BruteForce,task1,accuracy,0.6629
gnn_naive,none,0,BruteForce,task1,macro_f1,0.3986409284984064
gnn_naive,none,0,BruteForce,task1,fpr,0.0015664066030062
gnn_naive,none,0,BruteForce,task1,detection_rate,0.0
gnn_naive,none,0,BruteForce,task1,binary_f1,0.0
gnn_naive,none,0,BruteForce,task1,category_recall,0.0
gnn_naive,none,0,BruteForce,task2,n,25000.0
gnn_naive,none,0,BruteForce,task2,n_benign,24976.0
gnn_naive,none,0,BruteForce,task2,n_attack,24.0
gnn_naive,none,0,BruteForce,task2,accuracy,0.999
gnn_naive,none,0,BruteForce,task2,macro_f1,0.6209619561031493
gnn_naive,none,0,BruteForce,task2,fpr,0.0002001921844971
gnn_naive,none,0,BruteForce,task2,detection_rate,0.1666666666666666
gnn_naive,none,0,BruteForce,task2,binary_f1,0.2424242424242424
gnn_naive,none,0,BruteForce,task2,category_recall,0.1666666666666666
gnn_naive,none,0,BruteForce,task3,n,45000.0
gnn_naive,none,0,BruteForce,task3,n_benign,28566.0
gnn_naive,none,0,BruteForce,task3,n_attack,16434.0
gnn_naive,none,0,BruteForce,task3,accuracy,0.6347777777777778
gnn_naive,none,0,BruteForce,task3,macro_f1,0.3882960647046829
gnn_naive,none,0,BruteForce,task3,fpr,3.500665126374011e-05
gnn_naive,none,0,BruteForce,task3,detection_rate,0.0
gnn_naive,none,0,BruteForce,task3,binary_f1,0.0
gnn_naive,none,0,BruteForce,task3,category_recall,0.0
gnn_naive,none,0,BruteForce,task4,n,27642.0
gnn_naive,none,0,BruteForce,task4,n_benign,27569.0
gnn_naive,none,0,BruteForce,task4,n_attack,73.0
gnn_naive,none,0,BruteForce,task4,accuracy,0.9973590912379712
gnn_naive,none,0,BruteForce,task4,macro_f1,0.4993388998569126
gnn_naive,none,0,BruteForce,task4,fpr,0.0
gnn_naive,none,0,BruteForce,task4,detection_rate,0.0
gnn_naive,none,0,BruteForce,task4,binary_f1,0.0
gnn_naive,none,0,BruteForce,task4,category_recall,0.0
gnn_naive,none,0,BruteForce,task5,n,55000.0
gnn_naive,none,0,BruteForce,task5,n_benign,25723.0
gnn_naive,none,0,BruteForce,task5,n_attack,29277.0
gnn_naive,none,0,BruteForce,task5,accuracy,0.4676909090909091
gnn_naive,none,0,BruteForce,task5,macro_f1,0.3186576316539276
gnn_naive,none,0,BruteForce,task5,fpr,0.0
gnn_naive,none,0,BruteForce,task5,detection_rate,0.0
gnn_naive,none,0,BruteForce,task5,binary_f1,0.0
gnn_naive,none,0,BruteForce,task5,category_recall,0.0
gnn_naive,none,0,BruteForce,task6,n,25000.0
gnn_naive,none,0,BruteForce,task6,n_benign,2841.0
gnn_naive,none,0,BruteForce,task6,n_attack,22159.0
gnn_naive,none,0,BruteForce,task6,accuracy,0.11364
gnn_naive,none,0,BruteForce,task6,macro_f1,0.1020437484285765
gnn_naive,none,0,BruteForce,task6,fpr,0.0
gnn_naive,none,0,BruteForce,task6,detection_rate,0.0
gnn_naive,none,0,BruteForce,task6,binary_f1,0.0
gnn_naive,none,0,BruteForce,task6,category_recall,0.0
gnn_naive,none,0,BruteForce,seen,n,138702.0
gnn_naive,none,0,BruteForce,seen,n_benign,137422.0
gnn_naive,none,0,BruteForce,seen,n_attack,1280.0
gnn_naive,none,0,BruteForce,seen,accuracy,0.999992790298626
gnn_naive,none,0,BruteForce,seen,macro_f1,0.999802944543727
gnn_naive,none,0,BruteForce,seen,fpr,7.27685523424197e-06
gnn_naive,none,0,BruteForce,seen,detection_rate,1.0
gnn_naive,none,0,BruteForce,seen,binary_f1,0.9996095275283092
gnn_naive,none,0,BruteForce,all,n,416344.0
gnn_naive,none,0,BruteForce,all,n_benign,313491.0
gnn_naive,none,0,BruteForce,all,n_attack,102853.0
gnn_naive,none,0,BruteForce,all,accuracy,0.7557788751609246
gnn_naive,none,0,BruteForce,all,macro_f1,0.4425238007923229
gnn_naive,none,0,BruteForce,all,fpr,0.0003540771505402
gnn_naive,none,0,BruteForce,all,detection_rate,0.0124838361545117
gnn_naive,none,0,BruteForce,all,binary_f1,0.02463356611158
gnn_naive,none,1,DoS,task0,n,138702.0
gnn_naive,none,1,DoS,task0,n_benign,137422.0
gnn_naive,none,1,DoS,task0,n_attack,1280.0
gnn_naive,none,1,DoS,task0,accuracy,0.999992790298626
gnn_naive,none,1,DoS,task0,macro_f1,0.999802944543727
gnn_naive,none,1,DoS,task0,fpr,7.27685523424197e-06
gnn_naive,none,1,DoS,task0,detection_rate,1.0
gnn_naive,none,1,DoS,task0,binary_f1,0.9996095275283092
gnn_naive,none,1,DoS,task0,category_recall,1.0
gnn_naive,none,1,DoS,task1,n,100000.0
gnn_naive,none,1,DoS,task1,n_benign,66394.0
gnn_naive,none,1,DoS,task1,n_attack,33606.0
gnn_naive,none,1,DoS,task1,accuracy,0.99736
gnn_naive,none,1,DoS,task1,macro_f1,0.997042390310575
gnn_naive,none,1,DoS,task1,fpr,0.0021236858752296
gnn_naive,none,1,DoS,task1,detection_rate,0.9963399392965542
gnn_naive,none,1,DoS,task1,binary_f1,0.9960731816153504
gnn_naive,none,1,DoS,task1,category_recall,0.9963399392965542
gnn_naive,none,1,DoS,task2,n,25000.0
gnn_naive,none,1,DoS,task2,n_benign,24976.0
gnn_naive,none,1,DoS,task2,n_attack,24.0
gnn_naive,none,1,DoS,task2,accuracy,0.99904
gnn_naive,none,1,DoS,task2,macro_f1,0.8330929872349516
gnn_naive,none,1,DoS,task2,fpr,0.0009609224855861
gnn_naive,none,1,DoS,task2,detection_rate,1.0
gnn_naive,none,1,DoS,task2,binary_f1,0.6666666666666666
gnn_naive,none,1,DoS,task2,category_recall,1.0
gnn_naive,none,1,DoS,task3,n,45000.0
gnn_naive,none,1,DoS,task3,n_benign,28566.0
gnn_naive,none,1,DoS,task3,n_attack,16434.0
gnn_naive,none,1,DoS,task3,accuracy,0.6347777777777778
gnn_naive,none,1,DoS,task3,macro_f1,0.3882960647046829
gnn_naive,none,1,DoS,task3,fpr,3.500665126374011e-05
gnn_naive,none,1,DoS,task3,detection_rate,0.0
gnn_naive,none,1,DoS,task3,binary_f1,0.0
gnn_naive,none,1,DoS,task3,category_recall,0.0
gnn_naive,none,1,DoS,task4,n,27642.0
gnn_naive,none,1,DoS,task4,n_benign,27569.0
gnn_naive,none,1,DoS,task4,n_attack,73.0
gnn_naive,none,1,DoS,task4,accuracy,0.9973590912379712
gnn_naive,none,1,DoS,task4,macro_f1,0.4993388998569126
gnn_naive,none,1,DoS,task4,fpr,0.0
gnn_naive,none,1,DoS,task4,detection_rate,0.0
gnn_naive,none,1,DoS,task4,binary_f1,0.0
gnn_naive,none,1,DoS,task4,category_recall,0.0
gnn_naive,none,1,DoS,task5,n,55000.0
gnn_naive,none,1,DoS,task5,n_benign,25723.0
gnn_naive,none,1,DoS,task5,n_attack,29277.0
gnn_naive,none,1,DoS,task5,accuracy,0.4676909090909091
gnn_naive,none,1,DoS,task5,macro_f1,0.3186576316539276
gnn_naive,none,1,DoS,task5,fpr,0.0
gnn_naive,none,1,DoS,task5,detection_rate,0.0
gnn_naive,none,1,DoS,task5,binary_f1,0.0
gnn_naive,none,1,DoS,task5,category_recall,0.0
gnn_naive,none,1,DoS,task6,n,25000.0
gnn_naive,none,1,DoS,task6,n_benign,2841.0
gnn_naive,none,1,DoS,task6,n_attack,22159.0
gnn_naive,none,1,DoS,task6,accuracy,1.0
gnn_naive,none,1,DoS,task6,macro_f1,1.0
gnn_naive,none,1,DoS,task6,fpr,0.0
gnn_naive,none,1,DoS,task6,detection_rate,1.0
gnn_naive,none,1,DoS,task6,binary_f1,1.0
gnn_naive,none,1,DoS,task6,category_recall,1.0
gnn_naive,none,1,DoS,seen,n,238702.0
gnn_naive,none,1,DoS,seen,n_benign,203816.0
gnn_naive,none,1,DoS,seen,n_attack,34886.0
gnn_naive,none,1,DoS,seen,accuracy,0.9988898291593704
gnn_naive,none,1,DoS,seen,macro_f1,0.9977764111681446
gnn_naive,none,1,DoS,seen,fpr,0.0006967068336146
gnn_naive,none,1,DoS,seen,detection_rate,0.9964742303502838
gnn_naive,none,1,DoS,seen,binary_f1,0.9962029488042872
gnn_naive,none,1,DoS,all,n,416344.0
gnn_naive,none,1,DoS,all,n_benign,313491.0
gnn_naive,none,1,DoS,all,n_attack,102853.0
gnn_naive,none,1,DoS,all,accuracy,0.8893367023422939
gnn_naive,none,1,DoS,all,macro_f1,0.8217436898896451
gnn_naive,none,1,DoS,all,fpr,0.0005327106679298
gnn_naive,none,1,DoS,all,detection_rate,0.5536639670208939
gnn_naive,none,1,DoS,all,binary_f1,0.7119762949626796
gnn_naive,none,2,WebAttack,task0,n,138702.0
gnn_naive,none,2,WebAttack,task0,n_benign,137422.0
gnn_naive,none,2,WebAttack,task0,n_attack,1280.0
gnn_naive,none,2,WebAttack,task0,accuracy,0.999992790298626
gnn_naive,none,2,WebAttack,task0,macro_f1,0.9998027919690512
gnn_naive,none,2,WebAttack,task0,fpr,0.0
gnn_naive,none,2,WebAttack,task0,detection_rate,0.99921875
gnn_naive,none,2,WebAttack,task0,binary_f1,0.9996092223524814
gnn_naive,none,2,WebAttack,task0,category_recall,0.99921875
gnn_naive,none,2,WebAttack,task1,n,100000.0
gnn_naive,none,2,WebAttack,task1,n_benign,66394.0
gnn_naive,none,2,WebAttack,task1,n_attack,33606.0
gnn_naive,none,2,WebAttack,task1,accuracy,0.98879
gnn_naive,none,2,WebAttack,task1,macro_f1,0.987341921762182
gnn_naive,none,2,WebAttack,task1,fpr,0.0006476488839352
gnn_naive,none,2,WebAttack,task1,detection_rate,0.9679223948104504
gnn_naive,none,2,WebAttack,task1,binary_f1,0.9830605799598048
gnn_naive,none,2,WebAttack,task1,category_recall,0.9679223948104504
gnn_naive,none,2,WebAttack,task2,n,25000.0
gnn_naive,none,2,WebAttack,task2,n_benign,24976.0
gnn_naive,none,2,WebAttack,task2,n_attack,24.0
gnn_naive,none,2,WebAttack,task2,accuracy,0.99928
gnn_naive,none,2,WebAttack,task2,macro_f1,0.8634561257223171
gnn_naive,none,2,WebAttack,task2,fpr,0.0007206918641896
gnn_naive,none,2,WebAttack,task2,detection_rate,1.0
gnn_naive,none,2,WebAttack,task2,binary_f1,0.7272727272727273
gnn_naive,none,2,WebAttack,task2,category_recall,1.0
gnn_naive,none,2,WebAttack,task3,n,45000.0
gnn_naive,none,2,WebAttack,task3,n_benign,28566.0
gnn_naive,none,2,WebAttack,task3,n_attack,16434.0
gnn_naive,none,2,WebAttack,task3,accuracy,0.6347333333333334
gnn_naive,none,2,WebAttack,task3,macro_f1,0.3882794339545695
gnn_naive,none,2,WebAttack,task3,fpr,0.0001050199537912
gnn_naive,none,2,WebAttack,task3,detection_rate,0.0
gnn_naive,none,2,WebAttack,task3,binary_f1,0.0
gnn_naive,none,2,WebAttack,task3,category_recall,0.0
gnn_naive,none,2,WebAttack,task4,n,27642.0
gnn_naive,none,2,WebAttack,task4,n_benign,27569.0
gnn_naive,none,2,WebAttack,task4,n_attack,73.0
gnn_naive,none,2,WebAttack,task4,accuracy,0.9973590912379712
gnn_naive,none,2,WebAttack,task4,macro_f1,0.4993388998569126
gnn_naive,none,2,WebAttack,task4,fpr,0.0
gnn_naive,none,2,WebAttack,task4,detection_rate,0.0
gnn_naive,none,2,WebAttack,task4,binary_f1,0.0
gnn_naive,none,2,WebAttack,task4,category_recall,0.0
gnn_naive,none,2,WebAttack,task5,n,55000.0
gnn_naive,none,2,WebAttack,task5,n_benign,25723.0
gnn_naive,none,2,WebAttack,task5,n_attack,29277.0
gnn_naive,none,2,WebAttack,task5,accuracy,0.4676909090909091
gnn_naive,none,2,WebAttack,task5,macro_f1,0.3186576316539276
gnn_naive,none,2,WebAttack,task5,fpr,0.0
gnn_naive,none,2,WebAttack,task5,detection_rate,0.0
gnn_naive,none,2,WebAttack,task5,binary_f1,0.0
gnn_naive,none,2,WebAttack,task5,category_recall,0.0
gnn_naive,none,2,WebAttack,task6,n,25000.0
gnn_naive,none,2,WebAttack,task6,n_benign,2841.0
gnn_naive,none,2,WebAttack,task6,n_attack,22159.0
gnn_naive,none,2,WebAttack,task6,accuracy,0.49768
gnn_naive,none,2,WebAttack,task6,macro_f1,0.4580550676123558
gnn_naive,none,2,WebAttack,task6,fpr,0.0
gnn_naive,none,2,WebAttack,task6,detection_rate,0.4332776749853332
gnn_naive,none,2,WebAttack,task6,binary_f1,0.6045969773299749
gnn_naive,none,2,WebAttack,task6,category_recall,0.4332776749853332
gnn_naive,none,2,WebAttack,seen,n,263702.0
gnn_naive,none,2,WebAttack,seen,n_benign,228792.0
gnn_naive,none,2,WebAttack,seen,n_attack,34910.0
gnn_naive,none,2,WebAttack,seen,accuracy,0.9956769383622422
gnn_naive,none,2,WebAttack,seen,macro_f1,0.990472449318026
gnn_naive,none,2,WebAttack,seen,fpr,0.000266617713906
gnn_naive,none,2,WebAttack,seen,detection_rate,0.9690919507304496
gnn_naive,none,2,WebAttack,seen,binary_f1,0.9834307142234238
gnn_naive,none,2,WebAttack,all,n,416344.0
gnn_naive,none,2,WebAttack,all,n_benign,313491.0
gnn_naive,none,2,WebAttack,all,n_attack,102853.0
gnn_naive,none,2,WebAttack,all,accuracy,0.8571253578771401
gnn_naive,none,2,WebAttack,all,macro_f1,0.7534350504989834
gnn_naive,none,2,WebAttack,all,fpr,0.0002041525913024
gnn_naive,none,2,WebAttack,all,detection_rate,0.4222725637560401
gnn_naive,none,2,WebAttack,all,binary_f1,0.59354009935155
gnn_naive,none,3,Infiltration,task0,n,138702.0
gnn_naive,none,3,Infiltration,task0,n_benign,137422.0
gnn_naive,none,3,Infiltration,task0,n_attack,1280.0
gnn_naive,none,3,Infiltration,task0,accuracy,0.9954218396274026
gnn_naive,none,3,Infiltration,task0,macro_f1,0.8342543919261753
gnn_naive,none,3,Infiltration,task0,fpr,1.455371046848394e-05
gnn_naive,none,3,Infiltration,task0,detection_rate,0.50546875
gnn_naive,none,3,Infiltration,task0,binary_f1,0.6708138932089165
gnn_naive,none,3,Infiltration,task0,category_recall,0.50546875
gnn_naive,none,3,Infiltration,task1,n,100000.0
gnn_naive,none,3,Infiltration,task1,n_benign,66394.0
gnn_naive,none,3,Infiltration,task1,n_attack,33606.0
gnn_naive,none,3,Infiltration,task1,accuracy,0.89546
gnn_naive,none,3,Infiltration,task1,macro_f1,0.8743581448095084
gnn_naive,none,3,Infiltration,task1,fpr,0.0170196102057414
gnn_naive,none,3,Infiltration,task1,detection_rate,0.7225495447241564
gnn_naive,none,3,Infiltration,task1,binary_f1,0.8228675997153411
gnn_naive,none,3,Infiltration,task1,category_recall,0.7225495447241564
gnn_naive,none,3,Infiltration,task2,n,25000.0
gnn_naive,none,3,Infiltration,task2,n_benign,24976.0
gnn_naive,none,3,Infiltration,task2,n_attack,24.0
gnn_naive,none,3,Infiltration,task2,accuracy,0.98596
gnn_naive,none,3,Infiltration,task2,macro_f1,0.528463476070529
gnn_naive,none,3,Infiltration,task2,fpr,0.0135730301089045
gnn_naive,none,3,Infiltration,task2,detection_rate,0.5
gnn_naive,none,3,Infiltration,task2,binary_f1,0.064
gnn_naive,none,3,Infiltration,task2,category_recall,0.5
gnn_naive,none,3,Infiltration,task3,n,45000.0
gnn_naive,none,3,Infiltration,task3,n_benign,28566.0
gnn_naive,none,3,Infiltration,task3,n_attack,16434.0
gnn_naive,none,3,Infiltration,task3,accuracy,0.9974888888888888
gnn_naive,none,3,Infiltration,task3,macro_f1,0.9972902754619158
gnn_naive,none,3,Infiltration,task3,fpr,0.0010852061891759
gnn_naive,none,3,Infiltration,task3,detection_rate,0.9950103444079348
gnn_naive,none,3,Infiltration,task3,binary_f1,0.9965566627053052
gnn_naive,none,3,Infiltration,task3,category_recall,0.9950103444079348
gnn_naive,none,3,Infiltration,task4,n,27642.0
gnn_naive,none,3,Infiltration,task4,n_benign,27569.0
gnn_naive,none,3,Infiltration,task4,n_attack,73.0
gnn_naive,none,3,Infiltration,task4,accuracy,0.9973590912379712
gnn_naive,none,3,Infiltration,task4,macro_f1,0.4993388998569126
gnn_naive,none,3,Infiltration,task4,fpr,0.0
gnn_naive,none,3,Infiltration,task4,detection_rate,0.0
gnn_naive,none,3,Infiltration,task4,binary_f1,0.0
gnn_naive,none,3,Infiltration,task4,category_recall,0.0
gnn_naive,none,3,Infiltration,task5,n,55000.0
gnn_naive,none,3,Infiltration,task5,n_benign,25723.0
gnn_naive,none,3,Infiltration,task5,n_attack,29277.0
gnn_naive,none,3,Infiltration,task5,accuracy,0.9998727272727272
gnn_naive,none,3,Infiltration,task5,macro_f1,0.999872191502845
gnn_naive,none,3,Infiltration,task5,fpr,0.0002721300003887
gnn_naive,none,3,Infiltration,task5,detection_rate,1.0
gnn_naive,none,3,Infiltration,task5,binary_f1,0.999880466522088
gnn_naive,none,3,Infiltration,task5,category_recall,1.0
gnn_naive,none,3,Infiltration,task6,n,25000.0
gnn_naive,none,3,Infiltration,task6,n_benign,2841.0
gnn_naive,none,3,Infiltration,task6,n_attack,22159.0
gnn_naive,none,3,Infiltration,task6,accuracy,0.99852
gnn_naive,none,3,Infiltration,task6,macro_f1,0.9963204547246494
gnn_naive,none,3,Infiltration,task6,fpr,0.0084477296726504
gnn_naive,none,3,Infiltration,task6,detection_rate,0.999413330926486
gnn_naive,none,3,Infiltration,task6,binary_f1,0.9991653319497394
gnn_naive,none,3,Infiltration,task6,category_recall,0.999413330926486
gnn_naive,none,3,Infiltration,seen,n,308702.0
gnn_naive,none,3,Infiltration,seen,n_benign,257358.0
gnn_naive,none,3,Infiltration,seen,n_attack,51344.0
gnn_naive,none,3,Infiltration,seen,accuracy,0.9625755583054209
gnn_naive,none,3,Infiltration,seen,macro_f1,0.9275992693340188
gnn_naive,none,3,Infiltration,seen,fpr,0.0058362281335726
gnn_naive,none,3,Infiltration,seen,detection_rate,0.8042419756933624
gnn_naive,none,3,Infiltration,seen,binary_f1,0.8772772177312272
gnn_naive,none,3,Infiltration,all,n,416344.0
gnn_naive,none,3,Infiltration,all,n_benign,313491.0
gnn_naive,none,3,Infiltration,all,n_attack,102853.0
gnn_naive,none,3,Infiltration,all,accuracy,0.9719702937955152
gnn_naive,none,3,Infiltration,all,macro_f1,0.9612155343087752
gnn_naive,none,3,Infiltration,all,fpr,0.0048900925385417
gnn_naive,none,3,Infiltration,all,detection_rate,0.9014418636306184
gnn_naive,none,3,Infiltration,all,binary_f1,0.9407920771986078
gnn_naive,none,4,Botnet,task0,n,138702.0
gnn_naive,none,4,Botnet,task0,n_benign,137422.0
gnn_naive,none,4,Botnet,task0,n_attack,1280.0
gnn_naive,none,4,Botnet,task0,accuracy,0.9906850658245736
gnn_naive,none,4,Botnet,task0,macro_f1,0.4976603697050472
gnn_naive,none,4,Botnet,task0,fpr,8.732226281090364e-05
gnn_naive,none,4,Botnet,task0,detection_rate,0.0
gnn_naive,none,4,Botnet,task0,binary_f1,0.0
gnn_naive,none,4,Botnet,task0,category_recall,0.0
gnn_naive,none,4,Botnet,task1,n,100000.0
gnn_naive,none,4,Botnet,task1,n_benign,66394.0
gnn_naive,none,4,Botnet,task1,n_attack,33606.0
gnn_naive,none,4,Botnet,task1,accuracy,0.66405
gnn_naive,none,4,Botnet,task1,macro_f1,0.3994274074221732
gnn_naive,none,4,Botnet,task1,fpr,3.0123203903967227e-05
gnn_naive,none,4,Botnet,task1,detection_rate,0.000386835684104
gnn_naive,none,4,Botnet,task1,binary_f1,0.0007733261949376
gnn_naive,none,4,Botnet,task1,category_recall,0.000386835684104
gnn_naive,none,4,Botnet,task2,n,25000.0
gnn_naive,none,4,Botnet,task2,n_benign,24976.0
gnn_naive,none,4,Botnet,task2,n_attack,24.0
gnn_naive,none,4,Botnet,task2,accuracy,0.99904
gnn_naive,none,4,Botnet,task2,macro_f1,0.4997598847446774
gnn_naive,none,4,Botnet,task2,fpr,0.0
gnn_naive,none,4,Botnet,task2,detection_rate,0.0
gnn_naive,none,4,Botnet,task2,binary_f1,0.0
gnn_naive,none,4,Botnet,task2,category_recall,0.0
gnn_naive,none,4,Botnet,task3,n,45000.0
gnn_naive,none,4,Botnet,task3,n_benign,28566.0
gnn_naive,none,4,Botnet,task3,n_attack,16434.0
gnn_naive,none,4,Botnet,task3,accuracy,0.6348
gnn_naive,none,4,Botnet,task3,macro_f1,0.3883043797406411
gnn_naive,none,4,Botnet,task3,fpr,0.0
gnn_naive,none,4,Botnet,task3,detection_rate,0.0
gnn_naive,none,4,Botnet,task3,binary_f1,0.0
gnn_naive,none,4,Botnet,task3,category_recall,0.0
gnn_naive,none,4,Botnet,task4,n,27642.0
gnn_naive,none,4,Botnet,task4,n_benign,27569.0
gnn_naive,none,4,Botnet,task4,n_attack,73.0
gnn_naive,none,4,Botnet,task4,accuracy,0.999095579191086
gnn_naive,none,4,Botnet,task4,macro_f1,0.8964676137122095
gnn_naive,none,4,Botnet,task4,fpr,0.0
gnn_naive,none,4,Botnet,task4,detection_rate,0.6575342465753424
gnn_naive,none,4,Botnet,task4,binary_f1,0.7933884297520661
gnn_naive,none,4,Botnet,task4,category_recall,0.6575342465753424
gnn_naive,none,4,Botnet,task5,n,55000.0
gnn_naive,none,4,Botnet,task5,n_benign,25723.0
gnn_naive,none,4,Botnet,task5,n_attack,29277.0
gnn_naive,none,4,Botnet,task5,accuracy,0.4676909090909091
gnn_naive,none,4,Botnet,task5,macro_f1,0.3186576316539276
gnn_naive,none,4,Botnet,task5,fpr,0.0
gnn_naive,none,4,Botnet,task5,detection_rate,0.0
gnn_naive,none,4,Botnet,task5,binary_f1,0.0
gnn_naive,none,4,Botnet,task5,category_recall,0.0
gnn_naive,none,4,Botnet,task6,n,25000.0
gnn_naive,none,4,Botnet,task6,n_benign,2841.0
gnn_naive,none,4,Botnet,task6,n_attack,22159.0
gnn_naive,none,4,Botnet,task6,accuracy,0.11364
gnn_naive,none,4,Botnet,task6,macro_f1,0.1020437484285765
gnn_naive,none,4,Botnet,task6,fpr,0.0
gnn_naive,none,4,Botnet,task6,detection_rate,0.0
gnn_naive,none,4,Botnet,task6,binary_f1,0.0
gnn_naive,none,4,Botnet,task6,category_recall,0.0
gnn_naive,none,4,Botnet,seen,n,336344.0
gnn_naive,none,4,Botnet,seen,n_benign,284927.0
gnn_naive,none,4,Botnet,seen,n_attack,51417.0
gnn_naive,none,4,Botnet,seen,accuracy,0.8472694622172537
gnn_naive,none,4,Botnet,seen,macro_f1,0.4598369916547123
gnn_naive,none,4,Botnet,seen,fpr,4.913539257423831e-05
gnn_naive,none,4,Botnet,seen,detection_rate,0.0011863780461714
gnn_naive,none,4,Botnet,seen,binary_f1,0.0023693000854501
gnn_naive,none,4,Botnet,all,n,416344.0
gnn_naive,none,4,Botnet,all,n_benign,313491.0
gnn_naive,none,4,Botnet,all,n_attack,102853.0
gnn_naive,none,4,Botnet,all,accuracy,0.7530743808004919
gnn_naive,none,4,Botnet,all,macro_f1,0.4301544210212545
gnn_naive,none,4,Botnet,all,fpr,4.4658379347413486e-05
gnn_naive,none,4,Botnet,all,detection_rate,0.0005930794434775
gnn_naive,none,4,Botnet,all,binary_f1,0.0011852945748484
gnn_naive,none,5,PortScan,task0,n,138702.0
gnn_naive,none,5,PortScan,task0,n_benign,137422.0
gnn_naive,none,5,PortScan,task0,n_attack,1280.0
gnn_naive,none,5,PortScan,task0,accuracy,0.9954939366411444
gnn_naive,none,5,PortScan,task0,macro_f1,0.8440856311902227
gnn_naive,none,5,PortScan,task0,fpr,0.0003056279198381
gnn_naive,none,5,PortScan,task0,detection_rate,0.54453125
gnn_naive,none,5,PortScan,task0,binary_f1,0.6904408122833086
gnn_naive,none,5,PortScan,task0,category_recall,0.54453125
gnn_naive,none,5,PortScan,task1,n,100000.0
gnn_naive,none,5,PortScan,task1,n_benign,66394.0
gnn_naive,none,5,PortScan,task1,n_attack,33606.0
gnn_naive,none,5,PortScan,task1,accuracy,0.6677
gnn_naive,none,5,PortScan,task1,macro_f1,0.4370147651777505
gnn_naive,none,5,PortScan,task1,fpr,0.0151067867578395
gnn_naive,none,5,PortScan,task1,detection_rate,0.041034339106112
gnn_naive,none,5,PortScan,task1,binary_f1,0.0766366566633322
gnn_naive,none,5,PortScan,task1,category_recall,0.041034339106112
gnn_naive,none,5,PortScan,task2,n,25000.0
gnn_naive,none,5,PortScan,task2,n_benign,24976.0
gnn_naive,none,5,PortScan,task2,n_attack,24.0
gnn_naive,none,5,PortScan,task2,accuracy,0.99884
gnn_naive,none,5,PortScan,task2,macro_f1,0.4997098317023873
gnn_naive,none,5,PortScan,task2,fpr,0.0002001921844971
gnn_naive,none,5,PortScan,task2,detection_rate,0.0
gnn_naive,none,5,PortScan,task2,binary_f1,0.0
gnn_naive,none,5,PortScan,task2,category_recall,0.0
gnn_naive,none,5,PortScan,task3,n,45000.0
gnn_naive,none,5,PortScan,task3,n_benign,28566.0
gnn_naive,none,5,PortScan,task3,n_attack,16434.0
gnn_naive,none,5,PortScan,task3,accuracy,0.9985777777777778
gnn_naive,none,5,PortScan,task3,macro_f1,0.9984671326902635
gnn_naive,none,5,PortScan,task3,fpr,0.0018553525169782
gnn_naive,none,5,PortScan,task3,detection_rate,0.999330655957162
gnn_naive,none,5,PortScan,task3,binary_f1,0.9980553023397144
gnn_naive,none,5,PortScan,task3,category_recall,0.999330655957162
gnn_naive,none,5,PortScan,task4,n,27642.0
gnn_naive,none,5,PortScan,task4,n_benign,27569.0
gnn_naive,none,5,PortScan,task4,n_attack,73.0
gnn_naive,none,5,PortScan,task4,accuracy,0.9973229144056146
gnn_naive,none,5,PortScan,task4,macro_f1,0.5788751161151335
gnn_naive,none,5,PortScan,task4,fpr,0.0002901810003989
gnn_naive,none,5,PortScan,task4,detection_rate,0.0958904109589041
gnn_naive,none,5,PortScan,task4,binary_f1,0.1590909090909091
gnn_naive,none,5,PortScan,task4,category_recall,0.0958904109589041
gnn_naive,none,5,PortScan,task5,n,55000.0
gnn_naive,none,5,PortScan,task5,n_benign,25723.0
gnn_naive,none,5,PortScan,task5,n_attack,29277.0
gnn_naive,none,5,PortScan,task5,accuracy,0.9998181818181818
gnn_naive,none,5,PortScan,task5,macro_f1,0.9998174151370388
gnn_naive,none,5,PortScan,task5,fpr,0.0003887571434125
gnn_naive,none,5,PortScan,task5,detection_rate,1.0
gnn_naive,none,5,PortScan,task5,binary_f1,0.9998292466361588
gnn_naive,none,5,PortScan,task5,category_recall,1.0
gnn_naive,none,5,PortScan,task6,n,25000.0
gnn_naive,none,5,PortScan,task6,n_benign,2841.0
gnn_naive,none,5,PortScan,task6,n_attack,22159.0
gnn_naive,none,5,PortScan,task6,accuracy,0.11364
gnn_naive,none,5,PortScan,task6,macro_f1,0.1020437484285765
gnn_naive,none,5,PortScan,task6,fpr,0.0
gnn_naive,none,5,PortScan,task6,detection_rate,0.0
gnn_naive,none,5,PortScan,task6,binary_f1,0.0
gnn_naive,none,5,PortScan,task6,category_recall,0.0
gnn_naive,none,5,PortScan,seen,n,391344.0
gnn_naive,none,5,PortScan,seen,n_benign,310650.0
gnn_naive,none,5,PortScan,seen,n_attack,80694.0
gnn_naive,none,5,PortScan,seen,accuracy,0.913038145467926
gnn_naive,none,5,PortScan,seen,macro_f1,0.8426470755259223
gnn_naive,none,5,PortScan,seen,fpr,0.0036085626911314
gnn_naive,none,5,PortScan,seen,detection_rate,0.5921505936005155
gnn_naive,none,5,PortScan,seen,binary_f1,0.7374033549900462
gnn_naive,none,5,PortScan,all,n,416344.0
gnn_naive,none,5,PortScan,all,n_benign,313491.0
gnn_naive,none,5,PortScan,all,n_attack,102853.0
gnn_naive,none,5,PortScan,all,accuracy,0.8650370847184059
gnn_naive,none,5,PortScan,all,macro_f1,0.773604790754718
gnn_naive,none,5,PortScan,all,fpr,0.0035758602320321
gnn_naive,none,5,PortScan,all,detection_rate,0.4645756565194987
gnn_naive,none,5,PortScan,all,binary_f1,0.6297304242967375
gnn_naive,none,6,DDoS,task0,n,138702.0
gnn_naive,none,6,DDoS,task0,n_benign,137422.0
gnn_naive,none,6,DDoS,task0,n_attack,1280.0
gnn_naive,none,6,DDoS,task0,accuracy,0.9999783708958776
gnn_naive,none,6,DDoS,task0,macro_f1,0.9994083759071536
gnn_naive,none,6,DDoS,task0,fpr,7.27685523424197e-06
gnn_naive,none,6,DDoS,task0,detection_rate,0.9984375
gnn_naive,none,6,DDoS,task0,binary_f1,0.9988276670574444
gnn_naive,none,6,DDoS,task0,category_recall,0.9984375
gnn_naive,none,6,DDoS,task1,n,100000.0
gnn_naive,none,6,DDoS,task1,n_benign,66394.0
gnn_naive,none,6,DDoS,task1,n_attack,33606.0
gnn_naive,none,6,DDoS,task1,accuracy,0.99163
gnn_naive,none,6,DDoS,task1,macro_f1,0.9906561961551756
gnn_naive,none,6,DDoS,task1,fpr,0.010106334909781
gnn_naive,none,6,DDoS,task1,detection_rate,0.9950604058799024
gnn_naive,none,6,DDoS,task1,binary_f1,0.987639735959951
gnn_naive,none,6,DDoS,task1,category_recall,0.9950604058799024
gnn_naive,none,6,DDoS,task2,n,25000.0
gnn_naive,none,6,DDoS,task2,n_benign,24976.0
gnn_naive,none,6,DDoS,task2,n_attack,24.0
gnn_naive,none,6,DDoS,task2,accuracy,0.98056
gnn_naive,none,6,DDoS,task2,macro_f1,0.5400313550971567
gnn_naive,none,6,DDoS,task2,fpr,0.0194586803331197
gnn_naive,none,6,DDoS,task2,detection_rate,1.0
gnn_naive,none,6,DDoS,task2,binary_f1,0.0898876404494382
gnn_naive,none,6,DDoS,task2,category_recall,1.0
gnn_naive,none,6,DDoS,task3,n,45000.0
gnn_naive,none,6,DDoS,task3,n_benign,28566.0
gnn_naive,none,6,DDoS,task3,n_attack,16434.0
gnn_naive,none,6,DDoS,task3,accuracy,0.9073777777777776
gnn_naive,none,6,DDoS,task3,macro_f1,0.8933939727998756
gnn_naive,none,6,DDoS,task3,fpr,3.500665126374011e-05
gnn_naive,none,6,DDoS,task3,detection_rate,0.7464403066812705
gnn_naive,none,6,DDoS,task3,binary_f1,0.8547836387708173
gnn_naive,none,6,DDoS,task3,category_recall,0.7464403066812705
gnn_naive,none,6,DDoS,task4,n,27642.0
gnn_naive,none,6,DDoS,task4,n_benign,27569.0
gnn_naive,none,6,DDoS,task4,n_attack,73.0
gnn_naive,none,6,DDoS,task4,accuracy,0.9973590912379712
gnn_naive,none,6,DDoS,task4,macro_f1,0.4993388998569126
gnn_naive,none,6,DDoS,task4,fpr,0.0
gnn_naive,none,6,DDoS,task4,detection_rate,0.0
gnn_naive,none,6,DDoS,task4,binary_f1,0.0
gnn_naive,none,6,DDoS,task4,category_recall,0.0
gnn_naive,none,6,DDoS,task5,n,55000.0
gnn_naive,none,6,DDoS,task5,n_benign,25723.0
gnn_naive,none,6,DDoS,task5,n_attack,29277.0
gnn_naive,none,6,DDoS,task5,accuracy,0.9999818181818182
gnn_naive,none,6,DDoS,task5,macro_f1,0.99998174190205
gnn_naive,none,6,DDoS,task5,fpr,3.8875714341251024e-05
gnn_naive,none,6,DDoS,task5,detection_rate,1.0
gnn_naive,none,6,DDoS,task5,binary_f1,0.9999829220391084
gnn_naive,none,6,DDoS,task5,category_recall,1.0
gnn_naive,none,6,DDoS,task6,n,25000.0
gnn_naive,none,6,DDoS,task6,n_benign,2841.0
gnn_naive,none,6,DDoS,task6,n_attack,22159.0
gnn_naive,none,6,DDoS,task6,accuracy,0.99992
gnn_naive,none,6,DDoS,task6,macro_f1,0.9998013804850764
gnn_naive,none,6,DDoS,task6,fpr,0.0007039774727208
gnn_naive,none,6,DDoS,task6,detection_rate,1.0
gnn_naive,none,6,DDoS,task6,binary_f1,0.9999548736462094
gnn_naive,none,6,DDoS,task6,category_recall,1.0
gnn_naive,none,6,DDoS,seen,n,416344.0
gnn_naive,none,6,DDoS,seen,n_benign,313491.0
gnn_naive,none,6,DDoS,seen,n_attack,102853.0
gnn_naive,none,6,DDoS,seen,accuracy,0.9866216397978594
gnn_naive,none,6,DDoS,seen,macro_f1,0.981825160733881
gnn_naive,none,6,DDoS,seen,fpr,0.0037066454858353
gnn_naive,none,6,DDoS,seen,detection_rate,0.957142718248374
gnn_naive,none,6,DDoS,seen,binary_f1,0.972488392768942
gnn_naive,none,6,DDoS,all,n,416344.0
gnn_naive,none,6,DDoS,all,n_benign,313491.0
gnn_naive,none,6,DDoS,all,n_attack,102853.0
gnn_naive,none,6,DDoS,all,accuracy,0.9866216397978594
gnn_naive,none,6,DDoS,all,macro_f1,0.981825160733881
gnn_naive,none,6,DDoS,all,fpr,0.0037066454858353
gnn_naive,none,6,DDoS,all,detection_rate,0.957142718248374
gnn_naive,none,6,DDoS,all,binary_f1,0.972488392768942
gnn_ewc_replay,none,0,BruteForce,task0,n,138702.0
gnn_ewc_replay,none,0,BruteForce,task0,n_benign,137422.0
gnn_ewc_replay,none,0,BruteForce,task0,n_attack,1280.0
gnn_ewc_replay,none,0,BruteForce,task0,accuracy,0.999992790298626
gnn_ewc_replay,none,0,BruteForce,task0,macro_f1,0.999802944543727
gnn_ewc_replay,none,0,BruteForce,task0,fpr,7.27685523424197e-06
gnn_ewc_replay,none,0,BruteForce,task0,detection_rate,1.0
gnn_ewc_replay,none,0,BruteForce,task0,binary_f1,0.9996095275283092
gnn_ewc_replay,none,0,BruteForce,task0,category_recall,1.0
gnn_ewc_replay,none,0,BruteForce,task1,n,100000.0
gnn_ewc_replay,none,0,BruteForce,task1,n_benign,66394.0
gnn_ewc_replay,none,0,BruteForce,task1,n_attack,33606.0
gnn_ewc_replay,none,0,BruteForce,task1,accuracy,0.6629
gnn_ewc_replay,none,0,BruteForce,task1,macro_f1,0.3986409284984064
gnn_ewc_replay,none,0,BruteForce,task1,fpr,0.0015664066030062
gnn_ewc_replay,none,0,BruteForce,task1,detection_rate,0.0
gnn_ewc_replay,none,0,BruteForce,task1,binary_f1,0.0
gnn_ewc_replay,none,0,BruteForce,task1,category_recall,0.0
gnn_ewc_replay,none,0,BruteForce,task2,n,25000.0
gnn_ewc_replay,none,0,BruteForce,task2,n_benign,24976.0
gnn_ewc_replay,none,0,BruteForce,task2,n_attack,24.0
gnn_ewc_replay,none,0,BruteForce,task2,accuracy,0.999
gnn_ewc_replay,none,0,BruteForce,task2,macro_f1,0.6209619561031493
gnn_ewc_replay,none,0,BruteForce,task2,fpr,0.0002001921844971
gnn_ewc_replay,none,0,BruteForce,task2,detection_rate,0.1666666666666666
gnn_ewc_replay,none,0,BruteForce,task2,binary_f1,0.2424242424242424
gnn_ewc_replay,none,0,BruteForce,task2,category_recall,0.1666666666666666
gnn_ewc_replay,none,0,BruteForce,task3,n,45000.0
gnn_ewc_replay,none,0,BruteForce,task3,n_benign,28566.0
gnn_ewc_replay,none,0,BruteForce,task3,n_attack,16434.0
gnn_ewc_replay,none,0,BruteForce,task3,accuracy,0.6347777777777778
gnn_ewc_replay,none,0,BruteForce,task3,macro_f1,0.3882960647046829
gnn_ewc_replay,none,0,BruteForce,task3,fpr,3.500665126374011e-05
gnn_ewc_replay,none,0,BruteForce,task3,detection_rate,0.0
gnn_ewc_replay,none,0,BruteForce,task3,binary_f1,0.0
gnn_ewc_replay,none,0,BruteForce,task3,category_recall,0.0
gnn_ewc_replay,none,0,BruteForce,task4,n,27642.0
gnn_ewc_replay,none,0,BruteForce,task4,n_benign,27569.0
gnn_ewc_replay,none,0,BruteForce,task4,n_attack,73.0
gnn_ewc_replay,none,0,BruteForce,task4,accuracy,0.9973590912379712
gnn_ewc_replay,none,0,BruteForce,task4,macro_f1,0.4993388998569126
gnn_ewc_replay,none,0,BruteForce,task4,fpr,0.0
gnn_ewc_replay,none,0,BruteForce,task4,detection_rate,0.0
gnn_ewc_replay,none,0,BruteForce,task4,binary_f1,0.0
gnn_ewc_replay,none,0,BruteForce,task4,category_recall,0.0
gnn_ewc_replay,none,0,BruteForce,task5,n,55000.0
gnn_ewc_replay,none,0,BruteForce,task5,n_benign,25723.0
gnn_ewc_replay,none,0,BruteForce,task5,n_attack,29277.0
gnn_ewc_replay,none,0,BruteForce,task5,accuracy,0.4676909090909091
gnn_ewc_replay,none,0,BruteForce,task5,macro_f1,0.3186576316539276
gnn_ewc_replay,none,0,BruteForce,task5,fpr,0.0
gnn_ewc_replay,none,0,BruteForce,task5,detection_rate,0.0
gnn_ewc_replay,none,0,BruteForce,task5,binary_f1,0.0
gnn_ewc_replay,none,0,BruteForce,task5,category_recall,0.0
gnn_ewc_replay,none,0,BruteForce,task6,n,25000.0
gnn_ewc_replay,none,0,BruteForce,task6,n_benign,2841.0
gnn_ewc_replay,none,0,BruteForce,task6,n_attack,22159.0
gnn_ewc_replay,none,0,BruteForce,task6,accuracy,0.11364
gnn_ewc_replay,none,0,BruteForce,task6,macro_f1,0.1020437484285765
gnn_ewc_replay,none,0,BruteForce,task6,fpr,0.0
gnn_ewc_replay,none,0,BruteForce,task6,detection_rate,0.0
gnn_ewc_replay,none,0,BruteForce,task6,binary_f1,0.0
gnn_ewc_replay,none,0,BruteForce,task6,category_recall,0.0
gnn_ewc_replay,none,0,BruteForce,seen,n,138702.0
gnn_ewc_replay,none,0,BruteForce,seen,n_benign,137422.0
gnn_ewc_replay,none,0,BruteForce,seen,n_attack,1280.0
gnn_ewc_replay,none,0,BruteForce,seen,accuracy,0.999992790298626
gnn_ewc_replay,none,0,BruteForce,seen,macro_f1,0.999802944543727
gnn_ewc_replay,none,0,BruteForce,seen,fpr,7.27685523424197e-06
gnn_ewc_replay,none,0,BruteForce,seen,detection_rate,1.0
gnn_ewc_replay,none,0,BruteForce,seen,binary_f1,0.9996095275283092
gnn_ewc_replay,none,0,BruteForce,all,n,416344.0
gnn_ewc_replay,none,0,BruteForce,all,n_benign,313491.0
gnn_ewc_replay,none,0,BruteForce,all,n_attack,102853.0
gnn_ewc_replay,none,0,BruteForce,all,accuracy,0.7557788751609246
gnn_ewc_replay,none,0,BruteForce,all,macro_f1,0.4425238007923229
gnn_ewc_replay,none,0,BruteForce,all,fpr,0.0003540771505402
gnn_ewc_replay,none,0,BruteForce,all,detection_rate,0.0124838361545117
gnn_ewc_replay,none,0,BruteForce,all,binary_f1,0.02463356611158
gnn_ewc_replay,none,1,DoS,task0,n,138702.0
gnn_ewc_replay,none,1,DoS,task0,n_benign,137422.0
gnn_ewc_replay,none,1,DoS,task0,n_attack,1280.0
gnn_ewc_replay,none,1,DoS,task0,accuracy,0.9999855805972516
gnn_ewc_replay,none,1,DoS,task0,macro_f1,0.9996060414834552
gnn_ewc_replay,none,1,DoS,task0,fpr,1.455371046848394e-05
gnn_ewc_replay,none,1,DoS,task0,detection_rate,1.0
gnn_ewc_replay,none,1,DoS,task0,binary_f1,0.9992193598750976
gnn_ewc_replay,none,1,DoS,task0,category_recall,1.0
gnn_ewc_replay,none,1,DoS,task1,n,100000.0
gnn_ewc_replay,none,1,DoS,task1,n_benign,66394.0
gnn_ewc_replay,none,1,DoS,task1,n_attack,33606.0
gnn_ewc_replay,none,1,DoS,task1,accuracy,0.99851
gnn_ewc_replay,none,1,DoS,task1,macro_f1,0.998332270757555
gnn_ewc_replay,none,1,DoS,task1,fpr,0.0021989938849896
gnn_ewc_replay,none,1,DoS,task1,detection_rate,0.9999107302267451
gnn_ewc_replay,none,1,DoS,task1,binary_f1,0.9977878405463588
gnn_ewc_replay,none,1,DoS,task1,category_recall,0.9999107302267451
gnn_ewc_replay,none,1,DoS,task2,n,25000.0
gnn_ewc_replay,none,1,DoS,task2,n_benign,24976.0
gnn_ewc_replay,none,1,DoS,task2,n_attack,24.0
gnn_ewc_replay,none,1,DoS,task2,accuracy,0.99904
gnn_ewc_replay,none,1,DoS,task2,macro_f1,0.8330929872349516
gnn_ewc_replay,none,1,DoS,task2,fpr,0.0009609224855861
gnn_ewc_replay,none,1,DoS,task2,detection_rate,1.0
gnn_ewc_replay,none,1,DoS,task2,binary_f1,0.6666666666666666
gnn_ewc_replay,none,1,DoS,task2,category_recall,1.0
gnn_ewc_replay,none,1,DoS,task3,n,45000.0
gnn_ewc_replay,none,1,DoS,task3,n_benign,28566.0
gnn_ewc_replay,none,1,DoS,task3,n_attack,16434.0
gnn_ewc_replay,none,1,DoS,task3,accuracy,0.6347555555555555
gnn_ewc_replay,none,1,DoS,task3,macro_f1,0.3882877494426621
gnn_ewc_replay,none,1,DoS,task3,fpr,7.001330252748022e-05
gnn_ewc_replay,none,1,DoS,task3,detection_rate,0.0
gnn_ewc_replay,none,1,DoS,task3,binary_f1,0.0
gnn_ewc_replay,none,1,DoS,task3,category_recall,0.0
gnn_ewc_replay,none,1,DoS,task4,n,27642.0
gnn_ewc_replay,none,1,DoS,task4,n_benign,27569.0
gnn_ewc_replay,none,1,DoS,task4,n_attack,73.0
gnn_ewc_replay,none,1,DoS,task4,accuracy,0.9973590912379712
gnn_ewc_replay,none,1,DoS,task4,macro_f1,0.4993388998569126
gnn_ewc_replay,none,1,DoS,task4,fpr,0.0
gnn_ewc_replay,none,1,DoS,task4,detection_rate,0.0
gnn_ewc_replay,none,1,DoS,task4,binary_f1,0.0
gnn_ewc_replay,none,1,DoS,task4,category_recall,0.0
gnn_ewc_replay,none,1,DoS,task5,n,55000.0
gnn_ewc_replay,none,1,DoS,task5,n_benign,25723.0
gnn_ewc_replay,none,1,DoS,task5,n_attack,29277.0
gnn_ewc_replay,none,1,DoS,task5,accuracy,0.4676909090909091
gnn_ewc_replay,none,1,DoS,task5,macro_f1,0.3186576316539276
gnn_ewc_replay,none,1,DoS,task5,fpr,0.0
gnn_ewc_replay,none,1,DoS,task5,detection_rate,0.0
gnn_ewc_replay,none,1,DoS,task5,binary_f1,0.0
gnn_ewc_replay,none,1,DoS,task5,category_recall,0.0
gnn_ewc_replay,none,1,DoS,task6,n,25000.0
gnn_ewc_replay,none,1,DoS,task6,n_benign,2841.0
gnn_ewc_replay,none,1,DoS,task6,n_attack,22159.0
gnn_ewc_replay,none,1,DoS,task6,accuracy,1.0
gnn_ewc_replay,none,1,DoS,task6,macro_f1,1.0
gnn_ewc_replay,none,1,DoS,task6,fpr,0.0
gnn_ewc_replay,none,1,DoS,task6,detection_rate,1.0
gnn_ewc_replay,none,1,DoS,task6,binary_f1,1.0
gnn_ewc_replay,none,1,DoS,task6,category_recall,1.0
gnn_ewc_replay,none,1,DoS,seen,n,238702.0
gnn_ewc_replay,none,1,DoS,seen,n_benign,203816.0
gnn_ewc_replay,none,1,DoS,seen,n_attack,34886.0
gnn_ewc_replay,none,1,DoS,seen,accuracy,0.9993674120870374
gnn_ewc_replay,none,1,DoS,seen,macro_f1,0.998734866191238
gnn_ewc_replay,none,1,DoS,seen,fpr,0.0007261451505279
gnn_ewc_replay,none,1,DoS,seen,detection_rate,0.9999140056182996
gnn_ewc_replay,none,1,DoS,seen,binary_f1,0.997840296351388
gnn_ewc_replay,none,1,DoS,all,n,416344.0
gnn_ewc_replay,none,1,DoS,all,n_benign,313491.0
gnn_ewc_replay,none,1,DoS,all,n_attack,102853.0
gnn_ewc_replay,none,1,DoS,all,accuracy,0.8896081125223373
gnn_ewc_replay,none,1,DoS,all,macro_f1,0.8222883896928103
gnn_ewc_replay,none,1,DoS,all,fpr,0.0005550398576035
gnn_ewc_replay,none,1,DoS,all,detection_rate,0.554830680680194
gnn_ewc_replay,none,1,DoS,all,binary_f1,0.7129106207017172
gnn_ewc_replay,none,2,WebAttack,task0,n,138702.0
gnn_ewc_replay,none,2,WebAttack,task0,n_benign,137422.0
gnn_ewc_replay,none,2,WebAttack,task0,n_attack,1280.0
gnn_ewc_replay,none,2,WebAttack,task0,accuracy,0.9999855805972516
gnn_ewc_replay,none,2,WebAttack,task0,macro_f1,0.9996060414834552
gnn_ewc_replay,none,2,WebAttack,task0,fpr,1.455371046848394e-05
gnn_ewc_replay,none,2,WebAttack,task0,detection_rate,1.0
gnn_ewc_replay,none,2,WebAttack,task0,binary_f1,0.9992193598750976
gnn_ewc_replay,none,2,WebAttack,task0,category_recall,1.0
gnn_ewc_replay,none,2,WebAttack,task1,n,100000.0
gnn_ewc_replay,none,2,WebAttack,task1,n_benign,66394.0
gnn_ewc_replay,none,2,WebAttack,task1,n_attack,33606.0
gnn_ewc_replay,none,2,WebAttack,task1,accuracy,0.99776
gnn_ewc_replay,none,2,WebAttack,task1,macro_f1,0.9974916537960288
gnn_ewc_replay,none,2,WebAttack,task1,fpr,0.0022893634967015
gnn_ewc_replay,none,2,WebAttack,task1,detection_rate,0.9978575254418852
gnn_ewc_replay,none,2,WebAttack,task1,binary_f1,0.9966712239196338
gnn_ewc_replay,none,2,WebAttack,task1,category_recall,0.9978575254418852
gnn_ewc_replay,none,2,WebAttack,task2,n,25000.0
gnn_ewc_replay,none,2,WebAttack,task2,n_benign,24976.0
gnn_ewc_replay,none,2,WebAttack,task2,n_attack,24.0
gnn_ewc_replay,none,2,WebAttack,task2,accuracy,0.99948
gnn_ewc_replay,none,2,WebAttack,task2,macro_f1,0.8933124641570913
gnn_ewc_replay,none,2,WebAttack,task2,fpr,0.0005204996796925
gnn_ewc_replay,none,2,WebAttack,task2,detection_rate,1.0
gnn_ewc_replay,none,2,WebAttack,task2,binary_f1,0.7868852459016393
gnn_ewc_replay,none,2,WebAttack,task2,category_recall,1.0
gnn_ewc_replay,none,2,WebAttack,task3,n,45000.0
gnn_ewc_replay,none,2,WebAttack,task3,n_benign,28566.0
gnn_ewc_replay,none,2,WebAttack,task3,n_attack,16434.0
gnn_ewc_replay,none,2,WebAttack,task3,accuracy,0.6347333333333334
gnn_ewc_replay,none,2,WebAttack,task3,macro_f1,0.3882794339545695
gnn_ewc_replay,none,2,WebAttack,task3,fpr,0.0001050199537912
gnn_ewc_replay,none,2,WebAttack,task3,detection_rate,0.0
gnn_ewc_replay,none,2,WebAttack,task3,binary_f1,0.0
gnn_ewc_replay,none,2,WebAttack,task3,category_recall,0.0
gnn_ewc_replay,none,2,WebAttack,task4,n,27642.0
gnn_ewc_replay,none,2,WebAttack,task4,n_benign,27569.0
gnn_ewc_replay,none,2,WebAttack,task4,n_attack,73.0
gnn_ewc_replay,none,2,WebAttack,task4,accuracy,0.9973590912379712
gnn_ewc_replay,none,2,WebAttack,task4,macro_f1,0.4993388998569126
gnn_ewc_replay,none,2,WebAttack,task4,fpr,0.0
gnn_ewc_replay,none,2,WebAttack,task4,detection_rate,0.0
gnn_ewc_replay,none,2,WebAttack,task4,binary_f1,0.0
gnn_ewc_replay,none,2,WebAttack,task4,category_recall,0.0
gnn_ewc_replay,none,2,WebAttack,task5,n,55000.0
gnn_ewc_replay,none,2,WebAttack,task5,n_benign,25723.0
gnn_ewc_replay,none,2,WebAttack,task5,n_attack,29277.0
gnn_ewc_replay,none,2,WebAttack,task5,accuracy,0.4676909090909091
gnn_ewc_replay,none,2,WebAttack,task5,macro_f1,0.3186576316539276
gnn_ewc_replay,none,2,WebAttack,task5,fpr,0.0
gnn_ewc_replay,none,2,WebAttack,task5,detection_rate,0.0
gnn_ewc_replay,none,2,WebAttack,task5,binary_f1,0.0
gnn_ewc_replay,none,2,WebAttack,task5,category_recall,0.0
gnn_ewc_replay,none,2,WebAttack,task6,n,25000.0
gnn_ewc_replay,none,2,WebAttack,task6,n_benign,2841.0
gnn_ewc_replay,none,2,WebAttack,task6,n_attack,22159.0
gnn_ewc_replay,none,2,WebAttack,task6,accuracy,1.0
gnn_ewc_replay,none,2,WebAttack,task6,macro_f1,1.0
gnn_ewc_replay,none,2,WebAttack,task6,fpr,0.0
gnn_ewc_replay,none,2,WebAttack,task6,detection_rate,1.0
gnn_ewc_replay,none,2,WebAttack,task6,binary_f1,1.0
gnn_ewc_replay,none,2,WebAttack,task6,category_recall,1.0
gnn_ewc_replay,none,2,WebAttack,seen,n,263702.0
gnn_ewc_replay,none,2,WebAttack,seen,n_benign,228792.0
gnn_ewc_replay,none,2,WebAttack,seen,n_attack,34910.0
gnn_ewc_replay,none,2,WebAttack,seen,accuracy,0.9990936739198034
gnn_ewc_replay,none,2,WebAttack,seen,macro_f1,0.998029573197234
gnn_ewc_replay,none,2,WebAttack,seen,fpr,0.0007299206265953
gnn_ewc_replay,none,2,WebAttack,seen,detection_rate,0.9979375537095388
gnn_ewc_replay,none,2,WebAttack,seen,binary_f1,0.996581563326897
gnn_ewc_replay,none,2,WebAttack,all,n,416344.0
gnn_ewc_replay,none,2,WebAttack,all,n_benign,313491.0
gnn_ewc_replay,none,2,WebAttack,all,n_attack,102853.0
gnn_ewc_replay,none,2,WebAttack,all,accuracy,0.8894519916223124
gnn_ewc_replay,none,2,WebAttack,all,macro_f1,0.8219751988326618
gnn_ewc_replay,none,2,WebAttack,all,fpr,0.0005422803206471
gnn_ewc_replay,none,2,WebAttack,all,detection_rate,0.5541598203260965
gnn_ewc_replay,none,2,WebAttack,all,binary_f1,0.7123734533183352
gnn_ewc_replay,none,3,Infiltration,task0,n,138702.0
gnn_ewc_replay,none,3,Infiltration,task0,n_benign,137422.0
gnn_ewc_replay,none,3,Infiltration,task0,n_attack,1280.0
gnn_ewc_replay,none,3,Infiltration,task0,accuracy,0.9999855805972516
gnn_ewc_replay,none,3,Infiltration,task0,macro_f1,0.9996060414834552
gnn_ewc_replay,none,3,Infiltration,task0,fpr,1.455371046848394e-05
gnn_ewc_replay,none,3,Infiltration,task0,detection_rate,1.0
gnn_ewc_replay,none,3,Infiltration,task0,binary_f1,0.9992193598750976
gnn_ewc_replay,none,3,Infiltration,task0,category_recall,1.0
gnn_ewc_replay,none,3,Infiltration,task1,n,100000.0
gnn_ewc_replay,none,3,Infiltration,task1,n_benign,66394.0
gnn_ewc_replay,none,3,Infiltration,task1,n_attack,33606.0
gnn_ewc_replay,none,3,Infiltration,task1,accuracy,0.99838
gnn_ewc_replay,none,3,Infiltration,task1,macro_f1,0.9981869363883596
gnn_ewc_replay,none,3,Infiltration,task1,fpr,0.0023947947103653
gnn_ewc_replay,none,3,Infiltration,task1,detection_rate,0.9999107302267451
gnn_ewc_replay,none,3,Infiltration,task1,binary_f1,0.9975952974706092
gnn_ewc_replay,none,3,Infiltration,task1,category_recall,0.9999107302267451
gnn_ewc_replay,none,3,Infiltration,task2,n,25000.0
gnn_ewc_replay,none,3,Infiltration,task2,n_benign,24976.0
gnn_ewc_replay,none,3,Infiltration,task2,n_attack,24.0
gnn_ewc_replay,none,3,Infiltration,task2,accuracy,0.9996
gnn_ewc_replay,none,3,Infiltration,task2,macro_f1,0.910614173588705
gnn_ewc_replay,none,3,Infiltration,task2,fpr,0.0003603459320948
gnn_ewc_replay,none,3,Infiltration,task2,detection_rate,0.9583333333333334
gnn_ewc_replay,none,3,Infiltration,task2,binary_f1,0.8214285714285714
gnn_ewc_replay,none,3,Infiltration,task2,category_recall,0.9583333333333334
gnn_ewc_replay,none,3,Infiltration,task3,n,45000.0
gnn_ewc_replay,none,3,Infiltration,task3,n_benign,28566.0
gnn_ewc_replay,none,3,Infiltration,task3,n_attack,16434.0
gnn_ewc_replay,none,3,Infiltration,task3,accuracy,0.9976666666666668
gnn_ewc_replay,none,3,Infiltration,task3,macro_f1,0.9974828327582592
gnn_ewc_replay,none,3,Infiltration,task3,fpr,0.0013302527480221
gnn_ewc_replay,none,3,Infiltration,task3,detection_rate,0.995923086284532
gnn_ewc_replay,none,3,Infiltration,task3,binary_f1,0.9968025822954414
gnn_ewc_replay,none,3,Infiltration,task3,category_recall,0.995923086284532
gnn_ewc_replay,none,3,Infiltration,task4,n,27642.0
gnn_ewc_replay,none,3,Infiltration,task4,n_benign,27569.0
gnn_ewc_replay,none,3,Infiltration,task4,n_attack,73.0
gnn_ewc_replay,none,3,Infiltration,task4,accuracy,0.9973590912379712
gnn_ewc_replay,none,3,Infiltration,task4,macro_f1,0.4993388998569126
gnn_ewc_replay,none,3,Infiltration,task4,fpr,0.0
gnn_ewc_replay,none,3,Infiltration,task4,detection_rate,0.0
gnn_ewc_replay,none,3,Infiltration,task4,binary_f1,0.0
gnn_ewc_replay,none,3,Infiltration,task4,category_recall,0.0
gnn_ewc_replay,none,3,Infiltration,task5,n,55000.0
gnn_ewc_replay,none,3,Infiltration,task5,n_benign,25723.0
gnn_ewc_replay,none,3,Infiltration,task5,n_attack,29277.0
gnn_ewc_replay,none,3,Infiltration,task5,accuracy,0.9996909090909092
gnn_ewc_replay,none,3,Infiltration,task5,macro_f1,0.9996896020579168
gnn_ewc_replay,none,3,Infiltration,task5,fpr,0.00062201142946
gnn_ewc_replay,none,3,Infiltration,task5,detection_rate,0.9999658434948936
gnn_ewc_replay,none,3,Infiltration,task5,binary_f1,0.9997097440625586
gnn_ewc_replay,none,3,Infiltration,task5,category_recall,0.9999658434948936
gnn_ewc_replay,none,3,Infiltration,task6,n,25000.0
gnn_ewc_replay,none,3,Infiltration,task6,n_benign,2841.0
gnn_ewc_replay,none,3,Infiltration,task6,n_attack,22159.0
gnn_ewc_replay,none,3,Infiltration,task6,accuracy,0.99892
gnn_ewc_replay,none,3,Infiltration,task6,macro_f1,0.9973083009307596
gnn_ewc_replay,none,3,Infiltration,task6,fpr,0.0095036958817317
gnn_ewc_replay,none,3,Infiltration,task6,detection_rate,1.0
gnn_ewc_replay,none,3,Infiltration,task6,binary_f1,0.9993911376705378
gnn_ewc_replay,none,3,Infiltration,task6,category_recall,1.0
gnn_ewc_replay,none,3,Infiltration,seen,n,308702.0
gnn_ewc_replay,none,3,Infiltration,seen,n_benign,257358.0
gnn_ewc_replay,none,3,Infiltration,seen,n_attack,51344.0
gnn_ewc_replay,none,3,Infiltration,seen,accuracy,0.9990962157679576
gnn_ewc_replay,none,3,Infiltration,seen,macro_f1,0.9983722306390698
gnn_ewc_replay,none,3,Infiltration,seen,fpr,0.0008082126842763
gnn_ewc_replay,none,3,Infiltration,seen,detection_rate,0.9986171704580866
gnn_ewc_replay,none,3,Infiltration,seen,binary_f1,0.9972866520787746
gnn_ewc_replay,none,3,Infiltration,all,n,416344.0
gnn_ewc_replay,none,3,Infiltration,all,n_benign,313491.0
gnn_ewc_replay,none,3,Infiltration,all,n_attack,102853.0
gnn_ewc_replay,none,3,Infiltration,all,accuracy,0.9990488634398478
gnn_ewc_replay,none,3,Infiltration,all,macro_f1,0.9987221050316186
gnn_ewc_replay,none,3,Infiltration,all,fpr,0.0008006609440143
gnn_ewc_replay,none,3,Infiltration,all,detection_rate,0.9985902209950124
gnn_ewc_replay,none,3,Infiltration,all,binary_f1,0.998075913940878
gnn_ewc_replay,none,4,Botnet,task0,n,138702.0
gnn_ewc_replay,none,4,Botnet,task0,n_benign,137422.0
gnn_ewc_replay,none,4,Botnet,task0,n_attack,1280.0
gnn_ewc_replay,none,4,Botnet,task0,accuracy,0.9997332410491556
gnn_ewc_replay,none,4,Botnet,task0,macro_f1,0.9928090758677012
gnn_ewc_replay,none,4,Botnet,task0,fpr,0.0002692436436669
gnn_ewc_replay,none,4,Botnet,task0,detection_rate,1.0
gnn_ewc_replay,none,4,Botnet,task0,binary_f1,0.9857527916827108
gnn_ewc_replay,none,4,Botnet,task0,category_recall,1.0
gnn_ewc_replay,none,4,Botnet,task1,n,100000.0
gnn_ewc_replay,none,4,Botnet,task1,n_benign,66394.0
gnn_ewc_replay,none,4,Botnet,task1,n_attack,33606.0
gnn_ewc_replay,none,4,Botnet,task1,accuracy,0.9982
gnn_ewc_replay,none,4,Botnet,task1,macro_f1,0.9979858378295878
gnn_ewc_replay,none,4,Botnet,task1,fpr,0.002711088351357
gnn_ewc_replay,none,4,Botnet,task1,detection_rate,1.0
gnn_ewc_replay,none,4,Botnet,task1,binary_f1,0.9973290598290598
gnn_ewc_replay,none,4,Botnet,task1,category_recall,1.0
gnn_ewc_replay,none,4,Botnet,task2,n,25000.0
gnn_ewc_replay,none,4,Botnet,task2,n_benign,24976.0
gnn_ewc_replay,none,4,Botnet,task2,n_attack,24.0
gnn_ewc_replay,none,4,Botnet,task2,accuracy,0.99952
gnn_ewc_replay,none,4,Botnet,task2,macro_f1,0.8964315847762716
gnn_ewc_replay,none,4,Botnet,task2,fpr,0.0004404228058936
gnn_ewc_replay,none,4,Botnet,task2,detection_rate,0.9583333333333334
gnn_ewc_replay,none,4,Botnet,task2,binary_f1,0.7931034482758621
gnn_ewc_replay,none,4,Botnet,task2,category_recall,0.9583333333333334
gnn_ewc_replay,none,4,Botnet,task3,n,45000.0
gnn_ewc_replay,none,4,Botnet,task3,n_benign,28566.0
gnn_ewc_replay,none,4,Botnet,task3,n_attack,16434.0
gnn_ewc_replay,none,4,Botnet,task3,accuracy,0.9981555555555556
gnn_ewc_replay,none,4,Botnet,task3,macro_f1,0.9980129564549248
gnn_ewc_replay,none,4,Botnet,task3,fpr,0.0028005321010992
gnn_ewc_replay,none,4,Botnet,task3,detection_rate,0.9998174516246804
gnn_ewc_replay,none,4,Botnet,task3,binary_f1,0.997480649567461
gnn_ewc_replay,none,4,Botnet,task3,category_recall,0.9998174516246804
gnn_ewc_replay,none,4,Botnet,task4,n,27642.0
gnn_ewc_replay,none,4,Botnet,task4,n_benign,27569.0
gnn_ewc_replay,none,4,Botnet,task4,n_attack,73.0
gnn_ewc_replay,none,4,Botnet,task4,accuracy,0.9999276463352867
gnn_ewc_replay,none,4,Botnet,task4,macro_f1,0.993132548618982
gnn_ewc_replay,none,4,Botnet,task4,fpr,3.627262504987486e-05
gnn_ewc_replay,none,4,Botnet,task4,detection_rate,0.9863013698630136
gnn_ewc_replay,none,4,Botnet,task4,binary_f1,0.9863013698630136
gnn_ewc_replay,none,4,Botnet,task4,category_recall,0.9863013698630136
gnn_ewc_replay,none,4,Botnet,task5,n,55000.0
gnn_ewc_replay,none,4,Botnet,task5,n_benign,25723.0
gnn_ewc_replay,none,4,Botnet,task5,n_attack,29277.0
gnn_ewc_replay,none,4,Botnet,task5,accuracy,0.9995090909090908
gnn_ewc_replay,none,4,Botnet,task5,macro_f1,0.9995070033345124
gnn_ewc_replay,none,4,Botnet,task5,fpr,0.0010107685728725
gnn_ewc_replay,none,4,Botnet,task5,detection_rate,0.9999658434948936
gnn_ewc_replay,none,4,Botnet,task5,binary_f1,0.999539083972072
gnn_ewc_replay,none,4,Botnet,task5,category_recall,0.9999658434948936
gnn_ewc_replay,none,4,Botnet,task6,n,25000.0
gnn_ewc_replay,none,4,Botnet,task6,n_benign,2841.0
gnn_ewc_replay,none,4,Botnet,task6,n_attack,22159.0
gnn_ewc_replay,none,4,Botnet,task6,accuracy,0.99984
gnn_ewc_replay,none,4,Botnet,task6,macro_f1,0.9996026389794408
gnn_ewc_replay,none,4,Botnet,task6,fpr,0.0014079549454417
gnn_ewc_replay,none,4,Botnet,task6,detection_rate,1.0
gnn_ewc_replay,none,4,Botnet,task6,binary_f1,0.9999097513650106
gnn_ewc_replay,none,4,Botnet,task6,category_recall,1.0
gnn_ewc_replay,none,4,Botnet,seen,n,336344.0
gnn_ewc_replay,none,4,Botnet,seen,n_benign,284927.0
gnn_ewc_replay,none,4,Botnet,seen,n_attack,51417.0
gnn_ewc_replay,none,4,Botnet,seen,accuracy,0.9990664319862996
gnn_ewc_replay,none,4,Botnet,seen,macro_f1,0.9982021114312856
gnn_ewc_replay,none,4,Botnet,seen,fpr,0.0010844883075314
gnn_ewc_replay,none,4,Botnet,seen,detection_rate,0.9999027558978548
gnn_ewc_replay,none,4,Botnet,seen,binary_f1,0.9969555353022164
gnn_ewc_replay,none,4,Botnet,all,n,416344.0
gnn_ewc_replay,none,4,Botnet,all,n_benign,313491.0
gnn_ewc_replay,none,4,Botnet,all,n_attack,102853.0
gnn_ewc_replay,none,4,Botnet,all,accuracy,0.9991713582998674
gnn_ewc_replay,none,4,Botnet,all,macro_f1,0.9988875061442422
gnn_ewc_replay,none,4,Botnet,all,fpr,0.0010813707570552
gnn_ewc_replay,none,4,Botnet,all,detection_rate,0.999941664317035
gnn_ewc_replay,none,4,Botnet,all,binary_f1,0.99832555972413
gnn_ewc_replay,none,5,PortScan,task0,n,138702.0
gnn_ewc_replay,none,5,PortScan,task0,n_benign,137422.0
gnn_ewc_replay,none,5,PortScan,task0,n_attack,1280.0
gnn_ewc_replay,none,5,PortScan,task0,accuracy,0.9999711611945034
gnn_ewc_replay,none,5,PortScan,task0,macro_f1,0.999212691837611
gnn_ewc_replay,none,5,PortScan,task0,fpr,2.910742093696788e-05
gnn_ewc_replay,none,5,PortScan,task0,detection_rate,1.0
gnn_ewc_replay,none,5,PortScan,task0,binary_f1,0.998439937597504
gnn_ewc_replay,none,5,PortScan,task0,category_recall,1.0
gnn_ewc_replay,none,5,PortScan,task1,n,100000.0
gnn_ewc_replay,none,5,PortScan,task1,n_benign,66394.0
gnn_ewc_replay,none,5,PortScan,task1,n_attack,33606.0
gnn_ewc_replay,none,5,PortScan,task1,accuracy,0.99835
gnn_ewc_replay,none,5,PortScan,task1,macro_f1,0.9981534555386716
gnn_ewc_replay,none,5,PortScan,task1,fpr,0.0024701027201253
gnn_ewc_replay,none,5,PortScan,task1,detection_rate,0.999970243408915
gnn_ewc_replay,none,5,PortScan,task1,binary_f1,0.9975510204081632
gnn_ewc_replay,none,5,PortScan,task1,category_recall,0.999970243408915
gnn_ewc_replay,none,5,PortScan,task2,n,25000.0
gnn_ewc_replay,none,5,PortScan,task2,n_benign,24976.0
gnn_ewc_replay,none,5,PortScan,task2,n_attack,24.0
gnn_ewc_replay,none,5,PortScan,task2,accuracy,0.99972
gnn_ewc_replay,none,5,PortScan,task2,macro_f1,0.933892189872208
gnn_ewc_replay,none,5,PortScan,task2,fpr,0.0002402306213965
gnn_ewc_replay,none,5,PortScan,task2,detection_rate,0.9583333333333334
gnn_ewc_replay,none,5,PortScan,task2,binary_f1,0.8679245283018868
gnn_ewc_replay,none,5,PortScan,task2,category_recall,0.9583333333333334
gnn_ewc_replay,none,5,PortScan,task3,n,45000.0
gnn_ewc_replay,none,5,PortScan,task3,n_benign,28566.0
gnn_ewc_replay,none,5,PortScan,task3,n_attack,16434.0
gnn_ewc_replay,none,5,PortScan,task3,accuracy,0.9992
gnn_ewc_replay,none,5,PortScan,task3,macro_f1,0.9991376288907048
gnn_ewc_replay,none,5,PortScan,task3,fpr,0.0011552194917034
gnn_ewc_replay,none,5,PortScan,task3,detection_rate,0.9998174516246804
gnn_ewc_replay,none,5,PortScan,task3,binary_f1,0.9989057085537116
gnn_ewc_replay,none,5,PortScan,task3,category_recall,0.9998174516246804
gnn_ewc_replay,none,5,PortScan,task4,n,27642.0
gnn_ewc_replay,none,5,PortScan,task4,n_benign,27569.0
gnn_ewc_replay,none,5,PortScan,task4,n_attack,73.0
gnn_ewc_replay,none,5,PortScan,task4,accuracy,1.0
gnn_ewc_replay,none,5,PortScan,task4,macro_f1,1.0
gnn_ewc_replay,none,5,PortScan,task4,fpr,0.0
gnn_ewc_replay,none,5,PortScan,task4,detection_rate,1.0
gnn_ewc_replay,none,5,PortScan,task4,binary_f1,1.0
gnn_ewc_replay,none,5,PortScan,task4,category_recall,1.0
gnn_ewc_replay,none,5,PortScan,task5,n,55000.0
gnn_ewc_replay,none,5,PortScan,task5,n_benign,25723.0
gnn_ewc_replay,none,5,PortScan,task5,n_attack,29277.0
gnn_ewc_replay,none,5,PortScan,task5,accuracy,0.9997818181818182
gnn_ewc_replay,none,5,PortScan,task5,macro_f1,0.9997808981644466
gnn_ewc_replay,none,5,PortScan,task5,fpr,0.0004276328577537
gnn_ewc_replay,none,5,PortScan,task5,detection_rate,0.9999658434948936
gnn_ewc_replay,none,5,PortScan,task5,binary_f1,0.9997950959633904
gnn_ewc_replay,none,5,PortScan,task5,category_recall,0.9999658434948936
gnn_ewc_replay,none,5,PortScan,task6,n,25000.0
gnn_ewc_replay,none,5,PortScan,task6,n_benign,2841.0
gnn_ewc_replay,none,5,PortScan,task6,n_attack,22159.0
gnn_ewc_replay,none,5,PortScan,task6,accuracy,0.99988
gnn_ewc_replay,none,5,PortScan,task6,macro_f1,0.9997020249893048
gnn_ewc_replay,none,5,PortScan,task6,fpr,0.0010559662090813
gnn_ewc_replay,none,5,PortScan,task6,detection_rate,1.0
gnn_ewc_replay,none,5,PortScan,task6,binary_f1,0.9999323119965704
gnn_ewc_replay,none,5,PortScan,task6,category_recall,1.0
gnn_ewc_replay,none,5,PortScan,seen,n,391344.0
gnn_ewc_replay,none,5,PortScan,seen,n_benign,310650.0
gnn_ewc_replay,none,5,PortScan,seen,n_attack,80694.0
gnn_ewc_replay,none,5,PortScan,seen,accuracy,0.9994276135573816
gnn_ewc_replay,none,5,PortScan,seen,macro_f1,0.999126601979586
gnn_ewc_replay,none,5,PortScan,seen,fpr,0.0007017543859649
gnn_ewc_replay,none,5,PortScan,seen,detection_rate,0.9999256450293702
gnn_ewc_replay,none,5,PortScan,seen,binary_f1,0.9986138613861386
gnn_ewc_replay,none,5,PortScan,all,n,416344.0
gnn_ewc_replay,none,5,PortScan,all,n_benign,313491.0
gnn_ewc_replay,none,5,PortScan,all,n_attack,102853.0
gnn_ewc_replay,none,5,PortScan,all,accuracy,0.9994547777799128
gnn_ewc_replay,none,5,PortScan,all,macro_f1,0.9992677297225692
gnn_ewc_replay,none,5,PortScan,all,fpr,0.0007049644168413
gnn_ewc_replay,none,5,PortScan,all,detection_rate,0.999941664317035
gnn_ewc_replay,none,5,PortScan,all,binary_f1,0.9988976355009932
gnn_ewc_replay,none,6,DDoS,task0,n,138702.0
gnn_ewc_replay,none,6,DDoS,task0,n_benign,137422.0
gnn_ewc_replay,none,6,DDoS,task0,n_attack,1280.0
gnn_ewc_replay,none,6,DDoS,task0,accuracy,0.9999783708958776
gnn_ewc_replay,none,6,DDoS,task0,macro_f1,0.999409290640789
gnn_ewc_replay,none,6,DDoS,task0,fpr,2.183056570272591e-05
gnn_ewc_replay,none,6,DDoS,task0,detection_rate,1.0
gnn_ewc_replay,none,6,DDoS,task0,binary_f1,0.998829496683574
gnn_ewc_replay,none,6,DDoS,task0,category_recall,1.0
gnn_ewc_replay,none,6,DDoS,task1,n,100000.0
gnn_ewc_replay,none,6,DDoS,task1,n_benign,66394.0
gnn_ewc_replay,none,6,DDoS,task1,n_attack,33606.0
gnn_ewc_replay,none,6,DDoS,task1,accuracy,0.99841
gnn_ewc_replay,none,6,DDoS,task1,macro_f1,0.9982205246378436
gnn_ewc_replay,none,6,DDoS,task1,fpr,0.0023797331084134
gnn_ewc_replay,none,6,DDoS,task1,detection_rate,0.999970243408915
gnn_ewc_replay,none,6,DDoS,task1,binary_f1,0.9976398640324184
gnn_ewc_replay,none,6,DDoS,task1,category_recall,0.999970243408915
gnn_ewc_replay,none,6,DDoS,task2,n,25000.0
gnn_ewc_replay,none,6,DDoS,task2,n_benign,24976.0
gnn_ewc_replay,none,6,DDoS,task2,n_attack,24.0
gnn_ewc_replay,none,6,DDoS,task2,accuracy,0.99972
gnn_ewc_replay,none,6,DDoS,task2,macro_f1,0.933892189872208
gnn_ewc_replay,none,6,DDoS,task2,fpr,0.0002402306213965
gnn_ewc_replay,none,6,DDoS,task2,detection_rate,0.9583333333333334
gnn_ewc_replay,none,6,DDoS,task2,binary_f1,0.8679245283018868
gnn_ewc_replay,none,6,DDoS,task2,category_recall,0.9583333333333334
gnn_ewc_replay,none,6,DDoS,task3,n,45000.0
gnn_ewc_replay,none,6,DDoS,task3,n_benign,28566.0
gnn_ewc_replay,none,6,DDoS,task3,n_attack,16434.0
gnn_ewc_replay,none,6,DDoS,task3,accuracy,0.9992666666666666
gnn_ewc_replay,none,6,DDoS,task3,macro_f1,0.9992094625890748
gnn_ewc_replay,none,6,DDoS,task3,fpr,0.0010501995379122
gnn_ewc_replay,none,6,DDoS,task3,detection_rate,0.9998174516246804
gnn_ewc_replay,none,6,DDoS,task3,binary_f1,0.9989968080255358
gnn_ewc_replay,none,6,DDoS,task3,category_recall,0.9998174516246804
gnn_ewc_replay,none,6,DDoS,task4,n,27642.0
gnn_ewc_replay,none,6,DDoS,task4,n_benign,27569.0
gnn_ewc_replay,none,6,DDoS,task4,n_attack,73.0
gnn_ewc_replay,none,6,DDoS,task4,accuracy,1.0
gnn_ewc_replay,none,6,DDoS,task4,macro_f1,1.0
gnn_ewc_replay,none,6,DDoS,task4,fpr,0.0
gnn_ewc_replay,none,6,DDoS,task4,detection_rate,1.0
gnn_ewc_replay,none,6,DDoS,task4,binary_f1,1.0
gnn_ewc_replay,none,6,DDoS,task4,category_recall,1.0
gnn_ewc_replay,none,6,DDoS,task5,n,55000.0
gnn_ewc_replay,none,6,DDoS,task5,n_benign,25723.0
gnn_ewc_replay,none,6,DDoS,task5,n_attack,29277.0
gnn_ewc_replay,none,6,DDoS,task5,accuracy,0.9999090909090907
gnn_ewc_replay,none,6,DDoS,task5,macro_f1,0.9999087090791864
gnn_ewc_replay,none,6,DDoS,task5,fpr,0.000155502857365
gnn_ewc_replay,none,6,DDoS,task5,detection_rate,0.9999658434948936
gnn_ewc_replay,none,6,DDoS,task5,binary_f1,0.9999146131120106
gnn_ewc_replay,none,6,DDoS,task5,category_recall,0.9999658434948936
gnn_ewc_replay,none,6,DDoS,task6,n,25000.0
gnn_ewc_replay,none,6,DDoS,task6,n_benign,2841.0
gnn_ewc_replay,none,6,DDoS,task6,n_attack,22159.0
gnn_ewc_replay,none,6,DDoS,task6,accuracy,0.99988
gnn_ewc_replay,none,6,DDoS,task6,macro_f1,0.9997020249893048
gnn_ewc_replay,none,6,DDoS,task6,fpr,0.0010559662090813
gnn_ewc_replay,none,6,DDoS,task6,detection_rate,1.0
gnn_ewc_replay,none,6,DDoS,task6,binary_f1,0.9999323119965704
gnn_ewc_replay,none,6,DDoS,task6,category_recall,1.0
gnn_ewc_replay,none,6,DDoS,seen,n,416344.0
gnn_ewc_replay,none,6,DDoS,seen,n_benign,313491.0
gnn_ewc_replay,none,6,DDoS,seen,n_attack,102853.0
gnn_ewc_replay,none,6,DDoS,seen,accuracy,0.9994956093999192
gnn_ewc_replay,none,6,DDoS,seen,macro_f1,0.9993225317915188
gnn_ewc_replay,none,6,DDoS,seen,fpr,0.0006507363847765
gnn_ewc_replay,none,6,DDoS,seen,detection_rate,0.999941664317035
gnn_ewc_replay,none,6,DDoS,seen,binary_f1,0.9989801072344392
gnn_ewc_replay,none,6,DDoS,all,n,416344.0
gnn_ewc_replay,none,6,DDoS,all,n_benign,313491.0
gnn_ewc_replay,none,6,DDoS,all,n_attack,102853.0
gnn_ewc_replay,none,6,DDoS,all,accuracy,0.9994956093999192
gnn_ewc_replay,none,6,DDoS,all,macro_f1,0.9993225317915188
gnn_ewc_replay,none,6,DDoS,all,fpr,0.0006507363847765
gnn_ewc_replay,none,6,DDoS,all,detection_rate,0.999941664317035
gnn_ewc_replay,none,6,DDoS,all,binary_f1,0.9989801072344392
ffnn_ewc_replay,none,0,BruteForce,task0,n,138702.0
ffnn_ewc_replay,none,0,BruteForce,task0,n_benign,137422.0
ffnn_ewc_replay,none,0,BruteForce,task0,n_attack,1280.0
ffnn_ewc_replay,none,0,BruteForce,task0,accuracy,0.9999855805972516
ffnn_ewc_replay,none,0,BruteForce,task0,macro_f1,0.9996060414834552
ffnn_ewc_replay,none,0,BruteForce,task0,fpr,1.455371046848394e-05
ffnn_ewc_replay,none,0,BruteForce,task0,detection_rate,1.0
ffnn_ewc_replay,none,0,BruteForce,task0,binary_f1,0.9992193598750976
ffnn_ewc_replay,none,0,BruteForce,task0,category_recall,1.0
ffnn_ewc_replay,none,0,BruteForce,task1,n,100000.0
ffnn_ewc_replay,none,0,BruteForce,task1,n_benign,66394.0
ffnn_ewc_replay,none,0,BruteForce,task1,n_attack,33606.0
ffnn_ewc_replay,none,0,BruteForce,task1,accuracy,0.66394
ffnn_ewc_replay,none,0,BruteForce,task1,macro_f1,0.3990167914708463
ffnn_ewc_replay,none,0,BruteForce,task1,fpr,0.0
ffnn_ewc_replay,none,0,BruteForce,task1,detection_rate,0.0
ffnn_ewc_replay,none,0,BruteForce,task1,binary_f1,0.0
ffnn_ewc_replay,none,0,BruteForce,task1,category_recall,0.0
ffnn_ewc_replay,none,0,BruteForce,task2,n,25000.0
ffnn_ewc_replay,none,0,BruteForce,task2,n_benign,24976.0
ffnn_ewc_replay,none,0,BruteForce,task2,n_attack,24.0
ffnn_ewc_replay,none,0,BruteForce,task2,accuracy,0.999
ffnn_ewc_replay,none,0,BruteForce,task2,macro_f1,0.4997498749374687
ffnn_ewc_replay,none,0,BruteForce,task2,fpr,4.003843689942344e-05
ffnn_ewc_replay,none,0,BruteForce,task2,detection_rate,0.0
ffnn_ewc_replay,none,0,BruteForce,task2,binary_f1,0.0
ffnn_ewc_replay,none,0,BruteForce,task2,category_recall,0.0
ffnn_ewc_replay,none,0,BruteForce,task3,n,45000.0
ffnn_ewc_replay,none,0,BruteForce,task3,n_benign,28566.0
ffnn_ewc_replay,none,0,BruteForce,task3,n_attack,16434.0
ffnn_ewc_replay,none,0,BruteForce,task3,accuracy,0.6349111111111111
ffnn_ewc_replay,none,0,BruteForce,task3,macro_f1,0.3886926782239374
ffnn_ewc_replay,none,0,BruteForce,task3,fpr,3.500665126374011e-05
ffnn_ewc_replay,none,0,BruteForce,task3,detection_rate,0.0003650967506389
ffnn_ewc_replay,none,0,BruteForce,task3,binary_f1,0.0007298826105468
ffnn_ewc_replay,none,0,BruteForce,task3,category_recall,0.0003650967506389
ffnn_ewc_replay,none,0,BruteForce,task4,n,27642.0
ffnn_ewc_replay,none,0,BruteForce,task4,n_benign,27569.0
ffnn_ewc_replay,none,0,BruteForce,task4,n_attack,73.0
ffnn_ewc_replay,none,0,BruteForce,task4,accuracy,0.9973590912379712
ffnn_ewc_replay,none,0,BruteForce,task4,macro_f1,0.4993388998569126
ffnn_ewc_replay,none,0,BruteForce,task4,fpr,0.0
ffnn_ewc_replay,none,0,BruteForce,task4,detection_rate,0.0
ffnn_ewc_replay,none,0,BruteForce,task4,binary_f1,0.0
ffnn_ewc_replay,none,0,BruteForce,task4,category_recall,0.0
ffnn_ewc_replay,none,0,BruteForce,task5,n,55000.0
ffnn_ewc_replay,none,0,BruteForce,task5,n_benign,25723.0
ffnn_ewc_replay,none,0,BruteForce,task5,n_attack,29277.0
ffnn_ewc_replay,none,0,BruteForce,task5,accuracy,0.4676909090909091
ffnn_ewc_replay,none,0,BruteForce,task5,macro_f1,0.3186576316539276
ffnn_ewc_replay,none,0,BruteForce,task5,fpr,0.0
ffnn_ewc_replay,none,0,BruteForce,task5,detection_rate,0.0
ffnn_ewc_replay,none,0,BruteForce,task5,binary_f1,0.0
ffnn_ewc_replay,none,0,BruteForce,task5,category_recall,0.0
ffnn_ewc_replay,none,0,BruteForce,task6,n,25000.0
ffnn_ewc_replay,none,0,BruteForce,task6,n_benign,2841.0
ffnn_ewc_replay,none,0,BruteForce,task6,n_attack,22159.0
ffnn_ewc_replay,none,0,BruteForce,task6,accuracy,0.11356
ffnn_ewc_replay,none,0,BruteForce,task6,macro_f1,0.101979237759977
ffnn_ewc_replay,none,0,BruteForce,task6,fpr,0.0007039774727208
ffnn_ewc_replay,none,0,BruteForce,task6,detection_rate,0.0
ffnn_ewc_replay,none,0,BruteForce,task6,binary_f1,0.0
ffnn_ewc_replay,none,0,BruteForce,task6,category_recall,0.0
ffnn_ewc_replay,none,0,BruteForce,seen,n,138702.0
ffnn_ewc_replay,none,0,BruteForce,seen,n_benign,137422.0
ffnn_ewc_replay,none,0,BruteForce,seen,n_attack,1280.0
ffnn_ewc_replay,none,0,BruteForce,seen,accuracy,0.9999855805972516
ffnn_ewc_replay,none,0,BruteForce,seen,macro_f1,0.9996060414834552
ffnn_ewc_replay,none,0,BruteForce,seen,fpr,1.455371046848394e-05
ffnn_ewc_replay,none,0,BruteForce,seen,detection_rate,1.0
ffnn_ewc_replay,none,0,BruteForce,seen,binary_f1,0.9992193598750976
ffnn_ewc_replay,none,0,BruteForce,all,n,416344.0
ffnn_ewc_replay,none,0,BruteForce,all,n_benign,313491.0
ffnn_ewc_replay,none,0,BruteForce,all,n_attack,102853.0
ffnn_ewc_replay,none,0,BruteForce,all,accuracy,0.7560358741809657
ffnn_ewc_replay,none,0,BruteForce,all,macro_f1,0.4426384875903086
ffnn_ewc_replay,none,0,BruteForce,all,fpr,1.9139305434605777e-05
ffnn_ewc_replay,none,0,BruteForce,all,detection_rate,0.0125032813821667
ffnn_ewc_replay,none,0,BruteForce,all,binary_f1,0.0246963368380623
ffnn_ewc_replay,none,1,DoS,task0,n,138702.0
ffnn_ewc_replay,none,1,DoS,task0,n_benign,137422.0
ffnn_ewc_replay,none,1,DoS,task0,n_attack,1280.0
ffnn_ewc_replay,none,1,DoS,task0,accuracy,0.999920693284884
ffnn_ewc_replay,none,1,DoS,task0,macro_f1,0.9978407424173714
ffnn_ewc_replay,none,1,DoS,task0,fpr,8.004540757666167e-05
ffnn_ewc_replay,none,1,DoS,task0,detection_rate,1.0
ffnn_ewc_replay,none,1,DoS,task0,binary_f1,0.9957215091404122
ffnn_ewc_replay,none,1,DoS,task0,category_recall,1.0
ffnn_ewc_replay,none,1,DoS,task1,n,100000.0
ffnn_ewc_replay,none,1,DoS,task1,n_benign,66394.0
ffnn_ewc_replay,none,1,DoS,task1,n_attack,33606.0
ffnn_ewc_replay,none,1,DoS,task1,accuracy,0.99967
ffnn_ewc_replay,none,1,DoS,task1,macro_f1,0.9996302091425782
ffnn_ewc_replay,none,1,DoS,task1,fpr,0.0001355544175678
ffnn_ewc_replay,none,1,DoS,task1,detection_rate,0.9992858418139616
ffnn_ewc_replay,none,1,DoS,task1,binary_f1,0.9995089066476182
ffnn_ewc_replay,none,1,DoS,task1,category_recall,0.9992858418139616
ffnn_ewc_replay,none,1,DoS,task2,n,25000.0
ffnn_ewc_replay,none,1,DoS,task2,n_benign,24976.0
ffnn_ewc_replay,none,1,DoS,task2,n_attack,24.0
ffnn_ewc_replay,none,1,DoS,task2,accuracy,0.99888
ffnn_ewc_replay,none,1,DoS,task2,macro_f1,0.4997198431121428
ffnn_ewc_replay,none,1,DoS,task2,fpr,0.0001601537475976
ffnn_ewc_replay,none,1,DoS,task2,detection_rate,0.0
ffnn_ewc_replay,none,1,DoS,task2,binary_f1,0.0
ffnn_ewc_replay,none,1,DoS,task2,category_recall,0.0
ffnn_ewc_replay,none,1,DoS,task3,n,45000.0
ffnn_ewc_replay,none,1,DoS,task3,n_benign,28566.0
ffnn_ewc_replay,none,1,DoS,task3,n_attack,16434.0
ffnn_ewc_replay,none,1,DoS,task3,accuracy,0.6349555555555556
ffnn_ewc_replay,none,1,DoS,task3,macro_f1,0.3887670963043775
ffnn_ewc_replay,none,1,DoS,task3,fpr,0.0
ffnn_ewc_replay,none,1,DoS,task3,detection_rate,0.0004259462090787
ffnn_ewc_replay,none,1,DoS,task3,binary_f1,0.0008515297123046
ffnn_ewc_replay,none,1,DoS,task3,category_recall,0.0004259462090787
ffnn_ewc_replay,none,1,DoS,task4,n,27642.0
ffnn_ewc_replay,none,1,DoS,task4,n_benign,27569.0
ffnn_ewc_replay,none,1,DoS,task4,n_attack,73.0
ffnn_ewc_replay,none,1,DoS,task4,accuracy,0.997142030243832
ffnn_ewc_replay,none,1,DoS,task4,macro_f1,0.4992844851009872
ffnn_ewc_replay,none,1,DoS,task4,fpr,0.0002176357502992
ffnn_ewc_replay,none,1,DoS,task4,detection_rate,0.0
ffnn_ewc_replay,none,1,DoS,task4,binary_f1,0.0
ffnn_ewc_replay,none,1,DoS,task4,category_recall,0.0
ffnn_ewc_replay,none,1,DoS,task5,n,55000.0
ffnn_ewc_replay,none,1,DoS,task5,n_benign,25723.0
ffnn_ewc_replay,none,1,DoS,task5,n_attack,29277.0
ffnn_ewc_replay,none,1,DoS,task5,accuracy,0.4676727272727273
ffnn_ewc_replay,none,1,DoS,task5,macro_f1,0.3187974405556187
ffnn_ewc_replay,none,1,DoS,task5,fpr,0.0002332542860475
ffnn_ewc_replay,none,1,DoS,task5,detection_rate,0.0001707825255319
ffnn_ewc_replay,none,1,DoS,task5,binary_f1,0.0003414367659109
ffnn_ewc_replay,none,1,DoS,task5,category_recall,0.0001707825255319
ffnn_ewc_replay,none,1,DoS,task6,n,25000.0
ffnn_ewc_replay,none,1,DoS,task6,n_benign,2841.0
ffnn_ewc_replay,none,1,DoS,task6,n_attack,22159.0
ffnn_ewc_replay,none,1,DoS,task6,accuracy,0.99232
ffnn_ewc_replay,none,1,DoS,task6,macro_f1,0.9814812045569016
ffnn_ewc_replay,none,1,DoS,task6,fpr,0.0
ffnn_ewc_replay,none,1,DoS,task6,detection_rate,0.9913353490680988
ffnn_ewc_replay,none,1,DoS,task6,binary_f1,0.9956488238226896
ffnn_ewc_replay,none,1,DoS,task6,category_recall,0.9913353490680988
ffnn_ewc_replay,none,1,DoS,seen,n,238702.0
ffnn_ewc_replay,none,1,DoS,seen,n_benign,203816.0
ffnn_ewc_replay,none,1,DoS,seen,n_attack,34886.0
ffnn_ewc_replay,none,1,DoS,seen,accuracy,0.999815669747216
ffnn_ewc_replay,none,1,DoS,seen,macro_f1,0.9996306994712314
ffnn_ewc_replay,none,1,DoS,seen,fpr,9.812772304431448e-05
ffnn_ewc_replay,none,1,DoS,seen,detection_rate,0.9993120449463968
ffnn_ewc_replay,none,1,DoS,seen,binary_f1,0.9993693383786264
ffnn_ewc_replay,none,1,DoS,all,n,416344.0
ffnn_ewc_replay,none,1,DoS,all,n_benign,313491.0
ffnn_ewc_replay,none,1,DoS,all,n_attack,102853.0
ffnn_ewc_replay,none,1,DoS,all,accuracy,0.8893991507023039
ffnn_ewc_replay,none,1,DoS,all,macro_f1,0.821643627593878
ffnn_ewc_replay,none,1,DoS,all,fpr,0.0001148358326076
ffnn_ewc_replay,none,1,DoS,all,detection_rate,0.5526430925690062
ffnn_ewc_replay,none,1,DoS,all,binary_f1,0.7117135165591937
ffnn_ewc_replay,none,2,WebAttack,task0,n,138702.0
ffnn_ewc_replay,none,2,WebAttack,task0,n_benign,137422.0
ffnn_ewc_replay,none,2,WebAttack,task0,n_attack,1280.0
ffnn_ewc_replay,none,2,WebAttack,task0,accuracy,0.997945235108362
ffnn_ewc_replay,none,2,WebAttack,task0,macro_f1,0.9493931124096746
ffnn_ewc_replay,none,2,WebAttack,task0,fpr,0.0020739037417589
ffnn_ewc_replay,none,2,WebAttack,task0,detection_rate,1.0
ffnn_ewc_replay,none,2,WebAttack,task0,binary_f1,0.8998242530755711
ffnn_ewc_replay,none,2,WebAttack,task0,category_recall,1.0
ffnn_ewc_replay,none,2,WebAttack,task1,n,100000.0
ffnn_ewc_replay,none,2,WebAttack,task1,n_benign,66394.0
ffnn_ewc_replay,none,2,WebAttack,task1,n_attack,33606.0
ffnn_ewc_replay,none,2,WebAttack,task1,accuracy,0.9986
ffnn_ewc_replay,none,2,WebAttack,task1,macro_f1,0.9984328571707606
ffnn_ewc_replay,none,2,WebAttack,task1,fpr,0.0020333162635177
ffnn_ewc_replay,none,2,WebAttack,task1,detection_rate,0.9998512170445754
ffnn_ewc_replay,none,2,WebAttack,task1,binary_f1,0.9979210596655876
ffnn_ewc_replay,none,2,WebAttack,task1,category_recall,0.9998512170445754
ffnn_ewc_replay,none,2,WebAttack,task2,n,25000.0
ffnn_ewc_replay,none,2,WebAttack,task2,n_benign,24976.0
ffnn_ewc_replay,none,2,WebAttack,task2,n_attack,24.0
ffnn_ewc_replay,none,2,WebAttack,task2,accuracy,0.99852
ffnn_ewc_replay,none,2,WebAttack,task2,macro_f1,0.7819823111053497
ffnn_ewc_replay,none,2,WebAttack,task2,fpr,0.0014814221652786
ffnn_ewc_replay,none,2,WebAttack,task2,detection_rate,1.0
ffnn_ewc_replay,none,2,WebAttack,task2,binary_f1,0.5647058823529412
ffnn_ewc_replay,none,2,WebAttack,task2,category_recall,1.0
ffnn_ewc_replay,none,2,WebAttack,task3,n,45000.0
ffnn_ewc_replay,none,2,WebAttack,task3,n_benign,28566.0
ffnn_ewc_replay,none,2,WebAttack,task3,n_attack,16434.0
ffnn_ewc_replay,none,2,WebAttack,task3,accuracy,0.6340444444444444
ffnn_ewc_replay,none,2,WebAttack,task3,macro_f1,0.3889424860853432
ffnn_ewc_replay,none,2,WebAttack,task3,fpr,0.001750332563187
ffnn_ewc_replay,none,2,WebAttack,task3,detection_rate,0.0009735913350371
ffnn_ewc_replay,none,2,WebAttack,task3,binary_f1,0.0019393939393939
ffnn_ewc_replay,none,2,WebAttack,task3,category_recall,0.0009735913350371
ffnn_ewc_replay,none,2,WebAttack,task4,n,27642.0
ffnn_ewc_replay,none,2,WebAttack,task4,n_benign,27569.0
ffnn_ewc_replay,none,2,WebAttack,task4,n_attack,73.0
ffnn_ewc_replay,none,2,WebAttack,task4,accuracy,0.995658780117213
ffnn_ewc_replay,none,2,WebAttack,task4,macro_f1,0.498912334130955
ffnn_ewc_replay,none,2,WebAttack,task4,fpr,0.0017048133773441
ffnn_ewc_replay,none,2,WebAttack,task4,detection_rate,0.0
ffnn_ewc_replay,none,2,WebAttack,task4,binary_f1,0.0
ffnn_ewc_replay,none,2,WebAttack,task4,category_recall,0.0
ffnn_ewc_replay,none,2,WebAttack,task5,n,55000.0
ffnn_ewc_replay,none,2,WebAttack,task5,n_benign,25723.0
ffnn_ewc_replay,none,2,WebAttack,task5,n_attack,29277.0
ffnn_ewc_replay,none,2,WebAttack,task5,accuracy,0.4676181818181818
ffnn_ewc_replay,none,2,WebAttack,task5,macro_f1,0.3201888906490178
ffnn_ewc_replay,none,2,WebAttack,task5,fpr,0.0022159157174513
ffnn_ewc_replay,none,2,WebAttack,task5,detection_rate,0.001810294770639
ffnn_ewc_replay,none,2,WebAttack,task5,binary_f1,0.0036070371252594
ffnn_ewc_replay,none,2,WebAttack,task5,category_recall,0.001810294770639
ffnn_ewc_replay,none,2,WebAttack,task6,n,25000.0
ffnn_ewc_replay,none,2,WebAttack,task6,n_benign,2841.0
ffnn_ewc_replay,none,2,WebAttack,task6,n_attack,22159.0
ffnn_ewc_replay,none,2,WebAttack,task6,accuracy,0.96356
ffnn_ewc_replay,none,2,WebAttack,task6,macro_f1,0.9200265396010404
ffnn_ewc_replay,none,2,WebAttack,task6,fpr,0.0066877859908482
ffnn_ewc_replay,none,2,WebAttack,task6,detection_rate,0.9597454758788754
ffnn_ewc_replay,none,2,WebAttack,task6,binary_f1,0.9790309586833928
ffnn_ewc_replay,none,2,WebAttack,task6,category_recall,0.9597454758788754
ffnn_ewc_replay,none,2,WebAttack,seen,n,263702.0
ffnn_ewc_replay,none,2,WebAttack,seen,n_benign,228792.0
ffnn_ewc_replay,none,2,WebAttack,seen,n_attack,34910.0
ffnn_ewc_replay,none,2,WebAttack,seen,accuracy,0.9982480223889086
ffnn_ewc_replay,none,2,WebAttack,seen,macro_f1,0.9962074487225868
ffnn_ewc_replay,none,2,WebAttack,seen,fpr,0.001997447463198
ffnn_ewc_replay,none,2,WebAttack,seen,detection_rate,0.9998567745631624
ffnn_ewc_replay,none,2,WebAttack,seen,binary_f1,0.9934255464480874
ffnn_ewc_replay,none,2,WebAttack,all,n,416344.0
ffnn_ewc_replay,none,2,WebAttack,all,n_benign,313491.0
ffnn_ewc_replay,none,2,WebAttack,all,n_attack,102853.0
ffnn_ewc_replay,none,2,WebAttack,all,accuracy,0.886531329861845
ffnn_ewc_replay,none,2,WebAttack,all,macro_f1,0.8170137001284925
ffnn_ewc_replay,none,2,WebAttack,all,fpr,0.0020096270706336
ffnn_ewc_replay,none,2,WebAttack,all,detection_rate,0.5468095242725054
ffnn_ewc_replay,none,2,WebAttack,all,binary_f1,0.7042272920788359
ffnn_ewc_replay,none,3,Infiltration,task0,n,138702.0
ffnn_ewc_replay,none,3,Infiltration,task0,n_benign,137422.0
ffnn_ewc_replay,none,3,Infiltration,task0,n_attack,1280.0
ffnn_ewc_replay,none,3,Infiltration,task0,accuracy,0.9989113350925004
ffnn_ewc_replay,none,3,Infiltration,task0,macro_f1,0.9718756456815814
ffnn_ewc_replay,none,3,Infiltration,task0,fpr,0.0010988051403705
ffnn_ewc_replay,none,3,Infiltration,task0,detection_rate,1.0
ffnn_ewc_replay,none,3,Infiltration,task0,binary_f1,0.9443009959424566
ffnn_ewc_replay,none,3,Infiltration,task0,category_recall,1.0
ffnn_ewc_replay,none,3,Infiltration,task1,n,100000.0
ffnn_ewc_replay,none,3,Infiltration,task1,n_benign,66394.0
ffnn_ewc_replay,none,3,Infiltration,task1,n_attack,33606.0
ffnn_ewc_replay,none,3,Infiltration,task1,accuracy,0.99905
ffnn_ewc_replay,none,3,Infiltration,task1,macro_f1,0.998936106717399
ffnn_ewc_replay,none,3,Infiltration,task1,fpr,0.0012350513600626
ffnn_ewc_replay,none,3,Infiltration,task1,detection_rate,0.999613164315896
ffnn_ewc_replay,none,3,Infiltration,task1,binary_f1,0.9985880114742648
ffnn_ewc_replay,none,3,Infiltration,task1,category_recall,0.999613164315896
ffnn_ewc_replay,none,3,Infiltration,task2,n,25000.0
ffnn_ewc_replay,none,3,Infiltration,task2,n_benign,24976.0
ffnn_ewc_replay,none,3,Infiltration,task2,n_attack,24.0
ffnn_ewc_replay,none,3,Infiltration,task2,accuracy,0.99892
ffnn_ewc_replay,none,3,Infiltration,task2,macro_f1,0.8147980983743114
ffnn_ewc_replay,none,3,Infiltration,task2,fpr,0.001040999359385
ffnn_ewc_replay,none,3,Infiltration,task2,detection_rate,0.9583333333333334
ffnn_ewc_replay,none,3,Infiltration,task2,binary_f1,0.6301369863013698
ffnn_ewc_replay,none,3,Infiltration,task2,category_recall,0.9583333333333334
ffnn_ewc_replay,none,3,Infiltration,task3,n,45000.0
ffnn_ewc_replay,none,3,Infiltration,task3,n_benign,28566.0
ffnn_ewc_replay,none,3,Infiltration,task3,n_attack,16434.0
ffnn_ewc_replay,none,3,Infiltration,task3,accuracy,0.9979555555555556
ffnn_ewc_replay,none,3,Infiltration,task3,macro_f1,0.997795764885302
ffnn_ewc_replay,none,3,Infiltration,task3,fpr,0.0018903591682419
ffnn_ewc_replay,none,3,Infiltration,task3,detection_rate,0.9976877205792868
ffnn_ewc_replay,none,3,Infiltration,task3,binary_f1,0.99720228682642
ffnn_ewc_replay,none,3,Infiltration,task3,category_recall,0.9976877205792868
ffnn_ewc_replay,none,3,Infiltration,task4,n,27642.0
ffnn_ewc_replay,none,3,Infiltration,task4,n_benign,27569.0
ffnn_ewc_replay,none,3,Infiltration,task4,n_attack,73.0
ffnn_ewc_replay,none,3,Infiltration,task4,accuracy,0.9883148831488316
ffnn_ewc_replay,none,3,Infiltration,task4,macro_f1,0.4970615527373956
ffnn_ewc_replay,none,3,Infiltration,task4,fpr,0.0090681562624687
ffnn_ewc_replay,none,3,Infiltration,task4,detection_rate,0.0
ffnn_ewc_replay,none,3,Infiltration,task4,binary_f1,0.0
ffnn_ewc_replay,none,3,Infiltration,task4,category_recall,0.0
ffnn_ewc_replay,none,3,Infiltration,task5,n,55000.0
ffnn_ewc_replay,none,3,Infiltration,task5,n_benign,25723.0
ffnn_ewc_replay,none,3,Infiltration,task5,n_attack,29277.0
ffnn_ewc_replay,none,3,Infiltration,task5,accuracy,0.9857818181818182
ffnn_ewc_replay,none,3,Infiltration,task5,macro_f1,0.9857057579575916
ffnn_ewc_replay,none,3,Infiltration,task5,fpr,0.0241029428915756
ffnn_ewc_replay,none,3,Infiltration,task5,detection_rate,0.9944666461727636
ffnn_ewc_replay,none,3,Infiltration,task5,binary_f1,0.9867484579407578
ffnn_ewc_replay,none,3,Infiltration,task5,category_recall,0.9944666461727636
ffnn_ewc_replay,none,3,Infiltration,task6,n,25000.0
ffnn_ewc_replay,none,3,Infiltration,task6,n_benign,2841.0
ffnn_ewc_replay,none,3,Infiltration,task6,n_attack,22159.0
ffnn_ewc_replay,none,3,Infiltration,task6,accuracy,0.97724
ffnn_ewc_replay,none,3,Infiltration,task6,macro_f1,0.946887514839339
ffnn_ewc_replay,none,3,Infiltration,task6,fpr,0.0263991552270327
ffnn_ewc_replay,none,3,Infiltration,task6,detection_rate,0.9777065752064624
ffnn_ewc_replay,none,3,Infiltration,task6,binary_f1,0.9870384291213924
ffnn_ewc_replay,none,3,Infiltration,task6,category_recall,0.9777065752064624
ffnn_ewc_replay,none,3,Infiltration,seen,n,308702.0
ffnn_ewc_replay,none,3,Infiltration,seen,n_benign,257358.0
ffnn_ewc_replay,none,3,Infiltration,seen,n_attack,51344.0
ffnn_ewc_replay,none,3,Infiltration,seen,accuracy,0.9988176299473278
ffnn_ewc_replay,none,3,Infiltration,seen,macro_f1,0.9978725332429476
ffnn_ewc_replay,none,3,Infiltration,seen,fpr,0.0012162046643197
ffnn_ewc_replay,none,3,Infiltration,seen,detection_rate,0.9989872234340916
ffnn_ewc_replay,none,3,Infiltration,seen,binary_f1,0.9964545551680928
ffnn_ewc_replay,none,3,Infiltration,all,n,416344.0
ffnn_ewc_replay,none,3,Infiltration,all,n_benign,313491.0
ffnn_ewc_replay,none,3,Infiltration,all,n_attack,102853.0
ffnn_ewc_replay,none,3,Infiltration,all,accuracy,0.9951026074592164
ffnn_ewc_replay,none,3,Infiltration,all,macro_f1,0.9934280819331416
ffnn_ewc_replay,none,3,Infiltration,all,fpr,0.004012874372789
ffnn_ewc_replay,none,3,Infiltration,all,detection_rate,0.9924066386007214
ffnn_ewc_replay,none,3,Infiltration,all,binary_f1,0.9901107268785496
ffnn_ewc_replay,none,4,Botnet,task0,n,138702.0
ffnn_ewc_replay,none,4,Botnet,task0,n_benign,137422.0
ffnn_ewc_replay,none,4,Botnet,task0,n_attack,1280.0
ffnn_ewc_replay,none,4,Botnet,task0,accuracy,0.996928667214604
ffnn_ewc_replay,none,4,Botnet,task0,macro_f1,0.9278909250439864
ffnn_ewc_replay,none,4,Botnet,task0,fpr,0.003099940329787
ffnn_ewc_replay,none,4,Botnet,task0,detection_rate,1.0
ffnn_ewc_replay,none,4,Botnet,task0,binary_f1,0.8573342263898192
ffnn_ewc_replay,none,4,Botnet,task0,category_recall,1.0
ffnn_ewc_replay,none,4,Botnet,task1,n,100000.0
ffnn_ewc_replay,none,4,Botnet,task1,n_benign,66394.0
ffnn_ewc_replay,none,4,Botnet,task1,n_attack,33606.0
ffnn_ewc_replay,none,4,Botnet,task1,accuracy,0.99892
ffnn_ewc_replay,none,4,Botnet,task1,macro_f1,0.9987906365117925
ffnn_ewc_replay,none,4,Botnet,task1,fpr,0.0014308521854384
ffnn_ewc_replay,none,4,Botnet,task1,detection_rate,0.999613164315896
ffnn_ewc_replay,none,4,Botnet,task1,binary_f1,0.9983951020893392
ffnn_ewc_replay,none,4,Botnet,task1,category_recall,0.999613164315896
ffnn_ewc_replay,none,4,Botnet,task2,n,25000.0
ffnn_ewc_replay,none,4,Botnet,task2,n_benign,24976.0
ffnn_ewc_replay,none,4,Botnet,task2,n_attack,24.0
ffnn_ewc_replay,none,4,Botnet,task2,accuracy,0.9982
ffnn_ewc_replay,none,4,Botnet,task2,macro_f1,0.7522964322539549
ffnn_ewc_replay,none,4,Botnet,task2,fpr,0.0017616912235746
ffnn_ewc_replay,none,4,Botnet,task2,detection_rate,0.9583333333333334
ffnn_ewc_replay,none,4,Botnet,task2,binary_f1,0.5054945054945055
ffnn_ewc_replay,none,4,Botnet,task2,category_recall,0.9583333333333334
ffnn_ewc_replay,none,4,Botnet,task3,n,45000.0
ffnn_ewc_replay,none,4,Botnet,task3,n_benign,28566.0
ffnn_ewc_replay,none,4,Botnet,task3,n_attack,16434.0
ffnn_ewc_replay,none,4,Botnet,task3,accuracy,0.9979555555555556
ffnn_ewc_replay,none,4,Botnet,task3,macro_f1,0.9977954234029296
ffnn_ewc_replay,none,4,Botnet,task3,fpr,0.0016803192606595
ffnn_ewc_replay,none,4,Botnet,task3,detection_rate,0.997322623828648
ffnn_ewc_replay,none,4,Botnet,task3,binary_f1,0.9972012655147238
ffnn_ewc_replay,none,4,Botnet,task3,category_recall,0.997322623828648
ffnn_ewc_replay,none,4,Botnet,task4,n,27642.0
ffnn_ewc_replay,none,4,Botnet,task4,n_benign,27569.0
ffnn_ewc_replay,none,4,Botnet,task4,n_attack,73.0
ffnn_ewc_replay,none,4,Botnet,task4,accuracy,0.9983720425439548
ffnn_ewc_replay,none,4,Botnet,task4,macro_f1,0.88179055253834
ffnn_ewc_replay,none,4,Botnet,task4,fpr,0.0016322681272443
ffnn_ewc_replay,none,4,Botnet,task4,detection_rate,1.0
ffnn_ewc_replay,none,4,Botnet,task4,binary_f1,0.7643979057591623
ffnn_ewc_replay,none,4,Botnet,task4,category_recall,1.0
ffnn_ewc_replay,none,4,Botnet,task5,n,55000.0
ffnn_ewc_replay,none,4,Botnet,task5,n_benign,25723.0
ffnn_ewc_replay,none,4,Botnet,task5,n_attack,29277.0
ffnn_ewc_replay,none,4,Botnet,task5,accuracy,0.9946
ffnn_ewc_replay,none,4,Botnet,task5,macro_f1,0.9945782318698052
ffnn_ewc_replay,none,4,Botnet,task5,fpr,0.0044318314349026
ffnn_ewc_replay,none,4,Botnet,task5,detection_rate,0.9937493595655292
ffnn_ewc_replay,none,4,Botnet,task5,binary_f1,0.9949217748140547
ffnn_ewc_replay,none,4,Botnet,task5,category_recall,0.9937493595655292
ffnn_ewc_replay,none,4,Botnet,task6,n,25000.0
ffnn_ewc_replay,none,4,Botnet,task6,n_benign,2841.0
ffnn_ewc_replay,none,4,Botnet,task6,n_attack,22159.0
ffnn_ewc_replay,none,4,Botnet,task6,accuracy,0.9934
ffnn_ewc_replay,none,4,Botnet,task6,macro_f1,0.9840074573865908
ffnn_ewc_replay,none,4,Botnet,task6,fpr,0.0010559662090813
ffnn_ewc_replay,none,4,Botnet,task6,detection_rate,0.9926892007762084
ffnn_ewc_replay,none,4,Botnet,task6,binary_f1,0.9962635023438032
ffnn_ewc_replay,none,4,Botnet,task6,category_recall,0.9926892007762084
ffnn_ewc_replay,none,4,Botnet,seen,n,336344.0
ffnn_ewc_replay,none,4,Botnet,seen,n_benign,284927.0
ffnn_ewc_replay,none,4,Botnet,seen,n_attack,51417.0
ffnn_ewc_replay,none,4,Botnet,seen,accuracy,0.99787122707704
ffnn_ewc_replay,none,4,Botnet,seen,macro_f1,0.995909962442144
ffnn_ewc_replay,none,4,Botnet,seen,fpr,0.0023093634509892
ffnn_ewc_replay,none,4,Botnet,seen,detection_rate,0.9988719684151156
ffnn_ewc_replay,none,4,Botnet,seen,binary_f1,0.9930777113908386
ffnn_ewc_replay,none,4,Botnet,all,n,416344.0
ffnn_ewc_replay,none,4,Botnet,all,n_benign,313491.0
ffnn_ewc_replay,none,4,Botnet,all,n_attack,102853.0
ffnn_ewc_replay,none,4,Botnet,all,accuracy,0.9971706089195472
ffnn_ewc_replay,none,4,Botnet,all,macro_f1,0.9962018802927046
ffnn_ewc_replay,none,4,Botnet,all,fpr,0.0024721602853032
ffnn_ewc_replay,none,4,Botnet,all,detection_rate,0.9960817866275168
ffnn_ewc_replay,none,4,Botnet,all,binary_f1,0.9942837178155844
ffnn_ewc_replay,none,5,PortScan,task0,n,138702.0
ffnn_ewc_replay,none,5,PortScan,task0,n_benign,137422.0
ffnn_ewc_replay,none,5,PortScan,task0,n_attack,1280.0
ffnn_ewc_replay,none,5,PortScan,task0,accuracy,0.9994232238900664
ffnn_ewc_replay,none,5,PortScan,task0,macro_f1,0.9847029053693682
ffnn_ewc_replay,none,5,PortScan,task0,fpr,0.0005821484187393
ffnn_ewc_replay,none,5,PortScan,task0,detection_rate,1.0
ffnn_ewc_replay,none,5,PortScan,task0,binary_f1,0.9696969696969696
ffnn_ewc_replay,none,5,PortScan,task0,category_recall,1.0
ffnn_ewc_replay,none,5,PortScan,task1,n,100000.0
ffnn_ewc_replay,none,5,PortScan,task1,n_benign,66394.0
ffnn_ewc_replay,none,5,PortScan,task1,n_attack,33606.0
ffnn_ewc_replay,none,5,PortScan,task1,accuracy,0.99946
ffnn_ewc_replay,none,5,PortScan,task1,macro_f1,0.9993949010327022
ffnn_ewc_replay,none,5,PortScan,task1,fpr,0.0003162936409916
ffnn_ewc_replay,none,5,PortScan,task1,detection_rate,0.9990180324941976
ffnn_ewc_replay,none,5,PortScan,task1,binary_f1,0.9991964285714284
ffnn_ewc_replay,none,5,PortScan,task1,category_recall,0.9990180324941976
ffnn_ewc_replay,none,5,PortScan,task2,n,25000.0
ffnn_ewc_replay,none,5,PortScan,task2,n_benign,24976.0
ffnn_ewc_replay,none,5,PortScan,task2,n_attack,24.0
ffnn_ewc_replay,none,5,PortScan,task2,accuracy,0.99932
ffnn_ewc_replay,none,5,PortScan,task2,macro_f1,0.8649091506091326
ffnn_ewc_replay,none,5,PortScan,task2,fpr,0.0006406149903907
ffnn_ewc_replay,none,5,PortScan,task2,detection_rate,0.9583333333333334
ffnn_ewc_replay,none,5,PortScan,task2,binary_f1,0.7301587301587301
ffnn_ewc_replay,none,5,PortScan,task2,category_recall,0.9583333333333334
ffnn_ewc_replay,none,5,PortScan,task3,n,45000.0
ffnn_ewc_replay,none,5,PortScan,task3,n_benign,28566.0
ffnn_ewc_replay,none,5,PortScan,task3,n_attack,16434.0
ffnn_ewc_replay,none,5,PortScan,task3,accuracy,0.9977555555555556
ffnn_ewc_replay,none,5,PortScan,task3,macro_f1,0.997579101073398
ffnn_ewc_replay,none,5,PortScan,task3,fpr,0.001470279353077
ffnn_ewc_replay,none,5,PortScan,task3,detection_rate,0.9964098819520506
ffnn_ewc_replay,none,5,PortScan,task3,binary_f1,0.9969255121609693
ffnn_ewc_replay,none,5,PortScan,task3,category_recall,0.9964098819520506
ffnn_ewc_replay,none,5,PortScan,task4,n,27642.0
ffnn_ewc_replay,none,5,PortScan,task4,n_benign,27569.0
ffnn_ewc_replay,none,5,PortScan,task4,n_attack,73.0
ffnn_ewc_replay,none,5,PortScan,task4,accuracy,0.999746762173504
ffnn_ewc_replay,none,5,PortScan,task4,macro_f1,0.9770606978529924
ffnn_ewc_replay,none,5,PortScan,task4,fpr,0.0002539083753491
ffnn_ewc_replay,none,5,PortScan,task4,detection_rate,1.0
ffnn_ewc_replay,none,5,PortScan,task4,binary_f1,0.954248366013072
ffnn_ewc_replay,none,5,PortScan,task4,category_recall,1.0
ffnn_ewc_replay,none,5,PortScan,task5,n,55000.0
ffnn_ewc_replay,none,5,PortScan,task5,n_benign,25723.0
ffnn_ewc_replay,none,5,PortScan,task5,n_attack,29277.0
ffnn_ewc_replay,none,5,PortScan,task5,accuracy,0.999381818181818
ffnn_ewc_replay,none,5,PortScan,task5,macro_f1,0.9993792582584716
ffnn_ewc_replay,none,5,PortScan,task5,fpr,0.0002332542860475
ffnn_ewc_replay,none,5,PortScan,task5,detection_rate,0.9990436178570208
ffnn_ewc_replay,none,5,PortScan,task5,binary_f1,0.9994191211644912
ffnn_ewc_replay,none,5,PortScan,task5,category_recall,0.9990436178570208
ffnn_ewc_replay,none,5,PortScan,task6,n,25000.0
ffnn_ewc_replay,none,5,PortScan,task6,n_benign,2841.0
ffnn_ewc_replay,none,5,PortScan,task6,n_attack,22159.0
ffnn_ewc_replay,none,5,PortScan,task6,accuracy,0.98964
ffnn_ewc_replay,none,5,PortScan,task6,macro_f1,0.9751544528713336
ffnn_ewc_replay,none,5,PortScan,task6,fpr,0.0052798310454065
ffnn_ewc_replay,none,5,PortScan,task6,detection_rate,0.988988672774042
ffnn_ewc_replay,none,5,PortScan,task6,binary_f1,0.994125518836898
ffnn_ewc_replay,none,5,PortScan,task6,category_recall,0.988988672774042
ffnn_ewc_replay,none,5,PortScan,seen,n,391344.0
ffnn_ewc_replay,none,5,PortScan,seen,n_benign,310650.0
ffnn_ewc_replay,none,5,PortScan,seen,n_attack,80694.0
ffnn_ewc_replay,none,5,PortScan,seen,accuracy,0.9992512980906824
ffnn_ewc_replay,none,5,PortScan,seen,macro_f1,0.9988567212309364
ffnn_ewc_replay,none,5,PortScan,seen,fpr,0.0005536777724126
ffnn_ewc_replay,none,5,PortScan,seen,detection_rate,0.9985005080922992
ffnn_ewc_replay,none,5,PortScan,seen,binary_f1,0.9981850729997088
ffnn_ewc_replay,none,5,PortScan,all,n,416344.0
ffnn_ewc_replay,none,5,PortScan,all,n_benign,313491.0
ffnn_ewc_replay,none,5,PortScan,all,n_attack,102853.0
ffnn_ewc_replay,none,5,PortScan,all,accuracy,0.998674173279788
ffnn_ewc_replay,none,5,PortScan,all,macro_f1,0.998217038191748
ffnn_ewc_replay,none,5,PortScan,all,fpr,0.0005965083527118
ffnn_ewc_replay,none,5,PortScan,all,detection_rate,0.996451245952962
ffnn_ewc_replay,none,5,PortScan,all,binary_f1,0.9973142345568488
ffnn_ewc_replay,none,6,DDoS,task0,n,138702.0
ffnn_ewc_replay,none,6,DDoS,task0,n_benign,137422.0
ffnn_ewc_replay,none,6,DDoS,task0,n_attack,1280.0
ffnn_ewc_replay,none,6,DDoS,task0,accuracy,0.999574627618924
ffnn_ewc_replay,none,6,DDoS,task0,macro_f1,0.9886288021785896
ffnn_ewc_replay,none,6,DDoS,task0,fpr,0.0004293344588202
ffnn_ewc_replay,none,6,DDoS,task0,detection_rate,1.0
ffnn_ewc_replay,none,6,DDoS,task0,binary_f1,0.9774723176785032
ffnn_ewc_replay,none,6,DDoS,task0,category_recall,1.0
ffnn_ewc_replay,none,6,DDoS,task1,n,100000.0
ffnn_ewc_replay,none,6,DDoS,task1,n_benign,66394.0
ffnn_ewc_replay,none,6,DDoS,task1,n_attack,33606.0
ffnn_ewc_replay,none,6,DDoS,task1,accuracy,0.99952
ffnn_ewc_replay,none,6,DDoS,task1,macro_f1,0.999462181683557
ffnn_ewc_replay,none,6,DDoS,task1,fpr,0.0003614784468476
ffnn_ewc_replay,none,6,DDoS,task1,detection_rate,0.9992858418139616
ffnn_ewc_replay,none,6,DDoS,task1,binary_f1,0.9992858418139616
ffnn_ewc_replay,none,6,DDoS,task1,category_recall,0.9992858418139616
ffnn_ewc_replay,none,6,DDoS,task2,n,25000.0
ffnn_ewc_replay,none,6,DDoS,task2,n_benign,24976.0
ffnn_ewc_replay,none,6,DDoS,task2,n_attack,24.0
ffnn_ewc_replay,none,6,DDoS,task2,accuracy,0.9994
ffnn_ewc_replay,none,6,DDoS,task2,macro_f1,0.8727311787230967
ffnn_ewc_replay,none,6,DDoS,task2,fpr,0.0005204996796925
ffnn_ewc_replay,none,6,DDoS,task2,detection_rate,0.9166666666666666
ffnn_ewc_replay,none,6,DDoS,task2,binary_f1,0.7457627118644068
ffnn_ewc_replay,none,6,DDoS,task2,category_recall,0.9166666666666666
ffnn_ewc_replay,none,6,DDoS,task3,n,45000.0
ffnn_ewc_replay,none,6,DDoS,task3,n_benign,28566.0
ffnn_ewc_replay,none,6,DDoS,task3,n_attack,16434.0
ffnn_ewc_replay,none,6,DDoS,task3,accuracy,0.9974666666666666
ffnn_ewc_replay,none,6,DDoS,task3,macro_f1,0.9972676062991856
ffnn_ewc_replay,none,6,DDoS,task3,fpr,0.001750332563187
ffnn_ewc_replay,none,6,DDoS,task3,detection_rate,0.9961056346598516
ffnn_ewc_replay,none,6,DDoS,task3,binary_f1,0.996530102879406
ffnn_ewc_replay,none,6,DDoS,task3,category_recall,0.9961056346598516
ffnn_ewc_replay,none,6,DDoS,task4,n,27642.0
ffnn_ewc_replay,none,6,DDoS,task4,n_benign,27569.0
ffnn_ewc_replay,none,6,DDoS,task4,n_attack,73.0
ffnn_ewc_replay,none,6,DDoS,task4,accuracy,0.9995297011793648
ffnn_ewc_replay,none,6,DDoS,task4,macro_f1,0.9590015830231464
ffnn_ewc_replay,none,6,DDoS,task4,fpr,0.0004715441256483
ffnn_ewc_replay,none,6,DDoS,task4,detection_rate,1.0
ffnn_ewc_replay,none,6,DDoS,task4,binary_f1,0.9182389937106918
ffnn_ewc_replay,none,6,DDoS,task4,category_recall,1.0
ffnn_ewc_replay,none,6,DDoS,task5,n,55000.0
ffnn_ewc_replay,none,6,DDoS,task5,n_benign,25723.0
ffnn_ewc_replay,none,6,DDoS,task5,n_attack,29277.0
ffnn_ewc_replay,none,6,DDoS,task5,accuracy,0.9991454545454546
ffnn_ewc_replay,none,6,DDoS,task5,macro_f1,0.9991418734460448
ffnn_ewc_replay,none,6,DDoS,task5,fpr,0.0008941414298487
ffnn_ewc_replay,none,6,DDoS,task5,detection_rate,0.9991802438774464
ffnn_ewc_replay,none,6,DDoS,task5,binary_f1,0.9991973084214302
ffnn_ewc_replay,none,6,DDoS,task5,category_recall,0.9991802438774464
ffnn_ewc_replay,none,6,DDoS,task6,n,25000.0
ffnn_ewc_replay,none,6,DDoS,task6,n_benign,2841.0
ffnn_ewc_replay,none,6,DDoS,task6,n_attack,22159.0
ffnn_ewc_replay,none,6,DDoS,task6,accuracy,1.0
ffnn_ewc_replay,none,6,DDoS,task6,macro_f1,1.0
ffnn_ewc_replay,none,6,DDoS,task6,fpr,0.0
ffnn_ewc_replay,none,6,DDoS,task6,detection_rate,1.0
ffnn_ewc_replay,none,6,DDoS,task6,binary_f1,1.0
ffnn_ewc_replay,none,6,DDoS,task6,category_recall,1.0
ffnn_ewc_replay,none,6,DDoS,seen,n,416344.0
ffnn_ewc_replay,none,6,DDoS,seen,n_benign,313491.0
ffnn_ewc_replay,none,6,DDoS,seen,n_attack,102853.0
ffnn_ewc_replay,none,6,DDoS,seen,accuracy,0.9992890494398864
ffnn_ewc_replay,none,6,DDoS,seen,macro_f1,0.9990446872960066
ffnn_ewc_replay,none,6,DDoS,seen,fpr,0.0005805589315163
ffnn_ewc_replay,none,6,DDoS,seen,detection_rate,0.9988916220236648
ffnn_ewc_replay,none,6,DDoS,seen,binary_f1,0.9985615286673728
ffnn_ewc_replay,none,6,DDoS,all,n,416344.0
ffnn_ewc_replay,none,6,DDoS,all,n_benign,313491.0
ffnn_ewc_replay,none,6,DDoS,all,n_attack,102853.0
ffnn_ewc_replay,none,6,DDoS,all,accuracy,0.9992890494398864
ffnn_ewc_replay,none,6,DDoS,all,macro_f1,0.9990446872960066
ffnn_ewc_replay,none,6,DDoS,all,fpr,0.0005805589315163
ffnn_ewc_replay,none,6,DDoS,all,detection_rate,0.9988916220236648
ffnn_ewc_replay,none,6,DDoS,all,binary_f1,0.9985615286673728
ffnn_naive,none,0,BruteForce,task0,n,138702.0
ffnn_naive,none,0,BruteForce,task0,n_benign,137422.0
ffnn_naive,none,0,BruteForce,task0,n_attack,1280.0
ffnn_naive,none,0,BruteForce,task0,accuracy,0.9999855805972516
ffnn_naive,none,0,BruteForce,task0,macro_f1,0.9996060414834552
ffnn_naive,none,0,BruteForce,task0,fpr,1.455371046848394e-05
ffnn_naive,none,0,BruteForce,task0,detection_rate,1.0
ffnn_naive,none,0,BruteForce,task0,binary_f1,0.9992193598750976
ffnn_naive,none,0,BruteForce,task0,category_recall,1.0
ffnn_naive,none,0,BruteForce,task1,n,100000.0
ffnn_naive,none,0,BruteForce,task1,n_benign,66394.0
ffnn_naive,none,0,BruteForce,task1,n_attack,33606.0
ffnn_naive,none,0,BruteForce,task1,accuracy,0.66394
ffnn_naive,none,0,BruteForce,task1,macro_f1,0.3990167914708463
ffnn_naive,none,0,BruteForce,task1,fpr,0.0
ffnn_naive,none,0,BruteForce,task1,detection_rate,0.0
ffnn_naive,none,0,BruteForce,task1,binary_f1,0.0
ffnn_naive,none,0,BruteForce,task1,category_recall,0.0
ffnn_naive,none,0,BruteForce,task2,n,25000.0
ffnn_naive,none,0,BruteForce,task2,n_benign,24976.0
ffnn_naive,none,0,BruteForce,task2,n_attack,24.0
ffnn_naive,none,0,BruteForce,task2,accuracy,0.999
ffnn_naive,none,0,BruteForce,task2,macro_f1,0.4997498749374687
ffnn_naive,none,0,BruteForce,task2,fpr,4.003843689942344e-05
ffnn_naive,none,0,BruteForce,task2,detection_rate,0.0
ffnn_naive,none,0,BruteForce,task2,binary_f1,0.0
ffnn_naive,none,0,BruteForce,task2,category_recall,0.0
ffnn_naive,none,0,BruteForce,task3,n,45000.0
ffnn_naive,none,0,BruteForce,task3,n_benign,28566.0
ffnn_naive,none,0,BruteForce,task3,n_attack,16434.0
ffnn_naive,none,0,BruteForce,task3,accuracy,0.6349111111111111
ffnn_naive,none,0,BruteForce,task3,macro_f1,0.3886926782239374
ffnn_naive,none,0,BruteForce,task3,fpr,3.500665126374011e-05
ffnn_naive,none,0,BruteForce,task3,detection_rate,0.0003650967506389
ffnn_naive,none,0,BruteForce,task3,binary_f1,0.0007298826105468
ffnn_naive,none,0,BruteForce,task3,category_recall,0.0003650967506389
ffnn_naive,none,0,BruteForce,task4,n,27642.0
ffnn_naive,none,0,BruteForce,task4,n_benign,27569.0
ffnn_naive,none,0,BruteForce,task4,n_attack,73.0
ffnn_naive,none,0,BruteForce,task4,accuracy,0.9973590912379712
ffnn_naive,none,0,BruteForce,task4,macro_f1,0.4993388998569126
ffnn_naive,none,0,BruteForce,task4,fpr,0.0
ffnn_naive,none,0,BruteForce,task4,detection_rate,0.0
ffnn_naive,none,0,BruteForce,task4,binary_f1,0.0
ffnn_naive,none,0,BruteForce,task4,category_recall,0.0
ffnn_naive,none,0,BruteForce,task5,n,55000.0
ffnn_naive,none,0,BruteForce,task5,n_benign,25723.0
ffnn_naive,none,0,BruteForce,task5,n_attack,29277.0
ffnn_naive,none,0,BruteForce,task5,accuracy,0.4676909090909091
ffnn_naive,none,0,BruteForce,task5,macro_f1,0.3186576316539276
ffnn_naive,none,0,BruteForce,task5,fpr,0.0
ffnn_naive,none,0,BruteForce,task5,detection_rate,0.0
ffnn_naive,none,0,BruteForce,task5,binary_f1,0.0
ffnn_naive,none,0,BruteForce,task5,category_recall,0.0
ffnn_naive,none,0,BruteForce,task6,n,25000.0
ffnn_naive,none,0,BruteForce,task6,n_benign,2841.0
ffnn_naive,none,0,BruteForce,task6,n_attack,22159.0
ffnn_naive,none,0,BruteForce,task6,accuracy,0.11356
ffnn_naive,none,0,BruteForce,task6,macro_f1,0.101979237759977
ffnn_naive,none,0,BruteForce,task6,fpr,0.0007039774727208
ffnn_naive,none,0,BruteForce,task6,detection_rate,0.0
ffnn_naive,none,0,BruteForce,task6,binary_f1,0.0
ffnn_naive,none,0,BruteForce,task6,category_recall,0.0
ffnn_naive,none,0,BruteForce,seen,n,138702.0
ffnn_naive,none,0,BruteForce,seen,n_benign,137422.0
ffnn_naive,none,0,BruteForce,seen,n_attack,1280.0
ffnn_naive,none,0,BruteForce,seen,accuracy,0.9999855805972516
ffnn_naive,none,0,BruteForce,seen,macro_f1,0.9996060414834552
ffnn_naive,none,0,BruteForce,seen,fpr,1.455371046848394e-05
ffnn_naive,none,0,BruteForce,seen,detection_rate,1.0
ffnn_naive,none,0,BruteForce,seen,binary_f1,0.9992193598750976
ffnn_naive,none,0,BruteForce,all,n,416344.0
ffnn_naive,none,0,BruteForce,all,n_benign,313491.0
ffnn_naive,none,0,BruteForce,all,n_attack,102853.0
ffnn_naive,none,0,BruteForce,all,accuracy,0.7560358741809657
ffnn_naive,none,0,BruteForce,all,macro_f1,0.4426384875903086
ffnn_naive,none,0,BruteForce,all,fpr,1.9139305434605777e-05
ffnn_naive,none,0,BruteForce,all,detection_rate,0.0125032813821667
ffnn_naive,none,0,BruteForce,all,binary_f1,0.0246963368380623
ffnn_naive,none,1,DoS,task0,n,138702.0
ffnn_naive,none,1,DoS,task0,n_benign,137422.0
ffnn_naive,none,1,DoS,task0,n_attack,1280.0
ffnn_naive,none,1,DoS,task0,accuracy,0.9907139046300704
ffnn_naive,none,1,DoS,task0,macro_f1,0.497667646931
ffnn_naive,none,1,DoS,task0,fpr,5.821484187393576e-05
ffnn_naive,none,1,DoS,task0,detection_rate,0.0
ffnn_naive,none,1,DoS,task0,binary_f1,0.0
ffnn_naive,none,1,DoS,task0,category_recall,0.0
ffnn_naive,none,1,DoS,task1,n,100000.0
ffnn_naive,none,1,DoS,task1,n_benign,66394.0
ffnn_naive,none,1,DoS,task1,n_attack,33606.0
ffnn_naive,none,1,DoS,task1,accuracy,0.99984
ffnn_naive,none,1,DoS,task1,macro_f1,0.9998207403969336
ffnn_naive,none,1,DoS,task1,fpr,0.0001958008253757
ffnn_naive,none,1,DoS,task1,detection_rate,0.9999107302267451
ffnn_naive,none,1,DoS,task1,binary_f1,0.9997619826842404
ffnn_naive,none,1,DoS,task1,category_recall,0.9999107302267451
ffnn_naive,none,1,DoS,task2,n,25000.0
ffnn_naive,none,1,DoS,task2,n_benign,24976.0
ffnn_naive,none,1,DoS,task2,n_attack,24.0
ffnn_naive,none,1,DoS,task2,accuracy,0.99896
ffnn_naive,none,1,DoS,task2,macro_f1,0.4997398647296594
ffnn_naive,none,1,DoS,task2,fpr,8.007687379884689e-05
ffnn_naive,none,1,DoS,task2,detection_rate,0.0
ffnn_naive,none,1,DoS,task2,binary_f1,0.0
ffnn_naive,none,1,DoS,task2,category_recall,0.0
ffnn_naive,none,1,DoS,task3,n,45000.0
ffnn_naive,none,1,DoS,task3,n_benign,28566.0
ffnn_naive,none,1,DoS,task3,n_attack,16434.0
ffnn_naive,none,1,DoS,task3,accuracy,0.6348
ffnn_naive,none,1,DoS,task3,macro_f1,0.3884199754935312
ffnn_naive,none,1,DoS,task3,fpr,7.001330252748022e-05
ffnn_naive,none,1,DoS,task3,detection_rate,0.0001216989168796
ffnn_naive,none,1,DoS,task3,binary_f1,0.0002433386056697
ffnn_naive,none,1,DoS,task3,category_recall,0.0001216989168796
ffnn_naive,none,1,DoS,task4,n,27642.0
ffnn_naive,none,1,DoS,task4,n_benign,27569.0
ffnn_naive,none,1,DoS,task4,n_attack,73.0
ffnn_naive,none,1,DoS,task4,accuracy,0.9971782070761884
ffnn_naive,none,1,DoS,task4,macro_f1,0.4992935550483643
ffnn_naive,none,1,DoS,task4,fpr,0.0001813631252493
ffnn_naive,none,1,DoS,task4,detection_rate,0.0
ffnn_naive,none,1,DoS,task4,binary_f1,0.0
ffnn_naive,none,1,DoS,task4,category_recall,0.0
ffnn_naive,none,1,DoS,task5,n,55000.0
ffnn_naive,none,1,DoS,task5,n_benign,25723.0
ffnn_naive,none,1,DoS,task5,n_attack,29277.0
ffnn_naive,none,1,DoS,task5,accuracy,0.4676909090909091
ffnn_naive,none,1,DoS,task5,macro_f1,0.3188058883120669
ffnn_naive,none,1,DoS,task5,fpr,0.0001943785717062
ffnn_naive,none,1,DoS,task5,detection_rate,0.0001707825255319
ffnn_naive,none,1,DoS,task5,binary_f1,0.0003414484242155
ffnn_naive,none,1,DoS,task5,category_recall,0.0001707825255319
ffnn_naive,none,1,DoS,task6,n,25000.0
ffnn_naive,none,1,DoS,task6,n_benign,2841.0
ffnn_naive,none,1,DoS,task6,n_attack,22159.0
ffnn_naive,none,1,DoS,task6,accuracy,0.99336
ffnn_naive,none,1,DoS,task6,macro_f1,0.983927244001508
ffnn_naive,none,1,DoS,task6,fpr,0.0
ffnn_naive,none,1,DoS,task6,detection_rate,0.9925086872151272
ffnn_naive,none,1,DoS,task6,binary_f1,0.9962402609168328
ffnn_naive,none,1,DoS,task6,category_recall,0.9925086872151272
ffnn_naive,none,1,DoS,seen,n,238702.0
ffnn_naive,none,1,DoS,seen,n_benign,203816.0
ffnn_naive,none,1,DoS,seen,n_attack,34886.0
ffnn_naive,none,1,DoS,seen,accuracy,0.9945371215993164
ffnn_naive,none,1,DoS,seen,macro_f1,0.9888885958617024
ffnn_naive,none,1,DoS,seen,fpr,0.0001030341091965
ffnn_naive,none,1,DoS,seen,detection_rate,0.9632230694261308
ffnn_naive,none,1,DoS,seen,binary_f1,0.9809662822945556
ffnn_naive,none,1,DoS,all,n,416344.0
ffnn_naive,none,1,DoS,all,n_benign,313491.0
ffnn_naive,none,1,DoS,all,n_attack,102853.0
ffnn_naive,none,1,DoS,all,accuracy,0.8864280498818284
ffnn_naive,none,1,DoS,all,macro_f1,0.815759848348272
ffnn_naive,none,1,DoS,all,fpr,0.0001116459483685
ffnn_naive,none,1,DoS,all,detection_rate,0.5406064966505595
ffnn_naive,none,1,DoS,all,binary_f1,0.7016549835637355
ffnn_naive,none,2,WebAttack,task0,n,138702.0
ffnn_naive,none,2,WebAttack,task0,n_benign,137422.0
ffnn_naive,none,2,WebAttack,task0,n_attack,1280.0
ffnn_naive,none,2,WebAttack,task0,accuracy,0.9907283240328184
ffnn_naive,none,2,WebAttack,task0,macro_f1,0.5098106210159472
ffnn_naive,none,2,WebAttack,task0,fpr,0.0001600908151533
ffnn_naive,none,2,WebAttack,task0,detection_rate,0.0125
ffnn_naive,none,2,WebAttack,task0,binary_f1,0.0242792109256449
ffnn_naive,none,2,WebAttack,task0,category_recall,0.0125
ffnn_naive,none,2,WebAttack,task1,n,100000.0
ffnn_naive,none,2,WebAttack,task1,n_benign,66394.0
ffnn_naive,none,2,WebAttack,task1,n_attack,33606.0
ffnn_naive,none,2,WebAttack,task1,accuracy,0.66894
ffnn_naive,none,2,WebAttack,task1,macro_f1,0.4151792257438459
ffnn_naive,none,2,WebAttack,task1,fpr,0.0001656776214718
ffnn_naive,none,2,WebAttack,task1,detection_rate,0.0152056180443968
ffnn_naive,none,2,WebAttack,task1,binary_f1,0.0299460853258321
ffnn_naive,none,2,WebAttack,task1,category_recall,0.0152056180443968
ffnn_naive,none,2,WebAttack,task2,n,25000.0
ffnn_naive,none,2,WebAttack,task2,n_benign,24976.0
ffnn_naive,none,2,WebAttack,task2,n_attack,24.0
ffnn_naive,none,2,WebAttack,task2,accuracy,0.99972
ffnn_naive,none,2,WebAttack,task2,macro_f1,0.933892189872208
ffnn_naive,none,2,WebAttack,task2,fpr,0.0002402306213965
ffnn_naive,none,2,WebAttack,task2,detection_rate,0.9583333333333334
ffnn_naive,none,2,WebAttack,task2,binary_f1,0.8679245283018868
ffnn_naive,none,2,WebAttack,task2,category_recall,0.9583333333333334
ffnn_naive,none,2,WebAttack,task3,n,45000.0
ffnn_naive,none,2,WebAttack,task3,n_benign,28566.0
ffnn_naive,none,2,WebAttack,task3,n_attack,16434.0
ffnn_naive,none,2,WebAttack,task3,accuracy,0.6347333333333334
ffnn_naive,none,2,WebAttack,task3,macro_f1,0.3882794339545695
ffnn_naive,none,2,WebAttack,task3,fpr,0.0001050199537912
ffnn_naive,none,2,WebAttack,task3,detection_rate,0.0
ffnn_naive,none,2,WebAttack,task3,binary_f1,0.0
ffnn_naive,none,2,WebAttack,task3,category_recall,0.0
ffnn_naive,none,2,WebAttack,task4,n,27642.0
ffnn_naive,none,2,WebAttack,task4,n_benign,27569.0
ffnn_naive,none,2,WebAttack,task4,n_attack,73.0
ffnn_naive,none,2,WebAttack,task4,accuracy,0.997214383908545
ffnn_naive,none,2,WebAttack,task4,macro_f1,0.4993026246671618
ffnn_naive,none,2,WebAttack,task4,fpr,0.0001450905001994
ffnn_naive,none,2,WebAttack,task4,detection_rate,0.0
ffnn_naive,none,2,WebAttack,task4,binary_f1,0.0
ffnn_naive,none,2,WebAttack,task4,category_recall,0.0
ffnn_naive,none,2,WebAttack,task5,n,55000.0
ffnn_naive,none,2,WebAttack,task5,n_benign,25723.0
ffnn_naive,none,2,WebAttack,task5,n_attack,29277.0
ffnn_naive,none,2,WebAttack,task5,accuracy,0.4673636363636363
ffnn_naive,none,2,WebAttack,task5,macro_f1,0.318505668793755
ffnn_naive,none,2,WebAttack,task5,fpr,0.0006997628581425
ffnn_naive,none,2,WebAttack,task5,detection_rate,0.0
ffnn_naive,none,2,WebAttack,task5,binary_f1,0.0
ffnn_naive,none,2,WebAttack,task5,category_recall,0.0
ffnn_naive,none,2,WebAttack,task6,n,25000.0
ffnn_naive,none,2,WebAttack,task6,n_benign,2841.0
ffnn_naive,none,2,WebAttack,task6,n_attack,22159.0
ffnn_naive,none,2,WebAttack,task6,accuracy,0.11364
ffnn_naive,none,2,WebAttack,task6,macro_f1,0.1020437484285765
ffnn_naive,none,2,WebAttack,task6,fpr,0.0
ffnn_naive,none,2,WebAttack,task6,detection_rate,0.0
ffnn_naive,none,2,WebAttack,task6,binary_f1,0.0
ffnn_naive,none,2,WebAttack,task6,category_recall,0.0
ffnn_naive,none,2,WebAttack,seen,n,263702.0
ffnn_naive,none,2,WebAttack,seen,n_benign,228792.0
ffnn_naive,none,2,WebAttack,seen,n_attack,34910.0
ffnn_naive,none,2,WebAttack,seen,accuracy,0.8695535111603249
ffnn_naive,none,2,WebAttack,seen,macro_f1,0.4805283094584743
ffnn_naive,none,2,WebAttack,seen,fpr,0.000170460505612
ffnn_naive,none,2,WebAttack,seen,detection_rate,0.015754798052134
ffnn_naive,none,2,WebAttack,seen,binary_f1,0.0309867883602355
ffnn_naive,none,2,WebAttack,all,n,416344.0
ffnn_naive,none,2,WebAttack,all,n_benign,313491.0
ffnn_naive,none,2,WebAttack,all,n_attack,102853.0
ffnn_naive,none,2,WebAttack,all,accuracy,0.7541287973406606
ffnn_naive,none,2,WebAttack,all,macro_f1,0.4351264203428091
ffnn_naive,none,2,WebAttack,all,fpr,0.0002041525913024
ffnn_naive,none,2,WebAttack,all,detection_rate,0.0053474376051257
ffnn_naive,none,2,WebAttack,all,binary_f1,0.0106314090482955
ffnn_naive,none,3,Infiltration,task0,n,138702.0
ffnn_naive,none,3,Infiltration,task0,n_benign,137422.0
ffnn_naive,none,3,Infiltration,task0,n_attack,1280.0
ffnn_naive,none,3,Infiltration,task0,accuracy,0.9936770918948538
ffnn_naive,none,3,Infiltration,task0,macro_f1,0.746542546352605
ffnn_naive,none,3,Infiltration,task0,fpr,0.000211028801793
ffnn_naive,none,3,Infiltration,task0,detection_rate,0.3375
ffnn_naive,none,3,Infiltration,task0,binary_f1,0.4962665134979896
ffnn_naive,none,3,Infiltration,task0,category_recall,0.3375
ffnn_naive,none,3,Infiltration,task1,n,100000.0
ffnn_naive,none,3,Infiltration,task1,n_benign,66394.0
ffnn_naive,none,3,Infiltration,task1,n_attack,33606.0
ffnn_naive,none,3,Infiltration,task1,accuracy,0.66533
ffnn_naive,none,3,Infiltration,task1,macro_f1,0.4039480618511001
ffnn_naive,none,3,Infiltration,task1,fpr,0.0002560472331837
ffnn_naive,none,3,Infiltration,task1,detection_rate,0.0046420282092483
ffnn_naive,none,3,Infiltration,task1,binary_f1,0.0092365078895171
ffnn_naive,none,3,Infiltration,task1,category_recall,0.0046420282092483
ffnn_naive,none,3,Infiltration,task2,n,25000.0
ffnn_naive,none,3,Infiltration,task2,n_benign,24976.0
ffnn_naive,none,3,Infiltration,task2,n_attack,24.0
ffnn_naive,none,3,Infiltration,task2,accuracy,0.99876
ffnn_naive,none,3,Infiltration,task2,macro_f1,0.4996898076807621
ffnn_naive,none,3,Infiltration,task2,fpr,0.0002802690582959
ffnn_naive,none,3,Infiltration,task2,detection_rate,0.0
ffnn_naive,none,3,Infiltration,task2,binary_f1,0.0
ffnn_naive,none,3,Infiltration,task2,category_recall,0.0
ffnn_naive,none,3,Infiltration,task3,n,45000.0
ffnn_naive,none,3,Infiltration,task3,n_benign,28566.0
ffnn_naive,none,3,Infiltration,task3,n_attack,16434.0
ffnn_naive,none,3,Infiltration,task3,accuracy,0.9984666666666666
ffnn_naive,none,3,Infiltration,task3,macro_f1,0.998346930278996
ffnn_naive,none,3,Infiltration,task3,fpr,0.0015752993068683
ffnn_naive,none,3,Infiltration,task3,detection_rate,0.9985396129974444
ffnn_naive,none,3,Infiltration,task3,binary_f1,0.9979020341147496
ffnn_naive,none,3,Infiltration,task3,category_recall,0.9985396129974444
ffnn_naive,none,3,Infiltration,task4,n,27642.0
ffnn_naive,none,3,Infiltration,task4,n_benign,27569.0
ffnn_naive,none,3,Infiltration,task4,n_attack,73.0
ffnn_naive,none,3,Infiltration,task4,accuracy,0.9893278344548152
ffnn_naive,none,3,Infiltration,task4,macro_f1,0.4973176453472512
ffnn_naive,none,3,Infiltration,task4,fpr,0.0080525227610722
ffnn_naive,none,3,Infiltration,task4,detection_rate,0.0
ffnn_naive,none,3,Infiltration,task4,binary_f1,0.0
ffnn_naive,none,3,Infiltration,task4,category_recall,0.0
ffnn_naive,none,3,Infiltration,task5,n,55000.0
ffnn_naive,none,3,Infiltration,task5,n_benign,25723.0
ffnn_naive,none,3,Infiltration,task5,n_attack,29277.0
ffnn_naive,none,3,Infiltration,task5,accuracy,0.9867454545454546
ffnn_naive,none,3,Infiltration,task5,macro_f1,0.9866746558643632
ffnn_naive,none,3,Infiltration,task5,fpr,0.0230144228900206
ffnn_naive,none,3,Infiltration,task5,detection_rate,0.9953205588004236
ffnn_naive,none,3,Infiltration,task5,binary_f1,0.9876459523123592
ffnn_naive,none,3,Infiltration,task5,category_recall,0.9953205588004236
ffnn_naive,none,3,Infiltration,task6,n,25000.0
ffnn_naive,none,3,Infiltration,task6,n_benign,2841.0
ffnn_naive,none,3,Infiltration,task6,n_attack,22159.0
ffnn_naive,none,3,Infiltration,task6,accuracy,0.11084
ffnn_naive,none,3,Infiltration,task6,macro_f1,0.0997803464045227
ffnn_naive,none,3,Infiltration,task6,fpr,0.0246392115452305
ffnn_naive,none,3,Infiltration,task6,detection_rate,0.0
ffnn_naive,none,3,Infiltration,task6,binary_f1,0.0
ffnn_naive,none,3,Infiltration,task6,category_recall,0.0
ffnn_naive,none,3,Infiltration,seen,n,308702.0
ffnn_naive,none,3,Infiltration,seen,n_benign,257358.0
ffnn_naive,none,3,Infiltration,seen,n_attack,51344.0
ffnn_naive,none,3,Infiltration,seen,accuracy,0.8884231394678362
ffnn_naive,none,3,Infiltration,seen,macro_f1,0.7169917097249792
ffnn_naive,none,3,Infiltration,seen,fpr,0.0003807925147071
ffnn_naive,none,3,Infiltration,seen,detection_rate,0.3310610782175132
ffnn_naive,none,3,Infiltration,seen,binary_f1,0.4967270601987142
ffnn_naive,none,3,Infiltration,all,n,416344.0
ffnn_naive,none,3,Infiltration,all,n_benign,313491.0
ffnn_naive,none,3,Infiltration,all,n_attack,102853.0
ffnn_naive,none,3,Infiltration,all,accuracy,0.8614198835578272
ffnn_naive,none,3,Infiltration,all,macro_f1,0.7653864890385722
ffnn_naive,none,3,Infiltration,all,fpr,0.0031324663227971
ffnn_naive,none,3,Infiltration,all,detection_rate,0.4485819567732589
ffnn_naive,none,3,Infiltration,all,binary_f1,0.6152840844685377
ffnn_naive,none,4,Botnet,task0,n,138702.0
ffnn_naive,none,4,Botnet,task0,n_benign,137422.0
ffnn_naive,none,4,Botnet,task0,n_attack,1280.0
ffnn_naive,none,4,Botnet,task0,accuracy,0.9907715822410637
ffnn_naive,none,4,Botnet,task0,macro_f1,0.4976822007503875
ffnn_naive,none,4,Botnet,task0,fpr,0.0
ffnn_naive,none,4,Botnet,task0,detection_rate,0.0
ffnn_naive,none,4,Botnet,task0,binary_f1,0.0
ffnn_naive,none,4,Botnet,task0,category_recall,0.0
ffnn_naive,none,4,Botnet,task1,n,100000.0
ffnn_naive,none,4,Botnet,task1,n_benign,66394.0
ffnn_naive,none,4,Botnet,task1,n_attack,33606.0
ffnn_naive,none,4,Botnet,task1,accuracy,0.66391
ffnn_naive,none,4,Botnet,task1,macro_f1,0.3990059558509775
ffnn_naive,none,4,Botnet,task1,fpr,4.518480585595084e-05
ffnn_naive,none,4,Botnet,task1,detection_rate,0.0
ffnn_naive,none,4,Botnet,task1,binary_f1,0.0
ffnn_naive,none,4,Botnet,task1,category_recall,0.0
ffnn_naive,none,4,Botnet,task2,n,25000.0
ffnn_naive,none,4,Botnet,task2,n_benign,24976.0
ffnn_naive,none,4,Botnet,task2,n_attack,24.0
ffnn_naive,none,4,Botnet,task2,accuracy,0.99904
ffnn_naive,none,4,Botnet,task2,macro_f1,0.4997598847446774
ffnn_naive,none,4,Botnet,task2,fpr,0.0
ffnn_naive,none,4,Botnet,task2,detection_rate,0.0
ffnn_naive,none,4,Botnet,task2,binary_f1,0.0
ffnn_naive,none,4,Botnet,task2,category_recall,0.0
ffnn_naive,none,4,Botnet,task3,n,45000.0
ffnn_naive,none,4,Botnet,task3,n_benign,28566.0
ffnn_naive,none,4,Botnet,task3,n_attack,16434.0
ffnn_naive,none,4,Botnet,task3,accuracy,0.6348
ffnn_naive,none,4,Botnet,task3,macro_f1,0.3883043797406411
ffnn_naive,none,4,Botnet,task3,fpr,0.0
ffnn_naive,none,4,Botnet,task3,detection_rate,0.0
ffnn_naive,none,4,Botnet,task3,binary_f1,0.0
ffnn_naive,none,4,Botnet,task3,category_recall,0.0
ffnn_naive,none,4,Botnet,task4,n,27642.0
ffnn_naive,none,4,Botnet,task4,n_benign,27569.0
ffnn_naive,none,4,Botnet,task4,n_attack,73.0
ffnn_naive,none,4,Botnet,task4,accuracy,1.0
ffnn_naive,none,4,Botnet,task4,macro_f1,1.0
ffnn_naive,none,4,Botnet,task4,fpr,0.0
ffnn_naive,none,4,Botnet,task4,detection_rate,1.0
ffnn_naive,none,4,Botnet,task4,binary_f1,1.0
ffnn_naive,none,4,Botnet,task4,category_recall,1.0
ffnn_naive,none,4,Botnet,task5,n,55000.0
ffnn_naive,none,4,Botnet,task5,n_benign,25723.0
ffnn_naive,none,4,Botnet,task5,n_attack,29277.0
ffnn_naive,none,4,Botnet,task5,accuracy,0.4676909090909091
ffnn_naive,none,4,Botnet,task5,macro_f1,0.3186576316539276
ffnn_naive,none,4,Botnet,task5,fpr,0.0
ffnn_naive,none,4,Botnet,task5,detection_rate,0.0
ffnn_naive,none,4,Botnet,task5,binary_f1,0.0
ffnn_naive,none,4,Botnet,task5,category_recall,0.0
ffnn_naive,none,4,Botnet,task6,n,25000.0
ffnn_naive,none,4,Botnet,task6,n_benign,2841.0
ffnn_naive,none,4,Botnet,task6,n_attack,22159.0
ffnn_naive,none,4,Botnet,task6,accuracy,0.11156
ffnn_naive,none,4,Botnet,task6,macro_f1,0.1003634531649213
ffnn_naive,none,4,Botnet,task6,fpr,0.0183034142907426
ffnn_naive,none,4,Botnet,task6,detection_rate,0.0
ffnn_naive,none,4,Botnet,task6,binary_f1,0.0
ffnn_naive,none,4,Botnet,task6,category_recall,0.0
ffnn_naive,none,4,Botnet,seen,n,336344.0
ffnn_naive,none,4,Botnet,seen,n_benign,284927.0
ffnn_naive,none,4,Botnet,seen,n_attack,51417.0
ffnn_naive,none,4,Botnet,seen,accuracy,0.847337844587684
ffnn_naive,none,4,Botnet,seen,macro_f1,0.4600884561768081
ffnn_naive,none,4,Botnet,seen,fpr,1.0529012694479638e-05
ffnn_naive,none,4,Botnet,seen,detection_rate,0.0014197638913199
ffnn_naive,none,4,Botnet,seen,binary_f1,0.0028353368419008
ffnn_naive,none,4,Botnet,all,n,416344.0
ffnn_naive,none,4,Botnet,all,n_benign,313491.0
ffnn_naive,none,4,Botnet,all,n_attack,102853.0
ffnn_naive,none,4,Botnet,all,accuracy,0.7530047268604808
ffnn_naive,none,4,Botnet,all,macro_f1,0.4302456553091255
ffnn_naive,none,4,Botnet,all,fpr,0.0001754436331505
ffnn_naive,none,4,Botnet,all,detection_rate,0.0007097508094076
ffnn_naive,none,4,Botnet,all,binary_f1,0.0014177372525028
ffnn_naive,none,5,PortScan,task0,n,138702.0
ffnn_naive,none,5,PortScan,task0,n_benign,137422.0
ffnn_naive,none,5,PortScan,task0,n_attack,1280.0
ffnn_naive,none,5,PortScan,task0,accuracy,0.9907427434355668
ffnn_naive,none,5,PortScan,task0,macro_f1,0.4976749239461104
ffnn_naive,none,5,PortScan,task0,fpr,2.910742093696788e-05
ffnn_naive,none,5,PortScan,task0,detection_rate,0.0
ffnn_naive,none,5,PortScan,task0,binary_f1,0.0
ffnn_naive,none,5,PortScan,task0,category_recall,0.0
ffnn_naive,none,5,PortScan,task1,n,100000.0
ffnn_naive,none,5,PortScan,task1,n_benign,66394.0
ffnn_naive,none,5,PortScan,task1,n_attack,33606.0
ffnn_naive,none,5,PortScan,task1,accuracy,0.67502
ffnn_naive,none,5,PortScan,task1,macro_f1,0.4336353482859513
ffnn_naive,none,5,PortScan,task1,fpr,1.5061601951983614e-05
ffnn_naive,none,5,PortScan,task1,detection_rate,0.0330000595131821
ffnn_naive,none,5,PortScan,task1,binary_f1,0.0638898490609517
ffnn_naive,none,5,PortScan,task1,category_recall,0.0330000595131821
ffnn_naive,none,5,PortScan,task2,n,25000.0
ffnn_naive,none,5,PortScan,task2,n_benign,24976.0
ffnn_naive,none,5,PortScan,task2,n_attack,24.0
ffnn_naive,none,5,PortScan,task2,accuracy,0.999
ffnn_naive,none,5,PortScan,task2,macro_f1,0.4997498749374687
ffnn_naive,none,5,PortScan,task2,fpr,4.003843689942344e-05
ffnn_naive,none,5,PortScan,task2,detection_rate,0.0
ffnn_naive,none,5,PortScan,task2,binary_f1,0.0
ffnn_naive,none,5,PortScan,task2,category_recall,0.0
ffnn_naive,none,5,PortScan,task3,n,45000.0
ffnn_naive,none,5,PortScan,task3,n_benign,28566.0
ffnn_naive,none,5,PortScan,task3,n_attack,16434.0
ffnn_naive,none,5,PortScan,task3,accuracy,0.9899555555555556
ffnn_naive,none,5,PortScan,task3,macro_f1,0.9891154278142354
ffnn_naive,none,5,PortScan,task3,fpr,0.0014352727018133
ffnn_naive,none,5,PortScan,task3,detection_rate,0.974990872581234
ffnn_naive,none,5,PortScan,task3,binary_f1,0.986091451781648
ffnn_naive,none,5,PortScan,task3,category_recall,0.974990872581234
ffnn_naive,none,5,PortScan,task4,n,27642.0
ffnn_naive,none,5,PortScan,task4,n_benign,27569.0
ffnn_naive,none,5,PortScan,task4,n_attack,73.0
ffnn_naive,none,5,PortScan,task4,accuracy,0.9983358657115984
ffnn_naive,none,5,PortScan,task4,macro_f1,0.774093001341017
ffnn_naive,none,5,PortScan,task4,fpr,3.627262504987486e-05
ffnn_naive,none,5,PortScan,task4,detection_rate,0.3835616438356164
ffnn_naive,none,5,PortScan,task4,binary_f1,0.5490196078431373
ffnn_naive,none,5,PortScan,task4,category_recall,0.3835616438356164
ffnn_naive,none,5,PortScan,task5,n,55000.0
ffnn_naive,none,5,PortScan,task5,n_benign,25723.0
ffnn_naive,none,5,PortScan,task5,n_attack,29277.0
ffnn_naive,none,5,PortScan,task5,accuracy,0.999618181818182
ffnn_naive,none,5,PortScan,task5,macro_f1,0.9996165961907006
ffnn_naive,none,5,PortScan,task5,fpr,7.775142868250205e-05
ffnn_naive,none,5,PortScan,task5,detection_rate,0.9993510264029783
ffnn_naive,none,5,PortScan,task5,binary_f1,0.9996412525411278
ffnn_naive,none,5,PortScan,task5,category_recall,0.9993510264029783
ffnn_naive,none,5,PortScan,task6,n,25000.0
ffnn_naive,none,5,PortScan,task6,n_benign,2841.0
ffnn_naive,none,5,PortScan,task6,n_attack,22159.0
ffnn_naive,none,5,PortScan,task6,accuracy,0.55672
ffnn_naive,none,5,PortScan,task6,macro_f1,0.5027534803918063
ffnn_naive,none,5,PortScan,task6,fpr,0.0
ffnn_naive,none,5,PortScan,task6,detection_rate,0.4998871790243242
ffnn_naive,none,5,PortScan,task6,binary_f1,0.6665663738115297
ffnn_naive,none,5,PortScan,task6,category_recall,0.4998871790243242
ffnn_naive,none,5,PortScan,seen,n,391344.0
ffnn_naive,none,5,PortScan,seen,n_benign,310650.0
ffnn_naive,none,5,PortScan,seen,n_attack,80694.0
ffnn_naive,none,5,PortScan,seen,accuracy,0.9122868882619894
ffnn_naive,none,5,PortScan,seen,macro_f1,0.8388484057524095
ffnn_naive,none,5,PortScan,seen,fpr,0.0001609528408176
ffnn_naive,none,5,PortScan,seen,detection_rate,0.575234837782239
ffnn_naive,none,5,PortScan,seen,binary_f1,0.7300608672402132
ffnn_naive,none,5,PortScan,all,n,416344.0
ffnn_naive,none,5,PortScan,all,n_benign,313491.0
ffnn_naive,none,5,PortScan,all,n_attack,102853.0
ffnn_naive,none,5,PortScan,all,accuracy,0.8909363411025498
ffnn_naive,none,5,PortScan,all,macro_f1,0.8246809599697854
ffnn_naive,none,5,PortScan,all,fpr,0.000159494211955
ffnn_naive,none,5,PortScan,all,detection_rate,0.5590016820121921
ffnn_naive,none,5,PortScan,all,binary_f1,0.7169042008005088
ffnn_naive,none,6,DDoS,task0,n,138702.0
ffnn_naive,none,6,DDoS,task0,n_benign,137422.0
ffnn_naive,none,6,DDoS,task0,n_attack,1280.0
ffnn_naive,none,6,DDoS,task0,accuracy,0.9906273882135802
ffnn_naive,none,6,DDoS,task0,macro_f1,0.5014625232461761
ffnn_naive,none,6,DDoS,task0,fpr,0.000181921380856
ffnn_naive,none,6,DDoS,task0,detection_rate,0.00390625
ffnn_naive,none,6,DDoS,task0,binary_f1,0.0076335877862595
ffnn_naive,none,6,DDoS,task0,category_recall,0.00390625
ffnn_naive,none,6,DDoS,task1,n,100000.0
ffnn_naive,none,6,DDoS,task1,n_benign,66394.0
ffnn_naive,none,6,DDoS,task1,n_attack,33606.0
ffnn_naive,none,6,DDoS,task1,accuracy,0.77448
ffnn_naive,none,6,DDoS,task1,macro_f1,0.6767451969947937
ffnn_naive,none,6,DDoS,task1,fpr,0.002665903545501
ffnn_naive,none,6,DDoS,task1,detection_rate,0.3341962744747961
ffnn_naive,none,6,DDoS,task1,binary_f1,0.4990003110143511
ffnn_naive,none,6,DDoS,task1,category_recall,0.3341962744747961
ffnn_naive,none,6,DDoS,task2,n,25000.0
ffnn_naive,none,6,DDoS,task2,n_benign,24976.0
ffnn_naive,none,6,DDoS,task2,n_attack,24.0
ffnn_naive,none,6,DDoS,task2,accuracy,0.99896
ffnn_naive,none,6,DDoS,task2,macro_f1,0.4997398647296594
ffnn_naive,none,6,DDoS,task2,fpr,8.007687379884689e-05
ffnn_naive,none,6,DDoS,task2,detection_rate,0.0
ffnn_naive,none,6,DDoS,task2,binary_f1,0.0
ffnn_naive,none,6,DDoS,task2,category_recall,0.0
ffnn_naive,none,6,DDoS,task3,n,45000.0
ffnn_naive,none,6,DDoS,task3,n_benign,28566.0
ffnn_naive,none,6,DDoS,task3,n_attack,16434.0
ffnn_naive,none,6,DDoS,task3,accuracy,0.8272
ffnn_naive,none,6,DDoS,task3,macro_f1,0.7852759570661485
ffnn_naive,none,6,DDoS,task3,fpr,0.0004200798151648
ffnn_naive,none,6,DDoS,task3,detection_rate,0.5275648046732384
ffnn_naive,none,6,DDoS,task3,binary_f1,0.6903965599617774
ffnn_naive,none,6,DDoS,task3,category_recall,0.5275648046732384
ffnn_naive,none,6,DDoS,task4,n,27642.0
ffnn_naive,none,6,DDoS,task4,n_benign,27569.0
ffnn_naive,none,6,DDoS,task4,n_attack,73.0
ffnn_naive,none,6,DDoS,task4,accuracy,0.9971782070761884
ffnn_naive,none,6,DDoS,task4,macro_f1,0.4992935550483643
ffnn_naive,none,6,DDoS,task4,fpr,0.0001813631252493
ffnn_naive,none,6,DDoS,task4,detection_rate,0.0
ffnn_naive,none,6,DDoS,task4,binary_f1,0.0
ffnn_naive,none,6,DDoS,task4,category_recall,0.0
ffnn_naive,none,6,DDoS,task5,n,55000.0
ffnn_naive,none,6,DDoS,task5,n_benign,25723.0
ffnn_naive,none,6,DDoS,task5,n_attack,29277.0
ffnn_naive,none,6,DDoS,task5,accuracy,0.9003272727272728
ffnn_naive,none,6,DDoS,task5,macro_f1,0.9002056588895638
ffnn_naive,none,6,DDoS,task5,fpr,0.000155502857365
ffnn_naive,none,6,DDoS,task5,detection_rate,0.8128906650271545
ffnn_naive,none,6,DDoS,task5,binary_f1,0.8967219291635268
ffnn_naive,none,6,DDoS,task5,category_recall,0.8128906650271545
ffnn_naive,none,6,DDoS,task6,n,25000.0
ffnn_naive,none,6,DDoS,task6,n_benign,2841.0
ffnn_naive,none,6,DDoS,task6,n_attack,22159.0
ffnn_naive,none,6,DDoS,task6,accuracy,1.0
ffnn_naive,none,6,DDoS,task6,macro_f1,1.0
ffnn_naive,none,6,DDoS,task6,fpr,0.0
ffnn_naive,none,6,DDoS,task6,detection_rate,1.0
ffnn_naive,none,6,DDoS,task6,binary_f1,1.0
ffnn_naive,none,6,DDoS,task6,category_recall,1.0
ffnn_naive,none,6,DDoS,seen,n,416344.0
ffnn_naive,none,6,DDoS,seen,n_benign,313491.0
ffnn_naive,none,6,DDoS,seen,n_attack,102853.0
ffnn_naive,none,6,DDoS,seen,accuracy,0.9106171819456989
ffnn_naive,none,6,DDoS,seen,macro_f1,0.8618282953612959
ffnn_naive,none,6,DDoS,seen,fpr,0.0007177239537977
ffnn_naive,none,6,DDoS,seen,detection_rate,0.6403702371345512
ffnn_naive,none,6,DDoS,seen,binary_f1,0.7797232186194079
ffnn_naive,none,6,DDoS,all,n,416344.0
ffnn_naive,none,6,DDoS,all,n_benign,313491.0
ffnn_naive,none,6,DDoS,all,n_attack,102853.0
ffnn_naive,none,6,DDoS,all,accuracy,0.9106171819456989
ffnn_naive,none,6,DDoS,all,macro_f1,0.8618282953612959
ffnn_naive,none,6,DDoS,all,fpr,0.0007177239537977
ffnn_naive,none,6,DDoS,all,detection_rate,0.6403702371345512
ffnn_naive,none,6,DDoS,all,binary_f1,0.7797232186194079
gnn_replay,none,0,BruteForce,task0,n,138702.0
gnn_replay,none,0,BruteForce,task0,n_benign,137422.0
gnn_replay,none,0,BruteForce,task0,n_attack,1280.0
gnn_replay,none,0,BruteForce,task0,accuracy,0.999992790298626
gnn_replay,none,0,BruteForce,task0,macro_f1,0.999802944543727
gnn_replay,none,0,BruteForce,task0,fpr,7.27685523424197e-06
gnn_replay,none,0,BruteForce,task0,detection_rate,1.0
gnn_replay,none,0,BruteForce,task0,binary_f1,0.9996095275283092
gnn_replay,none,0,BruteForce,task0,category_recall,1.0
gnn_replay,none,0,BruteForce,task1,n,100000.0
gnn_replay,none,0,BruteForce,task1,n_benign,66394.0
gnn_replay,none,0,BruteForce,task1,n_attack,33606.0
gnn_replay,none,0,BruteForce,task1,accuracy,0.6629
gnn_replay,none,0,BruteForce,task1,macro_f1,0.3986409284984064
gnn_replay,none,0,BruteForce,task1,fpr,0.0015664066030062
gnn_replay,none,0,BruteForce,task1,detection_rate,0.0
gnn_replay,none,0,BruteForce,task1,binary_f1,0.0
gnn_replay,none,0,BruteForce,task1,category_recall,0.0
gnn_replay,none,0,BruteForce,task2,n,25000.0
gnn_replay,none,0,BruteForce,task2,n_benign,24976.0
gnn_replay,none,0,BruteForce,task2,n_attack,24.0
gnn_replay,none,0,BruteForce,task2,accuracy,0.999
gnn_replay,none,0,BruteForce,task2,macro_f1,0.6209619561031493
gnn_replay,none,0,BruteForce,task2,fpr,0.0002001921844971
gnn_replay,none,0,BruteForce,task2,detection_rate,0.1666666666666666
gnn_replay,none,0,BruteForce,task2,binary_f1,0.2424242424242424
gnn_replay,none,0,BruteForce,task2,category_recall,0.1666666666666666
gnn_replay,none,0,BruteForce,task3,n,45000.0
gnn_replay,none,0,BruteForce,task3,n_benign,28566.0
gnn_replay,none,0,BruteForce,task3,n_attack,16434.0
gnn_replay,none,0,BruteForce,task3,accuracy,0.6347777777777778
gnn_replay,none,0,BruteForce,task3,macro_f1,0.3882960647046829
gnn_replay,none,0,BruteForce,task3,fpr,3.500665126374011e-05
gnn_replay,none,0,BruteForce,task3,detection_rate,0.0
gnn_replay,none,0,BruteForce,task3,binary_f1,0.0
gnn_replay,none,0,BruteForce,task3,category_recall,0.0
gnn_replay,none,0,BruteForce,task4,n,27642.0
gnn_replay,none,0,BruteForce,task4,n_benign,27569.0
gnn_replay,none,0,BruteForce,task4,n_attack,73.0
gnn_replay,none,0,BruteForce,task4,accuracy,0.9973590912379712
gnn_replay,none,0,BruteForce,task4,macro_f1,0.4993388998569126
gnn_replay,none,0,BruteForce,task4,fpr,0.0
gnn_replay,none,0,BruteForce,task4,detection_rate,0.0
gnn_replay,none,0,BruteForce,task4,binary_f1,0.0
gnn_replay,none,0,BruteForce,task4,category_recall,0.0
gnn_replay,none,0,BruteForce,task5,n,55000.0
gnn_replay,none,0,BruteForce,task5,n_benign,25723.0
gnn_replay,none,0,BruteForce,task5,n_attack,29277.0
gnn_replay,none,0,BruteForce,task5,accuracy,0.4676909090909091
gnn_replay,none,0,BruteForce,task5,macro_f1,0.3186576316539276
gnn_replay,none,0,BruteForce,task5,fpr,0.0
gnn_replay,none,0,BruteForce,task5,detection_rate,0.0
gnn_replay,none,0,BruteForce,task5,binary_f1,0.0
gnn_replay,none,0,BruteForce,task5,category_recall,0.0
gnn_replay,none,0,BruteForce,task6,n,25000.0
gnn_replay,none,0,BruteForce,task6,n_benign,2841.0
gnn_replay,none,0,BruteForce,task6,n_attack,22159.0
gnn_replay,none,0,BruteForce,task6,accuracy,0.11364
gnn_replay,none,0,BruteForce,task6,macro_f1,0.1020437484285765
gnn_replay,none,0,BruteForce,task6,fpr,0.0
gnn_replay,none,0,BruteForce,task6,detection_rate,0.0
gnn_replay,none,0,BruteForce,task6,binary_f1,0.0
gnn_replay,none,0,BruteForce,task6,category_recall,0.0
gnn_replay,none,0,BruteForce,seen,n,138702.0
gnn_replay,none,0,BruteForce,seen,n_benign,137422.0
gnn_replay,none,0,BruteForce,seen,n_attack,1280.0
gnn_replay,none,0,BruteForce,seen,accuracy,0.999992790298626
gnn_replay,none,0,BruteForce,seen,macro_f1,0.999802944543727
gnn_replay,none,0,BruteForce,seen,fpr,7.27685523424197e-06
gnn_replay,none,0,BruteForce,seen,detection_rate,1.0
gnn_replay,none,0,BruteForce,seen,binary_f1,0.9996095275283092
gnn_replay,none,0,BruteForce,all,n,416344.0
gnn_replay,none,0,BruteForce,all,n_benign,313491.0
gnn_replay,none,0,BruteForce,all,n_attack,102853.0
gnn_replay,none,0,BruteForce,all,accuracy,0.7557788751609246
gnn_replay,none,0,BruteForce,all,macro_f1,0.4425238007923229
gnn_replay,none,0,BruteForce,all,fpr,0.0003540771505402
gnn_replay,none,0,BruteForce,all,detection_rate,0.0124838361545117
gnn_replay,none,0,BruteForce,all,binary_f1,0.02463356611158
gnn_replay,none,1,DoS,task0,n,138702.0
gnn_replay,none,1,DoS,task0,n_benign,137422.0
gnn_replay,none,1,DoS,task0,n_attack,1280.0
gnn_replay,none,1,DoS,task0,accuracy,0.9999855805972516
gnn_replay,none,1,DoS,task0,macro_f1,0.9996060414834552
gnn_replay,none,1,DoS,task0,fpr,1.455371046848394e-05
gnn_replay,none,1,DoS,task0,detection_rate,1.0
gnn_replay,none,1,DoS,task0,binary_f1,0.9992193598750976
gnn_replay,none,1,DoS,task0,category_recall,1.0
gnn_replay,none,1,DoS,task1,n,100000.0
gnn_replay,none,1,DoS,task1,n_benign,66394.0
gnn_replay,none,1,DoS,task1,n_attack,33606.0
gnn_replay,none,1,DoS,task1,accuracy,0.99729
gnn_replay,none,1,DoS,task1,macro_f1,0.9969640357130892
gnn_replay,none,1,DoS,task1,fpr,0.0021989938849896
gnn_replay,none,1,DoS,task1,detection_rate,0.9962804261143844
gnn_replay,none,1,DoS,task1,binary_f1,0.9959692412951971
gnn_replay,none,1,DoS,task1,category_recall,0.9962804261143844
gnn_replay,none,1,DoS,task2,n,25000.0
gnn_replay,none,1,DoS,task2,n_benign,24976.0
gnn_replay,none,1,DoS,task2,n_attack,24.0
gnn_replay,none,1,DoS,task2,accuracy,0.99904
gnn_replay,none,1,DoS,task2,macro_f1,0.8330929872349516
gnn_replay,none,1,DoS,task2,fpr,0.0009609224855861
gnn_replay,none,1,DoS,task2,detection_rate,1.0
gnn_replay,none,1,DoS,task2,binary_f1,0.6666666666666666
gnn_replay,none,1,DoS,task2,category_recall,1.0
gnn_replay,none,1,DoS,task3,n,45000.0
gnn_replay,none,1,DoS,task3,n_benign,28566.0
gnn_replay,none,1,DoS,task3,n_attack,16434.0
gnn_replay,none,1,DoS,task3,accuracy,0.6346444444444445
gnn_replay,none,1,DoS,task3,macro_f1,0.3882461697412961
gnn_replay,none,1,DoS,task3,fpr,0.0002450465588461
gnn_replay,none,1,DoS,task3,detection_rate,0.0
gnn_replay,none,1,DoS,task3,binary_f1,0.0
gnn_replay,none,1,DoS,task3,category_recall,0.0
gnn_replay,none,1,DoS,task4,n,27642.0
gnn_replay,none,1,DoS,task4,n_benign,27569.0
gnn_replay,none,1,DoS,task4,n_attack,73.0
gnn_replay,none,1,DoS,task4,accuracy,0.9973590912379712
gnn_replay,none,1,DoS,task4,macro_f1,0.4993388998569126
gnn_replay,none,1,DoS,task4,fpr,0.0
gnn_replay,none,1,DoS,task4,detection_rate,0.0
gnn_replay,none,1,DoS,task4,binary_f1,0.0
gnn_replay,none,1,DoS,task4,category_recall,0.0
gnn_replay,none,1,DoS,task5,n,55000.0
gnn_replay,none,1,DoS,task5,n_benign,25723.0
gnn_replay,none,1,DoS,task5,n_attack,29277.0
gnn_replay,none,1,DoS,task5,accuracy,0.4676909090909091
gnn_replay,none,1,DoS,task5,macro_f1,0.3186576316539276
gnn_replay,none,1,DoS,task5,fpr,0.0
gnn_replay,none,1,DoS,task5,detection_rate,0.0
gnn_replay,none,1,DoS,task5,binary_f1,0.0
gnn_replay,none,1,DoS,task5,category_recall,0.0
gnn_replay,none,1,DoS,task6,n,25000.0
gnn_replay,none,1,DoS,task6,n_benign,2841.0
gnn_replay,none,1,DoS,task6,n_attack,22159.0
gnn_replay,none,1,DoS,task6,accuracy,1.0
gnn_replay,none,1,DoS,task6,macro_f1,1.0
gnn_replay,none,1,DoS,task6,fpr,0.0
gnn_replay,none,1,DoS,task6,detection_rate,1.0
gnn_replay,none,1,DoS,task6,binary_f1,1.0
gnn_replay,none,1,DoS,task6,category_recall,1.0
gnn_replay,none,1,DoS,seen,n,238702.0
gnn_replay,none,1,DoS,seen,n_benign,203816.0
gnn_replay,none,1,DoS,seen,n_attack,34886.0
gnn_replay,none,1,DoS,seen,accuracy,0.998856314567955
gnn_replay,none,1,DoS,seen,macro_f1,0.9977093927624012
gnn_replay,none,1,DoS,seen,fpr,0.0007261451505279
gnn_replay,none,1,DoS,seen,detection_rate,0.9964169007624836
gnn_replay,none,1,DoS,seen,binary_f1,0.9960885450247152
gnn_replay,none,1,DoS,all,n,416344.0
gnn_replay,none,1,DoS,all,n_benign,313491.0
gnn_replay,none,1,DoS,all,n_attack,102853.0
gnn_replay,none,1,DoS,all,accuracy,0.8893030763022884
gnn_replay,none,1,DoS,all,macro_f1,0.8216980207248239
gnn_replay,none,1,DoS,all,fpr,0.000570989278799
gnn_replay,none,1,DoS,all,detection_rate,0.5536445217932389
gnn_replay,none,1,DoS,all,binary_f1,0.7119067860179027
gnn_replay,none,2,WebAttack,task0,n,138702.0
gnn_replay,none,2,WebAttack,task0,n_benign,137422.0
gnn_replay,none,2,WebAttack,task0,n_attack,1280.0
gnn_replay,none,2,WebAttack,task0,accuracy,0.9990699485227322
gnn_replay,none,2,WebAttack,task0,macro_f1,0.9757785990954336
gnn_replay,none,2,WebAttack,task0,fpr,0.0009387143252172
gnn_replay,none,2,WebAttack,task0,detection_rate,1.0
gnn_replay,none,2,WebAttack,task0,binary_f1,0.952026775753068
gnn_replay,none,2,WebAttack,task0,category_recall,1.0
gnn_replay,none,2,WebAttack,task1,n,100000.0
gnn_replay,none,2,WebAttack,task1,n_benign,66394.0
gnn_replay,none,2,WebAttack,task1,n_attack,33606.0
gnn_replay,none,2,WebAttack,task1,accuracy,0.9953
gnn_replay,none,2,WebAttack,task1,macro_f1,0.9947344811810636
gnn_replay,none,2,WebAttack,task1,fpr,0.003659969274332
gnn_replay,none,2,WebAttack,task1,detection_rate,0.993245253823722
gnn_replay,none,2,WebAttack,task1,binary_f1,0.9930088653537216
gnn_replay,none,2,WebAttack,task1,category_recall,0.993245253823722
gnn_replay,none,2,WebAttack,task2,n,25000.0
gnn_replay,none,2,WebAttack,task2,n_benign,24976.0
gnn_replay,none,2,WebAttack,task2,n_attack,24.0
gnn_replay,none,2,WebAttack,task2,accuracy,0.99924
gnn_replay,none,2,WebAttack,task2,macro_f1,0.8580187002822588
gnn_replay,none,2,WebAttack,task2,fpr,0.000760730301089
gnn_replay,none,2,WebAttack,task2,detection_rate,1.0
gnn_replay,none,2,WebAttack,task2,binary_f1,0.7164179104477612
gnn_replay,none,2,WebAttack,task2,category_recall,1.0
gnn_replay,none,2,WebAttack,task3,n,45000.0
gnn_replay,none,2,WebAttack,task3,n_benign,28566.0
gnn_replay,none,2,WebAttack,task3,n_attack,16434.0
gnn_replay,none,2,WebAttack,task3,accuracy,0.6347333333333334
gnn_replay,none,2,WebAttack,task3,macro_f1,0.3882794339545695
gnn_replay,none,2,WebAttack,task3,fpr,0.0001050199537912
gnn_replay,none,2,WebAttack,task3,detection_rate,0.0
gnn_replay,none,2,WebAttack,task3,binary_f1,0.0
gnn_replay,none,2,WebAttack,task3,category_recall,0.0
gnn_replay,none,2,WebAttack,task4,n,27642.0
gnn_replay,none,2,WebAttack,task4,n_benign,27569.0
gnn_replay,none,2,WebAttack,task4,n_attack,73.0
gnn_replay,none,2,WebAttack,task4,accuracy,0.9973229144056146
gnn_replay,none,2,WebAttack,task4,macro_f1,0.499329831552255
gnn_replay,none,2,WebAttack,task4,fpr,3.627262504987486e-05
gnn_replay,none,2,WebAttack,task4,detection_rate,0.0
gnn_replay,none,2,WebAttack,task4,binary_f1,0.0
gnn_replay,none,2,WebAttack,task4,category_recall,0.0
gnn_replay,none,2,WebAttack,task5,n,55000.0
gnn_replay,none,2,WebAttack,task5,n_benign,25723.0
gnn_replay,none,2,WebAttack,task5,n_attack,29277.0
gnn_replay,none,2,WebAttack,task5,accuracy,0.4676909090909091
gnn_replay,none,2,WebAttack,task5,macro_f1,0.3186576316539276
gnn_replay,none,2,WebAttack,task5,fpr,0.0
gnn_replay,none,2,WebAttack,task5,detection_rate,0.0
gnn_replay,none,2,WebAttack,task5,binary_f1,0.0
gnn_replay,none,2,WebAttack,task5,category_recall,0.0
gnn_replay,none,2,WebAttack,task6,n,25000.0
gnn_replay,none,2,WebAttack,task6,n_benign,2841.0
gnn_replay,none,2,WebAttack,task6,n_attack,22159.0
gnn_replay,none,2,WebAttack,task6,accuracy,1.0
gnn_replay,none,2,WebAttack,task6,macro_f1,1.0
gnn_replay,none,2,WebAttack,task6,fpr,0.0
gnn_replay,none,2,WebAttack,task6,detection_rate,1.0
gnn_replay,none,2,WebAttack,task6,binary_f1,1.0
gnn_replay,none,2,WebAttack,task6,category_recall,1.0
gnn_replay,none,2,WebAttack,seen,n,263702.0
gnn_replay,none,2,WebAttack,seen,n_benign,228792.0
gnn_replay,none,2,WebAttack,seen,n_attack,34910.0
gnn_replay,none,2,WebAttack,seen,accuracy,0.9976564455332156
gnn_replay,none,2,WebAttack,seen,macro_f1,0.9949091771142724
gnn_replay,none,2,WebAttack,seen,fpr,0.001708975838316
gnn_replay,none,2,WebAttack,seen,detection_rate,0.9934975651675738
gnn_replay,none,2,WebAttack,seen,binary_f1,0.9911694101508915
gnn_replay,none,2,WebAttack,all,n,416344.0
gnn_replay,none,2,WebAttack,all,n_benign,313491.0
gnn_replay,none,2,WebAttack,all,n_attack,102853.0
gnn_replay,none,2,WebAttack,all,accuracy,0.8885392848221663
gnn_replay,none,2,WebAttack,all,macro_f1,0.8205652021132702
gnn_replay,none,2,WebAttack,all,fpr,0.0012600042744448
gnn_replay,none,2,WebAttack,all,detection_rate,0.5526528151828337
gnn_replay,none,2,WebAttack,all,binary_f1,0.7101255543756637
gnn_replay,none,3,Infiltration,task0,n,138702.0
gnn_replay,none,3,Infiltration,task0,n_benign,137422.0
gnn_replay,none,3,Infiltration,task0,n_attack,1280.0
gnn_replay,none,3,Infiltration,task0,accuracy,0.9999855805972516
gnn_replay,none,3,Infiltration,task0,macro_f1,0.9996060414834552
gnn_replay,none,3,Infiltration,task0,fpr,1.455371046848394e-05
gnn_replay,none,3,Infiltration,task0,detection_rate,1.0
gnn_replay,none,3,Infiltration,task0,binary_f1,0.9992193598750976
gnn_replay,none,3,Infiltration,task0,category_recall,1.0
gnn_replay,none,3,Infiltration,task1,n,100000.0
gnn_replay,none,3,Infiltration,task1,n_benign,66394.0
gnn_replay,none,3,Infiltration,task1,n_attack,33606.0
gnn_replay,none,3,Infiltration,task1,accuracy,0.99716
gnn_replay,none,3,Infiltration,task1,macro_f1,0.9968243673538746
gnn_replay,none,3,Infiltration,task1,fpr,0.0042323101485073
gnn_replay,none,3,Infiltration,task1,detection_rate,0.9999107302267451
gnn_replay,none,3,Infiltration,task1,binary_f1,0.9957919691806192
gnn_replay,none,3,Infiltration,task1,category_recall,0.9999107302267451
gnn_replay,none,3,Infiltration,task2,n,25000.0
gnn_replay,none,3,Infiltration,task2,n_benign,24976.0
gnn_replay,none,3,Infiltration,task2,n_attack,24.0
gnn_replay,none,3,Infiltration,task2,accuracy,0.99964
gnn_replay,none,3,Infiltration,task2,macro_f1,0.9180917190727982
gnn_replay,none,3,Infiltration,task2,fpr,0.0003203074951953
gnn_replay,none,3,Infiltration,task2,detection_rate,0.9583333333333334
gnn_replay,none,3,Infiltration,task2,binary_f1,0.8363636363636363
gnn_replay,none,3,Infiltration,task2,category_recall,0.9583333333333334
gnn_replay,none,3,Infiltration,task3,n,45000.0
gnn_replay,none,3,Infiltration,task3,n_benign,28566.0
gnn_replay,none,3,Infiltration,task3,n_attack,16434.0
gnn_replay,none,3,Infiltration,task3,accuracy,0.9725555555555556
gnn_replay,none,3,Infiltration,task3,macro_f1,0.9699257071781636
gnn_replay,none,3,Infiltration,task3,fpr,0.0010501995379122
gnn_replay,none,3,Infiltration,task3,detection_rate,0.926676402580017
gnn_replay,none,3,Infiltration,task3,binary_f1,0.9610324046319376
gnn_replay,none,3,Infiltration,task3,category_recall,0.926676402580017
gnn_replay,none,3,Infiltration,task4,n,27642.0
gnn_replay,none,3,Infiltration,task4,n_benign,27569.0
gnn_replay,none,3,Infiltration,task4,n_attack,73.0
gnn_replay,none,3,Infiltration,task4,accuracy,0.9973590912379712
gnn_replay,none,3,Infiltration,task4,macro_f1,0.4993388998569126
gnn_replay,none,3,Infiltration,task4,fpr,0.0
gnn_replay,none,3,Infiltration,task4,detection_rate,0.0
gnn_replay,none,3,Infiltration,task4,binary_f1,0.0
gnn_replay,none,3,Infiltration,task4,category_recall,0.0
gnn_replay,none,3,Infiltration,task5,n,55000.0
gnn_replay,none,3,Infiltration,task5,n_benign,25723.0
gnn_replay,none,3,Infiltration,task5,n_attack,29277.0
gnn_replay,none,3,Infiltration,task5,accuracy,0.9997818181818182
gnn_replay,none,3,Infiltration,task5,macro_f1,0.9997808971272296
gnn_replay,none,3,Infiltration,task5,fpr,0.000466508572095
gnn_replay,none,3,Infiltration,task5,detection_rate,1.0
gnn_replay,none,3,Infiltration,task5,binary_f1,0.9997951029607622
gnn_replay,none,3,Infiltration,task5,category_recall,1.0
gnn_replay,none,3,Infiltration,task6,n,25000.0
gnn_replay,none,3,Infiltration,task6,n_benign,2841.0
gnn_replay,none,3,Infiltration,task6,n_attack,22159.0
gnn_replay,none,3,Infiltration,task6,accuracy,0.99888
gnn_replay,none,3,Infiltration,task6,macro_f1,0.9972081776274172
gnn_replay,none,3,Infiltration,task6,fpr,0.0098556846180922
gnn_replay,none,3,Infiltration,task6,detection_rate,1.0
gnn_replay,none,3,Infiltration,task6,binary_f1,0.9993686014522166
gnn_replay,none,3,Infiltration,task6,category_recall,1.0
gnn_replay,none,3,Infiltration,seen,n,308702.0
gnn_replay,none,3,Infiltration,seen,n_benign,257358.0
gnn_replay,none,3,Infiltration,seen,n_attack,51344.0
gnn_replay,none,3,Infiltration,seen,accuracy,0.9950437638887988
gnn_replay,none,3,Infiltration,seen,macro_f1,0.991001568435373
gnn_replay,none,3,Infiltration,seen,fpr,0.0012472897675611
gnn_replay,none,3,Infiltration,seen,detection_rate,0.97645294484263
gnn_replay,none,3,Infiltration,seen,binary_f1,0.9849705304518664
gnn_replay,none,3,Infiltration,all,n,416344.0
gnn_replay,none,3,Infiltration,all,n_benign,313491.0
gnn_replay,none,3,Infiltration,all,n_attack,102853.0
gnn_replay,none,3,Infiltration,all,accuracy,0.9960537440193686
gnn_replay,none,3,Infiltration,all,macro_f1,0.9946801526175753
gnn_replay,none,3,Infiltration,all,fpr,0.0011515482103154
gnn_replay,none,3,Infiltration,all,detection_rate,0.9875356090731432
gnn_replay,none,3,Infiltration,all,binary_f1,0.9919769514368728
gnn_replay,none,4,Botnet,task0,n,138702.0
gnn_replay,none,4,Botnet,task0,n_benign,137422.0
gnn_replay,none,4,Botnet,task0,n_attack,1280.0
gnn_replay,none,4,Botnet,task0,accuracy,0.9991276261337256
gnn_replay,none,4,Botnet,task0,macro_f1,0.9772135715372496
gnn_replay,none,4,Botnet,task0,fpr,0.0008804994833432
gnn_replay,none,4,Botnet,task0,detection_rate,1.0
gnn_replay,none,4,Botnet,task0,binary_f1,0.9548675867213726
gnn_replay,none,4,Botnet,task0,category_recall,1.0
gnn_replay,none,4,Botnet,task1,n,100000.0
gnn_replay,none,4,Botnet,task1,n_benign,66394.0
gnn_replay,none,4,Botnet,task1,n_attack,33606.0
gnn_replay,none,4,Botnet,task1,accuracy,0.99607
gnn_replay,none,4,Botnet,task1,macro_f1,0.9956091516586594
gnn_replay,none,4,Botnet,task1,fpr,0.0059041479651775
gnn_replay,none,4,Botnet,task1,detection_rate,0.999970243408915
gnn_replay,none,4,Botnet,task1,binary_f1,0.9941866485215152
gnn_replay,none,4,Botnet,task1,category_recall,0.999970243408915
gnn_replay,none,4,Botnet,task2,n,25000.0
gnn_replay,none,4,Botnet,task2,n_benign,24976.0
gnn_replay,none,4,Botnet,task2,n_attack,24.0
gnn_replay,none,4,Botnet,task2,accuracy,0.99892
gnn_replay,none,4,Botnet,task2,macro_f1,0.8147980983743114
gnn_replay,none,4,Botnet,task2,fpr,0.001040999359385
gnn_replay,none,4,Botnet,task2,detection_rate,0.9583333333333334
gnn_replay,none,4,Botnet,task2,binary_f1,0.6301369863013698
gnn_replay,none,4,Botnet,task2,category_recall,0.9583333333333334
gnn_replay,none,4,Botnet,task3,n,45000.0
gnn_replay,none,4,Botnet,task3,n_benign,28566.0
gnn_replay,none,4,Botnet,task3,n_attack,16434.0
gnn_replay,none,4,Botnet,task3,accuracy,0.9981333333333332
gnn_replay,none,4,Botnet,task3,macro_f1,0.9979884221625992
gnn_replay,none,4,Botnet,task3,fpr,0.002415458937198
gnn_replay,none,4,Botnet,task3,detection_rate,0.9990872581234028
gnn_replay,none,4,Botnet,task3,binary_f1,0.9974485146710408
gnn_replay,none,4,Botnet,task3,category_recall,0.9990872581234028
gnn_replay,none,4,Botnet,task4,n,27642.0
gnn_replay,none,4,Botnet,task4,n_benign,27569.0
gnn_replay,none,4,Botnet,task4,n_attack,73.0
gnn_replay,none,4,Botnet,task4,accuracy,0.9991317560234426
gnn_replay,none,4,Botnet,task4,macro_f1,0.9030082575030997
gnn_replay,none,4,Botnet,task4,fpr,3.627262504987486e-05
gnn_replay,none,4,Botnet,task4,detection_rate,0.684931506849315
gnn_replay,none,4,Botnet,task4,binary_f1,0.8064516129032258
gnn_replay,none,4,Botnet,task4,category_recall,0.684931506849315
gnn_replay,none,4,Botnet,task5,n,55000.0
gnn_replay,none,4,Botnet,task5,n_benign,25723.0
gnn_replay,none,4,Botnet,task5,n_attack,29277.0
gnn_replay,none,4,Botnet,task5,accuracy,0.9997818181818182
gnn_replay,none,4,Botnet,task5,macro_f1,0.9997808971272296
gnn_replay,none,4,Botnet,task5,fpr,0.000466508572095
gnn_replay,none,4,Botnet,task5,detection_rate,1.0
gnn_replay,none,4,Botnet,task5,binary_f1,0.9997951029607622
gnn_replay,none,4,Botnet,task5,category_recall,1.0
gnn_replay,none,4,Botnet,task6,n,25000.0
gnn_replay,none,4,Botnet,task6,n_benign,2841.0
gnn_replay,none,4,Botnet,task6,n_attack,22159.0
gnn_replay,none,4,Botnet,task6,accuracy,0.99988
gnn_replay,none,4,Botnet,task6,macro_f1,0.9997020249893048
gnn_replay,none,4,Botnet,task6,fpr,0.0010559662090813
gnn_replay,none,4,Botnet,task6,detection_rate,1.0
gnn_replay,none,4,Botnet,task6,binary_f1,0.9999323119965704
gnn_replay,none,4,Botnet,task6,category_recall,1.0
gnn_replay,none,4,Botnet,seen,n,336344.0
gnn_replay,none,4,Botnet,seen,n_benign,284927.0
gnn_replay,none,4,Botnet,seen,n_attack,51417.0
gnn_replay,none,4,Botnet,seen,accuracy,0.99807042789525
gnn_replay,none,4,Botnet,seen,macro_f1,0.9962917799158976
gnn_replay,none,4,Botnet,seen,fpr,0.0021373895769793
gnn_replay,none,4,Botnet,seen,detection_rate,0.9992220471828384
gnn_replay,none,4,Botnet,seen,binary_f1,0.9937235863562952
gnn_replay,none,4,Botnet,all,n,416344.0
gnn_replay,none,4,Botnet,all,n_benign,313491.0
gnn_replay,none,4,Botnet,all,n_attack,102853.0
gnn_replay,none,4,Botnet,all,accuracy,0.9984051649597449
gnn_replay,none,4,Botnet,all,macro_f1,0.9978606006897772
gnn_replay,none,4,Botnet,all,fpr,0.001990487765199
gnn_replay,none,4,Botnet,all,detection_rate,0.9996110954469
gnn_replay,none,4,Botnet,all,binary_f1,0.9967812303068496
gnn_replay,none,5,PortScan,task0,n,138702.0
gnn_replay,none,5,PortScan,task0,n_benign,137422.0
gnn_replay,none,5,PortScan,task0,n_attack,1280.0
gnn_replay,none,5,PortScan,task0,accuracy,0.9999783708958776
gnn_replay,none,5,PortScan,task0,macro_f1,0.999409290640789
gnn_replay,none,5,PortScan,task0,fpr,2.183056570272591e-05
gnn_replay,none,5,PortScan,task0,detection_rate,1.0
gnn_replay,none,5,PortScan,task0,binary_f1,0.998829496683574
gnn_replay,none,5,PortScan,task0,category_recall,1.0
gnn_replay,none,5,PortScan,task1,n,100000.0
gnn_replay,none,5,PortScan,task1,n_benign,66394.0
gnn_replay,none,5,PortScan,task1,n_attack,33606.0
gnn_replay,none,5,PortScan,task1,accuracy,0.99641
gnn_replay,none,5,PortScan,task1,macro_f1,0.9959880334947648
gnn_replay,none,5,PortScan,task1,fpr,0.0053920534988101
gnn_replay,none,5,PortScan,task1,detection_rate,0.999970243408915
gnn_replay,none,5,PortScan,task1,binary_f1,0.994686912637452
gnn_replay,none,5,PortScan,task1,category_recall,0.999970243408915
gnn_replay,none,5,PortScan,task2,n,25000.0
gnn_replay,none,5,PortScan,task2,n_benign,24976.0
gnn_replay,none,5,PortScan,task2,n_attack,24.0
gnn_replay,none,5,PortScan,task2,accuracy,0.9996
gnn_replay,none,5,PortScan,task2,macro_f1,0.910614173588705
gnn_replay,none,5,PortScan,task2,fpr,0.0003603459320948
gnn_replay,none,5,PortScan,task2,detection_rate,0.9583333333333334
gnn_replay,none,5,PortScan,task2,binary_f1,0.8214285714285714
gnn_replay,none,5,PortScan,task2,category_recall,0.9583333333333334
gnn_replay,none,5,PortScan,task3,n,45000.0
gnn_replay,none,5,PortScan,task3,n_benign,28566.0
gnn_replay,none,5,PortScan,task3,n_attack,16434.0
gnn_replay,none,5,PortScan,task3,accuracy,0.9984222222222222
gnn_replay,none,5,PortScan,task3,macro_f1,0.9982985760366414
gnn_replay,none,5,PortScan,task3,fpr,0.0012602394454946
gnn_replay,none,5,PortScan,task3,detection_rate,0.9978702689546064
gnn_replay,none,5,PortScan,task3,binary_f1,0.9978399099455414
gnn_replay,none,5,PortScan,task3,category_recall,0.9978702689546064
gnn_replay,none,5,PortScan,task4,n,27642.0
gnn_replay,none,5,PortScan,task4,n_benign,27569.0
gnn_replay,none,5,PortScan,task4,n_attack,73.0
gnn_replay,none,5,PortScan,task4,accuracy,0.999746762173504
gnn_replay,none,5,PortScan,task4,macro_f1,0.9747566748487146
gnn_replay,none,5,PortScan,task4,fpr,0.0
gnn_replay,none,5,PortScan,task4,detection_rate,0.9041095890410958
gnn_replay,none,5,PortScan,task4,binary_f1,0.9496402877697842
gnn_replay,none,5,PortScan,task4,category_recall,0.9041095890410958
gnn_replay,none,5,PortScan,task5,n,55000.0
gnn_replay,none,5,PortScan,task5,n_benign,25723.0
gnn_replay,none,5,PortScan,task5,n_attack,29277.0
gnn_replay,none,5,PortScan,task5,accuracy,0.9999818181818182
gnn_replay,none,5,PortScan,task5,macro_f1,0.99998174190205
gnn_replay,none,5,PortScan,task5,fpr,3.8875714341251024e-05
gnn_replay,none,5,PortScan,task5,detection_rate,1.0
gnn_replay,none,5,PortScan,task5,binary_f1,0.9999829220391084
gnn_replay,none,5,PortScan,task5,category_recall,1.0
gnn_replay,none,5,PortScan,task6,n,25000.0
gnn_replay,none,5,PortScan,task6,n_benign,2841.0
gnn_replay,none,5,PortScan,task6,n_attack,22159.0
gnn_replay,none,5,PortScan,task6,accuracy,0.99992
gnn_replay,none,5,PortScan,task6,macro_f1,0.9998013804850764
gnn_replay,none,5,PortScan,task6,fpr,0.0007039774727208
gnn_replay,none,5,PortScan,task6,detection_rate,1.0
gnn_replay,none,5,PortScan,task6,binary_f1,0.9999548736462094
gnn_replay,none,5,PortScan,task6,category_recall,1.0
gnn_replay,none,5,PortScan,seen,n,391344.0
gnn_replay,none,5,PortScan,seen,n_benign,310650.0
gnn_replay,none,5,PortScan,seen,n_attack,80694.0
gnn_replay,none,5,PortScan,seen,accuracy,0.998847561224907
gnn_replay,none,5,PortScan,seen,macro_f1,0.9982427210442114
gnn_replay,none,5,PortScan,seen,fpr,0.0013101561242555
gnn_replay,none,5,PortScan,seen,detection_rate,0.9994547302153816
gnn_replay,none,5,PortScan,seen,binary_f1,0.9972117637603476
gnn_replay,none,5,PortScan,all,n,416344.0
gnn_replay,none,5,PortScan,all,n_benign,313491.0
gnn_replay,none,5,PortScan,all,n_attack,102853.0
gnn_replay,none,5,PortScan,all,accuracy,0.998911957419826
gnn_replay,none,5,PortScan,all,macro_f1,0.9985393994470066
gnn_replay,none,5,PortScan,all,fpr,0.0013046626537922
gnn_replay,none,5,PortScan,all,detection_rate,0.99957220499159
gnn_replay,none,5,PortScan,all,binary_f1,0.997801728530458
gnn_replay,none,6,DDoS,task0,n,138702.0
gnn_replay,none,6,DDoS,task0,n_benign,137422.0
gnn_replay,none,6,DDoS,task0,n_attack,1280.0
gnn_replay,none,6,DDoS,task0,accuracy,0.9999855805972516
gnn_replay,none,6,DDoS,task0,macro_f1,0.9996060414834552
gnn_replay,none,6,DDoS,task0,fpr,1.455371046848394e-05
gnn_replay,none,6,DDoS,task0,detection_rate,1.0
gnn_replay,none,6,DDoS,task0,binary_f1,0.9992193598750976
gnn_replay,none,6,DDoS,task0,category_recall,1.0
gnn_replay,none,6,DDoS,task1,n,100000.0
gnn_replay,none,6,DDoS,task1,n_benign,66394.0
gnn_replay,none,6,DDoS,task1,n_attack,33606.0
gnn_replay,none,6,DDoS,task1,accuracy,0.99645
gnn_replay,none,6,DDoS,task1,macro_f1,0.9960326200327804
gnn_replay,none,6,DDoS,task1,fpr,0.0053318070910021
gnn_replay,none,6,DDoS,task1,detection_rate,0.999970243408915
gnn_replay,none,6,DDoS,task1,binary_f1,0.9947458003404128
gnn_replay,none,6,DDoS,task1,category_recall,0.999970243408915
gnn_replay,none,6,DDoS,task2,n,25000.0
gnn_replay,none,6,DDoS,task2,n_benign,24976.0
gnn_replay,none,6,DDoS,task2,n_attack,24.0
gnn_replay,none,6,DDoS,task2,accuracy,0.9996
gnn_replay,none,6,DDoS,task2,macro_f1,0.910614173588705
gnn_replay,none,6,DDoS,task2,fpr,0.0003603459320948
gnn_replay,none,6,DDoS,task2,detection_rate,0.9583333333333334
gnn_replay,none,6,DDoS,task2,binary_f1,0.8214285714285714
gnn_replay,none,6,DDoS,task2,category_recall,0.9583333333333334
gnn_replay,none,6,DDoS,task3,n,45000.0
gnn_replay,none,6,DDoS,task3,n_benign,28566.0
gnn_replay,none,6,DDoS,task3,n_attack,16434.0
gnn_replay,none,6,DDoS,task3,accuracy,0.9984666666666666
gnn_replay,none,6,DDoS,task3,macro_f1,0.9983464179998872
gnn_replay,none,6,DDoS,task3,fpr,0.0011552194917034
gnn_replay,none,6,DDoS,task3,detection_rate,0.9978094194961664
gnn_replay,none,6,DDoS,task3,binary_f1,0.9979005020538568
gnn_replay,none,6,DDoS,task3,category_recall,0.9978094194961664
gnn_replay,none,6,DDoS,task4,n,27642.0
gnn_replay,none,6,DDoS,task4,n_benign,27569.0
gnn_replay,none,6,DDoS,task4,n_attack,73.0
gnn_replay,none,6,DDoS,task4,accuracy,0.999746762173504
gnn_replay,none,6,DDoS,task4,macro_f1,0.9747566748487146
gnn_replay,none,6,DDoS,task4,fpr,0.0
gnn_replay,none,6,DDoS,task4,detection_rate,0.9041095890410958
gnn_replay,none,6,DDoS,task4,binary_f1,0.9496402877697842
gnn_replay,none,6,DDoS,task4,category_recall,0.9041095890410958
gnn_replay,none,6,DDoS,task5,n,55000.0
gnn_replay,none,6,DDoS,task5,n_benign,25723.0
gnn_replay,none,6,DDoS,task5,n_attack,29277.0
gnn_replay,none,6,DDoS,task5,accuracy,0.9999818181818182
gnn_replay,none,6,DDoS,task5,macro_f1,0.99998174190205
gnn_replay,none,6,DDoS,task5,fpr,3.8875714341251024e-05
gnn_replay,none,6,DDoS,task5,detection_rate,1.0
gnn_replay,none,6,DDoS,task5,binary_f1,0.9999829220391084
gnn_replay,none,6,DDoS,task5,category_recall,1.0
gnn_replay,none,6,DDoS,task6,n,25000.0
gnn_replay,none,6,DDoS,task6,n_benign,2841.0
gnn_replay,none,6,DDoS,task6,n_attack,22159.0
gnn_replay,none,6,DDoS,task6,accuracy,0.99992
gnn_replay,none,6,DDoS,task6,macro_f1,0.9998013804850764
gnn_replay,none,6,DDoS,task6,fpr,0.0007039774727208
gnn_replay,none,6,DDoS,task6,detection_rate,1.0
gnn_replay,none,6,DDoS,task6,binary_f1,0.9999548736462094
gnn_replay,none,6,DDoS,task6,category_recall,1.0
gnn_replay,none,6,DDoS,seen,n,416344.0
gnn_replay,none,6,DDoS,seen,n_benign,313491.0
gnn_replay,none,6,DDoS,seen,n_attack,102853.0
gnn_replay,none,6,DDoS,seen,accuracy,0.9989287704398286
gnn_replay,none,6,DDoS,seen,macro_f1,0.998561927280611
gnn_replay,none,6,DDoS,seen,fpr,0.0012791435798794
gnn_replay,none,6,DDoS,seen,detection_rate,0.9995624823777624
gnn_replay,none,6,DDoS,seen,binary_f1,0.997835602876804
gnn_replay,none,6,DDoS,all,n,416344.0
gnn_replay,none,6,DDoS,all,n_benign,313491.0
gnn_replay,none,6,DDoS,all,n_attack,102853.0
gnn_replay,none,6,DDoS,all,accuracy,0.9989287704398286
gnn_replay,none,6,DDoS,all,macro_f1,0.998561927280611
gnn_replay,none,6,DDoS,all,fpr,0.0012791435798794
gnn_replay,none,6,DDoS,all,detection_rate,0.9995624823777624
gnn_replay,none,6,DDoS,all,binary_f1,0.997835602876804
gnn_joint,none,0,BruteForce,task0,n,138702.0
gnn_joint,none,0,BruteForce,task0,n_benign,137422.0
gnn_joint,none,0,BruteForce,task0,n_attack,1280.0
gnn_joint,none,0,BruteForce,task0,accuracy,0.999992790298626
gnn_joint,none,0,BruteForce,task0,macro_f1,0.999802944543727
gnn_joint,none,0,BruteForce,task0,fpr,7.27685523424197e-06
gnn_joint,none,0,BruteForce,task0,detection_rate,1.0
gnn_joint,none,0,BruteForce,task0,binary_f1,0.9996095275283092
gnn_joint,none,0,BruteForce,task0,category_recall,1.0
gnn_joint,none,0,BruteForce,task1,n,100000.0
gnn_joint,none,0,BruteForce,task1,n_benign,66394.0
gnn_joint,none,0,BruteForce,task1,n_attack,33606.0
gnn_joint,none,0,BruteForce,task1,accuracy,0.6629
gnn_joint,none,0,BruteForce,task1,macro_f1,0.3986409284984064
gnn_joint,none,0,BruteForce,task1,fpr,0.0015664066030062
gnn_joint,none,0,BruteForce,task1,detection_rate,0.0
gnn_joint,none,0,BruteForce,task1,binary_f1,0.0
gnn_joint,none,0,BruteForce,task1,category_recall,0.0
gnn_joint,none,0,BruteForce,task2,n,25000.0
gnn_joint,none,0,BruteForce,task2,n_benign,24976.0
gnn_joint,none,0,BruteForce,task2,n_attack,24.0
gnn_joint,none,0,BruteForce,task2,accuracy,0.999
gnn_joint,none,0,BruteForce,task2,macro_f1,0.6209619561031493
gnn_joint,none,0,BruteForce,task2,fpr,0.0002001921844971
gnn_joint,none,0,BruteForce,task2,detection_rate,0.1666666666666666
gnn_joint,none,0,BruteForce,task2,binary_f1,0.2424242424242424
gnn_joint,none,0,BruteForce,task2,category_recall,0.1666666666666666
gnn_joint,none,0,BruteForce,task3,n,45000.0
gnn_joint,none,0,BruteForce,task3,n_benign,28566.0
gnn_joint,none,0,BruteForce,task3,n_attack,16434.0
gnn_joint,none,0,BruteForce,task3,accuracy,0.6347777777777778
gnn_joint,none,0,BruteForce,task3,macro_f1,0.3882960647046829
gnn_joint,none,0,BruteForce,task3,fpr,3.500665126374011e-05
gnn_joint,none,0,BruteForce,task3,detection_rate,0.0
gnn_joint,none,0,BruteForce,task3,binary_f1,0.0
gnn_joint,none,0,BruteForce,task3,category_recall,0.0
gnn_joint,none,0,BruteForce,task4,n,27642.0
gnn_joint,none,0,BruteForce,task4,n_benign,27569.0
gnn_joint,none,0,BruteForce,task4,n_attack,73.0
gnn_joint,none,0,BruteForce,task4,accuracy,0.9973590912379712
gnn_joint,none,0,BruteForce,task4,macro_f1,0.4993388998569126
gnn_joint,none,0,BruteForce,task4,fpr,0.0
gnn_joint,none,0,BruteForce,task4,detection_rate,0.0
gnn_joint,none,0,BruteForce,task4,binary_f1,0.0
gnn_joint,none,0,BruteForce,task4,category_recall,0.0
gnn_joint,none,0,BruteForce,task5,n,55000.0
gnn_joint,none,0,BruteForce,task5,n_benign,25723.0
gnn_joint,none,0,BruteForce,task5,n_attack,29277.0
gnn_joint,none,0,BruteForce,task5,accuracy,0.4676909090909091
gnn_joint,none,0,BruteForce,task5,macro_f1,0.3186576316539276
gnn_joint,none,0,BruteForce,task5,fpr,0.0
gnn_joint,none,0,BruteForce,task5,detection_rate,0.0
gnn_joint,none,0,BruteForce,task5,binary_f1,0.0
gnn_joint,none,0,BruteForce,task5,category_recall,0.0
gnn_joint,none,0,BruteForce,task6,n,25000.0
gnn_joint,none,0,BruteForce,task6,n_benign,2841.0
gnn_joint,none,0,BruteForce,task6,n_attack,22159.0
gnn_joint,none,0,BruteForce,task6,accuracy,0.11364
gnn_joint,none,0,BruteForce,task6,macro_f1,0.1020437484285765
gnn_joint,none,0,BruteForce,task6,fpr,0.0
gnn_joint,none,0,BruteForce,task6,detection_rate,0.0
gnn_joint,none,0,BruteForce,task6,binary_f1,0.0
gnn_joint,none,0,BruteForce,task6,category_recall,0.0
gnn_joint,none,0,BruteForce,seen,n,138702.0
gnn_joint,none,0,BruteForce,seen,n_benign,137422.0
gnn_joint,none,0,BruteForce,seen,n_attack,1280.0
gnn_joint,none,0,BruteForce,seen,accuracy,0.999992790298626
gnn_joint,none,0,BruteForce,seen,macro_f1,0.999802944543727
gnn_joint,none,0,BruteForce,seen,fpr,7.27685523424197e-06
gnn_joint,none,0,BruteForce,seen,detection_rate,1.0
gnn_joint,none,0,BruteForce,seen,binary_f1,0.9996095275283092
gnn_joint,none,0,BruteForce,all,n,416344.0
gnn_joint,none,0,BruteForce,all,n_benign,313491.0
gnn_joint,none,0,BruteForce,all,n_attack,102853.0
gnn_joint,none,0,BruteForce,all,accuracy,0.7557788751609246
gnn_joint,none,0,BruteForce,all,macro_f1,0.4425238007923229
gnn_joint,none,0,BruteForce,all,fpr,0.0003540771505402
gnn_joint,none,0,BruteForce,all,detection_rate,0.0124838361545117
gnn_joint,none,0,BruteForce,all,binary_f1,0.02463356611158
gnn_joint,none,1,DoS,task0,n,138702.0
gnn_joint,none,1,DoS,task0,n_benign,137422.0
gnn_joint,none,1,DoS,task0,n_attack,1280.0
gnn_joint,none,1,DoS,task0,accuracy,0.999992790298626
gnn_joint,none,1,DoS,task0,macro_f1,0.999802944543727
gnn_joint,none,1,DoS,task0,fpr,7.27685523424197e-06
gnn_joint,none,1,DoS,task0,detection_rate,1.0
gnn_joint,none,1,DoS,task0,binary_f1,0.9996095275283092
gnn_joint,none,1,DoS,task0,category_recall,1.0
gnn_joint,none,1,DoS,task1,n,100000.0
gnn_joint,none,1,DoS,task1,n_benign,66394.0
gnn_joint,none,1,DoS,task1,n_attack,33606.0
gnn_joint,none,1,DoS,task1,accuracy,0.99851
gnn_joint,none,1,DoS,task1,macro_f1,0.998332270757555
gnn_joint,none,1,DoS,task1,fpr,0.0021989938849896
gnn_joint,none,1,DoS,task1,detection_rate,0.9999107302267451
gnn_joint,none,1,DoS,task1,binary_f1,0.9977878405463588
gnn_joint,none,1,DoS,task1,category_recall,0.9999107302267451
gnn_joint,none,1,DoS,task2,n,25000.0
gnn_joint,none,1,DoS,task2,n_benign,24976.0
gnn_joint,none,1,DoS,task2,n_attack,24.0
gnn_joint,none,1,DoS,task2,accuracy,0.99904
gnn_joint,none,1,DoS,task2,macro_f1,0.8330929872349516
gnn_joint,none,1,DoS,task2,fpr,0.0009609224855861
gnn_joint,none,1,DoS,task2,detection_rate,1.0
gnn_joint,none,1,DoS,task2,binary_f1,0.6666666666666666
gnn_joint,none,1,DoS,task2,category_recall,1.0
gnn_joint,none,1,DoS,task3,n,45000.0
gnn_joint,none,1,DoS,task3,n_benign,28566.0
gnn_joint,none,1,DoS,task3,n_attack,16434.0
gnn_joint,none,1,DoS,task3,accuracy,0.6346444444444445
gnn_joint,none,1,DoS,task3,macro_f1,0.3882461697412961
gnn_joint,none,1,DoS,task3,fpr,0.0002450465588461
gnn_joint,none,1,DoS,task3,detection_rate,0.0
gnn_joint,none,1,DoS,task3,binary_f1,0.0
gnn_joint,none,1,DoS,task3,category_recall,0.0
gnn_joint,none,1,DoS,task4,n,27642.0
gnn_joint,none,1,DoS,task4,n_benign,27569.0
gnn_joint,none,1,DoS,task4,n_attack,73.0
gnn_joint,none,1,DoS,task4,accuracy,0.9973590912379712
gnn_joint,none,1,DoS,task4,macro_f1,0.4993388998569126
gnn_joint,none,1,DoS,task4,fpr,0.0
gnn_joint,none,1,DoS,task4,detection_rate,0.0
gnn_joint,none,1,DoS,task4,binary_f1,0.0
gnn_joint,none,1,DoS,task4,category_recall,0.0
gnn_joint,none,1,DoS,task5,n,55000.0
gnn_joint,none,1,DoS,task5,n_benign,25723.0
gnn_joint,none,1,DoS,task5,n_attack,29277.0
gnn_joint,none,1,DoS,task5,accuracy,0.4676909090909091
gnn_joint,none,1,DoS,task5,macro_f1,0.3186576316539276
gnn_joint,none,1,DoS,task5,fpr,0.0
gnn_joint,none,1,DoS,task5,detection_rate,0.0
gnn_joint,none,1,DoS,task5,binary_f1,0.0
gnn_joint,none,1,DoS,task5,category_recall,0.0
gnn_joint,none,1,DoS,task6,n,25000.0
gnn_joint,none,1,DoS,task6,n_benign,2841.0
gnn_joint,none,1,DoS,task6,n_attack,22159.0
gnn_joint,none,1,DoS,task6,accuracy,1.0
gnn_joint,none,1,DoS,task6,macro_f1,1.0
gnn_joint,none,1,DoS,task6,fpr,0.0
gnn_joint,none,1,DoS,task6,detection_rate,1.0
gnn_joint,none,1,DoS,task6,binary_f1,1.0
gnn_joint,none,1,DoS,task6,category_recall,1.0
gnn_joint,none,1,DoS,seen,n,238702.0
gnn_joint,none,1,DoS,seen,n_benign,203816.0
gnn_joint,none,1,DoS,seen,n_attack,34886.0
gnn_joint,none,1,DoS,seen,accuracy,0.9993716014109644
gnn_joint,none,1,DoS,seen,macro_f1,0.9987432296698106
gnn_joint,none,1,DoS,seen,fpr,0.0007212387643757
gnn_joint,none,1,DoS,seen,detection_rate,0.9999140056182996
gnn_joint,none,1,DoS,seen,binary_f1,0.99785456833915
gnn_joint,none,1,DoS,all,n,416344.0
gnn_joint,none,1,DoS,all,n_benign,313491.0
gnn_joint,none,1,DoS,all,n_attack,102853.0
gnn_joint,none,1,DoS,all,accuracy,0.8895985050823357
gnn_joint,none,1,DoS,all,macro_f1,0.8222763069381569
gnn_joint,none,1,DoS,all,fpr,0.0005677993945599
gnn_joint,none,1,DoS,all,detection_rate,0.554830680680194
gnn_joint,none,1,DoS,all,binary_f1,0.7128928087347046
gnn_joint,none,2,WebAttack,task0,n,138702.0
gnn_joint,none,2,WebAttack,task0,n_benign,137422.0
gnn_joint,none,2,WebAttack,task0,n_attack,1280.0
gnn_joint,none,2,WebAttack,task0,accuracy,0.999992790298626
gnn_joint,none,2,WebAttack,task0,macro_f1,0.999802944543727
gnn_joint,none,2,WebAttack,task0,fpr,7.27685523424197e-06
gnn_joint,none,2,WebAttack,task0,detection_rate,1.0
gnn_joint,none,2,WebAttack,task0,binary_f1,0.9996095275283092
gnn_joint,none,2,WebAttack,task0,category_recall,1.0
gnn_joint,none,2,WebAttack,task1,n,100000.0
gnn_joint,none,2,WebAttack,task1,n_benign,66394.0
gnn_joint,none,2,WebAttack,task1,n_attack,33606.0
gnn_joint,none,2,WebAttack,task1,accuracy,0.99854
gnn_joint,none,2,WebAttack,task1,macro_f1,0.9983658611404356
gnn_joint,none,2,WebAttack,task1,fpr,0.0021839322830376
gnn_joint,none,2,WebAttack,task1,detection_rate,0.999970243408915
gnn_joint,none,2,WebAttack,task1,binary_f1,0.9978324128511196
gnn_joint,none,2,WebAttack,task1,category_recall,0.999970243408915
gnn_joint,none,2,WebAttack,task2,n,25000.0
gnn_joint,none,2,WebAttack,task2,n_benign,24976.0
gnn_joint,none,2,WebAttack,task2,n_attack,24.0
gnn_joint,none,2,WebAttack,task2,accuracy,0.99972
gnn_joint,none,2,WebAttack,task2,macro_f1,0.933892189872208
gnn_joint,none,2,WebAttack,task2,fpr,0.0002402306213965
gnn_joint,none,2,WebAttack,task2,detection_rate,0.9583333333333334
gnn_joint,none,2,WebAttack,task2,binary_f1,0.8679245283018868
gnn_joint,none,2,WebAttack,task2,category_recall,0.9583333333333334
gnn_joint,none,2,WebAttack,task3,n,45000.0
gnn_joint,none,2,WebAttack,task3,n_benign,28566.0
gnn_joint,none,2,WebAttack,task3,n_attack,16434.0
gnn_joint,none,2,WebAttack,task3,accuracy,0.6347555555555555
gnn_joint,none,2,WebAttack,task3,macro_f1,0.3882877494426621
gnn_joint,none,2,WebAttack,task3,fpr,7.001330252748022e-05
gnn_joint,none,2,WebAttack,task3,detection_rate,0.0
gnn_joint,none,2,WebAttack,task3,binary_f1,0.0
gnn_joint,none,2,WebAttack,task3,category_recall,0.0
gnn_joint,none,2,WebAttack,task4,n,27642.0
gnn_joint,none,2,WebAttack,task4,n_benign,27569.0
gnn_joint,none,2,WebAttack,task4,n_attack,73.0
gnn_joint,none,2,WebAttack,task4,accuracy,0.9973590912379712
gnn_joint,none,2,WebAttack,task4,macro_f1,0.4993388998569126
gnn_joint,none,2,WebAttack,task4,fpr,0.0
gnn_joint,none,2,WebAttack,task4,detection_rate,0.0
gnn_joint,none,2,WebAttack,task4,binary_f1,0.0
gnn_joint,none,2,WebAttack,task4,category_recall,0.0
gnn_joint,none,2,WebAttack,task5,n,55000.0
gnn_joint,none,2,WebAttack,task5,n_benign,25723.0
gnn_joint,none,2,WebAttack,task5,n_attack,29277.0
gnn_joint,none,2,WebAttack,task5,accuracy,0.4676909090909091
gnn_joint,none,2,WebAttack,task5,macro_f1,0.3186576316539276
gnn_joint,none,2,WebAttack,task5,fpr,0.0
gnn_joint,none,2,WebAttack,task5,detection_rate,0.0
gnn_joint,none,2,WebAttack,task5,binary_f1,0.0
gnn_joint,none,2,WebAttack,task5,category_recall,0.0
gnn_joint,none,2,WebAttack,task6,n,25000.0
gnn_joint,none,2,WebAttack,task6,n_benign,2841.0
gnn_joint,none,2,WebAttack,task6,n_attack,22159.0
gnn_joint,none,2,WebAttack,task6,accuracy,0.99988
gnn_joint,none,2,WebAttack,task6,macro_f1,0.999702299173255
gnn_joint,none,2,WebAttack,task6,fpr,0.0
gnn_joint,none,2,WebAttack,task6,detection_rate,0.9998646148291892
gnn_joint,none,2,WebAttack,task6,binary_f1,0.9999323028319982
gnn_joint,none,2,WebAttack,task6,category_recall,0.9998646148291892
gnn_joint,none,2,WebAttack,seen,n,263702.0
gnn_joint,none,2,WebAttack,seen,n_benign,228792.0
gnn_joint,none,2,WebAttack,seen,n_attack,34910.0
gnn_joint,none,2,WebAttack,seen,accuracy,0.9994160074629695
gnn_joint,none,2,WebAttack,seen,macro_f1,0.9987311980746576
gnn_joint,none,2,WebAttack,seen,fpr,0.0006643588936676
gnn_joint,none,2,WebAttack,seen,detection_rate,0.999942709825265
gnn_joint,none,2,WebAttack,seen,binary_f1,0.9977990567386024
gnn_joint,none,2,WebAttack,all,n,416344.0
gnn_joint,none,2,WebAttack,all,n_benign,313491.0
gnn_joint,none,2,WebAttack,all,n_attack,102853.0
gnn_joint,none,2,WebAttack,all,accuracy,0.8896513460023442
gnn_joint,none,2,WebAttack,all,macro_f1,0.8223393842082423
gnn_joint,none,2,WebAttack,all,fpr,0.0004912421728215
gnn_joint,none,2,WebAttack,all,detection_rate,0.5548112354525391
gnn_joint,none,2,WebAttack,all,binary_f1,0.7129836135214999
gnn_joint,none,3,Infiltration,task0,n,138702.0
gnn_joint,none,3,Infiltration,task0,n_benign,137422.0
gnn_joint,none,3,Infiltration,task0,n_attack,1280.0
gnn_joint,none,3,Infiltration,task0,accuracy,0.9999855805972516
gnn_joint,none,3,Infiltration,task0,macro_f1,0.9996060414834552
gnn_joint,none,3,Infiltration,task0,fpr,1.455371046848394e-05
gnn_joint,none,3,Infiltration,task0,detection_rate,1.0
gnn_joint,none,3,Infiltration,task0,binary_f1,0.9992193598750976
gnn_joint,none,3,Infiltration,task0,category_recall,1.0
gnn_joint,none,3,Infiltration,task1,n,100000.0
gnn_joint,none,3,Infiltration,task1,n_benign,66394.0
gnn_joint,none,3,Infiltration,task1,n_attack,33606.0
gnn_joint,none,3,Infiltration,task1,accuracy,0.99856
gnn_joint,none,3,Infiltration,task1,macro_f1,0.9983882466042652
gnn_joint,none,3,Infiltration,task1,fpr,0.0021688706810856
gnn_joint,none,3,Infiltration,task1,detection_rate,1.0
gnn_joint,none,3,Infiltration,task1,binary_f1,0.9978621058257616
gnn_joint,none,3,Infiltration,task1,category_recall,1.0
gnn_joint,none,3,Infiltration,task2,n,25000.0
gnn_joint,none,3,Infiltration,task2,n_benign,24976.0
gnn_joint,none,3,Infiltration,task2,n_attack,24.0
gnn_joint,none,3,Infiltration,task2,accuracy,0.99984
gnn_joint,none,3,Infiltration,task2,macro_f1,0.95995995995996
gnn_joint,none,3,Infiltration,task2,fpr,0.0001201153106982
gnn_joint,none,3,Infiltration,task2,detection_rate,0.9583333333333334
gnn_joint,none,3,Infiltration,task2,binary_f1,0.92
gnn_joint,none,3,Infiltration,task2,category_recall,0.9583333333333334
gnn_joint,none,3,Infiltration,task3,n,45000.0
gnn_joint,none,3,Infiltration,task3,n_benign,28566.0
gnn_joint,none,3,Infiltration,task3,n_attack,16434.0
gnn_joint,none,3,Infiltration,task3,accuracy,0.9756888888888888
gnn_joint,none,3,Infiltration,task3,macro_f1,0.973414506568954
gnn_joint,none,3,Infiltration,task3,fpr,0.0011202128404396
gnn_joint,none,3,Infiltration,task3,detection_rate,0.9353778751369112
gnn_joint,none,3,Infiltration,task3,binary_f1,0.9656385451347448
gnn_joint,none,3,Infiltration,task3,category_recall,0.9353778751369112
gnn_joint,none,3,Infiltration,task4,n,27642.0
gnn_joint,none,3,Infiltration,task4,n_benign,27569.0
gnn_joint,none,3,Infiltration,task4,n_attack,73.0
gnn_joint,none,3,Infiltration,task4,accuracy,0.9973590912379712
gnn_joint,none,3,Infiltration,task4,macro_f1,0.4993388998569126
gnn_joint,none,3,Infiltration,task4,fpr,0.0
gnn_joint,none,3,Infiltration,task4,detection_rate,0.0
gnn_joint,none,3,Infiltration,task4,binary_f1,0.0
gnn_joint,none,3,Infiltration,task4,category_recall,0.0
gnn_joint,none,3,Infiltration,task5,n,55000.0
gnn_joint,none,3,Infiltration,task5,n_benign,25723.0
gnn_joint,none,3,Infiltration,task5,n_attack,29277.0
gnn_joint,none,3,Infiltration,task5,accuracy,0.9999454545454546
gnn_joint,none,3,Infiltration,task5,macro_f1,0.9999452257061504
gnn_joint,none,3,Infiltration,task5,fpr,7.775142868250205e-05
gnn_joint,none,3,Infiltration,task5,detection_rate,0.9999658434948936
gnn_joint,none,3,Infiltration,task5,binary_f1,0.9999487661173256
gnn_joint,none,3,Infiltration,task5,category_recall,0.9999658434948936
gnn_joint,none,3,Infiltration,task6,n,25000.0
gnn_joint,none,3,Infiltration,task6,n_benign,2841.0
gnn_joint,none,3,Infiltration,task6,n_attack,22159.0
gnn_joint,none,3,Infiltration,task6,accuracy,1.0
gnn_joint,none,3,Infiltration,task6,macro_f1,1.0
gnn_joint,none,3,Infiltration,task6,fpr,0.0
gnn_joint,none,3,Infiltration,task6,detection_rate,1.0
gnn_joint,none,3,Infiltration,task6,binary_f1,1.0
gnn_joint,none,3,Infiltration,task6,category_recall,1.0
gnn_joint,none,3,Infiltration,seen,n,308702.0
gnn_joint,none,3,Infiltration,seen,n_benign,257358.0
gnn_joint,none,3,Infiltration,seen,n_attack,51344.0
gnn_joint,none,3,Infiltration,seen,accuracy,0.9959702237108928
gnn_joint,none,3,Infiltration,seen,macro_f1,0.9926839742514229
gnn_joint,none,3,Infiltration,seen,fpr,0.0007033004608366
gnn_joint,none,3,Infiltration,seen,detection_rate,0.979296509816142
gnn_joint,none,3,Infiltration,seen,binary_f1,0.9877806809028936
gnn_joint,none,3,Infiltration,all,n,416344.0
gnn_joint,none,3,Infiltration,all,n_benign,313491.0
gnn_joint,none,3,Infiltration,all,n_attack,102853.0
gnn_joint,none,3,Infiltration,all,accuracy,0.9968295447994928
gnn_joint,none,3,Infiltration,all,macro_f1,0.9957255257342088
gnn_joint,none,3,Infiltration,all,fpr,0.0005837488157554
gnn_joint,none,3,Infiltration,all,detection_rate,0.9889453880781308
gnn_joint,none,3,Infiltration,all,binary_f1,0.9935531765257484
gnn_joint,none,4,Botnet,task0,n,138702.0
gnn_joint,none,4,Botnet,task0,n_benign,137422.0
gnn_joint,none,4,Botnet,task0,n_attack,1280.0
gnn_joint,none,4,Botnet,task0,accuracy,0.999992790298626
gnn_joint,none,4,Botnet,task0,macro_f1,0.999802944543727
gnn_joint,none,4,Botnet,task0,fpr,7.27685523424197e-06
gnn_joint,none,4,Botnet,task0,detection_rate,1.0
gnn_joint,none,4,Botnet,task0,binary_f1,0.9996095275283092
gnn_joint,none,4,Botnet,task0,category_recall,1.0
gnn_joint,none,4,Botnet,task1,n,100000.0
gnn_joint,none,4,Botnet,task1,n_benign,66394.0
gnn_joint,none,4,Botnet,task1,n_attack,33606.0
gnn_joint,none,4,Botnet,task1,accuracy,0.99769
gnn_joint,none,4,Botnet,task1,macro_f1,0.9974078711159908
gnn_joint,none,4,Botnet,task1,fpr,0.0002108624273277
gnn_joint,none,4,Botnet,task1,detection_rate,0.9935428197345711
gnn_joint,none,4,Botnet,task1,binary_f1,0.9965527018758674
gnn_joint,none,4,Botnet,task1,category_recall,0.9935428197345711
gnn_joint,none,4,Botnet,task2,n,25000.0
gnn_joint,none,4,Botnet,task2,n_benign,24976.0
gnn_joint,none,4,Botnet,task2,n_attack,24.0
gnn_joint,none,4,Botnet,task2,accuracy,0.99952
gnn_joint,none,4,Botnet,task2,macro_f1,0.8998798558269925
gnn_joint,none,4,Botnet,task2,fpr,0.000480461242793
gnn_joint,none,4,Botnet,task2,detection_rate,1.0
gnn_joint,none,4,Botnet,task2,binary_f1,0.8
gnn_joint,none,4,Botnet,task2,category_recall,1.0
gnn_joint,none,4,Botnet,task3,n,45000.0
gnn_joint,none,4,Botnet,task3,n_benign,28566.0
gnn_joint,none,4,Botnet,task3,n_attack,16434.0
gnn_joint,none,4,Botnet,task3,accuracy,0.9756666666666668
gnn_joint,none,4,Botnet,task3,macro_f1,0.9733936082675994
gnn_joint,none,4,Botnet,task3,fpr,0.0012952460967583
gnn_joint,none,4,Botnet,task3,detection_rate,0.9356212729706704
gnn_joint,none,4,Botnet,task3,binary_f1,0.9656168555907936
gnn_joint,none,4,Botnet,task3,category_recall,0.9356212729706704
gnn_joint,none,4,Botnet,task4,n,27642.0
gnn_joint,none,4,Botnet,task4,n_benign,27569.0
gnn_joint,none,4,Botnet,task4,n_attack,73.0
gnn_joint,none,4,Botnet,task4,accuracy,0.999095579191086
gnn_joint,none,4,Botnet,task4,macro_f1,0.8964676137122095
gnn_joint,none,4,Botnet,task4,fpr,0.0
gnn_joint,none,4,Botnet,task4,detection_rate,0.6575342465753424
gnn_joint,none,4,Botnet,task4,binary_f1,0.7933884297520661
gnn_joint,none,4,Botnet,task4,category_recall,0.6575342465753424
gnn_joint,none,4,Botnet,task5,n,55000.0
gnn_joint,none,4,Botnet,task5,n_benign,25723.0
gnn_joint,none,4,Botnet,task5,n_attack,29277.0
gnn_joint,none,4,Botnet,task5,accuracy,0.9999090909090907
gnn_joint,none,4,Botnet,task5,macro_f1,0.9999087090791864
gnn_joint,none,4,Botnet,task5,fpr,0.000155502857365
gnn_joint,none,4,Botnet,task5,detection_rate,0.9999658434948936
gnn_joint,none,4,Botnet,task5,binary_f1,0.9999146131120106
gnn_joint,none,4,Botnet,task5,category_recall,0.9999658434948936
gnn_joint,none,4,Botnet,task6,n,25000.0
gnn_joint,none,4,Botnet,task6,n_benign,2841.0
gnn_joint,none,4,Botnet,task6,n_attack,22159.0
gnn_joint,none,4,Botnet,task6,accuracy,0.9998
gnn_joint,none,4,Botnet,task6,macro_f1,0.999503222439056
gnn_joint,none,4,Botnet,task6,fpr,0.0017599436818021
gnn_joint,none,4,Botnet,task6,detection_rate,1.0
gnn_joint,none,4,Botnet,task6,binary_f1,0.9998871917514608
gnn_joint,none,4,Botnet,task6,category_recall,1.0
gnn_joint,none,4,Botnet,seen,n,336344.0
gnn_joint,none,4,Botnet,seen,n_benign,284927.0
gnn_joint,none,4,Botnet,seen,n_attack,51417.0
gnn_joint,none,4,Botnet,seen,accuracy,0.9959446281188308
gnn_joint,none,4,Botnet,seen,macro_f1,0.9920930618664536
gnn_joint,none,4,Botnet,seen,fpr,0.0002246189374822
gnn_joint,none,4,Botnet,seen,detection_rate,0.9747165334422468
gnn_joint,none,4,Botnet,seen,binary_f1,0.9865745388688754
gnn_joint,none,4,Botnet,all,n,416344.0
gnn_joint,none,4,Botnet,all,n_benign,313491.0
gnn_joint,none,4,Botnet,all,n_attack,102853.0
gnn_joint,none,4,Botnet,all,accuracy,0.996699844359472
gnn_joint,none,4,Botnet,all,macro_f1,0.9955466419984328
gnn_joint,none,4,Botnet,all,fpr,0.0002328615494543
gnn_joint,none,4,Botnet,all,detection_rate,0.9873508794104208
gnn_joint,none,4,Botnet,all,binary_f1,0.9932804507086336
gnn_joint,none,5,PortScan,task0,n,138702.0
gnn_joint,none,5,PortScan,task0,n_benign,137422.0
gnn_joint,none,5,PortScan,task0,n_attack,1280.0
gnn_joint,none,5,PortScan,task0,accuracy,0.999992790298626
gnn_joint,none,5,PortScan,task0,macro_f1,0.999802944543727
gnn_joint,none,5,PortScan,task0,fpr,7.27685523424197e-06
gnn_joint,none,5,PortScan,task0,detection_rate,1.0
gnn_joint,none,5,PortScan,task0,binary_f1,0.9996095275283092
gnn_joint,none,5,PortScan,task0,category_recall,1.0
gnn_joint,none,5,PortScan,task1,n,100000.0
gnn_joint,none,5,PortScan,task1,n_benign,66394.0
gnn_joint,none,5,PortScan,task1,n_attack,33606.0
gnn_joint,none,5,PortScan,task1,accuracy,0.99855
gnn_joint,none,5,PortScan,task1,macro_f1,0.9983770420123858
gnn_joint,none,5,PortScan,task1,fpr,0.0021688706810856
gnn_joint,none,5,PortScan,task1,detection_rate,0.999970243408915
gnn_joint,none,5,PortScan,task1,binary_f1,0.9978472273773292
gnn_joint,none,5,PortScan,task1,category_recall,0.999970243408915
gnn_joint,none,5,PortScan,task2,n,25000.0
gnn_joint,none,5,PortScan,task2,n_benign,24976.0
gnn_joint,none,5,PortScan,task2,n_attack,24.0
gnn_joint,none,5,PortScan,task2,accuracy,0.99988
gnn_joint,none,5,PortScan,task2,macro_f1,0.968055078156446
gnn_joint,none,5,PortScan,task2,fpr,4.003843689942344e-05
gnn_joint,none,5,PortScan,task2,detection_rate,0.9166666666666666
gnn_joint,none,5,PortScan,task2,binary_f1,0.9361702127659576
gnn_joint,none,5,PortScan,task2,category_recall,0.9166666666666666
gnn_joint,none,5,PortScan,task3,n,45000.0
gnn_joint,none,5,PortScan,task3,n_benign,28566.0
gnn_joint,none,5,PortScan,task3,n_attack,16434.0
gnn_joint,none,5,PortScan,task3,accuracy,0.9990888888888888
gnn_joint,none,5,PortScan,task3,macro_f1,0.9990176398022714
gnn_joint,none,5,PortScan,task3,fpr,0.0009451795841209
gnn_joint,none,5,PortScan,task3,detection_rate,0.9991481075818424
gnn_joint,none,5,PortScan,task3,binary_f1,0.9987530792859098
gnn_joint,none,5,PortScan,task3,category_recall,0.9991481075818424
gnn_joint,none,5,PortScan,task4,n,27642.0
gnn_joint,none,5,PortScan,task4,n_benign,27569.0
gnn_joint,none,5,PortScan,task4,n_attack,73.0
gnn_joint,none,5,PortScan,task4,accuracy,0.999746762173504
gnn_joint,none,5,PortScan,task4,macro_f1,0.9747566748487146
gnn_joint,none,5,PortScan,task4,fpr,0.0
gnn_joint,none,5,PortScan,task4,detection_rate,0.9041095890410958
gnn_joint,none,5,PortScan,task4,binary_f1,0.9496402877697842
gnn_joint,none,5,PortScan,task4,category_recall,0.9041095890410958
gnn_joint,none,5,PortScan,task5,n,55000.0
gnn_joint,none,5,PortScan,task5,n_benign,25723.0
gnn_joint,none,5,PortScan,task5,n_attack,29277.0
gnn_joint,none,5,PortScan,task5,accuracy,0.9999636363636364
gnn_joint,none,5,PortScan,task5,macro_f1,0.9999634838902762
gnn_joint,none,5,PortScan,task5,fpr,3.8875714341251024e-05
gnn_joint,none,5,PortScan,task5,detection_rate,0.9999658434948936
gnn_joint,none,5,PortScan,task5,binary_f1,0.9999658434948936
gnn_joint,none,5,PortScan,task5,category_recall,0.9999658434948936
gnn_joint,none,5,PortScan,task6,n,25000.0
gnn_joint,none,5,PortScan,task6,n_benign,2841.0
gnn_joint,none,5,PortScan,task6,n_attack,22159.0
gnn_joint,none,5,PortScan,task6,accuracy,1.0
gnn_joint,none,5,PortScan,task6,macro_f1,1.0
gnn_joint,none,5,PortScan,task6,fpr,0.0
gnn_joint,none,5,PortScan,task6,detection_rate,1.0
gnn_joint,none,5,PortScan,task6,binary_f1,1.0
gnn_joint,none,5,PortScan,task6,category_recall,1.0
gnn_joint,none,5,PortScan,seen,n,391344.0
gnn_joint,none,5,PortScan,seen,n_benign,310650.0
gnn_joint,none,5,PortScan,seen,n_attack,80694.0
gnn_joint,none,5,PortScan,seen,accuracy,0.9994914959728526
gnn_joint,none,5,PortScan,seen,macro_f1,0.9992238555535992
gnn_joint,none,5,PortScan,seen,fpr,0.0005601158860453
gnn_joint,none,5,PortScan,seen,detection_rate,0.999690187622376
gnn_joint,none,5,PortScan,seen,binary_f1,0.9987680840921894
gnn_joint,none,5,PortScan,all,n,416344.0
gnn_joint,none,5,PortScan,all,n_benign,313491.0
gnn_joint,none,5,PortScan,all,n_attack,102853.0
gnn_joint,none,5,PortScan,all,accuracy,0.9995220298599236
gnn_joint,none,5,PortScan,all,macro_f1,0.9993579156056582
gnn_joint,none,5,PortScan,all,fpr,0.0005550398576035
gnn_joint,none,5,PortScan,all,detection_rate,0.9997569346543124
gnn_joint,none,5,PortScan,all,binary_f1,0.9990333001384468
gnn_joint,none,6,DDoS,task0,n,138702.0
gnn_joint,none,6,DDoS,task0,n_benign,137422.0
gnn_joint,none,6,DDoS,task0,n_attack,1280.0
gnn_joint,none,6,DDoS,task0,accuracy,0.999992790298626
gnn_joint,none,6,DDoS,task0,macro_f1,0.999802944543727
gnn_joint,none,6,DDoS,task0,fpr,7.27685523424197e-06
gnn_joint,none,6,DDoS,task0,detection_rate,1.0
gnn_joint,none,6,DDoS,task0,binary_f1,0.9996095275283092
gnn_joint,none,6,DDoS,task0,category_recall,1.0
gnn_joint,none,6,DDoS,task1,n,100000.0
gnn_joint,none,6,DDoS,task1,n_benign,66394.0
gnn_joint,none,6,DDoS,task1,n_attack,33606.0
gnn_joint,none,6,DDoS,task1,accuracy,0.99918
gnn_joint,none,6,DDoS,task1,macro_f1,0.9990807266563766
gnn_joint,none,6,DDoS,task1,fpr,6.024640780793445e-05
gnn_joint,none,6,DDoS,task1,detection_rate,0.9976789858953758
gnn_joint,none,6,DDoS,task1,binary_f1,0.9987786350501952
gnn_joint,none,6,DDoS,task1,category_recall,0.9976789858953758
gnn_joint,none,6,DDoS,task2,n,25000.0
gnn_joint,none,6,DDoS,task2,n_benign,24976.0
gnn_joint,none,6,DDoS,task2,n_attack,24.0
gnn_joint,none,6,DDoS,task2,accuracy,0.99988
gnn_joint,none,6,DDoS,task2,macro_f1,0.9666366396423448
gnn_joint,none,6,DDoS,task2,fpr,0.0
gnn_joint,none,6,DDoS,task2,detection_rate,0.875
gnn_joint,none,6,DDoS,task2,binary_f1,0.9333333333333332
gnn_joint,none,6,DDoS,task2,category_recall,0.875
gnn_joint,none,6,DDoS,task3,n,45000.0
gnn_joint,none,6,DDoS,task3,n_benign,28566.0
gnn_joint,none,6,DDoS,task3,n_attack,16434.0
gnn_joint,none,6,DDoS,task3,accuracy,0.9760444444444444
gnn_joint,none,6,DDoS,task3,macro_f1,0.9738010903689148
gnn_joint,none,6,DDoS,task3,fpr,0.0007351396765385
gnn_joint,none,6,DDoS,task3,detection_rate,0.9356821224291104
gnn_joint,none,6,DDoS,task3,binary_f1,0.9661347072128676
gnn_joint,none,6,DDoS,task3,category_recall,0.9356821224291104
gnn_joint,none,6,DDoS,task4,n,27642.0
gnn_joint,none,6,DDoS,task4,n_benign,27569.0
gnn_joint,none,6,DDoS,task4,n_attack,73.0
gnn_joint,none,6,DDoS,task4,accuracy,0.999746762173504
gnn_joint,none,6,DDoS,task4,macro_f1,0.9747566748487146
gnn_joint,none,6,DDoS,task4,fpr,0.0
gnn_joint,none,6,DDoS,task4,detection_rate,0.9041095890410958
gnn_joint,none,6,DDoS,task4,binary_f1,0.9496402877697842
gnn_joint,none,6,DDoS,task4,category_recall,0.9041095890410958
gnn_joint,none,6,DDoS,task5,n,55000.0
gnn_joint,none,6,DDoS,task5,n_benign,25723.0
gnn_joint,none,6,DDoS,task5,n_attack,29277.0
gnn_joint,none,6,DDoS,task5,accuracy,0.9999636363636364
gnn_joint,none,6,DDoS,task5,macro_f1,0.9999634838902762
gnn_joint,none,6,DDoS,task5,fpr,3.8875714341251024e-05
gnn_joint,none,6,DDoS,task5,detection_rate,0.9999658434948936
gnn_joint,none,6,DDoS,task5,binary_f1,0.9999658434948936
gnn_joint,none,6,DDoS,task5,category_recall,0.9999658434948936
gnn_joint,none,6,DDoS,task6,n,25000.0
gnn_joint,none,6,DDoS,task6,n_benign,2841.0
gnn_joint,none,6,DDoS,task6,n_attack,22159.0
gnn_joint,none,6,DDoS,task6,accuracy,1.0
gnn_joint,none,6,DDoS,task6,macro_f1,1.0
gnn_joint,none,6,DDoS,task6,fpr,0.0
gnn_joint,none,6,DDoS,task6,detection_rate,1.0
gnn_joint,none,6,DDoS,task6,binary_f1,1.0
gnn_joint,none,6,DDoS,task6,category_recall,1.0
gnn_joint,none,6,DDoS,seen,n,416344.0
gnn_joint,none,6,DDoS,seen,n_benign,313491.0
gnn_joint,none,6,DDoS,seen,n_attack,102853.0
gnn_joint,none,6,DDoS,seen,accuracy,0.9971826182195492
gnn_joint,none,6,DDoS,seen,macro_f1,0.9961994819141148
gnn_joint,none,6,DDoS,seen,fpr,8.6126874455726e-05
gnn_joint,none,6,DDoS,seen,detection_rate,0.9888578845536834
gnn_joint,none,6,DDoS,seen,binary_f1,0.9942664978713212
gnn_joint,none,6,DDoS,all,n,416344.0
gnn_joint,none,6,DDoS,all,n_benign,313491.0
gnn_joint,none,6,DDoS,all,n_attack,102853.0
gnn_joint,none,6,DDoS,all,accuracy,0.9971826182195492
gnn_joint,none,6,DDoS,all,macro_f1,0.9961994819141148
gnn_joint,none,6,DDoS,all,fpr,8.6126874455726e-05
gnn_joint,none,6,DDoS,all,detection_rate,0.9888578845536834
gnn_joint,none,6,DDoS,all,binary_f1,0.9942664978713212
ffnn_joint,none,0,BruteForce,task0,n,138702.0
ffnn_joint,none,0,BruteForce,task0,n_benign,137422.0
ffnn_joint,none,0,BruteForce,task0,n_attack,1280.0
ffnn_joint,none,0,BruteForce,task0,accuracy,0.9999855805972516
ffnn_joint,none,0,BruteForce,task0,macro_f1,0.9996060414834552
ffnn_joint,none,0,BruteForce,task0,fpr,1.455371046848394e-05
ffnn_joint,none,0,BruteForce,task0,detection_rate,1.0
ffnn_joint,none,0,BruteForce,task0,binary_f1,0.9992193598750976
ffnn_joint,none,0,BruteForce,task0,category_recall,1.0
ffnn_joint,none,0,BruteForce,task1,n,100000.0
ffnn_joint,none,0,BruteForce,task1,n_benign,66394.0
ffnn_joint,none,0,BruteForce,task1,n_attack,33606.0
ffnn_joint,none,0,BruteForce,task1,accuracy,0.66394
ffnn_joint,none,0,BruteForce,task1,macro_f1,0.3990167914708463
ffnn_joint,none,0,BruteForce,task1,fpr,0.0
ffnn_joint,none,0,BruteForce,task1,detection_rate,0.0
ffnn_joint,none,0,BruteForce,task1,binary_f1,0.0
ffnn_joint,none,0,BruteForce,task1,category_recall,0.0
ffnn_joint,none,0,BruteForce,task2,n,25000.0
ffnn_joint,none,0,BruteForce,task2,n_benign,24976.0
ffnn_joint,none,0,BruteForce,task2,n_attack,24.0
ffnn_joint,none,0,BruteForce,task2,accuracy,0.999
ffnn_joint,none,0,BruteForce,task2,macro_f1,0.4997498749374687
ffnn_joint,none,0,BruteForce,task2,fpr,4.003843689942344e-05
ffnn_joint,none,0,BruteForce,task2,detection_rate,0.0
ffnn_joint,none,0,BruteForce,task2,binary_f1,0.0
ffnn_joint,none,0,BruteForce,task2,category_recall,0.0
ffnn_joint,none,0,BruteForce,task3,n,45000.0
ffnn_joint,none,0,BruteForce,task3,n_benign,28566.0
ffnn_joint,none,0,BruteForce,task3,n_attack,16434.0
ffnn_joint,none,0,BruteForce,task3,accuracy,0.6349111111111111
ffnn_joint,none,0,BruteForce,task3,macro_f1,0.3886926782239374
ffnn_joint,none,0,BruteForce,task3,fpr,3.500665126374011e-05
ffnn_joint,none,0,BruteForce,task3,detection_rate,0.0003650967506389
ffnn_joint,none,0,BruteForce,task3,binary_f1,0.0007298826105468
ffnn_joint,none,0,BruteForce,task3,category_recall,0.0003650967506389
ffnn_joint,none,0,BruteForce,task4,n,27642.0
ffnn_joint,none,0,BruteForce,task4,n_benign,27569.0
ffnn_joint,none,0,BruteForce,task4,n_attack,73.0
ffnn_joint,none,0,BruteForce,task4,accuracy,0.9973590912379712
ffnn_joint,none,0,BruteForce,task4,macro_f1,0.4993388998569126
ffnn_joint,none,0,BruteForce,task4,fpr,0.0
ffnn_joint,none,0,BruteForce,task4,detection_rate,0.0
ffnn_joint,none,0,BruteForce,task4,binary_f1,0.0
ffnn_joint,none,0,BruteForce,task4,category_recall,0.0
ffnn_joint,none,0,BruteForce,task5,n,55000.0
ffnn_joint,none,0,BruteForce,task5,n_benign,25723.0
ffnn_joint,none,0,BruteForce,task5,n_attack,29277.0
ffnn_joint,none,0,BruteForce,task5,accuracy,0.4676909090909091
ffnn_joint,none,0,BruteForce,task5,macro_f1,0.3186576316539276
ffnn_joint,none,0,BruteForce,task5,fpr,0.0
ffnn_joint,none,0,BruteForce,task5,detection_rate,0.0
ffnn_joint,none,0,BruteForce,task5,binary_f1,0.0
ffnn_joint,none,0,BruteForce,task5,category_recall,0.0
ffnn_joint,none,0,BruteForce,task6,n,25000.0
ffnn_joint,none,0,BruteForce,task6,n_benign,2841.0
ffnn_joint,none,0,BruteForce,task6,n_attack,22159.0
ffnn_joint,none,0,BruteForce,task6,accuracy,0.11356
ffnn_joint,none,0,BruteForce,task6,macro_f1,0.101979237759977
ffnn_joint,none,0,BruteForce,task6,fpr,0.0007039774727208
ffnn_joint,none,0,BruteForce,task6,detection_rate,0.0
ffnn_joint,none,0,BruteForce,task6,binary_f1,0.0
ffnn_joint,none,0,BruteForce,task6,category_recall,0.0
ffnn_joint,none,0,BruteForce,seen,n,138702.0
ffnn_joint,none,0,BruteForce,seen,n_benign,137422.0
ffnn_joint,none,0,BruteForce,seen,n_attack,1280.0
ffnn_joint,none,0,BruteForce,seen,accuracy,0.9999855805972516
ffnn_joint,none,0,BruteForce,seen,macro_f1,0.9996060414834552
ffnn_joint,none,0,BruteForce,seen,fpr,1.455371046848394e-05
ffnn_joint,none,0,BruteForce,seen,detection_rate,1.0
ffnn_joint,none,0,BruteForce,seen,binary_f1,0.9992193598750976
ffnn_joint,none,0,BruteForce,all,n,416344.0
ffnn_joint,none,0,BruteForce,all,n_benign,313491.0
ffnn_joint,none,0,BruteForce,all,n_attack,102853.0
ffnn_joint,none,0,BruteForce,all,accuracy,0.7560358741809657
ffnn_joint,none,0,BruteForce,all,macro_f1,0.4426384875903086
ffnn_joint,none,0,BruteForce,all,fpr,1.9139305434605777e-05
ffnn_joint,none,0,BruteForce,all,detection_rate,0.0125032813821667
ffnn_joint,none,0,BruteForce,all,binary_f1,0.0246963368380623
ffnn_joint,none,1,DoS,task0,n,138702.0
ffnn_joint,none,1,DoS,task0,n_benign,137422.0
ffnn_joint,none,1,DoS,task0,n_attack,1280.0
ffnn_joint,none,1,DoS,task0,accuracy,0.9999783708958776
ffnn_joint,none,1,DoS,task0,macro_f1,0.999409290640789
ffnn_joint,none,1,DoS,task0,fpr,2.183056570272591e-05
ffnn_joint,none,1,DoS,task0,detection_rate,1.0
ffnn_joint,none,1,DoS,task0,binary_f1,0.998829496683574
ffnn_joint,none,1,DoS,task0,category_recall,1.0
ffnn_joint,none,1,DoS,task1,n,100000.0
ffnn_joint,none,1,DoS,task1,n_benign,66394.0
ffnn_joint,none,1,DoS,task1,n_attack,33606.0
ffnn_joint,none,1,DoS,task1,accuracy,0.99993
ffnn_joint,none,1,DoS,task1,macro_f1,0.9999215652804724
ffnn_joint,none,1,DoS,task1,fpr,1.5061601951983614e-05
ffnn_joint,none,1,DoS,task1,detection_rate,0.9998214604534904
ffnn_joint,none,1,DoS,task1,binary_f1,0.9998958441828976
ffnn_joint,none,1,DoS,task1,category_recall,0.9998214604534904
ffnn_joint,none,1,DoS,task2,n,25000.0
ffnn_joint,none,1,DoS,task2,n_benign,24976.0
ffnn_joint,none,1,DoS,task2,n_attack,24.0
ffnn_joint,none,1,DoS,task2,accuracy,0.999
ffnn_joint,none,1,DoS,task2,macro_f1,0.4997498749374687
ffnn_joint,none,1,DoS,task2,fpr,4.003843689942344e-05
ffnn_joint,none,1,DoS,task2,detection_rate,0.0
ffnn_joint,none,1,DoS,task2,binary_f1,0.0
ffnn_joint,none,1,DoS,task2,category_recall,0.0
ffnn_joint,none,1,DoS,task3,n,45000.0
ffnn_joint,none,1,DoS,task3,n_benign,28566.0
ffnn_joint,none,1,DoS,task3,n_attack,16434.0
ffnn_joint,none,1,DoS,task3,accuracy,0.6348888888888888
ffnn_joint,none,1,DoS,task3,macro_f1,0.3885688327466665
ffnn_joint,none,1,DoS,task3,fpr,0.0
ffnn_joint,none,1,DoS,task3,detection_rate,0.0002433978337592
ffnn_joint,none,1,DoS,task3,binary_f1,0.0004866772113395
ffnn_joint,none,1,DoS,task3,category_recall,0.0002433978337592
ffnn_joint,none,1,DoS,task4,n,27642.0
ffnn_joint,none,1,DoS,task4,n_benign,27569.0
ffnn_joint,none,1,DoS,task4,n_attack,73.0
ffnn_joint,none,1,DoS,task4,accuracy,0.9973590912379712
ffnn_joint,none,1,DoS,task4,macro_f1,0.4993388998569126
ffnn_joint,none,1,DoS,task4,fpr,0.0
ffnn_joint,none,1,DoS,task4,detection_rate,0.0
ffnn_joint,none,1,DoS,task4,binary_f1,0.0
ffnn_joint,none,1,DoS,task4,category_recall,0.0
ffnn_joint,none,1,DoS,task5,n,55000.0
ffnn_joint,none,1,DoS,task5,n_benign,25723.0
ffnn_joint,none,1,DoS,task5,n_attack,29277.0
ffnn_joint,none,1,DoS,task5,accuracy,0.4680727272727272
ffnn_joint,none,1,DoS,task5,macro_f1,0.3195164964336089
ffnn_joint,none,1,DoS,task5,fpr,7.775142868250205e-05
ffnn_joint,none,1,DoS,task5,detection_rate,0.0007855996174471
ffnn_joint,none,1,DoS,task5,binary_f1,0.0015698587127158
ffnn_joint,none,1,DoS,task5,category_recall,0.0007855996174471
ffnn_joint,none,1,DoS,task6,n,25000.0
ffnn_joint,none,1,DoS,task6,n_benign,2841.0
ffnn_joint,none,1,DoS,task6,n_attack,22159.0
ffnn_joint,none,1,DoS,task6,accuracy,0.95472
ffnn_joint,none,1,DoS,task6,macro_f1,0.9038296213764716
ffnn_joint,none,1,DoS,task6,fpr,0.0
ffnn_joint,none,1,DoS,task6,detection_rate,0.9489146622139988
ffnn_joint,none,1,DoS,task6,binary_f1,0.9737878016023712
ffnn_joint,none,1,DoS,task6,category_recall,0.9489146622139988
ffnn_joint,none,1,DoS,seen,n,238702.0
ffnn_joint,none,1,DoS,seen,n_benign,203816.0
ffnn_joint,none,1,DoS,seen,n_attack,34886.0
ffnn_joint,none,1,DoS,seen,accuracy,0.9999581067607308
ffnn_joint,none,1,DoS,seen,macro_f1,0.9999160700558156
ffnn_joint,none,1,DoS,seen,fpr,1.9625544608862896e-05
ffnn_joint,none,1,DoS,seen,detection_rate,0.9998280112365991
ffnn_joint,none,1,DoS,seen,binary_f1,0.9998566719220296
ffnn_joint,none,1,DoS,all,n,416344.0
ffnn_joint,none,1,DoS,all,n_benign,313491.0
ffnn_joint,none,1,DoS,all,n_attack,102853.0
ffnn_joint,none,1,DoS,all,accuracy,0.8872903176219664
ffnn_joint,none,1,DoS,all,macro_f1,0.8174254796766878
ffnn_joint,none,1,DoS,all,fpr,2.2329189673706743e-05
ffnn_joint,none,1,DoS,all,detection_rate,0.5438246818274625
ffnn_joint,none,1,DoS,all,binary_f1,0.7044850561104324
ffnn_joint,none,2,WebAttack,task0,n,138702.0
ffnn_joint,none,2,WebAttack,task0,n_benign,137422.0
ffnn_joint,none,2,WebAttack,task0,n_attack,1280.0
ffnn_joint,none,2,WebAttack,task0,accuracy,0.9999855805972516
ffnn_joint,none,2,WebAttack,task0,macro_f1,0.9996060414834552
ffnn_joint,none,2,WebAttack,task0,fpr,1.455371046848394e-05
ffnn_joint,none,2,WebAttack,task0,detection_rate,1.0
ffnn_joint,none,2,WebAttack,task0,binary_f1,0.9992193598750976
ffnn_joint,none,2,WebAttack,task0,category_recall,1.0
ffnn_joint,none,2,WebAttack,task1,n,100000.0
ffnn_joint,none,2,WebAttack,task1,n_benign,66394.0
ffnn_joint,none,2,WebAttack,task1,n_attack,33606.0
ffnn_joint,none,2,WebAttack,task1,accuracy,0.99982
ffnn_joint,none,2,WebAttack,task1,macro_f1,0.9997982973787796
ffnn_joint,none,2,WebAttack,task1,fpr,3.0123203903967227e-05
ffnn_joint,none,2,WebAttack,task1,detection_rate,0.9995238945426412
ffnn_joint,none,2,WebAttack,task1,binary_f1,0.9997321348849668
ffnn_joint,none,2,WebAttack,task1,category_recall,0.9995238945426412
ffnn_joint,none,2,WebAttack,task2,n,25000.0
ffnn_joint,none,2,WebAttack,task2,n_benign,24976.0
ffnn_joint,none,2,WebAttack,task2,n_attack,24.0
ffnn_joint,none,2,WebAttack,task2,accuracy,0.99984
ffnn_joint,none,2,WebAttack,task2,macro_f1,0.958293294896434
ffnn_joint,none,2,WebAttack,task2,fpr,8.007687379884689e-05
ffnn_joint,none,2,WebAttack,task2,detection_rate,0.9166666666666666
ffnn_joint,none,2,WebAttack,task2,binary_f1,0.9166666666666666
ffnn_joint,none,2,WebAttack,task2,category_recall,0.9166666666666666
ffnn_joint,none,2,WebAttack,task3,n,45000.0
ffnn_joint,none,2,WebAttack,task3,n_benign,28566.0
ffnn_joint,none,2,WebAttack,task3,n_attack,16434.0
ffnn_joint,none,2,WebAttack,task3,accuracy,0.6347333333333334
ffnn_joint,none,2,WebAttack,task3,macro_f1,0.3884527694338804
ffnn_joint,none,2,WebAttack,task3,fpr,0.0002100399075824
ffnn_joint,none,2,WebAttack,task3,detection_rate,0.0001825483753194
ffnn_joint,none,2,WebAttack,task3,binary_f1,0.000364896916621
ffnn_joint,none,2,WebAttack,task3,category_recall,0.0001825483753194
ffnn_joint,none,2,WebAttack,task4,n,27642.0
ffnn_joint,none,2,WebAttack,task4,n_benign,27569.0
ffnn_joint,none,2,WebAttack,task4,n_attack,73.0
ffnn_joint,none,2,WebAttack,task4,accuracy,0.9973590912379712
ffnn_joint,none,2,WebAttack,task4,macro_f1,0.4993388998569126
ffnn_joint,none,2,WebAttack,task4,fpr,0.0
ffnn_joint,none,2,WebAttack,task4,detection_rate,0.0
ffnn_joint,none,2,WebAttack,task4,binary_f1,0.0
ffnn_joint,none,2,WebAttack,task4,category_recall,0.0
ffnn_joint,none,2,WebAttack,task5,n,55000.0
ffnn_joint,none,2,WebAttack,task5,n_benign,25723.0
ffnn_joint,none,2,WebAttack,task5,n_attack,29277.0
ffnn_joint,none,2,WebAttack,task5,accuracy,0.4677636363636364
ffnn_joint,none,2,WebAttack,task5,macro_f1,0.3188396772501058
ffnn_joint,none,2,WebAttack,task5,fpr,3.8875714341251024e-05
ffnn_joint,none,2,WebAttack,task5,detection_rate,0.0001707825255319
ffnn_joint,none,2,WebAttack,task5,binary_f1,0.0003414950653963
ffnn_joint,none,2,WebAttack,task5,category_recall,0.0001707825255319
ffnn_joint,none,2,WebAttack,task6,n,25000.0
ffnn_joint,none,2,WebAttack,task6,n_benign,2841.0
ffnn_joint,none,2,WebAttack,task6,n_attack,22159.0
ffnn_joint,none,2,WebAttack,task6,accuracy,0.9358
ffnn_joint,none,2,WebAttack,task6,macro_f1,0.8710841845142621
ffnn_joint,none,2,WebAttack,task6,fpr,0.0
ffnn_joint,none,2,WebAttack,task6,detection_rate,0.927568933616138
ffnn_joint,none,2,WebAttack,task6,binary_f1,0.9624236181022172
ffnn_joint,none,2,WebAttack,task6,category_recall,0.927568933616138
ffnn_joint,none,2,WebAttack,seen,n,263702.0
ffnn_joint,none,2,WebAttack,seen,n_benign,228792.0
ffnn_joint,none,2,WebAttack,seen,n_attack,34910.0
ffnn_joint,none,2,WebAttack,seen,accuracy,0.9999089881760472
ffnn_joint,none,2,WebAttack,seen,macro_f1,0.9998018759257854
ffnn_joint,none,2,WebAttack,seen,fpr,2.62246931710899e-05
ffnn_joint,none,2,WebAttack,seen,detection_rate,0.9994843884273849
ffnn_joint,none,2,WebAttack,seen,binary_f1,0.99965619986248
ffnn_joint,none,2,WebAttack,all,n,416344.0
ffnn_joint,none,2,WebAttack,all,n_benign,313491.0
ffnn_joint,none,2,WebAttack,all,n_attack,102853.0
ffnn_joint,none,2,WebAttack,all,accuracy,0.8861230136617797
ffnn_joint,none,2,WebAttack,all,macro_f1,0.815112371954972
ffnn_joint,none,2,WebAttack,all,fpr,4.146849510831252e-05
ffnn_joint,none,2,WebAttack,all,detection_rate,0.5391578271902618
ffnn_joint,none,2,WebAttack,all,binary_f1,0.7005305709954522
ffnn_joint,none,3,Infiltration,task0,n,138702.0
ffnn_joint,none,3,Infiltration,task0,n_benign,137422.0
ffnn_joint,none,3,Infiltration,task0,n_attack,1280.0
ffnn_joint,none,3,Infiltration,task0,accuracy,0.9999351126876324
ffnn_joint,none,3,Infiltration,task0,macro_f1,0.99823197219935
ffnn_joint,none,3,Infiltration,task0,fpr,6.549169710817773e-05
ffnn_joint,none,3,Infiltration,task0,detection_rate,1.0
ffnn_joint,none,3,Infiltration,task0,binary_f1,0.9964966913195796
ffnn_joint,none,3,Infiltration,task0,category_recall,1.0
ffnn_joint,none,3,Infiltration,task1,n,100000.0
ffnn_joint,none,3,Infiltration,task1,n_benign,66394.0
ffnn_joint,none,3,Infiltration,task1,n_attack,33606.0
ffnn_joint,none,3,Infiltration,task1,accuracy,0.99966
ffnn_joint,none,3,Infiltration,task1,macro_f1,0.9996189613303752
ffnn_joint,none,3,Infiltration,task1,fpr,3.0123203903967227e-05
ffnn_joint,none,3,Infiltration,task1,detection_rate,0.9990477890852824
ffnn_joint,none,3,Infiltration,task1,binary_f1,0.999493912059778
ffnn_joint,none,3,Infiltration,task1,category_recall,0.9990477890852824
ffnn_joint,none,3,Infiltration,task2,n,25000.0
ffnn_joint,none,3,Infiltration,task2,n_benign,24976.0
ffnn_joint,none,3,Infiltration,task2,n_attack,24.0
ffnn_joint,none,3,Infiltration,task2,accuracy,0.99976
ffnn_joint,none,3,Infiltration,task2,macro_f1,0.93993993993994
ffnn_joint,none,3,Infiltration,task2,fpr,0.0001601537475976
ffnn_joint,none,3,Infiltration,task2,detection_rate,0.9166666666666666
ffnn_joint,none,3,Infiltration,task2,binary_f1,0.88
ffnn_joint,none,3,Infiltration,task2,category_recall,0.9166666666666666
ffnn_joint,none,3,Infiltration,task3,n,45000.0
ffnn_joint,none,3,Infiltration,task3,n_benign,28566.0
ffnn_joint,none,3,Infiltration,task3,n_attack,16434.0
ffnn_joint,none,3,Infiltration,task3,accuracy,0.9982444444444444
ffnn_joint,none,3,Infiltration,task3,macro_f1,0.9981076476469236
ffnn_joint,none,3,Infiltration,task3,fpr,0.0019603724707694
ffnn_joint,none,3,Infiltration,task3,detection_rate,0.9986004624558842
ffnn_joint,none,3,Infiltration,task3,binary_f1,0.9975988571775932
ffnn_joint,none,3,Infiltration,task3,category_recall,0.9986004624558842
ffnn_joint,none,3,Infiltration,task4,n,27642.0
ffnn_joint,none,3,Infiltration,task4,n_benign,27569.0
ffnn_joint,none,3,Infiltration,task4,n_attack,73.0
ffnn_joint,none,3,Infiltration,task4,accuracy,0.9949352434700818
ffnn_joint,none,3,Infiltration,task4,macro_f1,0.4987305962570724
ffnn_joint,none,3,Infiltration,task4,fpr,0.0024302658783416
ffnn_joint,none,3,Infiltration,task4,detection_rate,0.0
ffnn_joint,none,3,Infiltration,task4,binary_f1,0.0
ffnn_joint,none,3,Infiltration,task4,category_recall,0.0
ffnn_joint,none,3,Infiltration,task5,n,55000.0
ffnn_joint,none,3,Infiltration,task5,n_benign,25723.0
ffnn_joint,none,3,Infiltration,task5,n_attack,29277.0
ffnn_joint,none,3,Infiltration,task5,accuracy,0.9920363636363636
ffnn_joint,none,3,Infiltration,task5,macro_f1,0.9920015993454532
ffnn_joint,none,3,Infiltration,task5,fpr,0.009913307157019
ffnn_joint,none,3,Infiltration,task5,detection_rate,0.9937493595655292
ffnn_joint,none,3,Infiltration,task5,binary_f1,0.9925289120867874
ffnn_joint,none,3,Infiltration,task5,category_recall,0.9937493595655292
ffnn_joint,none,3,Infiltration,task6,n,25000.0
ffnn_joint,none,3,Infiltration,task6,n_benign,2841.0
ffnn_joint,none,3,Infiltration,task6,n_attack,22159.0
ffnn_joint,none,3,Infiltration,task6,accuracy,0.97264
ffnn_joint,none,3,Infiltration,task6,macro_f1,0.9382235253485856
ffnn_joint,none,3,Infiltration,task6,fpr,0.0045758535726856
ffnn_joint,none,3,Infiltration,task6,detection_rate,0.969718850128616
ffnn_joint,none,3,Infiltration,task6,binary_f1,0.9843334860284012
ffnn_joint,none,3,Infiltration,task6,category_recall,0.969718850128616
ffnn_joint,none,3,Infiltration,seen,n,308702.0
ffnn_joint,none,3,Infiltration,seen,n_benign,257358.0
ffnn_joint,none,3,Infiltration,seen,n_attack,51344.0
ffnn_joint,none,3,Infiltration,seen,accuracy,0.9995853606390628
ffnn_joint,none,3,Infiltration,seen,macro_f1,0.9992524940464718
ffnn_joint,none,3,Infiltration,seen,fpr,0.0002758802912674
ffnn_joint,none,3,Infiltration,seen,detection_rate,0.9988898410719852
ffnn_joint,none,3,Infiltration,seen,binary_f1,0.9987536756830442
ffnn_joint,none,3,Infiltration,all,n,416344.0
ffnn_joint,none,3,Infiltration,all,n_benign,313491.0
ffnn_joint,none,3,Infiltration,all,n_attack,102853.0
ffnn_joint,none,3,Infiltration,all,accuracy,0.9966614145994658
ffnn_joint,none,3,Infiltration,all,macro_f1,0.9955044077837116
ffnn_joint,none,3,Infiltration,all,fpr,0.0012950930010749
ffnn_joint,none,3,Infiltration,all,detection_rate,0.9904329479937386
ffnn_joint,none,3,Infiltration,all,binary_f1,0.9932237432237432
ffnn_joint,none,4,Botnet,task0,n,138702.0
ffnn_joint,none,4,Botnet,task0,n_benign,137422.0
ffnn_joint,none,4,Botnet,task0,n_attack,1280.0
ffnn_joint,none,4,Botnet,task0,accuracy,0.9998990641807616
ffnn_joint,none,4,Botnet,task0,macro_f1,0.997255026989772
ffnn_joint,none,4,Botnet,task0,fpr,0.0001018759732793
ffnn_joint,none,4,Botnet,task0,detection_rate,1.0
ffnn_joint,none,4,Botnet,task0,binary_f1,0.9945609945609946
ffnn_joint,none,4,Botnet,task0,category_recall,1.0
ffnn_joint,none,4,Botnet,task1,n,100000.0
ffnn_joint,none,4,Botnet,task1,n_benign,66394.0
ffnn_joint,none,4,Botnet,task1,n_attack,33606.0
ffnn_joint,none,4,Botnet,task1,accuracy,0.99948
ffnn_joint,none,4,Botnet,task1,macro_f1,0.9994171920989232
ffnn_joint,none,4,Botnet,task1,fpr,9.036961171190167e-05
ffnn_joint,none,4,Botnet,task1,detection_rate,0.9986311968100936
ffnn_joint,none,4,Botnet,task1,binary_f1,0.9992258679211576
ffnn_joint,none,4,Botnet,task1,category_recall,0.9986311968100936
ffnn_joint,none,4,Botnet,task2,n,25000.0
ffnn_joint,none,4,Botnet,task2,n_benign,24976.0
ffnn_joint,none,4,Botnet,task2,n_attack,24.0
ffnn_joint,none,4,Botnet,task2,accuracy,0.99972
ffnn_joint,none,4,Botnet,task2,macro_f1,0.9313024775467056
ffnn_joint,none,4,Botnet,task2,fpr,0.0002001921844971
ffnn_joint,none,4,Botnet,task2,detection_rate,0.9166666666666666
ffnn_joint,none,4,Botnet,task2,binary_f1,0.8627450980392157
ffnn_joint,none,4,Botnet,task2,category_recall,0.9166666666666666
ffnn_joint,none,4,Botnet,task3,n,45000.0
ffnn_joint,none,4,Botnet,task3,n_benign,28566.0
ffnn_joint,none,4,Botnet,task3,n_attack,16434.0
ffnn_joint,none,4,Botnet,task3,accuracy,0.9986444444444444
ffnn_joint,none,4,Botnet,task3,macro_f1,0.9985385151375024
ffnn_joint,none,4,Botnet,task3,fpr,0.0013652593992858
ffnn_joint,none,4,Botnet,task3,detection_rate,0.998661311914324
ffnn_joint,none,4,Botnet,task3,binary_f1,0.9981450509350768
ffnn_joint,none,4,Botnet,task3,category_recall,0.998661311914324
ffnn_joint,none,4,Botnet,task4,n,27642.0
ffnn_joint,none,4,Botnet,task4,n_benign,27569.0
ffnn_joint,none,4,Botnet,task4,n_attack,73.0
ffnn_joint,none,4,Botnet,task4,accuracy,0.9999276463352867
ffnn_joint,none,4,Botnet,task4,macro_f1,0.9932251062728428
ffnn_joint,none,4,Botnet,task4,fpr,7.254525009974973e-05
ffnn_joint,none,4,Botnet,task4,detection_rate,1.0
ffnn_joint,none,4,Botnet,task4,binary_f1,0.9864864864864864
ffnn_joint,none,4,Botnet,task4,category_recall,1.0
ffnn_joint,none,4,Botnet,task5,n,55000.0
ffnn_joint,none,4,Botnet,task5,n_benign,25723.0
ffnn_joint,none,4,Botnet,task5,n_attack,29277.0
ffnn_joint,none,4,Botnet,task5,accuracy,0.9741454545454544
ffnn_joint,none,4,Botnet,task5,macro_f1,0.9740999249019028
ffnn_joint,none,4,Botnet,task5,fpr,0.0033821871476888
ffnn_joint,none,4,Botnet,task5,detection_rate,0.9544010656829592
ffnn_joint,none,4,Botnet,task5,binary_f1,0.9751858444141974
ffnn_joint,none,4,Botnet,task5,category_recall,0.9544010656829592
ffnn_joint,none,4,Botnet,task6,n,25000.0
ffnn_joint,none,4,Botnet,task6,n_benign,2841.0
ffnn_joint,none,4,Botnet,task6,n_attack,22159.0
ffnn_joint,none,4,Botnet,task6,accuracy,0.96668
ffnn_joint,none,4,Botnet,task6,macro_f1,0.9264925908855578
ffnn_joint,none,4,Botnet,task6,fpr,0.0
ffnn_joint,none,4,Botnet,task6,detection_rate,0.9624080509048242
ffnn_joint,none,4,Botnet,task6,binary_f1,0.9808439691847765
ffnn_joint,none,4,Botnet,task6,category_recall,0.9624080509048242
ffnn_joint,none,4,Botnet,seen,n,336344.0
ffnn_joint,none,4,Botnet,seen,n_benign,284927.0
ffnn_joint,none,4,Botnet,seen,n_attack,51417.0
ffnn_joint,none,4,Botnet,seen,accuracy,0.9995956520704992
ffnn_joint,none,4,Botnet,seen,macro_f1,0.9992193864100284
ffnn_joint,none,4,Botnet,seen,fpr,0.0002316382792785
ffnn_joint,none,4,Botnet,seen,detection_rate,0.9986385825699672
ffnn_joint,none,4,Botnet,seen,binary_f1,0.9986774287659244
ffnn_joint,none,4,Botnet,all,n,416344.0
ffnn_joint,none,4,Botnet,all,n_benign,313491.0
ffnn_joint,none,4,Botnet,all,n_attack,102853.0
ffnn_joint,none,4,Botnet,all,accuracy,0.9942571527390812
ffnn_joint,none,4,Botnet,all,macro_f1,0.99222836461108
ffnn_joint,none,4,Botnet,all,fpr,0.0004880522885824
ffnn_joint,none,4,Botnet,all,detection_rate,0.978240790254052
ffnn_joint,none,4,Botnet,all,binary_f1,0.9882575962204292
ffnn_joint,none,5,PortScan,task0,n,138702.0
ffnn_joint,none,5,PortScan,task0,n_benign,137422.0
ffnn_joint,none,5,PortScan,task0,n_attack,1280.0
ffnn_joint,none,5,PortScan,task0,accuracy,0.9999423223890066
ffnn_joint,none,5,PortScan,task0,macro_f1,0.9984278134671444
ffnn_joint,none,5,PortScan,task0,fpr,5.821484187393576e-05
ffnn_joint,none,5,PortScan,task0,detection_rate,1.0
ffnn_joint,none,5,PortScan,task0,binary_f1,0.9968847352024922
ffnn_joint,none,5,PortScan,task0,category_recall,1.0
ffnn_joint,none,5,PortScan,task1,n,100000.0
ffnn_joint,none,5,PortScan,task1,n_benign,66394.0
ffnn_joint,none,5,PortScan,task1,n_attack,33606.0
ffnn_joint,none,5,PortScan,task1,accuracy,0.99977
ffnn_joint,none,5,PortScan,task1,macro_f1,0.9997422631884548
ffnn_joint,none,5,PortScan,task1,fpr,4.518480585595084e-05
ffnn_joint,none,5,PortScan,task1,detection_rate,0.9994048681783017
ffnn_joint,none,5,PortScan,task1,binary_f1,0.9996577126274276
ffnn_joint,none,5,PortScan,task1,category_recall,0.9994048681783017
ffnn_joint,none,5,PortScan,task2,n,25000.0
ffnn_joint,none,5,PortScan,task2,n_benign,24976.0
ffnn_joint,none,5,PortScan,task2,n_attack,24.0
ffnn_joint,none,5,PortScan,task2,accuracy,0.99984
ffnn_joint,none,5,PortScan,task2,macro_f1,0.958293294896434
ffnn_joint,none,5,PortScan,task2,fpr,8.007687379884689e-05
ffnn_joint,none,5,PortScan,task2,detection_rate,0.9166666666666666
ffnn_joint,none,5,PortScan,task2,binary_f1,0.9166666666666666
ffnn_joint,none,5,PortScan,task2,category_recall,0.9166666666666666
ffnn_joint,none,5,PortScan,task3,n,45000.0
ffnn_joint,none,5,PortScan,task3,n_benign,28566.0
ffnn_joint,none,5,PortScan,task3,n_attack,16434.0
ffnn_joint,none,5,PortScan,task3,accuracy,0.9988
ffnn_joint,none,5,PortScan,task3,macro_f1,0.9987058421601768
ffnn_joint,none,5,PortScan,task3,fpr,0.0008401596303297
ffnn_joint,none,5,PortScan,task3,detection_rate,0.9981745162468054
ffnn_joint,none,5,PortScan,task3,binary_f1,0.9983567646521818
ffnn_joint,none,5,PortScan,task3,category_recall,0.9981745162468054
ffnn_joint,none,5,PortScan,task4,n,27642.0
ffnn_joint,none,5,PortScan,task4,n_benign,27569.0
ffnn_joint,none,5,PortScan,task4,n_attack,73.0
ffnn_joint,none,5,PortScan,task4,accuracy,0.9999638231676434
ffnn_joint,none,5,PortScan,task4,macro_f1,0.996589571135054
ffnn_joint,none,5,PortScan,task4,fpr,3.627262504987486e-05
ffnn_joint,none,5,PortScan,task4,detection_rate,1.0
ffnn_joint,none,5,PortScan,task4,binary_f1,0.9931972789115646
ffnn_joint,none,5,PortScan,task4,category_recall,1.0
ffnn_joint,none,5,PortScan,task5,n,55000.0
ffnn_joint,none,5,PortScan,task5,n_benign,25723.0
ffnn_joint,none,5,PortScan,task5,n_attack,29277.0
ffnn_joint,none,5,PortScan,task5,accuracy,0.999581818181818
ffnn_joint,none,5,PortScan,task5,macro_f1,0.9995800835137544
ffnn_joint,none,5,PortScan,task5,fpr,7.775142868250205e-05
ffnn_joint,none,5,PortScan,task5,detection_rate,0.9992827133927656
ffnn_joint,none,5,PortScan,task5,binary_f1,0.999607072691552
ffnn_joint,none,5,PortScan,task5,category_recall,0.9992827133927656
ffnn_joint,none,5,PortScan,task6,n,25000.0
ffnn_joint,none,5,PortScan,task6,n_benign,2841.0
ffnn_joint,none,5,PortScan,task6,n_attack,22159.0
ffnn_joint,none,5,PortScan,task6,accuracy,0.98984
ffnn_joint,none,5,PortScan,task6,macro_f1,0.9757229499067273
ffnn_joint,none,5,PortScan,task6,fpr,0.0
ffnn_joint,none,5,PortScan,task6,detection_rate,0.9885373888713388
ffnn_joint,none,5,PortScan,task6,binary_f1,0.9942356572258532
ffnn_joint,none,5,PortScan,task6,category_recall,0.9885373888713388
ffnn_joint,none,5,PortScan,seen,n,391344.0
ffnn_joint,none,5,PortScan,seen,n_benign,310650.0
ffnn_joint,none,5,PortScan,seen,n_attack,80694.0
ffnn_joint,none,5,PortScan,seen,accuracy,0.999711251482072
ffnn_joint,none,5,PortScan,seen,macro_f1,0.9995589068888152
ffnn_joint,none,5,PortScan,seen,fpr,0.0001287622726541
ffnn_joint,none,5,PortScan,seen,detection_rate,0.9990953478573376
ffnn_joint,none,5,PortScan,seen,binary_f1,0.999299680827988
ffnn_joint,none,5,PortScan,all,n,416344.0
ffnn_joint,none,5,PortScan,all,n_benign,313491.0
ffnn_joint,none,5,PortScan,all,n_attack,102853.0
ffnn_joint,none,5,PortScan,all,accuracy,0.999118517379859
ffnn_joint,none,5,PortScan,all,macro_f1,0.9988141658887888
ffnn_joint,none,5,PortScan,all,fpr,0.000127595369564
ffnn_joint,none,5,PortScan,all,detection_rate,0.996820705278407
ffnn_joint,none,5,PortScan,all,binary_f1,0.998213407717884
ffnn_joint,none,6,DDoS,task0,n,138702.0
ffnn_joint,none,6,DDoS,task0,n_benign,137422.0
ffnn_joint,none,6,DDoS,task0,n_attack,1280.0
ffnn_joint,none,6,DDoS,task0,accuracy,0.9999639514931292
ffnn_joint,none,6,DDoS,task0,macro_f1,0.9990162448960817
ffnn_joint,none,6,DDoS,task0,fpr,3.638427617120985e-05
ffnn_joint,none,6,DDoS,task0,detection_rate,1.0
ffnn_joint,none,6,DDoS,task0,binary_f1,0.9980506822612084
ffnn_joint,none,6,DDoS,task0,category_recall,1.0
ffnn_joint,none,6,DDoS,task1,n,100000.0
ffnn_joint,none,6,DDoS,task1,n_benign,66394.0
ffnn_joint,none,6,DDoS,task1,n_attack,33606.0
ffnn_joint,none,6,DDoS,task1,accuracy,0.99981
ffnn_joint,none,6,DDoS,task1,macro_f1,0.9997870869817672
ffnn_joint,none,6,DDoS,task1,fpr,1.5061601951983614e-05
ffnn_joint,none,6,DDoS,task1,detection_rate,0.9994643813604712
ffnn_joint,none,6,DDoS,task1,binary_f1,0.999717240866136
ffnn_joint,none,6,DDoS,task1,category_recall,0.9994643813604712
ffnn_joint,none,6,DDoS,task2,n,25000.0
ffnn_joint,none,6,DDoS,task2,n_benign,24976.0
ffnn_joint,none,6,DDoS,task2,n_attack,24.0
ffnn_joint,none,6,DDoS,task2,accuracy,0.99984
ffnn_joint,none,6,DDoS,task2,macro_f1,0.958293294896434
ffnn_joint,none,6,DDoS,task2,fpr,8.007687379884689e-05
ffnn_joint,none,6,DDoS,task2,detection_rate,0.9166666666666666
ffnn_joint,none,6,DDoS,task2,binary_f1,0.9166666666666666
ffnn_joint,none,6,DDoS,task2,category_recall,0.9166666666666666
ffnn_joint,none,6,DDoS,task3,n,45000.0
ffnn_joint,none,6,DDoS,task3,n_benign,28566.0
ffnn_joint,none,6,DDoS,task3,n_attack,16434.0
ffnn_joint,none,6,DDoS,task3,accuracy,0.9989555555555556
ffnn_joint,none,6,DDoS,task3,macro_f1,0.9988737052636922
ffnn_joint,none,6,DDoS,task3,fpr,0.0008401596303297
ffnn_joint,none,6,DDoS,task3,detection_rate,0.9986004624558842
ffnn_joint,none,6,DDoS,task3,binary_f1,0.9985700812315556
ffnn_joint,none,6,DDoS,task3,category_recall,0.9986004624558842
ffnn_joint,none,6,DDoS,task4,n,27642.0
ffnn_joint,none,6,DDoS,task4,n_benign,27569.0
ffnn_joint,none,6,DDoS,task4,n_attack,73.0
ffnn_joint,none,6,DDoS,task4,accuracy,1.0
ffnn_joint,none,6,DDoS,task4,macro_f1,1.0
ffnn_joint,none,6,DDoS,task4,fpr,0.0
ffnn_joint,none,6,DDoS,task4,detection_rate,1.0
ffnn_joint,none,6,DDoS,task4,binary_f1,1.0
ffnn_joint,none,6,DDoS,task4,category_recall,1.0
ffnn_joint,none,6,DDoS,task5,n,55000.0
ffnn_joint,none,6,DDoS,task5,n_benign,25723.0
ffnn_joint,none,6,DDoS,task5,n_attack,29277.0
ffnn_joint,none,6,DDoS,task5,accuracy,0.999581818181818
ffnn_joint,none,6,DDoS,task5,macro_f1,0.999580081542196
ffnn_joint,none,6,DDoS,task5,fpr,0.0001166271430237
ffnn_joint,none,6,DDoS,task5,detection_rate,0.999316869897872
ffnn_joint,none,6,DDoS,task5,binary_f1,0.9996070861164732
ffnn_joint,none,6,DDoS,task5,category_recall,0.999316869897872
ffnn_joint,none,6,DDoS,task6,n,25000.0
ffnn_joint,none,6,DDoS,task6,n_benign,2841.0
ffnn_joint,none,6,DDoS,task6,n_attack,22159.0
ffnn_joint,none,6,DDoS,task6,accuracy,1.0
ffnn_joint,none,6,DDoS,task6,macro_f1,1.0
ffnn_joint,none,6,DDoS,task6,fpr,0.0
ffnn_joint,none,6,DDoS,task6,detection_rate,1.0
ffnn_joint,none,6,DDoS,task6,binary_f1,1.0
ffnn_joint,none,6,DDoS,task6,category_recall,1.0
ffnn_joint,none,6,DDoS,seen,n,416344.0
ffnn_joint,none,6,DDoS,seen,n_benign,313491.0
ffnn_joint,none,6,DDoS,seen,n_attack,102853.0
ffnn_joint,none,6,DDoS,seen,accuracy,0.9997646177199624
ffnn_joint,none,6,DDoS,seen,macro_f1,0.999683614859425
ffnn_joint,none,6,DDoS,seen,fpr,0.0001116459483685
ffnn_joint,none,6,DDoS,seen,detection_rate,0.9993874753288674
ffnn_joint,none,6,DDoS,seen,binary_f1,0.9995235270665798
ffnn_joint,none,6,DDoS,all,n,416344.0
ffnn_joint,none,6,DDoS,all,n_benign,313491.0
ffnn_joint,none,6,DDoS,all,n_attack,102853.0
ffnn_joint,none,6,DDoS,all,accuracy,0.9997646177199624
ffnn_joint,none,6,DDoS,all,macro_f1,0.999683614859425
ffnn_joint,none,6,DDoS,all,fpr,0.0001116459483685
ffnn_joint,none,6,DDoS,all,detection_rate,0.9993874753288674
ffnn_joint,none,6,DDoS,all,binary_f1,0.9995235270665798
gnn_ewc,none,0,BruteForce,task0,n,138702.0
gnn_ewc,none,0,BruteForce,task0,n_benign,137422.0
gnn_ewc,none,0,BruteForce,task0,n_attack,1280.0
gnn_ewc,none,0,BruteForce,task0,accuracy,0.9999927902986259
gnn_ewc,none,0,BruteForce,task0,macro_f1,0.999802944543727
gnn_ewc,none,0,BruteForce,task0,fpr,7.27685523424197e-06
gnn_ewc,none,0,BruteForce,task0,detection_rate,1.0
gnn_ewc,none,0,BruteForce,task0,binary_f1,0.9996095275283092
gnn_ewc,none,0,BruteForce,task0,category_recall,1.0
gnn_ewc,none,0,BruteForce,task1,n,100000.0
gnn_ewc,none,0,BruteForce,task1,n_benign,66394.0
gnn_ewc,none,0,BruteForce,task1,n_attack,33606.0
gnn_ewc,none,0,BruteForce,task1,accuracy,0.6629
gnn_ewc,none,0,BruteForce,task1,macro_f1,0.3986409284984064
gnn_ewc,none,0,BruteForce,task1,fpr,0.0015664066030062957
gnn_ewc,none,0,BruteForce,task1,detection_rate,0.0
gnn_ewc,none,0,BruteForce,task1,binary_f1,0.0
gnn_ewc,none,0,BruteForce,task1,category_recall,0.0
gnn_ewc,none,0,BruteForce,task2,n,25000.0
gnn_ewc,none,0,BruteForce,task2,n_benign,24976.0
gnn_ewc,none,0,BruteForce,task2,n_attack,24.0
gnn_ewc,none,0,BruteForce,task2,accuracy,0.999
gnn_ewc,none,0,BruteForce,task2,macro_f1,0.6209619561031493
gnn_ewc,none,0,BruteForce,task2,fpr,0.00020019218449711723
gnn_ewc,none,0,BruteForce,task2,detection_rate,0.16666666666666666
gnn_ewc,none,0,BruteForce,task2,binary_f1,0.24242424242424243
gnn_ewc,none,0,BruteForce,task2,category_recall,0.16666666666666666
gnn_ewc,none,0,BruteForce,task3,n,45000.0
gnn_ewc,none,0,BruteForce,task3,n_benign,28566.0
gnn_ewc,none,0,BruteForce,task3,n_attack,16434.0
gnn_ewc,none,0,BruteForce,task3,accuracy,0.6347777777777778
gnn_ewc,none,0,BruteForce,task3,macro_f1,0.3882960647046829
gnn_ewc,none,0,BruteForce,task3,fpr,3.500665126374011e-05
gnn_ewc,none,0,BruteForce,task3,detection_rate,0.0
gnn_ewc,none,0,BruteForce,task3,binary_f1,0.0
gnn_ewc,none,0,BruteForce,task3,category_recall,0.0
gnn_ewc,none,0,BruteForce,task4,n,27642.0
gnn_ewc,none,0,BruteForce,task4,n_benign,27569.0
gnn_ewc,none,0,BruteForce,task4,n_attack,73.0
gnn_ewc,none,0,BruteForce,task4,accuracy,0.9973590912379712
gnn_ewc,none,0,BruteForce,task4,macro_f1,0.4993388998569126
gnn_ewc,none,0,BruteForce,task4,fpr,0.0
gnn_ewc,none,0,BruteForce,task4,detection_rate,0.0
gnn_ewc,none,0,BruteForce,task4,binary_f1,0.0
gnn_ewc,none,0,BruteForce,task4,category_recall,0.0
gnn_ewc,none,0,BruteForce,task5,n,55000.0
gnn_ewc,none,0,BruteForce,task5,n_benign,25723.0
gnn_ewc,none,0,BruteForce,task5,n_attack,29277.0
gnn_ewc,none,0,BruteForce,task5,accuracy,0.4676909090909091
gnn_ewc,none,0,BruteForce,task5,macro_f1,0.31865763165392763
gnn_ewc,none,0,BruteForce,task5,fpr,0.0
gnn_ewc,none,0,BruteForce,task5,detection_rate,0.0
gnn_ewc,none,0,BruteForce,task5,binary_f1,0.0
gnn_ewc,none,0,BruteForce,task5,category_recall,0.0
gnn_ewc,none,0,BruteForce,task6,n,25000.0
gnn_ewc,none,0,BruteForce,task6,n_benign,2841.0
gnn_ewc,none,0,BruteForce,task6,n_attack,22159.0
gnn_ewc,none,0,BruteForce,task6,accuracy,0.11364
gnn_ewc,none,0,BruteForce,task6,macro_f1,0.10204374842857655
gnn_ewc,none,0,BruteForce,task6,fpr,0.0
gnn_ewc,none,0,BruteForce,task6,detection_rate,0.0
gnn_ewc,none,0,BruteForce,task6,binary_f1,0.0
gnn_ewc,none,0,BruteForce,task6,category_recall,0.0
gnn_ewc,none,0,BruteForce,seen,n,138702.0
gnn_ewc,none,0,BruteForce,seen,n_benign,137422.0
gnn_ewc,none,0,BruteForce,seen,n_attack,1280.0
gnn_ewc,none,0,BruteForce,seen,accuracy,0.9999927902986259
gnn_ewc,none,0,BruteForce,seen,macro_f1,0.999802944543727
gnn_ewc,none,0,BruteForce,seen,fpr,7.27685523424197e-06
gnn_ewc,none,0,BruteForce,seen,detection_rate,1.0
gnn_ewc,none,0,BruteForce,seen,binary_f1,0.9996095275283092
gnn_ewc,none,0,BruteForce,all,n,416344.0
gnn_ewc,none,0,BruteForce,all,n_benign,313491.0
gnn_ewc,none,0,BruteForce,all,n_attack,102853.0
gnn_ewc,none,0,BruteForce,all,accuracy,0.7557788751609246
gnn_ewc,none,0,BruteForce,all,macro_f1,0.4425238007923229
gnn_ewc,none,0,BruteForce,all,fpr,0.0003540771505402069
gnn_ewc,none,0,BruteForce,all,detection_rate,0.012483836154511778
gnn_ewc,none,0,BruteForce,all,binary_f1,0.024633566111580078
gnn_ewc,none,1,DoS,task0,n,138702.0
gnn_ewc,none,1,DoS,task0,n_benign,137422.0
gnn_ewc,none,1,DoS,task0,n_attack,1280.0
gnn_ewc,none,1,DoS,task0,accuracy,0.9990987873282289
gnn_ewc,none,1,DoS,task0,macro_f1,0.9764950273922357
gnn_ewc,none,1,DoS,task0,fpr,0.0009096069042802463
gnn_ewc,none,1,DoS,task0,detection_rate,1.0
gnn_ewc,none,1,DoS,task0,binary_f1,0.9534450651769087
gnn_ewc,none,1,DoS,task0,category_recall,1.0
gnn_ewc,none,1,DoS,task1,n,100000.0
gnn_ewc,none,1,DoS,task1,n_benign,66394.0
gnn_ewc,none,1,DoS,task1,n_attack,33606.0
gnn_ewc,none,1,DoS,task1,accuracy,0.99838
gnn_ewc,none,1,DoS,task1,macro_f1,0.9981869363883596
gnn_ewc,none,1,DoS,task1,fpr,0.0023947947103653945
gnn_ewc,none,1,DoS,task1,detection_rate,0.9999107302267453
gnn_ewc,none,1,DoS,task1,binary_f1,0.9975952974706092
gnn_ewc,none,1,DoS,task1,category_recall,0.9999107302267453
gnn_ewc,none,1,DoS,task2,n,25000.0
gnn_ewc,none,1,DoS,task2,n_benign,24976.0
gnn_ewc,none,1,DoS,task2,n_attack,24.0
gnn_ewc,none,1,DoS,task2,accuracy,0.99904
gnn_ewc,none,1,DoS,task2,macro_f1,0.8330929872349516
gnn_ewc,none,1,DoS,task2,fpr,0.0009609224855861628
gnn_ewc,none,1,DoS,task2,detection_rate,1.0
gnn_ewc,none,1,DoS,task2,binary_f1,0.6666666666666666
gnn_ewc,none,1,DoS,task2,category_recall,1.0
gnn_ewc,none,1,DoS,task3,n,45000.0
gnn_ewc,none,1,DoS,task3,n_benign,28566.0
gnn_ewc,none,1,DoS,task3,n_attack,16434.0
gnn_ewc,none,1,DoS,task3,accuracy,0.6347333333333334
gnn_ewc,none,1,DoS,task3,macro_f1,0.38827943395456954
gnn_ewc,none,1,DoS,task3,fpr,0.00010501995379122033
gnn_ewc,none,1,DoS,task3,detection_rate,0.0
gnn_ewc,none,1,DoS,task3,binary_f1,0.0
gnn_ewc,none,1,DoS,task3,category_recall,0.0
gnn_ewc,none,1,DoS,task4,n,27642.0
gnn_ewc,none,1,DoS,task4,n_benign,27569.0
gnn_ewc,none,1,DoS,task4,n_attack,73.0
gnn_ewc,none,1,DoS,task4,accuracy,0.9969249692496925
gnn_ewc,none,1,DoS,task4,macro_f1,0.4992300585155528
gnn_ewc,none,1,DoS,task4,fpr,0.0004352715005984983
gnn_ewc,none,1,DoS,task4,detection_rate,0.0
gnn_ewc,none,1,DoS,task4,binary_f1,0.0
gnn_ewc,none,1,DoS,task4,category_recall,0.0
gnn_ewc,none,1,DoS,task5,n,55000.0
gnn_ewc,none,1,DoS,task5,n_benign,25723.0
gnn_ewc,none,1,DoS,task5,n_attack,29277.0
gnn_ewc,none,1,DoS,task5,accuracy,0.4676909090909091
gnn_ewc,none,1,DoS,task5,macro_f1,0.31865763165392763
gnn_ewc,none,1,DoS,task5,fpr,0.0
gnn_ewc,none,1,DoS,task5,detection_rate,0.0
gnn_ewc,none,1,DoS,task5,binary_f1,0.0
gnn_ewc,none,1,DoS,task5,category_recall,0.0
gnn_ewc,none,1,DoS,task6,n,25000.0
gnn_ewc,none,1,DoS,task6,n_benign,2841.0
gnn_ewc,none,1,DoS,task6,n_attack,22159.0
gnn_ewc,none,1,DoS,task6,accuracy,1.0
gnn_ewc,none,1,DoS,task6,macro_f1,1.0
gnn_ewc,none,1,DoS,task6,fpr,0.0
gnn_ewc,none,1,DoS,task6,detection_rate,1.0
gnn_ewc,none,1,DoS,task6,binary_f1,1.0
gnn_ewc,none,1,DoS,task6,category_recall,1.0
gnn_ewc,none,1,DoS,seen,n,238702.0
gnn_ewc,none,1,DoS,seen,n_benign,203816.0
gnn_ewc,none,1,DoS,seen,n_attack,34886.0
gnn_ewc,none,1,DoS,seen,accuracy,0.9987976640329783
gnn_ewc,none,1,DoS,seen,macro_f1,0.9975992749216052
gnn_ewc,none,1,DoS,seen,fpr,0.0013934136672292656
gnn_ewc,none,1,DoS,seen,detection_rate,0.9999140056182996
gnn_ewc,none,1,DoS,seen,binary_f1,0.9959031019371047
gnn_ewc,none,1,DoS,all,n,416344.0
gnn_ewc,none,1,DoS,all,n_benign,313491.0
gnn_ewc,none,1,DoS,all,n_attack,102853.0
gnn_ewc,none,1,DoS,all,accuracy,0.88925023538228
gnn_ewc,none,1,DoS,all,macro_f1,0.8218385817578513
gnn_ewc,none,1,DoS,all,fpr,0.0010303326092296111
gnn_ewc,none,1,DoS,all,detection_rate,0.554830680680194
gnn_ewc,none,1,DoS,all,binary_f1,0.7122477253154603
gnn_ewc,none,2,WebAttack,task0,n,138702.0
gnn_ewc,none,2,WebAttack,task0,n_benign,137422.0
gnn_ewc,none,2,WebAttack,task0,n_attack,1280.0
gnn_ewc,none,2,WebAttack,task0,accuracy,0.9990987873282289
gnn_ewc,none,2,WebAttack,task0,macro_f1,0.9764950273922357
gnn_ewc,none,2,WebAttack,task0,fpr,0.0009096069042802463
gnn_ewc,none,2,WebAttack,task0,detection_rate,1.0
gnn_ewc,none,2,WebAttack,task0,binary_f1,0.9534450651769087
gnn_ewc,none,2,WebAttack,task0,category_recall,1.0
gnn_ewc,none,2,WebAttack,task1,n,100000.0
gnn_ewc,none,2,WebAttack,task1,n_benign,66394.0
gnn_ewc,none,2,WebAttack,task1,n_attack,33606.0
gnn_ewc,none,2,WebAttack,task1,accuracy,0.99721
gnn_ewc,none,2,WebAttack,task1,macro_f1,0.9968746884402531
gnn_ewc,none,2,WebAttack,task1,fpr,0.002349609904509444
gnn_ewc,none,2,WebAttack,task1,detection_rate,0.9963399392965542
gnn_ewc,none,2,WebAttack,task1,binary_f1,0.9958509926388579
gnn_ewc,none,2,WebAttack,task1,category_recall,0.9963399392965542
gnn_ewc,none,2,WebAttack,task2,n,25000.0
gnn_ewc,none,2,WebAttack,task2,n_benign,24976.0
gnn_ewc,none,2,WebAttack,task2,n_attack,24.0
gnn_ewc,none,2,WebAttack,task2,accuracy,0.99904
gnn_ewc,none,2,WebAttack,task2,macro_f1,0.8330929872349516
gnn_ewc,none,2,WebAttack,task2,fpr,0.0009609224855861628
gnn_ewc,none,2,WebAttack,task2,detection_rate,1.0
gnn_ewc,none,2,WebAttack,task2,binary_f1,0.6666666666666666
gnn_ewc,none,2,WebAttack,task2,category_recall,1.0
gnn_ewc,none,2,WebAttack,task3,n,45000.0
gnn_ewc,none,2,WebAttack,task3,n_benign,28566.0
gnn_ewc,none,2,WebAttack,task3,n_attack,16434.0
gnn_ewc,none,2,WebAttack,task3,accuracy,0.6347333333333334
gnn_ewc,none,2,WebAttack,task3,macro_f1,0.38827943395456954
gnn_ewc,none,2,WebAttack,task3,fpr,0.00010501995379122033
gnn_ewc,none,2,WebAttack,task3,detection_rate,0.0
gnn_ewc,none,2,WebAttack,task3,binary_f1,0.0
gnn_ewc,none,2,WebAttack,task3,category_recall,0.0
gnn_ewc,none,2,WebAttack,task4,n,27642.0
gnn_ewc,none,2,WebAttack,task4,n_benign,27569.0
gnn_ewc,none,2,WebAttack,task4,n_attack,73.0
gnn_ewc,none,2,WebAttack,task4,accuracy,0.9973590912379712
gnn_ewc,none,2,WebAttack,task4,macro_f1,0.4993388998569126
gnn_ewc,none,2,WebAttack,task4,fpr,0.0
gnn_ewc,none,2,WebAttack,task4,detection_rate,0.0
gnn_ewc,none,2,WebAttack,task4,binary_f1,0.0
gnn_ewc,none,2,WebAttack,task4,category_recall,0.0
gnn_ewc,none,2,WebAttack,task5,n,55000.0
gnn_ewc,none,2,WebAttack,task5,n_benign,25723.0
gnn_ewc,none,2,WebAttack,task5,n_attack,29277.0
gnn_ewc,none,2,WebAttack,task5,accuracy,0.4676909090909091
gnn_ewc,none,2,WebAttack,task5,macro_f1,0.31865763165392763
gnn_ewc,none,2,WebAttack,task5,fpr,0.0
gnn_ewc,none,2,WebAttack,task5,detection_rate,0.0
gnn_ewc,none,2,WebAttack,task5,binary_f1,0.0
gnn_ewc,none,2,WebAttack,task5,category_recall,0.0
gnn_ewc,none,2,WebAttack,task6,n,25000.0
gnn_ewc,none,2,WebAttack,task6,n_benign,2841.0
gnn_ewc,none,2,WebAttack,task6,n_attack,22159.0
gnn_ewc,none,2,WebAttack,task6,accuracy,1.0
gnn_ewc,none,2,WebAttack,task6,macro_f1,1.0
gnn_ewc,none,2,WebAttack,task6,fpr,0.0
gnn_ewc,none,2,WebAttack,task6,detection_rate,1.0
gnn_ewc,none,2,WebAttack,task6,binary_f1,1.0
gnn_ewc,none,2,WebAttack,task6,category_recall,1.0
gnn_ewc,none,2,WebAttack,seen,n,263702.0
gnn_ewc,none,2,WebAttack,seen,n_benign,228792.0
gnn_ewc,none,2,WebAttack,seen,n_attack,34910.0
gnn_ewc,none,2,WebAttack,seen,accuracy,0.9983769558061751
gnn_ewc,none,2,WebAttack,seen,macro_f1,0.9964750847053143
gnn_ewc,none,2,WebAttack,seen,fpr,0.0013330885695304032
gnn_ewc,none,2,WebAttack,seen,detection_rate,0.9964766542537955
gnn_ewc,none,2,WebAttack,seen,binary_f1,0.9938858889746007
gnn_ewc,none,2,WebAttack,all,n,416344.0
gnn_ewc,none,2,WebAttack,all,n_benign,313491.0
gnn_ewc,none,2,WebAttack,all,n_attack,102853.0
gnn_ewc,none,2,WebAttack,all,accuracy,0.8889980400822397
gnn_ewc,none,2,WebAttack,all,macro_f1,0.8213181858883374
gnn_ewc,none,2,WebAttack,all,fpr,0.0009824843456430967
gnn_ewc,none,2,WebAttack,all,detection_rate,0.5536639670208939
gnn_ewc,none,2,WebAttack,all,binary_f1,0.7113492851655455
gnn_ewc,none,3,Infiltration,task0,n,138702.0
gnn_ewc,none,3,Infiltration,task0,n_benign,137422.0
gnn_ewc,none,3,Infiltration,task0,n_attack,1280.0
gnn_ewc,none,3,Infiltration,task0,accuracy,0.9999783708958775
gnn_ewc,none,3,Infiltration,task0,macro_f1,0.999409290640789
gnn_ewc,none,3,Infiltration,task0,fpr,2.183056570272591e-05
gnn_ewc,none,3,Infiltration,task0,detection_rate,1.0
gnn_ewc,none,3,Infiltration,task0,binary_f1,0.9988294966835739
gnn_ewc,none,3,Infiltration,task0,category_recall,1.0
gnn_ewc,none,3,Infiltration,task1,n,100000.0
gnn_ewc,none,3,Infiltration,task1,n_benign,66394.0
gnn_ewc,none,3,Infiltration,task1,n_attack,33606.0
gnn_ewc,none,3,Infiltration,task1,accuracy,0.98988
gnn_ewc,none,3,Infiltration,task1,macro_f1,0.9887429282179616
gnn_ewc,none,3,Infiltration,task1,fpr,0.015197156369551466
gnn_ewc,none,3,Infiltration,task1,detection_rate,0.9999107302267453
gnn_ewc,none,3,Infiltration,task1,binary_f1,0.9851652056641942
gnn_ewc,none,3,Infiltration,task1,category_recall,0.9999107302267453
gnn_ewc,none,3,Infiltration,task2,n,25000.0
gnn_ewc,none,3,Infiltration,task2,n_benign,24976.0
gnn_ewc,none,3,Infiltration,task2,n_attack,24.0
gnn_ewc,none,3,Infiltration,task2,accuracy,0.99952
gnn_ewc,none,3,Infiltration,task2,macro_f1,0.8998798558269925
gnn_ewc,none,3,Infiltration,task2,fpr,0.0004804612427930814
gnn_ewc,none,3,Infiltration,task2,detection_rate,1.0
gnn_ewc,none,3,Infiltration,task2,binary_f1,0.8
gnn_ewc,none,3,Infiltration,task2,category_recall,1.0
gnn_ewc,none,3,Infiltration,task3,n,45000.0
gnn_ewc,none,3,Infiltration,task3,n_benign,28566.0
gnn_ewc,none,3,Infiltration,task3,n_attack,16434.0
gnn_ewc,none,3,Infiltration,task3,accuracy,0.9928444444444444
gnn_ewc,none,3,Infiltration,task3,macro_f1,0.9923132057268899
gnn_ewc,none,3,Infiltration,task3,fpr,0.010922075194286915
gnn_ewc,none,3,Infiltration,task3,detection_rate,0.9993915054156018
gnn_ewc,none,3,Infiltration,task3,binary_f1,0.9902924329213144
gnn_ewc,none,3,Infiltration,task3,category_recall,0.9993915054156018
gnn_ewc,none,3,Infiltration,task4,n,27642.0
gnn_ewc,none,3,Infiltration,task4,n_benign,27569.0
gnn_ewc,none,3,Infiltration,task4,n_attack,73.0
gnn_ewc,none,3,Infiltration,task4,accuracy,0.9973590912379712
gnn_ewc,none,3,Infiltration,task4,macro_f1,0.4993388998569126
gnn_ewc,none,3,Infiltration,task4,fpr,0.0
gnn_ewc,none,3,Infiltration,task4,detection_rate,0.0
gnn_ewc,none,3,Infiltration,task4,binary_f1,0.0
gnn_ewc,none,3,Infiltration,task4,category_recall,0.0
gnn_ewc,none,3,Infiltration,task5,n,55000.0
gnn_ewc,none,3,Infiltration,task5,n_benign,25723.0
gnn_ewc,none,3,Infiltration,task5,n_attack,29277.0
gnn_ewc,none,3,Infiltration,task5,accuracy,0.9997272727272727
gnn_ewc,none,3,Infiltration,task5,macro_f1,0.9997261194628679
gnn_ewc,none,3,Infiltration,task5,fpr,0.0005831357151187653
gnn_ewc,none,3,Infiltration,task5,detection_rate,1.0
gnn_ewc,none,3,Infiltration,task5,binary_f1,0.9997438918199048
gnn_ewc,none,3,Infiltration,task5,category_recall,1.0
gnn_ewc,none,3,Infiltration,task6,n,25000.0
gnn_ewc,none,3,Infiltration,task6,n_benign,2841.0
gnn_ewc,none,3,Infiltration,task6,n_attack,22159.0
gnn_ewc,none,3,Infiltration,task6,accuracy,0.99904
gnn_ewc,none,3,Infiltration,task6,macro_f1,0.9976084854380439
gnn_ewc,none,3,Infiltration,task6,fpr,0.008447729672650475
gnn_ewc,none,3,Infiltration,task6,detection_rate,1.0
gnn_ewc,none,3,Infiltration,task6,binary_f1,0.9994587524243381
gnn_ewc,none,3,Infiltration,task6,category_recall,1.0
gnn_ewc,none,3,Infiltration,seen,n,308702.0
gnn_ewc,none,3,Infiltration,seen,n_benign,257358.0
gnn_ewc,none,3,Infiltration,seen,n_attack,51344.0
gnn_ewc,none,3,Infiltration,seen,accuracy,0.995630089860124
gnn_ewc,none,3,Infiltration,seen,macro_f1,0.9922013006487873
gnn_ewc,none,3,Infiltration,seen,fpr,0.005191212241313656
gnn_ewc,none,3,Infiltration,seen,detection_rate,0.9997468058585229
gnn_ewc,none,3,Infiltration,seen,binary_f1,0.9870302179577161
gnn_ewc,none,3,Infiltration,all,n,416344.0
gnn_ewc,none,3,Infiltration,all,n_benign,313491.0
gnn_ewc,none,3,Infiltration,all,n_attack,102853.0
gnn_ewc,none,3,Infiltration,all,accuracy,0.9964908825394385
gnn_ewc,none,3,Infiltration,all,macro_f1,0.9953034237795638
gnn_ewc,none,3,Infiltration,all,fpr,0.0043860908287638245
gnn_ewc,none,3,Infiltration,all,detection_rate,0.9991638552108348
gnn_ewc,none,3,Infiltration,all,binary_f1,0.9929418584989975
gnn_ewc,none,4,Botnet,task0,n,138702.0
gnn_ewc,none,4,Botnet,task0,n_benign,137422.0
gnn_ewc,none,4,Botnet,task0,n_attack,1280.0
gnn_ewc,none,4,Botnet,task0,accuracy,0.9995385791120531
gnn_ewc,none,4,Botnet,task0,macro_f1,0.9876791199420878
gnn_ewc,none,4,Botnet,task0,fpr,0.00045844187975724413
gnn_ewc,none,4,Botnet,task0,detection_rate,0.99921875
gnn_ewc,none,4,Botnet,task0,binary_f1,0.9755911517925248
gnn_ewc,none,4,Botnet,task0,category_recall,0.99921875
gnn_ewc,none,4,Botnet,task1,n,100000.0
gnn_ewc,none,4,Botnet,task1,n_benign,66394.0
gnn_ewc,none,4,Botnet,task1,n_attack,33606.0
gnn_ewc,none,4,Botnet,task1,accuracy,0.9948
gnn_ewc,none,4,Botnet,task1,macro_f1,0.9941928719932884
gnn_ewc,none,4,Botnet,task1,fpr,0.007335000150616019
gnn_ewc,none,4,Botnet,task1,detection_rate,0.9990180324941975
gnn_ewc,none,4,Botnet,task1,binary_f1,0.9923151952235982
gnn_ewc,none,4,Botnet,task1,category_recall,0.9990180324941975
gnn_ewc,none,4,Botnet,task2,n,25000.0
gnn_ewc,none,4,Botnet,task2,n_benign,24976.0
gnn_ewc,none,4,Botnet,task2,n_attack,24.0
gnn_ewc,none,4,Botnet,task2,accuracy,0.99944
gnn_ewc,none,4,Botnet,task2,macro_f1,0.8598598598598599
gnn_ewc,none,4,Botnet,task2,fpr,0.00032030749519538755
gnn_ewc,none,4,Botnet,task2,detection_rate,0.75
gnn_ewc,none,4,Botnet,task2,binary_f1,0.72
gnn_ewc,none,4,Botnet,task2,category_recall,0.75
gnn_ewc,none,4,Botnet,task3,n,45000.0
gnn_ewc,none,4,Botnet,task3,n_benign,28566.0
gnn_ewc,none,4,Botnet,task3,n_attack,16434.0
gnn_ewc,none,4,Botnet,task3,accuracy,0.9935555555555555
gnn_ewc,none,4,Botnet,task3,macro_f1,0.9930751968208418
gnn_ewc,none,4,Botnet,task3,fpr,0.009976895610165931
gnn_ewc,none,4,Botnet,task3,detection_rate,0.9996957527078009
gnn_ewc,none,4,Botnet,task3,binary_f1,0.9912513575479667
gnn_ewc,none,4,Botnet,task3,category_recall,0.9996957527078009
gnn_ewc,none,4,Botnet,task4,n,27642.0
gnn_ewc,none,4,Botnet,task4,n_benign,27569.0
gnn_ewc,none,4,Botnet,task4,n_attack,73.0
gnn_ewc,none,4,Botnet,task4,accuracy,0.9997829390058607
gnn_ewc,none,4,Botnet,task4,macro_f1,0.9802087430358527
gnn_ewc,none,4,Botnet,task4,fpr,0.00021763575029924915
gnn_ewc,none,4,Botnet,task4,detection_rate,1.0
gnn_ewc,none,4,Botnet,task4,binary_f1,0.9605263157894737
gnn_ewc,none,4,Botnet,task4,category_recall,1.0
gnn_ewc,none,4,Botnet,task5,n,55000.0
gnn_ewc,none,4,Botnet,task5,n_benign,25723.0
gnn_ewc,none,4,Botnet,task5,n_attack,29277.0
gnn_ewc,none,4,Botnet,task5,accuracy,0.9982909090909091
gnn_ewc,none,4,Botnet,task5,macro_f1,0.9982840631119543
gnn_ewc,none,4,Botnet,task5,fpr,0.00027213000038875715
gnn_ewc,none,4,Botnet,task5,detection_rate,0.9970283840557435
gnn_ewc,none,4,Botnet,task5,binary_f1,0.9983924479255738
gnn_ewc,none,4,Botnet,task5,category_recall,0.9970283840557435
gnn_ewc,none,4,Botnet,task6,n,25000.0
gnn_ewc,none,4,Botnet,task6,n_benign,2841.0
gnn_ewc,none,4,Botnet,task6,n_attack,22159.0
gnn_ewc,none,4,Botnet,task6,accuracy,0.94984
gnn_ewc,none,4,Botnet,task6,macro_f1,0.8950423510641923
gnn_ewc,none,4,Botnet,task6,fpr,0.0
gnn_ewc,none,4,Botnet,task6,detection_rate,0.9434089986010199
gnn_ewc,none,4,Botnet,task6,binary_f1,0.9708805498792495
gnn_ewc,none,4,Botnet,task6,category_recall,0.9434089986010199
gnn_ewc,none,4,Botnet,seen,n,336344.0
gnn_ewc,none,4,Botnet,seen,n_benign,284927.0
gnn_ewc,none,4,Botnet,seen,n_attack,51417.0
gnn_ewc,none,4,Botnet,seen,accuracy,0.9973420069928407
gnn_ewc,none,4,Botnet,seen,macro_f1,0.994901390480822
gnn_ewc,none,4,Botnet,seen,fpr,0.0029797105925377376
gnn_ewc,none,4,Botnet,seen,detection_rate,0.9991248030806932
gnn_ewc,none,4,Botnet,seen,binary_f1,0.9913738204133619
gnn_ewc,none,4,Botnet,all,n,416344.0
gnn_ewc,none,4,Botnet,all,n_benign,313491.0
gnn_ewc,none,4,Botnet,all,n_attack,102853.0
gnn_ewc,none,4,Botnet,all,accuracy,0.9946150298791384
gnn_ewc,none,4,Botnet,all,macro_f1,0.9927499779986085
gnn_ewc,none,4,Botnet,all,fpr,0.0027305409086704245
gnn_ewc,none,4,Botnet,all,detection_rate,0.9865244572350831
gnn_ewc,none,4,Botnet,all,binary_f1,0.989072796038523
gnn_ewc,none,5,PortScan,task0,n,138702.0
gnn_ewc,none,5,PortScan,task0,n_benign,137422.0
gnn_ewc,none,5,PortScan,task0,n_attack,1280.0
gnn_ewc,none,5,PortScan,task0,accuracy,0.9995529985148015
gnn_ewc,none,5,PortScan,task0,macro_f1,0.9880641474438976
gnn_ewc,none,5,PortScan,task0,fpr,0.0004511650245230021
gnn_ewc,none,5,PortScan,task0,detection_rate,1.0
gnn_ewc,none,5,PortScan,task0,binary_f1,0.9763539282990084
gnn_ewc,none,5,PortScan,task0,category_recall,1.0
gnn_ewc,none,5,PortScan,task1,n,100000.0
gnn_ewc,none,5,PortScan,task1,n_benign,66394.0
gnn_ewc,none,5,PortScan,task1,n_attack,33606.0
gnn_ewc,none,5,PortScan,task1,accuracy,0.98969
gnn_ewc,none,5,PortScan,task1,macro_f1,0.9885331200481206
gnn_ewc,none,5,PortScan,task1,fpr,0.015483326806639153
gnn_ewc,none,5,PortScan,task1,detection_rate,0.9999107302267453
gnn_ewc,none,5,PortScan,task1,binary_f1,0.9848908949690051
gnn_ewc,none,5,PortScan,task1,category_recall,0.9999107302267453
gnn_ewc,none,5,PortScan,task2,n,25000.0
gnn_ewc,none,5,PortScan,task2,n_benign,24976.0
gnn_ewc,none,5,PortScan,task2,n_attack,24.0
gnn_ewc,none,5,PortScan,task2,accuracy,0.99972
gnn_ewc,none,5,PortScan,task2,macro_f1,0.9338921898722079
gnn_ewc,none,5,PortScan,task2,fpr,0.0002402306213965407
gnn_ewc,none,5,PortScan,task2,detection_rate,0.9583333333333334
gnn_ewc,none,5,PortScan,task2,binary_f1,0.8679245283018868
gnn_ewc,none,5,PortScan,task2,category_recall,0.9583333333333334
gnn_ewc,none,5,PortScan,task3,n,45000.0
gnn_ewc,none,5,PortScan,task3,n_benign,28566.0
gnn_ewc,none,5,PortScan,task3,n_attack,16434.0
gnn_ewc,none,5,PortScan,task3,accuracy,0.9927555555555555
gnn_ewc,none,5,PortScan,task3,macro_f1,0.992219474076586
gnn_ewc,none,5,PortScan,task3,fpr,0.011307148358188055
gnn_ewc,none,5,PortScan,task3,detection_rate,0.9998174516246805
gnn_ewc,none,5,PortScan,task3,binary_f1,0.9901771724719778
gnn_ewc,none,5,PortScan,task3,category_recall,0.9998174516246805
gnn_ewc,none,5,PortScan,task4,n,27642.0
gnn_ewc,none,5,PortScan,task4,n_benign,27569.0
gnn_ewc,none,5,PortScan,task4,n_attack,73.0
gnn_ewc,none,5,PortScan,task4,accuracy,0.9996382316764344
gnn_ewc,none,5,PortScan,task4,macro_f1,0.9678580199368183
gnn_ewc,none,5,PortScan,task4,fpr,0.0003627262504987486
gnn_ewc,none,5,PortScan,task4,detection_rate,1.0
gnn_ewc,none,5,PortScan,task4,binary_f1,0.9358974358974359
gnn_ewc,none,5,PortScan,task4,category_recall,1.0
gnn_ewc,none,5,PortScan,task5,n,55000.0
gnn_ewc,none,5,PortScan,task5,n_benign,25723.0
gnn_ewc,none,5,PortScan,task5,n_attack,29277.0
gnn_ewc,none,5,PortScan,task5,accuracy,0.9997090909090909
gnn_ewc,none,5,PortScan,task5,macro_f1,0.9997078600680268
gnn_ewc,none,5,PortScan,task5,fpr,0.0006220114294600164
gnn_ewc,none,5,PortScan,task5,detection_rate,1.0
gnn_ewc,none,5,PortScan,task5,binary_f1,0.9997268226054294
gnn_ewc,none,5,PortScan,task5,category_recall,1.0
gnn_ewc,none,5,PortScan,task6,n,25000.0
gnn_ewc,none,5,PortScan,task6,n_benign,2841.0
gnn_ewc,none,5,PortScan,task6,n_attack,22159.0
gnn_ewc,none,5,PortScan,task6,accuracy,0.99804
gnn_ewc,none,5,PortScan,task6,macro_f1,0.9951715696788277
gnn_ewc,none,5,PortScan,task6,fpr,0.0
gnn_ewc,none,5,PortScan,task6,detection_rate,0.9977887088767544
gnn_ewc,none,5,PortScan,task6,binary_f1,0.9988931306331744
gnn_ewc,none,5,PortScan,task6,category_recall,0.9977887088767544
gnn_ewc,none,5,PortScan,seen,n,391344.0
gnn_ewc,none,5,PortScan,seen,n_benign,310650.0
gnn_ewc,none,5,PortScan,seen,n_attack,80694.0
gnn_ewc,none,5,PortScan,seen,accuracy,0.9962897093094566
gnn_ewc,none,5,PortScan,seen,macro_f1,0.994370024190786
gnn_ewc,none,5,PortScan,seen,fpr,0.004651537099629809
gnn_ewc,none,5,PortScan,seen,detection_rate,0.9999132525342652
gnn_ewc,none,5,PortScan,seen,binary_f1,0.9910825052510042
gnn_ewc,none,5,PortScan,all,n,416344.0
gnn_ewc,none,5,PortScan,all,n_benign,313491.0
gnn_ewc,none,5,PortScan,all,n_attack,102853.0
gnn_ewc,none,5,PortScan,all,accuracy,0.9963948081394232
gnn_ewc,none,5,PortScan,all,macro_f1,0.995176397535537
gnn_ewc,none,5,PortScan,all,fpr,0.0046093827255008915
gnn_ewc,none,5,PortScan,all,detection_rate,0.99945553362566
gnn_ewc,none,5,PortScan,all,binary_f1,0.9927521185929163
gnn_ewc,none,6,DDoS,task0,n,138702.0
gnn_ewc,none,6,DDoS,task0,n_benign,137422.0
gnn_ewc,none,6,DDoS,task0,n_attack,1280.0
gnn_ewc,none,6,DDoS,task0,accuracy,0.9998774350766392
gnn_ewc,none,6,DDoS,task0,macro_f1,0.9966706624495063
gnn_ewc,none,6,DDoS,task0,fpr,0.00012370653898211348
gnn_ewc,none,6,DDoS,task0,detection_rate,1.0
gnn_ewc,none,6,DDoS,task0,binary_f1,0.9934031819945673
gnn_ewc,none,6,DDoS,task0,category_recall,1.0
gnn_ewc,none,6,DDoS,task1,n,100000.0
gnn_ewc,none,6,DDoS,task1,n_benign,66394.0
gnn_ewc,none,6,DDoS,task1,n_attack,33606.0
gnn_ewc,none,6,DDoS,task1,accuracy,0.98984
gnn_ewc,none,6,DDoS,task1,macro_f1,0.9886987534692596
gnn_ewc,none,6,DDoS,task1,fpr,0.0152574027773594
gnn_ewc,none,6,DDoS,task1,detection_rate,0.9999107302267453
gnn_ewc,none,6,DDoS,task1,binary_f1,0.985107443346721
gnn_ewc,none,6,DDoS,task1,category_recall,0.9999107302267453
gnn_ewc,none,6,DDoS,task2,n,25000.0
gnn_ewc,none,6,DDoS,task2,n_benign,24976.0
gnn_ewc,none,6,DDoS,task2,n_attack,24.0
gnn_ewc,none,6,DDoS,task2,accuracy,0.99952
gnn_ewc,none,6,DDoS,task2,macro_f1,0.8964315847762716
gnn_ewc,none,6,DDoS,task2,fpr,0.0004404228058936579
gnn_ewc,none,6,DDoS,task2,detection_rate,0.9583333333333334
gnn_ewc,none,6,DDoS,task2,binary_f1,0.7931034482758621
gnn_ewc,none,6,DDoS,task2,category_recall,0.9583333333333334
gnn_ewc,none,6,DDoS,task3,n,45000.0
gnn_ewc,none,6,DDoS,task3,n_benign,28566.0
gnn_ewc,none,6,DDoS,task3,n_attack,16434.0
gnn_ewc,none,6,DDoS,task3,accuracy,0.9930888888888889
gnn_ewc,none,6,DDoS,task3,macro_f1,0.9925753320300773
gnn_ewc,none,6,DDoS,task3,fpr,0.010642021984176993
gnn_ewc,none,6,DDoS,task3,detection_rate,0.9995740537909212
gnn_ewc,none,6,DDoS,task3,binary_f1,0.9906226443539876
gnn_ewc,none,6,DDoS,task3,category_recall,0.9995740537909212
gnn_ewc,none,6,DDoS,task4,n,27642.0
gnn_ewc,none,6,DDoS,task4,n_benign,27569.0
gnn_ewc,none,6,DDoS,task4,n_attack,73.0
gnn_ewc,none,6,DDoS,task4,accuracy,0.9979017437233196
gnn_ewc,none,6,DDoS,task4,macro_f1,0.7923312470207872
gnn_ewc,none,6,DDoS,task4,fpr,0.0009430882512967463
gnn_ewc,none,6,DDoS,task4,detection_rate,0.5616438356164384
gnn_ewc,none,6,DDoS,task4,binary_f1,0.5857142857142857
gnn_ewc,none,6,DDoS,task4,category_recall,0.5616438356164384
gnn_ewc,none,6,DDoS,task5,n,55000.0
gnn_ewc,none,6,DDoS,task5,n_benign,25723.0
gnn_ewc,none,6,DDoS,task5,n_attack,29277.0
gnn_ewc,none,6,DDoS,task5,accuracy,0.9998
gnn_ewc,none,6,DDoS,task5,macro_f1,0.9997991561754194
gnn_ewc,none,6,DDoS,task5,fpr,0.00042763285775376125
gnn_ewc,none,6,DDoS,task5,detection_rate,1.0
gnn_ewc,none,6,DDoS,task5,binary_f1,0.999812174506958
gnn_ewc,none,6,DDoS,task5,category_recall,1.0
gnn_ewc,none,6,DDoS,task6,n,25000.0
gnn_ewc,none,6,DDoS,task6,n_benign,2841.0
gnn_ewc,none,6,DDoS,task6,n_attack,22159.0
gnn_ewc,none,6,DDoS,task6,accuracy,1.0
gnn_ewc,none,6,DDoS,task6,macro_f1,1.0
gnn_ewc,none,6,DDoS,task6,fpr,0.0
gnn_ewc,none,6,DDoS,task6,detection_rate,1.0
gnn_ewc,none,6,DDoS,task6,binary_f1,1.0
gnn_ewc,none,6,DDoS,task6,category_recall,1.0
gnn_ewc,none,6,DDoS,seen,n,416344.0
gnn_ewc,none,6,DDoS,seen,n_benign,313491.0
gnn_ewc,none,6,DDoS,seen,n_attack,102853.0
gnn_ewc,none,6,DDoS,seen,accuracy,0.9965773494994524
gnn_ewc,none,6,DDoS,seen,macro_f1,0.9954198907456626
gnn_ewc,none,6,DDoS,seen,fpr,0.004408420018437531
gnn_ewc,none,6,DDoS,seen,detection_rate,0.9995819276054174
gnn_ewc,none,6,DDoS,seen,binary_f1,0.9931174382380642
gnn_ewc,none,6,DDoS,all,n,416344.0
gnn_ewc,none,6,DDoS,all,n_benign,313491.0
gnn_ewc,none,6,DDoS,all,n_attack,102853.0
gnn_ewc,none,6,DDoS,all,accuracy,0.9965773494994524
gnn_ewc,none,6,DDoS,all,macro_f1,0.9954198907456626
gnn_ewc,none,6,DDoS,all,fpr,0.004408420018437531
gnn_ewc,none,6,DDoS,all,detection_rate,0.9995819276054174
gnn_ewc,none,6,DDoS,all,binary_f1,0.9931174382380642
