model,ip_mode,after_task,after_task_category,scope,metric,value
xgboost_static,none,0,BruteForce,task0,n,138702.0
xgboost_static,none,0,BruteForce,task0,n_benign,137344.0
xgboost_static,none,0,BruteForce,task0,n_attack,1358.0
xgboost_static,none,0,BruteForce,task0,accuracy,0.9999062738821358
xgboost_static,none,0,BruteForce,task0,macro_f1,0.9975716024301203
xgboost_static,none,0,BruteForce,task0,fpr,0.0
xgboost_static,none,0,BruteForce,task0,detection_rate,0.9904270986745214
xgboost_static,none,0,BruteForce,task0,binary_f1,0.9951905290418054
xgboost_static,none,0,BruteForce,task0,category_recall,0.9904270986745214
xgboost_static,none,0,BruteForce,task1,n,96639.0
xgboost_static,none,0,BruteForce,task1,n_benign,76782.0
xgboost_static,none,0,BruteForce,task1,n_attack,19857.0
xgboost_static,none,0,BruteForce,task1,accuracy,0.7945239499580915
xgboost_static,none,0,BruteForce,task1,macro_f1,0.44274914802705556
xgboost_static,none,0,BruteForce,task1,fpr,0.0
xgboost_static,none,0,BruteForce,task1,detection_rate,0.0
xgboost_static,none,0,BruteForce,task1,binary_f1,0.0
xgboost_static,none,0,BruteForce,task1,category_recall,0.0
xgboost_static,none,0,BruteForce,task2,n,21631.0
xgboost_static,none,0,BruteForce,task2,n_benign,21610.0
xgboost_static,none,0,BruteForce,task2,n_attack,21.0
xgboost_static,none,0,BruteForce,task2,accuracy,0.9990291710970367
xgboost_static,none,0,BruteForce,task2,macro_f1,0.4997571749034481
xgboost_static,none,0,BruteForce,task2,fpr,0.0
xgboost_static,none,0,BruteForce,task2,detection_rate,0.0
xgboost_static,none,0,BruteForce,task2,binary_f1,0.0
xgboost_static,none,0,BruteForce,task2,category_recall,0.0
xgboost_static,none,0,BruteForce,task3,n,50445.0
xgboost_static,none,0,BruteForce,task3,n_benign,32949.0
xgboost_static,none,0,BruteForce,task3,n_attack,17496.0
xgboost_static,none,0,BruteForce,task3,accuracy,0.6531073446327683
xgboost_static,none,0,BruteForce,task3,macro_f1,0.39513072679299593
xgboost_static,none,0,BruteForce,task3,fpr,9.104980424292088e-05
xgboost_static,none,0,BruteForce,task3,detection_rate,0.0006287151348879744
xgboost_static,none,0,BruteForce,task3,binary_f1,0.0012564249000571101
xgboost_static,none,0,BruteForce,task3,category_recall,0.0
xgboost_static,none,0,BruteForce,task4,n,27642.0
xgboost_static,none,0,BruteForce,task4,n_benign,27385.0
xgboost_static,none,0,BruteForce,task4,n_attack,257.0
xgboost_static,none,0,BruteForce,task4,accuracy,0.9907025540843644
xgboost_static,none,0,BruteForce,task4,macro_f1,0.49766478274301706
xgboost_static,none,0,BruteForce,task4,fpr,0.0
xgboost_static,none,0,BruteForce,task4,detection_rate,0.0
xgboost_static,none,0,BruteForce,task4,binary_f1,0.0
xgboost_static,none,0,BruteForce,task4,category_recall,0.0
xgboost_static,none,0,BruteForce,task5,n,51117.0
xgboost_static,none,0,BruteForce,task5,n_benign,31046.0
xgboost_static,none,0,BruteForce,task5,n_attack,20071.0
xgboost_static,none,0,BruteForce,task5,accuracy,0.6073517616448539
xgboost_static,none,0,BruteForce,task5,macro_f1,0.37785864683616716
xgboost_static,none,0,BruteForce,task5,fpr,0.0
xgboost_static,none,0,BruteForce,task5,detection_rate,0.0
xgboost_static,none,0,BruteForce,task5,binary_f1,0.0
xgboost_static,none,0,BruteForce,task5,category_recall,0.0
xgboost_static,none,0,BruteForce,task6,n,28798.0
xgboost_static,none,0,BruteForce,task6,n_benign,9791.0
xgboost_static,none,0,BruteForce,task6,n_attack,19007.0
xgboost_static,none,0,BruteForce,task6,accuracy,0.3399888881172304
xgboost_static,none,0,BruteForce,task6,macro_f1,0.25372515483687064
xgboost_static,none,0,BruteForce,task6,fpr,0.0
xgboost_static,none,0,BruteForce,task6,detection_rate,0.0
xgboost_static,none,0,BruteForce,task6,binary_f1,0.0
xgboost_static,none,0,BruteForce,task6,category_recall,0.0
xgboost_static,none,0,BruteForce,seen,n,138702.0
xgboost_static,none,0,BruteForce,seen,n_benign,137344.0
xgboost_static,none,0,BruteForce,seen,n_attack,1358.0
xgboost_static,none,0,BruteForce,seen,accuracy,0.9999062738821358
xgboost_static,none,0,BruteForce,seen,macro_f1,0.9975716024301203
xgboost_static,none,0,BruteForce,seen,fpr,0.0
xgboost_static,none,0,BruteForce,seen,detection_rate,0.9904270986745214
xgboost_static,none,0,BruteForce,seen,binary_f1,0.9951905290418054
xgboost_static,none,0,BruteForce,all,n,414974.0
xgboost_static,none,0,BruteForce,all,n_benign,336907.0
xgboost_static,none,0,BruteForce,all,n_attack,78067.0
xgboost_static,none,0,BruteForce,all,accuracy,0.8151088983888147
xgboost_static,none,0,BruteForce,all,macro_f1,0.23598104709430173
xgboost_static,none,0,BruteForce,all,fpr,8.904534485777975e-06
xgboost_static,none,0,BruteForce,all,detection_rate,0.01736969526176233
xgboost_static,none,0,BruteForce,all,binary_f1,0.03414499030544154
xgboost_static,none,1,DoS,task0,n,138702.0
xgboost_static,none,1,DoS,task0,n_benign,137344.0
xgboost_static,none,1,DoS,task0,n_attack,1358.0
xgboost_static,none,1,DoS,task0,accuracy,0.9999062738821358
xgboost_static,none,1,DoS,task0,macro_f1,0.9975716024301203
xgboost_static,none,1,DoS,task0,fpr,0.0
xgboost_static,none,1,DoS,task0,detection_rate,0.9904270986745214
xgboost_static,none,1,DoS,task0,binary_f1,0.9951905290418054
xgboost_static,none,1,DoS,task0,category_recall,0.9904270986745214
xgboost_static,none,1,DoS,task1,n,96639.0
xgboost_static,none,1,DoS,task1,n_benign,76782.0
xgboost_static,none,1,DoS,task1,n_attack,19857.0
xgboost_static,none,1,DoS,task1,accuracy,0.7945239499580915
xgboost_static,none,1,DoS,task1,macro_f1,0.44274914802705556
xgboost_static,none,1,DoS,task1,fpr,0.0
xgboost_static,none,1,DoS,task1,detection_rate,0.0
xgboost_static,none,1,DoS,task1,binary_f1,0.0
xgboost_static,none,1,DoS,task1,category_recall,0.0
xgboost_static,none,1,DoS,task2,n,21631.0
xgboost_static,none,1,DoS,task2,n_benign,21610.0
xgboost_static,none,1,DoS,task2,n_attack,21.0
xgboost_static,none,1,DoS,task2,accuracy,0.9990291710970367
xgboost_static,none,1,DoS,task2,macro_f1,0.4997571749034481
xgboost_static,none,1,DoS,task2,fpr,0.0
xgboost_static,none,1,DoS,task2,detection_rate,0.0
xgboost_static,none,1,DoS,task2,binary_f1,0.0
xgboost_static,none,1,DoS,task2,category_recall,0.0
xgboost_static,none,1,DoS,task3,n,50445.0
xgboost_static,none,1,DoS,task3,n_benign,32949.0
xgboost_static,none,1,DoS,task3,n_attack,17496.0
xgboost_static,none,1,DoS,task3,accuracy,0.6531073446327683
xgboost_static,none,1,DoS,task3,macro_f1,0.39513072679299593
xgboost_static,none,1,DoS,task3,fpr,9.104980424292088e-05
xgboost_static,none,1,DoS,task3,detection_rate,0.0006287151348879744
xgboost_static,none,1,DoS,task3,binary_f1,0.0012564249000571101
xgboost_static,none,1,DoS,task3,category_recall,0.0
xgboost_static,none,1,DoS,task4,n,27642.0
xgboost_static,none,1,DoS,task4,n_benign,27385.0
xgboost_static,none,1,DoS,task4,n_attack,257.0
xgboost_static,none,1,DoS,task4,accuracy,0.9907025540843644
xgboost_static,none,1,DoS,task4,macro_f1,0.49766478274301706
xgboost_static,none,1,DoS,task4,fpr,0.0
xgboost_static,none,1,DoS,task4,detection_rate,0.0
xgboost_static,none,1,DoS,task4,binary_f1,0.0
xgboost_static,none,1,DoS,task4,category_recall,0.0
xgboost_static,none,1,DoS,task5,n,51117.0
xgboost_static,none,1,DoS,task5,n_benign,31046.0
xgboost_static,none,1,DoS,task5,n_attack,20071.0
xgboost_static,none,1,DoS,task5,accuracy,0.6073517616448539
xgboost_static,none,1,DoS,task5,macro_f1,0.37785864683616716
xgboost_static,none,1,DoS,task5,fpr,0.0
xgboost_static,none,1,DoS,task5,detection_rate,0.0
xgboost_static,none,1,DoS,task5,binary_f1,0.0
xgboost_static,none,1,DoS,task5,category_recall,0.0
xgboost_static,none,1,DoS,task6,n,28798.0
xgboost_static,none,1,DoS,task6,n_benign,9791.0
xgboost_static,none,1,DoS,task6,n_attack,19007.0
xgboost_static,none,1,DoS,task6,accuracy,0.3399888881172304
xgboost_static,none,1,DoS,task6,macro_f1,0.25372515483687064
xgboost_static,none,1,DoS,task6,fpr,0.0
xgboost_static,none,1,DoS,task6,detection_rate,0.0
xgboost_static,none,1,DoS,task6,binary_f1,0.0
xgboost_static,none,1,DoS,task6,category_recall,0.0
xgboost_static,none,1,DoS,seen,n,235341.0
xgboost_static,none,1,DoS,seen,n_benign,214126.0
xgboost_static,none,1,DoS,seen,n_attack,21215.0
xgboost_static,none,1,DoS,seen,accuracy,0.9155693228124296
xgboost_static,none,1,DoS,seen,macro_f1,0.6502833084556378
xgboost_static,none,1,DoS,seen,fpr,0.0
xgboost_static,none,1,DoS,seen,detection_rate,0.06339853876973839
xgboost_static,none,1,DoS,seen,binary_f1,0.11923758865248227
xgboost_static,none,1,DoS,all,n,414974.0
xgboost_static,none,1,DoS,all,n_benign,336907.0
xgboost_static,none,1,DoS,all,n_attack,78067.0
xgboost_static,none,1,DoS,all,accuracy,0.8151088983888147
xgboost_static,none,1,DoS,all,macro_f1,0.23598104709430173
xgboost_static,none,1,DoS,all,fpr,8.904534485777975e-06
xgboost_static,none,1,DoS,all,detection_rate,0.01736969526176233
xgboost_static,none,1,DoS,all,binary_f1,0.03414499030544154
xgboost_static,none,2,WebAttack,task0,n,138702.0
xgboost_static,none,2,WebAttack,task0,n_benign,137344.0
xgboost_static,none,2,WebAttack,task0,n_attack,1358.0
xgboost_static,none,2,WebAttack,task0,accuracy,0.9999062738821358
xgboost_static,none,2,WebAttack,task0,macro_f1,0.9975716024301203
xgboost_static,none,2,WebAttack,task0,fpr,0.0
xgboost_static,none,2,WebAttack,task0,detection_rate,0.9904270986745214
xgboost_static,none,2,WebAttack,task0,binary_f1,0.9951905290418054
xgboost_static,none,2,WebAttack,task0,category_recall,0.9904270986745214
xgboost_static,none,2,WebAttack,task1,n,96639.0
xgboost_static,none,2,WebAttack,task1,n_benign,76782.0
xgboost_static,none,2,WebAttack,task1,n_attack,19857.0
xgboost_static,none,2,WebAttack,task1,accuracy,0.7945239499580915
xgboost_static,none,2,WebAttack,task1,macro_f1,0.44274914802705556
xgboost_static,none,2,WebAttack,task1,fpr,0.0
xgboost_static,none,2,WebAttack,task1,detection_rate,0.0
xgboost_static,none,2,WebAttack,task1,binary_f1,0.0
xgboost_static,none,2,WebAttack,task1,category_recall,0.0
xgboost_static,none,2,WebAttack,task2,n,21631.0
xgboost_static,none,2,WebAttack,task2,n_benign,21610.0
xgboost_static,none,2,WebAttack,task2,n_attack,21.0
xgboost_static,none,2,WebAttack,task2,accuracy,0.9990291710970367
xgboost_static,none,2,WebAttack,task2,macro_f1,0.4997571749034481
xgboost_static,none,2,WebAttack,task2,fpr,0.0
xgboost_static,none,2,WebAttack,task2,detection_rate,0.0
xgboost_static,none,2,WebAttack,task2,binary_f1,0.0
xgboost_static,none,2,WebAttack,task2,category_recall,0.0
xgboost_static,none,2,WebAttack,task3,n,50445.0
xgboost_static,none,2,WebAttack,task3,n_benign,32949.0
xgboost_static,none,2,WebAttack,task3,n_attack,17496.0
xgboost_static,none,2,WebAttack,task3,accuracy,0.6531073446327683
xgboost_static,none,2,WebAttack,task3,macro_f1,0.39513072679299593
xgboost_static,none,2,WebAttack,task3,fpr,9.104980424292088e-05
xgboost_static,none,2,WebAttack,task3,detection_rate,0.0006287151348879744
xgboost_static,none,2,WebAttack,task3,binary_f1,0.0012564249000571101
xgboost_static,none,2,WebAttack,task3,category_recall,0.0
xgboost_static,none,2,WebAttack,task4,n,27642.0
xgboost_static,none,2,WebAttack,task4,n_benign,27385.0
xgboost_static,none,2,WebAttack,task4,n_attack,257.0
xgboost_static,none,2,WebAttack,task4,accuracy,0.9907025540843644
xgboost_static,none,2,WebAttack,task4,macro_f1,0.49766478274301706
xgboost_static,none,2,WebAttack,task4,fpr,0.0
xgboost_static,none,2,WebAttack,task4,detection_rate,0.0
xgboost_static,none,2,WebAttack,task4,binary_f1,0.0
xgboost_static,none,2,WebAttack,task4,category_recall,0.0
xgboost_static,none,2,WebAttack,task5,n,51117.0
xgboost_static,none,2,WebAttack,task5,n_benign,31046.0
xgboost_static,none,2,WebAttack,task5,n_attack,20071.0
xgboost_static,none,2,WebAttack,task5,accuracy,0.6073517616448539
xgboost_static,none,2,WebAttack,task5,macro_f1,0.37785864683616716
xgboost_static,none,2,WebAttack,task5,fpr,0.0
xgboost_static,none,2,WebAttack,task5,detection_rate,0.0
xgboost_static,none,2,WebAttack,task5,binary_f1,0.0
xgboost_static,none,2,WebAttack,task5,category_recall,0.0
xgboost_static,none,2,WebAttack,task6,n,28798.0
xgboost_static,none,2,WebAttack,task6,n_benign,9791.0
xgboost_static,none,2,WebAttack,task6,n_attack,19007.0
xgboost_static,none,2,WebAttack,task6,accuracy,0.3399888881172304
xgboost_static,none,2,WebAttack,task6,macro_f1,0.25372515483687064
xgboost_static,none,2,WebAttack,task6,fpr,0.0
xgboost_static,none,2,WebAttack,task6,detection_rate,0.0
xgboost_static,none,2,WebAttack,task6,binary_f1,0.0
xgboost_static,none,2,WebAttack,task6,category_recall,0.0
xgboost_static,none,2,WebAttack,seen,n,256972.0
xgboost_static,none,2,WebAttack,seen,n_benign,235736.0
xgboost_static,none,2,WebAttack,seen,n_attack,21236.0
xgboost_static,none,2,WebAttack,seen,accuracy,0.922594679575985
xgboost_static,none,2,WebAttack,seen,macro_f1,0.4886773138807606
xgboost_static,none,2,WebAttack,seen,fpr,0.0
xgboost_static,none,2,WebAttack,seen,detection_rate,0.06333584479186287
xgboost_static,none,2,WebAttack,seen,binary_f1,0.11912669943758027
xgboost_static,none,2,WebAttack,all,n,414974.0
xgboost_static,none,2,WebAttack,all,n_benign,336907.0
xgboost_static,none,2,WebAttack,all,n_attack,78067.0
xgboost_static,none,2,WebAttack,all,accuracy,0.8151088983888147
xgboost_static,none,2,WebAttack,all,macro_f1,0.23598104709430173
xgboost_static,none,2,WebAttack,all,fpr,8.904534485777975e-06
xgboost_static,none,2,WebAttack,all,detection_rate,0.01736969526176233
xgboost_static,none,2,WebAttack,all,binary_f1,0.03414499030544154
xgboost_static,none,3,Infiltration,task0,n,138702.0
xgboost_static,none,3,Infiltration,task0,n_benign,137344.0
xgboost_static,none,3,Infiltration,task0,n_attack,1358.0
xgboost_static,none,3,Infiltration,task0,accuracy,0.9999062738821358
xgboost_static,none,3,Infiltration,task0,macro_f1,0.9975716024301203
xgboost_static,none,3,Infiltration,task0,fpr,0.0
xgboost_static,none,3,Infiltration,task0,detection_rate,0.9904270986745214
xgboost_static,none,3,Infiltration,task0,binary_f1,0.9951905290418054
xgboost_static,none,3,Infiltration,task0,category_recall,0.9904270986745214
xgboost_static,none,3,Infiltration,task1,n,96639.0
xgboost_static,none,3,Infiltration,task1,n_benign,76782.0
xgboost_static,none,3,Infiltration,task1,n_attack,19857.0
xgboost_static,none,3,Infiltration,task1,accuracy,0.7945239499580915
xgboost_static,none,3,Infiltration,task1,macro_f1,0.44274914802705556
xgboost_static,none,3,Infiltration,task1,fpr,0.0
xgboost_static,none,3,Infiltration,task1,detection_rate,0.0
xgboost_static,none,3,Infiltration,task1,binary_f1,0.0
xgboost_static,none,3,Infiltration,task1,category_recall,0.0
xgboost_static,none,3,Infiltration,task2,n,21631.0
xgboost_static,none,3,Infiltration,task2,n_benign,21610.0
xgboost_static,none,3,Infiltration,task2,n_attack,21.0
xgboost_static,none,3,Infiltration,task2,accuracy,0.9990291710970367
xgboost_static,none,3,Infiltration,task2,macro_f1,0.4997571749034481
xgboost_static,none,3,Infiltration,task2,fpr,0.0
xgboost_static,none,3,Infiltration,task2,detection_rate,0.0
xgboost_static,none,3,Infiltration,task2,binary_f1,0.0
xgboost_static,none,3,Infiltration,task2,category_recall,0.0
xgboost_static,none,3,Infiltration,task3,n,50445.0
xgboost_static,none,3,Infiltration,task3,n_benign,32949.0
xgboost_static,none,3,Infiltration,task3,n_attack,17496.0
xgboost_static,none,3,Infiltration,task3,accuracy,0.6531073446327683
xgboost_static,none,3,Infiltration,task3,macro_f1,0.39513072679299593
xgboost_static,none,3,Infiltration,task3,fpr,9.104980424292088e-05
xgboost_static,none,3,Infiltration,task3,detection_rate,0.0006287151348879744
xgboost_static,none,3,Infiltration,task3,binary_f1,0.0012564249000571101
xgboost_static,none,3,Infiltration,task3,category_recall,0.0
xgboost_static,none,3,Infiltration,task4,n,27642.0
xgboost_static,none,3,Infiltration,task4,n_benign,27385.0
xgboost_static,none,3,Infiltration,task4,n_attack,257.0
xgboost_static,none,3,Infiltration,task4,accuracy,0.9907025540843644
xgboost_static,none,3,Infiltration,task4,macro_f1,0.49766478274301706
xgboost_static,none,3,Infiltration,task4,fpr,0.0
xgboost_static,none,3,Infiltration,task4,detection_rate,0.0
xgboost_static,none,3,Infiltration,task4,binary_f1,0.0
xgboost_static,none,3,Infiltration,task4,category_recall,0.0
xgboost_static,none,3,Infiltration,task5,n,51117.0
xgboost_static,none,3,Infiltration,task5,n_benign,31046.0
xgboost_static,none,3,Infiltration,task5,n_attack,20071.0
xgboost_static,none,3,Infiltration,task5,accuracy,0.6073517616448539
xgboost_static,none,3,Infiltration,task5,macro_f1,0.37785864683616716
xgboost_static,none,3,Infiltration,task5,fpr,0.0
xgboost_static,none,3,Infiltration,task5,detection_rate,0.0
xgboost_static,none,3,Infiltration,task5,binary_f1,0.0
xgboost_static,none,3,Infiltration,task5,category_recall,0.0
xgboost_static,none,3,Infiltration,task6,n,28798.0
xgboost_static,none,3,Infiltration,task6,n_benign,9791.0
xgboost_static,none,3,Infiltration,task6,n_attack,19007.0
xgboost_static,none,3,Infiltration,task6,accuracy,0.3399888881172304
xgboost_static,none,3,Infiltration,task6,macro_f1,0.25372515483687064
xgboost_static,none,3,Infiltration,task6,fpr,0.0
xgboost_static,none,3,Infiltration,task6,detection_rate,0.0
xgboost_static,none,3,Infiltration,task6,binary_f1,0.0
xgboost_static,none,3,Infiltration,task6,category_recall,0.0
xgboost_static,none,3,Infiltration,seen,n,307417.0
xgboost_static,none,3,Infiltration,seen,n_benign,268685.0
xgboost_static,none,3,Infiltration,seen,n_attack,38732.0
xgboost_static,none,3,Infiltration,seen,accuracy,0.878373674845568
xgboost_static,none,3,Infiltration,seen,macro_f1,0.38500530884255346
xgboost_static,none,3,Infiltration,seen,fpr,1.1165491188566538e-05
xgboost_static,none,3,Infiltration,seen,detection_rate,0.03500981100898482
xgboost_static,none,3,Infiltration,seen,binary_f1,0.06764610511087277
xgboost_static,none,3,Infiltration,all,n,414974.0
xgboost_static,none,3,Infiltration,all,n_benign,336907.0
xgboost_static,none,3,Infiltration,all,n_attack,78067.0
xgboost_static,none,3,Infiltration,all,accuracy,0.8151088983888147
xgboost_static,none,3,Infiltration,all,macro_f1,0.23598104709430173
xgboost_static,none,3,Infiltration,all,fpr,8.904534485777975e-06
xgboost_static,none,3,Infiltration,all,detection_rate,0.01736969526176233
xgboost_static,none,3,Infiltration,all,binary_f1,0.03414499030544154
xgboost_static,none,4,Botnet,task0,n,138702.0
xgboost_static,none,4,Botnet,task0,n_benign,137344.0
xgboost_static,none,4,Botnet,task0,n_attack,1358.0
xgboost_static,none,4,Botnet,task0,accuracy,0.9999062738821358
xgboost_static,none,4,Botnet,task0,macro_f1,0.9975716024301203
xgboost_static,none,4,Botnet,task0,fpr,0.0
xgboost_static,none,4,Botnet,task0,detection_rate,0.9904270986745214
xgboost_static,none,4,Botnet,task0,binary_f1,0.9951905290418054
xgboost_static,none,4,Botnet,task0,category_recall,0.9904270986745214
xgboost_static,none,4,Botnet,task1,n,96639.0
xgboost_static,none,4,Botnet,task1,n_benign,76782.0
xgboost_static,none,4,Botnet,task1,n_attack,19857.0
xgboost_static,none,4,Botnet,task1,accuracy,0.7945239499580915
xgboost_static,none,4,Botnet,task1,macro_f1,0.44274914802705556
xgboost_static,none,4,Botnet,task1,fpr,0.0
xgboost_static,none,4,Botnet,task1,detection_rate,0.0
xgboost_static,none,4,Botnet,task1,binary_f1,0.0
xgboost_static,none,4,Botnet,task1,category_recall,0.0
xgboost_static,none,4,Botnet,task2,n,21631.0
xgboost_static,none,4,Botnet,task2,n_benign,21610.0
xgboost_static,none,4,Botnet,task2,n_attack,21.0
xgboost_static,none,4,Botnet,task2,accuracy,0.9990291710970367
xgboost_static,none,4,Botnet,task2,macro_f1,0.4997571749034481
xgboost_static,none,4,Botnet,task2,fpr,0.0
xgboost_static,none,4,Botnet,task2,detection_rate,0.0
xgboost_static,none,4,Botnet,task2,binary_f1,0.0
xgboost_static,none,4,Botnet,task2,category_recall,0.0
xgboost_static,none,4,Botnet,task3,n,50445.0
xgboost_static,none,4,Botnet,task3,n_benign,32949.0
xgboost_static,none,4,Botnet,task3,n_attack,17496.0
xgboost_static,none,4,Botnet,task3,accuracy,0.6531073446327683
xgboost_static,none,4,Botnet,task3,macro_f1,0.39513072679299593
xgboost_static,none,4,Botnet,task3,fpr,9.104980424292088e-05
xgboost_static,none,4,Botnet,task3,detection_rate,0.0006287151348879744
xgboost_static,none,4,Botnet,task3,binary_f1,0.0012564249000571101
xgboost_static,none,4,Botnet,task3,category_recall,0.0
xgboost_static,none,4,Botnet,task4,n,27642.0
xgboost_static,none,4,Botnet,task4,n_benign,27385.0
xgboost_static,none,4,Botnet,task4,n_attack,257.0
xgboost_static,none,4,Botnet,task4,accuracy,0.9907025540843644
xgboost_static,none,4,Botnet,task4,macro_f1,0.49766478274301706
xgboost_static,none,4,Botnet,task4,fpr,0.0
xgboost_static,none,4,Botnet,task4,detection_rate,0.0
xgboost_static,none,4,Botnet,task4,binary_f1,0.0
xgboost_static,none,4,Botnet,task4,category_recall,0.0
xgboost_static,none,4,Botnet,task5,n,51117.0
xgboost_static,none,4,Botnet,task5,n_benign,31046.0
xgboost_static,none,4,Botnet,task5,n_attack,20071.0
xgboost_static,none,4,Botnet,task5,accuracy,0.6073517616448539
xgboost_static,none,4,Botnet,task5,macro_f1,0.37785864683616716
xgboost_static,none,4,Botnet,task5,fpr,0.0
xgboost_static,none,4,Botnet,task5,detection_rate,0.0
xgboost_static,none,4,Botnet,task5,binary_f1,0.0
xgboost_static,none,4,Botnet,task5,category_recall,0.0
xgboost_static,none,4,Botnet,task6,n,28798.0
xgboost_static,none,4,Botnet,task6,n_benign,9791.0
xgboost_static,none,4,Botnet,task6,n_attack,19007.0
xgboost_static,none,4,Botnet,task6,accuracy,0.3399888881172304
xgboost_static,none,4,Botnet,task6,macro_f1,0.25372515483687064
xgboost_static,none,4,Botnet,task6,fpr,0.0
xgboost_static,none,4,Botnet,task6,detection_rate,0.0
xgboost_static,none,4,Botnet,task6,binary_f1,0.0
xgboost_static,none,4,Botnet,task6,category_recall,0.0
xgboost_static,none,4,Botnet,seen,n,335059.0
xgboost_static,none,4,Botnet,seen,n_benign,296070.0
xgboost_static,none,4,Botnet,seen,n_attack,38989.0
xgboost_static,none,4,Botnet,seen,accuracy,0.8876406841780105
xgboost_static,none,4,Botnet,seen,macro_f1,0.3217168447966158
xgboost_static,none,4,Botnet,seen,fpr,1.013273887931908e-05
xgboost_static,none,4,Botnet,seen,detection_rate,0.03477904024211957
xgboost_static,none,4,Botnet,seen,binary_f1,0.06721522752057103
xgboost_static,none,4,Botnet,all,n,414974.0
xgboost_static,none,4,Botnet,all,n_benign,336907.0
xgboost_static,none,4,Botnet,all,n_attack,78067.0
xgboost_static,none,4,Botnet,all,accuracy,0.8151088983888147
xgboost_static,none,4,Botnet,all,macro_f1,0.23598104709430173
xgboost_static,none,4,Botnet,all,fpr,8.904534485777975e-06
xgboost_static,none,4,Botnet,all,detection_rate,0.01736969526176233
xgboost_static,none,4,Botnet,all,binary_f1,0.03414499030544154
xgboost_static,none,5,PortScan,task0,n,138702.0
xgboost_static,none,5,PortScan,task0,n_benign,137344.0
xgboost_static,none,5,PortScan,task0,n_attack,1358.0
xgboost_static,none,5,PortScan,task0,accuracy,0.9999062738821358
xgboost_static,none,5,PortScan,task0,macro_f1,0.9975716024301203
xgboost_static,none,5,PortScan,task0,fpr,0.0
xgboost_static,none,5,PortScan,task0,detection_rate,0.9904270986745214
xgboost_static,none,5,PortScan,task0,binary_f1,0.9951905290418054
xgboost_static,none,5,PortScan,task0,category_recall,0.9904270986745214
xgboost_static,none,5,PortScan,task1,n,96639.0
xgboost_static,none,5,PortScan,task1,n_benign,76782.0
xgboost_static,none,5,PortScan,task1,n_attack,19857.0
xgboost_static,none,5,PortScan,task1,accuracy,0.7945239499580915
xgboost_static,none,5,PortScan,task1,macro_f1,0.44274914802705556
xgboost_static,none,5,PortScan,task1,fpr,0.0
xgboost_static,none,5,PortScan,task1,detection_rate,0.0
xgboost_static,none,5,PortScan,task1,binary_f1,0.0
xgboost_static,none,5,PortScan,task1,category_recall,0.0
xgboost_static,none,5,PortScan,task2,n,21631.0
xgboost_static,none,5,PortScan,task2,n_benign,21610.0
xgboost_static,none,5,PortScan,task2,n_attack,21.0
xgboost_static,none,5,PortScan,task2,accuracy,0.9990291710970367
xgboost_static,none,5,PortScan,task2,macro_f1,0.4997571749034481
xgboost_static,none,5,PortScan,task2,fpr,0.0
xgboost_static,none,5,PortScan,task2,detection_rate,0.0
xgboost_static,none,5,PortScan,task2,binary_f1,0.0
xgboost_static,none,5,PortScan,task2,category_recall,0.0
xgboost_static,none,5,PortScan,task3,n,50445.0
xgboost_static,none,5,PortScan,task3,n_benign,32949.0
xgboost_static,none,5,PortScan,task3,n_attack,17496.0
xgboost_static,none,5,PortScan,task3,accuracy,0.6531073446327683
xgboost_static,none,5,PortScan,task3,macro_f1,0.39513072679299593
xgboost_static,none,5,PortScan,task3,fpr,9.104980424292088e-05
xgboost_static,none,5,PortScan,task3,detection_rate,0.0006287151348879744
xgboost_static,none,5,PortScan,task3,binary_f1,0.0012564249000571101
xgboost_static,none,5,PortScan,task3,category_recall,0.0
xgboost_static,none,5,PortScan,task4,n,27642.0
xgboost_static,none,5,PortScan,task4,n_benign,27385.0
xgboost_static,none,5,PortScan,task4,n_attack,257.0
xgboost_static,none,5,PortScan,task4,accuracy,0.9907025540843644
xgboost_static,none,5,PortScan,task4,macro_f1,0.49766478274301706
xgboost_static,none,5,PortScan,task4,fpr,0.0
xgboost_static,none,5,PortScan,task4,detection_rate,0.0
xgboost_static,none,5,PortScan,task4,binary_f1,0.0
xgboost_static,none,5,PortScan,task4,category_recall,0.0
xgboost_static,none,5,PortScan,task5,n,51117.0
xgboost_static,none,5,PortScan,task5,n_benign,31046.0
xgboost_static,none,5,PortScan,task5,n_attack,20071.0
xgboost_static,none,5,PortScan,task5,accuracy,0.6073517616448539
xgboost_static,none,5,PortScan,task5,macro_f1,0.37785864683616716
xgboost_static,none,5,PortScan,task5,fpr,0.0
xgboost_static,none,5,PortScan,task5,detection_rate,0.0
xgboost_static,none,5,PortScan,task5,binary_f1,0.0
xgboost_static,none,5,PortScan,task5,category_recall,0.0
xgboost_static,none,5,PortScan,task6,n,28798.0
xgboost_static,none,5,PortScan,task6,n_benign,9791.0
xgboost_static,none,5,PortScan,task6,n_attack,19007.0
xgboost_static,none,5,PortScan,task6,accuracy,0.3399888881172304
xgboost_static,none,5,PortScan,task6,macro_f1,0.25372515483687064
xgboost_static,none,5,PortScan,task6,fpr,0.0
xgboost_static,none,5,PortScan,task6,detection_rate,0.0
xgboost_static,none,5,PortScan,task6,binary_f1,0.0
xgboost_static,none,5,PortScan,task6,category_recall,0.0
xgboost_static,none,5,PortScan,seen,n,386176.0
xgboost_static,none,5,PortScan,seen,n_benign,327116.0
xgboost_static,none,5,PortScan,seen,n_attack,59060.0
xgboost_static,none,5,PortScan,seen,accuracy,0.8505396503148823
xgboost_static,none,5,PortScan,seen,macro_f1,0.27271511202457693
xgboost_static,none,5,PortScan,seen,fpr,9.171058584722239e-06
xgboost_static,none,5,PortScan,seen,detection_rate,0.02295970199796817
xgboost_static,none,5,PortScan,seen,binary_f1,0.04488654231284861
xgboost_static,none,5,PortScan,all,n,414974.0
xgboost_static,none,5,PortScan,all,n_benign,336907.0
xgboost_static,none,5,PortScan,all,n_attack,78067.0
xgboost_static,none,5,PortScan,all,accuracy,0.8151088983888147
xgboost_static,none,5,PortScan,all,macro_f1,0.23598104709430173
xgboost_static,none,5,PortScan,all,fpr,8.904534485777975e-06
xgboost_static,none,5,PortScan,all,detection_rate,0.01736969526176233
xgboost_static,none,5,PortScan,all,binary_f1,0.03414499030544154
xgboost_static,none,6,DDoS,task0,n,138702.0
xgboost_static,none,6,DDoS,task0,n_benign,137344.0
xgboost_static,none,6,DDoS,task0,n_attack,1358.0
xgboost_static,none,6,DDoS,task0,accuracy,0.9999062738821358
xgboost_static,none,6,DDoS,task0,macro_f1,0.9975716024301203
xgboost_static,none,6,DDoS,task0,fpr,0.0
xgboost_static,none,6,DDoS,task0,detection_rate,0.9904270986745214
xgboost_static,none,6,DDoS,task0,binary_f1,0.9951905290418054
xgboost_static,none,6,DDoS,task0,category_recall,0.9904270986745214
xgboost_static,none,6,DDoS,task1,n,96639.0
xgboost_static,none,6,DDoS,task1,n_benign,76782.0
xgboost_static,none,6,DDoS,task1,n_attack,19857.0
xgboost_static,none,6,DDoS,task1,accuracy,0.7945239499580915
xgboost_static,none,6,DDoS,task1,macro_f1,0.44274914802705556
xgboost_static,none,6,DDoS,task1,fpr,0.0
xgboost_static,none,6,DDoS,task1,detection_rate,0.0
xgboost_static,none,6,DDoS,task1,binary_f1,0.0
xgboost_static,none,6,DDoS,task1,category_recall,0.0
xgboost_static,none,6,DDoS,task2,n,21631.0
xgboost_static,none,6,DDoS,task2,n_benign,21610.0
xgboost_static,none,6,DDoS,task2,n_attack,21.0
xgboost_static,none,6,DDoS,task2,accuracy,0.9990291710970367
xgboost_static,none,6,DDoS,task2,macro_f1,0.4997571749034481
xgboost_static,none,6,DDoS,task2,fpr,0.0
xgboost_static,none,6,DDoS,task2,detection_rate,0.0
xgboost_static,none,6,DDoS,task2,binary_f1,0.0
xgboost_static,none,6,DDoS,task2,category_recall,0.0
xgboost_static,none,6,DDoS,task3,n,50445.0
xgboost_static,none,6,DDoS,task3,n_benign,32949.0
xgboost_static,none,6,DDoS,task3,n_attack,17496.0
xgboost_static,none,6,DDoS,task3,accuracy,0.6531073446327683
xgboost_static,none,6,DDoS,task3,macro_f1,0.39513072679299593
xgboost_static,none,6,DDoS,task3,fpr,9.104980424292088e-05
xgboost_static,none,6,DDoS,task3,detection_rate,0.0006287151348879744
xgboost_static,none,6,DDoS,task3,binary_f1,0.0012564249000571101
xgboost_static,none,6,DDoS,task3,category_recall,0.0
xgboost_static,none,6,DDoS,task4,n,27642.0
xgboost_static,none,6,DDoS,task4,n_benign,27385.0
xgboost_static,none,6,DDoS,task4,n_attack,257.0
xgboost_static,none,6,DDoS,task4,accuracy,0.9907025540843644
xgboost_static,none,6,DDoS,task4,macro_f1,0.49766478274301706
xgboost_static,none,6,DDoS,task4,fpr,0.0
xgboost_static,none,6,DDoS,task4,detection_rate,0.0
xgboost_static,none,6,DDoS,task4,binary_f1,0.0
xgboost_static,none,6,DDoS,task4,category_recall,0.0
xgboost_static,none,6,DDoS,task5,n,51117.0
xgboost_static,none,6,DDoS,task5,n_benign,31046.0
xgboost_static,none,6,DDoS,task5,n_attack,20071.0
xgboost_static,none,6,DDoS,task5,accuracy,0.6073517616448539
xgboost_static,none,6,DDoS,task5,macro_f1,0.37785864683616716
xgboost_static,none,6,DDoS,task5,fpr,0.0
xgboost_static,none,6,DDoS,task5,detection_rate,0.0
xgboost_static,none,6,DDoS,task5,binary_f1,0.0
xgboost_static,none,6,DDoS,task5,category_recall,0.0
xgboost_static,none,6,DDoS,task6,n,28798.0
xgboost_static,none,6,DDoS,task6,n_benign,9791.0
xgboost_static,none,6,DDoS,task6,n_attack,19007.0
xgboost_static,none,6,DDoS,task6,accuracy,0.3399888881172304
xgboost_static,none,6,DDoS,task6,macro_f1,0.25372515483687064
xgboost_static,none,6,DDoS,task6,fpr,0.0
xgboost_static,none,6,DDoS,task6,detection_rate,0.0
xgboost_static,none,6,DDoS,task6,binary_f1,0.0
xgboost_static,none,6,DDoS,task6,category_recall,0.0
xgboost_static,none,6,DDoS,seen,n,414974.0
xgboost_static,none,6,DDoS,seen,n_benign,336907.0
xgboost_static,none,6,DDoS,seen,n_attack,78067.0
xgboost_static,none,6,DDoS,seen,accuracy,0.8151088983888147
xgboost_static,none,6,DDoS,seen,macro_f1,0.23598104709430173
xgboost_static,none,6,DDoS,seen,fpr,8.904534485777975e-06
xgboost_static,none,6,DDoS,seen,detection_rate,0.01736969526176233
xgboost_static,none,6,DDoS,seen,binary_f1,0.03414499030544154
xgboost_static,none,6,DDoS,all,n,414974.0
xgboost_static,none,6,DDoS,all,n_benign,336907.0
xgboost_static,none,6,DDoS,all,n_attack,78067.0
xgboost_static,none,6,DDoS,all,accuracy,0.8151088983888147
xgboost_static,none,6,DDoS,all,macro_f1,0.23598104709430173
xgboost_static,none,6,DDoS,all,fpr,8.904534485777975e-06
xgboost_static,none,6,DDoS,all,detection_rate,0.01736969526176233
xgboost_static,none,6,DDoS,all,binary_f1,0.03414499030544154
gnn_naive,none,0,BruteForce,task0,n,138702.0
gnn_naive,none,0,BruteForce,task0,n_benign,137344.0
gnn_naive,none,0,BruteForce,task0,n_attack,1358.0
gnn_naive,none,0,BruteForce,task0,accuracy,0.9998125477642716
gnn_naive,none,0,BruteForce,task0,macro_f1,0.9952081438959475
gnn_naive,none,0,BruteForce,task0,fpr,0.000182024697110904
gnn_naive,none,0,BruteForce,task0,detection_rate,0.9992636229749632
gnn_naive,none,0,BruteForce,task0,binary_f1,0.9905109489051095
gnn_naive,none,0,BruteForce,task0,category_recall,0.9992636229749632
gnn_naive,none,0,BruteForce,task1,n,96639.0
gnn_naive,none,0,BruteForce,task1,n_benign,76782.0
gnn_naive,none,0,BruteForce,task1,n_attack,19857.0
gnn_naive,none,0,BruteForce,task1,accuracy,0.7945239499580915
gnn_naive,none,0,BruteForce,task1,macro_f1,0.44274914802705556
gnn_naive,none,0,BruteForce,task1,fpr,0.0
gnn_naive,none,0,BruteForce,task1,detection_rate,0.0
gnn_naive,none,0,BruteForce,task1,binary_f1,0.0
gnn_naive,none,0,BruteForce,task1,category_recall,0.0
gnn_naive,none,0,BruteForce,task2,n,21631.0
gnn_naive,none,0,BruteForce,task2,n_benign,21610.0
gnn_naive,none,0,BruteForce,task2,n_attack,21.0
gnn_naive,none,0,BruteForce,task2,accuracy,0.9990291710970367
gnn_naive,none,0,BruteForce,task2,macro_f1,0.4997571749034481
gnn_naive,none,0,BruteForce,task2,fpr,0.0
gnn_naive,none,0,BruteForce,task2,detection_rate,0.0
gnn_naive,none,0,BruteForce,task2,binary_f1,0.0
gnn_naive,none,0,BruteForce,task2,category_recall,0.0
gnn_naive,none,0,BruteForce,task3,n,50445.0
gnn_naive,none,0,BruteForce,task3,n_benign,32949.0
gnn_naive,none,0,BruteForce,task3,n_attack,17496.0
gnn_naive,none,0,BruteForce,task3,accuracy,0.6531668153434433
gnn_naive,none,0,BruteForce,task3,macro_f1,0.39510036693287287
gnn_naive,none,0,BruteForce,task3,fpr,0.0
gnn_naive,none,0,BruteForce,task3,detection_rate,0.0
gnn_naive,none,0,BruteForce,task3,binary_f1,0.0
gnn_naive,none,0,BruteForce,task3,category_recall,0.0
gnn_naive,none,0,BruteForce,task4,n,27642.0
gnn_naive,none,0,BruteForce,task4,n_benign,27385.0
gnn_naive,none,0,BruteForce,task4,n_attack,257.0
gnn_naive,none,0,BruteForce,task4,accuracy,0.9907025540843644
gnn_naive,none,0,BruteForce,task4,macro_f1,0.49766478274301706
gnn_naive,none,0,BruteForce,task4,fpr,0.0
gnn_naive,none,0,BruteForce,task4,detection_rate,0.0
gnn_naive,none,0,BruteForce,task4,binary_f1,0.0
gnn_naive,none,0,BruteForce,task4,category_recall,0.0
gnn_naive,none,0,BruteForce,task5,n,51117.0
gnn_naive,none,0,BruteForce,task5,n_benign,31046.0
gnn_naive,none,0,BruteForce,task5,n_attack,20071.0
gnn_naive,none,0,BruteForce,task5,accuracy,0.6073321986814563
gnn_naive,none,0,BruteForce,task5,macro_f1,0.3778510747060685
gnn_naive,none,0,BruteForce,task5,fpr,3.22102686336404e-05
gnn_naive,none,0,BruteForce,task5,detection_rate,0.0
gnn_naive,none,0,BruteForce,task5,binary_f1,0.0
gnn_naive,none,0,BruteForce,task5,category_recall,0.0
gnn_naive,none,0,BruteForce,task6,n,28798.0
gnn_naive,none,0,BruteForce,task6,n_benign,9791.0
gnn_naive,none,0,BruteForce,task6,n_attack,19007.0
gnn_naive,none,0,BruteForce,task6,accuracy,0.33995416348357527
gnn_naive,none,0,BruteForce,task6,macro_f1,0.2537058152793615
gnn_naive,none,0,BruteForce,task6,fpr,0.0001021346134204882
gnn_naive,none,0,BruteForce,task6,detection_rate,0.0
gnn_naive,none,0,BruteForce,task6,binary_f1,0.0
gnn_naive,none,0,BruteForce,task6,category_recall,0.0
gnn_naive,none,0,BruteForce,seen,n,138702.0
gnn_naive,none,0,BruteForce,seen,n_benign,137344.0
gnn_naive,none,0,BruteForce,seen,n_attack,1358.0
gnn_naive,none,0,BruteForce,seen,accuracy,0.9998125477642716
gnn_naive,none,0,BruteForce,seen,macro_f1,0.9952081438959475
gnn_naive,none,0,BruteForce,seen,fpr,0.000182024697110904
gnn_naive,none,0,BruteForce,seen,detection_rate,0.9992636229749632
gnn_naive,none,0,BruteForce,seen,binary_f1,0.9905109489051095
gnn_naive,none,0,BruteForce,all,n,414974.0
gnn_naive,none,0,BruteForce,all,n_benign,336907.0
gnn_naive,none,0,BruteForce,all,n_attack,78067.0
gnn_naive,none,0,BruteForce,all,accuracy,0.815079980914467
gnn_naive,none,0,BruteForce,all,macro_f1,0.23594252900849647
gnn_naive,none,0,BruteForce,all,fpr,8.014081037200176e-05
gnn_naive,none,0,BruteForce,all,detection_rate,0.017382504771542392
gnn_naive,none,0,BruteForce,all,binary_f1,0.034159419012976554
gnn_naive,none,1,DoS,task0,n,138702.0
gnn_naive,none,1,DoS,task0,n_benign,137344.0
gnn_naive,none,1,DoS,task0,n_attack,1358.0
gnn_naive,none,1,DoS,task0,accuracy,0.9900938703118917
gnn_naive,none,1,DoS,task0,macro_f1,0.49806869988140184
gnn_naive,none,1,DoS,task0,fpr,0.00011649580615097856
gnn_naive,none,1,DoS,task0,detection_rate,0.22754050073637702
gnn_naive,none,1,DoS,task0,binary_f1,0.3672014260249554
gnn_naive,none,1,DoS,task0,category_recall,0.0
gnn_naive,none,1,DoS,task1,n,96639.0
gnn_naive,none,1,DoS,task1,n_benign,76782.0
gnn_naive,none,1,DoS,task1,n_attack,19857.0
gnn_naive,none,1,DoS,task1,accuracy,0.9971750535498091
gnn_naive,none,1,DoS,task1,macro_f1,0.9956941759899884
gnn_naive,none,1,DoS,task1,fpr,0.003412258081321143
gnn_naive,none,1,DoS,task1,detection_rate,0.999446039180138
gnn_naive,none,1,DoS,task1,binary_f1,0.9931690228950332
gnn_naive,none,1,DoS,task1,category_recall,0.999446039180138
gnn_naive,none,1,DoS,task2,n,21631.0
gnn_naive,none,1,DoS,task2,n_benign,21610.0
gnn_naive,none,1,DoS,task2,n_attack,21.0
gnn_naive,none,1,DoS,task2,accuracy,0.9988442513059961
gnn_naive,none,1,DoS,task2,macro_f1,0.4998149347645045
gnn_naive,none,1,DoS,task2,fpr,0.00018509949097639982
gnn_naive,none,1,DoS,task2,detection_rate,0.42857142857142855
gnn_naive,none,1,DoS,task2,binary_f1,0.5294117647058824
gnn_naive,none,1,DoS,task2,category_recall,0.0
gnn_naive,none,1,DoS,task3,n,50445.0
gnn_naive,none,1,DoS,task3,n_benign,32949.0
gnn_naive,none,1,DoS,task3,n_attack,17496.0
gnn_naive,none,1,DoS,task3,accuracy,0.6531073446327683
gnn_naive,none,1,DoS,task3,macro_f1,0.3953488372093023
gnn_naive,none,1,DoS,task3,fpr,9.104980424292088e-05
gnn_naive,none,1,DoS,task3,detection_rate,0.0032578875171467765
gnn_naive,none,1,DoS,task3,binary_f1,0.006493506493506494
gnn_naive,none,1,DoS,task3,category_recall,0.0
gnn_naive,none,1,DoS,task4,n,27642.0
gnn_naive,none,1,DoS,task4,n_benign,27385.0
gnn_naive,none,1,DoS,task4,n_attack,257.0
gnn_naive,none,1,DoS,task4,accuracy,0.9905940235872946
gnn_naive,none,1,DoS,task4,macro_f1,0.497637394591451
gnn_naive,none,1,DoS,task4,fpr,0.00010954902318787658
gnn_naive,none,1,DoS,task4,detection_rate,0.0
gnn_naive,none,1,DoS,task4,binary_f1,0.0
gnn_naive,none,1,DoS,task4,category_recall,0.0
gnn_naive,none,1,DoS,task5,n,51117.0
gnn_naive,none,1,DoS,task5,n_benign,31046.0
gnn_naive,none,1,DoS,task5,n_attack,20071.0
gnn_naive,none,1,DoS,task5,accuracy,0.6073517616448539
gnn_naive,none,1,DoS,task5,macro_f1,0.3781209655810781
gnn_naive,none,1,DoS,task5,fpr,0.0
gnn_naive,none,1,DoS,task5,detection_rate,0.0028399182900702507
gnn_naive,none,1,DoS,task5,binary_f1,0.005663751987281399
gnn_naive,none,1,DoS,task5,category_recall,0.0
gnn_naive,none,1,DoS,task6,n,28798.0
gnn_naive,none,1,DoS,task6,n_benign,9791.0
gnn_naive,none,1,DoS,task6,n_attack,19007.0
gnn_naive,none,1,DoS,task6,accuracy,0.33991943884992015
gnn_naive,none,1,DoS,task6,macro_f1,0.49994892747701736
gnn_naive,none,1,DoS,task6,fpr,0.0002042692268409764
gnn_naive,none,1,DoS,task6,detection_rate,1.0
gnn_naive,none,1,DoS,task6,binary_f1,0.9999473905723906
gnn_naive,none,1,DoS,task6,category_recall,0.0
gnn_naive,none,1,DoS,seen,n,235341.0
gnn_naive,none,1,DoS,seen,n_benign,214126.0
gnn_naive,none,1,DoS,seen,n_attack,21215.0
gnn_naive,none,1,DoS,seen,accuracy,0.9930016444223488
gnn_naive,none,1,DoS,seen,macro_f1,0.6606796577974392
gnn_naive,none,1,DoS,seen,fpr,0.001298301000345591
gnn_naive,none,1,DoS,seen,detection_rate,0.9500353523450389
gnn_naive,none,1,DoS,seen,binary_f1,0.9678736073761045
gnn_naive,none,1,DoS,all,n,414974.0
gnn_naive,none,1,DoS,all,n_benign,336907.0
gnn_naive,none,1,DoS,all,n_attack,78067.0
gnn_naive,none,1,DoS,all,accuracy,0.8590008048697026
gnn_naive,none,1,DoS,all,macro_f1,0.20162535881609245
gnn_naive,none,1,DoS,all,fpr,0.0008607716669585375
gnn_naive,none,1,DoS,all,detection_rate,0.5032215917096853
gnn_naive,none,1,DoS,all,binary_f1,0.6678737185698985
gnn_naive,none,2,WebAttack,task0,n,138702.0
gnn_naive,none,2,WebAttack,task0,n_benign,137344.0
gnn_naive,none,2,WebAttack,task0,n_attack,1358.0
gnn_naive,none,2,WebAttack,task0,accuracy,0.9902092255338784
gnn_naive,none,2,WebAttack,task0,macro_f1,0.4980815678196601
gnn_naive,none,2,WebAttack,task0,fpr,0.0
gnn_naive,none,2,WebAttack,task0,detection_rate,0.22091310751104565
gnn_naive,none,2,WebAttack,task0,binary_f1,0.3618817852834741
gnn_naive,none,2,WebAttack,task0,category_recall,0.0
gnn_naive,none,2,WebAttack,task1,n,96639.0
gnn_naive,none,2,WebAttack,task1,n_benign,76782.0
gnn_naive,none,2,WebAttack,task1,n_attack,19857.0
gnn_naive,none,2,WebAttack,task1,accuracy,0.9101811897888016
gnn_naive,none,2,WebAttack,task1,macro_f1,0.8341335277963395
gnn_naive,none,2,WebAttack,task1,fpr,2.6047771613138496e-05
gnn_naive,none,2,WebAttack,task1,detection_rate,0.5748602507931712
gnn_naive,none,2,WebAttack,task1,binary_f1,0.7299993604911428
gnn_naive,none,2,WebAttack,task1,category_recall,0.5629752732034043
gnn_naive,none,2,WebAttack,task2,n,21631.0
gnn_naive,none,2,WebAttack,task2,n_benign,21610.0
gnn_naive,none,2,WebAttack,task2,n_attack,21.0
gnn_naive,none,2,WebAttack,task2,accuracy,0.9992140908880773
gnn_naive,none,2,WebAttack,task2,macro_f1,0.7422276151601372
gnn_naive,none,2,WebAttack,task2,fpr,0.00018509949097639982
gnn_naive,none,2,WebAttack,task2,detection_rate,0.38095238095238093
gnn_naive,none,2,WebAttack,task2,binary_f1,0.48484848484848486
gnn_naive,none,2,WebAttack,task2,category_recall,0.38095238095238093
gnn_naive,none,2,WebAttack,task3,n,50445.0
gnn_naive,none,2,WebAttack,task3,n_benign,32949.0
gnn_naive,none,2,WebAttack,task3,n_attack,17496.0
gnn_naive,none,2,WebAttack,task3,accuracy,0.6531668153434433
gnn_naive,none,2,WebAttack,task3,macro_f1,0.3953089382123575
gnn_naive,none,2,WebAttack,task3,fpr,0.0
gnn_naive,none,2,WebAttack,task3,detection_rate,0.002514860539551898
gnn_naive,none,2,WebAttack,task3,binary_f1,0.005017103762827822
gnn_naive,none,2,WebAttack,task3,category_recall,0.0
gnn_naive,none,2,WebAttack,task4,n,27642.0
gnn_naive,none,2,WebAttack,task4,n_benign,27385.0
gnn_naive,none,2,WebAttack,task4,n_attack,257.0
gnn_naive,none,2,WebAttack,task4,accuracy,0.9907025540843644
gnn_naive,none,2,WebAttack,task4,macro_f1,0.49766478274301706
gnn_naive,none,2,WebAttack,task4,fpr,0.0
gnn_naive,none,2,WebAttack,task4,detection_rate,0.0
gnn_naive,none,2,WebAttack,task4,binary_f1,0.0
gnn_naive,none,2,WebAttack,task4,category_recall,0.0
gnn_naive,none,2,WebAttack,task5,n,51117.0
gnn_naive,none,2,WebAttack,task5,n_benign,31046.0
gnn_naive,none,2,WebAttack,task5,n_attack,20071.0
gnn_naive,none,2,WebAttack,task5,accuracy,0.6073517616448539
gnn_naive,none,2,WebAttack,task5,macro_f1,0.37785864683616716
gnn_naive,none,2,WebAttack,task5,fpr,0.0
gnn_naive,none,2,WebAttack,task5,detection_rate,0.0
gnn_naive,none,2,WebAttack,task5,binary_f1,0.0
gnn_naive,none,2,WebAttack,task5,category_recall,0.0
gnn_naive,none,2,WebAttack,task6,n,28798.0
gnn_naive,none,2,WebAttack,task6,n_benign,9791.0
gnn_naive,none,2,WebAttack,task6,n_attack,19007.0
gnn_naive,none,2,WebAttack,task6,accuracy,0.3395027432460588
gnn_naive,none,2,WebAttack,task6,macro_f1,0.266287177252424
gnn_naive,none,2,WebAttack,task6,fpr,0.0014298845878868349
gnn_naive,none,2,WebAttack,task6,detection_rate,0.0978060714473615
gnn_naive,none,2,WebAttack,task6,binary_f1,0.17806513409961686
gnn_naive,none,2,WebAttack,task6,category_recall,0.0
gnn_naive,none,2,WebAttack,seen,n,256972.0
gnn_naive,none,2,WebAttack,seen,n_benign,235736.0
gnn_naive,none,2,WebAttack,seen,n_attack,21236.0
gnn_naive,none,2,WebAttack,seen,accuracy,0.9608712233239419
gnn_naive,none,2,WebAttack,seen,macro_f1,0.43215483908408536
gnn_naive,none,2,WebAttack,seen,fpr,2.545220076695965e-05
gnn_naive,none,2,WebAttack,seen,detection_rate,0.5520342814089282
gnn_naive,none,2,WebAttack,seen,binary_f1,0.7112391930835735
gnn_naive,none,2,WebAttack,all,n,414974.0
gnn_naive,none,2,WebAttack,all,n_benign,336907.0
gnn_naive,none,2,WebAttack,all,n_attack,78067.0
gnn_naive,none,2,WebAttack,all,accuracy,0.8387850805110681
gnn_naive,none,2,WebAttack,all,macro_f1,0.20222465505684048
gnn_naive,none,2,WebAttack,all,fpr,5.936356323851983e-05
gnn_naive,none,2,WebAttack,all,detection_rate,0.17454238026310734
gnn_naive,none,2,WebAttack,all,binary_f1,0.29714435249092275
gnn_naive,none,3,Infiltration,task0,n,138702.0
gnn_naive,none,3,Infiltration,task0,n_benign,137344.0
gnn_naive,none,3,Infiltration,task0,n_attack,1358.0
gnn_naive,none,3,Infiltration,task0,accuracy,0.990065031506395
gnn_naive,none,3,Infiltration,task0,macro_f1,0.4975038583321861
gnn_naive,none,3,Infiltration,task0,fpr,0.0001456197576887232
gnn_naive,none,3,Infiltration,task0,detection_rate,0.0
gnn_naive,none,3,Infiltration,task0,binary_f1,0.0
gnn_naive,none,3,Infiltration,task0,category_recall,0.0
gnn_naive,none,3,Infiltration,task1,n,96639.0
gnn_naive,none,3,Infiltration,task1,n_benign,76782.0
gnn_naive,none,3,Infiltration,task1,n_attack,19857.0
gnn_naive,none,3,Infiltration,task1,accuracy,0.7904055298585457
gnn_naive,none,3,Infiltration,task1,macro_f1,0.45304594871916537
gnn_naive,none,3,Infiltration,task1,fpr,0.00518350655101456
gnn_naive,none,3,Infiltration,task1,detection_rate,0.22269224958452938
gnn_naive,none,3,Infiltration,task1,binary_f1,0.3583904040199376
gnn_naive,none,3,Infiltration,task1,category_recall,0.0
gnn_naive,none,3,Infiltration,task2,n,21631.0
gnn_naive,none,3,Infiltration,task2,n_benign,21610.0
gnn_naive,none,3,Infiltration,task2,n_attack,21.0
gnn_naive,none,3,Infiltration,task2,accuracy,0.9990291710970367
gnn_naive,none,3,Infiltration,task2,macro_f1,0.4997571749034481
gnn_naive,none,3,Infiltration,task2,fpr,0.0
gnn_naive,none,3,Infiltration,task2,detection_rate,0.0
gnn_naive,none,3,Infiltration,task2,binary_f1,0.0
gnn_naive,none,3,Infiltration,task2,category_recall,0.0
gnn_naive,none,3,Infiltration,task3,n,50445.0
gnn_naive,none,3,Infiltration,task3,n_benign,32949.0
gnn_naive,none,3,Infiltration,task3,n_attack,17496.0
gnn_naive,none,3,Infiltration,task3,accuracy,0.9985132322331252
gnn_naive,none,3,Infiltration,task3,macro_f1,0.9983576987734066
gnn_naive,none,3,Infiltration,task3,fpr,6.069986949528059e-05
gnn_naive,none,3,Infiltration,task3,detection_rate,0.995827617741198
gnn_naive,none,3,Infiltration,task3,binary_f1,0.9978522951805504
gnn_naive,none,3,Infiltration,task3,category_recall,0.995827617741198
gnn_naive,none,3,Infiltration,task4,n,27642.0
gnn_naive,none,3,Infiltration,task4,n_benign,27385.0
gnn_naive,none,3,Infiltration,task4,n_attack,257.0
gnn_naive,none,3,Infiltration,task4,accuracy,0.9907025540843644
gnn_naive,none,3,Infiltration,task4,macro_f1,0.49766478274301706
gnn_naive,none,3,Infiltration,task4,fpr,0.0
gnn_naive,none,3,Infiltration,task4,detection_rate,0.0
gnn_naive,none,3,Infiltration,task4,binary_f1,0.0
gnn_naive,none,3,Infiltration,task4,category_recall,0.0
gnn_naive,none,3,Infiltration,task5,n,51117.0
gnn_naive,none,3,Infiltration,task5,n_benign,31046.0
gnn_naive,none,3,Infiltration,task5,n_attack,20071.0
gnn_naive,none,3,Infiltration,task5,accuracy,0.60721482090107
gnn_naive,none,3,Infiltration,task5,macro_f1,0.4993484451165559
gnn_naive,none,3,Infiltration,task5,fpr,0.00022547188043548283
gnn_naive,none,3,Infiltration,task5,detection_rate,0.9963130885356982
gnn_naive,none,3,Infiltration,task5,binary_f1,0.9979787897691828
gnn_naive,none,3,Infiltration,task5,category_recall,0.0
gnn_naive,none,3,Infiltration,task6,n,28798.0
gnn_naive,none,3,Infiltration,task6,n_benign,9791.0
gnn_naive,none,3,Infiltration,task6,n_attack,19007.0
gnn_naive,none,3,Infiltration,task6,accuracy,0.33936384471143827
gnn_naive,none,3,Infiltration,task6,macro_f1,0.323266737232072
gnn_naive,none,3,Infiltration,task6,fpr,0.0018384230415687877
gnn_naive,none,3,Infiltration,task6,detection_rate,0.4387330983321934
gnn_naive,none,3,Infiltration,task6,binary_f1,0.6094869171173805
gnn_naive,none,3,Infiltration,task6,category_recall,0.0
gnn_naive,none,3,Infiltration,seen,n,307417.0
gnn_naive,none,3,Infiltration,seen,n_benign,268685.0
gnn_naive,none,3,Infiltration,seen,n_attack,38732.0
gnn_naive,none,3,Infiltration,seen,accuracy,0.9293175068392444
gnn_naive,none,3,Infiltration,seen,macro_f1,0.3690274284623206
gnn_naive,none,3,Infiltration,seen,fpr,0.001563168766399315
gnn_naive,none,3,Infiltration,seen,detection_rate,0.5640039244035939
gnn_naive,none,3,Infiltration,seen,binary_f1,0.7162647343311966
gnn_naive,none,3,Infiltration,all,n,414974.0
gnn_naive,none,3,Infiltration,all,n_benign,336907.0
gnn_naive,none,3,Infiltration,all,n_attack,78067.0
gnn_naive,none,3,Infiltration,all,accuracy,0.8527883674639857
gnn_naive,none,3,Infiltration,all,macro_f1,0.18389037728522384
gnn_naive,none,3,Infiltration,all,fpr,0.0013208392820570662
gnn_naive,none,3,Infiltration,all,detection_rate,0.6427940102732268
gnn_naive,none,3,Infiltration,all,binary_f1,0.7798559362203072
gnn_naive,none,4,Botnet,task0,n,138702.0
gnn_naive,none,4,Botnet,task0,n_benign,137344.0
gnn_naive,none,4,Botnet,task0,n_attack,1358.0
gnn_naive,none,4,Botnet,task0,accuracy,0.9898775792706667
gnn_naive,none,4,Botnet,task0,macro_f1,0.4974565217391304
gnn_naive,none,4,Botnet,task0,fpr,0.00033492544268406337
gnn_naive,none,4,Botnet,task0,detection_rate,0.0
gnn_naive,none,4,Botnet,task0,binary_f1,0.0
gnn_naive,none,4,Botnet,task0,category_recall,0.0
gnn_naive,none,4,Botnet,task1,n,96639.0
gnn_naive,none,4,Botnet,task1,n_benign,76782.0
gnn_naive,none,4,Botnet,task1,n_attack,19857.0
gnn_naive,none,4,Botnet,task1,accuracy,0.7943376897525843
gnn_naive,none,4,Botnet,task1,macro_f1,0.4426913029186346
gnn_naive,none,4,Botnet,task1,fpr,0.00023442994451824647
gnn_naive,none,4,Botnet,task1,detection_rate,0.0
gnn_naive,none,4,Botnet,task1,binary_f1,0.0
gnn_naive,none,4,Botnet,task1,category_recall,0.0
gnn_naive,none,4,Botnet,task2,n,21631.0
gnn_naive,none,4,Botnet,task2,n_benign,21610.0
gnn_naive,none,4,Botnet,task2,n_attack,21.0
gnn_naive,none,4,Botnet,task2,accuracy,0.9989829411492765
gnn_naive,none,4,Botnet,task2,macro_f1,0.49974560592044404
gnn_naive,none,4,Botnet,task2,fpr,4.6274872744099955e-05
gnn_naive,none,4,Botnet,task2,detection_rate,0.0
gnn_naive,none,4,Botnet,task2,binary_f1,0.0
gnn_naive,none,4,Botnet,task2,category_recall,0.0
gnn_naive,none,4,Botnet,task3,n,50445.0
gnn_naive,none,4,Botnet,task3,n_benign,32949.0
gnn_naive,none,4,Botnet,task3,n_attack,17496.0
gnn_naive,none,4,Botnet,task3,accuracy,0.6531469917732183
gnn_naive,none,4,Botnet,task3,macro_f1,0.3950931133308551
gnn_naive,none,4,Botnet,task3,fpr,3.0349934747640294e-05
gnn_naive,none,4,Botnet,task3,detection_rate,0.0
gnn_naive,none,4,Botnet,task3,binary_f1,0.0
gnn_naive,none,4,Botnet,task3,category_recall,0.0
gnn_naive,none,4,Botnet,task4,n,27642.0
gnn_naive,none,4,Botnet,task4,n_benign,27385.0
gnn_naive,none,4,Botnet,task4,n_attack,257.0
gnn_naive,none,4,Botnet,task4,accuracy,1.0
gnn_naive,none,4,Botnet,task4,macro_f1,1.0
gnn_naive,none,4,Botnet,task4,fpr,0.0
gnn_naive,none,4,Botnet,task4,detection_rate,1.0
gnn_naive,none,4,Botnet,task4,binary_f1,1.0
gnn_naive,none,4,Botnet,task4,category_recall,1.0
gnn_naive,none,4,Botnet,task5,n,51117.0
gnn_naive,none,4,Botnet,task5,n_benign,31046.0
gnn_naive,none,4,Botnet,task5,n_attack,20071.0
gnn_naive,none,4,Botnet,task5,accuracy,0.6072735097912632
gnn_naive,none,4,Botnet,task5,macro_f1,0.3778283572098005
gnn_naive,none,4,Botnet,task5,fpr,0.0001288410745345616
gnn_naive,none,4,Botnet,task5,detection_rate,0.0
gnn_naive,none,4,Botnet,task5,binary_f1,0.0
gnn_naive,none,4,Botnet,task5,category_recall,0.0
gnn_naive,none,4,Botnet,task6,n,28798.0
gnn_naive,none,4,Botnet,task6,n_benign,9791.0
gnn_naive,none,4,Botnet,task6,n_attack,19007.0
gnn_naive,none,4,Botnet,task6,accuracy,0.3399888881172304
gnn_naive,none,4,Botnet,task6,macro_f1,0.25372515483687064
gnn_naive,none,4,Botnet,task6,fpr,0.0
gnn_naive,none,4,Botnet,task6,detection_rate,0.0
gnn_naive,none,4,Botnet,task6,binary_f1,0.0
gnn_naive,none,4,Botnet,task6,category_recall,0.0
gnn_naive,none,4,Botnet,seen,n,335059.0
gnn_naive,none,4,Botnet,seen,n_benign,296070.0
gnn_naive,none,4,Botnet,seen,n_attack,38989.0
gnn_naive,none,4,Botnet,seen,accuracy,0.8842054682906593
gnn_naive,none,4,Botnet,seen,macro_f1,0.3041169095797564
gnn_naive,none,4,Botnet,seen,fpr,0.00022292025534501975
gnn_naive,none,4,Botnet,seen,detection_rate,0.0065916027597527505
gnn_naive,none,4,Botnet,seen,binary_f1,0.013074888074888075
gnn_naive,none,4,Botnet,all,n,414974.0
gnn_naive,none,4,Botnet,all,n_benign,336907.0
gnn_naive,none,4,Botnet,all,n_attack,78067.0
gnn_naive,none,4,Botnet,all,accuracy,0.8123255914828399
gnn_naive,none,4,Botnet,all,macro_f1,0.22206396223736746
gnn_naive,none,4,Botnet,all,fpr,0.0002077724713348194
gnn_naive,none,4,Botnet,all,detection_rate,0.0032920440134756044
gnn_naive,none,4,Botnet,all,binary_f1,0.0065566242314462845
gnn_naive,none,5,PortScan,task0,n,138702.0
gnn_naive,none,5,PortScan,task0,n_benign,137344.0
gnn_naive,none,5,PortScan,task0,n_attack,1358.0
gnn_naive,none,5,PortScan,task0,accuracy,0.9900938703118917
gnn_naive,none,5,PortScan,task0,macro_f1,0.4975111400934681
gnn_naive,none,5,PortScan,task0,fpr,0.00011649580615097856
gnn_naive,none,5,PortScan,task0,detection_rate,0.0
gnn_naive,none,5,PortScan,task0,binary_f1,0.0
gnn_naive,none,5,PortScan,task0,category_recall,0.0
gnn_naive,none,5,PortScan,task1,n,96639.0
gnn_naive,none,5,PortScan,task1,n_benign,76782.0
gnn_naive,none,5,PortScan,task1,n_attack,19857.0
gnn_naive,none,5,PortScan,task1,accuracy,0.7944825588013121
gnn_naive,none,5,PortScan,task1,macro_f1,0.4427362945962622
gnn_naive,none,5,PortScan,task1,fpr,5.209554322627699e-05
gnn_naive,none,5,PortScan,task1,detection_rate,0.0
gnn_naive,none,5,PortScan,task1,binary_f1,0.0
gnn_naive,none,5,PortScan,task1,category_recall,0.0
gnn_naive,none,5,PortScan,task2,n,21631.0
gnn_naive,none,5,PortScan,task2,n_benign,21610.0
gnn_naive,none,5,PortScan,task2,n_attack,21.0
gnn_naive,none,5,PortScan,task2,accuracy,0.9990291710970367
gnn_naive,none,5,PortScan,task2,macro_f1,0.4997571749034481
gnn_naive,none,5,PortScan,task2,fpr,0.0
gnn_naive,none,5,PortScan,task2,detection_rate,0.0
gnn_naive,none,5,PortScan,task2,binary_f1,0.0
gnn_naive,none,5,PortScan,task2,category_recall,0.0
gnn_naive,none,5,PortScan,task3,n,50445.0
gnn_naive,none,5,PortScan,task3,n_benign,32949.0
gnn_naive,none,5,PortScan,task3,n_attack,17496.0
gnn_naive,none,5,PortScan,task3,accuracy,0.6530875210625434
gnn_naive,none,5,PortScan,task3,macro_f1,0.49982552758939813
gnn_naive,none,5,PortScan,task3,fpr,0.00012139973899056118
gnn_naive,none,5,PortScan,task3,detection_rate,0.9989140374942844
gnn_naive,none,5,PortScan,task3,binary_f1,0.9993424250221574
gnn_naive,none,5,PortScan,task3,category_recall,0.0
gnn_naive,none,5,PortScan,task4,n,27642.0
gnn_naive,none,5,PortScan,task4,n_benign,27385.0
gnn_naive,none,5,PortScan,task4,n_attack,257.0
gnn_naive,none,5,PortScan,task4,accuracy,0.9907025540843644
gnn_naive,none,5,PortScan,task4,macro_f1,0.49766478274301706
gnn_naive,none,5,PortScan,task4,fpr,0.0
gnn_naive,none,5,PortScan,task4,detection_rate,0.0
gnn_naive,none,5,PortScan,task4,binary_f1,0.0
gnn_naive,none,5,PortScan,task4,category_recall,0.0
gnn_naive,none,5,PortScan,task5,n,51117.0
gnn_naive,none,5,PortScan,task5,n_benign,31046.0
gnn_naive,none,5,PortScan,task5,n_attack,20071.0
gnn_naive,none,5,PortScan,task5,accuracy,0.9995304888784553
gnn_naive,none,5,PortScan,task5,macro_f1,0.9995076954563662
gnn_naive,none,5,PortScan,task5,fpr,0.0
gnn_naive,none,5,PortScan,task5,detection_rate,0.9988042449304967
gnn_naive,none,5,PortScan,task5,binary_f1,0.9994017647938581
gnn_naive,none,5,PortScan,task5,category_recall,0.9988042449304967
gnn_naive,none,5,PortScan,task6,n,28798.0
gnn_naive,none,5,PortScan,task6,n_benign,9791.0
gnn_naive,none,5,PortScan,task6,n_attack,19007.0
gnn_naive,none,5,PortScan,task6,accuracy,0.3399888881172304
gnn_naive,none,5,PortScan,task6,macro_f1,0.25372515483687064
gnn_naive,none,5,PortScan,task6,fpr,0.0
gnn_naive,none,5,PortScan,task6,detection_rate,0.0
gnn_naive,none,5,PortScan,task6,binary_f1,0.0
gnn_naive,none,5,PortScan,task6,category_recall,0.0
gnn_naive,none,5,PortScan,seen,n,386176.0
gnn_naive,none,5,PortScan,seen,n_benign,327116.0
gnn_naive,none,5,PortScan,seen,n_attack,59060.0
gnn_naive,none,5,PortScan,seen,accuracy,0.8989139666887637
gnn_naive,none,5,PortScan,seen,macro_f1,0.23770589748048504
gnn_naive,none,5,PortScan,seen,fpr,7.336846867777791e-05
gnn_naive,none,5,PortScan,seen,detection_rate,0.6353538774128006
gnn_naive,none,5,PortScan,seen,binary_f1,0.776830076184167
gnn_naive,none,5,PortScan,all,n,414974.0
gnn_naive,none,5,PortScan,all,n_benign,336907.0
gnn_naive,none,5,PortScan,all,n_attack,78067.0
gnn_naive,none,5,PortScan,all,accuracy,0.8601261765797376
gnn_naive,none,5,PortScan,all,macro_f1,0.20488210194655787
gnn_naive,none,5,PortScan,all,fpr,7.12362758862238e-05
gnn_naive,none,5,PortScan,all,detection_rate,0.48066404498699833
gnn_naive,none,5,PortScan,all,binary_f1,0.649119923885309
gnn_naive,none,6,DDoS,task0,n,138702.0
gnn_naive,none,6,DDoS,task0,n_benign,137344.0
gnn_naive,none,6,DDoS,task0,n_attack,1358.0
gnn_naive,none,6,DDoS,task0,accuracy,0.989978515089905
gnn_naive,none,6,DDoS,task0,macro_f1,0.4999417453104975
gnn_naive,none,6,DDoS,task0,fpr,0.00023299161230195712
gnn_naive,none,6,DDoS,task0,detection_rate,1.0
gnn_naive,none,6,DDoS,task0,binary_f1,0.9883551673944687
gnn_naive,none,6,DDoS,task0,category_recall,0.0
gnn_naive,none,6,DDoS,task1,n,96639.0
gnn_naive,none,6,DDoS,task1,n_benign,76782.0
gnn_naive,none,6,DDoS,task1,n_attack,19857.0
gnn_naive,none,6,DDoS,task1,accuracy,0.7895259677769845
gnn_naive,none,6,DDoS,task1,macro_f1,0.49740537439534793
gnn_naive,none,6,DDoS,task1,fpr,0.0062905368445729465
gnn_naive,none,6,DDoS,task1,detection_rate,0.9842372966711991
gnn_naive,none,6,DDoS,task1,binary_f1,0.9800421221542474
gnn_naive,none,6,DDoS,task1,category_recall,0.0
gnn_naive,none,6,DDoS,task2,n,21631.0
gnn_naive,none,6,DDoS,task2,n_benign,21610.0
gnn_naive,none,6,DDoS,task2,n_attack,21.0
gnn_naive,none,6,DDoS,task2,accuracy,0.9987980213582358
gnn_naive,none,6,DDoS,task2,macro_f1,0.4999421497165336
gnn_naive,none,6,DDoS,task2,fpr,0.00023137436372049977
gnn_naive,none,6,DDoS,task2,detection_rate,1.0
gnn_naive,none,6,DDoS,task2,binary_f1,0.8936170212765957
gnn_naive,none,6,DDoS,task2,category_recall,0.0
gnn_naive,none,6,DDoS,task3,n,50445.0
gnn_naive,none,6,DDoS,task3,n_benign,32949.0
gnn_naive,none,6,DDoS,task3,n_attack,17496.0
gnn_naive,none,6,DDoS,task3,accuracy,0.6530478739220934
gnn_naive,none,6,DDoS,task3,macro_f1,0.42802572597934124
gnn_naive,none,6,DDoS,task3,fpr,0.00018209960848584176
gnn_naive,none,6,DDoS,task3,detection_rate,0.3671124828532236
gnn_naive,none,6,DDoS,task3,binary_f1,0.5369278996865203
gnn_naive,none,6,DDoS,task3,category_recall,0.0
gnn_naive,none,6,DDoS,task4,n,27642.0
gnn_naive,none,6,DDoS,task4,n_benign,27385.0
gnn_naive,none,6,DDoS,task4,n_attack,257.0
gnn_naive,none,6,DDoS,task4,accuracy,0.990485493090225
gnn_naive,none,6,DDoS,task4,macro_f1,0.4976100034532269
gnn_naive,none,6,DDoS,task4,fpr,0.00021909804637575315
gnn_naive,none,6,DDoS,task4,detection_rate,0.0
gnn_naive,none,6,DDoS,task4,binary_f1,0.0
gnn_naive,none,6,DDoS,task4,category_recall,0.0
gnn_naive,none,6,DDoS,task5,n,51117.0
gnn_naive,none,6,DDoS,task5,n_benign,31046.0
gnn_naive,none,6,DDoS,task5,n_attack,20071.0
gnn_naive,none,6,DDoS,task5,accuracy,0.995696148052507
gnn_naive,none,6,DDoS,task5,macro_f1,0.9956952973285463
gnn_naive,none,6,DDoS,task5,fpr,0.0
gnn_naive,none,6,DDoS,task5,detection_rate,0.9903841363160779
gnn_naive,none,6,DDoS,task5,binary_f1,0.995168840271346
gnn_naive,none,6,DDoS,task5,category_recall,0.9890389118628867
gnn_naive,none,6,DDoS,task6,n,28798.0
gnn_naive,none,6,DDoS,task6,n_benign,9791.0
gnn_naive,none,6,DDoS,task6,n_attack,19007.0
gnn_naive,none,6,DDoS,task6,accuracy,0.9997222029307591
gnn_naive,none,6,DDoS,task6,macro_f1,0.9996904450358897
gnn_naive,none,6,DDoS,task6,fpr,0.0008170769073639056
gnn_naive,none,6,DDoS,task6,detection_rate,1.0
gnn_naive,none,6,DDoS,task6,binary_f1,0.9997895954973437
gnn_naive,none,6,DDoS,task6,category_recall,1.0
gnn_naive,none,6,DDoS,seen,n,414974.0
gnn_naive,none,6,DDoS,seen,n_benign,336907.0
gnn_naive,none,6,DDoS,seen,n_attack,78067.0
gnn_naive,none,6,DDoS,seen,accuracy,0.904213276012473
gnn_naive,none,6,DDoS,seen,macro_f1,0.3096777885226881
gnn_naive,none,6,DDoS,seen,fpr,0.0016028162074400354
gnn_naive,none,6,DDoS,seen,detection_rate,0.8483866422432014
gnn_naive,none,6,DDoS,seen,binary_f1,0.9145528107264668
gnn_naive,none,6,DDoS,all,n,414974.0
gnn_naive,none,6,DDoS,all,n_benign,336907.0
gnn_naive,none,6,DDoS,all,n_attack,78067.0
gnn_naive,none,6,DDoS,all,accuracy,0.904213276012473
gnn_naive,none,6,DDoS,all,macro_f1,0.3096777885226881
gnn_naive,none,6,DDoS,all,fpr,0.0016028162074400354
gnn_naive,none,6,DDoS,all,detection_rate,0.8483866422432014
gnn_naive,none,6,DDoS,all,binary_f1,0.9145528107264668
gnn_ewc_replay,none,0,BruteForce,task0,n,138702.0
gnn_ewc_replay,none,0,BruteForce,task0,n_benign,137344.0
gnn_ewc_replay,none,0,BruteForce,task0,n_attack,1358.0
gnn_ewc_replay,none,0,BruteForce,task0,accuracy,0.9998125477642716
gnn_ewc_replay,none,0,BruteForce,task0,macro_f1,0.9952081438959475
gnn_ewc_replay,none,0,BruteForce,task0,fpr,0.000182024697110904
gnn_ewc_replay,none,0,BruteForce,task0,detection_rate,0.9992636229749632
gnn_ewc_replay,none,0,BruteForce,task0,binary_f1,0.9905109489051095
gnn_ewc_replay,none,0,BruteForce,task0,category_recall,0.9992636229749632
gnn_ewc_replay,none,0,BruteForce,task1,n,96639.0
gnn_ewc_replay,none,0,BruteForce,task1,n_benign,76782.0
gnn_ewc_replay,none,0,BruteForce,task1,n_attack,19857.0
gnn_ewc_replay,none,0,BruteForce,task1,accuracy,0.7945239499580915
gnn_ewc_replay,none,0,BruteForce,task1,macro_f1,0.44274914802705556
gnn_ewc_replay,none,0,BruteForce,task1,fpr,0.0
gnn_ewc_replay,none,0,BruteForce,task1,detection_rate,0.0
gnn_ewc_replay,none,0,BruteForce,task1,binary_f1,0.0
gnn_ewc_replay,none,0,BruteForce,task1,category_recall,0.0
gnn_ewc_replay,none,0,BruteForce,task2,n,21631.0
gnn_ewc_replay,none,0,BruteForce,task2,n_benign,21610.0
gnn_ewc_replay,none,0,BruteForce,task2,n_attack,21.0
gnn_ewc_replay,none,0,BruteForce,task2,accuracy,0.9990291710970367
gnn_ewc_replay,none,0,BruteForce,task2,macro_f1,0.4997571749034481
gnn_ewc_replay,none,0,BruteForce,task2,fpr,0.0
gnn_ewc_replay,none,0,BruteForce,task2,detection_rate,0.0
gnn_ewc_replay,none,0,BruteForce,task2,binary_f1,0.0
gnn_ewc_replay,none,0,BruteForce,task2,category_recall,0.0
gnn_ewc_replay,none,0,BruteForce,task3,n,50445.0
gnn_ewc_replay,none,0,BruteForce,task3,n_benign,32949.0
gnn_ewc_replay,none,0,BruteForce,task3,n_attack,17496.0
gnn_ewc_replay,none,0,BruteForce,task3,accuracy,0.6531668153434433
gnn_ewc_replay,none,0,BruteForce,task3,macro_f1,0.39510036693287287
gnn_ewc_replay,none,0,BruteForce,task3,fpr,0.0
gnn_ewc_replay,none,0,BruteForce,task3,detection_rate,0.0
gnn_ewc_replay,none,0,BruteForce,task3,binary_f1,0.0
gnn_ewc_replay,none,0,BruteForce,task3,category_recall,0.0
gnn_ewc_replay,none,0,BruteForce,task4,n,27642.0
gnn_ewc_replay,none,0,BruteForce,task4,n_benign,27385.0
gnn_ewc_replay,none,0,BruteForce,task4,n_attack,257.0
gnn_ewc_replay,none,0,BruteForce,task4,accuracy,0.9907025540843644
gnn_ewc_replay,none,0,BruteForce,task4,macro_f1,0.49766478274301706
gnn_ewc_replay,none,0,BruteForce,task4,fpr,0.0
gnn_ewc_replay,none,0,BruteForce,task4,detection_rate,0.0
gnn_ewc_replay,none,0,BruteForce,task4,binary_f1,0.0
gnn_ewc_replay,none,0,BruteForce,task4,category_recall,0.0
gnn_ewc_replay,none,0,BruteForce,task5,n,51117.0
gnn_ewc_replay,none,0,BruteForce,task5,n_benign,31046.0
gnn_ewc_replay,none,0,BruteForce,task5,n_attack,20071.0
gnn_ewc_replay,none,0,BruteForce,task5,accuracy,0.6073321986814563
gnn_ewc_replay,none,0,BruteForce,task5,macro_f1,0.3778510747060685
gnn_ewc_replay,none,0,BruteForce,task5,fpr,3.22102686336404e-05
gnn_ewc_replay,none,0,BruteForce,task5,detection_rate,0.0
gnn_ewc_replay,none,0,BruteForce,task5,binary_f1,0.0
gnn_ewc_replay,none,0,BruteForce,task5,category_recall,0.0
gnn_ewc_replay,none,0,BruteForce,task6,n,28798.0
gnn_ewc_replay,none,0,BruteForce,task6,n_benign,9791.0
gnn_ewc_replay,none,0,BruteForce,task6,n_attack,19007.0
gnn_ewc_replay,none,0,BruteForce,task6,accuracy,0.33995416348357527
gnn_ewc_replay,none,0,BruteForce,task6,macro_f1,0.2537058152793615
gnn_ewc_replay,none,0,BruteForce,task6,fpr,0.0001021346134204882
gnn_ewc_replay,none,0,BruteForce,task6,detection_rate,0.0
gnn_ewc_replay,none,0,BruteForce,task6,binary_f1,0.0
gnn_ewc_replay,none,0,BruteForce,task6,category_recall,0.0
gnn_ewc_replay,none,0,BruteForce,seen,n,138702.0
gnn_ewc_replay,none,0,BruteForce,seen,n_benign,137344.0
gnn_ewc_replay,none,0,BruteForce,seen,n_attack,1358.0
gnn_ewc_replay,none,0,BruteForce,seen,accuracy,0.9998125477642716
gnn_ewc_replay,none,0,BruteForce,seen,macro_f1,0.9952081438959475
gnn_ewc_replay,none,0,BruteForce,seen,fpr,0.000182024697110904
gnn_ewc_replay,none,0,BruteForce,seen,detection_rate,0.9992636229749632
gnn_ewc_replay,none,0,BruteForce,seen,binary_f1,0.9905109489051095
gnn_ewc_replay,none,0,BruteForce,all,n,414974.0
gnn_ewc_replay,none,0,BruteForce,all,n_benign,336907.0
gnn_ewc_replay,none,0,BruteForce,all,n_attack,78067.0
gnn_ewc_replay,none,0,BruteForce,all,accuracy,0.815079980914467
gnn_ewc_replay,none,0,BruteForce,all,macro_f1,0.23594252900849647
gnn_ewc_replay,none,0,BruteForce,all,fpr,8.014081037200176e-05
gnn_ewc_replay,none,0,BruteForce,all,detection_rate,0.017382504771542392
gnn_ewc_replay,none,0,BruteForce,all,binary_f1,0.034159419012976554
gnn_ewc_replay,none,1,DoS,task0,n,138702.0
gnn_ewc_replay,none,1,DoS,task0,n_benign,137344.0
gnn_ewc_replay,none,1,DoS,task0,n_attack,1358.0
gnn_ewc_replay,none,1,DoS,task0,accuracy,0.9998413865697683
gnn_ewc_replay,none,1,DoS,task0,macro_f1,0.9963006753096166
gnn_ewc_replay,none,1,DoS,task0,fpr,0.00012377679403541473
gnn_ewc_replay,none,1,DoS,task0,detection_rate,1.0
gnn_ewc_replay,none,1,DoS,task0,binary_f1,0.9937797292352726
gnn_ewc_replay,none,1,DoS,task0,category_recall,0.9963181148748159
gnn_ewc_replay,none,1,DoS,task1,n,96639.0
gnn_ewc_replay,none,1,DoS,task1,n_benign,76782.0
gnn_ewc_replay,none,1,DoS,task1,n_attack,19857.0
gnn_ewc_replay,none,1,DoS,task1,accuracy,0.9971854013390039
gnn_ewc_replay,none,1,DoS,task1,macro_f1,0.9957098688740291
gnn_ewc_replay,none,1,DoS,task1,fpr,0.003399234195514574
gnn_ewc_replay,none,1,DoS,task1,detection_rate,0.999446039180138
gnn_ewc_replay,none,1,DoS,task1,binary_f1,0.9931938744870383
gnn_ewc_replay,none,1,DoS,task1,category_recall,0.999446039180138
gnn_ewc_replay,none,1,DoS,task2,n,21631.0
gnn_ewc_replay,none,1,DoS,task2,n_benign,21610.0
gnn_ewc_replay,none,1,DoS,task2,n_attack,21.0
gnn_ewc_replay,none,1,DoS,task2,accuracy,0.9988442513059961
gnn_ewc_replay,none,1,DoS,task2,macro_f1,0.4999537208441318
gnn_ewc_replay,none,1,DoS,task2,fpr,0.00018509949097639982
gnn_ewc_replay,none,1,DoS,task2,detection_rate,1.0
gnn_ewc_replay,none,1,DoS,task2,binary_f1,0.9130434782608695
gnn_ewc_replay,none,1,DoS,task2,category_recall,0.0
gnn_ewc_replay,none,1,DoS,task3,n,50445.0
gnn_ewc_replay,none,1,DoS,task3,n_benign,32949.0
gnn_ewc_replay,none,1,DoS,task3,n_attack,17496.0
gnn_ewc_replay,none,1,DoS,task3,accuracy,0.6530875210625434
gnn_ewc_replay,none,1,DoS,task3,macro_f1,0.3950760891724328
gnn_ewc_replay,none,1,DoS,task3,fpr,0.00012139973899056118
gnn_ewc_replay,none,1,DoS,task3,detection_rate,5.7155921353452216e-05
gnn_ewc_replay,none,1,DoS,task3,binary_f1,0.0001142791840466259
gnn_ewc_replay,none,1,DoS,task3,category_recall,0.0
gnn_ewc_replay,none,1,DoS,task4,n,27642.0
gnn_ewc_replay,none,1,DoS,task4,n_benign,27385.0
gnn_ewc_replay,none,1,DoS,task4,n_attack,257.0
gnn_ewc_replay,none,1,DoS,task4,accuracy,0.9905940235872946
gnn_ewc_replay,none,1,DoS,task4,macro_f1,0.497637394591451
gnn_ewc_replay,none,1,DoS,task4,fpr,0.00010954902318787658
gnn_ewc_replay,none,1,DoS,task4,detection_rate,0.0
gnn_ewc_replay,none,1,DoS,task4,binary_f1,0.0
gnn_ewc_replay,none,1,DoS,task4,category_recall,0.0
gnn_ewc_replay,none,1,DoS,task5,n,51117.0
gnn_ewc_replay,none,1,DoS,task5,n_benign,31046.0
gnn_ewc_replay,none,1,DoS,task5,n_attack,20071.0
gnn_ewc_replay,none,1,DoS,task5,accuracy,0.6073517616448539
gnn_ewc_replay,none,1,DoS,task5,macro_f1,0.37786324578272196
gnn_ewc_replay,none,1,DoS,task5,fpr,0.0
gnn_ewc_replay,none,1,DoS,task5,detection_rate,4.982312789596931e-05
gnn_ewc_replay,none,1,DoS,task5,binary_f1,9.964129135113592e-05
gnn_ewc_replay,none,1,DoS,task5,category_recall,0.0
gnn_ewc_replay,none,1,DoS,task6,n,28798.0
gnn_ewc_replay,none,1,DoS,task6,n_benign,9791.0
gnn_ewc_replay,none,1,DoS,task6,n_attack,19007.0
gnn_ewc_replay,none,1,DoS,task6,accuracy,0.3399888881172304
gnn_ewc_replay,none,1,DoS,task6,macro_f1,0.499668282725185
gnn_ewc_replay,none,1,DoS,task6,fpr,0.0
gnn_ewc_replay,none,1,DoS,task6,detection_rate,0.99931604145841
gnn_ewc_replay,none,1,DoS,task6,binary_f1,0.9996579037393752
gnn_ewc_replay,none,1,DoS,task6,category_recall,0.0
gnn_ewc_replay,none,1,DoS,seen,n,235341.0
gnn_ewc_replay,none,1,DoS,seen,n_benign,214126.0
gnn_ewc_replay,none,1,DoS,seen,n_attack,21215.0
gnn_ewc_replay,none,1,DoS,seen,accuracy,0.998750748913279
gnn_ewc_replay,none,1,DoS,seen,macro_f1,0.9950026416641159
gnn_ewc_replay,none,1,DoS,seen,fpr,0.001298301000345591
gnn_ewc_replay,none,1,DoS,seen,detection_rate,0.9994814989394296
gnn_ewc_replay,none,1,DoS,seen,binary_f1,0.993231374569642
gnn_ewc_replay,none,1,DoS,all,n,414974.0
gnn_ewc_replay,none,1,DoS,all,n_benign,336907.0
gnn_ewc_replay,none,1,DoS,all,n_attack,78067.0
gnn_ewc_replay,none,1,DoS,all,accuracy,0.8622636598919451
gnn_ewc_replay,none,1,DoS,all,macro_f1,0.326124905534505
gnn_ewc_replay,none,1,DoS,all,fpr,0.0008578034887966116
gnn_ewc_replay,none,1,DoS,all,detection_rate,0.5152112928638221
gnn_ewc_replay,none,1,DoS,all,binary_f1,0.6783946296499321
gnn_ewc_replay,none,2,WebAttack,task0,n,138702.0
gnn_ewc_replay,none,2,WebAttack,task0,n_benign,137344.0
gnn_ewc_replay,none,2,WebAttack,task0,n_attack,1358.0
gnn_ewc_replay,none,2,WebAttack,task0,accuracy,0.9998485962711424
gnn_ewc_replay,none,2,WebAttack,task0,macro_f1,0.9964853721847823
gnn_ewc_replay,none,2,WebAttack,task0,fpr,0.00012377679403541473
gnn_ewc_replay,none,2,WebAttack,task0,detection_rate,1.0
gnn_ewc_replay,none,2,WebAttack,task0,binary_f1,0.9937797292352726
gnn_ewc_replay,none,2,WebAttack,task0,category_recall,0.9970544918998527
gnn_ewc_replay,none,2,WebAttack,task1,n,96639.0
gnn_ewc_replay,none,2,WebAttack,task1,n_benign,76782.0
gnn_ewc_replay,none,2,WebAttack,task1,n_attack,19857.0
gnn_ewc_replay,none,2,WebAttack,task1,accuracy,0.9998861743188567
gnn_ewc_replay,none,2,WebAttack,task1,macro_f1,0.999825658304708
gnn_ewc_replay,none,2,WebAttack,task1,fpr,0.0
gnn_ewc_replay,none,2,WebAttack,task1,detection_rate,0.999446039180138
gnn_ewc_replay,none,2,WebAttack,task1,binary_f1,0.9997229428506662
gnn_ewc_replay,none,2,WebAttack,task1,category_recall,0.999446039180138
gnn_ewc_replay,none,2,WebAttack,task2,n,21631.0
gnn_ewc_replay,none,2,WebAttack,task2,n_benign,21610.0
gnn_ewc_replay,none,2,WebAttack,task2,n_attack,21.0
gnn_ewc_replay,none,2,WebAttack,task2,accuracy,0.9993065507835976
gnn_ewc_replay,none,2,WebAttack,task2,macro_f1,0.7580298091714441
gnn_ewc_replay,none,2,WebAttack,task2,fpr,9.254974548819991e-05
gnn_ewc_replay,none,2,WebAttack,task2,detection_rate,0.9523809523809523
gnn_ewc_replay,none,2,WebAttack,task2,binary_f1,0.9302325581395349
gnn_ewc_replay,none,2,WebAttack,task2,category_recall,0.38095238095238093
gnn_ewc_replay,none,2,WebAttack,task3,n,50445.0
gnn_ewc_replay,none,2,WebAttack,task3,n_benign,32949.0
gnn_ewc_replay,none,2,WebAttack,task3,n_attack,17496.0
gnn_ewc_replay,none,2,WebAttack,task3,accuracy,0.6531668153434433
gnn_ewc_replay,none,2,WebAttack,task3,macro_f1,0.39510036693287287
gnn_ewc_replay,none,2,WebAttack,task3,fpr,0.0
gnn_ewc_replay,none,2,WebAttack,task3,detection_rate,0.0
gnn_ewc_replay,none,2,WebAttack,task3,binary_f1,0.0
gnn_ewc_replay,none,2,WebAttack,task3,category_recall,0.0
gnn_ewc_replay,none,2,WebAttack,task4,n,27642.0
gnn_ewc_replay,none,2,WebAttack,task4,n_benign,27385.0
gnn_ewc_replay,none,2,WebAttack,task4,n_attack,257.0
gnn_ewc_replay,none,2,WebAttack,task4,accuracy,0.9905940235872946
gnn_ewc_replay,none,2,WebAttack,task4,macro_f1,0.497637394591451
gnn_ewc_replay,none,2,WebAttack,task4,fpr,0.00010954902318787658
gnn_ewc_replay,none,2,WebAttack,task4,detection_rate,0.0
gnn_ewc_replay,none,2,WebAttack,task4,binary_f1,0.0
gnn_ewc_replay,none,2,WebAttack,task4,category_recall,0.0
gnn_ewc_replay,none,2,WebAttack,task5,n,51117.0
gnn_ewc_replay,none,2,WebAttack,task5,n_benign,31046.0
gnn_ewc_replay,none,2,WebAttack,task5,n_attack,20071.0
gnn_ewc_replay,none,2,WebAttack,task5,accuracy,0.6073517616448539
gnn_ewc_replay,none,2,WebAttack,task5,macro_f1,0.37785864683616716
gnn_ewc_replay,none,2,WebAttack,task5,fpr,0.0
gnn_ewc_replay,none,2,WebAttack,task5,detection_rate,0.0
gnn_ewc_replay,none,2,WebAttack,task5,binary_f1,0.0
gnn_ewc_replay,none,2,WebAttack,task5,category_recall,0.0
gnn_ewc_replay,none,2,WebAttack,task6,n,28798.0
gnn_ewc_replay,none,2,WebAttack,task6,n_benign,9791.0
gnn_ewc_replay,none,2,WebAttack,task6,n_attack,19007.0
gnn_ewc_replay,none,2,WebAttack,task6,accuracy,0.3399888881172304
gnn_ewc_replay,none,2,WebAttack,task6,macro_f1,0.5
gnn_ewc_replay,none,2,WebAttack,task6,fpr,0.0
gnn_ewc_replay,none,2,WebAttack,task6,detection_rate,1.0
gnn_ewc_replay,none,2,WebAttack,task6,binary_f1,1.0
gnn_ewc_replay,none,2,WebAttack,task6,category_recall,0.0
gnn_ewc_replay,none,2,WebAttack,seen,n,256972.0
gnn_ewc_replay,none,2,WebAttack,seen,n_benign,235736.0
gnn_ewc_replay,none,2,WebAttack,seen,n_attack,21236.0
gnn_ewc_replay,none,2,WebAttack,seen,accuracy,0.9998171006957957
gnn_ewc_replay,none,2,WebAttack,seen,macro_f1,0.8770914559914308
gnn_ewc_replay,none,2,WebAttack,seen,fpr,8.05986357620389e-05
gnn_ewc_replay,none,2,WebAttack,seen,detection_rate,0.9994349218308533
gnn_ewc_replay,none,2,WebAttack,seen,binary_f1,0.9992702276418937
gnn_ewc_replay,none,2,WebAttack,all,n,414974.0
gnn_ewc_replay,none,2,WebAttack,all,n_benign,336907.0
gnn_ewc_replay,none,2,WebAttack,all,n_attack,78067.0
gnn_ewc_replay,none,2,WebAttack,all,accuracy,0.8629287618019442
gnn_ewc_replay,none,2,WebAttack,all,macro_f1,0.3857854159694514
gnn_ewc_replay,none,2,WebAttack,all,fpr,6.529991956237182e-05
gnn_ewc_replay,none,2,WebAttack,all,detection_rate,0.5153393879616227
gnn_ewc_replay,none,2,WebAttack,all,binary_f1,0.6800371872887085
gnn_ewc_replay,none,3,Infiltration,task0,n,138702.0
gnn_ewc_replay,none,3,Infiltration,task0,n_benign,137344.0
gnn_ewc_replay,none,3,Infiltration,task0,n_attack,1358.0
gnn_ewc_replay,none,3,Infiltration,task0,accuracy,0.9997909186601491
gnn_ewc_replay,none,3,Infiltration,task0,macro_f1,0.9962799180117303
gnn_ewc_replay,none,3,Infiltration,task0,fpr,0.00012377679403541473
gnn_ewc_replay,none,3,Infiltration,task0,detection_rate,0.9992636229749632
gnn_ewc_replay,none,3,Infiltration,task0,binary_f1,0.9934114202049781
gnn_ewc_replay,none,3,Infiltration,task0,category_recall,0.9911634756995582
gnn_ewc_replay,none,3,Infiltration,task1,n,96639.0
gnn_ewc_replay,none,3,Infiltration,task1,n_benign,76782.0
gnn_ewc_replay,none,3,Infiltration,task1,n_attack,19857.0
gnn_ewc_replay,none,3,Infiltration,task1,accuracy,0.9991618290752181
gnn_ewc_replay,none,3,Infiltration,task1,macro_f1,0.9987429789559756
gnn_ewc_replay,none,3,Infiltration,task1,fpr,0.0009116720064598474
gnn_ewc_replay,none,3,Infiltration,task1,detection_rate,0.999446039180138
gnn_ewc_replay,none,3,Infiltration,task1,binary_f1,0.997963442536394
gnn_ewc_replay,none,3,Infiltration,task1,category_recall,0.999446039180138
gnn_ewc_replay,none,3,Infiltration,task2,n,21631.0
gnn_ewc_replay,none,3,Infiltration,task2,n_benign,21610.0
gnn_ewc_replay,none,3,Infiltration,task2,n_attack,21.0
gnn_ewc_replay,none,3,Infiltration,task2,accuracy,0.999399010679118
gnn_ewc_replay,none,3,Infiltration,task2,macro_f1,0.7757579721786381
gnn_ewc_replay,none,3,Infiltration,task2,fpr,0.0
gnn_ewc_replay,none,3,Infiltration,task2,detection_rate,0.5714285714285714
gnn_ewc_replay,none,3,Infiltration,task2,binary_f1,0.7272727272727273
gnn_ewc_replay,none,3,Infiltration,task2,category_recall,0.38095238095238093
gnn_ewc_replay,none,3,Infiltration,task3,n,50445.0
gnn_ewc_replay,none,3,Infiltration,task3,n_benign,32949.0
gnn_ewc_replay,none,3,Infiltration,task3,n_attack,17496.0
gnn_ewc_replay,none,3,Infiltration,task3,accuracy,0.9994251164634751
gnn_ewc_replay,none,3,Infiltration,task3,macro_f1,0.9993653867661905
gnn_ewc_replay,none,3,Infiltration,task3,fpr,9.104980424292088e-05
gnn_ewc_replay,none,3,Infiltration,task3,detection_rate,0.9985139460448103
gnn_ewc_replay,none,3,Infiltration,task3,binary_f1,0.9991706940432955
gnn_ewc_replay,none,3,Infiltration,task3,category_recall,0.9985139460448103
gnn_ewc_replay,none,3,Infiltration,task4,n,27642.0
gnn_ewc_replay,none,3,Infiltration,task4,n_benign,27385.0
gnn_ewc_replay,none,3,Infiltration,task4,n_attack,257.0
gnn_ewc_replay,none,3,Infiltration,task4,accuracy,0.9907025540843644
gnn_ewc_replay,none,3,Infiltration,task4,macro_f1,0.49766478274301706
gnn_ewc_replay,none,3,Infiltration,task4,fpr,0.0
gnn_ewc_replay,none,3,Infiltration,task4,detection_rate,0.0
gnn_ewc_replay,none,3,Infiltration,task4,binary_f1,0.0
gnn_ewc_replay,none,3,Infiltration,task4,category_recall,0.0
gnn_ewc_replay,none,3,Infiltration,task5,n,51117.0
gnn_ewc_replay,none,3,Infiltration,task5,n_benign,31046.0
gnn_ewc_replay,none,3,Infiltration,task5,n_attack,20071.0
gnn_ewc_replay,none,3,Infiltration,task5,accuracy,0.60721482090107
gnn_ewc_replay,none,3,Infiltration,task5,macro_f1,0.49945290123258135
gnn_ewc_replay,none,3,Infiltration,task5,fpr,0.00022547188043548283
gnn_ewc_replay,none,3,Infiltration,task5,detection_rate,0.9969607891983459
gnn_ewc_replay,none,3,Infiltration,task5,binary_f1,0.9983037317900618
gnn_ewc_replay,none,3,Infiltration,task5,category_recall,0.0
gnn_ewc_replay,none,3,Infiltration,task6,n,28798.0
gnn_ewc_replay,none,3,Infiltration,task6,n_benign,9791.0
gnn_ewc_replay,none,3,Infiltration,task6,n_attack,19007.0
gnn_ewc_replay,none,3,Infiltration,task6,accuracy,0.3399888881172304
gnn_ewc_replay,none,3,Infiltration,task6,macro_f1,0.49987236432327564
gnn_ewc_replay,none,3,Infiltration,task6,fpr,0.0
gnn_ewc_replay,none,3,Infiltration,task6,detection_rate,0.9997369390224654
gnn_ewc_replay,none,3,Infiltration,task6,binary_f1,0.9998684522086874
gnn_ewc_replay,none,3,Infiltration,task6,category_recall,0.0
gnn_ewc_replay,none,3,Infiltration,seen,n,307417.0
gnn_ewc_replay,none,3,Infiltration,seen,n_benign,268685.0
gnn_ewc_replay,none,3,Infiltration,seen,n_attack,38732.0
gnn_ewc_replay,none,3,Infiltration,seen,accuracy,0.9995055575976605
gnn_ewc_replay,none,3,Infiltration,seen,macro_f1,0.9079890969798582
gnn_ewc_replay,none,3,Infiltration,seen,fpr,0.00033496473565699614
gnn_ewc_replay,none,3,Infiltration,seen,detection_rate,0.9987865330992461
gnn_ewc_replay,none,3,Infiltration,seen,binary_f1,0.9982324177171095
gnn_ewc_replay,none,3,Infiltration,all,n,414974.0
gnn_ewc_replay,none,3,Infiltration,all,n_benign,336907.0
gnn_ewc_replay,none,3,Infiltration,all,n_attack,78067.0
gnn_ewc_replay,none,3,Infiltration,all,accuracy,0.9048277723423637
gnn_ewc_replay,none,3,Infiltration,all,macro_f1,0.4816785203360156
gnn_ewc_replay,none,3,Infiltration,all,fpr,0.00028791328170682117
gnn_ewc_replay,none,3,Infiltration,all,detection_rate,0.9952604813813776
gnn_ewc_replay,none,3,Infiltration,all,binary_f1,0.9970037405123796
gnn_ewc_replay,none,4,Botnet,task0,n,138702.0
gnn_ewc_replay,none,4,Botnet,task0,n_benign,137344.0
gnn_ewc_replay,none,4,Botnet,task0,n_attack,1358.0
gnn_ewc_replay,none,4,Botnet,task0,accuracy,0.9993006589667056
gnn_ewc_replay,none,4,Botnet,task0,macro_f1,0.9959762328281746
gnn_ewc_replay,none,4,Botnet,task0,fpr,0.0006407269338303822
gnn_ewc_replay,none,4,Botnet,task0,detection_rate,0.9992636229749632
gnn_ewc_replay,none,4,Botnet,task0,binary_f1,0.9682483053870853
gnn_ewc_replay,none,4,Botnet,task0,category_recall,0.9933726067746687
gnn_ewc_replay,none,4,Botnet,task1,n,96639.0
gnn_ewc_replay,none,4,Botnet,task1,n_benign,76782.0
gnn_ewc_replay,none,4,Botnet,task1,n_attack,19857.0
gnn_ewc_replay,none,4,Botnet,task1,accuracy,0.9636896077153116
gnn_ewc_replay,none,4,Botnet,task1,macro_f1,0.9410292216345415
gnn_ewc_replay,none,4,Botnet,task1,fpr,0.0018103201271131254
gnn_ewc_replay,none,4,Botnet,task1,detection_rate,0.8302865488240923
gnn_ewc_replay,none,4,Botnet,task1,binary_f1,0.9038182167036702
gnn_ewc_replay,none,4,Botnet,task1,category_recall,0.8302865488240923
gnn_ewc_replay,none,4,Botnet,task2,n,21631.0
gnn_ewc_replay,none,4,Botnet,task2,n_benign,21610.0
gnn_ewc_replay,none,4,Botnet,task2,n_attack,21.0
gnn_ewc_replay,none,4,Botnet,task2,accuracy,0.9992603208358375
gnn_ewc_replay,none,4,Botnet,task2,macro_f1,0.775677012291911
gnn_ewc_replay,none,4,Botnet,task2,fpr,0.00013882461823229986
gnn_ewc_replay,none,4,Botnet,task2,detection_rate,0.38095238095238093
gnn_ewc_replay,none,4,Botnet,task2,binary_f1,0.5
gnn_ewc_replay,none,4,Botnet,task2,category_recall,0.38095238095238093
gnn_ewc_replay,none,4,Botnet,task3,n,50445.0
gnn_ewc_replay,none,4,Botnet,task3,n_benign,32949.0
gnn_ewc_replay,none,4,Botnet,task3,n_attack,17496.0
gnn_ewc_replay,none,4,Botnet,task3,accuracy,0.999306175042125
gnn_ewc_replay,none,4,Botnet,task3,macro_f1,0.9993484563066669
gnn_ewc_replay,none,4,Botnet,task3,fpr,0.00033384928222404323
gnn_ewc_replay,none,4,Botnet,task3,detection_rate,0.9986282578875172
gnn_ewc_replay,none,4,Botnet,task3,binary_f1,0.9989993996397839
gnn_ewc_replay,none,4,Botnet,task3,category_recall,0.9986282578875172
gnn_ewc_replay,none,4,Botnet,task4,n,27642.0
gnn_ewc_replay,none,4,Botnet,task4,n_benign,27385.0
gnn_ewc_replay,none,4,Botnet,task4,n_attack,257.0
gnn_ewc_replay,none,4,Botnet,task4,accuracy,0.9999276463352869
gnn_ewc_replay,none,4,Botnet,task4,macro_f1,0.99803621653764
gnn_ewc_replay,none,4,Botnet,task4,fpr,3.6516341062625523e-05
gnn_ewc_replay,none,4,Botnet,task4,detection_rate,0.9961089494163424
gnn_ewc_replay,none,4,Botnet,task4,binary_f1,0.9961089494163424
gnn_ewc_replay,none,4,Botnet,task4,category_recall,0.9961089494163424
gnn_ewc_replay,none,4,Botnet,task5,n,51117.0
gnn_ewc_replay,none,4,Botnet,task5,n_benign,31046.0
gnn_ewc_replay,none,4,Botnet,task5,n_attack,20071.0
gnn_ewc_replay,none,4,Botnet,task5,accuracy,0.6068431245965139
gnn_ewc_replay,none,4,Botnet,task5,macro_f1,0.4993641236980634
gnn_ewc_replay,none,4,Botnet,task5,fpr,0.0008374669844746505
gnn_ewc_replay,none,4,Botnet,task5,detection_rate,0.9973593742215137
gnn_ewc_replay,none,4,Botnet,task5,binary_f1,0.9980306618471894
gnn_ewc_replay,none,4,Botnet,task5,category_recall,0.0
gnn_ewc_replay,none,4,Botnet,task6,n,28798.0
gnn_ewc_replay,none,4,Botnet,task6,n_benign,9791.0
gnn_ewc_replay,none,4,Botnet,task6,n_attack,19007.0
gnn_ewc_replay,none,4,Botnet,task6,accuracy,0.3398152649489548
gnn_ewc_replay,none,4,Botnet,task6,macro_f1,0.4997701853837904
gnn_ewc_replay,none,4,Botnet,task6,fpr,0.000510673067102441
gnn_ewc_replay,none,4,Botnet,task6,detection_rate,0.9997895512179723
gnn_ewc_replay,none,4,Botnet,task6,binary_f1,0.999763251348152
gnn_ewc_replay,none,4,Botnet,task6,category_recall,0.0
gnn_ewc_replay,none,4,Botnet,seen,n,335059.0
gnn_ewc_replay,none,4,Botnet,seen,n_benign,296070.0
gnn_ewc_replay,none,4,Botnet,seen,n_attack,38989.0
gnn_ewc_replay,none,4,Botnet,seen,accuracy,0.9890795352460313
gnn_ewc_replay,none,4,Botnet,seen,macro_f1,0.8776146535210291
gnn_ewc_replay,none,4,Botnet,seen,fpr,0.0008173742695984058
gnn_ewc_replay,none,4,Botnet,seen,detection_rate,0.9125650824591551
gnn_ewc_replay,none,4,Botnet,seen,binary_f1,0.9511970164815334
gnn_ewc_replay,none,4,Botnet,all,n,414974.0
gnn_ewc_replay,none,4,Botnet,all,n_benign,336907.0
gnn_ewc_replay,none,4,Botnet,all,n_attack,78067.0
gnn_ewc_replay,none,4,Botnet,all,accuracy,0.8969381214244748
gnn_ewc_replay,none,4,Botnet,all,macro_f1,0.5696540311978833
gnn_ewc_replay,none,4,Botnet,all,fpr,0.0008103126382057957
gnn_ewc_replay,none,4,Botnet,all,detection_rate,0.9556022391023096
gnn_ewc_replay,none,4,Botnet,all,binary_f1,0.9755526640992278
gnn_ewc_replay,none,5,PortScan,task0,n,138702.0
gnn_ewc_replay,none,5,PortScan,task0,n_benign,137344.0
gnn_ewc_replay,none,5,PortScan,task0,n_attack,1358.0
gnn_ewc_replay,none,5,PortScan,task0,accuracy,0.9997260313477816
gnn_ewc_replay,none,5,PortScan,task0,macro_f1,0.9951607581391917
gnn_ewc_replay,none,5,PortScan,task0,fpr,0.000182024697110904
gnn_ewc_replay,none,5,PortScan,task0,detection_rate,0.9970544918998527
gnn_ewc_replay,none,5,PortScan,task0,binary_f1,0.9894044574351479
gnn_ewc_replay,none,5,PortScan,task0,category_recall,0.9904270986745214
gnn_ewc_replay,none,5,PortScan,task1,n,96639.0
gnn_ewc_replay,none,5,PortScan,task1,n_benign,76782.0
gnn_ewc_replay,none,5,PortScan,task1,n_attack,19857.0
gnn_ewc_replay,none,5,PortScan,task1,accuracy,0.9987375697182297
gnn_ewc_replay,none,5,PortScan,task1,macro_f1,0.9980696700304921
gnn_ewc_replay,none,5,PortScan,task1,fpr,0.001315412466463494
gnn_ewc_replay,none,5,PortScan,task1,detection_rate,0.9989424384348089
gnn_ewc_replay,none,5,PortScan,task1,binary_f1,0.9969342111876163
gnn_ewc_replay,none,5,PortScan,task1,category_recall,0.9989424384348089
gnn_ewc_replay,none,5,PortScan,task2,n,21631.0
gnn_ewc_replay,none,5,PortScan,task2,n_benign,21610.0
gnn_ewc_replay,none,5,PortScan,task2,n_attack,21.0
gnn_ewc_replay,none,5,PortScan,task2,accuracy,0.999399010679118
gnn_ewc_replay,none,5,PortScan,task2,macro_f1,0.7758389325997775
gnn_ewc_replay,none,5,PortScan,task2,fpr,0.0
gnn_ewc_replay,none,5,PortScan,task2,detection_rate,0.9047619047619048
gnn_ewc_replay,none,5,PortScan,task2,binary_f1,0.95
gnn_ewc_replay,none,5,PortScan,task2,category_recall,0.38095238095238093
gnn_ewc_replay,none,5,PortScan,task3,n,50445.0
gnn_ewc_replay,none,5,PortScan,task3,n_benign,32949.0
gnn_ewc_replay,none,5,PortScan,task3,n_attack,17496.0
gnn_ewc_replay,none,5,PortScan,task3,accuracy,0.9976013480027753
gnn_ewc_replay,none,5,PortScan,task3,macro_f1,0.9978640931320613
gnn_ewc_replay,none,5,PortScan,task3,fpr,0.00030349934747640295
gnn_ewc_replay,none,5,PortScan,task3,detection_rate,0.9975422953818015
gnn_ewc_replay,none,5,PortScan,task3,binary_f1,0.9984839383277554
gnn_ewc_replay,none,5,PortScan,task3,category_recall,0.9936556927297668
gnn_ewc_replay,none,5,PortScan,task4,n,27642.0
gnn_ewc_replay,none,5,PortScan,task4,n_benign,27385.0
gnn_ewc_replay,none,5,PortScan,task4,n_attack,257.0
gnn_ewc_replay,none,5,PortScan,task4,accuracy,0.9992764633528688
gnn_ewc_replay,none,5,PortScan,task4,macro_f1,0.9795745699627507
gnn_ewc_replay,none,5,PortScan,task4,fpr,0.0
gnn_ewc_replay,none,5,PortScan,task4,detection_rate,0.9221789883268483
gnn_ewc_replay,none,5,PortScan,task4,binary_f1,0.9595141700404858
gnn_ewc_replay,none,5,PortScan,task4,category_recall,0.9221789883268483
gnn_ewc_replay,none,5,PortScan,task5,n,51117.0
gnn_ewc_replay,none,5,PortScan,task5,n_benign,31046.0
gnn_ewc_replay,none,5,PortScan,task5,n_attack,20071.0
gnn_ewc_replay,none,5,PortScan,task5,accuracy,0.9684645030029149
gnn_ewc_replay,none,5,PortScan,task5,macro_f1,0.9786993034876216
gnn_ewc_replay,none,5,PortScan,task5,fpr,0.0001288410745345616
gnn_ewc_replay,none,5,PortScan,task5,detection_rate,0.9978077823725774
gnn_ewc_replay,none,5,PortScan,task5,binary_f1,0.9988030522168471
gnn_ewc_replay,none,5,PortScan,task5,category_recall,0.9198844103432814
gnn_ewc_replay,none,5,PortScan,task6,n,28798.0
gnn_ewc_replay,none,5,PortScan,task6,n_benign,9791.0
gnn_ewc_replay,none,5,PortScan,task6,n_attack,19007.0
gnn_ewc_replay,none,5,PortScan,task6,accuracy,0.3399888881172304
gnn_ewc_replay,none,5,PortScan,task6,macro_f1,0.4461608566871725
gnn_ewc_replay,none,5,PortScan,task6,fpr,0.0
gnn_ewc_replay,none,5,PortScan,task6,detection_rate,0.8756773820171516
gnn_ewc_replay,none,5,PortScan,task6,binary_f1,0.9337185492693052
gnn_ewc_replay,none,5,PortScan,task6,category_recall,0.0
gnn_ewc_replay,none,5,PortScan,seen,n,386176.0
gnn_ewc_replay,none,5,PortScan,seen,n_benign,327116.0
gnn_ewc_replay,none,5,PortScan,seen,n_attack,59060.0
gnn_ewc_replay,none,5,PortScan,seen,accuracy,0.9950126367252238
gnn_ewc_replay,none,5,PortScan,seen,macro_f1,0.9058999931004986
gnn_ewc_replay,none,5,PortScan,seen,fpr,0.0004279827339537045
gnn_ewc_replay,none,5,PortScan,seen,detection_rate,0.9977311208940061
gnn_ewc_replay,none,5,PortScan,seen,binary_f1,0.9976804429168854
gnn_ewc_replay,none,5,PortScan,all,n,414974.0
gnn_ewc_replay,none,5,PortScan,all,n_benign,336907.0
gnn_ewc_replay,none,5,PortScan,all,n_attack,78067.0
gnn_ewc_replay,none,5,PortScan,all,accuracy,0.9495558757898085
gnn_ewc_replay,none,5,PortScan,all,macro_f1,0.75553510641419
gnn_ewc_replay,none,5,PortScan,all,fpr,0.0004155449426696388
gnn_ewc_replay,none,5,PortScan,all,detection_rate,0.9680146540791884
gnn_ewc_replay,none,5,PortScan,all,binary_f1,0.9828517918804502
gnn_ewc_replay,none,6,DDoS,task0,n,138702.0
gnn_ewc_replay,none,6,DDoS,task0,n_benign,137344.0
gnn_ewc_replay,none,6,DDoS,task0,n_attack,1358.0
gnn_ewc_replay,none,6,DDoS,task0,accuracy,0.9998053380628974
gnn_ewc_replay,none,6,DDoS,task0,macro_f1,0.9957522358681676
gnn_ewc_replay,none,6,DDoS,task0,fpr,0.00019658667287977632
gnn_ewc_replay,none,6,DDoS,task0,detection_rate,1.0
gnn_ewc_replay,none,6,DDoS,task0,binary_f1,0.990156762668611
gnn_ewc_replay,none,6,DDoS,task0,category_recall,1.0
gnn_ewc_replay,none,6,DDoS,task1,n,96639.0
gnn_ewc_replay,none,6,DDoS,task1,n_benign,76782.0
gnn_ewc_replay,none,6,DDoS,task1,n_attack,19857.0
gnn_ewc_replay,none,6,DDoS,task1,accuracy,0.9728784445203282
gnn_ewc_replay,none,6,DDoS,task1,macro_f1,0.9563078410379522
gnn_ewc_replay,none,6,DDoS,task1,fpr,2.6047771613138496e-05
gnn_ewc_replay,none,6,DDoS,task1,detection_rate,0.868106964798308
gnn_ewc_replay,none,6,DDoS,task1,binary_f1,0.9293473865811251
gnn_ewc_replay,none,6,DDoS,task1,category_recall,0.868106964798308
gnn_ewc_replay,none,6,DDoS,task2,n,21631.0
gnn_ewc_replay,none,6,DDoS,task2,n_benign,21610.0
gnn_ewc_replay,none,6,DDoS,task2,n_attack,21.0
gnn_ewc_replay,none,6,DDoS,task2,accuracy,0.9993527807313578
gnn_ewc_replay,none,6,DDoS,task2,macro_f1,0.7757926630798981
gnn_ewc_replay,none,6,DDoS,task2,fpr,4.6274872744099955e-05
gnn_ewc_replay,none,6,DDoS,task2,detection_rate,0.7619047619047619
gnn_ewc_replay,none,6,DDoS,task2,binary_f1,0.8421052631578947
gnn_ewc_replay,none,6,DDoS,task2,category_recall,0.38095238095238093
gnn_ewc_replay,none,6,DDoS,task3,n,50445.0
gnn_ewc_replay,none,6,DDoS,task3,n_benign,32949.0
gnn_ewc_replay,none,6,DDoS,task3,n_attack,17496.0
gnn_ewc_replay,none,6,DDoS,task3,accuracy,0.9969075230449004
gnn_ewc_replay,none,6,DDoS,task3,macro_f1,0.9974061087233765
gnn_ewc_replay,none,6,DDoS,task3,fpr,0.0003945491517193238
gnn_ewc_replay,none,6,DDoS,task3,detection_rate,0.9980566986739826
gnn_ewc_replay,none,6,DDoS,task3,binary_f1,0.9986560292814046
gnn_ewc_replay,none,6,DDoS,task3,category_recall,0.9918267032464564
gnn_ewc_replay,none,6,DDoS,task4,n,27642.0
gnn_ewc_replay,none,6,DDoS,task4,n_benign,27385.0
gnn_ewc_replay,none,6,DDoS,task4,n_attack,257.0
gnn_ewc_replay,none,6,DDoS,task4,accuracy,0.9934881701758194
gnn_ewc_replay,none,6,DDoS,task4,macro_f1,0.733481075792163
gnn_ewc_replay,none,6,DDoS,task4,fpr,7.303268212525105e-05
gnn_ewc_replay,none,6,DDoS,task4,detection_rate,0.30739299610894943
gnn_ewc_replay,none,6,DDoS,task4,binary_f1,0.46745562130177515
gnn_ewc_replay,none,6,DDoS,task4,category_recall,0.30739299610894943
gnn_ewc_replay,none,6,DDoS,task5,n,51117.0
gnn_ewc_replay,none,6,DDoS,task5,n_benign,31046.0
gnn_ewc_replay,none,6,DDoS,task5,n_attack,20071.0
gnn_ewc_replay,none,6,DDoS,task5,accuracy,0.9993152962810806
gnn_ewc_replay,none,6,DDoS,task5,macro_f1,0.9993302660013372
gnn_ewc_replay,none,6,DDoS,task5,fpr,3.22102686336404e-05
gnn_ewc_replay,none,6,DDoS,task5,detection_rate,0.9986049524189129
gnn_ewc_replay,none,6,DDoS,task5,binary_f1,0.9992770783996011
gnn_ewc_replay,none,6,DDoS,task5,category_recall,0.998306013651537
gnn_ewc_replay,none,6,DDoS,task6,n,28798.0
gnn_ewc_replay,none,6,DDoS,task6,n_benign,9791.0
gnn_ewc_replay,none,6,DDoS,task6,n_attack,19007.0
gnn_ewc_replay,none,6,DDoS,task6,accuracy,0.9998611014653795
gnn_ewc_replay,none,6,DDoS,task6,macro_f1,0.9998715398055538
gnn_ewc_replay,none,6,DDoS,task6,fpr,0.0004085384536819528
gnn_ewc_replay,none,6,DDoS,task6,detection_rate,1.0
gnn_ewc_replay,none,6,DDoS,task6,binary_f1,0.9998947866799937
gnn_ewc_replay,none,6,DDoS,task6,category_recall,1.0
gnn_ewc_replay,none,6,DDoS,seen,n,414974.0
gnn_ewc_replay,none,6,DDoS,seen,n_benign,336907.0
gnn_ewc_replay,none,6,DDoS,seen,n_attack,78067.0
gnn_ewc_replay,none,6,DDoS,seen,accuracy,0.9926814692004801
gnn_ewc_replay,none,6,DDoS,seen,macro_f1,0.8633224603133417
gnn_ewc_replay,none,6,DDoS,seen,fpr,0.00014840890809629957
gnn_ewc_replay,none,6,DDoS,seen,detection_rate,0.9633135639899061
gnn_ewc_replay,none,6,DDoS,seen,binary_f1,0.9809939994782155
gnn_ewc_replay,none,6,DDoS,all,n,414974.0
gnn_ewc_replay,none,6,DDoS,all,n_benign,336907.0
gnn_ewc_replay,none,6,DDoS,all,n_attack,78067.0
gnn_ewc_replay,none,6,DDoS,all,accuracy,0.9926814692004801
gnn_ewc_replay,none,6,DDoS,all,macro_f1,0.8633224603133417
gnn_ewc_replay,none,6,DDoS,all,fpr,0.00014840890809629957
gnn_ewc_replay,none,6,DDoS,all,detection_rate,0.9633135639899061
gnn_ewc_replay,none,6,DDoS,all,binary_f1,0.9809939994782155
ffnn_ewc_replay,none,0,BruteForce,task0,n,138702.0
ffnn_ewc_replay,none,0,BruteForce,task0,n_benign,137344.0
ffnn_ewc_replay,none,0,BruteForce,task0,n_attack,1358.0
ffnn_ewc_replay,none,0,BruteForce,task0,accuracy,0.9998990641807617
ffnn_ewc_replay,none,0,BruteForce,task0,macro_f1,0.9973857602591747
ffnn_ewc_replay,none,0,BruteForce,task0,fpr,7.28098788443616e-06
ffnn_ewc_replay,none,0,BruteForce,task0,detection_rate,0.9904270986745214
ffnn_ewc_replay,none,0,BruteForce,task0,binary_f1,0.9948224852071006
ffnn_ewc_replay,none,0,BruteForce,task0,category_recall,0.9904270986745214
ffnn_ewc_replay,none,0,BruteForce,task1,n,96639.0
ffnn_ewc_replay,none,0,BruteForce,task1,n_benign,76782.0
ffnn_ewc_replay,none,0,BruteForce,task1,n_attack,19857.0
ffnn_ewc_replay,none,0,BruteForce,task1,accuracy,0.7945239499580915
ffnn_ewc_replay,none,0,BruteForce,task1,macro_f1,0.44274914802705556
ffnn_ewc_replay,none,0,BruteForce,task1,fpr,0.0
ffnn_ewc_replay,none,0,BruteForce,task1,detection_rate,0.0
ffnn_ewc_replay,none,0,BruteForce,task1,binary_f1,0.0
ffnn_ewc_replay,none,0,BruteForce,task1,category_recall,0.0
ffnn_ewc_replay,none,0,BruteForce,task2,n,21631.0
ffnn_ewc_replay,none,0,BruteForce,task2,n_benign,21610.0
ffnn_ewc_replay,none,0,BruteForce,task2,n_attack,21.0
ffnn_ewc_replay,none,0,BruteForce,task2,accuracy,0.9990291710970367
ffnn_ewc_replay,none,0,BruteForce,task2,macro_f1,0.4997571749034481
ffnn_ewc_replay,none,0,BruteForce,task2,fpr,0.0
ffnn_ewc_replay,none,0,BruteForce,task2,detection_rate,0.0
ffnn_ewc_replay,none,0,BruteForce,task2,binary_f1,0.0
ffnn_ewc_replay,none,0,BruteForce,task2,category_recall,0.0
ffnn_ewc_replay,none,0,BruteForce,task3,n,50445.0
ffnn_ewc_replay,none,0,BruteForce,task3,n_benign,32949.0
ffnn_ewc_replay,none,0,BruteForce,task3,n_attack,17496.0
ffnn_ewc_replay,none,0,BruteForce,task3,accuracy,0.6531668153434433
ffnn_ewc_replay,none,0,BruteForce,task3,macro_f1,0.39510984267075977
ffnn_ewc_replay,none,0,BruteForce,task3,fpr,0.0
ffnn_ewc_replay,none,0,BruteForce,task3,detection_rate,0.00011431184270690443
ffnn_ewc_replay,none,0,BruteForce,task3,binary_f1,0.00022859755400617213
ffnn_ewc_replay,none,0,BruteForce,task3,category_recall,0.0
ffnn_ewc_replay,none,0,BruteForce,task4,n,27642.0
ffnn_ewc_replay,none,0,BruteForce,task4,n_benign,27385.0
ffnn_ewc_replay,none,0,BruteForce,task4,n_attack,257.0
ffnn_ewc_replay,none,0,BruteForce,task4,accuracy,0.9907025540843644
ffnn_ewc_replay,none,0,BruteForce,task4,macro_f1,0.49766478274301706
ffnn_ewc_replay,none,0,BruteForce,task4,fpr,0.0
ffnn_ewc_replay,none,0,BruteForce,task4,detection_rate,0.0
ffnn_ewc_replay,none,0,BruteForce,task4,binary_f1,0.0
ffnn_ewc_replay,none,0,BruteForce,task4,category_recall,0.0
ffnn_ewc_replay,none,0,BruteForce,task5,n,51117.0
ffnn_ewc_replay,none,0,BruteForce,task5,n_benign,31046.0
ffnn_ewc_replay,none,0,BruteForce,task5,n_attack,20071.0
ffnn_ewc_replay,none,0,BruteForce,task5,accuracy,0.6073517616448539
ffnn_ewc_replay,none,0,BruteForce,task5,macro_f1,0.37785864683616716
ffnn_ewc_replay,none,0,BruteForce,task5,fpr,0.0
ffnn_ewc_replay,none,0,BruteForce,task5,detection_rate,0.0
ffnn_ewc_replay,none,0,BruteForce,task5,binary_f1,0.0
ffnn_ewc_replay,none,0,BruteForce,task5,category_recall,0.0
ffnn_ewc_replay,none,0,BruteForce,task6,n,28798.0
ffnn_ewc_replay,none,0,BruteForce,task6,n_benign,9791.0
ffnn_ewc_replay,none,0,BruteForce,task6,n_attack,19007.0
ffnn_ewc_replay,none,0,BruteForce,task6,accuracy,0.33991943884992015
ffnn_ewc_replay,none,0,BruteForce,task6,macro_f1,0.2536864747194651
ffnn_ewc_replay,none,0,BruteForce,task6,fpr,0.0002042692268409764
ffnn_ewc_replay,none,0,BruteForce,task6,detection_rate,0.0
ffnn_ewc_replay,none,0,BruteForce,task6,binary_f1,0.0
ffnn_ewc_replay,none,0,BruteForce,task6,category_recall,0.0
ffnn_ewc_replay,none,0,BruteForce,seen,n,138702.0
ffnn_ewc_replay,none,0,BruteForce,seen,n_benign,137344.0
ffnn_ewc_replay,none,0,BruteForce,seen,n_attack,1358.0
ffnn_ewc_replay,none,0,BruteForce,seen,accuracy,0.9998990641807617
ffnn_ewc_replay,none,0,BruteForce,seen,macro_f1,0.9973857602591747
ffnn_ewc_replay,none,0,BruteForce,seen,fpr,7.28098788443616e-06
ffnn_ewc_replay,none,0,BruteForce,seen,detection_rate,0.9904270986745214
ffnn_ewc_replay,none,0,BruteForce,seen,binary_f1,0.9948224852071006
ffnn_ewc_replay,none,0,BruteForce,all,n,414974.0
ffnn_ewc_replay,none,0,BruteForce,all,n_benign,336907.0
ffnn_ewc_replay,none,0,BruteForce,all,n_attack,78067.0
ffnn_ewc_replay,none,0,BruteForce,all,accuracy,0.8151088983888147
ffnn_ewc_replay,none,0,BruteForce,all,macro_f1,0.236391008750246
ffnn_ewc_replay,none,0,BruteForce,all,fpr,8.904534485777975e-06
ffnn_ewc_replay,none,0,BruteForce,all,detection_rate,0.017254409673741786
ffnn_ewc_replay,none,0,BruteForce,all,binary_f1,0.033922208091466566
ffnn_ewc_replay,none,1,DoS,task0,n,138702.0
ffnn_ewc_replay,none,1,DoS,task0,n_benign,137344.0
ffnn_ewc_replay,none,1,DoS,task0,n_attack,1358.0
ffnn_ewc_replay,none,1,DoS,task0,accuracy,0.9999206932848841
ffnn_ewc_replay,none,1,DoS,task0,macro_f1,0.9985039627418455
ffnn_ewc_replay,none,1,DoS,task0,fpr,2.912395153774464e-05
ffnn_ewc_replay,none,1,DoS,task0,detection_rate,0.9948453608247423
ffnn_ewc_replay,none,1,DoS,task0,binary_f1,0.9959454478437154
ffnn_ewc_replay,none,1,DoS,task0,category_recall,0.9948453608247423
ffnn_ewc_replay,none,1,DoS,task1,n,96639.0
ffnn_ewc_replay,none,1,DoS,task1,n_benign,76782.0
ffnn_ewc_replay,none,1,DoS,task1,n_attack,19857.0
ffnn_ewc_replay,none,1,DoS,task1,accuracy,0.9265513922950361
ffnn_ewc_replay,none,1,DoS,task1,macro_f1,0.869117708758812
ffnn_ewc_replay,none,1,DoS,task1,fpr,3.907165741970774e-05
ffnn_ewc_replay,none,1,DoS,task1,detection_rate,0.6426952711890014
ffnn_ewc_replay,none,1,DoS,task1,binary_f1,0.7824167739562259
ffnn_ewc_replay,none,1,DoS,task1,category_recall,0.6426952711890014
ffnn_ewc_replay,none,1,DoS,task2,n,21631.0
ffnn_ewc_replay,none,1,DoS,task2,n_benign,21610.0
ffnn_ewc_replay,none,1,DoS,task2,n_attack,21.0
ffnn_ewc_replay,none,1,DoS,task2,accuracy,0.9989829411492765
ffnn_ewc_replay,none,1,DoS,task2,macro_f1,0.49974560592044404
ffnn_ewc_replay,none,1,DoS,task2,fpr,4.6274872744099955e-05
ffnn_ewc_replay,none,1,DoS,task2,detection_rate,0.0
ffnn_ewc_replay,none,1,DoS,task2,binary_f1,0.0
ffnn_ewc_replay,none,1,DoS,task2,category_recall,0.0
ffnn_ewc_replay,none,1,DoS,task3,n,50445.0
ffnn_ewc_replay,none,1,DoS,task3,n_benign,32949.0
ffnn_ewc_replay,none,1,DoS,task3,n_attack,17496.0
ffnn_ewc_replay,none,1,DoS,task3,accuracy,0.6531073446327683
ffnn_ewc_replay,none,1,DoS,task3,macro_f1,0.3951639019826563
ffnn_ewc_replay,none,1,DoS,task3,fpr,9.104980424292088e-05
ffnn_ewc_replay,none,1,DoS,task3,detection_rate,0.00102880658436214
ffnn_ewc_replay,none,1,DoS,task3,binary_f1,0.002055146429183079
ffnn_ewc_replay,none,1,DoS,task3,category_recall,0.0
ffnn_ewc_replay,none,1,DoS,task4,n,27642.0
ffnn_ewc_replay,none,1,DoS,task4,n_benign,27385.0
ffnn_ewc_replay,none,1,DoS,task4,n_attack,257.0
ffnn_ewc_replay,none,1,DoS,task4,accuracy,0.9907025540843644
ffnn_ewc_replay,none,1,DoS,task4,macro_f1,0.49766478274301706
ffnn_ewc_replay,none,1,DoS,task4,fpr,0.0
ffnn_ewc_replay,none,1,DoS,task4,detection_rate,0.0
ffnn_ewc_replay,none,1,DoS,task4,binary_f1,0.0
ffnn_ewc_replay,none,1,DoS,task4,category_recall,0.0
ffnn_ewc_replay,none,1,DoS,task5,n,51117.0
ffnn_ewc_replay,none,1,DoS,task5,n_benign,31046.0
ffnn_ewc_replay,none,1,DoS,task5,n_attack,20071.0
ffnn_ewc_replay,none,1,DoS,task5,accuracy,0.6073517616448539
ffnn_ewc_replay,none,1,DoS,task5,macro_f1,0.37863746127765446
ffnn_ewc_replay,none,1,DoS,task5,fpr,0.0
ffnn_ewc_replay,none,1,DoS,task5,detection_rate,0.008420108614418814
ffnn_ewc_replay,none,1,DoS,task5,binary_f1,0.016699604743083005
ffnn_ewc_replay,none,1,DoS,task5,category_recall,0.0
ffnn_ewc_replay,none,1,DoS,task6,n,28798.0
ffnn_ewc_replay,none,1,DoS,task6,n_benign,9791.0
ffnn_ewc_replay,none,1,DoS,task6,n_attack,19007.0
ffnn_ewc_replay,none,1,DoS,task6,accuracy,0.33991943884992015
ffnn_ewc_replay,none,1,DoS,task6,macro_f1,0.32276039434204884
ffnn_ewc_replay,none,1,DoS,task6,fpr,0.0002042692268409764
ffnn_ewc_replay,none,1,DoS,task6,detection_rate,0.43447151049613303
ffnn_ewc_replay,none,1,DoS,task6,binary_f1,0.6057138665786482
ffnn_ewc_replay,none,1,DoS,task6,category_recall,0.0
ffnn_ewc_replay,none,1,DoS,seen,n,235341.0
ffnn_ewc_replay,none,1,DoS,seen,n_benign,214126.0
ffnn_ewc_replay,none,1,DoS,seen,n_attack,21215.0
ffnn_ewc_replay,none,1,DoS,seen,accuracy,0.9697927687908184
ffnn_ewc_replay,none,1,DoS,seen,macro_f1,0.9210210984644437
ffnn_ewc_replay,none,1,DoS,seen,fpr,3.2691032382802646e-05
ffnn_ewc_replay,none,1,DoS,seen,detection_rate,0.6652368607117606
ffnn_ewc_replay,none,1,DoS,seen,binary_f1,0.798811376821848
ffnn_ewc_replay,none,1,DoS,all,n,414974.0
ffnn_ewc_replay,none,1,DoS,all,n_benign,336907.0
ffnn_ewc_replay,none,1,DoS,all,n_attack,78067.0
ffnn_ewc_replay,none,1,DoS,all,accuracy,0.845852993199574
ffnn_ewc_replay,none,1,DoS,all,macro_f1,0.3176117820667652
ffnn_ewc_replay,none,1,DoS,all,fpr,3.858631610503789e-05
ffnn_ewc_replay,none,1,DoS,all,detection_rate,0.28895692161860964
ffnn_ewc_replay,none,1,DoS,all,binary_f1,0.44829984697629127
ffnn_ewc_replay,none,2,WebAttack,task0,n,138702.0
ffnn_ewc_replay,none,2,WebAttack,task0,n_benign,137344.0
ffnn_ewc_replay,none,2,WebAttack,task0,n_attack,1358.0
ffnn_ewc_replay,none,2,WebAttack,task0,accuracy,0.999956741791755
ffnn_ewc_replay,none,2,WebAttack,task0,macro_f1,0.9994365922508083
ffnn_ewc_replay,none,2,WebAttack,task0,fpr,2.912395153774464e-05
ffnn_ewc_replay,none,2,WebAttack,task0,detection_rate,0.9985272459499264
ffnn_ewc_replay,none,2,WebAttack,task0,binary_f1,0.9977924944812362
ffnn_ewc_replay,none,2,WebAttack,task0,category_recall,0.9985272459499264
ffnn_ewc_replay,none,2,WebAttack,task1,n,96639.0
ffnn_ewc_replay,none,2,WebAttack,task1,n_benign,76782.0
ffnn_ewc_replay,none,2,WebAttack,task1,n_attack,19857.0
ffnn_ewc_replay,none,2,WebAttack,task1,accuracy,0.9251958319105124
ffnn_ewc_replay,none,2,WebAttack,task1,macro_f1,0.8662606194178183
ffnn_ewc_replay,none,2,WebAttack,task1,fpr,1.3023885806569248e-05
ffnn_ewc_replay,none,2,WebAttack,task1,detection_rate,0.6359973812761243
ffnn_ewc_replay,none,2,WebAttack,task1,binary_f1,0.7774802228583741
ffnn_ewc_replay,none,2,WebAttack,task1,category_recall,0.6359973812761243
ffnn_ewc_replay,none,2,WebAttack,task2,n,21631.0
ffnn_ewc_replay,none,2,WebAttack,task2,n_benign,21610.0
ffnn_ewc_replay,none,2,WebAttack,task2,n_attack,21.0
ffnn_ewc_replay,none,2,WebAttack,task2,accuracy,0.9993527807313578
ffnn_ewc_replay,none,2,WebAttack,task2,macro_f1,0.7757001518670716
ffnn_ewc_replay,none,2,WebAttack,task2,fpr,4.6274872744099955e-05
ffnn_ewc_replay,none,2,WebAttack,task2,detection_rate,0.38095238095238093
ffnn_ewc_replay,none,2,WebAttack,task2,binary_f1,0.5333333333333333
ffnn_ewc_replay,none,2,WebAttack,task2,category_recall,0.38095238095238093
ffnn_ewc_replay,none,2,WebAttack,task3,n,50445.0
ffnn_ewc_replay,none,2,WebAttack,task3,n_benign,32949.0
ffnn_ewc_replay,none,2,WebAttack,task3,n_attack,17496.0
ffnn_ewc_replay,none,2,WebAttack,task3,accuracy,0.6531469917732183
ffnn_ewc_replay,none,2,WebAttack,task3,macro_f1,0.395107327017628
ffnn_ewc_replay,none,2,WebAttack,task3,fpr,3.0349934747640294e-05
ffnn_ewc_replay,none,2,WebAttack,task3,detection_rate,0.00017146776406035664
ffnn_ewc_replay,none,2,WebAttack,task3,binary_f1,0.00034285714285714285
ffnn_ewc_replay,none,2,WebAttack,task3,category_recall,0.0
ffnn_ewc_replay,none,2,WebAttack,task4,n,27642.0
ffnn_ewc_replay,none,2,WebAttack,task4,n_benign,27385.0
ffnn_ewc_replay,none,2,WebAttack,task4,n_attack,257.0
ffnn_ewc_replay,none,2,WebAttack,task4,accuracy,0.9903407857607988
ffnn_ewc_replay,none,2,WebAttack,task4,macro_f1,0.497573477288838
ffnn_ewc_replay,none,2,WebAttack,task4,fpr,0.0003651634106262553
ffnn_ewc_replay,none,2,WebAttack,task4,detection_rate,0.0
ffnn_ewc_replay,none,2,WebAttack,task4,binary_f1,0.0
ffnn_ewc_replay,none,2,WebAttack,task4,category_recall,0.0
ffnn_ewc_replay,none,2,WebAttack,task5,n,51117.0
ffnn_ewc_replay,none,2,WebAttack,task5,n_benign,31046.0
ffnn_ewc_replay,none,2,WebAttack,task5,n_attack,20071.0
ffnn_ewc_replay,none,2,WebAttack,task5,accuracy,0.6071952579376724
ffnn_ewc_replay,none,2,WebAttack,task5,macro_f1,0.37804655241714474
ffnn_ewc_replay,none,2,WebAttack,task5,fpr,0.0002576821490691232
ffnn_ewc_replay,none,2,WebAttack,task5,detection_rate,0.0026904489063823427
ffnn_ewc_replay,none,2,WebAttack,task5,binary_f1,0.005364327223960662
ffnn_ewc_replay,none,2,WebAttack,task5,category_recall,0.0
ffnn_ewc_replay,none,2,WebAttack,task6,n,28798.0
ffnn_ewc_replay,none,2,WebAttack,task6,n_benign,9791.0
ffnn_ewc_replay,none,2,WebAttack,task6,n_attack,19007.0
ffnn_ewc_replay,none,2,WebAttack,task6,accuracy,0.3397458156816446
ffnn_ewc_replay,none,2,WebAttack,task6,macro_f1,0.3236948322636141
ffnn_ewc_replay,none,2,WebAttack,task6,fpr,0.0007149422939434174
ffnn_ewc_replay,none,2,WebAttack,task6,detection_rate,0.439627505655811
ffnn_ewc_replay,none,2,WebAttack,task6,binary_f1,0.610595542564852
ffnn_ewc_replay,none,2,WebAttack,task6,category_recall,0.0
ffnn_ewc_replay,none,2,WebAttack,seen,n,256972.0
ffnn_ewc_replay,none,2,WebAttack,seen,n_benign,235736.0
ffnn_ewc_replay,none,2,WebAttack,seen,n_attack,21236.0
ffnn_ewc_replay,none,2,WebAttack,seen,accuracy,0.9717907009323973
ffnn_ewc_replay,none,2,WebAttack,seen,macro_f1,0.8193284026047211
ffnn_ewc_replay,none,2,WebAttack,seen,fpr,2.545220076695965e-05
ffnn_ewc_replay,none,2,WebAttack,seen,detection_rate,0.6589282350725184
ffnn_ewc_replay,none,2,WebAttack,seen,binary_f1,0.7942670639988648
ffnn_ewc_replay,none,2,WebAttack,all,n,414974.0
ffnn_ewc_replay,none,2,WebAttack,all,n_benign,336907.0
ffnn_ewc_replay,none,2,WebAttack,all,n_attack,78067.0
ffnn_ewc_replay,none,2,WebAttack,all,accuracy,0.8455180324550454
ffnn_ewc_replay,none,2,WebAttack,all,macro_f1,0.3556968220873268
ffnn_ewc_replay,none,2,WebAttack,all,fpr,9.498170118163172e-05
ffnn_ewc_replay,none,2,WebAttack,all,detection_rate,0.28700987613204043
ffnn_ewc_replay,none,2,WebAttack,all,binary_f1,0.44586836475797226
ffnn_ewc_replay,none,3,Infiltration,task0,n,138702.0
ffnn_ewc_replay,none,3,Infiltration,task0,n_benign,137344.0
ffnn_ewc_replay,none,3,Infiltration,task0,n_attack,1358.0
ffnn_ewc_replay,none,3,Infiltration,task0,accuracy,0.9996755634381624
ffnn_ewc_replay,none,3,Infiltration,task0,macro_f1,0.9993655904705562
ffnn_ewc_replay,none,3,Infiltration,task0,fpr,0.0003130824790307549
ffnn_ewc_replay,none,3,Infiltration,task0,detection_rate,0.9985272459499264
ffnn_ewc_replay,none,3,Infiltration,task0,binary_f1,0.9836779107725789
ffnn_ewc_replay,none,3,Infiltration,task0,category_recall,0.9985272459499264
ffnn_ewc_replay,none,3,Infiltration,task1,n,96639.0
ffnn_ewc_replay,none,3,Infiltration,task1,n_benign,76782.0
ffnn_ewc_replay,none,3,Infiltration,task1,n_attack,19857.0
ffnn_ewc_replay,none,3,Infiltration,task1,accuracy,0.9253924399052142
ffnn_ewc_replay,none,3,Infiltration,task1,macro_f1,0.8667668970797746
ffnn_ewc_replay,none,3,Infiltration,task1,fpr,7.814331483941548e-05
ffnn_ewc_replay,none,3,Infiltration,task1,detection_rate,0.6372060230649141
ffnn_ewc_replay,none,3,Infiltration,task1,binary_f1,0.7782630089801944
ffnn_ewc_replay,none,3,Infiltration,task1,category_recall,0.6372060230649141
ffnn_ewc_replay,none,3,Infiltration,task2,n,21631.0
ffnn_ewc_replay,none,3,Infiltration,task2,n_benign,21610.0
ffnn_ewc_replay,none,3,Infiltration,task2,n_attack,21.0
ffnn_ewc_replay,none,3,Infiltration,task2,accuracy,0.9993527807313578
ffnn_ewc_replay,none,3,Infiltration,task2,macro_f1,0.7757001518670716
ffnn_ewc_replay,none,3,Infiltration,task2,fpr,4.6274872744099955e-05
ffnn_ewc_replay,none,3,Infiltration,task2,detection_rate,0.38095238095238093
ffnn_ewc_replay,none,3,Infiltration,task2,binary_f1,0.5333333333333333
ffnn_ewc_replay,none,3,Infiltration,task2,category_recall,0.38095238095238093
ffnn_ewc_replay,none,3,Infiltration,task3,n,50445.0
ffnn_ewc_replay,none,3,Infiltration,task3,n_benign,32949.0
ffnn_ewc_replay,none,3,Infiltration,task3,n_attack,17496.0
ffnn_ewc_replay,none,3,Infiltration,task3,accuracy,0.9990484686292002
ffnn_ewc_replay,none,3,Infiltration,task3,macro_f1,0.9989712569660243
ffnn_ewc_replay,none,3,Infiltration,task3,fpr,0.00015174967373820147
ffnn_ewc_replay,none,3,Infiltration,task3,detection_rate,0.997599451303155
ffnn_ewc_replay,none,3,Infiltration,task3,binary_f1,0.9986554141038478
ffnn_ewc_replay,none,3,Infiltration,task3,category_recall,0.9975422953818015
ffnn_ewc_replay,none,3,Infiltration,task4,n,27642.0
ffnn_ewc_replay,none,3,Infiltration,task4,n_benign,27385.0
ffnn_ewc_replay,none,3,Infiltration,task4,n_attack,257.0
ffnn_ewc_replay,none,3,Infiltration,task4,accuracy,0.9714203024383185
ffnn_ewc_replay,none,3,Infiltration,task4,macro_f1,0.49275149557749476
ffnn_ewc_replay,none,3,Infiltration,task4,fpr,0.019463209786379405
ffnn_ewc_replay,none,3,Infiltration,task4,detection_rate,0.0
ffnn_ewc_replay,none,3,Infiltration,task4,binary_f1,0.0
ffnn_ewc_replay,none,3,Infiltration,task4,category_recall,0.0
ffnn_ewc_replay,none,3,Infiltration,task5,n,51117.0
ffnn_ewc_replay,none,3,Infiltration,task5,n_benign,31046.0
ffnn_ewc_replay,none,3,Infiltration,task5,n_attack,20071.0
ffnn_ewc_replay,none,3,Infiltration,task5,accuracy,0.5979615392139601
ffnn_ewc_replay,none,3,Infiltration,task5,macro_f1,0.49427554980595084
ffnn_ewc_replay,none,3,Infiltration,task5,fpr,0.015460928944147394
ffnn_ewc_replay,none,3,Infiltration,task5,detection_rate,0.988640326839719
ffnn_ewc_replay,none,3,Infiltration,task5,binary_f1,0.9824726444521463
ffnn_ewc_replay,none,3,Infiltration,task5,category_recall,0.0
ffnn_ewc_replay,none,3,Infiltration,task6,n,28798.0
ffnn_ewc_replay,none,3,Infiltration,task6,n_benign,9791.0
ffnn_ewc_replay,none,3,Infiltration,task6,n_attack,19007.0
ffnn_ewc_replay,none,3,Infiltration,task6,accuracy,0.3384262796027502
ffnn_ewc_replay,none,3,Infiltration,task6,macro_f1,0.3771088066862715
ffnn_ewc_replay,none,3,Infiltration,task6,fpr,0.0045960576039219695
ffnn_ewc_replay,none,3,Infiltration,task6,detection_rate,0.668174882937865
ffnn_ewc_replay,none,3,Infiltration,task6,binary_f1,0.799949609473419
ffnn_ewc_replay,none,3,Infiltration,task6,category_recall,0.0
ffnn_ewc_replay,none,3,Infiltration,seen,n,307417.0
ffnn_ewc_replay,none,3,Infiltration,seen,n_benign,268685.0
ffnn_ewc_replay,none,3,Infiltration,seen,n_attack,38732.0
ffnn_ewc_replay,none,3,Infiltration,seen,accuracy,0.9761984535663285
ffnn_ewc_replay,none,3,Infiltration,seen,macro_f1,0.8491418173902213
ffnn_ewc_replay,none,3,Infiltration,seen,fpr,0.00020470067179038652
ffnn_ewc_replay,none,3,Infiltration,seen,detection_rate,0.8125322730558712
ffnn_ewc_replay,none,3,Infiltration,seen,binary_f1,0.8958695095220474
ffnn_ewc_replay,none,3,Infiltration,all,n,414974.0
ffnn_ewc_replay,none,3,Infiltration,all,n_benign,336907.0
ffnn_ewc_replay,none,3,Infiltration,all,n_attack,78067.0
ffnn_ewc_replay,none,3,Infiltration,all,accuracy,0.8850289415722431
ffnn_ewc_replay,none,3,Infiltration,all,macro_f1,0.4308974555387408
ffnn_ewc_replay,none,3,Infiltration,all,fpr,0.0033035822942236283
ffnn_ewc_replay,none,3,Infiltration,all,detection_rate,0.8199879590608068
ffnn_ewc_replay,none,3,Infiltration,all,binary_f1,0.8940877411064709
ffnn_ewc_replay,none,4,Botnet,task0,n,138702.0
ffnn_ewc_replay,none,4,Botnet,task0,n_benign,137344.0
ffnn_ewc_replay,none,4,Botnet,task0,n_attack,1358.0
ffnn_ewc_replay,none,4,Botnet,task0,accuracy,0.9998341768683942
ffnn_ewc_replay,none,4,Botnet,task0,macro_f1,0.9994056452357956
ffnn_ewc_replay,none,4,Botnet,task0,fpr,0.00015290074557315937
ffnn_ewc_replay,none,4,Botnet,task0,detection_rate,0.9985272459499264
ffnn_ewc_replay,none,4,Botnet,task0,binary_f1,0.9915904936014626
ffnn_ewc_replay,none,4,Botnet,task0,category_recall,0.9985272459499264
ffnn_ewc_replay,none,4,Botnet,task1,n,96639.0
ffnn_ewc_replay,none,4,Botnet,task1,n_benign,76782.0
ffnn_ewc_replay,none,4,Botnet,task1,n_attack,19857.0
ffnn_ewc_replay,none,4,Botnet,task1,accuracy,0.9243266176181458
ffnn_ewc_replay,none,4,Botnet,task1,macro_f1,0.8645451199839653
ffnn_ewc_replay,none,4,Botnet,task1,fpr,0.00010419108645255398
ffnn_ewc_replay,none,4,Botnet,task1,detection_rate,0.6321196555370902
ffnn_ewc_replay,none,4,Botnet,task1,binary_f1,0.7744084893728599
ffnn_ewc_replay,none,4,Botnet,task1,category_recall,0.6321196555370902
ffnn_ewc_replay,none,4,Botnet,task2,n,21631.0
ffnn_ewc_replay,none,4,Botnet,task2,n_benign,21610.0
ffnn_ewc_replay,none,4,Botnet,task2,n_attack,21.0
ffnn_ewc_replay,none,4,Botnet,task2,accuracy,0.9992603208358375
ffnn_ewc_replay,none,4,Botnet,task2,macro_f1,0.775677012291911
ffnn_ewc_replay,none,4,Botnet,task2,fpr,0.00013882461823229986
ffnn_ewc_replay,none,4,Botnet,task2,detection_rate,0.38095238095238093
ffnn_ewc_replay,none,4,Botnet,task2,binary_f1,0.5
ffnn_ewc_replay,none,4,Botnet,task2,category_recall,0.38095238095238093
ffnn_ewc_replay,none,4,Botnet,task3,n,50445.0
ffnn_ewc_replay,none,4,Botnet,task3,n_benign,32949.0
ffnn_ewc_replay,none,4,Botnet,task3,n_attack,17496.0
ffnn_ewc_replay,none,4,Botnet,task3,accuracy,0.9985727029438002
ffnn_ewc_replay,none,4,Botnet,task3,macro_f1,0.9984530539425343
ffnn_ewc_replay,none,4,Botnet,task3,fpr,0.00018209960848584176
ffnn_ewc_replay,none,4,Botnet,task3,detection_rate,0.9963420210333791
ffnn_ewc_replay,none,4,Botnet,task3,binary_f1,0.9979962214461556
ffnn_ewc_replay,none,4,Botnet,task3,category_recall,0.9962277091906722
ffnn_ewc_replay,none,4,Botnet,task4,n,27642.0
ffnn_ewc_replay,none,4,Botnet,task4,n_benign,27385.0
ffnn_ewc_replay,none,4,Botnet,task4,n_attack,257.0
ffnn_ewc_replay,none,4,Botnet,task4,accuracy,0.9995658780117213
ffnn_ewc_replay,none,4,Botnet,task4,macro_f1,0.9998904269695752
ffnn_ewc_replay,none,4,Botnet,task4,fpr,0.0004381960927515063
ffnn_ewc_replay,none,4,Botnet,task4,detection_rate,1.0
ffnn_ewc_replay,none,4,Botnet,task4,binary_f1,0.9771863117870723
ffnn_ewc_replay,none,4,Botnet,task4,category_recall,1.0
ffnn_ewc_replay,none,4,Botnet,task5,n,51117.0
ffnn_ewc_replay,none,4,Botnet,task5,n_benign,31046.0
ffnn_ewc_replay,none,4,Botnet,task5,n_attack,20071.0
ffnn_ewc_replay,none,4,Botnet,task5,accuracy,0.6071365690474793
ffnn_ewc_replay,none,4,Botnet,task5,macro_f1,0.49797824203331087
ffnn_ewc_replay,none,4,Botnet,task5,fpr,0.00035431295497004447
ffnn_ewc_replay,none,4,Botnet,task5,detection_rate,0.9879926261770714
ffnn_ewc_replay,none,4,Botnet,task5,binary_f1,0.9936861094407697
ffnn_ewc_replay,none,4,Botnet,task5,category_recall,0.0
ffnn_ewc_replay,none,4,Botnet,task6,n,28798.0
ffnn_ewc_replay,none,4,Botnet,task6,n_benign,9791.0
ffnn_ewc_replay,none,4,Botnet,task6,n_attack,19007.0
ffnn_ewc_replay,none,4,Botnet,task6,accuracy,0.33932912007778315
ffnn_ewc_replay,none,4,Botnet,task6,macro_f1,0.3358421830429254
ffnn_ewc_replay,none,4,Botnet,task6,fpr,0.0019405576549892758
ffnn_ewc_replay,none,4,Botnet,task6,detection_rate,0.498395328037039
ffnn_ewc_replay,none,4,Botnet,task6,binary_f1,0.6647952559738938
ffnn_ewc_replay,none,4,Botnet,task6,category_recall,0.0
ffnn_ewc_replay,none,4,Botnet,seen,n,335059.0
ffnn_ewc_replay,none,4,Botnet,seen,n_benign,296070.0
ffnn_ewc_replay,none,4,Botnet,seen,n_attack,38989.0
ffnn_ewc_replay,none,4,Botnet,seen,accuracy,0.9778068937112568
ffnn_ewc_replay,none,4,Botnet,seen,macro_f1,0.856421986669531
ffnn_ewc_replay,none,4,Botnet,seen,fpr,0.00016887898132198466
ffnn_ewc_replay,none,4,Botnet,seen,detection_rate,0.8106132498909949
ffnn_ewc_replay,none,4,Botnet,seen,binary_f1,0.8947681331747919
ffnn_ewc_replay,none,4,Botnet,all,n,414974.0
ffnn_ewc_replay,none,4,Botnet,all,n_benign,336907.0
ffnn_ewc_replay,none,4,Botnet,all,n_attack,78067.0
ffnn_ewc_replay,none,4,Botnet,all,accuracy,0.8878387561630368
ffnn_ewc_replay,none,4,Botnet,all,macro_f1,0.5603514791504163
ffnn_ewc_replay,none,4,Botnet,all,fpr,0.00023745425295407932
ffnn_ewc_replay,none,4,Botnet,all,detection_rate,0.7802016216839381
ffnn_ewc_replay,none,4,Botnet,all,binary_f1,0.8760274711445112
ffnn_ewc_replay,none,5,PortScan,task0,n,138702.0
ffnn_ewc_replay,none,5,PortScan,task0,n_benign,137344.0
ffnn_ewc_replay,none,5,PortScan,task0,n_attack,1358.0
ffnn_ewc_replay,none,5,PortScan,task0,accuracy,0.9995962567230465
ffnn_ewc_replay,none,5,PortScan,task0,macro_f1,0.9993451541359084
ffnn_ewc_replay,none,5,PortScan,task0,fpr,0.0003858923578751165
ffnn_ewc_replay,none,5,PortScan,task0,detection_rate,0.9977908689248896
ffnn_ewc_replay,none,5,PortScan,task0,binary_f1,0.9797541576283442
ffnn_ewc_replay,none,5,PortScan,task0,category_recall,0.9977908689248896
ffnn_ewc_replay,none,5,PortScan,task1,n,96639.0
ffnn_ewc_replay,none,5,PortScan,task1,n_benign,76782.0
ffnn_ewc_replay,none,5,PortScan,task1,n_attack,19857.0
ffnn_ewc_replay,none,5,PortScan,task1,accuracy,0.9252372230672917
ffnn_ewc_replay,none,5,PortScan,task1,macro_f1,0.8665330077954069
ffnn_ewc_replay,none,5,PortScan,task1,fpr,0.00014326274387226173
ffnn_ewc_replay,none,5,PortScan,task1,detection_rate,0.6367024223195851
ffnn_ewc_replay,none,5,PortScan,task1,binary_f1,0.7777675248377472
ffnn_ewc_replay,none,5,PortScan,task1,category_recall,0.6367024223195851
ffnn_ewc_replay,none,5,PortScan,task2,n,21631.0
ffnn_ewc_replay,none,5,PortScan,task2,n_benign,21610.0
ffnn_ewc_replay,none,5,PortScan,task2,n_attack,21.0
ffnn_ewc_replay,none,5,PortScan,task2,accuracy,0.9988904812537562
ffnn_ewc_replay,none,5,PortScan,task2,macro_f1,0.7755844325766412
ffnn_ewc_replay,none,5,PortScan,task2,fpr,0.0005090236001850995
ffnn_ewc_replay,none,5,PortScan,task2,detection_rate,0.38095238095238093
ffnn_ewc_replay,none,5,PortScan,task2,binary_f1,0.4
ffnn_ewc_replay,none,5,PortScan,task2,category_recall,0.38095238095238093
ffnn_ewc_replay,none,5,PortScan,task3,n,50445.0
ffnn_ewc_replay,none,5,PortScan,task3,n_benign,32949.0
ffnn_ewc_replay,none,5,PortScan,task3,n_attack,17496.0
ffnn_ewc_replay,none,5,PortScan,task3,accuracy,0.9288730300327089
ffnn_ewc_replay,none,5,PortScan,task3,macro_f1,0.9423525945372744
ffnn_ewc_replay,none,5,PortScan,task3,fpr,0.0004248990864669641
ffnn_ewc_replay,none,5,PortScan,task3,detection_rate,0.9961705532693187
ffnn_ewc_replay,none,5,PortScan,task3,binary_f1,0.9976816737742923
ffnn_ewc_replay,none,5,PortScan,task3,category_recall,0.7957247370827618
ffnn_ewc_replay,none,5,PortScan,task4,n,27642.0
ffnn_ewc_replay,none,5,PortScan,task4,n_benign,27385.0
ffnn_ewc_replay,none,5,PortScan,task4,n_attack,257.0
ffnn_ewc_replay,none,5,PortScan,task4,accuracy,0.9997467621735041
ffnn_ewc_replay,none,5,PortScan,task4,macro_f1,0.999936088234757
ffnn_ewc_replay,none,5,PortScan,task4,fpr,0.00025561438743837867
ffnn_ewc_replay,none,5,PortScan,task4,detection_rate,1.0
ffnn_ewc_replay,none,5,PortScan,task4,binary_f1,0.9865642994241842
ffnn_ewc_replay,none,5,PortScan,task4,category_recall,1.0
ffnn_ewc_replay,none,5,PortScan,task5,n,51117.0
ffnn_ewc_replay,none,5,PortScan,task5,n_benign,31046.0
ffnn_ewc_replay,none,5,PortScan,task5,n_attack,20071.0
ffnn_ewc_replay,none,5,PortScan,task5,accuracy,0.9975350666118904
ffnn_ewc_replay,none,5,PortScan,task5,macro_f1,0.9977734481135627
ffnn_ewc_replay,none,5,PortScan,task5,fpr,0.00022547188043548283
ffnn_ewc_replay,none,5,PortScan,task5,detection_rate,0.9957650341288427
ffnn_ewc_replay,none,5,PortScan,task5,binary_f1,0.9977036741214057
ffnn_ewc_replay,none,5,PortScan,task5,category_recall,0.9940710477803797
ffnn_ewc_replay,none,5,PortScan,task6,n,28798.0
ffnn_ewc_replay,none,5,PortScan,task6,n_benign,9791.0
ffnn_ewc_replay,none,5,PortScan,task6,n_attack,19007.0
ffnn_ewc_replay,none,5,PortScan,task6,accuracy,0.3389471491075769
ffnn_ewc_replay,none,5,PortScan,task6,macro_f1,0.3439636338008316
ffnn_ewc_replay,none,5,PortScan,task6,fpr,0.0030640384026146463
ffnn_ewc_replay,none,5,PortScan,task6,detection_rate,0.5356447624559373
ffnn_ewc_replay,none,5,PortScan,task6,binary_f1,0.6968991717434458
ffnn_ewc_replay,none,5,PortScan,task6,category_recall,0.0
ffnn_ewc_replay,none,5,PortScan,seen,n,386176.0
ffnn_ewc_replay,none,5,PortScan,seen,n_benign,327116.0
ffnn_ewc_replay,none,5,PortScan,seen,n_attack,59060.0
ffnn_ewc_replay,none,5,PortScan,seen,accuracy,0.9714482515744116
ffnn_ewc_replay,none,5,PortScan,seen,macro_f1,0.8488800162727835
ffnn_ewc_replay,none,5,PortScan,seen,fpr,0.0003148730114087969
ffnn_ewc_replay,none,5,PortScan,seen,detection_rate,0.8750084659668134
ffnn_ewc_replay,none,5,PortScan,seen,binary_f1,0.9324708366037838
ffnn_ewc_replay,none,5,PortScan,all,n,414974.0
ffnn_ewc_replay,none,5,PortScan,all,n_benign,336907.0
ffnn_ewc_replay,none,5,PortScan,all,n_attack,78067.0
ffnn_ewc_replay,none,5,PortScan,all,accuracy,0.9275544973901979
ffnn_ewc_replay,none,5,PortScan,all,macro_f1,0.7096782137789407
ffnn_ewc_replay,none,5,PortScan,all,fpr,0.00039476769553615685
ffnn_ewc_replay,none,5,PortScan,all,detection_rate,0.7923834654847759
ffnn_ewc_replay,none,5,PortScan,all,binary_f1,0.8833277404522379
ffnn_ewc_replay,none,6,DDoS,task0,n,138702.0
ffnn_ewc_replay,none,6,DDoS,task0,n_benign,137344.0
ffnn_ewc_replay,none,6,DDoS,task0,n_attack,1358.0
ffnn_ewc_replay,none,6,DDoS,task0,accuracy,0.9995529985148015
ffnn_ewc_replay,none,6,DDoS,task0,macro_f1,0.9993342281996943
ffnn_ewc_replay,none,6,DDoS,task0,fpr,0.00042957828518173344
ffnn_ewc_replay,none,6,DDoS,task0,detection_rate,0.9977908689248896
ffnn_ewc_replay,none,6,DDoS,task0,binary_f1,0.9776334776334776
ffnn_ewc_replay,none,6,DDoS,task0,category_recall,0.9977908689248896
ffnn_ewc_replay,none,6,DDoS,task1,n,96639.0
ffnn_ewc_replay,none,6,DDoS,task1,n_benign,76782.0
ffnn_ewc_replay,none,6,DDoS,task1,n_attack,19857.0
ffnn_ewc_replay,none,6,DDoS,task1,accuracy,0.9252061796997072
ffnn_ewc_replay,none,6,DDoS,task1,macro_f1,0.8667955027885182
ffnn_ewc_replay,none,6,DDoS,task1,fpr,0.00010419108645255398
ffnn_ewc_replay,none,6,DDoS,task1,detection_rate,0.6430981517852646
ffnn_ewc_replay,none,6,DDoS,task1,binary_f1,0.782595373065727
ffnn_ewc_replay,none,6,DDoS,task1,category_recall,0.6364002618723875
ffnn_ewc_replay,none,6,DDoS,task2,n,21631.0
ffnn_ewc_replay,none,6,DDoS,task2,n_benign,21610.0
ffnn_ewc_replay,none,6,DDoS,task2,n_attack,21.0
ffnn_ewc_replay,none,6,DDoS,task2,accuracy,0.9989367112015164
ffnn_ewc_replay,none,6,DDoS,task2,macro_f1,0.7755960069152199
ffnn_ewc_replay,none,6,DDoS,task2,fpr,0.00046274872744099955
ffnn_ewc_replay,none,6,DDoS,task2,detection_rate,0.38095238095238093
ffnn_ewc_replay,none,6,DDoS,task2,binary_f1,0.41025641025641024
ffnn_ewc_replay,none,6,DDoS,task2,category_recall,0.38095238095238093
ffnn_ewc_replay,none,6,DDoS,task3,n,50445.0
ffnn_ewc_replay,none,6,DDoS,task3,n_benign,32949.0
ffnn_ewc_replay,none,6,DDoS,task3,n_attack,17496.0
ffnn_ewc_replay,none,6,DDoS,task3,accuracy,0.976469422142928
ffnn_ewc_replay,none,6,DDoS,task3,macro_f1,0.9818023036406378
ffnn_ewc_replay,none,6,DDoS,task3,fpr,0.0012746972594008922
ffnn_ewc_replay,none,6,DDoS,task3,detection_rate,0.9970278920896205
ffnn_ewc_replay,none,6,DDoS,task3,binary_f1,0.9973129037790864
ffnn_ewc_replay,none,6,DDoS,task3,category_recall,0.9345564700502972
ffnn_ewc_replay,none,6,DDoS,task4,n,27642.0
ffnn_ewc_replay,none,6,DDoS,task4,n_benign,27385.0
ffnn_ewc_replay,none,6,DDoS,task4,n_attack,257.0
ffnn_ewc_replay,none,6,DDoS,task4,accuracy,0.9997467621735041
ffnn_ewc_replay,none,6,DDoS,task4,macro_f1,0.999936088234757
ffnn_ewc_replay,none,6,DDoS,task4,fpr,0.00025561438743837867
ffnn_ewc_replay,none,6,DDoS,task4,detection_rate,1.0
ffnn_ewc_replay,none,6,DDoS,task4,binary_f1,0.9865642994241842
ffnn_ewc_replay,none,6,DDoS,task4,category_recall,1.0
ffnn_ewc_replay,none,6,DDoS,task5,n,51117.0
ffnn_ewc_replay,none,6,DDoS,task5,n_benign,31046.0
ffnn_ewc_replay,none,6,DDoS,task5,n_attack,20071.0
ffnn_ewc_replay,none,6,DDoS,task5,accuracy,0.9415654283310836
ffnn_ewc_replay,none,6,DDoS,task5,macro_f1,0.9594069868147859
ffnn_ewc_replay,none,6,DDoS,task5,fpr,0.00028989241770276364
ffnn_ewc_replay,none,6,DDoS,task5,detection_rate,0.9972597279657217
ffnn_ewc_replay,none,6,DDoS,task5,binary_f1,0.9984038308060654
ffnn_ewc_replay,none,6,DDoS,task5,category_recall,0.8516267251258034
ffnn_ewc_replay,none,6,DDoS,task6,n,28798.0
ffnn_ewc_replay,none,6,DDoS,task6,n_benign,9791.0
ffnn_ewc_replay,none,6,DDoS,task6,n_attack,19007.0
ffnn_ewc_replay,none,6,DDoS,task6,accuracy,0.9992013334259323
ffnn_ewc_replay,none,6,DDoS,task6,macro_f1,0.99913692854091
ffnn_ewc_replay,none,6,DDoS,task6,fpr,0.0002042692268409764
ffnn_ewc_replay,none,6,DDoS,task6,detection_rate,0.9988951438943547
ffnn_ewc_replay,none,6,DDoS,task6,binary_f1,0.9993946571917357
ffnn_ewc_replay,none,6,DDoS,task6,category_recall,0.9988951438943547
ffnn_ewc_replay,none,6,DDoS,seen,n,414974.0
ffnn_ewc_replay,none,6,DDoS,seen,n_benign,336907.0
ffnn_ewc_replay,none,6,DDoS,seen,n_attack,78067.0
ffnn_ewc_replay,none,6,DDoS,seen,accuracy,0.9722464539947081
ffnn_ewc_replay,none,6,DDoS,seen,macro_f1,0.867942637606067
ffnn_ewc_replay,none,6,DDoS,seen,fpr,0.00040664040818386084
ffnn_ewc_replay,none,6,DDoS,seen,detection_rate,0.9073744347803809
ffnn_ewc_replay,none,6,DDoS,seen,binary_f1,0.9505636070853463
ffnn_ewc_replay,none,6,DDoS,all,n,414974.0
ffnn_ewc_replay,none,6,DDoS,all,n_benign,336907.0
ffnn_ewc_replay,none,6,DDoS,all,n_attack,78067.0
ffnn_ewc_replay,none,6,DDoS,all,accuracy,0.9722464539947081
ffnn_ewc_replay,none,6,DDoS,all,macro_f1,0.867942637606067
ffnn_ewc_replay,none,6,DDoS,all,fpr,0.00040664040818386084
ffnn_ewc_replay,none,6,DDoS,all,detection_rate,0.9073744347803809
ffnn_ewc_replay,none,6,DDoS,all,binary_f1,0.9505636070853463
ffnn_naive,none,0,BruteForce,task0,n,138702.0
ffnn_naive,none,0,BruteForce,task0,n_benign,137344.0
ffnn_naive,none,0,BruteForce,task0,n_attack,1358.0
ffnn_naive,none,0,BruteForce,task0,accuracy,0.9998990641807617
ffnn_naive,none,0,BruteForce,task0,macro_f1,0.9973857602591747
ffnn_naive,none,0,BruteForce,task0,fpr,7.28098788443616e-06
ffnn_naive,none,0,BruteForce,task0,detection_rate,0.9904270986745214
ffnn_naive,none,0,BruteForce,task0,binary_f1,0.9948224852071006
ffnn_naive,none,0,BruteForce,task0,category_recall,0.9904270986745214
ffnn_naive,none,0,BruteForce,task1,n,96639.0
ffnn_naive,none,0,BruteForce,task1,n_benign,76782.0
ffnn_naive,none,0,BruteForce,task1,n_attack,19857.0
ffnn_naive,none,0,BruteForce,task1,accuracy,0.7945239499580915
ffnn_naive,none,0,BruteForce,task1,macro_f1,0.44274914802705556
ffnn_naive,none,0,BruteForce,task1,fpr,0.0
ffnn_naive,none,0,BruteForce,task1,detection_rate,0.0
ffnn_naive,none,0,BruteForce,task1,binary_f1,0.0
ffnn_naive,none,0,BruteForce,task1,category_recall,0.0
ffnn_naive,none,0,BruteForce,task2,n,21631.0
ffnn_naive,none,0,BruteForce,task2,n_benign,21610.0
ffnn_naive,none,0,BruteForce,task2,n_attack,21.0
ffnn_naive,none,0,BruteForce,task2,accuracy,0.9990291710970367
ffnn_naive,none,0,BruteForce,task2,macro_f1,0.4997571749034481
ffnn_naive,none,0,BruteForce,task2,fpr,0.0
ffnn_naive,none,0,BruteForce,task2,detection_rate,0.0
ffnn_naive,none,0,BruteForce,task2,binary_f1,0.0
ffnn_naive,none,0,BruteForce,task2,category_recall,0.0
ffnn_naive,none,0,BruteForce,task3,n,50445.0
ffnn_naive,none,0,BruteForce,task3,n_benign,32949.0
ffnn_naive,none,0,BruteForce,task3,n_attack,17496.0
ffnn_naive,none,0,BruteForce,task3,accuracy,0.6531668153434433
ffnn_naive,none,0,BruteForce,task3,macro_f1,0.39510984267075977
ffnn_naive,none,0,BruteForce,task3,fpr,0.0
ffnn_naive,none,0,BruteForce,task3,detection_rate,0.00011431184270690443
ffnn_naive,none,0,BruteForce,task3,binary_f1,0.00022859755400617213
ffnn_naive,none,0,BruteForce,task3,category_recall,0.0
ffnn_naive,none,0,BruteForce,task4,n,27642.0
ffnn_naive,none,0,BruteForce,task4,n_benign,27385.0
ffnn_naive,none,0,BruteForce,task4,n_attack,257.0
ffnn_naive,none,0,BruteForce,task4,accuracy,0.9907025540843644
ffnn_naive,none,0,BruteForce,task4,macro_f1,0.49766478274301706
ffnn_naive,none,0,BruteForce,task4,fpr,0.0
ffnn_naive,none,0,BruteForce,task4,detection_rate,0.0
ffnn_naive,none,0,BruteForce,task4,binary_f1,0.0
ffnn_naive,none,0,BruteForce,task4,category_recall,0.0
ffnn_naive,none,0,BruteForce,task5,n,51117.0
ffnn_naive,none,0,BruteForce,task5,n_benign,31046.0
ffnn_naive,none,0,BruteForce,task5,n_attack,20071.0
ffnn_naive,none,0,BruteForce,task5,accuracy,0.6073517616448539
ffnn_naive,none,0,BruteForce,task5,macro_f1,0.37785864683616716
ffnn_naive,none,0,BruteForce,task5,fpr,0.0
ffnn_naive,none,0,BruteForce,task5,detection_rate,0.0
ffnn_naive,none,0,BruteForce,task5,binary_f1,0.0
ffnn_naive,none,0,BruteForce,task5,category_recall,0.0
ffnn_naive,none,0,BruteForce,task6,n,28798.0
ffnn_naive,none,0,BruteForce,task6,n_benign,9791.0
ffnn_naive,none,0,BruteForce,task6,n_attack,19007.0
ffnn_naive,none,0,BruteForce,task6,accuracy,0.33991943884992015
ffnn_naive,none,0,BruteForce,task6,macro_f1,0.2536864747194651
ffnn_naive,none,0,BruteForce,task6,fpr,0.0002042692268409764
ffnn_naive,none,0,BruteForce,task6,detection_rate,0.0
ffnn_naive,none,0,BruteForce,task6,binary_f1,0.0
ffnn_naive,none,0,BruteForce,task6,category_recall,0.0
ffnn_naive,none,0,BruteForce,seen,n,138702.0
ffnn_naive,none,0,BruteForce,seen,n_benign,137344.0
ffnn_naive,none,0,BruteForce,seen,n_attack,1358.0
ffnn_naive,none,0,BruteForce,seen,accuracy,0.9998990641807617
ffnn_naive,none,0,BruteForce,seen,macro_f1,0.9973857602591747
ffnn_naive,none,0,BruteForce,seen,fpr,7.28098788443616e-06
ffnn_naive,none,0,BruteForce,seen,detection_rate,0.9904270986745214
ffnn_naive,none,0,BruteForce,seen,binary_f1,0.9948224852071006
ffnn_naive,none,0,BruteForce,all,n,414974.0
ffnn_naive,none,0,BruteForce,all,n_benign,336907.0
ffnn_naive,none,0,BruteForce,all,n_attack,78067.0
ffnn_naive,none,0,BruteForce,all,accuracy,0.8151088983888147
ffnn_naive,none,0,BruteForce,all,macro_f1,0.236391008750246
ffnn_naive,none,0,BruteForce,all,fpr,8.904534485777975e-06
ffnn_naive,none,0,BruteForce,all,detection_rate,0.017254409673741786
ffnn_naive,none,0,BruteForce,all,binary_f1,0.033922208091466566
ffnn_naive,none,1,DoS,task0,n,138702.0
ffnn_naive,none,1,DoS,task0,n_benign,137344.0
ffnn_naive,none,1,DoS,task0,n_attack,1358.0
ffnn_naive,none,1,DoS,task0,accuracy,0.9901515479228851
ffnn_naive,none,1,DoS,task0,macro_f1,0.4975275053706568
ffnn_naive,none,1,DoS,task0,fpr,5.824790307548928e-05
ffnn_naive,none,1,DoS,task0,detection_rate,0.0007363770250368188
ffnn_naive,none,1,DoS,task0,binary_f1,0.001463057790782736
ffnn_naive,none,1,DoS,task0,category_recall,0.0
ffnn_naive,none,1,DoS,task1,n,96639.0
ffnn_naive,none,1,DoS,task1,n_benign,76782.0
ffnn_naive,none,1,DoS,task1,n_attack,19857.0
ffnn_naive,none,1,DoS,task1,accuracy,0.9276482579496891
ffnn_naive,none,1,DoS,task1,macro_f1,0.8713987467432189
ffnn_naive,none,1,DoS,task1,fpr,2.6047771613138496e-05
ffnn_naive,none,1,DoS,task1,detection_rate,0.647983079014957
ffnn_naive,none,1,DoS,task1,binary_f1,0.786347246837377
ffnn_naive,none,1,DoS,task1,category_recall,0.647983079014957
ffnn_naive,none,1,DoS,task2,n,21631.0
ffnn_naive,none,1,DoS,task2,n_benign,21610.0
ffnn_naive,none,1,DoS,task2,n_attack,21.0
ffnn_naive,none,1,DoS,task2,accuracy,0.9989829411492765
ffnn_naive,none,1,DoS,task2,macro_f1,0.49974560592044404
ffnn_naive,none,1,DoS,task2,fpr,4.6274872744099955e-05
ffnn_naive,none,1,DoS,task2,detection_rate,0.0
ffnn_naive,none,1,DoS,task2,binary_f1,0.0
ffnn_naive,none,1,DoS,task2,category_recall,0.0
ffnn_naive,none,1,DoS,task3,n,50445.0
ffnn_naive,none,1,DoS,task3,n_benign,32949.0
ffnn_naive,none,1,DoS,task3,n_attack,17496.0
ffnn_naive,none,1,DoS,task3,accuracy,0.6530875210625434
ffnn_naive,none,1,DoS,task3,macro_f1,0.39509977933416485
ffnn_naive,none,1,DoS,task3,fpr,0.00012139973899056118
ffnn_naive,none,1,DoS,task3,detection_rate,0.0003429355281207133
ffnn_naive,none,1,DoS,task3,binary_f1,0.0006854792642522564
ffnn_naive,none,1,DoS,task3,category_recall,0.0
ffnn_naive,none,1,DoS,task4,n,27642.0
ffnn_naive,none,1,DoS,task4,n_benign,27385.0
ffnn_naive,none,1,DoS,task4,n_attack,257.0
ffnn_naive,none,1,DoS,task4,accuracy,0.9906302004196512
ffnn_naive,none,1,DoS,task4,macro_f1,0.49764652430713313
ffnn_naive,none,1,DoS,task4,fpr,7.303268212525105e-05
ffnn_naive,none,1,DoS,task4,detection_rate,0.0
ffnn_naive,none,1,DoS,task4,binary_f1,0.0
ffnn_naive,none,1,DoS,task4,category_recall,0.0
ffnn_naive,none,1,DoS,task5,n,51117.0
ffnn_naive,none,1,DoS,task5,n_benign,31046.0
ffnn_naive,none,1,DoS,task5,n_attack,20071.0
ffnn_naive,none,1,DoS,task5,accuracy,0.6073517616448539
ffnn_naive,none,1,DoS,task5,macro_f1,0.37824995735763545
ffnn_naive,none,1,DoS,task5,fpr,0.0
ffnn_naive,none,1,DoS,task5,detection_rate,0.004234965871157391
ffnn_naive,none,1,DoS,task5,binary_f1,0.008434213137527288
ffnn_naive,none,1,DoS,task5,category_recall,0.0
ffnn_naive,none,1,DoS,task6,n,28798.0
ffnn_naive,none,1,DoS,task6,n_benign,9791.0
ffnn_naive,none,1,DoS,task6,n_attack,19007.0
ffnn_naive,none,1,DoS,task6,accuracy,0.3399888881172304
ffnn_naive,none,1,DoS,task6,macro_f1,0.33297058323414386
ffnn_naive,none,1,DoS,task6,fpr,0.0
ffnn_naive,none,1,DoS,task6,detection_rate,0.48319040353553955
ffnn_naive,none,1,DoS,task6,binary_f1,0.6515554609627185
ffnn_naive,none,1,DoS,task6,category_recall,0.0
ffnn_naive,none,1,DoS,seen,n,235341.0
ffnn_naive,none,1,DoS,seen,n_benign,214126.0
ffnn_naive,none,1,DoS,seen,n_attack,21215.0
ffnn_naive,none,1,DoS,seen,accuracy,0.9644855762489324
ffnn_naive,none,1,DoS,seen,macro_f1,0.5889964932939032
ffnn_naive,none,1,DoS,seen,fpr,4.6701474832575215e-05
ffnn_naive,none,1,DoS,seen,detection_rate,0.6065519679472071
ffnn_naive,none,1,DoS,seen,binary_f1,0.7548763675827883
ffnn_naive,none,1,DoS,all,n,414974.0
ffnn_naive,none,1,DoS,all,n_benign,336907.0
ffnn_naive,none,1,DoS,all,n_attack,78067.0
ffnn_naive,none,1,DoS,all,accuracy,0.8428407562883458
ffnn_naive,none,1,DoS,all,macro_f1,0.19197569708442103
ffnn_naive,none,1,DoS,all,fpr,5.045902875274185e-05
ffnn_naive,none,1,DoS,all,detection_rate,0.28364097505988445
ffnn_naive,none,1,DoS,all,binary_f1,0.4418569846448562
ffnn_naive,none,2,WebAttack,task0,n,138702.0
ffnn_naive,none,2,WebAttack,task0,n_benign,137344.0
ffnn_naive,none,2,WebAttack,task0,n_attack,1358.0
ffnn_naive,none,2,WebAttack,task0,accuracy,0.9902020158325042
ffnn_naive,none,2,WebAttack,task0,macro_f1,0.49997451765562434
ffnn_naive,none,2,WebAttack,task0,fpr,7.28098788443616e-06
ffnn_naive,none,2,WebAttack,task0,detection_rate,0.9904270986745214
ffnn_naive,none,2,WebAttack,task0,binary_f1,0.9948224852071006
ffnn_naive,none,2,WebAttack,task0,category_recall,0.0
ffnn_naive,none,2,WebAttack,task1,n,96639.0
ffnn_naive,none,2,WebAttack,task1,n_benign,76782.0
ffnn_naive,none,2,WebAttack,task1,n_attack,19857.0
ffnn_naive,none,2,WebAttack,task1,accuracy,0.7945239499580915
ffnn_naive,none,2,WebAttack,task1,macro_f1,0.44274914802705556
ffnn_naive,none,2,WebAttack,task1,fpr,0.0
ffnn_naive,none,2,WebAttack,task1,detection_rate,0.0
ffnn_naive,none,2,WebAttack,task1,binary_f1,0.0
ffnn_naive,none,2,WebAttack,task1,category_recall,0.0
ffnn_naive,none,2,WebAttack,task2,n,21631.0
ffnn_naive,none,2,WebAttack,task2,n_benign,21610.0
ffnn_naive,none,2,WebAttack,task2,n_attack,21.0
ffnn_naive,none,2,WebAttack,task2,accuracy,0.999399010679118
ffnn_naive,none,2,WebAttack,task2,macro_f1,0.7757117208518078
ffnn_naive,none,2,WebAttack,task2,fpr,0.0
ffnn_naive,none,2,WebAttack,task2,detection_rate,0.38095238095238093
ffnn_naive,none,2,WebAttack,task2,binary_f1,0.5517241379310345
ffnn_naive,none,2,WebAttack,task2,category_recall,0.38095238095238093
ffnn_naive,none,2,WebAttack,task3,n,50445.0
ffnn_naive,none,2,WebAttack,task3,n_benign,32949.0
ffnn_naive,none,2,WebAttack,task3,n_attack,17496.0
ffnn_naive,none,2,WebAttack,task3,accuracy,0.6531668153434433
ffnn_naive,none,2,WebAttack,task3,macro_f1,0.39510036693287287
ffnn_naive,none,2,WebAttack,task3,fpr,0.0
ffnn_naive,none,2,WebAttack,task3,detection_rate,0.0
ffnn_naive,none,2,WebAttack,task3,binary_f1,0.0
ffnn_naive,none,2,WebAttack,task3,category_recall,0.0
ffnn_naive,none,2,WebAttack,task4,n,27642.0
ffnn_naive,none,2,WebAttack,task4,n_benign,27385.0
ffnn_naive,none,2,WebAttack,task4,n_attack,257.0
ffnn_naive,none,2,WebAttack,task4,accuracy,0.9903769625931553
ffnn_naive,none,2,WebAttack,task4,macro_f1,0.49758260932785636
ffnn_naive,none,2,WebAttack,task4,fpr,0.0003286470695636297
ffnn_naive,none,2,WebAttack,task4,detection_rate,0.0
ffnn_naive,none,2,WebAttack,task4,binary_f1,0.0
ffnn_naive,none,2,WebAttack,task4,category_recall,0.0
ffnn_naive,none,2,WebAttack,task5,n,51117.0
ffnn_naive,none,2,WebAttack,task5,n_benign,31046.0
ffnn_naive,none,2,WebAttack,task5,n_attack,20071.0
ffnn_naive,none,2,WebAttack,task5,accuracy,0.6071756949742747
ffnn_naive,none,2,WebAttack,task5,macro_f1,0.377790491029043
ffnn_naive,none,2,WebAttack,task5,fpr,0.00028989241770276364
ffnn_naive,none,2,WebAttack,task5,detection_rate,0.0
ffnn_naive,none,2,WebAttack,task5,binary_f1,0.0
ffnn_naive,none,2,WebAttack,task5,category_recall,0.0
ffnn_naive,none,2,WebAttack,task6,n,28798.0
ffnn_naive,none,2,WebAttack,task6,n_benign,9791.0
ffnn_naive,none,2,WebAttack,task6,n_attack,19007.0
ffnn_naive,none,2,WebAttack,task6,accuracy,0.33995416348357527
ffnn_naive,none,2,WebAttack,task6,macro_f1,0.2537058152793615
ffnn_naive,none,2,WebAttack,task6,fpr,0.0001021346134204882
ffnn_naive,none,2,WebAttack,task6,detection_rate,0.0
ffnn_naive,none,2,WebAttack,task6,binary_f1,0.0
ffnn_naive,none,2,WebAttack,task6,category_recall,0.0
ffnn_naive,none,2,WebAttack,seen,n,256972.0
ffnn_naive,none,2,WebAttack,seen,n_benign,235736.0
ffnn_naive,none,2,WebAttack,seen,n_attack,21236.0
ffnn_naive,none,2,WebAttack,seen,accuracy,0.9173878866179973
ffnn_naive,none,2,WebAttack,seen,macro_f1,0.24279214874519278
ffnn_naive,none,2,WebAttack,seen,fpr,4.242033461159941e-06
ffnn_naive,none,2,WebAttack,seen,detection_rate,0.06371256357129403
ffnn_naive,none,2,WebAttack,seen,binary_f1,0.1197875166002656
ffnn_naive,none,2,WebAttack,all,n,414974.0
ffnn_naive,none,2,WebAttack,all,n_benign,336907.0
ffnn_naive,none,2,WebAttack,all,n_attack,78067.0
ffnn_naive,none,2,WebAttack,all,accuracy,0.8118460433665724
ffnn_naive,none,2,WebAttack,all,macro_f1,0.11365437678218358
ffnn_naive,none,2,WebAttack,all,fpr,5.936356323851983e-05
ffnn_naive,none,2,WebAttack,all,detection_rate,0.01733126673242215
ffnn_naive,none,2,WebAttack,all,binary_f1,0.03406344410876133
ffnn_naive,none,3,Infiltration,task0,n,138702.0
ffnn_naive,none,3,Infiltration,task0,n_benign,137344.0
ffnn_naive,none,3,Infiltration,task0,n_attack,1358.0
ffnn_naive,none,3,Infiltration,task0,accuracy,0.9898919986734149
ffnn_naive,none,3,Infiltration,task0,macro_f1,0.4995797417321918
ffnn_naive,none,3,Infiltration,task0,fpr,0.0003203634669151911
ffnn_naive,none,3,Infiltration,task0,detection_rate,0.8622974963181149
ffnn_naive,none,3,Infiltration,task0,binary_f1,0.910221531286436
ffnn_naive,none,3,Infiltration,task0,category_recall,0.0
ffnn_naive,none,3,Infiltration,task1,n,96639.0
ffnn_naive,none,3,Infiltration,task1,n_benign,76782.0
ffnn_naive,none,3,Infiltration,task1,n_attack,19857.0
ffnn_naive,none,3,Infiltration,task1,accuracy,0.7943997764877534
ffnn_naive,none,3,Infiltration,task1,macro_f1,0.44282550010382776
ffnn_naive,none,3,Infiltration,task1,fpr,0.00015628662967883097
ffnn_naive,none,3,Infiltration,task1,detection_rate,0.002266203353980964
ffnn_naive,none,3,Infiltration,task1,binary_f1,0.004519433564326604
ffnn_naive,none,3,Infiltration,task1,category_recall,0.0
ffnn_naive,none,3,Infiltration,task2,n,21631.0
ffnn_naive,none,3,Infiltration,task2,n_benign,21610.0
ffnn_naive,none,3,Infiltration,task2,n_attack,21.0
ffnn_naive,none,3,Infiltration,task2,accuracy,0.9990291710970367
ffnn_naive,none,3,Infiltration,task2,macro_f1,0.4997571749034481
ffnn_naive,none,3,Infiltration,task2,fpr,0.0
ffnn_naive,none,3,Infiltration,task2,detection_rate,0.0
ffnn_naive,none,3,Infiltration,task2,binary_f1,0.0
ffnn_naive,none,3,Infiltration,task2,category_recall,0.0
ffnn_naive,none,3,Infiltration,task3,n,50445.0
ffnn_naive,none,3,Infiltration,task3,n_benign,32949.0
ffnn_naive,none,3,Infiltration,task3,n_attack,17496.0
ffnn_naive,none,3,Infiltration,task3,accuracy,0.9991872336207751
ffnn_naive,none,3,Infiltration,task3,macro_f1,0.9991028122783566
ffnn_naive,none,3,Infiltration,task3,fpr,0.00030349934747640295
ffnn_naive,none,3,Infiltration,task3,detection_rate,0.998228166438043
ffnn_naive,none,3,Infiltration,task3,binary_f1,0.998827600011438
ffnn_naive,none,3,Infiltration,task3,category_recall,0.998228166438043
ffnn_naive,none,3,Infiltration,task4,n,27642.0
ffnn_naive,none,3,Infiltration,task4,n_benign,27385.0
ffnn_naive,none,3,Infiltration,task4,n_attack,257.0
ffnn_naive,none,3,Infiltration,task4,accuracy,0.974169741697417
ffnn_naive,none,3,Infiltration,task4,macro_f1,0.4934579439252336
ffnn_naive,none,3,Infiltration,task4,fpr,0.016687967865619865
ffnn_naive,none,3,Infiltration,task4,detection_rate,0.0
ffnn_naive,none,3,Infiltration,task4,binary_f1,0.0
ffnn_naive,none,3,Infiltration,task4,category_recall,0.0
ffnn_naive,none,3,Infiltration,task5,n,51117.0
ffnn_naive,none,3,Infiltration,task5,n_benign,31046.0
ffnn_naive,none,3,Infiltration,task5,n_attack,20071.0
ffnn_naive,none,3,Infiltration,task5,accuracy,0.5986658058962772
ffnn_naive,none,3,Infiltration,task5,macro_f1,0.4941704615185867
ffnn_naive,none,3,Infiltration,task5,fpr,0.01430135927333634
ffnn_naive,none,3,Infiltration,task5,detection_rate,0.9861491704449206
ffnn_naive,none,3,Infiltration,task5,binary_f1,0.9820879229929542
ffnn_naive,none,3,Infiltration,task5,category_recall,0.0
ffnn_naive,none,3,Infiltration,task6,n,28798.0
ffnn_naive,none,3,Infiltration,task6,n_benign,9791.0
ffnn_naive,none,3,Infiltration,task6,n_attack,19007.0
ffnn_naive,none,3,Infiltration,task6,accuracy,0.3387388013056462
ffnn_naive,none,3,Infiltration,task6,macro_f1,0.2550126787441508
ffnn_naive,none,3,Infiltration,task6,fpr,0.0036768460831375755
ffnn_naive,none,3,Infiltration,task6,detection_rate,0.015783658652075552
ffnn_naive,none,3,Infiltration,task6,binary_f1,0.031018973271984697
ffnn_naive,none,3,Infiltration,task6,category_recall,0.0
ffnn_naive,none,3,Infiltration,seen,n,307417.0
ffnn_naive,none,3,Infiltration,seen,n_benign,268685.0
ffnn_naive,none,3,Infiltration,seen,n_attack,38732.0
ffnn_naive,none,3,Infiltration,seen,accuracy,0.9306056594137605
ffnn_naive,none,3,Infiltration,seen,macro_f1,0.3855357244247937
ffnn_naive,none,3,Infiltration,seen,fpr,0.00024564080614846383
ffnn_naive,none,3,Infiltration,seen,detection_rate,0.48231436538262934
ffnn_naive,none,3,Infiltration,seen,binary_f1,0.6500113084778789
ffnn_naive,none,3,Infiltration,all,n,414974.0
ffnn_naive,none,3,Infiltration,all,n_benign,336907.0
ffnn_naive,none,3,Infiltration,all,n_attack,78067.0
ffnn_naive,none,3,Infiltration,all,accuracy,0.8515449160670308
ffnn_naive,none,3,Infiltration,all,macro_f1,0.19416234307548208
ffnn_naive,none,3,Infiltration,all,fpr,0.002977082696411769
ffnn_naive,none,3,Infiltration,all,detection_rate,0.49667593221207423
ffnn_naive,none,3,Infiltration,all,binary_f1,0.6580564135636944
ffnn_naive,none,4,Botnet,task0,n,138702.0
ffnn_naive,none,4,Botnet,task0,n_benign,137344.0
ffnn_naive,none,4,Botnet,task0,n_attack,1358.0
ffnn_naive,none,4,Botnet,task0,accuracy,0.98993525688166
ffnn_naive,none,4,Botnet,task0,macro_f1,0.4974710877945567
ffnn_naive,none,4,Botnet,task0,fpr,0.0002766775396085741
ffnn_naive,none,4,Botnet,task0,detection_rate,0.0
ffnn_naive,none,4,Botnet,task0,binary_f1,0.0
ffnn_naive,none,4,Botnet,task0,category_recall,0.0
ffnn_naive,none,4,Botnet,task1,n,96639.0
ffnn_naive,none,4,Botnet,task1,n_benign,76782.0
ffnn_naive,none,4,Botnet,task1,n_attack,19857.0
ffnn_naive,none,4,Botnet,task1,accuracy,0.794492906590507
ffnn_naive,none,4,Botnet,task1,macro_f1,0.4427395080095492
ffnn_naive,none,4,Botnet,task1,fpr,3.907165741970774e-05
ffnn_naive,none,4,Botnet,task1,detection_rate,0.0
ffnn_naive,none,4,Botnet,task1,binary_f1,0.0
ffnn_naive,none,4,Botnet,task1,category_recall,0.0
ffnn_naive,none,4,Botnet,task2,n,21631.0
ffnn_naive,none,4,Botnet,task2,n_benign,21610.0
ffnn_naive,none,4,Botnet,task2,n_attack,21.0
ffnn_naive,none,4,Botnet,task2,accuracy,0.998566871619435
ffnn_naive,none,4,Botnet,task2,macro_f1,0.4996414609886424
ffnn_naive,none,4,Botnet,task2,fpr,0.00046274872744099955
ffnn_naive,none,4,Botnet,task2,detection_rate,0.0
ffnn_naive,none,4,Botnet,task2,binary_f1,0.0
ffnn_naive,none,4,Botnet,task2,category_recall,0.0
ffnn_naive,none,4,Botnet,task3,n,50445.0
ffnn_naive,none,4,Botnet,task3,n_benign,32949.0
ffnn_naive,none,4,Botnet,task3,n_attack,17496.0
ffnn_naive,none,4,Botnet,task3,accuracy,0.6531469917732183
ffnn_naive,none,4,Botnet,task3,macro_f1,0.3950931133308551
ffnn_naive,none,4,Botnet,task3,fpr,3.0349934747640294e-05
ffnn_naive,none,4,Botnet,task3,detection_rate,0.0
ffnn_naive,none,4,Botnet,task3,binary_f1,0.0
ffnn_naive,none,4,Botnet,task3,category_recall,0.0
ffnn_naive,none,4,Botnet,task4,n,27642.0
ffnn_naive,none,4,Botnet,task4,n_benign,27385.0
ffnn_naive,none,4,Botnet,task4,n_attack,257.0
ffnn_naive,none,4,Botnet,task4,accuracy,0.9998191158382173
ffnn_naive,none,4,Botnet,task4,macro_f1,0.9951373947222737
ffnn_naive,none,4,Botnet,task4,fpr,0.00018258170531312764
ffnn_naive,none,4,Botnet,task4,detection_rate,1.0
ffnn_naive,none,4,Botnet,task4,binary_f1,0.9903660886319846
ffnn_naive,none,4,Botnet,task4,category_recall,1.0
ffnn_naive,none,4,Botnet,task5,n,51117.0
ffnn_naive,none,4,Botnet,task5,n_benign,31046.0
ffnn_naive,none,4,Botnet,task5,n_attack,20071.0
ffnn_naive,none,4,Botnet,task5,accuracy,0.6072930727546608
ffnn_naive,none,4,Botnet,task5,macro_f1,0.37783592989289194
ffnn_naive,none,4,Botnet,task5,fpr,9.663080590092121e-05
ffnn_naive,none,4,Botnet,task5,detection_rate,0.0
ffnn_naive,none,4,Botnet,task5,binary_f1,0.0
ffnn_naive,none,4,Botnet,task5,category_recall,0.0
ffnn_naive,none,4,Botnet,task6,n,28798.0
ffnn_naive,none,4,Botnet,task6,n_benign,9791.0
ffnn_naive,none,4,Botnet,task6,n_attack,19007.0
ffnn_naive,none,4,Botnet,task6,accuracy,0.3387735259393013
ffnn_naive,none,4,Botnet,task6,macro_f1,0.25304767339316286
ffnn_naive,none,4,Botnet,task6,fpr,0.0035747114697170872
ffnn_naive,none,4,Botnet,task6,detection_rate,0.0
ffnn_naive,none,4,Botnet,task6,binary_f1,0.0
ffnn_naive,none,4,Botnet,task6,category_recall,0.0
ffnn_naive,none,4,Botnet,seen,n,335059.0
ffnn_naive,none,4,Botnet,seen,n_benign,296070.0
ffnn_naive,none,4,Botnet,seen,n_attack,38989.0
ffnn_naive,none,4,Botnet,seen,accuracy,0.8842323292315681
ffnn_naive,none,4,Botnet,seen,macro_f1,0.3064474728411159
ffnn_naive,none,4,Botnet,seen,fpr,0.00019252203870706252
ffnn_naive,none,4,Botnet,seen,detection_rate,0.0065916027597527505
ffnn_naive,none,4,Botnet,seen,binary_f1,0.013077882095514337
ffnn_naive,none,4,Botnet,all,n,414974.0
ffnn_naive,none,4,Botnet,all,n_benign,336907.0
ffnn_naive,none,4,Botnet,all,n_attack,78067.0
ffnn_naive,none,4,Botnet,all,accuracy,0.8122653467446154
ffnn_naive,none,4,Botnet,all,macro_f1,0.21754307088466768
ffnn_naive,none,4,Botnet,all,fpr,0.00028197692538296917
ffnn_naive,none,4,Botnet,all,detection_rate,0.0032920440134756044
ffnn_naive,none,4,Botnet,all,binary_f1,0.006554533977734988
ffnn_naive,none,5,PortScan,task0,n,138702.0
ffnn_naive,none,5,PortScan,task0,n_benign,137344.0
ffnn_naive,none,5,PortScan,task0,n_attack,1358.0
ffnn_naive,none,5,PortScan,task0,accuracy,0.989978515089905
ffnn_naive,none,5,PortScan,task0,macro_f1,0.49748201178201107
ffnn_naive,none,5,PortScan,task0,fpr,0.00023299161230195712
ffnn_naive,none,5,PortScan,task0,detection_rate,0.0
ffnn_naive,none,5,PortScan,task0,binary_f1,0.0
ffnn_naive,none,5,PortScan,task0,category_recall,0.0
ffnn_naive,none,5,PortScan,task1,n,96639.0
ffnn_naive,none,5,PortScan,task1,n_benign,76782.0
ffnn_naive,none,5,PortScan,task1,n_attack,19857.0
ffnn_naive,none,5,PortScan,task1,accuracy,0.7945032543797018
ffnn_naive,none,5,PortScan,task1,macro_f1,0.44274272138577664
ffnn_naive,none,5,PortScan,task1,fpr,2.6047771613138496e-05
ffnn_naive,none,5,PortScan,task1,detection_rate,0.0
ffnn_naive,none,5,PortScan,task1,binary_f1,0.0
ffnn_naive,none,5,PortScan,task1,category_recall,0.0
ffnn_naive,none,5,PortScan,task2,n,21631.0
ffnn_naive,none,5,PortScan,task2,n_benign,21610.0
ffnn_naive,none,5,PortScan,task2,n_attack,21.0
ffnn_naive,none,5,PortScan,task2,accuracy,0.9990291710970367
ffnn_naive,none,5,PortScan,task2,macro_f1,0.4997571749034481
ffnn_naive,none,5,PortScan,task2,fpr,0.0
ffnn_naive,none,5,PortScan,task2,detection_rate,0.0
ffnn_naive,none,5,PortScan,task2,binary_f1,0.0
ffnn_naive,none,5,PortScan,task2,category_recall,0.0
ffnn_naive,none,5,PortScan,task3,n,50445.0
ffnn_naive,none,5,PortScan,task3,n_benign,32949.0
ffnn_naive,none,5,PortScan,task3,n_attack,17496.0
ffnn_naive,none,5,PortScan,task3,accuracy,0.6531271682029933
ffnn_naive,none,5,PortScan,task3,macro_f1,0.451013675377476
ffnn_naive,none,5,PortScan,task3,fpr,6.069986949528059e-05
ffnn_naive,none,5,PortScan,task3,detection_rate,0.5910493827160493
ffnn_naive,none,5,PortScan,task3,binary_f1,0.7429146161859262
ffnn_naive,none,5,PortScan,task3,category_recall,0.0
ffnn_naive,none,5,PortScan,task4,n,27642.0
ffnn_naive,none,5,PortScan,task4,n_benign,27385.0
ffnn_naive,none,5,PortScan,task4,n_attack,257.0
ffnn_naive,none,5,PortScan,task4,accuracy,0.9981549815498155
ffnn_naive,none,5,PortScan,task4,macro_f1,0.945655522468613
ffnn_naive,none,5,PortScan,task4,fpr,3.6516341062625523e-05
ffnn_naive,none,5,PortScan,task4,detection_rate,0.8054474708171206
ffnn_naive,none,5,PortScan,task4,binary_f1,0.8903225806451613
ffnn_naive,none,5,PortScan,task4,category_recall,0.8054474708171206
ffnn_naive,none,5,PortScan,task5,n,51117.0
ffnn_naive,none,5,PortScan,task5,n_benign,31046.0
ffnn_naive,none,5,PortScan,task5,n_attack,20071.0
ffnn_naive,none,5,PortScan,task5,accuracy,0.9982393332942074
ffnn_naive,none,5,PortScan,task5,macro_f1,0.9981528441480778
ffnn_naive,none,5,PortScan,task5,fpr,6.44205372672808e-05
ffnn_naive,none,5,PortScan,task5,detection_rate,0.9956155647451547
ffnn_naive,none,5,PortScan,task5,binary_f1,0.9977531455961653
ffnn_naive,none,5,PortScan,task5,category_recall,0.9956155647451547
ffnn_naive,none,5,PortScan,task6,n,28798.0
ffnn_naive,none,5,PortScan,task6,n_benign,9791.0
ffnn_naive,none,5,PortScan,task6,n_attack,19007.0
ffnn_naive,none,5,PortScan,task6,accuracy,0.3399888881172304
ffnn_naive,none,5,PortScan,task6,macro_f1,0.4029052302374388
ffnn_naive,none,5,PortScan,task6,fpr,0.0
ffnn_naive,none,5,PortScan,task6,detection_rate,0.7517230494028516
ffnn_naive,none,5,PortScan,task6,binary_f1,0.8582670070581169
ffnn_naive,none,5,PortScan,task6,category_recall,0.0
ffnn_naive,none,5,PortScan,seen,n,386176.0
ffnn_naive,none,5,PortScan,seen,n_benign,327116.0
ffnn_naive,none,5,PortScan,seen,n_attack,59060.0
ffnn_naive,none,5,PortScan,seen,accuracy,0.8992454217765993
ffnn_naive,none,5,PortScan,seen,macro_f1,0.3775483887980934
ffnn_naive,none,5,PortScan,seen,fpr,0.00011922376160138911
ffnn_naive,none,5,PortScan,seen,detection_rate,0.5169488655604471
ffnn_naive,none,5,PortScan,seen,binary_f1,0.6812674327792034
ffnn_naive,none,5,PortScan,all,n,414974.0
ffnn_naive,none,5,PortScan,all,n_benign,336907.0
ffnn_naive,none,5,PortScan,all,n_attack,78067.0
ffnn_naive,none,5,PortScan,all,accuracy,0.8604346296394473
ffnn_naive,none,5,PortScan,all,macro_f1,0.30783292793936895
ffnn_naive,none,5,PortScan,all,fpr,0.00011575894831511366
ffnn_naive,none,5,PortScan,all,detection_rate,0.5741094188325413
ffnn_naive,none,5,PortScan,all,binary_f1,0.7292088671954444
ffnn_naive,none,6,DDoS,task0,n,138702.0
ffnn_naive,none,6,DDoS,task0,n_benign,137344.0
ffnn_naive,none,6,DDoS,task0,n_attack,1358.0
ffnn_naive,none,6,DDoS,task0,accuracy,0.9900866606105175
ffnn_naive,none,6,DDoS,task0,macro_f1,0.49750931967293294
ffnn_naive,none,6,DDoS,task0,fpr,0.00012377679403541473
ffnn_naive,none,6,DDoS,task0,detection_rate,0.0
ffnn_naive,none,6,DDoS,task0,binary_f1,0.0
ffnn_naive,none,6,DDoS,task0,category_recall,0.0
ffnn_naive,none,6,DDoS,task1,n,96639.0
ffnn_naive,none,6,DDoS,task1,n_benign,76782.0
ffnn_naive,none,6,DDoS,task1,n_attack,19857.0
ffnn_naive,none,6,DDoS,task1,accuracy,0.7945239499580915
ffnn_naive,none,6,DDoS,task1,macro_f1,0.4525212758433721
ffnn_naive,none,6,DDoS,task1,fpr,0.0
ffnn_naive,none,6,DDoS,task1,detection_rate,0.18859847912574912
ffnn_naive,none,6,DDoS,task1,binary_f1,0.3173459876281671
ffnn_naive,none,6,DDoS,task1,category_recall,0.0
ffnn_naive,none,6,DDoS,task2,n,21631.0
ffnn_naive,none,6,DDoS,task2,n_benign,21610.0
ffnn_naive,none,6,DDoS,task2,n_attack,21.0
ffnn_naive,none,6,DDoS,task2,accuracy,0.9990291710970367
ffnn_naive,none,6,DDoS,task2,macro_f1,0.4997571749034481
ffnn_naive,none,6,DDoS,task2,fpr,0.0
ffnn_naive,none,6,DDoS,task2,detection_rate,0.0
ffnn_naive,none,6,DDoS,task2,binary_f1,0.0
ffnn_naive,none,6,DDoS,task2,category_recall,0.0
ffnn_naive,none,6,DDoS,task3,n,50445.0
ffnn_naive,none,6,DDoS,task3,n_benign,32949.0
ffnn_naive,none,6,DDoS,task3,n_attack,17496.0
ffnn_naive,none,6,DDoS,task3,accuracy,0.6531271682029933
ffnn_naive,none,6,DDoS,task3,macro_f1,0.44910171478422073
ffnn_naive,none,6,DDoS,task3,fpr,6.069986949528059e-05
ffnn_naive,none,6,DDoS,task3,detection_rate,0.5732738911751257
ffnn_naive,none,6,DDoS,task3,binary_f1,0.7287125835512932
ffnn_naive,none,6,DDoS,task3,category_recall,0.0
ffnn_naive,none,6,DDoS,task4,n,27642.0
ffnn_naive,none,6,DDoS,task4,n_benign,27385.0
ffnn_naive,none,6,DDoS,task4,n_attack,257.0
ffnn_naive,none,6,DDoS,task4,accuracy,0.9906663772520078
ffnn_naive,none,6,DDoS,task4,macro_f1,0.49765565369098247
ffnn_naive,none,6,DDoS,task4,fpr,3.6516341062625523e-05
ffnn_naive,none,6,DDoS,task4,detection_rate,0.0
ffnn_naive,none,6,DDoS,task4,binary_f1,0.0
ffnn_naive,none,6,DDoS,task4,category_recall,0.0
ffnn_naive,none,6,DDoS,task5,n,51117.0
ffnn_naive,none,6,DDoS,task5,n_benign,31046.0
ffnn_naive,none,6,DDoS,task5,n_attack,20071.0
ffnn_naive,none,6,DDoS,task5,accuracy,0.8675196118708062
ffnn_naive,none,6,DDoS,task5,macro_f1,0.8497326408845483
ffnn_naive,none,6,DDoS,task5,fpr,3.22102686336404e-05
ffnn_naive,none,6,DDoS,task5,detection_rate,0.6653380499227741
ffnn_naive,none,6,DDoS,task5,binary_f1,0.799018727936337
ffnn_naive,none,6,DDoS,task5,category_recall,0.6626476010163919
ffnn_naive,none,6,DDoS,task6,n,28798.0
ffnn_naive,none,6,DDoS,task6,n_benign,9791.0
ffnn_naive,none,6,DDoS,task6,n_attack,19007.0
ffnn_naive,none,6,DDoS,task6,accuracy,0.9992360580595875
ffnn_naive,none,6,DDoS,task6,macro_f1,0.9991493133743665
ffnn_naive,none,6,DDoS,task6,fpr,0.0001021346134204882
ffnn_naive,none,6,DDoS,task6,detection_rate,0.9988951438943547
ffnn_naive,none,6,DDoS,task6,binary_f1,0.9994209612044007
ffnn_naive,none,6,DDoS,task6,category_recall,0.9988951438943547
ffnn_naive,none,6,DDoS,seen,n,414974.0
ffnn_naive,none,6,DDoS,seen,n_benign,336907.0
ffnn_naive,none,6,DDoS,seen,n_attack,78067.0
ffnn_naive,none,6,DDoS,seen,accuracy,0.8896244102040127
ffnn_naive,none,6,DDoS,seen,macro_f1,0.30946447738042077
ffnn_naive,none,6,DDoS,seen,fpr,6.529991956237182e-05
ffnn_naive,none,6,DDoS,seen,detection_rate,0.5907105435075
ffnn_naive,none,6,DDoS,seen,binary_f1,0.7425686773372838
ffnn_naive,none,6,DDoS,all,n,414974.0
ffnn_naive,none,6,DDoS,all,n_benign,336907.0
ffnn_naive,none,6,DDoS,all,n_attack,78067.0
ffnn_naive,none,6,DDoS,all,accuracy,0.8896244102040127
ffnn_naive,none,6,DDoS,all,macro_f1,0.30946447738042077
ffnn_naive,none,6,DDoS,all,fpr,6.529991956237182e-05
ffnn_naive,none,6,DDoS,all,detection_rate,0.5907105435075
ffnn_naive,none,6,DDoS,all,binary_f1,0.7425686773372838
gnn_ewc,none,0,BruteForce,task0,n,138702.0
gnn_ewc,none,0,BruteForce,task0,n_benign,137344.0
gnn_ewc,none,0,BruteForce,task0,n_attack,1358.0
gnn_ewc,none,0,BruteForce,task0,accuracy,0.9998125477642716
gnn_ewc,none,0,BruteForce,task0,macro_f1,0.9952081438959475
gnn_ewc,none,0,BruteForce,task0,fpr,0.000182024697110904
gnn_ewc,none,0,BruteForce,task0,detection_rate,0.9992636229749632
gnn_ewc,none,0,BruteForce,task0,binary_f1,0.9905109489051095
gnn_ewc,none,0,BruteForce,task0,category_recall,0.9992636229749632
gnn_ewc,none,0,BruteForce,task1,n,96639.0
gnn_ewc,none,0,BruteForce,task1,n_benign,76782.0
gnn_ewc,none,0,BruteForce,task1,n_attack,19857.0
gnn_ewc,none,0,BruteForce,task1,accuracy,0.7945239499580915
gnn_ewc,none,0,BruteForce,task1,macro_f1,0.44274914802705556
gnn_ewc,none,0,BruteForce,task1,fpr,0.0
gnn_ewc,none,0,BruteForce,task1,detection_rate,0.0
gnn_ewc,none,0,BruteForce,task1,binary_f1,0.0
gnn_ewc,none,0,BruteForce,task1,category_recall,0.0
gnn_ewc,none,0,BruteForce,task2,n,21631.0
gnn_ewc,none,0,BruteForce,task2,n_benign,21610.0
gnn_ewc,none,0,BruteForce,task2,n_attack,21.0
gnn_ewc,none,0,BruteForce,task2,accuracy,0.9990291710970367
gnn_ewc,none,0,BruteForce,task2,macro_f1,0.4997571749034481
gnn_ewc,none,0,BruteForce,task2,fpr,0.0
gnn_ewc,none,0,BruteForce,task2,detection_rate,0.0
gnn_ewc,none,0,BruteForce,task2,binary_f1,0.0
gnn_ewc,none,0,BruteForce,task2,category_recall,0.0
gnn_ewc,none,0,BruteForce,task3,n,50445.0
gnn_ewc,none,0,BruteForce,task3,n_benign,32949.0
gnn_ewc,none,0,BruteForce,task3,n_attack,17496.0
gnn_ewc,none,0,BruteForce,task3,accuracy,0.6531668153434433
gnn_ewc,none,0,BruteForce,task3,macro_f1,0.39510036693287287
gnn_ewc,none,0,BruteForce,task3,fpr,0.0
gnn_ewc,none,0,BruteForce,task3,detection_rate,0.0
gnn_ewc,none,0,BruteForce,task3,binary_f1,0.0
gnn_ewc,none,0,BruteForce,task3,category_recall,0.0
gnn_ewc,none,0,BruteForce,task4,n,27642.0
gnn_ewc,none,0,BruteForce,task4,n_benign,27385.0
gnn_ewc,none,0,BruteForce,task4,n_attack,257.0
gnn_ewc,none,0,BruteForce,task4,accuracy,0.9907025540843644
gnn_ewc,none,0,BruteForce,task4,macro_f1,0.49766478274301706
gnn_ewc,none,0,BruteForce,task4,fpr,0.0
gnn_ewc,none,0,BruteForce,task4,detection_rate,0.0
gnn_ewc,none,0,BruteForce,task4,binary_f1,0.0
gnn_ewc,none,0,BruteForce,task4,category_recall,0.0
gnn_ewc,none,0,BruteForce,task5,n,51117.0
gnn_ewc,none,0,BruteForce,task5,n_benign,31046.0
gnn_ewc,none,0,BruteForce,task5,n_attack,20071.0
gnn_ewc,none,0,BruteForce,task5,accuracy,0.6073321986814563
gnn_ewc,none,0,BruteForce,task5,macro_f1,0.3778510747060685
gnn_ewc,none,0,BruteForce,task5,fpr,3.22102686336404e-05
gnn_ewc,none,0,BruteForce,task5,detection_rate,0.0
gnn_ewc,none,0,BruteForce,task5,binary_f1,0.0
gnn_ewc,none,0,BruteForce,task5,category_recall,0.0
gnn_ewc,none,0,BruteForce,task6,n,28798.0
gnn_ewc,none,0,BruteForce,task6,n_benign,9791.0
gnn_ewc,none,0,BruteForce,task6,n_attack,19007.0
gnn_ewc,none,0,BruteForce,task6,accuracy,0.33995416348357527
gnn_ewc,none,0,BruteForce,task6,macro_f1,0.2537058152793615
gnn_ewc,none,0,BruteForce,task6,fpr,0.0001021346134204882
gnn_ewc,none,0,BruteForce,task6,detection_rate,0.0
gnn_ewc,none,0,BruteForce,task6,binary_f1,0.0
gnn_ewc,none,0,BruteForce,task6,category_recall,0.0
gnn_ewc,none,0,BruteForce,seen,n,138702.0
gnn_ewc,none,0,BruteForce,seen,n_benign,137344.0
gnn_ewc,none,0,BruteForce,seen,n_attack,1358.0
gnn_ewc,none,0,BruteForce,seen,accuracy,0.9998125477642716
gnn_ewc,none,0,BruteForce,seen,macro_f1,0.9952081438959475
gnn_ewc,none,0,BruteForce,seen,fpr,0.000182024697110904
gnn_ewc,none,0,BruteForce,seen,detection_rate,0.9992636229749632
gnn_ewc,none,0,BruteForce,seen,binary_f1,0.9905109489051095
gnn_ewc,none,0,BruteForce,all,n,414974.0
gnn_ewc,none,0,BruteForce,all,n_benign,336907.0
gnn_ewc,none,0,BruteForce,all,n_attack,78067.0
gnn_ewc,none,0,BruteForce,all,accuracy,0.815079980914467
gnn_ewc,none,0,BruteForce,all,macro_f1,0.23594252900849647
gnn_ewc,none,0,BruteForce,all,fpr,8.014081037200176e-05
gnn_ewc,none,0,BruteForce,all,detection_rate,0.017382504771542392
gnn_ewc,none,0,BruteForce,all,binary_f1,0.034159419012976554
gnn_ewc,none,1,DoS,task0,n,138702.0
gnn_ewc,none,1,DoS,task0,n_benign,137344.0
gnn_ewc,none,1,DoS,task0,n_attack,1358.0
gnn_ewc,none,1,DoS,task0,accuracy,0.9900866606105175
gnn_ewc,none,1,DoS,task0,macro_f1,0.4980741052387239
gnn_ewc,none,1,DoS,task0,fpr,0.00012377679403541473
gnn_ewc,none,1,DoS,task0,detection_rate,0.23048600883652431
gnn_ewc,none,1,DoS,task0,binary_f1,0.3708530805687204
gnn_ewc,none,1,DoS,task0,category_recall,0.0
gnn_ewc,none,1,DoS,task1,n,96639.0
gnn_ewc,none,1,DoS,task1,n_benign,76782.0
gnn_ewc,none,1,DoS,task1,n_attack,19857.0
gnn_ewc,none,1,DoS,task1,accuracy,0.9971854013390039
gnn_ewc,none,1,DoS,task1,macro_f1,0.9957098688740291
gnn_ewc,none,1,DoS,task1,fpr,0.003399234195514574
gnn_ewc,none,1,DoS,task1,detection_rate,0.999446039180138
gnn_ewc,none,1,DoS,task1,binary_f1,0.9931938744870383
gnn_ewc,none,1,DoS,task1,category_recall,0.999446039180138
gnn_ewc,none,1,DoS,task2,n,21631.0
gnn_ewc,none,1,DoS,task2,n_benign,21610.0
gnn_ewc,none,1,DoS,task2,n_attack,21.0
gnn_ewc,none,1,DoS,task2,accuracy,0.9858074060376312
gnn_ewc,none,1,DoS,task2,macro_f1,0.49666930637723017
gnn_ewc,none,1,DoS,task2,fpr,0.013234613604812586
gnn_ewc,none,1,DoS,task2,detection_rate,1.0
gnn_ewc,none,1,DoS,task2,binary_f1,0.12804878048780488
gnn_ewc,none,1,DoS,task2,category_recall,0.0
gnn_ewc,none,1,DoS,task3,n,50445.0
gnn_ewc,none,1,DoS,task3,n_benign,32949.0
gnn_ewc,none,1,DoS,task3,n_attack,17496.0
gnn_ewc,none,1,DoS,task3,accuracy,0.6530875210625434
gnn_ewc,none,1,DoS,task3,macro_f1,0.3950713514809929
gnn_ewc,none,1,DoS,task3,fpr,0.00012139973899056118
gnn_ewc,none,1,DoS,task3,detection_rate,0.0
gnn_ewc,none,1,DoS,task3,binary_f1,0.0
gnn_ewc,none,1,DoS,task3,category_recall,0.0
gnn_ewc,none,1,DoS,task4,n,27642.0
gnn_ewc,none,1,DoS,task4,n_benign,27385.0
gnn_ewc,none,1,DoS,task4,n_attack,257.0
gnn_ewc,none,1,DoS,task4,accuracy,0.9906663772520078
gnn_ewc,none,1,DoS,task4,macro_f1,0.49765565369098247
gnn_ewc,none,1,DoS,task4,fpr,3.6516341062625523e-05
gnn_ewc,none,1,DoS,task4,detection_rate,0.0
gnn_ewc,none,1,DoS,task4,binary_f1,0.0
gnn_ewc,none,1,DoS,task4,category_recall,0.0
gnn_ewc,none,1,DoS,task5,n,51117.0
gnn_ewc,none,1,DoS,task5,n_benign,31046.0
gnn_ewc,none,1,DoS,task5,n_attack,20071.0
gnn_ewc,none,1,DoS,task5,accuracy,0.6073517616448539
gnn_ewc,none,1,DoS,task5,macro_f1,0.37785864683616716
gnn_ewc,none,1,DoS,task5,fpr,0.0
gnn_ewc,none,1,DoS,task5,detection_rate,0.0
gnn_ewc,none,1,DoS,task5,binary_f1,0.0
gnn_ewc,none,1,DoS,task5,category_recall,0.0
gnn_ewc,none,1,DoS,task6,n,28798.0
gnn_ewc,none,1,DoS,task6,n_benign,9791.0
gnn_ewc,none,1,DoS,task6,n_attack,19007.0
gnn_ewc,none,1,DoS,task6,accuracy,0.3399888881172304
gnn_ewc,none,1,DoS,task6,macro_f1,0.4999489379084967
gnn_ewc,none,1,DoS,task6,fpr,0.0
gnn_ewc,none,1,DoS,task6,detection_rate,0.9998947756089862
gnn_ewc,none,1,DoS,task6,binary_f1,0.9999473850363043
gnn_ewc,none,1,DoS,task6,category_recall,0.0
gnn_ewc,none,1,DoS,seen,n,235341.0
gnn_ewc,none,1,DoS,seen,n_benign,214126.0
gnn_ewc,none,1,DoS,seen,n_attack,21215.0
gnn_ewc,none,1,DoS,seen,accuracy,0.9930016444223488
gnn_ewc,none,1,DoS,seen,macro_f1,0.6606501569067968
gnn_ewc,none,1,DoS,seen,fpr,0.001298301000345591
gnn_ewc,none,1,DoS,seen,detection_rate,0.9502238981852463
gnn_ewc,none,1,DoS,seen,binary_f1,0.9679727263996927
gnn_ewc,none,1,DoS,all,n,414974.0
gnn_ewc,none,1,DoS,all,n_benign,336907.0
gnn_ewc,none,1,DoS,all,n_attack,78067.0
gnn_ewc,none,1,DoS,all,accuracy,0.8583284735911165
gnn_ewc,none,1,DoS,all,macro_f1,0.20130642952531183
gnn_ewc,none,1,DoS,all,fpr,0.001688893374135889
gnn_ewc,none,1,DoS,all,detection_rate,0.5019406407316792
gnn_ewc,none,1,DoS,all,binary_f1,0.6651615586355574
gnn_ewc,none,2,WebAttack,task0,n,138702.0
gnn_ewc,none,2,WebAttack,task0,n_benign,137344.0
gnn_ewc,none,2,WebAttack,task0,n_attack,1358.0
gnn_ewc,none,2,WebAttack,task0,accuracy,0.9901010800132658
gnn_ewc,none,2,WebAttack,task0,macro_f1,0.4999708745640286
gnn_ewc,none,2,WebAttack,task0,fpr,0.0001092148182665424
gnn_ewc,none,2,WebAttack,task0,detection_rate,0.9992636229749632
gnn_ewc,none,2,WebAttack,task0,binary_f1,0.9941391941391942
gnn_ewc,none,2,WebAttack,task0,category_recall,0.0
gnn_ewc,none,2,WebAttack,task1,n,96639.0
gnn_ewc,none,2,WebAttack,task1,n_benign,76782.0
gnn_ewc,none,2,WebAttack,task1,n_attack,19857.0
gnn_ewc,none,2,WebAttack,task1,accuracy,0.9998551309512722
gnn_ewc,none,2,WebAttack,task1,macro_f1,0.9998065489638346
gnn_ewc,none,2,WebAttack,task1,fpr,2.6047771613138496e-05
gnn_ewc,none,2,WebAttack,task1,detection_rate,0.999446039180138
gnn_ewc,none,2,WebAttack,task1,binary_f1,0.9996725853167108
gnn_ewc,none,2,WebAttack,task1,category_recall,0.9993956791056051
gnn_ewc,none,2,WebAttack,task2,n,21631.0
gnn_ewc,none,2,WebAttack,task2,n_benign,21610.0
gnn_ewc,none,2,WebAttack,task2,n_attack,21.0
gnn_ewc,none,2,WebAttack,task2,accuracy,0.9992603208358375
gnn_ewc,none,2,WebAttack,task2,macro_f1,0.7578794594554259
gnn_ewc,none,2,WebAttack,task2,fpr,0.00013882461823229986
gnn_ewc,none,2,WebAttack,task2,detection_rate,0.38095238095238093
gnn_ewc,none,2,WebAttack,task2,binary_f1,0.5
gnn_ewc,none,2,WebAttack,task2,category_recall,0.38095238095238093
gnn_ewc,none,2,WebAttack,task3,n,50445.0
gnn_ewc,none,2,WebAttack,task3,n_benign,32949.0
gnn_ewc,none,2,WebAttack,task3,n_attack,17496.0
gnn_ewc,none,2,WebAttack,task3,accuracy,0.6531668153434433
gnn_ewc,none,2,WebAttack,task3,macro_f1,0.39510036693287287
gnn_ewc,none,2,WebAttack,task3,fpr,0.0
gnn_ewc,none,2,WebAttack,task3,detection_rate,0.0
gnn_ewc,none,2,WebAttack,task3,binary_f1,0.0
gnn_ewc,none,2,WebAttack,task3,category_recall,0.0
gnn_ewc,none,2,WebAttack,task4,n,27642.0
gnn_ewc,none,2,WebAttack,task4,n_benign,27385.0
gnn_ewc,none,2,WebAttack,task4,n_attack,257.0
gnn_ewc,none,2,WebAttack,task4,accuracy,0.9907025540843644
gnn_ewc,none,2,WebAttack,task4,macro_f1,0.49766478274301706
gnn_ewc,none,2,WebAttack,task4,fpr,0.0
gnn_ewc,none,2,WebAttack,task4,detection_rate,0.0
gnn_ewc,none,2,WebAttack,task4,binary_f1,0.0
gnn_ewc,none,2,WebAttack,task4,category_recall,0.0
gnn_ewc,none,2,WebAttack,task5,n,51117.0
gnn_ewc,none,2,WebAttack,task5,n_benign,31046.0
gnn_ewc,none,2,WebAttack,task5,n_attack,20071.0
gnn_ewc,none,2,WebAttack,task5,accuracy,0.6073517616448539
gnn_ewc,none,2,WebAttack,task5,macro_f1,0.37785864683616716
gnn_ewc,none,2,WebAttack,task5,fpr,0.0
gnn_ewc,none,2,WebAttack,task5,detection_rate,0.0
gnn_ewc,none,2,WebAttack,task5,binary_f1,0.0
gnn_ewc,none,2,WebAttack,task5,category_recall,0.0
gnn_ewc,none,2,WebAttack,task6,n,28798.0
gnn_ewc,none,2,WebAttack,task6,n_benign,9791.0
gnn_ewc,none,2,WebAttack,task6,n_attack,19007.0
gnn_ewc,none,2,WebAttack,task6,accuracy,0.33991943884992015
gnn_ewc,none,2,WebAttack,task6,macro_f1,0.4795943363872422
gnn_ewc,none,2,WebAttack,task6,fpr,0.0002042692268409764
gnn_ewc,none,2,WebAttack,task6,detection_rate,0.9562792655337508
gnn_ewc,none,2,WebAttack,task6,binary_f1,0.9775984940164044
gnn_ewc,none,2,WebAttack,task6,category_recall,0.0
gnn_ewc,none,2,WebAttack,seen,n,256972.0
gnn_ewc,none,2,WebAttack,seen,n_benign,235736.0
gnn_ewc,none,2,WebAttack,seen,n_attack,21236.0
gnn_ewc,none,2,WebAttack,seen,accuracy,0.9945402611957723
gnn_ewc,none,2,WebAttack,seen,macro_f1,0.5026670866809955
gnn_ewc,none,2,WebAttack,seen,fpr,8.484066922319884e-05
gnn_ewc,none,2,WebAttack,seen,detection_rate,0.9988227538142777
gnn_ewc,none,2,WebAttack,seen,binary_f1,0.9989403536863918
gnn_ewc,none,2,WebAttack,all,n,414974.0
gnn_ewc,none,2,WebAttack,all,n_benign,336907.0
gnn_ewc,none,2,WebAttack,all,n_attack,78067.0
gnn_ewc,none,2,WebAttack,all,accuracy,0.8596634969901729
gnn_ewc,none,2,WebAttack,all,macro_f1,0.20534017165023932
gnn_ewc,none,2,WebAttack,all,fpr,6.529991956237182e-05
gnn_ewc,none,2,WebAttack,all,detection_rate,0.5045281617072515
gnn_ewc,none,2,WebAttack,all,binary_f1,0.6705539854949096
gnn_ewc,none,3,Infiltration,task0,n,138702.0
gnn_ewc,none,3,Infiltration,task0,n_benign,137344.0
gnn_ewc,none,3,Infiltration,task0,n_attack,1358.0
gnn_ewc,none,3,Infiltration,task0,accuracy,0.9899568859857825
gnn_ewc,none,3,Infiltration,task0,macro_f1,0.497476549847651
gnn_ewc,none,3,Infiltration,task0,fpr,0.0002548345759552656
gnn_ewc,none,3,Infiltration,task0,detection_rate,0.0
gnn_ewc,none,3,Infiltration,task0,binary_f1,0.0
gnn_ewc,none,3,Infiltration,task0,category_recall,0.0
gnn_ewc,none,3,Infiltration,task1,n,96639.0
gnn_ewc,none,3,Infiltration,task1,n_benign,76782.0
gnn_ewc,none,3,Infiltration,task1,n_attack,19857.0
gnn_ewc,none,3,Infiltration,task1,accuracy,0.922008712838502
gnn_ewc,none,3,Infiltration,task1,macro_f1,0.8596410944041506
gnn_ewc,none,3,Infiltration,task1,fpr,0.00010419108645255398
gnn_ewc,none,3,Infiltration,task1,detection_rate,0.6208389988417183
gnn_ewc,none,3,Infiltration,task1,binary_f1,0.7658807815363589
gnn_ewc,none,3,Infiltration,task1,category_recall,0.6208389988417183
gnn_ewc,none,3,Infiltration,task2,n,21631.0
gnn_ewc,none,3,Infiltration,task2,n_benign,21610.0
gnn_ewc,none,3,Infiltration,task2,n_attack,21.0
gnn_ewc,none,3,Infiltration,task2,accuracy,0.9990291710970367
gnn_ewc,none,3,Infiltration,task2,macro_f1,0.4997571749034481
gnn_ewc,none,3,Infiltration,task2,fpr,0.0
gnn_ewc,none,3,Infiltration,task2,detection_rate,0.0
gnn_ewc,none,3,Infiltration,task2,binary_f1,0.0
gnn_ewc,none,3,Infiltration,task2,category_recall,0.0
gnn_ewc,none,3,Infiltration,task3,n,50445.0
gnn_ewc,none,3,Infiltration,task3,n_benign,32949.0
gnn_ewc,none,3,Infiltration,task3,n_attack,17496.0
gnn_ewc,none,3,Infiltration,task3,accuracy,0.9996629993061751
gnn_ewc,none,3,Infiltration,task3,macro_f1,0.9996281349923978
gnn_ewc,none,3,Infiltration,task3,fpr,0.0003641992169716835
gnn_ewc,none,3,Infiltration,task3,detection_rate,0.9997142203932328
gnn_ewc,none,3,Infiltration,task3,binary_f1,0.9995142718363382
gnn_ewc,none,3,Infiltration,task3,category_recall,0.9997142203932328
gnn_ewc,none,3,Infiltration,task4,n,27642.0
gnn_ewc,none,3,Infiltration,task4,n_benign,27385.0
gnn_ewc,none,3,Infiltration,task4,n_attack,257.0
gnn_ewc,none,3,Infiltration,task4,accuracy,0.9907025540843644
gnn_ewc,none,3,Infiltration,task4,macro_f1,0.49766478274301706
gnn_ewc,none,3,Infiltration,task4,fpr,0.0
gnn_ewc,none,3,Infiltration,task4,detection_rate,0.0
gnn_ewc,none,3,Infiltration,task4,binary_f1,0.0
gnn_ewc,none,3,Infiltration,task4,category_recall,0.0
gnn_ewc,none,3,Infiltration,task5,n,51117.0
gnn_ewc,none,3,Infiltration,task5,n_benign,31046.0
gnn_ewc,none,3,Infiltration,task5,n_attack,20071.0
gnn_ewc,none,3,Infiltration,task5,accuracy,0.6072930727546608
gnn_ewc,none,3,Infiltration,task5,macro_f1,0.499782654194774
gnn_ewc,none,3,Infiltration,task5,fpr,9.663080590092121e-05
gnn_ewc,none,3,Infiltration,task5,detection_rate,0.9988042449304967
gnn_ewc,none,3,Infiltration,task5,binary_f1,0.9993270357169562
gnn_ewc,none,3,Infiltration,task5,category_recall,0.0
gnn_ewc,none,3,Infiltration,task6,n,28798.0
gnn_ewc,none,3,Infiltration,task6,n_benign,9791.0
gnn_ewc,none,3,Infiltration,task6,n_attack,19007.0
gnn_ewc,none,3,Infiltration,task6,accuracy,0.3399888881172304
gnn_ewc,none,3,Infiltration,task6,macro_f1,0.27889024980773064
gnn_ewc,none,3,Infiltration,task6,fpr,0.0
gnn_ewc,none,3,Infiltration,task6,detection_rate,0.18319566475509022
gnn_ewc,none,3,Infiltration,task6,binary_f1,0.3096625016674819
gnn_ewc,none,3,Infiltration,task6,category_recall,0.0
gnn_ewc,none,3,Infiltration,seen,n,307417.0
gnn_ewc,none,3,Infiltration,seen,n_benign,268685.0
gnn_ewc,none,3,Infiltration,seen,n_attack,38732.0
gnn_ewc,none,3,Infiltration,seen,accuracy,0.9708278982619699
gnn_ewc,none,3,Infiltration,seen,macro_f1,0.5495881735170982
gnn_ewc,none,3,Infiltration,seen,fpr,0.00020470067179038652
gnn_ewc,none,3,Infiltration,seen,detection_rate,0.7698802024166064
gnn_ewc,none,3,Infiltration,seen,binary_f1,0.869282570037606
gnn_ewc,none,3,Infiltration,all,n,414974.0
gnn_ewc,none,3,Infiltration,all,n_benign,336907.0
gnn_ewc,none,3,Infiltration,all,n_attack,78067.0
gnn_ewc,none,3,Infiltration,all,accuracy,0.8835927070129694
gnn_ewc,none,3,Infiltration,all,macro_f1,0.2863480611536581
gnn_ewc,none,3,Infiltration,all,fpr,0.00017215433339170752
gnn_ewc,none,3,Infiltration,all,detection_rate,0.6833617277466791
gnn_ewc,none,3,Infiltration,all,binary_f1,0.8115430544674572
gnn_ewc,none,4,Botnet,task0,n,138702.0
gnn_ewc,none,4,Botnet,task0,n_benign,137344.0
gnn_ewc,none,4,Botnet,task0,n_attack,1358.0
gnn_ewc,none,4,Botnet,task0,accuracy,0.9893873195772231
gnn_ewc,none,4,Botnet,task0,macro_f1,0.49733267616659177
gnn_ewc,none,4,Botnet,task0,fpr,0.0008300326188257223
gnn_ewc,none,4,Botnet,task0,detection_rate,0.0
gnn_ewc,none,4,Botnet,task0,binary_f1,0.0
gnn_ewc,none,4,Botnet,task0,category_recall,0.0
gnn_ewc,none,4,Botnet,task1,n,96639.0
gnn_ewc,none,4,Botnet,task1,n_benign,76782.0
gnn_ewc,none,4,Botnet,task1,n_attack,19857.0
gnn_ewc,none,4,Botnet,task1,accuracy,0.8397644843179255
gnn_ewc,none,4,Botnet,task1,macro_f1,0.6363715500561548
gnn_ewc,none,4,Botnet,task1,fpr,0.0006772420619416009
gnn_ewc,none,4,Botnet,task1,detection_rate,0.2227929697335952
gnn_ewc,none,4,Botnet,task1,binary_f1,0.3636214194714996
gnn_ewc,none,4,Botnet,task1,category_recall,0.2227929697335952
gnn_ewc,none,4,Botnet,task2,n,21631.0
gnn_ewc,none,4,Botnet,task2,n_benign,21610.0
gnn_ewc,none,4,Botnet,task2,n_attack,21.0
gnn_ewc,none,4,Botnet,task2,accuracy,0.9983819518283944
gnn_ewc,none,4,Botnet,task2,macro_f1,0.4995951604321373
gnn_ewc,none,4,Botnet,task2,fpr,0.0006478482184173993
gnn_ewc,none,4,Botnet,task2,detection_rate,0.0
gnn_ewc,none,4,Botnet,task2,binary_f1,0.0
gnn_ewc,none,4,Botnet,task2,category_recall,0.0
gnn_ewc,none,4,Botnet,task3,n,50445.0
gnn_ewc,none,4,Botnet,task3,n_benign,32949.0
gnn_ewc,none,4,Botnet,task3,n_attack,17496.0
gnn_ewc,none,4,Botnet,task3,accuracy,0.9992467043314501
gnn_ewc,none,4,Botnet,task3,macro_f1,0.9994258248133661
gnn_ewc,none,4,Botnet,task3,fpr,0.0008801481076815685
gnn_ewc,none,4,Botnet,task3,detection_rate,0.9994855967078189
gnn_ewc,none,4,Botnet,task3,binary_f1,0.9989146578316006
gnn_ewc,none,4,Botnet,task3,category_recall,0.9994855967078189
gnn_ewc,none,4,Botnet,task4,n,27642.0
gnn_ewc,none,4,Botnet,task4,n_benign,27385.0
gnn_ewc,none,4,Botnet,task4,n_attack,257.0
gnn_ewc,none,4,Botnet,task4,accuracy,0.9996382316764344
gnn_ewc,none,4,Botnet,task4,macro_f1,0.9903667077434356
gnn_ewc,none,4,Botnet,task4,fpr,0.0003651634106262553
gnn_ewc,none,4,Botnet,task4,detection_rate,1.0
gnn_ewc,none,4,Botnet,task4,binary_f1,0.9809160305343512
gnn_ewc,none,4,Botnet,task4,category_recall,1.0
gnn_ewc,none,4,Botnet,task5,n,51117.0
gnn_ewc,none,4,Botnet,task5,n_benign,31046.0
gnn_ewc,none,4,Botnet,task5,n_attack,20071.0
gnn_ewc,none,4,Botnet,task5,accuracy,0.6060606060606061
gnn_ewc,none,4,Botnet,task5,macro_f1,0.4991460703122482
gnn_ewc,none,4,Botnet,task5,fpr,0.0021258777298202667
gnn_ewc,none,4,Botnet,task5,detection_rate,0.9980070748841612
gnn_ewc,none,4,Botnet,task5,binary_f1,0.997361083449512
gnn_ewc,none,4,Botnet,task5,category_recall,0.0
gnn_ewc,none,4,Botnet,task6,n,28798.0
gnn_ewc,none,4,Botnet,task6,n_benign,9791.0
gnn_ewc,none,4,Botnet,task6,n_attack,19007.0
gnn_ewc,none,4,Botnet,task6,accuracy,0.33991943884992015
gnn_ewc,none,4,Botnet,task6,macro_f1,0.2537193509926909
gnn_ewc,none,4,Botnet,task6,fpr,0.0002042692268409764
gnn_ewc,none,4,Botnet,task6,detection_rate,0.0002630609775345925
gnn_ewc,none,4,Botnet,task6,binary_f1,0.0005259282633848743
gnn_ewc,none,4,Botnet,task6,category_recall,0.0
gnn_ewc,none,4,Botnet,seen,n,335059.0
gnn_ewc,none,4,Botnet,seen,n_benign,296070.0
gnn_ewc,none,4,Botnet,seen,n_attack,38989.0
gnn_ewc,none,4,Botnet,seen,accuracy,0.9491432852124552
gnn_ewc,none,4,Botnet,seen,macro_f1,0.5085999463011124
gnn_ewc,none,4,Botnet,seen,fpr,0.0007396899381902928
gnn_ewc,none,4,Botnet,seen,detection_rate,0.5685706224832645
gnn_ewc,none,4,Botnet,seen,binary_f1,0.7223670490093848
gnn_ewc,none,4,Botnet,all,n,414974.0
gnn_ewc,none,4,Botnet,all,n_benign,336907.0
gnn_ewc,none,4,Botnet,all,n_attack,78067.0
gnn_ewc,none,4,Botnet,all,accuracy,0.8646035655245871
gnn_ewc,none,4,Botnet,all,macro_f1,0.3254608961715213
gnn_ewc,none,4,Botnet,all,fpr,0.0008518671324727595
gnn_ewc,none,4,Botnet,all,detection_rate,0.5406125507576826
gnn_ewc,none,4,Botnet,all,binary_f1,0.700144328870751
gnn_ewc,none,5,PortScan,task0,n,138702.0
gnn_ewc,none,5,PortScan,task0,n_benign,137344.0
gnn_ewc,none,5,PortScan,task0,n_attack,1358.0
gnn_ewc,none,5,PortScan,task0,accuracy,0.9898631598679183
gnn_ewc,none,5,PortScan,task0,macro_f1,0.497452880093334
gnn_ewc,none,5,PortScan,task0,fpr,0.0003494874184529357
gnn_ewc,none,5,PortScan,task0,detection_rate,0.0
gnn_ewc,none,5,PortScan,task0,binary_f1,0.0
gnn_ewc,none,5,PortScan,task0,category_recall,0.0
gnn_ewc,none,5,PortScan,task1,n,96639.0
gnn_ewc,none,5,PortScan,task1,n_benign,76782.0
gnn_ewc,none,5,PortScan,task1,n_attack,19857.0
gnn_ewc,none,5,PortScan,task1,accuracy,0.8395782241124183
gnn_ewc,none,5,PortScan,task1,macro_f1,0.6345198982173554
gnn_ewc,none,5,PortScan,task1,fpr,0.00020838217290510797
gnn_ewc,none,5,PortScan,task1,detection_rate,0.22007352570881805
gnn_ewc,none,5,PortScan,task1,binary_f1,0.3605164377346038
gnn_ewc,none,5,PortScan,task1,category_recall,0.22007352570881805
gnn_ewc,none,5,PortScan,task2,n,21631.0
gnn_ewc,none,5,PortScan,task2,n_benign,21610.0
gnn_ewc,none,5,PortScan,task2,n_attack,21.0
gnn_ewc,none,5,PortScan,task2,accuracy,0.9990291710970367
gnn_ewc,none,5,PortScan,task2,macro_f1,0.4997571749034481
gnn_ewc,none,5,PortScan,task2,fpr,0.0
gnn_ewc,none,5,PortScan,task2,detection_rate,0.0
gnn_ewc,none,5,PortScan,task2,binary_f1,0.0
gnn_ewc,none,5,PortScan,task2,category_recall,0.0
gnn_ewc,none,5,PortScan,task3,n,50445.0
gnn_ewc,none,5,PortScan,task3,n_benign,32949.0
gnn_ewc,none,5,PortScan,task3,n_attack,17496.0
gnn_ewc,none,5,PortScan,task3,accuracy,0.6526117553771434
gnn_ewc,none,5,PortScan,task3,macro_f1,0.4996130089690862
gnn_ewc,none,5,PortScan,task3,fpr,0.0008497981729339282
gnn_ewc,none,5,PortScan,task3,detection_rate,0.9986854138088705
gnn_ewc,none,5,PortScan,task3,binary_f1,0.9985427322341915
gnn_ewc,none,5,PortScan,task3,category_recall,0.0
gnn_ewc,none,5,PortScan,task4,n,27642.0
gnn_ewc,none,5,PortScan,task4,n_benign,27385.0
gnn_ewc,none,5,PortScan,task4,n_attack,257.0
gnn_ewc,none,5,PortScan,task4,accuracy,0.9999276463352869
gnn_ewc,none,5,PortScan,task4,macro_f1,0.9980286174961659
gnn_ewc,none,5,PortScan,task4,fpr,0.0
gnn_ewc,none,5,PortScan,task4,detection_rate,0.9922178988326849
gnn_ewc,none,5,PortScan,task4,binary_f1,0.99609375
gnn_ewc,none,5,PortScan,task4,category_recall,0.9922178988326849
gnn_ewc,none,5,PortScan,task5,n,51117.0
gnn_ewc,none,5,PortScan,task5,n_benign,31046.0
gnn_ewc,none,5,PortScan,task5,n_attack,20071.0
gnn_ewc,none,5,PortScan,task5,accuracy,0.99949136295166
gnn_ewc,none,5,PortScan,task5,macro_f1,0.9994791343388413
gnn_ewc,none,5,PortScan,task5,fpr,6.44205372672808e-05
gnn_ewc,none,5,PortScan,task5,detection_rate,0.9988042449304967
gnn_ewc,none,5,PortScan,task5,binary_f1,0.9993519441674975
gnn_ewc,none,5,PortScan,task5,category_recall,0.9988042449304967
gnn_ewc,none,5,PortScan,task6,n,28798.0
gnn_ewc,none,5,PortScan,task6,n_benign,9791.0
gnn_ewc,none,5,PortScan,task6,n_attack,19007.0
gnn_ewc,none,5,PortScan,task6,accuracy,0.33995416348357527
gnn_ewc,none,5,PortScan,task6,macro_f1,0.2537058152793615
gnn_ewc,none,5,PortScan,task6,fpr,0.0001021346134204882
gnn_ewc,none,5,PortScan,task6,detection_rate,0.0
gnn_ewc,none,5,PortScan,task6,binary_f1,0.0
gnn_ewc,none,5,PortScan,task6,category_recall,0.0
gnn_ewc,none,5,PortScan,seen,n,386176.0
gnn_ewc,none,5,PortScan,seen,n_benign,327116.0
gnn_ewc,none,5,PortScan,seen,n_attack,59060.0
gnn_ewc,none,5,PortScan,seen,accuracy,0.9107091067285383
gnn_ewc,none,5,PortScan,seen,macro_f1,0.41644638964639763
gnn_ewc,none,5,PortScan,seen,fpr,0.0002873598356546302
gnn_ewc,none,5,PortScan,seen,detection_rate,0.7135963427023366
gnn_ewc,none,5,PortScan,seen,binary_f1,0.8320911361415216
gnn_ewc,none,5,PortScan,all,n,414974.0
gnn_ewc,none,5,PortScan,all,n_benign,336907.0
gnn_ewc,none,5,PortScan,all,n_attack,78067.0
gnn_ewc,none,5,PortScan,all,accuracy,0.871100358094724
gnn_ewc,none,5,PortScan,all,macro_f1,0.3612131938472099
gnn_ewc,none,5,PortScan,all,fpr,0.00028197692538296917
gnn_ewc,none,5,PortScan,all,detection_rate,0.5398567896806589
gnn_ewc,none,5,PortScan,all,binary_f1,0.7006242363287257
gnn_ewc,none,6,DDoS,task0,n,138702.0
gnn_ewc,none,6,DDoS,task0,n_benign,137344.0
gnn_ewc,none,6,DDoS,task0,n_attack,1358.0
gnn_ewc,none,6,DDoS,task0,accuracy,0.9900722412077692
gnn_ewc,none,6,DDoS,task0,macro_f1,0.4980614321102282
gnn_ewc,none,6,DDoS,task0,fpr,0.00013833876980428705
gnn_ewc,none,6,DDoS,task0,detection_rate,0.2268041237113402
gnn_ewc,none,6,DDoS,task0,binary_f1,0.3655786350148368
gnn_ewc,none,6,DDoS,task0,category_recall,0.0
gnn_ewc,none,6,DDoS,task1,n,96639.0
gnn_ewc,none,6,DDoS,task1,n_benign,76782.0
gnn_ewc,none,6,DDoS,task1,n_attack,19857.0
gnn_ewc,none,6,DDoS,task1,accuracy,0.7932201285195418
gnn_ewc,none,6,DDoS,task1,macro_f1,0.4752121704306641
gnn_ewc,none,6,DDoS,task1,fpr,0.0016410096116277252
gnn_ewc,none,6,DDoS,task1,detection_rate,0.603615853351463
gnn_ewc,none,6,DDoS,task1,binary_f1,0.7498514185617317
gnn_ewc,none,6,DDoS,task1,category_recall,0.0
gnn_ewc,none,6,DDoS,task2,n,21631.0
gnn_ewc,none,6,DDoS,task2,n_benign,21610.0
gnn_ewc,none,6,DDoS,task2,n_attack,21.0
gnn_ewc,none,6,DDoS,task2,accuracy,0.998566871619435
gnn_ewc,none,6,DDoS,task2,macro_f1,0.4996414609886424
gnn_ewc,none,6,DDoS,task2,fpr,0.00046274872744099955
gnn_ewc,none,6,DDoS,task2,detection_rate,0.0
gnn_ewc,none,6,DDoS,task2,binary_f1,0.0
gnn_ewc,none,6,DDoS,task2,category_recall,0.0
gnn_ewc,none,6,DDoS,task3,n,50445.0
gnn_ewc,none,6,DDoS,task3,n_benign,32949.0
gnn_ewc,none,6,DDoS,task3,n_attack,17496.0
gnn_ewc,none,6,DDoS,task3,accuracy,0.6528298146496184
gnn_ewc,none,6,DDoS,task3,macro_f1,0.49964345860326803
gnn_ewc,none,6,DDoS,task3,fpr,0.000515948890709885
gnn_ewc,none,6,DDoS,task3,detection_rate,0.9982853223593965
gnn_ewc,none,6,DDoS,task3,binary_f1,0.9986563366591383
gnn_ewc,none,6,DDoS,task3,category_recall,0.0
gnn_ewc,none,6,DDoS,task4,n,27642.0
gnn_ewc,none,6,DDoS,task4,n_benign,27385.0
gnn_ewc,none,6,DDoS,task4,n_attack,257.0
gnn_ewc,none,6,DDoS,task4,accuracy,0.99106432240793
gnn_ewc,none,6,DDoS,task4,macro_f1,0.5352084228102734
gnn_ewc,none,6,DDoS,task4,fpr,0.0
gnn_ewc,none,6,DDoS,task4,detection_rate,0.038910505836575876
gnn_ewc,none,6,DDoS,task4,binary_f1,0.0749063670411985
gnn_ewc,none,6,DDoS,task4,category_recall,0.038910505836575876
gnn_ewc,none,6,DDoS,task5,n,51117.0
gnn_ewc,none,6,DDoS,task5,n_benign,31046.0
gnn_ewc,none,6,DDoS,task5,n_attack,20071.0
gnn_ewc,none,6,DDoS,task5,accuracy,0.9995109259150576
gnn_ewc,none,6,DDoS,task5,macro_f1,0.9994871872937248
gnn_ewc,none,6,DDoS,task5,fpr,3.22102686336404e-05
gnn_ewc,none,6,DDoS,task5,detection_rate,0.9988042449304967
gnn_ewc,none,6,DDoS,task5,binary_f1,0.9993768538597672
gnn_ewc,none,6,DDoS,task5,category_recall,0.9988042449304967
gnn_ewc,none,6,DDoS,task6,n,28798.0
gnn_ewc,none,6,DDoS,task6,n_benign,9791.0
gnn_ewc,none,6,DDoS,task6,n_attack,19007.0
gnn_ewc,none,6,DDoS,task6,accuracy,0.9996180290297937
gnn_ewc,none,6,DDoS,task6,macro_f1,0.9995743302651876
gnn_ewc,none,6,DDoS,task6,fpr,0.0011234807476253703
gnn_ewc,none,6,DDoS,task6,detection_rate,1.0
gnn_ewc,none,6,DDoS,task6,binary_f1,0.9997107166337935
gnn_ewc,none,6,DDoS,task6,category_recall,1.0
gnn_ewc,none,6,DDoS,seen,n,414974.0
gnn_ewc,none,6,DDoS,seen,n_benign,336907.0
gnn_ewc,none,6,DDoS,seen,n_attack,78067.0
gnn_ewc,none,6,DDoS,seen,accuracy,0.9055675777277613
gnn_ewc,none,6,DDoS,seen,macro_f1,0.31375331139666485
gnn_ewc,none,6,DDoS,seen,fpr,0.0005461447817943824
gnn_ewc,none,6,DDoS,seen,detection_rate,0.8816017011028988
gnn_ewc,none,6,DDoS,seen,binary_f1,0.9359034506204318
gnn_ewc,none,6,DDoS,all,n,414974.0
gnn_ewc,none,6,DDoS,all,n_benign,336907.0
gnn_ewc,none,6,DDoS,all,n_attack,78067.0
gnn_ewc,none,6,DDoS,all,accuracy,0.9055675777277613
gnn_ewc,none,6,DDoS,all,macro_f1,0.31375331139666485
gnn_ewc,none,6,DDoS,all,fpr,0.0005461447817943824
gnn_ewc,none,6,DDoS,all,detection_rate,0.8816017011028988
gnn_ewc,none,6,DDoS,all,binary_f1,0.9359034506204318
gnn_replay,none,0,BruteForce,task0,n,138702.0
gnn_replay,none,0,BruteForce,task0,n_benign,137344.0
gnn_replay,none,0,BruteForce,task0,n_attack,1358.0
gnn_replay,none,0,BruteForce,task0,accuracy,0.9998125477642716
gnn_replay,none,0,BruteForce,task0,macro_f1,0.9952081438959475
gnn_replay,none,0,BruteForce,task0,fpr,0.000182024697110904
gnn_replay,none,0,BruteForce,task0,detection_rate,0.9992636229749632
gnn_replay,none,0,BruteForce,task0,binary_f1,0.9905109489051095
gnn_replay,none,0,BruteForce,task0,category_recall,0.9992636229749632
gnn_replay,none,0,BruteForce,task1,n,96639.0
gnn_replay,none,0,BruteForce,task1,n_benign,76782.0
gnn_replay,none,0,BruteForce,task1,n_attack,19857.0
gnn_replay,none,0,BruteForce,task1,accuracy,0.7945239499580915
gnn_replay,none,0,BruteForce,task1,macro_f1,0.44274914802705556
gnn_replay,none,0,BruteForce,task1,fpr,0.0
gnn_replay,none,0,BruteForce,task1,detection_rate,0.0
gnn_replay,none,0,BruteForce,task1,binary_f1,0.0
gnn_replay,none,0,BruteForce,task1,category_recall,0.0
gnn_replay,none,0,BruteForce,task2,n,21631.0
gnn_replay,none,0,BruteForce,task2,n_benign,21610.0
gnn_replay,none,0,BruteForce,task2,n_attack,21.0
gnn_replay,none,0,BruteForce,task2,accuracy,0.9990291710970367
gnn_replay,none,0,BruteForce,task2,macro_f1,0.4997571749034481
gnn_replay,none,0,BruteForce,task2,fpr,0.0
gnn_replay,none,0,BruteForce,task2,detection_rate,0.0
gnn_replay,none,0,BruteForce,task2,binary_f1,0.0
gnn_replay,none,0,BruteForce,task2,category_recall,0.0
gnn_replay,none,0,BruteForce,task3,n,50445.0
gnn_replay,none,0,BruteForce,task3,n_benign,32949.0
gnn_replay,none,0,BruteForce,task3,n_attack,17496.0
gnn_replay,none,0,BruteForce,task3,accuracy,0.6531668153434433
gnn_replay,none,0,BruteForce,task3,macro_f1,0.39510036693287287
gnn_replay,none,0,BruteForce,task3,fpr,0.0
gnn_replay,none,0,BruteForce,task3,detection_rate,0.0
gnn_replay,none,0,BruteForce,task3,binary_f1,0.0
gnn_replay,none,0,BruteForce,task3,category_recall,0.0
gnn_replay,none,0,BruteForce,task4,n,27642.0
gnn_replay,none,0,BruteForce,task4,n_benign,27385.0
gnn_replay,none,0,BruteForce,task4,n_attack,257.0
gnn_replay,none,0,BruteForce,task4,accuracy,0.9907025540843644
gnn_replay,none,0,BruteForce,task4,macro_f1,0.49766478274301706
gnn_replay,none,0,BruteForce,task4,fpr,0.0
gnn_replay,none,0,BruteForce,task4,detection_rate,0.0
gnn_replay,none,0,BruteForce,task4,binary_f1,0.0
gnn_replay,none,0,BruteForce,task4,category_recall,0.0
gnn_replay,none,0,BruteForce,task5,n,51117.0
gnn_replay,none,0,BruteForce,task5,n_benign,31046.0
gnn_replay,none,0,BruteForce,task5,n_attack,20071.0
gnn_replay,none,0,BruteForce,task5,accuracy,0.6073321986814563
gnn_replay,none,0,BruteForce,task5,macro_f1,0.3778510747060685
gnn_replay,none,0,BruteForce,task5,fpr,3.22102686336404e-05
gnn_replay,none,0,BruteForce,task5,detection_rate,0.0
gnn_replay,none,0,BruteForce,task5,binary_f1,0.0
gnn_replay,none,0,BruteForce,task5,category_recall,0.0
gnn_replay,none,0,BruteForce,task6,n,28798.0
gnn_replay,none,0,BruteForce,task6,n_benign,9791.0
gnn_replay,none,0,BruteForce,task6,n_attack,19007.0
gnn_replay,none,0,BruteForce,task6,accuracy,0.33995416348357527
gnn_replay,none,0,BruteForce,task6,macro_f1,0.2537058152793615
gnn_replay,none,0,BruteForce,task6,fpr,0.0001021346134204882
gnn_replay,none,0,BruteForce,task6,detection_rate,0.0
gnn_replay,none,0,BruteForce,task6,binary_f1,0.0
gnn_replay,none,0,BruteForce,task6,category_recall,0.0
gnn_replay,none,0,BruteForce,seen,n,138702.0
gnn_replay,none,0,BruteForce,seen,n_benign,137344.0
gnn_replay,none,0,BruteForce,seen,n_attack,1358.0
gnn_replay,none,0,BruteForce,seen,accuracy,0.9998125477642716
gnn_replay,none,0,BruteForce,seen,macro_f1,0.9952081438959475
gnn_replay,none,0,BruteForce,seen,fpr,0.000182024697110904
gnn_replay,none,0,BruteForce,seen,detection_rate,0.9992636229749632
gnn_replay,none,0,BruteForce,seen,binary_f1,0.9905109489051095
gnn_replay,none,0,BruteForce,all,n,414974.0
gnn_replay,none,0,BruteForce,all,n_benign,336907.0
gnn_replay,none,0,BruteForce,all,n_attack,78067.0
gnn_replay,none,0,BruteForce,all,accuracy,0.815079980914467
gnn_replay,none,0,BruteForce,all,macro_f1,0.23594252900849647
gnn_replay,none,0,BruteForce,all,fpr,8.014081037200176e-05
gnn_replay,none,0,BruteForce,all,detection_rate,0.017382504771542392
gnn_replay,none,0,BruteForce,all,binary_f1,0.034159419012976554
gnn_replay,none,1,DoS,task0,n,138702.0
gnn_replay,none,1,DoS,task0,n_benign,137344.0
gnn_replay,none,1,DoS,task0,n_attack,1358.0
gnn_replay,none,1,DoS,task0,accuracy,0.9997764992574008
gnn_replay,none,1,DoS,task0,macro_f1,0.9955500071851712
gnn_replay,none,1,DoS,task0,fpr,0.00015290074557315937
gnn_replay,none,1,DoS,task0,detection_rate,1.0
gnn_replay,none,1,DoS,task0,binary_f1,0.9923273657289002
gnn_replay,none,1,DoS,task0,category_recall,0.9926362297496318
gnn_replay,none,1,DoS,task1,n,96639.0
gnn_replay,none,1,DoS,task1,n_benign,76782.0
gnn_replay,none,1,DoS,task1,n_attack,19857.0
gnn_replay,none,1,DoS,task1,accuracy,0.9971233146038349
gnn_replay,none,1,DoS,task1,macro_f1,0.9956902657064826
gnn_replay,none,1,DoS,task1,fpr,0.0034773775103539893
gnn_replay,none,1,DoS,task1,detection_rate,0.999446039180138
gnn_replay,none,1,DoS,task1,binary_f1,0.9930447835876908
gnn_replay,none,1,DoS,task1,category_recall,0.999446039180138
gnn_replay,none,1,DoS,task2,n,21631.0
gnn_replay,none,1,DoS,task2,n_benign,21610.0
gnn_replay,none,1,DoS,task2,n_attack,21.0
gnn_replay,none,1,DoS,task2,accuracy,0.9858074060376312
gnn_replay,none,1,DoS,task2,macro_f1,0.49666930637723017
gnn_replay,none,1,DoS,task2,fpr,0.013234613604812586
gnn_replay,none,1,DoS,task2,detection_rate,1.0
gnn_replay,none,1,DoS,task2,binary_f1,0.12804878048780488
gnn_replay,none,1,DoS,task2,category_recall,0.0
gnn_replay,none,1,DoS,task3,n,50445.0
gnn_replay,none,1,DoS,task3,n_benign,32949.0
gnn_replay,none,1,DoS,task3,n_attack,17496.0
gnn_replay,none,1,DoS,task3,accuracy,0.6530478739220934
gnn_replay,none,1,DoS,task3,macro_f1,0.3950615803422596
gnn_replay,none,1,DoS,task3,fpr,0.00018209960848584176
gnn_replay,none,1,DoS,task3,detection_rate,5.7155921353452216e-05
gnn_replay,none,1,DoS,task3,binary_f1,0.00011426612580700451
gnn_replay,none,1,DoS,task3,category_recall,0.0
gnn_replay,none,1,DoS,task4,n,27642.0
gnn_replay,none,1,DoS,task4,n_benign,27385.0
gnn_replay,none,1,DoS,task4,n_attack,257.0
gnn_replay,none,1,DoS,task4,accuracy,0.990485493090225
gnn_replay,none,1,DoS,task4,macro_f1,0.4976100034532269
gnn_replay,none,1,DoS,task4,fpr,0.00021909804637575315
gnn_replay,none,1,DoS,task4,detection_rate,0.0
gnn_replay,none,1,DoS,task4,binary_f1,0.0
gnn_replay,none,1,DoS,task4,category_recall,0.0
gnn_replay,none,1,DoS,task5,n,51117.0
gnn_replay,none,1,DoS,task5,n_benign,31046.0
gnn_replay,none,1,DoS,task5,n_attack,20071.0
gnn_replay,none,1,DoS,task5,accuracy,0.6073321986814563
gnn_replay,none,1,DoS,task5,macro_f1,0.3779752845924393
gnn_replay,none,1,DoS,task5,fpr,3.22102686336404e-05
gnn_replay,none,1,DoS,task5,detection_rate,0.0013452244531911713
gnn_replay,none,1,DoS,task5,binary_f1,0.002686700830887109
gnn_replay,none,1,DoS,task5,category_recall,0.0
gnn_replay,none,1,DoS,task6,n,28798.0
gnn_replay,none,1,DoS,task6,n_benign,9791.0
gnn_replay,none,1,DoS,task6,n_attack,19007.0
gnn_replay,none,1,DoS,task6,accuracy,0.33991943884992015
gnn_replay,none,1,DoS,task6,macro_f1,0.49994892747701736
gnn_replay,none,1,DoS,task6,fpr,0.0002042692268409764
gnn_replay,none,1,DoS,task6,detection_rate,1.0
gnn_replay,none,1,DoS,task6,binary_f1,0.9999473905723906
gnn_replay,none,1,DoS,task6,category_recall,0.0
gnn_replay,none,1,DoS,seen,n,235341.0
gnn_replay,none,1,DoS,seen,n_benign,214126.0
gnn_replay,none,1,DoS,seen,n_attack,21215.0
gnn_replay,none,1,DoS,seen,accuracy,0.9986870116129362
gnn_replay,none,1,DoS,seen,macro_f1,0.9936892639416289
gnn_replay,none,1,DoS,seen,fpr,0.0013450024751781662
gnn_replay,none,1,DoS,seen,detection_rate,0.9994814989394296
gnn_replay,none,1,DoS,seen,binary_f1,0.9929988058163767
gnn_replay,none,1,DoS,all,n,414974.0
gnn_replay,none,1,DoS,all,n_benign,336907.0
gnn_replay,none,1,DoS,all,n_attack,78067.0
gnn_replay,none,1,DoS,all,accuracy,0.8615286740856054
gnn_replay,none,1,DoS,all,macro_f1,0.32505077046980874
gnn_replay,none,1,DoS,all,fpr,0.001748256937374409
gnn_replay,none,1,DoS,all,detection_rate,0.5157108637452444
gnn_replay,none,1,DoS,all,binary_f1,0.6771166201352214
gnn_replay,none,2,WebAttack,task0,n,138702.0
gnn_replay,none,2,WebAttack,task0,n_benign,137344.0
gnn_replay,none,2,WebAttack,task0,n_attack,1358.0
gnn_replay,none,2,WebAttack,task0,accuracy,0.9998125477642716
gnn_replay,none,2,WebAttack,task0,macro_f1,0.9959231159988898
gnn_replay,none,2,WebAttack,task0,fpr,0.00012377679403541473
gnn_replay,none,2,WebAttack,task0,detection_rate,0.9992636229749632
gnn_replay,none,2,WebAttack,task0,binary_f1,0.9934114202049781
gnn_replay,none,2,WebAttack,task0,category_recall,0.9933726067746687
gnn_replay,none,2,WebAttack,task1,n,96639.0
gnn_replay,none,2,WebAttack,task1,n_benign,76782.0
gnn_replay,none,2,WebAttack,task1,n_attack,19857.0
gnn_replay,none,2,WebAttack,task1,accuracy,0.999865478740467
gnn_replay,none,2,WebAttack,task1,macro_f1,0.9998191462770323
gnn_replay,none,2,WebAttack,task1,fpr,2.6047771613138496e-05
gnn_replay,none,2,WebAttack,task1,detection_rate,0.999446039180138
gnn_replay,none,2,WebAttack,task1,binary_f1,0.9996725853167108
gnn_replay,none,2,WebAttack,task1,category_recall,0.999446039180138
gnn_replay,none,2,WebAttack,task2,n,21631.0
gnn_replay,none,2,WebAttack,task2,n_benign,21610.0
gnn_replay,none,2,WebAttack,task2,n_attack,21.0
gnn_replay,none,2,WebAttack,task2,accuracy,0.9993065507835976
gnn_replay,none,2,WebAttack,task2,macro_f1,0.7578910295106334
gnn_replay,none,2,WebAttack,task2,fpr,9.254974548819991e-05
gnn_replay,none,2,WebAttack,task2,detection_rate,0.38095238095238093
gnn_replay,none,2,WebAttack,task2,binary_f1,0.5161290322580645
gnn_replay,none,2,WebAttack,task2,category_recall,0.38095238095238093
gnn_replay,none,2,WebAttack,task3,n,50445.0
gnn_replay,none,2,WebAttack,task3,n_benign,32949.0
gnn_replay,none,2,WebAttack,task3,n_attack,17496.0
gnn_replay,none,2,WebAttack,task3,accuracy,0.6531668153434433
gnn_replay,none,2,WebAttack,task3,macro_f1,0.3951382726117094
gnn_replay,none,2,WebAttack,task3,fpr,0.0
gnn_replay,none,2,WebAttack,task3,detection_rate,0.0004572473708276177
gnn_replay,none,2,WebAttack,task3,binary_f1,0.0009140767824497258
gnn_replay,none,2,WebAttack,task3,category_recall,0.0
gnn_replay,none,2,WebAttack,task4,n,27642.0
gnn_replay,none,2,WebAttack,task4,n_benign,27385.0
gnn_replay,none,2,WebAttack,task4,n_attack,257.0
gnn_replay,none,2,WebAttack,task4,accuracy,0.9907025540843644
gnn_replay,none,2,WebAttack,task4,macro_f1,0.49766478274301706
gnn_replay,none,2,WebAttack,task4,fpr,0.0
gnn_replay,none,2,WebAttack,task4,detection_rate,0.0
gnn_replay,none,2,WebAttack,task4,binary_f1,0.0
gnn_replay,none,2,WebAttack,task4,category_recall,0.0
gnn_replay,none,2,WebAttack,task5,n,51117.0
gnn_replay,none,2,WebAttack,task5,n_benign,31046.0
gnn_replay,none,2,WebAttack,task5,n_attack,20071.0
gnn_replay,none,2,WebAttack,task5,accuracy,0.6073517616448539
gnn_replay,none,2,WebAttack,task5,macro_f1,0.37785864683616716
gnn_replay,none,2,WebAttack,task5,fpr,0.0
gnn_replay,none,2,WebAttack,task5,detection_rate,0.0
gnn_replay,none,2,WebAttack,task5,binary_f1,0.0
gnn_replay,none,2,WebAttack,task5,category_recall,0.0
gnn_replay,none,2,WebAttack,task6,n,28798.0
gnn_replay,none,2,WebAttack,task6,n_benign,9791.0
gnn_replay,none,2,WebAttack,task6,n_attack,19007.0
gnn_replay,none,2,WebAttack,task6,accuracy,0.3395374678797139
gnn_replay,none,2,WebAttack,task6,macro_f1,0.4996678419949921
gnn_replay,none,2,WebAttack,task6,fpr,0.0013277499744663466
gnn_replay,none,2,WebAttack,task6,detection_rate,1.0
gnn_replay,none,2,WebAttack,task6,binary_f1,0.999658137639046
gnn_replay,none,2,WebAttack,task6,category_recall,0.0
gnn_replay,none,2,WebAttack,seen,n,256972.0
gnn_replay,none,2,WebAttack,seen,n_benign,235736.0
gnn_replay,none,2,WebAttack,seen,n_attack,21236.0
gnn_replay,none,2,WebAttack,seen,accuracy,0.9997898603738928
gnn_replay,none,2,WebAttack,seen,macro_f1,0.8690208893344523
gnn_replay,none,2,WebAttack,seen,fpr,8.908270268435878e-05
gnn_replay,none,2,WebAttack,seen,detection_rate,0.9988227538142777
gnn_replay,none,2,WebAttack,seen,binary_f1,0.9989168314966563
gnn_replay,none,2,WebAttack,all,n,414974.0
gnn_replay,none,2,WebAttack,all,n_benign,336907.0
gnn_replay,none,2,WebAttack,all,n_attack,78067.0
gnn_replay,none,2,WebAttack,all,accuracy,0.8628877953799515
gnn_replay,none,2,WebAttack,all,macro_f1,0.36386439518971464
gnn_replay,none,2,WebAttack,all,fpr,0.0001009180575054837
gnn_replay,none,2,WebAttack,all,detection_rate,0.5152753404127224
gnn_replay,none,2,WebAttack,all,binary_f1,0.6799124460182376
gnn_replay,none,3,Infiltration,task0,n,138702.0
gnn_replay,none,3,Infiltration,task0,n_benign,137344.0
gnn_replay,none,3,Infiltration,task0,n_attack,1358.0
gnn_replay,none,3,Infiltration,task0,accuracy,0.9997909186601491
gnn_replay,none,3,Infiltration,task0,macro_f1,0.9962799180117303
gnn_replay,none,3,Infiltration,task0,fpr,0.00012377679403541473
gnn_replay,none,3,Infiltration,task0,detection_rate,0.9992636229749632
gnn_replay,none,3,Infiltration,task0,binary_f1,0.9934114202049781
gnn_replay,none,3,Infiltration,task0,category_recall,0.9911634756995582
gnn_replay,none,3,Infiltration,task1,n,96639.0
gnn_replay,none,3,Infiltration,task1,n_benign,76782.0
gnn_replay,none,3,Infiltration,task1,n_attack,19857.0
gnn_replay,none,3,Infiltration,task1,accuracy,0.9989859166589058
gnn_replay,none,3,Infiltration,task1,macro_f1,0.9984695394992686
gnn_replay,none,3,Infiltration,task1,fpr,2.6047771613138496e-05
gnn_replay,none,3,Infiltration,task1,detection_rate,0.9951654328448406
gnn_replay,none,3,Infiltration,task1,binary_f1,0.9975265017667845
gnn_replay,none,3,Infiltration,task1,category_recall,0.9951654328448406
gnn_replay,none,3,Infiltration,task2,n,21631.0
gnn_replay,none,3,Infiltration,task2,n_benign,21610.0
gnn_replay,none,3,Infiltration,task2,n_attack,21.0
gnn_replay,none,3,Infiltration,task2,accuracy,0.999399010679118
gnn_replay,none,3,Infiltration,task2,macro_f1,0.7757117208518078
gnn_replay,none,3,Infiltration,task2,fpr,0.0
gnn_replay,none,3,Infiltration,task2,detection_rate,0.38095238095238093
gnn_replay,none,3,Infiltration,task2,binary_f1,0.5517241379310345
gnn_replay,none,3,Infiltration,task2,category_recall,0.38095238095238093
gnn_replay,none,3,Infiltration,task3,n,50445.0
gnn_replay,none,3,Infiltration,task3,n_benign,32949.0
gnn_replay,none,3,Infiltration,task3,n_attack,17496.0
gnn_replay,none,3,Infiltration,task3,accuracy,0.99956388145505
gnn_replay,none,3,Infiltration,task3,macro_f1,0.9995186145058961
gnn_replay,none,3,Infiltration,task3,fpr,9.104980424292088e-05
gnn_replay,none,3,Infiltration,task3,detection_rate,0.9989140374942844
gnn_replay,none,3,Infiltration,task3,binary_f1,0.9993709972552608
gnn_replay,none,3,Infiltration,task3,category_recall,0.9989140374942844
gnn_replay,none,3,Infiltration,task4,n,27642.0
gnn_replay,none,3,Infiltration,task4,n_benign,27385.0
gnn_replay,none,3,Infiltration,task4,n_attack,257.0
gnn_replay,none,3,Infiltration,task4,accuracy,0.9907025540843644
gnn_replay,none,3,Infiltration,task4,macro_f1,0.49766478274301706
gnn_replay,none,3,Infiltration,task4,fpr,0.0
gnn_replay,none,3,Infiltration,task4,detection_rate,0.0
gnn_replay,none,3,Infiltration,task4,binary_f1,0.0
gnn_replay,none,3,Infiltration,task4,category_recall,0.0
gnn_replay,none,3,Infiltration,task5,n,51117.0
gnn_replay,none,3,Infiltration,task5,n_benign,31046.0
gnn_replay,none,3,Infiltration,task5,n_attack,20071.0
gnn_replay,none,3,Infiltration,task5,accuracy,0.6071365690474793
gnn_replay,none,3,Infiltration,task5,macro_f1,0.49970212697441513
gnn_replay,none,3,Infiltration,task5,fpr,0.00035431295497004447
gnn_replay,none,3,Infiltration,task5,detection_rate,0.9987045986747048
gnn_replay,none,3,Infiltration,task5,binary_f1,0.9990779275799337
gnn_replay,none,3,Infiltration,task5,category_recall,0.0
gnn_replay,none,3,Infiltration,task6,n,28798.0
gnn_replay,none,3,Infiltration,task6,n_benign,9791.0
gnn_replay,none,3,Infiltration,task6,n_attack,19007.0
gnn_replay,none,3,Infiltration,task6,accuracy,0.3395374678797139
gnn_replay,none,3,Infiltration,task6,macro_f1,0.4885091926458833
gnn_replay,none,3,Infiltration,task6,fpr,0.0013277499744663466
gnn_replay,none,3,Infiltration,task6,detection_rate,0.9764823486084074
gnn_replay,none,3,Infiltration,task6,binary_f1,0.9877594465141033
gnn_replay,none,3,Infiltration,task6,category_recall,0.0
gnn_replay,none,3,Infiltration,seen,n,307417.0
gnn_replay,none,3,Infiltration,seen,n_benign,268685.0
gnn_replay,none,3,Infiltration,seen,n_attack,38732.0
gnn_replay,none,3,Infiltration,seen,accuracy,0.9994730284922434
gnn_replay,none,3,Infiltration,seen,macro_f1,0.9079563183624602
gnn_replay,none,3,Infiltration,seen,fpr,8.18802687161546e-05
gnn_replay,none,3,Infiltration,seen,detection_rate,0.996669420634101
gnn_replay,none,3,Infiltration,seen,binary_f1,0.9980480111689957
gnn_replay,none,3,Infiltration,all,n,414974.0
gnn_replay,none,3,Infiltration,all,n_benign,336907.0
gnn_replay,none,3,Infiltration,all,n_attack,78067.0
gnn_replay,none,3,Infiltration,all,accuracy,0.9047627080250811
gnn_replay,none,3,Infiltration,all,macro_f1,0.4820474702478949
gnn_replay,none,3,Infiltration,all,fpr,0.0001365361954485956
gnn_replay,none,3,Infiltration,all,detection_rate,0.9889966310989279
gnn_replay,none,3,Infiltration,all,binary_f1,0.9941733571120454
gnn_replay,none,4,Botnet,task0,n,138702.0
gnn_replay,none,4,Botnet,task0,n_benign,137344.0
gnn_replay,none,4,Botnet,task0,n_attack,1358.0
gnn_replay,none,4,Botnet,task0,accuracy,0.9997548701532782
gnn_replay,none,4,Botnet,task0,macro_f1,0.9962680945232718
gnn_replay,none,4,Botnet,task0,fpr,0.00015290074557315937
gnn_replay,none,4,Botnet,task0,detection_rate,0.9985272459499264
gnn_replay,none,4,Botnet,task0,binary_f1,0.9915904936014626
gnn_replay,none,4,Botnet,task0,category_recall,0.9904270986745214
gnn_replay,none,4,Botnet,task1,n,96639.0
gnn_replay,none,4,Botnet,task1,n_benign,76782.0
gnn_replay,none,4,Botnet,task1,n_attack,19857.0
gnn_replay,none,4,Botnet,task1,accuracy,0.9429733337472449
gnn_replay,none,4,Botnet,task1,macro_f1,0.902417476589135
gnn_replay,none,4,Botnet,task1,fpr,0.00027350160193795423
gnn_replay,none,4,Botnet,task1,detection_rate,0.7235231908143224
gnn_replay,none,4,Botnet,task1,binary_f1,0.839071397284275
gnn_replay,none,4,Botnet,task1,category_recall,0.7235231908143224
gnn_replay,none,4,Botnet,task2,n,21631.0
gnn_replay,none,4,Botnet,task2,n_benign,21610.0
gnn_replay,none,4,Botnet,task2,n_attack,21.0
gnn_replay,none,4,Botnet,task2,accuracy,0.999399010679118
gnn_replay,none,4,Botnet,task2,macro_f1,0.7757117208518078
gnn_replay,none,4,Botnet,task2,fpr,0.0
gnn_replay,none,4,Botnet,task2,detection_rate,0.38095238095238093
gnn_replay,none,4,Botnet,task2,binary_f1,0.5517241379310345
gnn_replay,none,4,Botnet,task2,category_recall,0.38095238095238093
gnn_replay,none,4,Botnet,task3,n,50445.0
gnn_replay,none,4,Botnet,task3,n_benign,32949.0
gnn_replay,none,4,Botnet,task3,n_attack,17496.0
gnn_replay,none,4,Botnet,task3,accuracy,0.9994251164634751
gnn_replay,none,4,Botnet,task3,macro_f1,0.9993940076559185
gnn_replay,none,4,Botnet,task3,fpr,0.00018209960848584176
gnn_replay,none,4,Botnet,task3,detection_rate,0.9986854138088705
gnn_replay,none,4,Botnet,task3,binary_f1,0.9991708363116512
gnn_replay,none,4,Botnet,task3,category_recall,0.9986854138088705
gnn_replay,none,4,Botnet,task4,n,27642.0
gnn_replay,none,4,Botnet,task4,n_benign,27385.0
gnn_replay,none,4,Botnet,task4,n_attack,257.0
gnn_replay,none,4,Botnet,task4,accuracy,1.0
gnn_replay,none,4,Botnet,task4,macro_f1,1.0
gnn_replay,none,4,Botnet,task4,fpr,0.0
gnn_replay,none,4,Botnet,task4,detection_rate,1.0
gnn_replay,none,4,Botnet,task4,binary_f1,1.0
gnn_replay,none,4,Botnet,task4,category_recall,1.0
gnn_replay,none,4,Botnet,task5,n,51117.0
gnn_replay,none,4,Botnet,task5,n_benign,31046.0
gnn_replay,none,4,Botnet,task5,n_attack,20071.0
gnn_replay,none,4,Botnet,task5,accuracy,0.6070974431206839
gnn_replay,none,4,Botnet,task5,macro_f1,0.49906725418931525
gnn_replay,none,4,Botnet,task5,fpr,0.00041873349223732525
gnn_replay,none,4,Botnet,task5,detection_rate,0.9948682178267152
gnn_replay,none,4,Botnet,task5,binary_f1,0.997103765105363
gnn_replay,none,4,Botnet,task5,category_recall,0.0
gnn_replay,none,4,Botnet,task6,n,28798.0
gnn_replay,none,4,Botnet,task6,n_benign,9791.0
gnn_replay,none,4,Botnet,task6,n_attack,19007.0
gnn_replay,none,4,Botnet,task6,accuracy,0.3399888881172304
gnn_replay,none,4,Botnet,task6,macro_f1,0.49422038261571855
gnn_replay,none,4,Botnet,task6,fpr,0.0
gnn_replay,none,4,Botnet,task6,detection_rate,0.9879518072289156
gnn_replay,none,4,Botnet,task6,binary_f1,0.9939393939393939
gnn_replay,none,4,Botnet,task6,category_recall,0.0
gnn_replay,none,4,Botnet,seen,n,335059.0
gnn_replay,none,4,Botnet,seen,n_benign,296070.0
gnn_replay,none,4,Botnet,seen,n_attack,38989.0
gnn_replay,none,4,Botnet,seen,accuracy,0.9833253247935438
gnn_replay,none,4,Botnet,seen,macro_f1,0.8888717899901369
gnn_replay,none,4,Botnet,seen,fpr,0.00016212382206910527
gnn_replay,none,4,Botnet,seen,detection_rate,0.8582164200159019
gnn_replay,none,4,Botnet,seen,binary_f1,0.9230875334491986
gnn_replay,none,4,Botnet,all,n,414974.0
gnn_replay,none,4,Botnet,all,n_benign,336907.0
gnn_replay,none,4,Botnet,all,n_attack,78067.0
gnn_replay,none,4,Botnet,all,accuracy,0.8923354234241181
gnn_replay,none,4,Botnet,all,macro_f1,0.5815622653834195
gnn_replay,none,4,Botnet,all,fpr,0.00018105886787748548
gnn_replay,none,4,Botnet,all,detection_rate,0.9249362726888442
gnn_replay,none,4,Botnet,all,binary_f1,0.9606146273322912
gnn_replay,none,5,PortScan,task0,n,138702.0
gnn_replay,none,5,PortScan,task0,n_benign,137344.0
gnn_replay,none,5,PortScan,task0,n_attack,1358.0
gnn_replay,none,5,PortScan,task0,accuracy,0.9997909186601491
gnn_replay,none,5,PortScan,task0,macro_f1,0.9986626633597074
gnn_replay,none,5,PortScan,task0,fpr,0.00018930568499534017
gnn_replay,none,5,PortScan,task0,detection_rate,0.9992636229749632
gnn_replay,none,5,PortScan,task0,binary_f1,0.990149580445093
gnn_replay,none,5,PortScan,task0,category_recall,0.9977908689248896
gnn_replay,none,5,PortScan,task1,n,96639.0
gnn_replay,none,5,PortScan,task1,n_benign,76782.0
gnn_replay,none,5,PortScan,task1,n_attack,19857.0
gnn_replay,none,5,PortScan,task1,accuracy,0.9189043760800505
gnn_replay,none,5,PortScan,task1,macro_f1,0.8546837661341915
gnn_replay,none,5,PortScan,task1,fpr,0.003373186423901435
gnn_replay,none,5,PortScan,task1,detection_rate,0.6183713551896057
gnn_replay,none,5,PortScan,task1,binary_f1,0.7580799506096619
gnn_replay,none,5,PortScan,task1,category_recall,0.6183713551896057
gnn_replay,none,5,PortScan,task2,n,21631.0
gnn_replay,none,5,PortScan,task2,n_benign,21610.0
gnn_replay,none,5,PortScan,task2,n_attack,21.0
gnn_replay,none,5,PortScan,task2,accuracy,0.999399010679118
gnn_replay,none,5,PortScan,task2,macro_f1,0.7757117208518078
gnn_replay,none,5,PortScan,task2,fpr,0.0
gnn_replay,none,5,PortScan,task2,detection_rate,0.38095238095238093
gnn_replay,none,5,PortScan,task2,binary_f1,0.5517241379310345
gnn_replay,none,5,PortScan,task2,category_recall,0.38095238095238093
gnn_replay,none,5,PortScan,task3,n,50445.0
gnn_replay,none,5,PortScan,task3,n_benign,32949.0
gnn_replay,none,5,PortScan,task3,n_attack,17496.0
gnn_replay,none,5,PortScan,task3,accuracy,0.9959361681038755
gnn_replay,none,5,PortScan,task3,macro_f1,0.9958971795999292
gnn_replay,none,5,PortScan,task3,fpr,0.0004248990864669641
gnn_replay,none,5,PortScan,task3,detection_rate,0.9920553269318702
gnn_replay,none,5,PortScan,task3,binary_f1,0.9956118966357874
gnn_replay,none,5,PortScan,task3,category_recall,0.9890832190214907
gnn_replay,none,5,PortScan,task4,n,27642.0
gnn_replay,none,5,PortScan,task4,n_benign,27385.0
gnn_replay,none,5,PortScan,task4,n_attack,257.0
gnn_replay,none,5,PortScan,task4,accuracy,0.9999638231676434
gnn_replay,none,5,PortScan,task4,macro_f1,0.999016212212016
gnn_replay,none,5,PortScan,task4,fpr,0.0
gnn_replay,none,5,PortScan,task4,detection_rate,0.9961089494163424
gnn_replay,none,5,PortScan,task4,binary_f1,0.9980506822612085
gnn_replay,none,5,PortScan,task4,category_recall,0.9961089494163424
gnn_replay,none,5,PortScan,task5,n,51117.0
gnn_replay,none,5,PortScan,task5,n_benign,31046.0
gnn_replay,none,5,PortScan,task5,n_attack,20071.0
gnn_replay,none,5,PortScan,task5,accuracy,0.9995304888784553
gnn_replay,none,5,PortScan,task5,macro_f1,0.9995076954563662
gnn_replay,none,5,PortScan,task5,fpr,0.0
gnn_replay,none,5,PortScan,task5,detection_rate,0.9988042449304967
gnn_replay,none,5,PortScan,task5,binary_f1,0.9994017647938581
gnn_replay,none,5,PortScan,task5,category_recall,0.9988042449304967
gnn_replay,none,5,PortScan,task6,n,28798.0
gnn_replay,none,5,PortScan,task6,n_benign,9791.0
gnn_replay,none,5,PortScan,task6,n_attack,19007.0
gnn_replay,none,5,PortScan,task6,accuracy,0.3398152649489548
gnn_replay,none,5,PortScan,task6,macro_f1,0.2737572383696534
gnn_replay,none,5,PortScan,task6,fpr,0.000510673067102441
gnn_replay,none,5,PortScan,task6,detection_rate,0.1492607986531278
gnn_replay,none,5,PortScan,task6,binary_f1,0.2596915190626573
gnn_replay,none,5,PortScan,task6,category_recall,0.0
gnn_replay,none,5,PortScan,seen,n,386176.0
gnn_replay,none,5,PortScan,seen,n_benign,327116.0
gnn_replay,none,5,PortScan,seen,n_attack,59060.0
gnn_replay,none,5,PortScan,seen,accuracy,0.9790018022870401
gnn_replay,none,5,PortScan,seen,macro_f1,0.8901708018806672
gnn_replay,none,5,PortScan,seen,fpr,0.0009140488389439832
gnn_replay,none,5,PortScan,seen,detection_rate,0.8686759227903826
gnn_replay,none,5,PortScan,seen,binary_f1,0.9272114437526544
gnn_replay,none,5,PortScan,all,n,414974.0
gnn_replay,none,5,PortScan,all,n_benign,336907.0
gnn_replay,none,5,PortScan,all,n_attack,78067.0
gnn_replay,none,5,PortScan,all,accuracy,0.9346440981844646
gnn_replay,none,5,PortScan,all,macro_f1,0.7684438788207286
gnn_replay,none,5,PortScan,all,fpr,0.0009023261612255014
gnn_replay,none,5,PortScan,all,detection_rate,0.6935196690022672
gnn_replay,none,5,PortScan,all,binary_f1,0.8171486355952668
gnn_replay,none,6,DDoS,task0,n,138702.0
gnn_replay,none,6,DDoS,task0,n_benign,137344.0
gnn_replay,none,6,DDoS,task0,n_attack,1358.0
gnn_replay,none,6,DDoS,task0,accuracy,0.9997909186601491
gnn_replay,none,6,DDoS,task0,macro_f1,0.9968319817991701
gnn_replay,none,6,DDoS,task0,fpr,0.00016018173345759554
gnn_replay,none,6,DDoS,task0,detection_rate,0.9992636229749632
gnn_replay,none,6,DDoS,task0,binary_f1,0.9915966386554622
gnn_replay,none,6,DDoS,task0,category_recall,0.9948453608247423
gnn_replay,none,6,DDoS,task1,n,96639.0
gnn_replay,none,6,DDoS,task1,n_benign,76782.0
gnn_replay,none,6,DDoS,task1,n_attack,19857.0
gnn_replay,none,6,DDoS,task1,accuracy,0.9492130506317326
gnn_replay,none,6,DDoS,task1,macro_f1,0.9295116337833933
gnn_replay,none,6,DDoS,task1,fpr,5.209554322627699e-05
gnn_replay,none,6,DDoS,task1,detection_rate,0.999446039180138
gnn_replay,none,6,DDoS,task1,binary_f1,0.9996222328556678
gnn_replay,none,6,DDoS,task1,category_recall,0.7530341944906078
gnn_replay,none,6,DDoS,task2,n,21631.0
gnn_replay,none,6,DDoS,task2,n_benign,21610.0
gnn_replay,none,6,DDoS,task2,n_attack,21.0
gnn_replay,none,6,DDoS,task2,accuracy,0.9989829411492765
gnn_replay,none,6,DDoS,task2,macro_f1,0.49974560592044404
gnn_replay,none,6,DDoS,task2,fpr,4.6274872744099955e-05
gnn_replay,none,6,DDoS,task2,detection_rate,0.0
gnn_replay,none,6,DDoS,task2,binary_f1,0.0
gnn_replay,none,6,DDoS,task2,category_recall,0.0
gnn_replay,none,6,DDoS,task3,n,50445.0
gnn_replay,none,6,DDoS,task3,n_benign,32949.0
gnn_replay,none,6,DDoS,task3,n_attack,17496.0
gnn_replay,none,6,DDoS,task3,accuracy,0.9976409951432252
gnn_replay,none,6,DDoS,task3,macro_f1,0.9980209878088567
gnn_replay,none,6,DDoS,task3,fpr,6.069986949528059e-05
gnn_replay,none,6,DDoS,task3,detection_rate,0.9980566986739826
gnn_replay,none,6,DDoS,task3,binary_f1,0.9989702517162471
gnn_replay,none,6,DDoS,task3,category_recall,0.9933127572016461
gnn_replay,none,6,DDoS,task4,n,27642.0
gnn_replay,none,6,DDoS,task4,n_benign,27385.0
gnn_replay,none,6,DDoS,task4,n_attack,257.0
gnn_replay,none,6,DDoS,task4,accuracy,0.9992764633528688
gnn_replay,none,6,DDoS,task4,macro_f1,0.9795745699627507
gnn_replay,none,6,DDoS,task4,fpr,0.0
gnn_replay,none,6,DDoS,task4,detection_rate,0.9221789883268483
gnn_replay,none,6,DDoS,task4,binary_f1,0.9595141700404858
gnn_replay,none,6,DDoS,task4,category_recall,0.9221789883268483
gnn_replay,none,6,DDoS,task5,n,51117.0
gnn_replay,none,6,DDoS,task5,n_benign,31046.0
gnn_replay,none,6,DDoS,task5,n_attack,20071.0
gnn_replay,none,6,DDoS,task5,accuracy,0.9991196666471037
gnn_replay,none,6,DDoS,task5,macro_f1,0.9992054453314759
gnn_replay,none,6,DDoS,task5,fpr,0.0
gnn_replay,none,6,DDoS,task5,detection_rate,0.9985551292910169
gnn_replay,none,6,DDoS,task5,binary_f1,0.9992770423553462
gnn_replay,none,6,DDoS,task5,category_recall,0.9977579592446814
gnn_replay,none,6,DDoS,task6,n,28798.0
gnn_replay,none,6,DDoS,task6,n_benign,9791.0
gnn_replay,none,6,DDoS,task6,n_attack,19007.0
gnn_replay,none,6,DDoS,task6,accuracy,0.9991666087922773
gnn_replay,none,6,DDoS,task6,macro_f1,0.9995325032421676
gnn_replay,none,6,DDoS,task6,fpr,0.0008170769073639056
gnn_replay,none,6,DDoS,task6,detection_rate,1.0
gnn_replay,none,6,DDoS,task6,binary_f1,0.9997895954973437
gnn_replay,none,6,DDoS,task6,category_recall,0.9991582048718893
gnn_replay,none,6,DDoS,seen,n,414974.0
gnn_replay,none,6,DDoS,seen,n_benign,336907.0
gnn_replay,none,6,DDoS,seen,n_attack,78067.0
gnn_replay,none,6,DDoS,seen,accuracy,0.9875486175037472
gnn_replay,none,6,DDoS,seen,macro_f1,0.8362462795822119
gnn_replay,none,6,DDoS,seen,fpr,0.00010982259199126168
gnn_replay,none,6,DDoS,seen,detection_rate,0.998514096865513
gnn_replay,none,6,DDoS,seen,binary_f1,0.9990195764313864
gnn_replay,none,6,DDoS,all,n,414974.0
gnn_replay,none,6,DDoS,all,n_benign,336907.0
gnn_replay,none,6,DDoS,all,n_attack,78067.0
gnn_replay,none,6,DDoS,all,accuracy,0.9875486175037472
gnn_replay,none,6,DDoS,all,macro_f1,0.8362462795822119
gnn_replay,none,6,DDoS,all,fpr,0.00010982259199126168
gnn_replay,none,6,DDoS,all,detection_rate,0.998514096865513
gnn_replay,none,6,DDoS,all,binary_f1,0.9990195764313864
gnn_joint,none,0,BruteForce,task0,n,138702.0
gnn_joint,none,0,BruteForce,task0,n_benign,137344.0
gnn_joint,none,0,BruteForce,task0,n_attack,1358.0
gnn_joint,none,0,BruteForce,task0,accuracy,0.9998125477642716
gnn_joint,none,0,BruteForce,task0,macro_f1,0.9952081438959475
gnn_joint,none,0,BruteForce,task0,fpr,0.000182024697110904
gnn_joint,none,0,BruteForce,task0,detection_rate,0.9992636229749632
gnn_joint,none,0,BruteForce,task0,binary_f1,0.9905109489051095
gnn_joint,none,0,BruteForce,task0,category_recall,0.9992636229749632
gnn_joint,none,0,BruteForce,task1,n,96639.0
gnn_joint,none,0,BruteForce,task1,n_benign,76782.0
gnn_joint,none,0,BruteForce,task1,n_attack,19857.0
gnn_joint,none,0,BruteForce,task1,accuracy,0.7945239499580915
gnn_joint,none,0,BruteForce,task1,macro_f1,0.44274914802705556
gnn_joint,none,0,BruteForce,task1,fpr,0.0
gnn_joint,none,0,BruteForce,task1,detection_rate,0.0
gnn_joint,none,0,BruteForce,task1,binary_f1,0.0
gnn_joint,none,0,BruteForce,task1,category_recall,0.0
gnn_joint,none,0,BruteForce,task2,n,21631.0
gnn_joint,none,0,BruteForce,task2,n_benign,21610.0
gnn_joint,none,0,BruteForce,task2,n_attack,21.0
gnn_joint,none,0,BruteForce,task2,accuracy,0.9990291710970367
gnn_joint,none,0,BruteForce,task2,macro_f1,0.4997571749034481
gnn_joint,none,0,BruteForce,task2,fpr,0.0
gnn_joint,none,0,BruteForce,task2,detection_rate,0.0
gnn_joint,none,0,BruteForce,task2,binary_f1,0.0
gnn_joint,none,0,BruteForce,task2,category_recall,0.0
gnn_joint,none,0,BruteForce,task3,n,50445.0
gnn_joint,none,0,BruteForce,task3,n_benign,32949.0
gnn_joint,none,0,BruteForce,task3,n_attack,17496.0
gnn_joint,none,0,BruteForce,task3,accuracy,0.6531668153434433
gnn_joint,none,0,BruteForce,task3,macro_f1,0.39510036693287287
gnn_joint,none,0,BruteForce,task3,fpr,0.0
gnn_joint,none,0,BruteForce,task3,detection_rate,0.0
gnn_joint,none,0,BruteForce,task3,binary_f1,0.0
gnn_joint,none,0,BruteForce,task3,category_recall,0.0
gnn_joint,none,0,BruteForce,task4,n,27642.0
gnn_joint,none,0,BruteForce,task4,n_benign,27385.0
gnn_joint,none,0,BruteForce,task4,n_attack,257.0
gnn_joint,none,0,BruteForce,task4,accuracy,0.9907025540843644
gnn_joint,none,0,BruteForce,task4,macro_f1,0.49766478274301706
gnn_joint,none,0,BruteForce,task4,fpr,0.0
gnn_joint,none,0,BruteForce,task4,detection_rate,0.0
gnn_joint,none,0,BruteForce,task4,binary_f1,0.0
gnn_joint,none,0,BruteForce,task4,category_recall,0.0
gnn_joint,none,0,BruteForce,task5,n,51117.0
gnn_joint,none,0,BruteForce,task5,n_benign,31046.0
gnn_joint,none,0,BruteForce,task5,n_attack,20071.0
gnn_joint,none,0,BruteForce,task5,accuracy,0.6073321986814563
gnn_joint,none,0,BruteForce,task5,macro_f1,0.3778510747060685
gnn_joint,none,0,BruteForce,task5,fpr,3.22102686336404e-05
gnn_joint,none,0,BruteForce,task5,detection_rate,0.0
gnn_joint,none,0,BruteForce,task5,binary_f1,0.0
gnn_joint,none,0,BruteForce,task5,category_recall,0.0
gnn_joint,none,0,BruteForce,task6,n,28798.0
gnn_joint,none,0,BruteForce,task6,n_benign,9791.0
gnn_joint,none,0,BruteForce,task6,n_attack,19007.0
gnn_joint,none,0,BruteForce,task6,accuracy,0.33995416348357527
gnn_joint,none,0,BruteForce,task6,macro_f1,0.2537058152793615
gnn_joint,none,0,BruteForce,task6,fpr,0.0001021346134204882
gnn_joint,none,0,BruteForce,task6,detection_rate,0.0
gnn_joint,none,0,BruteForce,task6,binary_f1,0.0
gnn_joint,none,0,BruteForce,task6,category_recall,0.0
gnn_joint,none,0,BruteForce,seen,n,138702.0
gnn_joint,none,0,BruteForce,seen,n_benign,137344.0
gnn_joint,none,0,BruteForce,seen,n_attack,1358.0
gnn_joint,none,0,BruteForce,seen,accuracy,0.9998125477642716
gnn_joint,none,0,BruteForce,seen,macro_f1,0.9952081438959475
gnn_joint,none,0,BruteForce,seen,fpr,0.000182024697110904
gnn_joint,none,0,BruteForce,seen,detection_rate,0.9992636229749632
gnn_joint,none,0,BruteForce,seen,binary_f1,0.9905109489051095
gnn_joint,none,0,BruteForce,all,n,414974.0
gnn_joint,none,0,BruteForce,all,n_benign,336907.0
gnn_joint,none,0,BruteForce,all,n_attack,78067.0
gnn_joint,none,0,BruteForce,all,accuracy,0.815079980914467
gnn_joint,none,0,BruteForce,all,macro_f1,0.23594252900849647
gnn_joint,none,0,BruteForce,all,fpr,8.014081037200176e-05
gnn_joint,none,0,BruteForce,all,detection_rate,0.017382504771542392
gnn_joint,none,0,BruteForce,all,binary_f1,0.034159419012976554
gnn_joint,none,1,DoS,task0,n,138702.0
gnn_joint,none,1,DoS,task0,n_benign,137344.0
gnn_joint,none,1,DoS,task0,n_attack,1358.0
gnn_joint,none,1,DoS,task0,accuracy,0.9997548701532782
gnn_joint,none,1,DoS,task0,macro_f1,0.9953639645276438
gnn_joint,none,1,DoS,task0,fpr,0.000182024697110904
gnn_joint,none,1,DoS,task0,detection_rate,1.0
gnn_joint,none,1,DoS,task0,binary_f1,0.990879241152864
gnn_joint,none,1,DoS,task0,category_recall,0.9933726067746687
gnn_joint,none,1,DoS,task1,n,96639.0
gnn_joint,none,1,DoS,task1,n_benign,76782.0
gnn_joint,none,1,DoS,task1,n_attack,19857.0
gnn_joint,none,1,DoS,task1,accuracy,0.9970094889226917
gnn_joint,none,1,DoS,task1,macro_f1,0.995516354051897
gnn_joint,none,1,DoS,task1,fpr,0.003516449167773697
gnn_joint,none,1,DoS,task1,detection_rate,0.9990431585838747
gnn_joint,none,1,DoS,task1,binary_f1,0.992768672588515
gnn_joint,none,1,DoS,task1,category_recall,0.9990431585838747
gnn_joint,none,1,DoS,task2,n,21631.0
gnn_joint,none,1,DoS,task2,n_benign,21610.0
gnn_joint,none,1,DoS,task2,n_attack,21.0
gnn_joint,none,1,DoS,task2,accuracy,0.9854837964033101
gnn_joint,none,1,DoS,task2,macro_f1,0.49658722948261
gnn_joint,none,1,DoS,task2,fpr,0.013558537714021287
gnn_joint,none,1,DoS,task2,detection_rate,1.0
gnn_joint,none,1,DoS,task2,binary_f1,0.1253731343283582
gnn_joint,none,1,DoS,task2,category_recall,0.0
gnn_joint,none,1,DoS,task3,n,50445.0
gnn_joint,none,1,DoS,task3,n_benign,32949.0
gnn_joint,none,1,DoS,task3,n_attack,17496.0
gnn_joint,none,1,DoS,task3,accuracy,0.6530478739220934
gnn_joint,none,1,DoS,task3,macro_f1,0.3952511788066757
gnn_joint,none,1,DoS,task3,fpr,0.00018209960848584176
gnn_joint,none,1,DoS,task3,detection_rate,0.002343392775491541
gnn_joint,none,1,DoS,task3,binary_f1,0.004674229037222824
gnn_joint,none,1,DoS,task3,category_recall,0.0
gnn_joint,none,1,DoS,task4,n,27642.0
gnn_joint,none,1,DoS,task4,n_benign,27385.0
gnn_joint,none,1,DoS,task4,n_attack,257.0
gnn_joint,none,1,DoS,task4,accuracy,0.990485493090225
gnn_joint,none,1,DoS,task4,macro_f1,0.4976100034532269
gnn_joint,none,1,DoS,task4,fpr,0.00021909804637575315
gnn_joint,none,1,DoS,task4,detection_rate,0.0
gnn_joint,none,1,DoS,task4,binary_f1,0.0
gnn_joint,none,1,DoS,task4,category_recall,0.0
gnn_joint,none,1,DoS,task5,n,51117.0
gnn_joint,none,1,DoS,task5,n_benign,31046.0
gnn_joint,none,1,DoS,task5,n_attack,20071.0
gnn_joint,none,1,DoS,task5,accuracy,0.6073321986814563
gnn_joint,none,1,DoS,task5,macro_f1,0.37811799668712853
gnn_joint,none,1,DoS,task5,fpr,3.22102686336404e-05
gnn_joint,none,1,DoS,task5,detection_rate,0.0028897414179662197
gnn_joint,none,1,DoS,task5,binary_f1,0.0057625434674615
gnn_joint,none,1,DoS,task5,category_recall,0.0
gnn_joint,none,1,DoS,task6,n,28798.0
gnn_joint,none,1,DoS,task6,n_benign,9791.0
gnn_joint,none,1,DoS,task6,n_attack,19007.0
gnn_joint,none,1,DoS,task6,accuracy,0.3399888881172304
gnn_joint,none,1,DoS,task6,macro_f1,0.4983711697037565
gnn_joint,none,1,DoS,task6,fpr,0.0
gnn_joint,none,1,DoS,task6,detection_rate,0.9966328194875572
gnn_joint,none,1,DoS,task6,binary_f1,0.9983135704874835
gnn_joint,none,1,DoS,task6,category_recall,0.0
gnn_joint,none,1,DoS,seen,n,235341.0
gnn_joint,none,1,DoS,seen,n_benign,214126.0
gnn_joint,none,1,DoS,seen,n_attack,21215.0
gnn_joint,none,1,DoS,seen,accuracy,0.9986275234659494
gnn_joint,none,1,DoS,seen,macro_f1,0.9934591707667809
gnn_joint,none,1,DoS,seen,fpr,0.0013776935075609689
gnn_joint,none,1,DoS,seen,detection_rate,0.9991044072590148
gnn_joint,none,1,DoS,seen,binary_f1,0.9926474031751978
gnn_joint,none,1,DoS,all,n,414974.0
gnn_joint,none,1,DoS,all,n_benign,336907.0
gnn_joint,none,1,DoS,all,n_attack,78067.0
gnn_joint,none,1,DoS,all,accuracy,0.8614828880845546
gnn_joint,none,1,DoS,all,macro_f1,0.32500332531074416
gnn_joint,none,1,DoS,all,fpr,0.0017838750753175208
gnn_joint,none,1,DoS,all,detection_rate,0.5156980542354644
gnn_joint,none,1,DoS,all,binary_f1,0.6770371740647624
gnn_joint,none,2,WebAttack,task0,n,138702.0
gnn_joint,none,2,WebAttack,task0,n_benign,137344.0
gnn_joint,none,2,WebAttack,task0,n_attack,1358.0
gnn_joint,none,2,WebAttack,task0,accuracy,0.9998630156738908
gnn_joint,none,2,WebAttack,task0,macro_f1,0.997218778858783
gnn_joint,none,2,WebAttack,task0,fpr,0.00012377679403541473
gnn_joint,none,2,WebAttack,task0,detection_rate,1.0
gnn_joint,none,2,WebAttack,task0,binary_f1,0.9937797292352726
gnn_joint,none,2,WebAttack,task0,category_recall,0.9985272459499264
gnn_joint,none,2,WebAttack,task1,n,96639.0
gnn_joint,none,2,WebAttack,task1,n_benign,76782.0
gnn_joint,none,2,WebAttack,task1,n_attack,19857.0
gnn_joint,none,2,WebAttack,task1,accuracy,0.9998758265296619
gnn_joint,none,2,WebAttack,task1,macro_f1,0.9998224023120718
gnn_joint,none,2,WebAttack,task1,fpr,1.3023885806569248e-05
gnn_joint,none,2,WebAttack,task1,detection_rate,0.999446039180138
gnn_joint,none,2,WebAttack,task1,binary_f1,0.9996977634495265
gnn_joint,none,2,WebAttack,task1,category_recall,0.999446039180138
gnn_joint,none,2,WebAttack,task2,n,21631.0
gnn_joint,none,2,WebAttack,task2,n_benign,21610.0
gnn_joint,none,2,WebAttack,task2,n_attack,21.0
gnn_joint,none,2,WebAttack,task2,accuracy,0.9992603208358375
gnn_joint,none,2,WebAttack,task2,macro_f1,0.7499537229857929
gnn_joint,none,2,WebAttack,task2,fpr,0.00013882461823229986
gnn_joint,none,2,WebAttack,task2,detection_rate,0.9523809523809523
gnn_joint,none,2,WebAttack,task2,binary_f1,0.9090909090909091
gnn_joint,none,2,WebAttack,task2,category_recall,0.38095238095238093
gnn_joint,none,2,WebAttack,task3,n,50445.0
gnn_joint,none,2,WebAttack,task3,n_benign,32949.0
gnn_joint,none,2,WebAttack,task3,n_attack,17496.0
gnn_joint,none,2,WebAttack,task3,accuracy,0.6531668153434433
gnn_joint,none,2,WebAttack,task3,macro_f1,0.39510036693287287
gnn_joint,none,2,WebAttack,task3,fpr,0.0
gnn_joint,none,2,WebAttack,task3,detection_rate,0.0
gnn_joint,none,2,WebAttack,task3,binary_f1,0.0
gnn_joint,none,2,WebAttack,task3,category_recall,0.0
gnn_joint,none,2,WebAttack,task4,n,27642.0
gnn_joint,none,2,WebAttack,task4,n_benign,27385.0
gnn_joint,none,2,WebAttack,task4,n_attack,257.0
gnn_joint,none,2,WebAttack,task4,accuracy,0.9905940235872946
gnn_joint,none,2,WebAttack,task4,macro_f1,0.497637394591451
gnn_joint,none,2,WebAttack,task4,fpr,0.00010954902318787658
gnn_joint,none,2,WebAttack,task4,detection_rate,0.0
gnn_joint,none,2,WebAttack,task4,binary_f1,0.0
gnn_joint,none,2,WebAttack,task4,category_recall,0.0
gnn_joint,none,2,WebAttack,task5,n,51117.0
gnn_joint,none,2,WebAttack,task5,n_benign,31046.0
gnn_joint,none,2,WebAttack,task5,n_attack,20071.0
gnn_joint,none,2,WebAttack,task5,accuracy,0.6073517616448539
gnn_joint,none,2,WebAttack,task5,macro_f1,0.37785864683616716
gnn_joint,none,2,WebAttack,task5,fpr,0.0
gnn_joint,none,2,WebAttack,task5,detection_rate,0.0
gnn_joint,none,2,WebAttack,task5,binary_f1,0.0
gnn_joint,none,2,WebAttack,task5,category_recall,0.0
gnn_joint,none,2,WebAttack,task6,n,28798.0
gnn_joint,none,2,WebAttack,task6,n_benign,9791.0
gnn_joint,none,2,WebAttack,task6,n_attack,19007.0
gnn_joint,none,2,WebAttack,task6,accuracy,0.3399888881172304
gnn_joint,none,2,WebAttack,task6,macro_f1,0.5
gnn_joint,none,2,WebAttack,task6,fpr,0.0
gnn_joint,none,2,WebAttack,task6,detection_rate,1.0
gnn_joint,none,2,WebAttack,task6,binary_f1,1.0
gnn_joint,none,2,WebAttack,task6,category_recall,0.0
gnn_joint,none,2,WebAttack,seen,n,256972.0
gnn_joint,none,2,WebAttack,seen,n_benign,235736.0
gnn_joint,none,2,WebAttack,seen,n_attack,21236.0
gnn_joint,none,2,WebAttack,seen,accuracy,0.9998171006957957
gnn_joint,none,2,WebAttack,seen,macro_f1,0.8696369618776939
gnn_joint,none,2,WebAttack,seen,fpr,8.908270268435878e-05
gnn_joint,none,2,WebAttack,seen,detection_rate,0.9994349218308533
gnn_joint,none,2,WebAttack,seen,binary_f1,0.9992231821284809
gnn_joint,none,2,WebAttack,all,n,414974.0
gnn_joint,none,2,WebAttack,all,n_benign,336907.0
gnn_joint,none,2,WebAttack,all,n_attack,78067.0
gnn_joint,none,2,WebAttack,all,accuracy,0.8629287618019442
gnn_joint,none,2,WebAttack,all,macro_f1,0.3827004237843198
gnn_joint,none,2,WebAttack,all,fpr,7.12362758862238e-05
gnn_joint,none,2,WebAttack,all,detection_rate,0.5153393879616227
gnn_joint,none,2,WebAttack,all,binary_f1,0.6800256926015449
gnn_joint,none,3,Infiltration,task0,n,138702.0
gnn_joint,none,3,Infiltration,task0,n_benign,137344.0
gnn_joint,none,3,Infiltration,task0,n_attack,1358.0
gnn_joint,none,3,Infiltration,task0,accuracy,0.9998630156738908
gnn_joint,none,3,Infiltration,task0,macro_f1,0.997218778858783
gnn_joint,none,3,Infiltration,task0,fpr,0.00012377679403541473
gnn_joint,none,3,Infiltration,task0,detection_rate,1.0
gnn_joint,none,3,Infiltration,task0,binary_f1,0.9937797292352726
gnn_joint,none,3,Infiltration,task0,category_recall,0.9985272459499264
gnn_joint,none,3,Infiltration,task1,n,96639.0
gnn_joint,none,3,Infiltration,task1,n_benign,76782.0
gnn_joint,none,3,Infiltration,task1,n_attack,19857.0
gnn_joint,none,3,Infiltration,task1,accuracy,0.9992342635995819
gnn_joint,none,3,Infiltration,task1,macro_f1,0.9988661867175082
gnn_joint,none,3,Infiltration,task1,fpr,0.0008205048058138626
gnn_joint,none,3,Infiltration,task1,detection_rate,0.999446039180138
gnn_joint,none,3,Infiltration,task1,binary_f1,0.9981391138158225
gnn_joint,none,3,Infiltration,task1,category_recall,0.999446039180138
gnn_joint,none,3,Infiltration,task2,n,21631.0
gnn_joint,none,3,Infiltration,task2,n_benign,21610.0
gnn_joint,none,3,Infiltration,task2,n_attack,21.0
gnn_joint,none,3,Infiltration,task2,accuracy,0.9993065507835976
gnn_joint,none,3,Infiltration,task2,macro_f1,0.7579951070318132
gnn_joint,none,3,Infiltration,task2,fpr,9.254974548819991e-05
gnn_joint,none,3,Infiltration,task2,detection_rate,0.8095238095238095
gnn_joint,none,3,Infiltration,task2,binary_f1,0.85
gnn_joint,none,3,Infiltration,task2,category_recall,0.38095238095238093
gnn_joint,none,3,Infiltration,task3,n,50445.0
gnn_joint,none,3,Infiltration,task3,n_benign,32949.0
gnn_joint,none,3,Infiltration,task3,n_attack,17496.0
gnn_joint,none,3,Infiltration,task3,accuracy,0.999742293587075
gnn_joint,none,3,Infiltration,task3,macro_f1,0.9997156021557657
gnn_joint,none,3,Infiltration,task3,fpr,0.00018209960848584176
gnn_joint,none,3,Infiltration,task3,detection_rate,0.9995999085505258
gnn_joint,none,3,Infiltration,task3,binary_f1,0.9996284758938012
gnn_joint,none,3,Infiltration,task3,category_recall,0.9995999085505258
gnn_joint,none,3,Infiltration,task4,n,27642.0
gnn_joint,none,3,Infiltration,task4,n_benign,27385.0
gnn_joint,none,3,Infiltration,task4,n_attack,257.0
gnn_joint,none,3,Infiltration,task4,accuracy,0.9907025540843644
gnn_joint,none,3,Infiltration,task4,macro_f1,0.49766478274301706
gnn_joint,none,3,Infiltration,task4,fpr,0.0
gnn_joint,none,3,Infiltration,task4,detection_rate,0.0
gnn_joint,none,3,Infiltration,task4,binary_f1,0.0
gnn_joint,none,3,Infiltration,task4,category_recall,0.0
gnn_joint,none,3,Infiltration,task5,n,51117.0
gnn_joint,none,3,Infiltration,task5,n_benign,31046.0
gnn_joint,none,3,Infiltration,task5,n_attack,20071.0
gnn_joint,none,3,Infiltration,task5,accuracy,0.6069800653402978
gnn_joint,none,3,Infiltration,task5,macro_f1,0.49962962962962965
gnn_joint,none,3,Infiltration,task5,fpr,0.0006119951040391676
gnn_joint,none,3,Infiltration,task5,detection_rate,0.9986547755468088
gnn_joint,none,3,Infiltration,task5,binary_f1,0.9988538396372153
gnn_joint,none,3,Infiltration,task5,category_recall,0.0
gnn_joint,none,3,Infiltration,task6,n,28798.0
gnn_joint,none,3,Infiltration,task6,n_benign,9791.0
gnn_joint,none,3,Infiltration,task6,n_attack,19007.0
gnn_joint,none,3,Infiltration,task6,accuracy,0.3399888881172304
gnn_joint,none,3,Infiltration,task6,macro_f1,0.49982132829649295
gnn_joint,none,3,Infiltration,task6,fpr,0.0
gnn_joint,none,3,Infiltration,task6,detection_rate,0.9996317146314516
gnn_joint,none,3,Infiltration,task6,binary_f1,0.9998158234009524
gnn_joint,none,3,Infiltration,task6,category_recall,0.0
gnn_joint,none,3,Infiltration,seen,n,307417.0
gnn_joint,none,3,Infiltration,seen,n_benign,268685.0
gnn_joint,none,3,Infiltration,seen,n_attack,38732.0
gnn_joint,none,3,Infiltration,seen,accuracy,0.9996063978244534
gnn_joint,none,3,Infiltration,seen,macro_f1,0.9015609072107715
gnn_joint,none,3,Infiltration,seen,fpr,0.0003275210748646184
gnn_joint,none,3,Infiltration,seen,detection_rate,0.9994319942166684
gnn_joint,none,3,Infiltration,seen,binary_f1,0.9985811943763704
gnn_joint,none,3,Infiltration,all,n,414974.0
gnn_joint,none,3,Infiltration,all,n_benign,336907.0
gnn_joint,none,3,Infiltration,all,n_attack,78067.0
gnn_joint,none,3,Infiltration,all,accuracy,0.9048735583434143
gnn_joint,none,3,Infiltration,all,macro_f1,0.4775746570378868
gnn_joint,none,3,Infiltration,all,fpr,0.0003175950633260811
gnn_joint,none,3,Infiltration,all,detection_rate,0.995990623438841
gnn_joint,none,3,Infiltration,all,binary_f1,0.9973064491303678
gnn_joint,none,4,Botnet,task0,n,138702.0
gnn_joint,none,4,Botnet,task0,n_benign,137344.0
gnn_joint,none,4,Botnet,task0,n_attack,1358.0
gnn_joint,none,4,Botnet,task0,accuracy,0.9998630156738908
gnn_joint,none,4,Botnet,task0,macro_f1,0.997218778858783
gnn_joint,none,4,Botnet,task0,fpr,0.00012377679403541473
gnn_joint,none,4,Botnet,task0,detection_rate,1.0
gnn_joint,none,4,Botnet,task0,binary_f1,0.9937797292352726
gnn_joint,none,4,Botnet,task0,category_recall,0.9985272459499264
gnn_joint,none,4,Botnet,task1,n,96639.0
gnn_joint,none,4,Botnet,task1,n_benign,76782.0
gnn_joint,none,4,Botnet,task1,n_attack,19857.0
gnn_joint,none,4,Botnet,task1,accuracy,0.9983236581504361
gnn_joint,none,4,Botnet,task1,macro_f1,0.9974396329818982
gnn_joint,none,4,Botnet,task1,fpr,0.0019666067567919564
gnn_joint,none,4,Botnet,task1,detection_rate,0.999446039180138
gnn_joint,none,4,Botnet,task1,binary_f1,0.9959351633462137
gnn_joint,none,4,Botnet,task1,category_recall,0.999446039180138
gnn_joint,none,4,Botnet,task2,n,21631.0
gnn_joint,none,4,Botnet,task2,n_benign,21610.0
gnn_joint,none,4,Botnet,task2,n_attack,21.0
gnn_joint,none,4,Botnet,task2,accuracy,0.999399010679118
gnn_joint,none,4,Botnet,task2,macro_f1,0.7757117208518078
gnn_joint,none,4,Botnet,task2,fpr,0.0
gnn_joint,none,4,Botnet,task2,detection_rate,0.38095238095238093
gnn_joint,none,4,Botnet,task2,binary_f1,0.5517241379310345
gnn_joint,none,4,Botnet,task2,category_recall,0.38095238095238093
gnn_joint,none,4,Botnet,task3,n,50445.0
gnn_joint,none,4,Botnet,task3,n_benign,32949.0
gnn_joint,none,4,Botnet,task3,n_attack,17496.0
gnn_joint,none,4,Botnet,task3,accuracy,0.9979779958370503
gnn_joint,none,4,Botnet,task3,macro_f1,0.9978186756867975
gnn_joint,none,4,Botnet,task3,fpr,9.104980424292088e-05
gnn_joint,none,4,Botnet,task3,detection_rate,0.9947416552354824
gnn_joint,none,4,Botnet,task3,binary_f1,0.9972781709308656
gnn_joint,none,4,Botnet,task3,category_recall,0.9943415637860082
gnn_joint,none,4,Botnet,task4,n,27642.0
gnn_joint,none,4,Botnet,task4,n_benign,27385.0
gnn_joint,none,4,Botnet,task4,n_attack,257.0
gnn_joint,none,4,Botnet,task4,accuracy,1.0
gnn_joint,none,4,Botnet,task4,macro_f1,1.0
gnn_joint,none,4,Botnet,task4,fpr,0.0
gnn_joint,none,4,Botnet,task4,detection_rate,1.0
gnn_joint,none,4,Botnet,task4,binary_f1,1.0
gnn_joint,none,4,Botnet,task4,category_recall,1.0
gnn_joint,none,4,Botnet,task5,n,51117.0
gnn_joint,none,4,Botnet,task5,n_benign,31046.0
gnn_joint,none,4,Botnet,task5,n_attack,20071.0
gnn_joint,none,4,Botnet,task5,accuracy,0.6070583171938885
gnn_joint,none,4,Botnet,task5,macro_f1,0.4992679355783309
gnn_joint,none,4,Botnet,task5,fpr,0.0004831540295046061
gnn_joint,none,4,Botnet,task5,detection_rate,0.9962134422799064
gnn_joint,none,4,Botnet,task5,binary_f1,0.9977295975649311
gnn_joint,none,4,Botnet,task5,category_recall,0.0
gnn_joint,none,4,Botnet,task6,n,28798.0
gnn_joint,none,4,Botnet,task6,n_benign,9791.0
gnn_joint,none,4,Botnet,task6,n_attack,19007.0
gnn_joint,none,4,Botnet,task6,accuracy,0.3399888881172304
gnn_joint,none,4,Botnet,task6,macro_f1,0.49938794246659185
gnn_joint,none,4,Botnet,task6,fpr,0.0
gnn_joint,none,4,Botnet,task6,detection_rate,0.9987373073078339
gnn_joint,none,4,Botnet,task6,binary_f1,0.9993682548038958
gnn_joint,none,4,Botnet,task6,category_recall,0.0
gnn_joint,none,4,Botnet,seen,n,335059.0
gnn_joint,none,4,Botnet,seen,n_benign,296070.0
gnn_joint,none,4,Botnet,seen,n_attack,38989.0
gnn_joint,none,4,Botnet,seen,accuracy,0.9991165734989957
gnn_joint,none,4,Botnet,seen,macro_f1,0.9144062510585326
gnn_joint,none,4,Botnet,seen,fpr,0.0005775661161211876
gnn_joint,none,4,Botnet,seen,detection_rate,0.9970248018671933
gnn_joint,none,4,Botnet,seen,binary_f1,0.9963220688682993
gnn_joint,none,4,Botnet,all,n,414974.0
gnn_joint,none,4,Botnet,all,n_benign,336907.0
gnn_joint,none,4,Botnet,all,n_attack,78067.0
gnn_joint,none,4,Botnet,all,accuracy,0.9050808002429068
gnn_joint,none,4,Botnet,all,macro_f1,0.6002182366909695
gnn_joint,none,4,Botnet,all,fpr,0.0005520811381182345
gnn_joint,none,4,Botnet,all,detection_rate,0.9972331458875069
gnn_joint,none,4,Botnet,all,binary_f1,0.9974247937272588
gnn_joint,none,5,PortScan,task0,n,138702.0
gnn_joint,none,5,PortScan,task0,n_benign,137344.0
gnn_joint,none,5,PortScan,task0,n_attack,1358.0
gnn_joint,none,5,PortScan,task0,accuracy,0.9998630156738908
gnn_joint,none,5,PortScan,task0,macro_f1,0.9964904746112949
gnn_joint,none,5,PortScan,task0,fpr,0.00012377679403541473
gnn_joint,none,5,PortScan,task0,detection_rate,1.0
gnn_joint,none,5,PortScan,task0,binary_f1,0.9937797292352726
gnn_joint,none,5,PortScan,task0,category_recall,0.9985272459499264
gnn_joint,none,5,PortScan,task1,n,96639.0
gnn_joint,none,5,PortScan,task1,n_benign,76782.0
gnn_joint,none,5,PortScan,task1,n_attack,19857.0
gnn_joint,none,5,PortScan,task1,accuracy,0.9998861743188567
gnn_joint,none,5,PortScan,task1,macro_f1,0.999825658304708
gnn_joint,none,5,PortScan,task1,fpr,0.0
gnn_joint,none,5,PortScan,task1,detection_rate,0.999446039180138
gnn_joint,none,5,PortScan,task1,binary_f1,0.9997229428506662
gnn_joint,none,5,PortScan,task1,category_recall,0.999446039180138
gnn_joint,none,5,PortScan,task2,n,21631.0
gnn_joint,none,5,PortScan,task2,n_benign,21610.0
gnn_joint,none,5,PortScan,task2,n_attack,21.0
gnn_joint,none,5,PortScan,task2,accuracy,0.9993065507835976
gnn_joint,none,5,PortScan,task2,macro_f1,0.7578910295106334
gnn_joint,none,5,PortScan,task2,fpr,9.254974548819991e-05
gnn_joint,none,5,PortScan,task2,detection_rate,0.38095238095238093
gnn_joint,none,5,PortScan,task2,binary_f1,0.5161290322580645
gnn_joint,none,5,PortScan,task2,category_recall,0.38095238095238093
gnn_joint,none,5,PortScan,task3,n,50445.0
gnn_joint,none,5,PortScan,task3,n_benign,32949.0
gnn_joint,none,5,PortScan,task3,n_attack,17496.0
gnn_joint,none,5,PortScan,task3,accuracy,0.9992467043314501
gnn_joint,none,5,PortScan,task3,macro_f1,0.9991683149497461
gnn_joint,none,5,PortScan,task3,fpr,6.069986949528059e-05
gnn_joint,none,5,PortScan,task3,detection_rate,0.9979423868312757
gnn_joint,none,5,PortScan,task3,binary_f1,0.9989129812918359
gnn_joint,none,5,PortScan,task3,category_recall,0.9979423868312757
gnn_joint,none,5,PortScan,task4,n,27642.0
gnn_joint,none,5,PortScan,task4,n_benign,27385.0
gnn_joint,none,5,PortScan,task4,n_attack,257.0
gnn_joint,none,5,PortScan,task4,accuracy,1.0
gnn_joint,none,5,PortScan,task4,macro_f1,1.0
gnn_joint,none,5,PortScan,task4,fpr,0.0
gnn_joint,none,5,PortScan,task4,detection_rate,1.0
gnn_joint,none,5,PortScan,task4,binary_f1,1.0
gnn_joint,none,5,PortScan,task4,category_recall,1.0
gnn_joint,none,5,PortScan,task5,n,51117.0
gnn_joint,none,5,PortScan,task5,n_benign,31046.0
gnn_joint,none,5,PortScan,task5,n_attack,20071.0
gnn_joint,none,5,PortScan,task5,accuracy,0.998904474049729
gnn_joint,none,5,PortScan,task5,macro_f1,0.9988762013508454
gnn_joint,none,5,PortScan,task5,fpr,0.0005475745667718869
gnn_joint,none,5,PortScan,task5,detection_rate,0.9980568980120572
gnn_joint,none,5,PortScan,task5,binary_f1,0.998604187437687
gnn_joint,none,5,PortScan,task5,category_recall,0.9980568980120572
gnn_joint,none,5,PortScan,task6,n,28798.0
gnn_joint,none,5,PortScan,task6,n_benign,9791.0
gnn_joint,none,5,PortScan,task6,n_attack,19007.0
gnn_joint,none,5,PortScan,task6,accuracy,0.3399888881172304
gnn_joint,none,5,PortScan,task6,macro_f1,0.4985234215885947
gnn_joint,none,5,PortScan,task6,fpr,0.0
gnn_joint,none,5,PortScan,task6,detection_rate,0.9969484926605987
gnn_joint,none,5,PortScan,task6,binary_f1,0.9984719148487723
gnn_joint,none,5,PortScan,task6,category_recall,0.0
gnn_joint,none,5,PortScan,seen,n,386176.0
gnn_joint,none,5,PortScan,seen,n_benign,327116.0
gnn_joint,none,5,PortScan,seen,n_attack,59060.0
gnn_joint,none,5,PortScan,seen,accuracy,0.9996400604905535
gnn_joint,none,5,PortScan,seen,macro_f1,0.9294492683909363
gnn_joint,none,5,PortScan,seen,fpr,0.00011616674207314836
gnn_joint,none,5,PortScan,seen,detection_rate,0.9983237385709448
gnn_joint,none,5,PortScan,seen,binary_f1,0.9988395632692129
gnn_joint,none,5,PortScan,all,n,414974.0
gnn_joint,none,5,PortScan,all,n_benign,336907.0
gnn_joint,none,5,PortScan,all,n_attack,78067.0
gnn_joint,none,5,PortScan,all,accuracy,0.9538621696781003
gnn_joint,none,5,PortScan,all,macro_f1,0.7728883280062099
gnn_joint,none,5,PortScan,all,fpr,0.00011279077015318768
gnn_joint,none,5,PortScan,all,detection_rate,0.9979889069645305
gnn_joint,none,5,PortScan,all,binary_f1,0.9987501201807518
gnn_joint,none,6,DDoS,task0,n,138702.0
gnn_joint,none,6,DDoS,task0,n_benign,137344.0
gnn_joint,none,6,DDoS,task0,n_attack,1358.0
gnn_joint,none,6,DDoS,task0,accuracy,0.9997981283615233
gnn_joint,none,6,DDoS,task0,macro_f1,0.9959194750277873
gnn_joint,none,6,DDoS,task0,fpr,0.00013833876980428705
gnn_joint,none,6,DDoS,task0,detection_rate,0.9992636229749632
gnn_joint,none,6,DDoS,task0,binary_f1,0.9926847110460864
gnn_joint,none,6,DDoS,task0,category_recall,0.9933726067746687
gnn_joint,none,6,DDoS,task1,n,96639.0
gnn_joint,none,6,DDoS,task1,n_benign,76782.0
gnn_joint,none,6,DDoS,task1,n_attack,19857.0
gnn_joint,none,6,DDoS,task1,accuracy,0.9872308281335692
gnn_joint,none,6,DDoS,task1,macro_f1,0.9837891566379053
gnn_joint,none,6,DDoS,task1,fpr,0.0007553853767810163
gnn_joint,none,6,DDoS,task1,detection_rate,0.999446039180138
gnn_joint,none,6,DDoS,task1,binary_f1,0.9982646311712482
gnn_joint,none,6,DDoS,task1,category_recall,0.9407765523492975
gnn_joint,none,6,DDoS,task2,n,21631.0
gnn_joint,none,6,DDoS,task2,n_benign,21610.0
gnn_joint,none,6,DDoS,task2,n_attack,21.0
gnn_joint,none,6,DDoS,task2,accuracy,0.999399010679118
gnn_joint,none,6,DDoS,task2,macro_f1,0.7757117208518078
gnn_joint,none,6,DDoS,task2,fpr,0.0
gnn_joint,none,6,DDoS,task2,detection_rate,0.38095238095238093
gnn_joint,none,6,DDoS,task2,binary_f1,0.5517241379310345
gnn_joint,none,6,DDoS,task2,category_recall,0.38095238095238093
gnn_joint,none,6,DDoS,task3,n,50445.0
gnn_joint,none,6,DDoS,task3,n_benign,32949.0
gnn_joint,none,6,DDoS,task3,n_attack,17496.0
gnn_joint,none,6,DDoS,task3,accuracy,0.9996233521657251
gnn_joint,none,6,DDoS,task3,macro_f1,0.9995842635612635
gnn_joint,none,6,DDoS,task3,fpr,6.069986949528059e-05
gnn_joint,none,6,DDoS,task3,detection_rate,0.9990283493369914
gnn_joint,none,6,DDoS,task3,binary_f1,0.9994567858878691
gnn_joint,none,6,DDoS,task3,category_recall,0.9990283493369914
gnn_joint,none,6,DDoS,task4,n,27642.0
gnn_joint,none,6,DDoS,task4,n_benign,27385.0
gnn_joint,none,6,DDoS,task4,n_attack,257.0
gnn_joint,none,6,DDoS,task4,accuracy,1.0
gnn_joint,none,6,DDoS,task4,macro_f1,1.0
gnn_joint,none,6,DDoS,task4,fpr,0.0
gnn_joint,none,6,DDoS,task4,detection_rate,1.0
gnn_joint,none,6,DDoS,task4,binary_f1,1.0
gnn_joint,none,6,DDoS,task4,category_recall,1.0
gnn_joint,none,6,DDoS,task5,n,51117.0
gnn_joint,none,6,DDoS,task5,n_benign,31046.0
gnn_joint,none,6,DDoS,task5,n_attack,20071.0
gnn_joint,none,6,DDoS,task5,accuracy,0.9993348592444784
gnn_joint,none,6,DDoS,task5,macro_f1,0.999302506963613
gnn_joint,none,6,DDoS,task5,fpr,0.0
gnn_joint,none,6,DDoS,task5,detection_rate,0.998306013651537
gnn_joint,none,6,DDoS,task5,binary_f1,0.9991522888201855
gnn_joint,none,6,DDoS,task5,category_recall,0.998306013651537
gnn_joint,none,6,DDoS,task6,n,28798.0
gnn_joint,none,6,DDoS,task6,n_benign,9791.0
gnn_joint,none,6,DDoS,task6,n_attack,19007.0
gnn_joint,none,6,DDoS,task6,accuracy,1.0
gnn_joint,none,6,DDoS,task6,macro_f1,1.0
gnn_joint,none,6,DDoS,task6,fpr,0.0
gnn_joint,none,6,DDoS,task6,detection_rate,1.0
gnn_joint,none,6,DDoS,task6,binary_f1,1.0
gnn_joint,none,6,DDoS,task6,category_recall,1.0
gnn_joint,none,6,DDoS,seen,n,414974.0
gnn_joint,none,6,DDoS,seen,n_benign,336907.0
gnn_joint,none,6,DDoS,seen,n_attack,78067.0
gnn_joint,none,6,DDoS,seen,accuracy,0.9967997995055112
gnn_joint,none,6,DDoS,seen,macro_f1,0.9349945875620208
gnn_joint,none,6,DDoS,seen,fpr,0.00023448607479215332
gnn_joint,none,6,DDoS,seen,detection_rate,0.9990264772567153
gnn_joint,none,6,DDoS,seen,binary_f1,0.9990072820663904
gnn_joint,none,6,DDoS,all,n,414974.0
gnn_joint,none,6,DDoS,all,n_benign,336907.0
gnn_joint,none,6,DDoS,all,n_attack,78067.0
gnn_joint,none,6,DDoS,all,accuracy,0.9967997995055112
gnn_joint,none,6,DDoS,all,macro_f1,0.9349945875620208
gnn_joint,none,6,DDoS,all,fpr,0.00023448607479215332
gnn_joint,none,6,DDoS,all,detection_rate,0.9990264772567153
gnn_joint,none,6,DDoS,all,binary_f1,0.9990072820663904
ffnn_joint,none,0,BruteForce,task0,n,138702.0
ffnn_joint,none,0,BruteForce,task0,n_benign,137344.0
ffnn_joint,none,0,BruteForce,task0,n_attack,1358.0
ffnn_joint,none,0,BruteForce,task0,accuracy,0.9998990641807617
ffnn_joint,none,0,BruteForce,task0,macro_f1,0.9973857602591747
ffnn_joint,none,0,BruteForce,task0,fpr,7.28098788443616e-06
ffnn_joint,none,0,BruteForce,task0,detection_rate,0.9904270986745214
ffnn_joint,none,0,BruteForce,task0,binary_f1,0.9948224852071006
ffnn_joint,none,0,BruteForce,task0,category_recall,0.9904270986745214
ffnn_joint,none,0,BruteForce,task1,n,96639.0
ffnn_joint,none,0,BruteForce,task1,n_benign,76782.0
ffnn_joint,none,0,BruteForce,task1,n_attack,19857.0
ffnn_joint,none,0,BruteForce,task1,accuracy,0.7945239499580915
ffnn_joint,none,0,BruteForce,task1,macro_f1,0.44274914802705556
ffnn_joint,none,0,BruteForce,task1,fpr,0.0
ffnn_joint,none,0,BruteForce,task1,detection_rate,0.0
ffnn_joint,none,0,BruteForce,task1,binary_f1,0.0
ffnn_joint,none,0,BruteForce,task1,category_recall,0.0
ffnn_joint,none,0,BruteForce,task2,n,21631.0
ffnn_joint,none,0,BruteForce,task2,n_benign,21610.0
ffnn_joint,none,0,BruteForce,task2,n_attack,21.0
ffnn_joint,none,0,BruteForce,task2,accuracy,0.9990291710970367
ffnn_joint,none,0,BruteForce,task2,macro_f1,0.4997571749034481
ffnn_joint,none,0,BruteForce,task2,fpr,0.0
ffnn_joint,none,0,BruteForce,task2,detection_rate,0.0
ffnn_joint,none,0,BruteForce,task2,binary_f1,0.0
ffnn_joint,none,0,BruteForce,task2,category_recall,0.0
ffnn_joint,none,0,BruteForce,task3,n,50445.0
ffnn_joint,none,0,BruteForce,task3,n_benign,32949.0
ffnn_joint,none,0,BruteForce,task3,n_attack,17496.0
ffnn_joint,none,0,BruteForce,task3,accuracy,0.6531668153434433
ffnn_joint,none,0,BruteForce,task3,macro_f1,0.39510984267075977
ffnn_joint,none,0,BruteForce,task3,fpr,0.0
ffnn_joint,none,0,BruteForce,task3,detection_rate,0.00011431184270690443
ffnn_joint,none,0,BruteForce,task3,binary_f1,0.00022859755400617213
ffnn_joint,none,0,BruteForce,task3,category_recall,0.0
ffnn_joint,none,0,BruteForce,task4,n,27642.0
ffnn_joint,none,0,BruteForce,task4,n_benign,27385.0
ffnn_joint,none,0,BruteForce,task4,n_attack,257.0
ffnn_joint,none,0,BruteForce,task4,accuracy,0.9907025540843644
ffnn_joint,none,0,BruteForce,task4,macro_f1,0.49766478274301706
ffnn_joint,none,0,BruteForce,task4,fpr,0.0
ffnn_joint,none,0,BruteForce,task4,detection_rate,0.0
ffnn_joint,none,0,BruteForce,task4,binary_f1,0.0
ffnn_joint,none,0,BruteForce,task4,category_recall,0.0
ffnn_joint,none,0,BruteForce,task5,n,51117.0
ffnn_joint,none,0,BruteForce,task5,n_benign,31046.0
ffnn_joint,none,0,BruteForce,task5,n_attack,20071.0
ffnn_joint,none,0,BruteForce,task5,accuracy,0.6073517616448539
ffnn_joint,none,0,BruteForce,task5,macro_f1,0.37785864683616716
ffnn_joint,none,0,BruteForce,task5,fpr,0.0
ffnn_joint,none,0,BruteForce,task5,detection_rate,0.0
ffnn_joint,none,0,BruteForce,task5,binary_f1,0.0
ffnn_joint,none,0,BruteForce,task5,category_recall,0.0
ffnn_joint,none,0,BruteForce,task6,n,28798.0
ffnn_joint,none,0,BruteForce,task6,n_benign,9791.0
ffnn_joint,none,0,BruteForce,task6,n_attack,19007.0
ffnn_joint,none,0,BruteForce,task6,accuracy,0.33991943884992015
ffnn_joint,none,0,BruteForce,task6,macro_f1,0.2536864747194651
ffnn_joint,none,0,BruteForce,task6,fpr,0.0002042692268409764
ffnn_joint,none,0,BruteForce,task6,detection_rate,0.0
ffnn_joint,none,0,BruteForce,task6,binary_f1,0.0
ffnn_joint,none,0,BruteForce,task6,category_recall,0.0
ffnn_joint,none,0,BruteForce,seen,n,138702.0
ffnn_joint,none,0,BruteForce,seen,n_benign,137344.0
ffnn_joint,none,0,BruteForce,seen,n_attack,1358.0
ffnn_joint,none,0,BruteForce,seen,accuracy,0.9998990641807617
ffnn_joint,none,0,BruteForce,seen,macro_f1,0.9973857602591747
ffnn_joint,none,0,BruteForce,seen,fpr,7.28098788443616e-06
ffnn_joint,none,0,BruteForce,seen,detection_rate,0.9904270986745214
ffnn_joint,none,0,BruteForce,seen,binary_f1,0.9948224852071006
ffnn_joint,none,0,BruteForce,all,n,414974.0
ffnn_joint,none,0,BruteForce,all,n_benign,336907.0
ffnn_joint,none,0,BruteForce,all,n_attack,78067.0
ffnn_joint,none,0,BruteForce,all,accuracy,0.8151088983888147
ffnn_joint,none,0,BruteForce,all,macro_f1,0.236391008750246
ffnn_joint,none,0,BruteForce,all,fpr,8.904534485777975e-06
ffnn_joint,none,0,BruteForce,all,detection_rate,0.017254409673741786
ffnn_joint,none,0,BruteForce,all,binary_f1,0.033922208091466566
ffnn_joint,none,1,DoS,task0,n,138702.0
ffnn_joint,none,1,DoS,task0,n_benign,137344.0
ffnn_joint,none,1,DoS,task0,n_attack,1358.0
ffnn_joint,none,1,DoS,task0,accuracy,0.9999423223890066
ffnn_joint,none,1,DoS,task0,macro_f1,0.99924906078714
ffnn_joint,none,1,DoS,task0,fpr,4.3685927306616964e-05
ffnn_joint,none,1,DoS,task0,detection_rate,0.9985272459499264
ffnn_joint,none,1,DoS,task0,binary_f1,0.9970588235294118
ffnn_joint,none,1,DoS,task0,category_recall,0.9985272459499264
ffnn_joint,none,1,DoS,task1,n,96639.0
ffnn_joint,none,1,DoS,task1,n_benign,76782.0
ffnn_joint,none,1,DoS,task1,n_attack,19857.0
ffnn_joint,none,1,DoS,task1,accuracy,0.9279483438363394
ffnn_joint,none,1,DoS,task1,macro_f1,0.8720161829315697
ffnn_joint,none,1,DoS,task1,fpr,1.3023885806569248e-05
ffnn_joint,none,1,DoS,task1,detection_rate,0.6493931611018784
ffnn_joint,none,1,DoS,task1,binary_f1,0.7874087869813452
ffnn_joint,none,1,DoS,task1,category_recall,0.6493931611018784
ffnn_joint,none,1,DoS,task2,n,21631.0
ffnn_joint,none,1,DoS,task2,n_benign,21610.0
ffnn_joint,none,1,DoS,task2,n_attack,21.0
ffnn_joint,none,1,DoS,task2,accuracy,0.9990291710970367
ffnn_joint,none,1,DoS,task2,macro_f1,0.4997571749034481
ffnn_joint,none,1,DoS,task2,fpr,0.0
ffnn_joint,none,1,DoS,task2,detection_rate,0.0
ffnn_joint,none,1,DoS,task2,binary_f1,0.0
ffnn_joint,none,1,DoS,task2,category_recall,0.0
ffnn_joint,none,1,DoS,task3,n,50445.0
ffnn_joint,none,1,DoS,task3,n_benign,32949.0
ffnn_joint,none,1,DoS,task3,n_attack,17496.0
ffnn_joint,none,1,DoS,task3,accuracy,0.6531668153434433
ffnn_joint,none,1,DoS,task3,macro_f1,0.39510984267075977
ffnn_joint,none,1,DoS,task3,fpr,0.0
ffnn_joint,none,1,DoS,task3,detection_rate,0.00011431184270690443
ffnn_joint,none,1,DoS,task3,binary_f1,0.00022859755400617213
ffnn_joint,none,1,DoS,task3,category_recall,0.0
ffnn_joint,none,1,DoS,task4,n,27642.0
ffnn_joint,none,1,DoS,task4,n_benign,27385.0
ffnn_joint,none,1,DoS,task4,n_attack,257.0
ffnn_joint,none,1,DoS,task4,accuracy,0.9907025540843644
ffnn_joint,none,1,DoS,task4,macro_f1,0.49766478274301706
ffnn_joint,none,1,DoS,task4,fpr,0.0
ffnn_joint,none,1,DoS,task4,detection_rate,0.0
ffnn_joint,none,1,DoS,task4,binary_f1,0.0
ffnn_joint,none,1,DoS,task4,category_recall,0.0
ffnn_joint,none,1,DoS,task5,n,51117.0
ffnn_joint,none,1,DoS,task5,n_benign,31046.0
ffnn_joint,none,1,DoS,task5,n_attack,20071.0
ffnn_joint,none,1,DoS,task5,accuracy,0.6073517616448539
ffnn_joint,none,1,DoS,task5,macro_f1,0.37810715025149494
ffnn_joint,none,1,DoS,task5,fpr,0.0
ffnn_joint,none,1,DoS,task5,detection_rate,0.0026904489063823427
ffnn_joint,none,1,DoS,task5,binary_f1,0.005366459627329193
ffnn_joint,none,1,DoS,task5,category_recall,0.0
ffnn_joint,none,1,DoS,task6,n,28798.0
ffnn_joint,none,1,DoS,task6,n_benign,9791.0
ffnn_joint,none,1,DoS,task6,n_attack,19007.0
ffnn_joint,none,1,DoS,task6,accuracy,0.33988471421626504
ffnn_joint,none,1,DoS,task6,macro_f1,0.3552168390491744
ffnn_joint,none,1,DoS,task6,fpr,0.0003064038402614646
ffnn_joint,none,1,DoS,task6,detection_rate,0.580365128636818
ffnn_joint,none,1,DoS,task6,binary_f1,0.7343963250224693
ffnn_joint,none,1,DoS,task6,category_recall,0.0
ffnn_joint,none,1,DoS,seen,n,235341.0
ffnn_joint,none,1,DoS,seen,n_benign,214126.0
ffnn_joint,none,1,DoS,seen,n_attack,21215.0
ffnn_joint,none,1,DoS,seen,accuracy,0.9703791519539732
ffnn_joint,none,1,DoS,seen,macro_f1,0.923274096623062
ffnn_joint,none,1,DoS,seen,fpr,3.2691032382802646e-05
ffnn_joint,none,1,DoS,seen,detection_rate,0.6717416921989159
ffnn_joint,none,1,DoS,seen,binary_f1,0.8034843402024074
ffnn_joint,none,1,DoS,all,n,414974.0
ffnn_joint,none,1,DoS,all,n_benign,336907.0
ffnn_joint,none,1,DoS,all,n_attack,78067.0
ffnn_joint,none,1,DoS,all,accuracy,0.8461927735231605
ffnn_joint,none,1,DoS,all,macro_f1,0.3140438932153854
ffnn_joint,none,1,DoS,all,fpr,2.9681781619259915e-05
ffnn_joint,none,1,DoS,all,detection_rate,0.32456735880717846
ffnn_joint,none,1,DoS,all,binary_f1,0.4900256249093458
ffnn_joint,none,2,WebAttack,task0,n,138702.0
ffnn_joint,none,2,WebAttack,task0,n_benign,137344.0
ffnn_joint,none,2,WebAttack,task0,n_attack,1358.0
ffnn_joint,none,2,WebAttack,task0,accuracy,0.9999711611945034
ffnn_joint,none,2,WebAttack,task0,macro_f1,0.9996242591742379
ffnn_joint,none,2,WebAttack,task0,fpr,1.456197576887232e-05
ffnn_joint,none,2,WebAttack,task0,detection_rate,0.9985272459499264
ffnn_joint,none,2,WebAttack,task0,binary_f1,0.9985272459499264
ffnn_joint,none,2,WebAttack,task0,category_recall,0.9985272459499264
ffnn_joint,none,2,WebAttack,task1,n,96639.0
ffnn_joint,none,2,WebAttack,task1,n_benign,76782.0
ffnn_joint,none,2,WebAttack,task1,n_attack,19857.0
ffnn_joint,none,2,WebAttack,task1,accuracy,0.9263651320895291
ffnn_joint,none,2,WebAttack,task1,macro_f1,0.8687088089314505
ffnn_joint,none,2,WebAttack,task1,fpr,0.0
ffnn_joint,none,2,WebAttack,task1,detection_rate,0.6416377096238103
ffnn_joint,none,2,WebAttack,task1,binary_f1,0.781704399042886
ffnn_joint,none,2,WebAttack,task1,category_recall,0.6416377096238103
ffnn_joint,none,2,WebAttack,task2,n,21631.0
ffnn_joint,none,2,WebAttack,task2,n_benign,21610.0
ffnn_joint,none,2,WebAttack,task2,n_attack,21.0
ffnn_joint,none,2,WebAttack,task2,accuracy,0.9993527807313578
ffnn_joint,none,2,WebAttack,task2,macro_f1,0.7757001518670716
ffnn_joint,none,2,WebAttack,task2,fpr,4.6274872744099955e-05
ffnn_joint,none,2,WebAttack,task2,detection_rate,0.38095238095238093
ffnn_joint,none,2,WebAttack,task2,binary_f1,0.5333333333333333
ffnn_joint,none,2,WebAttack,task2,category_recall,0.38095238095238093
ffnn_joint,none,2,WebAttack,task3,n,50445.0
ffnn_joint,none,2,WebAttack,task3,n_benign,32949.0
ffnn_joint,none,2,WebAttack,task3,n_attack,17496.0
ffnn_joint,none,2,WebAttack,task3,accuracy,0.6531668153434433
ffnn_joint,none,2,WebAttack,task3,macro_f1,0.39511931886317303
ffnn_joint,none,2,WebAttack,task3,fpr,0.0
ffnn_joint,none,2,WebAttack,task3,detection_rate,0.00022862368541380886
ffnn_joint,none,2,WebAttack,task3,binary_f1,0.00045714285714285713
ffnn_joint,none,2,WebAttack,task3,category_recall,0.0
ffnn_joint,none,2,WebAttack,task4,n,27642.0
ffnn_joint,none,2,WebAttack,task4,n_benign,27385.0
ffnn_joint,none,2,WebAttack,task4,n_attack,257.0
ffnn_joint,none,2,WebAttack,task4,accuracy,0.9907025540843644
ffnn_joint,none,2,WebAttack,task4,macro_f1,0.49766478274301706
ffnn_joint,none,2,WebAttack,task4,fpr,0.0
ffnn_joint,none,2,WebAttack,task4,detection_rate,0.0
ffnn_joint,none,2,WebAttack,task4,binary_f1,0.0
ffnn_joint,none,2,WebAttack,task4,category_recall,0.0
ffnn_joint,none,2,WebAttack,task5,n,51117.0
ffnn_joint,none,2,WebAttack,task5,n_benign,31046.0
ffnn_joint,none,2,WebAttack,task5,n_attack,20071.0
ffnn_joint,none,2,WebAttack,task5,accuracy,0.6073517616448539
ffnn_joint,none,2,WebAttack,task5,macro_f1,0.37797365409432904
ffnn_joint,none,2,WebAttack,task5,fpr,0.0
ffnn_joint,none,2,WebAttack,task5,detection_rate,0.0012455781973992328
ffnn_joint,none,2,WebAttack,task5,binary_f1,0.002488057324840764
ffnn_joint,none,2,WebAttack,task5,category_recall,0.0
ffnn_joint,none,2,WebAttack,task6,n,28798.0
ffnn_joint,none,2,WebAttack,task6,n_benign,9791.0
ffnn_joint,none,2,WebAttack,task6,n_attack,19007.0
ffnn_joint,none,2,WebAttack,task6,accuracy,0.3399888881172304
ffnn_joint,none,2,WebAttack,task6,macro_f1,0.3212797374897457
ffnn_joint,none,2,WebAttack,task6,fpr,0.0
ffnn_joint,none,2,WebAttack,task6,detection_rate,0.42689535434313675
ffnn_joint,none,2,WebAttack,task6,binary_f1,0.5983555178643856
ffnn_joint,none,2,WebAttack,task6,category_recall,0.0
ffnn_joint,none,2,WebAttack,seen,n,256972.0
ffnn_joint,none,2,WebAttack,seen,n_benign,235736.0
ffnn_joint,none,2,WebAttack,seen,n_attack,21236.0
ffnn_joint,none,2,WebAttack,seen,accuracy,0.9722382205065143
ffnn_joint,none,2,WebAttack,seen,macro_f1,0.8294284269386099
ffnn_joint,none,2,WebAttack,seen,fpr,1.2726100383479825e-05
ffnn_joint,none,2,WebAttack,seen,detection_rate,0.6642022979845545
ffnn_joint,none,2,WebAttack,seen,binary_f1,0.7981552738795835
ffnn_joint,none,2,WebAttack,all,n,414974.0
ffnn_joint,none,2,WebAttack,all,n_benign,336907.0
ffnn_joint,none,2,WebAttack,all,n_attack,78067.0
ffnn_joint,none,2,WebAttack,all,accuracy,0.8458578127786319
ffnn_joint,none,2,WebAttack,all,macro_f1,0.3873110008337566
ffnn_joint,none,2,WebAttack,all,fpr,8.904534485777975e-06
ffnn_joint,none,2,WebAttack,all,detection_rate,0.28498597358679084
ffnn_joint,none,2,WebAttack,all,binary_f1,0.44354951255009073
ffnn_joint,none,3,Infiltration,task0,n,138702.0
ffnn_joint,none,3,Infiltration,task0,n_benign,137344.0
ffnn_joint,none,3,Infiltration,task0,n_attack,1358.0
ffnn_joint,none,3,Infiltration,task0,accuracy,0.9997116119450332
ffnn_joint,none,3,Infiltration,task0,macro_f1,0.9984591797548579
ffnn_joint,none,3,Infiltration,task0,fpr,0.00023299161230195712
ffnn_joint,none,3,Infiltration,task0,detection_rate,0.9977908689248896
ffnn_joint,none,3,Infiltration,task0,binary_f1,0.9872495446265938
ffnn_joint,none,3,Infiltration,task0,category_recall,0.9941089837997055
ffnn_joint,none,3,Infiltration,task1,n,96639.0
ffnn_joint,none,3,Infiltration,task1,n_benign,76782.0
ffnn_joint,none,3,Infiltration,task1,n_attack,19857.0
ffnn_joint,none,3,Infiltration,task1,accuracy,0.9249267893914466
ffnn_joint,none,3,Infiltration,task1,macro_f1,0.8657540376026676
ffnn_joint,none,3,Infiltration,task1,fpr,2.6047771613138496e-05
ffnn_joint,none,3,Infiltration,task1,detection_rate,0.6352419801581306
ffnn_joint,none,3,Infiltration,task1,binary_f1,0.7768915714593663
ffnn_joint,none,3,Infiltration,task1,category_recall,0.6347383794128015
ffnn_joint,none,3,Infiltration,task2,n,21631.0
ffnn_joint,none,3,Infiltration,task2,n_benign,21610.0
ffnn_joint,none,3,Infiltration,task2,n_attack,21.0
ffnn_joint,none,3,Infiltration,task2,accuracy,0.9993527807313578
ffnn_joint,none,3,Infiltration,task2,macro_f1,0.7757001518670716
ffnn_joint,none,3,Infiltration,task2,fpr,4.6274872744099955e-05
ffnn_joint,none,3,Infiltration,task2,detection_rate,0.38095238095238093
ffnn_joint,none,3,Infiltration,task2,binary_f1,0.5333333333333333
ffnn_joint,none,3,Infiltration,task2,category_recall,0.38095238095238093
ffnn_joint,none,3,Infiltration,task3,n,50445.0
ffnn_joint,none,3,Infiltration,task3,n_benign,32949.0
ffnn_joint,none,3,Infiltration,task3,n_attack,17496.0
ffnn_joint,none,3,Infiltration,task3,accuracy,0.9993854693230251
ffnn_joint,none,3,Infiltration,task3,macro_f1,0.9993512835453086
ffnn_joint,none,3,Infiltration,task3,fpr,0.0004855989559622447
ffnn_joint,none,3,Infiltration,task3,detection_rate,0.9992569730224051
ffnn_joint,none,3,Infiltration,task3,binary_f1,0.9991713101871696
ffnn_joint,none,3,Infiltration,task3,category_recall,0.9991426611796982
ffnn_joint,none,3,Infiltration,task4,n,27642.0
ffnn_joint,none,3,Infiltration,task4,n_benign,27385.0
ffnn_joint,none,3,Infiltration,task4,n_attack,257.0
ffnn_joint,none,3,Infiltration,task4,accuracy,0.9901237247666594
ffnn_joint,none,3,Infiltration,task4,macro_f1,0.4975186780825653
ffnn_joint,none,3,Infiltration,task4,fpr,0.0005842614570020084
ffnn_joint,none,3,Infiltration,task4,detection_rate,0.0
ffnn_joint,none,3,Infiltration,task4,binary_f1,0.0
ffnn_joint,none,3,Infiltration,task4,category_recall,0.0
ffnn_joint,none,3,Infiltration,task5,n,51117.0
ffnn_joint,none,3,Infiltration,task5,n_benign,31046.0
ffnn_joint,none,3,Infiltration,task5,n_attack,20071.0
ffnn_joint,none,3,Infiltration,task5,accuracy,0.6072343838644678
ffnn_joint,none,3,Infiltration,task5,macro_f1,0.49789070144202235
ffnn_joint,none,3,Infiltration,task5,fpr,0.00019326161180184241
ffnn_joint,none,3,Infiltration,task5,detection_rate,0.9871954561307359
ffnn_joint,none,3,Infiltration,task5,binary_f1,0.993407034168108
ffnn_joint,none,3,Infiltration,task5,category_recall,0.0
ffnn_joint,none,3,Infiltration,task6,n,28798.0
ffnn_joint,none,3,Infiltration,task6,n_benign,9791.0
ffnn_joint,none,3,Infiltration,task6,n_attack,19007.0
ffnn_joint,none,3,Infiltration,task6,accuracy,0.3396069171470241
ffnn_joint,none,3,Infiltration,task6,macro_f1,0.32230424466121804
ffnn_joint,none,3,Infiltration,task6,fpr,0.0011234807476253703
ffnn_joint,none,3,Infiltration,task6,detection_rate,0.433208817803967
ffnn_joint,none,3,Infiltration,task6,binary_f1,0.604285923968883
ffnn_joint,none,3,Infiltration,task6,category_recall,0.0
ffnn_joint,none,3,Infiltration,seen,n,307417.0
ffnn_joint,none,3,Infiltration,seen,n_benign,268685.0
ffnn_joint,none,3,Infiltration,seen,n_attack,38732.0
ffnn_joint,none,3,Infiltration,seen,accuracy,0.9761236366238693
ffnn_joint,none,3,Infiltration,seen,macro_f1,0.8033614564984942
ffnn_joint,none,3,Infiltration,seen,fpr,0.00018981335020563112
ffnn_joint,none,3,Infiltration,seen,detection_rate,0.8122482701642053
ffnn_joint,none,3,Infiltration,seen,binary_f1,0.8957476189798271
ffnn_joint,none,3,Infiltration,all,n,414974.0
ffnn_joint,none,3,Infiltration,all,n_benign,336907.0
ffnn_joint,none,3,Infiltration,all,n_attack,78067.0
ffnn_joint,none,3,Infiltration,all,accuracy,0.8874435506802836
ffnn_joint,none,3,Infiltration,all,macro_f1,0.4258552441712909
ffnn_joint,none,3,Infiltration,all,fpr,0.0002493269656017833
ffnn_joint,none,3,Infiltration,all,detection_rate,0.7622683079918532
ffnn_joint,none,3,Infiltration,all,binary_f1,0.8645711504514779
ffnn_joint,none,4,Botnet,task0,n,138702.0
ffnn_joint,none,4,Botnet,task0,n_benign,137344.0
ffnn_joint,none,4,Botnet,task0,n_attack,1358.0
ffnn_joint,none,4,Botnet,task0,accuracy,0.999956741791755
ffnn_joint,none,4,Botnet,task0,macro_f1,0.9992516154708483
ffnn_joint,none,4,Botnet,task0,fpr,1.456197576887232e-05
ffnn_joint,none,4,Botnet,task0,detection_rate,0.9970544918998527
ffnn_joint,none,4,Botnet,task0,binary_f1,0.997789240972734
ffnn_joint,none,4,Botnet,task0,category_recall,0.9970544918998527
ffnn_joint,none,4,Botnet,task1,n,96639.0
ffnn_joint,none,4,Botnet,task1,n_benign,76782.0
ffnn_joint,none,4,Botnet,task1,n_attack,19857.0
ffnn_joint,none,4,Botnet,task1,accuracy,0.9262306108299961
ffnn_joint,none,4,Botnet,task1,macro_f1,0.86842712700096
ffnn_joint,none,4,Botnet,task1,fpr,0.0
ffnn_joint,none,4,Botnet,task1,detection_rate,0.6409830286548824
ffnn_joint,none,4,Botnet,task1,binary_f1,0.7812183520024552
ffnn_joint,none,4,Botnet,task1,category_recall,0.6409830286548824
ffnn_joint,none,4,Botnet,task2,n,21631.0
ffnn_joint,none,4,Botnet,task2,n_benign,21610.0
ffnn_joint,none,4,Botnet,task2,n_attack,21.0
ffnn_joint,none,4,Botnet,task2,accuracy,0.9993065507835976
ffnn_joint,none,4,Botnet,task2,macro_f1,0.7756885823471185
ffnn_joint,none,4,Botnet,task2,fpr,9.254974548819991e-05
ffnn_joint,none,4,Botnet,task2,detection_rate,0.38095238095238093
ffnn_joint,none,4,Botnet,task2,binary_f1,0.5161290322580645
ffnn_joint,none,4,Botnet,task2,category_recall,0.38095238095238093
ffnn_joint,none,4,Botnet,task3,n,50445.0
ffnn_joint,none,4,Botnet,task3,n_benign,32949.0
ffnn_joint,none,4,Botnet,task3,n_attack,17496.0
ffnn_joint,none,4,Botnet,task3,accuracy,0.9993458221825751
ffnn_joint,none,4,Botnet,task3,macro_f1,0.9992778345119477
ffnn_joint,none,4,Botnet,task3,fpr,0.00012139973899056118
ffnn_joint,none,4,Botnet,task3,detection_rate,0.9983424782807498
ffnn_joint,none,4,Botnet,task3,binary_f1,0.9990562530385793
ffnn_joint,none,4,Botnet,task3,category_recall,0.9983424782807498
ffnn_joint,none,4,Botnet,task4,n,27642.0
ffnn_joint,none,4,Botnet,task4,n_benign,27385.0
ffnn_joint,none,4,Botnet,task4,n_attack,257.0
ffnn_joint,none,4,Botnet,task4,accuracy,1.0
ffnn_joint,none,4,Botnet,task4,macro_f1,1.0
ffnn_joint,none,4,Botnet,task4,fpr,0.0
ffnn_joint,none,4,Botnet,task4,detection_rate,1.0
ffnn_joint,none,4,Botnet,task4,binary_f1,1.0
ffnn_joint,none,4,Botnet,task4,category_recall,1.0
ffnn_joint,none,4,Botnet,task5,n,51117.0
ffnn_joint,none,4,Botnet,task5,n_benign,31046.0
ffnn_joint,none,4,Botnet,task5,n_attack,20071.0
ffnn_joint,none,4,Botnet,task5,accuracy,0.6073126357180586
ffnn_joint,none,4,Botnet,task5,macro_f1,0.49798681403294887
ffnn_joint,none,4,Botnet,task5,fpr,6.44205372672808e-05
ffnn_joint,none,4,Botnet,task5,detection_rate,0.9875940411539036
ffnn_joint,none,4,Botnet,task5,binary_f1,0.9937084847725279
ffnn_joint,none,4,Botnet,task5,category_recall,0.0
ffnn_joint,none,4,Botnet,task6,n,28798.0
ffnn_joint,none,4,Botnet,task6,n_benign,9791.0
ffnn_joint,none,4,Botnet,task6,n_attack,19007.0
ffnn_joint,none,4,Botnet,task6,accuracy,0.3399888881172304
ffnn_joint,none,4,Botnet,task6,macro_f1,0.33260862180249345
ffnn_joint,none,4,Botnet,task6,fpr,0.0
ffnn_joint,none,4,Botnet,task6,detection_rate,0.48150681327931816
ffnn_joint,none,4,Botnet,task6,binary_f1,0.6500230832060797
ffnn_joint,none,4,Botnet,task6,category_recall,0.0
ffnn_joint,none,4,Botnet,seen,n,335059.0
ffnn_joint,none,4,Botnet,seen,n_benign,296070.0
ffnn_joint,none,4,Botnet,seen,n_attack,38989.0
ffnn_joint,none,4,Botnet,seen,accuracy,0.9785619846056963
ffnn_joint,none,4,Botnet,seen,macro_f1,0.8857682988601189
ffnn_joint,none,4,Botnet,seen,fpr,2.7020637011517545e-05
ffnn_joint,none,4,Botnet,seen,detection_rate,0.8159737361820001
ffnn_joint,none,4,Botnet,seen,binary_f1,0.8985609580432419
ffnn_joint,none,4,Botnet,all,n,414974.0
ffnn_joint,none,4,Botnet,all,n_benign,336907.0
ffnn_joint,none,4,Botnet,all,n_attack,78067.0
ffnn_joint,none,4,Botnet,all,accuracy,0.8885159070206808
ffnn_joint,none,4,Botnet,all,macro_f1,0.5970993846356996
ffnn_joint,none,4,Botnet,all,fpr,2.9681781619259915e-05
ffnn_joint,none,4,Botnet,all,detection_rate,0.7786644805103309
ffnn_joint,none,4,Botnet,all,binary_f1,0.8754977856191265
ffnn_joint,none,5,PortScan,task0,n,138702.0
ffnn_joint,none,5,PortScan,task0,n_benign,137344.0
ffnn_joint,none,5,PortScan,task0,n_attack,1358.0
ffnn_joint,none,5,PortScan,task0,accuracy,0.9998846447780133
ffnn_joint,none,5,PortScan,task0,macro_f1,0.999417981512311
ffnn_joint,none,5,PortScan,task0,fpr,9.465284249767009e-05
ffnn_joint,none,5,PortScan,task0,detection_rate,0.9977908689248896
ffnn_joint,none,5,PortScan,task0,binary_f1,0.9941305942773294
ffnn_joint,none,5,PortScan,task0,category_recall,0.9977908689248896
ffnn_joint,none,5,PortScan,task1,n,96639.0
ffnn_joint,none,5,PortScan,task1,n_benign,76782.0
ffnn_joint,none,5,PortScan,task1,n_attack,19857.0
ffnn_joint,none,5,PortScan,task1,accuracy,0.9286830368691729
ffnn_joint,none,5,PortScan,task1,macro_f1,0.8735331523183423
ffnn_joint,none,5,PortScan,task1,fpr,0.0
ffnn_joint,none,5,PortScan,task1,detection_rate,0.6529183663191821
ffnn_joint,none,5,PortScan,task1,binary_f1,0.7900188897690573
ffnn_joint,none,5,PortScan,task1,category_recall,0.6529183663191821
ffnn_joint,none,5,PortScan,task2,n,21631.0
ffnn_joint,none,5,PortScan,task2,n_benign,21610.0
ffnn_joint,none,5,PortScan,task2,n_attack,21.0
ffnn_joint,none,5,PortScan,task2,accuracy,0.9992603208358375
ffnn_joint,none,5,PortScan,task2,macro_f1,0.775677012291911
ffnn_joint,none,5,PortScan,task2,fpr,0.00013882461823229986
ffnn_joint,none,5,PortScan,task2,detection_rate,0.38095238095238093
ffnn_joint,none,5,PortScan,task2,binary_f1,0.5
ffnn_joint,none,5,PortScan,task2,category_recall,0.38095238095238093
ffnn_joint,none,5,PortScan,task3,n,50445.0
ffnn_joint,none,5,PortScan,task3,n_benign,32949.0
ffnn_joint,none,5,PortScan,task3,n_attack,17496.0
ffnn_joint,none,5,PortScan,task3,accuracy,0.9566458519179304
ffnn_joint,none,5,PortScan,task3,macro_f1,0.9665448780837347
ffnn_joint,none,5,PortScan,task3,fpr,0.00012139973899056118
ffnn_joint,none,5,PortScan,task3,detection_rate,0.9991426611796982
ffnn_joint,none,5,PortScan,task3,binary_f1,0.9994568480032018
ffnn_joint,none,5,PortScan,task3,category_recall,0.8752286236854138
ffnn_joint,none,5,PortScan,task4,n,27642.0
ffnn_joint,none,5,PortScan,task4,n_benign,27385.0
ffnn_joint,none,5,PortScan,task4,n_attack,257.0
ffnn_joint,none,5,PortScan,task4,accuracy,0.9998552926705737
ffnn_joint,none,5,PortScan,task4,macro_f1,0.9999634809918563
ffnn_joint,none,5,PortScan,task4,fpr,0.0001460653642505021
ffnn_joint,none,5,PortScan,task4,detection_rate,1.0
ffnn_joint,none,5,PortScan,task4,binary_f1,0.9922779922779923
ffnn_joint,none,5,PortScan,task4,category_recall,1.0
ffnn_joint,none,5,PortScan,task5,n,51117.0
ffnn_joint,none,5,PortScan,task5,n_benign,31046.0
ffnn_joint,none,5,PortScan,task5,n_attack,20071.0
ffnn_joint,none,5,PortScan,task5,accuracy,0.9830193477708004
ffnn_joint,none,5,PortScan,task5,macro_f1,0.9882237568100553
ffnn_joint,none,5,PortScan,task5,fpr,9.663080590092121e-05
ffnn_joint,none,5,PortScan,task5,detection_rate,0.9955657416172587
ffnn_joint,none,5,PortScan,task5,binary_f1,0.9977032154983024
ffnn_joint,none,5,PortScan,task5,category_recall,0.9569029943699865
ffnn_joint,none,5,PortScan,task6,n,28798.0
ffnn_joint,none,5,PortScan,task6,n_benign,9791.0
ffnn_joint,none,5,PortScan,task6,n_attack,19007.0
ffnn_joint,none,5,PortScan,task6,accuracy,0.3399888881172304
ffnn_joint,none,5,PortScan,task6,macro_f1,0.4314546335874499
ffnn_joint,none,5,PortScan,task6,fpr,0.0
ffnn_joint,none,5,PortScan,task6,detection_rate,0.8363234597779765
ffnn_joint,none,5,PortScan,task6,binary_f1,0.9108672606939232
ffnn_joint,none,5,PortScan,task6,category_recall,0.0
ffnn_joint,none,5,PortScan,seen,n,386176.0
ffnn_joint,none,5,PortScan,seen,n_benign,327116.0
ffnn_joint,none,5,PortScan,seen,n_attack,59060.0
ffnn_joint,none,5,PortScan,seen,accuracy,0.974149092641697
ffnn_joint,none,5,PortScan,seen,macro_f1,0.880546134188213
ffnn_joint,none,5,PortScan,seen,fpr,8.253952726250016e-05
ffnn_joint,none,5,PortScan,seen,detection_rate,0.8812732814087368
ffnn_joint,none,5,PortScan,seen,binary_f1,0.9366626175372295
ffnn_joint,none,5,PortScan,all,n,414974.0
ffnn_joint,none,5,PortScan,all,n_benign,336907.0
ffnn_joint,none,5,PortScan,all,n_attack,78067.0
ffnn_joint,none,5,PortScan,all,accuracy,0.9301402015547962
ffnn_joint,none,5,PortScan,all,macro_f1,0.7364559556258028
ffnn_joint,none,5,PortScan,all,fpr,8.014081037200176e-05
ffnn_joint,none,5,PortScan,all,detection_rate,0.8703293324964454
ffnn_joint,none,5,PortScan,all,binary_f1,0.9304975417357126
ffnn_joint,none,6,DDoS,task0,n,138702.0
ffnn_joint,none,6,DDoS,task0,n_benign,137344.0
ffnn_joint,none,6,DDoS,task0,n_attack,1358.0
ffnn_joint,none,6,DDoS,task0,accuracy,0.9998918544793874
ffnn_joint,none,6,DDoS,task0,macro_f1,0.9996042353641232
ffnn_joint,none,6,DDoS,task0,fpr,9.465284249767009e-05
ffnn_joint,none,6,DDoS,task0,detection_rate,0.9985272459499264
ffnn_joint,none,6,DDoS,task0,binary_f1,0.9944994499449945
ffnn_joint,none,6,DDoS,task0,category_recall,0.9985272459499264
ffnn_joint,none,6,DDoS,task1,n,96639.0
ffnn_joint,none,6,DDoS,task1,n_benign,76782.0
ffnn_joint,none,6,DDoS,task1,n_attack,19857.0
ffnn_joint,none,6,DDoS,task1,accuracy,0.9294177299020064
ffnn_joint,none,6,DDoS,task1,macro_f1,0.8751109225136912
ffnn_joint,none,6,DDoS,task1,fpr,2.6047771613138496e-05
ffnn_joint,none,6,DDoS,task1,detection_rate,0.6569975323563478
ffnn_joint,none,6,DDoS,task1,binary_f1,0.7929493997872664
ffnn_joint,none,6,DDoS,task1,category_recall,0.6565946517600846
ffnn_joint,none,6,DDoS,task2,n,21631.0
ffnn_joint,none,6,DDoS,task2,n_benign,21610.0
ffnn_joint,none,6,DDoS,task2,n_attack,21.0
ffnn_joint,none,6,DDoS,task2,accuracy,0.9992603208358375
ffnn_joint,none,6,DDoS,task2,macro_f1,0.775677012291911
ffnn_joint,none,6,DDoS,task2,fpr,0.00013882461823229986
ffnn_joint,none,6,DDoS,task2,detection_rate,0.38095238095238093
ffnn_joint,none,6,DDoS,task2,binary_f1,0.5
ffnn_joint,none,6,DDoS,task2,category_recall,0.38095238095238093
ffnn_joint,none,6,DDoS,task3,n,50445.0
ffnn_joint,none,6,DDoS,task3,n_benign,32949.0
ffnn_joint,none,6,DDoS,task3,n_attack,17496.0
ffnn_joint,none,6,DDoS,task3,accuracy,0.9453860640301318
ffnn_joint,none,6,DDoS,task3,macro_f1,0.9571117013601917
ffnn_joint,none,6,DDoS,task3,fpr,0.0003641992169716835
ffnn_joint,none,6,DDoS,task3,detection_rate,0.9992569730224051
ffnn_joint,none,6,DDoS,task3,binary_f1,0.9992855305650025
ffnn_joint,none,6,DDoS,task3,category_recall,0.8432213077274806
ffnn_joint,none,6,DDoS,task4,n,27642.0
ffnn_joint,none,6,DDoS,task4,n_benign,27385.0
ffnn_joint,none,6,DDoS,task4,n_attack,257.0
ffnn_joint,none,6,DDoS,task4,accuracy,0.9998552926705737
ffnn_joint,none,6,DDoS,task4,macro_f1,0.9999634809918563
ffnn_joint,none,6,DDoS,task4,fpr,0.0001460653642505021
ffnn_joint,none,6,DDoS,task4,detection_rate,1.0
ffnn_joint,none,6,DDoS,task4,binary_f1,0.9922779922779923
ffnn_joint,none,6,DDoS,task4,category_recall,1.0
ffnn_joint,none,6,DDoS,task5,n,51117.0
ffnn_joint,none,6,DDoS,task5,n_benign,31046.0
ffnn_joint,none,6,DDoS,task5,n_attack,20071.0
ffnn_joint,none,6,DDoS,task5,accuracy,0.9895533775456307
ffnn_joint,none,6,DDoS,task5,macro_f1,0.9925322831763084
ffnn_joint,none,6,DDoS,task5,fpr,6.44205372672808e-05
ffnn_joint,none,6,DDoS,task5,detection_rate,0.9955159184893627
ffnn_joint,none,6,DDoS,task5,binary_f1,0.9977031008139012
ffnn_joint,none,6,DDoS,task5,category_recall,0.9734940959593443
ffnn_joint,none,6,DDoS,task6,n,28798.0
ffnn_joint,none,6,DDoS,task6,n_benign,9791.0
ffnn_joint,none,6,DDoS,task6,n_attack,19007.0
ffnn_joint,none,6,DDoS,task6,accuracy,0.9992360580595875
ffnn_joint,none,6,DDoS,task6,macro_f1,0.9991624660730374
ffnn_joint,none,6,DDoS,task6,fpr,0.0001021346134204882
ffnn_joint,none,6,DDoS,task6,detection_rate,0.9988951438943547
ffnn_joint,none,6,DDoS,task6,binary_f1,0.9994209612044007
ffnn_joint,none,6,DDoS,task6,category_recall,0.9988951438943547
ffnn_joint,none,6,DDoS,seen,n,414974.0
ffnn_joint,none,6,DDoS,seen,n_benign,336907.0
ffnn_joint,none,6,DDoS,seen,n_attack,78067.0
ffnn_joint,none,6,DDoS,seen,accuracy,0.9754996698588345
ffnn_joint,none,6,DDoS,seen,macro_f1,0.894171387645339
ffnn_joint,none,6,DDoS,seen,fpr,0.00010982259199126168
ffnn_joint,none,6,DDoS,seen,detection_rate,0.9109739070285781
ffnn_joint,none,6,DDoS,seen,binary_f1,0.9531768316791872
ffnn_joint,none,6,DDoS,all,n,414974.0
ffnn_joint,none,6,DDoS,all,n_benign,336907.0
ffnn_joint,none,6,DDoS,all,n_attack,78067.0
ffnn_joint,none,6,DDoS,all,accuracy,0.9754996698588345
ffnn_joint,none,6,DDoS,all,macro_f1,0.894171387645339
ffnn_joint,none,6,DDoS,all,fpr,0.00010982259199126168
ffnn_joint,none,6,DDoS,all,detection_rate,0.9109739070285781
ffnn_joint,none,6,DDoS,all,binary_f1,0.9531768316791872
