model,ip_mode,after_task,after_task_category,scope,metric,value
gnn_ewc_replay,none,0,BruteForce,task0,n,138702.0
gnn_ewc_replay,none,0,BruteForce,task0,n_benign,137422.0
gnn_ewc_replay,none,0,BruteForce,task0,n_attack,1280.0
gnn_ewc_replay,none,0,BruteForce,task0,accuracy,0.9999855805972516
gnn_ewc_replay,none,0,BruteForce,task0,macro_f1,0.9996060414834551
gnn_ewc_replay,none,0,BruteForce,task0,fpr,1.455371046848394e-05
gnn_ewc_replay,none,0,BruteForce,task0,detection_rate,1.0
gnn_ewc_replay,none,0,BruteForce,task0,binary_f1,0.9992193598750976
gnn_ewc_replay,none,0,BruteForce,task0,category_recall,1.0
gnn_ewc_replay,none,0,BruteForce,task1,n,100000.0
gnn_ewc_replay,none,0,BruteForce,task1,n_benign,66394.0
gnn_ewc_replay,none,0,BruteForce,task1,n_attack,33606.0
gnn_ewc_replay,none,0,BruteForce,task1,accuracy,0.66388
gnn_ewc_replay,none,0,BruteForce,task1,macro_f1,0.3989951198403731
gnn_ewc_replay,none,0,BruteForce,task1,fpr,9.036961171190167e-05
gnn_ewc_replay,none,0,BruteForce,task1,detection_rate,0.0
gnn_ewc_replay,none,0,BruteForce,task1,binary_f1,0.0
gnn_ewc_replay,none,0,BruteForce,task1,category_recall,0.0
gnn_ewc_replay,none,0,BruteForce,task2,n,25000.0
gnn_ewc_replay,none,0,BruteForce,task2,n_benign,24976.0
gnn_ewc_replay,none,0,BruteForce,task2,n_attack,24.0
gnn_ewc_replay,none,0,BruteForce,task2,accuracy,0.99904
gnn_ewc_replay,none,0,BruteForce,task2,macro_f1,0.4997598847446774
gnn_ewc_replay,none,0,BruteForce,task2,fpr,0.0
gnn_ewc_replay,none,0,BruteForce,task2,detection_rate,0.0
gnn_ewc_replay,none,0,BruteForce,task2,binary_f1,0.0
gnn_ewc_replay,none,0,BruteForce,task2,category_recall,0.0
gnn_ewc_replay,none,0,BruteForce,task3,n,45000.0
gnn_ewc_replay,none,0,BruteForce,task3,n_benign,28566.0
gnn_ewc_replay,none,0,BruteForce,task3,n_attack,16434.0
gnn_ewc_replay,none,0,BruteForce,task3,accuracy,0.6348
gnn_ewc_replay,none,0,BruteForce,task3,macro_f1,0.3883043797406411
gnn_ewc_replay,none,0,BruteForce,task3,fpr,0.0
gnn_ewc_replay,none,0,BruteForce,task3,detection_rate,0.0
gnn_ewc_replay,none,0,BruteForce,task3,binary_f1,0.0
gnn_ewc_replay,none,0,BruteForce,task3,category_recall,0.0
gnn_ewc_replay,none,0,BruteForce,task4,n,27642.0
gnn_ewc_replay,none,0,BruteForce,task4,n_benign,27569.0
gnn_ewc_replay,none,0,BruteForce,task4,n_attack,73.0
gnn_ewc_replay,none,0,BruteForce,task4,accuracy,0.9973590912379712
gnn_ewc_replay,none,0,BruteForce,task4,macro_f1,0.4993388998569126
gnn_ewc_replay,none,0,BruteForce,task4,fpr,0.0
gnn_ewc_replay,none,0,BruteForce,task4,detection_rate,0.0
gnn_ewc_replay,none,0,BruteForce,task4,binary_f1,0.0
gnn_ewc_replay,none,0,BruteForce,task4,category_recall,0.0
gnn_ewc_replay,none,0,BruteForce,task5,n,55000.0
gnn_ewc_replay,none,0,BruteForce,task5,n_benign,25723.0
gnn_ewc_replay,none,0,BruteForce,task5,n_attack,29277.0
gnn_ewc_replay,none,0,BruteForce,task5,accuracy,0.4676909090909091
gnn_ewc_replay,none,0,BruteForce,task5,macro_f1,0.31865763165392763
gnn_ewc_replay,none,0,BruteForce,task5,fpr,0.0
gnn_ewc_replay,none,0,BruteForce,task5,detection_rate,0.0
gnn_ewc_replay,none,0,BruteForce,task5,binary_f1,0.0
gnn_ewc_replay,none,0,BruteForce,task5,category_recall,0.0
gnn_ewc_replay,none,0,BruteForce,task6,n,25000.0
gnn_ewc_replay,none,0,BruteForce,task6,n_benign,2841.0
gnn_ewc_replay,none,0,BruteForce,task6,n_attack,22159.0
gnn_ewc_replay,none,0,BruteForce,task6,accuracy,0.11364
gnn_ewc_replay,none,0,BruteForce,task6,macro_f1,0.10204374842857655
gnn_ewc_replay,none,0,BruteForce,task6,fpr,0.0
gnn_ewc_replay,none,0,BruteForce,task6,detection_rate,0.0
gnn_ewc_replay,none,0,BruteForce,task6,binary_f1,0.0
gnn_ewc_replay,none,0,BruteForce,task6,category_recall,0.0
gnn_ewc_replay,none,0,BruteForce,seen,n,138702.0
gnn_ewc_replay,none,0,BruteForce,seen,n_benign,137422.0
gnn_ewc_replay,none,0,BruteForce,seen,n_attack,1280.0
gnn_ewc_replay,none,0,BruteForce,seen,accuracy,0.9999855805972516
gnn_ewc_replay,none,0,BruteForce,seen,macro_f1,0.9996060414834551
gnn_ewc_replay,none,0,BruteForce,seen,fpr,1.455371046848394e-05
gnn_ewc_replay,none,0,BruteForce,seen,detection_rate,1.0
gnn_ewc_replay,none,0,BruteForce,seen,binary_f1,0.9992193598750976
gnn_ewc_replay,none,0,BruteForce,all,n,416344.0
gnn_ewc_replay,none,0,BruteForce,all,n_benign,313491.0
gnn_ewc_replay,none,0,BruteForce,all,n_attack,102853.0
gnn_ewc_replay,none,0,BruteForce,all,accuracy,0.7560166593009626
gnn_ewc_replay,none,0,BruteForce,all,macro_f1,0.23218189478125126
gnn_ewc_replay,none,0,BruteForce,all,fpr,2.5519073912807706e-05
gnn_ewc_replay,none,0,BruteForce,all,detection_rate,0.012444945699201774
gnn_ewc_replay,none,0,BruteForce,all,binary_f1,0.024582057018849444
gnn_ewc_replay,permute,0,BruteForce,task0,n,138702.0
gnn_ewc_replay,permute,0,BruteForce,task0,n_benign,137422.0
gnn_ewc_replay,permute,0,BruteForce,task0,n_attack,1280.0
gnn_ewc_replay,permute,0,BruteForce,task0,accuracy,0.9999855805972516
gnn_ewc_replay,permute,0,BruteForce,task0,macro_f1,0.9996060414834551
gnn_ewc_replay,permute,0,BruteForce,task0,fpr,1.455371046848394e-05
gnn_ewc_replay,permute,0,BruteForce,task0,detection_rate,1.0
gnn_ewc_replay,permute,0,BruteForce,task0,binary_f1,0.9992193598750976
gnn_ewc_replay,permute,0,BruteForce,task0,category_recall,1.0
gnn_ewc_replay,permute,0,BruteForce,task1,n,100000.0
gnn_ewc_replay,permute,0,BruteForce,task1,n_benign,66394.0
gnn_ewc_replay,permute,0,BruteForce,task1,n_attack,33606.0
gnn_ewc_replay,permute,0,BruteForce,task1,accuracy,0.66388
gnn_ewc_replay,permute,0,BruteForce,task1,macro_f1,0.3989951198403731
gnn_ewc_replay,permute,0,BruteForce,task1,fpr,9.036961171190167e-05
gnn_ewc_replay,permute,0,BruteForce,task1,detection_rate,0.0
gnn_ewc_replay,permute,0,BruteForce,task1,binary_f1,0.0
gnn_ewc_replay,permute,0,BruteForce,task1,category_recall,0.0
gnn_ewc_replay,permute,0,BruteForce,task2,n,25000.0
gnn_ewc_replay,permute,0,BruteForce,task2,n_benign,24976.0
gnn_ewc_replay,permute,0,BruteForce,task2,n_attack,24.0
gnn_ewc_replay,permute,0,BruteForce,task2,accuracy,0.99904
gnn_ewc_replay,permute,0,BruteForce,task2,macro_f1,0.4997598847446774
gnn_ewc_replay,permute,0,BruteForce,task2,fpr,0.0
gnn_ewc_replay,permute,0,BruteForce,task2,detection_rate,0.0
gnn_ewc_replay,permute,0,BruteForce,task2,binary_f1,0.0
gnn_ewc_replay,permute,0,BruteForce,task2,category_recall,0.0
gnn_ewc_replay,permute,0,BruteForce,task3,n,45000.0
gnn_ewc_replay,permute,0,BruteForce,task3,n_benign,28566.0
gnn_ewc_replay,permute,0,BruteForce,task3,n_attack,16434.0
gnn_ewc_replay,permute,0,BruteForce,task3,accuracy,0.6348
gnn_ewc_replay,permute,0,BruteForce,task3,macro_f1,0.3883043797406411
gnn_ewc_replay,permute,0,BruteForce,task3,fpr,0.0
gnn_ewc_replay,permute,0,BruteForce,task3,detection_rate,0.0
gnn_ewc_replay,permute,0,BruteForce,task3,binary_f1,0.0
gnn_ewc_replay,permute,0,BruteForce,task3,category_recall,0.0
gnn_ewc_replay,permute,0,BruteForce,task4,n,27642.0
gnn_ewc_replay,permute,0,BruteForce,task4,n_benign,27569.0
gnn_ewc_replay,permute,0,BruteForce,task4,n_attack,73.0
gnn_ewc_replay,permute,0,BruteForce,task4,accuracy,0.9973590912379712
gnn_ewc_replay,permute,0,BruteForce,task4,macro_f1,0.4993388998569126
gnn_ewc_replay,permute,0,BruteForce,task4,fpr,0.0
gnn_ewc_replay,permute,0,BruteForce,task4,detection_rate,0.0
gnn_ewc_replay,permute,0,BruteForce,task4,binary_f1,0.0
gnn_ewc_replay,permute,0,BruteForce,task4,category_recall,0.0
gnn_ewc_replay,permute,0,BruteForce,task5,n,55000.0
gnn_ewc_replay,permute,0,BruteForce,task5,n_benign,25723.0
gnn_ewc_replay,permute,0,BruteForce,task5,n_attack,29277.0
gnn_ewc_replay,permute,0,BruteForce,task5,accuracy,0.4676909090909091
gnn_ewc_replay,permute,0,BruteForce,task5,macro_f1,0.31865763165392763
gnn_ewc_replay,permute,0,BruteForce,task5,fpr,0.0
gnn_ewc_replay,permute,0,BruteForce,task5,detection_rate,0.0
gnn_ewc_replay,permute,0,BruteForce,task5,binary_f1,0.0
gnn_ewc_replay,permute,0,BruteForce,task5,category_recall,0.0
gnn_ewc_replay,permute,0,BruteForce,task6,n,25000.0
gnn_ewc_replay,permute,0,BruteForce,task6,n_benign,2841.0
gnn_ewc_replay,permute,0,BruteForce,task6,n_attack,22159.0
gnn_ewc_replay,permute,0,BruteForce,task6,accuracy,0.11364
gnn_ewc_replay,permute,0,BruteForce,task6,macro_f1,0.10204374842857655
gnn_ewc_replay,permute,0,BruteForce,task6,fpr,0.0
gnn_ewc_replay,permute,0,BruteForce,task6,detection_rate,0.0
gnn_ewc_replay,permute,0,BruteForce,task6,binary_f1,0.0
gnn_ewc_replay,permute,0,BruteForce,task6,category_recall,0.0
gnn_ewc_replay,permute,0,BruteForce,seen,n,138702.0
gnn_ewc_replay,permute,0,BruteForce,seen,n_benign,137422.0
gnn_ewc_replay,permute,0,BruteForce,seen,n_attack,1280.0
gnn_ewc_replay,permute,0,BruteForce,seen,accuracy,0.9999855805972516
gnn_ewc_replay,permute,0,BruteForce,seen,macro_f1,0.9996060414834551
gnn_ewc_replay,permute,0,BruteForce,seen,fpr,1.455371046848394e-05
gnn_ewc_replay,permute,0,BruteForce,seen,detection_rate,1.0
gnn_ewc_replay,permute,0,BruteForce,seen,binary_f1,0.9992193598750976
gnn_ewc_replay,permute,0,BruteForce,all,n,416344.0
gnn_ewc_replay,permute,0,BruteForce,all,n_benign,313491.0
gnn_ewc_replay,permute,0,BruteForce,all,n_attack,102853.0
gnn_ewc_replay,permute,0,BruteForce,all,accuracy,0.7560166593009626
gnn_ewc_replay,permute,0,BruteForce,all,macro_f1,0.23218189478125126
gnn_ewc_replay,permute,0,BruteForce,all,fpr,2.5519073912807706e-05
gnn_ewc_replay,permute,0,BruteForce,all,detection_rate,0.012444945699201774
gnn_ewc_replay,permute,0,BruteForce,all,binary_f1,0.024582057018849444
gnn_ewc_replay,random_src,0,BruteForce,task0,n,138702.0
gnn_ewc_replay,random_src,0,BruteForce,task0,n_benign,137422.0
gnn_ewc_replay,random_src,0,BruteForce,task0,n_attack,1280.0
gnn_ewc_replay,random_src,0,BruteForce,task0,accuracy,0.9952632261971709
gnn_ewc_replay,random_src,0,BruteForce,task0,macro_f1,0.827980707192612
gnn_ewc_replay,random_src,0,BruteForce,task0,fpr,7.27685523424197e-05
gnn_ewc_replay,random_src,0,BruteForce,task0,detection_rate,0.49453125
gnn_ewc_replay,random_src,0,BruteForce,task0,binary_f1,0.6583463338533542
gnn_ewc_replay,random_src,0,BruteForce,task0,category_recall,0.49453125
gnn_ewc_replay,random_src,0,BruteForce,task1,n,100000.0
gnn_ewc_replay,random_src,0,BruteForce,task1,n_benign,66394.0
gnn_ewc_replay,random_src,0,BruteForce,task1,n_attack,33606.0
gnn_ewc_replay,random_src,0,BruteForce,task1,accuracy,0.66387
gnn_ewc_replay,random_src,0,BruteForce,task1,macro_f1,0.3989915077500045
gnn_ewc_replay,random_src,0,BruteForce,task1,fpr,0.00010543121366388529
gnn_ewc_replay,random_src,0,BruteForce,task1,detection_rate,0.0
gnn_ewc_replay,random_src,0,BruteForce,task1,binary_f1,0.0
gnn_ewc_replay,random_src,0,BruteForce,task1,category_recall,0.0
gnn_ewc_replay,random_src,0,BruteForce,task2,n,25000.0
gnn_ewc_replay,random_src,0,BruteForce,task2,n_benign,24976.0
gnn_ewc_replay,random_src,0,BruteForce,task2,n_attack,24.0
gnn_ewc_replay,random_src,0,BruteForce,task2,accuracy,0.99904
gnn_ewc_replay,random_src,0,BruteForce,task2,macro_f1,0.4997598847446774
gnn_ewc_replay,random_src,0,BruteForce,task2,fpr,0.0
gnn_ewc_replay,random_src,0,BruteForce,task2,detection_rate,0.0
gnn_ewc_replay,random_src,0,BruteForce,task2,binary_f1,0.0
gnn_ewc_replay,random_src,0,BruteForce,task2,category_recall,0.0
gnn_ewc_replay,random_src,0,BruteForce,task3,n,45000.0
gnn_ewc_replay,random_src,0,BruteForce,task3,n_benign,28566.0
gnn_ewc_replay,random_src,0,BruteForce,task3,n_attack,16434.0
gnn_ewc_replay,random_src,0,BruteForce,task3,accuracy,0.6348
gnn_ewc_replay,random_src,0,BruteForce,task3,macro_f1,0.3883043797406411
gnn_ewc_replay,random_src,0,BruteForce,task3,fpr,0.0
gnn_ewc_replay,random_src,0,BruteForce,task3,detection_rate,0.0
gnn_ewc_replay,random_src,0,BruteForce,task3,binary_f1,0.0
gnn_ewc_replay,random_src,0,BruteForce,task3,category_recall,0.0
gnn_ewc_replay,random_src,0,BruteForce,task4,n,27642.0
gnn_ewc_replay,random_src,0,BruteForce,task4,n_benign,27569.0
gnn_ewc_replay,random_src,0,BruteForce,task4,n_attack,73.0
gnn_ewc_replay,random_src,0,BruteForce,task4,accuracy,0.9971058534114753
gnn_ewc_replay,random_src,0,BruteForce,task4,macro_f1,0.4992754148250127
gnn_ewc_replay,random_src,0,BruteForce,task4,fpr,0.000253908375349124
gnn_ewc_replay,random_src,0,BruteForce,task4,detection_rate,0.0
gnn_ewc_replay,random_src,0,BruteForce,task4,binary_f1,0.0
gnn_ewc_replay,random_src,0,BruteForce,task4,category_recall,0.0
gnn_ewc_replay,random_src,0,BruteForce,task5,n,55000.0
gnn_ewc_replay,random_src,0,BruteForce,task5,n_benign,25723.0
gnn_ewc_replay,random_src,0,BruteForce,task5,n_attack,29277.0
gnn_ewc_replay,random_src,0,BruteForce,task5,accuracy,0.46765454545454543
gnn_ewc_replay,random_src,0,BruteForce,task5,macro_f1,0.3186407502384757
gnn_ewc_replay,random_src,0,BruteForce,task5,fpr,7.775142868250205e-05
gnn_ewc_replay,random_src,0,BruteForce,task5,detection_rate,0.0
gnn_ewc_replay,random_src,0,BruteForce,task5,binary_f1,0.0
gnn_ewc_replay,random_src,0,BruteForce,task5,category_recall,0.0
gnn_ewc_replay,random_src,0,BruteForce,task6,n,25000.0
gnn_ewc_replay,random_src,0,BruteForce,task6,n_benign,2841.0
gnn_ewc_replay,random_src,0,BruteForce,task6,n_attack,22159.0
gnn_ewc_replay,random_src,0,BruteForce,task6,accuracy,0.1136
gnn_ewc_replay,random_src,0,BruteForce,task6,macro_f1,0.10201149425287356
gnn_ewc_replay,random_src,0,BruteForce,task6,fpr,0.00035198873636043646
gnn_ewc_replay,random_src,0,BruteForce,task6,detection_rate,0.0
gnn_ewc_replay,random_src,0,BruteForce,task6,binary_f1,0.0
gnn_ewc_replay,random_src,0,BruteForce,task6,category_recall,0.0
gnn_ewc_replay,random_src,0,BruteForce,seen,n,138702.0
gnn_ewc_replay,random_src,0,BruteForce,seen,n_benign,137422.0
gnn_ewc_replay,random_src,0,BruteForce,seen,n_attack,1280.0
gnn_ewc_replay,random_src,0,BruteForce,seen,accuracy,0.9952632261971709
gnn_ewc_replay,random_src,0,BruteForce,seen,macro_f1,0.827980707192612
gnn_ewc_replay,random_src,0,BruteForce,seen,fpr,7.27685523424197e-05
gnn_ewc_replay,random_src,0,BruteForce,seen,detection_rate,0.49453125
gnn_ewc_replay,random_src,0,BruteForce,seen,binary_f1,0.6583463338533542
gnn_ewc_replay,random_src,0,BruteForce,all,n,416344.0
gnn_ewc_replay,random_src,0,BruteForce,all,n_benign,313491.0
gnn_ewc_replay,random_src,0,BruteForce,all,n_attack,102853.0
gnn_ewc_replay,random_src,0,BruteForce,all,accuracy,0.7544170205407067
gnn_ewc_replay,random_src,0,BruteForce,all,macro_f1,0.18904430812396017
gnn_ewc_replay,random_src,0,BruteForce,all,fpr,8.6126874455726e-05
gnn_ewc_replay,random_src,0,BruteForce,all,detection_rate,0.006154414552808377
gnn_ewc_replay,random_src,0,BruteForce,all,binary_f1,0.012230347879010365
gnn_ewc_replay,none,1,DoS,task0,n,138702.0
gnn_ewc_replay,none,1,DoS,task0,n_benign,137422.0
gnn_ewc_replay,none,1,DoS,task0,n_attack,1280.0
gnn_ewc_replay,none,1,DoS,task0,accuracy,0.9999927902986259
gnn_ewc_replay,none,1,DoS,task0,macro_f1,0.999802944543727
gnn_ewc_replay,none,1,DoS,task0,fpr,7.27685523424197e-06
gnn_ewc_replay,none,1,DoS,task0,detection_rate,1.0
gnn_ewc_replay,none,1,DoS,task0,binary_f1,0.9996095275283092
gnn_ewc_replay,none,1,DoS,task0,category_recall,1.0
gnn_ewc_replay,none,1,DoS,task1,n,100000.0
gnn_ewc_replay,none,1,DoS,task1,n_benign,66394.0
gnn_ewc_replay,none,1,DoS,task1,n_attack,33606.0
gnn_ewc_replay,none,1,DoS,task1,accuracy,0.99849
gnn_ewc_replay,none,1,DoS,task1,macro_f1,0.9990070890509132
gnn_ewc_replay,none,1,DoS,task1,fpr,0.002214055486941591
gnn_ewc_replay,none,1,DoS,task1,detection_rate,0.9998809736356603
gnn_ewc_replay,none,1,DoS,task1,binary_f1,0.9977581471308737
gnn_ewc_replay,none,1,DoS,task1,category_recall,0.9998809736356603
gnn_ewc_replay,none,1,DoS,task2,n,25000.0
gnn_ewc_replay,none,1,DoS,task2,n_benign,24976.0
gnn_ewc_replay,none,1,DoS,task2,n_attack,24.0
gnn_ewc_replay,none,1,DoS,task2,accuracy,0.99808
gnn_ewc_replay,none,1,DoS,task2,macro_f1,0.4997596539016183
gnn_ewc_replay,none,1,DoS,task2,fpr,0.0009609224855861628
gnn_ewc_replay,none,1,DoS,task2,detection_rate,1.0
gnn_ewc_replay,none,1,DoS,task2,binary_f1,0.6666666666666666
gnn_ewc_replay,none,1,DoS,task2,category_recall,0.0
gnn_ewc_replay,none,1,DoS,task3,n,45000.0
gnn_ewc_replay,none,1,DoS,task3,n_benign,28566.0
gnn_ewc_replay,none,1,DoS,task3,n_attack,16434.0
gnn_ewc_replay,none,1,DoS,task3,accuracy,0.6347555555555555
gnn_ewc_replay,none,1,DoS,task3,macro_f1,0.38828774944266214
gnn_ewc_replay,none,1,DoS,task3,fpr,7.001330252748022e-05
gnn_ewc_replay,none,1,DoS,task3,detection_rate,0.0
gnn_ewc_replay,none,1,DoS,task3,binary_f1,0.0
gnn_ewc_replay,none,1,DoS,task3,category_recall,0.0
gnn_ewc_replay,none,1,DoS,task4,n,27642.0
gnn_ewc_replay,none,1,DoS,task4,n_benign,27569.0
gnn_ewc_replay,none,1,DoS,task4,n_attack,73.0
gnn_ewc_replay,none,1,DoS,task4,accuracy,0.997214383908545
gnn_ewc_replay,none,1,DoS,task4,macro_f1,0.4993026246671618
gnn_ewc_replay,none,1,DoS,task4,fpr,0.00014509050019949945
gnn_ewc_replay,none,1,DoS,task4,detection_rate,0.0
gnn_ewc_replay,none,1,DoS,task4,binary_f1,0.0
gnn_ewc_replay,none,1,DoS,task4,category_recall,0.0
gnn_ewc_replay,none,1,DoS,task5,n,55000.0
gnn_ewc_replay,none,1,DoS,task5,n_benign,25723.0
gnn_ewc_replay,none,1,DoS,task5,n_attack,29277.0
gnn_ewc_replay,none,1,DoS,task5,accuracy,0.4676909090909091
gnn_ewc_replay,none,1,DoS,task5,macro_f1,0.31865763165392763
gnn_ewc_replay,none,1,DoS,task5,fpr,0.0
gnn_ewc_replay,none,1,DoS,task5,detection_rate,0.0
gnn_ewc_replay,none,1,DoS,task5,binary_f1,0.0
gnn_ewc_replay,none,1,DoS,task5,category_recall,0.0
gnn_ewc_replay,none,1,DoS,task6,n,25000.0
gnn_ewc_replay,none,1,DoS,task6,n_benign,2841.0
gnn_ewc_replay,none,1,DoS,task6,n_attack,22159.0
gnn_ewc_replay,none,1,DoS,task6,accuracy,0.11364
gnn_ewc_replay,none,1,DoS,task6,macro_f1,0.5
gnn_ewc_replay,none,1,DoS,task6,fpr,0.0
gnn_ewc_replay,none,1,DoS,task6,detection_rate,1.0
gnn_ewc_replay,none,1,DoS,task6,binary_f1,1.0
gnn_ewc_replay,none,1,DoS,task6,category_recall,0.0
gnn_ewc_replay,none,1,DoS,seen,n,238702.0
gnn_ewc_replay,none,1,DoS,seen,n_benign,203816.0
gnn_ewc_replay,none,1,DoS,seen,n_attack,34886.0
gnn_ewc_replay,none,1,DoS,seen,accuracy,0.9993632227631105
gnn_ewc_replay,none,1,DoS,seen,macro_f1,0.9876659978655926
gnn_ewc_replay,none,1,DoS,seen,fpr,0.0007261451505279271
gnn_ewc_replay,none,1,DoS,seen,detection_rate,0.9998853408243995
gnn_ewc_replay,none,1,DoS,seen,binary_f1,0.9978259625836718
gnn_ewc_replay,none,1,DoS,all,n,416344.0
gnn_ewc_replay,none,1,DoS,all,n_benign,313491.0
gnn_ewc_replay,none,1,DoS,all,n_attack,102853.0
gnn_ewc_replay,none,1,DoS,all,accuracy,0.8363156428338105
gnn_ewc_replay,none,1,DoS,all,macro_f1,0.3298176580004553
gnn_ewc_replay,none,1,DoS,all,fpr,0.0005677993945599714
gnn_ewc_replay,none,1,DoS,all,detection_rate,0.5548209580663666
gnn_ewc_replay,none,1,DoS,all,binary_f1,0.7128847691385168
gnn_ewc_replay,permute,1,DoS,task0,n,138702.0
gnn_ewc_replay,permute,1,DoS,task0,n_benign,137422.0
gnn_ewc_replay,permute,1,DoS,task0,n_attack,1280.0
gnn_ewc_replay,permute,1,DoS,task0,accuracy,0.9999927902986259
gnn_ewc_replay,permute,1,DoS,task0,macro_f1,0.999802944543727
gnn_ewc_replay,permute,1,DoS,task0,fpr,7.27685523424197e-06
gnn_ewc_replay,permute,1,DoS,task0,detection_rate,1.0
gnn_ewc_replay,permute,1,DoS,task0,binary_f1,0.9996095275283092
gnn_ewc_replay,permute,1,DoS,task0,category_recall,1.0
gnn_ewc_replay,permute,1,DoS,task1,n,100000.0
gnn_ewc_replay,permute,1,DoS,task1,n_benign,66394.0
gnn_ewc_replay,permute,1,DoS,task1,n_attack,33606.0
gnn_ewc_replay,permute,1,DoS,task1,accuracy,0.99849
gnn_ewc_replay,permute,1,DoS,task1,macro_f1,0.9990070890509132
gnn_ewc_replay,permute,1,DoS,task1,fpr,0.002214055486941591
gnn_ewc_replay,permute,1,DoS,task1,detection_rate,0.9998809736356603
gnn_ewc_replay,permute,1,DoS,task1,binary_f1,0.9977581471308737
gnn_ewc_replay,permute,1,DoS,task1,category_recall,0.9998809736356603
gnn_ewc_replay,permute,1,DoS,task2,n,25000.0
gnn_ewc_replay,permute,1,DoS,task2,n_benign,24976.0
gnn_ewc_replay,permute,1,DoS,task2,n_attack,24.0
gnn_ewc_replay,permute,1,DoS,task2,accuracy,0.99808
gnn_ewc_replay,permute,1,DoS,task2,macro_f1,0.4997596539016183
gnn_ewc_replay,permute,1,DoS,task2,fpr,0.0009609224855861628
gnn_ewc_replay,permute,1,DoS,task2,detection_rate,1.0
gnn_ewc_replay,permute,1,DoS,task2,binary_f1,0.6666666666666666
gnn_ewc_replay,permute,1,DoS,task2,category_recall,0.0
gnn_ewc_replay,permute,1,DoS,task3,n,45000.0
gnn_ewc_replay,permute,1,DoS,task3,n_benign,28566.0
gnn_ewc_replay,permute,1,DoS,task3,n_attack,16434.0
gnn_ewc_replay,permute,1,DoS,task3,accuracy,0.6347555555555555
gnn_ewc_replay,permute,1,DoS,task3,macro_f1,0.38828774944266214
gnn_ewc_replay,permute,1,DoS,task3,fpr,7.001330252748022e-05
gnn_ewc_replay,permute,1,DoS,task3,detection_rate,0.0
gnn_ewc_replay,permute,1,DoS,task3,binary_f1,0.0
gnn_ewc_replay,permute,1,DoS,task3,category_recall,0.0
gnn_ewc_replay,permute,1,DoS,task4,n,27642.0
gnn_ewc_replay,permute,1,DoS,task4,n_benign,27569.0
gnn_ewc_replay,permute,1,DoS,task4,n_attack,73.0
gnn_ewc_replay,permute,1,DoS,task4,accuracy,0.997214383908545
gnn_ewc_replay,permute,1,DoS,task4,macro_f1,0.4993026246671618
gnn_ewc_replay,permute,1,DoS,task4,fpr,0.00014509050019949945
gnn_ewc_replay,permute,1,DoS,task4,detection_rate,0.0
gnn_ewc_replay,permute,1,DoS,task4,binary_f1,0.0
gnn_ewc_replay,permute,1,DoS,task4,category_recall,0.0
gnn_ewc_replay,permute,1,DoS,task5,n,55000.0
gnn_ewc_replay,permute,1,DoS,task5,n_benign,25723.0
gnn_ewc_replay,permute,1,DoS,task5,n_attack,29277.0
gnn_ewc_replay,permute,1,DoS,task5,accuracy,0.4676909090909091
gnn_ewc_replay,permute,1,DoS,task5,macro_f1,0.31865763165392763
gnn_ewc_replay,permute,1,DoS,task5,fpr,0.0
gnn_ewc_replay,permute,1,DoS,task5,detection_rate,0.0
gnn_ewc_replay,permute,1,DoS,task5,binary_f1,0.0
gnn_ewc_replay,permute,1,DoS,task5,category_recall,0.0
gnn_ewc_replay,permute,1,DoS,task6,n,25000.0
gnn_ewc_replay,permute,1,DoS,task6,n_benign,2841.0
gnn_ewc_replay,permute,1,DoS,task6,n_attack,22159.0
gnn_ewc_replay,permute,1,DoS,task6,accuracy,0.11364
gnn_ewc_replay,permute,1,DoS,task6,macro_f1,0.5
gnn_ewc_replay,permute,1,DoS,task6,fpr,0.0
gnn_ewc_replay,permute,1,DoS,task6,detection_rate,1.0
gnn_ewc_replay,permute,1,DoS,task6,binary_f1,1.0
gnn_ewc_replay,permute,1,DoS,task6,category_recall,0.0
gnn_ewc_replay,permute,1,DoS,seen,n,238702.0
gnn_ewc_replay,permute,1,DoS,seen,n_benign,203816.0
gnn_ewc_replay,permute,1,DoS,seen,n_attack,34886.0
gnn_ewc_replay,permute,1,DoS,seen,accuracy,0.9993632227631105
gnn_ewc_replay,permute,1,DoS,seen,macro_f1,0.9876659978655926
gnn_ewc_replay,permute,1,DoS,seen,fpr,0.0007261451505279271
gnn_ewc_replay,permute,1,DoS,seen,detection_rate,0.9998853408243995
gnn_ewc_replay,permute,1,DoS,seen,binary_f1,0.9978259625836718
gnn_ewc_replay,permute,1,DoS,all,n,416344.0
gnn_ewc_replay,permute,1,DoS,all,n_benign,313491.0
gnn_ewc_replay,permute,1,DoS,all,n_attack,102853.0
gnn_ewc_replay,permute,1,DoS,all,accuracy,0.8363156428338105
gnn_ewc_replay,permute,1,DoS,all,macro_f1,0.3298176580004553
gnn_ewc_replay,permute,1,DoS,all,fpr,0.0005677993945599714
gnn_ewc_replay,permute,1,DoS,all,detection_rate,0.5548209580663666
gnn_ewc_replay,permute,1,DoS,all,binary_f1,0.7128847691385168
gnn_ewc_replay,random_src,1,DoS,task0,n,138702.0
gnn_ewc_replay,random_src,1,DoS,task0,n_benign,137422.0
gnn_ewc_replay,random_src,1,DoS,task0,n_attack,1280.0
gnn_ewc_replay,random_src,1,DoS,task0,accuracy,0.9739441392337529
gnn_ewc_replay,random_src,1,DoS,task0,macro_f1,0.49340005113408086
gnn_ewc_replay,random_src,1,DoS,task0,fpr,0.01698418011672076
gnn_ewc_replay,random_src,1,DoS,task0,detection_rate,0.0
gnn_ewc_replay,random_src,1,DoS,task0,binary_f1,0.0
gnn_ewc_replay,random_src,1,DoS,task0,category_recall,0.0
gnn_ewc_replay,random_src,1,DoS,task1,n,100000.0
gnn_ewc_replay,random_src,1,DoS,task1,n_benign,66394.0
gnn_ewc_replay,random_src,1,DoS,task1,n_attack,33606.0
gnn_ewc_replay,random_src,1,DoS,task1,accuracy,0.98163
gnn_ewc_replay,random_src,1,DoS,task1,macro_f1,0.9792065279786935
gnn_ewc_replay,random_src,1,DoS,task1,fpr,0.0026207187396451487
gnn_ewc_replay,random_src,1,DoS,task1,detection_rate,0.9505147890257692
gnn_ewc_replay,random_src,1,DoS,task1,binary_f1,0.9720493586720022
gnn_ewc_replay,random_src,1,DoS,task1,category_recall,0.9505147890257692
gnn_ewc_replay,random_src,1,DoS,task2,n,25000.0
gnn_ewc_replay,random_src,1,DoS,task2,n_benign,24976.0
gnn_ewc_replay,random_src,1,DoS,task2,n_attack,24.0
gnn_ewc_replay,random_src,1,DoS,task2,accuracy,0.99832
gnn_ewc_replay,random_src,1,DoS,task2,macro_f1,0.49957964690339884
gnn_ewc_replay,random_src,1,DoS,task2,fpr,0.0007206918641896221
gnn_ewc_replay,random_src,1,DoS,task2,detection_rate,0.0
gnn_ewc_replay,random_src,1,DoS,task2,binary_f1,0.0
gnn_ewc_replay,random_src,1,DoS,task2,category_recall,0.0
gnn_ewc_replay,random_src,1,DoS,task3,n,45000.0
gnn_ewc_replay,random_src,1,DoS,task3,n_benign,28566.0
gnn_ewc_replay,random_src,1,DoS,task3,n_attack,16434.0
gnn_ewc_replay,random_src,1,DoS,task3,accuracy,0.6331777777777777
gnn_ewc_replay,random_src,1,DoS,task3,macro_f1,0.3877337179870996
gnn_ewc_replay,random_src,1,DoS,task3,fpr,0.002555485542253028
gnn_ewc_replay,random_src,1,DoS,task3,detection_rate,0.0004259462090787392
gnn_ewc_replay,random_src,1,DoS,task3,binary_f1,0.0008477655322756449
gnn_ewc_replay,random_src,1,DoS,task3,category_recall,0.0
gnn_ewc_replay,random_src,1,DoS,task4,n,27642.0
gnn_ewc_replay,random_src,1,DoS,task4,n_benign,27569.0
gnn_ewc_replay,random_src,1,DoS,task4,n_attack,73.0
gnn_ewc_replay,random_src,1,DoS,task4,accuracy,0.9934158165111063
gnn_ewc_replay,random_src,1,DoS,task4,macro_f1,0.498348517295198
gnn_ewc_replay,random_src,1,DoS,task4,fpr,0.00395371613043636
gnn_ewc_replay,random_src,1,DoS,task4,detection_rate,0.0
gnn_ewc_replay,random_src,1,DoS,task4,binary_f1,0.0
gnn_ewc_replay,random_src,1,DoS,task4,category_recall,0.0
gnn_ewc_replay,random_src,1,DoS,task5,n,55000.0
gnn_ewc_replay,random_src,1,DoS,task5,n_benign,25723.0
gnn_ewc_replay,random_src,1,DoS,task5,n_attack,29277.0
gnn_ewc_replay,random_src,1,DoS,task5,accuracy,0.4663818181818182
gnn_ewc_replay,random_src,1,DoS,task5,macro_f1,0.31804937322537846
gnn_ewc_replay,random_src,1,DoS,task5,fpr,0.0027990514325700734
gnn_ewc_replay,random_src,1,DoS,task5,detection_rate,0.0
gnn_ewc_replay,random_src,1,DoS,task5,binary_f1,0.0
gnn_ewc_replay,random_src,1,DoS,task5,category_recall,0.0
gnn_ewc_replay,random_src,1,DoS,task6,n,25000.0
gnn_ewc_replay,random_src,1,DoS,task6,n_benign,2841.0
gnn_ewc_replay,random_src,1,DoS,task6,n_attack,22159.0
gnn_ewc_replay,random_src,1,DoS,task6,accuracy,0.1136
gnn_ewc_replay,random_src,1,DoS,task6,macro_f1,0.10201149425287356
gnn_ewc_replay,random_src,1,DoS,task6,fpr,0.00035198873636043646
gnn_ewc_replay,random_src,1,DoS,task6,detection_rate,0.0
gnn_ewc_replay,random_src,1,DoS,task6,binary_f1,0.0
gnn_ewc_replay,random_src,1,DoS,task6,category_recall,0.0
gnn_ewc_replay,random_src,1,DoS,seen,n,238702.0
gnn_ewc_replay,random_src,1,DoS,seen,n_benign,203816.0
gnn_ewc_replay,random_src,1,DoS,seen,n_attack,34886.0
gnn_ewc_replay,random_src,1,DoS,seen,accuracy,0.9771639952744426
gnn_ewc_replay,random_src,1,DoS,seen,macro_f1,0.6417988059875405
gnn_ewc_replay,random_src,1,DoS,seen,fpr,0.012305216469757036
gnn_ewc_replay,random_src,1,DoS,seen,detection_rate,0.9156395115519119
gnn_ewc_replay,random_src,1,DoS,seen,binary_f1,0.9213839652710674
gnn_ewc_replay,random_src,1,DoS,all,n,416344.0
gnn_ewc_replay,random_src,1,DoS,all,n_benign,313491.0
gnn_ewc_replay,random_src,1,DoS,all,n_attack,102853.0
gnn_ewc_replay,random_src,1,DoS,all,accuracy,0.8230045347116808
gnn_ewc_replay,random_src,1,DoS,all,macro_f1,0.22861295884297722
gnn_ewc_replay,random_src,1,DoS,all,fpr,0.008871068068939779
gnn_ewc_replay,random_src,1,DoS,all,detection_rate,0.3106375117886693
gnn_ewc_replay,random_src,1,DoS,all,binary_f1,0.4644435399465054
gnn_ewc_replay,none,2,WebAttack,task0,n,138702.0
gnn_ewc_replay,none,2,WebAttack,task0,n_benign,137422.0
gnn_ewc_replay,none,2,WebAttack,task0,n_attack,1280.0
gnn_ewc_replay,none,2,WebAttack,task0,accuracy,0.9999711611945034
gnn_ewc_replay,none,2,WebAttack,task0,macro_f1,0.9997974868030136
gnn_ewc_replay,none,2,WebAttack,task0,fpr,2.910742093696788e-05
gnn_ewc_replay,none,2,WebAttack,task0,detection_rate,1.0
gnn_ewc_replay,none,2,WebAttack,task0,binary_f1,0.9984399375975039
gnn_ewc_replay,none,2,WebAttack,task0,category_recall,1.0
gnn_ewc_replay,none,2,WebAttack,task1,n,100000.0
gnn_ewc_replay,none,2,WebAttack,task1,n_benign,66394.0
gnn_ewc_replay,none,2,WebAttack,task1,n_attack,33606.0
gnn_ewc_replay,none,2,WebAttack,task1,accuracy,0.99797
gnn_ewc_replay,none,2,WebAttack,task1,macro_f1,0.9977492806624473
gnn_ewc_replay,none,2,WebAttack,task1,fpr,0.002244178690845558
gnn_ewc_replay,none,2,WebAttack,task1,detection_rate,0.998393144081414
gnn_ewc_replay,none,2,WebAttack,task1,binary_f1,0.9969839689779666
gnn_ewc_replay,none,2,WebAttack,task1,category_recall,0.998393144081414
gnn_ewc_replay,none,2,WebAttack,task2,n,25000.0
gnn_ewc_replay,none,2,WebAttack,task2,n_benign,24976.0
gnn_ewc_replay,none,2,WebAttack,task2,n_attack,24.0
gnn_ewc_replay,none,2,WebAttack,task2,accuracy,0.99904
gnn_ewc_replay,none,2,WebAttack,task2,macro_f1,0.8377878229157028
gnn_ewc_replay,none,2,WebAttack,task2,fpr,0.0009609224855861628
gnn_ewc_replay,none,2,WebAttack,task2,detection_rate,1.0
gnn_ewc_replay,none,2,WebAttack,task2,binary_f1,0.6666666666666666
gnn_ewc_replay,none,2,WebAttack,task2,category_recall,1.0
gnn_ewc_replay,none,2,WebAttack,task3,n,45000.0
gnn_ewc_replay,none,2,WebAttack,task3,n_benign,28566.0
gnn_ewc_replay,none,2,WebAttack,task3,n_attack,16434.0
gnn_ewc_replay,none,2,WebAttack,task3,accuracy,0.6346222222222222
gnn_ewc_replay,none,2,WebAttack,task3,macro_f1,0.38823785312270587
gnn_ewc_replay,none,2,WebAttack,task3,fpr,0.0002800532101099209
gnn_ewc_replay,none,2,WebAttack,task3,detection_rate,0.0
gnn_ewc_replay,none,2,WebAttack,task3,binary_f1,0.0
gnn_ewc_replay,none,2,WebAttack,task3,category_recall,0.0
gnn_ewc_replay,none,2,WebAttack,task4,n,27642.0
gnn_ewc_replay,none,2,WebAttack,task4,n_benign,27569.0
gnn_ewc_replay,none,2,WebAttack,task4,n_attack,73.0
gnn_ewc_replay,none,2,WebAttack,task4,accuracy,0.9973229144056146
gnn_ewc_replay,none,2,WebAttack,task4,macro_f1,0.499329831552255
gnn_ewc_replay,none,2,WebAttack,task4,fpr,3.627262504987486e-05
gnn_ewc_replay,none,2,WebAttack,task4,detection_rate,0.0
gnn_ewc_replay,none,2,WebAttack,task4,binary_f1,0.0
gnn_ewc_replay,none,2,WebAttack,task4,category_recall,0.0
gnn_ewc_replay,none,2,WebAttack,task5,n,55000.0
gnn_ewc_replay,none,2,WebAttack,task5,n_benign,25723.0
gnn_ewc_replay,none,2,WebAttack,task5,n_attack,29277.0
gnn_ewc_replay,none,2,WebAttack,task5,accuracy,0.4676909090909091
gnn_ewc_replay,none,2,WebAttack,task5,macro_f1,0.31865763165392763
gnn_ewc_replay,none,2,WebAttack,task5,fpr,0.0
gnn_ewc_replay,none,2,WebAttack,task5,detection_rate,0.0
gnn_ewc_replay,none,2,WebAttack,task5,binary_f1,0.0
gnn_ewc_replay,none,2,WebAttack,task5,category_recall,0.0
gnn_ewc_replay,none,2,WebAttack,task6,n,25000.0
gnn_ewc_replay,none,2,WebAttack,task6,n_benign,2841.0
gnn_ewc_replay,none,2,WebAttack,task6,n_attack,22159.0
gnn_ewc_replay,none,2,WebAttack,task6,accuracy,0.11356
gnn_ewc_replay,none,2,WebAttack,task6,macro_f1,0.4998239436619718
gnn_ewc_replay,none,2,WebAttack,task6,fpr,0.0007039774727208729
gnn_ewc_replay,none,2,WebAttack,task6,detection_rate,1.0
gnn_ewc_replay,none,2,WebAttack,task6,binary_f1,0.9999548736462094
gnn_ewc_replay,none,2,WebAttack,task6,category_recall,0.0
gnn_ewc_replay,none,2,WebAttack,seen,n,263702.0
gnn_ewc_replay,none,2,WebAttack,seen,n_benign,228792.0
gnn_ewc_replay,none,2,WebAttack,seen,n_attack,34910.0
gnn_ewc_replay,none,2,WebAttack,seen,accuracy,0.9991240111944544
gnn_ewc_replay,none,2,WebAttack,seen,macro_f1,0.9048736961639476
gnn_ewc_replay,none,2,WebAttack,seen,fpr,0.000773628448547152
gnn_ewc_replay,none,2,WebAttack,seen,detection_rate,0.9984531652821541
gnn_ewc_replay,none,2,WebAttack,seen,binary_f1,0.9966973106672576
gnn_ewc_replay,none,2,WebAttack,all,n,416344.0
gnn_ewc_replay,none,2,WebAttack,all,n_benign,313491.0
gnn_ewc_replay,none,2,WebAttack,all,n_attack,102853.0
gnn_ewc_replay,none,2,WebAttack,all,accuracy,0.8362291758737966
gnn_ewc_replay,none,2,WebAttack,all,macro_f1,0.4033380526669434
gnn_ewc_replay,none,2,WebAttack,all,fpr,0.000599698236950981
gnn_ewc_replay,none,2,WebAttack,all,detection_rate,0.5543348273749915
gnn_ewc_replay,none,2,WebAttack,all,binary_f1,0.712438146648673
gnn_ewc_replay,permute,2,WebAttack,task0,n,138702.0
gnn_ewc_replay,permute,2,WebAttack,task0,n_benign,137422.0
gnn_ewc_replay,permute,2,WebAttack,task0,n_attack,1280.0
gnn_ewc_replay,permute,2,WebAttack,task0,accuracy,0.9999711611945034
gnn_ewc_replay,permute,2,WebAttack,task0,macro_f1,0.9997974868030136
gnn_ewc_replay,permute,2,WebAttack,task0,fpr,2.910742093696788e-05
gnn_ewc_replay,permute,2,WebAttack,task0,detection_rate,1.0
gnn_ewc_replay,permute,2,WebAttack,task0,binary_f1,0.9984399375975039
gnn_ewc_replay,permute,2,WebAttack,task0,category_recall,1.0
gnn_ewc_replay,permute,2,WebAttack,task1,n,100000.0
gnn_ewc_replay,permute,2,WebAttack,task1,n_benign,66394.0
gnn_ewc_replay,permute,2,WebAttack,task1,n_attack,33606.0
gnn_ewc_replay,permute,2,WebAttack,task1,accuracy,0.99797
gnn_ewc_replay,permute,2,WebAttack,task1,macro_f1,0.9977492806624473
gnn_ewc_replay,permute,2,WebAttack,task1,fpr,0.002244178690845558
gnn_ewc_replay,permute,2,WebAttack,task1,detection_rate,0.998393144081414
gnn_ewc_replay,permute,2,WebAttack,task1,binary_f1,0.9969839689779666
gnn_ewc_replay,permute,2,WebAttack,task1,category_recall,0.998393144081414
gnn_ewc_replay,permute,2,WebAttack,task2,n,25000.0
gnn_ewc_replay,permute,2,WebAttack,task2,n_benign,24976.0
gnn_ewc_replay,permute,2,WebAttack,task2,n_attack,24.0
gnn_ewc_replay,permute,2,WebAttack,task2,accuracy,0.99904
gnn_ewc_replay,permute,2,WebAttack,task2,macro_f1,0.8377878229157028
gnn_ewc_replay,permute,2,WebAttack,task2,fpr,0.0009609224855861628
gnn_ewc_replay,permute,2,WebAttack,task2,detection_rate,1.0
gnn_ewc_replay,permute,2,WebAttack,task2,binary_f1,0.6666666666666666
gnn_ewc_replay,permute,2,WebAttack,task2,category_recall,1.0
gnn_ewc_replay,permute,2,WebAttack,task3,n,45000.0
gnn_ewc_replay,permute,2,WebAttack,task3,n_benign,28566.0
gnn_ewc_replay,permute,2,WebAttack,task3,n_attack,16434.0
gnn_ewc_replay,permute,2,WebAttack,task3,accuracy,0.6346222222222222
gnn_ewc_replay,permute,2,WebAttack,task3,macro_f1,0.38823785312270587
gnn_ewc_replay,permute,2,WebAttack,task3,fpr,0.0002800532101099209
gnn_ewc_replay,permute,2,WebAttack,task3,detection_rate,0.0
gnn_ewc_replay,permute,2,WebAttack,task3,binary_f1,0.0
gnn_ewc_replay,permute,2,WebAttack,task3,category_recall,0.0
gnn_ewc_replay,permute,2,WebAttack,task4,n,27642.0
gnn_ewc_replay,permute,2,WebAttack,task4,n_benign,27569.0
gnn_ewc_replay,permute,2,WebAttack,task4,n_attack,73.0
gnn_ewc_replay,permute,2,WebAttack,task4,accuracy,0.9973229144056146
gnn_ewc_replay,permute,2,WebAttack,task4,macro_f1,0.499329831552255
gnn_ewc_replay,permute,2,WebAttack,task4,fpr,3.627262504987486e-05
gnn_ewc_replay,permute,2,WebAttack,task4,detection_rate,0.0
gnn_ewc_replay,permute,2,WebAttack,task4,binary_f1,0.0
gnn_ewc_replay,permute,2,WebAttack,task4,category_recall,0.0
gnn_ewc_replay,permute,2,WebAttack,task5,n,55000.0
gnn_ewc_replay,permute,2,WebAttack,task5,n_benign,25723.0
gnn_ewc_replay,permute,2,WebAttack,task5,n_attack,29277.0
gnn_ewc_replay,permute,2,WebAttack,task5,accuracy,0.4676909090909091
gnn_ewc_replay,permute,2,WebAttack,task5,macro_f1,0.31865763165392763
gnn_ewc_replay,permute,2,WebAttack,task5,fpr,0.0
gnn_ewc_replay,permute,2,WebAttack,task5,detection_rate,0.0
gnn_ewc_replay,permute,2,WebAttack,task5,binary_f1,0.0
gnn_ewc_replay,permute,2,WebAttack,task5,category_recall,0.0
gnn_ewc_replay,permute,2,WebAttack,task6,n,25000.0
gnn_ewc_replay,permute,2,WebAttack,task6,n_benign,2841.0
gnn_ewc_replay,permute,2,WebAttack,task6,n_attack,22159.0
gnn_ewc_replay,permute,2,WebAttack,task6,accuracy,0.11356
gnn_ewc_replay,permute,2,WebAttack,task6,macro_f1,0.4998239436619718
gnn_ewc_replay,permute,2,WebAttack,task6,fpr,0.0007039774727208729
gnn_ewc_replay,permute,2,WebAttack,task6,detection_rate,1.0
gnn_ewc_replay,permute,2,WebAttack,task6,binary_f1,0.9999548736462094
gnn_ewc_replay,permute,2,WebAttack,task6,category_recall,0.0
gnn_ewc_replay,permute,2,WebAttack,seen,n,263702.0
gnn_ewc_replay,permute,2,WebAttack,seen,n_benign,228792.0
gnn_ewc_replay,permute,2,WebAttack,seen,n_attack,34910.0
gnn_ewc_replay,permute,2,WebAttack,seen,accuracy,0.9991240111944544
gnn_ewc_replay,permute,2,WebAttack,seen,macro_f1,0.9048736961639476
gnn_ewc_replay,permute,2,WebAttack,seen,fpr,0.000773628448547152
gnn_ewc_replay,permute,2,WebAttack,seen,detection_rate,0.9984531652821541
gnn_ewc_replay,permute,2,WebAttack,seen,binary_f1,0.9966973106672576
gnn_ewc_replay,permute,2,WebAttack,all,n,416344.0
gnn_ewc_replay,permute,2,WebAttack,all,n_benign,313491.0
gnn_ewc_replay,permute,2,WebAttack,all,n_attack,102853.0
gnn_ewc_replay,permute,2,WebAttack,all,accuracy,0.8362291758737966
gnn_ewc_replay,permute,2,WebAttack,all,macro_f1,0.4033380526669434
gnn_ewc_replay,permute,2,WebAttack,all,fpr,0.000599698236950981
gnn_ewc_replay,permute,2,WebAttack,all,detection_rate,0.5543348273749915
gnn_ewc_replay,permute,2,WebAttack,all,binary_f1,0.712438146648673
gnn_ewc_replay,random_src,2,WebAttack,task0,n,138702.0
gnn_ewc_replay,random_src,2,WebAttack,task0,n_benign,137422.0
gnn_ewc_replay,random_src,2,WebAttack,task0,n_attack,1280.0
gnn_ewc_replay,random_src,2,WebAttack,task0,accuracy,0.9860348084382344
gnn_ewc_replay,random_src,2,WebAttack,task0,macro_f1,0.4972635500668826
gnn_ewc_replay,random_src,2,WebAttack,task0,fpr,0.004788170744131216
gnn_ewc_replay,random_src,2,WebAttack,task0,detection_rate,0.00078125
gnn_ewc_replay,random_src,2,WebAttack,task0,binary_f1,0.0010314595152140279
gnn_ewc_replay,random_src,2,WebAttack,task0,category_recall,0.00078125
gnn_ewc_replay,random_src,2,WebAttack,task1,n,100000.0
gnn_ewc_replay,random_src,2,WebAttack,task1,n_benign,66394.0
gnn_ewc_replay,random_src,2,WebAttack,task1,n_attack,33606.0
gnn_ewc_replay,random_src,2,WebAttack,task1,accuracy,0.97965
gnn_ewc_replay,random_src,2,WebAttack,task1,macro_f1,0.9768750076962522
gnn_ewc_replay,random_src,2,WebAttack,task1,fpr,0.0004518480585595084
gnn_ewc_replay,random_src,2,WebAttack,task1,detection_rate,0.9403380348747248
gnn_ewc_replay,random_src,2,WebAttack,task1,binary_f1,0.9688060456489416
gnn_ewc_replay,random_src,2,WebAttack,task1,category_recall,0.9403380348747248
gnn_ewc_replay,random_src,2,WebAttack,task2,n,25000.0
gnn_ewc_replay,random_src,2,WebAttack,task2,n_benign,24976.0
gnn_ewc_replay,random_src,2,WebAttack,task2,n_attack,24.0
gnn_ewc_replay,random_src,2,WebAttack,task2,accuracy,0.99932
gnn_ewc_replay,random_src,2,WebAttack,task2,macro_f1,0.9089207286996944
gnn_ewc_replay,random_src,2,WebAttack,task2,fpr,0.0004404228058936579
gnn_ewc_replay,random_src,2,WebAttack,task2,detection_rate,0.75
gnn_ewc_replay,random_src,2,WebAttack,task2,binary_f1,0.6792452830188679
gnn_ewc_replay,random_src,2,WebAttack,task2,category_recall,0.75
gnn_ewc_replay,random_src,2,WebAttack,task3,n,45000.0
gnn_ewc_replay,random_src,2,WebAttack,task3,n_benign,28566.0
gnn_ewc_replay,random_src,2,WebAttack,task3,n_attack,16434.0
gnn_ewc_replay,random_src,2,WebAttack,task3,accuracy,0.6347333333333334
gnn_ewc_replay,random_src,2,WebAttack,task3,macro_f1,0.38835862294012075
gnn_ewc_replay,random_src,2,WebAttack,task3,fpr,0.00010501995379122033
gnn_ewc_replay,random_src,2,WebAttack,task3,detection_rate,0.0009127418765972983
gnn_ewc_replay,random_src,2,WebAttack,task3,binary_f1,0.0018234865061998542
gnn_ewc_replay,random_src,2,WebAttack,task3,category_recall,0.0
gnn_ewc_replay,random_src,2,WebAttack,task4,n,27642.0
gnn_ewc_replay,random_src,2,WebAttack,task4,n_benign,27569.0
gnn_ewc_replay,random_src,2,WebAttack,task4,n_attack,73.0
gnn_ewc_replay,random_src,2,WebAttack,task4,accuracy,0.997286737573258
gnn_ewc_replay,random_src,2,WebAttack,task4,macro_f1,0.4993207629190893
gnn_ewc_replay,random_src,2,WebAttack,task4,fpr,7.254525009974973e-05
gnn_ewc_replay,random_src,2,WebAttack,task4,detection_rate,0.0
gnn_ewc_replay,random_src,2,WebAttack,task4,binary_f1,0.0
gnn_ewc_replay,random_src,2,WebAttack,task4,category_recall,0.0
gnn_ewc_replay,random_src,2,WebAttack,task5,n,55000.0
gnn_ewc_replay,random_src,2,WebAttack,task5,n_benign,25723.0
gnn_ewc_replay,random_src,2,WebAttack,task5,n_attack,29277.0
gnn_ewc_replay,random_src,2,WebAttack,task5,accuracy,0.46683636363636366
gnn_ewc_replay,random_src,2,WebAttack,task5,macro_f1,0.3182764775882586
gnn_ewc_replay,random_src,2,WebAttack,task5,fpr,0.001827158574038798
gnn_ewc_replay,random_src,2,WebAttack,task5,detection_rate,0.00013662602042559006
gnn_ewc_replay,random_src,2,WebAttack,task5,binary_f1,0.00027277686852154935
gnn_ewc_replay,random_src,2,WebAttack,task5,category_recall,0.0
gnn_ewc_replay,random_src,2,WebAttack,task6,n,25000.0
gnn_ewc_replay,random_src,2,WebAttack,task6,n_benign,2841.0
gnn_ewc_replay,random_src,2,WebAttack,task6,n_attack,22159.0
gnn_ewc_replay,random_src,2,WebAttack,task6,accuracy,0.11364
gnn_ewc_replay,random_src,2,WebAttack,task6,macro_f1,0.10204374842857655
gnn_ewc_replay,random_src,2,WebAttack,task6,fpr,0.0
gnn_ewc_replay,random_src,2,WebAttack,task6,detection_rate,0.0
gnn_ewc_replay,random_src,2,WebAttack,task6,binary_f1,0.0
gnn_ewc_replay,random_src,2,WebAttack,task6,category_recall,0.0
gnn_ewc_replay,random_src,2,WebAttack,seen,n,263702.0
gnn_ewc_replay,random_src,2,WebAttack,seen,n_benign,228792.0
gnn_ewc_replay,random_src,2,WebAttack,seen,n_attack,34910.0
gnn_ewc_replay,random_src,2,WebAttack,seen,accuracy,0.9848730764271791
gnn_ewc_replay,random_src,2,WebAttack,seen,macro_f1,0.6836662654220043
gnn_ewc_replay,random_src,2,WebAttack,seen,fpr,0.003055176754431973
gnn_ewc_replay,random_src,2,WebAttack,seen,detection_rate,0.9057576625608708
gnn_ewc_replay,random_src,2,WebAttack,seen,binary_f1,0.9406654866203573
gnn_ewc_replay,random_src,2,WebAttack,all,n,416344.0
gnn_ewc_replay,random_src,2,WebAttack,all,n_benign,313491.0
gnn_ewc_replay,random_src,2,WebAttack,all,n_attack,102853.0
gnn_ewc_replay,random_src,2,WebAttack,all,accuracy,0.8271045097323367
gnn_ewc_replay,random_src,2,WebAttack,all,macro_f1,0.3298946633723242
gnn_ewc_replay,random_src,2,WebAttack,all,fpr,0.002395603063564823
gnn_ewc_replay,random_src,2,WebAttack,all,detection_rate,0.3076137788883163
gnn_ewc_replay,random_src,2,WebAttack,all,binary_f1,0.4678837352025613
gnn_ewc_replay,none,3,Infiltration,task0,n,138702.0
gnn_ewc_replay,none,3,Infiltration,task0,n_benign,137422.0
gnn_ewc_replay,none,3,Infiltration,task0,n_attack,1280.0
gnn_ewc_replay,none,3,Infiltration,task0,accuracy,0.9999855805972516
gnn_ewc_replay,none,3,Infiltration,task0,macro_f1,0.9998011253100609
gnn_ewc_replay,none,3,Infiltration,task0,fpr,1.455371046848394e-05
gnn_ewc_replay,none,3,Infiltration,task0,detection_rate,1.0
gnn_ewc_replay,none,3,Infiltration,task0,binary_f1,0.9992193598750976
gnn_ewc_replay,none,3,Infiltration,task0,category_recall,1.0
gnn_ewc_replay,none,3,Infiltration,task1,n,100000.0
gnn_ewc_replay,none,3,Infiltration,task1,n_benign,66394.0
gnn_ewc_replay,none,3,Infiltration,task1,n_attack,33606.0
gnn_ewc_replay,none,3,Infiltration,task1,accuracy,0.99791
gnn_ewc_replay,none,3,Infiltration,task1,macro_f1,0.9976691201127386
gnn_ewc_replay,none,3,Infiltration,task1,fpr,0.0031026900021086244
gnn_ewc_replay,none,3,Infiltration,task1,detection_rate,0.9999107302267453
gnn_ewc_replay,none,3,Infiltration,task1,binary_f1,0.9968997997478306
gnn_ewc_replay,none,3,Infiltration,task1,category_recall,0.9999107302267453
gnn_ewc_replay,none,3,Infiltration,task2,n,25000.0
gnn_ewc_replay,none,3,Infiltration,task2,n_benign,24976.0
gnn_ewc_replay,none,3,Infiltration,task2,n_attack,24.0
gnn_ewc_replay,none,3,Infiltration,task2,accuracy,0.99976
gnn_ewc_replay,none,3,Infiltration,task2,macro_f1,0.9422476298427287
gnn_ewc_replay,none,3,Infiltration,task2,fpr,0.00020019218449711723
gnn_ewc_replay,none,3,Infiltration,task2,detection_rate,0.9583333333333334
gnn_ewc_replay,none,3,Infiltration,task2,binary_f1,0.8846153846153846
gnn_ewc_replay,none,3,Infiltration,task2,category_recall,0.9583333333333334
gnn_ewc_replay,none,3,Infiltration,task3,n,45000.0
gnn_ewc_replay,none,3,Infiltration,task3,n_benign,28566.0
gnn_ewc_replay,none,3,Infiltration,task3,n_attack,16434.0
gnn_ewc_replay,none,3,Infiltration,task3,accuracy,0.9986888888888888
gnn_ewc_replay,none,3,Infiltration,task3,macro_f1,0.9986168928140183
gnn_ewc_replay,none,3,Infiltration,task3,fpr,0.0014352727018133444
gnn_ewc_replay,none,3,Infiltration,task3,detection_rate,0.9989047097480832
gnn_ewc_replay,none,3,Infiltration,task3,binary_f1,0.9982061962238911
gnn_ewc_replay,none,3,Infiltration,task3,category_recall,0.9989047097480832
gnn_ewc_replay,none,3,Infiltration,task4,n,27642.0
gnn_ewc_replay,none,3,Infiltration,task4,n_benign,27569.0
gnn_ewc_replay,none,3,Infiltration,task4,n_attack,73.0
gnn_ewc_replay,none,3,Infiltration,task4,accuracy,0.9973590912379712
gnn_ewc_replay,none,3,Infiltration,task4,macro_f1,0.4993388998569126
gnn_ewc_replay,none,3,Infiltration,task4,fpr,0.0
gnn_ewc_replay,none,3,Infiltration,task4,detection_rate,0.0
gnn_ewc_replay,none,3,Infiltration,task4,binary_f1,0.0
gnn_ewc_replay,none,3,Infiltration,task4,category_recall,0.0
gnn_ewc_replay,none,3,Infiltration,task5,n,55000.0
gnn_ewc_replay,none,3,Infiltration,task5,n_benign,25723.0
gnn_ewc_replay,none,3,Infiltration,task5,n_attack,29277.0
gnn_ewc_replay,none,3,Infiltration,task5,accuracy,0.46752727272727274
gnn_ewc_replay,none,3,Infiltration,task5,macro_f1,0.49991251433792794
gnn_ewc_replay,none,3,Infiltration,task5,fpr,0.0003498814290712592
gnn_ewc_replay,none,3,Infiltration,task5,detection_rate,1.0
gnn_ewc_replay,none,3,Infiltration,task5,binary_f1,0.9998463193483941
gnn_ewc_replay,none,3,Infiltration,task5,category_recall,0.0
gnn_ewc_replay,none,3,Infiltration,task6,n,25000.0
gnn_ewc_replay,none,3,Infiltration,task6,n_benign,2841.0
gnn_ewc_replay,none,3,Infiltration,task6,n_attack,22159.0
gnn_ewc_replay,none,3,Infiltration,task6,accuracy,0.11304
gnn_ewc_replay,none,3,Infiltration,task6,macro_f1,0.49867654843832715
gnn_ewc_replay,none,3,Infiltration,task6,fpr,0.005279831045406547
gnn_ewc_replay,none,3,Infiltration,task6,detection_rate,1.0
gnn_ewc_replay,none,3,Infiltration,task6,binary_f1,0.9996616515913653
gnn_ewc_replay,none,3,Infiltration,task6,category_recall,0.0
gnn_ewc_replay,none,3,Infiltration,seen,n,308702.0
gnn_ewc_replay,none,3,Infiltration,seen,n_benign,257358.0
gnn_ewc_replay,none,3,Infiltration,seen,n_attack,51344.0
gnn_ewc_replay,none,3,Infiltration,seen,accuracy,0.9991059338779794
gnn_ewc_replay,none,3,Infiltration,seen,macro_f1,0.9692091406493732
gnn_ewc_replay,none,3,Infiltration,seen,fpr,0.0009869520279144227
gnn_ewc_replay,none,3,Infiltration,seen,detection_rate,0.999571517606731
gnn_ewc_replay,none,3,Infiltration,seen,binary_f1,0.9973183054799845
gnn_ewc_replay,none,3,Infiltration,all,n,416344.0
gnn_ewc_replay,none,3,Infiltration,all,n_benign,313491.0
gnn_ewc_replay,none,3,Infiltration,all,n_attack,102853.0
gnn_ewc_replay,none,3,Infiltration,all,accuracy,0.8755620352400899
gnn_ewc_replay,none,3,Infiltration,all,macro_f1,0.5161341134190464
gnn_ewc_replay,none,3,Infiltration,all,fpr,0.0008867878184700678
gnn_ewc_replay,none,3,Infiltration,all,detection_rate,0.9990763516863874
gnn_ewc_replay,none,3,Infiltration,all,binary_f1,0.9981883442048871
gnn_ewc_replay,permute,3,Infiltration,task0,n,138702.0
gnn_ewc_replay,permute,3,Infiltration,task0,n_benign,137422.0
gnn_ewc_replay,permute,3,Infiltration,task0,n_attack,1280.0
gnn_ewc_replay,permute,3,Infiltration,task0,accuracy,0.9999855805972516
gnn_ewc_replay,permute,3,Infiltration,task0,macro_f1,0.9998011253100609
gnn_ewc_replay,permute,3,Infiltration,task0,fpr,1.455371046848394e-05
gnn_ewc_replay,permute,3,Infiltration,task0,detection_rate,1.0
gnn_ewc_replay,permute,3,Infiltration,task0,binary_f1,0.9992193598750976
gnn_ewc_replay,permute,3,Infiltration,task0,category_recall,1.0
gnn_ewc_replay,permute,3,Infiltration,task1,n,100000.0
gnn_ewc_replay,permute,3,Infiltration,task1,n_benign,66394.0
gnn_ewc_replay,permute,3,Infiltration,task1,n_attack,33606.0
gnn_ewc_replay,permute,3,Infiltration,task1,accuracy,0.99791
gnn_ewc_replay,permute,3,Infiltration,task1,macro_f1,0.9976691201127386
gnn_ewc_replay,permute,3,Infiltration,task1,fpr,0.0031026900021086244
gnn_ewc_replay,permute,3,Infiltration,task1,detection_rate,0.9999107302267453
gnn_ewc_replay,permute,3,Infiltration,task1,binary_f1,0.9968997997478306
gnn_ewc_replay,permute,3,Infiltration,task1,category_recall,0.9999107302267453
gnn_ewc_replay,permute,3,Infiltration,task2,n,25000.0
gnn_ewc_replay,permute,3,Infiltration,task2,n_benign,24976.0
gnn_ewc_replay,permute,3,Infiltration,task2,n_attack,24.0
gnn_ewc_replay,permute,3,Infiltration,task2,accuracy,0.99976
gnn_ewc_replay,permute,3,Infiltration,task2,macro_f1,0.9422476298427287
gnn_ewc_replay,permute,3,Infiltration,task2,fpr,0.00020019218449711723
gnn_ewc_replay,permute,3,Infiltration,task2,detection_rate,0.9583333333333334
gnn_ewc_replay,permute,3,Infiltration,task2,binary_f1,0.8846153846153846
gnn_ewc_replay,permute,3,Infiltration,task2,category_recall,0.9583333333333334
gnn_ewc_replay,permute,3,Infiltration,task3,n,45000.0
gnn_ewc_replay,permute,3,Infiltration,task3,n_benign,28566.0
gnn_ewc_replay,permute,3,Infiltration,task3,n_attack,16434.0
gnn_ewc_replay,permute,3,Infiltration,task3,accuracy,0.9986888888888888
gnn_ewc_replay,permute,3,Infiltration,task3,macro_f1,0.9986168928140183
gnn_ewc_replay,permute,3,Infiltration,task3,fpr,0.0014352727018133444
gnn_ewc_replay,permute,3,Infiltration,task3,detection_rate,0.9989047097480832
gnn_ewc_replay,permute,3,Infiltration,task3,binary_f1,0.9982061962238911
gnn_ewc_replay,permute,3,Infiltration,task3,category_recall,0.9989047097480832
gnn_ewc_replay,permute,3,Infiltration,task4,n,27642.0
gnn_ewc_replay,permute,3,Infiltration,task4,n_benign,27569.0
gnn_ewc_replay,permute,3,Infiltration,task4,n_attack,73.0
gnn_ewc_replay,permute,3,Infiltration,task4,accuracy,0.9973590912379712
gnn_ewc_replay,permute,3,Infiltration,task4,macro_f1,0.4993388998569126
gnn_ewc_replay,permute,3,Infiltration,task4,fpr,0.0
gnn_ewc_replay,permute,3,Infiltration,task4,detection_rate,0.0
gnn_ewc_replay,permute,3,Infiltration,task4,binary_f1,0.0
gnn_ewc_replay,permute,3,Infiltration,task4,category_recall,0.0
gnn_ewc_replay,permute,3,Infiltration,task5,n,55000.0
gnn_ewc_replay,permute,3,Infiltration,task5,n_benign,25723.0
gnn_ewc_replay,permute,3,Infiltration,task5,n_attack,29277.0
gnn_ewc_replay,permute,3,Infiltration,task5,accuracy,0.46752727272727274
gnn_ewc_replay,permute,3,Infiltration,task5,macro_f1,0.49991251433792794
gnn_ewc_replay,permute,3,Infiltration,task5,fpr,0.0003498814290712592
gnn_ewc_replay,permute,3,Infiltration,task5,detection_rate,1.0
gnn_ewc_replay,permute,3,Infiltration,task5,binary_f1,0.9998463193483941
gnn_ewc_replay,permute,3,Infiltration,task5,category_recall,0.0
gnn_ewc_replay,permute,3,Infiltration,task6,n,25000.0
gnn_ewc_replay,permute,3,Infiltration,task6,n_benign,2841.0
gnn_ewc_replay,permute,3,Infiltration,task6,n_attack,22159.0
gnn_ewc_replay,permute,3,Infiltration,task6,accuracy,0.11304
gnn_ewc_replay,permute,3,Infiltration,task6,macro_f1,0.49867654843832715
gnn_ewc_replay,permute,3,Infiltration,task6,fpr,0.005279831045406547
gnn_ewc_replay,permute,3,Infiltration,task6,detection_rate,1.0
gnn_ewc_replay,permute,3,Infiltration,task6,binary_f1,0.9996616515913653
gnn_ewc_replay,permute,3,Infiltration,task6,category_recall,0.0
gnn_ewc_replay,permute,3,Infiltration,seen,n,308702.0
gnn_ewc_replay,permute,3,Infiltration,seen,n_benign,257358.0
gnn_ewc_replay,permute,3,Infiltration,seen,n_attack,51344.0
gnn_ewc_replay,permute,3,Infiltration,seen,accuracy,0.9991059338779794
gnn_ewc_replay,permute,3,Infiltration,seen,macro_f1,0.9692091406493732
gnn_ewc_replay,permute,3,Infiltration,seen,fpr,0.0009869520279144227
gnn_ewc_replay,permute,3,Infiltration,seen,detection_rate,0.999571517606731
gnn_ewc_replay,permute,3,Infiltration,seen,binary_f1,0.9973183054799845
gnn_ewc_replay,permute,3,Infiltration,all,n,416344.0
gnn_ewc_replay,permute,3,Infiltration,all,n_benign,313491.0
gnn_ewc_replay,permute,3,Infiltration,all,n_attack,102853.0
gnn_ewc_replay,permute,3,Infiltration,all,accuracy,0.8755620352400899
gnn_ewc_replay,permute,3,Infiltration,all,macro_f1,0.5161341134190464
gnn_ewc_replay,permute,3,Infiltration,all,fpr,0.0008867878184700678
gnn_ewc_replay,permute,3,Infiltration,all,detection_rate,0.9990763516863874
gnn_ewc_replay,permute,3,Infiltration,all,binary_f1,0.9981883442048871
gnn_ewc_replay,random_src,3,Infiltration,task0,n,138702.0
gnn_ewc_replay,random_src,3,Infiltration,task0,n_benign,137422.0
gnn_ewc_replay,random_src,3,Infiltration,task0,n_attack,1280.0
gnn_ewc_replay,random_src,3,Infiltration,task0,accuracy,0.9725310377644159
gnn_ewc_replay,random_src,3,Infiltration,task0,macro_f1,0.4930371280071931
gnn_ewc_replay,random_src,3,Infiltration,task0,fpr,0.018410443742632183
gnn_ewc_replay,random_src,3,Infiltration,task0,detection_rate,0.0
gnn_ewc_replay,random_src,3,Infiltration,task0,binary_f1,0.0
gnn_ewc_replay,random_src,3,Infiltration,task0,category_recall,0.0
gnn_ewc_replay,random_src,3,Infiltration,task1,n,100000.0
gnn_ewc_replay,random_src,3,Infiltration,task1,n_benign,66394.0
gnn_ewc_replay,random_src,3,Infiltration,task1,n_attack,33606.0
gnn_ewc_replay,random_src,3,Infiltration,task1,accuracy,0.98172
gnn_ewc_replay,random_src,3,Infiltration,task1,macro_f1,0.9793804181016096
gnn_ewc_replay,random_src,3,Infiltration,task1,fpr,0.002455041118173329
gnn_ewc_replay,random_src,3,Infiltration,task1,detection_rate,0.9504552758435993
gnn_ewc_replay,random_src,3,Infiltration,task1,binary_f1,0.9721807943996348
gnn_ewc_replay,random_src,3,Infiltration,task1,category_recall,0.9504552758435993
gnn_ewc_replay,random_src,3,Infiltration,task2,n,25000.0
gnn_ewc_replay,random_src,3,Infiltration,task2,n_benign,24976.0
gnn_ewc_replay,random_src,3,Infiltration,task2,n_attack,24.0
gnn_ewc_replay,random_src,3,Infiltration,task2,accuracy,0.99808
gnn_ewc_replay,random_src,3,Infiltration,task2,macro_f1,0.4995195387572069
gnn_ewc_replay,random_src,3,Infiltration,task2,fpr,0.0009609224855861628
gnn_ewc_replay,random_src,3,Infiltration,task2,detection_rate,0.0
gnn_ewc_replay,random_src,3,Infiltration,task2,binary_f1,0.0
gnn_ewc_replay,random_src,3,Infiltration,task2,category_recall,0.0
gnn_ewc_replay,random_src,3,Infiltration,task3,n,45000.0
gnn_ewc_replay,random_src,3,Infiltration,task3,n_benign,28566.0
gnn_ewc_replay,random_src,3,Infiltration,task3,n_attack,16434.0
gnn_ewc_replay,random_src,3,Infiltration,task3,accuracy,0.9892444444444445
gnn_ewc_replay,random_src,3,Infiltration,task3,macro_f1,0.9895585369265303
gnn_ewc_replay,random_src,3,Infiltration,task3,fpr,0.0017503325631870056
gnn_ewc_replay,random_src,3,Infiltration,task3,detection_rate,0.9776682487525861
gnn_ewc_replay,random_src,3,Infiltration,task3,binary_f1,0.9871893336610242
gnn_ewc_replay,random_src,3,Infiltration,task3,category_recall,0.9735913350371181
gnn_ewc_replay,random_src,3,Infiltration,task4,n,27642.0
gnn_ewc_replay,random_src,3,Infiltration,task4,n_benign,27569.0
gnn_ewc_replay,random_src,3,Infiltration,task4,n_attack,73.0
gnn_ewc_replay,random_src,3,Infiltration,task4,accuracy,0.986723102525143
gnn_ewc_replay,random_src,3,Infiltration,task4,macro_f1,0.4966585938780341
gnn_ewc_replay,random_src,3,Infiltration,task4,fpr,0.010664151764663208
gnn_ewc_replay,random_src,3,Infiltration,task4,detection_rate,0.0
gnn_ewc_replay,random_src,3,Infiltration,task4,binary_f1,0.0
gnn_ewc_replay,random_src,3,Infiltration,task4,category_recall,0.0
gnn_ewc_replay,random_src,3,Infiltration,task5,n,55000.0
gnn_ewc_replay,random_src,3,Infiltration,task5,n_benign,25723.0
gnn_ewc_replay,random_src,3,Infiltration,task5,n_attack,29277.0
gnn_ewc_replay,random_src,3,Infiltration,task5,accuracy,0.4572181818181818
gnn_ewc_replay,random_src,3,Infiltration,task5,macro_f1,0.49336864822444576
gnn_ewc_replay,random_src,3,Infiltration,task5,fpr,0.022392411460560587
gnn_ewc_replay,random_src,3,Infiltration,task5,detection_rate,0.9965843494893603
gnn_ewc_replay,random_src,3,Infiltration,task5,binary_f1,0.9885481958326274
gnn_ewc_replay,random_src,3,Infiltration,task5,category_recall,0.0
gnn_ewc_replay,random_src,3,Infiltration,task6,n,25000.0
gnn_ewc_replay,random_src,3,Infiltration,task6,n_benign,2841.0
gnn_ewc_replay,random_src,3,Infiltration,task6,n_attack,22159.0
gnn_ewc_replay,random_src,3,Infiltration,task6,accuracy,0.11084
gnn_ewc_replay,random_src,3,Infiltration,task6,macro_f1,0.0997803464045227
gnn_ewc_replay,random_src,3,Infiltration,task6,fpr,0.024639211545230553
gnn_ewc_replay,random_src,3,Infiltration,task6,detection_rate,0.0
gnn_ewc_replay,random_src,3,Infiltration,task6,binary_f1,0.0
gnn_ewc_replay,random_src,3,Infiltration,task6,category_recall,0.0
gnn_ewc_replay,random_src,3,Infiltration,seen,n,308702.0
gnn_ewc_replay,random_src,3,Infiltration,seen,n_benign,257358.0
gnn_ewc_replay,random_src,3,Infiltration,seen,n_attack,51344.0
gnn_ewc_replay,random_src,3,Infiltration,seen,accuracy,0.9800130870548296
gnn_ewc_replay,random_src,3,Infiltration,seen,macro_f1,0.5818749375422584
gnn_ewc_replay,random_src,3,Infiltration,seen,fpr,0.010751560083618928
gnn_ewc_replay,random_src,3,Infiltration,seen,detection_rate,0.935026488002493
gnn_ewc_replay,random_src,3,Infiltration,seen,binary_f1,0.9402363908773098
gnn_ewc_replay,random_src,3,Infiltration,all,n,416344.0
gnn_ewc_replay,random_src,3,Infiltration,all,n_benign,313491.0
gnn_ewc_replay,random_src,3,Infiltration,all,n_attack,102853.0
gnn_ewc_replay,random_src,3,Infiltration,all,accuracy,0.8592053686374729
gnn_ewc_replay,random_src,3,Infiltration,all,macro_f1,0.3001137007891792
gnn_ewc_replay,random_src,3,Infiltration,all,fpr,0.01182490087434727
gnn_ewc_replay,random_src,3,Infiltration,all,detection_rate,0.7504399482756945
gnn_ewc_replay,random_src,3,Infiltration,all,binary_f1,0.8401317042640616
gnn_ewc_replay,none,4,Botnet,task0,n,138702.0
gnn_ewc_replay,none,4,Botnet,task0,n_benign,137422.0
gnn_ewc_replay,none,4,Botnet,task0,n_attack,1280.0
gnn_ewc_replay,none,4,Botnet,task0,accuracy,0.9998918544793874
gnn_ewc_replay,none,4,Botnet,task0,macro_f1,0.9997774740676524
gnn_ewc_replay,none,4,Botnet,task0,fpr,0.00010915282851362954
gnn_ewc_replay,none,4,Botnet,task0,detection_rate,1.0
gnn_ewc_replay,none,4,Botnet,task0,binary_f1,0.9941747572815534
gnn_ewc_replay,none,4,Botnet,task0,category_recall,1.0
gnn_ewc_replay,none,4,Botnet,task1,n,100000.0
gnn_ewc_replay,none,4,Botnet,task1,n_benign,66394.0
gnn_ewc_replay,none,4,Botnet,task1,n_attack,33606.0
gnn_ewc_replay,none,4,Botnet,task1,accuracy,0.99724
gnn_ewc_replay,none,4,Botnet,task1,macro_f1,0.9969705194792718
gnn_ewc_replay,none,4,Botnet,task1,fpr,0.0033587372352923456
gnn_ewc_replay,none,4,Botnet,task1,detection_rate,0.998422900672499
gnn_ewc_replay,none,4,Botnet,task1,binary_f1,0.9959039506099552
gnn_ewc_replay,none,4,Botnet,task1,category_recall,0.998422900672499
gnn_ewc_replay,none,4,Botnet,task2,n,25000.0
gnn_ewc_replay,none,4,Botnet,task2,n_benign,24976.0
gnn_ewc_replay,none,4,Botnet,task2,n_attack,24.0
gnn_ewc_replay,none,4,Botnet,task2,accuracy,0.99956
gnn_ewc_replay,none,4,Botnet,task2,macro_f1,0.9338521386078242
gnn_ewc_replay,none,4,Botnet,task2,fpr,0.00040038436899423447
gnn_ewc_replay,none,4,Botnet,task2,detection_rate,0.9583333333333334
gnn_ewc_replay,none,4,Botnet,task2,binary_f1,0.8070175438596491
gnn_ewc_replay,none,4,Botnet,task2,category_recall,0.9583333333333334
gnn_ewc_replay,none,4,Botnet,task3,n,45000.0
gnn_ewc_replay,none,4,Botnet,task3,n_benign,28566.0
gnn_ewc_replay,none,4,Botnet,task3,n_attack,16434.0
gnn_ewc_replay,none,4,Botnet,task3,accuracy,0.9757111111111111
gnn_ewc_replay,none,4,Botnet,task3,macro_f1,0.9734831793460843
gnn_ewc_replay,none,4,Botnet,task3,fpr,0.0010501995379122034
gnn_ewc_replay,none,4,Botnet,task3,detection_rate,0.9353170256784714
gnn_ewc_replay,none,4,Botnet,task3,binary_f1,0.9656667190199466
gnn_ewc_replay,none,4,Botnet,task3,category_recall,0.9353170256784714
gnn_ewc_replay,none,4,Botnet,task4,n,27642.0
gnn_ewc_replay,none,4,Botnet,task4,n_benign,27569.0
gnn_ewc_replay,none,4,Botnet,task4,n_attack,73.0
gnn_ewc_replay,none,4,Botnet,task4,accuracy,0.9990594023587295
gnn_ewc_replay,none,4,Botnet,task4,macro_f1,0.8932069534682048
gnn_ewc_replay,none,4,Botnet,task4,fpr,3.627262504987486e-05
gnn_ewc_replay,none,4,Botnet,task4,detection_rate,0.6575342465753424
gnn_ewc_replay,none,4,Botnet,task4,binary_f1,0.7868852459016393
gnn_ewc_replay,none,4,Botnet,task4,category_recall,0.6575342465753424
gnn_ewc_replay,none,4,Botnet,task5,n,55000.0
gnn_ewc_replay,none,4,Botnet,task5,n_benign,25723.0
gnn_ewc_replay,none,4,Botnet,task5,n_attack,29277.0
gnn_ewc_replay,none,4,Botnet,task5,accuracy,0.4676181818181818
gnn_ewc_replay,none,4,Botnet,task5,macro_f1,0.49996112126278136
gnn_ewc_replay,none,4,Botnet,task5,fpr,0.0001555028573650041
gnn_ewc_replay,none,4,Botnet,task5,detection_rate,1.0
gnn_ewc_replay,none,4,Botnet,task5,binary_f1,0.9999316916561358
gnn_ewc_replay,none,4,Botnet,task5,category_recall,0.0
gnn_ewc_replay,none,4,Botnet,task6,n,25000.0
gnn_ewc_replay,none,4,Botnet,task6,n_benign,2841.0
gnn_ewc_replay,none,4,Botnet,task6,n_attack,22159.0
gnn_ewc_replay,none,4,Botnet,task6,accuracy,0.11364
gnn_ewc_replay,none,4,Botnet,task6,macro_f1,0.5
gnn_ewc_replay,none,4,Botnet,task6,fpr,0.0
gnn_ewc_replay,none,4,Botnet,task6,detection_rate,1.0
gnn_ewc_replay,none,4,Botnet,task6,binary_f1,1.0
gnn_ewc_replay,none,4,Botnet,task6,category_recall,0.0
gnn_ewc_replay,none,4,Botnet,seen,n,336344.0
gnn_ewc_replay,none,4,Botnet,seen,n_benign,284927.0
gnn_ewc_replay,none,4,Botnet,seen,n_attack,51417.0
gnn_ewc_replay,none,4,Botnet,seen,accuracy,0.9957751587660253
gnn_ewc_replay,none,4,Botnet,seen,macro_f1,0.9118457197205299
gnn_ewc_replay,none,4,Botnet,seen,fpr,0.0009791981805866063
gnn_ewc_replay,none,4,Botnet,seen,detection_rate,0.9777894470700352
gnn_ewc_replay,none,4,Botnet,seen,binary_f1,0.9860646654440969
gnn_ewc_replay,none,4,Botnet,all,n,416344.0
gnn_ewc_replay,none,4,Botnet,all,n_benign,313491.0
gnn_ewc_replay,none,4,Botnet,all,n_attack,102853.0
gnn_ewc_replay,none,4,Botnet,all,accuracy,0.8730352785196857
gnn_ewc_replay,none,4,Botnet,all,macro_f1,0.5941965670631819
gnn_ewc_replay,none,4,Botnet,all,fpr,0.0009027372396655726
gnn_ewc_replay,none,4,Botnet,all,detection_rate,0.9888967750089934
gnn_ewc_replay,none,4,Botnet,all,binary_f1,0.9930435886295625
gnn_ewc_replay,permute,4,Botnet,task0,n,138702.0
gnn_ewc_replay,permute,4,Botnet,task0,n_benign,137422.0
gnn_ewc_replay,permute,4,Botnet,task0,n_attack,1280.0
gnn_ewc_replay,permute,4,Botnet,task0,accuracy,0.9998918544793874
gnn_ewc_replay,permute,4,Botnet,task0,macro_f1,0.9997774740676524
gnn_ewc_replay,permute,4,Botnet,task0,fpr,0.00010915282851362954
gnn_ewc_replay,permute,4,Botnet,task0,detection_rate,1.0
gnn_ewc_replay,permute,4,Botnet,task0,binary_f1,0.9941747572815534
gnn_ewc_replay,permute,4,Botnet,task0,category_recall,1.0
gnn_ewc_replay,permute,4,Botnet,task1,n,100000.0
gnn_ewc_replay,permute,4,Botnet,task1,n_benign,66394.0
gnn_ewc_replay,permute,4,Botnet,task1,n_attack,33606.0
gnn_ewc_replay,permute,4,Botnet,task1,accuracy,0.99724
gnn_ewc_replay,permute,4,Botnet,task1,macro_f1,0.9969705194792718
gnn_ewc_replay,permute,4,Botnet,task1,fpr,0.0033587372352923456
gnn_ewc_replay,permute,4,Botnet,task1,detection_rate,0.998422900672499
gnn_ewc_replay,permute,4,Botnet,task1,binary_f1,0.9959039506099552
gnn_ewc_replay,permute,4,Botnet,task1,category_recall,0.998422900672499
gnn_ewc_replay,permute,4,Botnet,task2,n,25000.0
gnn_ewc_replay,permute,4,Botnet,task2,n_benign,24976.0
gnn_ewc_replay,permute,4,Botnet,task2,n_attack,24.0
gnn_ewc_replay,permute,4,Botnet,task2,accuracy,0.99956
gnn_ewc_replay,permute,4,Botnet,task2,macro_f1,0.9338521386078242
gnn_ewc_replay,permute,4,Botnet,task2,fpr,0.00040038436899423447
gnn_ewc_replay,permute,4,Botnet,task2,detection_rate,0.9583333333333334
gnn_ewc_replay,permute,4,Botnet,task2,binary_f1,0.8070175438596491
gnn_ewc_replay,permute,4,Botnet,task2,category_recall,0.9583333333333334
gnn_ewc_replay,permute,4,Botnet,task3,n,45000.0
gnn_ewc_replay,permute,4,Botnet,task3,n_benign,28566.0
gnn_ewc_replay,permute,4,Botnet,task3,n_attack,16434.0
gnn_ewc_replay,permute,4,Botnet,task3,accuracy,0.9757111111111111
gnn_ewc_replay,permute,4,Botnet,task3,macro_f1,0.9734831793460843
gnn_ewc_replay,permute,4,Botnet,task3,fpr,0.0010501995379122034
gnn_ewc_replay,permute,4,Botnet,task3,detection_rate,0.9353170256784714
gnn_ewc_replay,permute,4,Botnet,task3,binary_f1,0.9656667190199466
gnn_ewc_replay,permute,4,Botnet,task3,category_recall,0.9353170256784714
gnn_ewc_replay,permute,4,Botnet,task4,n,27642.0
gnn_ewc_replay,permute,4,Botnet,task4,n_benign,27569.0
gnn_ewc_replay,permute,4,Botnet,task4,n_attack,73.0
gnn_ewc_replay,permute,4,Botnet,task4,accuracy,0.9990594023587295
gnn_ewc_replay,permute,4,Botnet,task4,macro_f1,0.8932069534682048
gnn_ewc_replay,permute,4,Botnet,task4,fpr,3.627262504987486e-05
gnn_ewc_replay,permute,4,Botnet,task4,detection_rate,0.6575342465753424
gnn_ewc_replay,permute,4,Botnet,task4,binary_f1,0.7868852459016393
gnn_ewc_replay,permute,4,Botnet,task4,category_recall,0.6575342465753424
gnn_ewc_replay,permute,4,Botnet,task5,n,55000.0
gnn_ewc_replay,permute,4,Botnet,task5,n_benign,25723.0
gnn_ewc_replay,permute,4,Botnet,task5,n_attack,29277.0
gnn_ewc_replay,permute,4,Botnet,task5,accuracy,0.4676181818181818
gnn_ewc_replay,permute,4,Botnet,task5,macro_f1,0.49996112126278136
gnn_ewc_replay,permute,4,Botnet,task5,fpr,0.0001555028573650041
gnn_ewc_replay,permute,4,Botnet,task5,detection_rate,1.0
gnn_ewc_replay,permute,4,Botnet,task5,binary_f1,0.9999316916561358
gnn_ewc_replay,permute,4,Botnet,task5,category_recall,0.0
gnn_ewc_replay,permute,4,Botnet,task6,n,25000.0
gnn_ewc_replay,permute,4,Botnet,task6,n_benign,2841.0
gnn_ewc_replay,permute,4,Botnet,task6,n_attack,22159.0
gnn_ewc_replay,permute,4,Botnet,task6,accuracy,0.11364
gnn_ewc_replay,permute,4,Botnet,task6,macro_f1,0.5
gnn_ewc_replay,permute,4,Botnet,task6,fpr,0.0
gnn_ewc_replay,permute,4,Botnet,task6,detection_rate,1.0
gnn_ewc_replay,permute,4,Botnet,task6,binary_f1,1.0
gnn_ewc_replay,permute,4,Botnet,task6,category_recall,0.0
gnn_ewc_replay,permute,4,Botnet,seen,n,336344.0
gnn_ewc_replay,permute,4,Botnet,seen,n_benign,284927.0
gnn_ewc_replay,permute,4,Botnet,seen,n_attack,51417.0
gnn_ewc_replay,permute,4,Botnet,seen,accuracy,0.9957751587660253
gnn_ewc_replay,permute,4,Botnet,seen,macro_f1,0.9118457197205299
gnn_ewc_replay,permute,4,Botnet,seen,fpr,0.0009791981805866063
gnn_ewc_replay,permute,4,Botnet,seen,detection_rate,0.9777894470700352
gnn_ewc_replay,permute,4,Botnet,seen,binary_f1,0.9860646654440969
gnn_ewc_replay,permute,4,Botnet,all,n,416344.0
gnn_ewc_replay,permute,4,Botnet,all,n_benign,313491.0
gnn_ewc_replay,permute,4,Botnet,all,n_attack,102853.0
gnn_ewc_replay,permute,4,Botnet,all,accuracy,0.8730352785196857
gnn_ewc_replay,permute,4,Botnet,all,macro_f1,0.5941965670631819
gnn_ewc_replay,permute,4,Botnet,all,fpr,0.0009027372396655726
gnn_ewc_replay,permute,4,Botnet,all,detection_rate,0.9888967750089934
gnn_ewc_replay,permute,4,Botnet,all,binary_f1,0.9930435886295625
gnn_ewc_replay,random_src,4,Botnet,task0,n,138702.0
gnn_ewc_replay,random_src,4,Botnet,task0,n_benign,137422.0
gnn_ewc_replay,random_src,4,Botnet,task0,n_attack,1280.0
gnn_ewc_replay,random_src,4,Botnet,task0,accuracy,0.9706709348098802
gnn_ewc_replay,random_src,4,Botnet,task0,macro_f1,0.49255860918430067
gnn_ewc_replay,random_src,4,Botnet,task0,fpr,0.020287872393066612
gnn_ewc_replay,random_src,4,Botnet,task0,detection_rate,0.0
gnn_ewc_replay,random_src,4,Botnet,task0,binary_f1,0.0
gnn_ewc_replay,random_src,4,Botnet,task0,category_recall,0.0
gnn_ewc_replay,random_src,4,Botnet,task1,n,100000.0
gnn_ewc_replay,random_src,4,Botnet,task1,n_benign,66394.0
gnn_ewc_replay,random_src,4,Botnet,task1,n_attack,33606.0
gnn_ewc_replay,random_src,4,Botnet,task1,accuracy,0.98041
gnn_ewc_replay,random_src,4,Botnet,task1,macro_f1,0.9787125434786397
gnn_ewc_replay,random_src,4,Botnet,task1,fpr,0.00429255655631533
gnn_ewc_replay,random_src,4,Botnet,task1,detection_rate,0.950187466523835
gnn_ewc_replay,random_src,4,Botnet,task1,binary_f1,0.9702383665284171
gnn_ewc_replay,random_src,4,Botnet,task1,category_recall,0.950187466523835
gnn_ewc_replay,random_src,4,Botnet,task2,n,25000.0
gnn_ewc_replay,random_src,4,Botnet,task2,n_benign,24976.0
gnn_ewc_replay,random_src,4,Botnet,task2,n_attack,24.0
gnn_ewc_replay,random_src,4,Botnet,task2,accuracy,0.99672
gnn_ewc_replay,random_src,4,Botnet,task2,macro_f1,0.4991786529909051
gnn_ewc_replay,random_src,4,Botnet,task2,fpr,0.0023222293401665597
gnn_ewc_replay,random_src,4,Botnet,task2,detection_rate,0.0
gnn_ewc_replay,random_src,4,Botnet,task2,binary_f1,0.0
gnn_ewc_replay,random_src,4,Botnet,task2,category_recall,0.0
gnn_ewc_replay,random_src,4,Botnet,task3,n,45000.0
gnn_ewc_replay,random_src,4,Botnet,task3,n_benign,28566.0
gnn_ewc_replay,random_src,4,Botnet,task3,n_attack,16434.0
gnn_ewc_replay,random_src,4,Botnet,task3,accuracy,0.8728444444444444
gnn_ewc_replay,random_src,4,Botnet,task3,macro_f1,0.8578827013252992
gnn_ewc_replay,random_src,4,Botnet,task3,fpr,0.014352727018133445
gnn_ewc_replay,random_src,4,Botnet,task3,detection_rate,0.6799926980649872
gnn_ewc_replay,random_src,4,Botnet,task3,binary_f1,0.7976730076019843
gnn_ewc_replay,random_src,4,Botnet,task3,category_recall,0.6767676767676768
gnn_ewc_replay,random_src,4,Botnet,task4,n,27642.0
gnn_ewc_replay,random_src,4,Botnet,task4,n_benign,27569.0
gnn_ewc_replay,random_src,4,Botnet,task4,n_attack,73.0
gnn_ewc_replay,random_src,4,Botnet,task4,accuracy,0.9960205484407785
gnn_ewc_replay,random_src,4,Botnet,task4,macro_f1,0.9524166579001905
gnn_ewc_replay,random_src,4,Botnet,task4,fpr,0.003989988755486234
gnn_ewc_replay,random_src,4,Botnet,task4,detection_rate,1.0
gnn_ewc_replay,random_src,4,Botnet,task4,binary_f1,0.5703125
gnn_ewc_replay,random_src,4,Botnet,task4,category_recall,1.0
gnn_ewc_replay,random_src,4,Botnet,task5,n,55000.0
gnn_ewc_replay,random_src,4,Botnet,task5,n_benign,25723.0
gnn_ewc_replay,random_src,4,Botnet,task5,n_attack,29277.0
gnn_ewc_replay,random_src,4,Botnet,task5,accuracy,0.46456363636363635
gnn_ewc_replay,random_src,4,Botnet,task5,macro_f1,0.33597633136094673
gnn_ewc_replay,random_src,4,Botnet,task5,fpr,0.006686622866695175
gnn_ewc_replay,random_src,4,Botnet,task5,detection_rate,0.1537384294838952
gnn_ewc_replay,random_src,4,Botnet,task5,binary_f1,0.2651546391752577
gnn_ewc_replay,random_src,4,Botnet,task5,category_recall,0.0
gnn_ewc_replay,random_src,4,Botnet,task6,n,25000.0
gnn_ewc_replay,random_src,4,Botnet,task6,n_benign,2841.0
gnn_ewc_replay,random_src,4,Botnet,task6,n_attack,22159.0
gnn_ewc_replay,random_src,4,Botnet,task6,accuracy,0.11364
gnn_ewc_replay,random_src,4,Botnet,task6,macro_f1,0.10204374842857655
gnn_ewc_replay,random_src,4,Botnet,task6,fpr,0.0
gnn_ewc_replay,random_src,4,Botnet,task6,detection_rate,0.0
gnn_ewc_replay,random_src,4,Botnet,task6,binary_f1,0.0
gnn_ewc_replay,random_src,4,Botnet,task6,category_recall,0.0
gnn_ewc_replay,random_src,4,Botnet,seen,n,336344.0
gnn_ewc_replay,random_src,4,Botnet,seen,n_benign,284927.0
gnn_ewc_replay,random_src,4,Botnet,seen,n_attack,51417.0
gnn_ewc_replay,random_src,4,Botnet,seen,accuracy,0.9644976571605262
gnn_ewc_replay,random_src,4,Botnet,seen,macro_f1,0.5080718207113095
gnn_ewc_replay,random_src,4,Botnet,seen,fpr,0.01281380844918172
gnn_ewc_replay,random_src,4,Botnet,seen,detection_rate,0.8398000661259895
gnn_ewc_replay,random_src,4,Botnet,seen,binary_f1,0.8790000814265939
gnn_ewc_replay,random_src,4,Botnet,all,n,416344.0
gnn_ewc_replay,random_src,4,Botnet,all,n_benign,313491.0
gnn_ewc_replay,random_src,4,Botnet,all,n_attack,102853.0
gnn_ewc_replay,random_src,4,Botnet,all,accuracy,0.8473641988355782
gnn_ewc_replay,random_src,4,Botnet,all,macro_f1,0.3539258307941117
gnn_ewc_replay,random_src,4,Botnet,all,fpr,0.01219492744608298
gnn_ewc_replay,random_src,4,Botnet,all,detection_rate,0.4635839499090936
gnn_ewc_replay,random_src,4,Botnet,all,binary_f1,0.6178015898209994
gnn_ewc_replay,none,5,PortScan,task0,n,138702.0
gnn_ewc_replay,none,5,PortScan,task0,n_benign,137422.0
gnn_ewc_replay,none,5,PortScan,task0,n_attack,1280.0
gnn_ewc_replay,none,5,PortScan,task0,accuracy,0.9998918544793874
gnn_ewc_replay,none,5,PortScan,task0,macro_f1,0.9997774740676524
gnn_ewc_replay,none,5,PortScan,task0,fpr,0.00010915282851362954
gnn_ewc_replay,none,5,PortScan,task0,detection_rate,1.0
gnn_ewc_replay,none,5,PortScan,task0,binary_f1,0.9941747572815534
gnn_ewc_replay,none,5,PortScan,task0,category_recall,1.0
gnn_ewc_replay,none,5,PortScan,task1,n,100000.0
gnn_ewc_replay,none,5,PortScan,task1,n_benign,66394.0
gnn_ewc_replay,none,5,PortScan,task1,n_attack,33606.0
gnn_ewc_replay,none,5,PortScan,task1,accuracy,0.99777
gnn_ewc_replay,none,5,PortScan,task1,macro_f1,0.9975423062204738
gnn_ewc_replay,none,5,PortScan,task1,fpr,0.003313552429436395
gnn_ewc_replay,none,5,PortScan,task1,detection_rate,0.9999107302267453
gnn_ewc_replay,none,5,PortScan,task1,binary_f1,0.9966928176303964
gnn_ewc_replay,none,5,PortScan,task1,category_recall,0.9999107302267453
gnn_ewc_replay,none,5,PortScan,task2,n,25000.0
gnn_ewc_replay,none,5,PortScan,task2,n_benign,24976.0
gnn_ewc_replay,none,5,PortScan,task2,n_attack,24.0
gnn_ewc_replay,none,5,PortScan,task2,accuracy,0.99968
gnn_ewc_replay,none,5,PortScan,task2,macro_f1,0.9422276058142793
gnn_ewc_replay,none,5,PortScan,task2,fpr,0.0002802690582959641
gnn_ewc_replay,none,5,PortScan,task2,detection_rate,0.9583333333333334
gnn_ewc_replay,none,5,PortScan,task2,binary_f1,0.8518518518518519
gnn_ewc_replay,none,5,PortScan,task2,category_recall,0.9583333333333334
gnn_ewc_replay,none,5,PortScan,task3,n,45000.0
gnn_ewc_replay,none,5,PortScan,task3,n_benign,28566.0
gnn_ewc_replay,none,5,PortScan,task3,n_attack,16434.0
gnn_ewc_replay,none,5,PortScan,task3,accuracy,0.9941777777777778
gnn_ewc_replay,none,5,PortScan,task3,macro_f1,0.9958779897563862
gnn_ewc_replay,none,5,PortScan,task3,fpr,0.0010501995379122034
gnn_ewc_replay,none,5,PortScan,task3,detection_rate,0.9991481075818425
gnn_ewc_replay,none,5,PortScan,task3,binary_f1,0.9986619632648096
gnn_ewc_replay,none,5,PortScan,task3,category_recall,0.9858829256419618
gnn_ewc_replay,none,5,PortScan,task4,n,27642.0
gnn_ewc_replay,none,5,PortScan,task4,n_benign,27569.0
gnn_ewc_replay,none,5,PortScan,task4,n_attack,73.0
gnn_ewc_replay,none,5,PortScan,task4,accuracy,0.9997467621735041
gnn_ewc_replay,none,5,PortScan,task4,macro_f1,0.9747566748487146
gnn_ewc_replay,none,5,PortScan,task4,fpr,0.0
gnn_ewc_replay,none,5,PortScan,task4,detection_rate,0.9041095890410958
gnn_ewc_replay,none,5,PortScan,task4,binary_f1,0.9496402877697842
gnn_ewc_replay,none,5,PortScan,task4,category_recall,0.9041095890410958
gnn_ewc_replay,none,5,PortScan,task5,n,55000.0
gnn_ewc_replay,none,5,PortScan,task5,n_benign,25723.0
gnn_ewc_replay,none,5,PortScan,task5,n_attack,29277.0
gnn_ewc_replay,none,5,PortScan,task5,accuracy,0.9999818181818182
gnn_ewc_replay,none,5,PortScan,task5,macro_f1,0.9999817419020501
gnn_ewc_replay,none,5,PortScan,task5,fpr,3.8875714341251024e-05
gnn_ewc_replay,none,5,PortScan,task5,detection_rate,1.0
gnn_ewc_replay,none,5,PortScan,task5,binary_f1,0.9999829220391085
gnn_ewc_replay,none,5,PortScan,task5,category_recall,1.0
gnn_ewc_replay,none,5,PortScan,task6,n,25000.0
gnn_ewc_replay,none,5,PortScan,task6,n_benign,2841.0
gnn_ewc_replay,none,5,PortScan,task6,n_attack,22159.0
gnn_ewc_replay,none,5,PortScan,task6,accuracy,0.11352
gnn_ewc_replay,none,5,PortScan,task6,macro_f1,0.49947201689545934
gnn_ewc_replay,none,5,PortScan,task6,fpr,0.0010559662090813093
gnn_ewc_replay,none,5,PortScan,task6,detection_rate,0.9998646148291891
gnn_ewc_replay,none,5,PortScan,task6,binary_f1,0.9998646148291891
gnn_ewc_replay,none,5,PortScan,task6,category_recall,0.0
gnn_ewc_replay,none,5,PortScan,seen,n,391344.0
gnn_ewc_replay,none,5,PortScan,seen,n_benign,310650.0
gnn_ewc_replay,none,5,PortScan,seen,n_attack,80694.0
gnn_ewc_replay,none,5,PortScan,seen,accuracy,0.998681466944683
gnn_ewc_replay,none,5,PortScan,seen,macro_f1,0.9561501188660719
gnn_ewc_replay,none,5,PortScan,seen,fpr,0.0008788025108643167
gnn_ewc_replay,none,5,PortScan,seen,detection_rate,0.9996901876223759
gnn_ewc_replay,none,5,PortScan,seen,binary_f1,0.9981563513078769
gnn_ewc_replay,none,5,PortScan,all,n,416344.0
gnn_ewc_replay,none,5,PortScan,all,n_benign,313491.0
gnn_ewc_replay,none,5,PortScan,all,n_attack,102853.0
gnn_ewc_replay,none,5,PortScan,all,accuracy,0.9455306189112849
gnn_ewc_replay,none,5,PortScan,all,macro_f1,0.8058043660790372
gnn_ewc_replay,none,5,PortScan,all,fpr,0.0008804080499918658
gnn_ewc_replay,none,5,PortScan,all,detection_rate,0.9997277668128299
gnn_ewc_replay,none,5,PortScan,all,binary_f1,0.9985239422395292
gnn_ewc_replay,permute,5,PortScan,task0,n,138702.0
gnn_ewc_replay,permute,5,PortScan,task0,n_benign,137422.0
gnn_ewc_replay,permute,5,PortScan,task0,n_attack,1280.0
gnn_ewc_replay,permute,5,PortScan,task0,accuracy,0.9998918544793874
gnn_ewc_replay,permute,5,PortScan,task0,macro_f1,0.9997774740676524
gnn_ewc_replay,permute,5,PortScan,task0,fpr,0.00010915282851362954
gnn_ewc_replay,permute,5,PortScan,task0,detection_rate,1.0
gnn_ewc_replay,permute,5,PortScan,task0,binary_f1,0.9941747572815534
gnn_ewc_replay,permute,5,PortScan,task0,category_recall,1.0
gnn_ewc_replay,permute,5,PortScan,task1,n,100000.0
gnn_ewc_replay,permute,5,PortScan,task1,n_benign,66394.0
gnn_ewc_replay,permute,5,PortScan,task1,n_attack,33606.0
gnn_ewc_replay,permute,5,PortScan,task1,accuracy,0.99777
gnn_ewc_replay,permute,5,PortScan,task1,macro_f1,0.9975423062204738
gnn_ewc_replay,permute,5,PortScan,task1,fpr,0.003313552429436395
gnn_ewc_replay,permute,5,PortScan,task1,detection_rate,0.9999107302267453
gnn_ewc_replay,permute,5,PortScan,task1,binary_f1,0.9966928176303964
gnn_ewc_replay,permute,5,PortScan,task1,category_recall,0.9999107302267453
gnn_ewc_replay,permute,5,PortScan,task2,n,25000.0
gnn_ewc_replay,permute,5,PortScan,task2,n_benign,24976.0
gnn_ewc_replay,permute,5,PortScan,task2,n_attack,24.0
gnn_ewc_replay,permute,5,PortScan,task2,accuracy,0.99968
gnn_ewc_replay,permute,5,PortScan,task2,macro_f1,0.9422276058142793
gnn_ewc_replay,permute,5,PortScan,task2,fpr,0.0002802690582959641
gnn_ewc_replay,permute,5,PortScan,task2,detection_rate,0.9583333333333334
gnn_ewc_replay,permute,5,PortScan,task2,binary_f1,0.8518518518518519
gnn_ewc_replay,permute,5,PortScan,task2,category_recall,0.9583333333333334
gnn_ewc_replay,permute,5,PortScan,task3,n,45000.0
gnn_ewc_replay,permute,5,PortScan,task3,n_benign,28566.0
gnn_ewc_replay,permute,5,PortScan,task3,n_attack,16434.0
gnn_ewc_replay,permute,5,PortScan,task3,accuracy,0.9941777777777778
gnn_ewc_replay,permute,5,PortScan,task3,macro_f1,0.9958779897563862
gnn_ewc_replay,permute,5,PortScan,task3,fpr,0.0010501995379122034
gnn_ewc_replay,permute,5,PortScan,task3,detection_rate,0.9991481075818425
gnn_ewc_replay,permute,5,PortScan,task3,binary_f1,0.9986619632648096
gnn_ewc_replay,permute,5,PortScan,task3,category_recall,0.9858829256419618
gnn_ewc_replay,permute,5,PortScan,task4,n,27642.0
gnn_ewc_replay,permute,5,PortScan,task4,n_benign,27569.0
gnn_ewc_replay,permute,5,PortScan,task4,n_attack,73.0
gnn_ewc_replay,permute,5,PortScan,task4,accuracy,0.9997467621735041
gnn_ewc_replay,permute,5,PortScan,task4,macro_f1,0.9747566748487146
gnn_ewc_replay,permute,5,PortScan,task4,fpr,0.0
gnn_ewc_replay,permute,5,PortScan,task4,detection_rate,0.9041095890410958
gnn_ewc_replay,permute,5,PortScan,task4,binary_f1,0.9496402877697842
gnn_ewc_replay,permute,5,PortScan,task4,category_recall,0.9041095890410958
gnn_ewc_replay,permute,5,PortScan,task5,n,55000.0
gnn_ewc_replay,permute,5,PortScan,task5,n_benign,25723.0
gnn_ewc_replay,permute,5,PortScan,task5,n_attack,29277.0
gnn_ewc_replay,permute,5,PortScan,task5,accuracy,0.9999818181818182
gnn_ewc_replay,permute,5,PortScan,task5,macro_f1,0.9999817419020501
gnn_ewc_replay,permute,5,PortScan,task5,fpr,3.8875714341251024e-05
gnn_ewc_replay,permute,5,PortScan,task5,detection_rate,1.0
gnn_ewc_replay,permute,5,PortScan,task5,binary_f1,0.9999829220391085
gnn_ewc_replay,permute,5,PortScan,task5,category_recall,1.0
gnn_ewc_replay,permute,5,PortScan,task6,n,25000.0
gnn_ewc_replay,permute,5,PortScan,task6,n_benign,2841.0
gnn_ewc_replay,permute,5,PortScan,task6,n_attack,22159.0
gnn_ewc_replay,permute,5,PortScan,task6,accuracy,0.11352
gnn_ewc_replay,permute,5,PortScan,task6,macro_f1,0.49947201689545934
gnn_ewc_replay,permute,5,PortScan,task6,fpr,0.0010559662090813093
gnn_ewc_replay,permute,5,PortScan,task6,detection_rate,0.9998646148291891
gnn_ewc_replay,permute,5,PortScan,task6,binary_f1,0.9998646148291891
gnn_ewc_replay,permute,5,PortScan,task6,category_recall,0.0
gnn_ewc_replay,permute,5,PortScan,seen,n,391344.0
gnn_ewc_replay,permute,5,PortScan,seen,n_benign,310650.0
gnn_ewc_replay,permute,5,PortScan,seen,n_attack,80694.0
gnn_ewc_replay,permute,5,PortScan,seen,accuracy,0.998681466944683
gnn_ewc_replay,permute,5,PortScan,seen,macro_f1,0.9561501188660719
gnn_ewc_replay,permute,5,PortScan,seen,fpr,0.0008788025108643167
gnn_ewc_replay,permute,5,PortScan,seen,detection_rate,0.9996901876223759
gnn_ewc_replay,permute,5,PortScan,seen,binary_f1,0.9981563513078769
gnn_ewc_replay,permute,5,PortScan,all,n,416344.0
gnn_ewc_replay,permute,5,PortScan,all,n_benign,313491.0
gnn_ewc_replay,permute,5,PortScan,all,n_attack,102853.0
gnn_ewc_replay,permute,5,PortScan,all,accuracy,0.9455306189112849
gnn_ewc_replay,permute,5,PortScan,all,macro_f1,0.8058043660790372
gnn_ewc_replay,permute,5,PortScan,all,fpr,0.0008804080499918658
gnn_ewc_replay,permute,5,PortScan,all,detection_rate,0.9997277668128299
gnn_ewc_replay,permute,5,PortScan,all,binary_f1,0.9985239422395292
gnn_ewc_replay,random_src,5,PortScan,task0,n,138702.0
gnn_ewc_replay,random_src,5,PortScan,task0,n_benign,137422.0
gnn_ewc_replay,random_src,5,PortScan,task0,n_attack,1280.0
gnn_ewc_replay,random_src,5,PortScan,task0,accuracy,0.9710386295799628
gnn_ewc_replay,random_src,5,PortScan,task0,macro_f1,0.4926532717356714
gnn_ewc_replay,random_src,5,PortScan,task0,fpr,0.01991675277612027
gnn_ewc_replay,random_src,5,PortScan,task0,detection_rate,0.0
gnn_ewc_replay,random_src,5,PortScan,task0,binary_f1,0.0
gnn_ewc_replay,random_src,5,PortScan,task0,category_recall,0.0
gnn_ewc_replay,random_src,5,PortScan,task1,n,100000.0
gnn_ewc_replay,random_src,5,PortScan,task1,n_benign,66394.0
gnn_ewc_replay,random_src,5,PortScan,task1,n_attack,33606.0
gnn_ewc_replay,random_src,5,PortScan,task1,accuracy,0.98057
gnn_ewc_replay,random_src,5,PortScan,task1,macro_f1,0.97888070299109
gnn_ewc_replay,random_src,5,PortScan,task1,fpr,0.0042473717504593785
gnn_ewc_replay,random_src,5,PortScan,task1,detection_rate,0.950574302207939
gnn_ewc_replay,random_src,5,PortScan,task1,binary_f1,0.9704859265110203
gnn_ewc_replay,random_src,5,PortScan,task1,category_recall,0.950574302207939
gnn_ewc_replay,random_src,5,PortScan,task2,n,25000.0
gnn_ewc_replay,random_src,5,PortScan,task2,n_benign,24976.0
gnn_ewc_replay,random_src,5,PortScan,task2,n_attack,24.0
gnn_ewc_replay,random_src,5,PortScan,task2,accuracy,0.99744
gnn_ewc_replay,random_src,5,PortScan,task2,macro_f1,0.4993591797500801
gnn_ewc_replay,random_src,5,PortScan,task2,fpr,0.0016015374759769379
gnn_ewc_replay,random_src,5,PortScan,task2,detection_rate,0.0
gnn_ewc_replay,random_src,5,PortScan,task2,binary_f1,0.0
gnn_ewc_replay,random_src,5,PortScan,task2,category_recall,0.0
gnn_ewc_replay,random_src,5,PortScan,task3,n,45000.0
gnn_ewc_replay,random_src,5,PortScan,task3,n_benign,28566.0
gnn_ewc_replay,random_src,5,PortScan,task3,n_attack,16434.0
gnn_ewc_replay,random_src,5,PortScan,task3,accuracy,0.7977333333333333
gnn_ewc_replay,random_src,5,PortScan,task3,macro_f1,0.7504806892432955
gnn_ewc_replay,random_src,5,PortScan,task3,fpr,0.014107680459287265
gnn_ewc_replay,random_src,5,PortScan,task3,detection_rate,0.47067056103200683
gnn_ewc_replay,random_src,5,PortScan,task3,binary_f1,0.6295783818980953
gnn_ewc_replay,random_src,5,PortScan,task3,category_recall,0.47067056103200683
gnn_ewc_replay,random_src,5,PortScan,task4,n,27642.0
gnn_ewc_replay,random_src,5,PortScan,task4,n_benign,27569.0
gnn_ewc_replay,random_src,5,PortScan,task4,n_attack,73.0
gnn_ewc_replay,random_src,5,PortScan,task4,accuracy,0.9952246581289342
gnn_ewc_replay,random_src,5,PortScan,task4,macro_f1,0.9887330168008517
gnn_ewc_replay,random_src,5,PortScan,task4,fpr,0.004787986506583481
gnn_ewc_replay,random_src,5,PortScan,task4,detection_rate,1.0
gnn_ewc_replay,random_src,5,PortScan,task4,binary_f1,0.5251798561151079
gnn_ewc_replay,random_src,5,PortScan,task4,category_recall,1.0
gnn_ewc_replay,random_src,5,PortScan,task5,n,55000.0
gnn_ewc_replay,random_src,5,PortScan,task5,n_benign,25723.0
gnn_ewc_replay,random_src,5,PortScan,task5,n_attack,29277.0
gnn_ewc_replay,random_src,5,PortScan,task5,accuracy,0.4653818181818182
gnn_ewc_replay,random_src,5,PortScan,task5,macro_f1,0.3175839992059159
gnn_ewc_replay,random_src,5,PortScan,task5,fpr,0.004937215721338879
gnn_ewc_replay,random_src,5,PortScan,task5,detection_rate,0.0
gnn_ewc_replay,random_src,5,PortScan,task5,binary_f1,0.0
gnn_ewc_replay,random_src,5,PortScan,task5,category_recall,0.0
gnn_ewc_replay,random_src,5,PortScan,task6,n,25000.0
gnn_ewc_replay,random_src,5,PortScan,task6,n_benign,2841.0
gnn_ewc_replay,random_src,5,PortScan,task6,n_attack,22159.0
gnn_ewc_replay,random_src,5,PortScan,task6,accuracy,0.11364
gnn_ewc_replay,random_src,5,PortScan,task6,macro_f1,0.10204374842857655
gnn_ewc_replay,random_src,5,PortScan,task6,fpr,0.0
gnn_ewc_replay,random_src,5,PortScan,task6,detection_rate,0.0
gnn_ewc_replay,random_src,5,PortScan,task6,binary_f1,0.0
gnn_ewc_replay,random_src,5,PortScan,task6,category_recall,0.0
gnn_ewc_replay,random_src,5,PortScan,seen,n,391344.0
gnn_ewc_replay,random_src,5,PortScan,seen,n_benign,310650.0
gnn_ewc_replay,random_src,5,PortScan,seen,n_attack,80694.0
gnn_ewc_replay,random_src,5,PortScan,seen,accuracy,0.885875342409747
gnn_ewc_replay,random_src,5,PortScan,seen,macro_f1,0.48520066615505064
gnn_ewc_replay,random_src,5,PortScan,seen,fpr,0.011978110413648801
gnn_ewc_replay,random_src,5,PortScan,seen,detection_rate,0.4926388579076511
gnn_ewc_replay,random_src,5,PortScan,seen,binary_f1,0.6403099027124541
gnn_ewc_replay,random_src,5,PortScan,all,n,416344.0
gnn_ewc_replay,random_src,5,PortScan,all,n_benign,313491.0
gnn_ewc_replay,random_src,5,PortScan,all,n_attack,102853.0
gnn_ewc_replay,random_src,5,PortScan,all,accuracy,0.8395053129143208
gnn_ewc_replay,random_src,5,PortScan,all,macro_f1,0.420858871497206
gnn_ewc_replay,random_src,5,PortScan,all,fpr,0.011869559253694683
gnn_ewc_replay,random_src,5,PortScan,all,detection_rate,0.38650306748466257
gnn_ewc_replay,random_src,5,PortScan,all,binary_f1,0.5433447005679062
gnn_ewc_replay,none,6,DDoS,task0,n,138702.0
gnn_ewc_replay,none,6,DDoS,task0,n_benign,137422.0
gnn_ewc_replay,none,6,DDoS,task0,n_attack,1280.0
gnn_ewc_replay,none,6,DDoS,task0,accuracy,0.9999423223890066
gnn_ewc_replay,none,6,DDoS,task0,macro_f1,0.9997902096300528
gnn_ewc_replay,none,6,DDoS,task0,fpr,5.821484187393576e-05
gnn_ewc_replay,none,6,DDoS,task0,detection_rate,1.0
gnn_ewc_replay,none,6,DDoS,task0,binary_f1,0.9968847352024922
gnn_ewc_replay,none,6,DDoS,task0,category_recall,1.0
gnn_ewc_replay,none,6,DDoS,task1,n,100000.0
gnn_ewc_replay,none,6,DDoS,task1,n_benign,66394.0
gnn_ewc_replay,none,6,DDoS,task1,n_attack,33606.0
gnn_ewc_replay,none,6,DDoS,task1,accuracy,0.96553
gnn_ewc_replay,none,6,DDoS,task1,macro_f1,0.9729908158720203
gnn_ewc_replay,none,6,DDoS,task1,fpr,0.003780462089947887
gnn_ewc_replay,none,6,DDoS,task1,detection_rate,0.9998512170445754
gnn_ewc_replay,none,6,DDoS,task1,binary_f1,0.9962050461027603
gnn_ewc_replay,none,6,DDoS,task1,category_recall,0.9048979348925787
gnn_ewc_replay,none,6,DDoS,task2,n,25000.0
gnn_ewc_replay,none,6,DDoS,task2,n_benign,24976.0
gnn_ewc_replay,none,6,DDoS,task2,n_attack,24.0
gnn_ewc_replay,none,6,DDoS,task2,accuracy,0.99968
gnn_ewc_replay,none,6,DDoS,task2,macro_f1,0.9509003056634499
gnn_ewc_replay,none,6,DDoS,task2,fpr,0.0002802690582959641
gnn_ewc_replay,none,6,DDoS,task2,detection_rate,0.9583333333333334
gnn_ewc_replay,none,6,DDoS,task2,binary_f1,0.8518518518518519
gnn_ewc_replay,none,6,DDoS,task2,category_recall,0.9583333333333334
gnn_ewc_replay,none,6,DDoS,task3,n,45000.0
gnn_ewc_replay,none,6,DDoS,task3,n_benign,28566.0
gnn_ewc_replay,none,6,DDoS,task3,n_attack,16434.0
gnn_ewc_replay,none,6,DDoS,task3,accuracy,0.9546444444444444
gnn_ewc_replay,none,6,DDoS,task3,macro_f1,0.9578529604116538
gnn_ewc_replay,none,6,DDoS,task3,fpr,0.0008051529790660225
gnn_ewc_replay,none,6,DDoS,task3,detection_rate,0.9353170256784714
gnn_ewc_replay,none,6,DDoS,task3,binary_f1,0.9658791001633782
gnn_ewc_replay,none,6,DDoS,task3,category_recall,0.8772057928684435
gnn_ewc_replay,none,6,DDoS,task4,n,27642.0
gnn_ewc_replay,none,6,DDoS,task4,n_benign,27569.0
gnn_ewc_replay,none,6,DDoS,task4,n_attack,73.0
gnn_ewc_replay,none,6,DDoS,task4,accuracy,0.9997467621735041
gnn_ewc_replay,none,6,DDoS,task4,macro_f1,0.9747566748487146
gnn_ewc_replay,none,6,DDoS,task4,fpr,0.0
gnn_ewc_replay,none,6,DDoS,task4,detection_rate,0.9041095890410958
gnn_ewc_replay,none,6,DDoS,task4,binary_f1,0.9496402877697842
gnn_ewc_replay,none,6,DDoS,task4,category_recall,0.9041095890410958
gnn_ewc_replay,none,6,DDoS,task5,n,55000.0
gnn_ewc_replay,none,6,DDoS,task5,n_benign,25723.0
gnn_ewc_replay,none,6,DDoS,task5,n_attack,29277.0
gnn_ewc_replay,none,6,DDoS,task5,accuracy,0.9999454545454546
gnn_ewc_replay,none,6,DDoS,task5,macro_f1,0.9999452254475117
gnn_ewc_replay,none,6,DDoS,task5,fpr,0.00011662714302375306
gnn_ewc_replay,none,6,DDoS,task5,detection_rate,1.0
gnn_ewc_replay,none,6,DDoS,task5,binary_f1,0.9999487678672063
gnn_ewc_replay,none,6,DDoS,task5,category_recall,1.0
gnn_ewc_replay,none,6,DDoS,task6,n,25000.0
gnn_ewc_replay,none,6,DDoS,task6,n_benign,2841.0
gnn_ewc_replay,none,6,DDoS,task6,n_attack,22159.0
gnn_ewc_replay,none,6,DDoS,task6,accuracy,1.0
gnn_ewc_replay,none,6,DDoS,task6,macro_f1,1.0
gnn_ewc_replay,none,6,DDoS,task6,fpr,0.0
gnn_ewc_replay,none,6,DDoS,task6,detection_rate,1.0
gnn_ewc_replay,none,6,DDoS,task6,binary_f1,1.0
gnn_ewc_replay,none,6,DDoS,task6,category_recall,1.0
gnn_ewc_replay,none,6,DDoS,seen,n,416344.0
gnn_ewc_replay,none,6,DDoS,seen,n_benign,313491.0
gnn_ewc_replay,none,6,DDoS,seen,n_attack,102853.0
gnn_ewc_replay,none,6,DDoS,seen,accuracy,0.986756143957881
gnn_ewc_replay,none,6,DDoS,seen,macro_f1,0.9495426156786032
gnn_ewc_replay,none,6,DDoS,seen,fpr,0.0009314461978174812
gnn_ewc_replay,none,6,DDoS,seen,detection_rate,0.9895384675216085
gnn_ewc_replay,none,6,DDoS,seen,binary_f1,0.9933242892417603
gnn_ewc_replay,none,6,DDoS,all,n,416344.0
gnn_ewc_replay,none,6,DDoS,all,n_benign,313491.0
gnn_ewc_replay,none,6,DDoS,all,n_attack,102853.0
gnn_ewc_replay,none,6,DDoS,all,accuracy,0.986756143957881
gnn_ewc_replay,none,6,DDoS,all,macro_f1,0.9495426156786032
gnn_ewc_replay,none,6,DDoS,all,fpr,0.0009314461978174812
gnn_ewc_replay,none,6,DDoS,all,detection_rate,0.9895384675216085
gnn_ewc_replay,none,6,DDoS,all,binary_f1,0.9933242892417603
gnn_ewc_replay,permute,6,DDoS,task0,n,138702.0
gnn_ewc_replay,permute,6,DDoS,task0,n_benign,137422.0
gnn_ewc_replay,permute,6,DDoS,task0,n_attack,1280.0
gnn_ewc_replay,permute,6,DDoS,task0,accuracy,0.9999423223890066
gnn_ewc_replay,permute,6,DDoS,task0,macro_f1,0.9997902096300528
gnn_ewc_replay,permute,6,DDoS,task0,fpr,5.821484187393576e-05
gnn_ewc_replay,permute,6,DDoS,task0,detection_rate,1.0
gnn_ewc_replay,permute,6,DDoS,task0,binary_f1,0.9968847352024922
gnn_ewc_replay,permute,6,DDoS,task0,category_recall,1.0
gnn_ewc_replay,permute,6,DDoS,task1,n,100000.0
gnn_ewc_replay,permute,6,DDoS,task1,n_benign,66394.0
gnn_ewc_replay,permute,6,DDoS,task1,n_attack,33606.0
gnn_ewc_replay,permute,6,DDoS,task1,accuracy,0.96553
gnn_ewc_replay,permute,6,DDoS,task1,macro_f1,0.9729908158720203
gnn_ewc_replay,permute,6,DDoS,task1,fpr,0.003780462089947887
gnn_ewc_replay,permute,6,DDoS,task1,detection_rate,0.9998512170445754
gnn_ewc_replay,permute,6,DDoS,task1,binary_f1,0.9962050461027603
gnn_ewc_replay,permute,6,DDoS,task1,category_recall,0.9048979348925787
gnn_ewc_replay,permute,6,DDoS,task2,n,25000.0
gnn_ewc_replay,permute,6,DDoS,task2,n_benign,24976.0
gnn_ewc_replay,permute,6,DDoS,task2,n_attack,24.0
gnn_ewc_replay,permute,6,DDoS,task2,accuracy,0.99968
gnn_ewc_replay,permute,6,DDoS,task2,macro_f1,0.9509003056634499
gnn_ewc_replay,permute,6,DDoS,task2,fpr,0.0002802690582959641
gnn_ewc_replay,permute,6,DDoS,task2,detection_rate,0.9583333333333334
gnn_ewc_replay,permute,6,DDoS,task2,binary_f1,0.8518518518518519
gnn_ewc_replay,permute,6,DDoS,task2,category_recall,0.9583333333333334
gnn_ewc_replay,permute,6,DDoS,task3,n,45000.0
gnn_ewc_replay,permute,6,DDoS,task3,n_benign,28566.0
gnn_ewc_replay,permute,6,DDoS,task3,n_attack,16434.0
gnn_ewc_replay,permute,6,DDoS,task3,accuracy,0.9546444444444444
gnn_ewc_replay,permute,6,DDoS,task3,macro_f1,0.9578529604116538
gnn_ewc_replay,permute,6,DDoS,task3,fpr,0.0008051529790660225
gnn_ewc_replay,permute,6,DDoS,task3,detection_rate,0.9353170256784714
gnn_ewc_replay,permute,6,DDoS,task3,binary_f1,0.9658791001633782
gnn_ewc_replay,permute,6,DDoS,task3,category_recall,0.8772057928684435
gnn_ewc_replay,permute,6,DDoS,task4,n,27642.0
gnn_ewc_replay,permute,6,DDoS,task4,n_benign,27569.0
gnn_ewc_replay,permute,6,DDoS,task4,n_attack,73.0
gnn_ewc_replay,permute,6,DDoS,task4,accuracy,0.9997467621735041
gnn_ewc_replay,permute,6,DDoS,task4,macro_f1,0.9747566748487146
gnn_ewc_replay,permute,6,DDoS,task4,fpr,0.0
gnn_ewc_replay,permute,6,DDoS,task4,detection_rate,0.9041095890410958
gnn_ewc_replay,permute,6,DDoS,task4,binary_f1,0.9496402877697842
gnn_ewc_replay,permute,6,DDoS,task4,category_recall,0.9041095890410958
gnn_ewc_replay,permute,6,DDoS,task5,n,55000.0
gnn_ewc_replay,permute,6,DDoS,task5,n_benign,25723.0
gnn_ewc_replay,permute,6,DDoS,task5,n_attack,29277.0
gnn_ewc_replay,permute,6,DDoS,task5,accuracy,0.9999454545454546
gnn_ewc_replay,permute,6,DDoS,task5,macro_f1,0.9999452254475117
gnn_ewc_replay,permute,6,DDoS,task5,fpr,0.00011662714302375306
gnn_ewc_replay,permute,6,DDoS,task5,detection_rate,1.0
gnn_ewc_replay,permute,6,DDoS,task5,binary_f1,0.9999487678672063
gnn_ewc_replay,permute,6,DDoS,task5,category_recall,1.0
gnn_ewc_replay,permute,6,DDoS,task6,n,25000.0
gnn_ewc_replay,permute,6,DDoS,task6,n_benign,2841.0
gnn_ewc_replay,permute,6,DDoS,task6,n_attack,22159.0
gnn_ewc_replay,permute,6,DDoS,task6,accuracy,1.0
gnn_ewc_replay,permute,6,DDoS,task6,macro_f1,1.0
gnn_ewc_replay,permute,6,DDoS,task6,fpr,0.0
gnn_ewc_replay,permute,6,DDoS,task6,detection_rate,1.0
gnn_ewc_replay,permute,6,DDoS,task6,binary_f1,1.0
gnn_ewc_replay,permute,6,DDoS,task6,category_recall,1.0
gnn_ewc_replay,permute,6,DDoS,seen,n,416344.0
gnn_ewc_replay,permute,6,DDoS,seen,n_benign,313491.0
gnn_ewc_replay,permute,6,DDoS,seen,n_attack,102853.0
gnn_ewc_replay,permute,6,DDoS,seen,accuracy,0.986756143957881
gnn_ewc_replay,permute,6,DDoS,seen,macro_f1,0.9495426156786032
gnn_ewc_replay,permute,6,DDoS,seen,fpr,0.0009314461978174812
gnn_ewc_replay,permute,6,DDoS,seen,detection_rate,0.9895384675216085
gnn_ewc_replay,permute,6,DDoS,seen,binary_f1,0.9933242892417603
gnn_ewc_replay,permute,6,DDoS,all,n,416344.0
gnn_ewc_replay,permute,6,DDoS,all,n_benign,313491.0
gnn_ewc_replay,permute,6,DDoS,all,n_attack,102853.0
gnn_ewc_replay,permute,6,DDoS,all,accuracy,0.986756143957881
gnn_ewc_replay,permute,6,DDoS,all,macro_f1,0.9495426156786032
gnn_ewc_replay,permute,6,DDoS,all,fpr,0.0009314461978174812
gnn_ewc_replay,permute,6,DDoS,all,detection_rate,0.9895384675216085
gnn_ewc_replay,permute,6,DDoS,all,binary_f1,0.9933242892417603
gnn_ewc_replay,random_src,6,DDoS,task0,n,138702.0
gnn_ewc_replay,random_src,6,DDoS,task0,n_benign,137422.0
gnn_ewc_replay,random_src,6,DDoS,task0,n_attack,1280.0
gnn_ewc_replay,random_src,6,DDoS,task0,accuracy,0.9596545111101498
gnn_ewc_replay,random_src,6,DDoS,task0,macro_f1,0.4897059689192371
gnn_ewc_replay,random_src,6,DDoS,task0,fpr,0.03140690719098834
gnn_ewc_replay,random_src,6,DDoS,task0,detection_rate,0.0
gnn_ewc_replay,random_src,6,DDoS,task0,binary_f1,0.0
gnn_ewc_replay,random_src,6,DDoS,task0,category_recall,0.0
gnn_ewc_replay,random_src,6,DDoS,task1,n,100000.0
gnn_ewc_replay,random_src,6,DDoS,task1,n_benign,66394.0
gnn_ewc_replay,random_src,6,DDoS,task1,n_attack,33606.0
gnn_ewc_replay,random_src,6,DDoS,task1,accuracy,0.97941
gnn_ewc_replay,random_src,6,DDoS,task1,macro_f1,0.9767498010169149
gnn_ewc_replay,random_src,6,DDoS,task1,fpr,0.006762659276440642
gnn_ewc_replay,random_src,6,DDoS,task1,detection_rate,0.9520918883532703
gnn_ewc_replay,random_src,6,DDoS,task1,binary_f1,0.9688271184387821
gnn_ewc_replay,random_src,6,DDoS,task1,category_recall,0.9520918883532703
gnn_ewc_replay,random_src,6,DDoS,task2,n,25000.0
gnn_ewc_replay,random_src,6,DDoS,task2,n_benign,24976.0
gnn_ewc_replay,random_src,6,DDoS,task2,n_attack,24.0
gnn_ewc_replay,random_src,6,DDoS,task2,accuracy,0.99608
gnn_ewc_replay,random_src,6,DDoS,task2,macro_f1,0.49901807542783855
gnn_ewc_replay,random_src,6,DDoS,task2,fpr,0.002962844330557335
gnn_ewc_replay,random_src,6,DDoS,task2,detection_rate,0.0
gnn_ewc_replay,random_src,6,DDoS,task2,binary_f1,0.0
gnn_ewc_replay,random_src,6,DDoS,task2,category_recall,0.0
gnn_ewc_replay,random_src,6,DDoS,task3,n,45000.0
gnn_ewc_replay,random_src,6,DDoS,task3,n_benign,28566.0
gnn_ewc_replay,random_src,6,DDoS,task3,n_attack,16434.0
gnn_ewc_replay,random_src,6,DDoS,task3,accuracy,0.7902222222222223
gnn_ewc_replay,random_src,6,DDoS,task3,macro_f1,0.7476923810794599
gnn_ewc_replay,random_src,6,DDoS,task3,fpr,0.02607995519148638
gnn_ewc_replay,random_src,6,DDoS,task3,detection_rate,0.4715224534501643
gnn_ewc_replay,random_src,6,DDoS,task3,binary_f1,0.6217105263157895
gnn_ewc_replay,random_src,6,DDoS,task3,category_recall,0.4709139588657661
gnn_ewc_replay,random_src,6,DDoS,task4,n,27642.0
gnn_ewc_replay,random_src,6,DDoS,task4,n_benign,27569.0
gnn_ewc_replay,random_src,6,DDoS,task4,n_attack,73.0
gnn_ewc_replay,random_src,6,DDoS,task4,accuracy,0.9809348093480935
gnn_ewc_replay,random_src,6,DDoS,task4,macro_f1,0.9951749647506912
gnn_ewc_replay,random_src,6,DDoS,task4,fpr,0.01911567340128405
gnn_ewc_replay,random_src,6,DDoS,task4,detection_rate,1.0
gnn_ewc_replay,random_src,6,DDoS,task4,binary_f1,0.21693907875185736
gnn_ewc_replay,random_src,6,DDoS,task4,category_recall,1.0
gnn_ewc_replay,random_src,6,DDoS,task5,n,55000.0
gnn_ewc_replay,random_src,6,DDoS,task5,n_benign,25723.0
gnn_ewc_replay,random_src,6,DDoS,task5,n_attack,29277.0
gnn_ewc_replay,random_src,6,DDoS,task5,accuracy,0.4652545454545455
gnn_ewc_replay,random_src,6,DDoS,task5,macro_f1,0.31754048520196065
gnn_ewc_replay,random_src,6,DDoS,task5,fpr,0.005209345721727637
gnn_ewc_replay,random_src,6,DDoS,task5,detection_rate,0.00013662602042559006
gnn_ewc_replay,random_src,6,DDoS,task5,binary_f1,0.000271970083290838
gnn_ewc_replay,random_src,6,DDoS,task5,category_recall,0.0
gnn_ewc_replay,random_src,6,DDoS,task6,n,25000.0
gnn_ewc_replay,random_src,6,DDoS,task6,n_benign,2841.0
gnn_ewc_replay,random_src,6,DDoS,task6,n_attack,22159.0
gnn_ewc_replay,random_src,6,DDoS,task6,accuracy,0.11344
gnn_ewc_replay,random_src,6,DDoS,task6,macro_f1,0.10656446097771766
gnn_ewc_replay,random_src,6,DDoS,task6,fpr,0.0017599436818021823
gnn_ewc_replay,random_src,6,DDoS,task6,detection_rate,0.055192021300600205
gnn_ewc_replay,random_src,6,DDoS,task6,binary_f1,0.10458801898490615
gnn_ewc_replay,random_src,6,DDoS,task6,category_recall,0.0
gnn_ewc_replay,random_src,6,DDoS,seen,n,416344.0
gnn_ewc_replay,random_src,6,DDoS,seen,n_benign,313491.0
gnn_ewc_replay,random_src,6,DDoS,seen,n_attack,102853.0
gnn_ewc_replay,random_src,6,DDoS,seen,accuracy,0.8335631112733701
gnn_ewc_replay,random_src,6,DDoS,seen,macro_f1,0.4270199462432454
gnn_ewc_replay,random_src,6,DDoS,seen,fpr,0.01993677649438102
gnn_ewc_replay,random_src,6,DDoS,seen,detection_rate,0.3990646845497944
gnn_ewc_replay,random_src,6,DDoS,seen,binary_f1,0.5467272291339212
gnn_ewc_replay,random_src,6,DDoS,all,n,416344.0
gnn_ewc_replay,random_src,6,DDoS,all,n_benign,313491.0
gnn_ewc_replay,random_src,6,DDoS,all,n_attack,102853.0
gnn_ewc_replay,random_src,6,DDoS,all,accuracy,0.8335631112733701
gnn_ewc_replay,random_src,6,DDoS,all,macro_f1,0.4270199462432454
gnn_ewc_replay,random_src,6,DDoS,all,fpr,0.01993677649438102
gnn_ewc_replay,random_src,6,DDoS,all,detection_rate,0.3990646845497944
gnn_ewc_replay,random_src,6,DDoS,all,binary_f1,0.5467272291339212
gnn_naive,none,0,BruteForce,task0,n,138702.0
gnn_naive,none,0,BruteForce,task0,n_benign,137422.0
gnn_naive,none,0,BruteForce,task0,n_attack,1280.0
gnn_naive,none,0,BruteForce,task0,accuracy,0.9999855805972516
gnn_naive,none,0,BruteForce,task0,macro_f1,0.9996060414834551
gnn_naive,none,0,BruteForce,task0,fpr,1.455371046848394e-05
gnn_naive,none,0,BruteForce,task0,detection_rate,1.0
gnn_naive,none,0,BruteForce,task0,binary_f1,0.9992193598750976
gnn_naive,none,0,BruteForce,task0,category_recall,1.0
gnn_naive,none,0,BruteForce,task1,n,100000.0
gnn_naive,none,0,BruteForce,task1,n_benign,66394.0
gnn_naive,none,0,BruteForce,task1,n_attack,33606.0
gnn_naive,none,0,BruteForce,task1,accuracy,0.66388
gnn_naive,none,0,BruteForce,task1,macro_f1,0.3989951198403731
gnn_naive,none,0,BruteForce,task1,fpr,9.036961171190167e-05
gnn_naive,none,0,BruteForce,task1,detection_rate,0.0
gnn_naive,none,0,BruteForce,task1,binary_f1,0.0
gnn_naive,none,0,BruteForce,task1,category_recall,0.0
gnn_naive,none,0,BruteForce,task2,n,25000.0
gnn_naive,none,0,BruteForce,task2,n_benign,24976.0
gnn_naive,none,0,BruteForce,task2,n_attack,24.0
gnn_naive,none,0,BruteForce,task2,accuracy,0.99904
gnn_naive,none,0,BruteForce,task2,macro_f1,0.4997598847446774
gnn_naive,none,0,BruteForce,task2,fpr,0.0
gnn_naive,none,0,BruteForce,task2,detection_rate,0.0
gnn_naive,none,0,BruteForce,task2,binary_f1,0.0
gnn_naive,none,0,BruteForce,task2,category_recall,0.0
gnn_naive,none,0,BruteForce,task3,n,45000.0
gnn_naive,none,0,BruteForce,task3,n_benign,28566.0
gnn_naive,none,0,BruteForce,task3,n_attack,16434.0
gnn_naive,none,0,BruteForce,task3,accuracy,0.6348
gnn_naive,none,0,BruteForce,task3,macro_f1,0.3883043797406411
gnn_naive,none,0,BruteForce,task3,fpr,0.0
gnn_naive,none,0,BruteForce,task3,detection_rate,0.0
gnn_naive,none,0,BruteForce,task3,binary_f1,0.0
gnn_naive,none,0,BruteForce,task3,category_recall,0.0
gnn_naive,none,0,BruteForce,task4,n,27642.0
gnn_naive,none,0,BruteForce,task4,n_benign,27569.0
gnn_naive,none,0,BruteForce,task4,n_attack,73.0
gnn_naive,none,0,BruteForce,task4,accuracy,0.9973590912379712
gnn_naive,none,0,BruteForce,task4,macro_f1,0.4993388998569126
gnn_naive,none,0,BruteForce,task4,fpr,0.0
gnn_naive,none,0,BruteForce,task4,detection_rate,0.0
gnn_naive,none,0,BruteForce,task4,binary_f1,0.0
gnn_naive,none,0,BruteForce,task4,category_recall,0.0
gnn_naive,none,0,BruteForce,task5,n,55000.0
gnn_naive,none,0,BruteForce,task5,n_benign,25723.0
gnn_naive,none,0,BruteForce,task5,n_attack,29277.0
gnn_naive,none,0,BruteForce,task5,accuracy,0.4676909090909091
gnn_naive,none,0,BruteForce,task5,macro_f1,0.31865763165392763
gnn_naive,none,0,BruteForce,task5,fpr,0.0
gnn_naive,none,0,BruteForce,task5,detection_rate,0.0
gnn_naive,none,0,BruteForce,task5,binary_f1,0.0
gnn_naive,none,0,BruteForce,task5,category_recall,0.0
gnn_naive,none,0,BruteForce,task6,n,25000.0
gnn_naive,none,0,BruteForce,task6,n_benign,2841.0
gnn_naive,none,0,BruteForce,task6,n_attack,22159.0
gnn_naive,none,0,BruteForce,task6,accuracy,0.11364
gnn_naive,none,0,BruteForce,task6,macro_f1,0.10204374842857655
gnn_naive,none,0,BruteForce,task6,fpr,0.0
gnn_naive,none,0,BruteForce,task6,detection_rate,0.0
gnn_naive,none,0,BruteForce,task6,binary_f1,0.0
gnn_naive,none,0,BruteForce,task6,category_recall,0.0
gnn_naive,none,0,BruteForce,seen,n,138702.0
gnn_naive,none,0,BruteForce,seen,n_benign,137422.0
gnn_naive,none,0,BruteForce,seen,n_attack,1280.0
gnn_naive,none,0,BruteForce,seen,accuracy,0.9999855805972516
gnn_naive,none,0,BruteForce,seen,macro_f1,0.9996060414834551
gnn_naive,none,0,BruteForce,seen,fpr,1.455371046848394e-05
gnn_naive,none,0,BruteForce,seen,detection_rate,1.0
gnn_naive,none,0,BruteForce,seen,binary_f1,0.9992193598750976
gnn_naive,none,0,BruteForce,all,n,416344.0
gnn_naive,none,0,BruteForce,all,n_benign,313491.0
gnn_naive,none,0,BruteForce,all,n_attack,102853.0
gnn_naive,none,0,BruteForce,all,accuracy,0.7560166593009626
gnn_naive,none,0,BruteForce,all,macro_f1,0.23218189478125126
gnn_naive,none,0,BruteForce,all,fpr,2.5519073912807706e-05
gnn_naive,none,0,BruteForce,all,detection_rate,0.012444945699201774
gnn_naive,none,0,BruteForce,all,binary_f1,0.024582057018849444
gnn_naive,permute,0,BruteForce,task0,n,138702.0
gnn_naive,permute,0,BruteForce,task0,n_benign,137422.0
gnn_naive,permute,0,BruteForce,task0,n_attack,1280.0
gnn_naive,permute,0,BruteForce,task0,accuracy,0.9999855805972516
gnn_naive,permute,0,BruteForce,task0,macro_f1,0.9996060414834551
gnn_naive,permute,0,BruteForce,task0,fpr,1.455371046848394e-05
gnn_naive,permute,0,BruteForce,task0,detection_rate,1.0
gnn_naive,permute,0,BruteForce,task0,binary_f1,0.9992193598750976
gnn_naive,permute,0,BruteForce,task0,category_recall,1.0
gnn_naive,permute,0,BruteForce,task1,n,100000.0
gnn_naive,permute,0,BruteForce,task1,n_benign,66394.0
gnn_naive,permute,0,BruteForce,task1,n_attack,33606.0
gnn_naive,permute,0,BruteForce,task1,accuracy,0.66388
gnn_naive,permute,0,BruteForce,task1,macro_f1,0.3989951198403731
gnn_naive,permute,0,BruteForce,task1,fpr,9.036961171190167e-05
gnn_naive,permute,0,BruteForce,task1,detection_rate,0.0
gnn_naive,permute,0,BruteForce,task1,binary_f1,0.0
gnn_naive,permute,0,BruteForce,task1,category_recall,0.0
gnn_naive,permute,0,BruteForce,task2,n,25000.0
gnn_naive,permute,0,BruteForce,task2,n_benign,24976.0
gnn_naive,permute,0,BruteForce,task2,n_attack,24.0
gnn_naive,permute,0,BruteForce,task2,accuracy,0.99904
gnn_naive,permute,0,BruteForce,task2,macro_f1,0.4997598847446774
gnn_naive,permute,0,BruteForce,task2,fpr,0.0
gnn_naive,permute,0,BruteForce,task2,detection_rate,0.0
gnn_naive,permute,0,BruteForce,task2,binary_f1,0.0
gnn_naive,permute,0,BruteForce,task2,category_recall,0.0
gnn_naive,permute,0,BruteForce,task3,n,45000.0
gnn_naive,permute,0,BruteForce,task3,n_benign,28566.0
gnn_naive,permute,0,BruteForce,task3,n_attack,16434.0
gnn_naive,permute,0,BruteForce,task3,accuracy,0.6348
gnn_naive,permute,0,BruteForce,task3,macro_f1,0.3883043797406411
gnn_naive,permute,0,BruteForce,task3,fpr,0.0
gnn_naive,permute,0,BruteForce,task3,detection_rate,0.0
gnn_naive,permute,0,BruteForce,task3,binary_f1,0.0
gnn_naive,permute,0,BruteForce,task3,category_recall,0.0
gnn_naive,permute,0,BruteForce,task4,n,27642.0
gnn_naive,permute,0,BruteForce,task4,n_benign,27569.0
gnn_naive,permute,0,BruteForce,task4,n_attack,73.0
gnn_naive,permute,0,BruteForce,task4,accuracy,0.9973590912379712
gnn_naive,permute,0,BruteForce,task4,macro_f1,0.4993388998569126
gnn_naive,permute,0,BruteForce,task4,fpr,0.0
gnn_naive,permute,0,BruteForce,task4,detection_rate,0.0
gnn_naive,permute,0,BruteForce,task4,binary_f1,0.0
gnn_naive,permute,0,BruteForce,task4,category_recall,0.0
gnn_naive,permute,0,BruteForce,task5,n,55000.0
gnn_naive,permute,0,BruteForce,task5,n_benign,25723.0
gnn_naive,permute,0,BruteForce,task5,n_attack,29277.0
gnn_naive,permute,0,BruteForce,task5,accuracy,0.4676909090909091
gnn_naive,permute,0,BruteForce,task5,macro_f1,0.31865763165392763
gnn_naive,permute,0,BruteForce,task5,fpr,0.0
gnn_naive,permute,0,BruteForce,task5,detection_rate,0.0
gnn_naive,permute,0,BruteForce,task5,binary_f1,0.0
gnn_naive,permute,0,BruteForce,task5,category_recall,0.0
gnn_naive,permute,0,BruteForce,task6,n,25000.0
gnn_naive,permute,0,BruteForce,task6,n_benign,2841.0
gnn_naive,permute,0,BruteForce,task6,n_attack,22159.0
gnn_naive,permute,0,BruteForce,task6,accuracy,0.11364
gnn_naive,permute,0,BruteForce,task6,macro_f1,0.10204374842857655
gnn_naive,permute,0,BruteForce,task6,fpr,0.0
gnn_naive,permute,0,BruteForce,task6,detection_rate,0.0
gnn_naive,permute,0,BruteForce,task6,binary_f1,0.0
gnn_naive,permute,0,BruteForce,task6,category_recall,0.0
gnn_naive,permute,0,BruteForce,seen,n,138702.0
gnn_naive,permute,0,BruteForce,seen,n_benign,137422.0
gnn_naive,permute,0,BruteForce,seen,n_attack,1280.0
gnn_naive,permute,0,BruteForce,seen,accuracy,0.9999855805972516
gnn_naive,permute,0,BruteForce,seen,macro_f1,0.9996060414834551
gnn_naive,permute,0,BruteForce,seen,fpr,1.455371046848394e-05
gnn_naive,permute,0,BruteForce,seen,detection_rate,1.0
gnn_naive,permute,0,BruteForce,seen,binary_f1,0.9992193598750976
gnn_naive,permute,0,BruteForce,all,n,416344.0
gnn_naive,permute,0,BruteForce,all,n_benign,313491.0
gnn_naive,permute,0,BruteForce,all,n_attack,102853.0
gnn_naive,permute,0,BruteForce,all,accuracy,0.7560166593009626
gnn_naive,permute,0,BruteForce,all,macro_f1,0.23218189478125126
gnn_naive,permute,0,BruteForce,all,fpr,2.5519073912807706e-05
gnn_naive,permute,0,BruteForce,all,detection_rate,0.012444945699201774
gnn_naive,permute,0,BruteForce,all,binary_f1,0.024582057018849444
gnn_naive,random_src,0,BruteForce,task0,n,138702.0
gnn_naive,random_src,0,BruteForce,task0,n_benign,137422.0
gnn_naive,random_src,0,BruteForce,task0,n_attack,1280.0
gnn_naive,random_src,0,BruteForce,task0,accuracy,0.9952632261971709
gnn_naive,random_src,0,BruteForce,task0,macro_f1,0.827980707192612
gnn_naive,random_src,0,BruteForce,task0,fpr,7.27685523424197e-05
gnn_naive,random_src,0,BruteForce,task0,detection_rate,0.49453125
gnn_naive,random_src,0,BruteForce,task0,binary_f1,0.6583463338533542
gnn_naive,random_src,0,BruteForce,task0,category_recall,0.49453125
gnn_naive,random_src,0,BruteForce,task1,n,100000.0
gnn_naive,random_src,0,BruteForce,task1,n_benign,66394.0
gnn_naive,random_src,0,BruteForce,task1,n_attack,33606.0
gnn_naive,random_src,0,BruteForce,task1,accuracy,0.66387
gnn_naive,random_src,0,BruteForce,task1,macro_f1,0.3989915077500045
gnn_naive,random_src,0,BruteForce,task1,fpr,0.00010543121366388529
gnn_naive,random_src,0,BruteForce,task1,detection_rate,0.0
gnn_naive,random_src,0,BruteForce,task1,binary_f1,0.0
gnn_naive,random_src,0,BruteForce,task1,category_recall,0.0
gnn_naive,random_src,0,BruteForce,task2,n,25000.0
gnn_naive,random_src,0,BruteForce,task2,n_benign,24976.0
gnn_naive,random_src,0,BruteForce,task2,n_attack,24.0
gnn_naive,random_src,0,BruteForce,task2,accuracy,0.99904
gnn_naive,random_src,0,BruteForce,task2,macro_f1,0.4997598847446774
gnn_naive,random_src,0,BruteForce,task2,fpr,0.0
gnn_naive,random_src,0,BruteForce,task2,detection_rate,0.0
gnn_naive,random_src,0,BruteForce,task2,binary_f1,0.0
gnn_naive,random_src,0,BruteForce,task2,category_recall,0.0
gnn_naive,random_src,0,BruteForce,task3,n,45000.0
gnn_naive,random_src,0,BruteForce,task3,n_benign,28566.0
gnn_naive,random_src,0,BruteForce,task3,n_attack,16434.0
gnn_naive,random_src,0,BruteForce,task3,accuracy,0.6348
gnn_naive,random_src,0,BruteForce,task3,macro_f1,0.3883043797406411
gnn_naive,random_src,0,BruteForce,task3,fpr,0.0
gnn_naive,random_src,0,BruteForce,task3,detection_rate,0.0
gnn_naive,random_src,0,BruteForce,task3,binary_f1,0.0
gnn_naive,random_src,0,BruteForce,task3,category_recall,0.0
gnn_naive,random_src,0,BruteForce,task4,n,27642.0
gnn_naive,random_src,0,BruteForce,task4,n_benign,27569.0
gnn_naive,random_src,0,BruteForce,task4,n_attack,73.0
gnn_naive,random_src,0,BruteForce,task4,accuracy,0.9971058534114753
gnn_naive,random_src,0,BruteForce,task4,macro_f1,0.4992754148250127
gnn_naive,random_src,0,BruteForce,task4,fpr,0.000253908375349124
gnn_naive,random_src,0,BruteForce,task4,detection_rate,0.0
gnn_naive,random_src,0,BruteForce,task4,binary_f1,0.0
gnn_naive,random_src,0,BruteForce,task4,category_recall,0.0
gnn_naive,random_src,0,BruteForce,task5,n,55000.0
gnn_naive,random_src,0,BruteForce,task5,n_benign,25723.0
gnn_naive,random_src,0,BruteForce,task5,n_attack,29277.0
gnn_naive,random_src,0,BruteForce,task5,accuracy,0.46765454545454543
gnn_naive,random_src,0,BruteForce,task5,macro_f1,0.3186407502384757
gnn_naive,random_src,0,BruteForce,task5,fpr,7.775142868250205e-05
gnn_naive,random_src,0,BruteForce,task5,detection_rate,0.0
gnn_naive,random_src,0,BruteForce,task5,binary_f1,0.0
gnn_naive,random_src,0,BruteForce,task5,category_recall,0.0
gnn_naive,random_src,0,BruteForce,task6,n,25000.0
gnn_naive,random_src,0,BruteForce,task6,n_benign,2841.0
gnn_naive,random_src,0,BruteForce,task6,n_attack,22159.0
gnn_naive,random_src,0,BruteForce,task6,accuracy,0.1136
gnn_naive,random_src,0,BruteForce,task6,macro_f1,0.10201149425287356
gnn_naive,random_src,0,BruteForce,task6,fpr,0.00035198873636043646
gnn_naive,random_src,0,BruteForce,task6,detection_rate,0.0
gnn_naive,random_src,0,BruteForce,task6,binary_f1,0.0
gnn_naive,random_src,0,BruteForce,task6,category_recall,0.0
gnn_naive,random_src,0,BruteForce,seen,n,138702.0
gnn_naive,random_src,0,BruteForce,seen,n_benign,137422.0
gnn_naive,random_src,0,BruteForce,seen,n_attack,1280.0
gnn_naive,random_src,0,BruteForce,seen,accuracy,0.9952632261971709
gnn_naive,random_src,0,BruteForce,seen,macro_f1,0.827980707192612
gnn_naive,random_src,0,BruteForce,seen,fpr,7.27685523424197e-05
gnn_naive,random_src,0,BruteForce,seen,detection_rate,0.49453125
gnn_naive,random_src,0,BruteForce,seen,binary_f1,0.6583463338533542
gnn_naive,random_src,0,BruteForce,all,n,416344.0
gnn_naive,random_src,0,BruteForce,all,n_benign,313491.0
gnn_naive,random_src,0,BruteForce,all,n_attack,102853.0
gnn_naive,random_src,0,BruteForce,all,accuracy,0.7544170205407067
gnn_naive,random_src,0,BruteForce,all,macro_f1,0.18904430812396017
gnn_naive,random_src,0,BruteForce,all,fpr,8.6126874455726e-05
gnn_naive,random_src,0,BruteForce,all,detection_rate,0.006154414552808377
gnn_naive,random_src,0,BruteForce,all,binary_f1,0.012230347879010365
gnn_naive,none,1,DoS,task0,n,138702.0
gnn_naive,none,1,DoS,task0,n_benign,137422.0
gnn_naive,none,1,DoS,task0,n_attack,1280.0
gnn_naive,none,1,DoS,task0,accuracy,0.9907643725396894
gnn_naive,none,1,DoS,task0,macro_f1,0.49999818077957237
gnn_naive,none,1,DoS,task0,fpr,7.27685523424197e-06
gnn_naive,none,1,DoS,task0,detection_rate,1.0
gnn_naive,none,1,DoS,task0,binary_f1,0.9996095275283092
gnn_naive,none,1,DoS,task0,category_recall,0.0
gnn_naive,none,1,DoS,task1,n,100000.0
gnn_naive,none,1,DoS,task1,n_benign,66394.0
gnn_naive,none,1,DoS,task1,n_attack,33606.0
gnn_naive,none,1,DoS,task1,accuracy,0.99838
gnn_naive,none,1,DoS,task1,macro_f1,0.9981869363883596
gnn_naive,none,1,DoS,task1,fpr,0.0023947947103653945
gnn_naive,none,1,DoS,task1,detection_rate,0.9999107302267453
gnn_naive,none,1,DoS,task1,binary_f1,0.9975952974706092
gnn_naive,none,1,DoS,task1,category_recall,0.9999107302267453
gnn_naive,none,1,DoS,task2,n,25000.0
gnn_naive,none,1,DoS,task2,n_benign,24976.0
gnn_naive,none,1,DoS,task2,n_attack,24.0
gnn_naive,none,1,DoS,task2,accuracy,0.99808
gnn_naive,none,1,DoS,task2,macro_f1,0.4997596539016183
gnn_naive,none,1,DoS,task2,fpr,0.0009609224855861628
gnn_naive,none,1,DoS,task2,detection_rate,1.0
gnn_naive,none,1,DoS,task2,binary_f1,0.6666666666666666
gnn_naive,none,1,DoS,task2,category_recall,0.0
gnn_naive,none,1,DoS,task3,n,45000.0
gnn_naive,none,1,DoS,task3,n_benign,28566.0
gnn_naive,none,1,DoS,task3,n_attack,16434.0
gnn_naive,none,1,DoS,task3,accuracy,0.6347777777777778
gnn_naive,none,1,DoS,task3,macro_f1,0.3882960647046829
gnn_naive,none,1,DoS,task3,fpr,3.500665126374011e-05
gnn_naive,none,1,DoS,task3,detection_rate,0.0
gnn_naive,none,1,DoS,task3,binary_f1,0.0
gnn_naive,none,1,DoS,task3,category_recall,0.0
gnn_naive,none,1,DoS,task4,n,27642.0
gnn_naive,none,1,DoS,task4,n_benign,27569.0
gnn_naive,none,1,DoS,task4,n_attack,73.0
gnn_naive,none,1,DoS,task4,accuracy,0.9972505607409016
gnn_naive,none,1,DoS,task4,macro_f1,0.4993116939573975
gnn_naive,none,1,DoS,task4,fpr,0.00010881787514962457
gnn_naive,none,1,DoS,task4,detection_rate,0.0
gnn_naive,none,1,DoS,task4,binary_f1,0.0
gnn_naive,none,1,DoS,task4,category_recall,0.0
gnn_naive,none,1,DoS,task5,n,55000.0
gnn_naive,none,1,DoS,task5,n_benign,25723.0
gnn_naive,none,1,DoS,task5,n_attack,29277.0
gnn_naive,none,1,DoS,task5,accuracy,0.4676909090909091
gnn_naive,none,1,DoS,task5,macro_f1,0.31865763165392763
gnn_naive,none,1,DoS,task5,fpr,0.0
gnn_naive,none,1,DoS,task5,detection_rate,0.0
gnn_naive,none,1,DoS,task5,binary_f1,0.0
gnn_naive,none,1,DoS,task5,category_recall,0.0
gnn_naive,none,1,DoS,task6,n,25000.0
gnn_naive,none,1,DoS,task6,n_benign,2841.0
gnn_naive,none,1,DoS,task6,n_attack,22159.0
gnn_naive,none,1,DoS,task6,accuracy,0.1136
gnn_naive,none,1,DoS,task6,macro_f1,0.499911987326175
gnn_naive,none,1,DoS,task6,fpr,0.00035198873636043646
gnn_naive,none,1,DoS,task6,detection_rate,1.0
gnn_naive,none,1,DoS,task6,binary_f1,0.9999774363139963
gnn_naive,none,1,DoS,task6,category_recall,0.0
gnn_naive,none,1,DoS,seen,n,238702.0
gnn_naive,none,1,DoS,seen,n_benign,203816.0
gnn_naive,none,1,DoS,seen,n_attack,34886.0
gnn_naive,none,1,DoS,seen,accuracy,0.9939548055734766
gnn_naive,none,1,DoS,seen,macro_f1,0.6595266681003298
gnn_naive,none,1,DoS,seen,fpr,0.0007850217843545158
gnn_naive,none,1,DoS,seen,detection_rate,0.9999140056182996
gnn_naive,none,1,DoS,seen,binary_f1,0.9976690643366843
gnn_naive,none,1,DoS,all,n,416344.0
gnn_naive,none,1,DoS,all,n_benign,313491.0
gnn_naive,none,1,DoS,all,n_attack,102853.0
gnn_naive,none,1,DoS,all,accuracy,0.8332172434333147
gnn_naive,none,1,DoS,all,macro_f1,0.2089124514013829
gnn_naive,none,1,DoS,all,fpr,0.000602888121190082
gnn_naive,none,1,DoS,all,detection_rate,0.554830680680194
gnn_naive,none,1,DoS,all,binary_f1,0.7128438304144702
gnn_naive,permute,1,DoS,task0,n,138702.0
gnn_naive,permute,1,DoS,task0,n_benign,137422.0
gnn_naive,permute,1,DoS,task0,n_attack,1280.0
gnn_naive,permute,1,DoS,task0,accuracy,0.9907643725396894
gnn_naive,permute,1,DoS,task0,macro_f1,0.49999818077957237
gnn_naive,permute,1,DoS,task0,fpr,7.27685523424197e-06
gnn_naive,permute,1,DoS,task0,detection_rate,1.0
gnn_naive,permute,1,DoS,task0,binary_f1,0.9996095275283092
gnn_naive,permute,1,DoS,task0,category_recall,0.0
gnn_naive,permute,1,DoS,task1,n,100000.0
gnn_naive,permute,1,DoS,task1,n_benign,66394.0
gnn_naive,permute,1,DoS,task1,n_attack,33606.0
gnn_naive,permute,1,DoS,task1,accuracy,0.99838
gnn_naive,permute,1,DoS,task1,macro_f1,0.9981869363883596
gnn_naive,permute,1,DoS,task1,fpr,0.0023947947103653945
gnn_naive,permute,1,DoS,task1,detection_rate,0.9999107302267453
gnn_naive,permute,1,DoS,task1,binary_f1,0.9975952974706092
gnn_naive,permute,1,DoS,task1,category_recall,0.9999107302267453
gnn_naive,permute,1,DoS,task2,n,25000.0
gnn_naive,permute,1,DoS,task2,n_benign,24976.0
gnn_naive,permute,1,DoS,task2,n_attack,24.0
gnn_naive,permute,1,DoS,task2,accuracy,0.99808
gnn_naive,permute,1,DoS,task2,macro_f1,0.4997596539016183
gnn_naive,permute,1,DoS,task2,fpr,0.0009609224855861628
gnn_naive,permute,1,DoS,task2,detection_rate,1.0
gnn_naive,permute,1,DoS,task2,binary_f1,0.6666666666666666
gnn_naive,permute,1,DoS,task2,category_recall,0.0
gnn_naive,permute,1,DoS,task3,n,45000.0
gnn_naive,permute,1,DoS,task3,n_benign,28566.0
gnn_naive,permute,1,DoS,task3,n_attack,16434.0
gnn_naive,permute,1,DoS,task3,accuracy,0.6347777777777778
gnn_naive,permute,1,DoS,task3,macro_f1,0.3882960647046829
gnn_naive,permute,1,DoS,task3,fpr,3.500665126374011e-05
gnn_naive,permute,1,DoS,task3,detection_rate,0.0
gnn_naive,permute,1,DoS,task3,binary_f1,0.0
gnn_naive,permute,1,DoS,task3,category_recall,0.0
gnn_naive,permute,1,DoS,task4,n,27642.0
gnn_naive,permute,1,DoS,task4,n_benign,27569.0
gnn_naive,permute,1,DoS,task4,n_attack,73.0
gnn_naive,permute,1,DoS,task4,accuracy,0.9972505607409016
gnn_naive,permute,1,DoS,task4,macro_f1,0.4993116939573975
gnn_naive,permute,1,DoS,task4,fpr,0.00010881787514962457
gnn_naive,permute,1,DoS,task4,detection_rate,0.0
gnn_naive,permute,1,DoS,task4,binary_f1,0.0
gnn_naive,permute,1,DoS,task4,category_recall,0.0
gnn_naive,permute,1,DoS,task5,n,55000.0
gnn_naive,permute,1,DoS,task5,n_benign,25723.0
gnn_naive,permute,1,DoS,task5,n_attack,29277.0
gnn_naive,permute,1,DoS,task5,accuracy,0.4676909090909091
gnn_naive,permute,1,DoS,task5,macro_f1,0.31865763165392763
gnn_naive,permute,1,DoS,task5,fpr,0.0
gnn_naive,permute,1,DoS,task5,detection_rate,0.0
gnn_naive,permute,1,DoS,task5,binary_f1,0.0
gnn_naive,permute,1,DoS,task5,category_recall,0.0
gnn_naive,permute,1,DoS,task6,n,25000.0
gnn_naive,permute,1,DoS,task6,n_benign,2841.0
gnn_naive,permute,1,DoS,task6,n_attack,22159.0
gnn_naive,permute,1,DoS,task6,accuracy,0.1136
gnn_naive,permute,1,DoS,task6,macro_f1,0.499911987326175
gnn_naive,permute,1,DoS,task6,fpr,0.00035198873636043646
gnn_naive,permute,1,DoS,task6,detection_rate,1.0
gnn_naive,permute,1,DoS,task6,binary_f1,0.9999774363139963
gnn_naive,permute,1,DoS,task6,category_recall,0.0
gnn_naive,permute,1,DoS,seen,n,238702.0
gnn_naive,permute,1,DoS,seen,n_benign,203816.0
gnn_naive,permute,1,DoS,seen,n_attack,34886.0
gnn_naive,permute,1,DoS,seen,accuracy,0.9939548055734766
gnn_naive,permute,1,DoS,seen,macro_f1,0.6595266681003298
gnn_naive,permute,1,DoS,seen,fpr,0.0007850217843545158
gnn_naive,permute,1,DoS,seen,detection_rate,0.9999140056182996
gnn_naive,permute,1,DoS,seen,binary_f1,0.9976690643366843
gnn_naive,permute,1,DoS,all,n,416344.0
gnn_naive,permute,1,DoS,all,n_benign,313491.0
gnn_naive,permute,1,DoS,all,n_attack,102853.0
gnn_naive,permute,1,DoS,all,accuracy,0.8332172434333147
gnn_naive,permute,1,DoS,all,macro_f1,0.2089124514013829
gnn_naive,permute,1,DoS,all,fpr,0.000602888121190082
gnn_naive,permute,1,DoS,all,detection_rate,0.554830680680194
gnn_naive,permute,1,DoS,all,binary_f1,0.7128438304144702
gnn_naive,random_src,1,DoS,task0,n,138702.0
gnn_naive,random_src,1,DoS,task0,n_benign,137422.0
gnn_naive,random_src,1,DoS,task0,n_attack,1280.0
gnn_naive,random_src,1,DoS,task0,accuracy,0.9814854868711338
gnn_naive,random_src,1,DoS,task0,macro_f1,0.4953281229533249
gnn_naive,random_src,1,DoS,task0,fpr,0.009372589541703657
gnn_naive,random_src,1,DoS,task0,detection_rate,0.0
gnn_naive,random_src,1,DoS,task0,binary_f1,0.0
gnn_naive,random_src,1,DoS,task0,category_recall,0.0
gnn_naive,random_src,1,DoS,task1,n,100000.0
gnn_naive,random_src,1,DoS,task1,n_benign,66394.0
gnn_naive,random_src,1,DoS,task1,n_attack,33606.0
gnn_naive,random_src,1,DoS,task1,accuracy,0.98199
gnn_naive,random_src,1,DoS,task1,macro_f1,0.9795700061673092
gnn_naive,random_src,1,DoS,task1,fpr,0.0012952977678705906
gnn_naive,random_src,1,DoS,task1,detection_rate,0.9489674462893531
gnn_naive,random_src,1,DoS,task1,binary_f1,0.972538615189912
gnn_naive,random_src,1,DoS,task1,category_recall,0.9489674462893531
gnn_naive,random_src,1,DoS,task2,n,25000.0
gnn_naive,random_src,1,DoS,task2,n_benign,24976.0
gnn_naive,random_src,1,DoS,task2,n_attack,24.0
gnn_naive,random_src,1,DoS,task2,accuracy,0.99868
gnn_naive,random_src,1,DoS,task2,macro_f1,0.4996697820561571
gnn_naive,random_src,1,DoS,task2,fpr,0.00036034593209481104
gnn_naive,random_src,1,DoS,task2,detection_rate,0.0
gnn_naive,random_src,1,DoS,task2,binary_f1,0.0
gnn_naive,random_src,1,DoS,task2,category_recall,0.0
gnn_naive,random_src,1,DoS,task3,n,45000.0
gnn_naive,random_src,1,DoS,task3,n_benign,28566.0
gnn_naive,random_src,1,DoS,task3,n_attack,16434.0
gnn_naive,random_src,1,DoS,task3,accuracy,0.6344666666666666
gnn_naive,random_src,1,DoS,task3,macro_f1,0.3881796304604968
gnn_naive,random_src,1,DoS,task3,fpr,0.0005250997689561017
gnn_naive,random_src,1,DoS,task3,detection_rate,0.0
gnn_naive,random_src,1,DoS,task3,binary_f1,0.0
gnn_naive,random_src,1,DoS,task3,category_recall,0.0
gnn_naive,random_src,1,DoS,task4,n,27642.0
gnn_naive,random_src,1,DoS,task4,n_benign,27569.0
gnn_naive,random_src,1,DoS,task4,n_attack,73.0
gnn_naive,random_src,1,DoS,task4,accuracy,0.995731133781926
gnn_naive,random_src,1,DoS,task4,macro_f1,0.498930500670703
gnn_naive,random_src,1,DoS,task4,fpr,0.0016322681272443688
gnn_naive,random_src,1,DoS,task4,detection_rate,0.0
gnn_naive,random_src,1,DoS,task4,binary_f1,0.0
gnn_naive,random_src,1,DoS,task4,category_recall,0.0
gnn_naive,random_src,1,DoS,task5,n,55000.0
gnn_naive,random_src,1,DoS,task5,n_benign,25723.0
gnn_naive,random_src,1,DoS,task5,n_attack,29277.0
gnn_naive,random_src,1,DoS,task5,accuracy,0.4666727272727273
gnn_naive,random_src,1,DoS,task5,macro_f1,0.31818463560067933
gnn_naive,random_src,1,DoS,task5,fpr,0.0021770400031100572
gnn_naive,random_src,1,DoS,task5,detection_rate,0.0
gnn_naive,random_src,1,DoS,task5,binary_f1,0.0
gnn_naive,random_src,1,DoS,task5,category_recall,0.0
gnn_naive,random_src,1,DoS,task6,n,25000.0
gnn_naive,random_src,1,DoS,task6,n_benign,2841.0
gnn_naive,random_src,1,DoS,task6,n_attack,22159.0
gnn_naive,random_src,1,DoS,task6,accuracy,0.11364
gnn_naive,random_src,1,DoS,task6,macro_f1,0.10204374842857655
gnn_naive,random_src,1,DoS,task6,fpr,0.0
gnn_naive,random_src,1,DoS,task6,detection_rate,0.0
gnn_naive,random_src,1,DoS,task6,binary_f1,0.0
gnn_naive,random_src,1,DoS,task6,category_recall,0.0
gnn_naive,random_src,1,DoS,seen,n,238702.0
gnn_naive,random_src,1,DoS,seen,n_benign,203816.0
gnn_naive,random_src,1,DoS,seen,n_attack,34886.0
gnn_naive,random_src,1,DoS,seen,accuracy,0.9816968437633534
gnn_naive,random_src,1,DoS,seen,macro_f1,0.6477103449783919
gnn_naive,random_src,1,DoS,seen,fpr,0.006741374573144405
gnn_naive,random_src,1,DoS,seen,detection_rate,0.914148942269105
gnn_naive,random_src,1,DoS,seen,binary_f1,0.9358923566785521
gnn_naive,random_src,1,DoS,all,n,416344.0
gnn_naive,random_src,1,DoS,all,n_benign,313491.0
gnn_naive,random_src,1,DoS,all,n_attack,102853.0
gnn_naive,random_src,1,DoS,all,accuracy,0.8259588225121534
gnn_naive,random_src,1,DoS,all,macro_f1,0.23099785961963482
gnn_naive,random_src,1,DoS,all,fpr,0.004781636474412343
gnn_naive,random_src,1,DoS,all,detection_rate,0.3100638775728467
gnn_naive,random_src,1,DoS,all,binary_f1,0.4681488223248167
gnn_naive,none,2,WebAttack,task0,n,138702.0
gnn_naive,none,2,WebAttack,task0,n_benign,137422.0
gnn_naive,none,2,WebAttack,task0,n_attack,1280.0
gnn_naive,none,2,WebAttack,task0,accuracy,0.9907715822410635
gnn_naive,none,2,WebAttack,task0,macro_f1,0.4999818085237981
gnn_naive,none,2,WebAttack,task0,fpr,0.0
gnn_naive,none,2,WebAttack,task0,detection_rate,0.9921875
gnn_naive,none,2,WebAttack,task0,binary_f1,0.996078431372549
gnn_naive,none,2,WebAttack,task0,category_recall,0.0
gnn_naive,none,2,WebAttack,task1,n,100000.0
gnn_naive,none,2,WebAttack,task1,n_benign,66394.0
gnn_naive,none,2,WebAttack,task1,n_attack,33606.0
gnn_naive,none,2,WebAttack,task1,accuracy,0.9767
gnn_naive,none,2,WebAttack,task1,macro_f1,0.9776296353228093
gnn_naive,none,2,WebAttack,task1,fpr,0.00012049281561586891
gnn_naive,none,2,WebAttack,task1,detection_rate,0.964530143426769
gnn_naive,none,2,WebAttack,task1,binary_f1,0.9818258920457987
gnn_naive,none,2,WebAttack,task1,category_recall,0.9309051955008034
gnn_naive,none,2,WebAttack,task2,n,25000.0
gnn_naive,none,2,WebAttack,task2,n_benign,24976.0
gnn_naive,none,2,WebAttack,task2,n_attack,24.0
gnn_naive,none,2,WebAttack,task2,accuracy,0.99904
gnn_naive,none,2,WebAttack,task2,macro_f1,0.8330929872349516
gnn_naive,none,2,WebAttack,task2,fpr,0.0009609224855861628
gnn_naive,none,2,WebAttack,task2,detection_rate,1.0
gnn_naive,none,2,WebAttack,task2,binary_f1,0.6666666666666666
gnn_naive,none,2,WebAttack,task2,category_recall,1.0
gnn_naive,none,2,WebAttack,task3,n,45000.0
gnn_naive,none,2,WebAttack,task3,n_benign,28566.0
gnn_naive,none,2,WebAttack,task3,n_attack,16434.0
gnn_naive,none,2,WebAttack,task3,accuracy,0.6346222222222222
gnn_naive,none,2,WebAttack,task3,macro_f1,0.38823785312270587
gnn_naive,none,2,WebAttack,task3,fpr,0.0002800532101099209
gnn_naive,none,2,WebAttack,task3,detection_rate,0.0
gnn_naive,none,2,WebAttack,task3,binary_f1,0.0
gnn_naive,none,2,WebAttack,task3,category_recall,0.0
gnn_naive,none,2,WebAttack,task4,n,27642.0
gnn_naive,none,2,WebAttack,task4,n_benign,27569.0
gnn_naive,none,2,WebAttack,task4,n_attack,73.0
gnn_naive,none,2,WebAttack,task4,accuracy,0.9973590912379712
gnn_naive,none,2,WebAttack,task4,macro_f1,0.4993388998569126
gnn_naive,none,2,WebAttack,task4,fpr,0.0
gnn_naive,none,2,WebAttack,task4,detection_rate,0.0
gnn_naive,none,2,WebAttack,task4,binary_f1,0.0
gnn_naive,none,2,WebAttack,task4,category_recall,0.0
gnn_naive,none,2,WebAttack,task5,n,55000.0
gnn_naive,none,2,WebAttack,task5,n_benign,25723.0
gnn_naive,none,2,WebAttack,task5,n_attack,29277.0
gnn_naive,none,2,WebAttack,task5,accuracy,0.4676909090909091
gnn_naive,none,2,WebAttack,task5,macro_f1,0.31865763165392763
gnn_naive,none,2,WebAttack,task5,fpr,0.0
gnn_naive,none,2,WebAttack,task5,detection_rate,0.0
gnn_naive,none,2,WebAttack,task5,binary_f1,0.0
gnn_naive,none,2,WebAttack,task5,category_recall,0.0
gnn_naive,none,2,WebAttack,task6,n,25000.0
gnn_naive,none,2,WebAttack,task6,n_benign,2841.0
gnn_naive,none,2,WebAttack,task6,n_attack,22159.0
gnn_naive,none,2,WebAttack,task6,accuracy,0.1136
gnn_naive,none,2,WebAttack,task6,macro_f1,0.12178387650085763
gnn_naive,none,2,WebAttack,task6,fpr,0.00035198873636043646
gnn_naive,none,2,WebAttack,task6,detection_rate,0.20398032402184213
gnn_naive,none,2,WebAttack,task6,binary_f1,0.33883058470764615
gnn_naive,none,2,WebAttack,task6,category_recall,0.0
gnn_naive,none,2,WebAttack,seen,n,263702.0
gnn_naive,none,2,WebAttack,seen,n_benign,228792.0
gnn_naive,none,2,WebAttack,seen,n_attack,34910.0
gnn_naive,none,2,WebAttack,seen,accuracy,0.9862192929898143
gnn_naive,none,2,WebAttack,seen,macro_f1,0.49522032751644596
gnn_naive,none,2,WebAttack,seen,fpr,0.0001398650302458128
gnn_naive,none,2,WebAttack,seen,detection_rate,0.9655686049842452
gnn_naive,none,2,WebAttack,seen,binary_f1,0.9820247632920612
gnn_naive,none,2,WebAttack,all,n,416344.0
gnn_naive,none,2,WebAttack,all,n_benign,313491.0
gnn_naive,none,2,WebAttack,all,n_attack,102853.0
gnn_naive,none,2,WebAttack,all,accuracy,0.8280604500124896
gnn_naive,none,2,WebAttack,all,macro_f1,0.2284005674498284
gnn_naive,none,2,WebAttack,all,fpr,0.0001307852538031395
gnn_naive,none,2,WebAttack,all,detection_rate,0.37167608139772296
gnn_naive,none,2,WebAttack,all,binary_f1,0.5417723671716671
gnn_naive,permute,2,WebAttack,task0,n,138702.0
gnn_naive,permute,2,WebAttack,task0,n_benign,137422.0
gnn_naive,permute,2,WebAttack,task0,n_attack,1280.0
gnn_naive,permute,2,WebAttack,task0,accuracy,0.9907715822410635
gnn_naive,permute,2,WebAttack,task0,macro_f1,0.4999818085237981
gnn_naive,permute,2,WebAttack,task0,fpr,0.0
gnn_naive,permute,2,WebAttack,task0,detection_rate,0.9921875
gnn_naive,permute,2,WebAttack,task0,binary_f1,0.996078431372549
gnn_naive,permute,2,WebAttack,task0,category_recall,0.0
gnn_naive,permute,2,WebAttack,task1,n,100000.0
gnn_naive,permute,2,WebAttack,task1,n_benign,66394.0
gnn_naive,permute,2,WebAttack,task1,n_attack,33606.0
gnn_naive,permute,2,WebAttack,task1,accuracy,0.9767
gnn_naive,permute,2,WebAttack,task1,macro_f1,0.9776296353228093
gnn_naive,permute,2,WebAttack,task1,fpr,0.00012049281561586891
gnn_naive,permute,2,WebAttack,task1,detection_rate,0.964530143426769
gnn_naive,permute,2,WebAttack,task1,binary_f1,0.9818258920457987
gnn_naive,permute,2,WebAttack,task1,category_recall,0.9309051955008034
gnn_naive,permute,2,WebAttack,task2,n,25000.0
gnn_naive,permute,2,WebAttack,task2,n_benign,24976.0
gnn_naive,permute,2,WebAttack,task2,n_attack,24.0
gnn_naive,permute,2,WebAttack,task2,accuracy,0.99904
gnn_naive,permute,2,WebAttack,task2,macro_f1,0.8330929872349516
gnn_naive,permute,2,WebAttack,task2,fpr,0.0009609224855861628
gnn_naive,permute,2,WebAttack,task2,detection_rate,1.0
gnn_naive,permute,2,WebAttack,task2,binary_f1,0.6666666666666666
gnn_naive,permute,2,WebAttack,task2,category_recall,1.0
gnn_naive,permute,2,WebAttack,task3,n,45000.0
gnn_naive,permute,2,WebAttack,task3,n_benign,28566.0
gnn_naive,permute,2,WebAttack,task3,n_attack,16434.0
gnn_naive,permute,2,WebAttack,task3,accuracy,0.6346222222222222
gnn_naive,permute,2,WebAttack,task3,macro_f1,0.38823785312270587
gnn_naive,permute,2,WebAttack,task3,fpr,0.0002800532101099209
gnn_naive,permute,2,WebAttack,task3,detection_rate,0.0
gnn_naive,permute,2,WebAttack,task3,binary_f1,0.0
gnn_naive,permute,2,WebAttack,task3,category_recall,0.0
gnn_naive,permute,2,WebAttack,task4,n,27642.0
gnn_naive,permute,2,WebAttack,task4,n_benign,27569.0
gnn_naive,permute,2,WebAttack,task4,n_attack,73.0
gnn_naive,permute,2,WebAttack,task4,accuracy,0.9973590912379712
gnn_naive,permute,2,WebAttack,task4,macro_f1,0.4993388998569126
gnn_naive,permute,2,WebAttack,task4,fpr,0.0
gnn_naive,permute,2,WebAttack,task4,detection_rate,0.0
gnn_naive,permute,2,WebAttack,task4,binary_f1,0.0
gnn_naive,permute,2,WebAttack,task4,category_recall,0.0
gnn_naive,permute,2,WebAttack,task5,n,55000.0
gnn_naive,permute,2,WebAttack,task5,n_benign,25723.0
gnn_naive,permute,2,WebAttack,task5,n_attack,29277.0
gnn_naive,permute,2,WebAttack,task5,accuracy,0.4676909090909091
gnn_naive,permute,2,WebAttack,task5,macro_f1,0.31865763165392763
gnn_naive,permute,2,WebAttack,task5,fpr,0.0
gnn_naive,permute,2,WebAttack,task5,detection_rate,0.0
gnn_naive,permute,2,WebAttack,task5,binary_f1,0.0
gnn_naive,permute,2,WebAttack,task5,category_recall,0.0
gnn_naive,permute,2,WebAttack,task6,n,25000.0
gnn_naive,permute,2,WebAttack,task6,n_benign,2841.0
gnn_naive,permute,2,WebAttack,task6,n_attack,22159.0
gnn_naive,permute,2,WebAttack,task6,accuracy,0.1136
gnn_naive,permute,2,WebAttack,task6,macro_f1,0.12178387650085763
gnn_naive,permute,2,WebAttack,task6,fpr,0.00035198873636043646
gnn_naive,permute,2,WebAttack,task6,detection_rate,0.20398032402184213
gnn_naive,permute,2,WebAttack,task6,binary_f1,0.33883058470764615
gnn_naive,permute,2,WebAttack,task6,category_recall,0.0
gnn_naive,permute,2,WebAttack,seen,n,263702.0
gnn_naive,permute,2,WebAttack,seen,n_benign,228792.0
gnn_naive,permute,2,WebAttack,seen,n_attack,34910.0
gnn_naive,permute,2,WebAttack,seen,accuracy,0.9862192929898143
gnn_naive,permute,2,WebAttack,seen,macro_f1,0.49522032751644596
gnn_naive,permute,2,WebAttack,seen,fpr,0.0001398650302458128
gnn_naive,permute,2,WebAttack,seen,detection_rate,0.9655686049842452
gnn_naive,permute,2,WebAttack,seen,binary_f1,0.9820247632920612
gnn_naive,permute,2,WebAttack,all,n,416344.0
gnn_naive,permute,2,WebAttack,all,n_benign,313491.0
gnn_naive,permute,2,WebAttack,all,n_attack,102853.0
gnn_naive,permute,2,WebAttack,all,accuracy,0.8280604500124896
gnn_naive,permute,2,WebAttack,all,macro_f1,0.2284005674498284
gnn_naive,permute,2,WebAttack,all,fpr,0.0001307852538031395
gnn_naive,permute,2,WebAttack,all,detection_rate,0.37167608139772296
gnn_naive,permute,2,WebAttack,all,binary_f1,0.5417723671716671
gnn_naive,random_src,2,WebAttack,task0,n,138702.0
gnn_naive,random_src,2,WebAttack,task0,n_benign,137422.0
gnn_naive,random_src,2,WebAttack,task0,n_attack,1280.0
gnn_naive,random_src,2,WebAttack,task0,accuracy,0.9907715822410635
gnn_naive,random_src,2,WebAttack,task0,macro_f1,0.4976822007503875
gnn_naive,random_src,2,WebAttack,task0,fpr,0.0
gnn_naive,random_src,2,WebAttack,task0,detection_rate,0.0
gnn_naive,random_src,2,WebAttack,task0,binary_f1,0.0
gnn_naive,random_src,2,WebAttack,task0,category_recall,0.0
gnn_naive,random_src,2,WebAttack,task1,n,100000.0
gnn_naive,random_src,2,WebAttack,task1,n_benign,66394.0
gnn_naive,random_src,2,WebAttack,task1,n_attack,33606.0
gnn_naive,random_src,2,WebAttack,task1,accuracy,0.95132
gnn_naive,random_src,2,WebAttack,task1,macro_f1,0.9492012815729592
gnn_naive,random_src,2,WebAttack,task1,fpr,1.5061601951983614e-05
gnn_naive,random_src,2,WebAttack,task1,detection_rate,0.9048086651193239
gnn_naive,random_src,2,WebAttack,task1,binary_f1,0.9500109351079451
gnn_naive,random_src,2,WebAttack,task1,category_recall,0.8551746711896685
gnn_naive,random_src,2,WebAttack,task2,n,25000.0
gnn_naive,random_src,2,WebAttack,task2,n_benign,24976.0
gnn_naive,random_src,2,WebAttack,task2,n_attack,24.0
gnn_naive,random_src,2,WebAttack,task2,accuracy,0.99904
gnn_naive,random_src,2,WebAttack,task2,macro_f1,0.4997598847446774
gnn_naive,random_src,2,WebAttack,task2,fpr,0.0
gnn_naive,random_src,2,WebAttack,task2,detection_rate,0.0
gnn_naive,random_src,2,WebAttack,task2,binary_f1,0.0
gnn_naive,random_src,2,WebAttack,task2,category_recall,0.0
gnn_naive,random_src,2,WebAttack,task3,n,45000.0
gnn_naive,random_src,2,WebAttack,task3,n_benign,28566.0
gnn_naive,random_src,2,WebAttack,task3,n_attack,16434.0
gnn_naive,random_src,2,WebAttack,task3,accuracy,0.6348
gnn_naive,random_src,2,WebAttack,task3,macro_f1,0.3883043797406411
gnn_naive,random_src,2,WebAttack,task3,fpr,0.0
gnn_naive,random_src,2,WebAttack,task3,detection_rate,0.0
gnn_naive,random_src,2,WebAttack,task3,binary_f1,0.0
gnn_naive,random_src,2,WebAttack,task3,category_recall,0.0
gnn_naive,random_src,2,WebAttack,task4,n,27642.0
gnn_naive,random_src,2,WebAttack,task4,n_benign,27569.0
gnn_naive,random_src,2,WebAttack,task4,n_attack,73.0
gnn_naive,random_src,2,WebAttack,task4,accuracy,0.9973590912379712
gnn_naive,random_src,2,WebAttack,task4,macro_f1,0.4993388998569126
gnn_naive,random_src,2,WebAttack,task4,fpr,0.0
gnn_naive,random_src,2,WebAttack,task4,detection_rate,0.0
gnn_naive,random_src,2,WebAttack,task4,binary_f1,0.0
gnn_naive,random_src,2,WebAttack,task4,category_recall,0.0
gnn_naive,random_src,2,WebAttack,task5,n,55000.0
gnn_naive,random_src,2,WebAttack,task5,n_benign,25723.0
gnn_naive,random_src,2,WebAttack,task5,n_attack,29277.0
gnn_naive,random_src,2,WebAttack,task5,accuracy,0.46701818181818183
gnn_naive,random_src,2,WebAttack,task5,macro_f1,0.31834518999578615
gnn_naive,random_src,2,WebAttack,task5,fpr,0.0014384014306262878
gnn_naive,random_src,2,WebAttack,task5,detection_rate,0.0
gnn_naive,random_src,2,WebAttack,task5,binary_f1,0.0
gnn_naive,random_src,2,WebAttack,task5,category_recall,0.0
gnn_naive,random_src,2,WebAttack,task6,n,25000.0
gnn_naive,random_src,2,WebAttack,task6,n_benign,2841.0
gnn_naive,random_src,2,WebAttack,task6,n_attack,22159.0
gnn_naive,random_src,2,WebAttack,task6,accuracy,0.11364
gnn_naive,random_src,2,WebAttack,task6,macro_f1,0.10204374842857655
gnn_naive,random_src,2,WebAttack,task6,fpr,0.0
gnn_naive,random_src,2,WebAttack,task6,detection_rate,0.0
gnn_naive,random_src,2,WebAttack,task6,binary_f1,0.0
gnn_naive,random_src,2,WebAttack,task6,category_recall,0.0
gnn_naive,random_src,2,WebAttack,seen,n,263702.0
gnn_naive,random_src,2,WebAttack,seen,n_benign,228792.0
gnn_naive,random_src,2,WebAttack,seen,n_attack,34910.0
gnn_naive,random_src,2,WebAttack,seen,accuracy,0.9765947926068062
gnn_naive,random_src,2,WebAttack,seen,macro_f1,0.47804682348806543
gnn_naive,random_src,2,WebAttack,seen,fpr,4.37078219518165e-06
gnn_naive,random_src,2,WebAttack,seen,detection_rate,0.8710111715840734
gnn_naive,random_src,2,WebAttack,seen,binary_f1,0.9310450411831348
gnn_naive,random_src,2,WebAttack,all,n,416344.0
gnn_naive,random_src,2,WebAttack,all,n_benign,313491.0
gnn_naive,random_src,2,WebAttack,all,n_attack,102853.0
gnn_naive,random_src,2,WebAttack,all,accuracy,0.8218972772515035
gnn_naive,random_src,2,WebAttack,all,macro_f1,0.22721858680452794
gnn_naive,random_src,2,WebAttack,all,fpr,0.00012121560108583659
gnn_naive,random_src,2,WebAttack,all,detection_rate,0.2956355186528346
gnn_naive,random_src,2,WebAttack,all,binary_f1,0.4562258998634638
gnn_naive,none,3,Infiltration,task0,n,138702.0
gnn_naive,none,3,Infiltration,task0,n_benign,137422.0
gnn_naive,none,3,Infiltration,task0,n_attack,1280.0
gnn_naive,none,3,Infiltration,task0,accuracy,0.9905408717970902
gnn_naive,none,3,Infiltration,task0,macro_f1,0.4988834219938634
gnn_naive,none,3,Infiltration,task0,fpr,0.00023285936749574304
gnn_naive,none,3,Infiltration,task0,detection_rate,0.54453125
gnn_naive,none,3,Infiltration,task0,binary_f1,0.6938775510204082
gnn_naive,none,3,Infiltration,task0,category_recall,0.0
gnn_naive,none,3,Infiltration,task1,n,100000.0
gnn_naive,none,3,Infiltration,task1,n_benign,66394.0
gnn_naive,none,3,Infiltration,task1,n_attack,33606.0
gnn_naive,none,3,Infiltration,task1,accuracy,0.92754
gnn_naive,none,3,Infiltration,task1,macro_f1,0.9303850284895487
gnn_naive,none,3,Infiltration,task1,fpr,0.01216977437720276
gnn_naive,none,3,Infiltration,task1,detection_rate,0.8896030470749271
gnn_naive,none,3,Infiltration,task1,binary_f1,0.929746540195926
gnn_naive,none,3,Infiltration,task1,category_recall,0.8084270665952509
gnn_naive,none,3,Infiltration,task2,n,25000.0
gnn_naive,none,3,Infiltration,task2,n_benign,24976.0
gnn_naive,none,3,Infiltration,task2,n_attack,24.0
gnn_naive,none,3,Infiltration,task2,accuracy,0.9976
gnn_naive,none,3,Infiltration,task2,macro_f1,0.49943928228132006
gnn_naive,none,3,Infiltration,task2,fpr,0.0014413837283792441
gnn_naive,none,3,Infiltration,task2,detection_rate,0.16666666666666666
gnn_naive,none,3,Infiltration,task2,binary_f1,0.125
gnn_naive,none,3,Infiltration,task2,category_recall,0.0
gnn_naive,none,3,Infiltration,task3,n,45000.0
gnn_naive,none,3,Infiltration,task3,n_benign,28566.0
gnn_naive,none,3,Infiltration,task3,n_attack,16434.0
gnn_naive,none,3,Infiltration,task3,accuracy,0.9982666666666666
gnn_naive,none,3,Infiltration,task3,macro_f1,0.998132106293842
gnn_naive,none,3,Infiltration,task3,fpr,0.0023104389834068474
gnn_naive,none,3,Infiltration,task3,detection_rate,0.9992698064987222
gnn_naive,none,3,Infiltration,task3,binary_f1,0.9976307636231092
gnn_naive,none,3,Infiltration,task3,category_recall,0.9992698064987222
gnn_naive,none,3,Infiltration,task4,n,27642.0
gnn_naive,none,3,Infiltration,task4,n_benign,27569.0
gnn_naive,none,3,Infiltration,task4,n_attack,73.0
gnn_naive,none,3,Infiltration,task4,accuracy,0.9973590912379712
gnn_naive,none,3,Infiltration,task4,macro_f1,0.4993388998569126
gnn_naive,none,3,Infiltration,task4,fpr,0.0
gnn_naive,none,3,Infiltration,task4,detection_rate,0.0
gnn_naive,none,3,Infiltration,task4,binary_f1,0.0
gnn_naive,none,3,Infiltration,task4,category_recall,0.0
gnn_naive,none,3,Infiltration,task5,n,55000.0
gnn_naive,none,3,Infiltration,task5,n_benign,25723.0
gnn_naive,none,3,Infiltration,task5,n_attack,29277.0
gnn_naive,none,3,Infiltration,task5,accuracy,0.4675818181818182
gnn_naive,none,3,Infiltration,task5,macro_f1,0.4999416796267496
gnn_naive,none,3,Infiltration,task5,fpr,0.00023325428604750612
gnn_naive,none,3,Infiltration,task5,detection_rate,1.0
gnn_naive,none,3,Infiltration,task5,binary_f1,0.9998975409836065
gnn_naive,none,3,Infiltration,task5,category_recall,0.0
gnn_naive,none,3,Infiltration,task6,n,25000.0
gnn_naive,none,3,Infiltration,task6,n_benign,2841.0
gnn_naive,none,3,Infiltration,task6,n_attack,22159.0
gnn_naive,none,3,Infiltration,task6,accuracy,0.11332
gnn_naive,none,3,Infiltration,task6,macro_f1,0.10178565012754644
gnn_naive,none,3,Infiltration,task6,fpr,0.0028159098908834917
gnn_naive,none,3,Infiltration,task6,detection_rate,0.0
gnn_naive,none,3,Infiltration,task6,binary_f1,0.0
gnn_naive,none,3,Infiltration,task6,category_recall,0.0
gnn_naive,none,3,Infiltration,seen,n,308702.0
gnn_naive,none,3,Infiltration,seen,n_benign,257358.0
gnn_naive,none,3,Infiltration,seen,n_attack,51344.0
gnn_naive,none,3,Infiltration,seen,accuracy,0.9718304384163368
gnn_naive,none,3,Infiltration,seen,macro_f1,0.5532326809181513
gnn_naive,none,3,Infiltration,seen,fpr,0.003660270906674749
gnn_naive,none,3,Infiltration,seen,detection_rate,0.9157642567778124
gnn_naive,none,3,Infiltration,seen,binary_f1,0.9469613816021348
gnn_naive,none,3,Infiltration,all,n,416344.0
gnn_naive,none,3,Infiltration,all,n_benign,313491.0
gnn_naive,none,3,Infiltration,all,n_attack,102853.0
gnn_naive,none,3,Infiltration,all,accuracy,0.855362392636858
gnn_naive,none,3,Infiltration,all,macro_f1,0.2932084343121475
gnn_naive,none,3,Infiltration,all,fpr,0.0030495293325805205
gnn_naive,none,3,Infiltration,all,detection_rate,0.7417965445830457
gnn_naive,none,3,Infiltration,all,binary_f1,0.847239110518864
gnn_naive,permute,3,Infiltration,task0,n,138702.0
gnn_naive,permute,3,Infiltration,task0,n_benign,137422.0
gnn_naive,permute,3,Infiltration,task0,n_attack,1280.0
gnn_naive,permute,3,Infiltration,task0,accuracy,0.9905408717970902
gnn_naive,permute,3,Infiltration,task0,macro_f1,0.4988834219938634
gnn_naive,permute,3,Infiltration,task0,fpr,0.00023285936749574304
gnn_naive,permute,3,Infiltration,task0,detection_rate,0.54453125
gnn_naive,permute,3,Infiltration,task0,binary_f1,0.6938775510204082
gnn_naive,permute,3,Infiltration,task0,category_recall,0.0
gnn_naive,permute,3,Infiltration,task1,n,100000.0
gnn_naive,permute,3,Infiltration,task1,n_benign,66394.0
gnn_naive,permute,3,Infiltration,task1,n_attack,33606.0
gnn_naive,permute,3,Infiltration,task1,accuracy,0.92754
gnn_naive,permute,3,Infiltration,task1,macro_f1,0.9303850284895487
gnn_naive,permute,3,Infiltration,task1,fpr,0.01216977437720276
gnn_naive,permute,3,Infiltration,task1,detection_rate,0.8896030470749271
gnn_naive,permute,3,Infiltration,task1,binary_f1,0.929746540195926
gnn_naive,permute,3,Infiltration,task1,category_recall,0.8084270665952509
gnn_naive,permute,3,Infiltration,task2,n,25000.0
gnn_naive,permute,3,Infiltration,task2,n_benign,24976.0
gnn_naive,permute,3,Infiltration,task2,n_attack,24.0
gnn_naive,permute,3,Infiltration,task2,accuracy,0.9976
gnn_naive,permute,3,Infiltration,task2,macro_f1,0.49943928228132006
gnn_naive,permute,3,Infiltration,task2,fpr,0.0014413837283792441
gnn_naive,permute,3,Infiltration,task2,detection_rate,0.16666666666666666
gnn_naive,permute,3,Infiltration,task2,binary_f1,0.125
gnn_naive,permute,3,Infiltration,task2,category_recall,0.0
gnn_naive,permute,3,Infiltration,task3,n,45000.0
gnn_naive,permute,3,Infiltration,task3,n_benign,28566.0
gnn_naive,permute,3,Infiltration,task3,n_attack,16434.0
gnn_naive,permute,3,Infiltration,task3,accuracy,0.9982666666666666
gnn_naive,permute,3,Infiltration,task3,macro_f1,0.998132106293842
gnn_naive,permute,3,Infiltration,task3,fpr,0.0023104389834068474
gnn_naive,permute,3,Infiltration,task3,detection_rate,0.9992698064987222
gnn_naive,permute,3,Infiltration,task3,binary_f1,0.9976307636231092
gnn_naive,permute,3,Infiltration,task3,category_recall,0.9992698064987222
gnn_naive,permute,3,Infiltration,task4,n,27642.0
gnn_naive,permute,3,Infiltration,task4,n_benign,27569.0
gnn_naive,permute,3,Infiltration,task4,n_attack,73.0
gnn_naive,permute,3,Infiltration,task4,accuracy,0.9973590912379712
gnn_naive,permute,3,Infiltration,task4,macro_f1,0.4993388998569126
gnn_naive,permute,3,Infiltration,task4,fpr,0.0
gnn_naive,permute,3,Infiltration,task4,detection_rate,0.0
gnn_naive,permute,3,Infiltration,task4,binary_f1,0.0
gnn_naive,permute,3,Infiltration,task4,category_recall,0.0
gnn_naive,permute,3,Infiltration,task5,n,55000.0
gnn_naive,permute,3,Infiltration,task5,n_benign,25723.0
gnn_naive,permute,3,Infiltration,task5,n_attack,29277.0
gnn_naive,permute,3,Infiltration,task5,accuracy,0.4675818181818182
gnn_naive,permute,3,Infiltration,task5,macro_f1,0.4999416796267496
gnn_naive,permute,3,Infiltration,task5,fpr,0.00023325428604750612
gnn_naive,permute,3,Infiltration,task5,detection_rate,1.0
gnn_naive,permute,3,Infiltration,task5,binary_f1,0.9998975409836065
gnn_naive,permute,3,Infiltration,task5,category_recall,0.0
gnn_naive,permute,3,Infiltration,task6,n,25000.0
gnn_naive,permute,3,Infiltration,task6,n_benign,2841.0
gnn_naive,permute,3,Infiltration,task6,n_attack,22159.0
gnn_naive,permute,3,Infiltration,task6,accuracy,0.11332
gnn_naive,permute,3,Infiltration,task6,macro_f1,0.10178565012754644
gnn_naive,permute,3,Infiltration,task6,fpr,0.0028159098908834917
gnn_naive,permute,3,Infiltration,task6,detection_rate,0.0
gnn_naive,permute,3,Infiltration,task6,binary_f1,0.0
gnn_naive,permute,3,Infiltration,task6,category_recall,0.0
gnn_naive,permute,3,Infiltration,seen,n,308702.0
gnn_naive,permute,3,Infiltration,seen,n_benign,257358.0
gnn_naive,permute,3,Infiltration,seen,n_attack,51344.0
gnn_naive,permute,3,Infiltration,seen,accuracy,0.9718304384163368
gnn_naive,permute,3,Infiltration,seen,macro_f1,0.5532326809181513
gnn_naive,permute,3,Infiltration,seen,fpr,0.003660270906674749
gnn_naive,permute,3,Infiltration,seen,detection_rate,0.9157642567778124
gnn_naive,permute,3,Infiltration,seen,binary_f1,0.9469613816021348
gnn_naive,permute,3,Infiltration,all,n,416344.0
gnn_naive,permute,3,Infiltration,all,n_benign,313491.0
gnn_naive,permute,3,Infiltration,all,n_attack,102853.0
gnn_naive,permute,3,Infiltration,all,accuracy,0.855362392636858
gnn_naive,permute,3,Infiltration,all,macro_f1,0.2932084343121475
gnn_naive,permute,3,Infiltration,all,fpr,0.0030495293325805205
gnn_naive,permute,3,Infiltration,all,detection_rate,0.7417965445830457
gnn_naive,permute,3,Infiltration,all,binary_f1,0.847239110518864
gnn_naive,random_src,3,Infiltration,task0,n,138702.0
gnn_naive,random_src,3,Infiltration,task0,n_benign,137422.0
gnn_naive,random_src,3,Infiltration,task0,n_attack,1280.0
gnn_naive,random_src,3,Infiltration,task0,accuracy,0.9903966777696068
gnn_naive,random_src,3,Infiltration,task0,macro_f1,0.4975875858471703
gnn_naive,random_src,3,Infiltration,task0,fpr,0.0003783964721805824
gnn_naive,random_src,3,Infiltration,task0,detection_rate,0.0
gnn_naive,random_src,3,Infiltration,task0,binary_f1,0.0
gnn_naive,random_src,3,Infiltration,task0,category_recall,0.0
gnn_naive,random_src,3,Infiltration,task1,n,100000.0
gnn_naive,random_src,3,Infiltration,task1,n_benign,66394.0
gnn_naive,random_src,3,Infiltration,task1,n_attack,33606.0
gnn_naive,random_src,3,Infiltration,task1,accuracy,0.68866
gnn_naive,random_src,3,Infiltration,task1,macro_f1,0.47453754104287016
gnn_naive,random_src,3,Infiltration,task1,fpr,0.0006024640780793446
gnn_naive,random_src,3,Infiltration,task1,detection_rate,0.07474855680533238
gnn_naive,random_src,3,Infiltration,task1,binary_f1,0.13894573814923392
gnn_naive,random_src,3,Infiltration,task1,category_recall,0.07474855680533238
gnn_naive,random_src,3,Infiltration,task2,n,25000.0
gnn_naive,random_src,3,Infiltration,task2,n_benign,24976.0
gnn_naive,random_src,3,Infiltration,task2,n_attack,24.0
gnn_naive,random_src,3,Infiltration,task2,accuracy,0.99888
gnn_naive,random_src,3,Infiltration,task2,macro_f1,0.4997198431121428
gnn_naive,random_src,3,Infiltration,task2,fpr,0.00016015374759769378
gnn_naive,random_src,3,Infiltration,task2,detection_rate,0.0
gnn_naive,random_src,3,Infiltration,task2,binary_f1,0.0
gnn_naive,random_src,3,Infiltration,task2,category_recall,0.0
gnn_naive,random_src,3,Infiltration,task3,n,45000.0
gnn_naive,random_src,3,Infiltration,task3,n_benign,28566.0
gnn_naive,random_src,3,Infiltration,task3,n_attack,16434.0
gnn_naive,random_src,3,Infiltration,task3,accuracy,0.8749555555555556
gnn_naive,random_src,3,Infiltration,task3,macro_f1,0.8519617220362752
gnn_naive,random_src,3,Infiltration,task3,fpr,0.0004200798151648813
gnn_naive,random_src,3,Infiltration,task3,detection_rate,0.6583302908604114
gnn_naive,random_src,3,Infiltration,task3,binary_f1,0.793618191821016
gnn_naive,random_src,3,Infiltration,task3,category_recall,0.6583302908604114
gnn_naive,random_src,3,Infiltration,task4,n,27642.0
gnn_naive,random_src,3,Infiltration,task4,n_benign,27569.0
gnn_naive,random_src,3,Infiltration,task4,n_attack,73.0
gnn_naive,random_src,3,Infiltration,task4,accuracy,0.9965993777584835
gnn_naive,random_src,3,Infiltration,task4,macro_f1,0.499148396448632
gnn_naive,random_src,3,Infiltration,task4,fpr,0.0007617251260473721
gnn_naive,random_src,3,Infiltration,task4,detection_rate,0.0
gnn_naive,random_src,3,Infiltration,task4,binary_f1,0.0
gnn_naive,random_src,3,Infiltration,task4,category_recall,0.0
gnn_naive,random_src,3,Infiltration,task5,n,55000.0
gnn_naive,random_src,3,Infiltration,task5,n_benign,25723.0
gnn_naive,random_src,3,Infiltration,task5,n_attack,29277.0
gnn_naive,random_src,3,Infiltration,task5,accuracy,0.46747272727272726
gnn_naive,random_src,3,Infiltration,task5,macro_f1,0.497080658881757
gnn_naive,random_src,3,Infiltration,task5,fpr,0.00046650857209501223
gnn_naive,random_src,3,Infiltration,task5,detection_rate,0.9900946135191447
gnn_naive,random_src,3,Infiltration,task5,binary_f1,0.9948177637449379
gnn_naive,random_src,3,Infiltration,task5,category_recall,0.0
gnn_naive,random_src,3,Infiltration,task6,n,25000.0
gnn_naive,random_src,3,Infiltration,task6,n_benign,2841.0
gnn_naive,random_src,3,Infiltration,task6,n_attack,22159.0
gnn_naive,random_src,3,Infiltration,task6,accuracy,0.1136
gnn_naive,random_src,3,Infiltration,task6,macro_f1,0.10201149425287356
gnn_naive,random_src,3,Infiltration,task6,fpr,0.00035198873636043646
gnn_naive,random_src,3,Infiltration,task6,detection_rate,0.0
gnn_naive,random_src,3,Infiltration,task6,binary_f1,0.0
gnn_naive,random_src,3,Infiltration,task6,category_recall,0.0
gnn_naive,random_src,3,Infiltration,seen,n,308702.0
gnn_naive,random_src,3,Infiltration,seen,n_benign,257358.0
gnn_naive,random_src,3,Infiltration,seen,n_attack,51344.0
gnn_naive,random_src,3,Infiltration,seen,accuracy,0.876511975950917
gnn_naive,random_src,3,Infiltration,seen,macro_f1,0.37219022172405763
gnn_naive,random_src,3,Infiltration,seen,fpr,0.0004196488937588884
gnn_naive,random_src,3,Infiltration,seen,detection_rate,0.25964085384855096
gnn_naive,random_src,3,Infiltration,seen,binary_f1,0.4115585879011469
gnn_naive,random_src,3,Infiltration,all,n,416344.0
gnn_naive,random_src,3,Infiltration,all,n_benign,313491.0
gnn_naive,random_src,3,Infiltration,all,n_attack,102853.0
gnn_naive,random_src,3,Infiltration,all,accuracy,0.7846396249255423
gnn_naive,random_src,3,Infiltration,all,macro_f1,0.17932513466080216
gnn_naive,random_src,3,Infiltration,all,fpr,0.00045296356195233673
gnn_naive,random_src,3,Infiltration,all,detection_rate,0.41144157195220366
gnn_naive,random_src,3,Infiltration,all,binary_f1,0.582439286230413
gnn_naive,none,4,Botnet,task0,n,138702.0
gnn_naive,none,4,Botnet,task0,n_benign,137422.0
gnn_naive,none,4,Botnet,task0,n_attack,1280.0
gnn_naive,none,4,Botnet,task0,accuracy,0.9905408717970902
gnn_naive,none,4,Botnet,task0,macro_f1,0.4976239804123263
gnn_naive,none,4,Botnet,task0,fpr,0.00023285936749574304
gnn_naive,none,4,Botnet,task0,detection_rate,0.0
gnn_naive,none,4,Botnet,task0,binary_f1,0.0
gnn_naive,none,4,Botnet,task0,category_recall,0.0
gnn_naive,none,4,Botnet,task1,n,100000.0
gnn_naive,none,4,Botnet,task1,n_benign,66394.0
gnn_naive,none,4,Botnet,task1,n_attack,33606.0
gnn_naive,none,4,Botnet,task1,accuracy,0.66338
gnn_naive,none,4,Botnet,task1,macro_f1,0.3988144621192993
gnn_naive,none,4,Botnet,task1,fpr,0.0008434497093110823
gnn_naive,none,4,Botnet,task1,detection_rate,0.0
gnn_naive,none,4,Botnet,task1,binary_f1,0.0
gnn_naive,none,4,Botnet,task1,category_recall,0.0
gnn_naive,none,4,Botnet,task2,n,25000.0
gnn_naive,none,4,Botnet,task2,n_benign,24976.0
gnn_naive,none,4,Botnet,task2,n_attack,24.0
gnn_naive,none,4,Botnet,task2,accuracy,0.999
gnn_naive,none,4,Botnet,task2,macro_f1,0.49974987493746875
gnn_naive,none,4,Botnet,task2,fpr,4.0038436899423444e-05
gnn_naive,none,4,Botnet,task2,detection_rate,0.0
gnn_naive,none,4,Botnet,task2,binary_f1,0.0
gnn_naive,none,4,Botnet,task2,category_recall,0.0
gnn_naive,none,4,Botnet,task3,n,45000.0
gnn_naive,none,4,Botnet,task3,n_benign,28566.0
gnn_naive,none,4,Botnet,task3,n_attack,16434.0
gnn_naive,none,4,Botnet,task3,accuracy,0.6349333333333333
gnn_naive,none,4,Botnet,task3,macro_f1,0.3891629262622
gnn_naive,none,4,Botnet,task3,fpr,0.0002800532101099209
gnn_naive,none,4,Botnet,task3,detection_rate,0.0008518924181574784
gnn_naive,none,4,Botnet,task3,binary_f1,0.001701507049100632
gnn_naive,none,4,Botnet,task3,category_recall,0.0008518924181574784
gnn_naive,none,4,Botnet,task4,n,27642.0
gnn_naive,none,4,Botnet,task4,n_benign,27569.0
gnn_naive,none,4,Botnet,task4,n_attack,73.0
gnn_naive,none,4,Botnet,task4,accuracy,0.9990594023587295
gnn_naive,none,4,Botnet,task4,macro_f1,0.8932069534682048
gnn_naive,none,4,Botnet,task4,fpr,3.627262504987486e-05
gnn_naive,none,4,Botnet,task4,detection_rate,0.6575342465753424
gnn_naive,none,4,Botnet,task4,binary_f1,0.7868852459016393
gnn_naive,none,4,Botnet,task4,category_recall,0.6575342465753424
gnn_naive,none,4,Botnet,task5,n,55000.0
gnn_naive,none,4,Botnet,task5,n_benign,25723.0
gnn_naive,none,4,Botnet,task5,n_attack,29277.0
gnn_naive,none,4,Botnet,task5,accuracy,0.4673818181818182
gnn_naive,none,4,Botnet,task5,macro_f1,0.3185141129531881
gnn_naive,none,4,Botnet,task5,fpr,0.0006608871438012673
gnn_naive,none,4,Botnet,task5,detection_rate,0.0
gnn_naive,none,4,Botnet,task5,binary_f1,0.0
gnn_naive,none,4,Botnet,task5,category_recall,0.0
gnn_naive,none,4,Botnet,task6,n,25000.0
gnn_naive,none,4,Botnet,task6,n_benign,2841.0
gnn_naive,none,4,Botnet,task6,n_attack,22159.0
gnn_naive,none,4,Botnet,task6,accuracy,0.1136
gnn_naive,none,4,Botnet,task6,macro_f1,0.10201149425287356
gnn_naive,none,4,Botnet,task6,fpr,0.00035198873636043646
gnn_naive,none,4,Botnet,task6,detection_rate,0.0
gnn_naive,none,4,Botnet,task6,binary_f1,0.0
gnn_naive,none,4,Botnet,task6,category_recall,0.0
gnn_naive,none,4,Botnet,seen,n,336344.0
gnn_naive,none,4,Botnet,seen,n_benign,284927.0
gnn_naive,none,4,Botnet,seen,n_attack,51417.0
gnn_naive,none,4,Botnet,seen,accuracy,0.8470226910543966
gnn_naive,none,4,Botnet,seen,macro_f1,0.22620303895788618
gnn_naive,none,4,Botnet,seen,fpr,0.00034394774801966817
gnn_naive,none,4,Botnet,seen,detection_rate,0.0012058268666005406
gnn_naive,none,4,Botnet,seen,binary_f1,0.0024041724024274386
gnn_naive,none,4,Botnet,all,n,416344.0
gnn_naive,none,4,Botnet,all,n_benign,313491.0
gnn_naive,none,4,Botnet,all,n_attack,102853.0
gnn_naive,none,4,Botnet,all,accuracy,0.7528317929404531
gnn_naive,none,4,Botnet,all,macro_f1,0.15821635820018212
gnn_naive,none,4,Botnet,all,fpr,0.0003700265717357117
gnn_naive,none,4,Botnet,all,detection_rate,0.0006028020573050859
gnn_naive,none,4,Botnet,all,binary_f1,0.0012035212702972893
gnn_naive,permute,4,Botnet,task0,n,138702.0
gnn_naive,permute,4,Botnet,task0,n_benign,137422.0
gnn_naive,permute,4,Botnet,task0,n_attack,1280.0
gnn_naive,permute,4,Botnet,task0,accuracy,0.9905408717970902
gnn_naive,permute,4,Botnet,task0,macro_f1,0.4976239804123263
gnn_naive,permute,4,Botnet,task0,fpr,0.00023285936749574304
gnn_naive,permute,4,Botnet,task0,detection_rate,0.0
gnn_naive,permute,4,Botnet,task0,binary_f1,0.0
gnn_naive,permute,4,Botnet,task0,category_recall,0.0
gnn_naive,permute,4,Botnet,task1,n,100000.0
gnn_naive,permute,4,Botnet,task1,n_benign,66394.0
gnn_naive,permute,4,Botnet,task1,n_attack,33606.0
gnn_naive,permute,4,Botnet,task1,accuracy,0.66338
gnn_naive,permute,4,Botnet,task1,macro_f1,0.3988144621192993
gnn_naive,permute,4,Botnet,task1,fpr,0.0008434497093110823
gnn_naive,permute,4,Botnet,task1,detection_rate,0.0
gnn_naive,permute,4,Botnet,task1,binary_f1,0.0
gnn_naive,permute,4,Botnet,task1,category_recall,0.0
gnn_naive,permute,4,Botnet,task2,n,25000.0
gnn_naive,permute,4,Botnet,task2,n_benign,24976.0
gnn_naive,permute,4,Botnet,task2,n_attack,24.0
gnn_naive,permute,4,Botnet,task2,accuracy,0.999
gnn_naive,permute,4,Botnet,task2,macro_f1,0.49974987493746875
gnn_naive,permute,4,Botnet,task2,fpr,4.0038436899423444e-05
gnn_naive,permute,4,Botnet,task2,detection_rate,0.0
gnn_naive,permute,4,Botnet,task2,binary_f1,0.0
gnn_naive,permute,4,Botnet,task2,category_recall,0.0
gnn_naive,permute,4,Botnet,task3,n,45000.0
gnn_naive,permute,4,Botnet,task3,n_benign,28566.0
gnn_naive,permute,4,Botnet,task3,n_attack,16434.0
gnn_naive,permute,4,Botnet,task3,accuracy,0.6349333333333333
gnn_naive,permute,4,Botnet,task3,macro_f1,0.3891629262622
gnn_naive,permute,4,Botnet,task3,fpr,0.0002800532101099209
gnn_naive,permute,4,Botnet,task3,detection_rate,0.0008518924181574784
gnn_naive,permute,4,Botnet,task3,binary_f1,0.001701507049100632
gnn_naive,permute,4,Botnet,task3,category_recall,0.0008518924181574784
gnn_naive,permute,4,Botnet,task4,n,27642.0
gnn_naive,permute,4,Botnet,task4,n_benign,27569.0
gnn_naive,permute,4,Botnet,task4,n_attack,73.0
gnn_naive,permute,4,Botnet,task4,accuracy,0.9990594023587295
gnn_naive,permute,4,Botnet,task4,macro_f1,0.8932069534682048
gnn_naive,permute,4,Botnet,task4,fpr,3.627262504987486e-05
gnn_naive,permute,4,Botnet,task4,detection_rate,0.6575342465753424
gnn_naive,permute,4,Botnet,task4,binary_f1,0.7868852459016393
gnn_naive,permute,4,Botnet,task4,category_recall,0.6575342465753424
gnn_naive,permute,4,Botnet,task5,n,55000.0
gnn_naive,permute,4,Botnet,task5,n_benign,25723.0
gnn_naive,permute,4,Botnet,task5,n_attack,29277.0
gnn_naive,permute,4,Botnet,task5,accuracy,0.4673818181818182
gnn_naive,permute,4,Botnet,task5,macro_f1,0.3185141129531881
gnn_naive,permute,4,Botnet,task5,fpr,0.0006608871438012673
gnn_naive,permute,4,Botnet,task5,detection_rate,0.0
gnn_naive,permute,4,Botnet,task5,binary_f1,0.0
gnn_naive,permute,4,Botnet,task5,category_recall,0.0
gnn_naive,permute,4,Botnet,task6,n,25000.0
gnn_naive,permute,4,Botnet,task6,n_benign,2841.0
gnn_naive,permute,4,Botnet,task6,n_attack,22159.0
gnn_naive,permute,4,Botnet,task6,accuracy,0.1136
gnn_naive,permute,4,Botnet,task6,macro_f1,0.10201149425287356
gnn_naive,permute,4,Botnet,task6,fpr,0.00035198873636043646
gnn_naive,permute,4,Botnet,task6,detection_rate,0.0
gnn_naive,permute,4,Botnet,task6,binary_f1,0.0
gnn_naive,permute,4,Botnet,task6,category_recall,0.0
gnn_naive,permute,4,Botnet,seen,n,336344.0
gnn_naive,permute,4,Botnet,seen,n_benign,284927.0
gnn_naive,permute,4,Botnet,seen,n_attack,51417.0
gnn_naive,permute,4,Botnet,seen,accuracy,0.8470226910543966
gnn_naive,permute,4,Botnet,seen,macro_f1,0.22620303895788618
gnn_naive,permute,4,Botnet,seen,fpr,0.00034394774801966817
gnn_naive,permute,4,Botnet,seen,detection_rate,0.0012058268666005406
gnn_naive,permute,4,Botnet,seen,binary_f1,0.0024041724024274386
gnn_naive,permute,4,Botnet,all,n,416344.0
gnn_naive,permute,4,Botnet,all,n_benign,313491.0
gnn_naive,permute,4,Botnet,all,n_attack,102853.0
gnn_naive,permute,4,Botnet,all,accuracy,0.7528317929404531
gnn_naive,permute,4,Botnet,all,macro_f1,0.15821635820018212
gnn_naive,permute,4,Botnet,all,fpr,0.0003700265717357117
gnn_naive,permute,4,Botnet,all,detection_rate,0.0006028020573050859
gnn_naive,permute,4,Botnet,all,binary_f1,0.0012035212702972893
gnn_naive,random_src,4,Botnet,task0,n,138702.0
gnn_naive,random_src,4,Botnet,task0,n_benign,137422.0
gnn_naive,random_src,4,Botnet,task0,n_attack,1280.0
gnn_naive,random_src,4,Botnet,task0,accuracy,0.9896612882294415
gnn_naive,random_src,4,Botnet,task0,macro_f1,0.49740189150994674
gnn_naive,random_src,4,Botnet,task0,fpr,0.0011206357060732635
gnn_naive,random_src,4,Botnet,task0,detection_rate,0.0
gnn_naive,random_src,4,Botnet,task0,binary_f1,0.0
gnn_naive,random_src,4,Botnet,task0,category_recall,0.0
gnn_naive,random_src,4,Botnet,task1,n,100000.0
gnn_naive,random_src,4,Botnet,task1,n_benign,66394.0
gnn_naive,random_src,4,Botnet,task1,n_attack,33606.0
gnn_naive,random_src,4,Botnet,task1,accuracy,0.66293
gnn_naive,random_src,4,Botnet,task1,macro_f1,0.3986517772846722
gnn_naive,random_src,4,Botnet,task1,fpr,0.001521221797150345
gnn_naive,random_src,4,Botnet,task1,detection_rate,0.0
gnn_naive,random_src,4,Botnet,task1,binary_f1,0.0
gnn_naive,random_src,4,Botnet,task1,category_recall,0.0
gnn_naive,random_src,4,Botnet,task2,n,25000.0
gnn_naive,random_src,4,Botnet,task2,n_benign,24976.0
gnn_naive,random_src,4,Botnet,task2,n_attack,24.0
gnn_naive,random_src,4,Botnet,task2,accuracy,0.99804
gnn_naive,random_src,4,Botnet,task2,macro_f1,0.4995095193289424
gnn_naive,random_src,4,Botnet,task2,fpr,0.0010009609224855861
gnn_naive,random_src,4,Botnet,task2,detection_rate,0.0
gnn_naive,random_src,4,Botnet,task2,binary_f1,0.0
gnn_naive,random_src,4,Botnet,task2,category_recall,0.0
gnn_naive,random_src,4,Botnet,task3,n,45000.0
gnn_naive,random_src,4,Botnet,task3,n_benign,28566.0
gnn_naive,random_src,4,Botnet,task3,n_attack,16434.0
gnn_naive,random_src,4,Botnet,task3,accuracy,0.6341555555555556
gnn_naive,random_src,4,Botnet,task3,macro_f1,0.3880631518827257
gnn_naive,random_src,4,Botnet,task3,fpr,0.0010151928866484632
gnn_naive,random_src,4,Botnet,task3,detection_rate,0.0
gnn_naive,random_src,4,Botnet,task3,binary_f1,0.0
gnn_naive,random_src,4,Botnet,task3,category_recall,0.0
gnn_naive,random_src,4,Botnet,task4,n,27642.0
gnn_naive,random_src,4,Botnet,task4,n_benign,27569.0
gnn_naive,random_src,4,Botnet,task4,n_attack,73.0
gnn_naive,random_src,4,Botnet,task4,accuracy,0.9992041096881557
gnn_naive,random_src,4,Botnet,task4,macro_f1,0.9343242304542109
gnn_naive,random_src,4,Botnet,task4,fpr,0.000797997751097247
gnn_naive,random_src,4,Botnet,task4,detection_rate,1.0
gnn_naive,random_src,4,Botnet,task4,binary_f1,0.8690476190476191
gnn_naive,random_src,4,Botnet,task4,category_recall,1.0
gnn_naive,random_src,4,Botnet,task5,n,55000.0
gnn_naive,random_src,4,Botnet,task5,n_benign,25723.0
gnn_naive,random_src,4,Botnet,task5,n_attack,29277.0
gnn_naive,random_src,4,Botnet,task5,accuracy,0.4668
gnn_naive,random_src,4,Botnet,task5,macro_f1,0.31824379601854375
gnn_naive,random_src,4,Botnet,task5,fpr,0.0019049100027213
gnn_naive,random_src,4,Botnet,task5,detection_rate,0.0
gnn_naive,random_src,4,Botnet,task5,binary_f1,0.0
gnn_naive,random_src,4,Botnet,task5,category_recall,0.0
gnn_naive,random_src,4,Botnet,task6,n,25000.0
gnn_naive,random_src,4,Botnet,task6,n_benign,2841.0
gnn_naive,random_src,4,Botnet,task6,n_attack,22159.0
gnn_naive,random_src,4,Botnet,task6,accuracy,0.11364
gnn_naive,random_src,4,Botnet,task6,macro_f1,0.10204374842857655
gnn_naive,random_src,4,Botnet,task6,fpr,0.0
gnn_naive,random_src,4,Botnet,task6,detection_rate,0.0
gnn_naive,random_src,4,Botnet,task6,binary_f1,0.0
gnn_naive,random_src,4,Botnet,task6,category_recall,0.0
gnn_naive,random_src,4,Botnet,seen,n,336344.0
gnn_naive,random_src,4,Botnet,seen,n_benign,284927.0
gnn_naive,random_src,4,Botnet,seen,n_attack,51417.0
gnn_naive,random_src,4,Botnet,seen,accuracy,0.8463626525224175
gnn_naive,random_src,4,Botnet,seen,macro_f1,0.2038082131123964
gnn_naive,random_src,4,Botnet,seen,fpr,0.00116170106729092
gnn_naive,random_src,4,Botnet,seen,detection_rate,0.0014197638913199914
gnn_naive,random_src,4,Botnet,seen,binary_f1,0.002817390633141005
gnn_naive,random_src,4,Botnet,all,n,416344.0
gnn_naive,random_src,4,Botnet,all,n_benign,313491.0
gnn_naive,random_src,4,Botnet,all,n_attack,102853.0
gnn_naive,random_src,4,Botnet,all,accuracy,0.7522241223603559
gnn_naive,random_src,4,Botnet,all,macro_f1,0.14201646702667697
gnn_naive,random_src,4,Botnet,all,fpr,0.001212156010858366
gnn_naive,random_src,4,Botnet,all,detection_rate,0.0007097508094076012
gnn_naive,random_src,4,Botnet,all,binary_f1,0.0014132770603837144
gnn_naive,none,5,PortScan,task0,n,138702.0
gnn_naive,none,5,PortScan,task0,n_benign,137422.0
gnn_naive,none,5,PortScan,task0,n_attack,1280.0
gnn_naive,none,5,PortScan,task0,accuracy,0.9905985494080836
gnn_naive,none,5,PortScan,task0,macro_f1,0.49889797859863544
gnn_naive,none,5,PortScan,task0,fpr,0.00017464452562180729
gnn_naive,none,5,PortScan,task0,detection_rate,0.54453125
gnn_naive,none,5,PortScan,task0,binary_f1,0.6966516741629185
gnn_naive,none,5,PortScan,task0,category_recall,0.0
gnn_naive,none,5,PortScan,task1,n,100000.0
gnn_naive,none,5,PortScan,task1,n_benign,66394.0
gnn_naive,none,5,PortScan,task1,n_attack,33606.0
gnn_naive,none,5,PortScan,task1,accuracy,0.65528
gnn_naive,none,5,PortScan,task1,macro_f1,0.40777109858243415
gnn_naive,none,5,PortScan,task1,fpr,0.013043347290417808
gnn_naive,none,5,PortScan,task1,detection_rate,0.14372433494018924
gnn_naive,none,5,PortScan,task1,binary_f1,0.24578901837056638
gnn_naive,none,5,PortScan,task1,category_recall,0.0
gnn_naive,none,5,PortScan,task2,n,25000.0
gnn_naive,none,5,PortScan,task2,n_benign,24976.0
gnn_naive,none,5,PortScan,task2,n_attack,24.0
gnn_naive,none,5,PortScan,task2,accuracy,0.97904
gnn_naive,none,5,PortScan,task2,macro_f1,0.49470450319346754
gnn_naive,none,5,PortScan,task2,fpr,0.020019218449711725
gnn_naive,none,5,PortScan,task2,detection_rate,0.0
gnn_naive,none,5,PortScan,task2,binary_f1,0.0
gnn_naive,none,5,PortScan,task2,category_recall,0.0
gnn_naive,none,5,PortScan,task3,n,45000.0
gnn_naive,none,5,PortScan,task3,n_benign,28566.0
gnn_naive,none,5,PortScan,task3,n_attack,16434.0
gnn_naive,none,5,PortScan,task3,accuracy,0.6280888888888889
gnn_naive,none,5,PortScan,task3,macro_f1,0.497220463021603
gnn_naive,none,5,PortScan,task3,fpr,0.010572008681649514
gnn_naive,none,5,PortScan,task3,detection_rate,0.9991481075818425
gnn_naive,none,5,PortScan,task3,binary_f1,0.9904692966582217
gnn_naive,none,5,PortScan,task3,category_recall,0.0
gnn_naive,none,5,PortScan,task4,n,27642.0
gnn_naive,none,5,PortScan,task4,n_benign,27569.0
gnn_naive,none,5,PortScan,task4,n_attack,73.0
gnn_naive,none,5,PortScan,task4,accuracy,0.997214383908545
gnn_naive,none,5,PortScan,task4,macro_f1,0.4993026246671618
gnn_naive,none,5,PortScan,task4,fpr,0.00014509050019949945
gnn_naive,none,5,PortScan,task4,detection_rate,0.0
gnn_naive,none,5,PortScan,task4,binary_f1,0.0
gnn_naive,none,5,PortScan,task4,category_recall,0.0
gnn_naive,none,5,PortScan,task5,n,55000.0
gnn_naive,none,5,PortScan,task5,n_benign,25723.0
gnn_naive,none,5,PortScan,task5,n_attack,29277.0
gnn_naive,none,5,PortScan,task5,accuracy,0.9999454545454546
gnn_naive,none,5,PortScan,task5,macro_f1,0.9999452254475117
gnn_naive,none,5,PortScan,task5,fpr,0.00011662714302375306
gnn_naive,none,5,PortScan,task5,detection_rate,1.0
gnn_naive,none,5,PortScan,task5,binary_f1,0.9999487678672063
gnn_naive,none,5,PortScan,task5,category_recall,1.0
gnn_naive,none,5,PortScan,task6,n,25000.0
gnn_naive,none,5,PortScan,task6,n_benign,2841.0
gnn_naive,none,5,PortScan,task6,n_attack,22159.0
gnn_naive,none,5,PortScan,task6,accuracy,0.11364
gnn_naive,none,5,PortScan,task6,macro_f1,0.10229727783378943
gnn_naive,none,5,PortScan,task6,fpr,0.0
gnn_naive,none,5,PortScan,task6,detection_rate,0.003113858928652015
gnn_naive,none,5,PortScan,task6,binary_f1,0.006208385819686881
gnn_naive,none,5,PortScan,task6,category_recall,0.0
gnn_naive,none,5,PortScan,seen,n,391344.0
gnn_naive,none,5,PortScan,seen,n_benign,310650.0
gnn_naive,none,5,PortScan,seen,n_attack,80694.0
gnn_naive,none,5,PortScan,seen,accuracy,0.8642728647941453
gnn_naive,none,5,PortScan,seen,macro_f1,0.23775926081786233
gnn_naive,none,5,PortScan,seen,fpr,0.005469177530983422
gnn_naive,none,5,PortScan,seen,detection_rate,0.6347931692566982
gnn_naive,none,5,PortScan,seen,binary_f1,0.7667287845109529
gnn_naive,none,5,PortScan,all,n,416344.0
gnn_naive,none,5,PortScan,all,n_benign,313491.0
gnn_naive,none,5,PortScan,all,n_attack,102853.0
gnn_naive,none,5,PortScan,all,accuracy,0.819199988471072
gnn_naive,none,5,PortScan,all,macro_f1,0.20413136816322902
gnn_naive,none,5,PortScan,all,fpr,0.005419613322232536
gnn_naive,none,5,PortScan,all,detection_rate,0.49870203105402855
gnn_naive,none,5,PortScan,all,binary_f1,0.6582566011100773
gnn_naive,permute,5,PortScan,task0,n,138702.0
gnn_naive,permute,5,PortScan,task0,n_benign,137422.0
gnn_naive,permute,5,PortScan,task0,n_attack,1280.0
gnn_naive,permute,5,PortScan,task0,accuracy,0.9905985494080836
gnn_naive,permute,5,PortScan,task0,macro_f1,0.49889797859863544
gnn_naive,permute,5,PortScan,task0,fpr,0.00017464452562180729
gnn_naive,permute,5,PortScan,task0,detection_rate,0.54453125
gnn_naive,permute,5,PortScan,task0,binary_f1,0.6966516741629185
gnn_naive,permute,5,PortScan,task0,category_recall,0.0
gnn_naive,permute,5,PortScan,task1,n,100000.0
gnn_naive,permute,5,PortScan,task1,n_benign,66394.0
gnn_naive,permute,5,PortScan,task1,n_attack,33606.0
gnn_naive,permute,5,PortScan,task1,accuracy,0.65528
gnn_naive,permute,5,PortScan,task1,macro_f1,0.40777109858243415
gnn_naive,permute,5,PortScan,task1,fpr,0.013043347290417808
gnn_naive,permute,5,PortScan,task1,detection_rate,0.14372433494018924
gnn_naive,permute,5,PortScan,task1,binary_f1,0.24578901837056638
gnn_naive,permute,5,PortScan,task1,category_recall,0.0
gnn_naive,permute,5,PortScan,task2,n,25000.0
gnn_naive,permute,5,PortScan,task2,n_benign,24976.0
gnn_naive,permute,5,PortScan,task2,n_attack,24.0
gnn_naive,permute,5,PortScan,task2,accuracy,0.97904
gnn_naive,permute,5,PortScan,task2,macro_f1,0.49470450319346754
gnn_naive,permute,5,PortScan,task2,fpr,0.020019218449711725
gnn_naive,permute,5,PortScan,task2,detection_rate,0.0
gnn_naive,permute,5,PortScan,task2,binary_f1,0.0
gnn_naive,permute,5,PortScan,task2,category_recall,0.0
gnn_naive,permute,5,PortScan,task3,n,45000.0
gnn_naive,permute,5,PortScan,task3,n_benign,28566.0
gnn_naive,permute,5,PortScan,task3,n_attack,16434.0
gnn_naive,permute,5,PortScan,task3,accuracy,0.6280888888888889
gnn_naive,permute,5,PortScan,task3,macro_f1,0.497220463021603
gnn_naive,permute,5,PortScan,task3,fpr,0.010572008681649514
gnn_naive,permute,5,PortScan,task3,detection_rate,0.9991481075818425
gnn_naive,permute,5,PortScan,task3,binary_f1,0.9904692966582217
gnn_naive,permute,5,PortScan,task3,category_recall,0.0
gnn_naive,permute,5,PortScan,task4,n,27642.0
gnn_naive,permute,5,PortScan,task4,n_benign,27569.0
gnn_naive,permute,5,PortScan,task4,n_attack,73.0
gnn_naive,permute,5,PortScan,task4,accuracy,0.997214383908545
gnn_naive,permute,5,PortScan,task4,macro_f1,0.4993026246671618
gnn_naive,permute,5,PortScan,task4,fpr,0.00014509050019949945
gnn_naive,permute,5,PortScan,task4,detection_rate,0.0
gnn_naive,permute,5,PortScan,task4,binary_f1,0.0
gnn_naive,permute,5,PortScan,task4,category_recall,0.0
gnn_naive,permute,5,PortScan,task5,n,55000.0
gnn_naive,permute,5,PortScan,task5,n_benign,25723.0
gnn_naive,permute,5,PortScan,task5,n_attack,29277.0
gnn_naive,permute,5,PortScan,task5,accuracy,0.9999454545454546
gnn_naive,permute,5,PortScan,task5,macro_f1,0.9999452254475117
gnn_naive,permute,5,PortScan,task5,fpr,0.00011662714302375306
gnn_naive,permute,5,PortScan,task5,detection_rate,1.0
gnn_naive,permute,5,PortScan,task5,binary_f1,0.9999487678672063
gnn_naive,permute,5,PortScan,task5,category_recall,1.0
gnn_naive,permute,5,PortScan,task6,n,25000.0
gnn_naive,permute,5,PortScan,task6,n_benign,2841.0
gnn_naive,permute,5,PortScan,task6,n_attack,22159.0
gnn_naive,permute,5,PortScan,task6,accuracy,0.11364
gnn_naive,permute,5,PortScan,task6,macro_f1,0.10229727783378943
gnn_naive,permute,5,PortScan,task6,fpr,0.0
gnn_naive,permute,5,PortScan,task6,detection_rate,0.003113858928652015
gnn_naive,permute,5,PortScan,task6,binary_f1,0.006208385819686881
gnn_naive,permute,5,PortScan,task6,category_recall,0.0
gnn_naive,permute,5,PortScan,seen,n,391344.0
gnn_naive,permute,5,PortScan,seen,n_benign,310650.0
gnn_naive,permute,5,PortScan,seen,n_attack,80694.0
gnn_naive,permute,5,PortScan,seen,accuracy,0.8642728647941453
gnn_naive,permute,5,PortScan,seen,macro_f1,0.23775926081786233
gnn_naive,permute,5,PortScan,seen,fpr,0.005469177530983422
gnn_naive,permute,5,PortScan,seen,detection_rate,0.6347931692566982
gnn_naive,permute,5,PortScan,seen,binary_f1,0.7667287845109529
gnn_naive,permute,5,PortScan,all,n,416344.0
gnn_naive,permute,5,PortScan,all,n_benign,313491.0
gnn_naive,permute,5,PortScan,all,n_attack,102853.0
gnn_naive,permute,5,PortScan,all,accuracy,0.819199988471072
gnn_naive,permute,5,PortScan,all,macro_f1,0.20413136816322902
gnn_naive,permute,5,PortScan,all,fpr,0.005419613322232536
gnn_naive,permute,5,PortScan,all,detection_rate,0.49870203105402855
gnn_naive,permute,5,PortScan,all,binary_f1,0.6582566011100773
gnn_naive,random_src,5,PortScan,task0,n,138702.0
gnn_naive,random_src,5,PortScan,task0,n_benign,137422.0
gnn_naive,random_src,5,PortScan,task0,n_attack,1280.0
gnn_naive,random_src,5,PortScan,task0,accuracy,0.9907715822410635
gnn_naive,random_src,5,PortScan,task0,macro_f1,0.4976822007503875
gnn_naive,random_src,5,PortScan,task0,fpr,0.0
gnn_naive,random_src,5,PortScan,task0,detection_rate,0.0
gnn_naive,random_src,5,PortScan,task0,binary_f1,0.0
gnn_naive,random_src,5,PortScan,task0,category_recall,0.0
gnn_naive,random_src,5,PortScan,task1,n,100000.0
gnn_naive,random_src,5,PortScan,task1,n_benign,66394.0
gnn_naive,random_src,5,PortScan,task1,n_attack,33606.0
gnn_naive,random_src,5,PortScan,task1,accuracy,0.66394
gnn_naive,random_src,5,PortScan,task1,macro_f1,0.3990167914708463
gnn_naive,random_src,5,PortScan,task1,fpr,0.0
gnn_naive,random_src,5,PortScan,task1,detection_rate,0.0
gnn_naive,random_src,5,PortScan,task1,binary_f1,0.0
gnn_naive,random_src,5,PortScan,task1,category_recall,0.0
gnn_naive,random_src,5,PortScan,task2,n,25000.0
gnn_naive,random_src,5,PortScan,task2,n_benign,24976.0
gnn_naive,random_src,5,PortScan,task2,n_attack,24.0
gnn_naive,random_src,5,PortScan,task2,accuracy,0.99904
gnn_naive,random_src,5,PortScan,task2,macro_f1,0.4997598847446774
gnn_naive,random_src,5,PortScan,task2,fpr,0.0
gnn_naive,random_src,5,PortScan,task2,detection_rate,0.0
gnn_naive,random_src,5,PortScan,task2,binary_f1,0.0
gnn_naive,random_src,5,PortScan,task2,category_recall,0.0
gnn_naive,random_src,5,PortScan,task3,n,45000.0
gnn_naive,random_src,5,PortScan,task3,n_benign,28566.0
gnn_naive,random_src,5,PortScan,task3,n_attack,16434.0
gnn_naive,random_src,5,PortScan,task3,accuracy,0.6348
gnn_naive,random_src,5,PortScan,task3,macro_f1,0.38832021532563926
gnn_naive,random_src,5,PortScan,task3,fpr,0.0
gnn_naive,random_src,5,PortScan,task3,detection_rate,0.00018254837531945966
gnn_naive,random_src,5,PortScan,task3,binary_f1,0.0003650301149844862
gnn_naive,random_src,5,PortScan,task3,category_recall,0.0
gnn_naive,random_src,5,PortScan,task4,n,27642.0
gnn_naive,random_src,5,PortScan,task4,n_benign,27569.0
gnn_naive,random_src,5,PortScan,task4,n_attack,73.0
gnn_naive,random_src,5,PortScan,task4,accuracy,0.9973590912379712
gnn_naive,random_src,5,PortScan,task4,macro_f1,0.4993388998569126
gnn_naive,random_src,5,PortScan,task4,fpr,0.0
gnn_naive,random_src,5,PortScan,task4,detection_rate,0.0
gnn_naive,random_src,5,PortScan,task4,binary_f1,0.0
gnn_naive,random_src,5,PortScan,task4,category_recall,0.0
gnn_naive,random_src,5,PortScan,task5,n,55000.0
gnn_naive,random_src,5,PortScan,task5,n_benign,25723.0
gnn_naive,random_src,5,PortScan,task5,n_attack,29277.0
gnn_naive,random_src,5,PortScan,task5,accuracy,0.4676909090909091
gnn_naive,random_src,5,PortScan,task5,macro_f1,0.31865763165392763
gnn_naive,random_src,5,PortScan,task5,fpr,0.0
gnn_naive,random_src,5,PortScan,task5,detection_rate,0.0
gnn_naive,random_src,5,PortScan,task5,binary_f1,0.0
gnn_naive,random_src,5,PortScan,task5,category_recall,0.0
gnn_naive,random_src,5,PortScan,task6,n,25000.0
gnn_naive,random_src,5,PortScan,task6,n_benign,2841.0
gnn_naive,random_src,5,PortScan,task6,n_attack,22159.0
gnn_naive,random_src,5,PortScan,task6,accuracy,0.11364
gnn_naive,random_src,5,PortScan,task6,macro_f1,0.10204374842857655
gnn_naive,random_src,5,PortScan,task6,fpr,0.0
gnn_naive,random_src,5,PortScan,task6,detection_rate,0.0
gnn_naive,random_src,5,PortScan,task6,binary_f1,0.0
gnn_naive,random_src,5,PortScan,task6,category_recall,0.0
gnn_naive,random_src,5,PortScan,seen,n,391344.0
gnn_naive,random_src,5,PortScan,seen,n_benign,310650.0
gnn_naive,random_src,5,PortScan,seen,n_attack,80694.0
gnn_naive,random_src,5,PortScan,seen,accuracy,0.7938028946400099
gnn_naive,random_src,5,PortScan,seen,macro_f1,0.1264362974128484
gnn_naive,random_src,5,PortScan,seen,fpr,0.0
gnn_naive,random_src,5,PortScan,seen,detection_rate,3.71774853148933e-05
gnn_naive,random_src,5,PortScan,seen,binary_f1,7.435220640172497e-05
gnn_naive,random_src,5,PortScan,all,n,416344.0
gnn_naive,random_src,5,PortScan,all,n_benign,313491.0
gnn_naive,random_src,5,PortScan,all,n_attack,102853.0
gnn_naive,random_src,5,PortScan,all,accuracy,0.7529614933804738
gnn_naive,random_src,5,PortScan,all,macro_f1,0.10738464468535225
gnn_naive,random_src,5,PortScan,all,fpr,0.0
gnn_naive,random_src,5,PortScan,all,detection_rate,2.9167841482504157e-05
gnn_naive,random_src,5,PortScan,all,binary_f1,5.8333981488683206e-05
gnn_naive,none,6,DDoS,task0,n,138702.0
gnn_naive,none,6,DDoS,task0,n_benign,137422.0
gnn_naive,none,6,DDoS,task0,n_attack,1280.0
gnn_naive,none,6,DDoS,task0,accuracy,0.9905408717970902
gnn_naive,none,6,DDoS,task0,macro_f1,0.4988834219938634
gnn_naive,none,6,DDoS,task0,fpr,0.00023285936749574304
gnn_naive,none,6,DDoS,task0,detection_rate,0.54453125
gnn_naive,none,6,DDoS,task0,binary_f1,0.6938775510204082
gnn_naive,none,6,DDoS,task0,category_recall,0.0
gnn_naive,none,6,DDoS,task1,n,100000.0
gnn_naive,none,6,DDoS,task1,n_benign,66394.0
gnn_naive,none,6,DDoS,task1,n_attack,33606.0
gnn_naive,none,6,DDoS,task1,accuracy,0.6539
gnn_naive,none,6,DDoS,task1,macro_f1,0.46339406566461866
gnn_naive,none,6,DDoS,task1,fpr,0.015121848359791547
gnn_naive,none,6,DDoS,task1,detection_rate,0.7224602749509016
gnn_naive,none,6,DDoS,task1,binary_f1,0.8245682555315933
gnn_naive,none,6,DDoS,task1,category_recall,0.0
gnn_naive,none,6,DDoS,task2,n,25000.0
gnn_naive,none,6,DDoS,task2,n_benign,24976.0
gnn_naive,none,6,DDoS,task2,n_attack,24.0
gnn_naive,none,6,DDoS,task2,accuracy,0.97808
gnn_naive,none,6,DDoS,task2,macro_f1,0.4946993606862507
gnn_naive,none,6,DDoS,task2,fpr,0.020980140935297886
gnn_naive,none,6,DDoS,task2,detection_rate,1.0
gnn_naive,none,6,DDoS,task2,binary_f1,0.08391608391608392
gnn_naive,none,6,DDoS,task2,category_recall,0.0
gnn_naive,none,6,DDoS,task3,n,45000.0
gnn_naive,none,6,DDoS,task3,n_benign,28566.0
gnn_naive,none,6,DDoS,task3,n_attack,16434.0
gnn_naive,none,6,DDoS,task3,accuracy,0.6288222222222222
gnn_naive,none,6,DDoS,task3,macro_f1,0.4169601414573049
gnn_naive,none,6,DDoS,task3,fpr,0.00941678918994609
gnn_naive,none,6,DDoS,task3,detection_rate,0.33053425824510163
gnn_naive,none,6,DDoS,task3,binary_f1,0.49080641517957985
gnn_naive,none,6,DDoS,task3,category_recall,0.0
gnn_naive,none,6,DDoS,task4,n,27642.0
gnn_naive,none,6,DDoS,task4,n_benign,27569.0
gnn_naive,none,6,DDoS,task4,n_attack,73.0
gnn_naive,none,6,DDoS,task4,accuracy,0.9973590912379712
gnn_naive,none,6,DDoS,task4,macro_f1,0.4993388998569126
gnn_naive,none,6,DDoS,task4,fpr,0.0
gnn_naive,none,6,DDoS,task4,detection_rate,0.0
gnn_naive,none,6,DDoS,task4,binary_f1,0.0
gnn_naive,none,6,DDoS,task4,category_recall,0.0
gnn_naive,none,6,DDoS,task5,n,55000.0
gnn_naive,none,6,DDoS,task5,n_benign,25723.0
gnn_naive,none,6,DDoS,task5,n_attack,29277.0
gnn_naive,none,6,DDoS,task5,accuracy,0.9212
gnn_naive,none,6,DDoS,task5,macro_f1,0.9213081913572405
gnn_naive,none,6,DDoS,task5,fpr,0.0
gnn_naive,none,6,DDoS,task5,detection_rate,0.8524780544454691
gnn_naive,none,6,DDoS,task5,binary_f1,0.920365077901724
gnn_naive,none,6,DDoS,task5,category_recall,0.8519657068688732
gnn_naive,none,6,DDoS,task6,n,25000.0
gnn_naive,none,6,DDoS,task6,n_benign,2841.0
gnn_naive,none,6,DDoS,task6,n_attack,22159.0
gnn_naive,none,6,DDoS,task6,accuracy,1.0
gnn_naive,none,6,DDoS,task6,macro_f1,1.0
gnn_naive,none,6,DDoS,task6,fpr,0.0
gnn_naive,none,6,DDoS,task6,detection_rate,1.0
gnn_naive,none,6,DDoS,task6,binary_f1,1.0
gnn_naive,none,6,DDoS,task6,category_recall,1.0
gnn_naive,none,6,DDoS,seen,n,416344.0
gnn_naive,none,6,DDoS,seen,n_benign,313491.0
gnn_naive,none,6,DDoS,seen,n_attack,102853.0
gnn_naive,none,6,DDoS,seen,accuracy,0.8617009011778721
gnn_naive,none,6,DDoS,seen,macro_f1,0.3023479712900988
gnn_naive,none,6,DDoS,seen,fpr,0.005834298273315662
gnn_naive,none,6,DDoS,seen,detection_rate,0.7539789797089049
gnn_naive,none,6,DDoS,seen,binary_f1,0.8511065625497308
gnn_naive,none,6,DDoS,all,n,416344.0
gnn_naive,none,6,DDoS,all,n_benign,313491.0
gnn_naive,none,6,DDoS,all,n_attack,102853.0
gnn_naive,none,6,DDoS,all,accuracy,0.8617009011778721
gnn_naive,none,6,DDoS,all,macro_f1,0.3023479712900988
gnn_naive,none,6,DDoS,all,fpr,0.005834298273315662
gnn_naive,none,6,DDoS,all,detection_rate,0.7539789797089049
gnn_naive,none,6,DDoS,all,binary_f1,0.8511065625497308
gnn_naive,permute,6,DDoS,task0,n,138702.0
gnn_naive,permute,6,DDoS,task0,n_benign,137422.0
gnn_naive,permute,6,DDoS,task0,n_attack,1280.0
gnn_naive,permute,6,DDoS,task0,accuracy,0.9905408717970902
gnn_naive,permute,6,DDoS,task0,macro_f1,0.4988834219938634
gnn_naive,permute,6,DDoS,task0,fpr,0.00023285936749574304
gnn_naive,permute,6,DDoS,task0,detection_rate,0.54453125
gnn_naive,permute,6,DDoS,task0,binary_f1,0.6938775510204082
gnn_naive,permute,6,DDoS,task0,category_recall,0.0
gnn_naive,permute,6,DDoS,task1,n,100000.0
gnn_naive,permute,6,DDoS,task1,n_benign,66394.0
gnn_naive,permute,6,DDoS,task1,n_attack,33606.0
gnn_naive,permute,6,DDoS,task1,accuracy,0.6539
gnn_naive,permute,6,DDoS,task1,macro_f1,0.46339406566461866
gnn_naive,permute,6,DDoS,task1,fpr,0.015121848359791547
gnn_naive,permute,6,DDoS,task1,detection_rate,0.7224602749509016
gnn_naive,permute,6,DDoS,task1,binary_f1,0.8245682555315933
gnn_naive,permute,6,DDoS,task1,category_recall,0.0
gnn_naive,permute,6,DDoS,task2,n,25000.0
gnn_naive,permute,6,DDoS,task2,n_benign,24976.0
gnn_naive,permute,6,DDoS,task2,n_attack,24.0
gnn_naive,permute,6,DDoS,task2,accuracy,0.97808
gnn_naive,permute,6,DDoS,task2,macro_f1,0.4946993606862507
gnn_naive,permute,6,DDoS,task2,fpr,0.020980140935297886
gnn_naive,permute,6,DDoS,task2,detection_rate,1.0
gnn_naive,permute,6,DDoS,task2,binary_f1,0.08391608391608392
gnn_naive,permute,6,DDoS,task2,category_recall,0.0
gnn_naive,permute,6,DDoS,task3,n,45000.0
gnn_naive,permute,6,DDoS,task3,n_benign,28566.0
gnn_naive,permute,6,DDoS,task3,n_attack,16434.0
gnn_naive,permute,6,DDoS,task3,accuracy,0.6288222222222222
gnn_naive,permute,6,DDoS,task3,macro_f1,0.4169601414573049
gnn_naive,permute,6,DDoS,task3,fpr,0.00941678918994609
gnn_naive,permute,6,DDoS,task3,detection_rate,0.33053425824510163
gnn_naive,permute,6,DDoS,task3,binary_f1,0.49080641517957985
gnn_naive,permute,6,DDoS,task3,category_recall,0.0
gnn_naive,permute,6,DDoS,task4,n,27642.0
gnn_naive,permute,6,DDoS,task4,n_benign,27569.0
gnn_naive,permute,6,DDoS,task4,n_attack,73.0
gnn_naive,permute,6,DDoS,task4,accuracy,0.9973590912379712
gnn_naive,permute,6,DDoS,task4,macro_f1,0.4993388998569126
gnn_naive,permute,6,DDoS,task4,fpr,0.0
gnn_naive,permute,6,DDoS,task4,detection_rate,0.0
gnn_naive,permute,6,DDoS,task4,binary_f1,0.0
gnn_naive,permute,6,DDoS,task4,category_recall,0.0
gnn_naive,permute,6,DDoS,task5,n,55000.0
gnn_naive,permute,6,DDoS,task5,n_benign,25723.0
gnn_naive,permute,6,DDoS,task5,n_attack,29277.0
gnn_naive,permute,6,DDoS,task5,accuracy,0.9212
gnn_naive,permute,6,DDoS,task5,macro_f1,0.9213081913572405
gnn_naive,permute,6,DDoS,task5,fpr,0.0
gnn_naive,permute,6,DDoS,task5,detection_rate,0.8524780544454691
gnn_naive,permute,6,DDoS,task5,binary_f1,0.920365077901724
gnn_naive,permute,6,DDoS,task5,category_recall,0.8519657068688732
gnn_naive,permute,6,DDoS,task6,n,25000.0
gnn_naive,permute,6,DDoS,task6,n_benign,2841.0
gnn_naive,permute,6,DDoS,task6,n_attack,22159.0
gnn_naive,permute,6,DDoS,task6,accuracy,1.0
gnn_naive,permute,6,DDoS,task6,macro_f1,1.0
gnn_naive,permute,6,DDoS,task6,fpr,0.0
gnn_naive,permute,6,DDoS,task6,detection_rate,1.0
gnn_naive,permute,6,DDoS,task6,binary_f1,1.0
gnn_naive,permute,6,DDoS,task6,category_recall,1.0
gnn_naive,permute,6,DDoS,seen,n,416344.0
gnn_naive,permute,6,DDoS,seen,n_benign,313491.0
gnn_naive,permute,6,DDoS,seen,n_attack,102853.0
gnn_naive,permute,6,DDoS,seen,accuracy,0.8617009011778721
gnn_naive,permute,6,DDoS,seen,macro_f1,0.3023479712900988
gnn_naive,permute,6,DDoS,seen,fpr,0.005834298273315662
gnn_naive,permute,6,DDoS,seen,detection_rate,0.7539789797089049
gnn_naive,permute,6,DDoS,seen,binary_f1,0.8511065625497308
gnn_naive,permute,6,DDoS,all,n,416344.0
gnn_naive,permute,6,DDoS,all,n_benign,313491.0
gnn_naive,permute,6,DDoS,all,n_attack,102853.0
gnn_naive,permute,6,DDoS,all,accuracy,0.8617009011778721
gnn_naive,permute,6,DDoS,all,macro_f1,0.3023479712900988
gnn_naive,permute,6,DDoS,all,fpr,0.005834298273315662
gnn_naive,permute,6,DDoS,all,detection_rate,0.7539789797089049
gnn_naive,permute,6,DDoS,all,binary_f1,0.8511065625497308
gnn_naive,random_src,6,DDoS,task0,n,138702.0
gnn_naive,random_src,6,DDoS,task0,n_benign,137422.0
gnn_naive,random_src,6,DDoS,task0,n_attack,1280.0
gnn_naive,random_src,6,DDoS,task0,accuracy,0.9907715822410635
gnn_naive,random_src,6,DDoS,task0,macro_f1,0.4976822007503875
gnn_naive,random_src,6,DDoS,task0,fpr,0.0
gnn_naive,random_src,6,DDoS,task0,detection_rate,0.0
gnn_naive,random_src,6,DDoS,task0,binary_f1,0.0
gnn_naive,random_src,6,DDoS,task0,category_recall,0.0
gnn_naive,random_src,6,DDoS,task1,n,100000.0
gnn_naive,random_src,6,DDoS,task1,n_benign,66394.0
gnn_naive,random_src,6,DDoS,task1,n_attack,33606.0
gnn_naive,random_src,6,DDoS,task1,accuracy,0.66394
gnn_naive,random_src,6,DDoS,task1,macro_f1,0.3990167914708463
gnn_naive,random_src,6,DDoS,task1,fpr,0.0
gnn_naive,random_src,6,DDoS,task1,detection_rate,0.0
gnn_naive,random_src,6,DDoS,task1,binary_f1,0.0
gnn_naive,random_src,6,DDoS,task1,category_recall,0.0
gnn_naive,random_src,6,DDoS,task2,n,25000.0
gnn_naive,random_src,6,DDoS,task2,n_benign,24976.0
gnn_naive,random_src,6,DDoS,task2,n_attack,24.0
gnn_naive,random_src,6,DDoS,task2,accuracy,0.99904
gnn_naive,random_src,6,DDoS,task2,macro_f1,0.4997598847446774
gnn_naive,random_src,6,DDoS,task2,fpr,0.0
gnn_naive,random_src,6,DDoS,task2,detection_rate,0.0
gnn_naive,random_src,6,DDoS,task2,binary_f1,0.0
gnn_naive,random_src,6,DDoS,task2,category_recall,0.0
gnn_naive,random_src,6,DDoS,task3,n,45000.0
gnn_naive,random_src,6,DDoS,task3,n_benign,28566.0
gnn_naive,random_src,6,DDoS,task3,n_attack,16434.0
gnn_naive,random_src,6,DDoS,task3,accuracy,0.6348
gnn_naive,random_src,6,DDoS,task3,macro_f1,0.3883043797406411
gnn_naive,random_src,6,DDoS,task3,fpr,0.0
gnn_naive,random_src,6,DDoS,task3,detection_rate,0.0
gnn_naive,random_src,6,DDoS,task3,binary_f1,0.0
gnn_naive,random_src,6,DDoS,task3,category_recall,0.0
gnn_naive,random_src,6,DDoS,task4,n,27642.0
gnn_naive,random_src,6,DDoS,task4,n_benign,27569.0
gnn_naive,random_src,6,DDoS,task4,n_attack,73.0
gnn_naive,random_src,6,DDoS,task4,accuracy,0.9973590912379712
gnn_naive,random_src,6,DDoS,task4,macro_f1,0.4993388998569126
gnn_naive,random_src,6,DDoS,task4,fpr,0.0
gnn_naive,random_src,6,DDoS,task4,detection_rate,0.0
gnn_naive,random_src,6,DDoS,task4,binary_f1,0.0
gnn_naive,random_src,6,DDoS,task4,category_recall,0.0
gnn_naive,random_src,6,DDoS,task5,n,55000.0
gnn_naive,random_src,6,DDoS,task5,n_benign,25723.0
gnn_naive,random_src,6,DDoS,task5,n_attack,29277.0
gnn_naive,random_src,6,DDoS,task5,accuracy,0.4676909090909091
gnn_naive,random_src,6,DDoS,task5,macro_f1,0.31865763165392763
gnn_naive,random_src,6,DDoS,task5,fpr,0.0
gnn_naive,random_src,6,DDoS,task5,detection_rate,0.0
gnn_naive,random_src,6,DDoS,task5,binary_f1,0.0
gnn_naive,random_src,6,DDoS,task5,category_recall,0.0
gnn_naive,random_src,6,DDoS,task6,n,25000.0
gnn_naive,random_src,6,DDoS,task6,n_benign,2841.0
gnn_naive,random_src,6,DDoS,task6,n_attack,22159.0
gnn_naive,random_src,6,DDoS,task6,accuracy,0.11364
gnn_naive,random_src,6,DDoS,task6,macro_f1,0.10204374842857655
gnn_naive,random_src,6,DDoS,task6,fpr,0.0
gnn_naive,random_src,6,DDoS,task6,detection_rate,0.0
gnn_naive,random_src,6,DDoS,task6,binary_f1,0.0
gnn_naive,random_src,6,DDoS,task6,category_recall,0.0
gnn_naive,random_src,6,DDoS,seen,n,416344.0
gnn_naive,random_src,6,DDoS,seen,n_benign,313491.0
gnn_naive,random_src,6,DDoS,seen,n_attack,102853.0
gnn_naive,random_src,6,DDoS,seen,accuracy,0.7529614933804738
gnn_naive,random_src,6,DDoS,seen,macro_f1,0.1073842032788233
gnn_naive,random_src,6,DDoS,seen,fpr,0.0
gnn_naive,random_src,6,DDoS,seen,detection_rate,0.0
gnn_naive,random_src,6,DDoS,seen,binary_f1,0.0
gnn_naive,random_src,6,DDoS,all,n,416344.0
gnn_naive,random_src,6,DDoS,all,n_benign,313491.0
gnn_naive,random_src,6,DDoS,all,n_attack,102853.0
gnn_naive,random_src,6,DDoS,all,accuracy,0.7529614933804738
gnn_naive,random_src,6,DDoS,all,macro_f1,0.1073842032788233
gnn_naive,random_src,6,DDoS,all,fpr,0.0
gnn_naive,random_src,6,DDoS,all,detection_rate,0.0
gnn_naive,random_src,6,DDoS,all,binary_f1,0.0
ffnn_ewc_replay,none,0,BruteForce,task0,n,138702.0
ffnn_ewc_replay,none,0,BruteForce,task0,n_benign,137422.0
ffnn_ewc_replay,none,0,BruteForce,task0,n_attack,1280.0
ffnn_ewc_replay,none,0,BruteForce,task0,accuracy,0.9999855805972516
ffnn_ewc_replay,none,0,BruteForce,task0,macro_f1,0.9996060414834551
ffnn_ewc_replay,none,0,BruteForce,task0,fpr,1.455371046848394e-05
ffnn_ewc_replay,none,0,BruteForce,task0,detection_rate,1.0
ffnn_ewc_replay,none,0,BruteForce,task0,binary_f1,0.9992193598750976
ffnn_ewc_replay,none,0,BruteForce,task0,category_recall,1.0
ffnn_ewc_replay,none,0,BruteForce,task1,n,100000.0
ffnn_ewc_replay,none,0,BruteForce,task1,n_benign,66394.0
ffnn_ewc_replay,none,0,BruteForce,task1,n_attack,33606.0
ffnn_ewc_replay,none,0,BruteForce,task1,accuracy,0.66394
ffnn_ewc_replay,none,0,BruteForce,task1,macro_f1,0.3990167914708463
ffnn_ewc_replay,none,0,BruteForce,task1,fpr,0.0
ffnn_ewc_replay,none,0,BruteForce,task1,detection_rate,0.0
ffnn_ewc_replay,none,0,BruteForce,task1,binary_f1,0.0
ffnn_ewc_replay,none,0,BruteForce,task1,category_recall,0.0
ffnn_ewc_replay,none,0,BruteForce,task2,n,25000.0
ffnn_ewc_replay,none,0,BruteForce,task2,n_benign,24976.0
ffnn_ewc_replay,none,0,BruteForce,task2,n_attack,24.0
ffnn_ewc_replay,none,0,BruteForce,task2,accuracy,0.99904
ffnn_ewc_replay,none,0,BruteForce,task2,macro_f1,0.4997598847446774
ffnn_ewc_replay,none,0,BruteForce,task2,fpr,0.0
ffnn_ewc_replay,none,0,BruteForce,task2,detection_rate,0.0
ffnn_ewc_replay,none,0,BruteForce,task2,binary_f1,0.0
ffnn_ewc_replay,none,0,BruteForce,task2,category_recall,0.0
ffnn_ewc_replay,none,0,BruteForce,task3,n,45000.0
ffnn_ewc_replay,none,0,BruteForce,task3,n_benign,28566.0
ffnn_ewc_replay,none,0,BruteForce,task3,n_attack,16434.0
ffnn_ewc_replay,none,0,BruteForce,task3,accuracy,0.6348
ffnn_ewc_replay,none,0,BruteForce,task3,macro_f1,0.38833605220228384
ffnn_ewc_replay,none,0,BruteForce,task3,fpr,0.0
ffnn_ewc_replay,none,0,BruteForce,task3,detection_rate,0.0003650967506389193
ffnn_ewc_replay,none,0,BruteForce,task3,binary_f1,0.00072992700729927
ffnn_ewc_replay,none,0,BruteForce,task3,category_recall,0.0
ffnn_ewc_replay,none,0,BruteForce,task4,n,27642.0
ffnn_ewc_replay,none,0,BruteForce,task4,n_benign,27569.0
ffnn_ewc_replay,none,0,BruteForce,task4,n_attack,73.0
ffnn_ewc_replay,none,0,BruteForce,task4,accuracy,0.9973590912379712
ffnn_ewc_replay,none,0,BruteForce,task4,macro_f1,0.4993388998569126
ffnn_ewc_replay,none,0,BruteForce,task4,fpr,0.0
ffnn_ewc_replay,none,0,BruteForce,task4,detection_rate,0.0
ffnn_ewc_replay,none,0,BruteForce,task4,binary_f1,0.0
ffnn_ewc_replay,none,0,BruteForce,task4,category_recall,0.0
ffnn_ewc_replay,none,0,BruteForce,task5,n,55000.0
ffnn_ewc_replay,none,0,BruteForce,task5,n_benign,25723.0
ffnn_ewc_replay,none,0,BruteForce,task5,n_attack,29277.0
ffnn_ewc_replay,none,0,BruteForce,task5,accuracy,0.4676727272727273
ffnn_ewc_replay,none,0,BruteForce,task5,macro_f1,0.31864919105076683
ffnn_ewc_replay,none,0,BruteForce,task5,fpr,3.8875714341251024e-05
ffnn_ewc_replay,none,0,BruteForce,task5,detection_rate,0.0
ffnn_ewc_replay,none,0,BruteForce,task5,binary_f1,0.0
ffnn_ewc_replay,none,0,BruteForce,task5,category_recall,0.0
ffnn_ewc_replay,none,0,BruteForce,task6,n,25000.0
ffnn_ewc_replay,none,0,BruteForce,task6,n_benign,2841.0
ffnn_ewc_replay,none,0,BruteForce,task6,n_attack,22159.0
ffnn_ewc_replay,none,0,BruteForce,task6,accuracy,0.11356
ffnn_ewc_replay,none,0,BruteForce,task6,macro_f1,0.10197923775997701
ffnn_ewc_replay,none,0,BruteForce,task6,fpr,0.0007039774727208729
ffnn_ewc_replay,none,0,BruteForce,task6,detection_rate,0.0
ffnn_ewc_replay,none,0,BruteForce,task6,binary_f1,0.0
ffnn_ewc_replay,none,0,BruteForce,task6,category_recall,0.0
ffnn_ewc_replay,none,0,BruteForce,seen,n,138702.0
ffnn_ewc_replay,none,0,BruteForce,seen,n_benign,137422.0
ffnn_ewc_replay,none,0,BruteForce,seen,n_attack,1280.0
ffnn_ewc_replay,none,0,BruteForce,seen,accuracy,0.9999855805972516
ffnn_ewc_replay,none,0,BruteForce,seen,macro_f1,0.9996060414834551
ffnn_ewc_replay,none,0,BruteForce,seen,fpr,1.455371046848394e-05
ffnn_ewc_replay,none,0,BruteForce,seen,detection_rate,1.0
ffnn_ewc_replay,none,0,BruteForce,seen,binary_f1,0.9992193598750976
ffnn_ewc_replay,none,0,BruteForce,all,n,416344.0
ffnn_ewc_replay,none,0,BruteForce,all,n_benign,313491.0
ffnn_ewc_replay,none,0,BruteForce,all,n_attack,102853.0
ffnn_ewc_replay,none,0,BruteForce,all,accuracy,0.7560238648809638
ffnn_ewc_replay,none,0,BruteForce,all,macro_f1,0.23203796393134674
ffnn_ewc_replay,none,0,BruteForce,all,fpr,1.5949421195504814e-05
ffnn_ewc_replay,none,0,BruteForce,all,detection_rate,0.012503281382166782
ffnn_ewc_replay,none,0,BruteForce,all,binary_f1,0.02469657397449685
ffnn_ewc_replay,permute,0,BruteForce,task0,n,138702.0
ffnn_ewc_replay,permute,0,BruteForce,task0,n_benign,137422.0
ffnn_ewc_replay,permute,0,BruteForce,task0,n_attack,1280.0
ffnn_ewc_replay,permute,0,BruteForce,task0,accuracy,0.9999855805972516
ffnn_ewc_replay,permute,0,BruteForce,task0,macro_f1,0.9996060414834551
ffnn_ewc_replay,permute,0,BruteForce,task0,fpr,1.455371046848394e-05
ffnn_ewc_replay,permute,0,BruteForce,task0,detection_rate,1.0
ffnn_ewc_replay,permute,0,BruteForce,task0,binary_f1,0.9992193598750976
ffnn_ewc_replay,permute,0,BruteForce,task0,category_recall,1.0
ffnn_ewc_replay,permute,0,BruteForce,task1,n,100000.0
ffnn_ewc_replay,permute,0,BruteForce,task1,n_benign,66394.0
ffnn_ewc_replay,permute,0,BruteForce,task1,n_attack,33606.0
ffnn_ewc_replay,permute,0,BruteForce,task1,accuracy,0.66394
ffnn_ewc_replay,permute,0,BruteForce,task1,macro_f1,0.3990167914708463
ffnn_ewc_replay,permute,0,BruteForce,task1,fpr,0.0
ffnn_ewc_replay,permute,0,BruteForce,task1,detection_rate,0.0
ffnn_ewc_replay,permute,0,BruteForce,task1,binary_f1,0.0
ffnn_ewc_replay,permute,0,BruteForce,task1,category_recall,0.0
ffnn_ewc_replay,permute,0,BruteForce,task2,n,25000.0
ffnn_ewc_replay,permute,0,BruteForce,task2,n_benign,24976.0
ffnn_ewc_replay,permute,0,BruteForce,task2,n_attack,24.0
ffnn_ewc_replay,permute,0,BruteForce,task2,accuracy,0.99904
ffnn_ewc_replay,permute,0,BruteForce,task2,macro_f1,0.4997598847446774
ffnn_ewc_replay,permute,0,BruteForce,task2,fpr,0.0
ffnn_ewc_replay,permute,0,BruteForce,task2,detection_rate,0.0
ffnn_ewc_replay,permute,0,BruteForce,task2,binary_f1,0.0
ffnn_ewc_replay,permute,0,BruteForce,task2,category_recall,0.0
ffnn_ewc_replay,permute,0,BruteForce,task3,n,45000.0
ffnn_ewc_replay,permute,0,BruteForce,task3,n_benign,28566.0
ffnn_ewc_replay,permute,0,BruteForce,task3,n_attack,16434.0
ffnn_ewc_replay,permute,0,BruteForce,task3,accuracy,0.6348
ffnn_ewc_replay,permute,0,BruteForce,task3,macro_f1,0.38833605220228384
ffnn_ewc_replay,permute,0,BruteForce,task3,fpr,0.0
ffnn_ewc_replay,permute,0,BruteForce,task3,detection_rate,0.0003650967506389193
ffnn_ewc_replay,permute,0,BruteForce,task3,binary_f1,0.00072992700729927
ffnn_ewc_replay,permute,0,BruteForce,task3,category_recall,0.0
ffnn_ewc_replay,permute,0,BruteForce,task4,n,27642.0
ffnn_ewc_replay,permute,0,BruteForce,task4,n_benign,27569.0
ffnn_ewc_replay,permute,0,BruteForce,task4,n_attack,73.0
ffnn_ewc_replay,permute,0,BruteForce,task4,accuracy,0.9973590912379712
ffnn_ewc_replay,permute,0,BruteForce,task4,macro_f1,0.4993388998569126
ffnn_ewc_replay,permute,0,BruteForce,task4,fpr,0.0
ffnn_ewc_replay,permute,0,BruteForce,task4,detection_rate,0.0
ffnn_ewc_replay,permute,0,BruteForce,task4,binary_f1,0.0
ffnn_ewc_replay,permute,0,BruteForce,task4,category_recall,0.0
ffnn_ewc_replay,permute,0,BruteForce,task5,n,55000.0
ffnn_ewc_replay,permute,0,BruteForce,task5,n_benign,25723.0
ffnn_ewc_replay,permute,0,BruteForce,task5,n_attack,29277.0
ffnn_ewc_replay,permute,0,BruteForce,task5,accuracy,0.4676727272727273
ffnn_ewc_replay,permute,0,BruteForce,task5,macro_f1,0.31864919105076683
ffnn_ewc_replay,permute,0,BruteForce,task5,fpr,3.8875714341251024e-05
ffnn_ewc_replay,permute,0,BruteForce,task5,detection_rate,0.0
ffnn_ewc_replay,permute,0,BruteForce,task5,binary_f1,0.0
ffnn_ewc_replay,permute,0,BruteForce,task5,category_recall,0.0
ffnn_ewc_replay,permute,0,BruteForce,task6,n,25000.0
ffnn_ewc_replay,permute,0,BruteForce,task6,n_benign,2841.0
ffnn_ewc_replay,permute,0,BruteForce,task6,n_attack,22159.0
ffnn_ewc_replay,permute,0,BruteForce,task6,accuracy,0.11356
ffnn_ewc_replay,permute,0,BruteForce,task6,macro_f1,0.10197923775997701
ffnn_ewc_replay,permute,0,BruteForce,task6,fpr,0.0007039774727208729
ffnn_ewc_replay,permute,0,BruteForce,task6,detection_rate,0.0
ffnn_ewc_replay,permute,0,BruteForce,task6,binary_f1,0.0
ffnn_ewc_replay,permute,0,BruteForce,task6,category_recall,0.0
ffnn_ewc_replay,permute,0,BruteForce,seen,n,138702.0
ffnn_ewc_replay,permute,0,BruteForce,seen,n_benign,137422.0
ffnn_ewc_replay,permute,0,BruteForce,seen,n_attack,1280.0
ffnn_ewc_replay,permute,0,BruteForce,seen,accuracy,0.9999855805972516
ffnn_ewc_replay,permute,0,BruteForce,seen,macro_f1,0.9996060414834551
ffnn_ewc_replay,permute,0,BruteForce,seen,fpr,1.455371046848394e-05
ffnn_ewc_replay,permute,0,BruteForce,seen,detection_rate,1.0
ffnn_ewc_replay,permute,0,BruteForce,seen,binary_f1,0.9992193598750976
ffnn_ewc_replay,permute,0,BruteForce,all,n,416344.0
ffnn_ewc_replay,permute,0,BruteForce,all,n_benign,313491.0
ffnn_ewc_replay,permute,0,BruteForce,all,n_attack,102853.0
ffnn_ewc_replay,permute,0,BruteForce,all,accuracy,0.7560238648809638
ffnn_ewc_replay,permute,0,BruteForce,all,macro_f1,0.23203796393134674
ffnn_ewc_replay,permute,0,BruteForce,all,fpr,1.5949421195504814e-05
ffnn_ewc_replay,permute,0,BruteForce,all,detection_rate,0.012503281382166782
ffnn_ewc_replay,permute,0,BruteForce,all,binary_f1,0.02469657397449685
ffnn_ewc_replay,random_src,0,BruteForce,task0,n,138702.0
ffnn_ewc_replay,random_src,0,BruteForce,task0,n_benign,137422.0
ffnn_ewc_replay,random_src,0,BruteForce,task0,n_attack,1280.0
ffnn_ewc_replay,random_src,0,BruteForce,task0,accuracy,0.9999855805972516
ffnn_ewc_replay,random_src,0,BruteForce,task0,macro_f1,0.9996060414834551
ffnn_ewc_replay,random_src,0,BruteForce,task0,fpr,1.455371046848394e-05
ffnn_ewc_replay,random_src,0,BruteForce,task0,detection_rate,1.0
ffnn_ewc_replay,random_src,0,BruteForce,task0,binary_f1,0.9992193598750976
ffnn_ewc_replay,random_src,0,BruteForce,task0,category_recall,1.0
ffnn_ewc_replay,random_src,0,BruteForce,task1,n,100000.0
ffnn_ewc_replay,random_src,0,BruteForce,task1,n_benign,66394.0
ffnn_ewc_replay,random_src,0,BruteForce,task1,n_attack,33606.0
ffnn_ewc_replay,random_src,0,BruteForce,task1,accuracy,0.66394
ffnn_ewc_replay,random_src,0,BruteForce,task1,macro_f1,0.3990167914708463
ffnn_ewc_replay,random_src,0,BruteForce,task1,fpr,0.0
ffnn_ewc_replay,random_src,0,BruteForce,task1,detection_rate,0.0
ffnn_ewc_replay,random_src,0,BruteForce,task1,binary_f1,0.0
ffnn_ewc_replay,random_src,0,BruteForce,task1,category_recall,0.0
ffnn_ewc_replay,random_src,0,BruteForce,task2,n,25000.0
ffnn_ewc_replay,random_src,0,BruteForce,task2,n_benign,24976.0
ffnn_ewc_replay,random_src,0,BruteForce,task2,n_attack,24.0
ffnn_ewc_replay,random_src,0,BruteForce,task2,accuracy,0.99904
ffnn_ewc_replay,random_src,0,BruteForce,task2,macro_f1,0.4997598847446774
ffnn_ewc_replay,random_src,0,BruteForce,task2,fpr,0.0
ffnn_ewc_replay,random_src,0,BruteForce,task2,detection_rate,0.0
ffnn_ewc_replay,random_src,0,BruteForce,task2,binary_f1,0.0
ffnn_ewc_replay,random_src,0,BruteForce,task2,category_recall,0.0
ffnn_ewc_replay,random_src,0,BruteForce,task3,n,45000.0
ffnn_ewc_replay,random_src,0,BruteForce,task3,n_benign,28566.0
ffnn_ewc_replay,random_src,0,BruteForce,task3,n_attack,16434.0
ffnn_ewc_replay,random_src,0,BruteForce,task3,accuracy,0.6348
ffnn_ewc_replay,random_src,0,BruteForce,task3,macro_f1,0.38833605220228384
ffnn_ewc_replay,random_src,0,BruteForce,task3,fpr,0.0
ffnn_ewc_replay,random_src,0,BruteForce,task3,detection_rate,0.0003650967506389193
ffnn_ewc_replay,random_src,0,BruteForce,task3,binary_f1,0.00072992700729927
ffnn_ewc_replay,random_src,0,BruteForce,task3,category_recall,0.0
ffnn_ewc_replay,random_src,0,BruteForce,task4,n,27642.0
ffnn_ewc_replay,random_src,0,BruteForce,task4,n_benign,27569.0
ffnn_ewc_replay,random_src,0,BruteForce,task4,n_attack,73.0
ffnn_ewc_replay,random_src,0,BruteForce,task4,accuracy,0.9973590912379712
ffnn_ewc_replay,random_src,0,BruteForce,task4,macro_f1,0.4993388998569126
ffnn_ewc_replay,random_src,0,BruteForce,task4,fpr,0.0
ffnn_ewc_replay,random_src,0,BruteForce,task4,detection_rate,0.0
ffnn_ewc_replay,random_src,0,BruteForce,task4,binary_f1,0.0
ffnn_ewc_replay,random_src,0,BruteForce,task4,category_recall,0.0
ffnn_ewc_replay,random_src,0,BruteForce,task5,n,55000.0
ffnn_ewc_replay,random_src,0,BruteForce,task5,n_benign,25723.0
ffnn_ewc_replay,random_src,0,BruteForce,task5,n_attack,29277.0
ffnn_ewc_replay,random_src,0,BruteForce,task5,accuracy,0.4676727272727273
ffnn_ewc_replay,random_src,0,BruteForce,task5,macro_f1,0.31864919105076683
ffnn_ewc_replay,random_src,0,BruteForce,task5,fpr,3.8875714341251024e-05
ffnn_ewc_replay,random_src,0,BruteForce,task5,detection_rate,0.0
ffnn_ewc_replay,random_src,0,BruteForce,task5,binary_f1,0.0
ffnn_ewc_replay,random_src,0,BruteForce,task5,category_recall,0.0
ffnn_ewc_replay,random_src,0,BruteForce,task6,n,25000.0
ffnn_ewc_replay,random_src,0,BruteForce,task6,n_benign,2841.0
ffnn_ewc_replay,random_src,0,BruteForce,task6,n_attack,22159.0
ffnn_ewc_replay,random_src,0,BruteForce,task6,accuracy,0.11356
ffnn_ewc_replay,random_src,0,BruteForce,task6,macro_f1,0.10197923775997701
ffnn_ewc_replay,random_src,0,BruteForce,task6,fpr,0.0007039774727208729
ffnn_ewc_replay,random_src,0,BruteForce,task6,detection_rate,0.0
ffnn_ewc_replay,random_src,0,BruteForce,task6,binary_f1,0.0
ffnn_ewc_replay,random_src,0,BruteForce,task6,category_recall,0.0
ffnn_ewc_replay,random_src,0,BruteForce,seen,n,138702.0
ffnn_ewc_replay,random_src,0,BruteForce,seen,n_benign,137422.0
ffnn_ewc_replay,random_src,0,BruteForce,seen,n_attack,1280.0
ffnn_ewc_replay,random_src,0,BruteForce,seen,accuracy,0.9999855805972516
ffnn_ewc_replay,random_src,0,BruteForce,seen,macro_f1,0.9996060414834551
ffnn_ewc_replay,random_src,0,BruteForce,seen,fpr,1.455371046848394e-05
ffnn_ewc_replay,random_src,0,BruteForce,seen,detection_rate,1.0
ffnn_ewc_replay,random_src,0,BruteForce,seen,binary_f1,0.9992193598750976
ffnn_ewc_replay,random_src,0,BruteForce,all,n,416344.0
ffnn_ewc_replay,random_src,0,BruteForce,all,n_benign,313491.0
ffnn_ewc_replay,random_src,0,BruteForce,all,n_attack,102853.0
ffnn_ewc_replay,random_src,0,BruteForce,all,accuracy,0.7560238648809638
ffnn_ewc_replay,random_src,0,BruteForce,all,macro_f1,0.23203796393134674
ffnn_ewc_replay,random_src,0,BruteForce,all,fpr,1.5949421195504814e-05
ffnn_ewc_replay,random_src,0,BruteForce,all,detection_rate,0.012503281382166782
ffnn_ewc_replay,random_src,0,BruteForce,all,binary_f1,0.02469657397449685
ffnn_ewc_replay,none,1,DoS,task0,n,138702.0
ffnn_ewc_replay,none,1,DoS,task0,n_benign,137422.0
ffnn_ewc_replay,none,1,DoS,task0,n_attack,1280.0
ffnn_ewc_replay,none,1,DoS,task0,accuracy,0.9999639514931291
ffnn_ewc_replay,none,1,DoS,task0,macro_f1,0.9997956675296318
ffnn_ewc_replay,none,1,DoS,task0,fpr,3.638427617120985e-05
ffnn_ewc_replay,none,1,DoS,task0,detection_rate,1.0
ffnn_ewc_replay,none,1,DoS,task0,binary_f1,0.9980506822612085
ffnn_ewc_replay,none,1,DoS,task0,category_recall,1.0
ffnn_ewc_replay,none,1,DoS,task1,n,100000.0
ffnn_ewc_replay,none,1,DoS,task1,n_benign,66394.0
ffnn_ewc_replay,none,1,DoS,task1,n_attack,33606.0
ffnn_ewc_replay,none,1,DoS,task1,accuracy,0.99988
ffnn_ewc_replay,none,1,DoS,task1,macro_f1,0.9998655513475114
ffnn_ewc_replay,none,1,DoS,task1,fpr,0.00013555441756785253
ffnn_ewc_replay,none,1,DoS,task1,detection_rate,0.9999107302267453
ffnn_ewc_replay,none,1,DoS,task1,binary_f1,0.9998214763902527
ffnn_ewc_replay,none,1,DoS,task1,category_recall,0.9999107302267453
ffnn_ewc_replay,none,1,DoS,task2,n,25000.0
ffnn_ewc_replay,none,1,DoS,task2,n_benign,24976.0
ffnn_ewc_replay,none,1,DoS,task2,n_attack,24.0
ffnn_ewc_replay,none,1,DoS,task2,accuracy,0.999
ffnn_ewc_replay,none,1,DoS,task2,macro_f1,0.49974987493746875
ffnn_ewc_replay,none,1,DoS,task2,fpr,4.0038436899423444e-05
ffnn_ewc_replay,none,1,DoS,task2,detection_rate,0.0
ffnn_ewc_replay,none,1,DoS,task2,binary_f1,0.0
ffnn_ewc_replay,none,1,DoS,task2,category_recall,0.0
ffnn_ewc_replay,none,1,DoS,task3,n,45000.0
ffnn_ewc_replay,none,1,DoS,task3,n_benign,28566.0
ffnn_ewc_replay,none,1,DoS,task3,n_attack,16434.0
ffnn_ewc_replay,none,1,DoS,task3,accuracy,0.6347777777777778
ffnn_ewc_replay,none,1,DoS,task3,macro_f1,0.3883699745754646
ffnn_ewc_replay,none,1,DoS,task3,fpr,3.500665126374011e-05
ffnn_ewc_replay,none,1,DoS,task3,detection_rate,0.0008518924181574784
ffnn_ewc_replay,none,1,DoS,task3,binary_f1,0.0017022311386710438
ffnn_ewc_replay,none,1,DoS,task3,category_recall,0.0
ffnn_ewc_replay,none,1,DoS,task4,n,27642.0
ffnn_ewc_replay,none,1,DoS,task4,n_benign,27569.0
ffnn_ewc_replay,none,1,DoS,task4,n_attack,73.0
ffnn_ewc_replay,none,1,DoS,task4,accuracy,0.997214383908545
ffnn_ewc_replay,none,1,DoS,task4,macro_f1,0.4993026246671618
ffnn_ewc_replay,none,1,DoS,task4,fpr,0.00014509050019949945
ffnn_ewc_replay,none,1,DoS,task4,detection_rate,0.0
ffnn_ewc_replay,none,1,DoS,task4,binary_f1,0.0
ffnn_ewc_replay,none,1,DoS,task4,category_recall,0.0
ffnn_ewc_replay,none,1,DoS,task5,n,55000.0
ffnn_ewc_replay,none,1,DoS,task5,n_benign,25723.0
ffnn_ewc_replay,none,1,DoS,task5,n_attack,29277.0
ffnn_ewc_replay,none,1,DoS,task5,accuracy,0.4676181818181818
ffnn_ewc_replay,none,1,DoS,task5,macro_f1,0.3186436058180737
ffnn_ewc_replay,none,1,DoS,task5,fpr,0.0001555028573650041
ffnn_ewc_replay,none,1,DoS,task5,detection_rate,0.00017078252553198758
ffnn_ewc_replay,none,1,DoS,task5,binary_f1,0.00034146008331626033
ffnn_ewc_replay,none,1,DoS,task5,category_recall,0.0
ffnn_ewc_replay,none,1,DoS,task6,n,25000.0
ffnn_ewc_replay,none,1,DoS,task6,n_benign,2841.0
ffnn_ewc_replay,none,1,DoS,task6,n_attack,22159.0
ffnn_ewc_replay,none,1,DoS,task6,accuracy,0.11364
ffnn_ewc_replay,none,1,DoS,task6,macro_f1,0.48605645851154833
ffnn_ewc_replay,none,1,DoS,task6,fpr,0.0
ffnn_ewc_replay,none,1,DoS,task6,detection_rate,0.992644072385938
ffnn_ewc_replay,none,1,DoS,task6,binary_f1,0.9963084588381836
ffnn_ewc_replay,none,1,DoS,task6,category_recall,0.0
ffnn_ewc_replay,none,1,DoS,seen,n,238702.0
ffnn_ewc_replay,none,1,DoS,seen,n_benign,203816.0
ffnn_ewc_replay,none,1,DoS,seen,n_attack,34886.0
ffnn_ewc_replay,none,1,DoS,seen,accuracy,0.9999287814932426
ffnn_ewc_replay,none,1,DoS,seen,macro_f1,0.9997766016016101
ffnn_ewc_replay,none,1,DoS,seen,fpr,6.868940613102014e-05
ffnn_ewc_replay,none,1,DoS,seen,detection_rate,0.9999140056182996
ffnn_ewc_replay,none,1,DoS,seen,binary_f1,0.9997563876588854
ffnn_ewc_replay,none,1,DoS,all,n,416344.0
ffnn_ewc_replay,none,1,DoS,all,n_benign,313491.0
ffnn_ewc_replay,none,1,DoS,all,n_attack,102853.0
ffnn_ewc_replay,none,1,DoS,all,accuracy,0.8366879311338701
ffnn_ewc_replay,none,1,DoS,all,macro_f1,0.3349220146523084
ffnn_ewc_replay,none,1,DoS,all,fpr,7.65572217384231e-05
ffnn_ewc_replay,none,1,DoS,all,detection_rate,0.5531972815571738
ffnn_ewc_replay,none,1,DoS,all,binary_f1,0.7122265686121108
ffnn_ewc_replay,permute,1,DoS,task0,n,138702.0
ffnn_ewc_replay,permute,1,DoS,task0,n_benign,137422.0
ffnn_ewc_replay,permute,1,DoS,task0,n_attack,1280.0
ffnn_ewc_replay,permute,1,DoS,task0,accuracy,0.9999639514931291
ffnn_ewc_replay,permute,1,DoS,task0,macro_f1,0.9997956675296318
ffnn_ewc_replay,permute,1,DoS,task0,fpr,3.638427617120985e-05
ffnn_ewc_replay,permute,1,DoS,task0,detection_rate,1.0
ffnn_ewc_replay,permute,1,DoS,task0,binary_f1,0.9980506822612085
ffnn_ewc_replay,permute,1,DoS,task0,category_recall,1.0
ffnn_ewc_replay,permute,1,DoS,task1,n,100000.0
ffnn_ewc_replay,permute,1,DoS,task1,n_benign,66394.0
ffnn_ewc_replay,permute,1,DoS,task1,n_attack,33606.0
ffnn_ewc_replay,permute,1,DoS,task1,accuracy,0.99988
ffnn_ewc_replay,permute,1,DoS,task1,macro_f1,0.9998655513475114
ffnn_ewc_replay,permute,1,DoS,task1,fpr,0.00013555441756785253
ffnn_ewc_replay,permute,1,DoS,task1,detection_rate,0.9999107302267453
ffnn_ewc_replay,permute,1,DoS,task1,binary_f1,0.9998214763902527
ffnn_ewc_replay,permute,1,DoS,task1,category_recall,0.9999107302267453
ffnn_ewc_replay,permute,1,DoS,task2,n,25000.0
ffnn_ewc_replay,permute,1,DoS,task2,n_benign,24976.0
ffnn_ewc_replay,permute,1,DoS,task2,n_attack,24.0
ffnn_ewc_replay,permute,1,DoS,task2,accuracy,0.999
ffnn_ewc_replay,permute,1,DoS,task2,macro_f1,0.49974987493746875
ffnn_ewc_replay,permute,1,DoS,task2,fpr,4.0038436899423444e-05
ffnn_ewc_replay,permute,1,DoS,task2,detection_rate,0.0
ffnn_ewc_replay,permute,1,DoS,task2,binary_f1,0.0
ffnn_ewc_replay,permute,1,DoS,task2,category_recall,0.0
ffnn_ewc_replay,permute,1,DoS,task3,n,45000.0
ffnn_ewc_replay,permute,1,DoS,task3,n_benign,28566.0
ffnn_ewc_replay,permute,1,DoS,task3,n_attack,16434.0
ffnn_ewc_replay,permute,1,DoS,task3,accuracy,0.6347777777777778
ffnn_ewc_replay,permute,1,DoS,task3,macro_f1,0.3883699745754646
ffnn_ewc_replay,permute,1,DoS,task3,fpr,3.500665126374011e-05
ffnn_ewc_replay,permute,1,DoS,task3,detection_rate,0.0008518924181574784
ffnn_ewc_replay,permute,1,DoS,task3,binary_f1,0.0017022311386710438
ffnn_ewc_replay,permute,1,DoS,task3,category_recall,0.0
ffnn_ewc_replay,permute,1,DoS,task4,n,27642.0
ffnn_ewc_replay,permute,1,DoS,task4,n_benign,27569.0
ffnn_ewc_replay,permute,1,DoS,task4,n_attack,73.0
ffnn_ewc_replay,permute,1,DoS,task4,accuracy,0.997214383908545
ffnn_ewc_replay,permute,1,DoS,task4,macro_f1,0.4993026246671618
ffnn_ewc_replay,permute,1,DoS,task4,fpr,0.00014509050019949945
ffnn_ewc_replay,permute,1,DoS,task4,detection_rate,0.0
ffnn_ewc_replay,permute,1,DoS,task4,binary_f1,0.0
ffnn_ewc_replay,permute,1,DoS,task4,category_recall,0.0
ffnn_ewc_replay,permute,1,DoS,task5,n,55000.0
ffnn_ewc_replay,permute,1,DoS,task5,n_benign,25723.0
ffnn_ewc_replay,permute,1,DoS,task5,n_attack,29277.0
ffnn_ewc_replay,permute,1,DoS,task5,accuracy,0.4676181818181818
ffnn_ewc_replay,permute,1,DoS,task5,macro_f1,0.3186436058180737
ffnn_ewc_replay,permute,1,DoS,task5,fpr,0.0001555028573650041
ffnn_ewc_replay,permute,1,DoS,task5,detection_rate,0.00017078252553198758
ffnn_ewc_replay,permute,1,DoS,task5,binary_f1,0.00034146008331626033
ffnn_ewc_replay,permute,1,DoS,task5,category_recall,0.0
ffnn_ewc_replay,permute,1,DoS,task6,n,25000.0
ffnn_ewc_replay,permute,1,DoS,task6,n_benign,2841.0
ffnn_ewc_replay,permute,1,DoS,task6,n_attack,22159.0
ffnn_ewc_replay,permute,1,DoS,task6,accuracy,0.11364
ffnn_ewc_replay,permute,1,DoS,task6,macro_f1,0.48605645851154833
ffnn_ewc_replay,permute,1,DoS,task6,fpr,0.0
ffnn_ewc_replay,permute,1,DoS,task6,detection_rate,0.992644072385938
ffnn_ewc_replay,permute,1,DoS,task6,binary_f1,0.9963084588381836
ffnn_ewc_replay,permute,1,DoS,task6,category_recall,0.0
ffnn_ewc_replay,permute,1,DoS,seen,n,238702.0
ffnn_ewc_replay,permute,1,DoS,seen,n_benign,203816.0
ffnn_ewc_replay,permute,1,DoS,seen,n_attack,34886.0
ffnn_ewc_replay,permute,1,DoS,seen,accuracy,0.9999287814932426
ffnn_ewc_replay,permute,1,DoS,seen,macro_f1,0.9997766016016101
ffnn_ewc_replay,permute,1,DoS,seen,fpr,6.868940613102014e-05
ffnn_ewc_replay,permute,1,DoS,seen,detection_rate,0.9999140056182996
ffnn_ewc_replay,permute,1,DoS,seen,binary_f1,0.9997563876588854
ffnn_ewc_replay,permute,1,DoS,all,n,416344.0
ffnn_ewc_replay,permute,1,DoS,all,n_benign,313491.0
ffnn_ewc_replay,permute,1,DoS,all,n_attack,102853.0
ffnn_ewc_replay,permute,1,DoS,all,accuracy,0.8366879311338701
ffnn_ewc_replay,permute,1,DoS,all,macro_f1,0.3349220146523084
ffnn_ewc_replay,permute,1,DoS,all,fpr,7.65572217384231e-05
ffnn_ewc_replay,permute,1,DoS,all,detection_rate,0.5531972815571738
ffnn_ewc_replay,permute,1,DoS,all,binary_f1,0.7122265686121108
ffnn_ewc_replay,random_src,1,DoS,task0,n,138702.0
ffnn_ewc_replay,random_src,1,DoS,task0,n_benign,137422.0
ffnn_ewc_replay,random_src,1,DoS,task0,n_attack,1280.0
ffnn_ewc_replay,random_src,1,DoS,task0,accuracy,0.9999639514931291
ffnn_ewc_replay,random_src,1,DoS,task0,macro_f1,0.9997956675296318
ffnn_ewc_replay,random_src,1,DoS,task0,fpr,3.638427617120985e-05
ffnn_ewc_replay,random_src,1,DoS,task0,detection_rate,1.0
ffnn_ewc_replay,random_src,1,DoS,task0,binary_f1,0.9980506822612085
ffnn_ewc_replay,random_src,1,DoS,task0,category_recall,1.0
ffnn_ewc_replay,random_src,1,DoS,task1,n,100000.0
ffnn_ewc_replay,random_src,1,DoS,task1,n_benign,66394.0
ffnn_ewc_replay,random_src,1,DoS,task1,n_attack,33606.0
ffnn_ewc_replay,random_src,1,DoS,task1,accuracy,0.99988
ffnn_ewc_replay,random_src,1,DoS,task1,macro_f1,0.9998655513475114
ffnn_ewc_replay,random_src,1,DoS,task1,fpr,0.00013555441756785253
ffnn_ewc_replay,random_src,1,DoS,task1,detection_rate,0.9999107302267453
ffnn_ewc_replay,random_src,1,DoS,task1,binary_f1,0.9998214763902527
ffnn_ewc_replay,random_src,1,DoS,task1,category_recall,0.9999107302267453
ffnn_ewc_replay,random_src,1,DoS,task2,n,25000.0
ffnn_ewc_replay,random_src,1,DoS,task2,n_benign,24976.0
ffnn_ewc_replay,random_src,1,DoS,task2,n_attack,24.0
ffnn_ewc_replay,random_src,1,DoS,task2,accuracy,0.999
ffnn_ewc_replay,random_src,1,DoS,task2,macro_f1,0.49974987493746875
ffnn_ewc_replay,random_src,1,DoS,task2,fpr,4.0038436899423444e-05
ffnn_ewc_replay,random_src,1,DoS,task2,detection_rate,0.0
ffnn_ewc_replay,random_src,1,DoS,task2,binary_f1,0.0
ffnn_ewc_replay,random_src,1,DoS,task2,category_recall,0.0
ffnn_ewc_replay,random_src,1,DoS,task3,n,45000.0
ffnn_ewc_replay,random_src,1,DoS,task3,n_benign,28566.0
ffnn_ewc_replay,random_src,1,DoS,task3,n_attack,16434.0
ffnn_ewc_replay,random_src,1,DoS,task3,accuracy,0.6347777777777778
ffnn_ewc_replay,random_src,1,DoS,task3,macro_f1,0.3883699745754646
ffnn_ewc_replay,random_src,1,DoS,task3,fpr,3.500665126374011e-05
ffnn_ewc_replay,random_src,1,DoS,task3,detection_rate,0.0008518924181574784
ffnn_ewc_replay,random_src,1,DoS,task3,binary_f1,0.0017022311386710438
ffnn_ewc_replay,random_src,1,DoS,task3,category_recall,0.0
ffnn_ewc_replay,random_src,1,DoS,task4,n,27642.0
ffnn_ewc_replay,random_src,1,DoS,task4,n_benign,27569.0
ffnn_ewc_replay,random_src,1,DoS,task4,n_attack,73.0
ffnn_ewc_replay,random_src,1,DoS,task4,accuracy,0.997214383908545
ffnn_ewc_replay,random_src,1,DoS,task4,macro_f1,0.4993026246671618
ffnn_ewc_replay,random_src,1,DoS,task4,fpr,0.00014509050019949945
ffnn_ewc_replay,random_src,1,DoS,task4,detection_rate,0.0
ffnn_ewc_replay,random_src,1,DoS,task4,binary_f1,0.0
ffnn_ewc_replay,random_src,1,DoS,task4,category_recall,0.0
ffnn_ewc_replay,random_src,1,DoS,task5,n,55000.0
ffnn_ewc_replay,random_src,1,DoS,task5,n_benign,25723.0
ffnn_ewc_replay,random_src,1,DoS,task5,n_attack,29277.0
ffnn_ewc_replay,random_src,1,DoS,task5,accuracy,0.4676181818181818
ffnn_ewc_replay,random_src,1,DoS,task5,macro_f1,0.3186436058180737
ffnn_ewc_replay,random_src,1,DoS,task5,fpr,0.0001555028573650041
ffnn_ewc_replay,random_src,1,DoS,task5,detection_rate,0.00017078252553198758
ffnn_ewc_replay,random_src,1,DoS,task5,binary_f1,0.00034146008331626033
ffnn_ewc_replay,random_src,1,DoS,task5,category_recall,0.0
ffnn_ewc_replay,random_src,1,DoS,task6,n,25000.0
ffnn_ewc_replay,random_src,1,DoS,task6,n_benign,2841.0
ffnn_ewc_replay,random_src,1,DoS,task6,n_attack,22159.0
ffnn_ewc_replay,random_src,1,DoS,task6,accuracy,0.11364
ffnn_ewc_replay,random_src,1,DoS,task6,macro_f1,0.48605645851154833
ffnn_ewc_replay,random_src,1,DoS,task6,fpr,0.0
ffnn_ewc_replay,random_src,1,DoS,task6,detection_rate,0.992644072385938
ffnn_ewc_replay,random_src,1,DoS,task6,binary_f1,0.9963084588381836
ffnn_ewc_replay,random_src,1,DoS,task6,category_recall,0.0
ffnn_ewc_replay,random_src,1,DoS,seen,n,238702.0
ffnn_ewc_replay,random_src,1,DoS,seen,n_benign,203816.0
ffnn_ewc_replay,random_src,1,DoS,seen,n_attack,34886.0
ffnn_ewc_replay,random_src,1,DoS,seen,accuracy,0.9999287814932426
ffnn_ewc_replay,random_src,1,DoS,seen,macro_f1,0.9997766016016101
ffnn_ewc_replay,random_src,1,DoS,seen,fpr,6.868940613102014e-05
ffnn_ewc_replay,random_src,1,DoS,seen,detection_rate,0.9999140056182996
ffnn_ewc_replay,random_src,1,DoS,seen,binary_f1,0.9997563876588854
ffnn_ewc_replay,random_src,1,DoS,all,n,416344.0
ffnn_ewc_replay,random_src,1,DoS,all,n_benign,313491.0
ffnn_ewc_replay,random_src,1,DoS,all,n_attack,102853.0
ffnn_ewc_replay,random_src,1,DoS,all,accuracy,0.8366879311338701
ffnn_ewc_replay,random_src,1,DoS,all,macro_f1,0.3349220146523084
ffnn_ewc_replay,random_src,1,DoS,all,fpr,7.65572217384231e-05
ffnn_ewc_replay,random_src,1,DoS,all,detection_rate,0.5531972815571738
ffnn_ewc_replay,random_src,1,DoS,all,binary_f1,0.7122265686121108
ffnn_ewc_replay,none,2,WebAttack,task0,n,138702.0
ffnn_ewc_replay,none,2,WebAttack,task0,n_benign,137422.0
ffnn_ewc_replay,none,2,WebAttack,task0,n_attack,1280.0
ffnn_ewc_replay,none,2,WebAttack,task0,accuracy,0.999956741791755
ffnn_ewc_replay,none,2,WebAttack,task0,macro_f1,0.9997938482430113
ffnn_ewc_replay,none,2,WebAttack,task0,fpr,4.366113140545182e-05
ffnn_ewc_replay,none,2,WebAttack,task0,detection_rate,1.0
ffnn_ewc_replay,none,2,WebAttack,task0,binary_f1,0.9976617303195635
ffnn_ewc_replay,none,2,WebAttack,task0,category_recall,1.0
ffnn_ewc_replay,none,2,WebAttack,task1,n,100000.0
ffnn_ewc_replay,none,2,WebAttack,task1,n_benign,66394.0
ffnn_ewc_replay,none,2,WebAttack,task1,n_attack,33606.0
ffnn_ewc_replay,none,2,WebAttack,task1,accuracy,0.99967
ffnn_ewc_replay,none,2,WebAttack,task1,macro_f1,0.9996525359194861
ffnn_ewc_replay,none,2,WebAttack,task1,fpr,0.00018073922342380335
ffnn_ewc_replay,none,2,WebAttack,task1,detection_rate,0.9993751115872166
ffnn_ewc_replay,none,2,WebAttack,task1,binary_f1,0.9995089504932816
ffnn_ewc_replay,none,2,WebAttack,task1,category_recall,0.9993751115872166
ffnn_ewc_replay,none,2,WebAttack,task2,n,25000.0
ffnn_ewc_replay,none,2,WebAttack,task2,n_benign,24976.0
ffnn_ewc_replay,none,2,WebAttack,task2,n_attack,24.0
ffnn_ewc_replay,none,2,WebAttack,task2,accuracy,0.9998
ffnn_ewc_replay,none,2,WebAttack,task2,macro_f1,0.9791166156145936
ffnn_ewc_replay,none,2,WebAttack,task2,fpr,0.00016015374759769378
ffnn_ewc_replay,none,2,WebAttack,task2,detection_rate,0.9583333333333334
ffnn_ewc_replay,none,2,WebAttack,task2,binary_f1,0.9019607843137255
ffnn_ewc_replay,none,2,WebAttack,task2,category_recall,0.9583333333333334
ffnn_ewc_replay,none,2,WebAttack,task3,n,45000.0
ffnn_ewc_replay,none,2,WebAttack,task3,n_benign,28566.0
ffnn_ewc_replay,none,2,WebAttack,task3,n_attack,16434.0
ffnn_ewc_replay,none,2,WebAttack,task3,accuracy,0.6347777777777778
ffnn_ewc_replay,none,2,WebAttack,task3,macro_f1,0.3883699745754646
ffnn_ewc_replay,none,2,WebAttack,task3,fpr,3.500665126374011e-05
ffnn_ewc_replay,none,2,WebAttack,task3,detection_rate,0.0008518924181574784
ffnn_ewc_replay,none,2,WebAttack,task3,binary_f1,0.0017022311386710438
ffnn_ewc_replay,none,2,WebAttack,task3,category_recall,0.0
ffnn_ewc_replay,none,2,WebAttack,task4,n,27642.0
ffnn_ewc_replay,none,2,WebAttack,task4,n_benign,27569.0
ffnn_ewc_replay,none,2,WebAttack,task4,n_attack,73.0
ffnn_ewc_replay,none,2,WebAttack,task4,accuracy,0.997214383908545
ffnn_ewc_replay,none,2,WebAttack,task4,macro_f1,0.4993026246671618
ffnn_ewc_replay,none,2,WebAttack,task4,fpr,0.00014509050019949945
ffnn_ewc_replay,none,2,WebAttack,task4,detection_rate,0.0
ffnn_ewc_replay,none,2,WebAttack,task4,binary_f1,0.0
ffnn_ewc_replay,none,2,WebAttack,task4,category_recall,0.0
ffnn_ewc_replay,none,2,WebAttack,task5,n,55000.0
ffnn_ewc_replay,none,2,WebAttack,task5,n_benign,25723.0
ffnn_ewc_replay,none,2,WebAttack,task5,n_attack,29277.0
ffnn_ewc_replay,none,2,WebAttack,task5,accuracy,0.4676181818181818
ffnn_ewc_replay,none,2,WebAttack,task5,macro_f1,0.3186436058180737
ffnn_ewc_replay,none,2,WebAttack,task5,fpr,0.0001555028573650041
ffnn_ewc_replay,none,2,WebAttack,task5,detection_rate,0.00017078252553198758
ffnn_ewc_replay,none,2,WebAttack,task5,binary_f1,0.00034146008331626033
ffnn_ewc_replay,none,2,WebAttack,task5,category_recall,0.0
ffnn_ewc_replay,none,2,WebAttack,task6,n,25000.0
ffnn_ewc_replay,none,2,WebAttack,task6,n_benign,2841.0
ffnn_ewc_replay,none,2,WebAttack,task6,n_attack,22159.0
ffnn_ewc_replay,none,2,WebAttack,task6,accuracy,0.11356
ffnn_ewc_replay,none,2,WebAttack,task6,macro_f1,0.4973721093202523
ffnn_ewc_replay,none,2,WebAttack,task6,fpr,0.0007039774727208729
ffnn_ewc_replay,none,2,WebAttack,task6,detection_rate,0.9987364050724311
ffnn_ewc_replay,none,2,WebAttack,task6,binary_f1,0.9993226767813601
ffnn_ewc_replay,none,2,WebAttack,task6,category_recall,0.0
ffnn_ewc_replay,none,2,WebAttack,seen,n,263702.0
ffnn_ewc_replay,none,2,WebAttack,seen,n_benign,228792.0
ffnn_ewc_replay,none,2,WebAttack,seen,n_attack,34910.0
ffnn_ewc_replay,none,2,WebAttack,seen,accuracy,0.9998331449894199
ffnn_ewc_replay,none,2,WebAttack,seen,macro_f1,0.9587489473809304
ffnn_ewc_replay,none,2,WebAttack,seen,fpr,9.615720829399629e-05
ffnn_ewc_replay,none,2,WebAttack,seen,detection_rate,0.9993698080779146
ffnn_ewc_replay,none,2,WebAttack,seen,binary_f1,0.9993698080779146
ffnn_ewc_replay,none,2,WebAttack,all,n,416344.0
ffnn_ewc_replay,none,2,WebAttack,all,n_benign,313491.0
ffnn_ewc_replay,none,2,WebAttack,all,n_attack,102853.0
ffnn_ewc_replay,none,2,WebAttack,all,accuracy,0.8366783236938685
ffnn_ewc_replay,none,2,WebAttack,all,macro_f1,0.4373549780044889
ffnn_ewc_replay,none,2,WebAttack,all,fpr,0.00010526617989033178
ffnn_ewc_replay,none,2,WebAttack,all,detection_rate,0.5545584474930241
ffnn_ewc_replay,none,2,WebAttack,all,binary_f1,0.7133138240664315
ffnn_ewc_replay,permute,2,WebAttack,task0,n,138702.0
ffnn_ewc_replay,permute,2,WebAttack,task0,n_benign,137422.0
ffnn_ewc_replay,permute,2,WebAttack,task0,n_attack,1280.0
ffnn_ewc_replay,permute,2,WebAttack,task0,accuracy,0.999956741791755
ffnn_ewc_replay,permute,2,WebAttack,task0,macro_f1,0.9997938482430113
ffnn_ewc_replay,permute,2,WebAttack,task0,fpr,4.366113140545182e-05
ffnn_ewc_replay,permute,2,WebAttack,task0,detection_rate,1.0
ffnn_ewc_replay,permute,2,WebAttack,task0,binary_f1,0.9976617303195635
ffnn_ewc_replay,permute,2,WebAttack,task0,category_recall,1.0
ffnn_ewc_replay,permute,2,WebAttack,task1,n,100000.0
ffnn_ewc_replay,permute,2,WebAttack,task1,n_benign,66394.0
ffnn_ewc_replay,permute,2,WebAttack,task1,n_attack,33606.0
ffnn_ewc_replay,permute,2,WebAttack,task1,accuracy,0.99967
ffnn_ewc_replay,permute,2,WebAttack,task1,macro_f1,0.9996525359194861
ffnn_ewc_replay,permute,2,WebAttack,task1,fpr,0.00018073922342380335
ffnn_ewc_replay,permute,2,WebAttack,task1,detection_rate,0.9993751115872166
ffnn_ewc_replay,permute,2,WebAttack,task1,binary_f1,0.9995089504932816
ffnn_ewc_replay,permute,2,WebAttack,task1,category_recall,0.9993751115872166
ffnn_ewc_replay,permute,2,WebAttack,task2,n,25000.0
ffnn_ewc_replay,permute,2,WebAttack,task2,n_benign,24976.0
ffnn_ewc_replay,permute,2,WebAttack,task2,n_attack,24.0
ffnn_ewc_replay,permute,2,WebAttack,task2,accuracy,0.9998
ffnn_ewc_replay,permute,2,WebAttack,task2,macro_f1,0.9791166156145936
ffnn_ewc_replay,permute,2,WebAttack,task2,fpr,0.00016015374759769378
ffnn_ewc_replay,permute,2,WebAttack,task2,detection_rate,0.9583333333333334
ffnn_ewc_replay,permute,2,WebAttack,task2,binary_f1,0.9019607843137255
ffnn_ewc_replay,permute,2,WebAttack,task2,category_recall,0.9583333333333334
ffnn_ewc_replay,permute,2,WebAttack,task3,n,45000.0
ffnn_ewc_replay,permute,2,WebAttack,task3,n_benign,28566.0
ffnn_ewc_replay,permute,2,WebAttack,task3,n_attack,16434.0
ffnn_ewc_replay,permute,2,WebAttack,task3,accuracy,0.6347777777777778
ffnn_ewc_replay,permute,2,WebAttack,task3,macro_f1,0.3883699745754646
ffnn_ewc_replay,permute,2,WebAttack,task3,fpr,3.500665126374011e-05
ffnn_ewc_replay,permute,2,WebAttack,task3,detection_rate,0.0008518924181574784
ffnn_ewc_replay,permute,2,WebAttack,task3,binary_f1,0.0017022311386710438
ffnn_ewc_replay,permute,2,WebAttack,task3,category_recall,0.0
ffnn_ewc_replay,permute,2,WebAttack,task4,n,27642.0
ffnn_ewc_replay,permute,2,WebAttack,task4,n_benign,27569.0
ffnn_ewc_replay,permute,2,WebAttack,task4,n_attack,73.0
ffnn_ewc_replay,permute,2,WebAttack,task4,accuracy,0.997214383908545
ffnn_ewc_replay,permute,2,WebAttack,task4,macro_f1,0.4993026246671618
ffnn_ewc_replay,permute,2,WebAttack,task4,fpr,0.00014509050019949945
ffnn_ewc_replay,permute,2,WebAttack,task4,detection_rate,0.0
ffnn_ewc_replay,permute,2,WebAttack,task4,binary_f1,0.0
ffnn_ewc_replay,permute,2,WebAttack,task4,category_recall,0.0
ffnn_ewc_replay,permute,2,WebAttack,task5,n,55000.0
ffnn_ewc_replay,permute,2,WebAttack,task5,n_benign,25723.0
ffnn_ewc_replay,permute,2,WebAttack,task5,n_attack,29277.0
ffnn_ewc_replay,permute,2,WebAttack,task5,accuracy,0.4676181818181818
ffnn_ewc_replay,permute,2,WebAttack,task5,macro_f1,0.3186436058180737
ffnn_ewc_replay,permute,2,WebAttack,task5,fpr,0.0001555028573650041
ffnn_ewc_replay,permute,2,WebAttack,task5,detection_rate,0.00017078252553198758
ffnn_ewc_replay,permute,2,WebAttack,task5,binary_f1,0.00034146008331626033
ffnn_ewc_replay,permute,2,WebAttack,task5,category_recall,0.0
ffnn_ewc_replay,permute,2,WebAttack,task6,n,25000.0
ffnn_ewc_replay,permute,2,WebAttack,task6,n_benign,2841.0
ffnn_ewc_replay,permute,2,WebAttack,task6,n_attack,22159.0
ffnn_ewc_replay,permute,2,WebAttack,task6,accuracy,0.11356
ffnn_ewc_replay,permute,2,WebAttack,task6,macro_f1,0.4973721093202523
ffnn_ewc_replay,permute,2,WebAttack,task6,fpr,0.0007039774727208729
ffnn_ewc_replay,permute,2,WebAttack,task6,detection_rate,0.9987364050724311
ffnn_ewc_replay,permute,2,WebAttack,task6,binary_f1,0.9993226767813601
ffnn_ewc_replay,permute,2,WebAttack,task6,category_recall,0.0
ffnn_ewc_replay,permute,2,WebAttack,seen,n,263702.0
ffnn_ewc_replay,permute,2,WebAttack,seen,n_benign,228792.0
ffnn_ewc_replay,permute,2,WebAttack,seen,n_attack,34910.0
ffnn_ewc_replay,permute,2,WebAttack,seen,accuracy,0.9998331449894199
ffnn_ewc_replay,permute,2,WebAttack,seen,macro_f1,0.9587489473809304
ffnn_ewc_replay,permute,2,WebAttack,seen,fpr,9.615720829399629e-05
ffnn_ewc_replay,permute,2,WebAttack,seen,detection_rate,0.9993698080779146
ffnn_ewc_replay,permute,2,WebAttack,seen,binary_f1,0.9993698080779146
ffnn_ewc_replay,permute,2,WebAttack,all,n,416344.0
ffnn_ewc_replay,permute,2,WebAttack,all,n_benign,313491.0
ffnn_ewc_replay,permute,2,WebAttack,all,n_attack,102853.0
ffnn_ewc_replay,permute,2,WebAttack,all,accuracy,0.8366783236938685
ffnn_ewc_replay,permute,2,WebAttack,all,macro_f1,0.4373549780044889
ffnn_ewc_replay,permute,2,WebAttack,all,fpr,0.00010526617989033178
ffnn_ewc_replay,permute,2,WebAttack,all,detection_rate,0.5545584474930241
ffnn_ewc_replay,permute,2,WebAttack,all,binary_f1,0.7133138240664315
ffnn_ewc_replay,random_src,2,WebAttack,task0,n,138702.0
ffnn_ewc_replay,random_src,2,WebAttack,task0,n_benign,137422.0
ffnn_ewc_replay,random_src,2,WebAttack,task0,n_attack,1280.0
ffnn_ewc_replay,random_src,2,WebAttack,task0,accuracy,0.999956741791755
ffnn_ewc_replay,random_src,2,WebAttack,task0,macro_f1,0.9997938482430113
ffnn_ewc_replay,random_src,2,WebAttack,task0,fpr,4.366113140545182e-05
ffnn_ewc_replay,random_src,2,WebAttack,task0,detection_rate,1.0
ffnn_ewc_replay,random_src,2,WebAttack,task0,binary_f1,0.9976617303195635
ffnn_ewc_replay,random_src,2,WebAttack,task0,category_recall,1.0
ffnn_ewc_replay,random_src,2,WebAttack,task1,n,100000.0
ffnn_ewc_replay,random_src,2,WebAttack,task1,n_benign,66394.0
ffnn_ewc_replay,random_src,2,WebAttack,task1,n_attack,33606.0
ffnn_ewc_replay,random_src,2,WebAttack,task1,accuracy,0.99967
ffnn_ewc_replay,random_src,2,WebAttack,task1,macro_f1,0.9996525359194861
ffnn_ewc_replay,random_src,2,WebAttack,task1,fpr,0.00018073922342380335
ffnn_ewc_replay,random_src,2,WebAttack,task1,detection_rate,0.9993751115872166
ffnn_ewc_replay,random_src,2,WebAttack,task1,binary_f1,0.9995089504932816
ffnn_ewc_replay,random_src,2,WebAttack,task1,category_recall,0.9993751115872166
ffnn_ewc_replay,random_src,2,WebAttack,task2,n,25000.0
ffnn_ewc_replay,random_src,2,WebAttack,task2,n_benign,24976.0
ffnn_ewc_replay,random_src,2,WebAttack,task2,n_attack,24.0
ffnn_ewc_replay,random_src,2,WebAttack,task2,accuracy,0.9998
ffnn_ewc_replay,random_src,2,WebAttack,task2,macro_f1,0.9791166156145936
ffnn_ewc_replay,random_src,2,WebAttack,task2,fpr,0.00016015374759769378
ffnn_ewc_replay,random_src,2,WebAttack,task2,detection_rate,0.9583333333333334
ffnn_ewc_replay,random_src,2,WebAttack,task2,binary_f1,0.9019607843137255
ffnn_ewc_replay,random_src,2,WebAttack,task2,category_recall,0.9583333333333334
ffnn_ewc_replay,random_src,2,WebAttack,task3,n,45000.0
ffnn_ewc_replay,random_src,2,WebAttack,task3,n_benign,28566.0
ffnn_ewc_replay,random_src,2,WebAttack,task3,n_attack,16434.0
ffnn_ewc_replay,random_src,2,WebAttack,task3,accuracy,0.6347777777777778
ffnn_ewc_replay,random_src,2,WebAttack,task3,macro_f1,0.3883699745754646
ffnn_ewc_replay,random_src,2,WebAttack,task3,fpr,3.500665126374011e-05
ffnn_ewc_replay,random_src,2,WebAttack,task3,detection_rate,0.0008518924181574784
ffnn_ewc_replay,random_src,2,WebAttack,task3,binary_f1,0.0017022311386710438
ffnn_ewc_replay,random_src,2,WebAttack,task3,category_recall,0.0
ffnn_ewc_replay,random_src,2,WebAttack,task4,n,27642.0
ffnn_ewc_replay,random_src,2,WebAttack,task4,n_benign,27569.0
ffnn_ewc_replay,random_src,2,WebAttack,task4,n_attack,73.0
ffnn_ewc_replay,random_src,2,WebAttack,task4,accuracy,0.997214383908545
ffnn_ewc_replay,random_src,2,WebAttack,task4,macro_f1,0.4993026246671618
ffnn_ewc_replay,random_src,2,WebAttack,task4,fpr,0.00014509050019949945
ffnn_ewc_replay,random_src,2,WebAttack,task4,detection_rate,0.0
ffnn_ewc_replay,random_src,2,WebAttack,task4,binary_f1,0.0
ffnn_ewc_replay,random_src,2,WebAttack,task4,category_recall,0.0
ffnn_ewc_replay,random_src,2,WebAttack,task5,n,55000.0
ffnn_ewc_replay,random_src,2,WebAttack,task5,n_benign,25723.0
ffnn_ewc_replay,random_src,2,WebAttack,task5,n_attack,29277.0
ffnn_ewc_replay,random_src,2,WebAttack,task5,accuracy,0.4676181818181818
ffnn_ewc_replay,random_src,2,WebAttack,task5,macro_f1,0.3186436058180737
ffnn_ewc_replay,random_src,2,WebAttack,task5,fpr,0.0001555028573650041
ffnn_ewc_replay,random_src,2,WebAttack,task5,detection_rate,0.00017078252553198758
ffnn_ewc_replay,random_src,2,WebAttack,task5,binary_f1,0.00034146008331626033
ffnn_ewc_replay,random_src,2,WebAttack,task5,category_recall,0.0
ffnn_ewc_replay,random_src,2,WebAttack,task6,n,25000.0
ffnn_ewc_replay,random_src,2,WebAttack,task6,n_benign,2841.0
ffnn_ewc_replay,random_src,2,WebAttack,task6,n_attack,22159.0
ffnn_ewc_replay,random_src,2,WebAttack,task6,accuracy,0.11356
ffnn_ewc_replay,random_src,2,WebAttack,task6,macro_f1,0.4973721093202523
ffnn_ewc_replay,random_src,2,WebAttack,task6,fpr,0.0007039774727208729
ffnn_ewc_replay,random_src,2,WebAttack,task6,detection_rate,0.9987364050724311
ffnn_ewc_replay,random_src,2,WebAttack,task6,binary_f1,0.9993226767813601
ffnn_ewc_replay,random_src,2,WebAttack,task6,category_recall,0.0
ffnn_ewc_replay,random_src,2,WebAttack,seen,n,263702.0
ffnn_ewc_replay,random_src,2,WebAttack,seen,n_benign,228792.0
ffnn_ewc_replay,random_src,2,WebAttack,seen,n_attack,34910.0
ffnn_ewc_replay,random_src,2,WebAttack,seen,accuracy,0.9998331449894199
ffnn_ewc_replay,random_src,2,WebAttack,seen,macro_f1,0.9587489473809304
ffnn_ewc_replay,random_src,2,WebAttack,seen,fpr,9.615720829399629e-05
ffnn_ewc_replay,random_src,2,WebAttack,seen,detection_rate,0.9993698080779146
ffnn_ewc_replay,random_src,2,WebAttack,seen,binary_f1,0.9993698080779146
ffnn_ewc_replay,random_src,2,WebAttack,all,n,416344.0
ffnn_ewc_replay,random_src,2,WebAttack,all,n_benign,313491.0
ffnn_ewc_replay,random_src,2,WebAttack,all,n_attack,102853.0
ffnn_ewc_replay,random_src,2,WebAttack,all,accuracy,0.8366783236938685
ffnn_ewc_replay,random_src,2,WebAttack,all,macro_f1,0.4373549780044889
ffnn_ewc_replay,random_src,2,WebAttack,all,fpr,0.00010526617989033178
ffnn_ewc_replay,random_src,2,WebAttack,all,detection_rate,0.5545584474930241
ffnn_ewc_replay,random_src,2,WebAttack,all,binary_f1,0.7133138240664315
ffnn_ewc_replay,none,3,Infiltration,task0,n,138702.0
ffnn_ewc_replay,none,3,Infiltration,task0,n_benign,137422.0
ffnn_ewc_replay,none,3,Infiltration,task0,n_attack,1280.0
ffnn_ewc_replay,none,3,Infiltration,task0,accuracy,0.9992790298625831
ffnn_ewc_replay,none,3,Infiltration,task0,macro_f1,0.9996227761684291
ffnn_ewc_replay,none,3,Infiltration,task0,fpr,0.000727685523424197
ffnn_ewc_replay,none,3,Infiltration,task0,detection_rate,1.0
ffnn_ewc_replay,none,3,Infiltration,task0,binary_f1,0.9624060150375939
ffnn_ewc_replay,none,3,Infiltration,task0,category_recall,1.0
ffnn_ewc_replay,none,3,Infiltration,task1,n,100000.0
ffnn_ewc_replay,none,3,Infiltration,task1,n_benign,66394.0
ffnn_ewc_replay,none,3,Infiltration,task1,n_attack,33606.0
ffnn_ewc_replay,none,3,Infiltration,task1,accuracy,0.99925
ffnn_ewc_replay,none,3,Infiltration,task1,macro_f1,0.9995538178795286
ffnn_ewc_replay,none,3,Infiltration,task1,fpr,0.0008886345151670332
ffnn_ewc_replay,none,3,Infiltration,task1,detection_rate,0.9995238945426412
ffnn_ewc_replay,none,3,Infiltration,task1,binary_f1,0.9988848412757416
ffnn_ewc_replay,none,3,Infiltration,task1,category_recall,0.9995238945426412
ffnn_ewc_replay,none,3,Infiltration,task2,n,25000.0
ffnn_ewc_replay,none,3,Infiltration,task2,n_benign,24976.0
ffnn_ewc_replay,none,3,Infiltration,task2,n_attack,24.0
ffnn_ewc_replay,none,3,Infiltration,task2,accuracy,0.99904
ffnn_ewc_replay,none,3,Infiltration,task2,macro_f1,0.9420673558366328
ffnn_ewc_replay,none,3,Infiltration,task2,fpr,0.0009208840486867393
ffnn_ewc_replay,none,3,Infiltration,task2,detection_rate,0.9583333333333334
ffnn_ewc_replay,none,3,Infiltration,task2,binary_f1,0.6571428571428571
ffnn_ewc_replay,none,3,Infiltration,task2,category_recall,0.9583333333333334
ffnn_ewc_replay,none,3,Infiltration,task3,n,45000.0
ffnn_ewc_replay,none,3,Infiltration,task3,n_benign,28566.0
ffnn_ewc_replay,none,3,Infiltration,task3,n_attack,16434.0
ffnn_ewc_replay,none,3,Infiltration,task3,accuracy,0.9973555555555556
ffnn_ewc_replay,none,3,Infiltration,task3,macro_f1,0.9972140080200957
ffnn_ewc_replay,none,3,Infiltration,task3,fpr,0.0023104389834068474
ffnn_ewc_replay,none,3,Infiltration,task3,detection_rate,0.9970183765364489
ffnn_ewc_replay,none,3,Infiltration,task3,binary_f1,0.9965029648776038
ffnn_ewc_replay,none,3,Infiltration,task3,category_recall,0.9967749787026895
ffnn_ewc_replay,none,3,Infiltration,task4,n,27642.0
ffnn_ewc_replay,none,3,Infiltration,task4,n_benign,27569.0
ffnn_ewc_replay,none,3,Infiltration,task4,n_attack,73.0
ffnn_ewc_replay,none,3,Infiltration,task4,accuracy,0.988604297807684
ffnn_ewc_replay,none,3,Infiltration,task4,macro_f1,0.4971347486765268
ffnn_ewc_replay,none,3,Infiltration,task4,fpr,0.008777975262069715
ffnn_ewc_replay,none,3,Infiltration,task4,detection_rate,0.0
ffnn_ewc_replay,none,3,Infiltration,task4,binary_f1,0.0
ffnn_ewc_replay,none,3,Infiltration,task4,category_recall,0.0
ffnn_ewc_replay,none,3,Infiltration,task5,n,55000.0
ffnn_ewc_replay,none,3,Infiltration,task5,n_benign,25723.0
ffnn_ewc_replay,none,3,Infiltration,task5,n_attack,29277.0
ffnn_ewc_replay,none,3,Infiltration,task5,accuracy,0.45645454545454545
ffnn_ewc_replay,none,3,Infiltration,task5,macro_f1,0.4923417858053382
ffnn_ewc_replay,none,3,Infiltration,task5,fpr,0.02402519146289313
ffnn_ewc_replay,none,3,Infiltration,task5,detection_rate,0.9944324896676572
ffnn_ewc_replay,none,3,Infiltration,task5,binary_f1,0.9867647308037757
ffnn_ewc_replay,none,3,Infiltration,task5,category_recall,0.0
ffnn_ewc_replay,none,3,Infiltration,task6,n,25000.0
ffnn_ewc_replay,none,3,Infiltration,task6,n_benign,2841.0
ffnn_ewc_replay,none,3,Infiltration,task6,n_attack,22159.0
ffnn_ewc_replay,none,3,Infiltration,task6,accuracy,0.11076
ffnn_ewc_replay,none,3,Infiltration,task6,macro_f1,0.49279231179925254
ffnn_ewc_replay,none,3,Infiltration,task6,fpr,0.025343189017951427
ffnn_ewc_replay,none,3,Infiltration,task6,detection_rate,0.9995938444875672
ffnn_ewc_replay,none,3,Infiltration,task6,binary_f1,0.9981748946621302
ffnn_ewc_replay,none,3,Infiltration,task6,category_recall,0.0
ffnn_ewc_replay,none,3,Infiltration,seen,n,308702.0
ffnn_ewc_replay,none,3,Infiltration,seen,n_benign,257358.0
ffnn_ewc_replay,none,3,Infiltration,seen,n_attack,51344.0
ffnn_ewc_replay,none,3,Infiltration,seen,accuracy,0.998969880337672
ffnn_ewc_replay,none,3,Infiltration,seen,macro_f1,0.9293693026237152
ffnn_ewc_replay,none,3,Infiltration,seen,fpr,0.0009636382004833733
ffnn_ewc_replay,none,3,Infiltration,seen,detection_rate,0.9987145528201932
ffnn_ewc_replay,none,3,Infiltration,seen,binary_f1,0.9969476037717507
ffnn_ewc_replay,none,3,Infiltration,all,n,416344.0
ffnn_ewc_replay,none,3,Infiltration,all,n_benign,313491.0
ffnn_ewc_replay,none,3,Infiltration,all,n_attack,102853.0
ffnn_ewc_replay,none,3,Infiltration,all,accuracy,0.8732802682397248
ffnn_ewc_replay,none,3,Infiltration,all,macro_f1,0.4820893268147983
ffnn_ewc_replay,none,3,Infiltration,all,fpr,0.0037640634021391364
ffnn_ewc_replay,none,3,Infiltration,all,detection_rate,0.996976267099647
ffnn_ewc_replay,none,3,Infiltration,all,binary_f1,0.9927822824639961
ffnn_ewc_replay,permute,3,Infiltration,task0,n,138702.0
ffnn_ewc_replay,permute,3,Infiltration,task0,n_benign,137422.0
ffnn_ewc_replay,permute,3,Infiltration,task0,n_attack,1280.0
ffnn_ewc_replay,permute,3,Infiltration,task0,accuracy,0.9992790298625831
ffnn_ewc_replay,permute,3,Infiltration,task0,macro_f1,0.9996227761684291
ffnn_ewc_replay,permute,3,Infiltration,task0,fpr,0.000727685523424197
ffnn_ewc_replay,permute,3,Infiltration,task0,detection_rate,1.0
ffnn_ewc_replay,permute,3,Infiltration,task0,binary_f1,0.9624060150375939
ffnn_ewc_replay,permute,3,Infiltration,task0,category_recall,1.0
ffnn_ewc_replay,permute,3,Infiltration,task1,n,100000.0
ffnn_ewc_replay,permute,3,Infiltration,task1,n_benign,66394.0
ffnn_ewc_replay,permute,3,Infiltration,task1,n_attack,33606.0
ffnn_ewc_replay,permute,3,Infiltration,task1,accuracy,0.99925
ffnn_ewc_replay,permute,3,Infiltration,task1,macro_f1,0.9995538178795286
ffnn_ewc_replay,permute,3,Infiltration,task1,fpr,0.0008886345151670332
ffnn_ewc_replay,permute,3,Infiltration,task1,detection_rate,0.9995238945426412
ffnn_ewc_replay,permute,3,Infiltration,task1,binary_f1,0.9988848412757416
ffnn_ewc_replay,permute,3,Infiltration,task1,category_recall,0.9995238945426412
ffnn_ewc_replay,permute,3,Infiltration,task2,n,25000.0
ffnn_ewc_replay,permute,3,Infiltration,task2,n_benign,24976.0
ffnn_ewc_replay,permute,3,Infiltration,task2,n_attack,24.0
ffnn_ewc_replay,permute,3,Infiltration,task2,accuracy,0.99904
ffnn_ewc_replay,permute,3,Infiltration,task2,macro_f1,0.9420673558366328
ffnn_ewc_replay,permute,3,Infiltration,task2,fpr,0.0009208840486867393
ffnn_ewc_replay,permute,3,Infiltration,task2,detection_rate,0.9583333333333334
ffnn_ewc_replay,permute,3,Infiltration,task2,binary_f1,0.6571428571428571
ffnn_ewc_replay,permute,3,Infiltration,task2,category_recall,0.9583333333333334
ffnn_ewc_replay,permute,3,Infiltration,task3,n,45000.0
ffnn_ewc_replay,permute,3,Infiltration,task3,n_benign,28566.0
ffnn_ewc_replay,permute,3,Infiltration,task3,n_attack,16434.0
ffnn_ewc_replay,permute,3,Infiltration,task3,accuracy,0.9973555555555556
ffnn_ewc_replay,permute,3,Infiltration,task3,macro_f1,0.9972140080200957
ffnn_ewc_replay,permute,3,Infiltration,task3,fpr,0.0023104389834068474
ffnn_ewc_replay,permute,3,Infiltration,task3,detection_rate,0.9970183765364489
ffnn_ewc_replay,permute,3,Infiltration,task3,binary_f1,0.9965029648776038
ffnn_ewc_replay,permute,3,Infiltration,task3,category_recall,0.9967749787026895
ffnn_ewc_replay,permute,3,Infiltration,task4,n,27642.0
ffnn_ewc_replay,permute,3,Infiltration,task4,n_benign,27569.0
ffnn_ewc_replay,permute,3,Infiltration,task4,n_attack,73.0
ffnn_ewc_replay,permute,3,Infiltration,task4,accuracy,0.988604297807684
ffnn_ewc_replay,permute,3,Infiltration,task4,macro_f1,0.4971347486765268
ffnn_ewc_replay,permute,3,Infiltration,task4,fpr,0.008777975262069715
ffnn_ewc_replay,permute,3,Infiltration,task4,detection_rate,0.0
ffnn_ewc_replay,permute,3,Infiltration,task4,binary_f1,0.0
ffnn_ewc_replay,permute,3,Infiltration,task4,category_recall,0.0
ffnn_ewc_replay,permute,3,Infiltration,task5,n,55000.0
ffnn_ewc_replay,permute,3,Infiltration,task5,n_benign,25723.0
ffnn_ewc_replay,permute,3,Infiltration,task5,n_attack,29277.0
ffnn_ewc_replay,permute,3,Infiltration,task5,accuracy,0.45645454545454545
ffnn_ewc_replay,permute,3,Infiltration,task5,macro_f1,0.4923417858053382
ffnn_ewc_replay,permute,3,Infiltration,task5,fpr,0.02402519146289313
ffnn_ewc_replay,permute,3,Infiltration,task5,detection_rate,0.9944324896676572
ffnn_ewc_replay,permute,3,Infiltration,task5,binary_f1,0.9867647308037757
ffnn_ewc_replay,permute,3,Infiltration,task5,category_recall,0.0
ffnn_ewc_replay,permute,3,Infiltration,task6,n,25000.0
ffnn_ewc_replay,permute,3,Infiltration,task6,n_benign,2841.0
ffnn_ewc_replay,permute,3,Infiltration,task6,n_attack,22159.0
ffnn_ewc_replay,permute,3,Infiltration,task6,accuracy,0.11076
ffnn_ewc_replay,permute,3,Infiltration,task6,macro_f1,0.49279231179925254
ffnn_ewc_replay,permute,3,Infiltration,task6,fpr,0.025343189017951427
ffnn_ewc_replay,permute,3,Infiltration,task6,detection_rate,0.9995938444875672
ffnn_ewc_replay,permute,3,Infiltration,task6,binary_f1,0.9981748946621302
ffnn_ewc_replay,permute,3,Infiltration,task6,category_recall,0.0
ffnn_ewc_replay,permute,3,Infiltration,seen,n,308702.0
ffnn_ewc_replay,permute,3,Infiltration,seen,n_benign,257358.0
ffnn_ewc_replay,permute,3,Infiltration,seen,n_attack,51344.0
ffnn_ewc_replay,permute,3,Infiltration,seen,accuracy,0.998969880337672
ffnn_ewc_replay,permute,3,Infiltration,seen,macro_f1,0.9293693026237152
ffnn_ewc_replay,permute,3,Infiltration,seen,fpr,0.0009636382004833733
ffnn_ewc_replay,permute,3,Infiltration,seen,detection_rate,0.9987145528201932
ffnn_ewc_replay,permute,3,Infiltration,seen,binary_f1,0.9969476037717507
ffnn_ewc_replay,permute,3,Infiltration,all,n,416344.0
ffnn_ewc_replay,permute,3,Infiltration,all,n_benign,313491.0
ffnn_ewc_replay,permute,3,Infiltration,all,n_attack,102853.0
ffnn_ewc_replay,permute,3,Infiltration,all,accuracy,0.8732802682397248
ffnn_ewc_replay,permute,3,Infiltration,all,macro_f1,0.4820893268147983
ffnn_ewc_replay,permute,3,Infiltration,all,fpr,0.0037640634021391364
ffnn_ewc_replay,permute,3,Infiltration,all,detection_rate,0.996976267099647
ffnn_ewc_replay,permute,3,Infiltration,all,binary_f1,0.9927822824639961
ffnn_ewc_replay,random_src,3,Infiltration,task0,n,138702.0
ffnn_ewc_replay,random_src,3,Infiltration,task0,n_benign,137422.0
ffnn_ewc_replay,random_src,3,Infiltration,task0,n_attack,1280.0
ffnn_ewc_replay,random_src,3,Infiltration,task0,accuracy,0.9992790298625831
ffnn_ewc_replay,random_src,3,Infiltration,task0,macro_f1,0.9996227761684291
ffnn_ewc_replay,random_src,3,Infiltration,task0,fpr,0.000727685523424197
ffnn_ewc_replay,random_src,3,Infiltration,task0,detection_rate,1.0
ffnn_ewc_replay,random_src,3,Infiltration,task0,binary_f1,0.9624060150375939
ffnn_ewc_replay,random_src,3,Infiltration,task0,category_recall,1.0
ffnn_ewc_replay,random_src,3,Infiltration,task1,n,100000.0
ffnn_ewc_replay,random_src,3,Infiltration,task1,n_benign,66394.0
ffnn_ewc_replay,random_src,3,Infiltration,task1,n_attack,33606.0
ffnn_ewc_replay,random_src,3,Infiltration,task1,accuracy,0.99925
ffnn_ewc_replay,random_src,3,Infiltration,task1,macro_f1,0.9995538178795286
ffnn_ewc_replay,random_src,3,Infiltration,task1,fpr,0.0008886345151670332
ffnn_ewc_replay,random_src,3,Infiltration,task1,detection_rate,0.9995238945426412
ffnn_ewc_replay,random_src,3,Infiltration,task1,binary_f1,0.9988848412757416
ffnn_ewc_replay,random_src,3,Infiltration,task1,category_recall,0.9995238945426412
ffnn_ewc_replay,random_src,3,Infiltration,task2,n,25000.0
ffnn_ewc_replay,random_src,3,Infiltration,task2,n_benign,24976.0
ffnn_ewc_replay,random_src,3,Infiltration,task2,n_attack,24.0
ffnn_ewc_replay,random_src,3,Infiltration,task2,accuracy,0.99904
ffnn_ewc_replay,random_src,3,Infiltration,task2,macro_f1,0.9420673558366328
ffnn_ewc_replay,random_src,3,Infiltration,task2,fpr,0.0009208840486867393
ffnn_ewc_replay,random_src,3,Infiltration,task2,detection_rate,0.9583333333333334
ffnn_ewc_replay,random_src,3,Infiltration,task2,binary_f1,0.6571428571428571
ffnn_ewc_replay,random_src,3,Infiltration,task2,category_recall,0.9583333333333334
ffnn_ewc_replay,random_src,3,Infiltration,task3,n,45000.0
ffnn_ewc_replay,random_src,3,Infiltration,task3,n_benign,28566.0
ffnn_ewc_replay,random_src,3,Infiltration,task3,n_attack,16434.0
ffnn_ewc_replay,random_src,3,Infiltration,task3,accuracy,0.9973555555555556
ffnn_ewc_replay,random_src,3,Infiltration,task3,macro_f1,0.9972140080200957
ffnn_ewc_replay,random_src,3,Infiltration,task3,fpr,0.0023104389834068474
ffnn_ewc_replay,random_src,3,Infiltration,task3,detection_rate,0.9970183765364489
ffnn_ewc_replay,random_src,3,Infiltration,task3,binary_f1,0.9965029648776038
ffnn_ewc_replay,random_src,3,Infiltration,task3,category_recall,0.9967749787026895
ffnn_ewc_replay,random_src,3,Infiltration,task4,n,27642.0
ffnn_ewc_replay,random_src,3,Infiltration,task4,n_benign,27569.0
ffnn_ewc_replay,random_src,3,Infiltration,task4,n_attack,73.0
ffnn_ewc_replay,random_src,3,Infiltration,task4,accuracy,0.988604297807684
ffnn_ewc_replay,random_src,3,Infiltration,task4,macro_f1,0.4971347486765268
ffnn_ewc_replay,random_src,3,Infiltration,task4,fpr,0.008777975262069715
ffnn_ewc_replay,random_src,3,Infiltration,task4,detection_rate,0.0
ffnn_ewc_replay,random_src,3,Infiltration,task4,binary_f1,0.0
ffnn_ewc_replay,random_src,3,Infiltration,task4,category_recall,0.0
ffnn_ewc_replay,random_src,3,Infiltration,task5,n,55000.0
ffnn_ewc_replay,random_src,3,Infiltration,task5,n_benign,25723.0
ffnn_ewc_replay,random_src,3,Infiltration,task5,n_attack,29277.0
ffnn_ewc_replay,random_src,3,Infiltration,task5,accuracy,0.45645454545454545
ffnn_ewc_replay,random_src,3,Infiltration,task5,macro_f1,0.4923417858053382
ffnn_ewc_replay,random_src,3,Infiltration,task5,fpr,0.02402519146289313
ffnn_ewc_replay,random_src,3,Infiltration,task5,detection_rate,0.9944324896676572
ffnn_ewc_replay,random_src,3,Infiltration,task5,binary_f1,0.9867647308037757
ffnn_ewc_replay,random_src,3,Infiltration,task5,category_recall,0.0
ffnn_ewc_replay,random_src,3,Infiltration,task6,n,25000.0
ffnn_ewc_replay,random_src,3,Infiltration,task6,n_benign,2841.0
ffnn_ewc_replay,random_src,3,Infiltration,task6,n_attack,22159.0
ffnn_ewc_replay,random_src,3,Infiltration,task6,accuracy,0.11076
ffnn_ewc_replay,random_src,3,Infiltration,task6,macro_f1,0.49279231179925254
ffnn_ewc_replay,random_src,3,Infiltration,task6,fpr,0.025343189017951427
ffnn_ewc_replay,random_src,3,Infiltration,task6,detection_rate,0.9995938444875672
ffnn_ewc_replay,random_src,3,Infiltration,task6,binary_f1,0.9981748946621302
ffnn_ewc_replay,random_src,3,Infiltration,task6,category_recall,0.0
ffnn_ewc_replay,random_src,3,Infiltration,seen,n,308702.0
ffnn_ewc_replay,random_src,3,Infiltration,seen,n_benign,257358.0
ffnn_ewc_replay,random_src,3,Infiltration,seen,n_attack,51344.0
ffnn_ewc_replay,random_src,3,Infiltration,seen,accuracy,0.998969880337672
ffnn_ewc_replay,random_src,3,Infiltration,seen,macro_f1,0.9293693026237152
ffnn_ewc_replay,random_src,3,Infiltration,seen,fpr,0.0009636382004833733
ffnn_ewc_replay,random_src,3,Infiltration,seen,detection_rate,0.9987145528201932
ffnn_ewc_replay,random_src,3,Infiltration,seen,binary_f1,0.9969476037717507
ffnn_ewc_replay,random_src,3,Infiltration,all,n,416344.0
ffnn_ewc_replay,random_src,3,Infiltration,all,n_benign,313491.0
ffnn_ewc_replay,random_src,3,Infiltration,all,n_attack,102853.0
ffnn_ewc_replay,random_src,3,Infiltration,all,accuracy,0.8732802682397248
ffnn_ewc_replay,random_src,3,Infiltration,all,macro_f1,0.4820893268147983
ffnn_ewc_replay,random_src,3,Infiltration,all,fpr,0.0037640634021391364
ffnn_ewc_replay,random_src,3,Infiltration,all,detection_rate,0.996976267099647
ffnn_ewc_replay,random_src,3,Infiltration,all,binary_f1,0.9927822824639961
ffnn_ewc_replay,none,4,Botnet,task0,n,138702.0
ffnn_ewc_replay,none,4,Botnet,task0,n_benign,137422.0
ffnn_ewc_replay,none,4,Botnet,task0,n_attack,1280.0
ffnn_ewc_replay,none,4,Botnet,task0,accuracy,0.9998269671670199
ffnn_ewc_replay,none,4,Botnet,task0,macro_f1,0.9997610988198274
ffnn_ewc_replay,none,4,Botnet,task0,fpr,0.00017464452562180729
ffnn_ewc_replay,none,4,Botnet,task0,detection_rate,1.0
ffnn_ewc_replay,none,4,Botnet,task0,binary_f1,0.9907120743034056
ffnn_ewc_replay,none,4,Botnet,task0,category_recall,1.0
ffnn_ewc_replay,none,4,Botnet,task1,n,100000.0
ffnn_ewc_replay,none,4,Botnet,task1,n_benign,66394.0
ffnn_ewc_replay,none,4,Botnet,task1,n_attack,33606.0
ffnn_ewc_replay,none,4,Botnet,task1,accuracy,0.99953
ffnn_ewc_replay,none,4,Botnet,task1,macro_f1,0.9995700389257587
ffnn_ewc_replay,none,4,Botnet,task1,fpr,0.00033135524294363946
ffnn_ewc_replay,none,4,Botnet,task1,detection_rate,0.9992560852228769
ffnn_ewc_replay,none,4,Botnet,task1,binary_f1,0.9993006888958325
ffnn_ewc_replay,none,4,Botnet,task1,category_recall,0.9992560852228769
ffnn_ewc_replay,none,4,Botnet,task2,n,25000.0
ffnn_ewc_replay,none,4,Botnet,task2,n_benign,24976.0
ffnn_ewc_replay,none,4,Botnet,task2,n_attack,24.0
ffnn_ewc_replay,none,4,Botnet,task2,accuracy,0.99968
ffnn_ewc_replay,none,4,Botnet,task2,macro_f1,0.9422276058142793
ffnn_ewc_replay,none,4,Botnet,task2,fpr,0.0002802690582959641
ffnn_ewc_replay,none,4,Botnet,task2,detection_rate,0.9583333333333334
ffnn_ewc_replay,none,4,Botnet,task2,binary_f1,0.8518518518518519
ffnn_ewc_replay,none,4,Botnet,task2,category_recall,0.9583333333333334
ffnn_ewc_replay,none,4,Botnet,task3,n,45000.0
ffnn_ewc_replay,none,4,Botnet,task3,n_benign,28566.0
ffnn_ewc_replay,none,4,Botnet,task3,n_attack,16434.0
ffnn_ewc_replay,none,4,Botnet,task3,accuracy,0.9978
ffnn_ewc_replay,none,4,Botnet,task3,macro_f1,0.9976748586698575
ffnn_ewc_replay,none,4,Botnet,task3,fpr,0.0014352727018133444
ffnn_ewc_replay,none,4,Botnet,task3,detection_rate,0.9965924303273701
ffnn_ewc_replay,none,4,Botnet,task3,binary_f1,0.9970474538093934
ffnn_ewc_replay,none,4,Botnet,task3,category_recall,0.9964707314104905
ffnn_ewc_replay,none,4,Botnet,task4,n,27642.0
ffnn_ewc_replay,none,4,Botnet,task4,n_benign,27569.0
ffnn_ewc_replay,none,4,Botnet,task4,n_attack,73.0
ffnn_ewc_replay,none,4,Botnet,task4,accuracy,0.9998552926705737
ffnn_ewc_replay,none,4,Botnet,task4,macro_f1,0.9999637247433526
ffnn_ewc_replay,none,4,Botnet,task4,fpr,0.00014509050019949945
ffnn_ewc_replay,none,4,Botnet,task4,detection_rate,1.0
ffnn_ewc_replay,none,4,Botnet,task4,binary_f1,0.9733333333333334
ffnn_ewc_replay,none,4,Botnet,task4,category_recall,1.0
ffnn_ewc_replay,none,4,Botnet,task5,n,55000.0
ffnn_ewc_replay,none,4,Botnet,task5,n_benign,25723.0
ffnn_ewc_replay,none,4,Botnet,task5,n_attack,29277.0
ffnn_ewc_replay,none,4,Botnet,task5,accuracy,0.4662363636363636
ffnn_ewc_replay,none,4,Botnet,task5,macro_f1,0.49700552379106505
ffnn_ewc_replay,none,4,Botnet,task5,fpr,0.0031100571473000817
ffnn_ewc_replay,none,4,Botnet,task5,detection_rate,0.992178160330635
ffnn_ewc_replay,none,4,Botnet,task5,binary_f1,0.9947093570755928
ffnn_ewc_replay,none,4,Botnet,task5,category_recall,0.0
ffnn_ewc_replay,none,4,Botnet,task6,n,25000.0
ffnn_ewc_replay,none,4,Botnet,task6,n_benign,2841.0
ffnn_ewc_replay,none,4,Botnet,task6,n_attack,22159.0
ffnn_ewc_replay,none,4,Botnet,task6,accuracy,0.11144
ffnn_ewc_replay,none,4,Botnet,task6,macro_f1,0.4908386187455955
ffnn_ewc_replay,none,4,Botnet,task6,fpr,0.019359380499824004
ffnn_ewc_replay,none,4,Botnet,task6,detection_rate,0.9977887088767544
ffnn_ewc_replay,none,4,Botnet,task6,binary_f1,0.9976536413681075
ffnn_ewc_replay,none,4,Botnet,task6,category_recall,0.0
ffnn_ewc_replay,none,4,Botnet,seen,n,336344.0
ffnn_ewc_replay,none,4,Botnet,seen,n_benign,284927.0
ffnn_ewc_replay,none,4,Botnet,seen,n_attack,51417.0
ffnn_ewc_replay,none,4,Botnet,seen,accuracy,0.9994588873296387
ffnn_ewc_replay,none,4,Botnet,seen,macro_f1,0.9349753032211542
ffnn_ewc_replay,none,4,Botnet,seen,fpr,0.00034394774801966817
ffnn_ewc_replay,none,4,Botnet,seen,detection_rate,0.9984051967248186
ffnn_ewc_replay,none,4,Botnet,seen,binary_f1,0.9982498784637822
ffnn_ewc_replay,none,4,Botnet,all,n,416344.0
ffnn_ewc_replay,none,4,Botnet,all,n_benign,313491.0
ffnn_ewc_replay,none,4,Botnet,all,n_attack,102853.0
ffnn_ewc_replay,none,4,Botnet,all,accuracy,0.8756965394001115
ffnn_ewc_replay,none,4,Botnet,all,macro_f1,0.5827330773044336
ffnn_ewc_replay,none,4,Botnet,all,fpr,0.0007432430277105244
ffnn_ewc_replay,none,4,Botnet,all,detection_rate,0.9964998590220995
ffnn_ewc_replay,none,4,Botnet,all,binary_f1,0.9971154641281453
ffnn_ewc_replay,permute,4,Botnet,task0,n,138702.0
ffnn_ewc_replay,permute,4,Botnet,task0,n_benign,137422.0
ffnn_ewc_replay,permute,4,Botnet,task0,n_attack,1280.0
ffnn_ewc_replay,permute,4,Botnet,task0,accuracy,0.9998269671670199
ffnn_ewc_replay,permute,4,Botnet,task0,macro_f1,0.9997610988198274
ffnn_ewc_replay,permute,4,Botnet,task0,fpr,0.00017464452562180729
ffnn_ewc_replay,permute,4,Botnet,task0,detection_rate,1.0
ffnn_ewc_replay,permute,4,Botnet,task0,binary_f1,0.9907120743034056
ffnn_ewc_replay,permute,4,Botnet,task0,category_recall,1.0
ffnn_ewc_replay,permute,4,Botnet,task1,n,100000.0
ffnn_ewc_replay,permute,4,Botnet,task1,n_benign,66394.0
ffnn_ewc_replay,permute,4,Botnet,task1,n_attack,33606.0
ffnn_ewc_replay,permute,4,Botnet,task1,accuracy,0.99953
ffnn_ewc_replay,permute,4,Botnet,task1,macro_f1,0.9995700389257587
ffnn_ewc_replay,permute,4,Botnet,task1,fpr,0.00033135524294363946
ffnn_ewc_replay,permute,4,Botnet,task1,detection_rate,0.9992560852228769
ffnn_ewc_replay,permute,4,Botnet,task1,binary_f1,0.9993006888958325
ffnn_ewc_replay,permute,4,Botnet,task1,category_recall,0.9992560852228769
ffnn_ewc_replay,permute,4,Botnet,task2,n,25000.0
ffnn_ewc_replay,permute,4,Botnet,task2,n_benign,24976.0
ffnn_ewc_replay,permute,4,Botnet,task2,n_attack,24.0
ffnn_ewc_replay,permute,4,Botnet,task2,accuracy,0.99968
ffnn_ewc_replay,permute,4,Botnet,task2,macro_f1,0.9422276058142793
ffnn_ewc_replay,permute,4,Botnet,task2,fpr,0.0002802690582959641
ffnn_ewc_replay,permute,4,Botnet,task2,detection_rate,0.9583333333333334
ffnn_ewc_replay,permute,4,Botnet,task2,binary_f1,0.8518518518518519
ffnn_ewc_replay,permute,4,Botnet,task2,category_recall,0.9583333333333334
ffnn_ewc_replay,permute,4,Botnet,task3,n,45000.0
ffnn_ewc_replay,permute,4,Botnet,task3,n_benign,28566.0
ffnn_ewc_replay,permute,4,Botnet,task3,n_attack,16434.0
ffnn_ewc_replay,permute,4,Botnet,task3,accuracy,0.9978
ffnn_ewc_replay,permute,4,Botnet,task3,macro_f1,0.9976748586698575
ffnn_ewc_replay,permute,4,Botnet,task3,fpr,0.0014352727018133444
ffnn_ewc_replay,permute,4,Botnet,task3,detection_rate,0.9965924303273701
ffnn_ewc_replay,permute,4,Botnet,task3,binary_f1,0.9970474538093934
ffnn_ewc_replay,permute,4,Botnet,task3,category_recall,0.9964707314104905
ffnn_ewc_replay,permute,4,Botnet,task4,n,27642.0
ffnn_ewc_replay,permute,4,Botnet,task4,n_benign,27569.0
ffnn_ewc_replay,permute,4,Botnet,task4,n_attack,73.0
ffnn_ewc_replay,permute,4,Botnet,task4,accuracy,0.9998552926705737
ffnn_ewc_replay,permute,4,Botnet,task4,macro_f1,0.9999637247433526
ffnn_ewc_replay,permute,4,Botnet,task4,fpr,0.00014509050019949945
ffnn_ewc_replay,permute,4,Botnet,task4,detection_rate,1.0
ffnn_ewc_replay,permute,4,Botnet,task4,binary_f1,0.9733333333333334
ffnn_ewc_replay,permute,4,Botnet,task4,category_recall,1.0
ffnn_ewc_replay,permute,4,Botnet,task5,n,55000.0
ffnn_ewc_replay,permute,4,Botnet,task5,n_benign,25723.0
ffnn_ewc_replay,permute,4,Botnet,task5,n_attack,29277.0
ffnn_ewc_replay,permute,4,Botnet,task5,accuracy,0.4662363636363636
ffnn_ewc_replay,permute,4,Botnet,task5,macro_f1,0.49700552379106505
ffnn_ewc_replay,permute,4,Botnet,task5,fpr,0.0031100571473000817
ffnn_ewc_replay,permute,4,Botnet,task5,detection_rate,0.992178160330635
ffnn_ewc_replay,permute,4,Botnet,task5,binary_f1,0.9947093570755928
ffnn_ewc_replay,permute,4,Botnet,task5,category_recall,0.0
ffnn_ewc_replay,permute,4,Botnet,task6,n,25000.0
ffnn_ewc_replay,permute,4,Botnet,task6,n_benign,2841.0
ffnn_ewc_replay,permute,4,Botnet,task6,n_attack,22159.0
ffnn_ewc_replay,permute,4,Botnet,task6,accuracy,0.11144
ffnn_ewc_replay,permute,4,Botnet,task6,macro_f1,0.4908386187455955
ffnn_ewc_replay,permute,4,Botnet,task6,fpr,0.019359380499824004
ffnn_ewc_replay,permute,4,Botnet,task6,detection_rate,0.9977887088767544
ffnn_ewc_replay,permute,4,Botnet,task6,binary_f1,0.9976536413681075
ffnn_ewc_replay,permute,4,Botnet,task6,category_recall,0.0
ffnn_ewc_replay,permute,4,Botnet,seen,n,336344.0
ffnn_ewc_replay,permute,4,Botnet,seen,n_benign,284927.0
ffnn_ewc_replay,permute,4,Botnet,seen,n_attack,51417.0
ffnn_ewc_replay,permute,4,Botnet,seen,accuracy,0.9994588873296387
ffnn_ewc_replay,permute,4,Botnet,seen,macro_f1,0.9349753032211542
ffnn_ewc_replay,permute,4,Botnet,seen,fpr,0.00034394774801966817
ffnn_ewc_replay,permute,4,Botnet,seen,detection_rate,0.9984051967248186
ffnn_ewc_replay,permute,4,Botnet,seen,binary_f1,0.9982498784637822
ffnn_ewc_replay,permute,4,Botnet,all,n,416344.0
ffnn_ewc_replay,permute,4,Botnet,all,n_benign,313491.0
ffnn_ewc_replay,permute,4,Botnet,all,n_attack,102853.0
ffnn_ewc_replay,permute,4,Botnet,all,accuracy,0.8756965394001115
ffnn_ewc_replay,permute,4,Botnet,all,macro_f1,0.5827330773044336
ffnn_ewc_replay,permute,4,Botnet,all,fpr,0.0007432430277105244
ffnn_ewc_replay,permute,4,Botnet,all,detection_rate,0.9964998590220995
ffnn_ewc_replay,permute,4,Botnet,all,binary_f1,0.9971154641281453
ffnn_ewc_replay,random_src,4,Botnet,task0,n,138702.0
ffnn_ewc_replay,random_src,4,Botnet,task0,n_benign,137422.0
ffnn_ewc_replay,random_src,4,Botnet,task0,n_attack,1280.0
ffnn_ewc_replay,random_src,4,Botnet,task0,accuracy,0.9998269671670199
ffnn_ewc_replay,random_src,4,Botnet,task0,macro_f1,0.9997610988198274
ffnn_ewc_replay,random_src,4,Botnet,task0,fpr,0.00017464452562180729
ffnn_ewc_replay,random_src,4,Botnet,task0,detection_rate,1.0
ffnn_ewc_replay,random_src,4,Botnet,task0,binary_f1,0.9907120743034056
ffnn_ewc_replay,random_src,4,Botnet,task0,category_recall,1.0
ffnn_ewc_replay,random_src,4,Botnet,task1,n,100000.0
ffnn_ewc_replay,random_src,4,Botnet,task1,n_benign,66394.0
ffnn_ewc_replay,random_src,4,Botnet,task1,n_attack,33606.0
ffnn_ewc_replay,random_src,4,Botnet,task1,accuracy,0.99953
ffnn_ewc_replay,random_src,4,Botnet,task1,macro_f1,0.9995700389257587
ffnn_ewc_replay,random_src,4,Botnet,task1,fpr,0.00033135524294363946
ffnn_ewc_replay,random_src,4,Botnet,task1,detection_rate,0.9992560852228769
ffnn_ewc_replay,random_src,4,Botnet,task1,binary_f1,0.9993006888958325
ffnn_ewc_replay,random_src,4,Botnet,task1,category_recall,0.9992560852228769
ffnn_ewc_replay,random_src,4,Botnet,task2,n,25000.0
ffnn_ewc_replay,random_src,4,Botnet,task2,n_benign,24976.0
ffnn_ewc_replay,random_src,4,Botnet,task2,n_attack,24.0
ffnn_ewc_replay,random_src,4,Botnet,task2,accuracy,0.99968
ffnn_ewc_replay,random_src,4,Botnet,task2,macro_f1,0.9422276058142793
ffnn_ewc_replay,random_src,4,Botnet,task2,fpr,0.0002802690582959641
ffnn_ewc_replay,random_src,4,Botnet,task2,detection_rate,0.9583333333333334
ffnn_ewc_replay,random_src,4,Botnet,task2,binary_f1,0.8518518518518519
ffnn_ewc_replay,random_src,4,Botnet,task2,category_recall,0.9583333333333334
ffnn_ewc_replay,random_src,4,Botnet,task3,n,45000.0
ffnn_ewc_replay,random_src,4,Botnet,task3,n_benign,28566.0
ffnn_ewc_replay,random_src,4,Botnet,task3,n_attack,16434.0
ffnn_ewc_replay,random_src,4,Botnet,task3,accuracy,0.9978
ffnn_ewc_replay,random_src,4,Botnet,task3,macro_f1,0.9976748586698575
ffnn_ewc_replay,random_src,4,Botnet,task3,fpr,0.0014352727018133444
ffnn_ewc_replay,random_src,4,Botnet,task3,detection_rate,0.9965924303273701
ffnn_ewc_replay,random_src,4,Botnet,task3,binary_f1,0.9970474538093934
ffnn_ewc_replay,random_src,4,Botnet,task3,category_recall,0.9964707314104905
ffnn_ewc_replay,random_src,4,Botnet,task4,n,27642.0
ffnn_ewc_replay,random_src,4,Botnet,task4,n_benign,27569.0
ffnn_ewc_replay,random_src,4,Botnet,task4,n_attack,73.0
ffnn_ewc_replay,random_src,4,Botnet,task4,accuracy,0.9998552926705737
ffnn_ewc_replay,random_src,4,Botnet,task4,macro_f1,0.9999637247433526
ffnn_ewc_replay,random_src,4,Botnet,task4,fpr,0.00014509050019949945
ffnn_ewc_replay,random_src,4,Botnet,task4,detection_rate,1.0
ffnn_ewc_replay,random_src,4,Botnet,task4,binary_f1,0.9733333333333334
ffnn_ewc_replay,random_src,4,Botnet,task4,category_recall,1.0
ffnn_ewc_replay,random_src,4,Botnet,task5,n,55000.0
ffnn_ewc_replay,random_src,4,Botnet,task5,n_benign,25723.0
ffnn_ewc_replay,random_src,4,Botnet,task5,n_attack,29277.0
ffnn_ewc_replay,random_src,4,Botnet,task5,accuracy,0.4662363636363636
ffnn_ewc_replay,random_src,4,Botnet,task5,macro_f1,0.49700552379106505
ffnn_ewc_replay,random_src,4,Botnet,task5,fpr,0.0031100571473000817
ffnn_ewc_replay,random_src,4,Botnet,task5,detection_rate,0.992178160330635
ffnn_ewc_replay,random_src,4,Botnet,task5,binary_f1,0.9947093570755928
ffnn_ewc_replay,random_src,4,Botnet,task5,category_recall,0.0
ffnn_ewc_replay,random_src,4,Botnet,task6,n,25000.0
ffnn_ewc_replay,random_src,4,Botnet,task6,n_benign,2841.0
ffnn_ewc_replay,random_src,4,Botnet,task6,n_attack,22159.0
ffnn_ewc_replay,random_src,4,Botnet,task6,accuracy,0.11144
ffnn_ewc_replay,random_src,4,Botnet,task6,macro_f1,0.4908386187455955
ffnn_ewc_replay,random_src,4,Botnet,task6,fpr,0.019359380499824004
ffnn_ewc_replay,random_src,4,Botnet,task6,detection_rate,0.9977887088767544
ffnn_ewc_replay,random_src,4,Botnet,task6,binary_f1,0.9976536413681075
ffnn_ewc_replay,random_src,4,Botnet,task6,category_recall,0.0
ffnn_ewc_replay,random_src,4,Botnet,seen,n,336344.0
ffnn_ewc_replay,random_src,4,Botnet,seen,n_benign,284927.0
ffnn_ewc_replay,random_src,4,Botnet,seen,n_attack,51417.0
ffnn_ewc_replay,random_src,4,Botnet,seen,accuracy,0.9994588873296387
ffnn_ewc_replay,random_src,4,Botnet,seen,macro_f1,0.9349753032211542
ffnn_ewc_replay,random_src,4,Botnet,seen,fpr,0.00034394774801966817
ffnn_ewc_replay,random_src,4,Botnet,seen,detection_rate,0.9984051967248186
ffnn_ewc_replay,random_src,4,Botnet,seen,binary_f1,0.9982498784637822
ffnn_ewc_replay,random_src,4,Botnet,all,n,416344.0
ffnn_ewc_replay,random_src,4,Botnet,all,n_benign,313491.0
ffnn_ewc_replay,random_src,4,Botnet,all,n_attack,102853.0
ffnn_ewc_replay,random_src,4,Botnet,all,accuracy,0.8756965394001115
ffnn_ewc_replay,random_src,4,Botnet,all,macro_f1,0.5827330773044336
ffnn_ewc_replay,random_src,4,Botnet,all,fpr,0.0007432430277105244
ffnn_ewc_replay,random_src,4,Botnet,all,detection_rate,0.9964998590220995
ffnn_ewc_replay,random_src,4,Botnet,all,binary_f1,0.9971154641281453
ffnn_ewc_replay,none,5,PortScan,task0,n,138702.0
ffnn_ewc_replay,none,5,PortScan,task0,n_benign,137422.0
ffnn_ewc_replay,none,5,PortScan,task0,n_attack,1280.0
ffnn_ewc_replay,none,5,PortScan,task0,accuracy,0.9997909186601491
ffnn_ewc_replay,none,5,PortScan,task0,macro_f1,0.9997520009964745
ffnn_ewc_replay,none,5,PortScan,task0,fpr,0.00021102880179301714
ffnn_ewc_replay,none,5,PortScan,task0,detection_rate,1.0
ffnn_ewc_replay,none,5,PortScan,task0,binary_f1,0.988798764001545
ffnn_ewc_replay,none,5,PortScan,task0,category_recall,1.0
ffnn_ewc_replay,none,5,PortScan,task1,n,100000.0
ffnn_ewc_replay,none,5,PortScan,task1,n_benign,66394.0
ffnn_ewc_replay,none,5,PortScan,task1,n_attack,33606.0
ffnn_ewc_replay,none,5,PortScan,task1,accuracy,0.99892
ffnn_ewc_replay,none,5,PortScan,task1,macro_f1,0.9993775423947129
ffnn_ewc_replay,none,5,PortScan,task1,fpr,0.0013404825737265416
ffnn_ewc_replay,none,5,PortScan,task1,detection_rate,0.9995536511337261
ffnn_ewc_replay,none,5,PortScan,task1,binary_f1,0.998454359004845
ffnn_ewc_replay,none,5,PortScan,task1,category_recall,0.9994346247693864
ffnn_ewc_replay,none,5,PortScan,task2,n,25000.0
ffnn_ewc_replay,none,5,PortScan,task2,n_benign,24976.0
ffnn_ewc_replay,none,5,PortScan,task2,n_attack,24.0
ffnn_ewc_replay,none,5,PortScan,task2,accuracy,0.99968
ffnn_ewc_replay,none,5,PortScan,task2,macro_f1,0.9422276058142793
ffnn_ewc_replay,none,5,PortScan,task2,fpr,0.0002802690582959641
ffnn_ewc_replay,none,5,PortScan,task2,detection_rate,0.9583333333333334
ffnn_ewc_replay,none,5,PortScan,task2,binary_f1,0.8518518518518519
ffnn_ewc_replay,none,5,PortScan,task2,category_recall,0.9583333333333334
ffnn_ewc_replay,none,5,PortScan,task3,n,45000.0
ffnn_ewc_replay,none,5,PortScan,task3,n_benign,28566.0
ffnn_ewc_replay,none,5,PortScan,task3,n_attack,16434.0
ffnn_ewc_replay,none,5,PortScan,task3,accuracy,0.9396
ffnn_ewc_replay,none,5,PortScan,task3,macro_f1,0.9545959426504658
ffnn_ewc_replay,none,5,PortScan,task3,fpr,0.0014702793530770846
ffnn_ewc_replay,none,5,PortScan,task3,detection_rate,0.9967749787026895
ffnn_ewc_replay,none,5,PortScan,task3,binary_f1,0.9971086830812308
ffnn_ewc_replay,none,5,PortScan,task3,category_recall,0.837166849215042
ffnn_ewc_replay,none,5,PortScan,task4,n,27642.0
ffnn_ewc_replay,none,5,PortScan,task4,n_benign,27569.0
ffnn_ewc_replay,none,5,PortScan,task4,n_attack,73.0
ffnn_ewc_replay,none,5,PortScan,task4,accuracy,0.9998191158382173
ffnn_ewc_replay,none,5,PortScan,task4,macro_f1,0.9999546551067419
ffnn_ewc_replay,none,5,PortScan,task4,fpr,0.0001813631252493743
ffnn_ewc_replay,none,5,PortScan,task4,detection_rate,1.0
ffnn_ewc_replay,none,5,PortScan,task4,binary_f1,0.9668874172185431
ffnn_ewc_replay,none,5,PortScan,task4,category_recall,1.0
ffnn_ewc_replay,none,5,PortScan,task5,n,55000.0
ffnn_ewc_replay,none,5,PortScan,task5,n_benign,25723.0
ffnn_ewc_replay,none,5,PortScan,task5,n_attack,29277.0
ffnn_ewc_replay,none,5,PortScan,task5,accuracy,0.9992909090909091
ffnn_ewc_replay,none,5,PortScan,task5,macro_f1,0.9993050642108697
ffnn_ewc_replay,none,5,PortScan,task5,fpr,0.0001555028573650041
ffnn_ewc_replay,none,5,PortScan,task5,detection_rate,0.998804522321276
ffnn_ewc_replay,none,5,PortScan,task5,binary_f1,0.9993335953385848
ffnn_ewc_replay,none,5,PortScan,task5,category_recall,0.998804522321276
ffnn_ewc_replay,none,5,PortScan,task6,n,25000.0
ffnn_ewc_replay,none,5,PortScan,task6,n_benign,2841.0
ffnn_ewc_replay,none,5,PortScan,task6,n_attack,22159.0
ffnn_ewc_replay,none,5,PortScan,task6,accuracy,0.11168
ffnn_ewc_replay,none,5,PortScan,task6,macro_f1,0.49389704581638066
ffnn_ewc_replay,none,5,PortScan,task6,fpr,0.017247448081661388
ffnn_ewc_replay,none,5,PortScan,task6,detection_rate,0.9990974321945936
ffnn_ewc_replay,none,5,PortScan,task6,binary_f1,0.9984440886643967
ffnn_ewc_replay,none,5,PortScan,task6,category_recall,0.0
ffnn_ewc_replay,none,5,PortScan,seen,n,391344.0
ffnn_ewc_replay,none,5,PortScan,seen,n_benign,310650.0
ffnn_ewc_replay,none,5,PortScan,seen,n_attack,80694.0
ffnn_ewc_replay,none,5,PortScan,seen,accuracy,0.9925717527290568
ffnn_ewc_replay,none,5,PortScan,seen,macro_f1,0.9260683792713104
ffnn_ewc_replay,none,5,PortScan,seen,fpr,0.0005665539996780943
ffnn_ewc_replay,none,5,PortScan,seen,detection_rate,0.9987111805090837
ffnn_ewc_replay,none,5,PortScan,seen,binary_f1,0.9982658243527809
ffnn_ewc_replay,none,5,PortScan,all,n,416344.0
ffnn_ewc_replay,none,5,PortScan,all,n_benign,313491.0
ffnn_ewc_replay,none,5,PortScan,all,n_attack,102853.0
ffnn_ewc_replay,none,5,PortScan,all,accuracy,0.9396772860903484
ffnn_ewc_replay,none,5,PortScan,all,macro_f1,0.7493284428931422
ffnn_ewc_replay,none,5,PortScan,all,fpr,0.0007177239537977167
ffnn_ewc_replay,none,5,PortScan,all,detection_rate,0.9987943958853899
ffnn_ewc_replay,none,5,PortScan,all,binary_f1,0.9983042364934137
ffnn_ewc_replay,permute,5,PortScan,task0,n,138702.0
ffnn_ewc_replay,permute,5,PortScan,task0,n_benign,137422.0
ffnn_ewc_replay,permute,5,PortScan,task0,n_attack,1280.0
ffnn_ewc_replay,permute,5,PortScan,task0,accuracy,0.9997909186601491
ffnn_ewc_replay,permute,5,PortScan,task0,macro_f1,0.9997520009964745
ffnn_ewc_replay,permute,5,PortScan,task0,fpr,0.00021102880179301714
ffnn_ewc_replay,permute,5,PortScan,task0,detection_rate,1.0
ffnn_ewc_replay,permute,5,PortScan,task0,binary_f1,0.988798764001545
ffnn_ewc_replay,permute,5,PortScan,task0,category_recall,1.0
ffnn_ewc_replay,permute,5,PortScan,task1,n,100000.0
ffnn_ewc_replay,permute,5,PortScan,task1,n_benign,66394.0
ffnn_ewc_replay,permute,5,PortScan,task1,n_attack,33606.0
ffnn_ewc_replay,permute,5,PortScan,task1,accuracy,0.99892
ffnn_ewc_replay,permute,5,PortScan,task1,macro_f1,0.9993775423947129
ffnn_ewc_replay,permute,5,PortScan,task1,fpr,0.0013404825737265416
ffnn_ewc_replay,permute,5,PortScan,task1,detection_rate,0.9995536511337261
ffnn_ewc_replay,permute,5,PortScan,task1,binary_f1,0.998454359004845
ffnn_ewc_replay,permute,5,PortScan,task1,category_recall,0.9994346247693864
ffnn_ewc_replay,permute,5,PortScan,task2,n,25000.0
ffnn_ewc_replay,permute,5,PortScan,task2,n_benign,24976.0
ffnn_ewc_replay,permute,5,PortScan,task2,n_attack,24.0
ffnn_ewc_replay,permute,5,PortScan,task2,accuracy,0.99968
ffnn_ewc_replay,permute,5,PortScan,task2,macro_f1,0.9422276058142793
ffnn_ewc_replay,permute,5,PortScan,task2,fpr,0.0002802690582959641
ffnn_ewc_replay,permute,5,PortScan,task2,detection_rate,0.9583333333333334
ffnn_ewc_replay,permute,5,PortScan,task2,binary_f1,0.8518518518518519
ffnn_ewc_replay,permute,5,PortScan,task2,category_recall,0.9583333333333334
ffnn_ewc_replay,permute,5,PortScan,task3,n,45000.0
ffnn_ewc_replay,permute,5,PortScan,task3,n_benign,28566.0
ffnn_ewc_replay,permute,5,PortScan,task3,n_attack,16434.0
ffnn_ewc_replay,permute,5,PortScan,task3,accuracy,0.9396
ffnn_ewc_replay,permute,5,PortScan,task3,macro_f1,0.9545959426504658
ffnn_ewc_replay,permute,5,PortScan,task3,fpr,0.0014702793530770846
ffnn_ewc_replay,permute,5,PortScan,task3,detection_rate,0.9967749787026895
ffnn_ewc_replay,permute,5,PortScan,task3,binary_f1,0.9971086830812308
ffnn_ewc_replay,permute,5,PortScan,task3,category_recall,0.837166849215042
ffnn_ewc_replay,permute,5,PortScan,task4,n,27642.0
ffnn_ewc_replay,permute,5,PortScan,task4,n_benign,27569.0
ffnn_ewc_replay,permute,5,PortScan,task4,n_attack,73.0
ffnn_ewc_replay,permute,5,PortScan,task4,accuracy,0.9998191158382173
ffnn_ewc_replay,permute,5,PortScan,task4,macro_f1,0.9999546551067419
ffnn_ewc_replay,permute,5,PortScan,task4,fpr,0.0001813631252493743
ffnn_ewc_replay,permute,5,PortScan,task4,detection_rate,1.0
ffnn_ewc_replay,permute,5,PortScan,task4,binary_f1,0.9668874172185431
ffnn_ewc_replay,permute,5,PortScan,task4,category_recall,1.0
ffnn_ewc_replay,permute,5,PortScan,task5,n,55000.0
ffnn_ewc_replay,permute,5,PortScan,task5,n_benign,25723.0
ffnn_ewc_replay,permute,5,PortScan,task5,n_attack,29277.0
ffnn_ewc_replay,permute,5,PortScan,task5,accuracy,0.9992909090909091
ffnn_ewc_replay,permute,5,PortScan,task5,macro_f1,0.9993050642108697
ffnn_ewc_replay,permute,5,PortScan,task5,fpr,0.0001555028573650041
ffnn_ewc_replay,permute,5,PortScan,task5,detection_rate,0.998804522321276
ffnn_ewc_replay,permute,5,PortScan,task5,binary_f1,0.9993335953385848
ffnn_ewc_replay,permute,5,PortScan,task5,category_recall,0.998804522321276
ffnn_ewc_replay,permute,5,PortScan,task6,n,25000.0
ffnn_ewc_replay,permute,5,PortScan,task6,n_benign,2841.0
ffnn_ewc_replay,permute,5,PortScan,task6,n_attack,22159.0
ffnn_ewc_replay,permute,5,PortScan,task6,accuracy,0.11168
ffnn_ewc_replay,permute,5,PortScan,task6,macro_f1,0.49389704581638066
ffnn_ewc_replay,permute,5,PortScan,task6,fpr,0.017247448081661388
ffnn_ewc_replay,permute,5,PortScan,task6,detection_rate,0.9990974321945936
ffnn_ewc_replay,permute,5,PortScan,task6,binary_f1,0.9984440886643967
ffnn_ewc_replay,permute,5,PortScan,task6,category_recall,0.0
ffnn_ewc_replay,permute,5,PortScan,seen,n,391344.0
ffnn_ewc_replay,permute,5,PortScan,seen,n_benign,310650.0
ffnn_ewc_replay,permute,5,PortScan,seen,n_attack,80694.0
ffnn_ewc_replay,permute,5,PortScan,seen,accuracy,0.9925717527290568
ffnn_ewc_replay,permute,5,PortScan,seen,macro_f1,0.9260683792713104
ffnn_ewc_replay,permute,5,PortScan,seen,fpr,0.0005665539996780943
ffnn_ewc_replay,permute,5,PortScan,seen,detection_rate,0.9987111805090837
ffnn_ewc_replay,permute,5,PortScan,seen,binary_f1,0.9982658243527809
ffnn_ewc_replay,permute,5,PortScan,all,n,416344.0
ffnn_ewc_replay,permute,5,PortScan,all,n_benign,313491.0
ffnn_ewc_replay,permute,5,PortScan,all,n_attack,102853.0
ffnn_ewc_replay,permute,5,PortScan,all,accuracy,0.9396772860903484
ffnn_ewc_replay,permute,5,PortScan,all,macro_f1,0.7493284428931422
ffnn_ewc_replay,permute,5,PortScan,all,fpr,0.0007177239537977167
ffnn_ewc_replay,permute,5,PortScan,all,detection_rate,0.9987943958853899
ffnn_ewc_replay,permute,5,PortScan,all,binary_f1,0.9983042364934137
ffnn_ewc_replay,random_src,5,PortScan,task0,n,138702.0
ffnn_ewc_replay,random_src,5,PortScan,task0,n_benign,137422.0
ffnn_ewc_replay,random_src,5,PortScan,task0,n_attack,1280.0
ffnn_ewc_replay,random_src,5,PortScan,task0,accuracy,0.9997909186601491
ffnn_ewc_replay,random_src,5,PortScan,task0,macro_f1,0.9997520009964745
ffnn_ewc_replay,random_src,5,PortScan,task0,fpr,0.00021102880179301714
ffnn_ewc_replay,random_src,5,PortScan,task0,detection_rate,1.0
ffnn_ewc_replay,random_src,5,PortScan,task0,binary_f1,0.988798764001545
ffnn_ewc_replay,random_src,5,PortScan,task0,category_recall,1.0
ffnn_ewc_replay,random_src,5,PortScan,task1,n,100000.0
ffnn_ewc_replay,random_src,5,PortScan,task1,n_benign,66394.0
ffnn_ewc_replay,random_src,5,PortScan,task1,n_attack,33606.0
ffnn_ewc_replay,random_src,5,PortScan,task1,accuracy,0.99892
ffnn_ewc_replay,random_src,5,PortScan,task1,macro_f1,0.9993775423947129
ffnn_ewc_replay,random_src,5,PortScan,task1,fpr,0.0013404825737265416
ffnn_ewc_replay,random_src,5,PortScan,task1,detection_rate,0.9995536511337261
ffnn_ewc_replay,random_src,5,PortScan,task1,binary_f1,0.998454359004845
ffnn_ewc_replay,random_src,5,PortScan,task1,category_recall,0.9994346247693864
ffnn_ewc_replay,random_src,5,PortScan,task2,n,25000.0
ffnn_ewc_replay,random_src,5,PortScan,task2,n_benign,24976.0
ffnn_ewc_replay,random_src,5,PortScan,task2,n_attack,24.0
ffnn_ewc_replay,random_src,5,PortScan,task2,accuracy,0.99968
ffnn_ewc_replay,random_src,5,PortScan,task2,macro_f1,0.9422276058142793
ffnn_ewc_replay,random_src,5,PortScan,task2,fpr,0.0002802690582959641
ffnn_ewc_replay,random_src,5,PortScan,task2,detection_rate,0.9583333333333334
ffnn_ewc_replay,random_src,5,PortScan,task2,binary_f1,0.8518518518518519
ffnn_ewc_replay,random_src,5,PortScan,task2,category_recall,0.9583333333333334
ffnn_ewc_replay,random_src,5,PortScan,task3,n,45000.0
ffnn_ewc_replay,random_src,5,PortScan,task3,n_benign,28566.0
ffnn_ewc_replay,random_src,5,PortScan,task3,n_attack,16434.0
ffnn_ewc_replay,random_src,5,PortScan,task3,accuracy,0.9396
ffnn_ewc_replay,random_src,5,PortScan,task3,macro_f1,0.9545959426504658
ffnn_ewc_replay,random_src,5,PortScan,task3,fpr,0.0014702793530770846
ffnn_ewc_replay,random_src,5,PortScan,task3,detection_rate,0.9967749787026895
ffnn_ewc_replay,random_src,5,PortScan,task3,binary_f1,0.9971086830812308
ffnn_ewc_replay,random_src,5,PortScan,task3,category_recall,0.837166849215042
ffnn_ewc_replay,random_src,5,PortScan,task4,n,27642.0
ffnn_ewc_replay,random_src,5,PortScan,task4,n_benign,27569.0
ffnn_ewc_replay,random_src,5,PortScan,task4,n_attack,73.0
ffnn_ewc_replay,random_src,5,PortScan,task4,accuracy,0.9998191158382173
ffnn_ewc_replay,random_src,5,PortScan,task4,macro_f1,0.9999546551067419
ffnn_ewc_replay,random_src,5,PortScan,task4,fpr,0.0001813631252493743
ffnn_ewc_replay,random_src,5,PortScan,task4,detection_rate,1.0
ffnn_ewc_replay,random_src,5,PortScan,task4,binary_f1,0.9668874172185431
ffnn_ewc_replay,random_src,5,PortScan,task4,category_recall,1.0
ffnn_ewc_replay,random_src,5,PortScan,task5,n,55000.0
ffnn_ewc_replay,random_src,5,PortScan,task5,n_benign,25723.0
ffnn_ewc_replay,random_src,5,PortScan,task5,n_attack,29277.0
ffnn_ewc_replay,random_src,5,PortScan,task5,accuracy,0.9992909090909091
ffnn_ewc_replay,random_src,5,PortScan,task5,macro_f1,0.9993050642108697
ffnn_ewc_replay,random_src,5,PortScan,task5,fpr,0.0001555028573650041
ffnn_ewc_replay,random_src,5,PortScan,task5,detection_rate,0.998804522321276
ffnn_ewc_replay,random_src,5,PortScan,task5,binary_f1,0.9993335953385848
ffnn_ewc_replay,random_src,5,PortScan,task5,category_recall,0.998804522321276
ffnn_ewc_replay,random_src,5,PortScan,task6,n,25000.0
ffnn_ewc_replay,random_src,5,PortScan,task6,n_benign,2841.0
ffnn_ewc_replay,random_src,5,PortScan,task6,n_attack,22159.0
ffnn_ewc_replay,random_src,5,PortScan,task6,accuracy,0.11168
ffnn_ewc_replay,random_src,5,PortScan,task6,macro_f1,0.49389704581638066
ffnn_ewc_replay,random_src,5,PortScan,task6,fpr,0.017247448081661388
ffnn_ewc_replay,random_src,5,PortScan,task6,detection_rate,0.9990974321945936
ffnn_ewc_replay,random_src,5,PortScan,task6,binary_f1,0.9984440886643967
ffnn_ewc_replay,random_src,5,PortScan,task6,category_recall,0.0
ffnn_ewc_replay,random_src,5,PortScan,seen,n,391344.0
ffnn_ewc_replay,random_src,5,PortScan,seen,n_benign,310650.0
ffnn_ewc_replay,random_src,5,PortScan,seen,n_attack,80694.0
ffnn_ewc_replay,random_src,5,PortScan,seen,accuracy,0.9925717527290568
ffnn_ewc_replay,random_src,5,PortScan,seen,macro_f1,0.9260683792713104
ffnn_ewc_replay,random_src,5,PortScan,seen,fpr,0.0005665539996780943
ffnn_ewc_replay,random_src,5,PortScan,seen,detection_rate,0.9987111805090837
ffnn_ewc_replay,random_src,5,PortScan,seen,binary_f1,0.9982658243527809
ffnn_ewc_replay,random_src,5,PortScan,all,n,416344.0
ffnn_ewc_replay,random_src,5,PortScan,all,n_benign,313491.0
ffnn_ewc_replay,random_src,5,PortScan,all,n_attack,102853.0
ffnn_ewc_replay,random_src,5,PortScan,all,accuracy,0.9396772860903484
ffnn_ewc_replay,random_src,5,PortScan,all,macro_f1,0.7493284428931422
ffnn_ewc_replay,random_src,5,PortScan,all,fpr,0.0007177239537977167
ffnn_ewc_replay,random_src,5,PortScan,all,detection_rate,0.9987943958853899
ffnn_ewc_replay,random_src,5,PortScan,all,binary_f1,0.9983042364934137
ffnn_ewc_replay,none,6,DDoS,task0,n,138702.0
ffnn_ewc_replay,none,6,DDoS,task0,n_benign,137422.0
ffnn_ewc_replay,none,6,DDoS,task0,n_attack,1280.0
ffnn_ewc_replay,none,6,DDoS,task0,accuracy,0.9998413865697683
ffnn_ewc_replay,none,6,DDoS,task0,macro_f1,0.9997647378564762
ffnn_ewc_replay,none,6,DDoS,task0,fpr,0.00016009081515332333
ffnn_ewc_replay,none,6,DDoS,task0,detection_rate,1.0
ffnn_ewc_replay,none,6,DDoS,task0,binary_f1,0.9914794732765299
ffnn_ewc_replay,none,6,DDoS,task0,category_recall,1.0
ffnn_ewc_replay,none,6,DDoS,task1,n,100000.0
ffnn_ewc_replay,none,6,DDoS,task1,n_benign,66394.0
ffnn_ewc_replay,none,6,DDoS,task1,n_attack,33606.0
ffnn_ewc_replay,none,6,DDoS,task1,accuracy,0.9996
ffnn_ewc_replay,none,6,DDoS,task1,macro_f1,0.9996638267761636
ffnn_ewc_replay,none,6,DDoS,task1,fpr,0.00031629364099165585
ffnn_ewc_replay,none,6,DDoS,task1,detection_rate,0.9997321906802357
ffnn_ewc_replay,none,6,DDoS,task1,binary_f1,0.9995537308104249
ffnn_ewc_replay,none,6,DDoS,task1,category_recall,0.9994346247693864
ffnn_ewc_replay,none,6,DDoS,task2,n,25000.0
ffnn_ewc_replay,none,6,DDoS,task2,n_benign,24976.0
ffnn_ewc_replay,none,6,DDoS,task2,n_attack,24.0
ffnn_ewc_replay,none,6,DDoS,task2,accuracy,0.99968
ffnn_ewc_replay,none,6,DDoS,task2,macro_f1,0.9509003056634499
ffnn_ewc_replay,none,6,DDoS,task2,fpr,0.0002802690582959641
ffnn_ewc_replay,none,6,DDoS,task2,detection_rate,0.9583333333333334
ffnn_ewc_replay,none,6,DDoS,task2,binary_f1,0.8518518518518519
ffnn_ewc_replay,none,6,DDoS,task2,category_recall,0.9583333333333334
ffnn_ewc_replay,none,6,DDoS,task3,n,45000.0
ffnn_ewc_replay,none,6,DDoS,task3,n_benign,28566.0
ffnn_ewc_replay,none,6,DDoS,task3,n_attack,16434.0
ffnn_ewc_replay,none,6,DDoS,task3,accuracy,0.9690666666666666
ffnn_ewc_replay,none,6,DDoS,task3,macro_f1,0.9774554430225753
ffnn_ewc_replay,none,6,DDoS,task3,fpr,0.0018203458657144857
ffnn_ewc_replay,none,6,DDoS,task3,detection_rate,0.9970183765364489
ffnn_ewc_replay,none,6,DDoS,task3,binary_f1,0.996927382799428
ffnn_ewc_replay,none,6,DDoS,task3,category_recall,0.9184617256906413
ffnn_ewc_replay,none,6,DDoS,task4,n,27642.0
ffnn_ewc_replay,none,6,DDoS,task4,n_benign,27569.0
ffnn_ewc_replay,none,6,DDoS,task4,n_attack,73.0
ffnn_ewc_replay,none,6,DDoS,task4,accuracy,0.9997105853411475
ffnn_ewc_replay,none,6,DDoS,task4,macro_f1,0.9999274442227462
ffnn_ewc_replay,none,6,DDoS,task4,fpr,0.0002901810003989989
ffnn_ewc_replay,none,6,DDoS,task4,detection_rate,1.0
ffnn_ewc_replay,none,6,DDoS,task4,binary_f1,0.948051948051948
ffnn_ewc_replay,none,6,DDoS,task4,category_recall,1.0
ffnn_ewc_replay,none,6,DDoS,task5,n,55000.0
ffnn_ewc_replay,none,6,DDoS,task5,n_benign,25723.0
ffnn_ewc_replay,none,6,DDoS,task5,n_attack,29277.0
ffnn_ewc_replay,none,6,DDoS,task5,accuracy,0.9584363636363636
ffnn_ewc_replay,none,6,DDoS,task5,macro_f1,0.9794985884638159
ffnn_ewc_replay,none,6,DDoS,task5,fpr,0.00027213000038875715
ffnn_ewc_replay,none,6,DDoS,task5,detection_rate,0.9993510264029785
ffnn_ewc_replay,none,6,DDoS,task5,binary_f1,0.99955587441495
ffnn_ewc_replay,none,6,DDoS,task5,category_recall,0.9221573248625201
ffnn_ewc_replay,none,6,DDoS,task6,n,25000.0
ffnn_ewc_replay,none,6,DDoS,task6,n_benign,2841.0
ffnn_ewc_replay,none,6,DDoS,task6,n_attack,22159.0
ffnn_ewc_replay,none,6,DDoS,task6,accuracy,0.99996
ffnn_ewc_replay,none,6,DDoS,task6,macro_f1,0.999911987326175
ffnn_ewc_replay,none,6,DDoS,task6,fpr,0.00035198873636043646
ffnn_ewc_replay,none,6,DDoS,task6,detection_rate,1.0
ffnn_ewc_replay,none,6,DDoS,task6,binary_f1,0.9999774363139963
ffnn_ewc_replay,none,6,DDoS,task6,category_recall,1.0
ffnn_ewc_replay,none,6,DDoS,seen,n,416344.0
ffnn_ewc_replay,none,6,DDoS,seen,n_benign,313491.0
ffnn_ewc_replay,none,6,DDoS,seen,n_attack,102853.0
ffnn_ewc_replay,none,6,DDoS,seen,accuracy,0.9909762119785562
ffnn_ewc_replay,none,6,DDoS,seen,macro_f1,0.9472964368793617
ffnn_ewc_replay,none,6,DDoS,seen,fpr,0.00037640634021391366
ffnn_ewc_replay,none,6,DDoS,seen,detection_rate,0.9992416361214549
ffnn_ewc_replay,none,6,DDoS,seen,binary_f1,0.9990473690861548
ffnn_ewc_replay,none,6,DDoS,all,n,416344.0
ffnn_ewc_replay,none,6,DDoS,all,n_benign,313491.0
ffnn_ewc_replay,none,6,DDoS,all,n_attack,102853.0
ffnn_ewc_replay,none,6,DDoS,all,accuracy,0.9909762119785562
ffnn_ewc_replay,none,6,DDoS,all,macro_f1,0.9472964368793617
ffnn_ewc_replay,none,6,DDoS,all,fpr,0.00037640634021391366
ffnn_ewc_replay,none,6,DDoS,all,detection_rate,0.9992416361214549
ffnn_ewc_replay,none,6,DDoS,all,binary_f1,0.9990473690861548
ffnn_ewc_replay,permute,6,DDoS,task0,n,138702.0
ffnn_ewc_replay,permute,6,DDoS,task0,n_benign,137422.0
ffnn_ewc_replay,permute,6,DDoS,task0,n_attack,1280.0
ffnn_ewc_replay,permute,6,DDoS,task0,accuracy,0.9998413865697683
ffnn_ewc_replay,permute,6,DDoS,task0,macro_f1,0.9997647378564762
ffnn_ewc_replay,permute,6,DDoS,task0,fpr,0.00016009081515332333
ffnn_ewc_replay,permute,6,DDoS,task0,detection_rate,1.0
ffnn_ewc_replay,permute,6,DDoS,task0,binary_f1,0.9914794732765299
ffnn_ewc_replay,permute,6,DDoS,task0,category_recall,1.0
ffnn_ewc_replay,permute,6,DDoS,task1,n,100000.0
ffnn_ewc_replay,permute,6,DDoS,task1,n_benign,66394.0
ffnn_ewc_replay,permute,6,DDoS,task1,n_attack,33606.0
ffnn_ewc_replay,permute,6,DDoS,task1,accuracy,0.9996
ffnn_ewc_replay,permute,6,DDoS,task1,macro_f1,0.9996638267761636
ffnn_ewc_replay,permute,6,DDoS,task1,fpr,0.00031629364099165585
ffnn_ewc_replay,permute,6,DDoS,task1,detection_rate,0.9997321906802357
ffnn_ewc_replay,permute,6,DDoS,task1,binary_f1,0.9995537308104249
ffnn_ewc_replay,permute,6,DDoS,task1,category_recall,0.9994346247693864
ffnn_ewc_replay,permute,6,DDoS,task2,n,25000.0
ffnn_ewc_replay,permute,6,DDoS,task2,n_benign,24976.0
ffnn_ewc_replay,permute,6,DDoS,task2,n_attack,24.0
ffnn_ewc_replay,permute,6,DDoS,task2,accuracy,0.99968
ffnn_ewc_replay,permute,6,DDoS,task2,macro_f1,0.9509003056634499
ffnn_ewc_replay,permute,6,DDoS,task2,fpr,0.0002802690582959641
ffnn_ewc_replay,permute,6,DDoS,task2,detection_rate,0.9583333333333334
ffnn_ewc_replay,permute,6,DDoS,task2,binary_f1,0.8518518518518519
ffnn_ewc_replay,permute,6,DDoS,task2,category_recall,0.9583333333333334
ffnn_ewc_replay,permute,6,DDoS,task3,n,45000.0
ffnn_ewc_replay,permute,6,DDoS,task3,n_benign,28566.0
ffnn_ewc_replay,permute,6,DDoS,task3,n_attack,16434.0
ffnn_ewc_replay,permute,6,DDoS,task3,accuracy,0.9690666666666666
ffnn_ewc_replay,permute,6,DDoS,task3,macro_f1,0.9774554430225753
ffnn_ewc_replay,permute,6,DDoS,task3,fpr,0.0018203458657144857
ffnn_ewc_replay,permute,6,DDoS,task3,detection_rate,0.9970183765364489
ffnn_ewc_replay,permute,6,DDoS,task3,binary_f1,0.996927382799428
ffnn_ewc_replay,permute,6,DDoS,task3,category_recall,0.9184617256906413
ffnn_ewc_replay,permute,6,DDoS,task4,n,27642.0
ffnn_ewc_replay,permute,6,DDoS,task4,n_benign,27569.0
ffnn_ewc_replay,permute,6,DDoS,task4,n_attack,73.0
ffnn_ewc_replay,permute,6,DDoS,task4,accuracy,0.9997105853411475
ffnn_ewc_replay,permute,6,DDoS,task4,macro_f1,0.9999274442227462
ffnn_ewc_replay,permute,6,DDoS,task4,fpr,0.0002901810003989989
ffnn_ewc_replay,permute,6,DDoS,task4,detection_rate,1.0
ffnn_ewc_replay,permute,6,DDoS,task4,binary_f1,0.948051948051948
ffnn_ewc_replay,permute,6,DDoS,task4,category_recall,1.0
ffnn_ewc_replay,permute,6,DDoS,task5,n,55000.0
ffnn_ewc_replay,permute,6,DDoS,task5,n_benign,25723.0
ffnn_ewc_replay,permute,6,DDoS,task5,n_attack,29277.0
ffnn_ewc_replay,permute,6,DDoS,task5,accuracy,0.9584363636363636
ffnn_ewc_replay,permute,6,DDoS,task5,macro_f1,0.9794985884638159
ffnn_ewc_replay,permute,6,DDoS,task5,fpr,0.00027213000038875715
ffnn_ewc_replay,permute,6,DDoS,task5,detection_rate,0.9993510264029785
ffnn_ewc_replay,permute,6,DDoS,task5,binary_f1,0.99955587441495
ffnn_ewc_replay,permute,6,DDoS,task5,category_recall,0.9221573248625201
ffnn_ewc_replay,permute,6,DDoS,task6,n,25000.0
ffnn_ewc_replay,permute,6,DDoS,task6,n_benign,2841.0
ffnn_ewc_replay,permute,6,DDoS,task6,n_attack,22159.0
ffnn_ewc_replay,permute,6,DDoS,task6,accuracy,0.99996
ffnn_ewc_replay,permute,6,DDoS,task6,macro_f1,0.999911987326175
ffnn_ewc_replay,permute,6,DDoS,task6,fpr,0.00035198873636043646
ffnn_ewc_replay,permute,6,DDoS,task6,detection_rate,1.0
ffnn_ewc_replay,permute,6,DDoS,task6,binary_f1,0.9999774363139963
ffnn_ewc_replay,permute,6,DDoS,task6,category_recall,1.0
ffnn_ewc_replay,permute,6,DDoS,seen,n,416344.0
ffnn_ewc_replay,permute,6,DDoS,seen,n_benign,313491.0
ffnn_ewc_replay,permute,6,DDoS,seen,n_attack,102853.0
ffnn_ewc_replay,permute,6,DDoS,seen,accuracy,0.9909762119785562
ffnn_ewc_replay,permute,6,DDoS,seen,macro_f1,0.9472964368793617
ffnn_ewc_replay,permute,6,DDoS,seen,fpr,0.00037640634021391366
ffnn_ewc_replay,permute,6,DDoS,seen,detection_rate,0.9992416361214549
ffnn_ewc_replay,permute,6,DDoS,seen,binary_f1,0.9990473690861548
ffnn_ewc_replay,permute,6,DDoS,all,n,416344.0
ffnn_ewc_replay,permute,6,DDoS,all,n_benign,313491.0
ffnn_ewc_replay,permute,6,DDoS,all,n_attack,102853.0
ffnn_ewc_replay,permute,6,DDoS,all,accuracy,0.9909762119785562
ffnn_ewc_replay,permute,6,DDoS,all,macro_f1,0.9472964368793617
ffnn_ewc_replay,permute,6,DDoS,all,fpr,0.00037640634021391366
ffnn_ewc_replay,permute,6,DDoS,all,detection_rate,0.9992416361214549
ffnn_ewc_replay,permute,6,DDoS,all,binary_f1,0.9990473690861548
ffnn_ewc_replay,random_src,6,DDoS,task0,n,138702.0
ffnn_ewc_replay,random_src,6,DDoS,task0,n_benign,137422.0
ffnn_ewc_replay,random_src,6,DDoS,task0,n_attack,1280.0
ffnn_ewc_replay,random_src,6,DDoS,task0,accuracy,0.9998413865697683
ffnn_ewc_replay,random_src,6,DDoS,task0,macro_f1,0.9997647378564762
ffnn_ewc_replay,random_src,6,DDoS,task0,fpr,0.00016009081515332333
ffnn_ewc_replay,random_src,6,DDoS,task0,detection_rate,1.0
ffnn_ewc_replay,random_src,6,DDoS,task0,binary_f1,0.9914794732765299
ffnn_ewc_replay,random_src,6,DDoS,task0,category_recall,1.0
ffnn_ewc_replay,random_src,6,DDoS,task1,n,100000.0
ffnn_ewc_replay,random_src,6,DDoS,task1,n_benign,66394.0
ffnn_ewc_replay,random_src,6,DDoS,task1,n_attack,33606.0
ffnn_ewc_replay,random_src,6,DDoS,task1,accuracy,0.9996
ffnn_ewc_replay,random_src,6,DDoS,task1,macro_f1,0.9996638267761636
ffnn_ewc_replay,random_src,6,DDoS,task1,fpr,0.00031629364099165585
ffnn_ewc_replay,random_src,6,DDoS,task1,detection_rate,0.9997321906802357
ffnn_ewc_replay,random_src,6,DDoS,task1,binary_f1,0.9995537308104249
ffnn_ewc_replay,random_src,6,DDoS,task1,category_recall,0.9994346247693864
ffnn_ewc_replay,random_src,6,DDoS,task2,n,25000.0
ffnn_ewc_replay,random_src,6,DDoS,task2,n_benign,24976.0
ffnn_ewc_replay,random_src,6,DDoS,task2,n_attack,24.0
ffnn_ewc_replay,random_src,6,DDoS,task2,accuracy,0.99968
ffnn_ewc_replay,random_src,6,DDoS,task2,macro_f1,0.9509003056634499
ffnn_ewc_replay,random_src,6,DDoS,task2,fpr,0.0002802690582959641
ffnn_ewc_replay,random_src,6,DDoS,task2,detection_rate,0.9583333333333334
ffnn_ewc_replay,random_src,6,DDoS,task2,binary_f1,0.8518518518518519
ffnn_ewc_replay,random_src,6,DDoS,task2,category_recall,0.9583333333333334
ffnn_ewc_replay,random_src,6,DDoS,task3,n,45000.0
ffnn_ewc_replay,random_src,6,DDoS,task3,n_benign,28566.0
ffnn_ewc_replay,random_src,6,DDoS,task3,n_attack,16434.0
ffnn_ewc_replay,random_src,6,DDoS,task3,accuracy,0.9690666666666666
ffnn_ewc_replay,random_src,6,DDoS,task3,macro_f1,0.9774554430225753
ffnn_ewc_replay,random_src,6,DDoS,task3,fpr,0.0018203458657144857
ffnn_ewc_replay,random_src,6,DDoS,task3,detection_rate,0.9970183765364489
ffnn_ewc_replay,random_src,6,DDoS,task3,binary_f1,0.996927382799428
ffnn_ewc_replay,random_src,6,DDoS,task3,category_recall,0.9184617256906413
ffnn_ewc_replay,random_src,6,DDoS,task4,n,27642.0
ffnn_ewc_replay,random_src,6,DDoS,task4,n_benign,27569.0
ffnn_ewc_replay,random_src,6,DDoS,task4,n_attack,73.0
ffnn_ewc_replay,random_src,6,DDoS,task4,accuracy,0.9997105853411475
ffnn_ewc_replay,random_src,6,DDoS,task4,macro_f1,0.9999274442227462
ffnn_ewc_replay,random_src,6,DDoS,task4,fpr,0.0002901810003989989
ffnn_ewc_replay,random_src,6,DDoS,task4,detection_rate,1.0
ffnn_ewc_replay,random_src,6,DDoS,task4,binary_f1,0.948051948051948
ffnn_ewc_replay,random_src,6,DDoS,task4,category_recall,1.0
ffnn_ewc_replay,random_src,6,DDoS,task5,n,55000.0
ffnn_ewc_replay,random_src,6,DDoS,task5,n_benign,25723.0
ffnn_ewc_replay,random_src,6,DDoS,task5,n_attack,29277.0
ffnn_ewc_replay,random_src,6,DDoS,task5,accuracy,0.9584363636363636
ffnn_ewc_replay,random_src,6,DDoS,task5,macro_f1,0.9794985884638159
ffnn_ewc_replay,random_src,6,DDoS,task5,fpr,0.00027213000038875715
ffnn_ewc_replay,random_src,6,DDoS,task5,detection_rate,0.9993510264029785
ffnn_ewc_replay,random_src,6,DDoS,task5,binary_f1,0.99955587441495
ffnn_ewc_replay,random_src,6,DDoS,task5,category_recall,0.9221573248625201
ffnn_ewc_replay,random_src,6,DDoS,task6,n,25000.0
ffnn_ewc_replay,random_src,6,DDoS,task6,n_benign,2841.0
ffnn_ewc_replay,random_src,6,DDoS,task6,n_attack,22159.0
ffnn_ewc_replay,random_src,6,DDoS,task6,accuracy,0.99996
ffnn_ewc_replay,random_src,6,DDoS,task6,macro_f1,0.999911987326175
ffnn_ewc_replay,random_src,6,DDoS,task6,fpr,0.00035198873636043646
ffnn_ewc_replay,random_src,6,DDoS,task6,detection_rate,1.0
ffnn_ewc_replay,random_src,6,DDoS,task6,binary_f1,0.9999774363139963
ffnn_ewc_replay,random_src,6,DDoS,task6,category_recall,1.0
ffnn_ewc_replay,random_src,6,DDoS,seen,n,416344.0
ffnn_ewc_replay,random_src,6,DDoS,seen,n_benign,313491.0
ffnn_ewc_replay,random_src,6,DDoS,seen,n_attack,102853.0
ffnn_ewc_replay,random_src,6,DDoS,seen,accuracy,0.9909762119785562
ffnn_ewc_replay,random_src,6,DDoS,seen,macro_f1,0.9472964368793617
ffnn_ewc_replay,random_src,6,DDoS,seen,fpr,0.00037640634021391366
ffnn_ewc_replay,random_src,6,DDoS,seen,detection_rate,0.9992416361214549
ffnn_ewc_replay,random_src,6,DDoS,seen,binary_f1,0.9990473690861548
ffnn_ewc_replay,random_src,6,DDoS,all,n,416344.0
ffnn_ewc_replay,random_src,6,DDoS,all,n_benign,313491.0
ffnn_ewc_replay,random_src,6,DDoS,all,n_attack,102853.0
ffnn_ewc_replay,random_src,6,DDoS,all,accuracy,0.9909762119785562
ffnn_ewc_replay,random_src,6,DDoS,all,macro_f1,0.9472964368793617
ffnn_ewc_replay,random_src,6,DDoS,all,fpr,0.00037640634021391366
ffnn_ewc_replay,random_src,6,DDoS,all,detection_rate,0.9992416361214549
ffnn_ewc_replay,random_src,6,DDoS,all,binary_f1,0.9990473690861548
