model,policy,stream_index,window_id,task_id,ts,n_flows,error_rate,signal,true_attack_fraction,pred_benign,pred_known_attack,pred_novel_drifted,drift_flag,retrained,retrains_so_far
gnn_ewc_replay,adwin,0,178,1,2018-02-15T12:23:17.590730,5000,0.0,0.0,0.0,5000,0,0,False,False,0
gnn_ewc_replay,adwin,1,179,1,2018-02-15T12:24:56.885568,5000,0.0,0.0,0.0,5000,0,0,False,False,0
gnn_ewc_replay,adwin,2,181,1,2018-02-15T12:31:09.676533,5000,0.0,0.0,0.0,5000,0,0,False,False,0
gnn_ewc_replay,adwin,3,182,1,2018-02-15T12:34:33.489996,5000,0.0,0.0,0.0,5000,0,0,False,False,0
gnn_ewc_replay,adwin,4,184,1,2018-02-15T12:41:12.914317,5000,0.0,0.0,0.0,5000,0,0,False,False,0
gnn_ewc_replay,adwin,5,185,1,2018-02-15T12:44:35.045407,5000,0.0,0.0,0.0,5000,0,0,False,False,0
gnn_ewc_replay,adwin,6,187,1,2018-02-15T12:52:00.343808,5000,0.0,0.0,0.0,5000,0,0,False,False,0
gnn_ewc_replay,adwin,7,188,1,2018-02-15T12:55:13.883946,5000,0.0,0.0,0.0,5000,0,0,False,False,0
gnn_ewc_replay,adwin,8,189,1,2018-02-15T12:58:25.758528,5000,0.0,0.0,0.0,5000,0,0,False,False,0
gnn_ewc_replay,adwin,9,191,1,2018-02-15T13:05:02.708568,5000,0.0,0.0,0.0,5000,0,0,False,False,0
gnn_ewc_replay,adwin,10,192,1,2018-02-15T13:08:44.408048,5000,0.0,0.0,0.0,5000,0,0,False,False,0
gnn_ewc_replay,adwin,11,194,1,2018-02-15T13:15:12.381714,5000,0.0,0.0,0.0,5000,0,0,False,False,0
gnn_ewc_replay,adwin,12,195,1,2018-02-15T13:18:14.277391,5000,0.0,0.0,0.0,5000,0,0,False,False,0
gnn_ewc_replay,adwin,13,197,1,2018-02-15T13:25:01.053176,5000,0.0096,0.0096,0.0096,5000,0,0,True,True,1
gnn_ewc_replay,adwin,14,198,1,2018-02-15T13:27:52.163823,5000,0.0102,0.0102,0.1474,4212,788,0,True,False,1
gnn_ewc_replay,adwin,15,199,1,2018-02-15T13:30:38.405035,5000,0.0,0.0,0.0262,4869,131,0,False,False,1
gnn_ewc_replay,adwin,16,201,1,2018-02-15T13:37:20.802767,5000,0.02,0.02,0.1094,4353,647,0,True,False,1
gnn_ewc_replay,adwin,17,202,1,2018-02-15T13:40:23.217663,5000,0.0002,0.0002,0.0094,4952,47,1,False,False,1
gnn_ewc_replay,adwin,18,204,1,2018-02-15T13:45:40.116507,5000,0.0,0.0,0.0,5000,0,0,False,False,1
gnn_ewc_replay,adwin,19,205,1,2018-02-15T13:49:01.619726,5000,0.0274,0.0274,0.1114,4305,691,4,True,True,2
gnn_ewc_replay,adwin,20,207,1,2018-02-15T13:53:53.370023,5000,0.001,0.001,0.1004,4493,505,2,False,False,2
gnn_ewc_replay,adwin,21,208,1,2018-02-15T13:56:02.625786,5000,0.0,0.0,0.0526,4737,263,0,False,False,2
gnn_ewc_replay,adwin,22,209,1,2018-02-15T13:58:40.849892,5000,0.0,0.0,0.0,5000,0,0,True,False,2
gnn_ewc_replay,adwin,23,211,1,2018-02-15T14:05:35.268811,5000,0.0,0.0,0.0,5000,0,0,False,False,2
gnn_ewc_replay,adwin,24,212,1,2018-02-15T14:09:20.378442,5000,0.0002,0.0002,0.0,4999,1,0,False,False,2
gnn_ewc_replay,adwin,25,214,1,2018-02-15T14:16:28.503726,5000,0.0002,0.0002,0.0,4999,1,0,False,False,2
gnn_ewc_replay,adwin,26,215,1,2018-02-15T14:20:31.927942,5000,0.0,0.0,0.0,5000,0,0,False,False,2
gnn_ewc_replay,adwin,27,217,1,2018-02-15T14:26:25.244375,5000,0.0,0.0,0.0,5000,0,0,False,False,2
gnn_ewc_replay,adwin,28,218,1,2018-02-15T14:29:35.824417,5000,0.0,0.0,0.0,5000,0,0,False,False,2
gnn_ewc_replay,adwin,29,219,1,2018-02-15T14:33:15.078803,5000,0.0,0.0,0.0,5000,0,0,False,False,2
gnn_ewc_replay,adwin,30,221,1,2018-02-15T14:40:05.904712,5000,0.0002,0.0002,0.0,4999,1,0,False,False,2
gnn_ewc_replay,adwin,31,222,1,2018-02-15T14:43:20.578050,5000,0.0,0.0,0.0,5000,0,0,False,False,2
gnn_ewc_replay,adwin,32,224,1,2018-02-15T14:49:58.408106,5000,0.0,0.0,0.0,5000,0,0,False,False,2
gnn_ewc_replay,adwin,33,225,1,2018-02-15T14:52:57.148539,5000,0.0,0.0,0.0,5000,0,0,False,False,2
gnn_ewc_replay,adwin,34,227,1,2018-02-15T14:58:49.520953,5000,0.0104,0.0104,0.0104,5000,0,0,True,True,3
gnn_ewc_replay,adwin,35,228,1,2018-02-15T15:01:35.503923,5000,0.0088,0.0088,0.0182,4950,47,3,True,False,3
gnn_ewc_replay,adwin,36,229,1,2018-02-15T15:04:53.594861,5000,0.0178,0.0178,0.0178,5000,0,0,True,False,3
gnn_ewc_replay,adwin,37,231,1,2018-02-15T15:10:43.113137,5000,0.0014,0.0014,0.014,4937,63,0,True,False,3
gnn_ewc_replay,adwin,38,232,1,2018-02-15T15:13:41.096189,5000,0.0016,0.0016,0.0166,4925,75,0,False,False,3
gnn_ewc_replay,adwin,39,234,1,2018-02-15T15:19:35.615625,5000,0.0012,0.0012,0.0162,4925,52,23,False,False,3
gnn_ewc_replay,adwin,40,235,1,2018-02-15T15:22:01.717726,5000,0.0072,0.0072,0.0162,4955,45,0,True,True,4
gnn_ewc_replay,adwin,41,237,1,2018-02-15T15:28:03.562400,5000,0.0,0.0,0.0146,4927,73,0,False,False,4
gnn_ewc_replay,adwin,42,238,1,2018-02-15T15:30:42.194109,5000,0.0,0.0,0.0218,4891,109,0,True,False,4
gnn_ewc_replay,adwin,43,239,1,2018-02-15T15:33:50.453519,5000,0.0,0.0,0.0194,4903,97,0,False,False,4
gnn_ewc_replay,adwin,44,241,1,2018-02-15T15:40:14.154779,5000,0.0014,0.0014,0.0072,4957,42,1,False,False,4
gnn_ewc_replay,adwin,45,242,1,2018-02-15T15:43:38.324572,5000,0.0,0.0,0.0,5000,0,0,False,False,4
gnn_ewc_replay,adwin,46,244,1,2018-02-15T15:49:34.849905,5000,0.0,0.0,0.0,5000,0,0,False,False,4
gnn_ewc_replay,adwin,47,245,1,2018-02-15T15:52:15.457567,5000,0.0,0.0,0.0,5000,0,0,False,False,4
gnn_ewc_replay,adwin,48,247,1,2018-02-15T15:58:36.122597,5000,0.0,0.0,0.0,5000,0,0,False,False,4
gnn_ewc_replay,adwin,49,248,1,2018-02-15T16:01:12.335738,5000,0.0,0.0,0.0,5000,0,0,False,False,4
gnn_ewc_replay,adwin,50,249,1,2018-02-15T16:05:09.163526,5000,0.0,0.0,0.0,5000,0,0,False,False,4
gnn_ewc_replay,adwin,51,251,1,2018-02-15T16:14:18.531154,5000,0.0,0.0,0.0,5000,0,0,False,False,4
gnn_ewc_replay,adwin,52,252,1,2018-02-15T16:18:17.690425,5000,0.0,0.0,0.0,5000,0,0,False,False,4
gnn_ewc_replay,adwin,53,254,1,2018-02-15T16:26:52.753234,5000,0.0,0.0,0.0,5000,0,0,False,False,4
gnn_ewc_replay,adwin,54,255,1,2018-02-15T16:29:35.703305,5000,0.0,0.0,0.0,5000,0,0,False,False,4
gnn_ewc_replay,adwin,55,257,1,2018-02-15T16:38:10.097487,5000,0.0,0.0,0.0,5000,0,0,False,False,4
gnn_ewc_replay,adwin,56,258,1,2018-02-15T16:45:00.570621,5000,0.0,0.0,0.0,5000,0,0,False,False,4
gnn_ewc_replay,adwin,57,259,1,2018-02-15T16:50:59.684793,5000,0.0,0.0,0.0,5000,0,0,False,False,4
gnn_ewc_replay,adwin,58,261,1,2018-02-15T17:00:24.898645,5000,0.0,0.0,0.0,5000,0,0,False,False,4
gnn_ewc_replay,adwin,59,262,1,2018-02-15T17:04:35.659972,5000,0.0,0.0,0.0,5000,0,0,False,False,4
gnn_ewc_replay,adwin,60,264,1,2018-02-15T17:12:38.569411,5000,0.0,0.0,0.0,5000,0,0,False,False,4
gnn_ewc_replay,adwin,61,265,1,2018-02-15T17:15:56.887529,5000,0.0,0.0,0.0,5000,0,0,False,False,4
gnn_ewc_replay,adwin,62,267,1,2018-02-15T17:23:13.044359,5000,0.0,0.0,0.0,5000,0,0,False,False,4
gnn_ewc_replay,adwin,63,268,1,2018-02-15T17:26:34.119062,5000,0.0,0.0,0.0,5000,0,0,False,False,4
gnn_ewc_replay,adwin,64,269,1,2018-02-15T17:30:03.499806,5000,0.0,0.0,0.0,5000,0,0,False,False,4
gnn_ewc_replay,adwin,65,271,1,2018-02-15T17:37:01.144978,5000,0.0,0.0,0.0,5000,0,0,False,False,4
gnn_ewc_replay,adwin,66,272,1,2018-02-15T17:40:27.152310,5000,0.0,0.0,0.0,5000,0,0,False,False,4
gnn_ewc_replay,adwin,67,274,1,2018-02-15T17:46:41.549807,5000,0.0,0.0,0.0,5000,0,0,False,False,4
gnn_ewc_replay,adwin,68,275,1,2018-02-15T17:49:38.735750,5000,0.0,0.0,0.0,5000,0,0,False,False,4
gnn_ewc_replay,adwin,69,277,1,2018-02-15T17:56:00.511056,5000,0.0,0.0,0.0,5000,0,0,False,False,4
gnn_ewc_replay,adwin,70,278,1,2018-02-15T17:59:19.885035,5000,0.0,0.0,0.0,5000,0,0,False,False,4
gnn_ewc_replay,adwin,71,279,1,2018-02-15T18:02:44.318022,5000,0.0,0.0,0.0,5000,0,0,False,False,4
gnn_ewc_replay,adwin,72,281,1,2018-02-15T18:09:41.150950,5000,0.0,0.0,0.0,5000,0,0,False,False,4
gnn_ewc_replay,adwin,73,282,1,2018-02-15T18:12:28.015107,5000,0.0,0.0,0.0,5000,0,0,False,False,4
gnn_ewc_replay,adwin,74,284,1,2018-02-15T18:18:23.038912,5000,0.0,0.0,0.0,5000,0,0,False,False,4
gnn_ewc_replay,adwin,75,285,1,2018-02-15T18:21:18.883558,5000,0.0,0.0,0.0,5000,0,0,False,False,4
gnn_ewc_replay,adwin,76,287,1,2018-02-15T18:27:53.451634,5000,0.0,0.0,0.0,5000,0,0,False,False,4
gnn_ewc_replay,adwin,77,288,1,2018-02-15T18:31:00.368229,5000,0.0,0.0,0.0,5000,0,0,False,False,4
gnn_ewc_replay,adwin,78,289,1,2018-02-15T18:34:18.238525,5000,0.0002,0.0002,0.0,4999,0,1,False,False,4
gnn_ewc_replay,adwin,79,291,1,2018-02-15T18:41:41.029198,5000,0.0,0.0,0.0,5000,0,0,False,False,4
gnn_ewc_replay,adwin,80,292,1,2018-02-15T18:45:05.792018,5000,0.0,0.0,0.0,5000,0,0,False,False,4
gnn_ewc_replay,adwin,81,294,1,2018-02-15T18:51:57.688983,5000,0.0,0.0,0.0,5000,0,0,False,False,4
gnn_ewc_replay,adwin,82,295,1,2018-02-15T18:55:22.974194,5000,0.0,0.0,0.0,5000,0,0,False,False,4
gnn_ewc_replay,adwin,83,297,1,2018-02-15T19:03:00.715509,5000,0.0,0.0,0.0,5000,0,0,False,False,4
gnn_ewc_replay,adwin,84,298,1,2018-02-15T19:06:06.319184,5000,0.0,0.0,0.0,5000,0,0,False,False,4
gnn_ewc_replay,adwin,85,299,1,2018-02-15T19:09:23.553347,5000,0.0,0.0,0.0,5000,0,0,False,False,4
gnn_ewc_replay,adwin,86,301,1,2018-02-15T19:15:30.768551,5000,0.0,0.0,0.0,5000,0,0,False,False,4
gnn_ewc_replay,adwin,87,302,1,2018-02-15T19:18:40.296916,5000,0.0,0.0,0.0,5000,0,0,False,False,4
gnn_ewc_replay,adwin,88,304,1,2018-02-15T19:24:39.980435,5000,0.0,0.0,0.0,5000,0,0,False,False,4
gnn_ewc_replay,adwin,89,305,1,2018-02-15T19:27:33.013649,5000,0.0,0.0,0.0,5000,0,0,False,False,4
gnn_ewc_replay,adwin,90,307,1,2018-02-15T19:34:45.131211,5000,0.0,0.0,0.0,5000,0,0,False,False,4
gnn_ewc_replay,adwin,91,308,1,2018-02-15T19:38:05.427945,5000,0.0,0.0,0.0,5000,0,0,False,False,4
gnn_ewc_replay,adwin,92,309,1,2018-02-15T19:41:20.652273,5000,0.0,0.0,0.0,5000,0,0,False,False,4
gnn_ewc_replay,adwin,93,311,1,2018-02-15T19:48:51.307142,5000,0.0,0.0,0.0,5000,0,0,False,False,4
gnn_ewc_replay,adwin,94,312,1,2018-02-15T19:52:15.873932,5000,0.0,0.0,0.0,5000,0,0,False,False,4
gnn_ewc_replay,adwin,95,314,1,2018-02-15T19:59:56.591045,5000,0.0,0.0,0.0,5000,0,0,False,False,4
gnn_ewc_replay,adwin,96,315,1,2018-02-15T20:04:26.712143,5000,0.0,0.0,0.0,5000,0,0,False,False,4
gnn_ewc_replay,adwin,97,317,1,2018-02-15T20:10:46.343941,5000,0.0,0.0,0.0,5000,0,0,False,False,4
gnn_ewc_replay,adwin,98,318,1,2018-02-15T20:13:56.161473,5000,0.0,0.0,0.0,5000,0,0,False,False,4
gnn_ewc_replay,adwin,99,319,1,2018-02-15T20:17:08.570979,5000,0.0,0.0,0.0,5000,0,0,False,False,4
gnn_ewc_replay,adwin,100,321,1,2018-02-15T20:23:09.220547,5000,0.0002,0.0002,0.0,4999,1,0,False,False,4
gnn_ewc_replay,adwin,101,322,1,2018-02-15T20:26:14.816363,5000,0.0,0.0,0.0,5000,0,0,False,False,4
gnn_ewc_replay,adwin,102,324,1,2018-02-15T20:33:20.316643,5000,0.0,0.0,0.0,5000,0,0,False,False,4
gnn_ewc_replay,adwin,103,325,1,2018-02-15T20:36:12.774234,5000,0.0,0.0,0.0,5000,0,0,False,False,4
gnn_ewc_replay,adwin,104,327,1,2018-02-15T20:42:25.006964,5000,0.0,0.0,0.0,5000,0,0,False,False,4
gnn_ewc_replay,adwin,105,328,1,2018-02-15T20:45:20.967221,5000,0.0,0.0,0.0,5000,0,0,False,False,4
gnn_ewc_replay,adwin,106,329,1,2018-02-15T20:48:38.201559,5000,0.0,0.0,0.0,5000,0,0,False,False,4
gnn_ewc_replay,adwin,107,331,1,2018-02-15T20:54:54.842909,5000,0.0,0.0,0.0,5000,0,0,False,False,4
gnn_ewc_replay,adwin,108,332,1,2018-02-15T20:58:04.422672,5000,0.0,0.0,0.0,5000,0,0,False,False,4
gnn_ewc_replay,adwin,109,334,1,2018-02-15T21:04:11.286615,5000,0.0,0.0,0.0,5000,0,0,False,False,4
gnn_ewc_replay,adwin,110,335,1,2018-02-15T21:09:03.223157,5000,0.0004,0.0004,0.0,4998,2,0,False,False,4
gnn_ewc_replay,adwin,111,337,1,2018-02-15T21:18:26.686505,5000,0.0,0.0,0.0,5000,0,0,False,False,4
gnn_ewc_replay,adwin,112,338,1,2018-02-15T21:23:32.652271,5000,0.0,0.0,0.0,5000,0,0,False,False,4
gnn_ewc_replay,adwin,113,339,1,2018-02-15T21:28:41.499548,5000,0.0002,0.0002,0.0,4999,1,0,False,False,4
gnn_ewc_replay,adwin,114,341,1,2018-02-16T12:38:36.697545,5000,0.0,0.0,0.0,5000,0,0,False,False,4
gnn_ewc_replay,adwin,115,342,1,2018-02-16T12:41:51.550511,5000,0.0,0.0,0.0,5000,0,0,False,False,4
gnn_ewc_replay,adwin,116,344,1,2018-02-16T12:47:57.300715,5000,0.0,0.0,0.0,4999,0,1,False,False,4
gnn_ewc_replay,adwin,117,345,1,2018-02-16T12:51:35.623713,5000,0.0,0.0,0.0,5000,0,0,False,False,4
gnn_ewc_replay,adwin,118,347,1,2018-02-16T12:57:56.099291,5000,0.0,0.0,0.0,5000,0,0,False,False,4
gnn_ewc_replay,adwin,119,348,1,2018-02-16T13:01:12.217064,5000,0.0,0.0,0.0,5000,0,0,False,False,4
gnn_ewc_replay,adwin,120,349,1,2018-02-16T13:04:42.604615,5000,0.0,0.0,0.0,5000,0,0,False,False,4
gnn_ewc_replay,adwin,121,351,1,2018-02-16T13:10:28.859447,5000,0.0,0.0,0.0,5000,0,0,False,False,4
gnn_ewc_replay,adwin,122,352,1,2018-02-16T13:13:30.516025,5000,0.0,0.0,0.0,5000,0,0,False,False,4
gnn_ewc_replay,adwin,123,354,1,2018-02-16T13:19:14.030376,5000,0.0,0.0,0.0,5000,0,0,False,False,4
gnn_ewc_replay,adwin,124,355,1,2018-02-16T13:22:36.824134,5000,0.0,0.0,0.0,5000,0,0,False,False,4
gnn_ewc_replay,adwin,125,357,1,2018-02-16T13:28:33.409959,5000,0.0,0.0,0.0,5000,0,0,False,False,4
gnn_ewc_replay,adwin,126,358,1,2018-02-16T13:32:09.884042,5000,0.0,0.0,0.0,5000,0,0,False,False,4
gnn_ewc_replay,adwin,127,359,1,2018-02-16T13:35:31.614925,5000,0.0,0.0,0.0,5000,0,0,False,False,4
gnn_ewc_replay,adwin,128,361,1,2018-02-16T13:41:03.024633,5000,0.0,0.0,0.0,5000,0,0,False,False,4
gnn_ewc_replay,adwin,129,362,1,2018-02-16T13:44:12.288412,5000,0.0,0.0,0.0,5000,0,0,False,False,4
gnn_ewc_replay,adwin,130,364,1,2018-02-16T13:49:59.276859,5000,0.0,0.0,0.0,5000,0,0,False,False,4
gnn_ewc_replay,adwin,131,365,1,2018-02-16T13:53:10.063118,5000,0.0,0.0,0.0,5000,0,0,False,False,4
gnn_ewc_replay,adwin,132,367,1,2018-02-16T13:58:52.864868,5000,0.0,0.0,0.0,5000,0,0,False,False,4
gnn_ewc_replay,adwin,133,368,1,2018-02-16T14:01:22.834646,5000,0.0,0.0,0.0,5000,0,0,False,False,4
gnn_ewc_replay,adwin,134,369,1,2018-02-16T14:04:55.896892,5000,0.0,0.0,0.0,5000,0,0,False,False,4
gnn_ewc_replay,adwin,135,371,1,2018-02-16T14:11:34.794780,5000,0.0,0.0,0.0,5000,0,0,False,False,4
gnn_ewc_replay,adwin,136,372,1,2018-02-16T14:13:58.339355,5000,0.0,0.0,0.0,5000,0,0,False,False,4
gnn_ewc_replay,adwin,137,374,1,2018-02-16T14:19:49.131130,5000,0.0,0.0,0.0,5000,0,0,False,False,4
gnn_ewc_replay,adwin,138,375,1,2018-02-16T14:22:46.732927,5000,0.0,0.0,0.0,5000,0,0,False,False,4
gnn_ewc_replay,adwin,139,377,1,2018-02-16T14:28:19.297368,5000,0.0,0.0,0.0,5000,0,0,False,False,4
gnn_ewc_replay,adwin,140,378,1,2018-02-16T14:31:06.039383,5000,0.0,0.0,0.0,5000,0,0,False,False,4
gnn_ewc_replay,adwin,141,379,1,2018-02-16T14:34:38.524501,5000,0.0,0.0,0.0,5000,0,0,False,False,4
gnn_ewc_replay,adwin,142,381,1,2018-02-16T14:39:55.123773,5000,0.0,0.0,0.0,5000,0,0,False,False,4
gnn_ewc_replay,adwin,143,382,1,2018-02-16T14:42:08.518730,5000,0.0,0.0,0.0,5000,0,0,False,False,4
gnn_ewc_replay,adwin,144,384,1,2018-02-16T14:47:13.260846,5000,0.0,0.0,0.0,5000,0,0,False,False,4
gnn_ewc_replay,adwin,145,385,1,2018-02-16T14:49:51.713324,5000,0.0,0.0,0.0,5000,0,0,False,False,4
gnn_ewc_replay,adwin,146,387,1,2018-02-16T14:54:44.986030,5000,0.0,0.0,0.0,5000,0,0,False,False,4
gnn_ewc_replay,adwin,147,388,1,2018-02-16T14:57:19.214139,5000,0.0,0.0,0.0,5000,0,0,False,False,4
gnn_ewc_replay,adwin,148,389,1,2018-02-16T14:59:52.120516,5000,0.0,0.0,0.0,5000,0,0,False,False,4
gnn_ewc_replay,adwin,149,391,1,2018-02-16T15:05:05.451682,5000,0.0,0.0,0.0,5000,0,0,False,False,4
gnn_ewc_replay,adwin,150,392,1,2018-02-16T15:07:41.062311,5000,0.0,0.0,0.0,5000,0,0,False,False,4
gnn_ewc_replay,adwin,151,394,1,2018-02-16T15:13:20.136611,5000,0.0,0.0,0.0,5000,0,0,False,False,4
gnn_ewc_replay,adwin,152,395,1,2018-02-16T15:16:25.174632,5000,0.0,0.0,0.0,5000,0,0,False,False,4
gnn_ewc_replay,adwin,153,397,1,2018-02-16T15:22:40.807706,5000,0.0,0.0,0.0,5000,0,0,False,False,4
gnn_ewc_replay,adwin,154,398,1,2018-02-16T15:25:34.341078,5000,0.0,0.0,0.0,5000,0,0,False,False,4
gnn_ewc_replay,adwin,155,399,1,2018-02-16T15:28:34.709642,5000,0.0,0.0,0.0,5000,0,0,False,False,4
gnn_ewc_replay,adwin,156,401,1,2018-02-16T15:34:20.055451,5000,0.0,0.0,0.0,5000,0,0,False,False,4
gnn_ewc_replay,adwin,157,402,1,2018-02-16T15:37:17.313787,5000,0.0,0.0,0.0,5000,0,0,False,False,4
gnn_ewc_replay,adwin,158,404,1,2018-02-16T15:42:25.817105,5000,0.0,0.0,0.0,5000,0,0,False,False,4
gnn_ewc_replay,adwin,159,405,1,2018-02-16T15:45:10.829527,5000,0.0,0.0,0.0,5000,0,0,False,False,4
gnn_ewc_replay,adwin,160,407,1,2018-02-16T15:50:50.849008,5000,0.0,0.0,0.0,5000,0,0,False,False,4
gnn_ewc_replay,adwin,161,408,1,2018-02-16T15:53:34.212298,5000,0.0,0.0,0.0,5000,0,0,False,False,4
gnn_ewc_replay,adwin,162,409,1,2018-02-16T15:56:46.485727,5000,0.0,0.0,0.0,5000,0,0,False,False,4
gnn_ewc_replay,adwin,163,411,1,2018-02-16T16:02:20.991045,5000,0.0,0.0,0.0,5000,0,0,False,False,4
gnn_ewc_replay,adwin,164,412,1,2018-02-16T16:06:06.473413,5000,0.0,0.0,0.0,5000,0,0,False,False,4
gnn_ewc_replay,adwin,165,414,1,2018-02-16T16:13:23.724000,5000,0.0,0.0,0.0,5000,0,0,False,False,4
gnn_ewc_replay,adwin,166,415,1,2018-02-16T16:16:47.091957,5000,0.0,0.0,0.0,5000,0,0,False,False,4
gnn_ewc_replay,adwin,167,417,1,2018-02-16T16:26:51.582279,5000,0.0,0.0,0.0,5000,0,0,False,False,4
gnn_ewc_replay,adwin,168,418,1,2018-02-16T16:30:10.070271,5000,0.0,0.0,0.0,5000,0,0,False,False,4
gnn_ewc_replay,adwin,169,419,1,2018-02-16T16:34:29.542855,5000,0.0,0.0,0.0,5000,0,0,False,False,4
gnn_ewc_replay,adwin,170,421,1,2018-02-16T16:43:40.803856,5000,0.0,0.0,0.0,5000,0,0,False,False,4
gnn_ewc_replay,adwin,171,422,1,2018-02-16T16:47:31.948072,5000,0.0,0.0,0.0,5000,0,0,False,False,4
gnn_ewc_replay,adwin,172,424,1,2018-02-16T16:57:56.802843,5000,0.0,0.0,0.0,5000,0,0,False,False,4
gnn_ewc_replay,adwin,173,425,1,2018-02-16T17:01:39.858302,5000,0.0,0.0,0.0,5000,0,0,False,False,4
gnn_ewc_replay,adwin,174,427,1,2018-02-16T17:10:12.016624,5000,0.0,0.0,0.0,5000,0,0,False,False,4
gnn_ewc_replay,adwin,175,428,1,2018-02-16T17:14:13.990815,5000,0.0,0.0,0.0,5000,0,0,False,False,4
gnn_ewc_replay,adwin,176,429,1,2018-02-16T17:17:52.673746,5000,0.0,0.0,0.0,5000,0,0,False,False,4
gnn_ewc_replay,adwin,177,431,1,2018-02-16T17:25:47.902786,5000,0.0,0.0,0.0,5000,0,0,False,False,4
gnn_ewc_replay,adwin,178,432,1,2018-02-16T17:28:53.822111,5000,0.0,0.0,0.0,5000,0,0,False,False,4
gnn_ewc_replay,adwin,179,434,1,2018-02-16T17:34:33.651732,5000,0.0,0.0,0.0,5000,0,0,False,False,4
gnn_ewc_replay,adwin,180,435,1,2018-02-16T17:37:22.552335,5000,0.0,0.0,0.0,5000,0,0,False,False,4
gnn_ewc_replay,adwin,181,437,1,2018-02-16T17:43:24.921728,5000,0.223,0.223,0.223,5000,0,0,True,True,5
gnn_ewc_replay,adwin,182,438,1,2018-02-16T17:45:30.415800,5000,0.0,0.0,0.93,350,4650,0,True,False,5
gnn_ewc_replay,adwin,183,439,1,2018-02-16T17:45:42.688795,5000,0.0,0.0,0.9046,477,4523,0,False,False,5
gnn_ewc_replay,adwin,184,441,1,2018-02-16T17:46:08.490404,5000,0.0,0.0,0.9132,434,4566,0,False,False,5
gnn_ewc_replay,adwin,185,442,1,2018-02-16T17:46:21.160402,5000,0.0,0.0,0.8986,507,4493,0,False,False,5
gnn_ewc_replay,adwin,186,444,1,2018-02-16T17:46:46.819964,5000,0.0,0.0,0.9194,403,4597,0,False,False,5
gnn_ewc_replay,adwin,187,445,1,2018-02-16T17:46:59.413971,5000,0.0,0.0,0.9344,328,4672,0,False,False,5
gnn_ewc_replay,adwin,188,447,1,2018-02-16T17:47:25.577219,5000,0.0,0.0,0.9352,324,4676,0,False,False,5
gnn_ewc_replay,adwin,189,448,1,2018-02-16T17:47:38.591471,5000,0.0,0.0,0.9284,358,4642,0,False,False,5
gnn_ewc_replay,adwin,190,449,1,2018-02-16T17:47:51.713306,5000,0.0,0.0,0.9154,423,4577,0,False,False,5
gnn_ewc_replay,adwin,191,451,1,2018-02-16T17:48:17.727660,5000,0.0,0.0,0.9168,416,4584,0,False,False,5
gnn_ewc_replay,adwin,192,452,1,2018-02-16T17:48:30.941266,5000,0.0,0.0,0.9142,429,4571,0,False,False,5
gnn_ewc_replay,adwin,193,454,1,2018-02-16T17:48:57.199640,5000,0.0,0.0,0.9114,443,4557,0,False,False,5
gnn_ewc_replay,adwin,194,455,1,2018-02-16T17:49:10.241582,5000,0.0,0.0,0.9088,456,4544,0,False,False,5
gnn_ewc_replay,adwin,195,457,1,2018-02-16T17:49:35.975831,5000,0.0,0.0,0.941,295,4705,0,False,False,5
gnn_ewc_replay,adwin,196,458,1,2018-02-16T17:49:49.603664,5000,0.0,0.0,0.9322,339,4661,0,False,False,5
gnn_ewc_replay,adwin,197,459,1,2018-02-16T17:50:03.106615,5000,0.0,0.0,0.9414,293,4707,0,False,False,5
gnn_ewc_replay,adwin,198,461,1,2018-02-16T17:50:30.325848,5000,0.0,0.0,0.9298,351,4649,0,False,False,5
gnn_ewc_replay,adwin,199,462,1,2018-02-16T17:50:43.769057,5000,0.0,0.0,0.9334,333,4667,0,False,False,5
gnn_ewc_replay,adwin,200,464,1,2018-02-16T17:51:10.396018,5000,0.0,0.0,0.9432,284,4716,0,False,False,5
gnn_ewc_replay,adwin,201,465,1,2018-02-16T17:51:23.665419,5000,0.0,0.0,0.9286,357,4643,0,False,False,5
gnn_ewc_replay,adwin,202,467,1,2018-02-16T17:51:50.674959,5000,0.0,0.0,0.918,410,4590,0,False,False,5
gnn_ewc_replay,adwin,203,468,1,2018-02-16T17:52:04.316419,5000,0.0,0.0,0.92,400,4600,0,False,False,5
gnn_ewc_replay,adwin,204,469,1,2018-02-16T17:52:17.971178,5000,0.0,0.0,0.9246,377,4623,0,False,False,5
gnn_ewc_replay,adwin,205,471,1,2018-02-16T17:52:44.236127,5000,0.0,0.0,0.94,300,4700,0,False,False,5
gnn_ewc_replay,adwin,206,472,1,2018-02-16T17:52:57.744874,5000,0.0,0.0,0.9182,409,4591,0,False,False,5
gnn_ewc_replay,adwin,207,474,1,2018-02-16T17:53:24.241714,5000,0.0002,0.0002,0.916,419,4581,0,False,False,5
gnn_ewc_replay,adwin,208,475,1,2018-02-16T17:53:37.171883,5000,0.0,0.0,0.9308,346,4654,0,False,False,5
gnn_ewc_replay,adwin,209,477,1,2018-02-16T17:54:04.384679,5000,0.0,0.0,0.9344,328,4672,0,False,False,5
gnn_ewc_replay,adwin,210,478,1,2018-02-16T17:54:18.192149,5000,0.0,0.0,0.9096,452,4548,0,False,False,5
gnn_ewc_replay,adwin,211,479,1,2018-02-16T17:54:31.119667,5000,0.0,0.0,0.8792,604,4396,0,False,False,5
gnn_ewc_replay,adwin,212,481,1,2018-02-16T17:54:57.072100,5000,0.0,0.0,0.903,485,4515,0,False,False,5
gnn_ewc_replay,adwin,213,482,1,2018-02-16T17:55:10.397365,5000,0.0,0.0,0.93,350,4650,0,False,False,5
gnn_ewc_replay,adwin,214,484,1,2018-02-16T17:55:37.529441,5000,0.0,0.0,0.8992,504,4496,0,False,False,5
gnn_ewc_replay,adwin,215,485,1,2018-02-16T17:55:51.043506,5000,0.0,0.0,0.9076,462,4538,0,False,False,5
gnn_ewc_replay,adwin,216,487,1,2018-02-16T17:56:16.991902,5000,0.0,0.0,0.9344,328,4672,0,False,False,5
gnn_ewc_replay,adwin,217,488,1,2018-02-16T17:56:30.972214,5000,0.0,0.0,0.9212,394,4606,0,False,False,5
gnn_ewc_replay,adwin,218,489,1,2018-02-16T17:56:44.280487,5000,0.0,0.0,0.9314,343,4657,0,False,False,5
gnn_ewc_replay,adwin,219,491,1,2018-02-16T17:57:11.589137,5000,0.0,0.0,0.912,440,4560,0,False,False,5
gnn_ewc_replay,adwin,220,492,1,2018-02-16T17:57:24.319514,5000,0.0,0.0,0.9246,377,4623,0,False,False,5
gnn_ewc_replay,adwin,221,494,1,2018-02-16T17:57:50.537519,5000,0.0,0.0,0.8846,577,4423,0,False,False,5
gnn_ewc_replay,adwin,222,495,1,2018-02-16T17:58:03.346381,5000,0.0,0.0,0.8844,578,4422,0,False,False,5
gnn_ewc_replay,adwin,223,497,1,2018-02-16T17:59:38.552168,5000,0.0,0.0,0.0,5000,0,0,False,False,5
gnn_ewc_replay,adwin,224,498,1,2018-02-16T18:02:18.209600,5000,0.0,0.0,0.0,5000,0,0,False,False,5
gnn_ewc_replay,adwin,225,499,1,2018-02-16T18:05:19.157335,5000,0.0,0.0,0.0,5000,0,0,False,False,5
gnn_ewc_replay,adwin,226,501,1,2018-02-16T18:12:41.835531,5000,0.0,0.0,0.0,5000,0,0,False,False,5
gnn_ewc_replay,adwin,227,502,1,2018-02-16T18:16:07.112369,5000,0.0,0.0,0.0,5000,0,0,False,False,5
gnn_ewc_replay,adwin,228,504,1,2018-02-16T18:22:58.916240,5000,0.0,0.0,0.0,5000,0,0,False,False,5
gnn_ewc_replay,adwin,229,505,1,2018-02-16T18:26:04.206752,5000,0.0,0.0,0.0,5000,0,0,False,False,5
gnn_ewc_replay,adwin,230,507,1,2018-02-16T18:32:24.031146,5000,0.0,0.0,0.0,5000,0,0,False,False,5
gnn_ewc_replay,adwin,231,508,1,2018-02-16T18:36:21.786609,5000,0.0,0.0,0.0,5000,0,0,False,False,5
gnn_ewc_replay,adwin,232,509,1,2018-02-16T18:39:42.359805,5000,0.0,0.0,0.0,5000,0,0,False,False,5
gnn_ewc_replay,adwin,233,511,1,2018-02-16T18:46:21.632940,5000,0.0,0.0,0.0,5000,0,0,False,False,5
gnn_ewc_replay,adwin,234,512,1,2018-02-16T18:49:24.325334,5000,0.0,0.0,0.0,5000,0,0,False,False,5
gnn_ewc_replay,adwin,235,514,1,2018-02-16T18:55:13.155996,5000,0.0,0.0,0.0,5000,0,0,False,False,5
gnn_ewc_replay,adwin,236,515,1,2018-02-16T18:57:56.455951,5000,0.0,0.0,0.0,5000,0,0,False,False,5
gnn_ewc_replay,adwin,237,517,1,2018-02-16T19:03:41.274511,5000,0.0,0.0,0.0,5000,0,0,False,False,5
gnn_ewc_replay,adwin,238,518,1,2018-02-16T19:06:58.752310,5000,0.0,0.0,0.0,5000,0,0,False,False,5
gnn_ewc_replay,adwin,239,519,1,2018-02-16T19:10:11.009406,5000,0.0,0.0,0.0,5000,0,0,False,False,5
gnn_ewc_replay,adwin,240,521,1,2018-02-16T19:16:53.948947,5000,0.0,0.0,0.0,5000,0,0,False,False,5
gnn_ewc_replay,adwin,241,522,1,2018-02-16T19:19:51.082900,5000,0.0,0.0,0.0,5000,0,0,False,False,5
gnn_ewc_replay,adwin,242,524,1,2018-02-16T19:25:24.963667,5000,0.0,0.0,0.0,5000,0,0,False,False,5
gnn_ewc_replay,adwin,243,525,1,2018-02-16T19:28:11.868535,5000,0.0,0.0,0.0,5000,0,0,False,False,5
gnn_ewc_replay,adwin,244,527,1,2018-02-16T19:33:36.958594,5000,0.0,0.0,0.0,5000,0,0,False,False,5
gnn_ewc_replay,adwin,245,528,1,2018-02-16T19:36:50.623788,5000,0.0,0.0,0.0,5000,0,0,False,False,5
gnn_ewc_replay,adwin,246,529,1,2018-02-16T19:40:00.527776,5000,0.0,0.0,0.0,5000,0,0,False,False,5
gnn_ewc_replay,adwin,247,531,1,2018-02-16T19:46:49.619851,5000,0.0,0.0,0.0,5000,0,0,False,False,5
gnn_ewc_replay,adwin,248,532,1,2018-02-16T19:49:49.128752,5000,0.0,0.0,0.0,5000,0,0,False,False,5
gnn_ewc_replay,adwin,249,534,1,2018-02-16T19:55:33.771228,5000,0.0,0.0,0.0,5000,0,0,False,False,5
gnn_ewc_replay,adwin,250,535,1,2018-02-16T19:58:52.839507,5000,0.0,0.0,0.0,5000,0,0,False,False,5
gnn_ewc_replay,adwin,251,537,1,2018-02-16T20:05:47.117728,5000,0.0,0.0,0.0,5000,0,0,False,False,5
gnn_ewc_replay,adwin,252,538,1,2018-02-16T20:09:01.394260,5000,0.0,0.0,0.0,5000,0,0,False,False,5
gnn_ewc_replay,adwin,253,539,1,2018-02-16T20:12:27.179366,5000,0.0,0.0,0.0,5000,0,0,False,False,5
gnn_ewc_replay,adwin,254,541,1,2018-02-16T20:19:06.139226,5000,0.0,0.0,0.0,5000,0,0,False,False,5
gnn_ewc_replay,adwin,255,542,1,2018-02-16T20:21:46.757987,5000,0.0,0.0,0.0,5000,0,0,False,False,5
gnn_ewc_replay,adwin,256,544,1,2018-02-16T20:27:32.869316,5000,0.0,0.0,0.0,5000,0,0,False,False,5
gnn_ewc_replay,adwin,257,545,1,2018-02-16T20:30:29.720266,5000,0.0,0.0,0.0,5000,0,0,False,False,5
gnn_ewc_replay,adwin,258,547,1,2018-02-16T20:36:43.026584,5000,0.0,0.0,0.0,5000,0,0,False,False,5
gnn_ewc_replay,adwin,259,548,1,2018-02-16T20:39:25.723157,5000,0.0,0.0,0.0,5000,0,0,False,False,5
gnn_ewc_replay,adwin,260,549,1,2018-02-16T20:43:03.996213,5000,0.0002,0.0002,0.0,4999,1,0,False,False,5
gnn_ewc_replay,adwin,261,551,1,2018-02-16T20:49:10.647438,5000,0.0,0.0,0.0,5000,0,0,False,False,5
gnn_ewc_replay,adwin,262,552,1,2018-02-16T20:51:59.438947,5000,0.0,0.0,0.0,5000,0,0,False,False,5
gnn_ewc_replay,adwin,263,554,1,2018-02-16T20:57:51.632652,5000,0.0,0.0,0.0,5000,0,0,False,False,5
gnn_ewc_replay,adwin,264,555,1,2018-02-16T21:00:47.176383,5000,0.0,0.0,0.0,5000,0,0,False,False,5
gnn_ewc_replay,adwin,265,557,1,2018-02-16T21:08:43.247103,5000,0.0,0.0,0.0,5000,0,0,False,False,5
gnn_ewc_replay,adwin,266,558,1,2018-02-16T21:13:51.365573,5000,0.0,0.0,0.0,5000,0,0,False,False,5
gnn_ewc_replay,adwin,267,559,1,2018-02-16T21:18:43.188458,5000,0.0,0.0,0.0,5000,0,0,False,False,5
gnn_ewc_replay,adwin,268,561,1,2018-02-16T21:27:53.519513,5448,0.0,0.0,0.0,5448,0,0,False,False,5
gnn_ewc_replay,adwin,269,562,2,2018-02-20T12:28:05.557484,5000,0.0,0.0,0.0,5000,0,0,False,False,5
gnn_ewc_replay,adwin,270,563,2,2018-02-20T12:29:42.105021,5000,0.0,0.0,0.0,5000,0,0,False,False,5
gnn_ewc_replay,adwin,271,565,2,2018-02-20T12:35:22.868449,5000,0.0,0.0,0.0,5000,0,0,False,False,5
gnn_ewc_replay,adwin,272,566,2,2018-02-20T12:38:25.113331,5000,0.0,0.0,0.0,5000,0,0,False,False,5
gnn_ewc_replay,adwin,273,568,2,2018-02-20T12:44:23.549258,5000,0.0,0.0,0.0,5000,0,0,False,False,5
gnn_ewc_replay,adwin,274,569,2,2018-02-20T12:47:42.741920,5000,0.0,0.0,0.0,5000,0,0,False,False,5
gnn_ewc_replay,adwin,275,571,2,2018-02-20T12:54:39.535064,5000,0.0,0.0,0.0,5000,0,0,False,False,5
gnn_ewc_replay,adwin,276,572,2,2018-02-20T12:57:04.962988,5000,0.0,0.0,0.0,5000,0,0,False,False,5
gnn_ewc_replay,adwin,277,573,2,2018-02-20T13:00:02.189832,5000,0.0,0.0,0.0,5000,0,0,False,False,5
gnn_ewc_replay,adwin,278,575,2,2018-02-20T13:06:02.719061,5000,0.0,0.0,0.0,5000,0,0,False,False,5
gnn_ewc_replay,adwin,279,576,2,2018-02-20T13:09:24.534811,5000,0.0,0.0,0.0,5000,0,0,False,False,5
gnn_ewc_replay,adwin,280,578,2,2018-02-20T13:15:31.118168,5000,0.0,0.0,0.0,5000,0,0,False,False,5
gnn_ewc_replay,adwin,281,579,2,2018-02-20T13:18:47.855403,5000,0.0,0.0,0.0,5000,0,0,False,False,5
gnn_ewc_replay,adwin,282,581,2,2018-02-20T13:25:28.337700,5000,0.0,0.0,0.0,5000,0,0,False,False,5
gnn_ewc_replay,adwin,283,582,2,2018-02-20T13:28:57.358062,5000,0.0,0.0,0.0,5000,0,0,False,False,5
gnn_ewc_replay,adwin,284,583,2,2018-02-20T13:31:24.839207,5000,0.0,0.0,0.0,5000,0,0,False,False,5
gnn_ewc_replay,adwin,285,585,2,2018-02-20T13:36:54.117034,5000,0.0,0.0,0.0,5000,0,0,False,False,5
gnn_ewc_replay,adwin,286,586,2,2018-02-20T13:39:46.399343,5000,0.0,0.0,0.0,5000,0,0,False,False,5
gnn_ewc_replay,adwin,287,588,2,2018-02-20T13:45:29.412810,5000,0.0,0.0,0.0,5000,0,0,False,False,5
gnn_ewc_replay,adwin,288,589,2,2018-02-20T13:48:21.442467,5000,0.0,0.0,0.0,5000,0,0,False,False,5
gnn_ewc_replay,adwin,289,591,2,2018-02-20T13:54:17.035121,5000,0.0,0.0,0.0,5000,0,0,False,False,5
gnn_ewc_replay,adwin,290,592,2,2018-02-20T13:57:18.761258,5000,0.0,0.0,0.0,5000,0,0,False,False,5
gnn_ewc_replay,adwin,291,593,2,2018-02-20T13:59:31.883895,5000,0.0,0.0,0.0,5000,0,0,False,False,5
gnn_ewc_replay,adwin,292,595,2,2018-02-20T14:05:07.874319,5000,0.0,0.0,0.0,5000,0,0,False,False,5
gnn_ewc_replay,adwin,293,596,2,2018-02-20T14:08:15.829182,5000,0.0,0.0,0.0,5000,0,0,False,False,5
gnn_ewc_replay,adwin,294,598,2,2018-02-20T14:14:31.781558,5000,0.2982,0.2982,0.2982,5000,0,0,True,True,6
gnn_ewc_replay,adwin,295,599,2,2018-02-20T14:16:42.779716,5000,0.0,0.0,0.2898,3551,1449,0,True,False,6
gnn_ewc_replay,adwin,296,601,2,2018-02-20T14:20:53.046879,5000,0.0002,0.0002,0.3086,3456,1544,0,False,False,6
gnn_ewc_replay,adwin,297,602,2,2018-02-20T14:23:04.054844,5000,0.0,0.0,0.302,3490,1510,0,False,False,6
gnn_ewc_replay,adwin,298,603,2,2018-02-20T14:25:13.564658,5000,0.0,0.0,0.3288,3356,1644,0,False,False,6
gnn_ewc_replay,adwin,299,605,2,2018-02-20T14:29:13.941506,5000,0.0002,0.0002,0.229,3854,1145,1,False,False,6
gnn_ewc_replay,adwin,300,606,2,2018-02-20T14:30:56.601292,5000,0.0,0.0,0.2666,3667,1333,0,False,False,6
gnn_ewc_replay,adwin,301,608,2,2018-02-20T14:34:56.840157,5000,0.0002,0.0002,0.2944,3527,1473,0,False,False,6
gnn_ewc_replay,adwin,302,609,2,2018-02-20T14:37:11.748493,5000,0.0,0.0,0.283,3585,1415,0,False,False,6
gnn_ewc_replay,adwin,303,611,2,2018-02-20T14:41:14.753304,5000,0.0,0.0,0.3264,3368,1632,0,False,False,6
gnn_ewc_replay,adwin,304,612,2,2018-02-20T14:43:32.797628,5000,0.2888,0.2888,0.2888,5000,0,0,True,True,7
gnn_ewc_replay,adwin,305,613,2,2018-02-20T14:45:36.887432,5000,0.0002,0.0002,0.3014,3492,1508,0,True,False,7
gnn_ewc_replay,adwin,306,615,2,2018-02-20T14:49:37.865031,5000,0.0,0.0,0.2898,3551,1449,0,False,False,7
gnn_ewc_replay,adwin,307,616,2,2018-02-20T14:51:50.660254,5000,0.0,0.0,0.2958,3521,1479,0,False,False,7
gnn_ewc_replay,adwin,308,618,2,2018-02-20T14:56:15.897299,5000,0.0,0.0,0.244,3780,1220,0,False,False,7
gnn_ewc_replay,adwin,309,619,2,2018-02-20T14:58:01.595900,5000,0.0002,0.0002,0.2428,3785,1215,0,False,False,7
gnn_ewc_replay,adwin,310,621,2,2018-02-20T15:01:53.196726,5000,0.0,0.0,0.3064,3468,1532,0,False,False,7
gnn_ewc_replay,adwin,311,622,2,2018-02-20T15:04:03.919827,5000,0.0,0.0,0.321,3395,1605,0,False,False,7
gnn_ewc_replay,adwin,312,623,2,2018-02-20T15:06:20.620580,5000,0.0,0.0,0.2904,3548,1452,0,False,False,7
gnn_ewc_replay,adwin,313,625,2,2018-02-20T15:10:31.378150,5000,0.0,0.0,0.2608,3696,1304,0,False,False,7
gnn_ewc_replay,adwin,314,626,2,2018-02-20T15:12:23.454693,5000,0.0004,0.0004,0.3078,3459,1541,0,False,False,7
gnn_ewc_replay,adwin,315,628,2,2018-02-20T15:16:42.101279,5000,0.0,0.0,0.0152,4924,70,6,False,False,7
gnn_ewc_replay,adwin,316,629,2,2018-02-20T15:19:42.643899,5000,0.0,0.0,0.0,5000,0,0,False,False,7
gnn_ewc_replay,adwin,317,631,2,2018-02-20T15:25:37.439770,5000,0.0,0.0,0.0,5000,0,0,False,False,7
gnn_ewc_replay,adwin,318,632,2,2018-02-20T15:28:10.587368,5000,0.0,0.0,0.0,5000,0,0,False,False,7
gnn_ewc_replay,adwin,319,633,2,2018-02-20T15:30:12.779257,5000,0.0,0.0,0.0,5000,0,0,False,False,7
gnn_ewc_replay,adwin,320,635,2,2018-02-20T15:35:22.231173,5000,0.0,0.0,0.0,5000,0,0,False,False,7
gnn_ewc_replay,adwin,321,636,2,2018-02-20T15:38:29.946843,5000,0.0,0.0,0.0,5000,0,0,False,False,7
gnn_ewc_replay,adwin,322,638,2,2018-02-20T15:44:30.302110,5000,0.0,0.0,0.0,5000,0,0,False,False,7
gnn_ewc_replay,adwin,323,639,2,2018-02-20T15:47:15.886421,5000,0.0,0.0,0.0,5000,0,0,False,False,7
gnn_ewc_replay,adwin,324,641,2,2018-02-20T15:53:10.482827,5000,0.0,0.0,0.0,5000,0,0,False,False,7
gnn_ewc_replay,adwin,325,642,2,2018-02-20T15:55:49.302768,5000,0.0,0.0,0.0,5000,0,0,False,False,7
gnn_ewc_replay,adwin,326,643,2,2018-02-20T15:58:33.314108,5000,0.0,0.0,0.0,5000,0,0,False,False,7
gnn_ewc_replay,adwin,327,645,2,2018-02-20T16:04:31.087569,5000,0.0,0.0,0.0,5000,0,0,False,False,7
gnn_ewc_replay,adwin,328,646,2,2018-02-20T16:08:19.383547,5000,0.0,0.0,0.0,5000,0,0,False,False,7
gnn_ewc_replay,adwin,329,648,2,2018-02-20T16:16:14.502721,5000,0.0,0.0,0.0,5000,0,0,False,False,7
gnn_ewc_replay,adwin,330,649,2,2018-02-20T16:20:02.198707,5000,0.0,0.0,0.0,5000,0,0,False,False,7
gnn_ewc_replay,adwin,331,651,2,2018-02-20T16:28:01.225982,5000,0.0,0.0,0.0,5000,0,0,False,False,7
gnn_ewc_replay,adwin,332,652,2,2018-02-20T16:31:14.129279,5000,0.0,0.0,0.0,5000,0,0,False,False,7
gnn_ewc_replay,adwin,333,653,2,2018-02-20T16:35:09.895817,5000,0.0,0.0,0.0,5000,0,0,False,False,7
gnn_ewc_replay,adwin,334,655,2,2018-02-20T16:43:24.945659,5000,0.0,0.0,0.0,5000,0,0,False,False,7
gnn_ewc_replay,adwin,335,656,2,2018-02-20T16:47:54.650182,5000,0.0,0.0,0.0,5000,0,0,False,False,7
gnn_ewc_replay,adwin,336,658,2,2018-02-20T16:56:24.516343,5000,0.0,0.0,0.0,5000,0,0,False,False,7
gnn_ewc_replay,adwin,337,659,2,2018-02-20T17:00:00.272785,5000,0.0,0.0,0.0,5000,0,0,False,False,7
gnn_ewc_replay,adwin,338,661,2,2018-02-20T17:08:06.037864,5000,0.0,0.0,0.0,5000,0,0,False,False,7
gnn_ewc_replay,adwin,339,662,2,2018-02-20T17:11:06.031557,5000,0.0016,0.0016,0.0014,4999,1,0,False,False,7
gnn_ewc_replay,adwin,340,663,2,2018-02-20T17:14:44.633613,5000,0.0048,0.0048,0.0048,5000,0,0,True,True,8
gnn_ewc_replay,adwin,341,665,2,2018-02-20T17:21:10.633901,5000,0.0,0.0,0.0034,4983,17,0,False,False,8
gnn_ewc_replay,adwin,342,666,2,2018-02-20T17:24:26.084946,5000,0.0,0.0,0.006,4970,30,0,True,False,8
gnn_ewc_replay,adwin,343,668,2,2018-02-20T17:30:09.339511,5000,0.0,0.0,0.0,5000,0,0,False,False,8
gnn_ewc_replay,adwin,344,669,2,2018-02-20T17:33:23.041576,5000,0.0,0.0,0.0,5000,0,0,False,False,8
gnn_ewc_replay,adwin,345,671,2,2018-02-20T17:39:24.625685,5000,0.0,0.0,0.0,5000,0,0,False,False,8
gnn_ewc_replay,adwin,346,672,2,2018-02-20T17:42:29.662063,5000,0.0,0.0,0.0,5000,0,0,False,False,8
gnn_ewc_replay,adwin,347,673,2,2018-02-20T17:45:34.633978,5000,0.0,0.0,0.0,5000,0,0,False,False,8
gnn_ewc_replay,adwin,348,675,2,2018-02-20T17:51:06.230687,5000,0.0,0.0,0.0,5000,0,0,False,False,8
gnn_ewc_replay,adwin,349,676,2,2018-02-20T17:53:34.922957,5000,0.0,0.0,0.0,5000,0,0,False,False,8
gnn_ewc_replay,adwin,350,678,2,2018-02-20T17:59:12.951031,5000,0.0,0.0,0.0,5000,0,0,False,False,8
gnn_ewc_replay,adwin,351,679,2,2018-02-20T18:02:11.827536,5000,0.0,0.0,0.0,5000,0,0,False,False,8
gnn_ewc_replay,adwin,352,681,2,2018-02-20T18:08:12.518079,5000,0.0,0.0,0.0,5000,0,0,False,False,8
gnn_ewc_replay,adwin,353,682,2,2018-02-20T18:11:36.935593,5000,0.0,0.0,0.0,5000,0,0,False,False,8
gnn_ewc_replay,adwin,354,683,2,2018-02-20T18:14:55.978979,5000,0.0,0.0,0.0,5000,0,0,False,False,8
gnn_ewc_replay,adwin,355,685,2,2018-02-20T18:21:05.499939,5000,0.0,0.0,0.0,5000,0,0,False,False,8
gnn_ewc_replay,adwin,356,686,2,2018-02-20T18:23:50.222744,5000,0.0,0.0,0.0,5000,0,0,False,False,8
gnn_ewc_replay,adwin,357,688,2,2018-02-20T18:30:09.680294,5000,0.0,0.0,0.0,5000,0,0,False,False,8
gnn_ewc_replay,adwin,358,689,2,2018-02-20T18:33:25.427037,5000,0.0,0.0,0.0,5000,0,0,False,False,8
gnn_ewc_replay,adwin,359,691,2,2018-02-20T18:39:44.679720,5000,0.0,0.0,0.0,5000,0,0,False,False,8
gnn_ewc_replay,adwin,360,692,2,2018-02-20T18:43:11.984043,5000,0.0002,0.0002,0.0,4998,1,1,False,False,8
gnn_ewc_replay,adwin,361,693,2,2018-02-20T18:46:19.309423,5000,0.0,0.0,0.0,5000,0,0,False,False,8
gnn_ewc_replay,adwin,362,695,2,2018-02-20T18:52:02.610717,5000,0.0,0.0,0.0,5000,0,0,False,False,8
gnn_ewc_replay,adwin,363,696,2,2018-02-20T18:55:06.665218,5000,0.0,0.0,0.0,5000,0,0,False,False,8
gnn_ewc_replay,adwin,364,698,2,2018-02-20T19:01:10.440471,5000,0.0,0.0,0.0,5000,0,0,False,False,8
gnn_ewc_replay,adwin,365,699,2,2018-02-20T19:04:28.580678,5000,0.0,0.0,0.0,5000,0,0,False,False,8
gnn_ewc_replay,adwin,366,701,2,2018-02-20T19:10:25.009531,5000,0.0,0.0,0.0,5000,0,0,False,False,8
gnn_ewc_replay,adwin,367,702,2,2018-02-20T19:13:32.158672,5000,0.0,0.0,0.0,5000,0,0,False,False,8
gnn_ewc_replay,adwin,368,703,2,2018-02-20T19:15:49.108499,5000,0.0,0.0,0.0,5000,0,0,False,False,8
gnn_ewc_replay,adwin,369,705,2,2018-02-20T19:21:25.725262,5000,0.0,0.0,0.0,5000,0,0,False,False,8
gnn_ewc_replay,adwin,370,706,2,2018-02-20T19:24:14.097813,5000,0.0,0.0,0.0,5000,0,0,False,False,8
gnn_ewc_replay,adwin,371,708,2,2018-02-20T19:29:57.132441,5000,0.0,0.0,0.0,5000,0,0,False,False,8
gnn_ewc_replay,adwin,372,709,2,2018-02-20T19:33:01.817768,5000,0.0,0.0,0.0,5000,0,0,False,False,8
gnn_ewc_replay,adwin,373,711,2,2018-02-20T19:39:57.524340,5000,0.0,0.0,0.0,5000,0,0,False,False,8
gnn_ewc_replay,adwin,374,712,2,2018-02-20T19:43:13.714136,5000,0.0,0.0,0.0,5000,0,0,False,False,8
gnn_ewc_replay,adwin,375,713,2,2018-02-20T19:46:25.668285,5000,0.0,0.0,0.0,5000,0,0,False,False,8
gnn_ewc_replay,adwin,376,715,2,2018-02-20T19:53:04.620728,5000,0.0,0.0,0.0,5000,0,0,False,False,8
gnn_ewc_replay,adwin,377,716,2,2018-02-20T19:55:56.765701,5000,0.0,0.0,0.0,5000,0,0,False,False,8
gnn_ewc_replay,adwin,378,718,2,2018-02-20T20:02:41.352875,5000,0.0,0.0,0.0,5000,0,0,False,False,8
gnn_ewc_replay,adwin,379,719,2,2018-02-20T20:06:03.371789,5000,0.0,0.0,0.0,5000,0,0,False,False,8
gnn_ewc_replay,adwin,380,721,2,2018-02-20T20:12:23.782760,5000,0.0,0.0,0.0,5000,0,0,False,False,8
gnn_ewc_replay,adwin,381,722,2,2018-02-20T20:15:31.445539,5000,0.0,0.0,0.0,5000,0,0,False,False,8
gnn_ewc_replay,adwin,382,723,2,2018-02-20T20:18:48.584643,5000,0.0,0.0,0.0,5000,0,0,False,False,8
gnn_ewc_replay,adwin,383,725,2,2018-02-20T20:25:14.043761,5000,0.0,0.0,0.0,5000,0,0,False,False,8
gnn_ewc_replay,adwin,384,726,2,2018-02-20T20:28:14.197722,5000,0.0,0.0,0.0,5000,0,0,False,False,8
gnn_ewc_replay,adwin,385,728,2,2018-02-20T20:34:12.469410,5000,0.0,0.0,0.0,5000,0,0,False,False,8
gnn_ewc_replay,adwin,386,729,2,2018-02-20T20:37:37.519650,5000,0.0,0.0,0.0,5000,0,0,False,False,8
gnn_ewc_replay,adwin,387,731,2,2018-02-20T20:43:43.130318,5000,0.0,0.0,0.0,5000,0,0,False,False,8
gnn_ewc_replay,adwin,388,732,2,2018-02-20T20:46:38.901492,5000,0.0,0.0,0.0,5000,0,0,False,False,8
gnn_ewc_replay,adwin,389,733,2,2018-02-20T20:49:51.903624,5000,0.0,0.0,0.0,5000,0,0,False,False,8
gnn_ewc_replay,adwin,390,735,2,2018-02-20T20:56:26.712720,5000,0.0,0.0,0.0,5000,0,0,False,False,8
gnn_ewc_replay,adwin,391,736,2,2018-02-20T20:59:22.490475,5000,0.0,0.0,0.0,5000,0,0,False,False,8
gnn_ewc_replay,adwin,392,738,2,2018-02-20T21:08:44.013987,5000,0.0,0.0,0.0,5000,0,0,False,False,8
gnn_ewc_replay,adwin,393,739,2,2018-02-20T21:13:16.499106,5000,0.0,0.0,0.0,5000,0,0,False,False,8
gnn_ewc_replay,adwin,394,741,2,2018-02-20T21:21:04.601251,5000,0.0,0.0,0.0,5000,0,0,False,False,8
gnn_ewc_replay,adwin,395,742,2,2018-02-20T21:26:04.740808,5000,0.0,0.0,0.0,5000,0,0,False,False,8
gnn_ewc_replay,adwin,396,743,2,2018-02-20T21:29:40.070489,5000,0.0,0.0,0.0,5000,0,0,False,False,8
gnn_ewc_replay,adwin,397,745,2,2018-02-21T12:30:14.915765,5000,0.0,0.0,0.0,5000,0,0,False,False,8
gnn_ewc_replay,adwin,398,746,2,2018-02-21T12:32:53.448588,5000,0.0,0.0,0.0,5000,0,0,False,False,8
gnn_ewc_replay,adwin,399,748,2,2018-02-21T12:37:27.992164,5000,0.0,0.0,0.0,5000,0,0,False,False,8
gnn_ewc_replay,adwin,400,749,2,2018-02-21T12:39:45.094275,5000,0.0,0.0,0.0,5000,0,0,False,False,8
gnn_ewc_replay,adwin,401,751,2,2018-02-21T12:45:01.378501,5000,0.0,0.0,0.0,5000,0,0,False,False,8
gnn_ewc_replay,adwin,402,752,2,2018-02-21T12:48:09.859294,5000,0.0002,0.0002,0.0,4999,0,1,False,False,8
gnn_ewc_replay,adwin,403,753,2,2018-02-21T12:50:58.467470,5000,0.0,0.0,0.0,5000,0,0,False,False,8
gnn_ewc_replay,adwin,404,755,2,2018-02-21T12:56:40.027568,5000,0.0,0.0,0.0,5000,0,0,False,False,8
gnn_ewc_replay,adwin,405,756,2,2018-02-21T12:59:24.261264,5000,0.0,0.0,0.0,5000,0,0,False,False,8
gnn_ewc_replay,adwin,406,758,2,2018-02-21T13:04:10.810725,5000,0.0,0.0,0.0,5000,0,0,False,False,8
gnn_ewc_replay,adwin,407,759,2,2018-02-21T13:06:45.860074,5000,0.0,0.0,0.0,5000,0,0,False,False,8
gnn_ewc_replay,adwin,408,761,2,2018-02-21T13:13:01.411539,5000,0.0,0.0,0.0,5000,0,0,False,False,8
gnn_ewc_replay,adwin,409,762,2,2018-02-21T13:16:03.109229,5000,0.0,0.0,0.0,5000,0,0,False,False,8
gnn_ewc_replay,adwin,410,763,2,2018-02-21T13:19:00.531255,5000,0.0,0.0,0.0,4999,0,1,False,False,8
gnn_ewc_replay,adwin,411,765,2,2018-02-21T13:25:13.895266,5000,0.0,0.0,0.0,5000,0,0,False,False,8
gnn_ewc_replay,adwin,412,766,2,2018-02-21T13:28:22.393146,5000,0.0,0.0,0.0,5000,0,0,False,False,8
gnn_ewc_replay,adwin,413,768,2,2018-02-21T13:33:11.645413,5000,0.0,0.0,0.0,5000,0,0,False,False,8
gnn_ewc_replay,adwin,414,769,2,2018-02-21T13:36:04.080147,5000,0.0,0.0,0.0,5000,0,0,False,False,8
gnn_ewc_replay,adwin,415,771,2,2018-02-21T13:41:17.088813,5000,0.0,0.0,0.0,5000,0,0,False,False,8
gnn_ewc_replay,adwin,416,772,2,2018-02-21T13:44:22.712351,5000,0.0,0.0,0.0,5000,0,0,False,False,8
gnn_ewc_replay,adwin,417,773,2,2018-02-21T13:46:43.432214,5000,0.0,0.0,0.0,5000,0,0,False,False,8
gnn_ewc_replay,adwin,418,775,2,2018-02-21T13:52:00.793060,5000,0.0,0.0,0.0,5000,0,0,False,False,8
gnn_ewc_replay,adwin,419,776,2,2018-02-21T13:54:50.123467,5000,0.0,0.0,0.0,5000,0,0,False,False,8
gnn_ewc_replay,adwin,420,778,2,2018-02-21T13:59:48.596242,5000,0.0,0.0,0.0,5000,0,0,False,False,8
gnn_ewc_replay,adwin,421,779,2,2018-02-21T14:02:23.603296,5000,0.0,0.0,0.0,5000,0,0,False,False,8
gnn_ewc_replay,adwin,422,781,2,2018-02-21T14:09:02.068577,5000,0.0002,0.0002,0.0056,4971,29,0,False,False,8
gnn_ewc_replay,adwin,423,782,2,2018-02-21T14:12:26.243805,5000,0.0,0.0,0.0048,4976,24,0,False,False,8
gnn_ewc_replay,adwin,424,783,2,2018-02-21T14:15:57.048932,5000,0.0,0.0,0.0038,4981,19,0,False,False,8
gnn_ewc_replay,adwin,425,785,2,2018-02-21T14:22:23.243787,5000,0.0002,0.0002,0.0074,4962,38,0,False,False,8
gnn_ewc_replay,adwin,426,786,2,2018-02-21T14:25:50.331671,5000,0.0044,0.0044,0.0044,4978,0,22,True,True,9
gnn_ewc_replay,adwin,427,788,2,2018-02-21T14:31:04.193754,5000,0.0002,0.0002,0.005,4974,26,0,False,False,9
gnn_ewc_replay,adwin,428,789,2,2018-02-21T14:33:49.628647,5000,0.0002,0.0002,0.003,4984,16,0,False,False,9
gnn_ewc_replay,adwin,429,791,2,2018-02-21T14:39:39.767683,5000,0.0,0.0,0.0034,4983,17,0,False,False,9
gnn_ewc_replay,adwin,430,792,2,2018-02-21T14:42:44.190903,5000,0.0,0.0,0.0006,4997,3,0,False,False,9
gnn_ewc_replay,adwin,431,793,2,2018-02-21T14:45:43.676915,5000,0.0,0.0,0.0,5000,0,0,False,False,9
gnn_ewc_replay,adwin,432,795,2,2018-02-21T14:51:13.097638,5000,0.0002,0.0002,0.0,4999,0,1,True,False,9
gnn_ewc_replay,adwin,433,796,2,2018-02-21T14:54:09.509792,5000,0.0,0.0,0.0,5000,0,0,False,False,9
gnn_ewc_replay,adwin,434,798,2,2018-02-21T14:59:30.273293,5000,0.0,0.0,0.0,5000,0,0,False,False,9
gnn_ewc_replay,adwin,435,799,2,2018-02-21T15:02:06.076741,5000,0.0,0.0,0.0,5000,0,0,False,False,9
gnn_ewc_replay,adwin,436,801,2,2018-02-21T15:08:08.899097,5000,0.0,0.0,0.0,5000,0,0,False,False,9
gnn_ewc_replay,adwin,437,802,2,2018-02-21T15:11:12.768118,5000,0.0,0.0,0.0,5000,0,0,False,False,9
gnn_ewc_replay,adwin,438,803,2,2018-02-21T15:14:10.812095,5000,0.0,0.0,0.0,5000,0,0,False,False,9
gnn_ewc_replay,adwin,439,805,2,2018-02-21T15:19:27.236425,5000,0.0,0.0,0.0,5000,0,0,False,False,9
gnn_ewc_replay,adwin,440,806,2,2018-02-21T15:22:37.743356,5000,0.0,0.0,0.0,5000,0,0,False,False,9
gnn_ewc_replay,adwin,441,808,2,2018-02-21T15:28:03.652468,5000,0.0,0.0,0.0,5000,0,0,False,False,9
gnn_ewc_replay,adwin,442,809,2,2018-02-21T15:30:18.591035,5000,0.0,0.0,0.0,5000,0,0,False,False,9
gnn_ewc_replay,adwin,443,811,2,2018-02-21T15:36:13.544051,5000,0.0,0.0,0.0,5000,0,0,False,False,9
gnn_ewc_replay,adwin,444,812,2,2018-02-21T15:39:00.464967,5000,0.0,0.0,0.0,5000,0,0,False,False,9
gnn_ewc_replay,adwin,445,813,2,2018-02-21T15:41:57.881450,5000,0.0,0.0,0.0,5000,0,0,False,False,9
gnn_ewc_replay,adwin,446,815,2,2018-02-21T15:47:26.984262,5000,0.0,0.0,0.0,5000,0,0,False,False,9
gnn_ewc_replay,adwin,447,816,2,2018-02-21T15:50:01.059659,5000,0.0,0.0,0.0,5000,0,0,False,False,9
gnn_ewc_replay,adwin,448,818,2,2018-02-21T15:55:38.579118,5000,0.0,0.0,0.0,5000,0,0,False,False,9
gnn_ewc_replay,adwin,449,819,2,2018-02-21T15:58:36.097314,5000,0.0,0.0,0.0,5000,0,0,False,False,9
gnn_ewc_replay,adwin,450,821,2,2018-02-21T16:05:01.687604,5000,0.0,0.0,0.0,5000,0,0,False,False,9
gnn_ewc_replay,adwin,451,822,2,2018-02-21T16:09:31.368178,5000,0.0,0.0,0.0,5000,0,0,False,False,9
gnn_ewc_replay,adwin,452,823,2,2018-02-21T16:13:43.831770,5000,0.0,0.0,0.0,5000,0,0,False,False,9
gnn_ewc_replay,adwin,453,825,2,2018-02-21T16:21:37.517709,5000,0.0,0.0,0.0,5000,0,0,False,False,9
gnn_ewc_replay,adwin,454,826,2,2018-02-21T16:26:17.679611,5000,0.0016,0.0016,0.0,4992,8,0,False,False,9
gnn_ewc_replay,adwin,455,828,2,2018-02-21T16:33:12.676353,5000,0.0,0.0,0.0,5000,0,0,False,False,9
gnn_ewc_replay,adwin,456,829,2,2018-02-21T16:38:12.893820,5000,0.0,0.0,0.0,5000,0,0,False,False,9
gnn_ewc_replay,adwin,457,831,2,2018-02-21T16:48:53.815070,5000,0.0,0.0,0.0,5000,0,0,False,False,9
gnn_ewc_replay,adwin,458,832,2,2018-02-21T16:53:12.481748,5000,0.0,0.0,0.0,5000,0,0,False,False,9
gnn_ewc_replay,adwin,459,833,2,2018-02-21T16:57:37.801631,5000,0.0,0.0,0.0,5000,0,0,False,False,9
gnn_ewc_replay,adwin,460,835,2,2018-02-21T17:06:03.042740,5000,0.0,0.0,0.0,5000,0,0,False,False,9
gnn_ewc_replay,adwin,461,836,2,2018-02-21T17:09:38.898301,5000,0.0,0.0,0.0,5000,0,0,False,False,9
gnn_ewc_replay,adwin,462,838,2,2018-02-21T17:17:05.418711,5000,0.0,0.0,0.0,5000,0,0,False,False,9
gnn_ewc_replay,adwin,463,839,2,2018-02-21T17:20:23.358572,5000,0.0,0.0,0.0,5000,0,0,False,False,9
gnn_ewc_replay,adwin,464,841,2,2018-02-21T17:26:25.898448,5000,0.0,0.0,0.0,5000,0,0,False,False,9
gnn_ewc_replay,adwin,465,842,2,2018-02-21T17:29:38.601103,5000,0.0,0.0,0.0,5000,0,0,False,False,9
gnn_ewc_replay,adwin,466,843,2,2018-02-21T17:32:41.644697,5000,0.0,0.0,0.0,5000,0,0,False,False,9
gnn_ewc_replay,adwin,467,845,2,2018-02-21T17:39:02.350368,5000,0.0,0.0,0.0,5000,0,0,False,False,9
gnn_ewc_replay,adwin,468,846,2,2018-02-21T17:41:54.539703,5000,0.0,0.0,0.0,5000,0,0,False,False,9
gnn_ewc_replay,adwin,469,848,2,2018-02-21T17:48:04.656628,5000,0.0002,0.0002,0.0,4999,1,0,False,False,9
gnn_ewc_replay,adwin,470,849,2,2018-02-21T17:50:30.104450,5000,0.0002,0.0002,0.0,4999,1,0,False,False,9
gnn_ewc_replay,adwin,471,851,2,2018-02-21T17:55:49.288941,5000,0.0002,0.0002,0.0,4999,1,0,False,False,9
gnn_ewc_replay,adwin,472,852,2,2018-02-21T17:58:32.781438,5000,0.0006,0.0006,0.0,4997,3,0,False,False,9
gnn_ewc_replay,adwin,473,853,2,2018-02-21T18:01:04.808759,5000,0.0002,0.0002,0.0,4999,1,0,False,False,9
gnn_ewc_replay,adwin,474,855,2,2018-02-21T18:07:29.910309,5000,0.0,0.0,0.0,5000,0,0,False,False,9
gnn_ewc_replay,adwin,475,856,2,2018-02-21T18:10:39.677287,5000,0.0006,0.0006,0.5256,2369,2630,1,False,False,9
gnn_ewc_replay,adwin,476,858,2,2018-02-21T18:12:57.221842,5000,0.0018,0.0018,0.726,1369,2956,675,True,True,10
gnn_ewc_replay,adwin,477,859,2,2018-02-21T18:13:56.466778,5000,0.0138,0.0138,0.7158,1421,10,3569,True,False,10
gnn_ewc_replay,adwin,478,861,2,2018-02-21T18:15:53.910471,5000,0.0004,0.0004,0.6404,1796,3204,0,True,False,10
gnn_ewc_replay,adwin,479,862,2,2018-02-21T18:16:48.564714,5000,0.317,0.317,0.6594,1703,0,3297,True,False,10
gnn_ewc_replay,adwin,480,863,2,2018-02-21T18:17:44.733742,5000,0.3956,0.3956,0.7052,1474,0,3526,False,False,10
gnn_ewc_replay,adwin,481,865,2,2018-02-21T18:19:41.727090,5000,0.48,0.48,0.6774,1613,0,3387,True,True,11
gnn_ewc_replay,adwin,482,866,2,2018-02-21T18:20:38.999754,5000,0.0,0.0,0.6894,1553,3447,0,True,False,11
gnn_ewc_replay,adwin,483,868,2,2018-02-21T18:22:33.140864,5000,0.0004,0.0004,0.6782,1607,3392,1,False,False,11
gnn_ewc_replay,adwin,484,869,2,2018-02-21T18:23:27.249092,5000,0.0002,0.0002,0.6892,1553,3447,0,False,False,11
gnn_ewc_replay,adwin,485,871,2,2018-02-21T18:25:24.554403,5000,0.0,0.0,0.6982,1508,3491,1,False,False,11
gnn_ewc_replay,adwin,486,872,2,2018-02-21T18:26:24.070476,5000,0.0,0.0,0.7202,1399,3601,0,False,False,11
gnn_ewc_replay,adwin,487,873,2,2018-02-21T18:27:23.621285,5000,0.0002,0.0002,0.7132,1433,3567,0,False,False,11
gnn_ewc_replay,adwin,488,875,2,2018-02-21T18:29:23.774216,5000,0.0,0.0,0.6074,1963,3037,0,False,False,11
gnn_ewc_replay,adwin,489,876,2,2018-02-21T18:30:18.657633,5000,0.0004,0.0004,0.6716,1640,3359,1,False,False,11
gnn_ewc_replay,adwin,490,878,2,2018-02-21T18:32:22.078792,5000,0.0002,0.0002,0.6996,1501,3499,0,False,False,11
gnn_ewc_replay,adwin,491,879,2,2018-02-21T18:33:28.362423,5000,0.0,0.0,0.6424,1788,3212,0,False,False,11
gnn_ewc_replay,adwin,492,881,2,2018-02-21T18:35:32.929260,5000,0.0002,0.0002,0.683,1584,3416,0,False,False,11
gnn_ewc_replay,adwin,493,882,2,2018-02-21T18:36:38.586837,5000,0.0002,0.0002,0.6572,1713,3287,0,False,False,11
gnn_ewc_replay,adwin,494,883,2,2018-02-21T18:37:42.707071,5000,0.0004,0.0004,0.6594,1701,3299,0,False,False,11
gnn_ewc_replay,adwin,495,885,2,2018-02-21T18:39:51.262574,5000,0.0002,0.0002,0.6614,1692,3308,0,False,False,11
gnn_ewc_replay,adwin,496,886,2,2018-02-21T18:40:55.193704,5000,0.0004,0.0004,0.696,1518,3482,0,False,False,11
gnn_ewc_replay,adwin,497,888,2,2018-02-21T18:43:13.151035,5000,0.0002,0.0002,0.5988,2005,2995,0,False,False,11
gnn_ewc_replay,adwin,498,889,2,2018-02-21T18:44:14.879606,5000,0.0,0.0,0.5736,2132,2868,0,False,False,11
gnn_ewc_replay,adwin,499,891,2,2018-02-21T18:46:22.131592,5000,0.0,0.0,0.6216,1892,3108,0,False,False,11
gnn_ewc_replay,adwin,500,892,2,2018-02-21T18:47:29.433508,5000,0.0002,0.0002,0.6234,1882,3118,0,False,False,11
gnn_ewc_replay,adwin,501,893,2,2018-02-21T18:48:37.547513,5000,0.0,0.0,0.5768,2116,2884,0,False,False,11
gnn_ewc_replay,adwin,502,895,2,2018-02-21T18:50:48.669328,5000,0.0004,0.0004,0.6068,1964,3036,0,False,False,11
gnn_ewc_replay,adwin,503,896,2,2018-02-21T18:52:01.751987,5000,0.0004,0.0004,0.6274,1861,3139,0,False,False,11
gnn_ewc_replay,adwin,504,898,2,2018-02-21T18:54:34.081396,5000,0.0,0.0,0.5624,2188,2812,0,False,False,11
gnn_ewc_replay,adwin,505,899,2,2018-02-21T18:55:51.862246,5000,0.0002,0.0002,0.593,2034,2966,0,False,False,11
gnn_ewc_replay,adwin,506,901,2,2018-02-21T18:58:27.021799,5000,0.0002,0.0002,0.5522,2238,2762,0,False,False,11
gnn_ewc_replay,adwin,507,902,2,2018-02-21T18:59:44.178317,5000,0.0002,0.0002,0.5866,2066,2934,0,False,False,11
gnn_ewc_replay,adwin,508,903,2,2018-02-21T19:01:06.866127,5000,0.0,0.0,0.5768,2116,2884,0,False,False,11
gnn_ewc_replay,adwin,509,905,2,2018-02-21T19:03:55.186376,5000,0.0,0.0,0.5614,2193,2807,0,False,False,11
gnn_ewc_replay,adwin,510,906,2,2018-02-21T19:05:16.354567,5000,0.0008,0.0008,0.1266,4363,637,0,False,False,11
gnn_ewc_replay,adwin,511,908,2,2018-02-21T19:11:28.389861,5000,0.0,0.0,0.0,4999,0,1,False,False,11
gnn_ewc_replay,adwin,512,909,2,2018-02-21T19:14:14.552997,5000,0.0,0.0,0.0,5000,0,0,False,False,11
gnn_ewc_replay,adwin,513,911,2,2018-02-21T19:20:11.670699,5000,0.0,0.0,0.0,5000,0,0,False,False,11
gnn_ewc_replay,adwin,514,912,2,2018-02-21T19:23:16.430515,5000,0.0002,0.0002,0.0,4999,0,1,False,False,11
gnn_ewc_replay,adwin,515,913,2,2018-02-21T19:26:11.147775,5000,0.0,0.0,0.0,5000,0,0,False,False,11
gnn_ewc_replay,adwin,516,915,2,2018-02-21T19:32:12.461008,5000,0.0,0.0,0.0,5000,0,0,False,False,11
gnn_ewc_replay,adwin,517,916,2,2018-02-21T19:35:57.053192,5000,0.0,0.0,0.0,5000,0,0,False,False,11
gnn_ewc_replay,adwin,518,918,2,2018-02-21T19:42:39.002372,5000,0.0,0.0,0.0,5000,0,0,False,False,11
gnn_ewc_replay,adwin,519,919,2,2018-02-21T19:45:56.280969,5000,0.0,0.0,0.0,5000,0,0,False,False,11
gnn_ewc_replay,adwin,520,921,2,2018-02-21T19:52:46.033934,5000,0.0,0.0,0.0,5000,0,0,False,False,11
gnn_ewc_replay,adwin,521,922,2,2018-02-21T19:55:30.549351,5000,0.0,0.0,0.0,5000,0,0,False,False,11
gnn_ewc_replay,adwin,522,923,2,2018-02-21T19:58:47.617308,5000,0.0,0.0,0.0,5000,0,0,False,False,11
gnn_ewc_replay,adwin,523,925,2,2018-02-21T20:05:37.779293,5000,0.0002,0.0002,0.0,4999,1,0,False,False,11
gnn_ewc_replay,adwin,524,926,2,2018-02-21T20:08:47.732466,5000,0.0,0.0,0.0,5000,0,0,False,False,11
gnn_ewc_replay,adwin,525,928,2,2018-02-21T20:14:25.911503,5000,0.0004,0.0004,0.0,4998,2,0,False,False,11
gnn_ewc_replay,adwin,526,929,2,2018-02-21T20:17:12.508088,5000,0.0004,0.0004,0.0,4998,2,0,False,False,11
gnn_ewc_replay,adwin,527,931,2,2018-02-21T20:22:34.652384,5000,0.0,0.0,0.0,5000,0,0,False,False,11
gnn_ewc_replay,adwin,528,932,2,2018-02-21T20:25:36.227355,5000,0.0,0.0,0.0,5000,0,0,False,False,11
gnn_ewc_replay,adwin,529,933,2,2018-02-21T20:28:27.081522,5000,0.0004,0.0004,0.0,4998,2,0,False,False,11
gnn_ewc_replay,adwin,530,935,2,2018-02-21T20:34:07.230799,5000,0.0002,0.0002,0.0,4999,1,0,False,False,11
gnn_ewc_replay,adwin,531,936,2,2018-02-21T20:37:05.888882,5000,0.0,0.0,0.0,5000,0,0,False,False,11
gnn_ewc_replay,adwin,532,938,2,2018-02-21T20:42:50.974097,5000,0.0,0.0,0.0,5000,0,0,False,False,11
gnn_ewc_replay,adwin,533,939,2,2018-02-21T20:45:26.017299,5000,0.0,0.0,0.0,5000,0,0,False,False,11
gnn_ewc_replay,adwin,534,941,2,2018-02-21T20:51:09.809989,5000,0.0,0.0,0.0,5000,0,0,False,False,11
gnn_ewc_replay,adwin,535,942,2,2018-02-21T20:53:55.122043,5000,0.0,0.0,0.0,5000,0,0,False,False,11
gnn_ewc_replay,adwin,536,943,2,2018-02-21T20:56:55.048720,5000,0.0,0.0,0.0,5000,0,0,False,False,11
gnn_ewc_replay,adwin,537,945,2,2018-02-21T21:02:49.211416,5000,0.0,0.0,0.0,5000,0,0,False,False,11
gnn_ewc_replay,adwin,538,946,2,2018-02-21T21:07:24.981572,5000,0.0,0.0,0.0,5000,0,0,False,False,11
gnn_ewc_replay,adwin,539,948,2,2018-02-21T21:15:27.907170,5000,0.0,0.0,0.0,5000,0,0,False,False,11
gnn_ewc_replay,adwin,540,949,2,2018-02-21T21:18:57.456495,5000,0.0,0.0,0.0,5000,0,0,False,False,11
gnn_ewc_replay,adwin,541,951,2,2018-02-21T21:27:31.818947,5000,0.0,0.0,0.0,5000,0,0,False,False,11
gnn_ewc_replay,adwin,542,952,2,2018-02-21T21:34:23.596059,5000,0.0,0.0,0.0,5000,0,0,False,False,11
gnn_ewc_replay,adwin,543,953,2,2018-02-22T12:22:54.529632,5000,0.0002,0.0002,0.0,4999,0,1,False,False,11
gnn_ewc_replay,adwin,544,955,2,2018-02-22T12:27:12.388977,5000,0.0002,0.0002,0.0,4999,1,0,False,False,11
gnn_ewc_replay,adwin,545,956,2,2018-02-22T12:29:27.352468,5000,0.0,0.0,0.0,5000,0,0,False,False,11
gnn_ewc_replay,adwin,546,958,2,2018-02-22T12:35:27.445278,5000,0.0,0.0,0.0,5000,0,0,False,False,11
gnn_ewc_replay,adwin,547,959,2,2018-02-22T12:37:47.622535,5000,0.0,0.0,0.0,5000,0,0,False,False,11
gnn_ewc_replay,adwin,548,961,2,2018-02-22T12:43:49.286020,5000,0.0,0.0,0.0,5000,0,0,False,False,11
gnn_ewc_replay,adwin,549,962,2,2018-02-22T12:46:47.899133,5000,0.0,0.0,0.0,5000,0,0,False,False,11
gnn_ewc_replay,adwin,550,963,2,2018-02-22T12:49:47.587430,5000,0.0,0.0,0.0,5000,0,0,False,False,11
gnn_ewc_replay,adwin,551,965,2,2018-02-22T12:55:00.343632,5000,0.0,0.0,0.0,5000,0,0,False,False,11
gnn_ewc_replay,adwin,552,966,2,2018-02-22T12:58:16.423411,5000,0.0,0.0,0.0,5000,0,0,False,False,11
gnn_ewc_replay,adwin,553,968,2,2018-02-22T13:03:25.342616,5000,0.0,0.0,0.0,5000,0,0,False,False,11
gnn_ewc_replay,adwin,554,969,2,2018-02-22T13:06:20.276523,5000,0.0,0.0,0.0,5000,0,0,False,False,11
gnn_ewc_replay,adwin,555,971,2,2018-02-22T13:12:13.742783,5000,0.0,0.0,0.0,5000,0,0,False,False,11
gnn_ewc_replay,adwin,556,972,2,2018-02-22T13:15:14.200920,5000,0.0,0.0,0.0,5000,0,0,False,False,11
gnn_ewc_replay,adwin,557,973,2,2018-02-22T13:17:51.212302,5000,0.0,0.0,0.0,5000,0,0,False,False,11
gnn_ewc_replay,adwin,558,975,2,2018-02-22T13:23:49.752711,5000,0.0,0.0,0.0,5000,0,0,False,False,11
gnn_ewc_replay,adwin,559,976,2,2018-02-22T13:26:50.170406,5000,0.0,0.0,0.0,5000,0,0,False,False,11
gnn_ewc_replay,adwin,560,978,2,2018-02-22T13:31:59.369100,5000,0.0,0.0,0.0,5000,0,0,False,False,11
gnn_ewc_replay,adwin,561,979,2,2018-02-22T13:35:02.349131,5000,0.0,0.0,0.0,5000,0,0,False,False,11
gnn_ewc_replay,adwin,562,981,2,2018-02-22T13:40:44.414617,5000,0.0,0.0,0.0,5000,0,0,False,False,11
gnn_ewc_replay,adwin,563,982,2,2018-02-22T13:43:37.016733,5000,0.0,0.0,0.0,5000,0,0,False,False,11
gnn_ewc_replay,adwin,564,983,2,2018-02-22T13:46:12.432471,5000,0.0,0.0,0.0,5000,0,0,False,False,11
gnn_ewc_replay,adwin,565,985,2,2018-02-22T13:51:52.536801,5000,0.0,0.0,0.0,5000,0,0,False,False,11
gnn_ewc_replay,adwin,566,986,2,2018-02-22T13:54:14.118264,5000,0.0,0.0,0.0,5000,0,0,False,False,11
gnn_ewc_replay,adwin,567,988,2,2018-02-22T13:59:42.540775,5000,0.0,0.0,0.0,5000,0,0,False,False,11
gnn_ewc_replay,adwin,568,989,2,2018-02-22T14:02:51.580757,5000,0.0,0.0,0.0,5000,0,0,False,False,11
gnn_ewc_replay,adwin,569,991,2,2018-02-22T14:09:28.178823,5000,0.0,0.0,0.0,5000,0,0,False,False,11
gnn_ewc_replay,adwin,570,992,2,2018-02-22T14:12:07.043409,5000,0.0,0.0,0.0,5000,0,0,False,False,11
gnn_ewc_replay,adwin,571,993,2,2018-02-22T14:15:24.387773,5000,0.0,0.0,0.0,5000,0,0,False,False,11
gnn_ewc_replay,adwin,572,995,2,2018-02-22T14:21:40.014524,5000,0.0,0.0,0.0,5000,0,0,False,False,11
gnn_ewc_replay,adwin,573,996,2,2018-02-22T14:24:07.374723,5000,0.0002,0.0002,0.0002,5000,0,0,False,False,11
gnn_ewc_replay,adwin,574,998,2,2018-02-22T14:29:13.649442,5000,0.0002,0.0002,0.0002,5000,0,0,False,False,11
gnn_ewc_replay,adwin,575,999,2,2018-02-22T14:32:16.171190,5000,0.0,0.0,0.0,5000,0,0,False,False,11
gnn_ewc_replay,adwin,576,1001,2,2018-02-22T14:38:03.075220,5000,0.0002,0.0002,0.0,4999,0,1,False,False,11
gnn_ewc_replay,adwin,577,1002,2,2018-02-22T14:40:47.690179,5000,0.0,0.0,0.0,5000,0,0,False,False,11
gnn_ewc_replay,adwin,578,1003,2,2018-02-22T14:43:23.320540,5000,0.0002,0.0002,0.0002,5000,0,0,False,False,11
gnn_ewc_replay,adwin,579,1005,2,2018-02-22T14:49:21.214144,5000,0.0,0.0,0.0,5000,0,0,False,False,11
gnn_ewc_replay,adwin,580,1006,2,2018-02-22T14:51:41.261166,5000,0.0,0.0,0.0,5000,0,0,False,False,11
gnn_ewc_replay,adwin,581,1008,2,2018-02-22T14:56:43.081874,5000,0.0,0.0,0.0,5000,0,0,False,False,11
gnn_ewc_replay,adwin,582,1009,2,2018-02-22T14:59:24.671546,5000,0.0,0.0,0.0,5000,0,0,False,False,11
gnn_ewc_replay,adwin,583,1011,2,2018-02-22T15:04:45.705989,5000,0.0,0.0,0.0,5000,0,0,False,False,11
gnn_ewc_replay,adwin,584,1012,2,2018-02-22T15:07:09.237370,5000,0.0,0.0,0.0,5000,0,0,False,False,11
gnn_ewc_replay,adwin,585,1013,2,2018-02-22T15:09:51.412721,5000,0.0002,0.0002,0.0002,5000,0,0,False,False,11
gnn_ewc_replay,adwin,586,1015,2,2018-02-22T15:15:18.999894,5000,0.0,0.0,0.0,5000,0,0,False,False,11
gnn_ewc_replay,adwin,587,1016,2,2018-02-22T15:17:54.695711,5000,0.0,0.0,0.0,5000,0,0,False,False,11
gnn_ewc_replay,adwin,588,1018,2,2018-02-22T15:22:22.433254,5000,0.0,0.0,0.0,5000,0,0,False,False,11
gnn_ewc_replay,adwin,589,1019,2,2018-02-22T15:25:03.738097,5000,0.0,0.0,0.0,5000,0,0,False,False,11
gnn_ewc_replay,adwin,590,1021,2,2018-02-22T15:30:44.544653,5000,0.0,0.0,0.0,5000,0,0,False,False,11
gnn_ewc_replay,adwin,591,1022,2,2018-02-22T15:32:58.354207,5000,0.0002,0.0002,0.0,4999,0,1,False,False,11
gnn_ewc_replay,adwin,592,1023,2,2018-02-22T15:36:01.093836,5000,0.0,0.0,0.0,5000,0,0,False,False,11
gnn_ewc_replay,adwin,593,1025,2,2018-02-22T15:41:14.959602,5000,0.0,0.0,0.0,5000,0,0,False,False,11
gnn_ewc_replay,adwin,594,1026,2,2018-02-22T15:44:11.291771,5000,0.0,0.0,0.0,5000,0,0,False,False,11
gnn_ewc_replay,adwin,595,1028,2,2018-02-22T15:49:17.610078,5000,0.0,0.0,0.0,5000,0,0,False,False,11
gnn_ewc_replay,adwin,596,1029,2,2018-02-22T15:51:40.029913,5000,0.0,0.0,0.0,5000,0,0,False,False,11
gnn_ewc_replay,adwin,597,1031,2,2018-02-22T15:56:27.016540,5000,0.0,0.0,0.0,5000,0,0,False,False,11
gnn_ewc_replay,adwin,598,1032,2,2018-02-22T15:58:49.204845,5000,0.0,0.0,0.0,5000,0,0,False,False,11
gnn_ewc_replay,adwin,599,1033,2,2018-02-22T16:01:05.980538,5000,0.0,0.0,0.0,5000,0,0,False,False,11
gnn_ewc_replay,adwin,600,1035,2,2018-02-22T16:07:50.911907,5000,0.0,0.0,0.0,5000,0,0,False,False,11
gnn_ewc_replay,adwin,601,1036,2,2018-02-22T16:12:11.784010,5000,0.0,0.0,0.0,5000,0,0,False,False,11
gnn_ewc_replay,adwin,602,1038,2,2018-02-22T16:19:02.533051,5000,0.0,0.0,0.0,5000,0,0,False,False,11
gnn_ewc_replay,adwin,603,1039,2,2018-02-22T16:22:14.999146,5000,0.0,0.0,0.0,5000,0,0,False,False,11
gnn_ewc_replay,adwin,604,1041,2,2018-02-22T16:28:56.728660,5000,0.0,0.0,0.0,5000,0,0,False,False,11
gnn_ewc_replay,adwin,605,1042,2,2018-02-22T16:31:57.856987,5000,0.0,0.0,0.0,5000,0,0,False,False,11
gnn_ewc_replay,adwin,606,1043,2,2018-02-22T16:35:33.892869,2397,0.0,0.0,0.0,2397,0,0,False,False,11
gnn_ewc_replay,adwin,607,1044,3,2018-02-22T16:37:34.655567,5000,0.0,0.0,0.0,5000,0,0,False,False,11
gnn_ewc_replay,adwin,608,1045,3,2018-02-22T16:42:29.645176,5000,0.0,0.0,0.0,5000,0,0,False,False,11
gnn_ewc_replay,adwin,609,1047,3,2018-02-22T16:51:04.075683,5000,0.0,0.0,0.0,5000,0,0,False,False,11
gnn_ewc_replay,adwin,610,1048,3,2018-02-22T16:55:04.424761,5000,0.0,0.0,0.0,5000,0,0,False,False,11
gnn_ewc_replay,adwin,611,1050,3,2018-02-22T17:02:40.002973,5000,0.0,0.0,0.0,5000,0,0,False,False,11
gnn_ewc_replay,adwin,612,1051,3,2018-02-22T17:07:25.580912,5000,0.0,0.0,0.0,5000,0,0,False,False,11
gnn_ewc_replay,adwin,613,1053,3,2018-02-22T17:14:13.608167,5000,0.0,0.0,0.0,5000,0,0,False,False,11
gnn_ewc_replay,adwin,614,1054,3,2018-02-22T17:17:01.680245,5000,0.0,0.0,0.0,5000,0,0,False,False,11
gnn_ewc_replay,adwin,615,1055,3,2018-02-22T17:20:15.804740,5000,0.0,0.0,0.0,5000,0,0,False,False,11
gnn_ewc_replay,adwin,616,1057,3,2018-02-22T17:26:43.928911,5000,0.0,0.0,0.0,5000,0,0,False,False,11
gnn_ewc_replay,adwin,617,1058,3,2018-02-22T17:29:30.546148,5000,0.0,0.0,0.0,5000,0,0,False,False,11
gnn_ewc_replay,adwin,618,1060,3,2018-02-22T17:35:26.255610,5000,0.0,0.0,0.0,5000,0,0,False,False,11
gnn_ewc_replay,adwin,619,1061,3,2018-02-22T17:38:22.408162,5000,0.0,0.0,0.0,5000,0,0,False,False,11
gnn_ewc_replay,adwin,620,1063,3,2018-02-22T17:43:42.821178,5000,0.0,0.0,0.0,5000,0,0,False,False,11
gnn_ewc_replay,adwin,621,1064,3,2018-02-22T17:46:31.621801,5000,0.0,0.0,0.0,5000,0,0,False,False,11
gnn_ewc_replay,adwin,622,1065,3,2018-02-22T17:49:21.226210,5000,0.0,0.0,0.0,5000,0,0,False,False,11
gnn_ewc_replay,adwin,623,1067,3,2018-02-22T17:54:59.589602,5000,0.0,0.0,0.0,5000,0,0,False,False,11
gnn_ewc_replay,adwin,624,1068,3,2018-02-22T17:57:53.315638,5000,0.0,0.0,0.0,5000,0,0,False,False,11
gnn_ewc_replay,adwin,625,1070,3,2018-02-22T18:03:45.799563,5000,0.0,0.0,0.0,5000,0,0,False,False,11
gnn_ewc_replay,adwin,626,1071,3,2018-02-22T18:07:10.867855,5000,0.0,0.0,0.0,5000,0,0,False,False,11
gnn_ewc_replay,adwin,627,1073,3,2018-02-22T18:13:11.243943,5000,0.0,0.0,0.0,4999,0,1,False,False,11
gnn_ewc_replay,adwin,628,1074,3,2018-02-22T18:16:01.882227,5000,0.0,0.0,0.0,5000,0,0,True,False,11
gnn_ewc_replay,adwin,629,1075,3,2018-02-22T18:18:50.867777,5000,0.0,0.0,0.0,5000,0,0,False,False,11
gnn_ewc_replay,adwin,630,1077,3,2018-02-22T18:24:57.234677,5000,0.0,0.0,0.0,5000,0,0,False,False,11
gnn_ewc_replay,adwin,631,1078,3,2018-02-22T18:28:07.099354,5000,0.0002,0.0002,0.0002,5000,0,0,False,False,11
gnn_ewc_replay,adwin,632,1080,3,2018-02-22T18:34:23.474688,5000,0.0,0.0,0.0,5000,0,0,False,False,11
gnn_ewc_replay,adwin,633,1081,3,2018-02-22T18:37:55.750536,5000,0.0,0.0,0.0,5000,0,0,False,False,11
gnn_ewc_replay,adwin,634,1083,3,2018-02-22T18:43:55.261480,5000,0.0,0.0,0.0,5000,0,0,False,False,11
gnn_ewc_replay,adwin,635,1084,3,2018-02-22T18:46:36.847575,5000,0.0,0.0,0.0,5000,0,0,False,False,11
gnn_ewc_replay,adwin,636,1085,3,2018-02-22T18:49:46.215557,5000,0.0,0.0,0.0,5000,0,0,False,False,11
gnn_ewc_replay,adwin,637,1087,3,2018-02-22T18:55:55.775994,5000,0.0,0.0,0.0,5000,0,0,False,False,11
gnn_ewc_replay,adwin,638,1088,3,2018-02-22T18:58:47.853237,5000,0.0,0.0,0.0,5000,0,0,False,False,11
gnn_ewc_replay,adwin,639,1090,3,2018-02-22T19:05:04.507172,5000,0.0,0.0,0.0,5000,0,0,False,False,11
gnn_ewc_replay,adwin,640,1091,3,2018-02-22T19:07:48.446707,5000,0.0,0.0,0.0,5000,0,0,False,False,11
gnn_ewc_replay,adwin,641,1093,3,2018-02-22T19:13:35.912581,5000,0.0,0.0,0.0,5000,0,0,False,False,11
gnn_ewc_replay,adwin,642,1094,3,2018-02-22T19:16:33.447960,5000,0.0,0.0,0.0,5000,0,0,False,False,11
gnn_ewc_replay,adwin,643,1095,3,2018-02-22T19:19:21.623763,5000,0.0,0.0,0.0,5000,0,0,False,False,11
gnn_ewc_replay,adwin,644,1097,3,2018-02-22T19:25:32.357316,5000,0.0,0.0,0.0,5000,0,0,False,False,11
gnn_ewc_replay,adwin,645,1098,3,2018-02-22T19:28:20.639054,5000,0.0,0.0,0.0,5000,0,0,False,False,11
gnn_ewc_replay,adwin,646,1100,3,2018-02-22T19:34:28.978909,5000,0.0,0.0,0.0,5000,0,0,False,False,11
gnn_ewc_replay,adwin,647,1101,3,2018-02-22T19:37:28.358013,5000,0.0,0.0,0.0,5000,0,0,False,False,11
gnn_ewc_replay,adwin,648,1103,3,2018-02-22T19:43:44.587729,5000,0.0,0.0,0.0,5000,0,0,False,False,11
gnn_ewc_replay,adwin,649,1104,3,2018-02-22T19:47:05.950804,5000,0.0,0.0,0.0,5000,0,0,False,False,11
gnn_ewc_replay,adwin,650,1105,3,2018-02-22T19:50:14.865514,5000,0.0,0.0,0.0,5000,0,0,False,False,11
gnn_ewc_replay,adwin,651,1107,3,2018-02-22T19:56:49.723192,5000,0.0,0.0,0.0,5000,0,0,False,False,11
gnn_ewc_replay,adwin,652,1108,3,2018-02-22T20:00:08.334881,5000,0.0,0.0,0.0,5000,0,0,False,False,11
gnn_ewc_replay,adwin,653,1110,3,2018-02-22T20:06:29.811638,5000,0.0,0.0,0.0,5000,0,0,False,False,11
gnn_ewc_replay,adwin,654,1111,3,2018-02-22T20:09:30.641709,5000,0.0,0.0,0.0,5000,0,0,False,False,11
gnn_ewc_replay,adwin,655,1113,3,2018-02-22T20:15:49.186124,5000,0.0002,0.0002,0.0002,5000,0,0,False,False,11
gnn_ewc_replay,adwin,656,1114,3,2018-02-22T20:18:45.311403,5000,0.0,0.0,0.0,5000,0,0,False,False,11
gnn_ewc_replay,adwin,657,1115,3,2018-02-22T20:21:42.578114,5000,0.0002,0.0002,0.0002,5000,0,0,False,False,11
gnn_ewc_replay,adwin,658,1117,3,2018-02-22T20:27:44.424326,5000,0.0,0.0,0.0,5000,0,0,False,False,11
gnn_ewc_replay,adwin,659,1118,3,2018-02-22T20:30:58.592686,5000,0.0,0.0,0.0,5000,0,0,False,False,11
gnn_ewc_replay,adwin,660,1120,3,2018-02-22T20:36:32.245831,5000,0.0,0.0,0.0,5000,0,0,False,False,11
gnn_ewc_replay,adwin,661,1121,3,2018-02-22T20:39:30.368391,5000,0.0,0.0,0.0,5000,0,0,False,False,11
gnn_ewc_replay,adwin,662,1123,3,2018-02-22T20:45:02.663145,5000,0.0002,0.0002,0.0,4999,1,0,False,False,11
gnn_ewc_replay,adwin,663,1124,3,2018-02-22T20:48:19.360224,5000,0.0,0.0,0.0,4999,0,1,False,False,11
gnn_ewc_replay,adwin,664,1125,3,2018-02-22T20:51:22.486910,5000,0.0002,0.0002,0.0,4999,1,0,False,False,11
gnn_ewc_replay,adwin,665,1127,3,2018-02-22T20:57:55.717537,5000,0.0,0.0,0.0,5000,0,0,False,False,11
gnn_ewc_replay,adwin,666,1128,3,2018-02-22T21:00:52.327056,5000,0.0,0.0,0.0,5000,0,0,False,False,11
gnn_ewc_replay,adwin,667,1130,3,2018-02-22T21:09:32.662576,5000,0.0,0.0,0.0,5000,0,0,False,False,11
gnn_ewc_replay,adwin,668,1131,3,2018-02-22T21:13:59.879001,5000,0.0,0.0,0.0,4997,0,3,False,False,11
gnn_ewc_replay,adwin,669,1133,3,2018-02-22T21:22:46.707931,5000,0.0,0.0,0.0,5000,0,0,False,False,11
gnn_ewc_replay,adwin,670,1134,3,2018-02-22T21:27:58.541642,5000,0.0002,0.0002,0.0,4999,1,0,False,False,11
gnn_ewc_replay,adwin,671,1135,3,2018-02-22T21:49:25.834671,5000,0.0,0.0,0.0,5000,0,0,False,False,11
gnn_ewc_replay,adwin,672,1137,3,2018-02-23T12:19:09.413188,5000,0.0,0.0,0.0,5000,0,0,False,False,11
gnn_ewc_replay,adwin,673,1138,3,2018-02-23T12:21:29.311210,5000,0.0,0.0,0.0,5000,0,0,False,False,11
gnn_ewc_replay,adwin,674,1140,3,2018-02-23T12:26:38.432842,5000,0.0,0.0,0.0,5000,0,0,False,False,11
gnn_ewc_replay,adwin,675,1141,3,2018-02-23T12:29:34.990274,5000,0.0,0.0,0.0,5000,0,0,False,False,11
gnn_ewc_replay,adwin,676,1143,3,2018-02-23T12:35:46.065983,5000,0.0,0.0,0.0,5000,0,0,False,False,11
gnn_ewc_replay,adwin,677,1144,3,2018-02-23T12:39:04.356638,5000,0.0,0.0,0.0,5000,0,0,False,False,11
gnn_ewc_replay,adwin,678,1145,3,2018-02-23T12:42:22.320533,5000,0.0,0.0,0.0,5000,0,0,False,False,11
gnn_ewc_replay,adwin,679,1147,3,2018-02-23T12:47:45.613380,5000,0.0,0.0,0.0,5000,0,0,False,False,11
gnn_ewc_replay,adwin,680,1148,3,2018-02-23T12:50:30.878954,5000,0.0,0.0,0.0,5000,0,0,False,False,11
gnn_ewc_replay,adwin,681,1150,3,2018-02-23T12:56:15.896786,5000,0.0,0.0,0.0,5000,0,0,False,False,11
gnn_ewc_replay,adwin,682,1151,3,2018-02-23T12:58:52.453245,5000,0.0,0.0,0.0,5000,0,0,False,False,11
gnn_ewc_replay,adwin,683,1153,3,2018-02-23T13:05:38.989341,5000,0.0,0.0,0.0,5000,0,0,False,False,11
gnn_ewc_replay,adwin,684,1154,3,2018-02-23T13:09:20.114860,5000,0.0,0.0,0.0,5000,0,0,False,False,11
gnn_ewc_replay,adwin,685,1155,3,2018-02-23T13:12:11.752301,5000,0.0,0.0,0.0,5000,0,0,False,False,11
gnn_ewc_replay,adwin,686,1157,3,2018-02-23T13:18:32.169503,5000,0.0,0.0,0.0,5000,0,0,False,False,11
gnn_ewc_replay,adwin,687,1158,3,2018-02-23T13:21:19.061604,5000,0.0002,0.0002,0.0,4999,1,0,False,False,11
gnn_ewc_replay,adwin,688,1160,3,2018-02-23T13:27:31.126923,5000,0.0,0.0,0.0,5000,0,0,False,False,11
gnn_ewc_replay,adwin,689,1161,3,2018-02-23T13:30:09.515561,5000,0.0,0.0,0.0,5000,0,0,False,False,11
gnn_ewc_replay,adwin,690,1163,3,2018-02-23T13:36:12.594628,5000,0.0,0.0,0.0,5000,0,0,False,False,11
gnn_ewc_replay,adwin,691,1164,3,2018-02-23T13:38:39.776922,5000,0.0002,0.0002,0.0,4999,1,0,False,False,11
gnn_ewc_replay,adwin,692,1165,3,2018-02-23T13:41:45.046582,5000,0.0,0.0,0.0,5000,0,0,False,False,11
gnn_ewc_replay,adwin,693,1167,3,2018-02-23T13:46:50.083322,5000,0.0,0.0,0.0,5000,0,0,False,False,11
gnn_ewc_replay,adwin,694,1168,3,2018-02-23T13:49:32.621200,5000,0.0,0.0,0.0,5000,0,0,False,False,11
gnn_ewc_replay,adwin,695,1170,3,2018-02-23T13:55:07.946880,5000,0.0,0.0,0.0,5000,0,0,False,False,11
gnn_ewc_replay,adwin,696,1171,3,2018-02-23T13:57:55.985829,5000,0.0,0.0,0.0,5000,0,0,False,False,11
gnn_ewc_replay,adwin,697,1173,3,2018-02-23T14:03:41.073206,5000,0.0,0.0,0.0,5000,0,0,False,False,11
gnn_ewc_replay,adwin,698,1174,3,2018-02-23T14:06:05.109537,5000,0.0,0.0,0.0,5000,0,0,False,False,11
gnn_ewc_replay,adwin,699,1175,3,2018-02-23T14:09:06.028000,5000,0.0004,0.0004,0.0004,5000,0,0,False,False,11
gnn_ewc_replay,adwin,700,1177,3,2018-02-23T14:15:33.581575,5000,0.0,0.0,0.0,5000,0,0,False,False,11
gnn_ewc_replay,adwin,701,1178,3,2018-02-23T14:18:00.745619,5000,0.0002,0.0002,0.0,4999,1,0,False,False,11
gnn_ewc_replay,adwin,702,1180,3,2018-02-23T14:23:00.014529,5000,0.0002,0.0002,0.0002,5000,0,0,False,False,11
gnn_ewc_replay,adwin,703,1181,3,2018-02-23T14:26:30.212557,5000,0.0004,0.0004,0.0004,5000,0,0,False,False,11
gnn_ewc_replay,adwin,704,1183,3,2018-02-23T14:31:58.475941,5000,0.0002,0.0002,0.0002,5000,0,0,False,False,11
gnn_ewc_replay,adwin,705,1184,3,2018-02-23T14:34:52.154394,5000,0.0,0.0,0.0,5000,0,0,False,False,11
gnn_ewc_replay,adwin,706,1185,3,2018-02-23T14:37:46.334109,5000,0.0,0.0,0.0,5000,0,0,False,False,11
gnn_ewc_replay,adwin,707,1187,3,2018-02-23T14:43:36.607549,5000,0.0,0.0,0.0,5000,0,0,False,False,11
gnn_ewc_replay,adwin,708,1188,3,2018-02-23T14:45:56.733954,5000,0.0002,0.0002,0.0002,5000,0,0,False,False,11
gnn_ewc_replay,adwin,709,1190,3,2018-02-23T14:51:11.567659,5000,0.0,0.0,0.0,5000,0,0,False,False,11
gnn_ewc_replay,adwin,710,1191,3,2018-02-23T14:53:55.266486,5000,0.0,0.0,0.0,5000,0,0,False,False,11
gnn_ewc_replay,adwin,711,1193,3,2018-02-23T14:59:08.447524,5000,0.0,0.0,0.0,5000,0,0,False,False,11
gnn_ewc_replay,adwin,712,1194,3,2018-02-23T15:01:53.262327,5000,0.0,0.0,0.0,5000,0,0,False,False,11
gnn_ewc_replay,adwin,713,1195,3,2018-02-23T15:04:36.624933,5000,0.0,0.0,0.0,5000,0,0,False,False,11
gnn_ewc_replay,adwin,714,1197,3,2018-02-23T15:10:27.717534,5000,0.0,0.0,0.0,5000,0,0,False,False,11
gnn_ewc_replay,adwin,715,1198,3,2018-02-23T15:12:46.906000,5000,0.0,0.0,0.0,5000,0,0,False,False,11
gnn_ewc_replay,adwin,716,1200,3,2018-02-23T15:17:58.396117,5000,0.0,0.0,0.0,5000,0,0,False,False,11
gnn_ewc_replay,adwin,717,1201,3,2018-02-23T15:20:30.772290,5000,0.0,0.0,0.0,5000,0,0,False,False,11
gnn_ewc_replay,adwin,718,1203,3,2018-02-23T15:25:48.035278,5000,0.0,0.0,0.0,5000,0,0,False,False,11
gnn_ewc_replay,adwin,719,1204,3,2018-02-23T15:28:30.739814,5000,0.0,0.0,0.0,5000,0,0,False,False,11
gnn_ewc_replay,adwin,720,1205,3,2018-02-23T15:31:10.123681,5000,0.0,0.0,0.0,5000,0,0,False,False,11
gnn_ewc_replay,adwin,721,1207,3,2018-02-23T15:37:05.863562,5000,0.0,0.0,0.0,5000,0,0,False,False,11
gnn_ewc_replay,adwin,722,1208,3,2018-02-23T15:39:48.518342,5000,0.0,0.0,0.0,5000,0,0,False,False,11
gnn_ewc_replay,adwin,723,1210,3,2018-02-23T15:45:11.926641,5000,0.0,0.0,0.0,5000,0,0,False,False,11
gnn_ewc_replay,adwin,724,1211,3,2018-02-23T15:47:50.059692,5000,0.0,0.0,0.0,5000,0,0,False,False,11
gnn_ewc_replay,adwin,725,1213,3,2018-02-23T15:53:19.035799,5000,0.0004,0.0004,0.0,4998,0,2,False,False,11
gnn_ewc_replay,adwin,726,1214,3,2018-02-23T15:56:14.772567,5000,0.0,0.0,0.0,5000,0,0,False,False,11
gnn_ewc_replay,adwin,727,1215,3,2018-02-23T15:58:53.688379,5000,0.0,0.0,0.0,5000,0,0,False,False,11
gnn_ewc_replay,adwin,728,1217,3,2018-02-23T16:05:41.207430,5000,0.0,0.0,0.0,5000,0,0,False,False,11
gnn_ewc_replay,adwin,729,1218,3,2018-02-23T16:10:02.413066,5000,0.0,0.0,0.0,5000,0,0,False,False,11
gnn_ewc_replay,adwin,730,1220,3,2018-02-23T16:17:44.426538,5000,0.0,0.0,0.0,5000,0,0,False,False,11
gnn_ewc_replay,adwin,731,1221,3,2018-02-23T16:21:10.297425,5000,0.0,0.0,0.0,5000,0,0,False,False,11
gnn_ewc_replay,adwin,732,1223,3,2018-02-23T16:29:08.115870,5000,0.0004,0.0004,0.0,4998,2,0,False,False,11
gnn_ewc_replay,adwin,733,1224,3,2018-02-23T16:33:10.671253,5000,0.0,0.0,0.0,5000,0,0,False,False,11
gnn_ewc_replay,adwin,734,1225,3,2018-02-23T16:37:26.898811,5000,0.0,0.0,0.0,5000,0,0,False,False,11
gnn_ewc_replay,adwin,735,1227,3,2018-02-23T16:46:46.164231,5000,0.0,0.0,0.0,5000,0,0,False,False,11
gnn_ewc_replay,adwin,736,1228,3,2018-02-23T16:50:59.342386,5000,0.0,0.0,0.0,5000,0,0,False,False,11
gnn_ewc_replay,adwin,737,1230,3,2018-02-23T17:00:07.860786,5000,0.0,0.0,0.0,5000,0,0,False,False,11
gnn_ewc_replay,adwin,738,1231,3,2018-02-23T17:05:03.396238,5000,0.0002,0.0002,0.0002,5000,0,0,False,False,11
gnn_ewc_replay,adwin,739,1233,3,2018-02-23T17:12:25.620552,5000,0.0002,0.0002,0.0002,5000,0,0,False,False,11
gnn_ewc_replay,adwin,740,1234,3,2018-02-23T17:15:34.943329,5000,0.0,0.0,0.0,5000,0,0,False,False,11
gnn_ewc_replay,adwin,741,1235,3,2018-02-23T17:19:13.792941,5000,0.0,0.0,0.0,5000,0,0,False,False,11
gnn_ewc_replay,adwin,742,1237,3,2018-02-23T17:26:01.631852,5000,0.0002,0.0002,0.0002,5000,0,0,False,False,11
gnn_ewc_replay,adwin,743,1238,3,2018-02-23T17:29:13.887991,5000,0.0002,0.0002,0.0002,5000,0,0,False,False,11
gnn_ewc_replay,adwin,744,1240,3,2018-02-23T17:35:37.033764,5000,0.0,0.0,0.0,5000,0,0,False,False,11
gnn_ewc_replay,adwin,745,1241,3,2018-02-23T17:38:16.363984,5000,0.0002,0.0002,0.0002,5000,0,0,False,False,11
gnn_ewc_replay,adwin,746,1243,3,2018-02-23T17:43:49.857087,5000,0.0002,0.0002,0.0,4999,0,1,False,False,11
gnn_ewc_replay,adwin,747,1244,3,2018-02-23T17:46:42.635967,5000,0.0002,0.0002,0.0002,5000,0,0,False,False,11
gnn_ewc_replay,adwin,748,1245,3,2018-02-23T17:49:57.746133,5000,0.0,0.0,0.0,5000,0,0,False,False,11
gnn_ewc_replay,adwin,749,1247,3,2018-02-23T17:55:48.699034,5000,0.0026,0.0026,0.0002,4988,12,0,True,True,12
gnn_ewc_replay,adwin,750,1248,3,2018-02-23T17:58:52.281133,5000,0.0,0.0,0.0002,4999,1,0,False,False,12
gnn_ewc_replay,adwin,751,1250,3,2018-02-23T18:04:48.367862,5000,0.0,0.0,0.0,5000,0,0,False,False,12
gnn_ewc_replay,adwin,752,1251,3,2018-02-23T18:08:14.591926,5000,0.0,0.0,0.0,5000,0,0,False,False,12
gnn_ewc_replay,adwin,753,1253,3,2018-02-23T18:14:52.243703,5000,0.0,0.0,0.0,5000,0,0,False,False,12
gnn_ewc_replay,adwin,754,1254,3,2018-02-23T18:18:11.941351,5000,0.0,0.0,0.0,5000,0,0,False,False,12
gnn_ewc_replay,adwin,755,1255,3,2018-02-23T18:21:40.551335,5000,0.0,0.0,0.0,5000,0,0,False,False,12
gnn_ewc_replay,adwin,756,1257,3,2018-02-23T18:28:30.015996,5000,0.0016,0.0016,0.0,4975,4,21,False,False,12
gnn_ewc_replay,adwin,757,1258,3,2018-02-23T18:31:27.836891,5000,0.0002,0.0002,0.0,4999,0,1,False,False,12
gnn_ewc_replay,adwin,758,1260,3,2018-02-23T18:37:42.976461,5000,0.0002,0.0002,0.0,4999,0,1,False,False,12
gnn_ewc_replay,adwin,759,1261,3,2018-02-23T18:41:19.595475,5000,0.0,0.0,0.0,5000,0,0,False,False,12
gnn_ewc_replay,adwin,760,1263,3,2018-02-23T18:47:45.126894,5000,0.0,0.0,0.0,5000,0,0,False,False,12
gnn_ewc_replay,adwin,761,1264,3,2018-02-23T18:51:18.180413,5000,0.0,0.0,0.0,5000,0,0,False,False,12
gnn_ewc_replay,adwin,762,1265,3,2018-02-23T18:55:03.901317,5000,0.0002,0.0002,0.0,4999,1,0,False,False,12
gnn_ewc_replay,adwin,763,1267,3,2018-02-23T19:00:49.229977,5000,0.0,0.0,0.0,5000,0,0,False,False,12
gnn_ewc_replay,adwin,764,1268,3,2018-02-23T19:03:48.711884,5000,0.0004,0.0004,0.0002,4998,0,2,False,False,12
gnn_ewc_replay,adwin,765,1270,3,2018-02-23T19:10:06.621920,5000,0.0006,0.0006,0.0002,4998,1,1,False,False,12
gnn_ewc_replay,adwin,766,1271,3,2018-02-23T19:13:22.474245,5000,0.0008,0.0008,0.0006,4996,4,0,False,False,12
gnn_ewc_replay,adwin,767,1273,3,2018-02-23T19:19:29.224932,5000,0.0,0.0,0.0,5000,0,0,False,False,12
gnn_ewc_replay,adwin,768,1274,3,2018-02-23T19:22:50.355858,5000,0.0,0.0,0.0,5000,0,0,False,False,12
gnn_ewc_replay,adwin,769,1275,3,2018-02-23T19:25:49.835989,5000,0.0,0.0,0.0,5000,0,0,False,False,12
gnn_ewc_replay,adwin,770,1277,3,2018-02-23T19:30:46.057133,5000,0.0,0.0,0.0,5000,0,0,False,False,12
gnn_ewc_replay,adwin,771,1278,3,2018-02-23T19:33:23.811232,5000,0.0004,0.0004,0.0,4998,2,0,False,False,12
gnn_ewc_replay,adwin,772,1280,3,2018-02-23T19:39:55.467374,5000,0.0004,0.0004,0.0,4998,2,0,False,False,12
gnn_ewc_replay,adwin,773,1281,3,2018-02-23T19:43:16.760167,5000,0.0,0.0,0.0,5000,0,0,False,False,12
gnn_ewc_replay,adwin,774,1283,3,2018-02-23T19:50:00.590119,5000,0.0,0.0,0.0,5000,0,0,False,False,12
gnn_ewc_replay,adwin,775,1284,3,2018-02-23T19:53:33.898942,5000,0.0,0.0,0.0,5000,0,0,False,False,12
gnn_ewc_replay,adwin,776,1285,3,2018-02-23T19:56:59.056576,5000,0.0,0.0,0.0,5000,0,0,False,False,12
gnn_ewc_replay,adwin,777,1287,3,2018-02-23T20:02:31.395007,5000,0.0,0.0,0.0,5000,0,0,False,False,12
gnn_ewc_replay,adwin,778,1288,3,2018-02-23T20:05:33.347967,5000,0.0,0.0,0.0,5000,0,0,False,False,12
gnn_ewc_replay,adwin,779,1290,3,2018-02-23T20:12:08.276537,5000,0.0,0.0,0.0,5000,0,0,False,False,12
gnn_ewc_replay,adwin,780,1291,3,2018-02-23T20:15:18.197843,5000,0.0002,0.0002,0.0,4999,1,0,False,False,12
gnn_ewc_replay,adwin,781,1293,3,2018-02-23T20:21:26.727925,5000,0.0,0.0,0.0,5000,0,0,False,False,12
gnn_ewc_replay,adwin,782,1294,3,2018-02-23T20:24:17.712717,5000,0.0,0.0,0.0,5000,0,0,False,False,12
gnn_ewc_replay,adwin,783,1295,3,2018-02-23T20:26:52.497035,5000,0.0002,0.0002,0.0,4999,1,0,False,False,12
gnn_ewc_replay,adwin,784,1297,3,2018-02-23T20:31:48.191737,5000,0.0002,0.0002,0.0,4999,0,1,False,False,12
gnn_ewc_replay,adwin,785,1298,3,2018-02-23T20:34:39.113935,5000,0.0,0.0,0.0,5000,0,0,False,False,12
gnn_ewc_replay,adwin,786,1300,3,2018-02-23T20:40:43.639818,5000,0.0002,0.0002,0.0,4999,1,0,False,False,12
gnn_ewc_replay,adwin,787,1301,3,2018-02-23T20:43:46.091579,5000,0.0002,0.0002,0.0,4999,1,0,False,False,12
gnn_ewc_replay,adwin,788,1303,3,2018-02-23T20:49:37.709236,5000,0.0,0.0,0.0,5000,0,0,False,False,12
gnn_ewc_replay,adwin,789,1304,3,2018-02-23T20:52:44.842527,5000,0.0,0.0,0.0,5000,0,0,False,False,12
gnn_ewc_replay,adwin,790,1305,3,2018-02-23T20:55:38.980293,5000,0.0,0.0,0.0,5000,0,0,False,False,12
gnn_ewc_replay,adwin,791,1307,3,2018-02-23T21:01:10.570278,5000,0.0,0.0,0.0,5000,0,0,False,False,12
gnn_ewc_replay,adwin,792,1308,3,2018-02-23T21:05:05.156033,5000,0.0002,0.0002,0.0,4998,1,1,False,False,12
gnn_ewc_replay,adwin,793,1310,3,2018-02-23T21:14:12.567176,5000,0.0,0.0,0.0,4999,0,1,False,False,12
gnn_ewc_replay,adwin,794,1311,3,2018-02-23T21:18:09.695467,5000,0.0002,0.0002,0.0,4999,0,1,False,False,12
gnn_ewc_replay,adwin,795,1313,3,2018-02-23T21:27:55.011453,5604,0.0,0.0,0.0,5603,0,1,False,False,12
gnn_ewc_replay,adwin,796,1314,4,2018-02-28T12:20:49.532235,5000,0.0,0.0,0.0,5000,0,0,False,False,12
gnn_ewc_replay,adwin,797,1315,4,2018-02-28T12:22:06.840257,5000,0.0012,0.0012,0.0,4993,6,1,False,False,12
gnn_ewc_replay,adwin,798,1317,4,2018-02-28T12:25:38.748901,5000,0.0,0.0,0.0,5000,0,0,False,False,12
gnn_ewc_replay,adwin,799,1318,4,2018-02-28T12:27:25.213946,5000,0.0,0.0,0.0,5000,0,0,False,False,12
gnn_ewc_replay,adwin,800,1320,4,2018-02-28T12:31:45.331111,5000,0.0,0.0,0.0,5000,0,0,False,False,12
gnn_ewc_replay,adwin,801,1321,4,2018-02-28T12:34:21.556158,5000,0.0,0.0,0.0,4999,0,1,False,False,12
gnn_ewc_replay,adwin,802,1323,4,2018-02-28T12:39:13.393959,5000,0.0,0.0,0.0,4999,0,1,False,False,12
gnn_ewc_replay,adwin,803,1324,4,2018-02-28T12:41:55.417144,5000,0.0002,0.0002,0.0,4999,0,1,False,False,12
gnn_ewc_replay,adwin,804,1325,4,2018-02-28T12:44:27.752984,5000,0.0002,0.0002,0.0,4999,1,0,False,False,12
gnn_ewc_replay,adwin,805,1327,4,2018-02-28T12:49:25.399802,5000,0.0,0.0,0.0,5000,0,0,False,False,12
gnn_ewc_replay,adwin,806,1328,4,2018-02-28T12:51:29.821957,5000,0.0,0.0,0.0,5000,0,0,False,False,12
gnn_ewc_replay,adwin,807,1330,4,2018-02-28T12:55:06.316320,5000,0.0,0.0,0.0,5000,0,0,False,False,12
gnn_ewc_replay,adwin,808,1331,4,2018-02-28T12:57:22.259937,5000,0.0,0.0,0.0,5000,0,0,False,False,12
gnn_ewc_replay,adwin,809,1333,4,2018-02-28T13:02:16.406810,5000,0.0,0.0,0.0,5000,0,0,False,False,12
gnn_ewc_replay,adwin,810,1334,4,2018-02-28T13:05:06.021406,5000,0.0002,0.0002,0.0,4999,0,1,False,False,12
gnn_ewc_replay,adwin,811,1335,4,2018-02-28T13:07:38.934363,5000,0.0002,0.0002,0.0,4999,0,1,False,False,12
gnn_ewc_replay,adwin,812,1337,4,2018-02-28T13:13:23.378287,5000,0.0,0.0,0.0,5000,0,0,False,False,12
gnn_ewc_replay,adwin,813,1338,4,2018-02-28T13:15:59.296789,5000,0.0,0.0,0.0,5000,0,0,False,False,12
gnn_ewc_replay,adwin,814,1340,4,2018-02-28T13:21:53.624387,5000,0.0,0.0,0.0,4999,0,1,False,False,12
gnn_ewc_replay,adwin,815,1341,4,2018-02-28T13:24:27.669208,5000,0.0,0.0,0.0,5000,0,0,False,False,12
gnn_ewc_replay,adwin,816,1343,4,2018-02-28T13:29:52.870904,5000,0.0,0.0,0.0,5000,0,0,False,False,12
gnn_ewc_replay,adwin,817,1344,4,2018-02-28T13:33:09.557416,5000,0.0,0.0,0.0,5000,0,0,False,False,12
gnn_ewc_replay,adwin,818,1345,4,2018-02-28T13:36:01.182456,5000,0.0,0.0,0.0,5000,0,0,False,False,12
gnn_ewc_replay,adwin,819,1347,4,2018-02-28T13:41:44.877925,5000,0.0,0.0,0.0,5000,0,0,False,False,12
gnn_ewc_replay,adwin,820,1348,4,2018-02-28T13:44:02.117449,5000,0.0,0.0,0.0,5000,0,0,False,False,12
gnn_ewc_replay,adwin,821,1350,4,2018-02-28T13:50:08.770395,5000,0.0002,0.0002,0.0,4999,0,1,False,False,12
gnn_ewc_replay,adwin,822,1351,4,2018-02-28T13:52:31.281274,5000,0.0,0.0,0.0,5000,0,0,False,False,12
gnn_ewc_replay,adwin,823,1353,4,2018-02-28T13:57:38.785509,5000,0.0004,0.0004,0.0,4998,0,2,False,False,12
gnn_ewc_replay,adwin,824,1354,4,2018-02-28T14:00:38.814641,5000,0.0004,0.0004,0.0,4998,1,1,False,False,12
gnn_ewc_replay,adwin,825,1355,4,2018-02-28T14:03:42.546675,5000,0.0,0.0,0.0,5000,0,0,False,False,12
gnn_ewc_replay,adwin,826,1357,4,2018-02-28T14:09:54.693761,5000,0.0,0.0,0.0,5000,0,0,False,False,12
gnn_ewc_replay,adwin,827,1358,4,2018-02-28T14:13:00.975538,5000,0.0,0.0,0.0,5000,0,0,False,False,12
gnn_ewc_replay,adwin,828,1360,4,2018-02-28T14:19:08.648193,5000,0.0002,0.0002,0.0,4999,1,0,False,False,12
gnn_ewc_replay,adwin,829,1361,4,2018-02-28T14:21:55.569242,5000,0.0004,0.0004,0.0,4998,1,1,False,False,12
gnn_ewc_replay,adwin,830,1363,4,2018-02-28T14:27:31.701518,5000,0.0,0.0,0.0,5000,0,0,False,False,12
gnn_ewc_replay,adwin,831,1364,4,2018-02-28T14:30:13.816109,5000,0.0,0.0,0.0,5000,0,0,False,False,12
gnn_ewc_replay,adwin,832,1365,4,2018-02-28T14:33:12.936357,5000,0.0004,0.0004,0.0002,4999,0,1,False,False,12
gnn_ewc_replay,adwin,833,1367,4,2018-02-28T14:39:04.187946,5000,0.0,0.0,0.0,5000,0,0,False,False,12
gnn_ewc_replay,adwin,834,1368,4,2018-02-28T14:41:25.955365,5000,0.0004,0.0004,0.0004,5000,0,0,False,False,12
gnn_ewc_replay,adwin,835,1370,4,2018-02-28T14:47:36.782158,5000,0.0692,0.0692,0.069,4999,0,1,True,True,13
gnn_ewc_replay,adwin,836,1371,4,2018-02-28T14:50:08.353767,5000,0.0068,0.0068,0.0068,5000,0,0,False,False,13
gnn_ewc_replay,adwin,837,1373,4,2018-02-28T14:54:44.186051,5000,0.0072,0.0072,0.0072,5000,0,0,False,False,13
gnn_ewc_replay,adwin,838,1374,4,2018-02-28T14:57:05.431808,5000,0.0034,0.0034,0.0032,4999,1,0,False,False,13
gnn_ewc_replay,adwin,839,1375,4,2018-02-28T14:59:33.053335,5000,0.0002,0.0002,0.0696,4651,337,12,True,False,13
gnn_ewc_replay,adwin,840,1377,4,2018-02-28T15:03:57.570596,5000,0.001,0.001,0.1268,4362,632,6,False,False,13
gnn_ewc_replay,adwin,841,1378,4,2018-02-28T15:06:24.168581,5000,0.0008,0.0008,0.0008,5000,0,0,False,False,13
gnn_ewc_replay,adwin,842,1380,4,2018-02-28T15:11:04.210320,5000,0.0002,0.0002,0.0662,4668,332,0,False,False,13
gnn_ewc_replay,adwin,843,1381,4,2018-02-28T15:13:34.645830,5000,0.0058,0.0058,0.0058,4992,0,8,True,True,14
gnn_ewc_replay,adwin,844,1383,4,2018-02-28T15:18:21.785499,5000,0.0058,0.0058,0.0054,4998,2,0,False,False,14
gnn_ewc_replay,adwin,845,1384,4,2018-02-28T15:20:54.698971,5000,0.0036,0.0036,0.0036,5000,0,0,False,False,14
gnn_ewc_replay,adwin,846,1385,4,2018-02-28T15:23:07.882409,5000,0.0004,0.0004,0.0632,4682,318,0,False,False,14
gnn_ewc_replay,adwin,847,1387,4,2018-02-28T15:27:56.536358,5000,0.0,0.0,0.1372,4312,686,2,True,False,14
gnn_ewc_replay,adwin,848,1388,4,2018-02-28T15:30:11.356835,5000,0.0012,0.0012,0.0012,5000,0,0,False,False,14
gnn_ewc_replay,adwin,849,1390,4,2018-02-28T15:35:21.561176,5000,0.0,0.0,0.0,5000,0,0,False,False,14
gnn_ewc_replay,adwin,850,1391,4,2018-02-28T15:38:10.710592,5000,0.0,0.0,0.0,5000,0,0,False,False,14
gnn_ewc_replay,adwin,851,1393,4,2018-02-28T15:43:52.950707,5000,0.0,0.0,0.0,5000,0,0,False,False,14
gnn_ewc_replay,adwin,852,1394,4,2018-02-28T15:46:30.985337,5000,0.0,0.0,0.0,4999,0,1,False,False,14
gnn_ewc_replay,adwin,853,1395,4,2018-02-28T15:49:00.917873,5000,0.0,0.0,0.0,5000,0,0,False,False,14
gnn_ewc_replay,adwin,854,1397,4,2018-02-28T15:54:06.057063,5000,0.0,0.0,0.0014,4993,7,0,False,False,14
gnn_ewc_replay,adwin,855,1398,4,2018-02-28T15:57:04.923255,5000,0.0,0.0,0.054,4730,270,0,False,False,14
gnn_ewc_replay,adwin,856,1400,4,2018-02-28T16:02:09.587239,5000,0.0068,0.0068,0.0068,5000,0,0,True,True,15
gnn_ewc_replay,adwin,857,1401,4,2018-02-28T16:05:18.658555,5000,0.0,0.0,0.005,4975,25,0,False,False,15
gnn_ewc_replay,adwin,858,1403,4,2018-02-28T16:12:02.345269,5000,0.0004,0.0004,0.0,4998,2,0,True,False,15
gnn_ewc_replay,adwin,859,1404,4,2018-02-28T16:15:09.707057,5000,0.0,0.0,0.0,5000,0,0,False,False,15
gnn_ewc_replay,adwin,860,1405,4,2018-02-28T16:18:06.285557,5000,0.0002,0.0002,0.0,4999,0,1,False,False,15
gnn_ewc_replay,adwin,861,1407,4,2018-02-28T16:24:34.001770,5000,0.0,0.0,0.0,4999,0,1,False,False,15
gnn_ewc_replay,adwin,862,1408,4,2018-02-28T16:27:34.199407,5000,0.0,0.0,0.0,5000,0,0,False,False,15
gnn_ewc_replay,adwin,863,1410,4,2018-02-28T16:33:19.721137,5000,0.0002,0.0002,0.0,4999,1,0,False,False,15
gnn_ewc_replay,adwin,864,1411,4,2018-02-28T16:37:39.052452,5000,0.0,0.0,0.0,5000,0,0,False,False,15
gnn_ewc_replay,adwin,865,1413,4,2018-02-28T16:45:54.571979,5000,0.0002,0.0002,0.0,4999,1,0,False,False,15
gnn_ewc_replay,adwin,866,1414,4,2018-02-28T16:50:17.910129,5000,0.0,0.0,0.0,5000,0,0,False,False,15
gnn_ewc_replay,adwin,867,1415,4,2018-02-28T16:54:59.065774,5000,0.0006,0.0006,0.0,4996,3,1,False,False,15
gnn_ewc_replay,adwin,868,1417,4,2018-02-28T17:02:54.724196,5000,0.0,0.0,0.0,5000,0,0,False,False,15
gnn_ewc_replay,adwin,869,1418,4,2018-02-28T17:06:54.807149,5000,0.0,0.0,0.0,5000,0,0,False,False,15
gnn_ewc_replay,adwin,870,1420,4,2018-02-28T17:13:13.457161,5000,0.0,0.0,0.0,5000,0,0,False,False,15
gnn_ewc_replay,adwin,871,1421,4,2018-02-28T17:16:01.301485,5000,0.0002,0.0002,0.0,4998,0,2,False,False,15
gnn_ewc_replay,adwin,872,1423,4,2018-02-28T17:22:12.606669,5000,0.0,0.0,0.0,5000,0,0,False,False,15
gnn_ewc_replay,adwin,873,1424,4,2018-02-28T17:25:20.221268,5000,0.0,0.0,0.0,5000,0,0,False,False,15
gnn_ewc_replay,adwin,874,1425,4,2018-02-28T17:28:05.833656,5000,0.0002,0.0002,0.0,4999,1,0,False,False,15
gnn_ewc_replay,adwin,875,1427,4,2018-02-28T17:33:29.414937,5000,0.0,0.0,0.0,5000,0,0,False,False,15
gnn_ewc_replay,adwin,876,1428,4,2018-02-28T17:36:41.180412,5000,0.0,0.0,0.0,5000,0,0,False,False,15
gnn_ewc_replay,adwin,877,1430,4,2018-02-28T17:42:02.186626,5000,0.0006,0.0006,0.0006,5000,0,0,False,False,15
gnn_ewc_replay,adwin,878,1431,4,2018-02-28T17:44:47.160978,5000,0.0014,0.0014,0.0058,4966,34,0,False,False,15
gnn_ewc_replay,adwin,879,1433,4,2018-02-28T17:50:01.719578,5000,0.0006,0.0006,0.0024,4990,6,4,False,False,15
gnn_ewc_replay,adwin,880,1434,4,2018-02-28T17:52:28.092416,5000,0.0002,0.0002,0.0064,4967,33,0,False,False,15
gnn_ewc_replay,adwin,881,1435,4,2018-02-28T17:55:18.244775,5000,0.0008,0.0008,0.0624,4684,316,0,False,False,15
gnn_ewc_replay,adwin,882,1437,4,2018-02-28T18:00:28.804180,5000,0.0,0.0,0.0012,4993,6,1,False,False,15
gnn_ewc_replay,adwin,883,1438,4,2018-02-28T18:03:36.768014,5000,0.0002,0.0002,0.0684,4656,343,1,False,False,15
gnn_ewc_replay,adwin,884,1440,4,2018-02-28T18:09:36.154316,5000,0.0008,0.0008,0.106,4465,534,1,False,False,15
gnn_ewc_replay,adwin,885,1441,4,2018-02-28T18:11:54.190650,5000,0.0002,0.0002,0.0,4999,1,0,False,False,15
gnn_ewc_replay,adwin,886,1443,4,2018-02-28T18:17:11.691884,5000,0.0014,0.0014,0.0034,4989,10,1,False,False,15
gnn_ewc_replay,adwin,887,1444,4,2018-02-28T18:19:56.207519,5000,0.0002,0.0002,0.0052,4973,27,0,False,False,15
gnn_ewc_replay,adwin,888,1445,4,2018-02-28T18:22:43.683860,5000,0.0006,0.0006,0.0642,4674,323,3,False,False,15
gnn_ewc_replay,adwin,889,1447,4,2018-02-28T18:28:09.321869,5000,0.0004,0.0004,0.0044,4975,22,3,False,False,15
gnn_ewc_replay,adwin,890,1448,4,2018-02-28T18:30:34.210108,5000,0.0002,0.0002,0.0554,4721,278,1,False,False,15
gnn_ewc_replay,adwin,891,1450,4,2018-02-28T18:35:36.335443,5000,0.0,0.0,0.1282,4359,641,0,False,False,15
gnn_ewc_replay,adwin,892,1451,4,2018-02-28T18:38:00.499566,5000,0.0004,0.0004,0.0028,4988,12,0,False,False,15
gnn_ewc_replay,adwin,893,1453,4,2018-02-28T18:43:12.388992,5000,0.0,0.0,0.0,5000,0,0,False,False,15
gnn_ewc_replay,adwin,894,1454,4,2018-02-28T18:45:49.195459,5000,0.0,0.0,0.0,5000,0,0,False,False,15
gnn_ewc_replay,adwin,895,1455,4,2018-02-28T18:48:33.342436,5000,0.0,0.0,0.0,5000,0,0,False,False,15
gnn_ewc_replay,adwin,896,1457,4,2018-02-28T18:54:20.026510,5000,0.0,0.0,0.0,5000,0,0,False,False,15
gnn_ewc_replay,adwin,897,1458,4,2018-02-28T18:57:33.052350,5000,0.0,0.0,0.0,4998,0,2,False,False,15
gnn_ewc_replay,adwin,898,1460,4,2018-02-28T19:03:02.191273,5000,0.0,0.0,0.0,5000,0,0,False,False,15
gnn_ewc_replay,adwin,899,1461,4,2018-02-28T19:06:08.091231,5000,0.0,0.0,0.0,5000,0,0,False,False,15
gnn_ewc_replay,adwin,900,1463,4,2018-02-28T19:11:34.355578,5000,0.0,0.0,0.0,5000,0,0,False,False,15
gnn_ewc_replay,adwin,901,1464,4,2018-02-28T19:14:22.282480,5000,0.0,0.0,0.0,5000,0,0,False,False,15
gnn_ewc_replay,adwin,902,1465,4,2018-02-28T19:17:01.744068,5000,0.0,0.0,0.0,5000,0,0,False,False,15
gnn_ewc_replay,adwin,903,1467,4,2018-02-28T19:22:08.014324,5000,0.0,0.0,0.0,5000,0,0,False,False,15
gnn_ewc_replay,adwin,904,1468,4,2018-02-28T19:25:07.175020,5000,0.0002,0.0002,0.0,4998,1,1,False,False,15
gnn_ewc_replay,adwin,905,1470,4,2018-02-28T19:31:18.983100,5000,0.0,0.0,0.0,5000,0,0,False,False,15
gnn_ewc_replay,adwin,906,1471,4,2018-02-28T19:34:19.111752,5000,0.0,0.0,0.0,5000,0,0,False,False,15
gnn_ewc_replay,adwin,907,1473,4,2018-02-28T19:40:58.205859,5000,0.0016,0.0016,0.0,4988,5,7,False,False,15
gnn_ewc_replay,adwin,908,1474,4,2018-02-28T19:43:06.156822,5000,0.0058,0.0058,0.0,4961,26,13,True,True,16
gnn_ewc_replay,adwin,909,1475,4,2018-02-28T19:45:02.791453,5000,0.0002,0.0002,0.0,4998,1,1,False,False,16
gnn_ewc_replay,adwin,910,1477,4,2018-02-28T19:49:09.409491,5000,0.0,0.0,0.0,5000,0,0,True,False,16
gnn_ewc_replay,adwin,911,1478,4,2018-02-28T19:51:42.278805,5000,0.0002,0.0002,0.0,4999,1,0,False,False,16
gnn_ewc_replay,adwin,912,1480,4,2018-02-28T19:57:40.667750,5000,0.0,0.0,0.0,5000,0,0,False,False,16
gnn_ewc_replay,adwin,913,1481,4,2018-02-28T20:00:39.505392,5000,0.0014,0.0014,0.0,4993,2,5,False,False,16
gnn_ewc_replay,adwin,914,1483,4,2018-02-28T20:06:05.922387,5000,0.0,0.0,0.0,5000,0,0,False,False,16
gnn_ewc_replay,adwin,915,1484,4,2018-02-28T20:08:53.087328,5000,0.0002,0.0002,0.0,4999,1,0,False,False,16
gnn_ewc_replay,adwin,916,1485,4,2018-02-28T20:11:32.136790,5000,0.0,0.0,0.0,5000,0,0,False,False,16
gnn_ewc_replay,adwin,917,1487,4,2018-02-28T20:16:57.996608,5000,0.0002,0.0002,0.0,4997,0,3,False,False,16
gnn_ewc_replay,adwin,918,1488,4,2018-02-28T20:19:21.135614,5000,0.0,0.0,0.0,5000,0,0,False,False,16
gnn_ewc_replay,adwin,919,1490,4,2018-02-28T20:24:58.930403,5000,0.0,0.0,0.0,5000,0,0,False,False,16
gnn_ewc_replay,adwin,920,1491,4,2018-02-28T20:28:10.811457,5000,0.0,0.0,0.0,5000,0,0,False,False,16
gnn_ewc_replay,adwin,921,1493,4,2018-02-28T20:33:46.211347,5000,0.0,0.0,0.0,5000,0,0,False,False,16
gnn_ewc_replay,adwin,922,1494,4,2018-02-28T20:36:35.016953,5000,0.0,0.0,0.0,5000,0,0,False,False,16
gnn_ewc_replay,adwin,923,1495,4,2018-02-28T20:39:14.222126,5000,0.0,0.0,0.0,5000,0,0,False,False,16
gnn_ewc_replay,adwin,924,1497,4,2018-02-28T20:45:04.579952,5000,0.0,0.0,0.0,5000,0,0,False,False,16
gnn_ewc_replay,adwin,925,1498,4,2018-02-28T20:48:03.991325,5000,0.0,0.0,0.0,5000,0,0,False,False,16
gnn_ewc_replay,adwin,926,1500,4,2018-02-28T20:53:48.418987,5000,0.0,0.0,0.0,5000,0,0,False,False,16
gnn_ewc_replay,adwin,927,1501,4,2018-02-28T20:56:48.491000,5000,0.0,0.0,0.0,5000,0,0,False,False,16
gnn_ewc_replay,adwin,928,1503,4,2018-02-28T21:02:54.491415,5000,0.0,0.0,0.0,5000,0,0,False,False,16
gnn_ewc_replay,adwin,929,1504,4,2018-02-28T21:06:43.660797,5000,0.0,0.0,0.0,5000,0,0,False,False,16
gnn_ewc_replay,adwin,930,1505,4,2018-02-28T21:11:14.689634,5000,0.0,0.0,0.0,5000,0,0,False,False,16
gnn_ewc_replay,adwin,931,1507,4,2018-02-28T21:19:09.272488,5000,0.0,0.0,0.0,5000,0,0,False,False,16
gnn_ewc_replay,adwin,932,1508,4,2018-02-28T21:22:51.711468,5000,0.0002,0.0002,0.0,4999,1,0,False,False,16
gnn_ewc_replay,adwin,933,1510,4,2018-02-28T21:37:34.367328,5000,0.0,0.0,0.0,5000,0,0,False,False,16
gnn_ewc_replay,adwin,934,1511,4,2018-03-01T12:15:39.064732,5000,0.001,0.001,0.0,4995,4,1,False,False,16
gnn_ewc_replay,adwin,935,1513,4,2018-03-01T12:19:54.520816,5000,0.0,0.0,0.0,5000,0,0,False,False,16
gnn_ewc_replay,adwin,936,1514,4,2018-03-01T12:22:18.749644,5000,0.0,0.0,0.0,5000,0,0,False,False,16
gnn_ewc_replay,adwin,937,1515,4,2018-03-01T12:25:00.144703,5000,0.0,0.0,0.0,5000,0,0,False,False,16
gnn_ewc_replay,adwin,938,1517,4,2018-03-01T12:29:38.258143,5000,0.0012,0.0012,0.0,4994,6,0,False,False,16
gnn_ewc_replay,adwin,939,1518,4,2018-03-01T12:32:14.296813,5000,0.0,0.0,0.0,5000,0,0,False,False,16
gnn_ewc_replay,adwin,940,1520,4,2018-03-01T12:38:13.817216,5000,0.0,0.0,0.0,5000,0,0,False,False,16
gnn_ewc_replay,adwin,941,1521,4,2018-03-01T12:41:37.816560,5000,0.0,0.0,0.0,5000,0,0,False,False,16
gnn_ewc_replay,adwin,942,1523,4,2018-03-01T12:47:19.681475,5000,0.0,0.0,0.0,5000,0,0,False,False,16
gnn_ewc_replay,adwin,943,1524,4,2018-03-01T12:50:08.679195,5000,0.0004,0.0004,0.0,4995,0,5,False,False,16
gnn_ewc_replay,adwin,944,1525,4,2018-03-01T12:52:44.849046,5000,0.0,0.0,0.0,5000,0,0,False,False,16
gnn_ewc_replay,adwin,945,1527,4,2018-03-01T12:58:09.517876,5000,0.0,0.0,0.0,5000,0,0,False,False,16
gnn_ewc_replay,adwin,946,1528,4,2018-03-01T13:01:04.025574,5000,0.0,0.0,0.0,5000,0,0,False,False,16
gnn_ewc_replay,adwin,947,1530,4,2018-03-01T13:07:26.167718,5000,0.0,0.0,0.0,5000,0,0,False,False,16
gnn_ewc_replay,adwin,948,1531,4,2018-03-01T13:10:24.497541,5000,0.0,0.0,0.0,5000,0,0,False,False,16
gnn_ewc_replay,adwin,949,1533,4,2018-03-01T13:16:15.288675,5000,0.0,0.0,0.0,5000,0,0,False,False,16
gnn_ewc_replay,adwin,950,1534,4,2018-03-01T13:18:50.416620,5000,0.0,0.0,0.0,5000,0,0,False,False,16
gnn_ewc_replay,adwin,951,1535,4,2018-03-01T13:21:32.793833,5000,0.0002,0.0002,0.0,4999,1,0,False,False,16
gnn_ewc_replay,adwin,952,1537,4,2018-03-01T13:27:37.928243,5000,0.0002,0.0002,0.0,4999,1,0,False,False,16
gnn_ewc_replay,adwin,953,1538,4,2018-03-01T13:30:03.559592,5000,0.0,0.0,0.0,5000,0,0,False,False,16
gnn_ewc_replay,adwin,954,1540,4,2018-03-01T13:36:08.355775,5000,0.0,0.0,0.0,5000,0,0,False,False,16
gnn_ewc_replay,adwin,955,1541,4,2018-03-01T13:38:26.280661,5000,0.0,0.0,0.0,5000,0,0,False,False,16
gnn_ewc_replay,adwin,956,1543,4,2018-03-01T13:43:47.341437,5000,0.0,0.0,0.0,5000,0,0,False,False,16
gnn_ewc_replay,adwin,957,1544,4,2018-03-01T13:46:06.884226,5000,0.0002,0.0002,0.0,4999,1,0,False,False,16
gnn_ewc_replay,adwin,958,1545,4,2018-03-01T13:48:20.769235,5000,0.0,0.0,0.0,5000,0,0,False,False,16
gnn_ewc_replay,adwin,959,1547,4,2018-03-01T13:53:26.821215,5000,0.0,0.0,0.0,5000,0,0,False,False,16
gnn_ewc_replay,adwin,960,1548,4,2018-03-01T13:55:45.639117,5000,0.0002,0.0002,0.0002,5000,0,0,False,False,16
gnn_ewc_replay,adwin,961,1550,4,2018-03-01T14:00:59.495517,5000,0.0004,0.0004,0.0,4997,2,1,False,False,16
gnn_ewc_replay,adwin,962,1551,4,2018-03-01T14:03:36.758885,5000,0.0,0.0,0.0,5000,0,0,False,False,16
gnn_ewc_replay,adwin,963,1553,4,2018-03-01T14:09:13.280536,5000,0.0004,0.0004,0.0018,4993,7,0,False,False,16
gnn_ewc_replay,adwin,964,1554,4,2018-03-01T14:12:25.287294,5000,0.0,0.0,0.0692,4654,345,1,False,False,16
gnn_ewc_replay,adwin,965,1555,4,2018-03-01T14:14:34.150013,5000,0.0004,0.0004,0.0086,4955,45,0,False,False,16
gnn_ewc_replay,adwin,966,1557,4,2018-03-01T14:19:01.658610,5000,0.0,0.0,0.0064,4968,32,0,False,False,16
gnn_ewc_replay,adwin,967,1558,4,2018-03-01T14:21:34.089448,5000,0.0668,0.0668,0.0668,5000,0,0,True,True,17
gnn_ewc_replay,adwin,968,1560,4,2018-03-01T14:26:14.929685,5000,0.0018,0.0018,0.125,4366,634,0,True,False,17
gnn_ewc_replay,adwin,969,1561,4,2018-03-01T14:28:22.228934,5000,0.001,0.001,0.001,4990,10,0,False,False,17
gnn_ewc_replay,adwin,970,1563,4,2018-03-01T14:33:19.506772,5000,0.001,0.001,0.0002,4996,3,1,False,False,17
gnn_ewc_replay,adwin,971,1564,4,2018-03-01T14:35:54.318348,5000,0.002,0.002,0.0046,4967,33,0,False,False,17
gnn_ewc_replay,adwin,972,1565,4,2018-03-01T14:38:41.827852,5000,0.0028,0.0028,0.0646,4663,334,3,False,False,17
gnn_ewc_replay,adwin,973,1567,4,2018-03-01T14:44:07.900224,5000,0.0006,0.0006,0.0036,4979,21,0,False,False,17
gnn_ewc_replay,adwin,974,1568,4,2018-03-01T14:46:13.674041,5000,0.0018,0.0018,0.0656,4663,337,0,False,False,17
gnn_ewc_replay,adwin,975,1570,4,2018-03-01T14:50:48.492067,5000,0.0012,0.0012,0.1212,4387,610,3,False,False,17
gnn_ewc_replay,adwin,976,1571,4,2018-03-01T14:53:21.014744,5000,0.0006,0.0006,0.0048,4972,27,1,False,False,17
gnn_ewc_replay,adwin,977,1573,4,2018-03-01T14:58:30.050328,5000,0.0006,0.0006,0.0002,4998,2,0,False,False,17
gnn_ewc_replay,adwin,978,1574,4,2018-03-01T15:01:13.539752,5000,0.001,0.001,0.0,4995,5,0,False,False,17
gnn_ewc_replay,adwin,979,1575,4,2018-03-01T15:03:42.167073,5000,0.0006,0.0006,0.0,4997,3,0,False,False,17
gnn_ewc_replay,adwin,980,1577,4,2018-03-01T15:09:27.919316,5000,0.0012,0.0012,0.0,4994,6,0,False,False,17
gnn_ewc_replay,adwin,981,1578,4,2018-03-01T15:12:01.136952,5000,0.0016,0.0016,0.0,4992,8,0,False,False,17
gnn_ewc_replay,adwin,982,1580,4,2018-03-01T15:16:58.700686,5000,0.0018,0.0018,0.0,4991,6,3,False,False,17
gnn_ewc_replay,adwin,983,1581,4,2018-03-01T15:19:38.110667,5000,0.0006,0.0006,0.0,4997,3,0,False,False,17
gnn_ewc_replay,adwin,984,1583,4,2018-03-01T15:25:01.905960,5000,0.0006,0.0006,0.0,4997,3,0,False,False,17
gnn_ewc_replay,adwin,985,1584,4,2018-03-01T15:27:58.491446,5000,0.001,0.001,0.0002,4996,3,1,False,False,17
gnn_ewc_replay,adwin,986,1585,4,2018-03-01T15:30:27.858661,5000,0.0008,0.0008,0.0,4996,4,0,False,False,17
gnn_ewc_replay,adwin,987,1587,4,2018-03-01T15:36:10.787942,5000,0.0016,0.0016,0.0,4992,8,0,False,False,17
gnn_ewc_replay,adwin,988,1588,4,2018-03-01T15:39:17.159627,5000,0.0006,0.0006,0.0,4997,3,0,False,False,17
gnn_ewc_replay,adwin,989,1590,4,2018-03-01T15:44:44.780646,5000,0.0002,0.0002,0.0,4999,1,0,False,False,17
gnn_ewc_replay,adwin,990,1591,4,2018-03-01T15:47:04.636021,5000,0.001,0.001,0.0,4995,4,1,False,False,17
gnn_ewc_replay,adwin,991,1593,4,2018-03-01T15:52:15.300667,5000,0.0006,0.0006,0.0,4997,3,0,False,False,17
gnn_ewc_replay,adwin,992,1594,4,2018-03-01T15:55:04.185327,5000,0.0008,0.0008,0.0,4995,4,1,False,False,17
gnn_ewc_replay,adwin,993,1595,4,2018-03-01T15:58:08.209089,5000,0.0006,0.0006,0.0002,4997,2,1,False,False,17
gnn_ewc_replay,adwin,994,1597,4,2018-03-01T16:04:26.948584,5000,0.0012,0.0012,0.0,4994,6,0,False,False,17
gnn_ewc_replay,adwin,995,1598,4,2018-03-01T16:08:04.358728,5000,0.0012,0.0012,0.0002,4995,5,0,False,False,17
gnn_ewc_replay,adwin,996,1600,4,2018-03-01T16:15:41.894407,5000,0.0012,0.0012,0.0,4994,6,0,False,False,17
gnn_ewc_replay,adwin,997,1601,4,2018-03-01T16:19:13.044189,5000,0.0012,0.0012,0.0,4993,6,1,False,False,17
gnn_ewc_replay,adwin,998,1603,4,2018-03-01T16:26:28.629214,5000,0.0026,0.0026,0.0,4981,13,6,False,False,17
gnn_ewc_replay,adwin,999,1604,4,2018-03-01T16:29:20.283460,5000,0.0012,0.0012,0.0,4994,6,0,False,False,17
gnn_ewc_replay,adwin,1000,1605,4,2018-03-01T16:32:49.813418,5000,0.0018,0.0018,0.0002,4990,7,3,False,False,17
gnn_ewc_replay,adwin,1001,1607,4,2018-03-01T16:41:01.523699,5000,0.0024,0.0024,0.0,4986,12,2,False,False,17
gnn_ewc_replay,adwin,1002,1608,4,2018-03-01T16:44:57.367559,5000,0.0016,0.0016,0.0,4992,8,0,False,False,17
gnn_ewc_replay,adwin,1003,1610,4,2018-03-01T16:52:08.156667,5000,0.0014,0.0014,0.0,4993,6,1,False,False,17
gnn_ewc_replay,adwin,1004,1611,4,2018-03-01T16:55:18.186328,5000,0.001,0.001,0.0,4995,5,0,False,False,17
gnn_ewc_replay,adwin,1005,1613,4,2018-03-01T17:02:03.357739,5000,0.0012,0.0012,0.0,4994,6,0,False,False,17
gnn_ewc_replay,adwin,1006,1614,4,2018-03-01T17:05:47.392038,5000,0.0006,0.0006,0.0,4997,3,0,False,False,17
gnn_ewc_replay,adwin,1007,1615,4,2018-03-01T17:08:53.938579,5000,0.0012,0.0012,0.0,4994,6,0,False,False,17
gnn_ewc_replay,adwin,1008,1617,4,2018-03-01T17:15:22.519975,5000,0.0008,0.0008,0.0,4994,4,2,False,False,17
gnn_ewc_replay,adwin,1009,1618,4,2018-03-01T17:18:05.099486,5000,0.0006,0.0006,0.0,4997,3,0,False,False,17
gnn_ewc_replay,adwin,1010,1620,4,2018-03-01T17:24:10.081500,5000,0.0004,0.0004,0.0,4998,1,1,False,False,17
gnn_ewc_replay,adwin,1011,1621,4,2018-03-01T17:26:48.371694,5000,0.001,0.001,0.0,4995,5,0,False,False,17
gnn_ewc_replay,adwin,1012,1623,4,2018-03-01T17:33:13.999588,5000,0.0012,0.0012,0.0002,4995,5,0,False,False,17
gnn_ewc_replay,adwin,1013,1624,4,2018-03-01T17:36:12.343514,5000,0.0012,0.0012,0.0,4993,6,1,False,False,17
gnn_ewc_replay,adwin,1014,1625,4,2018-03-01T17:38:40.668586,5000,0.0012,0.0012,0.0,4994,5,1,False,False,17
gnn_ewc_replay,adwin,1015,1627,4,2018-03-01T17:43:18.146886,5000,0.0024,0.0024,0.0,4983,11,6,False,False,17
gnn_ewc_replay,adwin,1016,1628,4,2018-03-01T17:45:47.673065,5000,0.0008,0.0008,0.0,4996,4,0,False,False,17
gnn_ewc_replay,adwin,1017,1630,4,2018-03-01T17:50:44.426499,5000,0.0012,0.0012,0.0,4994,6,0,False,False,17
gnn_ewc_replay,adwin,1018,1631,4,2018-03-01T17:53:30.857262,5000,0.0004,0.0004,0.0,4998,1,1,False,False,17
gnn_ewc_replay,adwin,1019,1633,4,2018-03-01T17:58:37.707318,5000,0.0002,0.0002,0.0,4999,1,0,False,False,17
gnn_ewc_replay,adwin,1020,1634,4,2018-03-01T18:01:12.348098,5000,0.0006,0.0006,0.0,4997,3,0,False,False,17
gnn_ewc_replay,adwin,1021,1635,4,2018-03-01T18:03:41.751971,5000,0.0006,0.0006,0.0,4997,3,0,False,False,17
gnn_ewc_replay,adwin,1022,1637,4,2018-03-01T18:08:36.395425,5000,0.0004,0.0004,0.0,4998,2,0,False,False,17
gnn_ewc_replay,adwin,1023,1638,4,2018-03-01T18:11:00.830699,5000,0.0034,0.0034,0.0002,4982,3,15,True,True,18
gnn_ewc_replay,adwin,1024,1640,4,2018-03-01T18:16:21.522827,5000,0.0,0.0,0.0,5000,0,0,False,False,18
gnn_ewc_replay,adwin,1025,1641,4,2018-03-01T18:19:11.575269,5000,0.0002,0.0002,0.0,4999,1,0,False,False,18
gnn_ewc_replay,adwin,1026,1643,4,2018-03-01T18:24:44.573248,5000,0.001,0.001,0.0026,4989,8,3,False,False,18
gnn_ewc_replay,adwin,1027,1644,4,2018-03-01T18:27:41.561447,5000,0.0068,0.0068,0.0068,4929,60,11,True,False,18
gnn_ewc_replay,adwin,1028,1645,4,2018-03-01T18:30:13.910260,5000,0.003,0.003,0.0678,4646,354,0,False,False,18
gnn_ewc_replay,adwin,1029,1647,4,2018-03-01T18:34:58.069725,5000,0.0,0.0,0.0062,4969,31,0,False,False,18
gnn_ewc_replay,adwin,1030,1648,4,2018-03-01T18:37:50.883129,5000,0.0002,0.0002,0.1332,4332,667,1,False,False,18
gnn_ewc_replay,adwin,1031,1650,4,2018-03-01T18:42:28.959660,5000,0.0,0.0,0.0046,4977,23,0,True,False,18
gnn_ewc_replay,adwin,1032,1651,4,2018-03-01T18:45:30.722511,5000,0.0002,0.0002,0.0028,4985,14,1,False,False,18
gnn_ewc_replay,adwin,1033,1653,4,2018-03-01T18:51:32.112280,5000,0.0,0.0,0.0,5000,0,0,False,False,18
gnn_ewc_replay,adwin,1034,1654,4,2018-03-01T18:54:29.680067,5000,0.0002,0.0002,0.0002,5000,0,0,False,False,18
gnn_ewc_replay,adwin,1035,1655,4,2018-03-01T18:57:18.370140,5000,0.0002,0.0002,0.0002,5000,0,0,False,False,18
gnn_ewc_replay,adwin,1036,1657,4,2018-03-01T19:02:13.523563,5000,0.0018,0.0018,0.0,4990,8,2,False,False,18
gnn_ewc_replay,adwin,1037,1658,4,2018-03-01T19:04:39.830265,5000,0.0,0.0,0.0,5000,0,0,False,False,18
gnn_ewc_replay,adwin,1038,1660,4,2018-03-01T19:10:10.227017,5000,0.0002,0.0002,0.0,4999,1,0,False,False,18
gnn_ewc_replay,adwin,1039,1661,4,2018-03-01T19:12:43.294289,5000,0.0,0.0,0.0,5000,0,0,False,False,18
gnn_ewc_replay,adwin,1040,1663,4,2018-03-01T19:18:06.538080,5000,0.0006,0.0006,0.001,4998,2,0,False,False,18
gnn_ewc_replay,adwin,1041,1664,4,2018-03-01T19:21:06.010794,5000,0.0002,0.0002,0.0024,4987,13,0,False,False,18
gnn_ewc_replay,adwin,1042,1665,4,2018-03-01T19:24:18.791768,5000,0.0002,0.0002,0.005,4972,26,2,False,False,18
gnn_ewc_replay,adwin,1043,1667,4,2018-03-01T19:29:18.215892,5000,0.0,0.0,0.0062,4969,31,0,False,False,18
gnn_ewc_replay,adwin,1044,1668,4,2018-03-01T19:31:56.186918,5000,0.0,0.0,0.0058,4971,29,0,False,False,18
gnn_ewc_replay,adwin,1045,1670,4,2018-03-01T19:37:37.902546,5000,0.0006,0.0006,0.0004,4998,1,1,False,False,18
gnn_ewc_replay,adwin,1046,1671,4,2018-03-01T19:40:37.657394,5000,0.0,0.0,0.0,4998,0,2,False,False,18
gnn_ewc_replay,adwin,1047,1673,4,2018-03-01T19:46:05.303230,5000,0.0004,0.0004,0.0,4998,2,0,False,False,18
gnn_ewc_replay,adwin,1048,1674,4,2018-03-01T19:48:56.380285,5000,0.0018,0.0018,0.0,4990,8,2,False,False,18
gnn_ewc_replay,adwin,1049,1675,4,2018-03-01T19:52:00.307188,5000,0.0002,0.0002,0.0,4998,1,1,False,False,18
gnn_ewc_replay,adwin,1050,1677,4,2018-03-01T19:57:46.760246,5000,0.0,0.0,0.0,5000,0,0,False,False,18
gnn_ewc_replay,adwin,1051,1678,4,2018-03-01T20:00:19.885005,5000,0.0002,0.0002,0.0,4999,1,0,False,False,18
gnn_ewc_replay,adwin,1052,1680,4,2018-03-01T20:05:49.191560,5000,0.0002,0.0002,0.0,4999,1,0,False,False,18
gnn_ewc_replay,adwin,1053,1681,4,2018-03-01T20:08:34.609206,5000,0.0002,0.0002,0.0,4999,1,0,False,False,18
gnn_ewc_replay,adwin,1054,1683,4,2018-03-01T20:14:16.648573,5000,0.005,0.005,0.0,4967,22,11,True,True,19
gnn_ewc_replay,adwin,1055,1684,4,2018-03-01T20:17:09.814968,5000,0.0002,0.0002,0.0,4999,1,0,False,False,19
gnn_ewc_replay,adwin,1056,1685,4,2018-03-01T20:20:21.832141,5000,0.0024,0.0024,0.0,4986,11,3,False,False,19
gnn_ewc_replay,adwin,1057,1687,4,2018-03-01T20:26:20.749782,5000,0.0034,0.0034,0.0,4980,15,5,False,False,19
gnn_ewc_replay,adwin,1058,1688,4,2018-03-01T20:28:57.131580,5000,0.0,0.0,0.0,5000,0,0,False,False,19
gnn_ewc_replay,adwin,1059,1690,4,2018-03-01T20:34:16.402648,5000,0.0,0.0,0.0,5000,0,0,False,False,19
gnn_ewc_replay,adwin,1060,1691,4,2018-03-01T20:37:03.368126,5000,0.0,0.0,0.0,5000,0,0,False,False,19
gnn_ewc_replay,adwin,1061,1693,4,2018-03-01T20:42:40.210239,5000,0.0,0.0,0.0,5000,0,0,True,False,19
gnn_ewc_replay,adwin,1062,1694,4,2018-03-01T20:45:22.988289,5000,0.0,0.0,0.0,5000,0,0,False,False,19
gnn_ewc_replay,adwin,1063,1695,4,2018-03-01T20:48:36.311880,5000,0.0,0.0,0.0,5000,0,0,False,False,19
gnn_ewc_replay,adwin,1064,1697,4,2018-03-01T20:54:25.443243,5000,0.0,0.0,0.0,5000,0,0,False,False,19
gnn_ewc_replay,adwin,1065,1698,4,2018-03-01T20:57:12.957229,5000,0.0,0.0,0.0,5000,0,0,False,False,19
gnn_ewc_replay,adwin,1066,1700,4,2018-03-01T21:02:39.490159,5000,0.0,0.0,0.0,5000,0,0,False,False,19
gnn_ewc_replay,adwin,1067,1701,4,2018-03-01T21:06:12.223803,5000,0.0,0.0,0.0,5000,0,0,False,False,19
gnn_ewc_replay,adwin,1068,1703,4,2018-03-01T21:14:39.841850,5000,0.0,0.0,0.0,5000,0,0,False,False,19
gnn_ewc_replay,adwin,1069,1704,4,2018-03-01T21:18:58.955179,5000,0.0,0.0,0.0,5000,0,0,False,False,19
gnn_ewc_replay,adwin,1070,1705,4,2018-03-01T21:23:28.699123,5000,0.0002,0.0002,0.0,4999,0,1,False,False,19
gnn_ewc_replay,adwin,1071,1707,4,2018-03-01T21:41:32.691354,3203,0.0,0.0,0.0,3203,0,0,False,False,19
gnn_ewc_replay,adwin,1072,1708,5,2018-03-02T12:46:22.317145,5000,0.0002,0.0002,0.0,4999,0,1,False,False,19
gnn_ewc_replay,adwin,1073,1709,5,2018-03-02T12:47:36.499503,5000,0.0,0.0,0.0,5000,0,0,False,False,19
gnn_ewc_replay,adwin,1074,1711,5,2018-03-02T12:52:36.584883,5000,0.0,0.0,0.0,5000,0,0,False,False,19
gnn_ewc_replay,adwin,1075,1712,5,2018-03-02T12:55:19.390202,5000,0.0,0.0,0.0,5000,0,0,False,False,19
gnn_ewc_replay,adwin,1076,1714,5,2018-03-02T13:00:29.758855,5000,0.0,0.0,0.0,5000,0,0,False,False,19
gnn_ewc_replay,adwin,1077,1715,5,2018-03-02T13:03:08.609046,5000,0.0,0.0,0.0,5000,0,0,False,False,19
gnn_ewc_replay,adwin,1078,1717,5,2018-03-02T13:09:17.357015,5000,0.0,0.0,0.0,5000,0,0,False,False,19
gnn_ewc_replay,adwin,1079,1718,5,2018-03-02T13:12:21.583784,5000,0.0,0.0,0.0,5000,0,0,False,False,19
gnn_ewc_replay,adwin,1080,1719,5,2018-03-02T13:14:45.899218,5000,0.0,0.0,0.0,5000,0,0,False,False,19
gnn_ewc_replay,adwin,1081,1721,5,2018-03-02T13:20:11.711197,5000,0.0,0.0,0.0,5000,0,0,False,False,19
gnn_ewc_replay,adwin,1082,1722,5,2018-03-02T13:22:58.824595,5000,0.0,0.0,0.0,5000,0,0,False,False,19
gnn_ewc_replay,adwin,1083,1724,5,2018-03-02T13:28:43.393310,5000,0.0,0.0,0.0,4999,0,1,False,False,19
gnn_ewc_replay,adwin,1084,1725,5,2018-03-02T13:32:03.276485,5000,0.0,0.0,0.0,5000,0,0,False,False,19
gnn_ewc_replay,adwin,1085,1727,5,2018-03-02T13:37:51.404348,5000,0.0,0.0,0.0,5000,0,0,False,False,19
gnn_ewc_replay,adwin,1086,1728,5,2018-03-02T13:40:46.678532,5000,0.0,0.0,0.0,5000,0,0,False,False,19
gnn_ewc_replay,adwin,1087,1729,5,2018-03-02T13:42:57.056700,5000,0.0002,0.0002,0.0,4998,1,1,False,False,19
gnn_ewc_replay,adwin,1088,1731,5,2018-03-02T13:47:54.132284,5000,0.0,0.0,0.0,5000,0,0,False,False,19
gnn_ewc_replay,adwin,1089,1732,5,2018-03-02T13:49:49.112030,5000,0.0002,0.0002,0.0,4999,1,0,False,False,19
gnn_ewc_replay,adwin,1090,1734,5,2018-03-02T13:54:42.985786,5000,0.0,0.0,0.0,5000,0,0,False,False,19
gnn_ewc_replay,adwin,1091,1735,5,2018-03-02T13:57:13.861823,5000,0.0,0.0,0.0,5000,0,0,False,False,19
gnn_ewc_replay,adwin,1092,1737,5,2018-03-02T14:02:21.812038,5000,0.0002,0.0002,0.0,4999,1,0,False,False,19
gnn_ewc_replay,adwin,1093,1738,5,2018-03-02T14:05:10.386948,5000,0.0,0.0,0.0,5000,0,0,False,False,19
gnn_ewc_replay,adwin,1094,1739,5,2018-03-02T14:08:05.591211,5000,0.0,0.0,0.0,5000,0,0,False,False,19
gnn_ewc_replay,adwin,1095,1741,5,2018-03-02T14:14:21.355369,5000,0.002,0.002,0.002,5000,0,0,True,True,20
gnn_ewc_replay,adwin,1096,1742,5,2018-03-02T14:17:07.610670,5000,0.0042,0.0042,0.0042,5000,0,0,False,False,20
gnn_ewc_replay,adwin,1097,1744,5,2018-03-02T14:22:09.547822,5000,0.008,0.008,0.008,5000,0,0,False,False,20
gnn_ewc_replay,adwin,1098,1745,5,2018-03-02T14:25:20.862348,5000,0.0,0.0,0.008,4960,40,0,False,False,20
gnn_ewc_replay,adwin,1099,1747,5,2018-03-02T14:31:14.452065,5000,0.0018,0.0018,0.0138,4931,69,0,False,False,20
gnn_ewc_replay,adwin,1100,1748,5,2018-03-02T14:34:36.973531,5000,0.006,0.006,0.0108,4967,1,32,False,False,20
gnn_ewc_replay,adwin,1101,1749,5,2018-03-02T14:36:55.869038,5000,0.0018,0.0018,0.0194,4903,97,0,False,False,20
gnn_ewc_replay,adwin,1102,1751,5,2018-03-02T14:42:32.113551,5000,0.005,0.005,0.0396,4802,183,15,True,True,21
gnn_ewc_replay,adwin,1103,1752,5,2018-03-02T14:45:24.533147,5000,0.0,0.0,0.082,4590,410,0,False,False,21
gnn_ewc_replay,adwin,1104,1754,5,2018-03-02T14:49:44.295175,5000,0.0,0.0,0.0458,4771,229,0,False,False,21
gnn_ewc_replay,adwin,1105,1755,5,2018-03-02T14:52:11.810166,5000,0.0,0.0,0.0256,4872,128,0,False,False,21
gnn_ewc_replay,adwin,1106,1757,5,2018-03-02T14:57:34.141644,5000,0.0,0.0,0.0266,4867,133,0,False,False,21
gnn_ewc_replay,adwin,1107,1758,5,2018-03-02T15:00:29.541355,5000,0.0,0.0,0.0204,4898,102,0,False,False,21
gnn_ewc_replay,adwin,1108,1759,5,2018-03-02T15:02:29.652686,5000,0.0002,0.0002,0.0292,4853,147,0,False,False,21
gnn_ewc_replay,adwin,1109,1761,5,2018-03-02T15:07:40.295450,5000,0.0,0.0,0.092,4540,460,0,False,False,21
gnn_ewc_replay,adwin,1110,1762,5,2018-03-02T15:10:28.984092,5000,0.0004,0.0004,0.0812,4593,407,0,False,False,21
gnn_ewc_replay,adwin,1111,1764,5,2018-03-02T15:15:15.325340,5000,0.0002,0.0002,0.0702,4649,350,1,False,False,21
gnn_ewc_replay,adwin,1112,1765,5,2018-03-02T15:17:01.586472,5000,0.0,0.0,0.0868,4566,434,0,False,False,21
gnn_ewc_replay,adwin,1113,1767,5,2018-03-02T15:21:11.681216,5000,0.0,0.0,0.088,4560,440,0,False,False,21
gnn_ewc_replay,adwin,1114,1768,5,2018-03-02T15:23:39.212158,5000,0.0,0.0,0.1032,4483,516,1,False,False,21
gnn_ewc_replay,adwin,1115,1769,5,2018-03-02T15:26:34.607640,5000,0.0,0.0,0.0852,4573,426,1,False,False,21
gnn_ewc_replay,adwin,1116,1771,5,2018-03-02T15:30:48.940802,5000,0.0,0.0,0.1008,4496,504,0,False,False,21
gnn_ewc_replay,adwin,1117,1772,5,2018-03-02T15:33:23.996093,5000,0.0002,0.0002,0.0882,4559,441,0,False,False,21
gnn_ewc_replay,adwin,1118,1774,5,2018-03-02T15:38:56.809322,5000,0.0,0.0,0.0254,4873,127,0,False,False,21
gnn_ewc_replay,adwin,1119,1775,5,2018-03-02T15:42:07.705764,5000,0.0,0.0,0.0184,4908,92,0,False,False,21
gnn_ewc_replay,adwin,1120,1777,5,2018-03-02T15:46:59.866441,5000,0.0,0.0,0.0194,4903,97,0,False,False,21
gnn_ewc_replay,adwin,1121,1778,5,2018-03-02T15:49:30.907015,5000,0.0,0.0,0.0204,4898,102,0,False,False,21
gnn_ewc_replay,adwin,1122,1779,5,2018-03-02T15:52:03.941287,5000,0.0,0.0,0.0246,4877,123,0,False,False,21
gnn_ewc_replay,adwin,1123,1781,5,2018-03-02T15:57:32.214931,5000,0.0004,0.0004,0.0276,4860,140,0,False,False,21
gnn_ewc_replay,adwin,1124,1782,5,2018-03-02T16:00:14.834751,5000,0.0,0.0,0.022,4890,110,0,False,False,21
gnn_ewc_replay,adwin,1125,1784,5,2018-03-02T16:06:16.251849,5000,0.0,0.0,0.0288,4856,144,0,False,False,21
gnn_ewc_replay,adwin,1126,1785,5,2018-03-02T16:09:49.796878,5000,0.0038,0.0038,0.028,4873,125,2,True,True,22
gnn_ewc_replay,adwin,1127,1787,5,2018-03-02T16:16:44.110568,5000,0.0,0.0,0.0286,4857,143,0,False,False,22
gnn_ewc_replay,adwin,1128,1788,5,2018-03-02T16:19:53.700602,5000,0.0,0.0,0.0236,4882,118,0,False,False,22
gnn_ewc_replay,adwin,1129,1789,5,2018-03-02T16:23:09.110800,5000,0.0004,0.0004,0.0254,4871,128,1,False,False,22
gnn_ewc_replay,adwin,1130,1791,5,2018-03-02T16:29:31.469714,5000,0.0,0.0,0.0218,4891,109,0,False,False,22
gnn_ewc_replay,adwin,1131,1792,5,2018-03-02T16:32:19.139474,5000,0.0006,0.0006,0.0318,4838,160,2,False,False,22
gnn_ewc_replay,adwin,1132,1794,5,2018-03-02T16:40:21.310190,5000,0.005,0.005,0.0298,4826,168,6,True,True,23
gnn_ewc_replay,adwin,1133,1795,5,2018-03-02T16:44:05.186222,5000,0.0,0.0,0.0254,4873,127,0,False,False,23
gnn_ewc_replay,adwin,1134,1797,5,2018-03-02T16:50:40.378543,5000,0.0,0.0,0.0264,4868,132,0,False,False,23
gnn_ewc_replay,adwin,1135,1798,5,2018-03-02T16:53:54.049860,5000,0.0,0.0,0.0286,4857,143,0,False,False,23
gnn_ewc_replay,adwin,1136,1799,5,2018-03-02T16:57:07.799647,5000,0.0,0.0,0.0184,4908,92,0,True,False,23
gnn_ewc_replay,adwin,1137,1801,5,2018-03-02T17:03:38.871557,5000,0.0,0.0,0.0298,4851,149,0,False,False,23
gnn_ewc_replay,adwin,1138,1802,5,2018-03-02T17:07:28.584421,5000,0.0,0.0,0.0298,4851,149,0,False,False,23
gnn_ewc_replay,adwin,1139,1804,5,2018-03-02T17:13:37.942539,5000,0.0,0.0,0.0266,4867,133,0,False,False,23
gnn_ewc_replay,adwin,1140,1805,5,2018-03-02T17:16:50.423856,5000,0.0,0.0,0.0254,4873,127,0,False,False,23
gnn_ewc_replay,adwin,1141,1807,5,2018-03-02T17:22:59.650664,5000,0.0,0.0,0.0236,4882,118,0,False,False,23
gnn_ewc_replay,adwin,1142,1808,5,2018-03-02T17:25:51.492516,5000,0.0,0.0,0.0192,4904,96,0,False,False,23
gnn_ewc_replay,adwin,1143,1809,5,2018-03-02T17:28:17.031496,5000,0.0,0.0,0.0194,4903,97,0,False,False,23
gnn_ewc_replay,adwin,1144,1811,5,2018-03-02T17:33:11.803515,5000,0.0,0.0,0.0218,4891,109,0,False,False,23
gnn_ewc_replay,adwin,1145,1812,5,2018-03-02T17:35:57.026588,5000,0.0,0.0,0.0192,4904,96,0,False,False,23
gnn_ewc_replay,adwin,1146,1814,5,2018-03-02T17:40:39.863670,5000,0.0,0.0,0.0224,4888,112,0,False,False,23
gnn_ewc_replay,adwin,1147,1815,5,2018-03-02T17:43:08.146983,5000,0.0,0.0,0.0224,4888,112,0,False,False,23
gnn_ewc_replay,adwin,1148,1817,5,2018-03-02T17:48:15.082408,5000,0.0,0.0,0.0204,4898,102,0,False,False,23
gnn_ewc_replay,adwin,1149,1818,5,2018-03-02T17:51:00.668453,5000,0.0,0.0,0.02,4900,100,0,False,False,23
gnn_ewc_replay,adwin,1150,1819,5,2018-03-02T17:53:37.847796,5000,0.0,0.0,0.024,4880,120,0,False,False,23
gnn_ewc_replay,adwin,1151,1821,5,2018-03-02T17:58:42.614550,5000,0.0,0.0,0.0192,4904,96,0,False,False,23
gnn_ewc_replay,adwin,1152,1822,5,2018-03-02T18:01:24.120953,5000,0.0,0.0,0.0206,4897,103,0,False,False,23
gnn_ewc_replay,adwin,1153,1824,5,2018-03-02T18:06:36.146020,5000,0.0,0.0,0.019,4905,95,0,False,False,23
gnn_ewc_replay,adwin,1154,1825,5,2018-03-02T18:09:21.870157,5000,0.0,0.0,0.0212,4894,106,0,False,False,23
gnn_ewc_replay,adwin,1155,1827,5,2018-03-02T18:14:54.563419,5000,0.0,0.0,0.023,4885,115,0,False,False,23
gnn_ewc_replay,adwin,1156,1828,5,2018-03-02T18:17:30.731893,5000,0.0,0.0,0.0226,4887,113,0,False,False,23
gnn_ewc_replay,adwin,1157,1829,5,2018-03-02T18:20:20.948015,5000,0.0,0.0,0.0218,4891,109,0,False,False,23
gnn_ewc_replay,adwin,1158,1831,5,2018-03-02T18:25:39.847590,5000,0.0,0.0,0.093,4535,465,0,False,False,23
gnn_ewc_replay,adwin,1159,1832,5,2018-03-02T18:28:25.923594,5000,0.0,0.0,0.0466,4767,233,0,False,False,23
gnn_ewc_replay,adwin,1160,1834,5,2018-03-02T18:33:56.359075,5000,0.0,0.0,0.0234,4883,117,0,False,False,23
gnn_ewc_replay,adwin,1161,1835,5,2018-03-02T18:36:47.869863,5000,0.0,0.0,0.0228,4886,114,0,False,False,23
gnn_ewc_replay,adwin,1162,1837,5,2018-03-02T18:42:09.067760,5000,0.0,0.0,0.0222,4889,111,0,False,False,23
gnn_ewc_replay,adwin,1163,1838,5,2018-03-02T18:44:58.586059,5000,0.0,0.0,0.0188,4906,94,0,False,False,23
gnn_ewc_replay,adwin,1164,1839,5,2018-03-02T18:47:37.637183,5000,0.0,0.0,0.0212,4894,106,0,False,False,23
gnn_ewc_replay,adwin,1165,1841,5,2018-03-02T18:53:28.188217,5000,0.0,0.0,0.0214,4893,107,0,False,False,23
gnn_ewc_replay,adwin,1166,1842,5,2018-03-02T18:56:08.467204,5000,0.0,0.0,0.0228,4886,114,0,False,False,23
gnn_ewc_replay,adwin,1167,1844,5,2018-03-02T19:01:12.658687,5000,0.0,0.0,0.022,4890,110,0,False,False,23
gnn_ewc_replay,adwin,1168,1845,5,2018-03-02T19:03:54.338772,5000,0.0,0.0,0.0194,4903,97,0,False,False,23
gnn_ewc_replay,adwin,1169,1847,5,2018-03-02T19:08:43.733795,5000,0.0,0.0,0.02,4900,100,0,False,False,23
gnn_ewc_replay,adwin,1170,1848,5,2018-03-02T19:11:15.209784,5000,0.0,0.0,0.0268,4866,134,0,False,False,23
gnn_ewc_replay,adwin,1171,1849,5,2018-03-02T19:14:10.256046,5000,0.0,0.0,0.0246,4877,123,0,False,False,23
gnn_ewc_replay,adwin,1172,1851,5,2018-03-02T19:19:59.269413,5000,0.0,0.0,0.0206,4896,103,1,False,False,23
gnn_ewc_replay,adwin,1173,1852,5,2018-03-02T19:22:46.725634,5000,0.0,0.0,0.023,4885,115,0,False,False,23
gnn_ewc_replay,adwin,1174,1854,5,2018-03-02T19:28:10.988598,5000,0.0,0.0,0.0204,4898,102,0,False,False,23
gnn_ewc_replay,adwin,1175,1855,5,2018-03-02T19:30:34.990015,5000,0.0,0.0,0.0714,4643,357,0,False,False,23
gnn_ewc_replay,adwin,1176,1857,5,2018-03-02T19:35:42.017177,5000,0.0,0.0,0.0784,4608,392,0,False,False,23
gnn_ewc_replay,adwin,1177,1858,5,2018-03-02T19:38:00.653563,5000,0.0,0.0,0.0932,4534,466,0,False,False,23
gnn_ewc_replay,adwin,1178,1859,5,2018-03-02T19:40:40.501583,5000,0.0,0.0,0.0798,4601,399,0,False,False,23
gnn_ewc_replay,adwin,1179,1861,5,2018-03-02T19:45:33.082444,5000,0.0,0.0,0.0892,4554,446,0,False,False,23
gnn_ewc_replay,adwin,1180,1862,5,2018-03-02T19:48:05.722391,5000,0.0,0.0,0.0818,4591,409,0,False,False,23
gnn_ewc_replay,adwin,1181,1864,5,2018-03-02T19:53:10.527917,5000,0.008,0.008,0.0202,4852,116,32,True,True,24
gnn_ewc_replay,adwin,1182,1865,5,2018-03-02T19:56:18.214532,5000,0.0,0.0,0.0,5000,0,0,False,False,24
gnn_ewc_replay,adwin,1183,1867,5,2018-03-02T20:01:18.615392,5000,0.0,0.0,0.0,5000,0,0,False,False,24
gnn_ewc_replay,adwin,1184,1868,5,2018-03-02T20:03:59.772911,5000,0.0,0.0,0.0,5000,0,0,False,False,24
gnn_ewc_replay,adwin,1185,1869,5,2018-03-02T20:06:50.223596,5000,0.0,0.0,0.0,5000,0,0,False,False,24
gnn_ewc_replay,adwin,1186,1871,5,2018-03-02T20:12:25.966255,5000,0.0,0.0,0.0,4999,0,1,False,False,24
gnn_ewc_replay,adwin,1187,1872,5,2018-03-02T20:15:24.906516,5000,0.0,0.0,0.0,5000,0,0,False,False,24
gnn_ewc_replay,adwin,1188,1874,5,2018-03-02T20:21:27.773148,5000,0.0,0.0,0.0,5000,0,0,False,False,24
gnn_ewc_replay,adwin,1189,1875,5,2018-03-02T20:24:15.526012,5000,0.0,0.0,0.0,5000,0,0,False,False,24
gnn_ewc_replay,adwin,1190,1877,5,2018-03-02T20:29:41.060156,5000,0.0,0.0,0.0,5000,0,0,False,False,24
gnn_ewc_replay,adwin,1191,1878,5,2018-03-02T20:32:22.331316,5000,0.0,0.0,0.0,5000,0,0,False,False,24
gnn_ewc_replay,adwin,1192,1879,5,2018-03-02T20:35:00.008266,5000,0.0,0.0,0.0,5000,0,0,False,False,24
gnn_ewc_replay,adwin,1193,1881,5,2018-03-02T20:40:45.387347,5000,0.0,0.0,0.0,5000,0,0,False,False,24
gnn_ewc_replay,adwin,1194,1882,5,2018-03-02T20:43:26.383496,5000,0.0,0.0,0.0,5000,0,0,False,False,24
gnn_ewc_replay,adwin,1195,1884,5,2018-03-02T20:48:56.407275,5000,0.0002,0.0002,0.0,4999,1,0,False,False,24
gnn_ewc_replay,adwin,1196,1885,5,2018-03-02T20:51:59.325817,5000,0.0,0.0,0.0,5000,0,0,False,False,24
gnn_ewc_replay,adwin,1197,1887,5,2018-03-02T20:57:45.855305,5000,0.0,0.0,0.0,5000,0,0,False,False,24
gnn_ewc_replay,adwin,1198,1888,5,2018-03-02T21:00:04.972693,5000,0.0,0.0,0.0,5000,0,0,False,False,24
gnn_ewc_replay,adwin,1199,1889,5,2018-03-02T21:02:58.566624,5000,0.0,0.0,0.0,5000,0,0,False,False,24
gnn_ewc_replay,adwin,1200,1891,5,2018-03-02T21:10:15.106866,5000,0.0,0.0,0.0,5000,0,0,False,False,24
gnn_ewc_replay,adwin,1201,1892,5,2018-03-02T21:14:09.697355,5000,0.0,0.0,0.0,5000,0,0,False,False,24
gnn_ewc_replay,adwin,1202,1894,5,2018-03-02T21:21:43.482734,5000,0.0,0.0,0.0,5000,0,0,False,False,24
gnn_ewc_replay,adwin,1203,1895,5,2018-03-02T21:26:22.615075,5000,0.0,0.0,0.0,5000,0,0,False,False,24
gnn_ewc_replay,adwin,1204,1897,5,2018-03-02T22:35:29.692173,1137,0.0,0.0,0.0,1137,0,0,False,False,24
gnn_ewc_replay,periodic,0,178,1,2018-02-15T12:23:17.590730,5000,0.0,0.0,0.0,5000,0,0,False,False,0
gnn_ewc_replay,periodic,1,179,1,2018-02-15T12:24:56.885568,5000,0.0,0.0,0.0,5000,0,0,False,False,0
gnn_ewc_replay,periodic,2,181,1,2018-02-15T12:31:09.676533,5000,0.0,0.0,0.0,5000,0,0,False,False,0
gnn_ewc_replay,periodic,3,182,1,2018-02-15T12:34:33.489996,5000,0.0,0.0,0.0,5000,0,0,False,False,0
gnn_ewc_replay,periodic,4,184,1,2018-02-15T12:41:12.914317,5000,0.0,0.0,0.0,5000,0,0,False,False,0
gnn_ewc_replay,periodic,5,185,1,2018-02-15T12:44:35.045407,5000,0.0,0.0,0.0,5000,0,0,False,False,0
gnn_ewc_replay,periodic,6,187,1,2018-02-15T12:52:00.343808,5000,0.0,0.0,0.0,5000,0,0,False,False,0
gnn_ewc_replay,periodic,7,188,1,2018-02-15T12:55:13.883946,5000,0.0,0.0,0.0,5000,0,0,False,False,0
gnn_ewc_replay,periodic,8,189,1,2018-02-15T12:58:25.758528,5000,0.0,0.0,0.0,5000,0,0,False,False,0
gnn_ewc_replay,periodic,9,191,1,2018-02-15T13:05:02.708568,5000,0.0,0.0,0.0,5000,0,0,False,False,0
gnn_ewc_replay,periodic,10,192,1,2018-02-15T13:08:44.408048,5000,0.0,0.0,0.0,5000,0,0,False,False,0
gnn_ewc_replay,periodic,11,194,1,2018-02-15T13:15:12.381714,5000,0.0,0.0,0.0,5000,0,0,False,False,0
gnn_ewc_replay,periodic,12,195,1,2018-02-15T13:18:14.277391,5000,0.0,0.0,0.0,5000,0,0,False,False,0
gnn_ewc_replay,periodic,13,197,1,2018-02-15T13:25:01.053176,5000,0.0096,0.0096,0.0096,5000,0,0,False,False,0
gnn_ewc_replay,periodic,14,198,1,2018-02-15T13:27:52.163823,5000,0.1474,0.1474,0.1474,5000,0,0,False,False,0
gnn_ewc_replay,periodic,15,199,1,2018-02-15T13:30:38.405035,5000,0.0262,0.0262,0.0262,5000,0,0,False,False,0
gnn_ewc_replay,periodic,16,201,1,2018-02-15T13:37:20.802767,5000,0.1094,0.1094,0.1094,5000,0,0,False,False,0
gnn_ewc_replay,periodic,17,202,1,2018-02-15T13:40:23.217663,5000,0.0094,0.0094,0.0094,5000,0,0,False,False,0
gnn_ewc_replay,periodic,18,204,1,2018-02-15T13:45:40.116507,5000,0.0,0.0,0.0,5000,0,0,False,False,0
gnn_ewc_replay,periodic,19,205,1,2018-02-15T13:49:01.619726,5000,0.1114,0.1114,0.1114,5000,0,0,False,False,0
gnn_ewc_replay,periodic,20,207,1,2018-02-15T13:53:53.370023,5000,0.1004,0.1004,0.1004,5000,0,0,False,False,0
gnn_ewc_replay,periodic,21,208,1,2018-02-15T13:56:02.625786,5000,0.0526,0.0526,0.0526,5000,0,0,False,False,0
gnn_ewc_replay,periodic,22,209,1,2018-02-15T13:58:40.849892,5000,0.0,0.0,0.0,5000,0,0,False,False,0
gnn_ewc_replay,periodic,23,211,1,2018-02-15T14:05:35.268811,5000,0.0,0.0,0.0,5000,0,0,False,False,0
gnn_ewc_replay,periodic,24,212,1,2018-02-15T14:09:20.378442,5000,0.0,0.0,0.0,5000,0,0,False,True,1
gnn_ewc_replay,periodic,25,214,1,2018-02-15T14:16:28.503726,5000,0.0002,0.0002,0.0,4999,1,0,False,False,1
gnn_ewc_replay,periodic,26,215,1,2018-02-15T14:20:31.927942,5000,0.0,0.0,0.0,5000,0,0,False,False,1
gnn_ewc_replay,periodic,27,217,1,2018-02-15T14:26:25.244375,5000,0.0,0.0,0.0,5000,0,0,False,False,1
gnn_ewc_replay,periodic,28,218,1,2018-02-15T14:29:35.824417,5000,0.0,0.0,0.0,5000,0,0,False,False,1
gnn_ewc_replay,periodic,29,219,1,2018-02-15T14:33:15.078803,5000,0.0,0.0,0.0,5000,0,0,False,False,1
gnn_ewc_replay,periodic,30,221,1,2018-02-15T14:40:05.904712,5000,0.0002,0.0002,0.0,4999,1,0,False,False,1
gnn_ewc_replay,periodic,31,222,1,2018-02-15T14:43:20.578050,5000,0.0,0.0,0.0,5000,0,0,False,False,1
gnn_ewc_replay,periodic,32,224,1,2018-02-15T14:49:58.408106,5000,0.0,0.0,0.0,5000,0,0,False,False,1
gnn_ewc_replay,periodic,33,225,1,2018-02-15T14:52:57.148539,5000,0.0,0.0,0.0,5000,0,0,False,False,1
gnn_ewc_replay,periodic,34,227,1,2018-02-15T14:58:49.520953,5000,0.0104,0.0104,0.0104,5000,0,0,False,False,1
gnn_ewc_replay,periodic,35,228,1,2018-02-15T15:01:35.503923,5000,0.0182,0.0182,0.0182,5000,0,0,False,False,1
gnn_ewc_replay,periodic,36,229,1,2018-02-15T15:04:53.594861,5000,0.0178,0.0178,0.0178,5000,0,0,False,False,1
gnn_ewc_replay,periodic,37,231,1,2018-02-15T15:10:43.113137,5000,0.014,0.014,0.014,5000,0,0,False,False,1
gnn_ewc_replay,periodic,38,232,1,2018-02-15T15:13:41.096189,5000,0.0166,0.0166,0.0166,5000,0,0,False,False,1
gnn_ewc_replay,periodic,39,234,1,2018-02-15T15:19:35.615625,5000,0.0162,0.0162,0.0162,5000,0,0,False,False,1
gnn_ewc_replay,periodic,40,235,1,2018-02-15T15:22:01.717726,5000,0.0162,0.0162,0.0162,5000,0,0,False,False,1
gnn_ewc_replay,periodic,41,237,1,2018-02-15T15:28:03.562400,5000,0.0146,0.0146,0.0146,5000,0,0,False,False,1
gnn_ewc_replay,periodic,42,238,1,2018-02-15T15:30:42.194109,5000,0.0224,0.0224,0.0218,4997,1,2,False,False,1
gnn_ewc_replay,periodic,43,239,1,2018-02-15T15:33:50.453519,5000,0.0194,0.0194,0.0194,5000,0,0,False,False,1
gnn_ewc_replay,periodic,44,241,1,2018-02-15T15:40:14.154779,5000,0.0042,0.0042,0.0072,4983,16,1,False,False,1
gnn_ewc_replay,periodic,45,242,1,2018-02-15T15:43:38.324572,5000,0.0,0.0,0.0,5000,0,0,False,False,1
gnn_ewc_replay,periodic,46,244,1,2018-02-15T15:49:34.849905,5000,0.0,0.0,0.0,5000,0,0,False,False,1
gnn_ewc_replay,periodic,47,245,1,2018-02-15T15:52:15.457567,5000,0.0,0.0,0.0,5000,0,0,False,False,1
gnn_ewc_replay,periodic,48,247,1,2018-02-15T15:58:36.122597,5000,0.0002,0.0002,0.0,4999,0,1,False,False,1
gnn_ewc_replay,periodic,49,248,1,2018-02-15T16:01:12.335738,5000,0.0004,0.0004,0.0,4998,2,0,False,True,2
gnn_ewc_replay,periodic,50,249,1,2018-02-15T16:05:09.163526,5000,0.0,0.0,0.0,5000,0,0,False,False,2
gnn_ewc_replay,periodic,51,251,1,2018-02-15T16:14:18.531154,5000,0.0002,0.0002,0.0,4999,1,0,False,False,2
gnn_ewc_replay,periodic,52,252,1,2018-02-15T16:18:17.690425,5000,0.0,0.0,0.0,5000,0,0,False,False,2
gnn_ewc_replay,periodic,53,254,1,2018-02-15T16:26:52.753234,5000,0.0,0.0,0.0,5000,0,0,False,False,2
gnn_ewc_replay,periodic,54,255,1,2018-02-15T16:29:35.703305,5000,0.0,0.0,0.0,5000,0,0,False,False,2
gnn_ewc_replay,periodic,55,257,1,2018-02-15T16:38:10.097487,5000,0.0,0.0,0.0,5000,0,0,False,False,2
gnn_ewc_replay,periodic,56,258,1,2018-02-15T16:45:00.570621,5000,0.0,0.0,0.0,5000,0,0,False,False,2
gnn_ewc_replay,periodic,57,259,1,2018-02-15T16:50:59.684793,5000,0.0,0.0,0.0,5000,0,0,False,False,2
gnn_ewc_replay,periodic,58,261,1,2018-02-15T17:00:24.898645,5000,0.0,0.0,0.0,5000,0,0,False,False,2
gnn_ewc_replay,periodic,59,262,1,2018-02-15T17:04:35.659972,5000,0.0,0.0,0.0,5000,0,0,False,False,2
gnn_ewc_replay,periodic,60,264,1,2018-02-15T17:12:38.569411,5000,0.0,0.0,0.0,5000,0,0,False,False,2
gnn_ewc_replay,periodic,61,265,1,2018-02-15T17:15:56.887529,5000,0.0,0.0,0.0,5000,0,0,False,False,2
gnn_ewc_replay,periodic,62,267,1,2018-02-15T17:23:13.044359,5000,0.0,0.0,0.0,5000,0,0,False,False,2
gnn_ewc_replay,periodic,63,268,1,2018-02-15T17:26:34.119062,5000,0.0,0.0,0.0,5000,0,0,False,False,2
gnn_ewc_replay,periodic,64,269,1,2018-02-15T17:30:03.499806,5000,0.0,0.0,0.0,5000,0,0,False,False,2
gnn_ewc_replay,periodic,65,271,1,2018-02-15T17:37:01.144978,5000,0.0,0.0,0.0,5000,0,0,False,False,2
gnn_ewc_replay,periodic,66,272,1,2018-02-15T17:40:27.152310,5000,0.0,0.0,0.0,5000,0,0,False,False,2
gnn_ewc_replay,periodic,67,274,1,2018-02-15T17:46:41.549807,5000,0.0,0.0,0.0,5000,0,0,False,False,2
gnn_ewc_replay,periodic,68,275,1,2018-02-15T17:49:38.735750,5000,0.0,0.0,0.0,5000,0,0,False,False,2
gnn_ewc_replay,periodic,69,277,1,2018-02-15T17:56:00.511056,5000,0.0,0.0,0.0,5000,0,0,False,False,2
gnn_ewc_replay,periodic,70,278,1,2018-02-15T17:59:19.885035,5000,0.0002,0.0002,0.0,4999,0,1,False,False,2
gnn_ewc_replay,periodic,71,279,1,2018-02-15T18:02:44.318022,5000,0.0002,0.0002,0.0,4999,1,0,False,False,2
gnn_ewc_replay,periodic,72,281,1,2018-02-15T18:09:41.150950,5000,0.0,0.0,0.0,5000,0,0,False,False,2
gnn_ewc_replay,periodic,73,282,1,2018-02-15T18:12:28.015107,5000,0.0,0.0,0.0,5000,0,0,False,False,2
gnn_ewc_replay,periodic,74,284,1,2018-02-15T18:18:23.038912,5000,0.0,0.0,0.0,5000,0,0,False,True,3
gnn_ewc_replay,periodic,75,285,1,2018-02-15T18:21:18.883558,5000,0.0,0.0,0.0,5000,0,0,False,False,3
gnn_ewc_replay,periodic,76,287,1,2018-02-15T18:27:53.451634,5000,0.0,0.0,0.0,5000,0,0,False,False,3
gnn_ewc_replay,periodic,77,288,1,2018-02-15T18:31:00.368229,5000,0.0,0.0,0.0,5000,0,0,False,False,3
gnn_ewc_replay,periodic,78,289,1,2018-02-15T18:34:18.238525,5000,0.0002,0.0002,0.0,4999,0,1,False,False,3
gnn_ewc_replay,periodic,79,291,1,2018-02-15T18:41:41.029198,5000,0.0,0.0,0.0,5000,0,0,False,False,3
gnn_ewc_replay,periodic,80,292,1,2018-02-15T18:45:05.792018,5000,0.0,0.0,0.0,5000,0,0,False,False,3
gnn_ewc_replay,periodic,81,294,1,2018-02-15T18:51:57.688983,5000,0.0,0.0,0.0,5000,0,0,False,False,3
gnn_ewc_replay,periodic,82,295,1,2018-02-15T18:55:22.974194,5000,0.0,0.0,0.0,5000,0,0,False,False,3
gnn_ewc_replay,periodic,83,297,1,2018-02-15T19:03:00.715509,5000,0.0,0.0,0.0,5000,0,0,False,False,3
gnn_ewc_replay,periodic,84,298,1,2018-02-15T19:06:06.319184,5000,0.0,0.0,0.0,5000,0,0,False,False,3
gnn_ewc_replay,periodic,85,299,1,2018-02-15T19:09:23.553347,5000,0.0,0.0,0.0,5000,0,0,False,False,3
gnn_ewc_replay,periodic,86,301,1,2018-02-15T19:15:30.768551,5000,0.0,0.0,0.0,5000,0,0,False,False,3
gnn_ewc_replay,periodic,87,302,1,2018-02-15T19:18:40.296916,5000,0.0,0.0,0.0,5000,0,0,False,False,3
gnn_ewc_replay,periodic,88,304,1,2018-02-15T19:24:39.980435,5000,0.0,0.0,0.0,5000,0,0,False,False,3
gnn_ewc_replay,periodic,89,305,1,2018-02-15T19:27:33.013649,5000,0.0,0.0,0.0,5000,0,0,False,False,3
gnn_ewc_replay,periodic,90,307,1,2018-02-15T19:34:45.131211,5000,0.0,0.0,0.0,5000,0,0,False,False,3
gnn_ewc_replay,periodic,91,308,1,2018-02-15T19:38:05.427945,5000,0.0,0.0,0.0,5000,0,0,False,False,3
gnn_ewc_replay,periodic,92,309,1,2018-02-15T19:41:20.652273,5000,0.0,0.0,0.0,5000,0,0,False,False,3
gnn_ewc_replay,periodic,93,311,1,2018-02-15T19:48:51.307142,5000,0.0,0.0,0.0,5000,0,0,False,False,3
gnn_ewc_replay,periodic,94,312,1,2018-02-15T19:52:15.873932,5000,0.0,0.0,0.0,5000,0,0,False,False,3
gnn_ewc_replay,periodic,95,314,1,2018-02-15T19:59:56.591045,5000,0.0,0.0,0.0,5000,0,0,False,False,3
gnn_ewc_replay,periodic,96,315,1,2018-02-15T20:04:26.712143,5000,0.0,0.0,0.0,5000,0,0,False,False,3
gnn_ewc_replay,periodic,97,317,1,2018-02-15T20:10:46.343941,5000,0.0,0.0,0.0,5000,0,0,False,False,3
gnn_ewc_replay,periodic,98,318,1,2018-02-15T20:13:56.161473,5000,0.0,0.0,0.0,5000,0,0,False,False,3
gnn_ewc_replay,periodic,99,319,1,2018-02-15T20:17:08.570979,5000,0.0,0.0,0.0,5000,0,0,False,True,4
gnn_ewc_replay,periodic,100,321,1,2018-02-15T20:23:09.220547,5000,0.0002,0.0002,0.0,4999,1,0,False,False,4
gnn_ewc_replay,periodic,101,322,1,2018-02-15T20:26:14.816363,5000,0.0,0.0,0.0,5000,0,0,False,False,4
gnn_ewc_replay,periodic,102,324,1,2018-02-15T20:33:20.316643,5000,0.0,0.0,0.0,5000,0,0,False,False,4
gnn_ewc_replay,periodic,103,325,1,2018-02-15T20:36:12.774234,5000,0.0,0.0,0.0,5000,0,0,False,False,4
gnn_ewc_replay,periodic,104,327,1,2018-02-15T20:42:25.006964,5000,0.0,0.0,0.0,5000,0,0,False,False,4
gnn_ewc_replay,periodic,105,328,1,2018-02-15T20:45:20.967221,5000,0.0,0.0,0.0,5000,0,0,False,False,4
gnn_ewc_replay,periodic,106,329,1,2018-02-15T20:48:38.201559,5000,0.0,0.0,0.0,5000,0,0,False,False,4
gnn_ewc_replay,periodic,107,331,1,2018-02-15T20:54:54.842909,5000,0.0,0.0,0.0,5000,0,0,False,False,4
gnn_ewc_replay,periodic,108,332,1,2018-02-15T20:58:04.422672,5000,0.0,0.0,0.0,5000,0,0,False,False,4
gnn_ewc_replay,periodic,109,334,1,2018-02-15T21:04:11.286615,5000,0.0,0.0,0.0,5000,0,0,False,False,4
gnn_ewc_replay,periodic,110,335,1,2018-02-15T21:09:03.223157,5000,0.0004,0.0004,0.0,4998,2,0,False,False,4
gnn_ewc_replay,periodic,111,337,1,2018-02-15T21:18:26.686505,5000,0.0,0.0,0.0,5000,0,0,False,False,4
gnn_ewc_replay,periodic,112,338,1,2018-02-15T21:23:32.652271,5000,0.0,0.0,0.0,5000,0,0,False,False,4
gnn_ewc_replay,periodic,113,339,1,2018-02-15T21:28:41.499548,5000,0.0002,0.0002,0.0,4999,1,0,False,False,4
gnn_ewc_replay,periodic,114,341,1,2018-02-16T12:38:36.697545,5000,0.0,0.0,0.0,5000,0,0,False,False,4
gnn_ewc_replay,periodic,115,342,1,2018-02-16T12:41:51.550511,5000,0.0,0.0,0.0,5000,0,0,False,False,4
gnn_ewc_replay,periodic,116,344,1,2018-02-16T12:47:57.300715,5000,0.0002,0.0002,0.0,4999,1,0,False,False,4
gnn_ewc_replay,periodic,117,345,1,2018-02-16T12:51:35.623713,5000,0.0,0.0,0.0,5000,0,0,False,False,4
gnn_ewc_replay,periodic,118,347,1,2018-02-16T12:57:56.099291,5000,0.0,0.0,0.0,5000,0,0,False,False,4
gnn_ewc_replay,periodic,119,348,1,2018-02-16T13:01:12.217064,5000,0.0,0.0,0.0,5000,0,0,False,False,4
gnn_ewc_replay,periodic,120,349,1,2018-02-16T13:04:42.604615,5000,0.0,0.0,0.0,5000,0,0,False,False,4
gnn_ewc_replay,periodic,121,351,1,2018-02-16T13:10:28.859447,5000,0.0,0.0,0.0,5000,0,0,False,False,4
gnn_ewc_replay,periodic,122,352,1,2018-02-16T13:13:30.516025,5000,0.0,0.0,0.0,5000,0,0,False,False,4
gnn_ewc_replay,periodic,123,354,1,2018-02-16T13:19:14.030376,5000,0.0,0.0,0.0,5000,0,0,False,False,4
gnn_ewc_replay,periodic,124,355,1,2018-02-16T13:22:36.824134,5000,0.0,0.0,0.0,5000,0,0,False,True,5
gnn_ewc_replay,periodic,125,357,1,2018-02-16T13:28:33.409959,5000,0.0,0.0,0.0,5000,0,0,False,False,5
gnn_ewc_replay,periodic,126,358,1,2018-02-16T13:32:09.884042,5000,0.0,0.0,0.0,5000,0,0,False,False,5
gnn_ewc_replay,periodic,127,359,1,2018-02-16T13:35:31.614925,5000,0.0,0.0,0.0,5000,0,0,False,False,5
gnn_ewc_replay,periodic,128,361,1,2018-02-16T13:41:03.024633,5000,0.0,0.0,0.0,5000,0,0,False,False,5
gnn_ewc_replay,periodic,129,362,1,2018-02-16T13:44:12.288412,5000,0.0,0.0,0.0,5000,0,0,False,False,5
gnn_ewc_replay,periodic,130,364,1,2018-02-16T13:49:59.276859,5000,0.0,0.0,0.0,5000,0,0,False,False,5
gnn_ewc_replay,periodic,131,365,1,2018-02-16T13:53:10.063118,5000,0.0,0.0,0.0,5000,0,0,False,False,5
gnn_ewc_replay,periodic,132,367,1,2018-02-16T13:58:52.864868,5000,0.0,0.0,0.0,5000,0,0,False,False,5
gnn_ewc_replay,periodic,133,368,1,2018-02-16T14:01:22.834646,5000,0.0,0.0,0.0,5000,0,0,False,False,5
gnn_ewc_replay,periodic,134,369,1,2018-02-16T14:04:55.896892,5000,0.0,0.0,0.0,5000,0,0,False,False,5
gnn_ewc_replay,periodic,135,371,1,2018-02-16T14:11:34.794780,5000,0.0,0.0,0.0,5000,0,0,False,False,5
gnn_ewc_replay,periodic,136,372,1,2018-02-16T14:13:58.339355,5000,0.0,0.0,0.0,5000,0,0,False,False,5
gnn_ewc_replay,periodic,137,374,1,2018-02-16T14:19:49.131130,5000,0.0,0.0,0.0,5000,0,0,False,False,5
gnn_ewc_replay,periodic,138,375,1,2018-02-16T14:22:46.732927,5000,0.0,0.0,0.0,5000,0,0,False,False,5
gnn_ewc_replay,periodic,139,377,1,2018-02-16T14:28:19.297368,5000,0.0,0.0,0.0,5000,0,0,False,False,5
gnn_ewc_replay,periodic,140,378,1,2018-02-16T14:31:06.039383,5000,0.0,0.0,0.0,5000,0,0,False,False,5
gnn_ewc_replay,periodic,141,379,1,2018-02-16T14:34:38.524501,5000,0.0,0.0,0.0,5000,0,0,False,False,5
gnn_ewc_replay,periodic,142,381,1,2018-02-16T14:39:55.123773,5000,0.0,0.0,0.0,5000,0,0,False,False,5
gnn_ewc_replay,periodic,143,382,1,2018-02-16T14:42:08.518730,5000,0.0,0.0,0.0,5000,0,0,False,False,5
gnn_ewc_replay,periodic,144,384,1,2018-02-16T14:47:13.260846,5000,0.0,0.0,0.0,5000,0,0,False,False,5
gnn_ewc_replay,periodic,145,385,1,2018-02-16T14:49:51.713324,5000,0.0,0.0,0.0,5000,0,0,False,False,5
gnn_ewc_replay,periodic,146,387,1,2018-02-16T14:54:44.986030,5000,0.0,0.0,0.0,5000,0,0,False,False,5
gnn_ewc_replay,periodic,147,388,1,2018-02-16T14:57:19.214139,5000,0.0,0.0,0.0,5000,0,0,False,False,5
gnn_ewc_replay,periodic,148,389,1,2018-02-16T14:59:52.120516,5000,0.0,0.0,0.0,5000,0,0,False,False,5
gnn_ewc_replay,periodic,149,391,1,2018-02-16T15:05:05.451682,5000,0.0,0.0,0.0,5000,0,0,False,True,6
gnn_ewc_replay,periodic,150,392,1,2018-02-16T15:07:41.062311,5000,0.0,0.0,0.0,5000,0,0,False,False,6
gnn_ewc_replay,periodic,151,394,1,2018-02-16T15:13:20.136611,5000,0.0,0.0,0.0,5000,0,0,False,False,6
gnn_ewc_replay,periodic,152,395,1,2018-02-16T15:16:25.174632,5000,0.0,0.0,0.0,5000,0,0,False,False,6
gnn_ewc_replay,periodic,153,397,1,2018-02-16T15:22:40.807706,5000,0.0,0.0,0.0,5000,0,0,False,False,6
gnn_ewc_replay,periodic,154,398,1,2018-02-16T15:25:34.341078,5000,0.0,0.0,0.0,5000,0,0,False,False,6
gnn_ewc_replay,periodic,155,399,1,2018-02-16T15:28:34.709642,5000,0.0,0.0,0.0,5000,0,0,False,False,6
gnn_ewc_replay,periodic,156,401,1,2018-02-16T15:34:20.055451,5000,0.0,0.0,0.0,5000,0,0,False,False,6
gnn_ewc_replay,periodic,157,402,1,2018-02-16T15:37:17.313787,5000,0.0,0.0,0.0,5000,0,0,False,False,6
gnn_ewc_replay,periodic,158,404,1,2018-02-16T15:42:25.817105,5000,0.0,0.0,0.0,5000,0,0,False,False,6
gnn_ewc_replay,periodic,159,405,1,2018-02-16T15:45:10.829527,5000,0.0,0.0,0.0,5000,0,0,False,False,6
gnn_ewc_replay,periodic,160,407,1,2018-02-16T15:50:50.849008,5000,0.0,0.0,0.0,5000,0,0,False,False,6
gnn_ewc_replay,periodic,161,408,1,2018-02-16T15:53:34.212298,5000,0.0,0.0,0.0,5000,0,0,False,False,6
gnn_ewc_replay,periodic,162,409,1,2018-02-16T15:56:46.485727,5000,0.0,0.0,0.0,5000,0,0,False,False,6
gnn_ewc_replay,periodic,163,411,1,2018-02-16T16:02:20.991045,5000,0.0,0.0,0.0,5000,0,0,False,False,6
gnn_ewc_replay,periodic,164,412,1,2018-02-16T16:06:06.473413,5000,0.0,0.0,0.0,5000,0,0,False,False,6
gnn_ewc_replay,periodic,165,414,1,2018-02-16T16:13:23.724000,5000,0.0,0.0,0.0,5000,0,0,False,False,6
gnn_ewc_replay,periodic,166,415,1,2018-02-16T16:16:47.091957,5000,0.0,0.0,0.0,5000,0,0,False,False,6
gnn_ewc_replay,periodic,167,417,1,2018-02-16T16:26:51.582279,5000,0.0,0.0,0.0,5000,0,0,False,False,6
gnn_ewc_replay,periodic,168,418,1,2018-02-16T16:30:10.070271,5000,0.0,0.0,0.0,5000,0,0,False,False,6
gnn_ewc_replay,periodic,169,419,1,2018-02-16T16:34:29.542855,5000,0.0,0.0,0.0,5000,0,0,False,False,6
gnn_ewc_replay,periodic,170,421,1,2018-02-16T16:43:40.803856,5000,0.0,0.0,0.0,5000,0,0,False,False,6
gnn_ewc_replay,periodic,171,422,1,2018-02-16T16:47:31.948072,5000,0.0,0.0,0.0,5000,0,0,False,False,6
gnn_ewc_replay,periodic,172,424,1,2018-02-16T16:57:56.802843,5000,0.0,0.0,0.0,5000,0,0,False,False,6
gnn_ewc_replay,periodic,173,425,1,2018-02-16T17:01:39.858302,5000,0.0,0.0,0.0,5000,0,0,False,False,6
gnn_ewc_replay,periodic,174,427,1,2018-02-16T17:10:12.016624,5000,0.0,0.0,0.0,5000,0,0,False,True,7
gnn_ewc_replay,periodic,175,428,1,2018-02-16T17:14:13.990815,5000,0.0,0.0,0.0,5000,0,0,False,False,7
gnn_ewc_replay,periodic,176,429,1,2018-02-16T17:17:52.673746,5000,0.0,0.0,0.0,5000,0,0,False,False,7
gnn_ewc_replay,periodic,177,431,1,2018-02-16T17:25:47.902786,5000,0.0,0.0,0.0,5000,0,0,False,False,7
gnn_ewc_replay,periodic,178,432,1,2018-02-16T17:28:53.822111,5000,0.0,0.0,0.0,5000,0,0,False,False,7
gnn_ewc_replay,periodic,179,434,1,2018-02-16T17:34:33.651732,5000,0.0,0.0,0.0,5000,0,0,False,False,7
gnn_ewc_replay,periodic,180,435,1,2018-02-16T17:37:22.552335,5000,0.0,0.0,0.0,5000,0,0,False,False,7
gnn_ewc_replay,periodic,181,437,1,2018-02-16T17:43:24.921728,5000,0.223,0.223,0.223,5000,0,0,False,False,7
gnn_ewc_replay,periodic,182,438,1,2018-02-16T17:45:30.415800,5000,0.93,0.93,0.93,351,296,4353,False,False,7
gnn_ewc_replay,periodic,183,439,1,2018-02-16T17:45:42.688795,5000,0.8942,0.8942,0.9046,477,4180,343,False,False,7
gnn_ewc_replay,periodic,184,441,1,2018-02-16T17:46:08.490404,5000,0.9066,0.9066,0.9132,472,4224,304,False,False,7
gnn_ewc_replay,periodic,185,442,1,2018-02-16T17:46:21.160402,5000,0.894,0.894,0.8986,533,4100,367,False,False,7
gnn_ewc_replay,periodic,186,444,1,2018-02-16T17:46:46.819964,5000,0.9126,0.9126,0.9194,412,4204,384,False,False,7
gnn_ewc_replay,periodic,187,445,1,2018-02-16T17:46:59.413971,5000,0.9284,0.9284,0.9344,328,4459,213,False,False,7
gnn_ewc_replay,periodic,188,447,1,2018-02-16T17:47:25.577219,5000,0.9298,0.9298,0.9352,343,4311,346,False,False,7
gnn_ewc_replay,periodic,189,448,1,2018-02-16T17:47:38.591471,5000,0.9238,0.9238,0.9284,358,4302,340,False,False,7
gnn_ewc_replay,periodic,190,449,1,2018-02-16T17:47:51.713306,5000,0.9146,0.9146,0.9154,424,4470,106,False,False,7
gnn_ewc_replay,periodic,191,451,1,2018-02-16T17:48:17.727660,5000,0.9132,0.9132,0.9168,423,4364,213,False,False,7
gnn_ewc_replay,periodic,192,452,1,2018-02-16T17:48:30.941266,5000,0.9106,0.9106,0.9142,467,4304,229,False,False,7
gnn_ewc_replay,periodic,193,454,1,2018-02-16T17:48:57.199640,5000,0.9078,0.9078,0.9114,442,4482,76,False,False,7
gnn_ewc_replay,periodic,194,455,1,2018-02-16T17:49:10.241582,5000,0.9076,0.9076,0.9088,458,4458,84,False,False,7
gnn_ewc_replay,periodic,195,457,1,2018-02-16T17:49:35.975831,5000,0.9366,0.9366,0.941,303,4467,230,False,False,7
gnn_ewc_replay,periodic,196,458,1,2018-02-16T17:49:49.603664,5000,0.9286,0.9286,0.9322,339,4596,65,False,False,7
gnn_ewc_replay,periodic,197,459,1,2018-02-16T17:50:03.106615,5000,0.936,0.936,0.9414,292,4643,65,False,False,7
gnn_ewc_replay,periodic,198,461,1,2018-02-16T17:50:30.325848,5000,0.9236,0.9236,0.9298,366,4455,179,False,False,7
gnn_ewc_replay,periodic,199,462,1,2018-02-16T17:50:43.769057,5000,0.9292,0.9292,0.9334,354,4282,364,False,True,8
gnn_ewc_replay,periodic,200,464,1,2018-02-16T17:51:10.396018,5000,0.0004,0.0004,0.9432,282,4717,1,False,False,8
gnn_ewc_replay,periodic,201,465,1,2018-02-16T17:51:23.665419,5000,0.0,0.0,0.9286,357,4643,0,False,False,8
gnn_ewc_replay,periodic,202,467,1,2018-02-16T17:51:50.674959,5000,0.0,0.0,0.918,410,4590,0,False,False,8
gnn_ewc_replay,periodic,203,468,1,2018-02-16T17:52:04.316419,5000,0.0,0.0,0.92,400,4600,0,False,False,8
gnn_ewc_replay,periodic,204,469,1,2018-02-16T17:52:17.971178,5000,0.0,0.0,0.9246,377,4623,0,False,False,8
gnn_ewc_replay,periodic,205,471,1,2018-02-16T17:52:44.236127,5000,0.0,0.0,0.94,300,4700,0,False,False,8
gnn_ewc_replay,periodic,206,472,1,2018-02-16T17:52:57.744874,5000,0.0,0.0,0.9182,409,4591,0,False,False,8
gnn_ewc_replay,periodic,207,474,1,2018-02-16T17:53:24.241714,5000,0.0002,0.0002,0.916,419,4581,0,False,False,8
gnn_ewc_replay,periodic,208,475,1,2018-02-16T17:53:37.171883,5000,0.0,0.0,0.9308,346,4654,0,False,False,8
gnn_ewc_replay,periodic,209,477,1,2018-02-16T17:54:04.384679,5000,0.0,0.0,0.9344,328,4672,0,False,False,8
gnn_ewc_replay,periodic,210,478,1,2018-02-16T17:54:18.192149,5000,0.0,0.0,0.9096,452,4548,0,False,False,8
gnn_ewc_replay,periodic,211,479,1,2018-02-16T17:54:31.119667,5000,0.0,0.0,0.8792,604,4396,0,False,False,8
gnn_ewc_replay,periodic,212,481,1,2018-02-16T17:54:57.072100,5000,0.0,0.0,0.903,485,4515,0,False,False,8
gnn_ewc_replay,periodic,213,482,1,2018-02-16T17:55:10.397365,5000,0.0,0.0,0.93,350,4650,0,False,False,8
gnn_ewc_replay,periodic,214,484,1,2018-02-16T17:55:37.529441,5000,0.0,0.0,0.8992,504,4496,0,False,False,8
gnn_ewc_replay,periodic,215,485,1,2018-02-16T17:55:51.043506,5000,0.0,0.0,0.9076,462,4538,0,False,False,8
gnn_ewc_replay,periodic,216,487,1,2018-02-16T17:56:16.991902,5000,0.0,0.0,0.9344,328,4672,0,False,False,8
gnn_ewc_replay,periodic,217,488,1,2018-02-16T17:56:30.972214,5000,0.0,0.0,0.9212,394,4606,0,False,False,8
gnn_ewc_replay,periodic,218,489,1,2018-02-16T17:56:44.280487,5000,0.0,0.0,0.9314,343,4657,0,False,False,8
gnn_ewc_replay,periodic,219,491,1,2018-02-16T17:57:11.589137,5000,0.0,0.0,0.912,440,4560,0,False,False,8
gnn_ewc_replay,periodic,220,492,1,2018-02-16T17:57:24.319514,5000,0.0,0.0,0.9246,377,4623,0,False,False,8
gnn_ewc_replay,periodic,221,494,1,2018-02-16T17:57:50.537519,5000,0.0,0.0,0.8846,577,4423,0,False,False,8
gnn_ewc_replay,periodic,222,495,1,2018-02-16T17:58:03.346381,5000,0.0,0.0,0.8844,578,4422,0,False,False,8
gnn_ewc_replay,periodic,223,497,1,2018-02-16T17:59:38.552168,5000,0.0,0.0,0.0,5000,0,0,False,False,8
gnn_ewc_replay,periodic,224,498,1,2018-02-16T18:02:18.209600,5000,0.0,0.0,0.0,5000,0,0,False,True,9
gnn_ewc_replay,periodic,225,499,1,2018-02-16T18:05:19.157335,5000,0.0,0.0,0.0,5000,0,0,False,False,9
gnn_ewc_replay,periodic,226,501,1,2018-02-16T18:12:41.835531,5000,0.0,0.0,0.0,5000,0,0,False,False,9
gnn_ewc_replay,periodic,227,502,1,2018-02-16T18:16:07.112369,5000,0.0,0.0,0.0,5000,0,0,False,False,9
gnn_ewc_replay,periodic,228,504,1,2018-02-16T18:22:58.916240,5000,0.0,0.0,0.0,5000,0,0,False,False,9
gnn_ewc_replay,periodic,229,505,1,2018-02-16T18:26:04.206752,5000,0.0,0.0,0.0,5000,0,0,False,False,9
gnn_ewc_replay,periodic,230,507,1,2018-02-16T18:32:24.031146,5000,0.0,0.0,0.0,5000,0,0,False,False,9
gnn_ewc_replay,periodic,231,508,1,2018-02-16T18:36:21.786609,5000,0.0,0.0,0.0,5000,0,0,False,False,9
gnn_ewc_replay,periodic,232,509,1,2018-02-16T18:39:42.359805,5000,0.0,0.0,0.0,5000,0,0,False,False,9
gnn_ewc_replay,periodic,233,511,1,2018-02-16T18:46:21.632940,5000,0.0,0.0,0.0,5000,0,0,False,False,9
gnn_ewc_replay,periodic,234,512,1,2018-02-16T18:49:24.325334,5000,0.0,0.0,0.0,5000,0,0,False,False,9
gnn_ewc_replay,periodic,235,514,1,2018-02-16T18:55:13.155996,5000,0.0,0.0,0.0,5000,0,0,False,False,9
gnn_ewc_replay,periodic,236,515,1,2018-02-16T18:57:56.455951,5000,0.0,0.0,0.0,5000,0,0,False,False,9
gnn_ewc_replay,periodic,237,517,1,2018-02-16T19:03:41.274511,5000,0.0,0.0,0.0,5000,0,0,False,False,9
gnn_ewc_replay,periodic,238,518,1,2018-02-16T19:06:58.752310,5000,0.0,0.0,0.0,5000,0,0,False,False,9
gnn_ewc_replay,periodic,239,519,1,2018-02-16T19:10:11.009406,5000,0.0,0.0,0.0,5000,0,0,False,False,9
gnn_ewc_replay,periodic,240,521,1,2018-02-16T19:16:53.948947,5000,0.0,0.0,0.0,5000,0,0,False,False,9
gnn_ewc_replay,periodic,241,522,1,2018-02-16T19:19:51.082900,5000,0.0,0.0,0.0,5000,0,0,False,False,9
gnn_ewc_replay,periodic,242,524,1,2018-02-16T19:25:24.963667,5000,0.0,0.0,0.0,5000,0,0,False,False,9
gnn_ewc_replay,periodic,243,525,1,2018-02-16T19:28:11.868535,5000,0.0,0.0,0.0,5000,0,0,False,False,9
gnn_ewc_replay,periodic,244,527,1,2018-02-16T19:33:36.958594,5000,0.0,0.0,0.0,5000,0,0,False,False,9
gnn_ewc_replay,periodic,245,528,1,2018-02-16T19:36:50.623788,5000,0.0,0.0,0.0,5000,0,0,False,False,9
gnn_ewc_replay,periodic,246,529,1,2018-02-16T19:40:00.527776,5000,0.0,0.0,0.0,5000,0,0,False,False,9
gnn_ewc_replay,periodic,247,531,1,2018-02-16T19:46:49.619851,5000,0.0,0.0,0.0,5000,0,0,False,False,9
gnn_ewc_replay,periodic,248,532,1,2018-02-16T19:49:49.128752,5000,0.0,0.0,0.0,5000,0,0,False,False,9
gnn_ewc_replay,periodic,249,534,1,2018-02-16T19:55:33.771228,5000,0.0,0.0,0.0,5000,0,0,False,True,10
gnn_ewc_replay,periodic,250,535,1,2018-02-16T19:58:52.839507,5000,0.0,0.0,0.0,5000,0,0,False,False,10
gnn_ewc_replay,periodic,251,537,1,2018-02-16T20:05:47.117728,5000,0.0,0.0,0.0,5000,0,0,False,False,10
gnn_ewc_replay,periodic,252,538,1,2018-02-16T20:09:01.394260,5000,0.0,0.0,0.0,5000,0,0,False,False,10
gnn_ewc_replay,periodic,253,539,1,2018-02-16T20:12:27.179366,5000,0.0,0.0,0.0,5000,0,0,False,False,10
gnn_ewc_replay,periodic,254,541,1,2018-02-16T20:19:06.139226,5000,0.0,0.0,0.0,5000,0,0,False,False,10
gnn_ewc_replay,periodic,255,542,1,2018-02-16T20:21:46.757987,5000,0.0,0.0,0.0,5000,0,0,False,False,10
gnn_ewc_replay,periodic,256,544,1,2018-02-16T20:27:32.869316,5000,0.0,0.0,0.0,5000,0,0,False,False,10
gnn_ewc_replay,periodic,257,545,1,2018-02-16T20:30:29.720266,5000,0.0,0.0,0.0,5000,0,0,False,False,10
gnn_ewc_replay,periodic,258,547,1,2018-02-16T20:36:43.026584,5000,0.0,0.0,0.0,5000,0,0,False,False,10
gnn_ewc_replay,periodic,259,548,1,2018-02-16T20:39:25.723157,5000,0.0,0.0,0.0,5000,0,0,False,False,10
gnn_ewc_replay,periodic,260,549,1,2018-02-16T20:43:03.996213,5000,0.0,0.0,0.0,5000,0,0,False,False,10
gnn_ewc_replay,periodic,261,551,1,2018-02-16T20:49:10.647438,5000,0.0,0.0,0.0,5000,0,0,False,False,10
gnn_ewc_replay,periodic,262,552,1,2018-02-16T20:51:59.438947,5000,0.0,0.0,0.0,5000,0,0,False,False,10
gnn_ewc_replay,periodic,263,554,1,2018-02-16T20:57:51.632652,5000,0.0,0.0,0.0,5000,0,0,False,False,10
gnn_ewc_replay,periodic,264,555,1,2018-02-16T21:00:47.176383,5000,0.0,0.0,0.0,5000,0,0,False,False,10
gnn_ewc_replay,periodic,265,557,1,2018-02-16T21:08:43.247103,5000,0.0,0.0,0.0,5000,0,0,False,False,10
gnn_ewc_replay,periodic,266,558,1,2018-02-16T21:13:51.365573,5000,0.0,0.0,0.0,5000,0,0,False,False,10
gnn_ewc_replay,periodic,267,559,1,2018-02-16T21:18:43.188458,5000,0.0,0.0,0.0,5000,0,0,False,False,10
gnn_ewc_replay,periodic,268,561,1,2018-02-16T21:27:53.519513,5448,0.0,0.0,0.0,5448,0,0,False,False,10
gnn_ewc_replay,periodic,269,562,2,2018-02-20T12:28:05.557484,5000,0.0,0.0,0.0,5000,0,0,False,False,10
gnn_ewc_replay,periodic,270,563,2,2018-02-20T12:29:42.105021,5000,0.0,0.0,0.0,5000,0,0,False,False,10
gnn_ewc_replay,periodic,271,565,2,2018-02-20T12:35:22.868449,5000,0.0,0.0,0.0,5000,0,0,False,False,10
gnn_ewc_replay,periodic,272,566,2,2018-02-20T12:38:25.113331,5000,0.0,0.0,0.0,5000,0,0,False,False,10
gnn_ewc_replay,periodic,273,568,2,2018-02-20T12:44:23.549258,5000,0.0,0.0,0.0,5000,0,0,False,False,10
gnn_ewc_replay,periodic,274,569,2,2018-02-20T12:47:42.741920,5000,0.0,0.0,0.0,5000,0,0,False,True,11
gnn_ewc_replay,periodic,275,571,2,2018-02-20T12:54:39.535064,5000,0.0,0.0,0.0,5000,0,0,False,False,11
gnn_ewc_replay,periodic,276,572,2,2018-02-20T12:57:04.962988,5000,0.0,0.0,0.0,5000,0,0,False,False,11
gnn_ewc_replay,periodic,277,573,2,2018-02-20T13:00:02.189832,5000,0.0,0.0,0.0,5000,0,0,False,False,11
gnn_ewc_replay,periodic,278,575,2,2018-02-20T13:06:02.719061,5000,0.0,0.0,0.0,5000,0,0,False,False,11
gnn_ewc_replay,periodic,279,576,2,2018-02-20T13:09:24.534811,5000,0.0,0.0,0.0,5000,0,0,False,False,11
gnn_ewc_replay,periodic,280,578,2,2018-02-20T13:15:31.118168,5000,0.0,0.0,0.0,5000,0,0,False,False,11
gnn_ewc_replay,periodic,281,579,2,2018-02-20T13:18:47.855403,5000,0.0,0.0,0.0,5000,0,0,False,False,11
gnn_ewc_replay,periodic,282,581,2,2018-02-20T13:25:28.337700,5000,0.0,0.0,0.0,5000,0,0,False,False,11
gnn_ewc_replay,periodic,283,582,2,2018-02-20T13:28:57.358062,5000,0.0,0.0,0.0,5000,0,0,False,False,11
gnn_ewc_replay,periodic,284,583,2,2018-02-20T13:31:24.839207,5000,0.0,0.0,0.0,5000,0,0,False,False,11
gnn_ewc_replay,periodic,285,585,2,2018-02-20T13:36:54.117034,5000,0.0,0.0,0.0,5000,0,0,False,False,11
gnn_ewc_replay,periodic,286,586,2,2018-02-20T13:39:46.399343,5000,0.0,0.0,0.0,5000,0,0,False,False,11
gnn_ewc_replay,periodic,287,588,2,2018-02-20T13:45:29.412810,5000,0.0,0.0,0.0,5000,0,0,False,False,11
gnn_ewc_replay,periodic,288,589,2,2018-02-20T13:48:21.442467,5000,0.0,0.0,0.0,5000,0,0,False,False,11
gnn_ewc_replay,periodic,289,591,2,2018-02-20T13:54:17.035121,5000,0.0,0.0,0.0,5000,0,0,False,False,11
gnn_ewc_replay,periodic,290,592,2,2018-02-20T13:57:18.761258,5000,0.0,0.0,0.0,5000,0,0,False,False,11
gnn_ewc_replay,periodic,291,593,2,2018-02-20T13:59:31.883895,5000,0.0,0.0,0.0,5000,0,0,False,False,11
gnn_ewc_replay,periodic,292,595,2,2018-02-20T14:05:07.874319,5000,0.0,0.0,0.0,5000,0,0,False,False,11
gnn_ewc_replay,periodic,293,596,2,2018-02-20T14:08:15.829182,5000,0.0,0.0,0.0,5000,0,0,False,False,11
gnn_ewc_replay,periodic,294,598,2,2018-02-20T14:14:31.781558,5000,0.2982,0.2982,0.2982,5000,0,0,False,False,11
gnn_ewc_replay,periodic,295,599,2,2018-02-20T14:16:42.779716,5000,0.2898,0.2898,0.2898,5000,0,0,False,False,11
gnn_ewc_replay,periodic,296,601,2,2018-02-20T14:20:53.046879,5000,0.3086,0.3086,0.3086,5000,0,0,False,False,11
gnn_ewc_replay,periodic,297,602,2,2018-02-20T14:23:04.054844,5000,0.302,0.302,0.302,5000,0,0,False,False,11
gnn_ewc_replay,periodic,298,603,2,2018-02-20T14:25:13.564658,5000,0.3288,0.3288,0.3288,5000,0,0,False,False,11
gnn_ewc_replay,periodic,299,605,2,2018-02-20T14:29:13.941506,5000,0.229,0.229,0.229,5000,0,0,False,True,12
gnn_ewc_replay,periodic,300,606,2,2018-02-20T14:30:56.601292,5000,0.0,0.0,0.2666,3667,1333,0,False,False,12
gnn_ewc_replay,periodic,301,608,2,2018-02-20T14:34:56.840157,5000,0.0,0.0,0.2944,3528,1472,0,False,False,12
gnn_ewc_replay,periodic,302,609,2,2018-02-20T14:37:11.748493,5000,0.0,0.0,0.283,3585,1415,0,False,False,12
gnn_ewc_replay,periodic,303,611,2,2018-02-20T14:41:14.753304,5000,0.0002,0.0002,0.3264,3367,1633,0,False,False,12
gnn_ewc_replay,periodic,304,612,2,2018-02-20T14:43:32.797628,5000,0.2888,0.2888,0.2888,5000,0,0,False,False,12
gnn_ewc_replay,periodic,305,613,2,2018-02-20T14:45:36.887432,5000,0.0,0.0,0.3014,3493,1507,0,False,False,12
gnn_ewc_replay,periodic,306,615,2,2018-02-20T14:49:37.865031,5000,0.0,0.0,0.2898,3551,1449,0,False,False,12
gnn_ewc_replay,periodic,307,616,2,2018-02-20T14:51:50.660254,5000,0.0,0.0,0.2958,3521,1479,0,False,False,12
gnn_ewc_replay,periodic,308,618,2,2018-02-20T14:56:15.897299,5000,0.0,0.0,0.244,3780,1220,0,False,False,12
gnn_ewc_replay,periodic,309,619,2,2018-02-20T14:58:01.595900,5000,0.0,0.0,0.2428,3786,1214,0,False,False,12
gnn_ewc_replay,periodic,310,621,2,2018-02-20T15:01:53.196726,5000,0.0,0.0,0.3064,3468,1532,0,False,False,12
gnn_ewc_replay,periodic,311,622,2,2018-02-20T15:04:03.919827,5000,0.0,0.0,0.321,3395,1605,0,False,False,12
gnn_ewc_replay,periodic,312,623,2,2018-02-20T15:06:20.620580,5000,0.0,0.0,0.2904,3548,1452,0,False,False,12
gnn_ewc_replay,periodic,313,625,2,2018-02-20T15:10:31.378150,5000,0.0,0.0,0.2608,3696,1304,0,False,False,12
gnn_ewc_replay,periodic,314,626,2,2018-02-20T15:12:23.454693,5000,0.0002,0.0002,0.3078,3460,1540,0,False,False,12
gnn_ewc_replay,periodic,315,628,2,2018-02-20T15:16:42.101279,5000,0.0152,0.0152,0.0152,5000,0,0,False,False,12
gnn_ewc_replay,periodic,316,629,2,2018-02-20T15:19:42.643899,5000,0.0,0.0,0.0,5000,0,0,False,False,12
gnn_ewc_replay,periodic,317,631,2,2018-02-20T15:25:37.439770,5000,0.0,0.0,0.0,5000,0,0,False,False,12
gnn_ewc_replay,periodic,318,632,2,2018-02-20T15:28:10.587368,5000,0.0002,0.0002,0.0,4999,1,0,False,False,12
gnn_ewc_replay,periodic,319,633,2,2018-02-20T15:30:12.779257,5000,0.0,0.0,0.0,5000,0,0,False,False,12
gnn_ewc_replay,periodic,320,635,2,2018-02-20T15:35:22.231173,5000,0.0,0.0,0.0,5000,0,0,False,False,12
gnn_ewc_replay,periodic,321,636,2,2018-02-20T15:38:29.946843,5000,0.0,0.0,0.0,5000,0,0,False,False,12
gnn_ewc_replay,periodic,322,638,2,2018-02-20T15:44:30.302110,5000,0.0,0.0,0.0,5000,0,0,False,False,12
gnn_ewc_replay,periodic,323,639,2,2018-02-20T15:47:15.886421,5000,0.0,0.0,0.0,5000,0,0,False,False,12
gnn_ewc_replay,periodic,324,641,2,2018-02-20T15:53:10.482827,5000,0.0,0.0,0.0,5000,0,0,False,True,13
gnn_ewc_replay,periodic,325,642,2,2018-02-20T15:55:49.302768,5000,0.0,0.0,0.0,5000,0,0,False,False,13
gnn_ewc_replay,periodic,326,643,2,2018-02-20T15:58:33.314108,5000,0.0,0.0,0.0,5000,0,0,False,False,13
gnn_ewc_replay,periodic,327,645,2,2018-02-20T16:04:31.087569,5000,0.0,0.0,0.0,5000,0,0,False,False,13
gnn_ewc_replay,periodic,328,646,2,2018-02-20T16:08:19.383547,5000,0.0,0.0,0.0,5000,0,0,False,False,13
gnn_ewc_replay,periodic,329,648,2,2018-02-20T16:16:14.502721,5000,0.0,0.0,0.0,5000,0,0,False,False,13
gnn_ewc_replay,periodic,330,649,2,2018-02-20T16:20:02.198707,5000,0.0,0.0,0.0,5000,0,0,False,False,13
gnn_ewc_replay,periodic,331,651,2,2018-02-20T16:28:01.225982,5000,0.0,0.0,0.0,5000,0,0,False,False,13
gnn_ewc_replay,periodic,332,652,2,2018-02-20T16:31:14.129279,5000,0.0,0.0,0.0,5000,0,0,False,False,13
gnn_ewc_replay,periodic,333,653,2,2018-02-20T16:35:09.895817,5000,0.0,0.0,0.0,5000,0,0,False,False,13
gnn_ewc_replay,periodic,334,655,2,2018-02-20T16:43:24.945659,5000,0.0,0.0,0.0,5000,0,0,False,False,13
gnn_ewc_replay,periodic,335,656,2,2018-02-20T16:47:54.650182,5000,0.0,0.0,0.0,5000,0,0,False,False,13
gnn_ewc_replay,periodic,336,658,2,2018-02-20T16:56:24.516343,5000,0.0,0.0,0.0,5000,0,0,False,False,13
gnn_ewc_replay,periodic,337,659,2,2018-02-20T17:00:00.272785,5000,0.0,0.0,0.0,5000,0,0,False,False,13
gnn_ewc_replay,periodic,338,661,2,2018-02-20T17:08:06.037864,5000,0.0,0.0,0.0,5000,0,0,False,False,13
gnn_ewc_replay,periodic,339,662,2,2018-02-20T17:11:06.031557,5000,0.0014,0.0014,0.0014,5000,0,0,False,False,13
gnn_ewc_replay,periodic,340,663,2,2018-02-20T17:14:44.633613,5000,0.0048,0.0048,0.0048,5000,0,0,False,False,13
gnn_ewc_replay,periodic,341,665,2,2018-02-20T17:21:10.633901,5000,0.0034,0.0034,0.0034,5000,0,0,False,False,13
gnn_ewc_replay,periodic,342,666,2,2018-02-20T17:24:26.084946,5000,0.006,0.006,0.006,5000,0,0,False,False,13
gnn_ewc_replay,periodic,343,668,2,2018-02-20T17:30:09.339511,5000,0.0,0.0,0.0,5000,0,0,False,False,13
gnn_ewc_replay,periodic,344,669,2,2018-02-20T17:33:23.041576,5000,0.0,0.0,0.0,5000,0,0,False,False,13
gnn_ewc_replay,periodic,345,671,2,2018-02-20T17:39:24.625685,5000,0.0,0.0,0.0,5000,0,0,False,False,13
gnn_ewc_replay,periodic,346,672,2,2018-02-20T17:42:29.662063,5000,0.0,0.0,0.0,5000,0,0,False,False,13
gnn_ewc_replay,periodic,347,673,2,2018-02-20T17:45:34.633978,5000,0.0,0.0,0.0,5000,0,0,False,False,13
gnn_ewc_replay,periodic,348,675,2,2018-02-20T17:51:06.230687,5000,0.0,0.0,0.0,5000,0,0,False,False,13
gnn_ewc_replay,periodic,349,676,2,2018-02-20T17:53:34.922957,5000,0.0,0.0,0.0,5000,0,0,False,True,14
gnn_ewc_replay,periodic,350,678,2,2018-02-20T17:59:12.951031,5000,0.0,0.0,0.0,5000,0,0,False,False,14
gnn_ewc_replay,periodic,351,679,2,2018-02-20T18:02:11.827536,5000,0.0,0.0,0.0,5000,0,0,False,False,14
gnn_ewc_replay,periodic,352,681,2,2018-02-20T18:08:12.518079,5000,0.0,0.0,0.0,5000,0,0,False,False,14
gnn_ewc_replay,periodic,353,682,2,2018-02-20T18:11:36.935593,5000,0.0,0.0,0.0,5000,0,0,False,False,14
gnn_ewc_replay,periodic,354,683,2,2018-02-20T18:14:55.978979,5000,0.0,0.0,0.0,5000,0,0,False,False,14
gnn_ewc_replay,periodic,355,685,2,2018-02-20T18:21:05.499939,5000,0.0,0.0,0.0,5000,0,0,False,False,14
gnn_ewc_replay,periodic,356,686,2,2018-02-20T18:23:50.222744,5000,0.0,0.0,0.0,5000,0,0,False,False,14
gnn_ewc_replay,periodic,357,688,2,2018-02-20T18:30:09.680294,5000,0.0,0.0,0.0,5000,0,0,False,False,14
gnn_ewc_replay,periodic,358,689,2,2018-02-20T18:33:25.427037,5000,0.0,0.0,0.0,5000,0,0,False,False,14
gnn_ewc_replay,periodic,359,691,2,2018-02-20T18:39:44.679720,5000,0.0,0.0,0.0,5000,0,0,False,False,14
gnn_ewc_replay,periodic,360,692,2,2018-02-20T18:43:11.984043,5000,0.0,0.0,0.0,5000,0,0,False,False,14
gnn_ewc_replay,periodic,361,693,2,2018-02-20T18:46:19.309423,5000,0.0,0.0,0.0,5000,0,0,False,False,14
gnn_ewc_replay,periodic,362,695,2,2018-02-20T18:52:02.610717,5000,0.0,0.0,0.0,5000,0,0,False,False,14
gnn_ewc_replay,periodic,363,696,2,2018-02-20T18:55:06.665218,5000,0.0,0.0,0.0,5000,0,0,False,False,14
gnn_ewc_replay,periodic,364,698,2,2018-02-20T19:01:10.440471,5000,0.0,0.0,0.0,5000,0,0,False,False,14
gnn_ewc_replay,periodic,365,699,2,2018-02-20T19:04:28.580678,5000,0.0,0.0,0.0,5000,0,0,False,False,14
gnn_ewc_replay,periodic,366,701,2,2018-02-20T19:10:25.009531,5000,0.0,0.0,0.0,5000,0,0,False,False,14
gnn_ewc_replay,periodic,367,702,2,2018-02-20T19:13:32.158672,5000,0.0,0.0,0.0,5000,0,0,False,False,14
gnn_ewc_replay,periodic,368,703,2,2018-02-20T19:15:49.108499,5000,0.0,0.0,0.0,5000,0,0,False,False,14
gnn_ewc_replay,periodic,369,705,2,2018-02-20T19:21:25.725262,5000,0.0,0.0,0.0,5000,0,0,False,False,14
gnn_ewc_replay,periodic,370,706,2,2018-02-20T19:24:14.097813,5000,0.0,0.0,0.0,5000,0,0,False,False,14
gnn_ewc_replay,periodic,371,708,2,2018-02-20T19:29:57.132441,5000,0.0,0.0,0.0,5000,0,0,False,False,14
gnn_ewc_replay,periodic,372,709,2,2018-02-20T19:33:01.817768,5000,0.0,0.0,0.0,5000,0,0,False,False,14
gnn_ewc_replay,periodic,373,711,2,2018-02-20T19:39:57.524340,5000,0.0,0.0,0.0,5000,0,0,False,False,14
gnn_ewc_replay,periodic,374,712,2,2018-02-20T19:43:13.714136,5000,0.0,0.0,0.0,5000,0,0,False,True,15
gnn_ewc_replay,periodic,375,713,2,2018-02-20T19:46:25.668285,5000,0.0,0.0,0.0,5000,0,0,False,False,15
gnn_ewc_replay,periodic,376,715,2,2018-02-20T19:53:04.620728,5000,0.0,0.0,0.0,5000,0,0,False,False,15
gnn_ewc_replay,periodic,377,716,2,2018-02-20T19:55:56.765701,5000,0.0,0.0,0.0,5000,0,0,False,False,15
gnn_ewc_replay,periodic,378,718,2,2018-02-20T20:02:41.352875,5000,0.0,0.0,0.0,5000,0,0,False,False,15
gnn_ewc_replay,periodic,379,719,2,2018-02-20T20:06:03.371789,5000,0.0,0.0,0.0,5000,0,0,False,False,15
gnn_ewc_replay,periodic,380,721,2,2018-02-20T20:12:23.782760,5000,0.0,0.0,0.0,5000,0,0,False,False,15
gnn_ewc_replay,periodic,381,722,2,2018-02-20T20:15:31.445539,5000,0.0,0.0,0.0,5000,0,0,False,False,15
gnn_ewc_replay,periodic,382,723,2,2018-02-20T20:18:48.584643,5000,0.0,0.0,0.0,5000,0,0,False,False,15
gnn_ewc_replay,periodic,383,725,2,2018-02-20T20:25:14.043761,5000,0.0,0.0,0.0,5000,0,0,False,False,15
gnn_ewc_replay,periodic,384,726,2,2018-02-20T20:28:14.197722,5000,0.0,0.0,0.0,5000,0,0,False,False,15
gnn_ewc_replay,periodic,385,728,2,2018-02-20T20:34:12.469410,5000,0.0,0.0,0.0,5000,0,0,False,False,15
gnn_ewc_replay,periodic,386,729,2,2018-02-20T20:37:37.519650,5000,0.0,0.0,0.0,5000,0,0,False,False,15
gnn_ewc_replay,periodic,387,731,2,2018-02-20T20:43:43.130318,5000,0.0,0.0,0.0,5000,0,0,False,False,15
gnn_ewc_replay,periodic,388,732,2,2018-02-20T20:46:38.901492,5000,0.0,0.0,0.0,5000,0,0,False,False,15
gnn_ewc_replay,periodic,389,733,2,2018-02-20T20:49:51.903624,5000,0.0,0.0,0.0,5000,0,0,False,False,15
gnn_ewc_replay,periodic,390,735,2,2018-02-20T20:56:26.712720,5000,0.0,0.0,0.0,5000,0,0,False,False,15
gnn_ewc_replay,periodic,391,736,2,2018-02-20T20:59:22.490475,5000,0.0,0.0,0.0,5000,0,0,False,False,15
gnn_ewc_replay,periodic,392,738,2,2018-02-20T21:08:44.013987,5000,0.0,0.0,0.0,5000,0,0,False,False,15
gnn_ewc_replay,periodic,393,739,2,2018-02-20T21:13:16.499106,5000,0.0,0.0,0.0,5000,0,0,False,False,15
gnn_ewc_replay,periodic,394,741,2,2018-02-20T21:21:04.601251,5000,0.0,0.0,0.0,5000,0,0,False,False,15
gnn_ewc_replay,periodic,395,742,2,2018-02-20T21:26:04.740808,5000,0.0,0.0,0.0,5000,0,0,False,False,15
gnn_ewc_replay,periodic,396,743,2,2018-02-20T21:29:40.070489,5000,0.0,0.0,0.0,4999,0,1,False,False,15
gnn_ewc_replay,periodic,397,745,2,2018-02-21T12:30:14.915765,5000,0.0,0.0,0.0,5000,0,0,False,False,15
gnn_ewc_replay,periodic,398,746,2,2018-02-21T12:32:53.448588,5000,0.0,0.0,0.0,5000,0,0,False,False,15
gnn_ewc_replay,periodic,399,748,2,2018-02-21T12:37:27.992164,5000,0.0,0.0,0.0,5000,0,0,False,True,16
gnn_ewc_replay,periodic,400,749,2,2018-02-21T12:39:45.094275,5000,0.0,0.0,0.0,5000,0,0,False,False,16
gnn_ewc_replay,periodic,401,751,2,2018-02-21T12:45:01.378501,5000,0.0,0.0,0.0,5000,0,0,False,False,16
gnn_ewc_replay,periodic,402,752,2,2018-02-21T12:48:09.859294,5000,0.0,0.0,0.0,5000,0,0,False,False,16
gnn_ewc_replay,periodic,403,753,2,2018-02-21T12:50:58.467470,5000,0.0,0.0,0.0,5000,0,0,False,False,16
gnn_ewc_replay,periodic,404,755,2,2018-02-21T12:56:40.027568,5000,0.0,0.0,0.0,5000,0,0,False,False,16
gnn_ewc_replay,periodic,405,756,2,2018-02-21T12:59:24.261264,5000,0.0,0.0,0.0,5000,0,0,False,False,16
gnn_ewc_replay,periodic,406,758,2,2018-02-21T13:04:10.810725,5000,0.0,0.0,0.0,5000,0,0,False,False,16
gnn_ewc_replay,periodic,407,759,2,2018-02-21T13:06:45.860074,5000,0.0,0.0,0.0,5000,0,0,False,False,16
gnn_ewc_replay,periodic,408,761,2,2018-02-21T13:13:01.411539,5000,0.0,0.0,0.0,5000,0,0,False,False,16
gnn_ewc_replay,periodic,409,762,2,2018-02-21T13:16:03.109229,5000,0.0,0.0,0.0,5000,0,0,False,False,16
gnn_ewc_replay,periodic,410,763,2,2018-02-21T13:19:00.531255,5000,0.0,0.0,0.0,5000,0,0,False,False,16
gnn_ewc_replay,periodic,411,765,2,2018-02-21T13:25:13.895266,5000,0.0,0.0,0.0,5000,0,0,False,False,16
gnn_ewc_replay,periodic,412,766,2,2018-02-21T13:28:22.393146,5000,0.0,0.0,0.0,5000,0,0,False,False,16
gnn_ewc_replay,periodic,413,768,2,2018-02-21T13:33:11.645413,5000,0.0,0.0,0.0,5000,0,0,False,False,16
gnn_ewc_replay,periodic,414,769,2,2018-02-21T13:36:04.080147,5000,0.0,0.0,0.0,5000,0,0,False,False,16
gnn_ewc_replay,periodic,415,771,2,2018-02-21T13:41:17.088813,5000,0.0,0.0,0.0,5000,0,0,False,False,16
gnn_ewc_replay,periodic,416,772,2,2018-02-21T13:44:22.712351,5000,0.0,0.0,0.0,5000,0,0,False,False,16
gnn_ewc_replay,periodic,417,773,2,2018-02-21T13:46:43.432214,5000,0.0,0.0,0.0,5000,0,0,False,False,16
gnn_ewc_replay,periodic,418,775,2,2018-02-21T13:52:00.793060,5000,0.0,0.0,0.0,5000,0,0,False,False,16
gnn_ewc_replay,periodic,419,776,2,2018-02-21T13:54:50.123467,5000,0.0,0.0,0.0,5000,0,0,False,False,16
gnn_ewc_replay,periodic,420,778,2,2018-02-21T13:59:48.596242,5000,0.0,0.0,0.0,5000,0,0,False,False,16
gnn_ewc_replay,periodic,421,779,2,2018-02-21T14:02:23.603296,5000,0.0,0.0,0.0,5000,0,0,False,False,16
gnn_ewc_replay,periodic,422,781,2,2018-02-21T14:09:02.068577,5000,0.0,0.0,0.0056,4972,28,0,False,False,16
gnn_ewc_replay,periodic,423,782,2,2018-02-21T14:12:26.243805,5000,0.0,0.0,0.0048,4976,24,0,False,False,16
gnn_ewc_replay,periodic,424,783,2,2018-02-21T14:15:57.048932,5000,0.0,0.0,0.0038,4981,19,0,False,True,17
gnn_ewc_replay,periodic,425,785,2,2018-02-21T14:22:23.243787,5000,0.0002,0.0002,0.0074,4962,38,0,False,False,17
gnn_ewc_replay,periodic,426,786,2,2018-02-21T14:25:50.331671,5000,0.0,0.0,0.0044,4978,22,0,False,False,17
gnn_ewc_replay,periodic,427,788,2,2018-02-21T14:31:04.193754,5000,0.0002,0.0002,0.005,4974,26,0,False,False,17
gnn_ewc_replay,periodic,428,789,2,2018-02-21T14:33:49.628647,5000,0.0004,0.0004,0.003,4983,17,0,False,False,17
gnn_ewc_replay,periodic,429,791,2,2018-02-21T14:39:39.767683,5000,0.0,0.0,0.0034,4983,17,0,False,False,17
gnn_ewc_replay,periodic,430,792,2,2018-02-21T14:42:44.190903,5000,0.0006,0.0006,0.0006,5000,0,0,False,False,17
gnn_ewc_replay,periodic,431,793,2,2018-02-21T14:45:43.676915,5000,0.0,0.0,0.0,5000,0,0,False,False,17
gnn_ewc_replay,periodic,432,795,2,2018-02-21T14:51:13.097638,5000,0.0,0.0,0.0,5000,0,0,False,False,17
gnn_ewc_replay,periodic,433,796,2,2018-02-21T14:54:09.509792,5000,0.0,0.0,0.0,5000,0,0,False,False,17
gnn_ewc_replay,periodic,434,798,2,2018-02-21T14:59:30.273293,5000,0.0,0.0,0.0,5000,0,0,False,False,17
gnn_ewc_replay,periodic,435,799,2,2018-02-21T15:02:06.076741,5000,0.0,0.0,0.0,5000,0,0,False,False,17
gnn_ewc_replay,periodic,436,801,2,2018-02-21T15:08:08.899097,5000,0.0,0.0,0.0,5000,0,0,False,False,17
gnn_ewc_replay,periodic,437,802,2,2018-02-21T15:11:12.768118,5000,0.0,0.0,0.0,5000,0,0,False,False,17
gnn_ewc_replay,periodic,438,803,2,2018-02-21T15:14:10.812095,5000,0.0,0.0,0.0,5000,0,0,False,False,17
gnn_ewc_replay,periodic,439,805,2,2018-02-21T15:19:27.236425,5000,0.0,0.0,0.0,5000,0,0,False,False,17
gnn_ewc_replay,periodic,440,806,2,2018-02-21T15:22:37.743356,5000,0.0,0.0,0.0,5000,0,0,False,False,17
gnn_ewc_replay,periodic,441,808,2,2018-02-21T15:28:03.652468,5000,0.0,0.0,0.0,5000,0,0,False,False,17
gnn_ewc_replay,periodic,442,809,2,2018-02-21T15:30:18.591035,5000,0.0,0.0,0.0,5000,0,0,False,False,17
gnn_ewc_replay,periodic,443,811,2,2018-02-21T15:36:13.544051,5000,0.0,0.0,0.0,5000,0,0,False,False,17
gnn_ewc_replay,periodic,444,812,2,2018-02-21T15:39:00.464967,5000,0.0,0.0,0.0,5000,0,0,False,False,17
gnn_ewc_replay,periodic,445,813,2,2018-02-21T15:41:57.881450,5000,0.0,0.0,0.0,5000,0,0,False,False,17
gnn_ewc_replay,periodic,446,815,2,2018-02-21T15:47:26.984262,5000,0.0,0.0,0.0,5000,0,0,False,False,17
gnn_ewc_replay,periodic,447,816,2,2018-02-21T15:50:01.059659,5000,0.0,0.0,0.0,5000,0,0,False,False,17
gnn_ewc_replay,periodic,448,818,2,2018-02-21T15:55:38.579118,5000,0.0,0.0,0.0,5000,0,0,False,False,17
gnn_ewc_replay,periodic,449,819,2,2018-02-21T15:58:36.097314,5000,0.0,0.0,0.0,5000,0,0,False,True,18
gnn_ewc_replay,periodic,450,821,2,2018-02-21T16:05:01.687604,5000,0.0,0.0,0.0,5000,0,0,False,False,18
gnn_ewc_replay,periodic,451,822,2,2018-02-21T16:09:31.368178,5000,0.0,0.0,0.0,5000,0,0,False,False,18
gnn_ewc_replay,periodic,452,823,2,2018-02-21T16:13:43.831770,5000,0.0,0.0,0.0,5000,0,0,False,False,18
gnn_ewc_replay,periodic,453,825,2,2018-02-21T16:21:37.517709,5000,0.0,0.0,0.0,5000,0,0,False,False,18
gnn_ewc_replay,periodic,454,826,2,2018-02-21T16:26:17.679611,5000,0.0,0.0,0.0,5000,0,0,False,False,18
gnn_ewc_replay,periodic,455,828,2,2018-02-21T16:33:12.676353,5000,0.0,0.0,0.0,5000,0,0,False,False,18
gnn_ewc_replay,periodic,456,829,2,2018-02-21T16:38:12.893820,5000,0.0,0.0,0.0,5000,0,0,False,False,18
gnn_ewc_replay,periodic,457,831,2,2018-02-21T16:48:53.815070,5000,0.0,0.0,0.0,5000,0,0,False,False,18
gnn_ewc_replay,periodic,458,832,2,2018-02-21T16:53:12.481748,5000,0.0,0.0,0.0,5000,0,0,False,False,18
gnn_ewc_replay,periodic,459,833,2,2018-02-21T16:57:37.801631,5000,0.0,0.0,0.0,5000,0,0,False,False,18
gnn_ewc_replay,periodic,460,835,2,2018-02-21T17:06:03.042740,5000,0.0,0.0,0.0,5000,0,0,False,False,18
gnn_ewc_replay,periodic,461,836,2,2018-02-21T17:09:38.898301,5000,0.0,0.0,0.0,5000,0,0,False,False,18
gnn_ewc_replay,periodic,462,838,2,2018-02-21T17:17:05.418711,5000,0.0,0.0,0.0,5000,0,0,False,False,18
gnn_ewc_replay,periodic,463,839,2,2018-02-21T17:20:23.358572,5000,0.0,0.0,0.0,5000,0,0,False,False,18
gnn_ewc_replay,periodic,464,841,2,2018-02-21T17:26:25.898448,5000,0.0,0.0,0.0,5000,0,0,False,False,18
gnn_ewc_replay,periodic,465,842,2,2018-02-21T17:29:38.601103,5000,0.0,0.0,0.0,5000,0,0,False,False,18
gnn_ewc_replay,periodic,466,843,2,2018-02-21T17:32:41.644697,5000,0.0,0.0,0.0,5000,0,0,False,False,18
gnn_ewc_replay,periodic,467,845,2,2018-02-21T17:39:02.350368,5000,0.0,0.0,0.0,5000,0,0,False,False,18
gnn_ewc_replay,periodic,468,846,2,2018-02-21T17:41:54.539703,5000,0.0,0.0,0.0,5000,0,0,False,False,18
gnn_ewc_replay,periodic,469,848,2,2018-02-21T17:48:04.656628,5000,0.0,0.0,0.0,4999,0,1,False,False,18
gnn_ewc_replay,periodic,470,849,2,2018-02-21T17:50:30.104450,5000,0.0002,0.0002,0.0,4999,0,1,False,False,18
gnn_ewc_replay,periodic,471,851,2,2018-02-21T17:55:49.288941,5000,0.0002,0.0002,0.0,4999,0,1,False,False,18
gnn_ewc_replay,periodic,472,852,2,2018-02-21T17:58:32.781438,5000,0.0002,0.0002,0.0,4999,1,0,False,False,18
gnn_ewc_replay,periodic,473,853,2,2018-02-21T18:01:04.808759,5000,0.0002,0.0002,0.0,4999,0,1,False,False,18
gnn_ewc_replay,periodic,474,855,2,2018-02-21T18:07:29.910309,5000,0.0,0.0,0.0,5000,0,0,False,True,19
gnn_ewc_replay,periodic,475,856,2,2018-02-21T18:10:39.677287,5000,0.5256,0.5256,0.5256,5000,0,0,False,False,19
gnn_ewc_replay,periodic,476,858,2,2018-02-21T18:12:57.221842,5000,0.7262,0.7262,0.726,4999,1,0,False,False,19
gnn_ewc_replay,periodic,477,859,2,2018-02-21T18:13:56.466778,5000,0.7158,0.7158,0.7158,4979,0,21,False,False,19
gnn_ewc_replay,periodic,478,861,2,2018-02-21T18:15:53.910471,5000,0.6404,0.6404,0.6404,5000,0,0,False,False,19
gnn_ewc_replay,periodic,479,862,2,2018-02-21T18:16:48.564714,5000,0.6594,0.6594,0.6594,5000,0,0,False,False,19
gnn_ewc_replay,periodic,480,863,2,2018-02-21T18:17:44.733742,5000,0.7052,0.7052,0.7052,5000,0,0,False,False,19
gnn_ewc_replay,periodic,481,865,2,2018-02-21T18:19:41.727090,5000,0.6774,0.6774,0.6774,5000,0,0,False,False,19
gnn_ewc_replay,periodic,482,866,2,2018-02-21T18:20:38.999754,5000,0.6894,0.6894,0.6894,5000,0,0,False,False,19
gnn_ewc_replay,periodic,483,868,2,2018-02-21T18:22:33.140864,5000,0.6782,0.6782,0.6782,5000,0,0,False,False,19
gnn_ewc_replay,periodic,484,869,2,2018-02-21T18:23:27.249092,5000,0.6892,0.6892,0.6892,5000,0,0,False,False,19
gnn_ewc_replay,periodic,485,871,2,2018-02-21T18:25:24.554403,5000,0.6984,0.6984,0.6982,4999,1,0,False,False,19
gnn_ewc_replay,periodic,486,872,2,2018-02-21T18:26:24.070476,5000,0.7202,0.7202,0.7202,5000,0,0,False,False,19
gnn_ewc_replay,periodic,487,873,2,2018-02-21T18:27:23.621285,5000,0.7132,0.7132,0.7132,5000,0,0,False,False,19
gnn_ewc_replay,periodic,488,875,2,2018-02-21T18:29:23.774216,5000,0.6074,0.6074,0.6074,5000,0,0,False,False,19
gnn_ewc_replay,periodic,489,876,2,2018-02-21T18:30:18.657633,5000,0.6718,0.6718,0.6716,4999,1,0,False,False,19
gnn_ewc_replay,periodic,490,878,2,2018-02-21T18:32:22.078792,5000,0.6996,0.6996,0.6996,5000,0,0,False,False,19
gnn_ewc_replay,periodic,491,879,2,2018-02-21T18:33:28.362423,5000,0.6424,0.6424,0.6424,5000,0,0,False,False,19
gnn_ewc_replay,periodic,492,881,2,2018-02-21T18:35:32.929260,5000,0.683,0.683,0.683,5000,0,0,False,False,19
gnn_ewc_replay,periodic,493,882,2,2018-02-21T18:36:38.586837,5000,0.6572,0.6572,0.6572,4999,0,1,False,False,19
gnn_ewc_replay,periodic,494,883,2,2018-02-21T18:37:42.707071,5000,0.6594,0.6594,0.6594,5000,0,0,False,False,19
gnn_ewc_replay,periodic,495,885,2,2018-02-21T18:39:51.262574,5000,0.6614,0.6614,0.6614,5000,0,0,False,False,19
gnn_ewc_replay,periodic,496,886,2,2018-02-21T18:40:55.193704,5000,0.696,0.696,0.696,5000,0,0,False,False,19
gnn_ewc_replay,periodic,497,888,2,2018-02-21T18:43:13.151035,5000,0.5988,0.5988,0.5988,5000,0,0,False,False,19
gnn_ewc_replay,periodic,498,889,2,2018-02-21T18:44:14.879606,5000,0.5736,0.5736,0.5736,5000,0,0,False,False,19
gnn_ewc_replay,periodic,499,891,2,2018-02-21T18:46:22.131592,5000,0.6216,0.6216,0.6216,5000,0,0,False,True,20
gnn_ewc_replay,periodic,500,892,2,2018-02-21T18:47:29.433508,5000,0.0002,0.0002,0.6234,1882,3118,0,False,False,20
gnn_ewc_replay,periodic,501,893,2,2018-02-21T18:48:37.547513,5000,0.0,0.0,0.5768,2116,2884,0,False,False,20
gnn_ewc_replay,periodic,502,895,2,2018-02-21T18:50:48.669328,5000,0.0002,0.0002,0.6068,1965,3035,0,False,False,20
gnn_ewc_replay,periodic,503,896,2,2018-02-21T18:52:01.751987,5000,0.0004,0.0004,0.6274,1861,3139,0,False,False,20
gnn_ewc_replay,periodic,504,898,2,2018-02-21T18:54:34.081396,5000,0.0,0.0,0.5624,2188,2812,0,False,False,20
gnn_ewc_replay,periodic,505,899,2,2018-02-21T18:55:51.862246,5000,0.0002,0.0002,0.593,2034,2966,0,False,False,20
gnn_ewc_replay,periodic,506,901,2,2018-02-21T18:58:27.021799,5000,0.0,0.0,0.5522,2239,2761,0,False,False,20
gnn_ewc_replay,periodic,507,902,2,2018-02-21T18:59:44.178317,5000,0.0004,0.0004,0.5866,2065,2935,0,False,False,20
gnn_ewc_replay,periodic,508,903,2,2018-02-21T19:01:06.866127,5000,0.0,0.0,0.5768,2116,2884,0,False,False,20
gnn_ewc_replay,periodic,509,905,2,2018-02-21T19:03:55.186376,5000,0.0,0.0,0.5614,2193,2807,0,False,False,20
gnn_ewc_replay,periodic,510,906,2,2018-02-21T19:05:16.354567,5000,0.0006,0.0006,0.1266,4364,636,0,False,False,20
gnn_ewc_replay,periodic,511,908,2,2018-02-21T19:11:28.389861,5000,0.0,0.0,0.0,4999,0,1,False,False,20
gnn_ewc_replay,periodic,512,909,2,2018-02-21T19:14:14.552997,5000,0.0,0.0,0.0,5000,0,0,False,False,20
gnn_ewc_replay,periodic,513,911,2,2018-02-21T19:20:11.670699,5000,0.0,0.0,0.0,5000,0,0,False,False,20
gnn_ewc_replay,periodic,514,912,2,2018-02-21T19:23:16.430515,5000,0.0,0.0,0.0,5000,0,0,False,False,20
gnn_ewc_replay,periodic,515,913,2,2018-02-21T19:26:11.147775,5000,0.0,0.0,0.0,5000,0,0,False,False,20
gnn_ewc_replay,periodic,516,915,2,2018-02-21T19:32:12.461008,5000,0.0,0.0,0.0,5000,0,0,False,False,20
gnn_ewc_replay,periodic,517,916,2,2018-02-21T19:35:57.053192,5000,0.0,0.0,0.0,5000,0,0,False,False,20
gnn_ewc_replay,periodic,518,918,2,2018-02-21T19:42:39.002372,5000,0.0,0.0,0.0,5000,0,0,False,False,20
gnn_ewc_replay,periodic,519,919,2,2018-02-21T19:45:56.280969,5000,0.0,0.0,0.0,5000,0,0,False,False,20
gnn_ewc_replay,periodic,520,921,2,2018-02-21T19:52:46.033934,5000,0.0,0.0,0.0,4999,0,1,False,False,20
gnn_ewc_replay,periodic,521,922,2,2018-02-21T19:55:30.549351,5000,0.0,0.0,0.0,5000,0,0,False,False,20
gnn_ewc_replay,periodic,522,923,2,2018-02-21T19:58:47.617308,5000,0.0,0.0,0.0,5000,0,0,False,False,20
gnn_ewc_replay,periodic,523,925,2,2018-02-21T20:05:37.779293,5000,0.0,0.0,0.0,5000,0,0,False,False,20
gnn_ewc_replay,periodic,524,926,2,2018-02-21T20:08:47.732466,5000,0.0,0.0,0.0,5000,0,0,False,True,21
gnn_ewc_replay,periodic,525,928,2,2018-02-21T20:14:25.911503,5000,0.0,0.0,0.0,4999,0,1,False,False,21
gnn_ewc_replay,periodic,526,929,2,2018-02-21T20:17:12.508088,5000,0.0,0.0,0.0,5000,0,0,False,False,21
gnn_ewc_replay,periodic,527,931,2,2018-02-21T20:22:34.652384,5000,0.0,0.0,0.0,5000,0,0,False,False,21
gnn_ewc_replay,periodic,528,932,2,2018-02-21T20:25:36.227355,5000,0.0,0.0,0.0,5000,0,0,False,False,21
gnn_ewc_replay,periodic,529,933,2,2018-02-21T20:28:27.081522,5000,0.0,0.0,0.0,5000,0,0,False,False,21
gnn_ewc_replay,periodic,530,935,2,2018-02-21T20:34:07.230799,5000,0.0,0.0,0.0,5000,0,0,False,False,21
gnn_ewc_replay,periodic,531,936,2,2018-02-21T20:37:05.888882,5000,0.0,0.0,0.0,5000,0,0,False,False,21
gnn_ewc_replay,periodic,532,938,2,2018-02-21T20:42:50.974097,5000,0.0,0.0,0.0,5000,0,0,False,False,21
gnn_ewc_replay,periodic,533,939,2,2018-02-21T20:45:26.017299,5000,0.0,0.0,0.0,5000,0,0,False,False,21
gnn_ewc_replay,periodic,534,941,2,2018-02-21T20:51:09.809989,5000,0.0,0.0,0.0,5000,0,0,False,False,21
gnn_ewc_replay,periodic,535,942,2,2018-02-21T20:53:55.122043,5000,0.0,0.0,0.0,5000,0,0,False,False,21
gnn_ewc_replay,periodic,536,943,2,2018-02-21T20:56:55.048720,5000,0.0,0.0,0.0,5000,0,0,False,False,21
gnn_ewc_replay,periodic,537,945,2,2018-02-21T21:02:49.211416,5000,0.0,0.0,0.0,5000,0,0,False,False,21
gnn_ewc_replay,periodic,538,946,2,2018-02-21T21:07:24.981572,5000,0.0,0.0,0.0,5000,0,0,False,False,21
gnn_ewc_replay,periodic,539,948,2,2018-02-21T21:15:27.907170,5000,0.0,0.0,0.0,5000,0,0,False,False,21
gnn_ewc_replay,periodic,540,949,2,2018-02-21T21:18:57.456495,5000,0.0,0.0,0.0,5000,0,0,False,False,21
gnn_ewc_replay,periodic,541,951,2,2018-02-21T21:27:31.818947,5000,0.0,0.0,0.0,5000,0,0,False,False,21
gnn_ewc_replay,periodic,542,952,2,2018-02-21T21:34:23.596059,5000,0.0,0.0,0.0,5000,0,0,False,False,21
gnn_ewc_replay,periodic,543,953,2,2018-02-22T12:22:54.529632,5000,0.0,0.0,0.0,4999,0,1,False,False,21
gnn_ewc_replay,periodic,544,955,2,2018-02-22T12:27:12.388977,5000,0.0,0.0,0.0,5000,0,0,False,False,21
gnn_ewc_replay,periodic,545,956,2,2018-02-22T12:29:27.352468,5000,0.0,0.0,0.0,5000,0,0,False,False,21
gnn_ewc_replay,periodic,546,958,2,2018-02-22T12:35:27.445278,5000,0.0,0.0,0.0,5000,0,0,False,False,21
gnn_ewc_replay,periodic,547,959,2,2018-02-22T12:37:47.622535,5000,0.0,0.0,0.0,5000,0,0,False,False,21
gnn_ewc_replay,periodic,548,961,2,2018-02-22T12:43:49.286020,5000,0.0,0.0,0.0,5000,0,0,False,False,21
gnn_ewc_replay,periodic,549,962,2,2018-02-22T12:46:47.899133,5000,0.0,0.0,0.0,5000,0,0,False,True,22
gnn_ewc_replay,periodic,550,963,2,2018-02-22T12:49:47.587430,5000,0.0,0.0,0.0,5000,0,0,False,False,22
gnn_ewc_replay,periodic,551,965,2,2018-02-22T12:55:00.343632,5000,0.0,0.0,0.0,5000,0,0,False,False,22
gnn_ewc_replay,periodic,552,966,2,2018-02-22T12:58:16.423411,5000,0.0,0.0,0.0,5000,0,0,False,False,22
gnn_ewc_replay,periodic,553,968,2,2018-02-22T13:03:25.342616,5000,0.0,0.0,0.0,5000,0,0,False,False,22
gnn_ewc_replay,periodic,554,969,2,2018-02-22T13:06:20.276523,5000,0.0,0.0,0.0,5000,0,0,False,False,22
gnn_ewc_replay,periodic,555,971,2,2018-02-22T13:12:13.742783,5000,0.0,0.0,0.0,5000,0,0,False,False,22
gnn_ewc_replay,periodic,556,972,2,2018-02-22T13:15:14.200920,5000,0.0,0.0,0.0,5000,0,0,False,False,22
gnn_ewc_replay,periodic,557,973,2,2018-02-22T13:17:51.212302,5000,0.0,0.0,0.0,5000,0,0,False,False,22
gnn_ewc_replay,periodic,558,975,2,2018-02-22T13:23:49.752711,5000,0.0,0.0,0.0,5000,0,0,False,False,22
gnn_ewc_replay,periodic,559,976,2,2018-02-22T13:26:50.170406,5000,0.0,0.0,0.0,5000,0,0,False,False,22
gnn_ewc_replay,periodic,560,978,2,2018-02-22T13:31:59.369100,5000,0.0,0.0,0.0,5000,0,0,False,False,22
gnn_ewc_replay,periodic,561,979,2,2018-02-22T13:35:02.349131,5000,0.0,0.0,0.0,5000,0,0,False,False,22
gnn_ewc_replay,periodic,562,981,2,2018-02-22T13:40:44.414617,5000,0.0,0.0,0.0,5000,0,0,False,False,22
gnn_ewc_replay,periodic,563,982,2,2018-02-22T13:43:37.016733,5000,0.0,0.0,0.0,5000,0,0,False,False,22
gnn_ewc_replay,periodic,564,983,2,2018-02-22T13:46:12.432471,5000,0.0,0.0,0.0,5000,0,0,False,False,22
gnn_ewc_replay,periodic,565,985,2,2018-02-22T13:51:52.536801,5000,0.0,0.0,0.0,5000,0,0,False,False,22
gnn_ewc_replay,periodic,566,986,2,2018-02-22T13:54:14.118264,5000,0.0,0.0,0.0,5000,0,0,False,False,22
gnn_ewc_replay,periodic,567,988,2,2018-02-22T13:59:42.540775,5000,0.0,0.0,0.0,5000,0,0,False,False,22
gnn_ewc_replay,periodic,568,989,2,2018-02-22T14:02:51.580757,5000,0.0,0.0,0.0,5000,0,0,False,False,22
gnn_ewc_replay,periodic,569,991,2,2018-02-22T14:09:28.178823,5000,0.0,0.0,0.0,5000,0,0,False,False,22
gnn_ewc_replay,periodic,570,992,2,2018-02-22T14:12:07.043409,5000,0.0,0.0,0.0,5000,0,0,False,False,22
gnn_ewc_replay,periodic,571,993,2,2018-02-22T14:15:24.387773,5000,0.0,0.0,0.0,5000,0,0,False,False,22
gnn_ewc_replay,periodic,572,995,2,2018-02-22T14:21:40.014524,5000,0.0,0.0,0.0,5000,0,0,False,False,22
gnn_ewc_replay,periodic,573,996,2,2018-02-22T14:24:07.374723,5000,0.0002,0.0002,0.0002,5000,0,0,False,False,22
gnn_ewc_replay,periodic,574,998,2,2018-02-22T14:29:13.649442,5000,0.0002,0.0002,0.0002,5000,0,0,False,True,23
gnn_ewc_replay,periodic,575,999,2,2018-02-22T14:32:16.171190,5000,0.0002,0.0002,0.0,4999,1,0,False,False,23
gnn_ewc_replay,periodic,576,1001,2,2018-02-22T14:38:03.075220,5000,0.0002,0.0002,0.0,4999,0,1,False,False,23
gnn_ewc_replay,periodic,577,1002,2,2018-02-22T14:40:47.690179,5000,0.0,0.0,0.0,5000,0,0,False,False,23
gnn_ewc_replay,periodic,578,1003,2,2018-02-22T14:43:23.320540,5000,0.0,0.0,0.0002,4999,1,0,False,False,23
gnn_ewc_replay,periodic,579,1005,2,2018-02-22T14:49:21.214144,5000,0.0,0.0,0.0,5000,0,0,False,False,23
gnn_ewc_replay,periodic,580,1006,2,2018-02-22T14:51:41.261166,5000,0.0002,0.0002,0.0,4999,1,0,False,False,23
gnn_ewc_replay,periodic,581,1008,2,2018-02-22T14:56:43.081874,5000,0.0,0.0,0.0,5000,0,0,False,False,23
gnn_ewc_replay,periodic,582,1009,2,2018-02-22T14:59:24.671546,5000,0.0,0.0,0.0,5000,0,0,False,False,23
gnn_ewc_replay,periodic,583,1011,2,2018-02-22T15:04:45.705989,5000,0.0,0.0,0.0,5000,0,0,False,False,23
gnn_ewc_replay,periodic,584,1012,2,2018-02-22T15:07:09.237370,5000,0.0,0.0,0.0,5000,0,0,False,False,23
gnn_ewc_replay,periodic,585,1013,2,2018-02-22T15:09:51.412721,5000,0.0,0.0,0.0002,4998,0,2,False,False,23
gnn_ewc_replay,periodic,586,1015,2,2018-02-22T15:15:18.999894,5000,0.0,0.0,0.0,5000,0,0,False,False,23
gnn_ewc_replay,periodic,587,1016,2,2018-02-22T15:17:54.695711,5000,0.0,0.0,0.0,5000,0,0,False,False,23
gnn_ewc_replay,periodic,588,1018,2,2018-02-22T15:22:22.433254,5000,0.0,0.0,0.0,5000,0,0,False,False,23
gnn_ewc_replay,periodic,589,1019,2,2018-02-22T15:25:03.738097,5000,0.0,0.0,0.0,5000,0,0,False,False,23
gnn_ewc_replay,periodic,590,1021,2,2018-02-22T15:30:44.544653,5000,0.0,0.0,0.0,5000,0,0,False,False,23
gnn_ewc_replay,periodic,591,1022,2,2018-02-22T15:32:58.354207,5000,0.0004,0.0004,0.0,4998,2,0,False,False,23
gnn_ewc_replay,periodic,592,1023,2,2018-02-22T15:36:01.093836,5000,0.0,0.0,0.0,5000,0,0,False,False,23
gnn_ewc_replay,periodic,593,1025,2,2018-02-22T15:41:14.959602,5000,0.0,0.0,0.0,5000,0,0,False,False,23
gnn_ewc_replay,periodic,594,1026,2,2018-02-22T15:44:11.291771,5000,0.0,0.0,0.0,5000,0,0,False,False,23
gnn_ewc_replay,periodic,595,1028,2,2018-02-22T15:49:17.610078,5000,0.0,0.0,0.0,5000,0,0,False,False,23
gnn_ewc_replay,periodic,596,1029,2,2018-02-22T15:51:40.029913,5000,0.0,0.0,0.0,5000,0,0,False,False,23
gnn_ewc_replay,periodic,597,1031,2,2018-02-22T15:56:27.016540,5000,0.0,0.0,0.0,5000,0,0,False,False,23
gnn_ewc_replay,periodic,598,1032,2,2018-02-22T15:58:49.204845,5000,0.0002,0.0002,0.0,4999,0,1,False,False,23
gnn_ewc_replay,periodic,599,1033,2,2018-02-22T16:01:05.980538,5000,0.0,0.0,0.0,5000,0,0,False,True,24
gnn_ewc_replay,periodic,600,1035,2,2018-02-22T16:07:50.911907,5000,0.0,0.0,0.0,5000,0,0,False,False,24
gnn_ewc_replay,periodic,601,1036,2,2018-02-22T16:12:11.784010,5000,0.0,0.0,0.0,5000,0,0,False,False,24
gnn_ewc_replay,periodic,602,1038,2,2018-02-22T16:19:02.533051,5000,0.0,0.0,0.0,5000,0,0,False,False,24
gnn_ewc_replay,periodic,603,1039,2,2018-02-22T16:22:14.999146,5000,0.0,0.0,0.0,5000,0,0,False,False,24
gnn_ewc_replay,periodic,604,1041,2,2018-02-22T16:28:56.728660,5000,0.0,0.0,0.0,5000,0,0,False,False,24
gnn_ewc_replay,periodic,605,1042,2,2018-02-22T16:31:57.856987,5000,0.0,0.0,0.0,5000,0,0,False,False,24
gnn_ewc_replay,periodic,606,1043,2,2018-02-22T16:35:33.892869,2397,0.0,0.0,0.0,2397,0,0,False,False,24
gnn_ewc_replay,periodic,607,1044,3,2018-02-22T16:37:34.655567,5000,0.0,0.0,0.0,5000,0,0,False,False,24
gnn_ewc_replay,periodic,608,1045,3,2018-02-22T16:42:29.645176,5000,0.0,0.0,0.0,5000,0,0,False,False,24
gnn_ewc_replay,periodic,609,1047,3,2018-02-22T16:51:04.075683,5000,0.0002,0.0002,0.0,4999,1,0,False,False,24
gnn_ewc_replay,periodic,610,1048,3,2018-02-22T16:55:04.424761,5000,0.0,0.0,0.0,5000,0,0,False,False,24
gnn_ewc_replay,periodic,611,1050,3,2018-02-22T17:02:40.002973,5000,0.0,0.0,0.0,4999,0,1,False,False,24
gnn_ewc_replay,periodic,612,1051,3,2018-02-22T17:07:25.580912,5000,0.0,0.0,0.0,5000,0,0,False,False,24
gnn_ewc_replay,periodic,613,1053,3,2018-02-22T17:14:13.608167,5000,0.0,0.0,0.0,5000,0,0,False,False,24
gnn_ewc_replay,periodic,614,1054,3,2018-02-22T17:17:01.680245,5000,0.0,0.0,0.0,5000,0,0,False,False,24
gnn_ewc_replay,periodic,615,1055,3,2018-02-22T17:20:15.804740,5000,0.0002,0.0002,0.0,4999,0,1,False,False,24
gnn_ewc_replay,periodic,616,1057,3,2018-02-22T17:26:43.928911,5000,0.0,0.0,0.0,5000,0,0,False,False,24
gnn_ewc_replay,periodic,617,1058,3,2018-02-22T17:29:30.546148,5000,0.0,0.0,0.0,5000,0,0,False,False,24
gnn_ewc_replay,periodic,618,1060,3,2018-02-22T17:35:26.255610,5000,0.0,0.0,0.0,5000,0,0,False,False,24
gnn_ewc_replay,periodic,619,1061,3,2018-02-22T17:38:22.408162,5000,0.0,0.0,0.0,5000,0,0,False,False,24
gnn_ewc_replay,periodic,620,1063,3,2018-02-22T17:43:42.821178,5000,0.0,0.0,0.0,5000,0,0,False,False,24
gnn_ewc_replay,periodic,621,1064,3,2018-02-22T17:46:31.621801,5000,0.0,0.0,0.0,5000,0,0,False,False,24
gnn_ewc_replay,periodic,622,1065,3,2018-02-22T17:49:21.226210,5000,0.0008,0.0008,0.0,4996,0,4,False,False,24
gnn_ewc_replay,periodic,623,1067,3,2018-02-22T17:54:59.589602,5000,0.0,0.0,0.0,5000,0,0,False,False,24
gnn_ewc_replay,periodic,624,1068,3,2018-02-22T17:57:53.315638,5000,0.0002,0.0002,0.0,4999,0,1,False,True,25
gnn_ewc_replay,periodic,625,1070,3,2018-02-22T18:03:45.799563,5000,0.0,0.0,0.0,5000,0,0,False,False,25
gnn_ewc_replay,periodic,626,1071,3,2018-02-22T18:07:10.867855,5000,0.0,0.0,0.0,5000,0,0,False,False,25
gnn_ewc_replay,periodic,627,1073,3,2018-02-22T18:13:11.243943,5000,0.0,0.0,0.0,5000,0,0,False,False,25
gnn_ewc_replay,periodic,628,1074,3,2018-02-22T18:16:01.882227,5000,0.0,0.0,0.0,5000,0,0,False,False,25
gnn_ewc_replay,periodic,629,1075,3,2018-02-22T18:18:50.867777,5000,0.0,0.0,0.0,5000,0,0,False,False,25
gnn_ewc_replay,periodic,630,1077,3,2018-02-22T18:24:57.234677,5000,0.0,0.0,0.0,5000,0,0,False,False,25
gnn_ewc_replay,periodic,631,1078,3,2018-02-22T18:28:07.099354,5000,0.0,0.0,0.0002,4999,1,0,False,False,25
gnn_ewc_replay,periodic,632,1080,3,2018-02-22T18:34:23.474688,5000,0.0,0.0,0.0,5000,0,0,False,False,25
gnn_ewc_replay,periodic,633,1081,3,2018-02-22T18:37:55.750536,5000,0.0,0.0,0.0,5000,0,0,False,False,25
gnn_ewc_replay,periodic,634,1083,3,2018-02-22T18:43:55.261480,5000,0.0,0.0,0.0,5000,0,0,False,False,25
gnn_ewc_replay,periodic,635,1084,3,2018-02-22T18:46:36.847575,5000,0.0,0.0,0.0,5000,0,0,False,False,25
gnn_ewc_replay,periodic,636,1085,3,2018-02-22T18:49:46.215557,5000,0.0006,0.0006,0.0,4997,3,0,False,False,25
gnn_ewc_replay,periodic,637,1087,3,2018-02-22T18:55:55.775994,5000,0.0,0.0,0.0,5000,0,0,False,False,25
gnn_ewc_replay,periodic,638,1088,3,2018-02-22T18:58:47.853237,5000,0.0,0.0,0.0,5000,0,0,False,False,25
gnn_ewc_replay,periodic,639,1090,3,2018-02-22T19:05:04.507172,5000,0.0,0.0,0.0,5000,0,0,False,False,25
gnn_ewc_replay,periodic,640,1091,3,2018-02-22T19:07:48.446707,5000,0.0,0.0,0.0,5000,0,0,False,False,25
gnn_ewc_replay,periodic,641,1093,3,2018-02-22T19:13:35.912581,5000,0.0,0.0,0.0,5000,0,0,False,False,25
gnn_ewc_replay,periodic,642,1094,3,2018-02-22T19:16:33.447960,5000,0.0,0.0,0.0,5000,0,0,False,False,25
gnn_ewc_replay,periodic,643,1095,3,2018-02-22T19:19:21.623763,5000,0.0,0.0,0.0,5000,0,0,False,False,25
gnn_ewc_replay,periodic,644,1097,3,2018-02-22T19:25:32.357316,5000,0.0,0.0,0.0,5000,0,0,False,False,25
gnn_ewc_replay,periodic,645,1098,3,2018-02-22T19:28:20.639054,5000,0.0,0.0,0.0,5000,0,0,False,False,25
gnn_ewc_replay,periodic,646,1100,3,2018-02-22T19:34:28.978909,5000,0.0,0.0,0.0,5000,0,0,False,False,25
gnn_ewc_replay,periodic,647,1101,3,2018-02-22T19:37:28.358013,5000,0.0,0.0,0.0,5000,0,0,False,False,25
gnn_ewc_replay,periodic,648,1103,3,2018-02-22T19:43:44.587729,5000,0.0,0.0,0.0,5000,0,0,False,False,25
gnn_ewc_replay,periodic,649,1104,3,2018-02-22T19:47:05.950804,5000,0.0,0.0,0.0,5000,0,0,False,True,26
gnn_ewc_replay,periodic,650,1105,3,2018-02-22T19:50:14.865514,5000,0.0,0.0,0.0,5000,0,0,False,False,26
gnn_ewc_replay,periodic,651,1107,3,2018-02-22T19:56:49.723192,5000,0.0,0.0,0.0,5000,0,0,False,False,26
gnn_ewc_replay,periodic,652,1108,3,2018-02-22T20:00:08.334881,5000,0.0,0.0,0.0,5000,0,0,False,False,26
gnn_ewc_replay,periodic,653,1110,3,2018-02-22T20:06:29.811638,5000,0.0,0.0,0.0,5000,0,0,False,False,26
gnn_ewc_replay,periodic,654,1111,3,2018-02-22T20:09:30.641709,5000,0.0,0.0,0.0,5000,0,0,False,False,26
gnn_ewc_replay,periodic,655,1113,3,2018-02-22T20:15:49.186124,5000,0.0002,0.0002,0.0002,5000,0,0,False,False,26
gnn_ewc_replay,periodic,656,1114,3,2018-02-22T20:18:45.311403,5000,0.0,0.0,0.0,5000,0,0,False,False,26
gnn_ewc_replay,periodic,657,1115,3,2018-02-22T20:21:42.578114,5000,0.0002,0.0002,0.0002,5000,0,0,False,False,26
gnn_ewc_replay,periodic,658,1117,3,2018-02-22T20:27:44.424326,5000,0.0002,0.0002,0.0,4999,0,1,False,False,26
gnn_ewc_replay,periodic,659,1118,3,2018-02-22T20:30:58.592686,5000,0.0,0.0,0.0,5000,0,0,False,False,26
gnn_ewc_replay,periodic,660,1120,3,2018-02-22T20:36:32.245831,5000,0.0,0.0,0.0,5000,0,0,False,False,26
gnn_ewc_replay,periodic,661,1121,3,2018-02-22T20:39:30.368391,5000,0.0,0.0,0.0,5000,0,0,False,False,26
gnn_ewc_replay,periodic,662,1123,3,2018-02-22T20:45:02.663145,5000,0.0,0.0,0.0,5000,0,0,False,False,26
gnn_ewc_replay,periodic,663,1124,3,2018-02-22T20:48:19.360224,5000,0.0,0.0,0.0,5000,0,0,False,False,26
gnn_ewc_replay,periodic,664,1125,3,2018-02-22T20:51:22.486910,5000,0.0,0.0,0.0,5000,0,0,False,False,26
gnn_ewc_replay,periodic,665,1127,3,2018-02-22T20:57:55.717537,5000,0.0,0.0,0.0,5000,0,0,False,False,26
gnn_ewc_replay,periodic,666,1128,3,2018-02-22T21:00:52.327056,5000,0.0,0.0,0.0,5000,0,0,False,False,26
gnn_ewc_replay,periodic,667,1130,3,2018-02-22T21:09:32.662576,5000,0.0,0.0,0.0,5000,0,0,False,False,26
gnn_ewc_replay,periodic,668,1131,3,2018-02-22T21:13:59.879001,5000,0.0002,0.0002,0.0,4998,0,2,False,False,26
gnn_ewc_replay,periodic,669,1133,3,2018-02-22T21:22:46.707931,5000,0.0,0.0,0.0,5000,0,0,False,False,26
gnn_ewc_replay,periodic,670,1134,3,2018-02-22T21:27:58.541642,5000,0.0008,0.0008,0.0,4996,2,2,False,False,26
gnn_ewc_replay,periodic,671,1135,3,2018-02-22T21:49:25.834671,5000,0.0,0.0,0.0,5000,0,0,False,False,26
gnn_ewc_replay,periodic,672,1137,3,2018-02-23T12:19:09.413188,5000,0.0,0.0,0.0,5000,0,0,False,False,26
gnn_ewc_replay,periodic,673,1138,3,2018-02-23T12:21:29.311210,5000,0.0,0.0,0.0,5000,0,0,False,False,26
gnn_ewc_replay,periodic,674,1140,3,2018-02-23T12:26:38.432842,5000,0.0,0.0,0.0,5000,0,0,False,True,27
gnn_ewc_replay,periodic,675,1141,3,2018-02-23T12:29:34.990274,5000,0.0,0.0,0.0,5000,0,0,False,False,27
gnn_ewc_replay,periodic,676,1143,3,2018-02-23T12:35:46.065983,5000,0.0004,0.0004,0.0,4998,2,0,False,False,27
gnn_ewc_replay,periodic,677,1144,3,2018-02-23T12:39:04.356638,5000,0.0,0.0,0.0,5000,0,0,False,False,27
gnn_ewc_replay,periodic,678,1145,3,2018-02-23T12:42:22.320533,5000,0.0002,0.0002,0.0,4999,1,0,False,False,27
gnn_ewc_replay,periodic,679,1147,3,2018-02-23T12:47:45.613380,5000,0.0,0.0,0.0,5000,0,0,False,False,27
gnn_ewc_replay,periodic,680,1148,3,2018-02-23T12:50:30.878954,5000,0.0,0.0,0.0,5000,0,0,False,False,27
gnn_ewc_replay,periodic,681,1150,3,2018-02-23T12:56:15.896786,5000,0.0,0.0,0.0,5000,0,0,False,False,27
gnn_ewc_replay,periodic,682,1151,3,2018-02-23T12:58:52.453245,5000,0.0,0.0,0.0,4999,0,1,False,False,27
gnn_ewc_replay,periodic,683,1153,3,2018-02-23T13:05:38.989341,5000,0.0,0.0,0.0,5000,0,0,False,False,27
gnn_ewc_replay,periodic,684,1154,3,2018-02-23T13:09:20.114860,5000,0.0002,0.0002,0.0,4999,1,0,False,False,27
gnn_ewc_replay,periodic,685,1155,3,2018-02-23T13:12:11.752301,5000,0.0002,0.0002,0.0,4999,0,1,False,False,27
gnn_ewc_replay,periodic,686,1157,3,2018-02-23T13:18:32.169503,5000,0.0004,0.0004,0.0,4998,2,0,False,False,27
gnn_ewc_replay,periodic,687,1158,3,2018-02-23T13:21:19.061604,5000,0.0002,0.0002,0.0,4999,1,0,False,False,27
gnn_ewc_replay,periodic,688,1160,3,2018-02-23T13:27:31.126923,5000,0.0,0.0,0.0,5000,0,0,False,False,27
gnn_ewc_replay,periodic,689,1161,3,2018-02-23T13:30:09.515561,5000,0.0006,0.0006,0.0,4997,2,1,False,False,27
gnn_ewc_replay,periodic,690,1163,3,2018-02-23T13:36:12.594628,5000,0.0,0.0,0.0,5000,0,0,False,False,27
gnn_ewc_replay,periodic,691,1164,3,2018-02-23T13:38:39.776922,5000,0.0004,0.0004,0.0,4998,2,0,False,False,27
gnn_ewc_replay,periodic,692,1165,3,2018-02-23T13:41:45.046582,5000,0.0,0.0,0.0,5000,0,0,False,False,27
gnn_ewc_replay,periodic,693,1167,3,2018-02-23T13:46:50.083322,5000,0.0,0.0,0.0,5000,0,0,False,False,27
gnn_ewc_replay,periodic,694,1168,3,2018-02-23T13:49:32.621200,5000,0.0002,0.0002,0.0,4999,0,1,False,False,27
gnn_ewc_replay,periodic,695,1170,3,2018-02-23T13:55:07.946880,5000,0.0,0.0,0.0,5000,0,0,False,False,27
gnn_ewc_replay,periodic,696,1171,3,2018-02-23T13:57:55.985829,5000,0.0,0.0,0.0,5000,0,0,False,False,27
gnn_ewc_replay,periodic,697,1173,3,2018-02-23T14:03:41.073206,5000,0.0,0.0,0.0,5000,0,0,False,False,27
gnn_ewc_replay,periodic,698,1174,3,2018-02-23T14:06:05.109537,5000,0.0002,0.0002,0.0,4999,0,1,False,False,27
gnn_ewc_replay,periodic,699,1175,3,2018-02-23T14:09:06.028000,5000,0.0,0.0,0.0004,4998,2,0,False,True,28
gnn_ewc_replay,periodic,700,1177,3,2018-02-23T14:15:33.581575,5000,0.0,0.0,0.0,5000,0,0,False,False,28
gnn_ewc_replay,periodic,701,1178,3,2018-02-23T14:18:00.745619,5000,0.0,0.0,0.0,5000,0,0,False,False,28
gnn_ewc_replay,periodic,702,1180,3,2018-02-23T14:23:00.014529,5000,0.0002,0.0002,0.0002,5000,0,0,False,False,28
gnn_ewc_replay,periodic,703,1181,3,2018-02-23T14:26:30.212557,5000,0.0,0.0,0.0004,4998,2,0,False,False,28
gnn_ewc_replay,periodic,704,1183,3,2018-02-23T14:31:58.475941,5000,0.0,0.0,0.0002,4999,1,0,False,False,28
gnn_ewc_replay,periodic,705,1184,3,2018-02-23T14:34:52.154394,5000,0.0002,0.0002,0.0,4999,1,0,False,False,28
gnn_ewc_replay,periodic,706,1185,3,2018-02-23T14:37:46.334109,5000,0.0,0.0,0.0,5000,0,0,False,False,28
gnn_ewc_replay,periodic,707,1187,3,2018-02-23T14:43:36.607549,5000,0.0002,0.0002,0.0,4999,0,1,False,False,28
gnn_ewc_replay,periodic,708,1188,3,2018-02-23T14:45:56.733954,5000,0.0,0.0,0.0002,4999,1,0,False,False,28
gnn_ewc_replay,periodic,709,1190,3,2018-02-23T14:51:11.567659,5000,0.0,0.0,0.0,5000,0,0,False,False,28
gnn_ewc_replay,periodic,710,1191,3,2018-02-23T14:53:55.266486,5000,0.0,0.0,0.0,5000,0,0,False,False,28
gnn_ewc_replay,periodic,711,1193,3,2018-02-23T14:59:08.447524,5000,0.0002,0.0002,0.0,4999,1,0,False,False,28
gnn_ewc_replay,periodic,712,1194,3,2018-02-23T15:01:53.262327,5000,0.0,0.0,0.0,5000,0,0,False,False,28
gnn_ewc_replay,periodic,713,1195,3,2018-02-23T15:04:36.624933,5000,0.0,0.0,0.0,5000,0,0,False,False,28
gnn_ewc_replay,periodic,714,1197,3,2018-02-23T15:10:27.717534,5000,0.0,0.0,0.0,5000,0,0,False,False,28
gnn_ewc_replay,periodic,715,1198,3,2018-02-23T15:12:46.906000,5000,0.0,0.0,0.0,5000,0,0,False,False,28
gnn_ewc_replay,periodic,716,1200,3,2018-02-23T15:17:58.396117,5000,0.0,0.0,0.0,5000,0,0,False,False,28
gnn_ewc_replay,periodic,717,1201,3,2018-02-23T15:20:30.772290,5000,0.0,0.0,0.0,5000,0,0,False,False,28
gnn_ewc_replay,periodic,718,1203,3,2018-02-23T15:25:48.035278,5000,0.0,0.0,0.0,5000,0,0,False,False,28
gnn_ewc_replay,periodic,719,1204,3,2018-02-23T15:28:30.739814,5000,0.0,0.0,0.0,5000,0,0,False,False,28
gnn_ewc_replay,periodic,720,1205,3,2018-02-23T15:31:10.123681,5000,0.0002,0.0002,0.0,4999,1,0,False,False,28
gnn_ewc_replay,periodic,721,1207,3,2018-02-23T15:37:05.863562,5000,0.0,0.0,0.0,5000,0,0,False,False,28
gnn_ewc_replay,periodic,722,1208,3,2018-02-23T15:39:48.518342,5000,0.0,0.0,0.0,5000,0,0,False,False,28
gnn_ewc_replay,periodic,723,1210,3,2018-02-23T15:45:11.926641,5000,0.0002,0.0002,0.0,4999,1,0,False,False,28
gnn_ewc_replay,periodic,724,1211,3,2018-02-23T15:47:50.059692,5000,0.0,0.0,0.0,5000,0,0,False,True,29
gnn_ewc_replay,periodic,725,1213,3,2018-02-23T15:53:19.035799,5000,0.0,0.0,0.0,5000,0,0,False,False,29
gnn_ewc_replay,periodic,726,1214,3,2018-02-23T15:56:14.772567,5000,0.0,0.0,0.0,5000,0,0,False,False,29
gnn_ewc_replay,periodic,727,1215,3,2018-02-23T15:58:53.688379,5000,0.0,0.0,0.0,5000,0,0,False,False,29
gnn_ewc_replay,periodic,728,1217,3,2018-02-23T16:05:41.207430,5000,0.0,0.0,0.0,5000,0,0,False,False,29
gnn_ewc_replay,periodic,729,1218,3,2018-02-23T16:10:02.413066,5000,0.0,0.0,0.0,5000,0,0,False,False,29
gnn_ewc_replay,periodic,730,1220,3,2018-02-23T16:17:44.426538,5000,0.0,0.0,0.0,5000,0,0,False,False,29
gnn_ewc_replay,periodic,731,1221,3,2018-02-23T16:21:10.297425,5000,0.0004,0.0004,0.0,4998,1,1,False,False,29
gnn_ewc_replay,periodic,732,1223,3,2018-02-23T16:29:08.115870,5000,0.0,0.0,0.0,5000,0,0,False,False,29
gnn_ewc_replay,periodic,733,1224,3,2018-02-23T16:33:10.671253,5000,0.0,0.0,0.0,5000,0,0,False,False,29
gnn_ewc_replay,periodic,734,1225,3,2018-02-23T16:37:26.898811,5000,0.0,0.0,0.0,5000,0,0,False,False,29
gnn_ewc_replay,periodic,735,1227,3,2018-02-23T16:46:46.164231,5000,0.0,0.0,0.0,5000,0,0,False,False,29
gnn_ewc_replay,periodic,736,1228,3,2018-02-23T16:50:59.342386,5000,0.0,0.0,0.0,5000,0,0,False,False,29
gnn_ewc_replay,periodic,737,1230,3,2018-02-23T17:00:07.860786,5000,0.0,0.0,0.0,5000,0,0,False,False,29
gnn_ewc_replay,periodic,738,1231,3,2018-02-23T17:05:03.396238,5000,0.0,0.0,0.0002,4999,1,0,False,False,29
gnn_ewc_replay,periodic,739,1233,3,2018-02-23T17:12:25.620552,5000,0.0,0.0,0.0002,4998,1,1,False,False,29
gnn_ewc_replay,periodic,740,1234,3,2018-02-23T17:15:34.943329,5000,0.0002,0.0002,0.0,4999,0,1,False,False,29
gnn_ewc_replay,periodic,741,1235,3,2018-02-23T17:19:13.792941,5000,0.0,0.0,0.0,5000,0,0,False,False,29
gnn_ewc_replay,periodic,742,1237,3,2018-02-23T17:26:01.631852,5000,0.0,0.0,0.0002,4999,1,0,False,False,29
gnn_ewc_replay,periodic,743,1238,3,2018-02-23T17:29:13.887991,5000,0.0002,0.0002,0.0002,4998,2,0,False,False,29
gnn_ewc_replay,periodic,744,1240,3,2018-02-23T17:35:37.033764,5000,0.0,0.0,0.0,5000,0,0,False,False,29
gnn_ewc_replay,periodic,745,1241,3,2018-02-23T17:38:16.363984,5000,0.0,0.0,0.0002,4999,1,0,False,False,29
gnn_ewc_replay,periodic,746,1243,3,2018-02-23T17:43:49.857087,5000,0.0,0.0,0.0,5000,0,0,False,False,29
gnn_ewc_replay,periodic,747,1244,3,2018-02-23T17:46:42.635967,5000,0.0,0.0,0.0002,4999,1,0,False,False,29
gnn_ewc_replay,periodic,748,1245,3,2018-02-23T17:49:57.746133,5000,0.0002,0.0002,0.0,4999,0,1,False,False,29
gnn_ewc_replay,periodic,749,1247,3,2018-02-23T17:55:48.699034,5000,0.0,0.0,0.0002,4999,1,0,False,True,30
gnn_ewc_replay,periodic,750,1248,3,2018-02-23T17:58:52.281133,5000,0.0,0.0,0.0002,4999,1,0,False,False,30
gnn_ewc_replay,periodic,751,1250,3,2018-02-23T18:04:48.367862,5000,0.0,0.0,0.0,5000,0,0,False,False,30
gnn_ewc_replay,periodic,752,1251,3,2018-02-23T18:08:14.591926,5000,0.0,0.0,0.0,5000,0,0,False,False,30
gnn_ewc_replay,periodic,753,1253,3,2018-02-23T18:14:52.243703,5000,0.0,0.0,0.0,5000,0,0,False,False,30
gnn_ewc_replay,periodic,754,1254,3,2018-02-23T18:18:11.941351,5000,0.0,0.0,0.0,5000,0,0,False,False,30
gnn_ewc_replay,periodic,755,1255,3,2018-02-23T18:21:40.551335,5000,0.0,0.0,0.0,5000,0,0,False,False,30
gnn_ewc_replay,periodic,756,1257,3,2018-02-23T18:28:30.015996,5000,0.0,0.0,0.0,5000,0,0,False,False,30
gnn_ewc_replay,periodic,757,1258,3,2018-02-23T18:31:27.836891,5000,0.0004,0.0004,0.0,4998,2,0,False,False,30
gnn_ewc_replay,periodic,758,1260,3,2018-02-23T18:37:42.976461,5000,0.0002,0.0002,0.0,4999,1,0,False,False,30
gnn_ewc_replay,periodic,759,1261,3,2018-02-23T18:41:19.595475,5000,0.0,0.0,0.0,5000,0,0,False,False,30
gnn_ewc_replay,periodic,760,1263,3,2018-02-23T18:47:45.126894,5000,0.0,0.0,0.0,5000,0,0,False,False,30
gnn_ewc_replay,periodic,761,1264,3,2018-02-23T18:51:18.180413,5000,0.0,0.0,0.0,5000,0,0,False,False,30
gnn_ewc_replay,periodic,762,1265,3,2018-02-23T18:55:03.901317,5000,0.0002,0.0002,0.0,4999,1,0,False,False,30
gnn_ewc_replay,periodic,763,1267,3,2018-02-23T19:00:49.229977,5000,0.0,0.0,0.0,5000,0,0,False,False,30
gnn_ewc_replay,periodic,764,1268,3,2018-02-23T19:03:48.711884,5000,0.0002,0.0002,0.0002,4998,2,0,False,False,30
gnn_ewc_replay,periodic,765,1270,3,2018-02-23T19:10:06.621920,5000,0.0004,0.0004,0.0002,4999,1,0,False,False,30
gnn_ewc_replay,periodic,766,1271,3,2018-02-23T19:13:22.474245,5000,0.0006,0.0006,0.0006,4997,0,3,False,False,30
gnn_ewc_replay,periodic,767,1273,3,2018-02-23T19:19:29.224932,5000,0.0,0.0,0.0,5000,0,0,False,False,30
gnn_ewc_replay,periodic,768,1274,3,2018-02-23T19:22:50.355858,5000,0.0,0.0,0.0,5000,0,0,False,False,30
gnn_ewc_replay,periodic,769,1275,3,2018-02-23T19:25:49.835989,5000,0.0,0.0,0.0,5000,0,0,False,False,30
gnn_ewc_replay,periodic,770,1277,3,2018-02-23T19:30:46.057133,5000,0.0,0.0,0.0,5000,0,0,False,False,30
gnn_ewc_replay,periodic,771,1278,3,2018-02-23T19:33:23.811232,5000,0.0004,0.0004,0.0,4998,2,0,False,False,30
gnn_ewc_replay,periodic,772,1280,3,2018-02-23T19:39:55.467374,5000,0.0002,0.0002,0.0,4999,1,0,False,False,30
gnn_ewc_replay,periodic,773,1281,3,2018-02-23T19:43:16.760167,5000,0.0,0.0,0.0,5000,0,0,False,False,30
gnn_ewc_replay,periodic,774,1283,3,2018-02-23T19:50:00.590119,5000,0.0,0.0,0.0,4998,0,2,False,True,31
gnn_ewc_replay,periodic,775,1284,3,2018-02-23T19:53:33.898942,5000,0.0,0.0,0.0,5000,0,0,False,False,31
gnn_ewc_replay,periodic,776,1285,3,2018-02-23T19:56:59.056576,5000,0.0,0.0,0.0,5000,0,0,False,False,31
gnn_ewc_replay,periodic,777,1287,3,2018-02-23T20:02:31.395007,5000,0.0,0.0,0.0,5000,0,0,False,False,31
gnn_ewc_replay,periodic,778,1288,3,2018-02-23T20:05:33.347967,5000,0.0,0.0,0.0,5000,0,0,False,False,31
gnn_ewc_replay,periodic,779,1290,3,2018-02-23T20:12:08.276537,5000,0.0,0.0,0.0,5000,0,0,False,False,31
gnn_ewc_replay,periodic,780,1291,3,2018-02-23T20:15:18.197843,5000,0.0002,0.0002,0.0,4999,1,0,False,False,31
gnn_ewc_replay,periodic,781,1293,3,2018-02-23T20:21:26.727925,5000,0.0,0.0,0.0,5000,0,0,False,False,31
gnn_ewc_replay,periodic,782,1294,3,2018-02-23T20:24:17.712717,5000,0.0,0.0,0.0,5000,0,0,False,False,31
gnn_ewc_replay,periodic,783,1295,3,2018-02-23T20:26:52.497035,5000,0.0002,0.0002,0.0,4999,1,0,False,False,31
gnn_ewc_replay,periodic,784,1297,3,2018-02-23T20:31:48.191737,5000,0.0004,0.0004,0.0,4998,1,1,False,False,31
gnn_ewc_replay,periodic,785,1298,3,2018-02-23T20:34:39.113935,5000,0.0,0.0,0.0,5000,0,0,False,False,31
gnn_ewc_replay,periodic,786,1300,3,2018-02-23T20:40:43.639818,5000,0.0002,0.0002,0.0,4999,1,0,False,False,31
gnn_ewc_replay,periodic,787,1301,3,2018-02-23T20:43:46.091579,5000,0.0002,0.0002,0.0,4999,1,0,False,False,31
gnn_ewc_replay,periodic,788,1303,3,2018-02-23T20:49:37.709236,5000,0.0,0.0,0.0,5000,0,0,False,False,31
gnn_ewc_replay,periodic,789,1304,3,2018-02-23T20:52:44.842527,5000,0.0,0.0,0.0,5000,0,0,False,False,31
gnn_ewc_replay,periodic,790,1305,3,2018-02-23T20:55:38.980293,5000,0.0,0.0,0.0,5000,0,0,False,False,31
gnn_ewc_replay,periodic,791,1307,3,2018-02-23T21:01:10.570278,5000,0.0,0.0,0.0,4999,0,1,False,False,31
gnn_ewc_replay,periodic,792,1308,3,2018-02-23T21:05:05.156033,5000,0.0004,0.0004,0.0,4998,2,0,False,False,31
gnn_ewc_replay,periodic,793,1310,3,2018-02-23T21:14:12.567176,5000,0.0,0.0,0.0,5000,0,0,False,False,31
gnn_ewc_replay,periodic,794,1311,3,2018-02-23T21:18:09.695467,5000,0.0002,0.0002,0.0,4999,1,0,False,False,31
gnn_ewc_replay,periodic,795,1313,3,2018-02-23T21:27:55.011453,5604,0.0008922198429693076,0.0008922198429693076,0.0,5599,5,0,False,False,31
gnn_ewc_replay,periodic,796,1314,4,2018-02-28T12:20:49.532235,5000,0.0,0.0,0.0,5000,0,0,False,False,31
gnn_ewc_replay,periodic,797,1315,4,2018-02-28T12:22:06.840257,5000,0.0,0.0,0.0,5000,0,0,False,False,31
gnn_ewc_replay,periodic,798,1317,4,2018-02-28T12:25:38.748901,5000,0.0002,0.0002,0.0,4999,0,1,False,False,31
gnn_ewc_replay,periodic,799,1318,4,2018-02-28T12:27:25.213946,5000,0.0,0.0,0.0,5000,0,0,False,True,32
gnn_ewc_replay,periodic,800,1320,4,2018-02-28T12:31:45.331111,5000,0.0,0.0,0.0,5000,0,0,False,False,32
gnn_ewc_replay,periodic,801,1321,4,2018-02-28T12:34:21.556158,5000,0.0002,0.0002,0.0,4998,1,1,False,False,32
gnn_ewc_replay,periodic,802,1323,4,2018-02-28T12:39:13.393959,5000,0.0002,0.0002,0.0,4999,1,0,False,False,32
gnn_ewc_replay,periodic,803,1324,4,2018-02-28T12:41:55.417144,5000,0.0002,0.0002,0.0,4999,0,1,False,False,32
gnn_ewc_replay,periodic,804,1325,4,2018-02-28T12:44:27.752984,5000,0.0002,0.0002,0.0,4999,1,0,False,False,32
gnn_ewc_replay,periodic,805,1327,4,2018-02-28T12:49:25.399802,5000,0.0002,0.0002,0.0,4999,1,0,False,False,32
gnn_ewc_replay,periodic,806,1328,4,2018-02-28T12:51:29.821957,5000,0.0,0.0,0.0,5000,0,0,False,False,32
gnn_ewc_replay,periodic,807,1330,4,2018-02-28T12:55:06.316320,5000,0.0,0.0,0.0,5000,0,0,False,False,32
gnn_ewc_replay,periodic,808,1331,4,2018-02-28T12:57:22.259937,5000,0.0,0.0,0.0,5000,0,0,False,False,32
gnn_ewc_replay,periodic,809,1333,4,2018-02-28T13:02:16.406810,5000,0.0,0.0,0.0,5000,0,0,False,False,32
gnn_ewc_replay,periodic,810,1334,4,2018-02-28T13:05:06.021406,5000,0.0006,0.0006,0.0,4997,3,0,False,False,32
gnn_ewc_replay,periodic,811,1335,4,2018-02-28T13:07:38.934363,5000,0.0002,0.0002,0.0,4999,1,0,False,False,32
gnn_ewc_replay,periodic,812,1337,4,2018-02-28T13:13:23.378287,5000,0.0,0.0,0.0,5000,0,0,False,False,32
gnn_ewc_replay,periodic,813,1338,4,2018-02-28T13:15:59.296789,5000,0.0,0.0,0.0,5000,0,0,False,False,32
gnn_ewc_replay,periodic,814,1340,4,2018-02-28T13:21:53.624387,5000,0.0,0.0,0.0,5000,0,0,False,False,32
gnn_ewc_replay,periodic,815,1341,4,2018-02-28T13:24:27.669208,5000,0.0,0.0,0.0,5000,0,0,False,False,32
gnn_ewc_replay,periodic,816,1343,4,2018-02-28T13:29:52.870904,5000,0.0,0.0,0.0,5000,0,0,False,False,32
gnn_ewc_replay,periodic,817,1344,4,2018-02-28T13:33:09.557416,5000,0.0,0.0,0.0,5000,0,0,False,False,32
gnn_ewc_replay,periodic,818,1345,4,2018-02-28T13:36:01.182456,5000,0.0,0.0,0.0,5000,0,0,False,False,32
gnn_ewc_replay,periodic,819,1347,4,2018-02-28T13:41:44.877925,5000,0.0,0.0,0.0,5000,0,0,False,False,32
gnn_ewc_replay,periodic,820,1348,4,2018-02-28T13:44:02.117449,5000,0.0,0.0,0.0,5000,0,0,False,False,32
gnn_ewc_replay,periodic,821,1350,4,2018-02-28T13:50:08.770395,5000,0.0002,0.0002,0.0,4999,1,0,False,False,32
gnn_ewc_replay,periodic,822,1351,4,2018-02-28T13:52:31.281274,5000,0.0,0.0,0.0,5000,0,0,False,False,32
gnn_ewc_replay,periodic,823,1353,4,2018-02-28T13:57:38.785509,5000,0.0004,0.0004,0.0,4998,2,0,False,False,32
gnn_ewc_replay,periodic,824,1354,4,2018-02-28T14:00:38.814641,5000,0.0006,0.0006,0.0,4997,3,0,False,True,33
gnn_ewc_replay,periodic,825,1355,4,2018-02-28T14:03:42.546675,5000,0.0,0.0,0.0,5000,0,0,False,False,33
gnn_ewc_replay,periodic,826,1357,4,2018-02-28T14:09:54.693761,5000,0.0,0.0,0.0,5000,0,0,False,False,33
gnn_ewc_replay,periodic,827,1358,4,2018-02-28T14:13:00.975538,5000,0.0,0.0,0.0,5000,0,0,False,False,33
gnn_ewc_replay,periodic,828,1360,4,2018-02-28T14:19:08.648193,5000,0.0002,0.0002,0.0,4999,1,0,False,False,33
gnn_ewc_replay,periodic,829,1361,4,2018-02-28T14:21:55.569242,5000,0.0,0.0,0.0,5000,0,0,False,False,33
gnn_ewc_replay,periodic,830,1363,4,2018-02-28T14:27:31.701518,5000,0.0,0.0,0.0,5000,0,0,False,False,33
gnn_ewc_replay,periodic,831,1364,4,2018-02-28T14:30:13.816109,5000,0.0,0.0,0.0,5000,0,0,False,False,33
gnn_ewc_replay,periodic,832,1365,4,2018-02-28T14:33:12.936357,5000,0.0002,0.0002,0.0002,5000,0,0,False,False,33
gnn_ewc_replay,periodic,833,1367,4,2018-02-28T14:39:04.187946,5000,0.0,0.0,0.0,5000,0,0,False,False,33
gnn_ewc_replay,periodic,834,1368,4,2018-02-28T14:41:25.955365,5000,0.0004,0.0004,0.0004,5000,0,0,False,False,33
gnn_ewc_replay,periodic,835,1370,4,2018-02-28T14:47:36.782158,5000,0.0692,0.0692,0.069,4999,1,0,False,False,33
gnn_ewc_replay,periodic,836,1371,4,2018-02-28T14:50:08.353767,5000,0.0068,0.0068,0.0068,5000,0,0,False,False,33
gnn_ewc_replay,periodic,837,1373,4,2018-02-28T14:54:44.186051,5000,0.0072,0.0072,0.0072,5000,0,0,False,False,33
gnn_ewc_replay,periodic,838,1374,4,2018-02-28T14:57:05.431808,5000,0.0034,0.0034,0.0032,4999,1,0,False,False,33
gnn_ewc_replay,periodic,839,1375,4,2018-02-28T14:59:33.053335,5000,0.07,0.07,0.0696,4998,1,1,False,False,33
gnn_ewc_replay,periodic,840,1377,4,2018-02-28T15:03:57.570596,5000,0.1268,0.1268,0.1268,5000,0,0,False,False,33
gnn_ewc_replay,periodic,841,1378,4,2018-02-28T15:06:24.168581,5000,0.0008,0.0008,0.0008,5000,0,0,False,False,33
gnn_ewc_replay,periodic,842,1380,4,2018-02-28T15:11:04.210320,5000,0.0664,0.0664,0.0662,4999,1,0,False,False,33
gnn_ewc_replay,periodic,843,1381,4,2018-02-28T15:13:34.645830,5000,0.0058,0.0058,0.0058,5000,0,0,False,False,33
gnn_ewc_replay,periodic,844,1383,4,2018-02-28T15:18:21.785499,5000,0.0054,0.0054,0.0054,5000,0,0,False,False,33
gnn_ewc_replay,periodic,845,1384,4,2018-02-28T15:20:54.698971,5000,0.0036,0.0036,0.0036,5000,0,0,False,False,33
gnn_ewc_replay,periodic,846,1385,4,2018-02-28T15:23:07.882409,5000,0.0632,0.0632,0.0632,5000,0,0,False,False,33
gnn_ewc_replay,periodic,847,1387,4,2018-02-28T15:27:56.536358,5000,0.1374,0.1374,0.1372,4999,1,0,False,False,33
gnn_ewc_replay,periodic,848,1388,4,2018-02-28T15:30:11.356835,5000,0.0014,0.0014,0.0012,4999,1,0,False,False,33
gnn_ewc_replay,periodic,849,1390,4,2018-02-28T15:35:21.561176,5000,0.0002,0.0002,0.0,4999,0,1,False,True,34
gnn_ewc_replay,periodic,850,1391,4,2018-02-28T15:38:10.710592,5000,0.0,0.0,0.0,5000,0,0,False,False,34
gnn_ewc_replay,periodic,851,1393,4,2018-02-28T15:43:52.950707,5000,0.0004,0.0004,0.0,4998,2,0,False,False,34
gnn_ewc_replay,periodic,852,1394,4,2018-02-28T15:46:30.985337,5000,0.0,0.0,0.0,5000,0,0,False,False,34
gnn_ewc_replay,periodic,853,1395,4,2018-02-28T15:49:00.917873,5000,0.0,0.0,0.0,5000,0,0,False,False,34
gnn_ewc_replay,periodic,854,1397,4,2018-02-28T15:54:06.057063,5000,0.0,0.0,0.0014,4993,7,0,False,False,34
gnn_ewc_replay,periodic,855,1398,4,2018-02-28T15:57:04.923255,5000,0.0,0.0,0.054,4730,270,0,False,False,34
gnn_ewc_replay,periodic,856,1400,4,2018-02-28T16:02:09.587239,5000,0.0002,0.0002,0.0068,4966,33,1,False,False,34
gnn_ewc_replay,periodic,857,1401,4,2018-02-28T16:05:18.658555,5000,0.0,0.0,0.005,4975,25,0,False,False,34
gnn_ewc_replay,periodic,858,1403,4,2018-02-28T16:12:02.345269,5000,0.0004,0.0004,0.0,4998,2,0,False,False,34
gnn_ewc_replay,periodic,859,1404,4,2018-02-28T16:15:09.707057,5000,0.0,0.0,0.0,5000,0,0,False,False,34
gnn_ewc_replay,periodic,860,1405,4,2018-02-28T16:18:06.285557,5000,0.0004,0.0004,0.0,4998,2,0,False,False,34
gnn_ewc_replay,periodic,861,1407,4,2018-02-28T16:24:34.001770,5000,0.0002,0.0002,0.0,4997,0,3,False,False,34
gnn_ewc_replay,periodic,862,1408,4,2018-02-28T16:27:34.199407,5000,0.0002,0.0002,0.0,4999,0,1,False,False,34
gnn_ewc_replay,periodic,863,1410,4,2018-02-28T16:33:19.721137,5000,0.0016,0.0016,0.0,4992,8,0,False,False,34
gnn_ewc_replay,periodic,864,1411,4,2018-02-28T16:37:39.052452,5000,0.0,0.0,0.0,5000,0,0,False,False,34
gnn_ewc_replay,periodic,865,1413,4,2018-02-28T16:45:54.571979,5000,0.0002,0.0002,0.0,4998,1,1,False,False,34
gnn_ewc_replay,periodic,866,1414,4,2018-02-28T16:50:17.910129,5000,0.0,0.0,0.0,5000,0,0,False,False,34
gnn_ewc_replay,periodic,867,1415,4,2018-02-28T16:54:59.065774,5000,0.0004,0.0004,0.0,4998,1,1,False,False,34
gnn_ewc_replay,periodic,868,1417,4,2018-02-28T17:02:54.724196,5000,0.0,0.0,0.0,5000,0,0,False,False,34
gnn_ewc_replay,periodic,869,1418,4,2018-02-28T17:06:54.807149,5000,0.0002,0.0002,0.0,4999,1,0,False,False,34
gnn_ewc_replay,periodic,870,1420,4,2018-02-28T17:13:13.457161,5000,0.0,0.0,0.0,5000,0,0,False,False,34
gnn_ewc_replay,periodic,871,1421,4,2018-02-28T17:16:01.301485,5000,0.0,0.0,0.0,5000,0,0,False,False,34
gnn_ewc_replay,periodic,872,1423,4,2018-02-28T17:22:12.606669,5000,0.0,0.0,0.0,5000,0,0,False,False,34
gnn_ewc_replay,periodic,873,1424,4,2018-02-28T17:25:20.221268,5000,0.0006,0.0006,0.0,4997,1,2,False,False,34
gnn_ewc_replay,periodic,874,1425,4,2018-02-28T17:28:05.833656,5000,0.0008,0.0008,0.0,4996,4,0,False,True,35
gnn_ewc_replay,periodic,875,1427,4,2018-02-28T17:33:29.414937,5000,0.0002,0.0002,0.0,4999,1,0,False,False,35
gnn_ewc_replay,periodic,876,1428,4,2018-02-28T17:36:41.180412,5000,0.0,0.0,0.0,5000,0,0,False,False,35
gnn_ewc_replay,periodic,877,1430,4,2018-02-28T17:42:02.186626,5000,0.0006,0.0006,0.0006,5000,0,0,False,False,35
gnn_ewc_replay,periodic,878,1431,4,2018-02-28T17:44:47.160978,5000,0.0002,0.0002,0.0058,4970,28,2,False,False,35
gnn_ewc_replay,periodic,879,1433,4,2018-02-28T17:50:01.719578,5000,0.0012,0.0012,0.0024,4989,8,3,False,False,35
gnn_ewc_replay,periodic,880,1434,4,2018-02-28T17:52:28.092416,5000,0.0,0.0,0.0064,4968,31,1,False,False,35
gnn_ewc_replay,periodic,881,1435,4,2018-02-28T17:55:18.244775,5000,0.001,0.001,0.0624,4683,317,0,False,False,35
gnn_ewc_replay,periodic,882,1437,4,2018-02-28T18:00:28.804180,5000,0.0,0.0,0.0012,4994,6,0,False,False,35
gnn_ewc_replay,periodic,883,1438,4,2018-02-28T18:03:36.768014,5000,0.0004,0.0004,0.0684,4656,343,1,False,False,35
gnn_ewc_replay,periodic,884,1440,4,2018-02-28T18:09:36.154316,5000,0.0006,0.0006,0.106,4467,533,0,False,False,35
gnn_ewc_replay,periodic,885,1441,4,2018-02-28T18:11:54.190650,5000,0.0002,0.0002,0.0,4999,1,0,False,False,35
gnn_ewc_replay,periodic,886,1443,4,2018-02-28T18:17:11.691884,5000,0.0018,0.0018,0.0034,4988,12,0,False,False,35
gnn_ewc_replay,periodic,887,1444,4,2018-02-28T18:19:56.207519,5000,0.0,0.0,0.0052,4973,26,1,False,False,35
gnn_ewc_replay,periodic,888,1445,4,2018-02-28T18:22:43.683860,5000,0.0002,0.0002,0.0642,4678,321,1,False,False,35
gnn_ewc_replay,periodic,889,1447,4,2018-02-28T18:28:09.321869,5000,0.0,0.0,0.0044,4978,22,0,False,False,35
gnn_ewc_replay,periodic,890,1448,4,2018-02-28T18:30:34.210108,5000,0.0004,0.0004,0.0554,4721,279,0,False,False,35
gnn_ewc_replay,periodic,891,1450,4,2018-02-28T18:35:36.335443,5000,0.0,0.0,0.1282,4359,641,0,False,False,35
gnn_ewc_replay,periodic,892,1451,4,2018-02-28T18:38:00.499566,5000,0.0004,0.0004,0.0028,4988,12,0,False,False,35
gnn_ewc_replay,periodic,893,1453,4,2018-02-28T18:43:12.388992,5000,0.0,0.0,0.0,5000,0,0,False,False,35
gnn_ewc_replay,periodic,894,1454,4,2018-02-28T18:45:49.195459,5000,0.0002,0.0002,0.0,4999,1,0,False,False,35
gnn_ewc_replay,periodic,895,1455,4,2018-02-28T18:48:33.342436,5000,0.0,0.0,0.0,5000,0,0,False,False,35
gnn_ewc_replay,periodic,896,1457,4,2018-02-28T18:54:20.026510,5000,0.0,0.0,0.0,5000,0,0,False,False,35
gnn_ewc_replay,periodic,897,1458,4,2018-02-28T18:57:33.052350,5000,0.0002,0.0002,0.0,4999,0,1,False,False,35
gnn_ewc_replay,periodic,898,1460,4,2018-02-28T19:03:02.191273,5000,0.0,0.0,0.0,5000,0,0,False,False,35
gnn_ewc_replay,periodic,899,1461,4,2018-02-28T19:06:08.091231,5000,0.0,0.0,0.0,5000,0,0,False,True,36
gnn_ewc_replay,periodic,900,1463,4,2018-02-28T19:11:34.355578,5000,0.0,0.0,0.0,5000,0,0,False,False,36
gnn_ewc_replay,periodic,901,1464,4,2018-02-28T19:14:22.282480,5000,0.0,0.0,0.0,5000,0,0,False,False,36
gnn_ewc_replay,periodic,902,1465,4,2018-02-28T19:17:01.744068,5000,0.0,0.0,0.0,5000,0,0,False,False,36
gnn_ewc_replay,periodic,903,1467,4,2018-02-28T19:22:08.014324,5000,0.0,0.0,0.0,5000,0,0,False,False,36
gnn_ewc_replay,periodic,904,1468,4,2018-02-28T19:25:07.175020,5000,0.0002,0.0002,0.0,4999,1,0,False,False,36
gnn_ewc_replay,periodic,905,1470,4,2018-02-28T19:31:18.983100,5000,0.0,0.0,0.0,5000,0,0,False,False,36
gnn_ewc_replay,periodic,906,1471,4,2018-02-28T19:34:19.111752,5000,0.0,0.0,0.0,5000,0,0,False,False,36
gnn_ewc_replay,periodic,907,1473,4,2018-02-28T19:40:58.205859,5000,0.0008,0.0008,0.0,4993,3,4,False,False,36
gnn_ewc_replay,periodic,908,1474,4,2018-02-28T19:43:06.156822,5000,0.0036,0.0036,0.0,4979,13,8,False,False,36
gnn_ewc_replay,periodic,909,1475,4,2018-02-28T19:45:02.791453,5000,0.0078,0.0078,0.0,4948,29,23,False,False,36
gnn_ewc_replay,periodic,910,1477,4,2018-02-28T19:49:09.409491,5000,0.0048,0.0048,0.0,4973,21,6,False,False,36
gnn_ewc_replay,periodic,911,1478,4,2018-02-28T19:51:42.278805,5000,0.0002,0.0002,0.0,4995,1,4,False,False,36
gnn_ewc_replay,periodic,912,1480,4,2018-02-28T19:57:40.667750,5000,0.001,0.001,0.0,4989,3,8,False,False,36
gnn_ewc_replay,periodic,913,1481,4,2018-02-28T20:00:39.505392,5000,0.0018,0.0018,0.0,4990,2,8,False,False,36
gnn_ewc_replay,periodic,914,1483,4,2018-02-28T20:06:05.922387,5000,0.0018,0.0018,0.0,4990,7,3,False,False,36
gnn_ewc_replay,periodic,915,1484,4,2018-02-28T20:08:53.087328,5000,0.0,0.0,0.0,5000,0,0,False,False,36
gnn_ewc_replay,periodic,916,1485,4,2018-02-28T20:11:32.136790,5000,0.0022,0.0022,0.0,4989,11,0,False,False,36
gnn_ewc_replay,periodic,917,1487,4,2018-02-28T20:16:57.996608,5000,0.0008,0.0008,0.0,4995,4,1,False,False,36
gnn_ewc_replay,periodic,918,1488,4,2018-02-28T20:19:21.135614,5000,0.0,0.0,0.0,5000,0,0,False,False,36
gnn_ewc_replay,periodic,919,1490,4,2018-02-28T20:24:58.930403,5000,0.0,0.0,0.0,5000,0,0,False,False,36
gnn_ewc_replay,periodic,920,1491,4,2018-02-28T20:28:10.811457,5000,0.0,0.0,0.0,5000,0,0,False,False,36
gnn_ewc_replay,periodic,921,1493,4,2018-02-28T20:33:46.211347,5000,0.0,0.0,0.0,5000,0,0,False,False,36
gnn_ewc_replay,periodic,922,1494,4,2018-02-28T20:36:35.016953,5000,0.0,0.0,0.0,5000,0,0,False,False,36
gnn_ewc_replay,periodic,923,1495,4,2018-02-28T20:39:14.222126,5000,0.0,0.0,0.0,5000,0,0,False,False,36
gnn_ewc_replay,periodic,924,1497,4,2018-02-28T20:45:04.579952,5000,0.0,0.0,0.0,5000,0,0,False,True,37
gnn_ewc_replay,periodic,925,1498,4,2018-02-28T20:48:03.991325,5000,0.0,0.0,0.0,5000,0,0,False,False,37
gnn_ewc_replay,periodic,926,1500,4,2018-02-28T20:53:48.418987,5000,0.0,0.0,0.0,5000,0,0,False,False,37
gnn_ewc_replay,periodic,927,1501,4,2018-02-28T20:56:48.491000,5000,0.0,0.0,0.0,5000,0,0,False,False,37
gnn_ewc_replay,periodic,928,1503,4,2018-02-28T21:02:54.491415,5000,0.0,0.0,0.0,5000,0,0,False,False,37
gnn_ewc_replay,periodic,929,1504,4,2018-02-28T21:06:43.660797,5000,0.0,0.0,0.0,5000,0,0,False,False,37
gnn_ewc_replay,periodic,930,1505,4,2018-02-28T21:11:14.689634,5000,0.0,0.0,0.0,5000,0,0,False,False,37
gnn_ewc_replay,periodic,931,1507,4,2018-02-28T21:19:09.272488,5000,0.0,0.0,0.0,5000,0,0,False,False,37
gnn_ewc_replay,periodic,932,1508,4,2018-02-28T21:22:51.711468,5000,0.0002,0.0002,0.0,4999,0,1,False,False,37
gnn_ewc_replay,periodic,933,1510,4,2018-02-28T21:37:34.367328,5000,0.0,0.0,0.0,5000,0,0,False,False,37
gnn_ewc_replay,periodic,934,1511,4,2018-03-01T12:15:39.064732,5000,0.001,0.001,0.0,4994,4,2,False,False,37
gnn_ewc_replay,periodic,935,1513,4,2018-03-01T12:19:54.520816,5000,0.0,0.0,0.0,5000,0,0,False,False,37
gnn_ewc_replay,periodic,936,1514,4,2018-03-01T12:22:18.749644,5000,0.0,0.0,0.0,5000,0,0,False,False,37
gnn_ewc_replay,periodic,937,1515,4,2018-03-01T12:25:00.144703,5000,0.0,0.0,0.0,5000,0,0,False,False,37
gnn_ewc_replay,periodic,938,1517,4,2018-03-01T12:29:38.258143,5000,0.0,0.0,0.0,4998,0,2,False,False,37
gnn_ewc_replay,periodic,939,1518,4,2018-03-01T12:32:14.296813,5000,0.0002,0.0002,0.0,4999,1,0,False,False,37
gnn_ewc_replay,periodic,940,1520,4,2018-03-01T12:38:13.817216,5000,0.0,0.0,0.0,5000,0,0,False,False,37
gnn_ewc_replay,periodic,941,1521,4,2018-03-01T12:41:37.816560,5000,0.0,0.0,0.0,5000,0,0,False,False,37
gnn_ewc_replay,periodic,942,1523,4,2018-03-01T12:47:19.681475,5000,0.0,0.0,0.0,5000,0,0,False,False,37
gnn_ewc_replay,periodic,943,1524,4,2018-03-01T12:50:08.679195,5000,0.0,0.0,0.0,5000,0,0,False,False,37
gnn_ewc_replay,periodic,944,1525,4,2018-03-01T12:52:44.849046,5000,0.0,0.0,0.0,5000,0,0,False,False,37
gnn_ewc_replay,periodic,945,1527,4,2018-03-01T12:58:09.517876,5000,0.0,0.0,0.0,4998,0,2,False,False,37
gnn_ewc_replay,periodic,946,1528,4,2018-03-01T13:01:04.025574,5000,0.0,0.0,0.0,5000,0,0,False,False,37
gnn_ewc_replay,periodic,947,1530,4,2018-03-01T13:07:26.167718,5000,0.0,0.0,0.0,5000,0,0,False,False,37
gnn_ewc_replay,periodic,948,1531,4,2018-03-01T13:10:24.497541,5000,0.0,0.0,0.0,5000,0,0,False,False,37
gnn_ewc_replay,periodic,949,1533,4,2018-03-01T13:16:15.288675,5000,0.0,0.0,0.0,5000,0,0,False,True,38
gnn_ewc_replay,periodic,950,1534,4,2018-03-01T13:18:50.416620,5000,0.0,0.0,0.0,5000,0,0,False,False,38
gnn_ewc_replay,periodic,951,1535,4,2018-03-01T13:21:32.793833,5000,0.0,0.0,0.0,5000,0,0,False,False,38
gnn_ewc_replay,periodic,952,1537,4,2018-03-01T13:27:37.928243,5000,0.0,0.0,0.0,5000,0,0,False,False,38
gnn_ewc_replay,periodic,953,1538,4,2018-03-01T13:30:03.559592,5000,0.0,0.0,0.0,5000,0,0,False,False,38
gnn_ewc_replay,periodic,954,1540,4,2018-03-01T13:36:08.355775,5000,0.0,0.0,0.0,5000,0,0,False,False,38
gnn_ewc_replay,periodic,955,1541,4,2018-03-01T13:38:26.280661,5000,0.0,0.0,0.0,5000,0,0,False,False,38
gnn_ewc_replay,periodic,956,1543,4,2018-03-01T13:43:47.341437,5000,0.0,0.0,0.0,5000,0,0,False,False,38
gnn_ewc_replay,periodic,957,1544,4,2018-03-01T13:46:06.884226,5000,0.0,0.0,0.0,5000,0,0,False,False,38
gnn_ewc_replay,periodic,958,1545,4,2018-03-01T13:48:20.769235,5000,0.0,0.0,0.0,5000,0,0,False,False,38
gnn_ewc_replay,periodic,959,1547,4,2018-03-01T13:53:26.821215,5000,0.0,0.0,0.0,5000,0,0,False,False,38
gnn_ewc_replay,periodic,960,1548,4,2018-03-01T13:55:45.639117,5000,0.0002,0.0002,0.0002,5000,0,0,False,False,38
gnn_ewc_replay,periodic,961,1550,4,2018-03-01T14:00:59.495517,5000,0.0,0.0,0.0,5000,0,0,False,False,38
gnn_ewc_replay,periodic,962,1551,4,2018-03-01T14:03:36.758885,5000,0.0,0.0,0.0,5000,0,0,False,False,38
gnn_ewc_replay,periodic,963,1553,4,2018-03-01T14:09:13.280536,5000,0.001,0.001,0.0018,4995,4,1,False,False,38
gnn_ewc_replay,periodic,964,1554,4,2018-03-01T14:12:25.287294,5000,0.0002,0.0002,0.0692,4655,345,0,False,False,38
gnn_ewc_replay,periodic,965,1555,4,2018-03-01T14:14:34.150013,5000,0.0,0.0,0.0086,4957,43,0,False,False,38
gnn_ewc_replay,periodic,966,1557,4,2018-03-01T14:19:01.658610,5000,0.0,0.0,0.0064,4968,32,0,False,False,38
gnn_ewc_replay,periodic,967,1558,4,2018-03-01T14:21:34.089448,5000,0.0668,0.0668,0.0668,5000,0,0,False,False,38
gnn_ewc_replay,periodic,968,1560,4,2018-03-01T14:26:14.929685,5000,0.0002,0.0002,0.125,4376,621,3,False,False,38
gnn_ewc_replay,periodic,969,1561,4,2018-03-01T14:28:22.228934,5000,0.0006,0.0006,0.001,4998,2,0,False,False,38
gnn_ewc_replay,periodic,970,1563,4,2018-03-01T14:33:19.506772,5000,0.0002,0.0002,0.0002,5000,0,0,False,False,38
gnn_ewc_replay,periodic,971,1564,4,2018-03-01T14:35:54.318348,5000,0.0002,0.0002,0.0046,4978,19,3,False,False,38
gnn_ewc_replay,periodic,972,1565,4,2018-03-01T14:38:41.827852,5000,0.0002,0.0002,0.0646,4676,324,0,False,False,38
gnn_ewc_replay,periodic,973,1567,4,2018-03-01T14:44:07.900224,5000,0.001,0.001,0.0036,4986,5,9,False,False,38
gnn_ewc_replay,periodic,974,1568,4,2018-03-01T14:46:13.674041,5000,0.0,0.0,0.0656,4672,328,0,False,True,39
gnn_ewc_replay,periodic,975,1570,4,2018-03-01T14:50:48.492067,5000,0.0004,0.0004,0.1212,4392,608,0,False,False,39
gnn_ewc_replay,periodic,976,1571,4,2018-03-01T14:53:21.014744,5000,0.0004,0.0004,0.0048,4978,21,1,False,False,39
gnn_ewc_replay,periodic,977,1573,4,2018-03-01T14:58:30.050328,5000,0.0002,0.0002,0.0002,5000,0,0,False,False,39
gnn_ewc_replay,periodic,978,1574,4,2018-03-01T15:01:13.539752,5000,0.0,0.0,0.0,5000,0,0,False,False,39
gnn_ewc_replay,periodic,979,1575,4,2018-03-01T15:03:42.167073,5000,0.0,0.0,0.0,5000,0,0,False,False,39
gnn_ewc_replay,periodic,980,1577,4,2018-03-01T15:09:27.919316,5000,0.0,0.0,0.0,5000,0,0,False,False,39
gnn_ewc_replay,periodic,981,1578,4,2018-03-01T15:12:01.136952,5000,0.0,0.0,0.0,5000,0,0,False,False,39
gnn_ewc_replay,periodic,982,1580,4,2018-03-01T15:16:58.700686,5000,0.0,0.0,0.0,5000,0,0,False,False,39
gnn_ewc_replay,periodic,983,1581,4,2018-03-01T15:19:38.110667,5000,0.0,0.0,0.0,5000,0,0,False,False,39
gnn_ewc_replay,periodic,984,1583,4,2018-03-01T15:25:01.905960,5000,0.0,0.0,0.0,5000,0,0,False,False,39
gnn_ewc_replay,periodic,985,1584,4,2018-03-01T15:27:58.491446,5000,0.0002,0.0002,0.0002,5000,0,0,False,False,39
gnn_ewc_replay,periodic,986,1585,4,2018-03-01T15:30:27.858661,5000,0.0,0.0,0.0,5000,0,0,False,False,39
gnn_ewc_replay,periodic,987,1587,4,2018-03-01T15:36:10.787942,5000,0.0,0.0,0.0,5000,0,0,False,False,39
gnn_ewc_replay,periodic,988,1588,4,2018-03-01T15:39:17.159627,5000,0.0,0.0,0.0,5000,0,0,False,False,39
gnn_ewc_replay,periodic,989,1590,4,2018-03-01T15:44:44.780646,5000,0.0,0.0,0.0,5000,0,0,False,False,39
gnn_ewc_replay,periodic,990,1591,4,2018-03-01T15:47:04.636021,5000,0.0,0.0,0.0,5000,0,0,False,False,39
gnn_ewc_replay,periodic,991,1593,4,2018-03-01T15:52:15.300667,5000,0.0,0.0,0.0,5000,0,0,False,False,39
gnn_ewc_replay,periodic,992,1594,4,2018-03-01T15:55:04.185327,5000,0.0,0.0,0.0,5000,0,0,False,False,39
gnn_ewc_replay,periodic,993,1595,4,2018-03-01T15:58:08.209089,5000,0.0002,0.0002,0.0002,4999,0,1,False,False,39
gnn_ewc_replay,periodic,994,1597,4,2018-03-01T16:04:26.948584,5000,0.0,0.0,0.0,5000,0,0,False,False,39
gnn_ewc_replay,periodic,995,1598,4,2018-03-01T16:08:04.358728,5000,0.0002,0.0002,0.0002,5000,0,0,False,False,39
gnn_ewc_replay,periodic,996,1600,4,2018-03-01T16:15:41.894407,5000,0.0006,0.0006,0.0,4997,3,0,False,False,39
gnn_ewc_replay,periodic,997,1601,4,2018-03-01T16:19:13.044189,5000,0.0,0.0,0.0,5000,0,0,False,False,39
gnn_ewc_replay,periodic,998,1603,4,2018-03-01T16:26:28.629214,5000,0.0002,0.0002,0.0,4999,1,0,False,False,39
gnn_ewc_replay,periodic,999,1604,4,2018-03-01T16:29:20.283460,5000,0.0002,0.0002,0.0,4999,1,0,False,True,40
gnn_ewc_replay,periodic,1000,1605,4,2018-03-01T16:32:49.813418,5000,0.0002,0.0002,0.0002,5000,0,0,False,False,40
gnn_ewc_replay,periodic,1001,1607,4,2018-03-01T16:41:01.523699,5000,0.0,0.0,0.0,5000,0,0,False,False,40
gnn_ewc_replay,periodic,1002,1608,4,2018-03-01T16:44:57.367559,5000,0.0,0.0,0.0,4998,0,2,False,False,40
gnn_ewc_replay,periodic,1003,1610,4,2018-03-01T16:52:08.156667,5000,0.0,0.0,0.0,5000,0,0,False,False,40
gnn_ewc_replay,periodic,1004,1611,4,2018-03-01T16:55:18.186328,5000,0.0,0.0,0.0,4999,0,1,False,False,40
gnn_ewc_replay,periodic,1005,1613,4,2018-03-01T17:02:03.357739,5000,0.0,0.0,0.0,5000,0,0,False,False,40
gnn_ewc_replay,periodic,1006,1614,4,2018-03-01T17:05:47.392038,5000,0.0,0.0,0.0,5000,0,0,False,False,40
gnn_ewc_replay,periodic,1007,1615,4,2018-03-01T17:08:53.938579,5000,0.0,0.0,0.0,5000,0,0,False,False,40
gnn_ewc_replay,periodic,1008,1617,4,2018-03-01T17:15:22.519975,5000,0.0,0.0,0.0,5000,0,0,False,False,40
gnn_ewc_replay,periodic,1009,1618,4,2018-03-01T17:18:05.099486,5000,0.0002,0.0002,0.0,4999,1,0,False,False,40
gnn_ewc_replay,periodic,1010,1620,4,2018-03-01T17:24:10.081500,5000,0.0,0.0,0.0,5000,0,0,False,False,40
gnn_ewc_replay,periodic,1011,1621,4,2018-03-01T17:26:48.371694,5000,0.0,0.0,0.0,5000,0,0,False,False,40
gnn_ewc_replay,periodic,1012,1623,4,2018-03-01T17:33:13.999588,5000,0.0,0.0,0.0002,4999,1,0,False,False,40
gnn_ewc_replay,periodic,1013,1624,4,2018-03-01T17:36:12.343514,5000,0.0,0.0,0.0,5000,0,0,False,False,40
gnn_ewc_replay,periodic,1014,1625,4,2018-03-01T17:38:40.668586,5000,0.0,0.0,0.0,5000,0,0,False,False,40
gnn_ewc_replay,periodic,1015,1627,4,2018-03-01T17:43:18.146886,5000,0.0,0.0,0.0,5000,0,0,False,False,40
gnn_ewc_replay,periodic,1016,1628,4,2018-03-01T17:45:47.673065,5000,0.0002,0.0002,0.0,4999,1,0,False,False,40
gnn_ewc_replay,periodic,1017,1630,4,2018-03-01T17:50:44.426499,5000,0.0,0.0,0.0,5000,0,0,False,False,40
gnn_ewc_replay,periodic,1018,1631,4,2018-03-01T17:53:30.857262,5000,0.0002,0.0002,0.0,4999,1,0,False,False,40
gnn_ewc_replay,periodic,1019,1633,4,2018-03-01T17:58:37.707318,5000,0.0,0.0,0.0,5000,0,0,False,False,40
gnn_ewc_replay,periodic,1020,1634,4,2018-03-01T18:01:12.348098,5000,0.0,0.0,0.0,5000,0,0,False,False,40
gnn_ewc_replay,periodic,1021,1635,4,2018-03-01T18:03:41.751971,5000,0.0,0.0,0.0,4999,0,1,False,False,40
gnn_ewc_replay,periodic,1022,1637,4,2018-03-01T18:08:36.395425,5000,0.0008,0.0008,0.0,4996,2,2,False,False,40
gnn_ewc_replay,periodic,1023,1638,4,2018-03-01T18:11:00.830699,5000,0.0,0.0,0.0002,4999,1,0,False,False,40
gnn_ewc_replay,periodic,1024,1640,4,2018-03-01T18:16:21.522827,5000,0.0,0.0,0.0,4999,0,1,False,True,41
gnn_ewc_replay,periodic,1025,1641,4,2018-03-01T18:19:11.575269,5000,0.0,0.0,0.0,4999,0,1,False,False,41
gnn_ewc_replay,periodic,1026,1643,4,2018-03-01T18:24:44.573248,5000,0.0022,0.0022,0.0026,4995,3,2,False,False,41
gnn_ewc_replay,periodic,1027,1644,4,2018-03-01T18:27:41.561447,5000,0.0006,0.0006,0.0068,4960,37,3,False,False,41
gnn_ewc_replay,periodic,1028,1645,4,2018-03-01T18:30:13.910260,5000,0.0028,0.0028,0.0678,4645,352,3,False,False,41
gnn_ewc_replay,periodic,1029,1647,4,2018-03-01T18:34:58.069725,5000,0.0,0.0,0.0062,4969,31,0,False,False,41
gnn_ewc_replay,periodic,1030,1648,4,2018-03-01T18:37:50.883129,5000,0.0004,0.0004,0.1332,4332,668,0,False,False,41
gnn_ewc_replay,periodic,1031,1650,4,2018-03-01T18:42:28.959660,5000,0.0,0.0,0.0046,4977,22,1,False,False,41
gnn_ewc_replay,periodic,1032,1651,4,2018-03-01T18:45:30.722511,5000,0.0002,0.0002,0.0028,4987,13,0,False,False,41
gnn_ewc_replay,periodic,1033,1653,4,2018-03-01T18:51:32.112280,5000,0.0,0.0,0.0,5000,0,0,False,False,41
gnn_ewc_replay,periodic,1034,1654,4,2018-03-01T18:54:29.680067,5000,0.0,0.0,0.0002,4999,1,0,False,False,41
gnn_ewc_replay,periodic,1035,1655,4,2018-03-01T18:57:18.370140,5000,0.0,0.0,0.0002,4998,1,1,False,False,41
gnn_ewc_replay,periodic,1036,1657,4,2018-03-01T19:02:13.523563,5000,0.0,0.0,0.0,5000,0,0,False,False,41
gnn_ewc_replay,periodic,1037,1658,4,2018-03-01T19:04:39.830265,5000,0.0,0.0,0.0,5000,0,0,False,False,41
gnn_ewc_replay,periodic,1038,1660,4,2018-03-01T19:10:10.227017,5000,0.0002,0.0002,0.0,4999,1,0,False,False,41
gnn_ewc_replay,periodic,1039,1661,4,2018-03-01T19:12:43.294289,5000,0.0,0.0,0.0,5000,0,0,False,False,41
gnn_ewc_replay,periodic,1040,1663,4,2018-03-01T19:18:06.538080,5000,0.0008,0.0008,0.001,4997,3,0,False,False,41
gnn_ewc_replay,periodic,1041,1664,4,2018-03-01T19:21:06.010794,5000,0.0,0.0,0.0024,4988,12,0,False,False,41
gnn_ewc_replay,periodic,1042,1665,4,2018-03-01T19:24:18.791768,5000,0.0002,0.0002,0.005,4974,26,0,False,False,41
gnn_ewc_replay,periodic,1043,1667,4,2018-03-01T19:29:18.215892,5000,0.0002,0.0002,0.0062,4968,32,0,False,False,41
gnn_ewc_replay,periodic,1044,1668,4,2018-03-01T19:31:56.186918,5000,0.0002,0.0002,0.0058,4970,30,0,False,False,41
gnn_ewc_replay,periodic,1045,1670,4,2018-03-01T19:37:37.902546,5000,0.0004,0.0004,0.0004,5000,0,0,False,False,41
gnn_ewc_replay,periodic,1046,1671,4,2018-03-01T19:40:37.657394,5000,0.0,0.0,0.0,5000,0,0,False,False,41
gnn_ewc_replay,periodic,1047,1673,4,2018-03-01T19:46:05.303230,5000,0.0,0.0,0.0,4999,0,1,False,False,41
gnn_ewc_replay,periodic,1048,1674,4,2018-03-01T19:48:56.380285,5000,0.0002,0.0002,0.0,4999,0,1,False,False,41
gnn_ewc_replay,periodic,1049,1675,4,2018-03-01T19:52:00.307188,5000,0.0,0.0,0.0,5000,0,0,False,True,42
gnn_ewc_replay,periodic,1050,1677,4,2018-03-01T19:57:46.760246,5000,0.0,0.0,0.0,5000,0,0,False,False,42
gnn_ewc_replay,periodic,1051,1678,4,2018-03-01T20:00:19.885005,5000,0.0002,0.0002,0.0,4999,0,1,False,False,42
gnn_ewc_replay,periodic,1052,1680,4,2018-03-01T20:05:49.191560,5000,0.0,0.0,0.0,5000,0,0,False,False,42
gnn_ewc_replay,periodic,1053,1681,4,2018-03-01T20:08:34.609206,5000,0.0,0.0,0.0,5000,0,0,False,False,42
gnn_ewc_replay,periodic,1054,1683,4,2018-03-01T20:14:16.648573,5000,0.0,0.0,0.0,5000,0,0,False,False,42
gnn_ewc_replay,periodic,1055,1684,4,2018-03-01T20:17:09.814968,5000,0.0,0.0,0.0,5000,0,0,False,False,42
gnn_ewc_replay,periodic,1056,1685,4,2018-03-01T20:20:21.832141,5000,0.0,0.0,0.0,5000,0,0,False,False,42
gnn_ewc_replay,periodic,1057,1687,4,2018-03-01T20:26:20.749782,5000,0.0,0.0,0.0,5000,0,0,False,False,42
gnn_ewc_replay,periodic,1058,1688,4,2018-03-01T20:28:57.131580,5000,0.0,0.0,0.0,5000,0,0,False,False,42
gnn_ewc_replay,periodic,1059,1690,4,2018-03-01T20:34:16.402648,5000,0.0002,0.0002,0.0,4999,0,1,False,False,42
gnn_ewc_replay,periodic,1060,1691,4,2018-03-01T20:37:03.368126,5000,0.0,0.0,0.0,5000,0,0,False,False,42
gnn_ewc_replay,periodic,1061,1693,4,2018-03-01T20:42:40.210239,5000,0.0,0.0,0.0,5000,0,0,False,False,42
gnn_ewc_replay,periodic,1062,1694,4,2018-03-01T20:45:22.988289,5000,0.0,0.0,0.0,4999,0,1,False,False,42
gnn_ewc_replay,periodic,1063,1695,4,2018-03-01T20:48:36.311880,5000,0.0,0.0,0.0,5000,0,0,False,False,42
gnn_ewc_replay,periodic,1064,1697,4,2018-03-01T20:54:25.443243,5000,0.0002,0.0002,0.0,4999,1,0,False,False,42
gnn_ewc_replay,periodic,1065,1698,4,2018-03-01T20:57:12.957229,5000,0.0,0.0,0.0,5000,0,0,False,False,42
gnn_ewc_replay,periodic,1066,1700,4,2018-03-01T21:02:39.490159,5000,0.0,0.0,0.0,5000,0,0,False,False,42
gnn_ewc_replay,periodic,1067,1701,4,2018-03-01T21:06:12.223803,5000,0.0,0.0,0.0,5000,0,0,False,False,42
gnn_ewc_replay,periodic,1068,1703,4,2018-03-01T21:14:39.841850,5000,0.0002,0.0002,0.0,4999,0,1,False,False,42
gnn_ewc_replay,periodic,1069,1704,4,2018-03-01T21:18:58.955179,5000,0.0,0.0,0.0,5000,0,0,False,False,42
gnn_ewc_replay,periodic,1070,1705,4,2018-03-01T21:23:28.699123,5000,0.0,0.0,0.0,5000,0,0,False,False,42
gnn_ewc_replay,periodic,1071,1707,4,2018-03-01T21:41:32.691354,3203,0.0,0.0,0.0,3203,0,0,False,False,42
gnn_ewc_replay,periodic,1072,1708,5,2018-03-02T12:46:22.317145,5000,0.0,0.0,0.0,4999,0,1,False,False,42
gnn_ewc_replay,periodic,1073,1709,5,2018-03-02T12:47:36.499503,5000,0.0,0.0,0.0,5000,0,0,False,False,42
gnn_ewc_replay,periodic,1074,1711,5,2018-03-02T12:52:36.584883,5000,0.0,0.0,0.0,5000,0,0,False,True,43
gnn_ewc_replay,periodic,1075,1712,5,2018-03-02T12:55:19.390202,5000,0.0,0.0,0.0,5000,0,0,False,False,43
gnn_ewc_replay,periodic,1076,1714,5,2018-03-02T13:00:29.758855,5000,0.0,0.0,0.0,5000,0,0,False,False,43
gnn_ewc_replay,periodic,1077,1715,5,2018-03-02T13:03:08.609046,5000,0.0,0.0,0.0,5000,0,0,False,False,43
gnn_ewc_replay,periodic,1078,1717,5,2018-03-02T13:09:17.357015,5000,0.0,0.0,0.0,5000,0,0,False,False,43
gnn_ewc_replay,periodic,1079,1718,5,2018-03-02T13:12:21.583784,5000,0.0,0.0,0.0,5000,0,0,False,False,43
gnn_ewc_replay,periodic,1080,1719,5,2018-03-02T13:14:45.899218,5000,0.0,0.0,0.0,5000,0,0,False,False,43
gnn_ewc_replay,periodic,1081,1721,5,2018-03-02T13:20:11.711197,5000,0.0,0.0,0.0,5000,0,0,False,False,43
gnn_ewc_replay,periodic,1082,1722,5,2018-03-02T13:22:58.824595,5000,0.0,0.0,0.0,5000,0,0,False,False,43
gnn_ewc_replay,periodic,1083,1724,5,2018-03-02T13:28:43.393310,5000,0.0,0.0,0.0,5000,0,0,False,False,43
gnn_ewc_replay,periodic,1084,1725,5,2018-03-02T13:32:03.276485,5000,0.0,0.0,0.0,5000,0,0,False,False,43
gnn_ewc_replay,periodic,1085,1727,5,2018-03-02T13:37:51.404348,5000,0.0,0.0,0.0,5000,0,0,False,False,43
gnn_ewc_replay,periodic,1086,1728,5,2018-03-02T13:40:46.678532,5000,0.0,0.0,0.0,5000,0,0,False,False,43
gnn_ewc_replay,periodic,1087,1729,5,2018-03-02T13:42:57.056700,5000,0.0,0.0,0.0,5000,0,0,False,False,43
gnn_ewc_replay,periodic,1088,1731,5,2018-03-02T13:47:54.132284,5000,0.0,0.0,0.0,5000,0,0,False,False,43
gnn_ewc_replay,periodic,1089,1732,5,2018-03-02T13:49:49.112030,5000,0.0,0.0,0.0,5000,0,0,False,False,43
gnn_ewc_replay,periodic,1090,1734,5,2018-03-02T13:54:42.985786,5000,0.0,0.0,0.0,5000,0,0,False,False,43
gnn_ewc_replay,periodic,1091,1735,5,2018-03-02T13:57:13.861823,5000,0.0,0.0,0.0,5000,0,0,False,False,43
gnn_ewc_replay,periodic,1092,1737,5,2018-03-02T14:02:21.812038,5000,0.0,0.0,0.0,5000,0,0,False,False,43
gnn_ewc_replay,periodic,1093,1738,5,2018-03-02T14:05:10.386948,5000,0.0,0.0,0.0,5000,0,0,False,False,43
gnn_ewc_replay,periodic,1094,1739,5,2018-03-02T14:08:05.591211,5000,0.0,0.0,0.0,5000,0,0,False,False,43
gnn_ewc_replay,periodic,1095,1741,5,2018-03-02T14:14:21.355369,5000,0.002,0.002,0.002,5000,0,0,False,False,43
gnn_ewc_replay,periodic,1096,1742,5,2018-03-02T14:17:07.610670,5000,0.0042,0.0042,0.0042,5000,0,0,False,False,43
gnn_ewc_replay,periodic,1097,1744,5,2018-03-02T14:22:09.547822,5000,0.008,0.008,0.008,5000,0,0,False,False,43
gnn_ewc_replay,periodic,1098,1745,5,2018-03-02T14:25:20.862348,5000,0.008,0.008,0.008,5000,0,0,False,False,43
gnn_ewc_replay,periodic,1099,1747,5,2018-03-02T14:31:14.452065,5000,0.0138,0.0138,0.0138,4998,0,2,False,True,44
gnn_ewc_replay,periodic,1100,1748,5,2018-03-02T14:34:36.973531,5000,0.0,0.0,0.0108,4946,54,0,False,False,44
gnn_ewc_replay,periodic,1101,1749,5,2018-03-02T14:36:55.869038,5000,0.0,0.0,0.0194,4903,97,0,False,False,44
gnn_ewc_replay,periodic,1102,1751,5,2018-03-02T14:42:32.113551,5000,0.0004,0.0004,0.0396,4802,198,0,False,False,44
gnn_ewc_replay,periodic,1103,1752,5,2018-03-02T14:45:24.533147,5000,0.0,0.0,0.082,4590,410,0,False,False,44
gnn_ewc_replay,periodic,1104,1754,5,2018-03-02T14:49:44.295175,5000,0.0,0.0,0.0458,4771,229,0,False,False,44
gnn_ewc_replay,periodic,1105,1755,5,2018-03-02T14:52:11.810166,5000,0.0,0.0,0.0256,4872,128,0,False,False,44
gnn_ewc_replay,periodic,1106,1757,5,2018-03-02T14:57:34.141644,5000,0.0,0.0,0.0266,4867,133,0,False,False,44
gnn_ewc_replay,periodic,1107,1758,5,2018-03-02T15:00:29.541355,5000,0.0,0.0,0.0204,4898,102,0,False,False,44
gnn_ewc_replay,periodic,1108,1759,5,2018-03-02T15:02:29.652686,5000,0.0,0.0,0.0292,4854,146,0,False,False,44
gnn_ewc_replay,periodic,1109,1761,5,2018-03-02T15:07:40.295450,5000,0.0002,0.0002,0.092,4539,324,137,False,False,44
gnn_ewc_replay,periodic,1110,1762,5,2018-03-02T15:10:28.984092,5000,0.0004,0.0004,0.0812,4594,281,125,False,False,44
gnn_ewc_replay,periodic,1111,1764,5,2018-03-02T15:15:15.325340,5000,0.0002,0.0002,0.0702,4649,232,119,False,False,44
gnn_ewc_replay,periodic,1112,1765,5,2018-03-02T15:17:01.586472,5000,0.0346,0.0346,0.0868,4566,261,173,False,False,44
gnn_ewc_replay,periodic,1113,1767,5,2018-03-02T15:21:11.681216,5000,0.0,0.0,0.088,4560,440,0,False,False,44
gnn_ewc_replay,periodic,1114,1768,5,2018-03-02T15:23:39.212158,5000,0.0,0.0,0.1032,4484,516,0,False,False,44
gnn_ewc_replay,periodic,1115,1769,5,2018-03-02T15:26:34.607640,5000,0.0,0.0,0.0852,4574,344,82,False,False,44
gnn_ewc_replay,periodic,1116,1771,5,2018-03-02T15:30:48.940802,5000,0.0002,0.0002,0.1008,4496,458,46,False,False,44
gnn_ewc_replay,periodic,1117,1772,5,2018-03-02T15:33:23.996093,5000,0.0382,0.0382,0.0882,4559,249,192,False,False,44
gnn_ewc_replay,periodic,1118,1774,5,2018-03-02T15:38:56.809322,5000,0.0002,0.0002,0.0254,4871,128,1,False,False,44
gnn_ewc_replay,periodic,1119,1775,5,2018-03-02T15:42:07.705764,5000,0.0,0.0,0.0184,4908,92,0,False,False,44
gnn_ewc_replay,periodic,1120,1777,5,2018-03-02T15:46:59.866441,5000,0.0,0.0,0.0194,4903,97,0,False,False,44
gnn_ewc_replay,periodic,1121,1778,5,2018-03-02T15:49:30.907015,5000,0.0,0.0,0.0204,4898,102,0,False,False,44
gnn_ewc_replay,periodic,1122,1779,5,2018-03-02T15:52:03.941287,5000,0.0,0.0,0.0246,4877,123,0,False,False,44
gnn_ewc_replay,periodic,1123,1781,5,2018-03-02T15:57:32.214931,5000,0.0,0.0,0.0276,4862,138,0,False,False,44
gnn_ewc_replay,periodic,1124,1782,5,2018-03-02T16:00:14.834751,5000,0.0,0.0,0.022,4890,110,0,False,True,45
gnn_ewc_replay,periodic,1125,1784,5,2018-03-02T16:06:16.251849,5000,0.0,0.0,0.0288,4856,144,0,False,False,45
gnn_ewc_replay,periodic,1126,1785,5,2018-03-02T16:09:49.796878,5000,0.002,0.002,0.028,4849,150,1,False,False,45
gnn_ewc_replay,periodic,1127,1787,5,2018-03-02T16:16:44.110568,5000,0.0,0.0,0.0286,4857,143,0,False,False,45
gnn_ewc_replay,periodic,1128,1788,5,2018-03-02T16:19:53.700602,5000,0.0,0.0,0.0236,4882,118,0,False,False,45
gnn_ewc_replay,periodic,1129,1789,5,2018-03-02T16:23:09.110800,5000,0.0,0.0,0.0254,4873,127,0,False,False,45
gnn_ewc_replay,periodic,1130,1791,5,2018-03-02T16:29:31.469714,5000,0.0,0.0,0.0218,4891,109,0,False,False,45
gnn_ewc_replay,periodic,1131,1792,5,2018-03-02T16:32:19.139474,5000,0.0,0.0,0.0318,4841,159,0,False,False,45
gnn_ewc_replay,periodic,1132,1794,5,2018-03-02T16:40:21.310190,5000,0.0,0.0,0.0298,4851,149,0,False,False,45
gnn_ewc_replay,periodic,1133,1795,5,2018-03-02T16:44:05.186222,5000,0.0,0.0,0.0254,4873,127,0,False,False,45
gnn_ewc_replay,periodic,1134,1797,5,2018-03-02T16:50:40.378543,5000,0.0,0.0,0.0264,4868,132,0,False,False,45
gnn_ewc_replay,periodic,1135,1798,5,2018-03-02T16:53:54.049860,5000,0.0,0.0,0.0286,4857,143,0,False,False,45
gnn_ewc_replay,periodic,1136,1799,5,2018-03-02T16:57:07.799647,5000,0.0,0.0,0.0184,4908,92,0,False,False,45
gnn_ewc_replay,periodic,1137,1801,5,2018-03-02T17:03:38.871557,5000,0.0,0.0,0.0298,4851,149,0,False,False,45
gnn_ewc_replay,periodic,1138,1802,5,2018-03-02T17:07:28.584421,5000,0.0002,0.0002,0.0298,4850,150,0,False,False,45
gnn_ewc_replay,periodic,1139,1804,5,2018-03-02T17:13:37.942539,5000,0.0,0.0,0.0266,4867,133,0,False,False,45
gnn_ewc_replay,periodic,1140,1805,5,2018-03-02T17:16:50.423856,5000,0.0,0.0,0.0254,4873,127,0,False,False,45
gnn_ewc_replay,periodic,1141,1807,5,2018-03-02T17:22:59.650664,5000,0.0002,0.0002,0.0236,4881,118,1,False,False,45
gnn_ewc_replay,periodic,1142,1808,5,2018-03-02T17:25:51.492516,5000,0.0,0.0,0.0192,4904,96,0,False,False,45
gnn_ewc_replay,periodic,1143,1809,5,2018-03-02T17:28:17.031496,5000,0.0,0.0,0.0194,4903,97,0,False,False,45
gnn_ewc_replay,periodic,1144,1811,5,2018-03-02T17:33:11.803515,5000,0.0,0.0,0.0218,4891,109,0,False,False,45
gnn_ewc_replay,periodic,1145,1812,5,2018-03-02T17:35:57.026588,5000,0.0,0.0,0.0192,4904,96,0,False,False,45
gnn_ewc_replay,periodic,1146,1814,5,2018-03-02T17:40:39.863670,5000,0.0,0.0,0.0224,4888,112,0,False,False,45
gnn_ewc_replay,periodic,1147,1815,5,2018-03-02T17:43:08.146983,5000,0.0,0.0,0.0224,4888,112,0,False,False,45
gnn_ewc_replay,periodic,1148,1817,5,2018-03-02T17:48:15.082408,5000,0.0,0.0,0.0204,4898,102,0,False,False,45
gnn_ewc_replay,periodic,1149,1818,5,2018-03-02T17:51:00.668453,5000,0.0,0.0,0.02,4900,100,0,False,True,46
gnn_ewc_replay,periodic,1150,1819,5,2018-03-02T17:53:37.847796,5000,0.0,0.0,0.024,4880,120,0,False,False,46
gnn_ewc_replay,periodic,1151,1821,5,2018-03-02T17:58:42.614550,5000,0.0,0.0,0.0192,4904,96,0,False,False,46
gnn_ewc_replay,periodic,1152,1822,5,2018-03-02T18:01:24.120953,5000,0.0,0.0,0.0206,4897,103,0,False,False,46
gnn_ewc_replay,periodic,1153,1824,5,2018-03-02T18:06:36.146020,5000,0.0,0.0,0.019,4905,95,0,False,False,46
gnn_ewc_replay,periodic,1154,1825,5,2018-03-02T18:09:21.870157,5000,0.0,0.0,0.0212,4893,106,1,False,False,46
gnn_ewc_replay,periodic,1155,1827,5,2018-03-02T18:14:54.563419,5000,0.0,0.0,0.023,4885,115,0,False,False,46
gnn_ewc_replay,periodic,1156,1828,5,2018-03-02T18:17:30.731893,5000,0.0,0.0,0.0226,4887,113,0,False,False,46
gnn_ewc_replay,periodic,1157,1829,5,2018-03-02T18:20:20.948015,5000,0.0,0.0,0.0218,4891,109,0,False,False,46
gnn_ewc_replay,periodic,1158,1831,5,2018-03-02T18:25:39.847590,5000,0.0004,0.0004,0.093,4535,463,2,False,False,46
gnn_ewc_replay,periodic,1159,1832,5,2018-03-02T18:28:25.923594,5000,0.0,0.0,0.0466,4767,233,0,False,False,46
gnn_ewc_replay,periodic,1160,1834,5,2018-03-02T18:33:56.359075,5000,0.0002,0.0002,0.0234,4882,118,0,False,False,46
gnn_ewc_replay,periodic,1161,1835,5,2018-03-02T18:36:47.869863,5000,0.0,0.0,0.0228,4886,114,0,False,False,46
gnn_ewc_replay,periodic,1162,1837,5,2018-03-02T18:42:09.067760,5000,0.0,0.0,0.0222,4889,111,0,False,False,46
gnn_ewc_replay,periodic,1163,1838,5,2018-03-02T18:44:58.586059,5000,0.0,0.0,0.0188,4906,94,0,False,False,46
gnn_ewc_replay,periodic,1164,1839,5,2018-03-02T18:47:37.637183,5000,0.0,0.0,0.0212,4894,106,0,False,False,46
gnn_ewc_replay,periodic,1165,1841,5,2018-03-02T18:53:28.188217,5000,0.0,0.0,0.0214,4893,107,0,False,False,46
gnn_ewc_replay,periodic,1166,1842,5,2018-03-02T18:56:08.467204,5000,0.0,0.0,0.0228,4885,114,1,False,False,46
gnn_ewc_replay,periodic,1167,1844,5,2018-03-02T19:01:12.658687,5000,0.0,0.0,0.022,4890,110,0,False,False,46
gnn_ewc_replay,periodic,1168,1845,5,2018-03-02T19:03:54.338772,5000,0.0008,0.0008,0.0194,4899,101,0,False,False,46
gnn_ewc_replay,periodic,1169,1847,5,2018-03-02T19:08:43.733795,5000,0.0,0.0,0.02,4900,100,0,False,False,46
gnn_ewc_replay,periodic,1170,1848,5,2018-03-02T19:11:15.209784,5000,0.0,0.0,0.0268,4866,134,0,False,False,46
gnn_ewc_replay,periodic,1171,1849,5,2018-03-02T19:14:10.256046,5000,0.0,0.0,0.0246,4877,123,0,False,False,46
gnn_ewc_replay,periodic,1172,1851,5,2018-03-02T19:19:59.269413,5000,0.0,0.0,0.0206,4897,103,0,False,False,46
gnn_ewc_replay,periodic,1173,1852,5,2018-03-02T19:22:46.725634,5000,0.0,0.0,0.023,4885,115,0,False,False,46
gnn_ewc_replay,periodic,1174,1854,5,2018-03-02T19:28:10.988598,5000,0.0,0.0,0.0204,4898,102,0,False,True,47
gnn_ewc_replay,periodic,1175,1855,5,2018-03-02T19:30:34.990015,5000,0.0,0.0,0.0714,4643,357,0,False,False,47
gnn_ewc_replay,periodic,1176,1857,5,2018-03-02T19:35:42.017177,5000,0.0,0.0,0.0784,4608,392,0,False,False,47
gnn_ewc_replay,periodic,1177,1858,5,2018-03-02T19:38:00.653563,5000,0.0,0.0,0.0932,4534,466,0,False,False,47
gnn_ewc_replay,periodic,1178,1859,5,2018-03-02T19:40:40.501583,5000,0.0,0.0,0.0798,4601,399,0,False,False,47
gnn_ewc_replay,periodic,1179,1861,5,2018-03-02T19:45:33.082444,5000,0.0,0.0,0.0892,4554,446,0,False,False,47
gnn_ewc_replay,periodic,1180,1862,5,2018-03-02T19:48:05.722391,5000,0.0,0.0,0.0818,4591,409,0,False,False,47
gnn_ewc_replay,periodic,1181,1864,5,2018-03-02T19:53:10.527917,5000,0.007,0.007,0.0202,4860,136,4,False,False,47
gnn_ewc_replay,periodic,1182,1865,5,2018-03-02T19:56:18.214532,5000,0.0,0.0,0.0,5000,0,0,False,False,47
gnn_ewc_replay,periodic,1183,1867,5,2018-03-02T20:01:18.615392,5000,0.0,0.0,0.0,5000,0,0,False,False,47
gnn_ewc_replay,periodic,1184,1868,5,2018-03-02T20:03:59.772911,5000,0.0,0.0,0.0,5000,0,0,False,False,47
gnn_ewc_replay,periodic,1185,1869,5,2018-03-02T20:06:50.223596,5000,0.0,0.0,0.0,5000,0,0,False,False,47
gnn_ewc_replay,periodic,1186,1871,5,2018-03-02T20:12:25.966255,5000,0.0,0.0,0.0,5000,0,0,False,False,47
gnn_ewc_replay,periodic,1187,1872,5,2018-03-02T20:15:24.906516,5000,0.0,0.0,0.0,5000,0,0,False,False,47
gnn_ewc_replay,periodic,1188,1874,5,2018-03-02T20:21:27.773148,5000,0.0,0.0,0.0,5000,0,0,False,False,47
gnn_ewc_replay,periodic,1189,1875,5,2018-03-02T20:24:15.526012,5000,0.0,0.0,0.0,5000,0,0,False,False,47
gnn_ewc_replay,periodic,1190,1877,5,2018-03-02T20:29:41.060156,5000,0.0,0.0,0.0,5000,0,0,False,False,47
gnn_ewc_replay,periodic,1191,1878,5,2018-03-02T20:32:22.331316,5000,0.0,0.0,0.0,5000,0,0,False,False,47
gnn_ewc_replay,periodic,1192,1879,5,2018-03-02T20:35:00.008266,5000,0.0,0.0,0.0,5000,0,0,False,False,47
gnn_ewc_replay,periodic,1193,1881,5,2018-03-02T20:40:45.387347,5000,0.0002,0.0002,0.0,4999,0,1,False,False,47
gnn_ewc_replay,periodic,1194,1882,5,2018-03-02T20:43:26.383496,5000,0.0,0.0,0.0,5000,0,0,False,False,47
gnn_ewc_replay,periodic,1195,1884,5,2018-03-02T20:48:56.407275,5000,0.0,0.0,0.0,4999,0,1,False,False,47
gnn_ewc_replay,periodic,1196,1885,5,2018-03-02T20:51:59.325817,5000,0.0,0.0,0.0,5000,0,0,False,False,47
gnn_ewc_replay,periodic,1197,1887,5,2018-03-02T20:57:45.855305,5000,0.0,0.0,0.0,5000,0,0,False,False,47
gnn_ewc_replay,periodic,1198,1888,5,2018-03-02T21:00:04.972693,5000,0.0,0.0,0.0,5000,0,0,False,False,47
gnn_ewc_replay,periodic,1199,1889,5,2018-03-02T21:02:58.566624,5000,0.0,0.0,0.0,5000,0,0,False,True,48
gnn_ewc_replay,periodic,1200,1891,5,2018-03-02T21:10:15.106866,5000,0.0,0.0,0.0,5000,0,0,False,False,48
gnn_ewc_replay,periodic,1201,1892,5,2018-03-02T21:14:09.697355,5000,0.0002,0.0002,0.0,4999,1,0,False,False,48
gnn_ewc_replay,periodic,1202,1894,5,2018-03-02T21:21:43.482734,5000,0.0,0.0,0.0,5000,0,0,False,False,48
gnn_ewc_replay,periodic,1203,1895,5,2018-03-02T21:26:22.615075,5000,0.0,0.0,0.0,5000,0,0,False,False,48
gnn_ewc_replay,periodic,1204,1897,5,2018-03-02T22:35:29.692173,1137,0.0,0.0,0.0,1137,0,0,False,False,48
gnn_ewc_replay,oracle,0,178,1,2018-02-15T12:23:17.590730,5000,0.0,0.0,0.0,5000,0,0,False,False,0
gnn_ewc_replay,oracle,1,179,1,2018-02-15T12:24:56.885568,5000,0.0,0.0,0.0,5000,0,0,False,False,0
gnn_ewc_replay,oracle,2,181,1,2018-02-15T12:31:09.676533,5000,0.0,0.0,0.0,5000,0,0,False,False,0
gnn_ewc_replay,oracle,3,182,1,2018-02-15T12:34:33.489996,5000,0.0,0.0,0.0,5000,0,0,False,False,0
gnn_ewc_replay,oracle,4,184,1,2018-02-15T12:41:12.914317,5000,0.0,0.0,0.0,5000,0,0,False,False,0
gnn_ewc_replay,oracle,5,185,1,2018-02-15T12:44:35.045407,5000,0.0,0.0,0.0,5000,0,0,False,False,0
gnn_ewc_replay,oracle,6,187,1,2018-02-15T12:52:00.343808,5000,0.0,0.0,0.0,5000,0,0,False,False,0
gnn_ewc_replay,oracle,7,188,1,2018-02-15T12:55:13.883946,5000,0.0,0.0,0.0,5000,0,0,False,False,0
gnn_ewc_replay,oracle,8,189,1,2018-02-15T12:58:25.758528,5000,0.0,0.0,0.0,5000,0,0,False,False,0
gnn_ewc_replay,oracle,9,191,1,2018-02-15T13:05:02.708568,5000,0.0,0.0,0.0,5000,0,0,False,False,0
gnn_ewc_replay,oracle,10,192,1,2018-02-15T13:08:44.408048,5000,0.0,0.0,0.0,5000,0,0,False,False,0
gnn_ewc_replay,oracle,11,194,1,2018-02-15T13:15:12.381714,5000,0.0,0.0,0.0,5000,0,0,False,False,0
gnn_ewc_replay,oracle,12,195,1,2018-02-15T13:18:14.277391,5000,0.0,0.0,0.0,5000,0,0,False,False,0
gnn_ewc_replay,oracle,13,197,1,2018-02-15T13:25:01.053176,5000,0.0096,0.0096,0.0096,5000,0,0,False,False,0
gnn_ewc_replay,oracle,14,198,1,2018-02-15T13:27:52.163823,5000,0.1474,0.1474,0.1474,5000,0,0,False,False,0
gnn_ewc_replay,oracle,15,199,1,2018-02-15T13:30:38.405035,5000,0.0262,0.0262,0.0262,5000,0,0,False,False,0
gnn_ewc_replay,oracle,16,201,1,2018-02-15T13:37:20.802767,5000,0.1094,0.1094,0.1094,5000,0,0,False,False,0
gnn_ewc_replay,oracle,17,202,1,2018-02-15T13:40:23.217663,5000,0.0094,0.0094,0.0094,5000,0,0,False,False,0
gnn_ewc_replay,oracle,18,204,1,2018-02-15T13:45:40.116507,5000,0.0,0.0,0.0,5000,0,0,False,False,0
gnn_ewc_replay,oracle,19,205,1,2018-02-15T13:49:01.619726,5000,0.1114,0.1114,0.1114,5000,0,0,False,False,0
gnn_ewc_replay,oracle,20,207,1,2018-02-15T13:53:53.370023,5000,0.1004,0.1004,0.1004,5000,0,0,False,False,0
gnn_ewc_replay,oracle,21,208,1,2018-02-15T13:56:02.625786,5000,0.0526,0.0526,0.0526,5000,0,0,False,False,0
gnn_ewc_replay,oracle,22,209,1,2018-02-15T13:58:40.849892,5000,0.0,0.0,0.0,5000,0,0,False,False,0
gnn_ewc_replay,oracle,23,211,1,2018-02-15T14:05:35.268811,5000,0.0,0.0,0.0,5000,0,0,False,False,0
gnn_ewc_replay,oracle,24,212,1,2018-02-15T14:09:20.378442,5000,0.0,0.0,0.0,5000,0,0,False,False,0
gnn_ewc_replay,oracle,25,214,1,2018-02-15T14:16:28.503726,5000,0.0,0.0,0.0,5000,0,0,False,False,0
gnn_ewc_replay,oracle,26,215,1,2018-02-15T14:20:31.927942,5000,0.0,0.0,0.0,5000,0,0,False,False,0
gnn_ewc_replay,oracle,27,217,1,2018-02-15T14:26:25.244375,5000,0.0,0.0,0.0,5000,0,0,False,False,0
gnn_ewc_replay,oracle,28,218,1,2018-02-15T14:29:35.824417,5000,0.0,0.0,0.0,5000,0,0,False,False,0
gnn_ewc_replay,oracle,29,219,1,2018-02-15T14:33:15.078803,5000,0.0,0.0,0.0,5000,0,0,False,False,0
gnn_ewc_replay,oracle,30,221,1,2018-02-15T14:40:05.904712,5000,0.0,0.0,0.0,5000,0,0,False,False,0
gnn_ewc_replay,oracle,31,222,1,2018-02-15T14:43:20.578050,5000,0.0,0.0,0.0,5000,0,0,False,False,0
gnn_ewc_replay,oracle,32,224,1,2018-02-15T14:49:58.408106,5000,0.0,0.0,0.0,5000,0,0,False,False,0
gnn_ewc_replay,oracle,33,225,1,2018-02-15T14:52:57.148539,5000,0.0,0.0,0.0,5000,0,0,False,False,0
gnn_ewc_replay,oracle,34,227,1,2018-02-15T14:58:49.520953,5000,0.0104,0.0104,0.0104,5000,0,0,False,False,0
gnn_ewc_replay,oracle,35,228,1,2018-02-15T15:01:35.503923,5000,0.0182,0.0182,0.0182,5000,0,0,False,False,0
gnn_ewc_replay,oracle,36,229,1,2018-02-15T15:04:53.594861,5000,0.0178,0.0178,0.0178,5000,0,0,False,False,0
gnn_ewc_replay,oracle,37,231,1,2018-02-15T15:10:43.113137,5000,0.014,0.014,0.014,5000,0,0,False,False,0
gnn_ewc_replay,oracle,38,232,1,2018-02-15T15:13:41.096189,5000,0.0166,0.0166,0.0166,5000,0,0,False,False,0
gnn_ewc_replay,oracle,39,234,1,2018-02-15T15:19:35.615625,5000,0.0162,0.0162,0.0162,5000,0,0,False,False,0
gnn_ewc_replay,oracle,40,235,1,2018-02-15T15:22:01.717726,5000,0.0162,0.0162,0.0162,5000,0,0,False,False,0
gnn_ewc_replay,oracle,41,237,1,2018-02-15T15:28:03.562400,5000,0.0146,0.0146,0.0146,5000,0,0,False,False,0
gnn_ewc_replay,oracle,42,238,1,2018-02-15T15:30:42.194109,5000,0.0218,0.0218,0.0218,5000,0,0,False,False,0
gnn_ewc_replay,oracle,43,239,1,2018-02-15T15:33:50.453519,5000,0.0194,0.0194,0.0194,5000,0,0,False,False,0
gnn_ewc_replay,oracle,44,241,1,2018-02-15T15:40:14.154779,5000,0.0072,0.0072,0.0072,5000,0,0,False,False,0
gnn_ewc_replay,oracle,45,242,1,2018-02-15T15:43:38.324572,5000,0.0,0.0,0.0,5000,0,0,False,False,0
gnn_ewc_replay,oracle,46,244,1,2018-02-15T15:49:34.849905,5000,0.0,0.0,0.0,5000,0,0,False,False,0
gnn_ewc_replay,oracle,47,245,1,2018-02-15T15:52:15.457567,5000,0.0,0.0,0.0,5000,0,0,False,False,0
gnn_ewc_replay,oracle,48,247,1,2018-02-15T15:58:36.122597,5000,0.0,0.0,0.0,5000,0,0,False,False,0
gnn_ewc_replay,oracle,49,248,1,2018-02-15T16:01:12.335738,5000,0.0,0.0,0.0,5000,0,0,False,False,0
gnn_ewc_replay,oracle,50,249,1,2018-02-15T16:05:09.163526,5000,0.0,0.0,0.0,5000,0,0,False,False,0
gnn_ewc_replay,oracle,51,251,1,2018-02-15T16:14:18.531154,5000,0.0,0.0,0.0,5000,0,0,False,False,0
gnn_ewc_replay,oracle,52,252,1,2018-02-15T16:18:17.690425,5000,0.0,0.0,0.0,5000,0,0,False,False,0
gnn_ewc_replay,oracle,53,254,1,2018-02-15T16:26:52.753234,5000,0.0,0.0,0.0,5000,0,0,False,False,0
gnn_ewc_replay,oracle,54,255,1,2018-02-15T16:29:35.703305,5000,0.0,0.0,0.0,5000,0,0,False,False,0
gnn_ewc_replay,oracle,55,257,1,2018-02-15T16:38:10.097487,5000,0.0,0.0,0.0,5000,0,0,False,False,0
gnn_ewc_replay,oracle,56,258,1,2018-02-15T16:45:00.570621,5000,0.0,0.0,0.0,5000,0,0,False,False,0
gnn_ewc_replay,oracle,57,259,1,2018-02-15T16:50:59.684793,5000,0.0,0.0,0.0,5000,0,0,False,False,0
gnn_ewc_replay,oracle,58,261,1,2018-02-15T17:00:24.898645,5000,0.0,0.0,0.0,5000,0,0,False,False,0
gnn_ewc_replay,oracle,59,262,1,2018-02-15T17:04:35.659972,5000,0.0,0.0,0.0,5000,0,0,False,False,0
gnn_ewc_replay,oracle,60,264,1,2018-02-15T17:12:38.569411,5000,0.0,0.0,0.0,5000,0,0,False,False,0
gnn_ewc_replay,oracle,61,265,1,2018-02-15T17:15:56.887529,5000,0.0,0.0,0.0,5000,0,0,False,False,0
gnn_ewc_replay,oracle,62,267,1,2018-02-15T17:23:13.044359,5000,0.0,0.0,0.0,5000,0,0,False,False,0
gnn_ewc_replay,oracle,63,268,1,2018-02-15T17:26:34.119062,5000,0.0,0.0,0.0,5000,0,0,False,False,0
gnn_ewc_replay,oracle,64,269,1,2018-02-15T17:30:03.499806,5000,0.0,0.0,0.0,5000,0,0,False,False,0
gnn_ewc_replay,oracle,65,271,1,2018-02-15T17:37:01.144978,5000,0.0,0.0,0.0,5000,0,0,False,False,0
gnn_ewc_replay,oracle,66,272,1,2018-02-15T17:40:27.152310,5000,0.0,0.0,0.0,5000,0,0,False,False,0
gnn_ewc_replay,oracle,67,274,1,2018-02-15T17:46:41.549807,5000,0.0,0.0,0.0,5000,0,0,False,False,0
gnn_ewc_replay,oracle,68,275,1,2018-02-15T17:49:38.735750,5000,0.0,0.0,0.0,5000,0,0,False,False,0
gnn_ewc_replay,oracle,69,277,1,2018-02-15T17:56:00.511056,5000,0.0,0.0,0.0,5000,0,0,False,False,0
gnn_ewc_replay,oracle,70,278,1,2018-02-15T17:59:19.885035,5000,0.0,0.0,0.0,5000,0,0,False,False,0
gnn_ewc_replay,oracle,71,279,1,2018-02-15T18:02:44.318022,5000,0.0,0.0,0.0,5000,0,0,False,False,0
gnn_ewc_replay,oracle,72,281,1,2018-02-15T18:09:41.150950,5000,0.0,0.0,0.0,5000,0,0,False,False,0
gnn_ewc_replay,oracle,73,282,1,2018-02-15T18:12:28.015107,5000,0.0,0.0,0.0,5000,0,0,False,False,0
gnn_ewc_replay,oracle,74,284,1,2018-02-15T18:18:23.038912,5000,0.0,0.0,0.0,5000,0,0,False,False,0
gnn_ewc_replay,oracle,75,285,1,2018-02-15T18:21:18.883558,5000,0.0,0.0,0.0,5000,0,0,False,False,0
gnn_ewc_replay,oracle,76,287,1,2018-02-15T18:27:53.451634,5000,0.0,0.0,0.0,5000,0,0,False,False,0
gnn_ewc_replay,oracle,77,288,1,2018-02-15T18:31:00.368229,5000,0.0,0.0,0.0,5000,0,0,False,False,0
gnn_ewc_replay,oracle,78,289,1,2018-02-15T18:34:18.238525,5000,0.0,0.0,0.0,5000,0,0,False,False,0
gnn_ewc_replay,oracle,79,291,1,2018-02-15T18:41:41.029198,5000,0.0,0.0,0.0,5000,0,0,False,False,0
gnn_ewc_replay,oracle,80,292,1,2018-02-15T18:45:05.792018,5000,0.0,0.0,0.0,5000,0,0,False,False,0
gnn_ewc_replay,oracle,81,294,1,2018-02-15T18:51:57.688983,5000,0.0,0.0,0.0,4999,0,1,False,False,0
gnn_ewc_replay,oracle,82,295,1,2018-02-15T18:55:22.974194,5000,0.0,0.0,0.0,5000,0,0,False,False,0
gnn_ewc_replay,oracle,83,297,1,2018-02-15T19:03:00.715509,5000,0.0,0.0,0.0,5000,0,0,False,False,0
gnn_ewc_replay,oracle,84,298,1,2018-02-15T19:06:06.319184,5000,0.0,0.0,0.0,4999,0,1,False,False,0
gnn_ewc_replay,oracle,85,299,1,2018-02-15T19:09:23.553347,5000,0.0,0.0,0.0,5000,0,0,False,False,0
gnn_ewc_replay,oracle,86,301,1,2018-02-15T19:15:30.768551,5000,0.0,0.0,0.0,5000,0,0,False,False,0
gnn_ewc_replay,oracle,87,302,1,2018-02-15T19:18:40.296916,5000,0.0,0.0,0.0,5000,0,0,False,False,0
gnn_ewc_replay,oracle,88,304,1,2018-02-15T19:24:39.980435,5000,0.0,0.0,0.0,5000,0,0,False,False,0
gnn_ewc_replay,oracle,89,305,1,2018-02-15T19:27:33.013649,5000,0.0,0.0,0.0,5000,0,0,False,False,0
gnn_ewc_replay,oracle,90,307,1,2018-02-15T19:34:45.131211,5000,0.0,0.0,0.0,5000,0,0,False,False,0
gnn_ewc_replay,oracle,91,308,1,2018-02-15T19:38:05.427945,5000,0.0,0.0,0.0,5000,0,0,False,False,0
gnn_ewc_replay,oracle,92,309,1,2018-02-15T19:41:20.652273,5000,0.0,0.0,0.0,5000,0,0,False,False,0
gnn_ewc_replay,oracle,93,311,1,2018-02-15T19:48:51.307142,5000,0.0,0.0,0.0,5000,0,0,False,False,0
gnn_ewc_replay,oracle,94,312,1,2018-02-15T19:52:15.873932,5000,0.0,0.0,0.0,5000,0,0,False,False,0
gnn_ewc_replay,oracle,95,314,1,2018-02-15T19:59:56.591045,5000,0.0,0.0,0.0,5000,0,0,False,False,0
gnn_ewc_replay,oracle,96,315,1,2018-02-15T20:04:26.712143,5000,0.0,0.0,0.0,5000,0,0,False,False,0
gnn_ewc_replay,oracle,97,317,1,2018-02-15T20:10:46.343941,5000,0.0,0.0,0.0,5000,0,0,False,False,0
gnn_ewc_replay,oracle,98,318,1,2018-02-15T20:13:56.161473,5000,0.0,0.0,0.0,5000,0,0,False,False,0
gnn_ewc_replay,oracle,99,319,1,2018-02-15T20:17:08.570979,5000,0.0,0.0,0.0,5000,0,0,False,False,0
gnn_ewc_replay,oracle,100,321,1,2018-02-15T20:23:09.220547,5000,0.0,0.0,0.0,5000,0,0,False,False,0
gnn_ewc_replay,oracle,101,322,1,2018-02-15T20:26:14.816363,5000,0.0,0.0,0.0,5000,0,0,False,False,0
gnn_ewc_replay,oracle,102,324,1,2018-02-15T20:33:20.316643,5000,0.0,0.0,0.0,5000,0,0,False,False,0
gnn_ewc_replay,oracle,103,325,1,2018-02-15T20:36:12.774234,5000,0.0,0.0,0.0,5000,0,0,False,False,0
gnn_ewc_replay,oracle,104,327,1,2018-02-15T20:42:25.006964,5000,0.0,0.0,0.0,5000,0,0,False,False,0
gnn_ewc_replay,oracle,105,328,1,2018-02-15T20:45:20.967221,5000,0.0,0.0,0.0,5000,0,0,False,False,0
gnn_ewc_replay,oracle,106,329,1,2018-02-15T20:48:38.201559,5000,0.0,0.0,0.0,5000,0,0,False,False,0
gnn_ewc_replay,oracle,107,331,1,2018-02-15T20:54:54.842909,5000,0.0,0.0,0.0,5000,0,0,False,False,0
gnn_ewc_replay,oracle,108,332,1,2018-02-15T20:58:04.422672,5000,0.0,0.0,0.0,5000,0,0,False,False,0
gnn_ewc_replay,oracle,109,334,1,2018-02-15T21:04:11.286615,5000,0.0,0.0,0.0,5000,0,0,False,False,0
gnn_ewc_replay,oracle,110,335,1,2018-02-15T21:09:03.223157,5000,0.0,0.0,0.0,5000,0,0,False,False,0
gnn_ewc_replay,oracle,111,337,1,2018-02-15T21:18:26.686505,5000,0.0,0.0,0.0,5000,0,0,False,False,0
gnn_ewc_replay,oracle,112,338,1,2018-02-15T21:23:32.652271,5000,0.0,0.0,0.0,5000,0,0,False,False,0
gnn_ewc_replay,oracle,113,339,1,2018-02-15T21:28:41.499548,5000,0.0,0.0,0.0,5000,0,0,False,False,0
gnn_ewc_replay,oracle,114,341,1,2018-02-16T12:38:36.697545,5000,0.0,0.0,0.0,5000,0,0,False,False,0
gnn_ewc_replay,oracle,115,342,1,2018-02-16T12:41:51.550511,5000,0.0,0.0,0.0,5000,0,0,False,False,0
gnn_ewc_replay,oracle,116,344,1,2018-02-16T12:47:57.300715,5000,0.0,0.0,0.0,5000,0,0,False,False,0
gnn_ewc_replay,oracle,117,345,1,2018-02-16T12:51:35.623713,5000,0.0,0.0,0.0,5000,0,0,False,False,0
gnn_ewc_replay,oracle,118,347,1,2018-02-16T12:57:56.099291,5000,0.0,0.0,0.0,5000,0,0,False,False,0
gnn_ewc_replay,oracle,119,348,1,2018-02-16T13:01:12.217064,5000,0.0,0.0,0.0,5000,0,0,False,False,0
gnn_ewc_replay,oracle,120,349,1,2018-02-16T13:04:42.604615,5000,0.0,0.0,0.0,5000,0,0,False,False,0
gnn_ewc_replay,oracle,121,351,1,2018-02-16T13:10:28.859447,5000,0.0,0.0,0.0,5000,0,0,False,False,0
gnn_ewc_replay,oracle,122,352,1,2018-02-16T13:13:30.516025,5000,0.0,0.0,0.0,5000,0,0,False,False,0
gnn_ewc_replay,oracle,123,354,1,2018-02-16T13:19:14.030376,5000,0.0,0.0,0.0,5000,0,0,False,False,0
gnn_ewc_replay,oracle,124,355,1,2018-02-16T13:22:36.824134,5000,0.0,0.0,0.0,5000,0,0,False,False,0
gnn_ewc_replay,oracle,125,357,1,2018-02-16T13:28:33.409959,5000,0.0,0.0,0.0,5000,0,0,False,False,0
gnn_ewc_replay,oracle,126,358,1,2018-02-16T13:32:09.884042,5000,0.0,0.0,0.0,5000,0,0,False,False,0
gnn_ewc_replay,oracle,127,359,1,2018-02-16T13:35:31.614925,5000,0.0,0.0,0.0,5000,0,0,False,False,0
gnn_ewc_replay,oracle,128,361,1,2018-02-16T13:41:03.024633,5000,0.0,0.0,0.0,5000,0,0,False,False,0
gnn_ewc_replay,oracle,129,362,1,2018-02-16T13:44:12.288412,5000,0.0,0.0,0.0,5000,0,0,False,False,0
gnn_ewc_replay,oracle,130,364,1,2018-02-16T13:49:59.276859,5000,0.0,0.0,0.0,5000,0,0,False,False,0
gnn_ewc_replay,oracle,131,365,1,2018-02-16T13:53:10.063118,5000,0.0,0.0,0.0,5000,0,0,False,False,0
gnn_ewc_replay,oracle,132,367,1,2018-02-16T13:58:52.864868,5000,0.0,0.0,0.0,5000,0,0,False,False,0
gnn_ewc_replay,oracle,133,368,1,2018-02-16T14:01:22.834646,5000,0.0,0.0,0.0,5000,0,0,False,False,0
gnn_ewc_replay,oracle,134,369,1,2018-02-16T14:04:55.896892,5000,0.0,0.0,0.0,5000,0,0,False,False,0
gnn_ewc_replay,oracle,135,371,1,2018-02-16T14:11:34.794780,5000,0.0,0.0,0.0,5000,0,0,False,False,0
gnn_ewc_replay,oracle,136,372,1,2018-02-16T14:13:58.339355,5000,0.0,0.0,0.0,5000,0,0,False,False,0
gnn_ewc_replay,oracle,137,374,1,2018-02-16T14:19:49.131130,5000,0.0,0.0,0.0,5000,0,0,False,False,0
gnn_ewc_replay,oracle,138,375,1,2018-02-16T14:22:46.732927,5000,0.0,0.0,0.0,5000,0,0,False,False,0
gnn_ewc_replay,oracle,139,377,1,2018-02-16T14:28:19.297368,5000,0.0,0.0,0.0,5000,0,0,False,False,0
gnn_ewc_replay,oracle,140,378,1,2018-02-16T14:31:06.039383,5000,0.0,0.0,0.0,5000,0,0,False,False,0
gnn_ewc_replay,oracle,141,379,1,2018-02-16T14:34:38.524501,5000,0.0,0.0,0.0,5000,0,0,False,False,0
gnn_ewc_replay,oracle,142,381,1,2018-02-16T14:39:55.123773,5000,0.0,0.0,0.0,5000,0,0,False,False,0
gnn_ewc_replay,oracle,143,382,1,2018-02-16T14:42:08.518730,5000,0.0,0.0,0.0,5000,0,0,False,False,0
gnn_ewc_replay,oracle,144,384,1,2018-02-16T14:47:13.260846,5000,0.0,0.0,0.0,5000,0,0,False,False,0
gnn_ewc_replay,oracle,145,385,1,2018-02-16T14:49:51.713324,5000,0.0,0.0,0.0,5000,0,0,False,False,0
gnn_ewc_replay,oracle,146,387,1,2018-02-16T14:54:44.986030,5000,0.0,0.0,0.0,5000,0,0,False,False,0
gnn_ewc_replay,oracle,147,388,1,2018-02-16T14:57:19.214139,5000,0.0,0.0,0.0,5000,0,0,False,False,0
gnn_ewc_replay,oracle,148,389,1,2018-02-16T14:59:52.120516,5000,0.0,0.0,0.0,5000,0,0,False,False,0
gnn_ewc_replay,oracle,149,391,1,2018-02-16T15:05:05.451682,5000,0.0,0.0,0.0,5000,0,0,False,False,0
gnn_ewc_replay,oracle,150,392,1,2018-02-16T15:07:41.062311,5000,0.0,0.0,0.0,5000,0,0,False,False,0
gnn_ewc_replay,oracle,151,394,1,2018-02-16T15:13:20.136611,5000,0.0,0.0,0.0,5000,0,0,False,False,0
gnn_ewc_replay,oracle,152,395,1,2018-02-16T15:16:25.174632,5000,0.0,0.0,0.0,5000,0,0,False,False,0
gnn_ewc_replay,oracle,153,397,1,2018-02-16T15:22:40.807706,5000,0.0,0.0,0.0,5000,0,0,False,False,0
gnn_ewc_replay,oracle,154,398,1,2018-02-16T15:25:34.341078,5000,0.0,0.0,0.0,5000,0,0,False,False,0
gnn_ewc_replay,oracle,155,399,1,2018-02-16T15:28:34.709642,5000,0.0,0.0,0.0,5000,0,0,False,False,0
gnn_ewc_replay,oracle,156,401,1,2018-02-16T15:34:20.055451,5000,0.0,0.0,0.0,5000,0,0,False,False,0
gnn_ewc_replay,oracle,157,402,1,2018-02-16T15:37:17.313787,5000,0.0,0.0,0.0,5000,0,0,False,False,0
gnn_ewc_replay,oracle,158,404,1,2018-02-16T15:42:25.817105,5000,0.0,0.0,0.0,5000,0,0,False,False,0
gnn_ewc_replay,oracle,159,405,1,2018-02-16T15:45:10.829527,5000,0.0,0.0,0.0,5000,0,0,False,False,0
gnn_ewc_replay,oracle,160,407,1,2018-02-16T15:50:50.849008,5000,0.0,0.0,0.0,5000,0,0,False,False,0
gnn_ewc_replay,oracle,161,408,1,2018-02-16T15:53:34.212298,5000,0.0,0.0,0.0,5000,0,0,False,False,0
gnn_ewc_replay,oracle,162,409,1,2018-02-16T15:56:46.485727,5000,0.0,0.0,0.0,5000,0,0,False,False,0
gnn_ewc_replay,oracle,163,411,1,2018-02-16T16:02:20.991045,5000,0.0,0.0,0.0,5000,0,0,False,False,0
gnn_ewc_replay,oracle,164,412,1,2018-02-16T16:06:06.473413,5000,0.0,0.0,0.0,5000,0,0,False,False,0
gnn_ewc_replay,oracle,165,414,1,2018-02-16T16:13:23.724000,5000,0.0,0.0,0.0,5000,0,0,False,False,0
gnn_ewc_replay,oracle,166,415,1,2018-02-16T16:16:47.091957,5000,0.0,0.0,0.0,5000,0,0,False,False,0
gnn_ewc_replay,oracle,167,417,1,2018-02-16T16:26:51.582279,5000,0.0,0.0,0.0,5000,0,0,False,False,0
gnn_ewc_replay,oracle,168,418,1,2018-02-16T16:30:10.070271,5000,0.0,0.0,0.0,5000,0,0,False,False,0
gnn_ewc_replay,oracle,169,419,1,2018-02-16T16:34:29.542855,5000,0.0,0.0,0.0,5000,0,0,False,False,0
gnn_ewc_replay,oracle,170,421,1,2018-02-16T16:43:40.803856,5000,0.0,0.0,0.0,5000,0,0,False,False,0
gnn_ewc_replay,oracle,171,422,1,2018-02-16T16:47:31.948072,5000,0.0,0.0,0.0,5000,0,0,False,False,0
gnn_ewc_replay,oracle,172,424,1,2018-02-16T16:57:56.802843,5000,0.0,0.0,0.0,5000,0,0,False,False,0
gnn_ewc_replay,oracle,173,425,1,2018-02-16T17:01:39.858302,5000,0.0,0.0,0.0,5000,0,0,False,False,0
gnn_ewc_replay,oracle,174,427,1,2018-02-16T17:10:12.016624,5000,0.0,0.0,0.0,5000,0,0,False,False,0
gnn_ewc_replay,oracle,175,428,1,2018-02-16T17:14:13.990815,5000,0.0,0.0,0.0,5000,0,0,False,False,0
gnn_ewc_replay,oracle,176,429,1,2018-02-16T17:17:52.673746,5000,0.0,0.0,0.0,5000,0,0,False,False,0
gnn_ewc_replay,oracle,177,431,1,2018-02-16T17:25:47.902786,5000,0.0,0.0,0.0,5000,0,0,False,False,0
gnn_ewc_replay,oracle,178,432,1,2018-02-16T17:28:53.822111,5000,0.0,0.0,0.0,5000,0,0,False,False,0
gnn_ewc_replay,oracle,179,434,1,2018-02-16T17:34:33.651732,5000,0.0,0.0,0.0,5000,0,0,False,False,0
gnn_ewc_replay,oracle,180,435,1,2018-02-16T17:37:22.552335,5000,0.0,0.0,0.0,5000,0,0,False,False,0
gnn_ewc_replay,oracle,181,437,1,2018-02-16T17:43:24.921728,5000,0.223,0.223,0.223,3885,1115,0,False,False,0
gnn_ewc_replay,oracle,182,438,1,2018-02-16T17:45:30.415800,5000,0.93,0.93,0.93,350,4650,0,False,False,0
gnn_ewc_replay,oracle,183,439,1,2018-02-16T17:45:42.688795,5000,0.9046,0.9046,0.9046,477,4523,0,False,False,0
gnn_ewc_replay,oracle,184,441,1,2018-02-16T17:46:08.490404,5000,0.9132,0.9132,0.9132,434,4566,0,False,False,0
gnn_ewc_replay,oracle,185,442,1,2018-02-16T17:46:21.160402,5000,0.8986,0.8986,0.8986,507,4493,0,False,False,0
gnn_ewc_replay,oracle,186,444,1,2018-02-16T17:46:46.819964,5000,0.9194,0.9194,0.9194,403,4596,1,False,False,0
gnn_ewc_replay,oracle,187,445,1,2018-02-16T17:46:59.413971,5000,0.9344,0.9344,0.9344,328,4672,0,False,False,0
gnn_ewc_replay,oracle,188,447,1,2018-02-16T17:47:25.577219,5000,0.9352,0.9352,0.9352,324,4676,0,False,False,0
gnn_ewc_replay,oracle,189,448,1,2018-02-16T17:47:38.591471,5000,0.9284,0.9284,0.9284,358,4642,0,False,False,0
gnn_ewc_replay,oracle,190,449,1,2018-02-16T17:47:51.713306,5000,0.9154,0.9154,0.9154,423,4577,0,False,False,0
gnn_ewc_replay,oracle,191,451,1,2018-02-16T17:48:17.727660,5000,0.9168,0.9168,0.9168,416,4584,0,False,False,0
gnn_ewc_replay,oracle,192,452,1,2018-02-16T17:48:30.941266,5000,0.9142,0.9142,0.9142,429,4571,0,False,False,0
gnn_ewc_replay,oracle,193,454,1,2018-02-16T17:48:57.199640,5000,0.9114,0.9114,0.9114,443,4557,0,False,False,0
gnn_ewc_replay,oracle,194,455,1,2018-02-16T17:49:10.241582,5000,0.9088,0.9088,0.9088,456,4544,0,False,False,0
gnn_ewc_replay,oracle,195,457,1,2018-02-16T17:49:35.975831,5000,0.941,0.941,0.941,295,4705,0,False,False,0
gnn_ewc_replay,oracle,196,458,1,2018-02-16T17:49:49.603664,5000,0.9322,0.9322,0.9322,339,4661,0,False,False,0
gnn_ewc_replay,oracle,197,459,1,2018-02-16T17:50:03.106615,5000,0.9414,0.9414,0.9414,293,4707,0,False,False,0
gnn_ewc_replay,oracle,198,461,1,2018-02-16T17:50:30.325848,5000,0.9298,0.9298,0.9298,351,4649,0,False,False,0
gnn_ewc_replay,oracle,199,462,1,2018-02-16T17:50:43.769057,5000,0.9334,0.9334,0.9334,333,4667,0,False,False,0
gnn_ewc_replay,oracle,200,464,1,2018-02-16T17:51:10.396018,5000,0.9432,0.9432,0.9432,284,4716,0,False,False,0
gnn_ewc_replay,oracle,201,465,1,2018-02-16T17:51:23.665419,5000,0.9286,0.9286,0.9286,357,4643,0,False,False,0
gnn_ewc_replay,oracle,202,467,1,2018-02-16T17:51:50.674959,5000,0.918,0.918,0.918,410,4590,0,False,False,0
gnn_ewc_replay,oracle,203,468,1,2018-02-16T17:52:04.316419,5000,0.92,0.92,0.92,400,4600,0,False,False,0
gnn_ewc_replay,oracle,204,469,1,2018-02-16T17:52:17.971178,5000,0.9246,0.9246,0.9246,377,4623,0,False,False,0
gnn_ewc_replay,oracle,205,471,1,2018-02-16T17:52:44.236127,5000,0.94,0.94,0.94,300,4700,0,False,False,0
gnn_ewc_replay,oracle,206,472,1,2018-02-16T17:52:57.744874,5000,0.9182,0.9182,0.9182,409,4591,0,False,False,0
gnn_ewc_replay,oracle,207,474,1,2018-02-16T17:53:24.241714,5000,0.916,0.916,0.916,420,4580,0,False,False,0
gnn_ewc_replay,oracle,208,475,1,2018-02-16T17:53:37.171883,5000,0.9308,0.9308,0.9308,346,4654,0,False,False,0
gnn_ewc_replay,oracle,209,477,1,2018-02-16T17:54:04.384679,5000,0.9344,0.9344,0.9344,328,4672,0,False,False,0
gnn_ewc_replay,oracle,210,478,1,2018-02-16T17:54:18.192149,5000,0.9096,0.9096,0.9096,452,4548,0,False,False,0
gnn_ewc_replay,oracle,211,479,1,2018-02-16T17:54:31.119667,5000,0.8792,0.8792,0.8792,604,4396,0,False,False,0
gnn_ewc_replay,oracle,212,481,1,2018-02-16T17:54:57.072100,5000,0.903,0.903,0.903,485,4515,0,False,False,0
gnn_ewc_replay,oracle,213,482,1,2018-02-16T17:55:10.397365,5000,0.93,0.93,0.93,350,4650,0,False,False,0
gnn_ewc_replay,oracle,214,484,1,2018-02-16T17:55:37.529441,5000,0.8992,0.8992,0.8992,504,4496,0,False,False,0
gnn_ewc_replay,oracle,215,485,1,2018-02-16T17:55:51.043506,5000,0.9076,0.9076,0.9076,461,4538,1,False,False,0
gnn_ewc_replay,oracle,216,487,1,2018-02-16T17:56:16.991902,5000,0.9344,0.9344,0.9344,328,4672,0,False,False,0
gnn_ewc_replay,oracle,217,488,1,2018-02-16T17:56:30.972214,5000,0.9212,0.9212,0.9212,394,4606,0,False,False,0
gnn_ewc_replay,oracle,218,489,1,2018-02-16T17:56:44.280487,5000,0.9314,0.9314,0.9314,343,4657,0,False,False,0
gnn_ewc_replay,oracle,219,491,1,2018-02-16T17:57:11.589137,5000,0.912,0.912,0.912,440,4560,0,False,False,0
gnn_ewc_replay,oracle,220,492,1,2018-02-16T17:57:24.319514,5000,0.9246,0.9246,0.9246,377,4623,0,False,False,0
gnn_ewc_replay,oracle,221,494,1,2018-02-16T17:57:50.537519,5000,0.8846,0.8846,0.8846,577,4423,0,False,False,0
gnn_ewc_replay,oracle,222,495,1,2018-02-16T17:58:03.346381,5000,0.8844,0.8844,0.8844,578,4420,2,False,False,0
gnn_ewc_replay,oracle,223,497,1,2018-02-16T17:59:38.552168,5000,0.0,0.0,0.0,5000,0,0,False,False,0
gnn_ewc_replay,oracle,224,498,1,2018-02-16T18:02:18.209600,5000,0.0,0.0,0.0,5000,0,0,False,False,0
gnn_ewc_replay,oracle,225,499,1,2018-02-16T18:05:19.157335,5000,0.0,0.0,0.0,5000,0,0,False,False,0
gnn_ewc_replay,oracle,226,501,1,2018-02-16T18:12:41.835531,5000,0.0,0.0,0.0,5000,0,0,False,False,0
gnn_ewc_replay,oracle,227,502,1,2018-02-16T18:16:07.112369,5000,0.0,0.0,0.0,5000,0,0,False,False,0
gnn_ewc_replay,oracle,228,504,1,2018-02-16T18:22:58.916240,5000,0.0,0.0,0.0,5000,0,0,False,False,0
gnn_ewc_replay,oracle,229,505,1,2018-02-16T18:26:04.206752,5000,0.0,0.0,0.0,5000,0,0,False,False,0
gnn_ewc_replay,oracle,230,507,1,2018-02-16T18:32:24.031146,5000,0.0,0.0,0.0,5000,0,0,False,False,0
gnn_ewc_replay,oracle,231,508,1,2018-02-16T18:36:21.786609,5000,0.0,0.0,0.0,5000,0,0,False,False,0
gnn_ewc_replay,oracle,232,509,1,2018-02-16T18:39:42.359805,5000,0.0,0.0,0.0,5000,0,0,False,False,0
gnn_ewc_replay,oracle,233,511,1,2018-02-16T18:46:21.632940,5000,0.0,0.0,0.0,5000,0,0,False,False,0
gnn_ewc_replay,oracle,234,512,1,2018-02-16T18:49:24.325334,5000,0.0,0.0,0.0,5000,0,0,False,False,0
gnn_ewc_replay,oracle,235,514,1,2018-02-16T18:55:13.155996,5000,0.0,0.0,0.0,5000,0,0,False,False,0
gnn_ewc_replay,oracle,236,515,1,2018-02-16T18:57:56.455951,5000,0.0,0.0,0.0,5000,0,0,False,False,0
gnn_ewc_replay,oracle,237,517,1,2018-02-16T19:03:41.274511,5000,0.0,0.0,0.0,5000,0,0,False,False,0
gnn_ewc_replay,oracle,238,518,1,2018-02-16T19:06:58.752310,5000,0.0,0.0,0.0,5000,0,0,False,False,0
gnn_ewc_replay,oracle,239,519,1,2018-02-16T19:10:11.009406,5000,0.0,0.0,0.0,5000,0,0,False,False,0
gnn_ewc_replay,oracle,240,521,1,2018-02-16T19:16:53.948947,5000,0.0,0.0,0.0,5000,0,0,False,False,0
gnn_ewc_replay,oracle,241,522,1,2018-02-16T19:19:51.082900,5000,0.0,0.0,0.0,5000,0,0,False,False,0
gnn_ewc_replay,oracle,242,524,1,2018-02-16T19:25:24.963667,5000,0.0,0.0,0.0,5000,0,0,False,False,0
gnn_ewc_replay,oracle,243,525,1,2018-02-16T19:28:11.868535,5000,0.0,0.0,0.0,5000,0,0,False,False,0
gnn_ewc_replay,oracle,244,527,1,2018-02-16T19:33:36.958594,5000,0.0,0.0,0.0,5000,0,0,False,False,0
gnn_ewc_replay,oracle,245,528,1,2018-02-16T19:36:50.623788,5000,0.0,0.0,0.0,5000,0,0,False,False,0
gnn_ewc_replay,oracle,246,529,1,2018-02-16T19:40:00.527776,5000,0.0,0.0,0.0,5000,0,0,False,False,0
gnn_ewc_replay,oracle,247,531,1,2018-02-16T19:46:49.619851,5000,0.0,0.0,0.0,5000,0,0,False,False,0
gnn_ewc_replay,oracle,248,532,1,2018-02-16T19:49:49.128752,5000,0.0,0.0,0.0,5000,0,0,False,False,0
gnn_ewc_replay,oracle,249,534,1,2018-02-16T19:55:33.771228,5000,0.0,0.0,0.0,5000,0,0,False,False,0
gnn_ewc_replay,oracle,250,535,1,2018-02-16T19:58:52.839507,5000,0.0,0.0,0.0,5000,0,0,False,False,0
gnn_ewc_replay,oracle,251,537,1,2018-02-16T20:05:47.117728,5000,0.0,0.0,0.0,5000,0,0,False,False,0
gnn_ewc_replay,oracle,252,538,1,2018-02-16T20:09:01.394260,5000,0.0,0.0,0.0,5000,0,0,False,False,0
gnn_ewc_replay,oracle,253,539,1,2018-02-16T20:12:27.179366,5000,0.0,0.0,0.0,5000,0,0,False,False,0
gnn_ewc_replay,oracle,254,541,1,2018-02-16T20:19:06.139226,5000,0.0,0.0,0.0,5000,0,0,False,False,0
gnn_ewc_replay,oracle,255,542,1,2018-02-16T20:21:46.757987,5000,0.0,0.0,0.0,5000,0,0,False,False,0
gnn_ewc_replay,oracle,256,544,1,2018-02-16T20:27:32.869316,5000,0.0,0.0,0.0,5000,0,0,False,False,0
gnn_ewc_replay,oracle,257,545,1,2018-02-16T20:30:29.720266,5000,0.0,0.0,0.0,5000,0,0,False,False,0
gnn_ewc_replay,oracle,258,547,1,2018-02-16T20:36:43.026584,5000,0.0,0.0,0.0,5000,0,0,False,False,0
gnn_ewc_replay,oracle,259,548,1,2018-02-16T20:39:25.723157,5000,0.0,0.0,0.0,5000,0,0,False,False,0
gnn_ewc_replay,oracle,260,549,1,2018-02-16T20:43:03.996213,5000,0.0,0.0,0.0,5000,0,0,False,False,0
gnn_ewc_replay,oracle,261,551,1,2018-02-16T20:49:10.647438,5000,0.0,0.0,0.0,5000,0,0,False,False,0
gnn_ewc_replay,oracle,262,552,1,2018-02-16T20:51:59.438947,5000,0.0,0.0,0.0,5000,0,0,False,False,0
gnn_ewc_replay,oracle,263,554,1,2018-02-16T20:57:51.632652,5000,0.0,0.0,0.0,5000,0,0,False,False,0
gnn_ewc_replay,oracle,264,555,1,2018-02-16T21:00:47.176383,5000,0.0,0.0,0.0,5000,0,0,False,False,0
gnn_ewc_replay,oracle,265,557,1,2018-02-16T21:08:43.247103,5000,0.0,0.0,0.0,5000,0,0,False,False,0
gnn_ewc_replay,oracle,266,558,1,2018-02-16T21:13:51.365573,5000,0.0,0.0,0.0,5000,0,0,False,False,0
gnn_ewc_replay,oracle,267,559,1,2018-02-16T21:18:43.188458,5000,0.0,0.0,0.0,5000,0,0,False,False,0
gnn_ewc_replay,oracle,268,561,1,2018-02-16T21:27:53.519513,5448,0.0,0.0,0.0,5448,0,0,False,False,0
gnn_ewc_replay,oracle,269,562,2,2018-02-20T12:28:05.557484,5000,0.0,0.0,0.0,5000,0,0,False,False,1
gnn_ewc_replay,oracle,270,563,2,2018-02-20T12:29:42.105021,5000,0.0,0.0,0.0,5000,0,0,False,False,1
gnn_ewc_replay,oracle,271,565,2,2018-02-20T12:35:22.868449,5000,0.0,0.0,0.0,5000,0,0,False,False,1
gnn_ewc_replay,oracle,272,566,2,2018-02-20T12:38:25.113331,5000,0.0,0.0,0.0,5000,0,0,False,False,1
gnn_ewc_replay,oracle,273,568,2,2018-02-20T12:44:23.549258,5000,0.0,0.0,0.0,5000,0,0,False,False,1
gnn_ewc_replay,oracle,274,569,2,2018-02-20T12:47:42.741920,5000,0.0,0.0,0.0,5000,0,0,False,False,1
gnn_ewc_replay,oracle,275,571,2,2018-02-20T12:54:39.535064,5000,0.0,0.0,0.0,5000,0,0,False,False,1
gnn_ewc_replay,oracle,276,572,2,2018-02-20T12:57:04.962988,5000,0.0,0.0,0.0,5000,0,0,False,False,1
gnn_ewc_replay,oracle,277,573,2,2018-02-20T13:00:02.189832,5000,0.0,0.0,0.0,5000,0,0,False,False,1
gnn_ewc_replay,oracle,278,575,2,2018-02-20T13:06:02.719061,5000,0.0,0.0,0.0,5000,0,0,False,False,1
gnn_ewc_replay,oracle,279,576,2,2018-02-20T13:09:24.534811,5000,0.0,0.0,0.0,5000,0,0,False,False,1
gnn_ewc_replay,oracle,280,578,2,2018-02-20T13:15:31.118168,5000,0.0,0.0,0.0,5000,0,0,False,False,1
gnn_ewc_replay,oracle,281,579,2,2018-02-20T13:18:47.855403,5000,0.0,0.0,0.0,5000,0,0,False,False,1
gnn_ewc_replay,oracle,282,581,2,2018-02-20T13:25:28.337700,5000,0.0,0.0,0.0,5000,0,0,False,False,1
gnn_ewc_replay,oracle,283,582,2,2018-02-20T13:28:57.358062,5000,0.0,0.0,0.0,5000,0,0,False,False,1
gnn_ewc_replay,oracle,284,583,2,2018-02-20T13:31:24.839207,5000,0.0,0.0,0.0,5000,0,0,False,False,1
gnn_ewc_replay,oracle,285,585,2,2018-02-20T13:36:54.117034,5000,0.0,0.0,0.0,5000,0,0,False,False,1
gnn_ewc_replay,oracle,286,586,2,2018-02-20T13:39:46.399343,5000,0.0,0.0,0.0,5000,0,0,False,False,1
gnn_ewc_replay,oracle,287,588,2,2018-02-20T13:45:29.412810,5000,0.0,0.0,0.0,5000,0,0,False,False,1
gnn_ewc_replay,oracle,288,589,2,2018-02-20T13:48:21.442467,5000,0.0,0.0,0.0,5000,0,0,False,False,1
gnn_ewc_replay,oracle,289,591,2,2018-02-20T13:54:17.035121,5000,0.0,0.0,0.0,5000,0,0,False,False,1
gnn_ewc_replay,oracle,290,592,2,2018-02-20T13:57:18.761258,5000,0.0,0.0,0.0,5000,0,0,False,False,1
gnn_ewc_replay,oracle,291,593,2,2018-02-20T13:59:31.883895,5000,0.0,0.0,0.0,5000,0,0,False,False,1
gnn_ewc_replay,oracle,292,595,2,2018-02-20T14:05:07.874319,5000,0.0,0.0,0.0,5000,0,0,False,False,1
gnn_ewc_replay,oracle,293,596,2,2018-02-20T14:08:15.829182,5000,0.0,0.0,0.0,5000,0,0,False,False,1
gnn_ewc_replay,oracle,294,598,2,2018-02-20T14:14:31.781558,5000,0.2982,0.2982,0.2982,5000,0,0,False,False,1
gnn_ewc_replay,oracle,295,599,2,2018-02-20T14:16:42.779716,5000,0.2898,0.2898,0.2898,5000,0,0,False,False,1
gnn_ewc_replay,oracle,296,601,2,2018-02-20T14:20:53.046879,5000,0.3086,0.3086,0.3086,5000,0,0,False,False,1
gnn_ewc_replay,oracle,297,602,2,2018-02-20T14:23:04.054844,5000,0.302,0.302,0.302,5000,0,0,False,False,1
gnn_ewc_replay,oracle,298,603,2,2018-02-20T14:25:13.564658,5000,0.3288,0.3288,0.3288,5000,0,0,False,False,1
gnn_ewc_replay,oracle,299,605,2,2018-02-20T14:29:13.941506,5000,0.229,0.229,0.229,5000,0,0,False,False,1
gnn_ewc_replay,oracle,300,606,2,2018-02-20T14:30:56.601292,5000,0.2666,0.2666,0.2666,5000,0,0,False,False,1
gnn_ewc_replay,oracle,301,608,2,2018-02-20T14:34:56.840157,5000,0.2944,0.2944,0.2944,5000,0,0,False,False,1
gnn_ewc_replay,oracle,302,609,2,2018-02-20T14:37:11.748493,5000,0.283,0.283,0.283,5000,0,0,False,False,1
gnn_ewc_replay,oracle,303,611,2,2018-02-20T14:41:14.753304,5000,0.3264,0.3264,0.3264,5000,0,0,False,False,1
gnn_ewc_replay,oracle,304,612,2,2018-02-20T14:43:32.797628,5000,0.2888,0.2888,0.2888,5000,0,0,False,False,1
gnn_ewc_replay,oracle,305,613,2,2018-02-20T14:45:36.887432,5000,0.3014,0.3014,0.3014,5000,0,0,False,False,1
gnn_ewc_replay,oracle,306,615,2,2018-02-20T14:49:37.865031,5000,0.2898,0.2898,0.2898,5000,0,0,False,False,1
gnn_ewc_replay,oracle,307,616,2,2018-02-20T14:51:50.660254,5000,0.2958,0.2958,0.2958,5000,0,0,False,False,1
gnn_ewc_replay,oracle,308,618,2,2018-02-20T14:56:15.897299,5000,0.244,0.244,0.244,5000,0,0,False,False,1
gnn_ewc_replay,oracle,309,619,2,2018-02-20T14:58:01.595900,5000,0.2428,0.2428,0.2428,5000,0,0,False,False,1
gnn_ewc_replay,oracle,310,621,2,2018-02-20T15:01:53.196726,5000,0.3064,0.3064,0.3064,5000,0,0,False,False,1
gnn_ewc_replay,oracle,311,622,2,2018-02-20T15:04:03.919827,5000,0.321,0.321,0.321,5000,0,0,False,False,1
gnn_ewc_replay,oracle,312,623,2,2018-02-20T15:06:20.620580,5000,0.2904,0.2904,0.2904,5000,0,0,False,False,1
gnn_ewc_replay,oracle,313,625,2,2018-02-20T15:10:31.378150,5000,0.2608,0.2608,0.2608,5000,0,0,False,False,1
gnn_ewc_replay,oracle,314,626,2,2018-02-20T15:12:23.454693,5000,0.3078,0.3078,0.3078,5000,0,0,False,False,1
gnn_ewc_replay,oracle,315,628,2,2018-02-20T15:16:42.101279,5000,0.0152,0.0152,0.0152,5000,0,0,False,False,1
gnn_ewc_replay,oracle,316,629,2,2018-02-20T15:19:42.643899,5000,0.0,0.0,0.0,5000,0,0,False,False,1
gnn_ewc_replay,oracle,317,631,2,2018-02-20T15:25:37.439770,5000,0.0,0.0,0.0,5000,0,0,False,False,1
gnn_ewc_replay,oracle,318,632,2,2018-02-20T15:28:10.587368,5000,0.0,0.0,0.0,5000,0,0,False,False,1
gnn_ewc_replay,oracle,319,633,2,2018-02-20T15:30:12.779257,5000,0.0,0.0,0.0,5000,0,0,False,False,1
gnn_ewc_replay,oracle,320,635,2,2018-02-20T15:35:22.231173,5000,0.0,0.0,0.0,5000,0,0,False,False,1
gnn_ewc_replay,oracle,321,636,2,2018-02-20T15:38:29.946843,5000,0.0,0.0,0.0,5000,0,0,False,False,1
gnn_ewc_replay,oracle,322,638,2,2018-02-20T15:44:30.302110,5000,0.0,0.0,0.0,5000,0,0,False,False,1
gnn_ewc_replay,oracle,323,639,2,2018-02-20T15:47:15.886421,5000,0.0,0.0,0.0,5000,0,0,False,False,1
gnn_ewc_replay,oracle,324,641,2,2018-02-20T15:53:10.482827,5000,0.0,0.0,0.0,5000,0,0,False,False,1
gnn_ewc_replay,oracle,325,642,2,2018-02-20T15:55:49.302768,5000,0.0,0.0,0.0,5000,0,0,False,False,1
gnn_ewc_replay,oracle,326,643,2,2018-02-20T15:58:33.314108,5000,0.0,0.0,0.0,5000,0,0,False,False,1
gnn_ewc_replay,oracle,327,645,2,2018-02-20T16:04:31.087569,5000,0.0,0.0,0.0,5000,0,0,False,False,1
gnn_ewc_replay,oracle,328,646,2,2018-02-20T16:08:19.383547,5000,0.0,0.0,0.0,5000,0,0,False,False,1
gnn_ewc_replay,oracle,329,648,2,2018-02-20T16:16:14.502721,5000,0.0,0.0,0.0,5000,0,0,False,False,1
gnn_ewc_replay,oracle,330,649,2,2018-02-20T16:20:02.198707,5000,0.0,0.0,0.0,5000,0,0,False,False,1
gnn_ewc_replay,oracle,331,651,2,2018-02-20T16:28:01.225982,5000,0.0,0.0,0.0,5000,0,0,False,False,1
gnn_ewc_replay,oracle,332,652,2,2018-02-20T16:31:14.129279,5000,0.0,0.0,0.0,5000,0,0,False,False,1
gnn_ewc_replay,oracle,333,653,2,2018-02-20T16:35:09.895817,5000,0.0,0.0,0.0,5000,0,0,False,False,1
gnn_ewc_replay,oracle,334,655,2,2018-02-20T16:43:24.945659,5000,0.0,0.0,0.0,5000,0,0,False,False,1
gnn_ewc_replay,oracle,335,656,2,2018-02-20T16:47:54.650182,5000,0.0,0.0,0.0,5000,0,0,False,False,1
gnn_ewc_replay,oracle,336,658,2,2018-02-20T16:56:24.516343,5000,0.0,0.0,0.0,5000,0,0,False,False,1
gnn_ewc_replay,oracle,337,659,2,2018-02-20T17:00:00.272785,5000,0.0,0.0,0.0,5000,0,0,False,False,1
gnn_ewc_replay,oracle,338,661,2,2018-02-20T17:08:06.037864,5000,0.0,0.0,0.0,5000,0,0,False,False,1
gnn_ewc_replay,oracle,339,662,2,2018-02-20T17:11:06.031557,5000,0.0014,0.0014,0.0014,5000,0,0,False,False,1
gnn_ewc_replay,oracle,340,663,2,2018-02-20T17:14:44.633613,5000,0.0048,0.0048,0.0048,5000,0,0,False,False,1
gnn_ewc_replay,oracle,341,665,2,2018-02-20T17:21:10.633901,5000,0.0034,0.0034,0.0034,5000,0,0,False,False,1
gnn_ewc_replay,oracle,342,666,2,2018-02-20T17:24:26.084946,5000,0.006,0.006,0.006,5000,0,0,False,False,1
gnn_ewc_replay,oracle,343,668,2,2018-02-20T17:30:09.339511,5000,0.0,0.0,0.0,5000,0,0,False,False,1
gnn_ewc_replay,oracle,344,669,2,2018-02-20T17:33:23.041576,5000,0.0,0.0,0.0,5000,0,0,False,False,1
gnn_ewc_replay,oracle,345,671,2,2018-02-20T17:39:24.625685,5000,0.0,0.0,0.0,5000,0,0,False,False,1
gnn_ewc_replay,oracle,346,672,2,2018-02-20T17:42:29.662063,5000,0.0,0.0,0.0,5000,0,0,False,False,1
gnn_ewc_replay,oracle,347,673,2,2018-02-20T17:45:34.633978,5000,0.0,0.0,0.0,5000,0,0,False,False,1
gnn_ewc_replay,oracle,348,675,2,2018-02-20T17:51:06.230687,5000,0.0,0.0,0.0,5000,0,0,False,False,1
gnn_ewc_replay,oracle,349,676,2,2018-02-20T17:53:34.922957,5000,0.0,0.0,0.0,5000,0,0,False,False,1
gnn_ewc_replay,oracle,350,678,2,2018-02-20T17:59:12.951031,5000,0.0,0.0,0.0,5000,0,0,False,False,1
gnn_ewc_replay,oracle,351,679,2,2018-02-20T18:02:11.827536,5000,0.0,0.0,0.0,5000,0,0,False,False,1
gnn_ewc_replay,oracle,352,681,2,2018-02-20T18:08:12.518079,5000,0.0,0.0,0.0,5000,0,0,False,False,1
gnn_ewc_replay,oracle,353,682,2,2018-02-20T18:11:36.935593,5000,0.0,0.0,0.0,5000,0,0,False,False,1
gnn_ewc_replay,oracle,354,683,2,2018-02-20T18:14:55.978979,5000,0.0,0.0,0.0,5000,0,0,False,False,1
gnn_ewc_replay,oracle,355,685,2,2018-02-20T18:21:05.499939,5000,0.0,0.0,0.0,5000,0,0,False,False,1
gnn_ewc_replay,oracle,356,686,2,2018-02-20T18:23:50.222744,5000,0.0,0.0,0.0,5000,0,0,False,False,1
gnn_ewc_replay,oracle,357,688,2,2018-02-20T18:30:09.680294,5000,0.0,0.0,0.0,5000,0,0,False,False,1
gnn_ewc_replay,oracle,358,689,2,2018-02-20T18:33:25.427037,5000,0.0,0.0,0.0,5000,0,0,False,False,1
gnn_ewc_replay,oracle,359,691,2,2018-02-20T18:39:44.679720,5000,0.0,0.0,0.0,5000,0,0,False,False,1
gnn_ewc_replay,oracle,360,692,2,2018-02-20T18:43:11.984043,5000,0.0,0.0,0.0,5000,0,0,False,False,1
gnn_ewc_replay,oracle,361,693,2,2018-02-20T18:46:19.309423,5000,0.0,0.0,0.0,5000,0,0,False,False,1
gnn_ewc_replay,oracle,362,695,2,2018-02-20T18:52:02.610717,5000,0.0,0.0,0.0,5000,0,0,False,False,1
gnn_ewc_replay,oracle,363,696,2,2018-02-20T18:55:06.665218,5000,0.0,0.0,0.0,5000,0,0,False,False,1
gnn_ewc_replay,oracle,364,698,2,2018-02-20T19:01:10.440471,5000,0.0,0.0,0.0,5000,0,0,False,False,1
gnn_ewc_replay,oracle,365,699,2,2018-02-20T19:04:28.580678,5000,0.0,0.0,0.0,5000,0,0,False,False,1
gnn_ewc_replay,oracle,366,701,2,2018-02-20T19:10:25.009531,5000,0.0,0.0,0.0,5000,0,0,False,False,1
gnn_ewc_replay,oracle,367,702,2,2018-02-20T19:13:32.158672,5000,0.0,0.0,0.0,5000,0,0,False,False,1
gnn_ewc_replay,oracle,368,703,2,2018-02-20T19:15:49.108499,5000,0.0,0.0,0.0,5000,0,0,False,False,1
gnn_ewc_replay,oracle,369,705,2,2018-02-20T19:21:25.725262,5000,0.0,0.0,0.0,5000,0,0,False,False,1
gnn_ewc_replay,oracle,370,706,2,2018-02-20T19:24:14.097813,5000,0.0,0.0,0.0,5000,0,0,False,False,1
gnn_ewc_replay,oracle,371,708,2,2018-02-20T19:29:57.132441,5000,0.0,0.0,0.0,5000,0,0,False,False,1
gnn_ewc_replay,oracle,372,709,2,2018-02-20T19:33:01.817768,5000,0.0,0.0,0.0,5000,0,0,False,False,1
gnn_ewc_replay,oracle,373,711,2,2018-02-20T19:39:57.524340,5000,0.0,0.0,0.0,5000,0,0,False,False,1
gnn_ewc_replay,oracle,374,712,2,2018-02-20T19:43:13.714136,5000,0.0,0.0,0.0,5000,0,0,False,False,1
gnn_ewc_replay,oracle,375,713,2,2018-02-20T19:46:25.668285,5000,0.0,0.0,0.0,5000,0,0,False,False,1
gnn_ewc_replay,oracle,376,715,2,2018-02-20T19:53:04.620728,5000,0.0,0.0,0.0,5000,0,0,False,False,1
gnn_ewc_replay,oracle,377,716,2,2018-02-20T19:55:56.765701,5000,0.0,0.0,0.0,5000,0,0,False,False,1
gnn_ewc_replay,oracle,378,718,2,2018-02-20T20:02:41.352875,5000,0.0,0.0,0.0,5000,0,0,False,False,1
gnn_ewc_replay,oracle,379,719,2,2018-02-20T20:06:03.371789,5000,0.0,0.0,0.0,5000,0,0,False,False,1
gnn_ewc_replay,oracle,380,721,2,2018-02-20T20:12:23.782760,5000,0.0,0.0,0.0,5000,0,0,False,False,1
gnn_ewc_replay,oracle,381,722,2,2018-02-20T20:15:31.445539,5000,0.0,0.0,0.0,5000,0,0,False,False,1
gnn_ewc_replay,oracle,382,723,2,2018-02-20T20:18:48.584643,5000,0.0,0.0,0.0,5000,0,0,False,False,1
gnn_ewc_replay,oracle,383,725,2,2018-02-20T20:25:14.043761,5000,0.0,0.0,0.0,5000,0,0,False,False,1
gnn_ewc_replay,oracle,384,726,2,2018-02-20T20:28:14.197722,5000,0.0,0.0,0.0,5000,0,0,False,False,1
gnn_ewc_replay,oracle,385,728,2,2018-02-20T20:34:12.469410,5000,0.0,0.0,0.0,5000,0,0,False,False,1
gnn_ewc_replay,oracle,386,729,2,2018-02-20T20:37:37.519650,5000,0.0,0.0,0.0,5000,0,0,False,False,1
gnn_ewc_replay,oracle,387,731,2,2018-02-20T20:43:43.130318,5000,0.0,0.0,0.0,5000,0,0,False,False,1
gnn_ewc_replay,oracle,388,732,2,2018-02-20T20:46:38.901492,5000,0.0,0.0,0.0,5000,0,0,False,False,1
gnn_ewc_replay,oracle,389,733,2,2018-02-20T20:49:51.903624,5000,0.0,0.0,0.0,5000,0,0,False,False,1
gnn_ewc_replay,oracle,390,735,2,2018-02-20T20:56:26.712720,5000,0.0,0.0,0.0,5000,0,0,False,False,1
gnn_ewc_replay,oracle,391,736,2,2018-02-20T20:59:22.490475,5000,0.0,0.0,0.0,5000,0,0,False,False,1
gnn_ewc_replay,oracle,392,738,2,2018-02-20T21:08:44.013987,5000,0.0,0.0,0.0,5000,0,0,False,False,1
gnn_ewc_replay,oracle,393,739,2,2018-02-20T21:13:16.499106,5000,0.0,0.0,0.0,5000,0,0,False,False,1
gnn_ewc_replay,oracle,394,741,2,2018-02-20T21:21:04.601251,5000,0.0,0.0,0.0,5000,0,0,False,False,1
gnn_ewc_replay,oracle,395,742,2,2018-02-20T21:26:04.740808,5000,0.0,0.0,0.0,5000,0,0,False,False,1
gnn_ewc_replay,oracle,396,743,2,2018-02-20T21:29:40.070489,5000,0.0006,0.0006,0.0,4996,2,2,False,False,1
gnn_ewc_replay,oracle,397,745,2,2018-02-21T12:30:14.915765,5000,0.0,0.0,0.0,5000,0,0,False,False,1
gnn_ewc_replay,oracle,398,746,2,2018-02-21T12:32:53.448588,5000,0.0,0.0,0.0,5000,0,0,False,False,1
gnn_ewc_replay,oracle,399,748,2,2018-02-21T12:37:27.992164,5000,0.0,0.0,0.0,5000,0,0,False,False,1
gnn_ewc_replay,oracle,400,749,2,2018-02-21T12:39:45.094275,5000,0.0,0.0,0.0,5000,0,0,False,False,1
gnn_ewc_replay,oracle,401,751,2,2018-02-21T12:45:01.378501,5000,0.0,0.0,0.0,5000,0,0,False,False,1
gnn_ewc_replay,oracle,402,752,2,2018-02-21T12:48:09.859294,5000,0.0,0.0,0.0,5000,0,0,False,False,1
gnn_ewc_replay,oracle,403,753,2,2018-02-21T12:50:58.467470,5000,0.0,0.0,0.0,5000,0,0,False,False,1
gnn_ewc_replay,oracle,404,755,2,2018-02-21T12:56:40.027568,5000,0.0,0.0,0.0,5000,0,0,False,False,1
gnn_ewc_replay,oracle,405,756,2,2018-02-21T12:59:24.261264,5000,0.0,0.0,0.0,5000,0,0,False,False,1
gnn_ewc_replay,oracle,406,758,2,2018-02-21T13:04:10.810725,5000,0.0,0.0,0.0,5000,0,0,False,False,1
gnn_ewc_replay,oracle,407,759,2,2018-02-21T13:06:45.860074,5000,0.0,0.0,0.0,5000,0,0,False,False,1
gnn_ewc_replay,oracle,408,761,2,2018-02-21T13:13:01.411539,5000,0.0,0.0,0.0,5000,0,0,False,False,1
gnn_ewc_replay,oracle,409,762,2,2018-02-21T13:16:03.109229,5000,0.0,0.0,0.0,5000,0,0,False,False,1
gnn_ewc_replay,oracle,410,763,2,2018-02-21T13:19:00.531255,5000,0.0,0.0,0.0,5000,0,0,False,False,1
gnn_ewc_replay,oracle,411,765,2,2018-02-21T13:25:13.895266,5000,0.0,0.0,0.0,5000,0,0,False,False,1
gnn_ewc_replay,oracle,412,766,2,2018-02-21T13:28:22.393146,5000,0.0,0.0,0.0,5000,0,0,False,False,1
gnn_ewc_replay,oracle,413,768,2,2018-02-21T13:33:11.645413,5000,0.0,0.0,0.0,5000,0,0,False,False,1
gnn_ewc_replay,oracle,414,769,2,2018-02-21T13:36:04.080147,5000,0.0,0.0,0.0,5000,0,0,False,False,1
gnn_ewc_replay,oracle,415,771,2,2018-02-21T13:41:17.088813,5000,0.0,0.0,0.0,5000,0,0,False,False,1
gnn_ewc_replay,oracle,416,772,2,2018-02-21T13:44:22.712351,5000,0.0,0.0,0.0,5000,0,0,False,False,1
gnn_ewc_replay,oracle,417,773,2,2018-02-21T13:46:43.432214,5000,0.0,0.0,0.0,5000,0,0,False,False,1
gnn_ewc_replay,oracle,418,775,2,2018-02-21T13:52:00.793060,5000,0.0,0.0,0.0,5000,0,0,False,False,1
gnn_ewc_replay,oracle,419,776,2,2018-02-21T13:54:50.123467,5000,0.0,0.0,0.0,5000,0,0,False,False,1
gnn_ewc_replay,oracle,420,778,2,2018-02-21T13:59:48.596242,5000,0.0,0.0,0.0,5000,0,0,False,False,1
gnn_ewc_replay,oracle,421,779,2,2018-02-21T14:02:23.603296,5000,0.0,0.0,0.0,5000,0,0,False,False,1
gnn_ewc_replay,oracle,422,781,2,2018-02-21T14:09:02.068577,5000,0.0056,0.0056,0.0056,5000,0,0,False,False,1
gnn_ewc_replay,oracle,423,782,2,2018-02-21T14:12:26.243805,5000,0.0048,0.0048,0.0048,5000,0,0,False,False,1
gnn_ewc_replay,oracle,424,783,2,2018-02-21T14:15:57.048932,5000,0.0038,0.0038,0.0038,5000,0,0,False,False,1
gnn_ewc_replay,oracle,425,785,2,2018-02-21T14:22:23.243787,5000,0.0074,0.0074,0.0074,5000,0,0,False,False,1
gnn_ewc_replay,oracle,426,786,2,2018-02-21T14:25:50.331671,5000,0.0044,0.0044,0.0044,5000,0,0,False,False,1
gnn_ewc_replay,oracle,427,788,2,2018-02-21T14:31:04.193754,5000,0.005,0.005,0.005,5000,0,0,False,False,1
gnn_ewc_replay,oracle,428,789,2,2018-02-21T14:33:49.628647,5000,0.003,0.003,0.003,5000,0,0,False,False,1
gnn_ewc_replay,oracle,429,791,2,2018-02-21T14:39:39.767683,5000,0.0034,0.0034,0.0034,5000,0,0,False,False,1
gnn_ewc_replay,oracle,430,792,2,2018-02-21T14:42:44.190903,5000,0.0006,0.0006,0.0006,5000,0,0,False,False,1
gnn_ewc_replay,oracle,431,793,2,2018-02-21T14:45:43.676915,5000,0.0,0.0,0.0,5000,0,0,False,False,1
gnn_ewc_replay,oracle,432,795,2,2018-02-21T14:51:13.097638,5000,0.0,0.0,0.0,4999,0,1,False,False,1
gnn_ewc_replay,oracle,433,796,2,2018-02-21T14:54:09.509792,5000,0.0,0.0,0.0,5000,0,0,False,False,1
gnn_ewc_replay,oracle,434,798,2,2018-02-21T14:59:30.273293,5000,0.0,0.0,0.0,5000,0,0,False,False,1
gnn_ewc_replay,oracle,435,799,2,2018-02-21T15:02:06.076741,5000,0.0,0.0,0.0,5000,0,0,False,False,1
gnn_ewc_replay,oracle,436,801,2,2018-02-21T15:08:08.899097,5000,0.0,0.0,0.0,5000,0,0,False,False,1
gnn_ewc_replay,oracle,437,802,2,2018-02-21T15:11:12.768118,5000,0.0,0.0,0.0,5000,0,0,False,False,1
gnn_ewc_replay,oracle,438,803,2,2018-02-21T15:14:10.812095,5000,0.0,0.0,0.0,5000,0,0,False,False,1
gnn_ewc_replay,oracle,439,805,2,2018-02-21T15:19:27.236425,5000,0.0,0.0,0.0,5000,0,0,False,False,1
gnn_ewc_replay,oracle,440,806,2,2018-02-21T15:22:37.743356,5000,0.0,0.0,0.0,5000,0,0,False,False,1
gnn_ewc_replay,oracle,441,808,2,2018-02-21T15:28:03.652468,5000,0.0,0.0,0.0,5000,0,0,False,False,1
gnn_ewc_replay,oracle,442,809,2,2018-02-21T15:30:18.591035,5000,0.0,0.0,0.0,5000,0,0,False,False,1
gnn_ewc_replay,oracle,443,811,2,2018-02-21T15:36:13.544051,5000,0.0,0.0,0.0,5000,0,0,False,False,1
gnn_ewc_replay,oracle,444,812,2,2018-02-21T15:39:00.464967,5000,0.0,0.0,0.0,5000,0,0,False,False,1
gnn_ewc_replay,oracle,445,813,2,2018-02-21T15:41:57.881450,5000,0.0,0.0,0.0,5000,0,0,False,False,1
gnn_ewc_replay,oracle,446,815,2,2018-02-21T15:47:26.984262,5000,0.0,0.0,0.0,5000,0,0,False,False,1
gnn_ewc_replay,oracle,447,816,2,2018-02-21T15:50:01.059659,5000,0.0,0.0,0.0,5000,0,0,False,False,1
gnn_ewc_replay,oracle,448,818,2,2018-02-21T15:55:38.579118,5000,0.0,0.0,0.0,5000,0,0,False,False,1
gnn_ewc_replay,oracle,449,819,2,2018-02-21T15:58:36.097314,5000,0.0,0.0,0.0,5000,0,0,False,False,1
gnn_ewc_replay,oracle,450,821,2,2018-02-21T16:05:01.687604,5000,0.0,0.0,0.0,5000,0,0,False,False,1
gnn_ewc_replay,oracle,451,822,2,2018-02-21T16:09:31.368178,5000,0.0,0.0,0.0,5000,0,0,False,False,1
gnn_ewc_replay,oracle,452,823,2,2018-02-21T16:13:43.831770,5000,0.0,0.0,0.0,5000,0,0,False,False,1
gnn_ewc_replay,oracle,453,825,2,2018-02-21T16:21:37.517709,5000,0.0,0.0,0.0,5000,0,0,False,False,1
gnn_ewc_replay,oracle,454,826,2,2018-02-21T16:26:17.679611,5000,0.0,0.0,0.0,5000,0,0,False,False,1
gnn_ewc_replay,oracle,455,828,2,2018-02-21T16:33:12.676353,5000,0.0,0.0,0.0,5000,0,0,False,False,1
gnn_ewc_replay,oracle,456,829,2,2018-02-21T16:38:12.893820,5000,0.0,0.0,0.0,5000,0,0,False,False,1
gnn_ewc_replay,oracle,457,831,2,2018-02-21T16:48:53.815070,5000,0.0,0.0,0.0,5000,0,0,False,False,1
gnn_ewc_replay,oracle,458,832,2,2018-02-21T16:53:12.481748,5000,0.0,0.0,0.0,5000,0,0,False,False,1
gnn_ewc_replay,oracle,459,833,2,2018-02-21T16:57:37.801631,5000,0.0,0.0,0.0,5000,0,0,False,False,1
gnn_ewc_replay,oracle,460,835,2,2018-02-21T17:06:03.042740,5000,0.0,0.0,0.0,5000,0,0,False,False,1
gnn_ewc_replay,oracle,461,836,2,2018-02-21T17:09:38.898301,5000,0.0,0.0,0.0,5000,0,0,False,False,1
gnn_ewc_replay,oracle,462,838,2,2018-02-21T17:17:05.418711,5000,0.0,0.0,0.0,5000,0,0,False,False,1
gnn_ewc_replay,oracle,463,839,2,2018-02-21T17:20:23.358572,5000,0.0,0.0,0.0,5000,0,0,False,False,1
gnn_ewc_replay,oracle,464,841,2,2018-02-21T17:26:25.898448,5000,0.0,0.0,0.0,5000,0,0,False,False,1
gnn_ewc_replay,oracle,465,842,2,2018-02-21T17:29:38.601103,5000,0.0,0.0,0.0,5000,0,0,False,False,1
gnn_ewc_replay,oracle,466,843,2,2018-02-21T17:32:41.644697,5000,0.0,0.0,0.0,5000,0,0,False,False,1
gnn_ewc_replay,oracle,467,845,2,2018-02-21T17:39:02.350368,5000,0.0,0.0,0.0,5000,0,0,False,False,1
gnn_ewc_replay,oracle,468,846,2,2018-02-21T17:41:54.539703,5000,0.0,0.0,0.0,5000,0,0,False,False,1
gnn_ewc_replay,oracle,469,848,2,2018-02-21T17:48:04.656628,5000,0.0,0.0,0.0,5000,0,0,False,False,1
gnn_ewc_replay,oracle,470,849,2,2018-02-21T17:50:30.104450,5000,0.0,0.0,0.0,5000,0,0,False,False,1
gnn_ewc_replay,oracle,471,851,2,2018-02-21T17:55:49.288941,5000,0.0,0.0,0.0,5000,0,0,False,False,1
gnn_ewc_replay,oracle,472,852,2,2018-02-21T17:58:32.781438,5000,0.0,0.0,0.0,5000,0,0,False,False,1
gnn_ewc_replay,oracle,473,853,2,2018-02-21T18:01:04.808759,5000,0.0,0.0,0.0,5000,0,0,False,False,1
gnn_ewc_replay,oracle,474,855,2,2018-02-21T18:07:29.910309,5000,0.0,0.0,0.0,5000,0,0,False,False,1
gnn_ewc_replay,oracle,475,856,2,2018-02-21T18:10:39.677287,5000,0.5256,0.5256,0.5256,5000,0,0,False,False,1
gnn_ewc_replay,oracle,476,858,2,2018-02-21T18:12:57.221842,5000,0.726,0.726,0.726,5000,0,0,False,False,1
gnn_ewc_replay,oracle,477,859,2,2018-02-21T18:13:56.466778,5000,0.7158,0.7158,0.7158,5000,0,0,False,False,1
gnn_ewc_replay,oracle,478,861,2,2018-02-21T18:15:53.910471,5000,0.6404,0.6404,0.6404,5000,0,0,False,False,1
gnn_ewc_replay,oracle,479,862,2,2018-02-21T18:16:48.564714,5000,0.6594,0.6594,0.6594,5000,0,0,False,False,1
gnn_ewc_replay,oracle,480,863,2,2018-02-21T18:17:44.733742,5000,0.7052,0.7052,0.7052,5000,0,0,False,False,1
gnn_ewc_replay,oracle,481,865,2,2018-02-21T18:19:41.727090,5000,0.6774,0.6774,0.6774,5000,0,0,False,False,1
gnn_ewc_replay,oracle,482,866,2,2018-02-21T18:20:38.999754,5000,0.6894,0.6894,0.6894,5000,0,0,False,False,1
gnn_ewc_replay,oracle,483,868,2,2018-02-21T18:22:33.140864,5000,0.6782,0.6782,0.6782,5000,0,0,False,False,1
gnn_ewc_replay,oracle,484,869,2,2018-02-21T18:23:27.249092,5000,0.6892,0.6892,0.6892,5000,0,0,False,False,1
gnn_ewc_replay,oracle,485,871,2,2018-02-21T18:25:24.554403,5000,0.6982,0.6982,0.6982,5000,0,0,False,False,1
gnn_ewc_replay,oracle,486,872,2,2018-02-21T18:26:24.070476,5000,0.7202,0.7202,0.7202,5000,0,0,False,False,1
gnn_ewc_replay,oracle,487,873,2,2018-02-21T18:27:23.621285,5000,0.7132,0.7132,0.7132,5000,0,0,False,False,1
gnn_ewc_replay,oracle,488,875,2,2018-02-21T18:29:23.774216,5000,0.6074,0.6074,0.6074,5000,0,0,False,False,1
gnn_ewc_replay,oracle,489,876,2,2018-02-21T18:30:18.657633,5000,0.6718,0.6718,0.6716,4999,1,0,False,False,1
gnn_ewc_replay,oracle,490,878,2,2018-02-21T18:32:22.078792,5000,0.6996,0.6996,0.6996,5000,0,0,False,False,1
gnn_ewc_replay,oracle,491,879,2,2018-02-21T18:33:28.362423,5000,0.6424,0.6424,0.6424,5000,0,0,False,False,1
gnn_ewc_replay,oracle,492,881,2,2018-02-21T18:35:32.929260,5000,0.683,0.683,0.683,5000,0,0,False,False,1
gnn_ewc_replay,oracle,493,882,2,2018-02-21T18:36:38.586837,5000,0.6574,0.6574,0.6572,4999,1,0,False,False,1
gnn_ewc_replay,oracle,494,883,2,2018-02-21T18:37:42.707071,5000,0.6594,0.6594,0.6594,5000,0,0,False,False,1
gnn_ewc_replay,oracle,495,885,2,2018-02-21T18:39:51.262574,5000,0.6614,0.6614,0.6614,5000,0,0,False,False,1
gnn_ewc_replay,oracle,496,886,2,2018-02-21T18:40:55.193704,5000,0.696,0.696,0.696,5000,0,0,False,False,1
gnn_ewc_replay,oracle,497,888,2,2018-02-21T18:43:13.151035,5000,0.5988,0.5988,0.5988,5000,0,0,False,False,1
gnn_ewc_replay,oracle,498,889,2,2018-02-21T18:44:14.879606,5000,0.5736,0.5736,0.5736,5000,0,0,False,False,1
gnn_ewc_replay,oracle,499,891,2,2018-02-21T18:46:22.131592,5000,0.6216,0.6216,0.6216,5000,0,0,False,False,1
gnn_ewc_replay,oracle,500,892,2,2018-02-21T18:47:29.433508,5000,0.6234,0.6234,0.6234,5000,0,0,False,False,1
gnn_ewc_replay,oracle,501,893,2,2018-02-21T18:48:37.547513,5000,0.5768,0.5768,0.5768,5000,0,0,False,False,1
gnn_ewc_replay,oracle,502,895,2,2018-02-21T18:50:48.669328,5000,0.607,0.607,0.6068,4998,1,1,False,False,1
gnn_ewc_replay,oracle,503,896,2,2018-02-21T18:52:01.751987,5000,0.6276,0.6276,0.6274,4997,2,1,False,False,1
gnn_ewc_replay,oracle,504,898,2,2018-02-21T18:54:34.081396,5000,0.5624,0.5624,0.5624,5000,0,0,False,False,1
gnn_ewc_replay,oracle,505,899,2,2018-02-21T18:55:51.862246,5000,0.593,0.593,0.593,5000,0,0,False,False,1
gnn_ewc_replay,oracle,506,901,2,2018-02-21T18:58:27.021799,5000,0.5522,0.5522,0.5522,5000,0,0,False,False,1
gnn_ewc_replay,oracle,507,902,2,2018-02-21T18:59:44.178317,5000,0.5868,0.5868,0.5866,4999,0,1,False,False,1
gnn_ewc_replay,oracle,508,903,2,2018-02-21T19:01:06.866127,5000,0.5768,0.5768,0.5768,4999,1,0,False,False,1
gnn_ewc_replay,oracle,509,905,2,2018-02-21T19:03:55.186376,5000,0.5614,0.5614,0.5614,5000,0,0,False,False,1
gnn_ewc_replay,oracle,510,906,2,2018-02-21T19:05:16.354567,5000,0.1266,0.1266,0.1266,5000,0,0,False,False,1
gnn_ewc_replay,oracle,511,908,2,2018-02-21T19:11:28.389861,5000,0.0,0.0,0.0,5000,0,0,False,False,1
gnn_ewc_replay,oracle,512,909,2,2018-02-21T19:14:14.552997,5000,0.0,0.0,0.0,5000,0,0,False,False,1
gnn_ewc_replay,oracle,513,911,2,2018-02-21T19:20:11.670699,5000,0.0,0.0,0.0,5000,0,0,False,False,1
gnn_ewc_replay,oracle,514,912,2,2018-02-21T19:23:16.430515,5000,0.0,0.0,0.0,5000,0,0,False,False,1
gnn_ewc_replay,oracle,515,913,2,2018-02-21T19:26:11.147775,5000,0.0,0.0,0.0,5000,0,0,False,False,1
gnn_ewc_replay,oracle,516,915,2,2018-02-21T19:32:12.461008,5000,0.0,0.0,0.0,5000,0,0,False,False,1
gnn_ewc_replay,oracle,517,916,2,2018-02-21T19:35:57.053192,5000,0.0,0.0,0.0,5000,0,0,False,False,1
gnn_ewc_replay,oracle,518,918,2,2018-02-21T19:42:39.002372,5000,0.0,0.0,0.0,5000,0,0,False,False,1
gnn_ewc_replay,oracle,519,919,2,2018-02-21T19:45:56.280969,5000,0.0,0.0,0.0,5000,0,0,False,False,1
gnn_ewc_replay,oracle,520,921,2,2018-02-21T19:52:46.033934,5000,0.0,0.0,0.0,5000,0,0,False,False,1
gnn_ewc_replay,oracle,521,922,2,2018-02-21T19:55:30.549351,5000,0.0,0.0,0.0,5000,0,0,False,False,1
gnn_ewc_replay,oracle,522,923,2,2018-02-21T19:58:47.617308,5000,0.0,0.0,0.0,5000,0,0,False,False,1
gnn_ewc_replay,oracle,523,925,2,2018-02-21T20:05:37.779293,5000,0.0,0.0,0.0,5000,0,0,False,False,1
gnn_ewc_replay,oracle,524,926,2,2018-02-21T20:08:47.732466,5000,0.0,0.0,0.0,5000,0,0,False,False,1
gnn_ewc_replay,oracle,525,928,2,2018-02-21T20:14:25.911503,5000,0.0,0.0,0.0,5000,0,0,False,False,1
gnn_ewc_replay,oracle,526,929,2,2018-02-21T20:17:12.508088,5000,0.0,0.0,0.0,5000,0,0,False,False,1
gnn_ewc_replay,oracle,527,931,2,2018-02-21T20:22:34.652384,5000,0.0,0.0,0.0,5000,0,0,False,False,1
gnn_ewc_replay,oracle,528,932,2,2018-02-21T20:25:36.227355,5000,0.0,0.0,0.0,5000,0,0,False,False,1
gnn_ewc_replay,oracle,529,933,2,2018-02-21T20:28:27.081522,5000,0.0,0.0,0.0,5000,0,0,False,False,1
gnn_ewc_replay,oracle,530,935,2,2018-02-21T20:34:07.230799,5000,0.0,0.0,0.0,5000,0,0,False,False,1
gnn_ewc_replay,oracle,531,936,2,2018-02-21T20:37:05.888882,5000,0.0,0.0,0.0,5000,0,0,False,False,1
gnn_ewc_replay,oracle,532,938,2,2018-02-21T20:42:50.974097,5000,0.0,0.0,0.0,5000,0,0,False,False,1
gnn_ewc_replay,oracle,533,939,2,2018-02-21T20:45:26.017299,5000,0.0,0.0,0.0,5000,0,0,False,False,1
gnn_ewc_replay,oracle,534,941,2,2018-02-21T20:51:09.809989,5000,0.0,0.0,0.0,5000,0,0,False,False,1
gnn_ewc_replay,oracle,535,942,2,2018-02-21T20:53:55.122043,5000,0.0,0.0,0.0,5000,0,0,False,False,1
gnn_ewc_replay,oracle,536,943,2,2018-02-21T20:56:55.048720,5000,0.0,0.0,0.0,5000,0,0,False,False,1
gnn_ewc_replay,oracle,537,945,2,2018-02-21T21:02:49.211416,5000,0.0,0.0,0.0,5000,0,0,False,False,1
gnn_ewc_replay,oracle,538,946,2,2018-02-21T21:07:24.981572,5000,0.0,0.0,0.0,5000,0,0,False,False,1
gnn_ewc_replay,oracle,539,948,2,2018-02-21T21:15:27.907170,5000,0.0,0.0,0.0,5000,0,0,False,False,1
gnn_ewc_replay,oracle,540,949,2,2018-02-21T21:18:57.456495,5000,0.0,0.0,0.0,5000,0,0,False,False,1
gnn_ewc_replay,oracle,541,951,2,2018-02-21T21:27:31.818947,5000,0.0,0.0,0.0,5000,0,0,False,False,1
gnn_ewc_replay,oracle,542,952,2,2018-02-21T21:34:23.596059,5000,0.0,0.0,0.0,5000,0,0,False,False,1
gnn_ewc_replay,oracle,543,953,2,2018-02-22T12:22:54.529632,5000,0.0,0.0,0.0,5000,0,0,False,False,1
gnn_ewc_replay,oracle,544,955,2,2018-02-22T12:27:12.388977,5000,0.0,0.0,0.0,5000,0,0,False,False,1
gnn_ewc_replay,oracle,545,956,2,2018-02-22T12:29:27.352468,5000,0.0,0.0,0.0,5000,0,0,False,False,1
gnn_ewc_replay,oracle,546,958,2,2018-02-22T12:35:27.445278,5000,0.0,0.0,0.0,5000,0,0,False,False,1
gnn_ewc_replay,oracle,547,959,2,2018-02-22T12:37:47.622535,5000,0.0,0.0,0.0,5000,0,0,False,False,1
gnn_ewc_replay,oracle,548,961,2,2018-02-22T12:43:49.286020,5000,0.0,0.0,0.0,5000,0,0,False,False,1
gnn_ewc_replay,oracle,549,962,2,2018-02-22T12:46:47.899133,5000,0.0,0.0,0.0,5000,0,0,False,False,1
gnn_ewc_replay,oracle,550,963,2,2018-02-22T12:49:47.587430,5000,0.0,0.0,0.0,5000,0,0,False,False,1
gnn_ewc_replay,oracle,551,965,2,2018-02-22T12:55:00.343632,5000,0.0,0.0,0.0,5000,0,0,False,False,1
gnn_ewc_replay,oracle,552,966,2,2018-02-22T12:58:16.423411,5000,0.0,0.0,0.0,5000,0,0,False,False,1
gnn_ewc_replay,oracle,553,968,2,2018-02-22T13:03:25.342616,5000,0.0,0.0,0.0,5000,0,0,False,False,1
gnn_ewc_replay,oracle,554,969,2,2018-02-22T13:06:20.276523,5000,0.0,0.0,0.0,5000,0,0,False,False,1
gnn_ewc_replay,oracle,555,971,2,2018-02-22T13:12:13.742783,5000,0.0,0.0,0.0,5000,0,0,False,False,1
gnn_ewc_replay,oracle,556,972,2,2018-02-22T13:15:14.200920,5000,0.0,0.0,0.0,5000,0,0,False,False,1
gnn_ewc_replay,oracle,557,973,2,2018-02-22T13:17:51.212302,5000,0.0,0.0,0.0,5000,0,0,False,False,1
gnn_ewc_replay,oracle,558,975,2,2018-02-22T13:23:49.752711,5000,0.0,0.0,0.0,5000,0,0,False,False,1
gnn_ewc_replay,oracle,559,976,2,2018-02-22T13:26:50.170406,5000,0.0,0.0,0.0,5000,0,0,False,False,1
gnn_ewc_replay,oracle,560,978,2,2018-02-22T13:31:59.369100,5000,0.0,0.0,0.0,5000,0,0,False,False,1
gnn_ewc_replay,oracle,561,979,2,2018-02-22T13:35:02.349131,5000,0.0,0.0,0.0,5000,0,0,False,False,1
gnn_ewc_replay,oracle,562,981,2,2018-02-22T13:40:44.414617,5000,0.0,0.0,0.0,5000,0,0,False,False,1
gnn_ewc_replay,oracle,563,982,2,2018-02-22T13:43:37.016733,5000,0.0,0.0,0.0,5000,0,0,False,False,1
gnn_ewc_replay,oracle,564,983,2,2018-02-22T13:46:12.432471,5000,0.0,0.0,0.0,5000,0,0,False,False,1
gnn_ewc_replay,oracle,565,985,2,2018-02-22T13:51:52.536801,5000,0.0,0.0,0.0,5000,0,0,False,False,1
gnn_ewc_replay,oracle,566,986,2,2018-02-22T13:54:14.118264,5000,0.0,0.0,0.0,5000,0,0,False,False,1
gnn_ewc_replay,oracle,567,988,2,2018-02-22T13:59:42.540775,5000,0.0,0.0,0.0,5000,0,0,False,False,1
gnn_ewc_replay,oracle,568,989,2,2018-02-22T14:02:51.580757,5000,0.0,0.0,0.0,5000,0,0,False,False,1
gnn_ewc_replay,oracle,569,991,2,2018-02-22T14:09:28.178823,5000,0.0,0.0,0.0,5000,0,0,False,False,1
gnn_ewc_replay,oracle,570,992,2,2018-02-22T14:12:07.043409,5000,0.0,0.0,0.0,5000,0,0,False,False,1
gnn_ewc_replay,oracle,571,993,2,2018-02-22T14:15:24.387773,5000,0.0,0.0,0.0,5000,0,0,False,False,1
gnn_ewc_replay,oracle,572,995,2,2018-02-22T14:21:40.014524,5000,0.0,0.0,0.0,5000,0,0,False,False,1
gnn_ewc_replay,oracle,573,996,2,2018-02-22T14:24:07.374723,5000,0.0002,0.0002,0.0002,5000,0,0,False,False,1
gnn_ewc_replay,oracle,574,998,2,2018-02-22T14:29:13.649442,5000,0.0002,0.0002,0.0002,5000,0,0,False,False,1
gnn_ewc_replay,oracle,575,999,2,2018-02-22T14:32:16.171190,5000,0.0,0.0,0.0,5000,0,0,False,False,1
gnn_ewc_replay,oracle,576,1001,2,2018-02-22T14:38:03.075220,5000,0.0,0.0,0.0,5000,0,0,False,False,1
gnn_ewc_replay,oracle,577,1002,2,2018-02-22T14:40:47.690179,5000,0.0,0.0,0.0,5000,0,0,False,False,1
gnn_ewc_replay,oracle,578,1003,2,2018-02-22T14:43:23.320540,5000,0.0002,0.0002,0.0002,5000,0,0,False,False,1
gnn_ewc_replay,oracle,579,1005,2,2018-02-22T14:49:21.214144,5000,0.0,0.0,0.0,5000,0,0,False,False,1
gnn_ewc_replay,oracle,580,1006,2,2018-02-22T14:51:41.261166,5000,0.0,0.0,0.0,5000,0,0,False,False,1
gnn_ewc_replay,oracle,581,1008,2,2018-02-22T14:56:43.081874,5000,0.0,0.0,0.0,5000,0,0,False,False,1
gnn_ewc_replay,oracle,582,1009,2,2018-02-22T14:59:24.671546,5000,0.0,0.0,0.0,5000,0,0,False,False,1
gnn_ewc_replay,oracle,583,1011,2,2018-02-22T15:04:45.705989,5000,0.0,0.0,0.0,5000,0,0,False,False,1
gnn_ewc_replay,oracle,584,1012,2,2018-02-22T15:07:09.237370,5000,0.0,0.0,0.0,5000,0,0,False,False,1
gnn_ewc_replay,oracle,585,1013,2,2018-02-22T15:09:51.412721,5000,0.0002,0.0002,0.0002,5000,0,0,False,False,1
gnn_ewc_replay,oracle,586,1015,2,2018-02-22T15:15:18.999894,5000,0.0,0.0,0.0,5000,0,0,False,False,1
gnn_ewc_replay,oracle,587,1016,2,2018-02-22T15:17:54.695711,5000,0.0,0.0,0.0,5000,0,0,False,False,1
gnn_ewc_replay,oracle,588,1018,2,2018-02-22T15:22:22.433254,5000,0.0,0.0,0.0,5000,0,0,False,False,1
gnn_ewc_replay,oracle,589,1019,2,2018-02-22T15:25:03.738097,5000,0.0,0.0,0.0,5000,0,0,False,False,1
gnn_ewc_replay,oracle,590,1021,2,2018-02-22T15:30:44.544653,5000,0.0,0.0,0.0,5000,0,0,False,False,1
gnn_ewc_replay,oracle,591,1022,2,2018-02-22T15:32:58.354207,5000,0.0,0.0,0.0,5000,0,0,False,False,1
gnn_ewc_replay,oracle,592,1023,2,2018-02-22T15:36:01.093836,5000,0.0,0.0,0.0,5000,0,0,False,False,1
gnn_ewc_replay,oracle,593,1025,2,2018-02-22T15:41:14.959602,5000,0.0,0.0,0.0,5000,0,0,False,False,1
gnn_ewc_replay,oracle,594,1026,2,2018-02-22T15:44:11.291771,5000,0.0,0.0,0.0,5000,0,0,False,False,1
gnn_ewc_replay,oracle,595,1028,2,2018-02-22T15:49:17.610078,5000,0.0,0.0,0.0,5000,0,0,False,False,1
gnn_ewc_replay,oracle,596,1029,2,2018-02-22T15:51:40.029913,5000,0.0,0.0,0.0,5000,0,0,False,False,1
gnn_ewc_replay,oracle,597,1031,2,2018-02-22T15:56:27.016540,5000,0.0,0.0,0.0,5000,0,0,False,False,1
gnn_ewc_replay,oracle,598,1032,2,2018-02-22T15:58:49.204845,5000,0.0,0.0,0.0,5000,0,0,False,False,1
gnn_ewc_replay,oracle,599,1033,2,2018-02-22T16:01:05.980538,5000,0.0,0.0,0.0,5000,0,0,False,False,1
gnn_ewc_replay,oracle,600,1035,2,2018-02-22T16:07:50.911907,5000,0.0,0.0,0.0,5000,0,0,False,False,1
gnn_ewc_replay,oracle,601,1036,2,2018-02-22T16:12:11.784010,5000,0.0,0.0,0.0,5000,0,0,False,False,1
gnn_ewc_replay,oracle,602,1038,2,2018-02-22T16:19:02.533051,5000,0.0,0.0,0.0,5000,0,0,False,False,1
gnn_ewc_replay,oracle,603,1039,2,2018-02-22T16:22:14.999146,5000,0.0,0.0,0.0,5000,0,0,False,False,1
gnn_ewc_replay,oracle,604,1041,2,2018-02-22T16:28:56.728660,5000,0.0,0.0,0.0,5000,0,0,False,False,1
gnn_ewc_replay,oracle,605,1042,2,2018-02-22T16:31:57.856987,5000,0.0,0.0,0.0,5000,0,0,False,False,1
gnn_ewc_replay,oracle,606,1043,2,2018-02-22T16:35:33.892869,2397,0.0,0.0,0.0,2397,0,0,False,False,1
gnn_ewc_replay,oracle,607,1044,3,2018-02-22T16:37:34.655567,5000,0.0,0.0,0.0,5000,0,0,False,False,2
gnn_ewc_replay,oracle,608,1045,3,2018-02-22T16:42:29.645176,5000,0.0,0.0,0.0,5000,0,0,False,False,2
gnn_ewc_replay,oracle,609,1047,3,2018-02-22T16:51:04.075683,5000,0.0,0.0,0.0,5000,0,0,False,False,2
gnn_ewc_replay,oracle,610,1048,3,2018-02-22T16:55:04.424761,5000,0.0,0.0,0.0,5000,0,0,False,False,2
gnn_ewc_replay,oracle,611,1050,3,2018-02-22T17:02:40.002973,5000,0.0,0.0,0.0,5000,0,0,False,False,2
gnn_ewc_replay,oracle,612,1051,3,2018-02-22T17:07:25.580912,5000,0.0,0.0,0.0,5000,0,0,False,False,2
gnn_ewc_replay,oracle,613,1053,3,2018-02-22T17:14:13.608167,5000,0.0,0.0,0.0,5000,0,0,False,False,2
gnn_ewc_replay,oracle,614,1054,3,2018-02-22T17:17:01.680245,5000,0.0,0.0,0.0,5000,0,0,False,False,2
gnn_ewc_replay,oracle,615,1055,3,2018-02-22T17:20:15.804740,5000,0.0,0.0,0.0,5000,0,0,False,False,2
gnn_ewc_replay,oracle,616,1057,3,2018-02-22T17:26:43.928911,5000,0.0,0.0,0.0,5000,0,0,False,False,2
gnn_ewc_replay,oracle,617,1058,3,2018-02-22T17:29:30.546148,5000,0.0,0.0,0.0,5000,0,0,False,False,2
gnn_ewc_replay,oracle,618,1060,3,2018-02-22T17:35:26.255610,5000,0.0,0.0,0.0,5000,0,0,False,False,2
gnn_ewc_replay,oracle,619,1061,3,2018-02-22T17:38:22.408162,5000,0.0,0.0,0.0,5000,0,0,False,False,2
gnn_ewc_replay,oracle,620,1063,3,2018-02-22T17:43:42.821178,5000,0.0,0.0,0.0,5000,0,0,False,False,2
gnn_ewc_replay,oracle,621,1064,3,2018-02-22T17:46:31.621801,5000,0.0,0.0,0.0,5000,0,0,False,False,2
gnn_ewc_replay,oracle,622,1065,3,2018-02-22T17:49:21.226210,5000,0.0,0.0,0.0,5000,0,0,False,False,2
gnn_ewc_replay,oracle,623,1067,3,2018-02-22T17:54:59.589602,5000,0.0,0.0,0.0,5000,0,0,False,False,2
gnn_ewc_replay,oracle,624,1068,3,2018-02-22T17:57:53.315638,5000,0.0,0.0,0.0,5000,0,0,False,False,2
gnn_ewc_replay,oracle,625,1070,3,2018-02-22T18:03:45.799563,5000,0.0,0.0,0.0,5000,0,0,False,False,2
gnn_ewc_replay,oracle,626,1071,3,2018-02-22T18:07:10.867855,5000,0.0,0.0,0.0,5000,0,0,False,False,2
gnn_ewc_replay,oracle,627,1073,3,2018-02-22T18:13:11.243943,5000,0.0,0.0,0.0,5000,0,0,False,False,2
gnn_ewc_replay,oracle,628,1074,3,2018-02-22T18:16:01.882227,5000,0.0,0.0,0.0,5000,0,0,False,False,2
gnn_ewc_replay,oracle,629,1075,3,2018-02-22T18:18:50.867777,5000,0.0,0.0,0.0,5000,0,0,False,False,2
gnn_ewc_replay,oracle,630,1077,3,2018-02-22T18:24:57.234677,5000,0.0,0.0,0.0,5000,0,0,False,False,2
gnn_ewc_replay,oracle,631,1078,3,2018-02-22T18:28:07.099354,5000,0.0,0.0,0.0002,4999,0,1,False,False,2
gnn_ewc_replay,oracle,632,1080,3,2018-02-22T18:34:23.474688,5000,0.0,0.0,0.0,5000,0,0,False,False,2
gnn_ewc_replay,oracle,633,1081,3,2018-02-22T18:37:55.750536,5000,0.0,0.0,0.0,5000,0,0,False,False,2
gnn_ewc_replay,oracle,634,1083,3,2018-02-22T18:43:55.261480,5000,0.0,0.0,0.0,5000,0,0,False,False,2
gnn_ewc_replay,oracle,635,1084,3,2018-02-22T18:46:36.847575,5000,0.0,0.0,0.0,5000,0,0,False,False,2
gnn_ewc_replay,oracle,636,1085,3,2018-02-22T18:49:46.215557,5000,0.0,0.0,0.0,5000,0,0,False,False,2
gnn_ewc_replay,oracle,637,1087,3,2018-02-22T18:55:55.775994,5000,0.0,0.0,0.0,5000,0,0,False,False,2
gnn_ewc_replay,oracle,638,1088,3,2018-02-22T18:58:47.853237,5000,0.0,0.0,0.0,5000,0,0,False,False,2
gnn_ewc_replay,oracle,639,1090,3,2018-02-22T19:05:04.507172,5000,0.0,0.0,0.0,5000,0,0,False,False,2
gnn_ewc_replay,oracle,640,1091,3,2018-02-22T19:07:48.446707,5000,0.0,0.0,0.0,5000,0,0,False,False,2
gnn_ewc_replay,oracle,641,1093,3,2018-02-22T19:13:35.912581,5000,0.0,0.0,0.0,5000,0,0,False,False,2
gnn_ewc_replay,oracle,642,1094,3,2018-02-22T19:16:33.447960,5000,0.0,0.0,0.0,5000,0,0,False,False,2
gnn_ewc_replay,oracle,643,1095,3,2018-02-22T19:19:21.623763,5000,0.0,0.0,0.0,5000,0,0,False,False,2
gnn_ewc_replay,oracle,644,1097,3,2018-02-22T19:25:32.357316,5000,0.0,0.0,0.0,5000,0,0,False,False,2
gnn_ewc_replay,oracle,645,1098,3,2018-02-22T19:28:20.639054,5000,0.0,0.0,0.0,5000,0,0,False,False,2
gnn_ewc_replay,oracle,646,1100,3,2018-02-22T19:34:28.978909,5000,0.0,0.0,0.0,5000,0,0,False,False,2
gnn_ewc_replay,oracle,647,1101,3,2018-02-22T19:37:28.358013,5000,0.0,0.0,0.0,5000,0,0,False,False,2
gnn_ewc_replay,oracle,648,1103,3,2018-02-22T19:43:44.587729,5000,0.0,0.0,0.0,5000,0,0,False,False,2
gnn_ewc_replay,oracle,649,1104,3,2018-02-22T19:47:05.950804,5000,0.0,0.0,0.0,5000,0,0,False,False,2
gnn_ewc_replay,oracle,650,1105,3,2018-02-22T19:50:14.865514,5000,0.0,0.0,0.0,5000,0,0,False,False,2
gnn_ewc_replay,oracle,651,1107,3,2018-02-22T19:56:49.723192,5000,0.0,0.0,0.0,5000,0,0,False,False,2
gnn_ewc_replay,oracle,652,1108,3,2018-02-22T20:00:08.334881,5000,0.0,0.0,0.0,5000,0,0,False,False,2
gnn_ewc_replay,oracle,653,1110,3,2018-02-22T20:06:29.811638,5000,0.0,0.0,0.0,5000,0,0,False,False,2
gnn_ewc_replay,oracle,654,1111,3,2018-02-22T20:09:30.641709,5000,0.0,0.0,0.0,5000,0,0,False,False,2
gnn_ewc_replay,oracle,655,1113,3,2018-02-22T20:15:49.186124,5000,0.0002,0.0002,0.0002,5000,0,0,False,False,2
gnn_ewc_replay,oracle,656,1114,3,2018-02-22T20:18:45.311403,5000,0.0,0.0,0.0,5000,0,0,False,False,2
gnn_ewc_replay,oracle,657,1115,3,2018-02-22T20:21:42.578114,5000,0.0002,0.0002,0.0002,5000,0,0,False,False,2
gnn_ewc_replay,oracle,658,1117,3,2018-02-22T20:27:44.424326,5000,0.0,0.0,0.0,5000,0,0,False,False,2
gnn_ewc_replay,oracle,659,1118,3,2018-02-22T20:30:58.592686,5000,0.0,0.0,0.0,5000,0,0,False,False,2
gnn_ewc_replay,oracle,660,1120,3,2018-02-22T20:36:32.245831,5000,0.0,0.0,0.0,5000,0,0,False,False,2
gnn_ewc_replay,oracle,661,1121,3,2018-02-22T20:39:30.368391,5000,0.0,0.0,0.0,5000,0,0,False,False,2
gnn_ewc_replay,oracle,662,1123,3,2018-02-22T20:45:02.663145,5000,0.0,0.0,0.0,5000,0,0,False,False,2
gnn_ewc_replay,oracle,663,1124,3,2018-02-22T20:48:19.360224,5000,0.0,0.0,0.0,5000,0,0,False,False,2
gnn_ewc_replay,oracle,664,1125,3,2018-02-22T20:51:22.486910,5000,0.0,0.0,0.0,5000,0,0,False,False,2
gnn_ewc_replay,oracle,665,1127,3,2018-02-22T20:57:55.717537,5000,0.0,0.0,0.0,5000,0,0,False,False,2
gnn_ewc_replay,oracle,666,1128,3,2018-02-22T21:00:52.327056,5000,0.0,0.0,0.0,5000,0,0,False,False,2
gnn_ewc_replay,oracle,667,1130,3,2018-02-22T21:09:32.662576,5000,0.0,0.0,0.0,5000,0,0,False,False,2
gnn_ewc_replay,oracle,668,1131,3,2018-02-22T21:13:59.879001,5000,0.0,0.0,0.0,5000,0,0,False,False,2
gnn_ewc_replay,oracle,669,1133,3,2018-02-22T21:22:46.707931,5000,0.0,0.0,0.0,5000,0,0,False,False,2
gnn_ewc_replay,oracle,670,1134,3,2018-02-22T21:27:58.541642,5000,0.0,0.0,0.0,5000,0,0,False,False,2
gnn_ewc_replay,oracle,671,1135,3,2018-02-22T21:49:25.834671,5000,0.0,0.0,0.0,5000,0,0,False,False,2
gnn_ewc_replay,oracle,672,1137,3,2018-02-23T12:19:09.413188,5000,0.0,0.0,0.0,5000,0,0,False,False,2
gnn_ewc_replay,oracle,673,1138,3,2018-02-23T12:21:29.311210,5000,0.0,0.0,0.0,5000,0,0,False,False,2
gnn_ewc_replay,oracle,674,1140,3,2018-02-23T12:26:38.432842,5000,0.0,0.0,0.0,4999,0,1,False,False,2
gnn_ewc_replay,oracle,675,1141,3,2018-02-23T12:29:34.990274,5000,0.0,0.0,0.0,5000,0,0,False,False,2
gnn_ewc_replay,oracle,676,1143,3,2018-02-23T12:35:46.065983,5000,0.0,0.0,0.0,5000,0,0,False,False,2
gnn_ewc_replay,oracle,677,1144,3,2018-02-23T12:39:04.356638,5000,0.0,0.0,0.0,5000,0,0,False,False,2
gnn_ewc_replay,oracle,678,1145,3,2018-02-23T12:42:22.320533,5000,0.0,0.0,0.0,5000,0,0,False,False,2
gnn_ewc_replay,oracle,679,1147,3,2018-02-23T12:47:45.613380,5000,0.0,0.0,0.0,5000,0,0,False,False,2
gnn_ewc_replay,oracle,680,1148,3,2018-02-23T12:50:30.878954,5000,0.0,0.0,0.0,5000,0,0,False,False,2
gnn_ewc_replay,oracle,681,1150,3,2018-02-23T12:56:15.896786,5000,0.0,0.0,0.0,5000,0,0,False,False,2
gnn_ewc_replay,oracle,682,1151,3,2018-02-23T12:58:52.453245,5000,0.0,0.0,0.0,5000,0,0,False,False,2
gnn_ewc_replay,oracle,683,1153,3,2018-02-23T13:05:38.989341,5000,0.0,0.0,0.0,5000,0,0,False,False,2
gnn_ewc_replay,oracle,684,1154,3,2018-02-23T13:09:20.114860,5000,0.0,0.0,0.0,5000,0,0,False,False,2
gnn_ewc_replay,oracle,685,1155,3,2018-02-23T13:12:11.752301,5000,0.0,0.0,0.0,5000,0,0,False,False,2
gnn_ewc_replay,oracle,686,1157,3,2018-02-23T13:18:32.169503,5000,0.0,0.0,0.0,5000,0,0,False,False,2
gnn_ewc_replay,oracle,687,1158,3,2018-02-23T13:21:19.061604,5000,0.0,0.0,0.0,5000,0,0,False,False,2
gnn_ewc_replay,oracle,688,1160,3,2018-02-23T13:27:31.126923,5000,0.0,0.0,0.0,5000,0,0,False,False,2
gnn_ewc_replay,oracle,689,1161,3,2018-02-23T13:30:09.515561,5000,0.0,0.0,0.0,5000,0,0,False,False,2
gnn_ewc_replay,oracle,690,1163,3,2018-02-23T13:36:12.594628,5000,0.0,0.0,0.0,5000,0,0,False,False,2
gnn_ewc_replay,oracle,691,1164,3,2018-02-23T13:38:39.776922,5000,0.0,0.0,0.0,5000,0,0,False,False,2
gnn_ewc_replay,oracle,692,1165,3,2018-02-23T13:41:45.046582,5000,0.0,0.0,0.0,5000,0,0,False,False,2
gnn_ewc_replay,oracle,693,1167,3,2018-02-23T13:46:50.083322,5000,0.0,0.0,0.0,5000,0,0,False,False,2
gnn_ewc_replay,oracle,694,1168,3,2018-02-23T13:49:32.621200,5000,0.0,0.0,0.0,5000,0,0,False,False,2
gnn_ewc_replay,oracle,695,1170,3,2018-02-23T13:55:07.946880,5000,0.0,0.0,0.0,5000,0,0,False,False,2
gnn_ewc_replay,oracle,696,1171,3,2018-02-23T13:57:55.985829,5000,0.0,0.0,0.0,5000,0,0,False,False,2
gnn_ewc_replay,oracle,697,1173,3,2018-02-23T14:03:41.073206,5000,0.0,0.0,0.0,5000,0,0,False,False,2
gnn_ewc_replay,oracle,698,1174,3,2018-02-23T14:06:05.109537,5000,0.0,0.0,0.0,5000,0,0,False,False,2
gnn_ewc_replay,oracle,699,1175,3,2018-02-23T14:09:06.028000,5000,0.0,0.0,0.0004,4998,2,0,False,False,2
gnn_ewc_replay,oracle,700,1177,3,2018-02-23T14:15:33.581575,5000,0.0,0.0,0.0,5000,0,0,False,False,2
gnn_ewc_replay,oracle,701,1178,3,2018-02-23T14:18:00.745619,5000,0.0,0.0,0.0,5000,0,0,False,False,2
gnn_ewc_replay,oracle,702,1180,3,2018-02-23T14:23:00.014529,5000,0.0,0.0,0.0002,4999,0,1,False,False,2
gnn_ewc_replay,oracle,703,1181,3,2018-02-23T14:26:30.212557,5000,0.0,0.0,0.0004,4998,2,0,False,False,2
gnn_ewc_replay,oracle,704,1183,3,2018-02-23T14:31:58.475941,5000,0.0,0.0,0.0002,4999,1,0,False,False,2
gnn_ewc_replay,oracle,705,1184,3,2018-02-23T14:34:52.154394,5000,0.0,0.0,0.0,5000,0,0,False,False,2
gnn_ewc_replay,oracle,706,1185,3,2018-02-23T14:37:46.334109,5000,0.0,0.0,0.0,5000,0,0,False,False,2
gnn_ewc_replay,oracle,707,1187,3,2018-02-23T14:43:36.607549,5000,0.0,0.0,0.0,5000,0,0,False,False,2
gnn_ewc_replay,oracle,708,1188,3,2018-02-23T14:45:56.733954,5000,0.0002,0.0002,0.0002,5000,0,0,False,False,2
gnn_ewc_replay,oracle,709,1190,3,2018-02-23T14:51:11.567659,5000,0.0,0.0,0.0,5000,0,0,False,False,2
gnn_ewc_replay,oracle,710,1191,3,2018-02-23T14:53:55.266486,5000,0.0,0.0,0.0,5000,0,0,False,False,2
gnn_ewc_replay,oracle,711,1193,3,2018-02-23T14:59:08.447524,5000,0.0,0.0,0.0,5000,0,0,False,False,2
gnn_ewc_replay,oracle,712,1194,3,2018-02-23T15:01:53.262327,5000,0.0,0.0,0.0,5000,0,0,False,False,2
gnn_ewc_replay,oracle,713,1195,3,2018-02-23T15:04:36.624933,5000,0.0,0.0,0.0,5000,0,0,False,False,2
gnn_ewc_replay,oracle,714,1197,3,2018-02-23T15:10:27.717534,5000,0.0,0.0,0.0,5000,0,0,False,False,2
gnn_ewc_replay,oracle,715,1198,3,2018-02-23T15:12:46.906000,5000,0.0,0.0,0.0,5000,0,0,False,False,2
gnn_ewc_replay,oracle,716,1200,3,2018-02-23T15:17:58.396117,5000,0.0,0.0,0.0,5000,0,0,False,False,2
gnn_ewc_replay,oracle,717,1201,3,2018-02-23T15:20:30.772290,5000,0.0,0.0,0.0,5000,0,0,False,False,2
gnn_ewc_replay,oracle,718,1203,3,2018-02-23T15:25:48.035278,5000,0.0,0.0,0.0,5000,0,0,False,False,2
gnn_ewc_replay,oracle,719,1204,3,2018-02-23T15:28:30.739814,5000,0.0,0.0,0.0,5000,0,0,False,False,2
gnn_ewc_replay,oracle,720,1205,3,2018-02-23T15:31:10.123681,5000,0.0,0.0,0.0,5000,0,0,False,False,2
gnn_ewc_replay,oracle,721,1207,3,2018-02-23T15:37:05.863562,5000,0.0,0.0,0.0,5000,0,0,False,False,2
gnn_ewc_replay,oracle,722,1208,3,2018-02-23T15:39:48.518342,5000,0.0,0.0,0.0,5000,0,0,False,False,2
gnn_ewc_replay,oracle,723,1210,3,2018-02-23T15:45:11.926641,5000,0.0,0.0,0.0,5000,0,0,False,False,2
gnn_ewc_replay,oracle,724,1211,3,2018-02-23T15:47:50.059692,5000,0.0,0.0,0.0,5000,0,0,False,False,2
gnn_ewc_replay,oracle,725,1213,3,2018-02-23T15:53:19.035799,5000,0.0,0.0,0.0,5000,0,0,False,False,2
gnn_ewc_replay,oracle,726,1214,3,2018-02-23T15:56:14.772567,5000,0.0,0.0,0.0,5000,0,0,False,False,2
gnn_ewc_replay,oracle,727,1215,3,2018-02-23T15:58:53.688379,5000,0.0,0.0,0.0,5000,0,0,False,False,2
gnn_ewc_replay,oracle,728,1217,3,2018-02-23T16:05:41.207430,5000,0.0,0.0,0.0,5000,0,0,False,False,2
gnn_ewc_replay,oracle,729,1218,3,2018-02-23T16:10:02.413066,5000,0.0,0.0,0.0,5000,0,0,False,False,2
gnn_ewc_replay,oracle,730,1220,3,2018-02-23T16:17:44.426538,5000,0.0,0.0,0.0,5000,0,0,False,False,2
gnn_ewc_replay,oracle,731,1221,3,2018-02-23T16:21:10.297425,5000,0.0,0.0,0.0,5000,0,0,False,False,2
gnn_ewc_replay,oracle,732,1223,3,2018-02-23T16:29:08.115870,5000,0.0,0.0,0.0,5000,0,0,False,False,2
gnn_ewc_replay,oracle,733,1224,3,2018-02-23T16:33:10.671253,5000,0.0,0.0,0.0,5000,0,0,False,False,2
gnn_ewc_replay,oracle,734,1225,3,2018-02-23T16:37:26.898811,5000,0.0,0.0,0.0,5000,0,0,False,False,2
gnn_ewc_replay,oracle,735,1227,3,2018-02-23T16:46:46.164231,5000,0.0,0.0,0.0,5000,0,0,False,False,2
gnn_ewc_replay,oracle,736,1228,3,2018-02-23T16:50:59.342386,5000,0.0,0.0,0.0,5000,0,0,False,False,2
gnn_ewc_replay,oracle,737,1230,3,2018-02-23T17:00:07.860786,5000,0.0,0.0,0.0,5000,0,0,False,False,2
gnn_ewc_replay,oracle,738,1231,3,2018-02-23T17:05:03.396238,5000,0.0,0.0,0.0002,4999,1,0,False,False,2
gnn_ewc_replay,oracle,739,1233,3,2018-02-23T17:12:25.620552,5000,0.0,0.0,0.0002,4999,1,0,False,False,2
gnn_ewc_replay,oracle,740,1234,3,2018-02-23T17:15:34.943329,5000,0.0,0.0,0.0,5000,0,0,False,False,2
gnn_ewc_replay,oracle,741,1235,3,2018-02-23T17:19:13.792941,5000,0.0,0.0,0.0,5000,0,0,False,False,2
gnn_ewc_replay,oracle,742,1237,3,2018-02-23T17:26:01.631852,5000,0.0,0.0,0.0002,4999,1,0,False,False,2
gnn_ewc_replay,oracle,743,1238,3,2018-02-23T17:29:13.887991,5000,0.0,0.0,0.0002,4999,1,0,False,False,2
gnn_ewc_replay,oracle,744,1240,3,2018-02-23T17:35:37.033764,5000,0.0,0.0,0.0,5000,0,0,False,False,2
gnn_ewc_replay,oracle,745,1241,3,2018-02-23T17:38:16.363984,5000,0.0,0.0,0.0002,4999,0,1,False,False,2
gnn_ewc_replay,oracle,746,1243,3,2018-02-23T17:43:49.857087,5000,0.0,0.0,0.0,5000,0,0,False,False,2
gnn_ewc_replay,oracle,747,1244,3,2018-02-23T17:46:42.635967,5000,0.0,0.0,0.0002,4999,1,0,False,False,2
gnn_ewc_replay,oracle,748,1245,3,2018-02-23T17:49:57.746133,5000,0.0,0.0,0.0,5000,0,0,False,False,2
gnn_ewc_replay,oracle,749,1247,3,2018-02-23T17:55:48.699034,5000,0.0002,0.0002,0.0002,5000,0,0,False,False,2
gnn_ewc_replay,oracle,750,1248,3,2018-02-23T17:58:52.281133,5000,0.0,0.0,0.0002,4999,1,0,False,False,2
gnn_ewc_replay,oracle,751,1250,3,2018-02-23T18:04:48.367862,5000,0.0,0.0,0.0,5000,0,0,False,False,2
gnn_ewc_replay,oracle,752,1251,3,2018-02-23T18:08:14.591926,5000,0.0,0.0,0.0,5000,0,0,False,False,2
gnn_ewc_replay,oracle,753,1253,3,2018-02-23T18:14:52.243703,5000,0.0,0.0,0.0,5000,0,0,False,False,2
gnn_ewc_replay,oracle,754,1254,3,2018-02-23T18:18:11.941351,5000,0.0,0.0,0.0,5000,0,0,False,False,2
gnn_ewc_replay,oracle,755,1255,3,2018-02-23T18:21:40.551335,5000,0.0,0.0,0.0,5000,0,0,False,False,2
gnn_ewc_replay,oracle,756,1257,3,2018-02-23T18:28:30.015996,5000,0.0,0.0,0.0,5000,0,0,False,False,2
gnn_ewc_replay,oracle,757,1258,3,2018-02-23T18:31:27.836891,5000,0.0,0.0,0.0,5000,0,0,False,False,2
gnn_ewc_replay,oracle,758,1260,3,2018-02-23T18:37:42.976461,5000,0.0,0.0,0.0,5000,0,0,False,False,2
gnn_ewc_replay,oracle,759,1261,3,2018-02-23T18:41:19.595475,5000,0.0,0.0,0.0,5000,0,0,False,False,2
gnn_ewc_replay,oracle,760,1263,3,2018-02-23T18:47:45.126894,5000,0.0,0.0,0.0,5000,0,0,False,False,2
gnn_ewc_replay,oracle,761,1264,3,2018-02-23T18:51:18.180413,5000,0.0,0.0,0.0,5000,0,0,False,False,2
gnn_ewc_replay,oracle,762,1265,3,2018-02-23T18:55:03.901317,5000,0.0,0.0,0.0,5000,0,0,False,False,2
gnn_ewc_replay,oracle,763,1267,3,2018-02-23T19:00:49.229977,5000,0.0,0.0,0.0,5000,0,0,False,False,2
gnn_ewc_replay,oracle,764,1268,3,2018-02-23T19:03:48.711884,5000,0.0002,0.0002,0.0002,5000,0,0,False,False,2
gnn_ewc_replay,oracle,765,1270,3,2018-02-23T19:10:06.621920,5000,0.0002,0.0002,0.0002,5000,0,0,False,False,2
gnn_ewc_replay,oracle,766,1271,3,2018-02-23T19:13:22.474245,5000,0.0006,0.0006,0.0006,5000,0,0,False,False,2
gnn_ewc_replay,oracle,767,1273,3,2018-02-23T19:19:29.224932,5000,0.0,0.0,0.0,5000,0,0,False,False,2
gnn_ewc_replay,oracle,768,1274,3,2018-02-23T19:22:50.355858,5000,0.0,0.0,0.0,5000,0,0,False,False,2
gnn_ewc_replay,oracle,769,1275,3,2018-02-23T19:25:49.835989,5000,0.0,0.0,0.0,5000,0,0,False,False,2
gnn_ewc_replay,oracle,770,1277,3,2018-02-23T19:30:46.057133,5000,0.0,0.0,0.0,5000,0,0,False,False,2
gnn_ewc_replay,oracle,771,1278,3,2018-02-23T19:33:23.811232,5000,0.0,0.0,0.0,5000,0,0,False,False,2
gnn_ewc_replay,oracle,772,1280,3,2018-02-23T19:39:55.467374,5000,0.0,0.0,0.0,5000,0,0,False,False,2
gnn_ewc_replay,oracle,773,1281,3,2018-02-23T19:43:16.760167,5000,0.0,0.0,0.0,5000,0,0,False,False,2
gnn_ewc_replay,oracle,774,1283,3,2018-02-23T19:50:00.590119,5000,0.0,0.0,0.0,5000,0,0,False,False,2
gnn_ewc_replay,oracle,775,1284,3,2018-02-23T19:53:33.898942,5000,0.0,0.0,0.0,5000,0,0,False,False,2
gnn_ewc_replay,oracle,776,1285,3,2018-02-23T19:56:59.056576,5000,0.0,0.0,0.0,5000,0,0,False,False,2
gnn_ewc_replay,oracle,777,1287,3,2018-02-23T20:02:31.395007,5000,0.0,0.0,0.0,5000,0,0,False,False,2
gnn_ewc_replay,oracle,778,1288,3,2018-02-23T20:05:33.347967,5000,0.0,0.0,0.0,5000,0,0,False,False,2
gnn_ewc_replay,oracle,779,1290,3,2018-02-23T20:12:08.276537,5000,0.0,0.0,0.0,5000,0,0,False,False,2
gnn_ewc_replay,oracle,780,1291,3,2018-02-23T20:15:18.197843,5000,0.0,0.0,0.0,5000,0,0,False,False,2
gnn_ewc_replay,oracle,781,1293,3,2018-02-23T20:21:26.727925,5000,0.0,0.0,0.0,5000,0,0,False,False,2
gnn_ewc_replay,oracle,782,1294,3,2018-02-23T20:24:17.712717,5000,0.0,0.0,0.0,5000,0,0,False,False,2
gnn_ewc_replay,oracle,783,1295,3,2018-02-23T20:26:52.497035,5000,0.0,0.0,0.0,5000,0,0,False,False,2
gnn_ewc_replay,oracle,784,1297,3,2018-02-23T20:31:48.191737,5000,0.0,0.0,0.0,5000,0,0,False,False,2
gnn_ewc_replay,oracle,785,1298,3,2018-02-23T20:34:39.113935,5000,0.0,0.0,0.0,5000,0,0,False,False,2
gnn_ewc_replay,oracle,786,1300,3,2018-02-23T20:40:43.639818,5000,0.0,0.0,0.0,5000,0,0,False,False,2
gnn_ewc_replay,oracle,787,1301,3,2018-02-23T20:43:46.091579,5000,0.0,0.0,0.0,5000,0,0,False,False,2
gnn_ewc_replay,oracle,788,1303,3,2018-02-23T20:49:37.709236,5000,0.0,0.0,0.0,5000,0,0,False,False,2
gnn_ewc_replay,oracle,789,1304,3,2018-02-23T20:52:44.842527,5000,0.0,0.0,0.0,5000,0,0,False,False,2
gnn_ewc_replay,oracle,790,1305,3,2018-02-23T20:55:38.980293,5000,0.0,0.0,0.0,5000,0,0,False,False,2
gnn_ewc_replay,oracle,791,1307,3,2018-02-23T21:01:10.570278,5000,0.0,0.0,0.0,5000,0,0,False,False,2
gnn_ewc_replay,oracle,792,1308,3,2018-02-23T21:05:05.156033,5000,0.0,0.0,0.0,5000,0,0,False,False,2
gnn_ewc_replay,oracle,793,1310,3,2018-02-23T21:14:12.567176,5000,0.0,0.0,0.0,5000,0,0,False,False,2
gnn_ewc_replay,oracle,794,1311,3,2018-02-23T21:18:09.695467,5000,0.0,0.0,0.0,5000,0,0,False,False,2
gnn_ewc_replay,oracle,795,1313,3,2018-02-23T21:27:55.011453,5604,0.0,0.0,0.0,5604,0,0,False,False,2
gnn_ewc_replay,oracle,796,1314,4,2018-02-28T12:20:49.532235,5000,0.0,0.0,0.0,5000,0,0,False,False,3
gnn_ewc_replay,oracle,797,1315,4,2018-02-28T12:22:06.840257,5000,0.0,0.0,0.0,5000,0,0,False,False,3
gnn_ewc_replay,oracle,798,1317,4,2018-02-28T12:25:38.748901,5000,0.0,0.0,0.0,5000,0,0,False,False,3
gnn_ewc_replay,oracle,799,1318,4,2018-02-28T12:27:25.213946,5000,0.0,0.0,0.0,5000,0,0,False,False,3
gnn_ewc_replay,oracle,800,1320,4,2018-02-28T12:31:45.331111,5000,0.0,0.0,0.0,5000,0,0,False,False,3
gnn_ewc_replay,oracle,801,1321,4,2018-02-28T12:34:21.556158,5000,0.0,0.0,0.0,5000,0,0,False,False,3
gnn_ewc_replay,oracle,802,1323,4,2018-02-28T12:39:13.393959,5000,0.0,0.0,0.0,5000,0,0,False,False,3
gnn_ewc_replay,oracle,803,1324,4,2018-02-28T12:41:55.417144,5000,0.0,0.0,0.0,5000,0,0,False,False,3
gnn_ewc_replay,oracle,804,1325,4,2018-02-28T12:44:27.752984,5000,0.0,0.0,0.0,5000,0,0,False,False,3
gnn_ewc_replay,oracle,805,1327,4,2018-02-28T12:49:25.399802,5000,0.0,0.0,0.0,5000,0,0,False,False,3
gnn_ewc_replay,oracle,806,1328,4,2018-02-28T12:51:29.821957,5000,0.0,0.0,0.0,5000,0,0,False,False,3
gnn_ewc_replay,oracle,807,1330,4,2018-02-28T12:55:06.316320,5000,0.0,0.0,0.0,5000,0,0,False,False,3
gnn_ewc_replay,oracle,808,1331,4,2018-02-28T12:57:22.259937,5000,0.0,0.0,0.0,5000,0,0,False,False,3
gnn_ewc_replay,oracle,809,1333,4,2018-02-28T13:02:16.406810,5000,0.0,0.0,0.0,5000,0,0,False,False,3
gnn_ewc_replay,oracle,810,1334,4,2018-02-28T13:05:06.021406,5000,0.0,0.0,0.0,5000,0,0,False,False,3
gnn_ewc_replay,oracle,811,1335,4,2018-02-28T13:07:38.934363,5000,0.0,0.0,0.0,5000,0,0,False,False,3
gnn_ewc_replay,oracle,812,1337,4,2018-02-28T13:13:23.378287,5000,0.0,0.0,0.0,5000,0,0,False,False,3
gnn_ewc_replay,oracle,813,1338,4,2018-02-28T13:15:59.296789,5000,0.0,0.0,0.0,5000,0,0,False,False,3
gnn_ewc_replay,oracle,814,1340,4,2018-02-28T13:21:53.624387,5000,0.0,0.0,0.0,5000,0,0,False,False,3
gnn_ewc_replay,oracle,815,1341,4,2018-02-28T13:24:27.669208,5000,0.0,0.0,0.0,5000,0,0,False,False,3
gnn_ewc_replay,oracle,816,1343,4,2018-02-28T13:29:52.870904,5000,0.0,0.0,0.0,5000,0,0,False,False,3
gnn_ewc_replay,oracle,817,1344,4,2018-02-28T13:33:09.557416,5000,0.0,0.0,0.0,5000,0,0,False,False,3
gnn_ewc_replay,oracle,818,1345,4,2018-02-28T13:36:01.182456,5000,0.0,0.0,0.0,5000,0,0,False,False,3
gnn_ewc_replay,oracle,819,1347,4,2018-02-28T13:41:44.877925,5000,0.0,0.0,0.0,5000,0,0,False,False,3
gnn_ewc_replay,oracle,820,1348,4,2018-02-28T13:44:02.117449,5000,0.0,0.0,0.0,5000,0,0,False,False,3
gnn_ewc_replay,oracle,821,1350,4,2018-02-28T13:50:08.770395,5000,0.0,0.0,0.0,5000,0,0,False,False,3
gnn_ewc_replay,oracle,822,1351,4,2018-02-28T13:52:31.281274,5000,0.0,0.0,0.0,5000,0,0,False,False,3
gnn_ewc_replay,oracle,823,1353,4,2018-02-28T13:57:38.785509,5000,0.0,0.0,0.0,5000,0,0,False,False,3
gnn_ewc_replay,oracle,824,1354,4,2018-02-28T14:00:38.814641,5000,0.0002,0.0002,0.0,4999,0,1,False,False,3
gnn_ewc_replay,oracle,825,1355,4,2018-02-28T14:03:42.546675,5000,0.0,0.0,0.0,5000,0,0,False,False,3
gnn_ewc_replay,oracle,826,1357,4,2018-02-28T14:09:54.693761,5000,0.0,0.0,0.0,5000,0,0,False,False,3
gnn_ewc_replay,oracle,827,1358,4,2018-02-28T14:13:00.975538,5000,0.0,0.0,0.0,5000,0,0,False,False,3
gnn_ewc_replay,oracle,828,1360,4,2018-02-28T14:19:08.648193,5000,0.0,0.0,0.0,5000,0,0,False,False,3
gnn_ewc_replay,oracle,829,1361,4,2018-02-28T14:21:55.569242,5000,0.0,0.0,0.0,5000,0,0,False,False,3
gnn_ewc_replay,oracle,830,1363,4,2018-02-28T14:27:31.701518,5000,0.0,0.0,0.0,5000,0,0,False,False,3
gnn_ewc_replay,oracle,831,1364,4,2018-02-28T14:30:13.816109,5000,0.0,0.0,0.0,5000,0,0,False,False,3
gnn_ewc_replay,oracle,832,1365,4,2018-02-28T14:33:12.936357,5000,0.0002,0.0002,0.0002,5000,0,0,False,False,3
gnn_ewc_replay,oracle,833,1367,4,2018-02-28T14:39:04.187946,5000,0.0,0.0,0.0,5000,0,0,False,False,3
gnn_ewc_replay,oracle,834,1368,4,2018-02-28T14:41:25.955365,5000,0.0004,0.0004,0.0004,5000,0,0,False,False,3
gnn_ewc_replay,oracle,835,1370,4,2018-02-28T14:47:36.782158,5000,0.069,0.069,0.069,5000,0,0,False,False,3
gnn_ewc_replay,oracle,836,1371,4,2018-02-28T14:50:08.353767,5000,0.0068,0.0068,0.0068,5000,0,0,False,False,3
gnn_ewc_replay,oracle,837,1373,4,2018-02-28T14:54:44.186051,5000,0.0072,0.0072,0.0072,5000,0,0,False,False,3
gnn_ewc_replay,oracle,838,1374,4,2018-02-28T14:57:05.431808,5000,0.0032,0.0032,0.0032,5000,0,0,False,False,3
gnn_ewc_replay,oracle,839,1375,4,2018-02-28T14:59:33.053335,5000,0.0696,0.0696,0.0696,5000,0,0,False,False,3
gnn_ewc_replay,oracle,840,1377,4,2018-02-28T15:03:57.570596,5000,0.1268,0.1268,0.1268,5000,0,0,False,False,3
gnn_ewc_replay,oracle,841,1378,4,2018-02-28T15:06:24.168581,5000,0.0008,0.0008,0.0008,5000,0,0,False,False,3
gnn_ewc_replay,oracle,842,1380,4,2018-02-28T15:11:04.210320,5000,0.0662,0.0662,0.0662,5000,0,0,False,False,3
gnn_ewc_replay,oracle,843,1381,4,2018-02-28T15:13:34.645830,5000,0.0058,0.0058,0.0058,5000,0,0,False,False,3
gnn_ewc_replay,oracle,844,1383,4,2018-02-28T15:18:21.785499,5000,0.0054,0.0054,0.0054,5000,0,0,False,False,3
gnn_ewc_replay,oracle,845,1384,4,2018-02-28T15:20:54.698971,5000,0.0036,0.0036,0.0036,5000,0,0,False,False,3
gnn_ewc_replay,oracle,846,1385,4,2018-02-28T15:23:07.882409,5000,0.0634,0.0634,0.0632,4999,0,1,False,False,3
gnn_ewc_replay,oracle,847,1387,4,2018-02-28T15:27:56.536358,5000,0.1372,0.1372,0.1372,5000,0,0,False,False,3
gnn_ewc_replay,oracle,848,1388,4,2018-02-28T15:30:11.356835,5000,0.0012,0.0012,0.0012,5000,0,0,False,False,3
gnn_ewc_replay,oracle,849,1390,4,2018-02-28T15:35:21.561176,5000,0.0002,0.0002,0.0,4999,1,0,False,False,3
gnn_ewc_replay,oracle,850,1391,4,2018-02-28T15:38:10.710592,5000,0.0,0.0,0.0,5000,0,0,False,False,3
gnn_ewc_replay,oracle,851,1393,4,2018-02-28T15:43:52.950707,5000,0.0002,0.0002,0.0,4999,1,0,False,False,3
gnn_ewc_replay,oracle,852,1394,4,2018-02-28T15:46:30.985337,5000,0.0,0.0,0.0,5000,0,0,False,False,3
gnn_ewc_replay,oracle,853,1395,4,2018-02-28T15:49:00.917873,5000,0.0,0.0,0.0,5000,0,0,False,False,3
gnn_ewc_replay,oracle,854,1397,4,2018-02-28T15:54:06.057063,5000,0.0014,0.0014,0.0014,5000,0,0,False,False,3
gnn_ewc_replay,oracle,855,1398,4,2018-02-28T15:57:04.923255,5000,0.054,0.054,0.054,5000,0,0,False,False,3
gnn_ewc_replay,oracle,856,1400,4,2018-02-28T16:02:09.587239,5000,0.0068,0.0068,0.0068,5000,0,0,False,False,3
gnn_ewc_replay,oracle,857,1401,4,2018-02-28T16:05:18.658555,5000,0.005,0.005,0.005,5000,0,0,False,False,3
gnn_ewc_replay,oracle,858,1403,4,2018-02-28T16:12:02.345269,5000,0.0,0.0,0.0,5000,0,0,False,False,3
gnn_ewc_replay,oracle,859,1404,4,2018-02-28T16:15:09.707057,5000,0.0,0.0,0.0,5000,0,0,False,False,3
gnn_ewc_replay,oracle,860,1405,4,2018-02-28T16:18:06.285557,5000,0.0,0.0,0.0,5000,0,0,False,False,3
gnn_ewc_replay,oracle,861,1407,4,2018-02-28T16:24:34.001770,5000,0.0002,0.0002,0.0,4999,1,0,False,False,3
gnn_ewc_replay,oracle,862,1408,4,2018-02-28T16:27:34.199407,5000,0.0002,0.0002,0.0,4999,1,0,False,False,3
gnn_ewc_replay,oracle,863,1410,4,2018-02-28T16:33:19.721137,5000,0.0,0.0,0.0,5000,0,0,False,False,3
gnn_ewc_replay,oracle,864,1411,4,2018-02-28T16:37:39.052452,5000,0.0,0.0,0.0,5000,0,0,False,False,3
gnn_ewc_replay,oracle,865,1413,4,2018-02-28T16:45:54.571979,5000,0.0,0.0,0.0,5000,0,0,False,False,3
gnn_ewc_replay,oracle,866,1414,4,2018-02-28T16:50:17.910129,5000,0.0,0.0,0.0,5000,0,0,False,False,3
gnn_ewc_replay,oracle,867,1415,4,2018-02-28T16:54:59.065774,5000,0.0002,0.0002,0.0,4999,1,0,False,False,3
gnn_ewc_replay,oracle,868,1417,4,2018-02-28T17:02:54.724196,5000,0.0,0.0,0.0,5000,0,0,False,False,3
gnn_ewc_replay,oracle,869,1418,4,2018-02-28T17:06:54.807149,5000,0.0002,0.0002,0.0,4999,1,0,False,False,3
gnn_ewc_replay,oracle,870,1420,4,2018-02-28T17:13:13.457161,5000,0.0,0.0,0.0,5000,0,0,False,False,3
gnn_ewc_replay,oracle,871,1421,4,2018-02-28T17:16:01.301485,5000,0.0,0.0,0.0,5000,0,0,False,False,3
gnn_ewc_replay,oracle,872,1423,4,2018-02-28T17:22:12.606669,5000,0.0,0.0,0.0,5000,0,0,False,False,3
gnn_ewc_replay,oracle,873,1424,4,2018-02-28T17:25:20.221268,5000,0.0,0.0,0.0,5000,0,0,False,False,3
gnn_ewc_replay,oracle,874,1425,4,2018-02-28T17:28:05.833656,5000,0.0,0.0,0.0,5000,0,0,False,False,3
gnn_ewc_replay,oracle,875,1427,4,2018-02-28T17:33:29.414937,5000,0.0,0.0,0.0,5000,0,0,False,False,3
gnn_ewc_replay,oracle,876,1428,4,2018-02-28T17:36:41.180412,5000,0.0,0.0,0.0,5000,0,0,False,False,3
gnn_ewc_replay,oracle,877,1430,4,2018-02-28T17:42:02.186626,5000,0.0006,0.0006,0.0006,5000,0,0,False,False,3
gnn_ewc_replay,oracle,878,1431,4,2018-02-28T17:44:47.160978,5000,0.0058,0.0058,0.0058,5000,0,0,False,False,3
gnn_ewc_replay,oracle,879,1433,4,2018-02-28T17:50:01.719578,5000,0.0026,0.0026,0.0024,4999,1,0,False,False,3
gnn_ewc_replay,oracle,880,1434,4,2018-02-28T17:52:28.092416,5000,0.0064,0.0064,0.0064,5000,0,0,False,False,3
gnn_ewc_replay,oracle,881,1435,4,2018-02-28T17:55:18.244775,5000,0.0628,0.0628,0.0624,4998,2,0,False,False,3
gnn_ewc_replay,oracle,882,1437,4,2018-02-28T18:00:28.804180,5000,0.0012,0.0012,0.0012,5000,0,0,False,False,3
gnn_ewc_replay,oracle,883,1438,4,2018-02-28T18:03:36.768014,5000,0.0684,0.0684,0.0684,5000,0,0,False,False,3
gnn_ewc_replay,oracle,884,1440,4,2018-02-28T18:09:36.154316,5000,0.106,0.106,0.106,5000,0,0,False,False,3
gnn_ewc_replay,oracle,885,1441,4,2018-02-28T18:11:54.190650,5000,0.0,0.0,0.0,5000,0,0,False,False,3
gnn_ewc_replay,oracle,886,1443,4,2018-02-28T18:17:11.691884,5000,0.0034,0.0034,0.0034,5000,0,0,False,False,3
gnn_ewc_replay,oracle,887,1444,4,2018-02-28T18:19:56.207519,5000,0.0052,0.0052,0.0052,5000,0,0,False,False,3
gnn_ewc_replay,oracle,888,1445,4,2018-02-28T18:22:43.683860,5000,0.0642,0.0642,0.0642,5000,0,0,False,False,3
gnn_ewc_replay,oracle,889,1447,4,2018-02-28T18:28:09.321869,5000,0.0044,0.0044,0.0044,5000,0,0,False,False,3
gnn_ewc_replay,oracle,890,1448,4,2018-02-28T18:30:34.210108,5000,0.0554,0.0554,0.0554,5000,0,0,False,False,3
gnn_ewc_replay,oracle,891,1450,4,2018-02-28T18:35:36.335443,5000,0.1282,0.1282,0.1282,5000,0,0,False,False,3
gnn_ewc_replay,oracle,892,1451,4,2018-02-28T18:38:00.499566,5000,0.0028,0.0028,0.0028,5000,0,0,False,False,3
gnn_ewc_replay,oracle,893,1453,4,2018-02-28T18:43:12.388992,5000,0.0,0.0,0.0,5000,0,0,False,False,3
gnn_ewc_replay,oracle,894,1454,4,2018-02-28T18:45:49.195459,5000,0.0,0.0,0.0,5000,0,0,False,False,3
gnn_ewc_replay,oracle,895,1455,4,2018-02-28T18:48:33.342436,5000,0.0,0.0,0.0,5000,0,0,False,False,3
gnn_ewc_replay,oracle,896,1457,4,2018-02-28T18:54:20.026510,5000,0.0006,0.0006,0.0,4997,3,0,False,False,3
gnn_ewc_replay,oracle,897,1458,4,2018-02-28T18:57:33.052350,5000,0.0,0.0,0.0,4999,0,1,False,False,3
gnn_ewc_replay,oracle,898,1460,4,2018-02-28T19:03:02.191273,5000,0.0,0.0,0.0,5000,0,0,False,False,3
gnn_ewc_replay,oracle,899,1461,4,2018-02-28T19:06:08.091231,5000,0.0,0.0,0.0,5000,0,0,False,False,3
gnn_ewc_replay,oracle,900,1463,4,2018-02-28T19:11:34.355578,5000,0.0,0.0,0.0,5000,0,0,False,False,3
gnn_ewc_replay,oracle,901,1464,4,2018-02-28T19:14:22.282480,5000,0.0,0.0,0.0,5000,0,0,False,False,3
gnn_ewc_replay,oracle,902,1465,4,2018-02-28T19:17:01.744068,5000,0.0,0.0,0.0,5000,0,0,False,False,3
gnn_ewc_replay,oracle,903,1467,4,2018-02-28T19:22:08.014324,5000,0.0,0.0,0.0,5000,0,0,False,False,3
gnn_ewc_replay,oracle,904,1468,4,2018-02-28T19:25:07.175020,5000,0.0002,0.0002,0.0,4999,1,0,False,False,3
gnn_ewc_replay,oracle,905,1470,4,2018-02-28T19:31:18.983100,5000,0.0,0.0,0.0,5000,0,0,False,False,3
gnn_ewc_replay,oracle,906,1471,4,2018-02-28T19:34:19.111752,5000,0.0,0.0,0.0,5000,0,0,False,False,3
gnn_ewc_replay,oracle,907,1473,4,2018-02-28T19:40:58.205859,5000,0.0,0.0,0.0,5000,0,0,False,False,3
gnn_ewc_replay,oracle,908,1474,4,2018-02-28T19:43:06.156822,5000,0.0,0.0,0.0,5000,0,0,False,False,3
gnn_ewc_replay,oracle,909,1475,4,2018-02-28T19:45:02.791453,5000,0.0,0.0,0.0,5000,0,0,False,False,3
gnn_ewc_replay,oracle,910,1477,4,2018-02-28T19:49:09.409491,5000,0.0,0.0,0.0,5000,0,0,False,False,3
gnn_ewc_replay,oracle,911,1478,4,2018-02-28T19:51:42.278805,5000,0.0,0.0,0.0,5000,0,0,False,False,3
gnn_ewc_replay,oracle,912,1480,4,2018-02-28T19:57:40.667750,5000,0.0002,0.0002,0.0,4999,1,0,False,False,3
gnn_ewc_replay,oracle,913,1481,4,2018-02-28T20:00:39.505392,5000,0.0,0.0,0.0,5000,0,0,False,False,3
gnn_ewc_replay,oracle,914,1483,4,2018-02-28T20:06:05.922387,5000,0.0,0.0,0.0,5000,0,0,False,False,3
gnn_ewc_replay,oracle,915,1484,4,2018-02-28T20:08:53.087328,5000,0.0,0.0,0.0,5000,0,0,False,False,3
gnn_ewc_replay,oracle,916,1485,4,2018-02-28T20:11:32.136790,5000,0.0,0.0,0.0,5000,0,0,False,False,3
gnn_ewc_replay,oracle,917,1487,4,2018-02-28T20:16:57.996608,5000,0.0,0.0,0.0,4999,0,1,False,False,3
gnn_ewc_replay,oracle,918,1488,4,2018-02-28T20:19:21.135614,5000,0.0,0.0,0.0,5000,0,0,False,False,3
gnn_ewc_replay,oracle,919,1490,4,2018-02-28T20:24:58.930403,5000,0.0,0.0,0.0,5000,0,0,False,False,3
gnn_ewc_replay,oracle,920,1491,4,2018-02-28T20:28:10.811457,5000,0.0,0.0,0.0,5000,0,0,False,False,3
gnn_ewc_replay,oracle,921,1493,4,2018-02-28T20:33:46.211347,5000,0.0,0.0,0.0,5000,0,0,False,False,3
gnn_ewc_replay,oracle,922,1494,4,2018-02-28T20:36:35.016953,5000,0.0,0.0,0.0,5000,0,0,False,False,3
gnn_ewc_replay,oracle,923,1495,4,2018-02-28T20:39:14.222126,5000,0.0,0.0,0.0,5000,0,0,False,False,3
gnn_ewc_replay,oracle,924,1497,4,2018-02-28T20:45:04.579952,5000,0.0,0.0,0.0,5000,0,0,False,False,3
gnn_ewc_replay,oracle,925,1498,4,2018-02-28T20:48:03.991325,5000,0.0,0.0,0.0,5000,0,0,False,False,3
gnn_ewc_replay,oracle,926,1500,4,2018-02-28T20:53:48.418987,5000,0.0,0.0,0.0,5000,0,0,False,False,3
gnn_ewc_replay,oracle,927,1501,4,2018-02-28T20:56:48.491000,5000,0.0,0.0,0.0,5000,0,0,False,False,3
gnn_ewc_replay,oracle,928,1503,4,2018-02-28T21:02:54.491415,5000,0.0,0.0,0.0,5000,0,0,False,False,3
gnn_ewc_replay,oracle,929,1504,4,2018-02-28T21:06:43.660797,5000,0.0,0.0,0.0,5000,0,0,False,False,3
gnn_ewc_replay,oracle,930,1505,4,2018-02-28T21:11:14.689634,5000,0.0,0.0,0.0,5000,0,0,False,False,3
gnn_ewc_replay,oracle,931,1507,4,2018-02-28T21:19:09.272488,5000,0.0,0.0,0.0,5000,0,0,False,False,3
gnn_ewc_replay,oracle,932,1508,4,2018-02-28T21:22:51.711468,5000,0.0,0.0,0.0,5000,0,0,False,False,3
gnn_ewc_replay,oracle,933,1510,4,2018-02-28T21:37:34.367328,5000,0.0,0.0,0.0,5000,0,0,False,False,3
gnn_ewc_replay,oracle,934,1511,4,2018-03-01T12:15:39.064732,5000,0.0,0.0,0.0,5000,0,0,False,False,3
gnn_ewc_replay,oracle,935,1513,4,2018-03-01T12:19:54.520816,5000,0.0,0.0,0.0,5000,0,0,False,False,3
gnn_ewc_replay,oracle,936,1514,4,2018-03-01T12:22:18.749644,5000,0.0,0.0,0.0,5000,0,0,False,False,3
gnn_ewc_replay,oracle,937,1515,4,2018-03-01T12:25:00.144703,5000,0.0,0.0,0.0,5000,0,0,False,False,3
gnn_ewc_replay,oracle,938,1517,4,2018-03-01T12:29:38.258143,5000,0.0,0.0,0.0,5000,0,0,False,False,3
gnn_ewc_replay,oracle,939,1518,4,2018-03-01T12:32:14.296813,5000,0.0,0.0,0.0,5000,0,0,False,False,3
gnn_ewc_replay,oracle,940,1520,4,2018-03-01T12:38:13.817216,5000,0.0,0.0,0.0,5000,0,0,False,False,3
gnn_ewc_replay,oracle,941,1521,4,2018-03-01T12:41:37.816560,5000,0.0,0.0,0.0,5000,0,0,False,False,3
gnn_ewc_replay,oracle,942,1523,4,2018-03-01T12:47:19.681475,5000,0.0,0.0,0.0,5000,0,0,False,False,3
gnn_ewc_replay,oracle,943,1524,4,2018-03-01T12:50:08.679195,5000,0.0,0.0,0.0,5000,0,0,False,False,3
gnn_ewc_replay,oracle,944,1525,4,2018-03-01T12:52:44.849046,5000,0.0,0.0,0.0,5000,0,0,False,False,3
gnn_ewc_replay,oracle,945,1527,4,2018-03-01T12:58:09.517876,5000,0.0008,0.0008,0.0,4996,4,0,False,False,3
gnn_ewc_replay,oracle,946,1528,4,2018-03-01T13:01:04.025574,5000,0.0,0.0,0.0,5000,0,0,False,False,3
gnn_ewc_replay,oracle,947,1530,4,2018-03-01T13:07:26.167718,5000,0.0,0.0,0.0,5000,0,0,False,False,3
gnn_ewc_replay,oracle,948,1531,4,2018-03-01T13:10:24.497541,5000,0.0,0.0,0.0,5000,0,0,False,False,3
gnn_ewc_replay,oracle,949,1533,4,2018-03-01T13:16:15.288675,5000,0.0,0.0,0.0,5000,0,0,False,False,3
gnn_ewc_replay,oracle,950,1534,4,2018-03-01T13:18:50.416620,5000,0.0,0.0,0.0,5000,0,0,False,False,3
gnn_ewc_replay,oracle,951,1535,4,2018-03-01T13:21:32.793833,5000,0.0,0.0,0.0,5000,0,0,False,False,3
gnn_ewc_replay,oracle,952,1537,4,2018-03-01T13:27:37.928243,5000,0.0,0.0,0.0,5000,0,0,False,False,3
gnn_ewc_replay,oracle,953,1538,4,2018-03-01T13:30:03.559592,5000,0.0,0.0,0.0,5000,0,0,False,False,3
gnn_ewc_replay,oracle,954,1540,4,2018-03-01T13:36:08.355775,5000,0.0,0.0,0.0,5000,0,0,False,False,3
gnn_ewc_replay,oracle,955,1541,4,2018-03-01T13:38:26.280661,5000,0.0,0.0,0.0,5000,0,0,False,False,3
gnn_ewc_replay,oracle,956,1543,4,2018-03-01T13:43:47.341437,5000,0.0,0.0,0.0,5000,0,0,False,False,3
gnn_ewc_replay,oracle,957,1544,4,2018-03-01T13:46:06.884226,5000,0.0,0.0,0.0,5000,0,0,False,False,3
gnn_ewc_replay,oracle,958,1545,4,2018-03-01T13:48:20.769235,5000,0.0,0.0,0.0,5000,0,0,False,False,3
gnn_ewc_replay,oracle,959,1547,4,2018-03-01T13:53:26.821215,5000,0.0,0.0,0.0,5000,0,0,False,False,3
gnn_ewc_replay,oracle,960,1548,4,2018-03-01T13:55:45.639117,5000,0.0002,0.0002,0.0002,5000,0,0,False,False,3
gnn_ewc_replay,oracle,961,1550,4,2018-03-01T14:00:59.495517,5000,0.0,0.0,0.0,5000,0,0,False,False,3
gnn_ewc_replay,oracle,962,1551,4,2018-03-01T14:03:36.758885,5000,0.0,0.0,0.0,5000,0,0,False,False,3
gnn_ewc_replay,oracle,963,1553,4,2018-03-01T14:09:13.280536,5000,0.0018,0.0018,0.0018,5000,0,0,False,False,3
gnn_ewc_replay,oracle,964,1554,4,2018-03-01T14:12:25.287294,5000,0.0692,0.0692,0.0692,5000,0,0,False,False,3
gnn_ewc_replay,oracle,965,1555,4,2018-03-01T14:14:34.150013,5000,0.0086,0.0086,0.0086,5000,0,0,False,False,3
gnn_ewc_replay,oracle,966,1557,4,2018-03-01T14:19:01.658610,5000,0.0064,0.0064,0.0064,5000,0,0,False,False,3
gnn_ewc_replay,oracle,967,1558,4,2018-03-01T14:21:34.089448,5000,0.0668,0.0668,0.0668,4999,0,1,False,False,3
gnn_ewc_replay,oracle,968,1560,4,2018-03-01T14:26:14.929685,5000,0.125,0.125,0.125,5000,0,0,False,False,3
gnn_ewc_replay,oracle,969,1561,4,2018-03-01T14:28:22.228934,5000,0.001,0.001,0.001,5000,0,0,False,False,3
gnn_ewc_replay,oracle,970,1563,4,2018-03-01T14:33:19.506772,5000,0.0002,0.0002,0.0002,5000,0,0,False,False,3
gnn_ewc_replay,oracle,971,1564,4,2018-03-01T14:35:54.318348,5000,0.0046,0.0046,0.0046,5000,0,0,False,False,3
gnn_ewc_replay,oracle,972,1565,4,2018-03-01T14:38:41.827852,5000,0.0646,0.0646,0.0646,5000,0,0,False,False,3
gnn_ewc_replay,oracle,973,1567,4,2018-03-01T14:44:07.900224,5000,0.0036,0.0036,0.0036,5000,0,0,False,False,3
gnn_ewc_replay,oracle,974,1568,4,2018-03-01T14:46:13.674041,5000,0.0656,0.0656,0.0656,5000,0,0,False,False,3
gnn_ewc_replay,oracle,975,1570,4,2018-03-01T14:50:48.492067,5000,0.1212,0.1212,0.1212,5000,0,0,False,False,3
gnn_ewc_replay,oracle,976,1571,4,2018-03-01T14:53:21.014744,5000,0.0048,0.0048,0.0048,5000,0,0,False,False,3
gnn_ewc_replay,oracle,977,1573,4,2018-03-01T14:58:30.050328,5000,0.0002,0.0002,0.0002,5000,0,0,False,False,3
gnn_ewc_replay,oracle,978,1574,4,2018-03-01T15:01:13.539752,5000,0.0,0.0,0.0,5000,0,0,False,False,3
gnn_ewc_replay,oracle,979,1575,4,2018-03-01T15:03:42.167073,5000,0.0,0.0,0.0,5000,0,0,False,False,3
gnn_ewc_replay,oracle,980,1577,4,2018-03-01T15:09:27.919316,5000,0.0,0.0,0.0,5000,0,0,False,False,3
gnn_ewc_replay,oracle,981,1578,4,2018-03-01T15:12:01.136952,5000,0.0,0.0,0.0,5000,0,0,False,False,3
gnn_ewc_replay,oracle,982,1580,4,2018-03-01T15:16:58.700686,5000,0.0,0.0,0.0,5000,0,0,False,False,3
gnn_ewc_replay,oracle,983,1581,4,2018-03-01T15:19:38.110667,5000,0.0,0.0,0.0,5000,0,0,False,False,3
gnn_ewc_replay,oracle,984,1583,4,2018-03-01T15:25:01.905960,5000,0.0,0.0,0.0,5000,0,0,False,False,3
gnn_ewc_replay,oracle,985,1584,4,2018-03-01T15:27:58.491446,5000,0.0002,0.0002,0.0002,5000,0,0,False,False,3
gnn_ewc_replay,oracle,986,1585,4,2018-03-01T15:30:27.858661,5000,0.0,0.0,0.0,5000,0,0,False,False,3
gnn_ewc_replay,oracle,987,1587,4,2018-03-01T15:36:10.787942,5000,0.0,0.0,0.0,5000,0,0,False,False,3
gnn_ewc_replay,oracle,988,1588,4,2018-03-01T15:39:17.159627,5000,0.0,0.0,0.0,5000,0,0,False,False,3
gnn_ewc_replay,oracle,989,1590,4,2018-03-01T15:44:44.780646,5000,0.0,0.0,0.0,5000,0,0,False,False,3
gnn_ewc_replay,oracle,990,1591,4,2018-03-01T15:47:04.636021,5000,0.0,0.0,0.0,5000,0,0,False,False,3
gnn_ewc_replay,oracle,991,1593,4,2018-03-01T15:52:15.300667,5000,0.0,0.0,0.0,5000,0,0,False,False,3
gnn_ewc_replay,oracle,992,1594,4,2018-03-01T15:55:04.185327,5000,0.0,0.0,0.0,5000,0,0,False,False,3
gnn_ewc_replay,oracle,993,1595,4,2018-03-01T15:58:08.209089,5000,0.0002,0.0002,0.0002,5000,0,0,False,False,3
gnn_ewc_replay,oracle,994,1597,4,2018-03-01T16:04:26.948584,5000,0.0,0.0,0.0,5000,0,0,False,False,3
gnn_ewc_replay,oracle,995,1598,4,2018-03-01T16:08:04.358728,5000,0.0002,0.0002,0.0002,5000,0,0,False,False,3
gnn_ewc_replay,oracle,996,1600,4,2018-03-01T16:15:41.894407,5000,0.0,0.0,0.0,5000,0,0,False,False,3
gnn_ewc_replay,oracle,997,1601,4,2018-03-01T16:19:13.044189,5000,0.0,0.0,0.0,5000,0,0,False,False,3
gnn_ewc_replay,oracle,998,1603,4,2018-03-01T16:26:28.629214,5000,0.0,0.0,0.0,5000,0,0,False,False,3
gnn_ewc_replay,oracle,999,1604,4,2018-03-01T16:29:20.283460,5000,0.0002,0.0002,0.0,4999,1,0,False,False,3
gnn_ewc_replay,oracle,1000,1605,4,2018-03-01T16:32:49.813418,5000,0.0002,0.0002,0.0002,5000,0,0,False,False,3
gnn_ewc_replay,oracle,1001,1607,4,2018-03-01T16:41:01.523699,5000,0.0,0.0,0.0,5000,0,0,False,False,3
gnn_ewc_replay,oracle,1002,1608,4,2018-03-01T16:44:57.367559,5000,0.0,0.0,0.0,5000,0,0,False,False,3
gnn_ewc_replay,oracle,1003,1610,4,2018-03-01T16:52:08.156667,5000,0.0,0.0,0.0,5000,0,0,False,False,3
gnn_ewc_replay,oracle,1004,1611,4,2018-03-01T16:55:18.186328,5000,0.0,0.0,0.0,5000,0,0,False,False,3
gnn_ewc_replay,oracle,1005,1613,4,2018-03-01T17:02:03.357739,5000,0.0,0.0,0.0,4999,0,1,False,False,3
gnn_ewc_replay,oracle,1006,1614,4,2018-03-01T17:05:47.392038,5000,0.0,0.0,0.0,5000,0,0,False,False,3
gnn_ewc_replay,oracle,1007,1615,4,2018-03-01T17:08:53.938579,5000,0.0,0.0,0.0,5000,0,0,False,False,3
gnn_ewc_replay,oracle,1008,1617,4,2018-03-01T17:15:22.519975,5000,0.0,0.0,0.0,5000,0,0,False,False,3
gnn_ewc_replay,oracle,1009,1618,4,2018-03-01T17:18:05.099486,5000,0.0,0.0,0.0,4999,0,1,False,False,3
gnn_ewc_replay,oracle,1010,1620,4,2018-03-01T17:24:10.081500,5000,0.0,0.0,0.0,5000,0,0,False,False,3
gnn_ewc_replay,oracle,1011,1621,4,2018-03-01T17:26:48.371694,5000,0.0,0.0,0.0,5000,0,0,False,False,3
gnn_ewc_replay,oracle,1012,1623,4,2018-03-01T17:33:13.999588,5000,0.0002,0.0002,0.0002,5000,0,0,False,False,3
gnn_ewc_replay,oracle,1013,1624,4,2018-03-01T17:36:12.343514,5000,0.0,0.0,0.0,5000,0,0,False,False,3
gnn_ewc_replay,oracle,1014,1625,4,2018-03-01T17:38:40.668586,5000,0.0,0.0,0.0,5000,0,0,False,False,3
gnn_ewc_replay,oracle,1015,1627,4,2018-03-01T17:43:18.146886,5000,0.0,0.0,0.0,5000,0,0,False,False,3
gnn_ewc_replay,oracle,1016,1628,4,2018-03-01T17:45:47.673065,5000,0.0,0.0,0.0,5000,0,0,False,False,3
gnn_ewc_replay,oracle,1017,1630,4,2018-03-01T17:50:44.426499,5000,0.0,0.0,0.0,5000,0,0,False,False,3
gnn_ewc_replay,oracle,1018,1631,4,2018-03-01T17:53:30.857262,5000,0.0,0.0,0.0,5000,0,0,False,False,3
gnn_ewc_replay,oracle,1019,1633,4,2018-03-01T17:58:37.707318,5000,0.0,0.0,0.0,5000,0,0,False,False,3
gnn_ewc_replay,oracle,1020,1634,4,2018-03-01T18:01:12.348098,5000,0.0,0.0,0.0,5000,0,0,False,False,3
gnn_ewc_replay,oracle,1021,1635,4,2018-03-01T18:03:41.751971,5000,0.0,0.0,0.0,5000,0,0,False,False,3
gnn_ewc_replay,oracle,1022,1637,4,2018-03-01T18:08:36.395425,5000,0.0,0.0,0.0,5000,0,0,False,False,3
gnn_ewc_replay,oracle,1023,1638,4,2018-03-01T18:11:00.830699,5000,0.0002,0.0002,0.0002,5000,0,0,False,False,3
gnn_ewc_replay,oracle,1024,1640,4,2018-03-01T18:16:21.522827,5000,0.0,0.0,0.0,5000,0,0,False,False,3
gnn_ewc_replay,oracle,1025,1641,4,2018-03-01T18:19:11.575269,5000,0.0,0.0,0.0,5000,0,0,False,False,3
gnn_ewc_replay,oracle,1026,1643,4,2018-03-01T18:24:44.573248,5000,0.0026,0.0026,0.0026,5000,0,0,False,False,3
gnn_ewc_replay,oracle,1027,1644,4,2018-03-01T18:27:41.561447,5000,0.0068,0.0068,0.0068,5000,0,0,False,False,3
gnn_ewc_replay,oracle,1028,1645,4,2018-03-01T18:30:13.910260,5000,0.0678,0.0678,0.0678,5000,0,0,False,False,3
gnn_ewc_replay,oracle,1029,1647,4,2018-03-01T18:34:58.069725,5000,0.0062,0.0062,0.0062,5000,0,0,False,False,3
gnn_ewc_replay,oracle,1030,1648,4,2018-03-01T18:37:50.883129,5000,0.1332,0.1332,0.1332,5000,0,0,False,False,3
gnn_ewc_replay,oracle,1031,1650,4,2018-03-01T18:42:28.959660,5000,0.0046,0.0046,0.0046,5000,0,0,False,False,3
gnn_ewc_replay,oracle,1032,1651,4,2018-03-01T18:45:30.722511,5000,0.0028,0.0028,0.0028,5000,0,0,False,False,3
gnn_ewc_replay,oracle,1033,1653,4,2018-03-01T18:51:32.112280,5000,0.0,0.0,0.0,5000,0,0,False,False,3
gnn_ewc_replay,oracle,1034,1654,4,2018-03-01T18:54:29.680067,5000,0.0002,0.0002,0.0002,5000,0,0,False,False,3
gnn_ewc_replay,oracle,1035,1655,4,2018-03-01T18:57:18.370140,5000,0.0002,0.0002,0.0002,5000,0,0,False,False,3
gnn_ewc_replay,oracle,1036,1657,4,2018-03-01T19:02:13.523563,5000,0.0,0.0,0.0,5000,0,0,False,False,3
gnn_ewc_replay,oracle,1037,1658,4,2018-03-01T19:04:39.830265,5000,0.0,0.0,0.0,5000,0,0,False,False,3
gnn_ewc_replay,oracle,1038,1660,4,2018-03-01T19:10:10.227017,5000,0.0,0.0,0.0,5000,0,0,False,False,3
gnn_ewc_replay,oracle,1039,1661,4,2018-03-01T19:12:43.294289,5000,0.0,0.0,0.0,5000,0,0,False,False,3
gnn_ewc_replay,oracle,1040,1663,4,2018-03-01T19:18:06.538080,5000,0.001,0.001,0.001,5000,0,0,False,False,3
gnn_ewc_replay,oracle,1041,1664,4,2018-03-01T19:21:06.010794,5000,0.0024,0.0024,0.0024,5000,0,0,False,False,3
gnn_ewc_replay,oracle,1042,1665,4,2018-03-01T19:24:18.791768,5000,0.005,0.005,0.005,5000,0,0,False,False,3
gnn_ewc_replay,oracle,1043,1667,4,2018-03-01T19:29:18.215892,5000,0.0064,0.0064,0.0062,4999,1,0,False,False,3
gnn_ewc_replay,oracle,1044,1668,4,2018-03-01T19:31:56.186918,5000,0.0058,0.0058,0.0058,5000,0,0,False,False,3
gnn_ewc_replay,oracle,1045,1670,4,2018-03-01T19:37:37.902546,5000,0.0004,0.0004,0.0004,5000,0,0,False,False,3
gnn_ewc_replay,oracle,1046,1671,4,2018-03-01T19:40:37.657394,5000,0.0,0.0,0.0,5000,0,0,False,False,3
gnn_ewc_replay,oracle,1047,1673,4,2018-03-01T19:46:05.303230,5000,0.0,0.0,0.0,5000,0,0,False,False,3
gnn_ewc_replay,oracle,1048,1674,4,2018-03-01T19:48:56.380285,5000,0.0,0.0,0.0,5000,0,0,False,False,3
gnn_ewc_replay,oracle,1049,1675,4,2018-03-01T19:52:00.307188,5000,0.0,0.0,0.0,5000,0,0,False,False,3
gnn_ewc_replay,oracle,1050,1677,4,2018-03-01T19:57:46.760246,5000,0.0,0.0,0.0,5000,0,0,False,False,3
gnn_ewc_replay,oracle,1051,1678,4,2018-03-01T20:00:19.885005,5000,0.0,0.0,0.0,5000,0,0,False,False,3
gnn_ewc_replay,oracle,1052,1680,4,2018-03-01T20:05:49.191560,5000,0.0,0.0,0.0,5000,0,0,False,False,3
gnn_ewc_replay,oracle,1053,1681,4,2018-03-01T20:08:34.609206,5000,0.0,0.0,0.0,5000,0,0,False,False,3
gnn_ewc_replay,oracle,1054,1683,4,2018-03-01T20:14:16.648573,5000,0.0,0.0,0.0,5000,0,0,False,False,3
gnn_ewc_replay,oracle,1055,1684,4,2018-03-01T20:17:09.814968,5000,0.0,0.0,0.0,5000,0,0,False,False,3
gnn_ewc_replay,oracle,1056,1685,4,2018-03-01T20:20:21.832141,5000,0.0,0.0,0.0,5000,0,0,False,False,3
gnn_ewc_replay,oracle,1057,1687,4,2018-03-01T20:26:20.749782,5000,0.0,0.0,0.0,5000,0,0,False,False,3
gnn_ewc_replay,oracle,1058,1688,4,2018-03-01T20:28:57.131580,5000,0.0,0.0,0.0,5000,0,0,False,False,3
gnn_ewc_replay,oracle,1059,1690,4,2018-03-01T20:34:16.402648,5000,0.0,0.0,0.0,5000,0,0,False,False,3
gnn_ewc_replay,oracle,1060,1691,4,2018-03-01T20:37:03.368126,5000,0.0,0.0,0.0,5000,0,0,False,False,3
gnn_ewc_replay,oracle,1061,1693,4,2018-03-01T20:42:40.210239,5000,0.0,0.0,0.0,5000,0,0,False,False,3
gnn_ewc_replay,oracle,1062,1694,4,2018-03-01T20:45:22.988289,5000,0.0,0.0,0.0,5000,0,0,False,False,3
gnn_ewc_replay,oracle,1063,1695,4,2018-03-01T20:48:36.311880,5000,0.0,0.0,0.0,5000,0,0,False,False,3
gnn_ewc_replay,oracle,1064,1697,4,2018-03-01T20:54:25.443243,5000,0.0,0.0,0.0,5000,0,0,False,False,3
gnn_ewc_replay,oracle,1065,1698,4,2018-03-01T20:57:12.957229,5000,0.0,0.0,0.0,5000,0,0,False,False,3
gnn_ewc_replay,oracle,1066,1700,4,2018-03-01T21:02:39.490159,5000,0.0,0.0,0.0,5000,0,0,False,False,3
gnn_ewc_replay,oracle,1067,1701,4,2018-03-01T21:06:12.223803,5000,0.0,0.0,0.0,5000,0,0,False,False,3
gnn_ewc_replay,oracle,1068,1703,4,2018-03-01T21:14:39.841850,5000,0.0,0.0,0.0,5000,0,0,False,False,3
gnn_ewc_replay,oracle,1069,1704,4,2018-03-01T21:18:58.955179,5000,0.0,0.0,0.0,5000,0,0,False,False,3
gnn_ewc_replay,oracle,1070,1705,4,2018-03-01T21:23:28.699123,5000,0.0,0.0,0.0,5000,0,0,False,False,3
gnn_ewc_replay,oracle,1071,1707,4,2018-03-01T21:41:32.691354,3203,0.0,0.0,0.0,3203,0,0,False,False,3
gnn_ewc_replay,oracle,1072,1708,5,2018-03-02T12:46:22.317145,5000,0.0,0.0,0.0,5000,0,0,False,False,4
gnn_ewc_replay,oracle,1073,1709,5,2018-03-02T12:47:36.499503,5000,0.001,0.001,0.0,4995,4,1,False,False,4
gnn_ewc_replay,oracle,1074,1711,5,2018-03-02T12:52:36.584883,5000,0.0006,0.0006,0.0,4997,3,0,False,False,4
gnn_ewc_replay,oracle,1075,1712,5,2018-03-02T12:55:19.390202,5000,0.0,0.0,0.0,5000,0,0,False,False,4
gnn_ewc_replay,oracle,1076,1714,5,2018-03-02T13:00:29.758855,5000,0.0,0.0,0.0,5000,0,0,False,False,4
gnn_ewc_replay,oracle,1077,1715,5,2018-03-02T13:03:08.609046,5000,0.0,0.0,0.0,5000,0,0,False,False,4
gnn_ewc_replay,oracle,1078,1717,5,2018-03-02T13:09:17.357015,5000,0.0,0.0,0.0,5000,0,0,False,False,4
gnn_ewc_replay,oracle,1079,1718,5,2018-03-02T13:12:21.583784,5000,0.0002,0.0002,0.0,4999,0,1,False,False,4
gnn_ewc_replay,oracle,1080,1719,5,2018-03-02T13:14:45.899218,5000,0.0,0.0,0.0,5000,0,0,False,False,4
gnn_ewc_replay,oracle,1081,1721,5,2018-03-02T13:20:11.711197,5000,0.0,0.0,0.0,5000,0,0,False,False,4
gnn_ewc_replay,oracle,1082,1722,5,2018-03-02T13:22:58.824595,5000,0.0,0.0,0.0,5000,0,0,False,False,4
gnn_ewc_replay,oracle,1083,1724,5,2018-03-02T13:28:43.393310,5000,0.0,0.0,0.0,5000,0,0,False,False,4
gnn_ewc_replay,oracle,1084,1725,5,2018-03-02T13:32:03.276485,5000,0.0,0.0,0.0,5000,0,0,False,False,4
gnn_ewc_replay,oracle,1085,1727,5,2018-03-02T13:37:51.404348,5000,0.0,0.0,0.0,5000,0,0,False,False,4
gnn_ewc_replay,oracle,1086,1728,5,2018-03-02T13:40:46.678532,5000,0.0002,0.0002,0.0,4999,1,0,False,False,4
gnn_ewc_replay,oracle,1087,1729,5,2018-03-02T13:42:57.056700,5000,0.0,0.0,0.0,5000,0,0,False,False,4
gnn_ewc_replay,oracle,1088,1731,5,2018-03-02T13:47:54.132284,5000,0.0,0.0,0.0,5000,0,0,False,False,4
gnn_ewc_replay,oracle,1089,1732,5,2018-03-02T13:49:49.112030,5000,0.0,0.0,0.0,5000,0,0,False,False,4
gnn_ewc_replay,oracle,1090,1734,5,2018-03-02T13:54:42.985786,5000,0.0,0.0,0.0,5000,0,0,False,False,4
gnn_ewc_replay,oracle,1091,1735,5,2018-03-02T13:57:13.861823,5000,0.0002,0.0002,0.0,4999,1,0,False,False,4
gnn_ewc_replay,oracle,1092,1737,5,2018-03-02T14:02:21.812038,5000,0.0002,0.0002,0.0,4999,1,0,False,False,4
gnn_ewc_replay,oracle,1093,1738,5,2018-03-02T14:05:10.386948,5000,0.0,0.0,0.0,5000,0,0,False,False,4
gnn_ewc_replay,oracle,1094,1739,5,2018-03-02T14:08:05.591211,5000,0.0,0.0,0.0,5000,0,0,False,False,4
gnn_ewc_replay,oracle,1095,1741,5,2018-03-02T14:14:21.355369,5000,0.002,0.002,0.002,5000,0,0,False,False,4
gnn_ewc_replay,oracle,1096,1742,5,2018-03-02T14:17:07.610670,5000,0.0042,0.0042,0.0042,5000,0,0,False,False,4
gnn_ewc_replay,oracle,1097,1744,5,2018-03-02T14:22:09.547822,5000,0.008,0.008,0.008,5000,0,0,False,False,4
gnn_ewc_replay,oracle,1098,1745,5,2018-03-02T14:25:20.862348,5000,0.008,0.008,0.008,5000,0,0,False,False,4
gnn_ewc_replay,oracle,1099,1747,5,2018-03-02T14:31:14.452065,5000,0.014,0.014,0.0138,4999,1,0,False,False,4
gnn_ewc_replay,oracle,1100,1748,5,2018-03-02T14:34:36.973531,5000,0.0108,0.0108,0.0108,5000,0,0,False,False,4
gnn_ewc_replay,oracle,1101,1749,5,2018-03-02T14:36:55.869038,5000,0.0194,0.0194,0.0194,5000,0,0,False,False,4
gnn_ewc_replay,oracle,1102,1751,5,2018-03-02T14:42:32.113551,5000,0.0396,0.0396,0.0396,5000,0,0,False,False,4
gnn_ewc_replay,oracle,1103,1752,5,2018-03-02T14:45:24.533147,5000,0.082,0.082,0.082,5000,0,0,False,False,4
gnn_ewc_replay,oracle,1104,1754,5,2018-03-02T14:49:44.295175,5000,0.0458,0.0458,0.0458,5000,0,0,False,False,4
gnn_ewc_replay,oracle,1105,1755,5,2018-03-02T14:52:11.810166,5000,0.0256,0.0256,0.0256,5000,0,0,False,False,4
gnn_ewc_replay,oracle,1106,1757,5,2018-03-02T14:57:34.141644,5000,0.0266,0.0266,0.0266,5000,0,0,False,False,4
gnn_ewc_replay,oracle,1107,1758,5,2018-03-02T15:00:29.541355,5000,0.0204,0.0204,0.0204,5000,0,0,False,False,4
gnn_ewc_replay,oracle,1108,1759,5,2018-03-02T15:02:29.652686,5000,0.0292,0.0292,0.0292,4999,0,1,False,False,4
gnn_ewc_replay,oracle,1109,1761,5,2018-03-02T15:07:40.295450,5000,0.092,0.092,0.092,5000,0,0,False,False,4
gnn_ewc_replay,oracle,1110,1762,5,2018-03-02T15:10:28.984092,5000,0.0814,0.0814,0.0812,4999,1,0,False,False,4
gnn_ewc_replay,oracle,1111,1764,5,2018-03-02T15:15:15.325340,5000,0.0702,0.0702,0.0702,5000,0,0,False,False,4
gnn_ewc_replay,oracle,1112,1765,5,2018-03-02T15:17:01.586472,5000,0.0868,0.0868,0.0868,5000,0,0,False,False,4
gnn_ewc_replay,oracle,1113,1767,5,2018-03-02T15:21:11.681216,5000,0.088,0.088,0.088,5000,0,0,False,False,4
gnn_ewc_replay,oracle,1114,1768,5,2018-03-02T15:23:39.212158,5000,0.1032,0.1032,0.1032,5000,0,0,False,False,4
gnn_ewc_replay,oracle,1115,1769,5,2018-03-02T15:26:34.607640,5000,0.0852,0.0852,0.0852,5000,0,0,False,False,4
gnn_ewc_replay,oracle,1116,1771,5,2018-03-02T15:30:48.940802,5000,0.1008,0.1008,0.1008,5000,0,0,False,False,4
gnn_ewc_replay,oracle,1117,1772,5,2018-03-02T15:33:23.996093,5000,0.0882,0.0882,0.0882,5000,0,0,False,False,4
gnn_ewc_replay,oracle,1118,1774,5,2018-03-02T15:38:56.809322,5000,0.0254,0.0254,0.0254,5000,0,0,False,False,4
gnn_ewc_replay,oracle,1119,1775,5,2018-03-02T15:42:07.705764,5000,0.0184,0.0184,0.0184,5000,0,0,False,False,4
gnn_ewc_replay,oracle,1120,1777,5,2018-03-02T15:46:59.866441,5000,0.0194,0.0194,0.0194,5000,0,0,False,False,4
gnn_ewc_replay,oracle,1121,1778,5,2018-03-02T15:49:30.907015,5000,0.0204,0.0204,0.0204,5000,0,0,False,False,4
gnn_ewc_replay,oracle,1122,1779,5,2018-03-02T15:52:03.941287,5000,0.0246,0.0246,0.0246,5000,0,0,False,False,4
gnn_ewc_replay,oracle,1123,1781,5,2018-03-02T15:57:32.214931,5000,0.0276,0.0276,0.0276,5000,0,0,False,False,4
gnn_ewc_replay,oracle,1124,1782,5,2018-03-02T16:00:14.834751,5000,0.022,0.022,0.022,5000,0,0,False,False,4
gnn_ewc_replay,oracle,1125,1784,5,2018-03-02T16:06:16.251849,5000,0.0288,0.0288,0.0288,5000,0,0,False,False,4
gnn_ewc_replay,oracle,1126,1785,5,2018-03-02T16:09:49.796878,5000,0.028,0.028,0.028,5000,0,0,False,False,4
gnn_ewc_replay,oracle,1127,1787,5,2018-03-02T16:16:44.110568,5000,0.0288,0.0288,0.0286,4999,1,0,False,False,4
gnn_ewc_replay,oracle,1128,1788,5,2018-03-02T16:19:53.700602,5000,0.0236,0.0236,0.0236,5000,0,0,False,False,4
gnn_ewc_replay,oracle,1129,1789,5,2018-03-02T16:23:09.110800,5000,0.0254,0.0254,0.0254,5000,0,0,False,False,4
gnn_ewc_replay,oracle,1130,1791,5,2018-03-02T16:29:31.469714,5000,0.0218,0.0218,0.0218,5000,0,0,False,False,4
gnn_ewc_replay,oracle,1131,1792,5,2018-03-02T16:32:19.139474,5000,0.0318,0.0318,0.0318,5000,0,0,False,False,4
gnn_ewc_replay,oracle,1132,1794,5,2018-03-02T16:40:21.310190,5000,0.0298,0.0298,0.0298,5000,0,0,False,False,4
gnn_ewc_replay,oracle,1133,1795,5,2018-03-02T16:44:05.186222,5000,0.0254,0.0254,0.0254,5000,0,0,False,False,4
gnn_ewc_replay,oracle,1134,1797,5,2018-03-02T16:50:40.378543,5000,0.0264,0.0264,0.0264,5000,0,0,False,False,4
gnn_ewc_replay,oracle,1135,1798,5,2018-03-02T16:53:54.049860,5000,0.0286,0.0286,0.0286,5000,0,0,False,False,4
gnn_ewc_replay,oracle,1136,1799,5,2018-03-02T16:57:07.799647,5000,0.0184,0.0184,0.0184,5000,0,0,False,False,4
gnn_ewc_replay,oracle,1137,1801,5,2018-03-02T17:03:38.871557,5000,0.0298,0.0298,0.0298,5000,0,0,False,False,4
gnn_ewc_replay,oracle,1138,1802,5,2018-03-02T17:07:28.584421,5000,0.0298,0.0298,0.0298,5000,0,0,False,False,4
gnn_ewc_replay,oracle,1139,1804,5,2018-03-02T17:13:37.942539,5000,0.0266,0.0266,0.0266,5000,0,0,False,False,4
gnn_ewc_replay,oracle,1140,1805,5,2018-03-02T17:16:50.423856,5000,0.0254,0.0254,0.0254,5000,0,0,False,False,4
gnn_ewc_replay,oracle,1141,1807,5,2018-03-02T17:22:59.650664,5000,0.0238,0.0238,0.0236,4999,1,0,False,False,4
gnn_ewc_replay,oracle,1142,1808,5,2018-03-02T17:25:51.492516,5000,0.0192,0.0192,0.0192,5000,0,0,False,False,4
gnn_ewc_replay,oracle,1143,1809,5,2018-03-02T17:28:17.031496,5000,0.0194,0.0194,0.0194,5000,0,0,False,False,4
gnn_ewc_replay,oracle,1144,1811,5,2018-03-02T17:33:11.803515,5000,0.0218,0.0218,0.0218,5000,0,0,False,False,4
gnn_ewc_replay,oracle,1145,1812,5,2018-03-02T17:35:57.026588,5000,0.0192,0.0192,0.0192,5000,0,0,False,False,4
gnn_ewc_replay,oracle,1146,1814,5,2018-03-02T17:40:39.863670,5000,0.0224,0.0224,0.0224,5000,0,0,False,False,4
gnn_ewc_replay,oracle,1147,1815,5,2018-03-02T17:43:08.146983,5000,0.0224,0.0224,0.0224,5000,0,0,False,False,4
gnn_ewc_replay,oracle,1148,1817,5,2018-03-02T17:48:15.082408,5000,0.0204,0.0204,0.0204,5000,0,0,False,False,4
gnn_ewc_replay,oracle,1149,1818,5,2018-03-02T17:51:00.668453,5000,0.02,0.02,0.02,5000,0,0,False,False,4
gnn_ewc_replay,oracle,1150,1819,5,2018-03-02T17:53:37.847796,5000,0.024,0.024,0.024,5000,0,0,False,False,4
gnn_ewc_replay,oracle,1151,1821,5,2018-03-02T17:58:42.614550,5000,0.0192,0.0192,0.0192,5000,0,0,False,False,4
gnn_ewc_replay,oracle,1152,1822,5,2018-03-02T18:01:24.120953,5000,0.0206,0.0206,0.0206,5000,0,0,False,False,4
gnn_ewc_replay,oracle,1153,1824,5,2018-03-02T18:06:36.146020,5000,0.019,0.019,0.019,5000,0,0,False,False,4
gnn_ewc_replay,oracle,1154,1825,5,2018-03-02T18:09:21.870157,5000,0.0212,0.0212,0.0212,5000,0,0,False,False,4
gnn_ewc_replay,oracle,1155,1827,5,2018-03-02T18:14:54.563419,5000,0.023,0.023,0.023,5000,0,0,False,False,4
gnn_ewc_replay,oracle,1156,1828,5,2018-03-02T18:17:30.731893,5000,0.0226,0.0226,0.0226,5000,0,0,False,False,4
gnn_ewc_replay,oracle,1157,1829,5,2018-03-02T18:20:20.948015,5000,0.0218,0.0218,0.0218,5000,0,0,False,False,4
gnn_ewc_replay,oracle,1158,1831,5,2018-03-02T18:25:39.847590,5000,0.093,0.093,0.093,5000,0,0,False,False,4
gnn_ewc_replay,oracle,1159,1832,5,2018-03-02T18:28:25.923594,5000,0.047,0.047,0.0466,4998,1,1,False,False,4
gnn_ewc_replay,oracle,1160,1834,5,2018-03-02T18:33:56.359075,5000,0.0234,0.0234,0.0234,5000,0,0,False,False,4
gnn_ewc_replay,oracle,1161,1835,5,2018-03-02T18:36:47.869863,5000,0.0228,0.0228,0.0228,5000,0,0,False,False,4
gnn_ewc_replay,oracle,1162,1837,5,2018-03-02T18:42:09.067760,5000,0.0222,0.0222,0.0222,5000,0,0,False,False,4
gnn_ewc_replay,oracle,1163,1838,5,2018-03-02T18:44:58.586059,5000,0.0188,0.0188,0.0188,5000,0,0,False,False,4
gnn_ewc_replay,oracle,1164,1839,5,2018-03-02T18:47:37.637183,5000,0.0212,0.0212,0.0212,5000,0,0,False,False,4
gnn_ewc_replay,oracle,1165,1841,5,2018-03-02T18:53:28.188217,5000,0.0214,0.0214,0.0214,4999,0,1,False,False,4
gnn_ewc_replay,oracle,1166,1842,5,2018-03-02T18:56:08.467204,5000,0.0228,0.0228,0.0228,5000,0,0,False,False,4
gnn_ewc_replay,oracle,1167,1844,5,2018-03-02T19:01:12.658687,5000,0.022,0.022,0.022,5000,0,0,False,False,4
gnn_ewc_replay,oracle,1168,1845,5,2018-03-02T19:03:54.338772,5000,0.0194,0.0194,0.0194,4999,0,1,False,False,4
gnn_ewc_replay,oracle,1169,1847,5,2018-03-02T19:08:43.733795,5000,0.02,0.02,0.02,5000,0,0,False,False,4
gnn_ewc_replay,oracle,1170,1848,5,2018-03-02T19:11:15.209784,5000,0.027,0.027,0.0268,4999,1,0,False,False,4
gnn_ewc_replay,oracle,1171,1849,5,2018-03-02T19:14:10.256046,5000,0.0246,0.0246,0.0246,5000,0,0,False,False,4
gnn_ewc_replay,oracle,1172,1851,5,2018-03-02T19:19:59.269413,5000,0.0206,0.0206,0.0206,5000,0,0,False,False,4
gnn_ewc_replay,oracle,1173,1852,5,2018-03-02T19:22:46.725634,5000,0.023,0.023,0.023,5000,0,0,False,False,4
gnn_ewc_replay,oracle,1174,1854,5,2018-03-02T19:28:10.988598,5000,0.0204,0.0204,0.0204,5000,0,0,False,False,4
gnn_ewc_replay,oracle,1175,1855,5,2018-03-02T19:30:34.990015,5000,0.0714,0.0714,0.0714,5000,0,0,False,False,4
gnn_ewc_replay,oracle,1176,1857,5,2018-03-02T19:35:42.017177,5000,0.0784,0.0784,0.0784,5000,0,0,False,False,4
gnn_ewc_replay,oracle,1177,1858,5,2018-03-02T19:38:00.653563,5000,0.0934,0.0934,0.0932,4999,1,0,False,False,4
gnn_ewc_replay,oracle,1178,1859,5,2018-03-02T19:40:40.501583,5000,0.0798,0.0798,0.0798,5000,0,0,False,False,4
gnn_ewc_replay,oracle,1179,1861,5,2018-03-02T19:45:33.082444,5000,0.0892,0.0892,0.0892,5000,0,0,False,False,4
gnn_ewc_replay,oracle,1180,1862,5,2018-03-02T19:48:05.722391,5000,0.0818,0.0818,0.0818,5000,0,0,False,False,4
gnn_ewc_replay,oracle,1181,1864,5,2018-03-02T19:53:10.527917,5000,0.0202,0.0202,0.0202,5000,0,0,False,False,4
gnn_ewc_replay,oracle,1182,1865,5,2018-03-02T19:56:18.214532,5000,0.0,0.0,0.0,5000,0,0,False,False,4
gnn_ewc_replay,oracle,1183,1867,5,2018-03-02T20:01:18.615392,5000,0.0,0.0,0.0,5000,0,0,False,False,4
gnn_ewc_replay,oracle,1184,1868,5,2018-03-02T20:03:59.772911,5000,0.0,0.0,0.0,5000,0,0,False,False,4
gnn_ewc_replay,oracle,1185,1869,5,2018-03-02T20:06:50.223596,5000,0.0,0.0,0.0,5000,0,0,False,False,4
gnn_ewc_replay,oracle,1186,1871,5,2018-03-02T20:12:25.966255,5000,0.0002,0.0002,0.0,4999,1,0,False,False,4
gnn_ewc_replay,oracle,1187,1872,5,2018-03-02T20:15:24.906516,5000,0.0,0.0,0.0,5000,0,0,False,False,4
gnn_ewc_replay,oracle,1188,1874,5,2018-03-02T20:21:27.773148,5000,0.0,0.0,0.0,5000,0,0,False,False,4
gnn_ewc_replay,oracle,1189,1875,5,2018-03-02T20:24:15.526012,5000,0.0,0.0,0.0,5000,0,0,False,False,4
gnn_ewc_replay,oracle,1190,1877,5,2018-03-02T20:29:41.060156,5000,0.0,0.0,0.0,5000,0,0,False,False,4
gnn_ewc_replay,oracle,1191,1878,5,2018-03-02T20:32:22.331316,5000,0.0,0.0,0.0,5000,0,0,False,False,4
gnn_ewc_replay,oracle,1192,1879,5,2018-03-02T20:35:00.008266,5000,0.0,0.0,0.0,5000,0,0,False,False,4
gnn_ewc_replay,oracle,1193,1881,5,2018-03-02T20:40:45.387347,5000,0.0002,0.0002,0.0,4999,1,0,False,False,4
gnn_ewc_replay,oracle,1194,1882,5,2018-03-02T20:43:26.383496,5000,0.0002,0.0002,0.0,4998,0,2,False,False,4
gnn_ewc_replay,oracle,1195,1884,5,2018-03-02T20:48:56.407275,5000,0.0,0.0,0.0,5000,0,0,False,False,4
gnn_ewc_replay,oracle,1196,1885,5,2018-03-02T20:51:59.325817,5000,0.0002,0.0002,0.0,4997,0,3,False,False,4
gnn_ewc_replay,oracle,1197,1887,5,2018-03-02T20:57:45.855305,5000,0.0,0.0,0.0,5000,0,0,False,False,4
gnn_ewc_replay,oracle,1198,1888,5,2018-03-02T21:00:04.972693,5000,0.0,0.0,0.0,5000,0,0,False,False,4
gnn_ewc_replay,oracle,1199,1889,5,2018-03-02T21:02:58.566624,5000,0.0,0.0,0.0,5000,0,0,False,False,4
gnn_ewc_replay,oracle,1200,1891,5,2018-03-02T21:10:15.106866,5000,0.0,0.0,0.0,5000,0,0,False,False,4
gnn_ewc_replay,oracle,1201,1892,5,2018-03-02T21:14:09.697355,5000,0.0002,0.0002,0.0,4998,1,1,False,False,4
gnn_ewc_replay,oracle,1202,1894,5,2018-03-02T21:21:43.482734,5000,0.0,0.0,0.0,5000,0,0,False,False,4
gnn_ewc_replay,oracle,1203,1895,5,2018-03-02T21:26:22.615075,5000,0.0,0.0,0.0,5000,0,0,False,False,4
gnn_ewc_replay,oracle,1204,1897,5,2018-03-02T22:35:29.692173,1137,0.0,0.0,0.0,1137,0,0,False,False,4
gnn_ewc_replay,never,0,178,1,2018-02-15T12:23:17.590730,5000,0.0,0.0,0.0,5000,0,0,False,False,0
gnn_ewc_replay,never,1,179,1,2018-02-15T12:24:56.885568,5000,0.0,0.0,0.0,5000,0,0,False,False,0
gnn_ewc_replay,never,2,181,1,2018-02-15T12:31:09.676533,5000,0.0,0.0,0.0,5000,0,0,False,False,0
gnn_ewc_replay,never,3,182,1,2018-02-15T12:34:33.489996,5000,0.0,0.0,0.0,5000,0,0,False,False,0
gnn_ewc_replay,never,4,184,1,2018-02-15T12:41:12.914317,5000,0.0,0.0,0.0,5000,0,0,False,False,0
gnn_ewc_replay,never,5,185,1,2018-02-15T12:44:35.045407,5000,0.0,0.0,0.0,5000,0,0,False,False,0
gnn_ewc_replay,never,6,187,1,2018-02-15T12:52:00.343808,5000,0.0,0.0,0.0,5000,0,0,False,False,0
gnn_ewc_replay,never,7,188,1,2018-02-15T12:55:13.883946,5000,0.0,0.0,0.0,5000,0,0,False,False,0
gnn_ewc_replay,never,8,189,1,2018-02-15T12:58:25.758528,5000,0.0,0.0,0.0,5000,0,0,False,False,0
gnn_ewc_replay,never,9,191,1,2018-02-15T13:05:02.708568,5000,0.0,0.0,0.0,5000,0,0,False,False,0
gnn_ewc_replay,never,10,192,1,2018-02-15T13:08:44.408048,5000,0.0,0.0,0.0,5000,0,0,False,False,0
gnn_ewc_replay,never,11,194,1,2018-02-15T13:15:12.381714,5000,0.0,0.0,0.0,5000,0,0,False,False,0
gnn_ewc_replay,never,12,195,1,2018-02-15T13:18:14.277391,5000,0.0,0.0,0.0,5000,0,0,False,False,0
gnn_ewc_replay,never,13,197,1,2018-02-15T13:25:01.053176,5000,0.0096,0.0096,0.0096,5000,0,0,False,False,0
gnn_ewc_replay,never,14,198,1,2018-02-15T13:27:52.163823,5000,0.1474,0.1474,0.1474,5000,0,0,False,False,0
gnn_ewc_replay,never,15,199,1,2018-02-15T13:30:38.405035,5000,0.0262,0.0262,0.0262,5000,0,0,False,False,0
gnn_ewc_replay,never,16,201,1,2018-02-15T13:37:20.802767,5000,0.1094,0.1094,0.1094,5000,0,0,False,False,0
gnn_ewc_replay,never,17,202,1,2018-02-15T13:40:23.217663,5000,0.0094,0.0094,0.0094,5000,0,0,False,False,0
gnn_ewc_replay,never,18,204,1,2018-02-15T13:45:40.116507,5000,0.0,0.0,0.0,5000,0,0,False,False,0
gnn_ewc_replay,never,19,205,1,2018-02-15T13:49:01.619726,5000,0.1114,0.1114,0.1114,5000,0,0,False,False,0
gnn_ewc_replay,never,20,207,1,2018-02-15T13:53:53.370023,5000,0.1004,0.1004,0.1004,5000,0,0,False,False,0
gnn_ewc_replay,never,21,208,1,2018-02-15T13:56:02.625786,5000,0.0526,0.0526,0.0526,5000,0,0,False,False,0
gnn_ewc_replay,never,22,209,1,2018-02-15T13:58:40.849892,5000,0.0,0.0,0.0,5000,0,0,False,False,0
gnn_ewc_replay,never,23,211,1,2018-02-15T14:05:35.268811,5000,0.0,0.0,0.0,5000,0,0,False,False,0
gnn_ewc_replay,never,24,212,1,2018-02-15T14:09:20.378442,5000,0.0,0.0,0.0,5000,0,0,False,False,0
gnn_ewc_replay,never,25,214,1,2018-02-15T14:16:28.503726,5000,0.0,0.0,0.0,5000,0,0,False,False,0
gnn_ewc_replay,never,26,215,1,2018-02-15T14:20:31.927942,5000,0.0,0.0,0.0,5000,0,0,False,False,0
gnn_ewc_replay,never,27,217,1,2018-02-15T14:26:25.244375,5000,0.0,0.0,0.0,5000,0,0,False,False,0
gnn_ewc_replay,never,28,218,1,2018-02-15T14:29:35.824417,5000,0.0,0.0,0.0,5000,0,0,False,False,0
gnn_ewc_replay,never,29,219,1,2018-02-15T14:33:15.078803,5000,0.0,0.0,0.0,5000,0,0,False,False,0
gnn_ewc_replay,never,30,221,1,2018-02-15T14:40:05.904712,5000,0.0,0.0,0.0,5000,0,0,False,False,0
gnn_ewc_replay,never,31,222,1,2018-02-15T14:43:20.578050,5000,0.0,0.0,0.0,5000,0,0,False,False,0
gnn_ewc_replay,never,32,224,1,2018-02-15T14:49:58.408106,5000,0.0,0.0,0.0,5000,0,0,False,False,0
gnn_ewc_replay,never,33,225,1,2018-02-15T14:52:57.148539,5000,0.0,0.0,0.0,5000,0,0,False,False,0
gnn_ewc_replay,never,34,227,1,2018-02-15T14:58:49.520953,5000,0.0104,0.0104,0.0104,5000,0,0,False,False,0
gnn_ewc_replay,never,35,228,1,2018-02-15T15:01:35.503923,5000,0.0182,0.0182,0.0182,5000,0,0,False,False,0
gnn_ewc_replay,never,36,229,1,2018-02-15T15:04:53.594861,5000,0.0178,0.0178,0.0178,5000,0,0,False,False,0
gnn_ewc_replay,never,37,231,1,2018-02-15T15:10:43.113137,5000,0.014,0.014,0.014,5000,0,0,False,False,0
gnn_ewc_replay,never,38,232,1,2018-02-15T15:13:41.096189,5000,0.0166,0.0166,0.0166,5000,0,0,False,False,0
gnn_ewc_replay,never,39,234,1,2018-02-15T15:19:35.615625,5000,0.0162,0.0162,0.0162,5000,0,0,False,False,0
gnn_ewc_replay,never,40,235,1,2018-02-15T15:22:01.717726,5000,0.0162,0.0162,0.0162,5000,0,0,False,False,0
gnn_ewc_replay,never,41,237,1,2018-02-15T15:28:03.562400,5000,0.0146,0.0146,0.0146,5000,0,0,False,False,0
gnn_ewc_replay,never,42,238,1,2018-02-15T15:30:42.194109,5000,0.0218,0.0218,0.0218,5000,0,0,False,False,0
gnn_ewc_replay,never,43,239,1,2018-02-15T15:33:50.453519,5000,0.0194,0.0194,0.0194,5000,0,0,False,False,0
gnn_ewc_replay,never,44,241,1,2018-02-15T15:40:14.154779,5000,0.0072,0.0072,0.0072,5000,0,0,False,False,0
gnn_ewc_replay,never,45,242,1,2018-02-15T15:43:38.324572,5000,0.0,0.0,0.0,5000,0,0,False,False,0
gnn_ewc_replay,never,46,244,1,2018-02-15T15:49:34.849905,5000,0.0,0.0,0.0,5000,0,0,False,False,0
gnn_ewc_replay,never,47,245,1,2018-02-15T15:52:15.457567,5000,0.0,0.0,0.0,5000,0,0,False,False,0
gnn_ewc_replay,never,48,247,1,2018-02-15T15:58:36.122597,5000,0.0,0.0,0.0,5000,0,0,False,False,0
gnn_ewc_replay,never,49,248,1,2018-02-15T16:01:12.335738,5000,0.0,0.0,0.0,5000,0,0,False,False,0
gnn_ewc_replay,never,50,249,1,2018-02-15T16:05:09.163526,5000,0.0,0.0,0.0,5000,0,0,False,False,0
gnn_ewc_replay,never,51,251,1,2018-02-15T16:14:18.531154,5000,0.0,0.0,0.0,5000,0,0,False,False,0
gnn_ewc_replay,never,52,252,1,2018-02-15T16:18:17.690425,5000,0.0,0.0,0.0,5000,0,0,False,False,0
gnn_ewc_replay,never,53,254,1,2018-02-15T16:26:52.753234,5000,0.0,0.0,0.0,5000,0,0,False,False,0
gnn_ewc_replay,never,54,255,1,2018-02-15T16:29:35.703305,5000,0.0,0.0,0.0,5000,0,0,False,False,0
gnn_ewc_replay,never,55,257,1,2018-02-15T16:38:10.097487,5000,0.0,0.0,0.0,5000,0,0,False,False,0
gnn_ewc_replay,never,56,258,1,2018-02-15T16:45:00.570621,5000,0.0,0.0,0.0,5000,0,0,False,False,0
gnn_ewc_replay,never,57,259,1,2018-02-15T16:50:59.684793,5000,0.0,0.0,0.0,5000,0,0,False,False,0
gnn_ewc_replay,never,58,261,1,2018-02-15T17:00:24.898645,5000,0.0,0.0,0.0,5000,0,0,False,False,0
gnn_ewc_replay,never,59,262,1,2018-02-15T17:04:35.659972,5000,0.0,0.0,0.0,5000,0,0,False,False,0
gnn_ewc_replay,never,60,264,1,2018-02-15T17:12:38.569411,5000,0.0,0.0,0.0,5000,0,0,False,False,0
gnn_ewc_replay,never,61,265,1,2018-02-15T17:15:56.887529,5000,0.0,0.0,0.0,5000,0,0,False,False,0
gnn_ewc_replay,never,62,267,1,2018-02-15T17:23:13.044359,5000,0.0,0.0,0.0,5000,0,0,False,False,0
gnn_ewc_replay,never,63,268,1,2018-02-15T17:26:34.119062,5000,0.0,0.0,0.0,5000,0,0,False,False,0
gnn_ewc_replay,never,64,269,1,2018-02-15T17:30:03.499806,5000,0.0,0.0,0.0,5000,0,0,False,False,0
gnn_ewc_replay,never,65,271,1,2018-02-15T17:37:01.144978,5000,0.0,0.0,0.0,5000,0,0,False,False,0
gnn_ewc_replay,never,66,272,1,2018-02-15T17:40:27.152310,5000,0.0,0.0,0.0,5000,0,0,False,False,0
gnn_ewc_replay,never,67,274,1,2018-02-15T17:46:41.549807,5000,0.0,0.0,0.0,5000,0,0,False,False,0
gnn_ewc_replay,never,68,275,1,2018-02-15T17:49:38.735750,5000,0.0,0.0,0.0,5000,0,0,False,False,0
gnn_ewc_replay,never,69,277,1,2018-02-15T17:56:00.511056,5000,0.0,0.0,0.0,5000,0,0,False,False,0
gnn_ewc_replay,never,70,278,1,2018-02-15T17:59:19.885035,5000,0.0,0.0,0.0,5000,0,0,False,False,0
gnn_ewc_replay,never,71,279,1,2018-02-15T18:02:44.318022,5000,0.0,0.0,0.0,5000,0,0,False,False,0
gnn_ewc_replay,never,72,281,1,2018-02-15T18:09:41.150950,5000,0.0,0.0,0.0,5000,0,0,False,False,0
gnn_ewc_replay,never,73,282,1,2018-02-15T18:12:28.015107,5000,0.0,0.0,0.0,5000,0,0,False,False,0
gnn_ewc_replay,never,74,284,1,2018-02-15T18:18:23.038912,5000,0.0,0.0,0.0,5000,0,0,False,False,0
gnn_ewc_replay,never,75,285,1,2018-02-15T18:21:18.883558,5000,0.0,0.0,0.0,5000,0,0,False,False,0
gnn_ewc_replay,never,76,287,1,2018-02-15T18:27:53.451634,5000,0.0,0.0,0.0,5000,0,0,False,False,0
gnn_ewc_replay,never,77,288,1,2018-02-15T18:31:00.368229,5000,0.0,0.0,0.0,5000,0,0,False,False,0
gnn_ewc_replay,never,78,289,1,2018-02-15T18:34:18.238525,5000,0.0,0.0,0.0,5000,0,0,False,False,0
gnn_ewc_replay,never,79,291,1,2018-02-15T18:41:41.029198,5000,0.0,0.0,0.0,5000,0,0,False,False,0
gnn_ewc_replay,never,80,292,1,2018-02-15T18:45:05.792018,5000,0.0,0.0,0.0,5000,0,0,False,False,0
gnn_ewc_replay,never,81,294,1,2018-02-15T18:51:57.688983,5000,0.0,0.0,0.0,4999,0,1,False,False,0
gnn_ewc_replay,never,82,295,1,2018-02-15T18:55:22.974194,5000,0.0,0.0,0.0,5000,0,0,False,False,0
gnn_ewc_replay,never,83,297,1,2018-02-15T19:03:00.715509,5000,0.0,0.0,0.0,5000,0,0,False,False,0
gnn_ewc_replay,never,84,298,1,2018-02-15T19:06:06.319184,5000,0.0,0.0,0.0,4999,0,1,False,False,0
gnn_ewc_replay,never,85,299,1,2018-02-15T19:09:23.553347,5000,0.0,0.0,0.0,5000,0,0,False,False,0
gnn_ewc_replay,never,86,301,1,2018-02-15T19:15:30.768551,5000,0.0,0.0,0.0,5000,0,0,False,False,0
gnn_ewc_replay,never,87,302,1,2018-02-15T19:18:40.296916,5000,0.0,0.0,0.0,5000,0,0,False,False,0
gnn_ewc_replay,never,88,304,1,2018-02-15T19:24:39.980435,5000,0.0,0.0,0.0,5000,0,0,False,False,0
gnn_ewc_replay,never,89,305,1,2018-02-15T19:27:33.013649,5000,0.0,0.0,0.0,5000,0,0,False,False,0
gnn_ewc_replay,never,90,307,1,2018-02-15T19:34:45.131211,5000,0.0,0.0,0.0,5000,0,0,False,False,0
gnn_ewc_replay,never,91,308,1,2018-02-15T19:38:05.427945,5000,0.0,0.0,0.0,5000,0,0,False,False,0
gnn_ewc_replay,never,92,309,1,2018-02-15T19:41:20.652273,5000,0.0,0.0,0.0,5000,0,0,False,False,0
gnn_ewc_replay,never,93,311,1,2018-02-15T19:48:51.307142,5000,0.0,0.0,0.0,5000,0,0,False,False,0
gnn_ewc_replay,never,94,312,1,2018-02-15T19:52:15.873932,5000,0.0,0.0,0.0,5000,0,0,False,False,0
gnn_ewc_replay,never,95,314,1,2018-02-15T19:59:56.591045,5000,0.0,0.0,0.0,5000,0,0,False,False,0
gnn_ewc_replay,never,96,315,1,2018-02-15T20:04:26.712143,5000,0.0,0.0,0.0,5000,0,0,False,False,0
gnn_ewc_replay,never,97,317,1,2018-02-15T20:10:46.343941,5000,0.0,0.0,0.0,5000,0,0,False,False,0
gnn_ewc_replay,never,98,318,1,2018-02-15T20:13:56.161473,5000,0.0,0.0,0.0,5000,0,0,False,False,0
gnn_ewc_replay,never,99,319,1,2018-02-15T20:17:08.570979,5000,0.0,0.0,0.0,5000,0,0,False,False,0
gnn_ewc_replay,never,100,321,1,2018-02-15T20:23:09.220547,5000,0.0,0.0,0.0,5000,0,0,False,False,0
gnn_ewc_replay,never,101,322,1,2018-02-15T20:26:14.816363,5000,0.0,0.0,0.0,5000,0,0,False,False,0
gnn_ewc_replay,never,102,324,1,2018-02-15T20:33:20.316643,5000,0.0,0.0,0.0,5000,0,0,False,False,0
gnn_ewc_replay,never,103,325,1,2018-02-15T20:36:12.774234,5000,0.0,0.0,0.0,5000,0,0,False,False,0
gnn_ewc_replay,never,104,327,1,2018-02-15T20:42:25.006964,5000,0.0,0.0,0.0,5000,0,0,False,False,0
gnn_ewc_replay,never,105,328,1,2018-02-15T20:45:20.967221,5000,0.0,0.0,0.0,5000,0,0,False,False,0
gnn_ewc_replay,never,106,329,1,2018-02-15T20:48:38.201559,5000,0.0,0.0,0.0,5000,0,0,False,False,0
gnn_ewc_replay,never,107,331,1,2018-02-15T20:54:54.842909,5000,0.0,0.0,0.0,5000,0,0,False,False,0
gnn_ewc_replay,never,108,332,1,2018-02-15T20:58:04.422672,5000,0.0,0.0,0.0,5000,0,0,False,False,0
gnn_ewc_replay,never,109,334,1,2018-02-15T21:04:11.286615,5000,0.0,0.0,0.0,5000,0,0,False,False,0
gnn_ewc_replay,never,110,335,1,2018-02-15T21:09:03.223157,5000,0.0,0.0,0.0,5000,0,0,False,False,0
gnn_ewc_replay,never,111,337,1,2018-02-15T21:18:26.686505,5000,0.0,0.0,0.0,5000,0,0,False,False,0
gnn_ewc_replay,never,112,338,1,2018-02-15T21:23:32.652271,5000,0.0,0.0,0.0,5000,0,0,False,False,0
gnn_ewc_replay,never,113,339,1,2018-02-15T21:28:41.499548,5000,0.0,0.0,0.0,5000,0,0,False,False,0
gnn_ewc_replay,never,114,341,1,2018-02-16T12:38:36.697545,5000,0.0,0.0,0.0,5000,0,0,False,False,0
gnn_ewc_replay,never,115,342,1,2018-02-16T12:41:51.550511,5000,0.0,0.0,0.0,5000,0,0,False,False,0
gnn_ewc_replay,never,116,344,1,2018-02-16T12:47:57.300715,5000,0.0,0.0,0.0,5000,0,0,False,False,0
gnn_ewc_replay,never,117,345,1,2018-02-16T12:51:35.623713,5000,0.0,0.0,0.0,5000,0,0,False,False,0
gnn_ewc_replay,never,118,347,1,2018-02-16T12:57:56.099291,5000,0.0,0.0,0.0,5000,0,0,False,False,0
gnn_ewc_replay,never,119,348,1,2018-02-16T13:01:12.217064,5000,0.0,0.0,0.0,5000,0,0,False,False,0
gnn_ewc_replay,never,120,349,1,2018-02-16T13:04:42.604615,5000,0.0,0.0,0.0,5000,0,0,False,False,0
gnn_ewc_replay,never,121,351,1,2018-02-16T13:10:28.859447,5000,0.0,0.0,0.0,5000,0,0,False,False,0
gnn_ewc_replay,never,122,352,1,2018-02-16T13:13:30.516025,5000,0.0,0.0,0.0,5000,0,0,False,False,0
gnn_ewc_replay,never,123,354,1,2018-02-16T13:19:14.030376,5000,0.0,0.0,0.0,5000,0,0,False,False,0
gnn_ewc_replay,never,124,355,1,2018-02-16T13:22:36.824134,5000,0.0,0.0,0.0,5000,0,0,False,False,0
gnn_ewc_replay,never,125,357,1,2018-02-16T13:28:33.409959,5000,0.0,0.0,0.0,5000,0,0,False,False,0
gnn_ewc_replay,never,126,358,1,2018-02-16T13:32:09.884042,5000,0.0,0.0,0.0,5000,0,0,False,False,0
gnn_ewc_replay,never,127,359,1,2018-02-16T13:35:31.614925,5000,0.0,0.0,0.0,5000,0,0,False,False,0
gnn_ewc_replay,never,128,361,1,2018-02-16T13:41:03.024633,5000,0.0,0.0,0.0,5000,0,0,False,False,0
gnn_ewc_replay,never,129,362,1,2018-02-16T13:44:12.288412,5000,0.0,0.0,0.0,5000,0,0,False,False,0
gnn_ewc_replay,never,130,364,1,2018-02-16T13:49:59.276859,5000,0.0,0.0,0.0,5000,0,0,False,False,0
gnn_ewc_replay,never,131,365,1,2018-02-16T13:53:10.063118,5000,0.0,0.0,0.0,5000,0,0,False,False,0
gnn_ewc_replay,never,132,367,1,2018-02-16T13:58:52.864868,5000,0.0,0.0,0.0,5000,0,0,False,False,0
gnn_ewc_replay,never,133,368,1,2018-02-16T14:01:22.834646,5000,0.0,0.0,0.0,5000,0,0,False,False,0
gnn_ewc_replay,never,134,369,1,2018-02-16T14:04:55.896892,5000,0.0,0.0,0.0,5000,0,0,False,False,0
gnn_ewc_replay,never,135,371,1,2018-02-16T14:11:34.794780,5000,0.0,0.0,0.0,5000,0,0,False,False,0
gnn_ewc_replay,never,136,372,1,2018-02-16T14:13:58.339355,5000,0.0,0.0,0.0,5000,0,0,False,False,0
gnn_ewc_replay,never,137,374,1,2018-02-16T14:19:49.131130,5000,0.0,0.0,0.0,5000,0,0,False,False,0
gnn_ewc_replay,never,138,375,1,2018-02-16T14:22:46.732927,5000,0.0,0.0,0.0,5000,0,0,False,False,0
gnn_ewc_replay,never,139,377,1,2018-02-16T14:28:19.297368,5000,0.0,0.0,0.0,5000,0,0,False,False,0
gnn_ewc_replay,never,140,378,1,2018-02-16T14:31:06.039383,5000,0.0,0.0,0.0,5000,0,0,False,False,0
gnn_ewc_replay,never,141,379,1,2018-02-16T14:34:38.524501,5000,0.0,0.0,0.0,5000,0,0,False,False,0
gnn_ewc_replay,never,142,381,1,2018-02-16T14:39:55.123773,5000,0.0,0.0,0.0,5000,0,0,False,False,0
gnn_ewc_replay,never,143,382,1,2018-02-16T14:42:08.518730,5000,0.0,0.0,0.0,5000,0,0,False,False,0
gnn_ewc_replay,never,144,384,1,2018-02-16T14:47:13.260846,5000,0.0,0.0,0.0,5000,0,0,False,False,0
gnn_ewc_replay,never,145,385,1,2018-02-16T14:49:51.713324,5000,0.0,0.0,0.0,5000,0,0,False,False,0
gnn_ewc_replay,never,146,387,1,2018-02-16T14:54:44.986030,5000,0.0,0.0,0.0,5000,0,0,False,False,0
gnn_ewc_replay,never,147,388,1,2018-02-16T14:57:19.214139,5000,0.0,0.0,0.0,5000,0,0,False,False,0
gnn_ewc_replay,never,148,389,1,2018-02-16T14:59:52.120516,5000,0.0,0.0,0.0,5000,0,0,False,False,0
gnn_ewc_replay,never,149,391,1,2018-02-16T15:05:05.451682,5000,0.0,0.0,0.0,5000,0,0,False,False,0
gnn_ewc_replay,never,150,392,1,2018-02-16T15:07:41.062311,5000,0.0,0.0,0.0,5000,0,0,False,False,0
gnn_ewc_replay,never,151,394,1,2018-02-16T15:13:20.136611,5000,0.0,0.0,0.0,5000,0,0,False,False,0
gnn_ewc_replay,never,152,395,1,2018-02-16T15:16:25.174632,5000,0.0,0.0,0.0,5000,0,0,False,False,0
gnn_ewc_replay,never,153,397,1,2018-02-16T15:22:40.807706,5000,0.0,0.0,0.0,5000,0,0,False,False,0
gnn_ewc_replay,never,154,398,1,2018-02-16T15:25:34.341078,5000,0.0,0.0,0.0,5000,0,0,False,False,0
gnn_ewc_replay,never,155,399,1,2018-02-16T15:28:34.709642,5000,0.0,0.0,0.0,5000,0,0,False,False,0
gnn_ewc_replay,never,156,401,1,2018-02-16T15:34:20.055451,5000,0.0,0.0,0.0,5000,0,0,False,False,0
gnn_ewc_replay,never,157,402,1,2018-02-16T15:37:17.313787,5000,0.0,0.0,0.0,5000,0,0,False,False,0
gnn_ewc_replay,never,158,404,1,2018-02-16T15:42:25.817105,5000,0.0,0.0,0.0,5000,0,0,False,False,0
gnn_ewc_replay,never,159,405,1,2018-02-16T15:45:10.829527,5000,0.0,0.0,0.0,5000,0,0,False,False,0
gnn_ewc_replay,never,160,407,1,2018-02-16T15:50:50.849008,5000,0.0,0.0,0.0,5000,0,0,False,False,0
gnn_ewc_replay,never,161,408,1,2018-02-16T15:53:34.212298,5000,0.0,0.0,0.0,5000,0,0,False,False,0
gnn_ewc_replay,never,162,409,1,2018-02-16T15:56:46.485727,5000,0.0,0.0,0.0,5000,0,0,False,False,0
gnn_ewc_replay,never,163,411,1,2018-02-16T16:02:20.991045,5000,0.0,0.0,0.0,5000,0,0,False,False,0
gnn_ewc_replay,never,164,412,1,2018-02-16T16:06:06.473413,5000,0.0,0.0,0.0,5000,0,0,False,False,0
gnn_ewc_replay,never,165,414,1,2018-02-16T16:13:23.724000,5000,0.0,0.0,0.0,5000,0,0,False,False,0
gnn_ewc_replay,never,166,415,1,2018-02-16T16:16:47.091957,5000,0.0,0.0,0.0,5000,0,0,False,False,0
gnn_ewc_replay,never,167,417,1,2018-02-16T16:26:51.582279,5000,0.0,0.0,0.0,5000,0,0,False,False,0
gnn_ewc_replay,never,168,418,1,2018-02-16T16:30:10.070271,5000,0.0,0.0,0.0,5000,0,0,False,False,0
gnn_ewc_replay,never,169,419,1,2018-02-16T16:34:29.542855,5000,0.0,0.0,0.0,5000,0,0,False,False,0
gnn_ewc_replay,never,170,421,1,2018-02-16T16:43:40.803856,5000,0.0,0.0,0.0,5000,0,0,False,False,0
gnn_ewc_replay,never,171,422,1,2018-02-16T16:47:31.948072,5000,0.0,0.0,0.0,5000,0,0,False,False,0
gnn_ewc_replay,never,172,424,1,2018-02-16T16:57:56.802843,5000,0.0,0.0,0.0,5000,0,0,False,False,0
gnn_ewc_replay,never,173,425,1,2018-02-16T17:01:39.858302,5000,0.0,0.0,0.0,5000,0,0,False,False,0
gnn_ewc_replay,never,174,427,1,2018-02-16T17:10:12.016624,5000,0.0,0.0,0.0,5000,0,0,False,False,0
gnn_ewc_replay,never,175,428,1,2018-02-16T17:14:13.990815,5000,0.0,0.0,0.0,5000,0,0,False,False,0
gnn_ewc_replay,never,176,429,1,2018-02-16T17:17:52.673746,5000,0.0,0.0,0.0,5000,0,0,False,False,0
gnn_ewc_replay,never,177,431,1,2018-02-16T17:25:47.902786,5000,0.0,0.0,0.0,5000,0,0,False,False,0
gnn_ewc_replay,never,178,432,1,2018-02-16T17:28:53.822111,5000,0.0,0.0,0.0,5000,0,0,False,False,0
gnn_ewc_replay,never,179,434,1,2018-02-16T17:34:33.651732,5000,0.0,0.0,0.0,5000,0,0,False,False,0
gnn_ewc_replay,never,180,435,1,2018-02-16T17:37:22.552335,5000,0.0,0.0,0.0,5000,0,0,False,False,0
gnn_ewc_replay,never,181,437,1,2018-02-16T17:43:24.921728,5000,0.223,0.223,0.223,3885,1115,0,False,False,0
gnn_ewc_replay,never,182,438,1,2018-02-16T17:45:30.415800,5000,0.93,0.93,0.93,350,4650,0,False,False,0
gnn_ewc_replay,never,183,439,1,2018-02-16T17:45:42.688795,5000,0.9046,0.9046,0.9046,477,4523,0,False,False,0
gnn_ewc_replay,never,184,441,1,2018-02-16T17:46:08.490404,5000,0.9132,0.9132,0.9132,434,4566,0,False,False,0
gnn_ewc_replay,never,185,442,1,2018-02-16T17:46:21.160402,5000,0.8986,0.8986,0.8986,507,4493,0,False,False,0
gnn_ewc_replay,never,186,444,1,2018-02-16T17:46:46.819964,5000,0.9194,0.9194,0.9194,403,4596,1,False,False,0
gnn_ewc_replay,never,187,445,1,2018-02-16T17:46:59.413971,5000,0.9344,0.9344,0.9344,328,4672,0,False,False,0
gnn_ewc_replay,never,188,447,1,2018-02-16T17:47:25.577219,5000,0.9352,0.9352,0.9352,324,4676,0,False,False,0
gnn_ewc_replay,never,189,448,1,2018-02-16T17:47:38.591471,5000,0.9284,0.9284,0.9284,358,4642,0,False,False,0
gnn_ewc_replay,never,190,449,1,2018-02-16T17:47:51.713306,5000,0.9154,0.9154,0.9154,423,4577,0,False,False,0
gnn_ewc_replay,never,191,451,1,2018-02-16T17:48:17.727660,5000,0.9168,0.9168,0.9168,416,4584,0,False,False,0
gnn_ewc_replay,never,192,452,1,2018-02-16T17:48:30.941266,5000,0.9142,0.9142,0.9142,429,4571,0,False,False,0
gnn_ewc_replay,never,193,454,1,2018-02-16T17:48:57.199640,5000,0.9114,0.9114,0.9114,443,4557,0,False,False,0
gnn_ewc_replay,never,194,455,1,2018-02-16T17:49:10.241582,5000,0.9088,0.9088,0.9088,456,4544,0,False,False,0
gnn_ewc_replay,never,195,457,1,2018-02-16T17:49:35.975831,5000,0.941,0.941,0.941,295,4705,0,False,False,0
gnn_ewc_replay,never,196,458,1,2018-02-16T17:49:49.603664,5000,0.9322,0.9322,0.9322,339,4661,0,False,False,0
gnn_ewc_replay,never,197,459,1,2018-02-16T17:50:03.106615,5000,0.9414,0.9414,0.9414,293,4707,0,False,False,0
gnn_ewc_replay,never,198,461,1,2018-02-16T17:50:30.325848,5000,0.9298,0.9298,0.9298,351,4649,0,False,False,0
gnn_ewc_replay,never,199,462,1,2018-02-16T17:50:43.769057,5000,0.9334,0.9334,0.9334,333,4667,0,False,False,0
gnn_ewc_replay,never,200,464,1,2018-02-16T17:51:10.396018,5000,0.9432,0.9432,0.9432,284,4716,0,False,False,0
gnn_ewc_replay,never,201,465,1,2018-02-16T17:51:23.665419,5000,0.9286,0.9286,0.9286,357,4643,0,False,False,0
gnn_ewc_replay,never,202,467,1,2018-02-16T17:51:50.674959,5000,0.918,0.918,0.918,410,4590,0,False,False,0
gnn_ewc_replay,never,203,468,1,2018-02-16T17:52:04.316419,5000,0.92,0.92,0.92,400,4600,0,False,False,0
gnn_ewc_replay,never,204,469,1,2018-02-16T17:52:17.971178,5000,0.9246,0.9246,0.9246,377,4623,0,False,False,0
gnn_ewc_replay,never,205,471,1,2018-02-16T17:52:44.236127,5000,0.94,0.94,0.94,300,4700,0,False,False,0
gnn_ewc_replay,never,206,472,1,2018-02-16T17:52:57.744874,5000,0.9182,0.9182,0.9182,409,4591,0,False,False,0
gnn_ewc_replay,never,207,474,1,2018-02-16T17:53:24.241714,5000,0.916,0.916,0.916,420,4580,0,False,False,0
gnn_ewc_replay,never,208,475,1,2018-02-16T17:53:37.171883,5000,0.9308,0.9308,0.9308,346,4654,0,False,False,0
gnn_ewc_replay,never,209,477,1,2018-02-16T17:54:04.384679,5000,0.9344,0.9344,0.9344,328,4672,0,False,False,0
gnn_ewc_replay,never,210,478,1,2018-02-16T17:54:18.192149,5000,0.9096,0.9096,0.9096,452,4548,0,False,False,0
gnn_ewc_replay,never,211,479,1,2018-02-16T17:54:31.119667,5000,0.8792,0.8792,0.8792,604,4396,0,False,False,0
gnn_ewc_replay,never,212,481,1,2018-02-16T17:54:57.072100,5000,0.903,0.903,0.903,485,4515,0,False,False,0
gnn_ewc_replay,never,213,482,1,2018-02-16T17:55:10.397365,5000,0.93,0.93,0.93,350,4650,0,False,False,0
gnn_ewc_replay,never,214,484,1,2018-02-16T17:55:37.529441,5000,0.8992,0.8992,0.8992,504,4496,0,False,False,0
gnn_ewc_replay,never,215,485,1,2018-02-16T17:55:51.043506,5000,0.9076,0.9076,0.9076,461,4538,1,False,False,0
gnn_ewc_replay,never,216,487,1,2018-02-16T17:56:16.991902,5000,0.9344,0.9344,0.9344,328,4672,0,False,False,0
gnn_ewc_replay,never,217,488,1,2018-02-16T17:56:30.972214,5000,0.9212,0.9212,0.9212,394,4606,0,False,False,0
gnn_ewc_replay,never,218,489,1,2018-02-16T17:56:44.280487,5000,0.9314,0.9314,0.9314,343,4657,0,False,False,0
gnn_ewc_replay,never,219,491,1,2018-02-16T17:57:11.589137,5000,0.912,0.912,0.912,440,4560,0,False,False,0
gnn_ewc_replay,never,220,492,1,2018-02-16T17:57:24.319514,5000,0.9246,0.9246,0.9246,377,4623,0,False,False,0
gnn_ewc_replay,never,221,494,1,2018-02-16T17:57:50.537519,5000,0.8846,0.8846,0.8846,577,4423,0,False,False,0
gnn_ewc_replay,never,222,495,1,2018-02-16T17:58:03.346381,5000,0.8844,0.8844,0.8844,578,4420,2,False,False,0
gnn_ewc_replay,never,223,497,1,2018-02-16T17:59:38.552168,5000,0.0,0.0,0.0,5000,0,0,False,False,0
gnn_ewc_replay,never,224,498,1,2018-02-16T18:02:18.209600,5000,0.0,0.0,0.0,5000,0,0,False,False,0
gnn_ewc_replay,never,225,499,1,2018-02-16T18:05:19.157335,5000,0.0,0.0,0.0,5000,0,0,False,False,0
gnn_ewc_replay,never,226,501,1,2018-02-16T18:12:41.835531,5000,0.0,0.0,0.0,5000,0,0,False,False,0
gnn_ewc_replay,never,227,502,1,2018-02-16T18:16:07.112369,5000,0.0,0.0,0.0,5000,0,0,False,False,0
gnn_ewc_replay,never,228,504,1,2018-02-16T18:22:58.916240,5000,0.0,0.0,0.0,5000,0,0,False,False,0
gnn_ewc_replay,never,229,505,1,2018-02-16T18:26:04.206752,5000,0.0,0.0,0.0,5000,0,0,False,False,0
gnn_ewc_replay,never,230,507,1,2018-02-16T18:32:24.031146,5000,0.0,0.0,0.0,5000,0,0,False,False,0
gnn_ewc_replay,never,231,508,1,2018-02-16T18:36:21.786609,5000,0.0,0.0,0.0,5000,0,0,False,False,0
gnn_ewc_replay,never,232,509,1,2018-02-16T18:39:42.359805,5000,0.0,0.0,0.0,5000,0,0,False,False,0
gnn_ewc_replay,never,233,511,1,2018-02-16T18:46:21.632940,5000,0.0,0.0,0.0,5000,0,0,False,False,0
gnn_ewc_replay,never,234,512,1,2018-02-16T18:49:24.325334,5000,0.0,0.0,0.0,5000,0,0,False,False,0
gnn_ewc_replay,never,235,514,1,2018-02-16T18:55:13.155996,5000,0.0,0.0,0.0,5000,0,0,False,False,0
gnn_ewc_replay,never,236,515,1,2018-02-16T18:57:56.455951,5000,0.0,0.0,0.0,5000,0,0,False,False,0
gnn_ewc_replay,never,237,517,1,2018-02-16T19:03:41.274511,5000,0.0,0.0,0.0,5000,0,0,False,False,0
gnn_ewc_replay,never,238,518,1,2018-02-16T19:06:58.752310,5000,0.0,0.0,0.0,5000,0,0,False,False,0
gnn_ewc_replay,never,239,519,1,2018-02-16T19:10:11.009406,5000,0.0,0.0,0.0,5000,0,0,False,False,0
gnn_ewc_replay,never,240,521,1,2018-02-16T19:16:53.948947,5000,0.0,0.0,0.0,5000,0,0,False,False,0
gnn_ewc_replay,never,241,522,1,2018-02-16T19:19:51.082900,5000,0.0,0.0,0.0,5000,0,0,False,False,0
gnn_ewc_replay,never,242,524,1,2018-02-16T19:25:24.963667,5000,0.0,0.0,0.0,5000,0,0,False,False,0
gnn_ewc_replay,never,243,525,1,2018-02-16T19:28:11.868535,5000,0.0,0.0,0.0,5000,0,0,False,False,0
gnn_ewc_replay,never,244,527,1,2018-02-16T19:33:36.958594,5000,0.0,0.0,0.0,5000,0,0,False,False,0
gnn_ewc_replay,never,245,528,1,2018-02-16T19:36:50.623788,5000,0.0,0.0,0.0,5000,0,0,False,False,0
gnn_ewc_replay,never,246,529,1,2018-02-16T19:40:00.527776,5000,0.0,0.0,0.0,5000,0,0,False,False,0
gnn_ewc_replay,never,247,531,1,2018-02-16T19:46:49.619851,5000,0.0,0.0,0.0,5000,0,0,False,False,0
gnn_ewc_replay,never,248,532,1,2018-02-16T19:49:49.128752,5000,0.0,0.0,0.0,5000,0,0,False,False,0
gnn_ewc_replay,never,249,534,1,2018-02-16T19:55:33.771228,5000,0.0,0.0,0.0,5000,0,0,False,False,0
gnn_ewc_replay,never,250,535,1,2018-02-16T19:58:52.839507,5000,0.0,0.0,0.0,5000,0,0,False,False,0
gnn_ewc_replay,never,251,537,1,2018-02-16T20:05:47.117728,5000,0.0,0.0,0.0,5000,0,0,False,False,0
gnn_ewc_replay,never,252,538,1,2018-02-16T20:09:01.394260,5000,0.0,0.0,0.0,5000,0,0,False,False,0
gnn_ewc_replay,never,253,539,1,2018-02-16T20:12:27.179366,5000,0.0,0.0,0.0,5000,0,0,False,False,0
gnn_ewc_replay,never,254,541,1,2018-02-16T20:19:06.139226,5000,0.0,0.0,0.0,5000,0,0,False,False,0
gnn_ewc_replay,never,255,542,1,2018-02-16T20:21:46.757987,5000,0.0,0.0,0.0,5000,0,0,False,False,0
gnn_ewc_replay,never,256,544,1,2018-02-16T20:27:32.869316,5000,0.0,0.0,0.0,5000,0,0,False,False,0
gnn_ewc_replay,never,257,545,1,2018-02-16T20:30:29.720266,5000,0.0,0.0,0.0,5000,0,0,False,False,0
gnn_ewc_replay,never,258,547,1,2018-02-16T20:36:43.026584,5000,0.0,0.0,0.0,5000,0,0,False,False,0
gnn_ewc_replay,never,259,548,1,2018-02-16T20:39:25.723157,5000,0.0,0.0,0.0,5000,0,0,False,False,0
gnn_ewc_replay,never,260,549,1,2018-02-16T20:43:03.996213,5000,0.0,0.0,0.0,5000,0,0,False,False,0
gnn_ewc_replay,never,261,551,1,2018-02-16T20:49:10.647438,5000,0.0,0.0,0.0,5000,0,0,False,False,0
gnn_ewc_replay,never,262,552,1,2018-02-16T20:51:59.438947,5000,0.0,0.0,0.0,5000,0,0,False,False,0
gnn_ewc_replay,never,263,554,1,2018-02-16T20:57:51.632652,5000,0.0,0.0,0.0,5000,0,0,False,False,0
gnn_ewc_replay,never,264,555,1,2018-02-16T21:00:47.176383,5000,0.0,0.0,0.0,5000,0,0,False,False,0
gnn_ewc_replay,never,265,557,1,2018-02-16T21:08:43.247103,5000,0.0,0.0,0.0,5000,0,0,False,False,0
gnn_ewc_replay,never,266,558,1,2018-02-16T21:13:51.365573,5000,0.0,0.0,0.0,5000,0,0,False,False,0
gnn_ewc_replay,never,267,559,1,2018-02-16T21:18:43.188458,5000,0.0,0.0,0.0,5000,0,0,False,False,0
gnn_ewc_replay,never,268,561,1,2018-02-16T21:27:53.519513,5448,0.0,0.0,0.0,5448,0,0,False,False,0
gnn_ewc_replay,never,269,562,2,2018-02-20T12:28:05.557484,5000,0.0,0.0,0.0,5000,0,0,False,False,0
gnn_ewc_replay,never,270,563,2,2018-02-20T12:29:42.105021,5000,0.0,0.0,0.0,5000,0,0,False,False,0
gnn_ewc_replay,never,271,565,2,2018-02-20T12:35:22.868449,5000,0.0,0.0,0.0,5000,0,0,False,False,0
gnn_ewc_replay,never,272,566,2,2018-02-20T12:38:25.113331,5000,0.0,0.0,0.0,5000,0,0,False,False,0
gnn_ewc_replay,never,273,568,2,2018-02-20T12:44:23.549258,5000,0.0,0.0,0.0,5000,0,0,False,False,0
gnn_ewc_replay,never,274,569,2,2018-02-20T12:47:42.741920,5000,0.0,0.0,0.0,5000,0,0,False,False,0
gnn_ewc_replay,never,275,571,2,2018-02-20T12:54:39.535064,5000,0.0,0.0,0.0,5000,0,0,False,False,0
gnn_ewc_replay,never,276,572,2,2018-02-20T12:57:04.962988,5000,0.0,0.0,0.0,5000,0,0,False,False,0
gnn_ewc_replay,never,277,573,2,2018-02-20T13:00:02.189832,5000,0.0,0.0,0.0,5000,0,0,False,False,0
gnn_ewc_replay,never,278,575,2,2018-02-20T13:06:02.719061,5000,0.0,0.0,0.0,5000,0,0,False,False,0
gnn_ewc_replay,never,279,576,2,2018-02-20T13:09:24.534811,5000,0.0,0.0,0.0,5000,0,0,False,False,0
gnn_ewc_replay,never,280,578,2,2018-02-20T13:15:31.118168,5000,0.0,0.0,0.0,5000,0,0,False,False,0
gnn_ewc_replay,never,281,579,2,2018-02-20T13:18:47.855403,5000,0.0,0.0,0.0,5000,0,0,False,False,0
gnn_ewc_replay,never,282,581,2,2018-02-20T13:25:28.337700,5000,0.0,0.0,0.0,5000,0,0,False,False,0
gnn_ewc_replay,never,283,582,2,2018-02-20T13:28:57.358062,5000,0.0,0.0,0.0,5000,0,0,False,False,0
gnn_ewc_replay,never,284,583,2,2018-02-20T13:31:24.839207,5000,0.0,0.0,0.0,5000,0,0,False,False,0
gnn_ewc_replay,never,285,585,2,2018-02-20T13:36:54.117034,5000,0.0,0.0,0.0,5000,0,0,False,False,0
gnn_ewc_replay,never,286,586,2,2018-02-20T13:39:46.399343,5000,0.0,0.0,0.0,5000,0,0,False,False,0
gnn_ewc_replay,never,287,588,2,2018-02-20T13:45:29.412810,5000,0.0,0.0,0.0,5000,0,0,False,False,0
gnn_ewc_replay,never,288,589,2,2018-02-20T13:48:21.442467,5000,0.0,0.0,0.0,5000,0,0,False,False,0
gnn_ewc_replay,never,289,591,2,2018-02-20T13:54:17.035121,5000,0.0,0.0,0.0,5000,0,0,False,False,0
gnn_ewc_replay,never,290,592,2,2018-02-20T13:57:18.761258,5000,0.0,0.0,0.0,5000,0,0,False,False,0
gnn_ewc_replay,never,291,593,2,2018-02-20T13:59:31.883895,5000,0.0,0.0,0.0,5000,0,0,False,False,0
gnn_ewc_replay,never,292,595,2,2018-02-20T14:05:07.874319,5000,0.0,0.0,0.0,5000,0,0,False,False,0
gnn_ewc_replay,never,293,596,2,2018-02-20T14:08:15.829182,5000,0.0,0.0,0.0,5000,0,0,False,False,0
gnn_ewc_replay,never,294,598,2,2018-02-20T14:14:31.781558,5000,0.2982,0.2982,0.2982,5000,0,0,False,False,0
gnn_ewc_replay,never,295,599,2,2018-02-20T14:16:42.779716,5000,0.2898,0.2898,0.2898,5000,0,0,False,False,0
gnn_ewc_replay,never,296,601,2,2018-02-20T14:20:53.046879,5000,0.3086,0.3086,0.3086,5000,0,0,False,False,0
gnn_ewc_replay,never,297,602,2,2018-02-20T14:23:04.054844,5000,0.302,0.302,0.302,5000,0,0,False,False,0
gnn_ewc_replay,never,298,603,2,2018-02-20T14:25:13.564658,5000,0.3288,0.3288,0.3288,5000,0,0,False,False,0
gnn_ewc_replay,never,299,605,2,2018-02-20T14:29:13.941506,5000,0.229,0.229,0.229,5000,0,0,False,False,0
gnn_ewc_replay,never,300,606,2,2018-02-20T14:30:56.601292,5000,0.2666,0.2666,0.2666,5000,0,0,False,False,0
gnn_ewc_replay,never,301,608,2,2018-02-20T14:34:56.840157,5000,0.2944,0.2944,0.2944,5000,0,0,False,False,0
gnn_ewc_replay,never,302,609,2,2018-02-20T14:37:11.748493,5000,0.283,0.283,0.283,5000,0,0,False,False,0
gnn_ewc_replay,never,303,611,2,2018-02-20T14:41:14.753304,5000,0.3264,0.3264,0.3264,5000,0,0,False,False,0
gnn_ewc_replay,never,304,612,2,2018-02-20T14:43:32.797628,5000,0.2888,0.2888,0.2888,5000,0,0,False,False,0
gnn_ewc_replay,never,305,613,2,2018-02-20T14:45:36.887432,5000,0.3014,0.3014,0.3014,5000,0,0,False,False,0
gnn_ewc_replay,never,306,615,2,2018-02-20T14:49:37.865031,5000,0.2898,0.2898,0.2898,5000,0,0,False,False,0
gnn_ewc_replay,never,307,616,2,2018-02-20T14:51:50.660254,5000,0.2958,0.2958,0.2958,5000,0,0,False,False,0
gnn_ewc_replay,never,308,618,2,2018-02-20T14:56:15.897299,5000,0.244,0.244,0.244,5000,0,0,False,False,0
gnn_ewc_replay,never,309,619,2,2018-02-20T14:58:01.595900,5000,0.2428,0.2428,0.2428,5000,0,0,False,False,0
gnn_ewc_replay,never,310,621,2,2018-02-20T15:01:53.196726,5000,0.3064,0.3064,0.3064,5000,0,0,False,False,0
gnn_ewc_replay,never,311,622,2,2018-02-20T15:04:03.919827,5000,0.321,0.321,0.321,5000,0,0,False,False,0
gnn_ewc_replay,never,312,623,2,2018-02-20T15:06:20.620580,5000,0.2904,0.2904,0.2904,5000,0,0,False,False,0
gnn_ewc_replay,never,313,625,2,2018-02-20T15:10:31.378150,5000,0.2608,0.2608,0.2608,5000,0,0,False,False,0
gnn_ewc_replay,never,314,626,2,2018-02-20T15:12:23.454693,5000,0.3078,0.3078,0.3078,5000,0,0,False,False,0
gnn_ewc_replay,never,315,628,2,2018-02-20T15:16:42.101279,5000,0.0152,0.0152,0.0152,5000,0,0,False,False,0
gnn_ewc_replay,never,316,629,2,2018-02-20T15:19:42.643899,5000,0.0,0.0,0.0,5000,0,0,False,False,0
gnn_ewc_replay,never,317,631,2,2018-02-20T15:25:37.439770,5000,0.0,0.0,0.0,5000,0,0,False,False,0
gnn_ewc_replay,never,318,632,2,2018-02-20T15:28:10.587368,5000,0.0,0.0,0.0,5000,0,0,False,False,0
gnn_ewc_replay,never,319,633,2,2018-02-20T15:30:12.779257,5000,0.0,0.0,0.0,5000,0,0,False,False,0
gnn_ewc_replay,never,320,635,2,2018-02-20T15:35:22.231173,5000,0.0,0.0,0.0,5000,0,0,False,False,0
gnn_ewc_replay,never,321,636,2,2018-02-20T15:38:29.946843,5000,0.0,0.0,0.0,5000,0,0,False,False,0
gnn_ewc_replay,never,322,638,2,2018-02-20T15:44:30.302110,5000,0.0,0.0,0.0,5000,0,0,False,False,0
gnn_ewc_replay,never,323,639,2,2018-02-20T15:47:15.886421,5000,0.0,0.0,0.0,5000,0,0,False,False,0
gnn_ewc_replay,never,324,641,2,2018-02-20T15:53:10.482827,5000,0.0,0.0,0.0,5000,0,0,False,False,0
gnn_ewc_replay,never,325,642,2,2018-02-20T15:55:49.302768,5000,0.0,0.0,0.0,5000,0,0,False,False,0
gnn_ewc_replay,never,326,643,2,2018-02-20T15:58:33.314108,5000,0.0,0.0,0.0,5000,0,0,False,False,0
gnn_ewc_replay,never,327,645,2,2018-02-20T16:04:31.087569,5000,0.0,0.0,0.0,5000,0,0,False,False,0
gnn_ewc_replay,never,328,646,2,2018-02-20T16:08:19.383547,5000,0.0,0.0,0.0,5000,0,0,False,False,0
gnn_ewc_replay,never,329,648,2,2018-02-20T16:16:14.502721,5000,0.0,0.0,0.0,5000,0,0,False,False,0
gnn_ewc_replay,never,330,649,2,2018-02-20T16:20:02.198707,5000,0.0,0.0,0.0,5000,0,0,False,False,0
gnn_ewc_replay,never,331,651,2,2018-02-20T16:28:01.225982,5000,0.0,0.0,0.0,5000,0,0,False,False,0
gnn_ewc_replay,never,332,652,2,2018-02-20T16:31:14.129279,5000,0.0,0.0,0.0,5000,0,0,False,False,0
gnn_ewc_replay,never,333,653,2,2018-02-20T16:35:09.895817,5000,0.0,0.0,0.0,5000,0,0,False,False,0
gnn_ewc_replay,never,334,655,2,2018-02-20T16:43:24.945659,5000,0.0,0.0,0.0,5000,0,0,False,False,0
gnn_ewc_replay,never,335,656,2,2018-02-20T16:47:54.650182,5000,0.0,0.0,0.0,5000,0,0,False,False,0
gnn_ewc_replay,never,336,658,2,2018-02-20T16:56:24.516343,5000,0.0,0.0,0.0,5000,0,0,False,False,0
gnn_ewc_replay,never,337,659,2,2018-02-20T17:00:00.272785,5000,0.0,0.0,0.0,5000,0,0,False,False,0
gnn_ewc_replay,never,338,661,2,2018-02-20T17:08:06.037864,5000,0.0,0.0,0.0,5000,0,0,False,False,0
gnn_ewc_replay,never,339,662,2,2018-02-20T17:11:06.031557,5000,0.0014,0.0014,0.0014,5000,0,0,False,False,0
gnn_ewc_replay,never,340,663,2,2018-02-20T17:14:44.633613,5000,0.0048,0.0048,0.0048,5000,0,0,False,False,0
gnn_ewc_replay,never,341,665,2,2018-02-20T17:21:10.633901,5000,0.0034,0.0034,0.0034,5000,0,0,False,False,0
gnn_ewc_replay,never,342,666,2,2018-02-20T17:24:26.084946,5000,0.006,0.006,0.006,5000,0,0,False,False,0
gnn_ewc_replay,never,343,668,2,2018-02-20T17:30:09.339511,5000,0.0,0.0,0.0,5000,0,0,False,False,0
gnn_ewc_replay,never,344,669,2,2018-02-20T17:33:23.041576,5000,0.0,0.0,0.0,5000,0,0,False,False,0
gnn_ewc_replay,never,345,671,2,2018-02-20T17:39:24.625685,5000,0.0,0.0,0.0,5000,0,0,False,False,0
gnn_ewc_replay,never,346,672,2,2018-02-20T17:42:29.662063,5000,0.0,0.0,0.0,5000,0,0,False,False,0
gnn_ewc_replay,never,347,673,2,2018-02-20T17:45:34.633978,5000,0.0,0.0,0.0,5000,0,0,False,False,0
gnn_ewc_replay,never,348,675,2,2018-02-20T17:51:06.230687,5000,0.0,0.0,0.0,5000,0,0,False,False,0
gnn_ewc_replay,never,349,676,2,2018-02-20T17:53:34.922957,5000,0.0,0.0,0.0,5000,0,0,False,False,0
gnn_ewc_replay,never,350,678,2,2018-02-20T17:59:12.951031,5000,0.0,0.0,0.0,5000,0,0,False,False,0
gnn_ewc_replay,never,351,679,2,2018-02-20T18:02:11.827536,5000,0.0,0.0,0.0,5000,0,0,False,False,0
gnn_ewc_replay,never,352,681,2,2018-02-20T18:08:12.518079,5000,0.0,0.0,0.0,5000,0,0,False,False,0
gnn_ewc_replay,never,353,682,2,2018-02-20T18:11:36.935593,5000,0.0,0.0,0.0,5000,0,0,False,False,0
gnn_ewc_replay,never,354,683,2,2018-02-20T18:14:55.978979,5000,0.0,0.0,0.0,5000,0,0,False,False,0
gnn_ewc_replay,never,355,685,2,2018-02-20T18:21:05.499939,5000,0.0,0.0,0.0,5000,0,0,False,False,0
gnn_ewc_replay,never,356,686,2,2018-02-20T18:23:50.222744,5000,0.0,0.0,0.0,5000,0,0,False,False,0
gnn_ewc_replay,never,357,688,2,2018-02-20T18:30:09.680294,5000,0.0,0.0,0.0,5000,0,0,False,False,0
gnn_ewc_replay,never,358,689,2,2018-02-20T18:33:25.427037,5000,0.0,0.0,0.0,5000,0,0,False,False,0
gnn_ewc_replay,never,359,691,2,2018-02-20T18:39:44.679720,5000,0.0,0.0,0.0,5000,0,0,False,False,0
gnn_ewc_replay,never,360,692,2,2018-02-20T18:43:11.984043,5000,0.0,0.0,0.0,5000,0,0,False,False,0
gnn_ewc_replay,never,361,693,2,2018-02-20T18:46:19.309423,5000,0.0,0.0,0.0,5000,0,0,False,False,0
gnn_ewc_replay,never,362,695,2,2018-02-20T18:52:02.610717,5000,0.0,0.0,0.0,5000,0,0,False,False,0
gnn_ewc_replay,never,363,696,2,2018-02-20T18:55:06.665218,5000,0.0,0.0,0.0,5000,0,0,False,False,0
gnn_ewc_replay,never,364,698,2,2018-02-20T19:01:10.440471,5000,0.0,0.0,0.0,5000,0,0,False,False,0
gnn_ewc_replay,never,365,699,2,2018-02-20T19:04:28.580678,5000,0.0,0.0,0.0,5000,0,0,False,False,0
gnn_ewc_replay,never,366,701,2,2018-02-20T19:10:25.009531,5000,0.0,0.0,0.0,5000,0,0,False,False,0
gnn_ewc_replay,never,367,702,2,2018-02-20T19:13:32.158672,5000,0.0,0.0,0.0,5000,0,0,False,False,0
gnn_ewc_replay,never,368,703,2,2018-02-20T19:15:49.108499,5000,0.0,0.0,0.0,5000,0,0,False,False,0
gnn_ewc_replay,never,369,705,2,2018-02-20T19:21:25.725262,5000,0.0,0.0,0.0,5000,0,0,False,False,0
gnn_ewc_replay,never,370,706,2,2018-02-20T19:24:14.097813,5000,0.0,0.0,0.0,5000,0,0,False,False,0
gnn_ewc_replay,never,371,708,2,2018-02-20T19:29:57.132441,5000,0.0,0.0,0.0,5000,0,0,False,False,0
gnn_ewc_replay,never,372,709,2,2018-02-20T19:33:01.817768,5000,0.0,0.0,0.0,5000,0,0,False,False,0
gnn_ewc_replay,never,373,711,2,2018-02-20T19:39:57.524340,5000,0.0,0.0,0.0,5000,0,0,False,False,0
gnn_ewc_replay,never,374,712,2,2018-02-20T19:43:13.714136,5000,0.0,0.0,0.0,5000,0,0,False,False,0
gnn_ewc_replay,never,375,713,2,2018-02-20T19:46:25.668285,5000,0.0,0.0,0.0,5000,0,0,False,False,0
gnn_ewc_replay,never,376,715,2,2018-02-20T19:53:04.620728,5000,0.0,0.0,0.0,5000,0,0,False,False,0
gnn_ewc_replay,never,377,716,2,2018-02-20T19:55:56.765701,5000,0.0,0.0,0.0,5000,0,0,False,False,0
gnn_ewc_replay,never,378,718,2,2018-02-20T20:02:41.352875,5000,0.0,0.0,0.0,5000,0,0,False,False,0
gnn_ewc_replay,never,379,719,2,2018-02-20T20:06:03.371789,5000,0.0,0.0,0.0,5000,0,0,False,False,0
gnn_ewc_replay,never,380,721,2,2018-02-20T20:12:23.782760,5000,0.0,0.0,0.0,5000,0,0,False,False,0
gnn_ewc_replay,never,381,722,2,2018-02-20T20:15:31.445539,5000,0.0,0.0,0.0,5000,0,0,False,False,0
gnn_ewc_replay,never,382,723,2,2018-02-20T20:18:48.584643,5000,0.0,0.0,0.0,5000,0,0,False,False,0
gnn_ewc_replay,never,383,725,2,2018-02-20T20:25:14.043761,5000,0.0,0.0,0.0,5000,0,0,False,False,0
gnn_ewc_replay,never,384,726,2,2018-02-20T20:28:14.197722,5000,0.0,0.0,0.0,5000,0,0,False,False,0
gnn_ewc_replay,never,385,728,2,2018-02-20T20:34:12.469410,5000,0.0,0.0,0.0,5000,0,0,False,False,0
gnn_ewc_replay,never,386,729,2,2018-02-20T20:37:37.519650,5000,0.0,0.0,0.0,5000,0,0,False,False,0
gnn_ewc_replay,never,387,731,2,2018-02-20T20:43:43.130318,5000,0.0,0.0,0.0,5000,0,0,False,False,0
gnn_ewc_replay,never,388,732,2,2018-02-20T20:46:38.901492,5000,0.0,0.0,0.0,5000,0,0,False,False,0
gnn_ewc_replay,never,389,733,2,2018-02-20T20:49:51.903624,5000,0.0,0.0,0.0,5000,0,0,False,False,0
gnn_ewc_replay,never,390,735,2,2018-02-20T20:56:26.712720,5000,0.0,0.0,0.0,5000,0,0,False,False,0
gnn_ewc_replay,never,391,736,2,2018-02-20T20:59:22.490475,5000,0.0,0.0,0.0,5000,0,0,False,False,0
gnn_ewc_replay,never,392,738,2,2018-02-20T21:08:44.013987,5000,0.0,0.0,0.0,5000,0,0,False,False,0
gnn_ewc_replay,never,393,739,2,2018-02-20T21:13:16.499106,5000,0.0,0.0,0.0,5000,0,0,False,False,0
gnn_ewc_replay,never,394,741,2,2018-02-20T21:21:04.601251,5000,0.0,0.0,0.0,5000,0,0,False,False,0
gnn_ewc_replay,never,395,742,2,2018-02-20T21:26:04.740808,5000,0.0,0.0,0.0,5000,0,0,False,False,0
gnn_ewc_replay,never,396,743,2,2018-02-20T21:29:40.070489,5000,0.0,0.0,0.0,5000,0,0,False,False,0
gnn_ewc_replay,never,397,745,2,2018-02-21T12:30:14.915765,5000,0.0,0.0,0.0,5000,0,0,False,False,0
gnn_ewc_replay,never,398,746,2,2018-02-21T12:32:53.448588,5000,0.0,0.0,0.0,5000,0,0,False,False,0
gnn_ewc_replay,never,399,748,2,2018-02-21T12:37:27.992164,5000,0.0,0.0,0.0,5000,0,0,False,False,0
gnn_ewc_replay,never,400,749,2,2018-02-21T12:39:45.094275,5000,0.0,0.0,0.0,5000,0,0,False,False,0
gnn_ewc_replay,never,401,751,2,2018-02-21T12:45:01.378501,5000,0.0,0.0,0.0,5000,0,0,False,False,0
gnn_ewc_replay,never,402,752,2,2018-02-21T12:48:09.859294,5000,0.0,0.0,0.0,5000,0,0,False,False,0
gnn_ewc_replay,never,403,753,2,2018-02-21T12:50:58.467470,5000,0.0,0.0,0.0,5000,0,0,False,False,0
gnn_ewc_replay,never,404,755,2,2018-02-21T12:56:40.027568,5000,0.0,0.0,0.0,5000,0,0,False,False,0
gnn_ewc_replay,never,405,756,2,2018-02-21T12:59:24.261264,5000,0.0,0.0,0.0,5000,0,0,False,False,0
gnn_ewc_replay,never,406,758,2,2018-02-21T13:04:10.810725,5000,0.0,0.0,0.0,5000,0,0,False,False,0
gnn_ewc_replay,never,407,759,2,2018-02-21T13:06:45.860074,5000,0.0,0.0,0.0,5000,0,0,False,False,0
gnn_ewc_replay,never,408,761,2,2018-02-21T13:13:01.411539,5000,0.0,0.0,0.0,5000,0,0,False,False,0
gnn_ewc_replay,never,409,762,2,2018-02-21T13:16:03.109229,5000,0.0,0.0,0.0,5000,0,0,False,False,0
gnn_ewc_replay,never,410,763,2,2018-02-21T13:19:00.531255,5000,0.0,0.0,0.0,5000,0,0,False,False,0
gnn_ewc_replay,never,411,765,2,2018-02-21T13:25:13.895266,5000,0.0,0.0,0.0,5000,0,0,False,False,0
gnn_ewc_replay,never,412,766,2,2018-02-21T13:28:22.393146,5000,0.0,0.0,0.0,5000,0,0,False,False,0
gnn_ewc_replay,never,413,768,2,2018-02-21T13:33:11.645413,5000,0.0,0.0,0.0,5000,0,0,False,False,0
gnn_ewc_replay,never,414,769,2,2018-02-21T13:36:04.080147,5000,0.0,0.0,0.0,5000,0,0,False,False,0
gnn_ewc_replay,never,415,771,2,2018-02-21T13:41:17.088813,5000,0.0,0.0,0.0,5000,0,0,False,False,0
gnn_ewc_replay,never,416,772,2,2018-02-21T13:44:22.712351,5000,0.0,0.0,0.0,5000,0,0,False,False,0
gnn_ewc_replay,never,417,773,2,2018-02-21T13:46:43.432214,5000,0.0,0.0,0.0,5000,0,0,False,False,0
gnn_ewc_replay,never,418,775,2,2018-02-21T13:52:00.793060,5000,0.0,0.0,0.0,5000,0,0,False,False,0
gnn_ewc_replay,never,419,776,2,2018-02-21T13:54:50.123467,5000,0.0,0.0,0.0,5000,0,0,False,False,0
gnn_ewc_replay,never,420,778,2,2018-02-21T13:59:48.596242,5000,0.0,0.0,0.0,5000,0,0,False,False,0
gnn_ewc_replay,never,421,779,2,2018-02-21T14:02:23.603296,5000,0.0,0.0,0.0,5000,0,0,False,False,0
gnn_ewc_replay,never,422,781,2,2018-02-21T14:09:02.068577,5000,0.0056,0.0056,0.0056,5000,0,0,False,False,0
gnn_ewc_replay,never,423,782,2,2018-02-21T14:12:26.243805,5000,0.0048,0.0048,0.0048,5000,0,0,False,False,0
gnn_ewc_replay,never,424,783,2,2018-02-21T14:15:57.048932,5000,0.0038,0.0038,0.0038,5000,0,0,False,False,0
gnn_ewc_replay,never,425,785,2,2018-02-21T14:22:23.243787,5000,0.0074,0.0074,0.0074,5000,0,0,False,False,0
gnn_ewc_replay,never,426,786,2,2018-02-21T14:25:50.331671,5000,0.0044,0.0044,0.0044,5000,0,0,False,False,0
gnn_ewc_replay,never,427,788,2,2018-02-21T14:31:04.193754,5000,0.005,0.005,0.005,5000,0,0,False,False,0
gnn_ewc_replay,never,428,789,2,2018-02-21T14:33:49.628647,5000,0.003,0.003,0.003,5000,0,0,False,False,0
gnn_ewc_replay,never,429,791,2,2018-02-21T14:39:39.767683,5000,0.0034,0.0034,0.0034,5000,0,0,False,False,0
gnn_ewc_replay,never,430,792,2,2018-02-21T14:42:44.190903,5000,0.0006,0.0006,0.0006,5000,0,0,False,False,0
gnn_ewc_replay,never,431,793,2,2018-02-21T14:45:43.676915,5000,0.0,0.0,0.0,5000,0,0,False,False,0
gnn_ewc_replay,never,432,795,2,2018-02-21T14:51:13.097638,5000,0.0002,0.0002,0.0,4999,1,0,False,False,0
gnn_ewc_replay,never,433,796,2,2018-02-21T14:54:09.509792,5000,0.0,0.0,0.0,5000,0,0,False,False,0
gnn_ewc_replay,never,434,798,2,2018-02-21T14:59:30.273293,5000,0.0,0.0,0.0,5000,0,0,False,False,0
gnn_ewc_replay,never,435,799,2,2018-02-21T15:02:06.076741,5000,0.0,0.0,0.0,5000,0,0,False,False,0
gnn_ewc_replay,never,436,801,2,2018-02-21T15:08:08.899097,5000,0.0,0.0,0.0,5000,0,0,False,False,0
gnn_ewc_replay,never,437,802,2,2018-02-21T15:11:12.768118,5000,0.0,0.0,0.0,5000,0,0,False,False,0
gnn_ewc_replay,never,438,803,2,2018-02-21T15:14:10.812095,5000,0.0,0.0,0.0,5000,0,0,False,False,0
gnn_ewc_replay,never,439,805,2,2018-02-21T15:19:27.236425,5000,0.0,0.0,0.0,5000,0,0,False,False,0
gnn_ewc_replay,never,440,806,2,2018-02-21T15:22:37.743356,5000,0.0,0.0,0.0,5000,0,0,False,False,0
gnn_ewc_replay,never,441,808,2,2018-02-21T15:28:03.652468,5000,0.0,0.0,0.0,5000,0,0,False,False,0
gnn_ewc_replay,never,442,809,2,2018-02-21T15:30:18.591035,5000,0.0,0.0,0.0,5000,0,0,False,False,0
gnn_ewc_replay,never,443,811,2,2018-02-21T15:36:13.544051,5000,0.0,0.0,0.0,5000,0,0,False,False,0
gnn_ewc_replay,never,444,812,2,2018-02-21T15:39:00.464967,5000,0.0,0.0,0.0,5000,0,0,False,False,0
gnn_ewc_replay,never,445,813,2,2018-02-21T15:41:57.881450,5000,0.0,0.0,0.0,5000,0,0,False,False,0
gnn_ewc_replay,never,446,815,2,2018-02-21T15:47:26.984262,5000,0.0,0.0,0.0,5000,0,0,False,False,0
gnn_ewc_replay,never,447,816,2,2018-02-21T15:50:01.059659,5000,0.0,0.0,0.0,5000,0,0,False,False,0
gnn_ewc_replay,never,448,818,2,2018-02-21T15:55:38.579118,5000,0.0,0.0,0.0,5000,0,0,False,False,0
gnn_ewc_replay,never,449,819,2,2018-02-21T15:58:36.097314,5000,0.0,0.0,0.0,5000,0,0,False,False,0
gnn_ewc_replay,never,450,821,2,2018-02-21T16:05:01.687604,5000,0.0,0.0,0.0,5000,0,0,False,False,0
gnn_ewc_replay,never,451,822,2,2018-02-21T16:09:31.368178,5000,0.0,0.0,0.0,5000,0,0,False,False,0
gnn_ewc_replay,never,452,823,2,2018-02-21T16:13:43.831770,5000,0.0,0.0,0.0,5000,0,0,False,False,0
gnn_ewc_replay,never,453,825,2,2018-02-21T16:21:37.517709,5000,0.0,0.0,0.0,5000,0,0,False,False,0
gnn_ewc_replay,never,454,826,2,2018-02-21T16:26:17.679611,5000,0.0,0.0,0.0,5000,0,0,False,False,0
gnn_ewc_replay,never,455,828,2,2018-02-21T16:33:12.676353,5000,0.0,0.0,0.0,5000,0,0,False,False,0
gnn_ewc_replay,never,456,829,2,2018-02-21T16:38:12.893820,5000,0.0,0.0,0.0,5000,0,0,False,False,0
gnn_ewc_replay,never,457,831,2,2018-02-21T16:48:53.815070,5000,0.0,0.0,0.0,5000,0,0,False,False,0
gnn_ewc_replay,never,458,832,2,2018-02-21T16:53:12.481748,5000,0.0,0.0,0.0,5000,0,0,False,False,0
gnn_ewc_replay,never,459,833,2,2018-02-21T16:57:37.801631,5000,0.0,0.0,0.0,5000,0,0,False,False,0
gnn_ewc_replay,never,460,835,2,2018-02-21T17:06:03.042740,5000,0.0,0.0,0.0,5000,0,0,False,False,0
gnn_ewc_replay,never,461,836,2,2018-02-21T17:09:38.898301,5000,0.0,0.0,0.0,5000,0,0,False,False,0
gnn_ewc_replay,never,462,838,2,2018-02-21T17:17:05.418711,5000,0.0,0.0,0.0,5000,0,0,False,False,0
gnn_ewc_replay,never,463,839,2,2018-02-21T17:20:23.358572,5000,0.0,0.0,0.0,5000,0,0,False,False,0
gnn_ewc_replay,never,464,841,2,2018-02-21T17:26:25.898448,5000,0.0,0.0,0.0,5000,0,0,False,False,0
gnn_ewc_replay,never,465,842,2,2018-02-21T17:29:38.601103,5000,0.0,0.0,0.0,5000,0,0,False,False,0
gnn_ewc_replay,never,466,843,2,2018-02-21T17:32:41.644697,5000,0.0,0.0,0.0,5000,0,0,False,False,0
gnn_ewc_replay,never,467,845,2,2018-02-21T17:39:02.350368,5000,0.0,0.0,0.0,5000,0,0,False,False,0
gnn_ewc_replay,never,468,846,2,2018-02-21T17:41:54.539703,5000,0.0,0.0,0.0,5000,0,0,False,False,0
gnn_ewc_replay,never,469,848,2,2018-02-21T17:48:04.656628,5000,0.0,0.0,0.0,5000,0,0,False,False,0
gnn_ewc_replay,never,470,849,2,2018-02-21T17:50:30.104450,5000,0.0,0.0,0.0,5000,0,0,False,False,0
gnn_ewc_replay,never,471,851,2,2018-02-21T17:55:49.288941,5000,0.0,0.0,0.0,5000,0,0,False,False,0
gnn_ewc_replay,never,472,852,2,2018-02-21T17:58:32.781438,5000,0.0,0.0,0.0,5000,0,0,False,False,0
gnn_ewc_replay,never,473,853,2,2018-02-21T18:01:04.808759,5000,0.0,0.0,0.0,5000,0,0,False,False,0
gnn_ewc_replay,never,474,855,2,2018-02-21T18:07:29.910309,5000,0.0,0.0,0.0,5000,0,0,False,False,0
gnn_ewc_replay,never,475,856,2,2018-02-21T18:10:39.677287,5000,0.5256,0.5256,0.5256,5000,0,0,False,False,0
gnn_ewc_replay,never,476,858,2,2018-02-21T18:12:57.221842,5000,0.726,0.726,0.726,5000,0,0,False,False,0
gnn_ewc_replay,never,477,859,2,2018-02-21T18:13:56.466778,5000,0.7158,0.7158,0.7158,1521,0,3479,False,False,0
gnn_ewc_replay,never,478,861,2,2018-02-21T18:15:53.910471,5000,0.6404,0.6404,0.6404,5000,0,0,False,False,0
gnn_ewc_replay,never,479,862,2,2018-02-21T18:16:48.564714,5000,0.6594,0.6594,0.6594,1703,0,3297,False,False,0
gnn_ewc_replay,never,480,863,2,2018-02-21T18:17:44.733742,5000,0.7052,0.7052,0.7052,1474,0,3526,False,False,0
gnn_ewc_replay,never,481,865,2,2018-02-21T18:19:41.727090,5000,0.6774,0.6774,0.6774,1613,0,3387,False,False,0
gnn_ewc_replay,never,482,866,2,2018-02-21T18:20:38.999754,5000,0.6894,0.6894,0.6894,1553,0,3447,False,False,0
gnn_ewc_replay,never,483,868,2,2018-02-21T18:22:33.140864,5000,0.6784,0.6784,0.6782,1608,1,3391,False,False,0
gnn_ewc_replay,never,484,869,2,2018-02-21T18:23:27.249092,5000,0.6894,0.6894,0.6892,1553,1,3446,False,False,0
gnn_ewc_replay,never,485,871,2,2018-02-21T18:25:24.554403,5000,0.6982,0.6982,0.6982,1652,0,3348,False,False,0
gnn_ewc_replay,never,486,872,2,2018-02-21T18:26:24.070476,5000,0.7202,0.7202,0.7202,1697,0,3303,False,False,0
gnn_ewc_replay,never,487,873,2,2018-02-21T18:27:23.621285,5000,0.7134,0.7134,0.7132,1750,1,3249,False,False,0
gnn_ewc_replay,never,488,875,2,2018-02-21T18:29:23.774216,5000,0.6074,0.6074,0.6074,3108,0,1892,False,False,0
gnn_ewc_replay,never,489,876,2,2018-02-21T18:30:18.657633,5000,0.6716,0.6716,0.6716,3232,0,1768,False,False,0
gnn_ewc_replay,never,490,878,2,2018-02-21T18:32:22.078792,5000,0.6998,0.6998,0.6996,3792,1,1207,False,False,0
gnn_ewc_replay,never,491,879,2,2018-02-21T18:33:28.362423,5000,0.6424,0.6424,0.6424,3768,0,1232,False,False,0
gnn_ewc_replay,never,492,881,2,2018-02-21T18:35:32.929260,5000,0.683,0.683,0.683,5000,0,0,False,False,0
gnn_ewc_replay,never,493,882,2,2018-02-21T18:36:38.586837,5000,0.6572,0.6572,0.6572,4595,0,405,False,False,0
gnn_ewc_replay,never,494,883,2,2018-02-21T18:37:42.707071,5000,0.6596,0.6596,0.6594,4098,1,901,False,False,0
gnn_ewc_replay,never,495,885,2,2018-02-21T18:39:51.262574,5000,0.6616,0.6616,0.6614,4951,1,48,False,False,0
gnn_ewc_replay,never,496,886,2,2018-02-21T18:40:55.193704,5000,0.696,0.696,0.696,5000,0,0,False,False,0
gnn_ewc_replay,never,497,888,2,2018-02-21T18:43:13.151035,5000,0.599,0.599,0.5988,4999,1,0,False,False,0
gnn_ewc_replay,never,498,889,2,2018-02-21T18:44:14.879606,5000,0.5736,0.5736,0.5736,5000,0,0,False,False,0
gnn_ewc_replay,never,499,891,2,2018-02-21T18:46:22.131592,5000,0.6216,0.6216,0.6216,5000,0,0,False,False,0
gnn_ewc_replay,never,500,892,2,2018-02-21T18:47:29.433508,5000,0.6236,0.6236,0.6234,4999,0,1,False,False,0
gnn_ewc_replay,never,501,893,2,2018-02-21T18:48:37.547513,5000,0.5768,0.5768,0.5768,5000,0,0,False,False,0
gnn_ewc_replay,never,502,895,2,2018-02-21T18:50:48.669328,5000,0.607,0.607,0.6068,4999,1,0,False,False,0
gnn_ewc_replay,never,503,896,2,2018-02-21T18:52:01.751987,5000,0.6278,0.6278,0.6274,4998,2,0,False,False,0
gnn_ewc_replay,never,504,898,2,2018-02-21T18:54:34.081396,5000,0.5624,0.5624,0.5624,5000,0,0,False,False,0
gnn_ewc_replay,never,505,899,2,2018-02-21T18:55:51.862246,5000,0.593,0.593,0.593,5000,0,0,False,False,0
gnn_ewc_replay,never,506,901,2,2018-02-21T18:58:27.021799,5000,0.5524,0.5524,0.5522,4999,1,0,False,False,0
gnn_ewc_replay,never,507,902,2,2018-02-21T18:59:44.178317,5000,0.5866,0.5866,0.5866,5000,0,0,False,False,0
gnn_ewc_replay,never,508,903,2,2018-02-21T19:01:06.866127,5000,0.5768,0.5768,0.5768,5000,0,0,False,False,0
gnn_ewc_replay,never,509,905,2,2018-02-21T19:03:55.186376,5000,0.5614,0.5614,0.5614,5000,0,0,False,False,0
gnn_ewc_replay,never,510,906,2,2018-02-21T19:05:16.354567,5000,0.1266,0.1266,0.1266,5000,0,0,False,False,0
gnn_ewc_replay,never,511,908,2,2018-02-21T19:11:28.389861,5000,0.0,0.0,0.0,5000,0,0,False,False,0
gnn_ewc_replay,never,512,909,2,2018-02-21T19:14:14.552997,5000,0.0,0.0,0.0,5000,0,0,False,False,0
gnn_ewc_replay,never,513,911,2,2018-02-21T19:20:11.670699,5000,0.0,0.0,0.0,5000,0,0,False,False,0
gnn_ewc_replay,never,514,912,2,2018-02-21T19:23:16.430515,5000,0.0,0.0,0.0,5000,0,0,False,False,0
gnn_ewc_replay,never,515,913,2,2018-02-21T19:26:11.147775,5000,0.0,0.0,0.0,5000,0,0,False,False,0
gnn_ewc_replay,never,516,915,2,2018-02-21T19:32:12.461008,5000,0.0,0.0,0.0,5000,0,0,False,False,0
gnn_ewc_replay,never,517,916,2,2018-02-21T19:35:57.053192,5000,0.0,0.0,0.0,5000,0,0,False,False,0
gnn_ewc_replay,never,518,918,2,2018-02-21T19:42:39.002372,5000,0.0,0.0,0.0,5000,0,0,False,False,0
gnn_ewc_replay,never,519,919,2,2018-02-21T19:45:56.280969,5000,0.0,0.0,0.0,5000,0,0,False,False,0
gnn_ewc_replay,never,520,921,2,2018-02-21T19:52:46.033934,5000,0.0,0.0,0.0,5000,0,0,False,False,0
gnn_ewc_replay,never,521,922,2,2018-02-21T19:55:30.549351,5000,0.0,0.0,0.0,5000,0,0,False,False,0
gnn_ewc_replay,never,522,923,2,2018-02-21T19:58:47.617308,5000,0.0,0.0,0.0,5000,0,0,False,False,0
gnn_ewc_replay,never,523,925,2,2018-02-21T20:05:37.779293,5000,0.0002,0.0002,0.0,4999,1,0,False,False,0
gnn_ewc_replay,never,524,926,2,2018-02-21T20:08:47.732466,5000,0.0,0.0,0.0,5000,0,0,False,False,0
gnn_ewc_replay,never,525,928,2,2018-02-21T20:14:25.911503,5000,0.0,0.0,0.0,5000,0,0,False,False,0
gnn_ewc_replay,never,526,929,2,2018-02-21T20:17:12.508088,5000,0.0002,0.0002,0.0,4999,1,0,False,False,0
gnn_ewc_replay,never,527,931,2,2018-02-21T20:22:34.652384,5000,0.0,0.0,0.0,5000,0,0,False,False,0
gnn_ewc_replay,never,528,932,2,2018-02-21T20:25:36.227355,5000,0.0,0.0,0.0,5000,0,0,False,False,0
gnn_ewc_replay,never,529,933,2,2018-02-21T20:28:27.081522,5000,0.0004,0.0004,0.0,4998,2,0,False,False,0
gnn_ewc_replay,never,530,935,2,2018-02-21T20:34:07.230799,5000,0.0002,0.0002,0.0,4999,1,0,False,False,0
gnn_ewc_replay,never,531,936,2,2018-02-21T20:37:05.888882,5000,0.0,0.0,0.0,5000,0,0,False,False,0
gnn_ewc_replay,never,532,938,2,2018-02-21T20:42:50.974097,5000,0.0,0.0,0.0,5000,0,0,False,False,0
gnn_ewc_replay,never,533,939,2,2018-02-21T20:45:26.017299,5000,0.0,0.0,0.0,5000,0,0,False,False,0
gnn_ewc_replay,never,534,941,2,2018-02-21T20:51:09.809989,5000,0.0,0.0,0.0,5000,0,0,False,False,0
gnn_ewc_replay,never,535,942,2,2018-02-21T20:53:55.122043,5000,0.0,0.0,0.0,5000,0,0,False,False,0
gnn_ewc_replay,never,536,943,2,2018-02-21T20:56:55.048720,5000,0.0,0.0,0.0,5000,0,0,False,False,0
gnn_ewc_replay,never,537,945,2,2018-02-21T21:02:49.211416,5000,0.0,0.0,0.0,5000,0,0,False,False,0
gnn_ewc_replay,never,538,946,2,2018-02-21T21:07:24.981572,5000,0.0,0.0,0.0,5000,0,0,False,False,0
gnn_ewc_replay,never,539,948,2,2018-02-21T21:15:27.907170,5000,0.0,0.0,0.0,5000,0,0,False,False,0
gnn_ewc_replay,never,540,949,2,2018-02-21T21:18:57.456495,5000,0.0,0.0,0.0,5000,0,0,False,False,0
gnn_ewc_replay,never,541,951,2,2018-02-21T21:27:31.818947,5000,0.0,0.0,0.0,5000,0,0,False,False,0
gnn_ewc_replay,never,542,952,2,2018-02-21T21:34:23.596059,5000,0.0,0.0,0.0,5000,0,0,False,False,0
gnn_ewc_replay,never,543,953,2,2018-02-22T12:22:54.529632,5000,0.0,0.0,0.0,5000,0,0,False,False,0
gnn_ewc_replay,never,544,955,2,2018-02-22T12:27:12.388977,5000,0.0,0.0,0.0,5000,0,0,False,False,0
gnn_ewc_replay,never,545,956,2,2018-02-22T12:29:27.352468,5000,0.0,0.0,0.0,5000,0,0,False,False,0
gnn_ewc_replay,never,546,958,2,2018-02-22T12:35:27.445278,5000,0.0,0.0,0.0,5000,0,0,False,False,0
gnn_ewc_replay,never,547,959,2,2018-02-22T12:37:47.622535,5000,0.0,0.0,0.0,5000,0,0,False,False,0
gnn_ewc_replay,never,548,961,2,2018-02-22T12:43:49.286020,5000,0.0,0.0,0.0,5000,0,0,False,False,0
gnn_ewc_replay,never,549,962,2,2018-02-22T12:46:47.899133,5000,0.0,0.0,0.0,5000,0,0,False,False,0
gnn_ewc_replay,never,550,963,2,2018-02-22T12:49:47.587430,5000,0.0,0.0,0.0,5000,0,0,False,False,0
gnn_ewc_replay,never,551,965,2,2018-02-22T12:55:00.343632,5000,0.0,0.0,0.0,5000,0,0,False,False,0
gnn_ewc_replay,never,552,966,2,2018-02-22T12:58:16.423411,5000,0.0,0.0,0.0,5000,0,0,False,False,0
gnn_ewc_replay,never,553,968,2,2018-02-22T13:03:25.342616,5000,0.0,0.0,0.0,5000,0,0,False,False,0
gnn_ewc_replay,never,554,969,2,2018-02-22T13:06:20.276523,5000,0.0,0.0,0.0,5000,0,0,False,False,0
gnn_ewc_replay,never,555,971,2,2018-02-22T13:12:13.742783,5000,0.0,0.0,0.0,5000,0,0,False,False,0
gnn_ewc_replay,never,556,972,2,2018-02-22T13:15:14.200920,5000,0.0,0.0,0.0,5000,0,0,False,False,0
gnn_ewc_replay,never,557,973,2,2018-02-22T13:17:51.212302,5000,0.0,0.0,0.0,5000,0,0,False,False,0
gnn_ewc_replay,never,558,975,2,2018-02-22T13:23:49.752711,5000,0.0,0.0,0.0,5000,0,0,False,False,0
gnn_ewc_replay,never,559,976,2,2018-02-22T13:26:50.170406,5000,0.0,0.0,0.0,5000,0,0,False,False,0
gnn_ewc_replay,never,560,978,2,2018-02-22T13:31:59.369100,5000,0.0,0.0,0.0,5000,0,0,False,False,0
gnn_ewc_replay,never,561,979,2,2018-02-22T13:35:02.349131,5000,0.0,0.0,0.0,5000,0,0,False,False,0
gnn_ewc_replay,never,562,981,2,2018-02-22T13:40:44.414617,5000,0.0,0.0,0.0,5000,0,0,False,False,0
gnn_ewc_replay,never,563,982,2,2018-02-22T13:43:37.016733,5000,0.0,0.0,0.0,5000,0,0,False,False,0
gnn_ewc_replay,never,564,983,2,2018-02-22T13:46:12.432471,5000,0.0,0.0,0.0,5000,0,0,False,False,0
gnn_ewc_replay,never,565,985,2,2018-02-22T13:51:52.536801,5000,0.0,0.0,0.0,5000,0,0,False,False,0
gnn_ewc_replay,never,566,986,2,2018-02-22T13:54:14.118264,5000,0.0,0.0,0.0,5000,0,0,False,False,0
gnn_ewc_replay,never,567,988,2,2018-02-22T13:59:42.540775,5000,0.0,0.0,0.0,5000,0,0,False,False,0
gnn_ewc_replay,never,568,989,2,2018-02-22T14:02:51.580757,5000,0.0,0.0,0.0,5000,0,0,False,False,0
gnn_ewc_replay,never,569,991,2,2018-02-22T14:09:28.178823,5000,0.0,0.0,0.0,5000,0,0,False,False,0
gnn_ewc_replay,never,570,992,2,2018-02-22T14:12:07.043409,5000,0.0,0.0,0.0,5000,0,0,False,False,0
gnn_ewc_replay,never,571,993,2,2018-02-22T14:15:24.387773,5000,0.0,0.0,0.0,5000,0,0,False,False,0
gnn_ewc_replay,never,572,995,2,2018-02-22T14:21:40.014524,5000,0.0,0.0,0.0,5000,0,0,False,False,0
gnn_ewc_replay,never,573,996,2,2018-02-22T14:24:07.374723,5000,0.0002,0.0002,0.0002,5000,0,0,False,False,0
gnn_ewc_replay,never,574,998,2,2018-02-22T14:29:13.649442,5000,0.0002,0.0002,0.0002,5000,0,0,False,False,0
gnn_ewc_replay,never,575,999,2,2018-02-22T14:32:16.171190,5000,0.0,0.0,0.0,5000,0,0,False,False,0
gnn_ewc_replay,never,576,1001,2,2018-02-22T14:38:03.075220,5000,0.0,0.0,0.0,5000,0,0,False,False,0
gnn_ewc_replay,never,577,1002,2,2018-02-22T14:40:47.690179,5000,0.0,0.0,0.0,5000,0,0,False,False,0
gnn_ewc_replay,never,578,1003,2,2018-02-22T14:43:23.320540,5000,0.0002,0.0002,0.0002,5000,0,0,False,False,0
gnn_ewc_replay,never,579,1005,2,2018-02-22T14:49:21.214144,5000,0.0,0.0,0.0,5000,0,0,False,False,0
gnn_ewc_replay,never,580,1006,2,2018-02-22T14:51:41.261166,5000,0.0,0.0,0.0,5000,0,0,False,False,0
gnn_ewc_replay,never,581,1008,2,2018-02-22T14:56:43.081874,5000,0.0,0.0,0.0,5000,0,0,False,False,0
gnn_ewc_replay,never,582,1009,2,2018-02-22T14:59:24.671546,5000,0.0,0.0,0.0,5000,0,0,False,False,0
gnn_ewc_replay,never,583,1011,2,2018-02-22T15:04:45.705989,5000,0.0,0.0,0.0,5000,0,0,False,False,0
gnn_ewc_replay,never,584,1012,2,2018-02-22T15:07:09.237370,5000,0.0,0.0,0.0,5000,0,0,False,False,0
gnn_ewc_replay,never,585,1013,2,2018-02-22T15:09:51.412721,5000,0.0002,0.0002,0.0002,5000,0,0,False,False,0
gnn_ewc_replay,never,586,1015,2,2018-02-22T15:15:18.999894,5000,0.0,0.0,0.0,5000,0,0,False,False,0
gnn_ewc_replay,never,587,1016,2,2018-02-22T15:17:54.695711,5000,0.0,0.0,0.0,5000,0,0,False,False,0
gnn_ewc_replay,never,588,1018,2,2018-02-22T15:22:22.433254,5000,0.0,0.0,0.0,5000,0,0,False,False,0
gnn_ewc_replay,never,589,1019,2,2018-02-22T15:25:03.738097,5000,0.0,0.0,0.0,5000,0,0,False,False,0
gnn_ewc_replay,never,590,1021,2,2018-02-22T15:30:44.544653,5000,0.0,0.0,0.0,5000,0,0,False,False,0
gnn_ewc_replay,never,591,1022,2,2018-02-22T15:32:58.354207,5000,0.0,0.0,0.0,5000,0,0,False,False,0
gnn_ewc_replay,never,592,1023,2,2018-02-22T15:36:01.093836,5000,0.0,0.0,0.0,5000,0,0,False,False,0
gnn_ewc_replay,never,593,1025,2,2018-02-22T15:41:14.959602,5000,0.0,0.0,0.0,5000,0,0,False,False,0
gnn_ewc_replay,never,594,1026,2,2018-02-22T15:44:11.291771,5000,0.0,0.0,0.0,5000,0,0,False,False,0
gnn_ewc_replay,never,595,1028,2,2018-02-22T15:49:17.610078,5000,0.0,0.0,0.0,5000,0,0,False,False,0
gnn_ewc_replay,never,596,1029,2,2018-02-22T15:51:40.029913,5000,0.0,0.0,0.0,5000,0,0,False,False,0
gnn_ewc_replay,never,597,1031,2,2018-02-22T15:56:27.016540,5000,0.0,0.0,0.0,5000,0,0,False,False,0
gnn_ewc_replay,never,598,1032,2,2018-02-22T15:58:49.204845,5000,0.0,0.0,0.0,5000,0,0,False,False,0
gnn_ewc_replay,never,599,1033,2,2018-02-22T16:01:05.980538,5000,0.0,0.0,0.0,5000,0,0,False,False,0
gnn_ewc_replay,never,600,1035,2,2018-02-22T16:07:50.911907,5000,0.0,0.0,0.0,5000,0,0,False,False,0
gnn_ewc_replay,never,601,1036,2,2018-02-22T16:12:11.784010,5000,0.0,0.0,0.0,5000,0,0,False,False,0
gnn_ewc_replay,never,602,1038,2,2018-02-22T16:19:02.533051,5000,0.0,0.0,0.0,5000,0,0,False,False,0
gnn_ewc_replay,never,603,1039,2,2018-02-22T16:22:14.999146,5000,0.0,0.0,0.0,5000,0,0,False,False,0
gnn_ewc_replay,never,604,1041,2,2018-02-22T16:28:56.728660,5000,0.0,0.0,0.0,5000,0,0,False,False,0
gnn_ewc_replay,never,605,1042,2,2018-02-22T16:31:57.856987,5000,0.0,0.0,0.0,5000,0,0,False,False,0
gnn_ewc_replay,never,606,1043,2,2018-02-22T16:35:33.892869,2397,0.0,0.0,0.0,2397,0,0,False,False,0
gnn_ewc_replay,never,607,1044,3,2018-02-22T16:37:34.655567,5000,0.0,0.0,0.0,5000,0,0,False,False,0
gnn_ewc_replay,never,608,1045,3,2018-02-22T16:42:29.645176,5000,0.0,0.0,0.0,5000,0,0,False,False,0
gnn_ewc_replay,never,609,1047,3,2018-02-22T16:51:04.075683,5000,0.0,0.0,0.0,5000,0,0,False,False,0
gnn_ewc_replay,never,610,1048,3,2018-02-22T16:55:04.424761,5000,0.0,0.0,0.0,5000,0,0,False,False,0
gnn_ewc_replay,never,611,1050,3,2018-02-22T17:02:40.002973,5000,0.0,0.0,0.0,5000,0,0,False,False,0
gnn_ewc_replay,never,612,1051,3,2018-02-22T17:07:25.580912,5000,0.0,0.0,0.0,5000,0,0,False,False,0
gnn_ewc_replay,never,613,1053,3,2018-02-22T17:14:13.608167,5000,0.0,0.0,0.0,5000,0,0,False,False,0
gnn_ewc_replay,never,614,1054,3,2018-02-22T17:17:01.680245,5000,0.0,0.0,0.0,5000,0,0,False,False,0
gnn_ewc_replay,never,615,1055,3,2018-02-22T17:20:15.804740,5000,0.0,0.0,0.0,5000,0,0,False,False,0
gnn_ewc_replay,never,616,1057,3,2018-02-22T17:26:43.928911,5000,0.0,0.0,0.0,5000,0,0,False,False,0
gnn_ewc_replay,never,617,1058,3,2018-02-22T17:29:30.546148,5000,0.0,0.0,0.0,5000,0,0,False,False,0
gnn_ewc_replay,never,618,1060,3,2018-02-22T17:35:26.255610,5000,0.0,0.0,0.0,5000,0,0,False,False,0
gnn_ewc_replay,never,619,1061,3,2018-02-22T17:38:22.408162,5000,0.0,0.0,0.0,5000,0,0,False,False,0
gnn_ewc_replay,never,620,1063,3,2018-02-22T17:43:42.821178,5000,0.0,0.0,0.0,5000,0,0,False,False,0
gnn_ewc_replay,never,621,1064,3,2018-02-22T17:46:31.621801,5000,0.0,0.0,0.0,5000,0,0,False,False,0
gnn_ewc_replay,never,622,1065,3,2018-02-22T17:49:21.226210,5000,0.0,0.0,0.0,5000,0,0,False,False,0
gnn_ewc_replay,never,623,1067,3,2018-02-22T17:54:59.589602,5000,0.0,0.0,0.0,5000,0,0,False,False,0
gnn_ewc_replay,never,624,1068,3,2018-02-22T17:57:53.315638,5000,0.0,0.0,0.0,5000,0,0,False,False,0
gnn_ewc_replay,never,625,1070,3,2018-02-22T18:03:45.799563,5000,0.0,0.0,0.0,5000,0,0,False,False,0
gnn_ewc_replay,never,626,1071,3,2018-02-22T18:07:10.867855,5000,0.0,0.0,0.0,5000,0,0,False,False,0
gnn_ewc_replay,never,627,1073,3,2018-02-22T18:13:11.243943,5000,0.0,0.0,0.0,5000,0,0,False,False,0
gnn_ewc_replay,never,628,1074,3,2018-02-22T18:16:01.882227,5000,0.0,0.0,0.0,5000,0,0,False,False,0
gnn_ewc_replay,never,629,1075,3,2018-02-22T18:18:50.867777,5000,0.0,0.0,0.0,5000,0,0,False,False,0
gnn_ewc_replay,never,630,1077,3,2018-02-22T18:24:57.234677,5000,0.0,0.0,0.0,5000,0,0,False,False,0
gnn_ewc_replay,never,631,1078,3,2018-02-22T18:28:07.099354,5000,0.0002,0.0002,0.0002,5000,0,0,False,False,0
gnn_ewc_replay,never,632,1080,3,2018-02-22T18:34:23.474688,5000,0.0,0.0,0.0,5000,0,0,False,False,0
gnn_ewc_replay,never,633,1081,3,2018-02-22T18:37:55.750536,5000,0.0,0.0,0.0,5000,0,0,False,False,0
gnn_ewc_replay,never,634,1083,3,2018-02-22T18:43:55.261480,5000,0.0,0.0,0.0,5000,0,0,False,False,0
gnn_ewc_replay,never,635,1084,3,2018-02-22T18:46:36.847575,5000,0.0,0.0,0.0,5000,0,0,False,False,0
gnn_ewc_replay,never,636,1085,3,2018-02-22T18:49:46.215557,5000,0.0,0.0,0.0,5000,0,0,False,False,0
gnn_ewc_replay,never,637,1087,3,2018-02-22T18:55:55.775994,5000,0.0,0.0,0.0,5000,0,0,False,False,0
gnn_ewc_replay,never,638,1088,3,2018-02-22T18:58:47.853237,5000,0.0,0.0,0.0,5000,0,0,False,False,0
gnn_ewc_replay,never,639,1090,3,2018-02-22T19:05:04.507172,5000,0.0,0.0,0.0,5000,0,0,False,False,0
gnn_ewc_replay,never,640,1091,3,2018-02-22T19:07:48.446707,5000,0.0,0.0,0.0,5000,0,0,False,False,0
gnn_ewc_replay,never,641,1093,3,2018-02-22T19:13:35.912581,5000,0.0,0.0,0.0,5000,0,0,False,False,0
gnn_ewc_replay,never,642,1094,3,2018-02-22T19:16:33.447960,5000,0.0,0.0,0.0,5000,0,0,False,False,0
gnn_ewc_replay,never,643,1095,3,2018-02-22T19:19:21.623763,5000,0.0,0.0,0.0,5000,0,0,False,False,0
gnn_ewc_replay,never,644,1097,3,2018-02-22T19:25:32.357316,5000,0.0,0.0,0.0,5000,0,0,False,False,0
gnn_ewc_replay,never,645,1098,3,2018-02-22T19:28:20.639054,5000,0.0,0.0,0.0,5000,0,0,False,False,0
gnn_ewc_replay,never,646,1100,3,2018-02-22T19:34:28.978909,5000,0.0,0.0,0.0,5000,0,0,False,False,0
gnn_ewc_replay,never,647,1101,3,2018-02-22T19:37:28.358013,5000,0.0,0.0,0.0,5000,0,0,False,False,0
gnn_ewc_replay,never,648,1103,3,2018-02-22T19:43:44.587729,5000,0.0,0.0,0.0,5000,0,0,False,False,0
gnn_ewc_replay,never,649,1104,3,2018-02-22T19:47:05.950804,5000,0.0,0.0,0.0,5000,0,0,False,False,0
gnn_ewc_replay,never,650,1105,3,2018-02-22T19:50:14.865514,5000,0.0,0.0,0.0,5000,0,0,False,False,0
gnn_ewc_replay,never,651,1107,3,2018-02-22T19:56:49.723192,5000,0.0,0.0,0.0,5000,0,0,False,False,0
gnn_ewc_replay,never,652,1108,3,2018-02-22T20:00:08.334881,5000,0.0,0.0,0.0,5000,0,0,False,False,0
gnn_ewc_replay,never,653,1110,3,2018-02-22T20:06:29.811638,5000,0.0,0.0,0.0,5000,0,0,False,False,0
gnn_ewc_replay,never,654,1111,3,2018-02-22T20:09:30.641709,5000,0.0,0.0,0.0,5000,0,0,False,False,0
gnn_ewc_replay,never,655,1113,3,2018-02-22T20:15:49.186124,5000,0.0002,0.0002,0.0002,5000,0,0,False,False,0
gnn_ewc_replay,never,656,1114,3,2018-02-22T20:18:45.311403,5000,0.0,0.0,0.0,5000,0,0,False,False,0
gnn_ewc_replay,never,657,1115,3,2018-02-22T20:21:42.578114,5000,0.0002,0.0002,0.0002,5000,0,0,False,False,0
gnn_ewc_replay,never,658,1117,3,2018-02-22T20:27:44.424326,5000,0.0,0.0,0.0,5000,0,0,False,False,0
gnn_ewc_replay,never,659,1118,3,2018-02-22T20:30:58.592686,5000,0.0,0.0,0.0,5000,0,0,False,False,0
gnn_ewc_replay,never,660,1120,3,2018-02-22T20:36:32.245831,5000,0.0,0.0,0.0,5000,0,0,False,False,0
gnn_ewc_replay,never,661,1121,3,2018-02-22T20:39:30.368391,5000,0.0,0.0,0.0,5000,0,0,False,False,0
gnn_ewc_replay,never,662,1123,3,2018-02-22T20:45:02.663145,5000,0.0,0.0,0.0,5000,0,0,False,False,0
gnn_ewc_replay,never,663,1124,3,2018-02-22T20:48:19.360224,5000,0.0,0.0,0.0,5000,0,0,False,False,0
gnn_ewc_replay,never,664,1125,3,2018-02-22T20:51:22.486910,5000,0.0,0.0,0.0,5000,0,0,False,False,0
gnn_ewc_replay,never,665,1127,3,2018-02-22T20:57:55.717537,5000,0.0,0.0,0.0,5000,0,0,False,False,0
gnn_ewc_replay,never,666,1128,3,2018-02-22T21:00:52.327056,5000,0.0,0.0,0.0,5000,0,0,False,False,0
gnn_ewc_replay,never,667,1130,3,2018-02-22T21:09:32.662576,5000,0.0,0.0,0.0,5000,0,0,False,False,0
gnn_ewc_replay,never,668,1131,3,2018-02-22T21:13:59.879001,5000,0.0,0.0,0.0,5000,0,0,False,False,0
gnn_ewc_replay,never,669,1133,3,2018-02-22T21:22:46.707931,5000,0.0,0.0,0.0,5000,0,0,False,False,0
gnn_ewc_replay,never,670,1134,3,2018-02-22T21:27:58.541642,5000,0.0,0.0,0.0,5000,0,0,False,False,0
gnn_ewc_replay,never,671,1135,3,2018-02-22T21:49:25.834671,5000,0.0,0.0,0.0,5000,0,0,False,False,0
gnn_ewc_replay,never,672,1137,3,2018-02-23T12:19:09.413188,5000,0.0,0.0,0.0,5000,0,0,False,False,0
gnn_ewc_replay,never,673,1138,3,2018-02-23T12:21:29.311210,5000,0.0,0.0,0.0,5000,0,0,False,False,0
gnn_ewc_replay,never,674,1140,3,2018-02-23T12:26:38.432842,5000,0.0,0.0,0.0,5000,0,0,False,False,0
gnn_ewc_replay,never,675,1141,3,2018-02-23T12:29:34.990274,5000,0.0,0.0,0.0,5000,0,0,False,False,0
gnn_ewc_replay,never,676,1143,3,2018-02-23T12:35:46.065983,5000,0.0,0.0,0.0,5000,0,0,False,False,0
gnn_ewc_replay,never,677,1144,3,2018-02-23T12:39:04.356638,5000,0.0,0.0,0.0,5000,0,0,False,False,0
gnn_ewc_replay,never,678,1145,3,2018-02-23T12:42:22.320533,5000,0.0,0.0,0.0,5000,0,0,False,False,0
gnn_ewc_replay,never,679,1147,3,2018-02-23T12:47:45.613380,5000,0.0,0.0,0.0,5000,0,0,False,False,0
gnn_ewc_replay,never,680,1148,3,2018-02-23T12:50:30.878954,5000,0.0,0.0,0.0,5000,0,0,False,False,0
gnn_ewc_replay,never,681,1150,3,2018-02-23T12:56:15.896786,5000,0.0,0.0,0.0,5000,0,0,False,False,0
gnn_ewc_replay,never,682,1151,3,2018-02-23T12:58:52.453245,5000,0.0,0.0,0.0,5000,0,0,False,False,0
gnn_ewc_replay,never,683,1153,3,2018-02-23T13:05:38.989341,5000,0.0,0.0,0.0,5000,0,0,False,False,0
gnn_ewc_replay,never,684,1154,3,2018-02-23T13:09:20.114860,5000,0.0,0.0,0.0,5000,0,0,False,False,0
gnn_ewc_replay,never,685,1155,3,2018-02-23T13:12:11.752301,5000,0.0,0.0,0.0,5000,0,0,False,False,0
gnn_ewc_replay,never,686,1157,3,2018-02-23T13:18:32.169503,5000,0.0,0.0,0.0,5000,0,0,False,False,0
gnn_ewc_replay,never,687,1158,3,2018-02-23T13:21:19.061604,5000,0.0,0.0,0.0,5000,0,0,False,False,0
gnn_ewc_replay,never,688,1160,3,2018-02-23T13:27:31.126923,5000,0.0,0.0,0.0,5000,0,0,False,False,0
gnn_ewc_replay,never,689,1161,3,2018-02-23T13:30:09.515561,5000,0.0,0.0,0.0,5000,0,0,False,False,0
gnn_ewc_replay,never,690,1163,3,2018-02-23T13:36:12.594628,5000,0.0,0.0,0.0,5000,0,0,False,False,0
gnn_ewc_replay,never,691,1164,3,2018-02-23T13:38:39.776922,5000,0.0,0.0,0.0,5000,0,0,False,False,0
gnn_ewc_replay,never,692,1165,3,2018-02-23T13:41:45.046582,5000,0.0,0.0,0.0,5000,0,0,False,False,0
gnn_ewc_replay,never,693,1167,3,2018-02-23T13:46:50.083322,5000,0.0,0.0,0.0,5000,0,0,False,False,0
gnn_ewc_replay,never,694,1168,3,2018-02-23T13:49:32.621200,5000,0.0,0.0,0.0,5000,0,0,False,False,0
gnn_ewc_replay,never,695,1170,3,2018-02-23T13:55:07.946880,5000,0.0,0.0,0.0,5000,0,0,False,False,0
gnn_ewc_replay,never,696,1171,3,2018-02-23T13:57:55.985829,5000,0.0,0.0,0.0,5000,0,0,False,False,0
gnn_ewc_replay,never,697,1173,3,2018-02-23T14:03:41.073206,5000,0.0,0.0,0.0,5000,0,0,False,False,0
gnn_ewc_replay,never,698,1174,3,2018-02-23T14:06:05.109537,5000,0.0,0.0,0.0,5000,0,0,False,False,0
gnn_ewc_replay,never,699,1175,3,2018-02-23T14:09:06.028000,5000,0.0004,0.0004,0.0004,5000,0,0,False,False,0
gnn_ewc_replay,never,700,1177,3,2018-02-23T14:15:33.581575,5000,0.0,0.0,0.0,5000,0,0,False,False,0
gnn_ewc_replay,never,701,1178,3,2018-02-23T14:18:00.745619,5000,0.0,0.0,0.0,5000,0,0,False,False,0
gnn_ewc_replay,never,702,1180,3,2018-02-23T14:23:00.014529,5000,0.0002,0.0002,0.0002,5000,0,0,False,False,0
gnn_ewc_replay,never,703,1181,3,2018-02-23T14:26:30.212557,5000,0.0004,0.0004,0.0004,5000,0,0,False,False,0
gnn_ewc_replay,never,704,1183,3,2018-02-23T14:31:58.475941,5000,0.0002,0.0002,0.0002,5000,0,0,False,False,0
gnn_ewc_replay,never,705,1184,3,2018-02-23T14:34:52.154394,5000,0.0,0.0,0.0,5000,0,0,False,False,0
gnn_ewc_replay,never,706,1185,3,2018-02-23T14:37:46.334109,5000,0.0,0.0,0.0,5000,0,0,False,False,0
gnn_ewc_replay,never,707,1187,3,2018-02-23T14:43:36.607549,5000,0.0,0.0,0.0,5000,0,0,False,False,0
gnn_ewc_replay,never,708,1188,3,2018-02-23T14:45:56.733954,5000,0.0002,0.0002,0.0002,5000,0,0,False,False,0
gnn_ewc_replay,never,709,1190,3,2018-02-23T14:51:11.567659,5000,0.0,0.0,0.0,5000,0,0,False,False,0
gnn_ewc_replay,never,710,1191,3,2018-02-23T14:53:55.266486,5000,0.0,0.0,0.0,5000,0,0,False,False,0
gnn_ewc_replay,never,711,1193,3,2018-02-23T14:59:08.447524,5000,0.0,0.0,0.0,5000,0,0,False,False,0
gnn_ewc_replay,never,712,1194,3,2018-02-23T15:01:53.262327,5000,0.0,0.0,0.0,5000,0,0,False,False,0
gnn_ewc_replay,never,713,1195,3,2018-02-23T15:04:36.624933,5000,0.0,0.0,0.0,5000,0,0,False,False,0
gnn_ewc_replay,never,714,1197,3,2018-02-23T15:10:27.717534,5000,0.0,0.0,0.0,5000,0,0,False,False,0
gnn_ewc_replay,never,715,1198,3,2018-02-23T15:12:46.906000,5000,0.0,0.0,0.0,5000,0,0,False,False,0
gnn_ewc_replay,never,716,1200,3,2018-02-23T15:17:58.396117,5000,0.0,0.0,0.0,5000,0,0,False,False,0
gnn_ewc_replay,never,717,1201,3,2018-02-23T15:20:30.772290,5000,0.0,0.0,0.0,5000,0,0,False,False,0
gnn_ewc_replay,never,718,1203,3,2018-02-23T15:25:48.035278,5000,0.0,0.0,0.0,5000,0,0,False,False,0
gnn_ewc_replay,never,719,1204,3,2018-02-23T15:28:30.739814,5000,0.0,0.0,0.0,5000,0,0,False,False,0
gnn_ewc_replay,never,720,1205,3,2018-02-23T15:31:10.123681,5000,0.0,0.0,0.0,5000,0,0,False,False,0
gnn_ewc_replay,never,721,1207,3,2018-02-23T15:37:05.863562,5000,0.0,0.0,0.0,5000,0,0,False,False,0
gnn_ewc_replay,never,722,1208,3,2018-02-23T15:39:48.518342,5000,0.0,0.0,0.0,5000,0,0,False,False,0
gnn_ewc_replay,never,723,1210,3,2018-02-23T15:45:11.926641,5000,0.0,0.0,0.0,5000,0,0,False,False,0
gnn_ewc_replay,never,724,1211,3,2018-02-23T15:47:50.059692,5000,0.0,0.0,0.0,5000,0,0,False,False,0
gnn_ewc_replay,never,725,1213,3,2018-02-23T15:53:19.035799,5000,0.0,0.0,0.0,5000,0,0,False,False,0
gnn_ewc_replay,never,726,1214,3,2018-02-23T15:56:14.772567,5000,0.0,0.0,0.0,5000,0,0,False,False,0
gnn_ewc_replay,never,727,1215,3,2018-02-23T15:58:53.688379,5000,0.0,0.0,0.0,5000,0,0,False,False,0
gnn_ewc_replay,never,728,1217,3,2018-02-23T16:05:41.207430,5000,0.0,0.0,0.0,5000,0,0,False,False,0
gnn_ewc_replay,never,729,1218,3,2018-02-23T16:10:02.413066,5000,0.0,0.0,0.0,5000,0,0,False,False,0
gnn_ewc_replay,never,730,1220,3,2018-02-23T16:17:44.426538,5000,0.0,0.0,0.0,5000,0,0,False,False,0
gnn_ewc_replay,never,731,1221,3,2018-02-23T16:21:10.297425,5000,0.0,0.0,0.0,5000,0,0,False,False,0
gnn_ewc_replay,never,732,1223,3,2018-02-23T16:29:08.115870,5000,0.0,0.0,0.0,5000,0,0,False,False,0
gnn_ewc_replay,never,733,1224,3,2018-02-23T16:33:10.671253,5000,0.0,0.0,0.0,5000,0,0,False,False,0
gnn_ewc_replay,never,734,1225,3,2018-02-23T16:37:26.898811,5000,0.0,0.0,0.0,5000,0,0,False,False,0
gnn_ewc_replay,never,735,1227,3,2018-02-23T16:46:46.164231,5000,0.0,0.0,0.0,5000,0,0,False,False,0
gnn_ewc_replay,never,736,1228,3,2018-02-23T16:50:59.342386,5000,0.0,0.0,0.0,5000,0,0,False,False,0
gnn_ewc_replay,never,737,1230,3,2018-02-23T17:00:07.860786,5000,0.0,0.0,0.0,5000,0,0,False,False,0
gnn_ewc_replay,never,738,1231,3,2018-02-23T17:05:03.396238,5000,0.0002,0.0002,0.0002,5000,0,0,False,False,0
gnn_ewc_replay,never,739,1233,3,2018-02-23T17:12:25.620552,5000,0.0002,0.0002,0.0002,5000,0,0,False,False,0
gnn_ewc_replay,never,740,1234,3,2018-02-23T17:15:34.943329,5000,0.0,0.0,0.0,5000,0,0,False,False,0
gnn_ewc_replay,never,741,1235,3,2018-02-23T17:19:13.792941,5000,0.0,0.0,0.0,5000,0,0,False,False,0
gnn_ewc_replay,never,742,1237,3,2018-02-23T17:26:01.631852,5000,0.0002,0.0002,0.0002,5000,0,0,False,False,0
gnn_ewc_replay,never,743,1238,3,2018-02-23T17:29:13.887991,5000,0.0002,0.0002,0.0002,5000,0,0,False,False,0
gnn_ewc_replay,never,744,1240,3,2018-02-23T17:35:37.033764,5000,0.0,0.0,0.0,5000,0,0,False,False,0
gnn_ewc_replay,never,745,1241,3,2018-02-23T17:38:16.363984,5000,0.0002,0.0002,0.0002,5000,0,0,False,False,0
gnn_ewc_replay,never,746,1243,3,2018-02-23T17:43:49.857087,5000,0.0,0.0,0.0,5000,0,0,False,False,0
gnn_ewc_replay,never,747,1244,3,2018-02-23T17:46:42.635967,5000,0.0002,0.0002,0.0002,5000,0,0,False,False,0
gnn_ewc_replay,never,748,1245,3,2018-02-23T17:49:57.746133,5000,0.0,0.0,0.0,5000,0,0,False,False,0
gnn_ewc_replay,never,749,1247,3,2018-02-23T17:55:48.699034,5000,0.0002,0.0002,0.0002,5000,0,0,False,False,0
gnn_ewc_replay,never,750,1248,3,2018-02-23T17:58:52.281133,5000,0.0002,0.0002,0.0002,5000,0,0,False,False,0
gnn_ewc_replay,never,751,1250,3,2018-02-23T18:04:48.367862,5000,0.0,0.0,0.0,5000,0,0,False,False,0
gnn_ewc_replay,never,752,1251,3,2018-02-23T18:08:14.591926,5000,0.0,0.0,0.0,5000,0,0,False,False,0
gnn_ewc_replay,never,753,1253,3,2018-02-23T18:14:52.243703,5000,0.0,0.0,0.0,5000,0,0,False,False,0
gnn_ewc_replay,never,754,1254,3,2018-02-23T18:18:11.941351,5000,0.0,0.0,0.0,5000,0,0,False,False,0
gnn_ewc_replay,never,755,1255,3,2018-02-23T18:21:40.551335,5000,0.0,0.0,0.0,5000,0,0,False,False,0
gnn_ewc_replay,never,756,1257,3,2018-02-23T18:28:30.015996,5000,0.0,0.0,0.0,5000,0,0,False,False,0
gnn_ewc_replay,never,757,1258,3,2018-02-23T18:31:27.836891,5000,0.0,0.0,0.0,5000,0,0,False,False,0
gnn_ewc_replay,never,758,1260,3,2018-02-23T18:37:42.976461,5000,0.0,0.0,0.0,5000,0,0,False,False,0
gnn_ewc_replay,never,759,1261,3,2018-02-23T18:41:19.595475,5000,0.0,0.0,0.0,5000,0,0,False,False,0
gnn_ewc_replay,never,760,1263,3,2018-02-23T18:47:45.126894,5000,0.0,0.0,0.0,5000,0,0,False,False,0
gnn_ewc_replay,never,761,1264,3,2018-02-23T18:51:18.180413,5000,0.0,0.0,0.0,5000,0,0,False,False,0
gnn_ewc_replay,never,762,1265,3,2018-02-23T18:55:03.901317,5000,0.0,0.0,0.0,5000,0,0,False,False,0
gnn_ewc_replay,never,763,1267,3,2018-02-23T19:00:49.229977,5000,0.0,0.0,0.0,5000,0,0,False,False,0
gnn_ewc_replay,never,764,1268,3,2018-02-23T19:03:48.711884,5000,0.0002,0.0002,0.0002,5000,0,0,False,False,0
gnn_ewc_replay,never,765,1270,3,2018-02-23T19:10:06.621920,5000,0.0002,0.0002,0.0002,5000,0,0,False,False,0
gnn_ewc_replay,never,766,1271,3,2018-02-23T19:13:22.474245,5000,0.0006,0.0006,0.0006,5000,0,0,False,False,0
gnn_ewc_replay,never,767,1273,3,2018-02-23T19:19:29.224932,5000,0.0,0.0,0.0,5000,0,0,False,False,0
gnn_ewc_replay,never,768,1274,3,2018-02-23T19:22:50.355858,5000,0.0,0.0,0.0,5000,0,0,False,False,0
gnn_ewc_replay,never,769,1275,3,2018-02-23T19:25:49.835989,5000,0.0,0.0,0.0,5000,0,0,False,False,0
gnn_ewc_replay,never,770,1277,3,2018-02-23T19:30:46.057133,5000,0.0,0.0,0.0,5000,0,0,False,False,0
gnn_ewc_replay,never,771,1278,3,2018-02-23T19:33:23.811232,5000,0.0,0.0,0.0,5000,0,0,False,False,0
gnn_ewc_replay,never,772,1280,3,2018-02-23T19:39:55.467374,5000,0.0,0.0,0.0,5000,0,0,False,False,0
gnn_ewc_replay,never,773,1281,3,2018-02-23T19:43:16.760167,5000,0.0,0.0,0.0,5000,0,0,False,False,0
gnn_ewc_replay,never,774,1283,3,2018-02-23T19:50:00.590119,5000,0.0,0.0,0.0,5000,0,0,False,False,0
gnn_ewc_replay,never,775,1284,3,2018-02-23T19:53:33.898942,5000,0.0,0.0,0.0,5000,0,0,False,False,0
gnn_ewc_replay,never,776,1285,3,2018-02-23T19:56:59.056576,5000,0.0,0.0,0.0,5000,0,0,False,False,0
gnn_ewc_replay,never,777,1287,3,2018-02-23T20:02:31.395007,5000,0.0,0.0,0.0,5000,0,0,False,False,0
gnn_ewc_replay,never,778,1288,3,2018-02-23T20:05:33.347967,5000,0.0,0.0,0.0,5000,0,0,False,False,0
gnn_ewc_replay,never,779,1290,3,2018-02-23T20:12:08.276537,5000,0.0,0.0,0.0,5000,0,0,False,False,0
gnn_ewc_replay,never,780,1291,3,2018-02-23T20:15:18.197843,5000,0.0,0.0,0.0,5000,0,0,False,False,0
gnn_ewc_replay,never,781,1293,3,2018-02-23T20:21:26.727925,5000,0.0,0.0,0.0,5000,0,0,False,False,0
gnn_ewc_replay,never,782,1294,3,2018-02-23T20:24:17.712717,5000,0.0,0.0,0.0,5000,0,0,False,False,0
gnn_ewc_replay,never,783,1295,3,2018-02-23T20:26:52.497035,5000,0.0,0.0,0.0,5000,0,0,False,False,0
gnn_ewc_replay,never,784,1297,3,2018-02-23T20:31:48.191737,5000,0.0,0.0,0.0,5000,0,0,False,False,0
gnn_ewc_replay,never,785,1298,3,2018-02-23T20:34:39.113935,5000,0.0,0.0,0.0,5000,0,0,False,False,0
gnn_ewc_replay,never,786,1300,3,2018-02-23T20:40:43.639818,5000,0.0,0.0,0.0,5000,0,0,False,False,0
gnn_ewc_replay,never,787,1301,3,2018-02-23T20:43:46.091579,5000,0.0,0.0,0.0,5000,0,0,False,False,0
gnn_ewc_replay,never,788,1303,3,2018-02-23T20:49:37.709236,5000,0.0,0.0,0.0,5000,0,0,False,False,0
gnn_ewc_replay,never,789,1304,3,2018-02-23T20:52:44.842527,5000,0.0,0.0,0.0,5000,0,0,False,False,0
gnn_ewc_replay,never,790,1305,3,2018-02-23T20:55:38.980293,5000,0.0,0.0,0.0,5000,0,0,False,False,0
gnn_ewc_replay,never,791,1307,3,2018-02-23T21:01:10.570278,5000,0.0,0.0,0.0,5000,0,0,False,False,0
gnn_ewc_replay,never,792,1308,3,2018-02-23T21:05:05.156033,5000,0.0,0.0,0.0,5000,0,0,False,False,0
gnn_ewc_replay,never,793,1310,3,2018-02-23T21:14:12.567176,5000,0.0,0.0,0.0,5000,0,0,False,False,0
gnn_ewc_replay,never,794,1311,3,2018-02-23T21:18:09.695467,5000,0.0,0.0,0.0,5000,0,0,False,False,0
gnn_ewc_replay,never,795,1313,3,2018-02-23T21:27:55.011453,5604,0.0,0.0,0.0,5604,0,0,False,False,0
gnn_ewc_replay,never,796,1314,4,2018-02-28T12:20:49.532235,5000,0.0,0.0,0.0,5000,0,0,False,False,0
gnn_ewc_replay,never,797,1315,4,2018-02-28T12:22:06.840257,5000,0.0,0.0,0.0,5000,0,0,False,False,0
gnn_ewc_replay,never,798,1317,4,2018-02-28T12:25:38.748901,5000,0.0,0.0,0.0,5000,0,0,False,False,0
gnn_ewc_replay,never,799,1318,4,2018-02-28T12:27:25.213946,5000,0.0,0.0,0.0,5000,0,0,False,False,0
gnn_ewc_replay,never,800,1320,4,2018-02-28T12:31:45.331111,5000,0.0,0.0,0.0,5000,0,0,False,False,0
gnn_ewc_replay,never,801,1321,4,2018-02-28T12:34:21.556158,5000,0.0,0.0,0.0,5000,0,0,False,False,0
gnn_ewc_replay,never,802,1323,4,2018-02-28T12:39:13.393959,5000,0.0,0.0,0.0,5000,0,0,False,False,0
gnn_ewc_replay,never,803,1324,4,2018-02-28T12:41:55.417144,5000,0.0,0.0,0.0,5000,0,0,False,False,0
gnn_ewc_replay,never,804,1325,4,2018-02-28T12:44:27.752984,5000,0.0,0.0,0.0,5000,0,0,False,False,0
gnn_ewc_replay,never,805,1327,4,2018-02-28T12:49:25.399802,5000,0.0,0.0,0.0,5000,0,0,False,False,0
gnn_ewc_replay,never,806,1328,4,2018-02-28T12:51:29.821957,5000,0.0,0.0,0.0,5000,0,0,False,False,0
gnn_ewc_replay,never,807,1330,4,2018-02-28T12:55:06.316320,5000,0.0,0.0,0.0,5000,0,0,False,False,0
gnn_ewc_replay,never,808,1331,4,2018-02-28T12:57:22.259937,5000,0.0,0.0,0.0,5000,0,0,False,False,0
gnn_ewc_replay,never,809,1333,4,2018-02-28T13:02:16.406810,5000,0.0,0.0,0.0,5000,0,0,False,False,0
gnn_ewc_replay,never,810,1334,4,2018-02-28T13:05:06.021406,5000,0.0,0.0,0.0,5000,0,0,False,False,0
gnn_ewc_replay,never,811,1335,4,2018-02-28T13:07:38.934363,5000,0.0,0.0,0.0,5000,0,0,False,False,0
gnn_ewc_replay,never,812,1337,4,2018-02-28T13:13:23.378287,5000,0.0,0.0,0.0,5000,0,0,False,False,0
gnn_ewc_replay,never,813,1338,4,2018-02-28T13:15:59.296789,5000,0.0,0.0,0.0,5000,0,0,False,False,0
gnn_ewc_replay,never,814,1340,4,2018-02-28T13:21:53.624387,5000,0.0,0.0,0.0,5000,0,0,False,False,0
gnn_ewc_replay,never,815,1341,4,2018-02-28T13:24:27.669208,5000,0.0,0.0,0.0,5000,0,0,False,False,0
gnn_ewc_replay,never,816,1343,4,2018-02-28T13:29:52.870904,5000,0.0,0.0,0.0,5000,0,0,False,False,0
gnn_ewc_replay,never,817,1344,4,2018-02-28T13:33:09.557416,5000,0.0,0.0,0.0,5000,0,0,False,False,0
gnn_ewc_replay,never,818,1345,4,2018-02-28T13:36:01.182456,5000,0.0,0.0,0.0,5000,0,0,False,False,0
gnn_ewc_replay,never,819,1347,4,2018-02-28T13:41:44.877925,5000,0.0,0.0,0.0,5000,0,0,False,False,0
gnn_ewc_replay,never,820,1348,4,2018-02-28T13:44:02.117449,5000,0.0,0.0,0.0,5000,0,0,False,False,0
gnn_ewc_replay,never,821,1350,4,2018-02-28T13:50:08.770395,5000,0.0,0.0,0.0,5000,0,0,False,False,0
gnn_ewc_replay,never,822,1351,4,2018-02-28T13:52:31.281274,5000,0.0,0.0,0.0,5000,0,0,False,False,0
gnn_ewc_replay,never,823,1353,4,2018-02-28T13:57:38.785509,5000,0.0,0.0,0.0,5000,0,0,False,False,0
gnn_ewc_replay,never,824,1354,4,2018-02-28T14:00:38.814641,5000,0.0,0.0,0.0,5000,0,0,False,False,0
gnn_ewc_replay,never,825,1355,4,2018-02-28T14:03:42.546675,5000,0.0,0.0,0.0,5000,0,0,False,False,0
gnn_ewc_replay,never,826,1357,4,2018-02-28T14:09:54.693761,5000,0.0,0.0,0.0,5000,0,0,False,False,0
gnn_ewc_replay,never,827,1358,4,2018-02-28T14:13:00.975538,5000,0.0,0.0,0.0,5000,0,0,False,False,0
gnn_ewc_replay,never,828,1360,4,2018-02-28T14:19:08.648193,5000,0.0,0.0,0.0,5000,0,0,False,False,0
gnn_ewc_replay,never,829,1361,4,2018-02-28T14:21:55.569242,5000,0.0,0.0,0.0,5000,0,0,False,False,0
gnn_ewc_replay,never,830,1363,4,2018-02-28T14:27:31.701518,5000,0.0,0.0,0.0,5000,0,0,False,False,0
gnn_ewc_replay,never,831,1364,4,2018-02-28T14:30:13.816109,5000,0.0,0.0,0.0,5000,0,0,False,False,0
gnn_ewc_replay,never,832,1365,4,2018-02-28T14:33:12.936357,5000,0.0002,0.0002,0.0002,5000,0,0,False,False,0
gnn_ewc_replay,never,833,1367,4,2018-02-28T14:39:04.187946,5000,0.0,0.0,0.0,5000,0,0,False,False,0
gnn_ewc_replay,never,834,1368,4,2018-02-28T14:41:25.955365,5000,0.0004,0.0004,0.0004,5000,0,0,False,False,0
gnn_ewc_replay,never,835,1370,4,2018-02-28T14:47:36.782158,5000,0.069,0.069,0.069,5000,0,0,False,False,0
gnn_ewc_replay,never,836,1371,4,2018-02-28T14:50:08.353767,5000,0.0068,0.0068,0.0068,5000,0,0,False,False,0
gnn_ewc_replay,never,837,1373,4,2018-02-28T14:54:44.186051,5000,0.0072,0.0072,0.0072,5000,0,0,False,False,0
gnn_ewc_replay,never,838,1374,4,2018-02-28T14:57:05.431808,5000,0.0032,0.0032,0.0032,5000,0,0,False,False,0
gnn_ewc_replay,never,839,1375,4,2018-02-28T14:59:33.053335,5000,0.0696,0.0696,0.0696,5000,0,0,False,False,0
gnn_ewc_replay,never,840,1377,4,2018-02-28T15:03:57.570596,5000,0.1268,0.1268,0.1268,5000,0,0,False,False,0
gnn_ewc_replay,never,841,1378,4,2018-02-28T15:06:24.168581,5000,0.0008,0.0008,0.0008,5000,0,0,False,False,0
gnn_ewc_replay,never,842,1380,4,2018-02-28T15:11:04.210320,5000,0.0662,0.0662,0.0662,5000,0,0,False,False,0
gnn_ewc_replay,never,843,1381,4,2018-02-28T15:13:34.645830,5000,0.0058,0.0058,0.0058,5000,0,0,False,False,0
gnn_ewc_replay,never,844,1383,4,2018-02-28T15:18:21.785499,5000,0.0054,0.0054,0.0054,5000,0,0,False,False,0
gnn_ewc_replay,never,845,1384,4,2018-02-28T15:20:54.698971,5000,0.0036,0.0036,0.0036,5000,0,0,False,False,0
gnn_ewc_replay,never,846,1385,4,2018-02-28T15:23:07.882409,5000,0.0632,0.0632,0.0632,5000,0,0,False,False,0
gnn_ewc_replay,never,847,1387,4,2018-02-28T15:27:56.536358,5000,0.1372,0.1372,0.1372,5000,0,0,False,False,0
gnn_ewc_replay,never,848,1388,4,2018-02-28T15:30:11.356835,5000,0.0012,0.0012,0.0012,5000,0,0,False,False,0
gnn_ewc_replay,never,849,1390,4,2018-02-28T15:35:21.561176,5000,0.0,0.0,0.0,5000,0,0,False,False,0
gnn_ewc_replay,never,850,1391,4,2018-02-28T15:38:10.710592,5000,0.0,0.0,0.0,5000,0,0,False,False,0
gnn_ewc_replay,never,851,1393,4,2018-02-28T15:43:52.950707,5000,0.0,0.0,0.0,5000,0,0,False,False,0
gnn_ewc_replay,never,852,1394,4,2018-02-28T15:46:30.985337,5000,0.0,0.0,0.0,5000,0,0,False,False,0
gnn_ewc_replay,never,853,1395,4,2018-02-28T15:49:00.917873,5000,0.0,0.0,0.0,5000,0,0,False,False,0
gnn_ewc_replay,never,854,1397,4,2018-02-28T15:54:06.057063,5000,0.0014,0.0014,0.0014,5000,0,0,False,False,0
gnn_ewc_replay,never,855,1398,4,2018-02-28T15:57:04.923255,5000,0.054,0.054,0.054,5000,0,0,False,False,0
gnn_ewc_replay,never,856,1400,4,2018-02-28T16:02:09.587239,5000,0.0068,0.0068,0.0068,5000,0,0,False,False,0
gnn_ewc_replay,never,857,1401,4,2018-02-28T16:05:18.658555,5000,0.005,0.005,0.005,5000,0,0,False,False,0
gnn_ewc_replay,never,858,1403,4,2018-02-28T16:12:02.345269,5000,0.0,0.0,0.0,5000,0,0,False,False,0
gnn_ewc_replay,never,859,1404,4,2018-02-28T16:15:09.707057,5000,0.0,0.0,0.0,5000,0,0,False,False,0
gnn_ewc_replay,never,860,1405,4,2018-02-28T16:18:06.285557,5000,0.0,0.0,0.0,5000,0,0,False,False,0
gnn_ewc_replay,never,861,1407,4,2018-02-28T16:24:34.001770,5000,0.0,0.0,0.0,5000,0,0,False,False,0
gnn_ewc_replay,never,862,1408,4,2018-02-28T16:27:34.199407,5000,0.0,0.0,0.0,5000,0,0,False,False,0
gnn_ewc_replay,never,863,1410,4,2018-02-28T16:33:19.721137,5000,0.0,0.0,0.0,5000,0,0,False,False,0
gnn_ewc_replay,never,864,1411,4,2018-02-28T16:37:39.052452,5000,0.0,0.0,0.0,5000,0,0,False,False,0
gnn_ewc_replay,never,865,1413,4,2018-02-28T16:45:54.571979,5000,0.0,0.0,0.0,5000,0,0,False,False,0
gnn_ewc_replay,never,866,1414,4,2018-02-28T16:50:17.910129,5000,0.0,0.0,0.0,5000,0,0,False,False,0
gnn_ewc_replay,never,867,1415,4,2018-02-28T16:54:59.065774,5000,0.0,0.0,0.0,5000,0,0,False,False,0
gnn_ewc_replay,never,868,1417,4,2018-02-28T17:02:54.724196,5000,0.0,0.0,0.0,5000,0,0,False,False,0
gnn_ewc_replay,never,869,1418,4,2018-02-28T17:06:54.807149,5000,0.0,0.0,0.0,5000,0,0,False,False,0
gnn_ewc_replay,never,870,1420,4,2018-02-28T17:13:13.457161,5000,0.0,0.0,0.0,5000,0,0,False,False,0
gnn_ewc_replay,never,871,1421,4,2018-02-28T17:16:01.301485,5000,0.0,0.0,0.0,5000,0,0,False,False,0
gnn_ewc_replay,never,872,1423,4,2018-02-28T17:22:12.606669,5000,0.0,0.0,0.0,5000,0,0,False,False,0
gnn_ewc_replay,never,873,1424,4,2018-02-28T17:25:20.221268,5000,0.0,0.0,0.0,5000,0,0,False,False,0
gnn_ewc_replay,never,874,1425,4,2018-02-28T17:28:05.833656,5000,0.0,0.0,0.0,5000,0,0,False,False,0
gnn_ewc_replay,never,875,1427,4,2018-02-28T17:33:29.414937,5000,0.0,0.0,0.0,5000,0,0,False,False,0
gnn_ewc_replay,never,876,1428,4,2018-02-28T17:36:41.180412,5000,0.0,0.0,0.0,5000,0,0,False,False,0
gnn_ewc_replay,never,877,1430,4,2018-02-28T17:42:02.186626,5000,0.0006,0.0006,0.0006,5000,0,0,False,False,0
gnn_ewc_replay,never,878,1431,4,2018-02-28T17:44:47.160978,5000,0.0058,0.0058,0.0058,5000,0,0,False,False,0
gnn_ewc_replay,never,879,1433,4,2018-02-28T17:50:01.719578,5000,0.0024,0.0024,0.0024,5000,0,0,False,False,0
gnn_ewc_replay,never,880,1434,4,2018-02-28T17:52:28.092416,5000,0.0064,0.0064,0.0064,5000,0,0,False,False,0
gnn_ewc_replay,never,881,1435,4,2018-02-28T17:55:18.244775,5000,0.0624,0.0624,0.0624,5000,0,0,False,False,0
gnn_ewc_replay,never,882,1437,4,2018-02-28T18:00:28.804180,5000,0.0012,0.0012,0.0012,5000,0,0,False,False,0
gnn_ewc_replay,never,883,1438,4,2018-02-28T18:03:36.768014,5000,0.0684,0.0684,0.0684,5000,0,0,False,False,0
gnn_ewc_replay,never,884,1440,4,2018-02-28T18:09:36.154316,5000,0.106,0.106,0.106,5000,0,0,False,False,0
gnn_ewc_replay,never,885,1441,4,2018-02-28T18:11:54.190650,5000,0.0,0.0,0.0,5000,0,0,False,False,0
gnn_ewc_replay,never,886,1443,4,2018-02-28T18:17:11.691884,5000,0.0034,0.0034,0.0034,5000,0,0,False,False,0
gnn_ewc_replay,never,887,1444,4,2018-02-28T18:19:56.207519,5000,0.0052,0.0052,0.0052,5000,0,0,False,False,0
gnn_ewc_replay,never,888,1445,4,2018-02-28T18:22:43.683860,5000,0.0642,0.0642,0.0642,5000,0,0,False,False,0
gnn_ewc_replay,never,889,1447,4,2018-02-28T18:28:09.321869,5000,0.0044,0.0044,0.0044,5000,0,0,False,False,0
gnn_ewc_replay,never,890,1448,4,2018-02-28T18:30:34.210108,5000,0.0554,0.0554,0.0554,5000,0,0,False,False,0
gnn_ewc_replay,never,891,1450,4,2018-02-28T18:35:36.335443,5000,0.1282,0.1282,0.1282,5000,0,0,False,False,0
gnn_ewc_replay,never,892,1451,4,2018-02-28T18:38:00.499566,5000,0.0028,0.0028,0.0028,5000,0,0,False,False,0
gnn_ewc_replay,never,893,1453,4,2018-02-28T18:43:12.388992,5000,0.0,0.0,0.0,5000,0,0,False,False,0
gnn_ewc_replay,never,894,1454,4,2018-02-28T18:45:49.195459,5000,0.0,0.0,0.0,5000,0,0,False,False,0
gnn_ewc_replay,never,895,1455,4,2018-02-28T18:48:33.342436,5000,0.0,0.0,0.0,5000,0,0,False,False,0
gnn_ewc_replay,never,896,1457,4,2018-02-28T18:54:20.026510,5000,0.0,0.0,0.0,5000,0,0,False,False,0
gnn_ewc_replay,never,897,1458,4,2018-02-28T18:57:33.052350,5000,0.0,0.0,0.0,5000,0,0,False,False,0
gnn_ewc_replay,never,898,1460,4,2018-02-28T19:03:02.191273,5000,0.0,0.0,0.0,5000,0,0,False,False,0
gnn_ewc_replay,never,899,1461,4,2018-02-28T19:06:08.091231,5000,0.0,0.0,0.0,5000,0,0,False,False,0
gnn_ewc_replay,never,900,1463,4,2018-02-28T19:11:34.355578,5000,0.0,0.0,0.0,5000,0,0,False,False,0
gnn_ewc_replay,never,901,1464,4,2018-02-28T19:14:22.282480,5000,0.0,0.0,0.0,5000,0,0,False,False,0
gnn_ewc_replay,never,902,1465,4,2018-02-28T19:17:01.744068,5000,0.0,0.0,0.0,5000,0,0,False,False,0
gnn_ewc_replay,never,903,1467,4,2018-02-28T19:22:08.014324,5000,0.0,0.0,0.0,5000,0,0,False,False,0
gnn_ewc_replay,never,904,1468,4,2018-02-28T19:25:07.175020,5000,0.0,0.0,0.0,5000,0,0,False,False,0
gnn_ewc_replay,never,905,1470,4,2018-02-28T19:31:18.983100,5000,0.0,0.0,0.0,5000,0,0,False,False,0
gnn_ewc_replay,never,906,1471,4,2018-02-28T19:34:19.111752,5000,0.0,0.0,0.0,5000,0,0,False,False,0
gnn_ewc_replay,never,907,1473,4,2018-02-28T19:40:58.205859,5000,0.0,0.0,0.0,5000,0,0,False,False,0
gnn_ewc_replay,never,908,1474,4,2018-02-28T19:43:06.156822,5000,0.0,0.0,0.0,5000,0,0,False,False,0
gnn_ewc_replay,never,909,1475,4,2018-02-28T19:45:02.791453,5000,0.0,0.0,0.0,5000,0,0,False,False,0
gnn_ewc_replay,never,910,1477,4,2018-02-28T19:49:09.409491,5000,0.0,0.0,0.0,5000,0,0,False,False,0
gnn_ewc_replay,never,911,1478,4,2018-02-28T19:51:42.278805,5000,0.0,0.0,0.0,5000,0,0,False,False,0
gnn_ewc_replay,never,912,1480,4,2018-02-28T19:57:40.667750,5000,0.0,0.0,0.0,5000,0,0,False,False,0
gnn_ewc_replay,never,913,1481,4,2018-02-28T20:00:39.505392,5000,0.0,0.0,0.0,5000,0,0,False,False,0
gnn_ewc_replay,never,914,1483,4,2018-02-28T20:06:05.922387,5000,0.0,0.0,0.0,5000,0,0,False,False,0
gnn_ewc_replay,never,915,1484,4,2018-02-28T20:08:53.087328,5000,0.0,0.0,0.0,5000,0,0,False,False,0
gnn_ewc_replay,never,916,1485,4,2018-02-28T20:11:32.136790,5000,0.0,0.0,0.0,5000,0,0,False,False,0
gnn_ewc_replay,never,917,1487,4,2018-02-28T20:16:57.996608,5000,0.0002,0.0002,0.0,4999,1,0,False,False,0
gnn_ewc_replay,never,918,1488,4,2018-02-28T20:19:21.135614,5000,0.0,0.0,0.0,5000,0,0,False,False,0
gnn_ewc_replay,never,919,1490,4,2018-02-28T20:24:58.930403,5000,0.0,0.0,0.0,5000,0,0,False,False,0
gnn_ewc_replay,never,920,1491,4,2018-02-28T20:28:10.811457,5000,0.0,0.0,0.0,5000,0,0,False,False,0
gnn_ewc_replay,never,921,1493,4,2018-02-28T20:33:46.211347,5000,0.0,0.0,0.0,5000,0,0,False,False,0
gnn_ewc_replay,never,922,1494,4,2018-02-28T20:36:35.016953,5000,0.0,0.0,0.0,5000,0,0,False,False,0
gnn_ewc_replay,never,923,1495,4,2018-02-28T20:39:14.222126,5000,0.0,0.0,0.0,5000,0,0,False,False,0
gnn_ewc_replay,never,924,1497,4,2018-02-28T20:45:04.579952,5000,0.0,0.0,0.0,5000,0,0,False,False,0
gnn_ewc_replay,never,925,1498,4,2018-02-28T20:48:03.991325,5000,0.0,0.0,0.0,5000,0,0,False,False,0
gnn_ewc_replay,never,926,1500,4,2018-02-28T20:53:48.418987,5000,0.0,0.0,0.0,5000,0,0,False,False,0
gnn_ewc_replay,never,927,1501,4,2018-02-28T20:56:48.491000,5000,0.0,0.0,0.0,5000,0,0,False,False,0
gnn_ewc_replay,never,928,1503,4,2018-02-28T21:02:54.491415,5000,0.0,0.0,0.0,5000,0,0,False,False,0
gnn_ewc_replay,never,929,1504,4,2018-02-28T21:06:43.660797,5000,0.0,0.0,0.0,5000,0,0,False,False,0
gnn_ewc_replay,never,930,1505,4,2018-02-28T21:11:14.689634,5000,0.0,0.0,0.0,5000,0,0,False,False,0
gnn_ewc_replay,never,931,1507,4,2018-02-28T21:19:09.272488,5000,0.0,0.0,0.0,5000,0,0,False,False,0
gnn_ewc_replay,never,932,1508,4,2018-02-28T21:22:51.711468,5000,0.0,0.0,0.0,5000,0,0,False,False,0
gnn_ewc_replay,never,933,1510,4,2018-02-28T21:37:34.367328,5000,0.0,0.0,0.0,5000,0,0,False,False,0
gnn_ewc_replay,never,934,1511,4,2018-03-01T12:15:39.064732,5000,0.0,0.0,0.0,5000,0,0,False,False,0
gnn_ewc_replay,never,935,1513,4,2018-03-01T12:19:54.520816,5000,0.0,0.0,0.0,5000,0,0,False,False,0
gnn_ewc_replay,never,936,1514,4,2018-03-01T12:22:18.749644,5000,0.0,0.0,0.0,5000,0,0,False,False,0
gnn_ewc_replay,never,937,1515,4,2018-03-01T12:25:00.144703,5000,0.0,0.0,0.0,5000,0,0,False,False,0
gnn_ewc_replay,never,938,1517,4,2018-03-01T12:29:38.258143,5000,0.0,0.0,0.0,5000,0,0,False,False,0
gnn_ewc_replay,never,939,1518,4,2018-03-01T12:32:14.296813,5000,0.0,0.0,0.0,5000,0,0,False,False,0
gnn_ewc_replay,never,940,1520,4,2018-03-01T12:38:13.817216,5000,0.0,0.0,0.0,5000,0,0,False,False,0
gnn_ewc_replay,never,941,1521,4,2018-03-01T12:41:37.816560,5000,0.0,0.0,0.0,5000,0,0,False,False,0
gnn_ewc_replay,never,942,1523,4,2018-03-01T12:47:19.681475,5000,0.0,0.0,0.0,5000,0,0,False,False,0
gnn_ewc_replay,never,943,1524,4,2018-03-01T12:50:08.679195,5000,0.0,0.0,0.0,5000,0,0,False,False,0
gnn_ewc_replay,never,944,1525,4,2018-03-01T12:52:44.849046,5000,0.0,0.0,0.0,5000,0,0,False,False,0
gnn_ewc_replay,never,945,1527,4,2018-03-01T12:58:09.517876,5000,0.0,0.0,0.0,5000,0,0,False,False,0
gnn_ewc_replay,never,946,1528,4,2018-03-01T13:01:04.025574,5000,0.0,0.0,0.0,5000,0,0,False,False,0
gnn_ewc_replay,never,947,1530,4,2018-03-01T13:07:26.167718,5000,0.0,0.0,0.0,5000,0,0,False,False,0
gnn_ewc_replay,never,948,1531,4,2018-03-01T13:10:24.497541,5000,0.0,0.0,0.0,5000,0,0,False,False,0
gnn_ewc_replay,never,949,1533,4,2018-03-01T13:16:15.288675,5000,0.0,0.0,0.0,5000,0,0,False,False,0
gnn_ewc_replay,never,950,1534,4,2018-03-01T13:18:50.416620,5000,0.0,0.0,0.0,5000,0,0,False,False,0
gnn_ewc_replay,never,951,1535,4,2018-03-01T13:21:32.793833,5000,0.0,0.0,0.0,5000,0,0,False,False,0
gnn_ewc_replay,never,952,1537,4,2018-03-01T13:27:37.928243,5000,0.0,0.0,0.0,5000,0,0,False,False,0
gnn_ewc_replay,never,953,1538,4,2018-03-01T13:30:03.559592,5000,0.0,0.0,0.0,5000,0,0,False,False,0
gnn_ewc_replay,never,954,1540,4,2018-03-01T13:36:08.355775,5000,0.0,0.0,0.0,5000,0,0,False,False,0
gnn_ewc_replay,never,955,1541,4,2018-03-01T13:38:26.280661,5000,0.0,0.0,0.0,5000,0,0,False,False,0
gnn_ewc_replay,never,956,1543,4,2018-03-01T13:43:47.341437,5000,0.0,0.0,0.0,5000,0,0,False,False,0
gnn_ewc_replay,never,957,1544,4,2018-03-01T13:46:06.884226,5000,0.0,0.0,0.0,5000,0,0,False,False,0
gnn_ewc_replay,never,958,1545,4,2018-03-01T13:48:20.769235,5000,0.0,0.0,0.0,5000,0,0,False,False,0
gnn_ewc_replay,never,959,1547,4,2018-03-01T13:53:26.821215,5000,0.0,0.0,0.0,5000,0,0,False,False,0
gnn_ewc_replay,never,960,1548,4,2018-03-01T13:55:45.639117,5000,0.0002,0.0002,0.0002,5000,0,0,False,False,0
gnn_ewc_replay,never,961,1550,4,2018-03-01T14:00:59.495517,5000,0.0,0.0,0.0,5000,0,0,False,False,0
gnn_ewc_replay,never,962,1551,4,2018-03-01T14:03:36.758885,5000,0.0,0.0,0.0,5000,0,0,False,False,0
gnn_ewc_replay,never,963,1553,4,2018-03-01T14:09:13.280536,5000,0.0018,0.0018,0.0018,5000,0,0,False,False,0
gnn_ewc_replay,never,964,1554,4,2018-03-01T14:12:25.287294,5000,0.0692,0.0692,0.0692,5000,0,0,False,False,0
gnn_ewc_replay,never,965,1555,4,2018-03-01T14:14:34.150013,5000,0.0086,0.0086,0.0086,5000,0,0,False,False,0
gnn_ewc_replay,never,966,1557,4,2018-03-01T14:19:01.658610,5000,0.0064,0.0064,0.0064,5000,0,0,False,False,0
gnn_ewc_replay,never,967,1558,4,2018-03-01T14:21:34.089448,5000,0.0668,0.0668,0.0668,5000,0,0,False,False,0
gnn_ewc_replay,never,968,1560,4,2018-03-01T14:26:14.929685,5000,0.125,0.125,0.125,5000,0,0,False,False,0
gnn_ewc_replay,never,969,1561,4,2018-03-01T14:28:22.228934,5000,0.001,0.001,0.001,5000,0,0,False,False,0
gnn_ewc_replay,never,970,1563,4,2018-03-01T14:33:19.506772,5000,0.0002,0.0002,0.0002,5000,0,0,False,False,0
gnn_ewc_replay,never,971,1564,4,2018-03-01T14:35:54.318348,5000,0.0046,0.0046,0.0046,5000,0,0,False,False,0
gnn_ewc_replay,never,972,1565,4,2018-03-01T14:38:41.827852,5000,0.0646,0.0646,0.0646,5000,0,0,False,False,0
gnn_ewc_replay,never,973,1567,4,2018-03-01T14:44:07.900224,5000,0.0036,0.0036,0.0036,5000,0,0,False,False,0
gnn_ewc_replay,never,974,1568,4,2018-03-01T14:46:13.674041,5000,0.0656,0.0656,0.0656,5000,0,0,False,False,0
gnn_ewc_replay,never,975,1570,4,2018-03-01T14:50:48.492067,5000,0.1212,0.1212,0.1212,5000,0,0,False,False,0
gnn_ewc_replay,never,976,1571,4,2018-03-01T14:53:21.014744,5000,0.0048,0.0048,0.0048,5000,0,0,False,False,0
gnn_ewc_replay,never,977,1573,4,2018-03-01T14:58:30.050328,5000,0.0002,0.0002,0.0002,5000,0,0,False,False,0
gnn_ewc_replay,never,978,1574,4,2018-03-01T15:01:13.539752,5000,0.0,0.0,0.0,5000,0,0,False,False,0
gnn_ewc_replay,never,979,1575,4,2018-03-01T15:03:42.167073,5000,0.0,0.0,0.0,5000,0,0,False,False,0
gnn_ewc_replay,never,980,1577,4,2018-03-01T15:09:27.919316,5000,0.0,0.0,0.0,5000,0,0,False,False,0
gnn_ewc_replay,never,981,1578,4,2018-03-01T15:12:01.136952,5000,0.0,0.0,0.0,5000,0,0,False,False,0
gnn_ewc_replay,never,982,1580,4,2018-03-01T15:16:58.700686,5000,0.0,0.0,0.0,5000,0,0,False,False,0
gnn_ewc_replay,never,983,1581,4,2018-03-01T15:19:38.110667,5000,0.0,0.0,0.0,5000,0,0,False,False,0
gnn_ewc_replay,never,984,1583,4,2018-03-01T15:25:01.905960,5000,0.0,0.0,0.0,5000,0,0,False,False,0
gnn_ewc_replay,never,985,1584,4,2018-03-01T15:27:58.491446,5000,0.0002,0.0002,0.0002,5000,0,0,False,False,0
gnn_ewc_replay,never,986,1585,4,2018-03-01T15:30:27.858661,5000,0.0,0.0,0.0,5000,0,0,False,False,0
gnn_ewc_replay,never,987,1587,4,2018-03-01T15:36:10.787942,5000,0.0,0.0,0.0,5000,0,0,False,False,0
gnn_ewc_replay,never,988,1588,4,2018-03-01T15:39:17.159627,5000,0.0,0.0,0.0,5000,0,0,False,False,0
gnn_ewc_replay,never,989,1590,4,2018-03-01T15:44:44.780646,5000,0.0,0.0,0.0,5000,0,0,False,False,0
gnn_ewc_replay,never,990,1591,4,2018-03-01T15:47:04.636021,5000,0.0,0.0,0.0,5000,0,0,False,False,0
gnn_ewc_replay,never,991,1593,4,2018-03-01T15:52:15.300667,5000,0.0,0.0,0.0,5000,0,0,False,False,0
gnn_ewc_replay,never,992,1594,4,2018-03-01T15:55:04.185327,5000,0.0,0.0,0.0,5000,0,0,False,False,0
gnn_ewc_replay,never,993,1595,4,2018-03-01T15:58:08.209089,5000,0.0002,0.0002,0.0002,5000,0,0,False,False,0
gnn_ewc_replay,never,994,1597,4,2018-03-01T16:04:26.948584,5000,0.0,0.0,0.0,5000,0,0,False,False,0
gnn_ewc_replay,never,995,1598,4,2018-03-01T16:08:04.358728,5000,0.0002,0.0002,0.0002,5000,0,0,False,False,0
gnn_ewc_replay,never,996,1600,4,2018-03-01T16:15:41.894407,5000,0.0,0.0,0.0,5000,0,0,False,False,0
gnn_ewc_replay,never,997,1601,4,2018-03-01T16:19:13.044189,5000,0.0,0.0,0.0,5000,0,0,False,False,0
gnn_ewc_replay,never,998,1603,4,2018-03-01T16:26:28.629214,5000,0.0,0.0,0.0,5000,0,0,False,False,0
gnn_ewc_replay,never,999,1604,4,2018-03-01T16:29:20.283460,5000,0.0,0.0,0.0,5000,0,0,False,False,0
gnn_ewc_replay,never,1000,1605,4,2018-03-01T16:32:49.813418,5000,0.0002,0.0002,0.0002,5000,0,0,False,False,0
gnn_ewc_replay,never,1001,1607,4,2018-03-01T16:41:01.523699,5000,0.0,0.0,0.0,5000,0,0,False,False,0
gnn_ewc_replay,never,1002,1608,4,2018-03-01T16:44:57.367559,5000,0.0,0.0,0.0,5000,0,0,False,False,0
gnn_ewc_replay,never,1003,1610,4,2018-03-01T16:52:08.156667,5000,0.0,0.0,0.0,5000,0,0,False,False,0
gnn_ewc_replay,never,1004,1611,4,2018-03-01T16:55:18.186328,5000,0.0,0.0,0.0,5000,0,0,False,False,0
gnn_ewc_replay,never,1005,1613,4,2018-03-01T17:02:03.357739,5000,0.0,0.0,0.0,5000,0,0,False,False,0
gnn_ewc_replay,never,1006,1614,4,2018-03-01T17:05:47.392038,5000,0.0,0.0,0.0,5000,0,0,False,False,0
gnn_ewc_replay,never,1007,1615,4,2018-03-01T17:08:53.938579,5000,0.0,0.0,0.0,5000,0,0,False,False,0
gnn_ewc_replay,never,1008,1617,4,2018-03-01T17:15:22.519975,5000,0.0,0.0,0.0,5000,0,0,False,False,0
gnn_ewc_replay,never,1009,1618,4,2018-03-01T17:18:05.099486,5000,0.0,0.0,0.0,5000,0,0,False,False,0
gnn_ewc_replay,never,1010,1620,4,2018-03-01T17:24:10.081500,5000,0.0,0.0,0.0,5000,0,0,False,False,0
gnn_ewc_replay,never,1011,1621,4,2018-03-01T17:26:48.371694,5000,0.0,0.0,0.0,5000,0,0,False,False,0
gnn_ewc_replay,never,1012,1623,4,2018-03-01T17:33:13.999588,5000,0.0002,0.0002,0.0002,5000,0,0,False,False,0
gnn_ewc_replay,never,1013,1624,4,2018-03-01T17:36:12.343514,5000,0.0,0.0,0.0,5000,0,0,False,False,0
gnn_ewc_replay,never,1014,1625,4,2018-03-01T17:38:40.668586,5000,0.0,0.0,0.0,5000,0,0,False,False,0
gnn_ewc_replay,never,1015,1627,4,2018-03-01T17:43:18.146886,5000,0.0,0.0,0.0,5000,0,0,False,False,0
gnn_ewc_replay,never,1016,1628,4,2018-03-01T17:45:47.673065,5000,0.0,0.0,0.0,5000,0,0,False,False,0
gnn_ewc_replay,never,1017,1630,4,2018-03-01T17:50:44.426499,5000,0.0,0.0,0.0,5000,0,0,False,False,0
gnn_ewc_replay,never,1018,1631,4,2018-03-01T17:53:30.857262,5000,0.0,0.0,0.0,5000,0,0,False,False,0
gnn_ewc_replay,never,1019,1633,4,2018-03-01T17:58:37.707318,5000,0.0,0.0,0.0,5000,0,0,False,False,0
gnn_ewc_replay,never,1020,1634,4,2018-03-01T18:01:12.348098,5000,0.0,0.0,0.0,5000,0,0,False,False,0
gnn_ewc_replay,never,1021,1635,4,2018-03-01T18:03:41.751971,5000,0.0,0.0,0.0,5000,0,0,False,False,0
gnn_ewc_replay,never,1022,1637,4,2018-03-01T18:08:36.395425,5000,0.0,0.0,0.0,5000,0,0,False,False,0
gnn_ewc_replay,never,1023,1638,4,2018-03-01T18:11:00.830699,5000,0.0002,0.0002,0.0002,5000,0,0,False,False,0
gnn_ewc_replay,never,1024,1640,4,2018-03-01T18:16:21.522827,5000,0.0,0.0,0.0,5000,0,0,False,False,0
gnn_ewc_replay,never,1025,1641,4,2018-03-01T18:19:11.575269,5000,0.0,0.0,0.0,5000,0,0,False,False,0
gnn_ewc_replay,never,1026,1643,4,2018-03-01T18:24:44.573248,5000,0.0026,0.0026,0.0026,5000,0,0,False,False,0
gnn_ewc_replay,never,1027,1644,4,2018-03-01T18:27:41.561447,5000,0.0068,0.0068,0.0068,5000,0,0,False,False,0
gnn_ewc_replay,never,1028,1645,4,2018-03-01T18:30:13.910260,5000,0.0678,0.0678,0.0678,5000,0,0,False,False,0
gnn_ewc_replay,never,1029,1647,4,2018-03-01T18:34:58.069725,5000,0.0062,0.0062,0.0062,5000,0,0,False,False,0
gnn_ewc_replay,never,1030,1648,4,2018-03-01T18:37:50.883129,5000,0.1332,0.1332,0.1332,5000,0,0,False,False,0
gnn_ewc_replay,never,1031,1650,4,2018-03-01T18:42:28.959660,5000,0.0046,0.0046,0.0046,5000,0,0,False,False,0
gnn_ewc_replay,never,1032,1651,4,2018-03-01T18:45:30.722511,5000,0.0028,0.0028,0.0028,5000,0,0,False,False,0
gnn_ewc_replay,never,1033,1653,4,2018-03-01T18:51:32.112280,5000,0.0,0.0,0.0,5000,0,0,False,False,0
gnn_ewc_replay,never,1034,1654,4,2018-03-01T18:54:29.680067,5000,0.0002,0.0002,0.0002,5000,0,0,False,False,0
gnn_ewc_replay,never,1035,1655,4,2018-03-01T18:57:18.370140,5000,0.0002,0.0002,0.0002,5000,0,0,False,False,0
gnn_ewc_replay,never,1036,1657,4,2018-03-01T19:02:13.523563,5000,0.0,0.0,0.0,5000,0,0,False,False,0
gnn_ewc_replay,never,1037,1658,4,2018-03-01T19:04:39.830265,5000,0.0,0.0,0.0,5000,0,0,False,False,0
gnn_ewc_replay,never,1038,1660,4,2018-03-01T19:10:10.227017,5000,0.0,0.0,0.0,5000,0,0,False,False,0
gnn_ewc_replay,never,1039,1661,4,2018-03-01T19:12:43.294289,5000,0.0,0.0,0.0,5000,0,0,False,False,0
gnn_ewc_replay,never,1040,1663,4,2018-03-01T19:18:06.538080,5000,0.001,0.001,0.001,5000,0,0,False,False,0
gnn_ewc_replay,never,1041,1664,4,2018-03-01T19:21:06.010794,5000,0.0024,0.0024,0.0024,5000,0,0,False,False,0
gnn_ewc_replay,never,1042,1665,4,2018-03-01T19:24:18.791768,5000,0.005,0.005,0.005,5000,0,0,False,False,0
gnn_ewc_replay,never,1043,1667,4,2018-03-01T19:29:18.215892,5000,0.0062,0.0062,0.0062,5000,0,0,False,False,0
gnn_ewc_replay,never,1044,1668,4,2018-03-01T19:31:56.186918,5000,0.0058,0.0058,0.0058,5000,0,0,False,False,0
gnn_ewc_replay,never,1045,1670,4,2018-03-01T19:37:37.902546,5000,0.0004,0.0004,0.0004,5000,0,0,False,False,0
gnn_ewc_replay,never,1046,1671,4,2018-03-01T19:40:37.657394,5000,0.0,0.0,0.0,5000,0,0,False,False,0
gnn_ewc_replay,never,1047,1673,4,2018-03-01T19:46:05.303230,5000,0.0,0.0,0.0,5000,0,0,False,False,0
gnn_ewc_replay,never,1048,1674,4,2018-03-01T19:48:56.380285,5000,0.0,0.0,0.0,5000,0,0,False,False,0
gnn_ewc_replay,never,1049,1675,4,2018-03-01T19:52:00.307188,5000,0.0,0.0,0.0,5000,0,0,False,False,0
gnn_ewc_replay,never,1050,1677,4,2018-03-01T19:57:46.760246,5000,0.0,0.0,0.0,5000,0,0,False,False,0
gnn_ewc_replay,never,1051,1678,4,2018-03-01T20:00:19.885005,5000,0.0,0.0,0.0,5000,0,0,False,False,0
gnn_ewc_replay,never,1052,1680,4,2018-03-01T20:05:49.191560,5000,0.0,0.0,0.0,5000,0,0,False,False,0
gnn_ewc_replay,never,1053,1681,4,2018-03-01T20:08:34.609206,5000,0.0,0.0,0.0,5000,0,0,False,False,0
gnn_ewc_replay,never,1054,1683,4,2018-03-01T20:14:16.648573,5000,0.0,0.0,0.0,5000,0,0,False,False,0
gnn_ewc_replay,never,1055,1684,4,2018-03-01T20:17:09.814968,5000,0.0,0.0,0.0,5000,0,0,False,False,0
gnn_ewc_replay,never,1056,1685,4,2018-03-01T20:20:21.832141,5000,0.0,0.0,0.0,5000,0,0,False,False,0
gnn_ewc_replay,never,1057,1687,4,2018-03-01T20:26:20.749782,5000,0.0,0.0,0.0,5000,0,0,False,False,0
gnn_ewc_replay,never,1058,1688,4,2018-03-01T20:28:57.131580,5000,0.0,0.0,0.0,5000,0,0,False,False,0
gnn_ewc_replay,never,1059,1690,4,2018-03-01T20:34:16.402648,5000,0.0,0.0,0.0,5000,0,0,False,False,0
gnn_ewc_replay,never,1060,1691,4,2018-03-01T20:37:03.368126,5000,0.0,0.0,0.0,5000,0,0,False,False,0
gnn_ewc_replay,never,1061,1693,4,2018-03-01T20:42:40.210239,5000,0.0,0.0,0.0,5000,0,0,False,False,0
gnn_ewc_replay,never,1062,1694,4,2018-03-01T20:45:22.988289,5000,0.0,0.0,0.0,5000,0,0,False,False,0
gnn_ewc_replay,never,1063,1695,4,2018-03-01T20:48:36.311880,5000,0.0,0.0,0.0,5000,0,0,False,False,0
gnn_ewc_replay,never,1064,1697,4,2018-03-01T20:54:25.443243,5000,0.0,0.0,0.0,5000,0,0,False,False,0
gnn_ewc_replay,never,1065,1698,4,2018-03-01T20:57:12.957229,5000,0.0,0.0,0.0,5000,0,0,False,False,0
gnn_ewc_replay,never,1066,1700,4,2018-03-01T21:02:39.490159,5000,0.0,0.0,0.0,5000,0,0,False,False,0
gnn_ewc_replay,never,1067,1701,4,2018-03-01T21:06:12.223803,5000,0.0,0.0,0.0,5000,0,0,False,False,0
gnn_ewc_replay,never,1068,1703,4,2018-03-01T21:14:39.841850,5000,0.0,0.0,0.0,5000,0,0,False,False,0
gnn_ewc_replay,never,1069,1704,4,2018-03-01T21:18:58.955179,5000,0.0,0.0,0.0,5000,0,0,False,False,0
gnn_ewc_replay,never,1070,1705,4,2018-03-01T21:23:28.699123,5000,0.0,0.0,0.0,5000,0,0,False,False,0
gnn_ewc_replay,never,1071,1707,4,2018-03-01T21:41:32.691354,3203,0.0,0.0,0.0,3203,0,0,False,False,0
gnn_ewc_replay,never,1072,1708,5,2018-03-02T12:46:22.317145,5000,0.0,0.0,0.0,5000,0,0,False,False,0
gnn_ewc_replay,never,1073,1709,5,2018-03-02T12:47:36.499503,5000,0.0,0.0,0.0,5000,0,0,False,False,0
gnn_ewc_replay,never,1074,1711,5,2018-03-02T12:52:36.584883,5000,0.0,0.0,0.0,5000,0,0,False,False,0
gnn_ewc_replay,never,1075,1712,5,2018-03-02T12:55:19.390202,5000,0.0,0.0,0.0,5000,0,0,False,False,0
gnn_ewc_replay,never,1076,1714,5,2018-03-02T13:00:29.758855,5000,0.0,0.0,0.0,5000,0,0,False,False,0
gnn_ewc_replay,never,1077,1715,5,2018-03-02T13:03:08.609046,5000,0.0,0.0,0.0,5000,0,0,False,False,0
gnn_ewc_replay,never,1078,1717,5,2018-03-02T13:09:17.357015,5000,0.0,0.0,0.0,5000,0,0,False,False,0
gnn_ewc_replay,never,1079,1718,5,2018-03-02T13:12:21.583784,5000,0.0,0.0,0.0,5000,0,0,False,False,0
gnn_ewc_replay,never,1080,1719,5,2018-03-02T13:14:45.899218,5000,0.0,0.0,0.0,5000,0,0,False,False,0
gnn_ewc_replay,never,1081,1721,5,2018-03-02T13:20:11.711197,5000,0.0,0.0,0.0,4999,0,1,False,False,0
gnn_ewc_replay,never,1082,1722,5,2018-03-02T13:22:58.824595,5000,0.0,0.0,0.0,5000,0,0,False,False,0
gnn_ewc_replay,never,1083,1724,5,2018-03-02T13:28:43.393310,5000,0.0,0.0,0.0,5000,0,0,False,False,0
gnn_ewc_replay,never,1084,1725,5,2018-03-02T13:32:03.276485,5000,0.0,0.0,0.0,5000,0,0,False,False,0
gnn_ewc_replay,never,1085,1727,5,2018-03-02T13:37:51.404348,5000,0.0,0.0,0.0,5000,0,0,False,False,0
gnn_ewc_replay,never,1086,1728,5,2018-03-02T13:40:46.678532,5000,0.0,0.0,0.0,5000,0,0,False,False,0
gnn_ewc_replay,never,1087,1729,5,2018-03-02T13:42:57.056700,5000,0.0,0.0,0.0,5000,0,0,False,False,0
gnn_ewc_replay,never,1088,1731,5,2018-03-02T13:47:54.132284,5000,0.0,0.0,0.0,5000,0,0,False,False,0
gnn_ewc_replay,never,1089,1732,5,2018-03-02T13:49:49.112030,5000,0.0,0.0,0.0,5000,0,0,False,False,0
gnn_ewc_replay,never,1090,1734,5,2018-03-02T13:54:42.985786,5000,0.0,0.0,0.0,5000,0,0,False,False,0
gnn_ewc_replay,never,1091,1735,5,2018-03-02T13:57:13.861823,5000,0.0,0.0,0.0,5000,0,0,False,False,0
gnn_ewc_replay,never,1092,1737,5,2018-03-02T14:02:21.812038,5000,0.0,0.0,0.0,5000,0,0,False,False,0
gnn_ewc_replay,never,1093,1738,5,2018-03-02T14:05:10.386948,5000,0.0,0.0,0.0,5000,0,0,False,False,0
gnn_ewc_replay,never,1094,1739,5,2018-03-02T14:08:05.591211,5000,0.0,0.0,0.0,5000,0,0,False,False,0
gnn_ewc_replay,never,1095,1741,5,2018-03-02T14:14:21.355369,5000,0.002,0.002,0.002,5000,0,0,False,False,0
gnn_ewc_replay,never,1096,1742,5,2018-03-02T14:17:07.610670,5000,0.0042,0.0042,0.0042,5000,0,0,False,False,0
gnn_ewc_replay,never,1097,1744,5,2018-03-02T14:22:09.547822,5000,0.008,0.008,0.008,5000,0,0,False,False,0
gnn_ewc_replay,never,1098,1745,5,2018-03-02T14:25:20.862348,5000,0.008,0.008,0.008,5000,0,0,False,False,0
gnn_ewc_replay,never,1099,1747,5,2018-03-02T14:31:14.452065,5000,0.0138,0.0138,0.0138,5000,0,0,False,False,0
gnn_ewc_replay,never,1100,1748,5,2018-03-02T14:34:36.973531,5000,0.0108,0.0108,0.0108,5000,0,0,False,False,0
gnn_ewc_replay,never,1101,1749,5,2018-03-02T14:36:55.869038,5000,0.0194,0.0194,0.0194,5000,0,0,False,False,0
gnn_ewc_replay,never,1102,1751,5,2018-03-02T14:42:32.113551,5000,0.0396,0.0396,0.0396,5000,0,0,False,False,0
gnn_ewc_replay,never,1103,1752,5,2018-03-02T14:45:24.533147,5000,0.082,0.082,0.082,5000,0,0,False,False,0
gnn_ewc_replay,never,1104,1754,5,2018-03-02T14:49:44.295175,5000,0.0458,0.0458,0.0458,5000,0,0,False,False,0
gnn_ewc_replay,never,1105,1755,5,2018-03-02T14:52:11.810166,5000,0.0256,0.0256,0.0256,5000,0,0,False,False,0
gnn_ewc_replay,never,1106,1757,5,2018-03-02T14:57:34.141644,5000,0.0266,0.0266,0.0266,5000,0,0,False,False,0
gnn_ewc_replay,never,1107,1758,5,2018-03-02T15:00:29.541355,5000,0.0204,0.0204,0.0204,5000,0,0,False,False,0
gnn_ewc_replay,never,1108,1759,5,2018-03-02T15:02:29.652686,5000,0.0292,0.0292,0.0292,5000,0,0,False,False,0
gnn_ewc_replay,never,1109,1761,5,2018-03-02T15:07:40.295450,5000,0.092,0.092,0.092,5000,0,0,False,False,0
gnn_ewc_replay,never,1110,1762,5,2018-03-02T15:10:28.984092,5000,0.0812,0.0812,0.0812,5000,0,0,False,False,0
gnn_ewc_replay,never,1111,1764,5,2018-03-02T15:15:15.325340,5000,0.0702,0.0702,0.0702,5000,0,0,False,False,0
gnn_ewc_replay,never,1112,1765,5,2018-03-02T15:17:01.586472,5000,0.0868,0.0868,0.0868,5000,0,0,False,False,0
gnn_ewc_replay,never,1113,1767,5,2018-03-02T15:21:11.681216,5000,0.088,0.088,0.088,5000,0,0,False,False,0
gnn_ewc_replay,never,1114,1768,5,2018-03-02T15:23:39.212158,5000,0.1032,0.1032,0.1032,5000,0,0,False,False,0
gnn_ewc_replay,never,1115,1769,5,2018-03-02T15:26:34.607640,5000,0.0852,0.0852,0.0852,5000,0,0,False,False,0
gnn_ewc_replay,never,1116,1771,5,2018-03-02T15:30:48.940802,5000,0.1008,0.1008,0.1008,5000,0,0,False,False,0
gnn_ewc_replay,never,1117,1772,5,2018-03-02T15:33:23.996093,5000,0.0882,0.0882,0.0882,5000,0,0,False,False,0
gnn_ewc_replay,never,1118,1774,5,2018-03-02T15:38:56.809322,5000,0.0254,0.0254,0.0254,5000,0,0,False,False,0
gnn_ewc_replay,never,1119,1775,5,2018-03-02T15:42:07.705764,5000,0.0184,0.0184,0.0184,5000,0,0,False,False,0
gnn_ewc_replay,never,1120,1777,5,2018-03-02T15:46:59.866441,5000,0.0194,0.0194,0.0194,5000,0,0,False,False,0
gnn_ewc_replay,never,1121,1778,5,2018-03-02T15:49:30.907015,5000,0.0204,0.0204,0.0204,5000,0,0,False,False,0
gnn_ewc_replay,never,1122,1779,5,2018-03-02T15:52:03.941287,5000,0.0246,0.0246,0.0246,5000,0,0,False,False,0
gnn_ewc_replay,never,1123,1781,5,2018-03-02T15:57:32.214931,5000,0.0276,0.0276,0.0276,5000,0,0,False,False,0
gnn_ewc_replay,never,1124,1782,5,2018-03-02T16:00:14.834751,5000,0.022,0.022,0.022,5000,0,0,False,False,0
gnn_ewc_replay,never,1125,1784,5,2018-03-02T16:06:16.251849,5000,0.0288,0.0288,0.0288,5000,0,0,False,False,0
gnn_ewc_replay,never,1126,1785,5,2018-03-02T16:09:49.796878,5000,0.028,0.028,0.028,5000,0,0,False,False,0
gnn_ewc_replay,never,1127,1787,5,2018-03-02T16:16:44.110568,5000,0.0286,0.0286,0.0286,5000,0,0,False,False,0
gnn_ewc_replay,never,1128,1788,5,2018-03-02T16:19:53.700602,5000,0.0236,0.0236,0.0236,5000,0,0,False,False,0
gnn_ewc_replay,never,1129,1789,5,2018-03-02T16:23:09.110800,5000,0.0254,0.0254,0.0254,5000,0,0,False,False,0
gnn_ewc_replay,never,1130,1791,5,2018-03-02T16:29:31.469714,5000,0.0218,0.0218,0.0218,5000,0,0,False,False,0
gnn_ewc_replay,never,1131,1792,5,2018-03-02T16:32:19.139474,5000,0.0318,0.0318,0.0318,5000,0,0,False,False,0
gnn_ewc_replay,never,1132,1794,5,2018-03-02T16:40:21.310190,5000,0.0298,0.0298,0.0298,5000,0,0,False,False,0
gnn_ewc_replay,never,1133,1795,5,2018-03-02T16:44:05.186222,5000,0.0254,0.0254,0.0254,5000,0,0,False,False,0
gnn_ewc_replay,never,1134,1797,5,2018-03-02T16:50:40.378543,5000,0.0264,0.0264,0.0264,5000,0,0,False,False,0
gnn_ewc_replay,never,1135,1798,5,2018-03-02T16:53:54.049860,5000,0.0286,0.0286,0.0286,5000,0,0,False,False,0
gnn_ewc_replay,never,1136,1799,5,2018-03-02T16:57:07.799647,5000,0.0184,0.0184,0.0184,5000,0,0,False,False,0
gnn_ewc_replay,never,1137,1801,5,2018-03-02T17:03:38.871557,5000,0.0298,0.0298,0.0298,5000,0,0,False,False,0
gnn_ewc_replay,never,1138,1802,5,2018-03-02T17:07:28.584421,5000,0.0298,0.0298,0.0298,5000,0,0,False,False,0
gnn_ewc_replay,never,1139,1804,5,2018-03-02T17:13:37.942539,5000,0.0266,0.0266,0.0266,5000,0,0,False,False,0
gnn_ewc_replay,never,1140,1805,5,2018-03-02T17:16:50.423856,5000,0.0254,0.0254,0.0254,5000,0,0,False,False,0
gnn_ewc_replay,never,1141,1807,5,2018-03-02T17:22:59.650664,5000,0.0236,0.0236,0.0236,5000,0,0,False,False,0
gnn_ewc_replay,never,1142,1808,5,2018-03-02T17:25:51.492516,5000,0.0192,0.0192,0.0192,5000,0,0,False,False,0
gnn_ewc_replay,never,1143,1809,5,2018-03-02T17:28:17.031496,5000,0.0194,0.0194,0.0194,5000,0,0,False,False,0
gnn_ewc_replay,never,1144,1811,5,2018-03-02T17:33:11.803515,5000,0.0218,0.0218,0.0218,5000,0,0,False,False,0
gnn_ewc_replay,never,1145,1812,5,2018-03-02T17:35:57.026588,5000,0.0192,0.0192,0.0192,5000,0,0,False,False,0
gnn_ewc_replay,never,1146,1814,5,2018-03-02T17:40:39.863670,5000,0.0224,0.0224,0.0224,5000,0,0,False,False,0
gnn_ewc_replay,never,1147,1815,5,2018-03-02T17:43:08.146983,5000,0.0224,0.0224,0.0224,5000,0,0,False,False,0
gnn_ewc_replay,never,1148,1817,5,2018-03-02T17:48:15.082408,5000,0.0204,0.0204,0.0204,5000,0,0,False,False,0
gnn_ewc_replay,never,1149,1818,5,2018-03-02T17:51:00.668453,5000,0.02,0.02,0.02,5000,0,0,False,False,0
gnn_ewc_replay,never,1150,1819,5,2018-03-02T17:53:37.847796,5000,0.024,0.024,0.024,5000,0,0,False,False,0
gnn_ewc_replay,never,1151,1821,5,2018-03-02T17:58:42.614550,5000,0.0192,0.0192,0.0192,5000,0,0,False,False,0
gnn_ewc_replay,never,1152,1822,5,2018-03-02T18:01:24.120953,5000,0.0206,0.0206,0.0206,5000,0,0,False,False,0
gnn_ewc_replay,never,1153,1824,5,2018-03-02T18:06:36.146020,5000,0.019,0.019,0.019,5000,0,0,False,False,0
gnn_ewc_replay,never,1154,1825,5,2018-03-02T18:09:21.870157,5000,0.0212,0.0212,0.0212,5000,0,0,False,False,0
gnn_ewc_replay,never,1155,1827,5,2018-03-02T18:14:54.563419,5000,0.023,0.023,0.023,5000,0,0,False,False,0
gnn_ewc_replay,never,1156,1828,5,2018-03-02T18:17:30.731893,5000,0.0226,0.0226,0.0226,5000,0,0,False,False,0
gnn_ewc_replay,never,1157,1829,5,2018-03-02T18:20:20.948015,5000,0.0218,0.0218,0.0218,5000,0,0,False,False,0
gnn_ewc_replay,never,1158,1831,5,2018-03-02T18:25:39.847590,5000,0.093,0.093,0.093,5000,0,0,False,False,0
gnn_ewc_replay,never,1159,1832,5,2018-03-02T18:28:25.923594,5000,0.0466,0.0466,0.0466,5000,0,0,False,False,0
gnn_ewc_replay,never,1160,1834,5,2018-03-02T18:33:56.359075,5000,0.0234,0.0234,0.0234,5000,0,0,False,False,0
gnn_ewc_replay,never,1161,1835,5,2018-03-02T18:36:47.869863,5000,0.0228,0.0228,0.0228,5000,0,0,False,False,0
gnn_ewc_replay,never,1162,1837,5,2018-03-02T18:42:09.067760,5000,0.0222,0.0222,0.0222,5000,0,0,False,False,0
gnn_ewc_replay,never,1163,1838,5,2018-03-02T18:44:58.586059,5000,0.0188,0.0188,0.0188,5000,0,0,False,False,0
gnn_ewc_replay,never,1164,1839,5,2018-03-02T18:47:37.637183,5000,0.0212,0.0212,0.0212,5000,0,0,False,False,0
gnn_ewc_replay,never,1165,1841,5,2018-03-02T18:53:28.188217,5000,0.0214,0.0214,0.0214,5000,0,0,False,False,0
gnn_ewc_replay,never,1166,1842,5,2018-03-02T18:56:08.467204,5000,0.0228,0.0228,0.0228,5000,0,0,False,False,0
gnn_ewc_replay,never,1167,1844,5,2018-03-02T19:01:12.658687,5000,0.022,0.022,0.022,5000,0,0,False,False,0
gnn_ewc_replay,never,1168,1845,5,2018-03-02T19:03:54.338772,5000,0.0194,0.0194,0.0194,5000,0,0,False,False,0
gnn_ewc_replay,never,1169,1847,5,2018-03-02T19:08:43.733795,5000,0.02,0.02,0.02,5000,0,0,False,False,0
gnn_ewc_replay,never,1170,1848,5,2018-03-02T19:11:15.209784,5000,0.0268,0.0268,0.0268,5000,0,0,False,False,0
gnn_ewc_replay,never,1171,1849,5,2018-03-02T19:14:10.256046,5000,0.0246,0.0246,0.0246,5000,0,0,False,False,0
gnn_ewc_replay,never,1172,1851,5,2018-03-02T19:19:59.269413,5000,0.0206,0.0206,0.0206,5000,0,0,False,False,0
gnn_ewc_replay,never,1173,1852,5,2018-03-02T19:22:46.725634,5000,0.023,0.023,0.023,5000,0,0,False,False,0
gnn_ewc_replay,never,1174,1854,5,2018-03-02T19:28:10.988598,5000,0.0204,0.0204,0.0204,5000,0,0,False,False,0
gnn_ewc_replay,never,1175,1855,5,2018-03-02T19:30:34.990015,5000,0.0714,0.0714,0.0714,5000,0,0,False,False,0
gnn_ewc_replay,never,1176,1857,5,2018-03-02T19:35:42.017177,5000,0.0784,0.0784,0.0784,5000,0,0,False,False,0
gnn_ewc_replay,never,1177,1858,5,2018-03-02T19:38:00.653563,5000,0.0932,0.0932,0.0932,5000,0,0,False,False,0
gnn_ewc_replay,never,1178,1859,5,2018-03-02T19:40:40.501583,5000,0.0798,0.0798,0.0798,5000,0,0,False,False,0
gnn_ewc_replay,never,1179,1861,5,2018-03-02T19:45:33.082444,5000,0.0892,0.0892,0.0892,5000,0,0,False,False,0
gnn_ewc_replay,never,1180,1862,5,2018-03-02T19:48:05.722391,5000,0.0818,0.0818,0.0818,5000,0,0,False,False,0
gnn_ewc_replay,never,1181,1864,5,2018-03-02T19:53:10.527917,5000,0.0202,0.0202,0.0202,5000,0,0,False,False,0
gnn_ewc_replay,never,1182,1865,5,2018-03-02T19:56:18.214532,5000,0.0,0.0,0.0,5000,0,0,False,False,0
gnn_ewc_replay,never,1183,1867,5,2018-03-02T20:01:18.615392,5000,0.0,0.0,0.0,5000,0,0,False,False,0
gnn_ewc_replay,never,1184,1868,5,2018-03-02T20:03:59.772911,5000,0.0,0.0,0.0,5000,0,0,False,False,0
gnn_ewc_replay,never,1185,1869,5,2018-03-02T20:06:50.223596,5000,0.0,0.0,0.0,5000,0,0,False,False,0
gnn_ewc_replay,never,1186,1871,5,2018-03-02T20:12:25.966255,5000,0.0,0.0,0.0,5000,0,0,False,False,0
gnn_ewc_replay,never,1187,1872,5,2018-03-02T20:15:24.906516,5000,0.0,0.0,0.0,5000,0,0,False,False,0
gnn_ewc_replay,never,1188,1874,5,2018-03-02T20:21:27.773148,5000,0.0,0.0,0.0,5000,0,0,False,False,0
gnn_ewc_replay,never,1189,1875,5,2018-03-02T20:24:15.526012,5000,0.0,0.0,0.0,5000,0,0,False,False,0
gnn_ewc_replay,never,1190,1877,5,2018-03-02T20:29:41.060156,5000,0.0,0.0,0.0,5000,0,0,False,False,0
gnn_ewc_replay,never,1191,1878,5,2018-03-02T20:32:22.331316,5000,0.0,0.0,0.0,5000,0,0,False,False,0
gnn_ewc_replay,never,1192,1879,5,2018-03-02T20:35:00.008266,5000,0.0,0.0,0.0,5000,0,0,False,False,0
gnn_ewc_replay,never,1193,1881,5,2018-03-02T20:40:45.387347,5000,0.0,0.0,0.0,5000,0,0,False,False,0
gnn_ewc_replay,never,1194,1882,5,2018-03-02T20:43:26.383496,5000,0.0,0.0,0.0,5000,0,0,False,False,0
gnn_ewc_replay,never,1195,1884,5,2018-03-02T20:48:56.407275,5000,0.0,0.0,0.0,5000,0,0,False,False,0
gnn_ewc_replay,never,1196,1885,5,2018-03-02T20:51:59.325817,5000,0.0,0.0,0.0,5000,0,0,False,False,0
gnn_ewc_replay,never,1197,1887,5,2018-03-02T20:57:45.855305,5000,0.0,0.0,0.0,5000,0,0,False,False,0
gnn_ewc_replay,never,1198,1888,5,2018-03-02T21:00:04.972693,5000,0.0,0.0,0.0,5000,0,0,False,False,0
gnn_ewc_replay,never,1199,1889,5,2018-03-02T21:02:58.566624,5000,0.0,0.0,0.0,5000,0,0,False,False,0
gnn_ewc_replay,never,1200,1891,5,2018-03-02T21:10:15.106866,5000,0.0,0.0,0.0,5000,0,0,False,False,0
gnn_ewc_replay,never,1201,1892,5,2018-03-02T21:14:09.697355,5000,0.0,0.0,0.0,5000,0,0,False,False,0
gnn_ewc_replay,never,1202,1894,5,2018-03-02T21:21:43.482734,5000,0.0,0.0,0.0,5000,0,0,False,False,0
gnn_ewc_replay,never,1203,1895,5,2018-03-02T21:26:22.615075,5000,0.0,0.0,0.0,5000,0,0,False,False,0
gnn_ewc_replay,never,1204,1897,5,2018-03-02T22:35:29.692173,1137,0.0,0.0,0.0,1137,0,0,False,False,0
gnn_naive,adwin,0,178,1,2018-02-15T12:23:17.590730,5000,0.0,0.0,0.0,5000,0,0,False,False,0
gnn_naive,adwin,1,179,1,2018-02-15T12:24:56.885568,5000,0.0,0.0,0.0,5000,0,0,False,False,0
gnn_naive,adwin,2,181,1,2018-02-15T12:31:09.676533,5000,0.0,0.0,0.0,5000,0,0,False,False,0
gnn_naive,adwin,3,182,1,2018-02-15T12:34:33.489996,5000,0.0,0.0,0.0,5000,0,0,False,False,0
gnn_naive,adwin,4,184,1,2018-02-15T12:41:12.914317,5000,0.0,0.0,0.0,5000,0,0,False,False,0
gnn_naive,adwin,5,185,1,2018-02-15T12:44:35.045407,5000,0.0,0.0,0.0,5000,0,0,False,False,0
gnn_naive,adwin,6,187,1,2018-02-15T12:52:00.343808,5000,0.0,0.0,0.0,5000,0,0,False,False,0
gnn_naive,adwin,7,188,1,2018-02-15T12:55:13.883946,5000,0.0,0.0,0.0,5000,0,0,False,False,0
gnn_naive,adwin,8,189,1,2018-02-15T12:58:25.758528,5000,0.0,0.0,0.0,5000,0,0,False,False,0
gnn_naive,adwin,9,191,1,2018-02-15T13:05:02.708568,5000,0.0,0.0,0.0,5000,0,0,False,False,0
gnn_naive,adwin,10,192,1,2018-02-15T13:08:44.408048,5000,0.0,0.0,0.0,5000,0,0,False,False,0
gnn_naive,adwin,11,194,1,2018-02-15T13:15:12.381714,5000,0.0,0.0,0.0,5000,0,0,False,False,0
gnn_naive,adwin,12,195,1,2018-02-15T13:18:14.277391,5000,0.0,0.0,0.0,5000,0,0,False,False,0
gnn_naive,adwin,13,197,1,2018-02-15T13:25:01.053176,5000,0.0096,0.0096,0.0096,5000,0,0,True,True,1
gnn_naive,adwin,14,198,1,2018-02-15T13:27:52.163823,5000,0.0102,0.0102,0.1474,4212,787,1,True,False,1
gnn_naive,adwin,15,199,1,2018-02-15T13:30:38.405035,5000,0.0,0.0,0.0262,4869,131,0,False,False,1
gnn_naive,adwin,16,201,1,2018-02-15T13:37:20.802767,5000,0.0194,0.0194,0.1094,4356,644,0,True,False,1
gnn_naive,adwin,17,202,1,2018-02-15T13:40:23.217663,5000,0.0,0.0,0.0094,4953,47,0,False,False,1
gnn_naive,adwin,18,204,1,2018-02-15T13:45:40.116507,5000,0.0,0.0,0.0,5000,0,0,False,False,1
gnn_naive,adwin,19,205,1,2018-02-15T13:49:01.619726,5000,0.0274,0.0274,0.1114,4306,694,0,True,True,2
gnn_naive,adwin,20,207,1,2018-02-15T13:53:53.370023,5000,0.019,0.019,0.1004,4403,543,54,True,False,2
gnn_naive,adwin,21,208,1,2018-02-15T13:56:02.625786,5000,0.0164,0.0164,0.0526,4655,345,0,True,False,2
gnn_naive,adwin,22,209,1,2018-02-15T13:58:40.849892,5000,0.0,0.0,0.0,5000,0,0,False,False,2
gnn_naive,adwin,23,211,1,2018-02-15T14:05:35.268811,5000,0.0,0.0,0.0,5000,0,0,False,False,2
gnn_naive,adwin,24,212,1,2018-02-15T14:09:20.378442,5000,0.0002,0.0002,0.0,4999,0,1,False,False,2
gnn_naive,adwin,25,214,1,2018-02-15T14:16:28.503726,5000,0.0002,0.0002,0.0,4998,1,1,False,False,2
gnn_naive,adwin,26,215,1,2018-02-15T14:20:31.927942,5000,0.0,0.0,0.0,5000,0,0,False,False,2
gnn_naive,adwin,27,217,1,2018-02-15T14:26:25.244375,5000,0.0,0.0,0.0,5000,0,0,False,False,2
gnn_naive,adwin,28,218,1,2018-02-15T14:29:35.824417,5000,0.0,0.0,0.0,5000,0,0,False,False,2
gnn_naive,adwin,29,219,1,2018-02-15T14:33:15.078803,5000,0.0,0.0,0.0,5000,0,0,False,False,2
gnn_naive,adwin,30,221,1,2018-02-15T14:40:05.904712,5000,0.0002,0.0002,0.0,4999,1,0,False,False,2
gnn_naive,adwin,31,222,1,2018-02-15T14:43:20.578050,5000,0.0,0.0,0.0,5000,0,0,False,False,2
gnn_naive,adwin,32,224,1,2018-02-15T14:49:58.408106,5000,0.0,0.0,0.0,5000,0,0,False,False,2
gnn_naive,adwin,33,225,1,2018-02-15T14:52:57.148539,5000,0.0,0.0,0.0,5000,0,0,False,False,2
gnn_naive,adwin,34,227,1,2018-02-15T14:58:49.520953,5000,0.0104,0.0104,0.0104,5000,0,0,True,True,3
gnn_naive,adwin,35,228,1,2018-02-15T15:01:35.503923,5000,0.0022,0.0022,0.0182,4920,80,0,False,False,3
gnn_naive,adwin,36,229,1,2018-02-15T15:04:53.594861,5000,0.0086,0.0086,0.0178,4952,48,0,True,False,3
gnn_naive,adwin,37,231,1,2018-02-15T15:10:43.113137,5000,0.0014,0.0014,0.014,4937,63,0,False,False,3
gnn_naive,adwin,38,232,1,2018-02-15T15:13:41.096189,5000,0.0016,0.0016,0.0166,4925,75,0,False,False,3
gnn_naive,adwin,39,234,1,2018-02-15T15:19:35.615625,5000,0.0014,0.0014,0.0162,4924,76,0,False,False,3
gnn_naive,adwin,40,235,1,2018-02-15T15:22:01.717726,5000,0.0072,0.0072,0.0162,4934,45,21,True,True,4
gnn_naive,adwin,41,237,1,2018-02-15T15:28:03.562400,5000,0.0,0.0,0.0146,4927,73,0,False,False,4
gnn_naive,adwin,42,238,1,2018-02-15T15:30:42.194109,5000,0.0,0.0,0.0218,4891,109,0,True,False,4
gnn_naive,adwin,43,239,1,2018-02-15T15:33:50.453519,5000,0.0,0.0,0.0194,4903,97,0,False,False,4
gnn_naive,adwin,44,241,1,2018-02-15T15:40:14.154779,5000,0.0,0.0,0.0072,4964,36,0,False,False,4
gnn_naive,adwin,45,242,1,2018-02-15T15:43:38.324572,5000,0.0,0.0,0.0,5000,0,0,False,False,4
gnn_naive,adwin,46,244,1,2018-02-15T15:49:34.849905,5000,0.0,0.0,0.0,5000,0,0,False,False,4
gnn_naive,adwin,47,245,1,2018-02-15T15:52:15.457567,5000,0.0,0.0,0.0,5000,0,0,False,False,4
gnn_naive,adwin,48,247,1,2018-02-15T15:58:36.122597,5000,0.0,0.0,0.0,5000,0,0,False,False,4
gnn_naive,adwin,49,248,1,2018-02-15T16:01:12.335738,5000,0.0,0.0,0.0,5000,0,0,False,False,4
gnn_naive,adwin,50,249,1,2018-02-15T16:05:09.163526,5000,0.0,0.0,0.0,5000,0,0,False,False,4
gnn_naive,adwin,51,251,1,2018-02-15T16:14:18.531154,5000,0.0,0.0,0.0,5000,0,0,False,False,4
gnn_naive,adwin,52,252,1,2018-02-15T16:18:17.690425,5000,0.0,0.0,0.0,5000,0,0,False,False,4
gnn_naive,adwin,53,254,1,2018-02-15T16:26:52.753234,5000,0.0,0.0,0.0,5000,0,0,False,False,4
gnn_naive,adwin,54,255,1,2018-02-15T16:29:35.703305,5000,0.0,0.0,0.0,5000,0,0,False,False,4
gnn_naive,adwin,55,257,1,2018-02-15T16:38:10.097487,5000,0.0,0.0,0.0,5000,0,0,False,False,4
gnn_naive,adwin,56,258,1,2018-02-15T16:45:00.570621,5000,0.0,0.0,0.0,5000,0,0,False,False,4
gnn_naive,adwin,57,259,1,2018-02-15T16:50:59.684793,5000,0.0,0.0,0.0,5000,0,0,False,False,4
gnn_naive,adwin,58,261,1,2018-02-15T17:00:24.898645,5000,0.0,0.0,0.0,5000,0,0,False,False,4
gnn_naive,adwin,59,262,1,2018-02-15T17:04:35.659972,5000,0.0,0.0,0.0,5000,0,0,False,False,4
gnn_naive,adwin,60,264,1,2018-02-15T17:12:38.569411,5000,0.0,0.0,0.0,5000,0,0,False,False,4
gnn_naive,adwin,61,265,1,2018-02-15T17:15:56.887529,5000,0.0,0.0,0.0,5000,0,0,False,False,4
gnn_naive,adwin,62,267,1,2018-02-15T17:23:13.044359,5000,0.0,0.0,0.0,5000,0,0,False,False,4
gnn_naive,adwin,63,268,1,2018-02-15T17:26:34.119062,5000,0.0,0.0,0.0,5000,0,0,False,False,4
gnn_naive,adwin,64,269,1,2018-02-15T17:30:03.499806,5000,0.0,0.0,0.0,5000,0,0,False,False,4
gnn_naive,adwin,65,271,1,2018-02-15T17:37:01.144978,5000,0.0,0.0,0.0,5000,0,0,False,False,4
gnn_naive,adwin,66,272,1,2018-02-15T17:40:27.152310,5000,0.0,0.0,0.0,5000,0,0,False,False,4
gnn_naive,adwin,67,274,1,2018-02-15T17:46:41.549807,5000,0.0,0.0,0.0,5000,0,0,False,False,4
gnn_naive,adwin,68,275,1,2018-02-15T17:49:38.735750,5000,0.0,0.0,0.0,5000,0,0,False,False,4
gnn_naive,adwin,69,277,1,2018-02-15T17:56:00.511056,5000,0.0,0.0,0.0,5000,0,0,False,False,4
gnn_naive,adwin,70,278,1,2018-02-15T17:59:19.885035,5000,0.0,0.0,0.0,5000,0,0,False,False,4
gnn_naive,adwin,71,279,1,2018-02-15T18:02:44.318022,5000,0.0,0.0,0.0,5000,0,0,False,False,4
gnn_naive,adwin,72,281,1,2018-02-15T18:09:41.150950,5000,0.0,0.0,0.0,5000,0,0,False,False,4
gnn_naive,adwin,73,282,1,2018-02-15T18:12:28.015107,5000,0.0,0.0,0.0,5000,0,0,False,False,4
gnn_naive,adwin,74,284,1,2018-02-15T18:18:23.038912,5000,0.0,0.0,0.0,5000,0,0,False,False,4
gnn_naive,adwin,75,285,1,2018-02-15T18:21:18.883558,5000,0.0,0.0,0.0,5000,0,0,False,False,4
gnn_naive,adwin,76,287,1,2018-02-15T18:27:53.451634,5000,0.0,0.0,0.0,5000,0,0,False,False,4
gnn_naive,adwin,77,288,1,2018-02-15T18:31:00.368229,5000,0.0,0.0,0.0,5000,0,0,False,False,4
gnn_naive,adwin,78,289,1,2018-02-15T18:34:18.238525,5000,0.0,0.0,0.0,5000,0,0,False,False,4
gnn_naive,adwin,79,291,1,2018-02-15T18:41:41.029198,5000,0.0,0.0,0.0,5000,0,0,False,False,4
gnn_naive,adwin,80,292,1,2018-02-15T18:45:05.792018,5000,0.0,0.0,0.0,5000,0,0,False,False,4
gnn_naive,adwin,81,294,1,2018-02-15T18:51:57.688983,5000,0.0,0.0,0.0,5000,0,0,False,False,4
gnn_naive,adwin,82,295,1,2018-02-15T18:55:22.974194,5000,0.0,0.0,0.0,5000,0,0,False,False,4
gnn_naive,adwin,83,297,1,2018-02-15T19:03:00.715509,5000,0.0,0.0,0.0,5000,0,0,False,False,4
gnn_naive,adwin,84,298,1,2018-02-15T19:06:06.319184,5000,0.0,0.0,0.0,5000,0,0,False,False,4
gnn_naive,adwin,85,299,1,2018-02-15T19:09:23.553347,5000,0.0,0.0,0.0,5000,0,0,False,False,4
gnn_naive,adwin,86,301,1,2018-02-15T19:15:30.768551,5000,0.0,0.0,0.0,5000,0,0,False,False,4
gnn_naive,adwin,87,302,1,2018-02-15T19:18:40.296916,5000,0.0,0.0,0.0,5000,0,0,False,False,4
gnn_naive,adwin,88,304,1,2018-02-15T19:24:39.980435,5000,0.0,0.0,0.0,5000,0,0,False,False,4
gnn_naive,adwin,89,305,1,2018-02-15T19:27:33.013649,5000,0.0,0.0,0.0,5000,0,0,False,False,4
gnn_naive,adwin,90,307,1,2018-02-15T19:34:45.131211,5000,0.0,0.0,0.0,5000,0,0,False,False,4
gnn_naive,adwin,91,308,1,2018-02-15T19:38:05.427945,5000,0.0,0.0,0.0,5000,0,0,False,False,4
gnn_naive,adwin,92,309,1,2018-02-15T19:41:20.652273,5000,0.0,0.0,0.0,5000,0,0,False,False,4
gnn_naive,adwin,93,311,1,2018-02-15T19:48:51.307142,5000,0.0,0.0,0.0,5000,0,0,False,False,4
gnn_naive,adwin,94,312,1,2018-02-15T19:52:15.873932,5000,0.0,0.0,0.0,5000,0,0,False,False,4
gnn_naive,adwin,95,314,1,2018-02-15T19:59:56.591045,5000,0.0,0.0,0.0,5000,0,0,False,False,4
gnn_naive,adwin,96,315,1,2018-02-15T20:04:26.712143,5000,0.0,0.0,0.0,5000,0,0,False,False,4
gnn_naive,adwin,97,317,1,2018-02-15T20:10:46.343941,5000,0.0,0.0,0.0,5000,0,0,False,False,4
gnn_naive,adwin,98,318,1,2018-02-15T20:13:56.161473,5000,0.0,0.0,0.0,5000,0,0,False,False,4
gnn_naive,adwin,99,319,1,2018-02-15T20:17:08.570979,5000,0.0,0.0,0.0,5000,0,0,False,False,4
gnn_naive,adwin,100,321,1,2018-02-15T20:23:09.220547,5000,0.0002,0.0002,0.0,4999,1,0,False,False,4
gnn_naive,adwin,101,322,1,2018-02-15T20:26:14.816363,5000,0.0,0.0,0.0,5000,0,0,False,False,4
gnn_naive,adwin,102,324,1,2018-02-15T20:33:20.316643,5000,0.0,0.0,0.0,5000,0,0,False,False,4
gnn_naive,adwin,103,325,1,2018-02-15T20:36:12.774234,5000,0.0,0.0,0.0,5000,0,0,False,False,4
gnn_naive,adwin,104,327,1,2018-02-15T20:42:25.006964,5000,0.0,0.0,0.0,5000,0,0,False,False,4
gnn_naive,adwin,105,328,1,2018-02-15T20:45:20.967221,5000,0.0,0.0,0.0,5000,0,0,False,False,4
gnn_naive,adwin,106,329,1,2018-02-15T20:48:38.201559,5000,0.0,0.0,0.0,5000,0,0,False,False,4
gnn_naive,adwin,107,331,1,2018-02-15T20:54:54.842909,5000,0.0,0.0,0.0,5000,0,0,False,False,4
gnn_naive,adwin,108,332,1,2018-02-15T20:58:04.422672,5000,0.0,0.0,0.0,5000,0,0,False,False,4
gnn_naive,adwin,109,334,1,2018-02-15T21:04:11.286615,5000,0.0,0.0,0.0,5000,0,0,False,False,4
gnn_naive,adwin,110,335,1,2018-02-15T21:09:03.223157,5000,0.0002,0.0002,0.0,4999,1,0,False,False,4
gnn_naive,adwin,111,337,1,2018-02-15T21:18:26.686505,5000,0.0,0.0,0.0,5000,0,0,False,False,4
gnn_naive,adwin,112,338,1,2018-02-15T21:23:32.652271,5000,0.0,0.0,0.0,5000,0,0,False,False,4
gnn_naive,adwin,113,339,1,2018-02-15T21:28:41.499548,5000,0.0,0.0,0.0,5000,0,0,False,False,4
gnn_naive,adwin,114,341,1,2018-02-16T12:38:36.697545,5000,0.0,0.0,0.0,5000,0,0,False,False,4
gnn_naive,adwin,115,342,1,2018-02-16T12:41:51.550511,5000,0.0,0.0,0.0,5000,0,0,False,False,4
gnn_naive,adwin,116,344,1,2018-02-16T12:47:57.300715,5000,0.0006,0.0006,0.0,4997,3,0,False,False,4
gnn_naive,adwin,117,345,1,2018-02-16T12:51:35.623713,5000,0.0,0.0,0.0,5000,0,0,False,False,4
gnn_naive,adwin,118,347,1,2018-02-16T12:57:56.099291,5000,0.0,0.0,0.0,5000,0,0,False,False,4
gnn_naive,adwin,119,348,1,2018-02-16T13:01:12.217064,5000,0.0,0.0,0.0,5000,0,0,False,False,4
gnn_naive,adwin,120,349,1,2018-02-16T13:04:42.604615,5000,0.0,0.0,0.0,5000,0,0,False,False,4
gnn_naive,adwin,121,351,1,2018-02-16T13:10:28.859447,5000,0.0,0.0,0.0,5000,0,0,False,False,4
gnn_naive,adwin,122,352,1,2018-02-16T13:13:30.516025,5000,0.0,0.0,0.0,5000,0,0,False,False,4
gnn_naive,adwin,123,354,1,2018-02-16T13:19:14.030376,5000,0.0,0.0,0.0,5000,0,0,False,False,4
gnn_naive,adwin,124,355,1,2018-02-16T13:22:36.824134,5000,0.0,0.0,0.0,5000,0,0,False,False,4
gnn_naive,adwin,125,357,1,2018-02-16T13:28:33.409959,5000,0.0,0.0,0.0,5000,0,0,False,False,4
gnn_naive,adwin,126,358,1,2018-02-16T13:32:09.884042,5000,0.0,0.0,0.0,5000,0,0,False,False,4
gnn_naive,adwin,127,359,1,2018-02-16T13:35:31.614925,5000,0.0,0.0,0.0,5000,0,0,False,False,4
gnn_naive,adwin,128,361,1,2018-02-16T13:41:03.024633,5000,0.0,0.0,0.0,5000,0,0,False,False,4
gnn_naive,adwin,129,362,1,2018-02-16T13:44:12.288412,5000,0.0,0.0,0.0,5000,0,0,False,False,4
gnn_naive,adwin,130,364,1,2018-02-16T13:49:59.276859,5000,0.0,0.0,0.0,5000,0,0,False,False,4
gnn_naive,adwin,131,365,1,2018-02-16T13:53:10.063118,5000,0.0,0.0,0.0,5000,0,0,False,False,4
gnn_naive,adwin,132,367,1,2018-02-16T13:58:52.864868,5000,0.0,0.0,0.0,5000,0,0,False,False,4
gnn_naive,adwin,133,368,1,2018-02-16T14:01:22.834646,5000,0.0,0.0,0.0,5000,0,0,False,False,4
gnn_naive,adwin,134,369,1,2018-02-16T14:04:55.896892,5000,0.0,0.0,0.0,5000,0,0,False,False,4
gnn_naive,adwin,135,371,1,2018-02-16T14:11:34.794780,5000,0.0,0.0,0.0,5000,0,0,False,False,4
gnn_naive,adwin,136,372,1,2018-02-16T14:13:58.339355,5000,0.0,0.0,0.0,5000,0,0,False,False,4
gnn_naive,adwin,137,374,1,2018-02-16T14:19:49.131130,5000,0.0,0.0,0.0,5000,0,0,False,False,4
gnn_naive,adwin,138,375,1,2018-02-16T14:22:46.732927,5000,0.0,0.0,0.0,5000,0,0,False,False,4
gnn_naive,adwin,139,377,1,2018-02-16T14:28:19.297368,5000,0.0,0.0,0.0,5000,0,0,False,False,4
gnn_naive,adwin,140,378,1,2018-02-16T14:31:06.039383,5000,0.0,0.0,0.0,5000,0,0,False,False,4
gnn_naive,adwin,141,379,1,2018-02-16T14:34:38.524501,5000,0.0,0.0,0.0,5000,0,0,False,False,4
gnn_naive,adwin,142,381,1,2018-02-16T14:39:55.123773,5000,0.0002,0.0002,0.0,4999,1,0,False,False,4
gnn_naive,adwin,143,382,1,2018-02-16T14:42:08.518730,5000,0.0,0.0,0.0,5000,0,0,False,False,4
gnn_naive,adwin,144,384,1,2018-02-16T14:47:13.260846,5000,0.0,0.0,0.0,5000,0,0,False,False,4
gnn_naive,adwin,145,385,1,2018-02-16T14:49:51.713324,5000,0.0,0.0,0.0,5000,0,0,False,False,4
gnn_naive,adwin,146,387,1,2018-02-16T14:54:44.986030,5000,0.0,0.0,0.0,5000,0,0,False,False,4
gnn_naive,adwin,147,388,1,2018-02-16T14:57:19.214139,5000,0.0,0.0,0.0,5000,0,0,False,False,4
gnn_naive,adwin,148,389,1,2018-02-16T14:59:52.120516,5000,0.0,0.0,0.0,5000,0,0,False,False,4
gnn_naive,adwin,149,391,1,2018-02-16T15:05:05.451682,5000,0.0,0.0,0.0,5000,0,0,False,False,4
gnn_naive,adwin,150,392,1,2018-02-16T15:07:41.062311,5000,0.0,0.0,0.0,5000,0,0,False,False,4
gnn_naive,adwin,151,394,1,2018-02-16T15:13:20.136611,5000,0.0,0.0,0.0,5000,0,0,False,False,4
gnn_naive,adwin,152,395,1,2018-02-16T15:16:25.174632,5000,0.0,0.0,0.0,5000,0,0,False,False,4
gnn_naive,adwin,153,397,1,2018-02-16T15:22:40.807706,5000,0.0,0.0,0.0,5000,0,0,False,False,4
gnn_naive,adwin,154,398,1,2018-02-16T15:25:34.341078,5000,0.0,0.0,0.0,5000,0,0,False,False,4
gnn_naive,adwin,155,399,1,2018-02-16T15:28:34.709642,5000,0.0,0.0,0.0,5000,0,0,False,False,4
gnn_naive,adwin,156,401,1,2018-02-16T15:34:20.055451,5000,0.0,0.0,0.0,5000,0,0,False,False,4
gnn_naive,adwin,157,402,1,2018-02-16T15:37:17.313787,5000,0.0,0.0,0.0,5000,0,0,False,False,4
gnn_naive,adwin,158,404,1,2018-02-16T15:42:25.817105,5000,0.0,0.0,0.0,5000,0,0,False,False,4
gnn_naive,adwin,159,405,1,2018-02-16T15:45:10.829527,5000,0.0,0.0,0.0,5000,0,0,False,False,4
gnn_naive,adwin,160,407,1,2018-02-16T15:50:50.849008,5000,0.0,0.0,0.0,5000,0,0,False,False,4
gnn_naive,adwin,161,408,1,2018-02-16T15:53:34.212298,5000,0.0,0.0,0.0,5000,0,0,False,False,4
gnn_naive,adwin,162,409,1,2018-02-16T15:56:46.485727,5000,0.0,0.0,0.0,5000,0,0,False,False,4
gnn_naive,adwin,163,411,1,2018-02-16T16:02:20.991045,5000,0.0,0.0,0.0,5000,0,0,False,False,4
gnn_naive,adwin,164,412,1,2018-02-16T16:06:06.473413,5000,0.0,0.0,0.0,5000,0,0,False,False,4
gnn_naive,adwin,165,414,1,2018-02-16T16:13:23.724000,5000,0.0,0.0,0.0,5000,0,0,False,False,4
gnn_naive,adwin,166,415,1,2018-02-16T16:16:47.091957,5000,0.0,0.0,0.0,5000,0,0,False,False,4
gnn_naive,adwin,167,417,1,2018-02-16T16:26:51.582279,5000,0.0,0.0,0.0,5000,0,0,False,False,4
gnn_naive,adwin,168,418,1,2018-02-16T16:30:10.070271,5000,0.0,0.0,0.0,5000,0,0,False,False,4
gnn_naive,adwin,169,419,1,2018-02-16T16:34:29.542855,5000,0.0,0.0,0.0,5000,0,0,False,False,4
gnn_naive,adwin,170,421,1,2018-02-16T16:43:40.803856,5000,0.0,0.0,0.0,5000,0,0,False,False,4
gnn_naive,adwin,171,422,1,2018-02-16T16:47:31.948072,5000,0.0,0.0,0.0,5000,0,0,False,False,4
gnn_naive,adwin,172,424,1,2018-02-16T16:57:56.802843,5000,0.0,0.0,0.0,5000,0,0,False,False,4
gnn_naive,adwin,173,425,1,2018-02-16T17:01:39.858302,5000,0.0,0.0,0.0,5000,0,0,False,False,4
gnn_naive,adwin,174,427,1,2018-02-16T17:10:12.016624,5000,0.0,0.0,0.0,5000,0,0,False,False,4
gnn_naive,adwin,175,428,1,2018-02-16T17:14:13.990815,5000,0.0,0.0,0.0,5000,0,0,False,False,4
gnn_naive,adwin,176,429,1,2018-02-16T17:17:52.673746,5000,0.0,0.0,0.0,5000,0,0,False,False,4
gnn_naive,adwin,177,431,1,2018-02-16T17:25:47.902786,5000,0.0,0.0,0.0,5000,0,0,False,False,4
gnn_naive,adwin,178,432,1,2018-02-16T17:28:53.822111,5000,0.0,0.0,0.0,5000,0,0,False,False,4
gnn_naive,adwin,179,434,1,2018-02-16T17:34:33.651732,5000,0.0,0.0,0.0,5000,0,0,False,False,4
gnn_naive,adwin,180,435,1,2018-02-16T17:37:22.552335,5000,0.0,0.0,0.0,5000,0,0,False,False,4
gnn_naive,adwin,181,437,1,2018-02-16T17:43:24.921728,5000,0.223,0.223,0.223,5000,0,0,True,True,5
gnn_naive,adwin,182,438,1,2018-02-16T17:45:30.415800,5000,0.0004,0.0004,0.93,348,4652,0,True,False,5
gnn_naive,adwin,183,439,1,2018-02-16T17:45:42.688795,5000,0.0,0.0,0.9046,477,4523,0,False,False,5
gnn_naive,adwin,184,441,1,2018-02-16T17:46:08.490404,5000,0.0002,0.0002,0.9132,433,4566,1,False,False,5
gnn_naive,adwin,185,442,1,2018-02-16T17:46:21.160402,5000,0.0002,0.0002,0.8986,506,4493,1,False,False,5
gnn_naive,adwin,186,444,1,2018-02-16T17:46:46.819964,5000,0.0,0.0,0.9194,403,4597,0,False,False,5
gnn_naive,adwin,187,445,1,2018-02-16T17:46:59.413971,5000,0.0,0.0,0.9344,328,4672,0,False,False,5
gnn_naive,adwin,188,447,1,2018-02-16T17:47:25.577219,5000,0.0,0.0,0.9352,324,4676,0,False,False,5
gnn_naive,adwin,189,448,1,2018-02-16T17:47:38.591471,5000,0.0,0.0,0.9284,358,4642,0,False,False,5
gnn_naive,adwin,190,449,1,2018-02-16T17:47:51.713306,5000,0.0002,0.0002,0.9154,422,4578,0,False,False,5
gnn_naive,adwin,191,451,1,2018-02-16T17:48:17.727660,5000,0.0,0.0,0.9168,416,4584,0,False,False,5
gnn_naive,adwin,192,452,1,2018-02-16T17:48:30.941266,5000,0.0,0.0,0.9142,429,4571,0,False,False,5
gnn_naive,adwin,193,454,1,2018-02-16T17:48:57.199640,5000,0.0,0.0,0.9114,443,4557,0,False,False,5
gnn_naive,adwin,194,455,1,2018-02-16T17:49:10.241582,5000,0.0,0.0,0.9088,456,4544,0,False,False,5
gnn_naive,adwin,195,457,1,2018-02-16T17:49:35.975831,5000,0.0,0.0,0.941,295,4705,0,False,False,5
gnn_naive,adwin,196,458,1,2018-02-16T17:49:49.603664,5000,0.0,0.0,0.9322,339,4661,0,False,False,5
gnn_naive,adwin,197,459,1,2018-02-16T17:50:03.106615,5000,0.0,0.0,0.9414,293,4707,0,False,False,5
gnn_naive,adwin,198,461,1,2018-02-16T17:50:30.325848,5000,0.0,0.0,0.9298,351,4649,0,False,False,5
gnn_naive,adwin,199,462,1,2018-02-16T17:50:43.769057,5000,0.0,0.0,0.9334,333,4667,0,False,False,5
gnn_naive,adwin,200,464,1,2018-02-16T17:51:10.396018,5000,0.0,0.0,0.9432,284,4716,0,False,False,5
gnn_naive,adwin,201,465,1,2018-02-16T17:51:23.665419,5000,0.0,0.0,0.9286,357,4643,0,False,False,5
gnn_naive,adwin,202,467,1,2018-02-16T17:51:50.674959,5000,0.0,0.0,0.918,410,4590,0,False,False,5
gnn_naive,adwin,203,468,1,2018-02-16T17:52:04.316419,5000,0.0,0.0,0.92,400,4600,0,False,False,5
gnn_naive,adwin,204,469,1,2018-02-16T17:52:17.971178,5000,0.0,0.0,0.9246,377,4623,0,False,False,5
gnn_naive,adwin,205,471,1,2018-02-16T17:52:44.236127,5000,0.0,0.0,0.94,300,4700,0,False,False,5
gnn_naive,adwin,206,472,1,2018-02-16T17:52:57.744874,5000,0.0,0.0,0.9182,409,4591,0,False,False,5
gnn_naive,adwin,207,474,1,2018-02-16T17:53:24.241714,5000,0.0002,0.0002,0.916,419,4581,0,False,False,5
gnn_naive,adwin,208,475,1,2018-02-16T17:53:37.171883,5000,0.0,0.0,0.9308,346,4654,0,False,False,5
gnn_naive,adwin,209,477,1,2018-02-16T17:54:04.384679,5000,0.0002,0.0002,0.9344,327,4673,0,False,False,5
gnn_naive,adwin,210,478,1,2018-02-16T17:54:18.192149,5000,0.0,0.0,0.9096,452,4548,0,False,False,5
gnn_naive,adwin,211,479,1,2018-02-16T17:54:31.119667,5000,0.0,0.0,0.8792,604,4396,0,False,False,5
gnn_naive,adwin,212,481,1,2018-02-16T17:54:57.072100,5000,0.0,0.0,0.903,485,4515,0,False,False,5
gnn_naive,adwin,213,482,1,2018-02-16T17:55:10.397365,5000,0.0,0.0,0.93,350,4650,0,False,False,5
gnn_naive,adwin,214,484,1,2018-02-16T17:55:37.529441,5000,0.0,0.0,0.8992,504,4496,0,False,False,5
gnn_naive,adwin,215,485,1,2018-02-16T17:55:51.043506,5000,0.0002,0.0002,0.9076,461,4538,1,False,False,5
gnn_naive,adwin,216,487,1,2018-02-16T17:56:16.991902,5000,0.0,0.0,0.9344,328,4672,0,False,False,5
gnn_naive,adwin,217,488,1,2018-02-16T17:56:30.972214,5000,0.0,0.0,0.9212,394,4606,0,False,False,5
gnn_naive,adwin,218,489,1,2018-02-16T17:56:44.280487,5000,0.0,0.0,0.9314,343,4657,0,False,False,5
gnn_naive,adwin,219,491,1,2018-02-16T17:57:11.589137,5000,0.0,0.0,0.912,440,4560,0,False,False,5
gnn_naive,adwin,220,492,1,2018-02-16T17:57:24.319514,5000,0.0,0.0,0.9246,377,4623,0,False,False,5
gnn_naive,adwin,221,494,1,2018-02-16T17:57:50.537519,5000,0.0,0.0,0.8846,577,4423,0,False,False,5
gnn_naive,adwin,222,495,1,2018-02-16T17:58:03.346381,5000,0.0,0.0,0.8844,578,4422,0,False,False,5
gnn_naive,adwin,223,497,1,2018-02-16T17:59:38.552168,5000,0.0,0.0,0.0,5000,0,0,False,False,5
gnn_naive,adwin,224,498,1,2018-02-16T18:02:18.209600,5000,0.0,0.0,0.0,5000,0,0,False,False,5
gnn_naive,adwin,225,499,1,2018-02-16T18:05:19.157335,5000,0.0,0.0,0.0,5000,0,0,False,False,5
gnn_naive,adwin,226,501,1,2018-02-16T18:12:41.835531,5000,0.0,0.0,0.0,5000,0,0,False,False,5
gnn_naive,adwin,227,502,1,2018-02-16T18:16:07.112369,5000,0.0,0.0,0.0,5000,0,0,False,False,5
gnn_naive,adwin,228,504,1,2018-02-16T18:22:58.916240,5000,0.0,0.0,0.0,5000,0,0,False,False,5
gnn_naive,adwin,229,505,1,2018-02-16T18:26:04.206752,5000,0.0,0.0,0.0,4999,0,1,False,False,5
gnn_naive,adwin,230,507,1,2018-02-16T18:32:24.031146,5000,0.0,0.0,0.0,5000,0,0,False,False,5
gnn_naive,adwin,231,508,1,2018-02-16T18:36:21.786609,5000,0.0,0.0,0.0,5000,0,0,False,False,5
gnn_naive,adwin,232,509,1,2018-02-16T18:39:42.359805,5000,0.0,0.0,0.0,5000,0,0,False,False,5
gnn_naive,adwin,233,511,1,2018-02-16T18:46:21.632940,5000,0.0,0.0,0.0,5000,0,0,False,False,5
gnn_naive,adwin,234,512,1,2018-02-16T18:49:24.325334,5000,0.0,0.0,0.0,5000,0,0,False,False,5
gnn_naive,adwin,235,514,1,2018-02-16T18:55:13.155996,5000,0.0,0.0,0.0,5000,0,0,False,False,5
gnn_naive,adwin,236,515,1,2018-02-16T18:57:56.455951,5000,0.0,0.0,0.0,5000,0,0,False,False,5
gnn_naive,adwin,237,517,1,2018-02-16T19:03:41.274511,5000,0.0,0.0,0.0,5000,0,0,False,False,5
gnn_naive,adwin,238,518,1,2018-02-16T19:06:58.752310,5000,0.0,0.0,0.0,5000,0,0,False,False,5
gnn_naive,adwin,239,519,1,2018-02-16T19:10:11.009406,5000,0.0,0.0,0.0,5000,0,0,False,False,5
gnn_naive,adwin,240,521,1,2018-02-16T19:16:53.948947,5000,0.0,0.0,0.0,5000,0,0,False,False,5
gnn_naive,adwin,241,522,1,2018-02-16T19:19:51.082900,5000,0.0,0.0,0.0,5000,0,0,False,False,5
gnn_naive,adwin,242,524,1,2018-02-16T19:25:24.963667,5000,0.0,0.0,0.0,5000,0,0,False,False,5
gnn_naive,adwin,243,525,1,2018-02-16T19:28:11.868535,5000,0.0,0.0,0.0,5000,0,0,False,False,5
gnn_naive,adwin,244,527,1,2018-02-16T19:33:36.958594,5000,0.0,0.0,0.0,5000,0,0,False,False,5
gnn_naive,adwin,245,528,1,2018-02-16T19:36:50.623788,5000,0.0,0.0,0.0,5000,0,0,False,False,5
gnn_naive,adwin,246,529,1,2018-02-16T19:40:00.527776,5000,0.0,0.0,0.0,5000,0,0,False,False,5
gnn_naive,adwin,247,531,1,2018-02-16T19:46:49.619851,5000,0.0,0.0,0.0,5000,0,0,False,False,5
gnn_naive,adwin,248,532,1,2018-02-16T19:49:49.128752,5000,0.0,0.0,0.0,5000,0,0,False,False,5
gnn_naive,adwin,249,534,1,2018-02-16T19:55:33.771228,5000,0.0,0.0,0.0,5000,0,0,False,False,5
gnn_naive,adwin,250,535,1,2018-02-16T19:58:52.839507,5000,0.0,0.0,0.0,5000,0,0,False,False,5
gnn_naive,adwin,251,537,1,2018-02-16T20:05:47.117728,5000,0.0002,0.0002,0.0,4999,1,0,False,False,5
gnn_naive,adwin,252,538,1,2018-02-16T20:09:01.394260,5000,0.0,0.0,0.0,5000,0,0,False,False,5
gnn_naive,adwin,253,539,1,2018-02-16T20:12:27.179366,5000,0.0,0.0,0.0,5000,0,0,False,False,5
gnn_naive,adwin,254,541,1,2018-02-16T20:19:06.139226,5000,0.0,0.0,0.0,5000,0,0,False,False,5
gnn_naive,adwin,255,542,1,2018-02-16T20:21:46.757987,5000,0.0,0.0,0.0,5000,0,0,False,False,5
gnn_naive,adwin,256,544,1,2018-02-16T20:27:32.869316,5000,0.0,0.0,0.0,5000,0,0,False,False,5
gnn_naive,adwin,257,545,1,2018-02-16T20:30:29.720266,5000,0.0,0.0,0.0,5000,0,0,False,False,5
gnn_naive,adwin,258,547,1,2018-02-16T20:36:43.026584,5000,0.0,0.0,0.0,5000,0,0,False,False,5
gnn_naive,adwin,259,548,1,2018-02-16T20:39:25.723157,5000,0.0,0.0,0.0,5000,0,0,False,False,5
gnn_naive,adwin,260,549,1,2018-02-16T20:43:03.996213,5000,0.0002,0.0002,0.0,4999,1,0,False,False,5
gnn_naive,adwin,261,551,1,2018-02-16T20:49:10.647438,5000,0.0,0.0,0.0,5000,0,0,False,False,5
gnn_naive,adwin,262,552,1,2018-02-16T20:51:59.438947,5000,0.0,0.0,0.0,5000,0,0,False,False,5
gnn_naive,adwin,263,554,1,2018-02-16T20:57:51.632652,5000,0.0,0.0,0.0,5000,0,0,False,False,5
gnn_naive,adwin,264,555,1,2018-02-16T21:00:47.176383,5000,0.0,0.0,0.0,5000,0,0,False,False,5
gnn_naive,adwin,265,557,1,2018-02-16T21:08:43.247103,5000,0.0,0.0,0.0,5000,0,0,False,False,5
gnn_naive,adwin,266,558,1,2018-02-16T21:13:51.365573,5000,0.0,0.0,0.0,5000,0,0,False,False,5
gnn_naive,adwin,267,559,1,2018-02-16T21:18:43.188458,5000,0.0,0.0,0.0,5000,0,0,False,False,5
gnn_naive,adwin,268,561,1,2018-02-16T21:27:53.519513,5448,0.00018355359765051394,0.00018355359765051394,0.0,5447,1,0,False,False,5
gnn_naive,adwin,269,562,2,2018-02-20T12:28:05.557484,5000,0.0,0.0,0.0,5000,0,0,False,False,5
gnn_naive,adwin,270,563,2,2018-02-20T12:29:42.105021,5000,0.0,0.0,0.0,5000,0,0,False,False,5
gnn_naive,adwin,271,565,2,2018-02-20T12:35:22.868449,5000,0.0002,0.0002,0.0,4999,1,0,False,False,5
gnn_naive,adwin,272,566,2,2018-02-20T12:38:25.113331,5000,0.0,0.0,0.0,5000,0,0,False,False,5
gnn_naive,adwin,273,568,2,2018-02-20T12:44:23.549258,5000,0.0,0.0,0.0,5000,0,0,False,False,5
gnn_naive,adwin,274,569,2,2018-02-20T12:47:42.741920,5000,0.0,0.0,0.0,5000,0,0,False,False,5
gnn_naive,adwin,275,571,2,2018-02-20T12:54:39.535064,5000,0.0,0.0,0.0,5000,0,0,False,False,5
gnn_naive,adwin,276,572,2,2018-02-20T12:57:04.962988,5000,0.0,0.0,0.0,5000,0,0,False,False,5
gnn_naive,adwin,277,573,2,2018-02-20T13:00:02.189832,5000,0.0,0.0,0.0,5000,0,0,False,False,5
gnn_naive,adwin,278,575,2,2018-02-20T13:06:02.719061,5000,0.0,0.0,0.0,5000,0,0,False,False,5
gnn_naive,adwin,279,576,2,2018-02-20T13:09:24.534811,5000,0.0,0.0,0.0,5000,0,0,False,False,5
gnn_naive,adwin,280,578,2,2018-02-20T13:15:31.118168,5000,0.0,0.0,0.0,5000,0,0,False,False,5
gnn_naive,adwin,281,579,2,2018-02-20T13:18:47.855403,5000,0.0,0.0,0.0,5000,0,0,False,False,5
gnn_naive,adwin,282,581,2,2018-02-20T13:25:28.337700,5000,0.0,0.0,0.0,5000,0,0,False,False,5
gnn_naive,adwin,283,582,2,2018-02-20T13:28:57.358062,5000,0.0,0.0,0.0,5000,0,0,False,False,5
gnn_naive,adwin,284,583,2,2018-02-20T13:31:24.839207,5000,0.0,0.0,0.0,5000,0,0,False,False,5
gnn_naive,adwin,285,585,2,2018-02-20T13:36:54.117034,5000,0.0,0.0,0.0,5000,0,0,False,False,5
gnn_naive,adwin,286,586,2,2018-02-20T13:39:46.399343,5000,0.0,0.0,0.0,5000,0,0,False,False,5
gnn_naive,adwin,287,588,2,2018-02-20T13:45:29.412810,5000,0.0,0.0,0.0,5000,0,0,False,False,5
gnn_naive,adwin,288,589,2,2018-02-20T13:48:21.442467,5000,0.0,0.0,0.0,5000,0,0,False,False,5
gnn_naive,adwin,289,591,2,2018-02-20T13:54:17.035121,5000,0.0,0.0,0.0,5000,0,0,False,False,5
gnn_naive,adwin,290,592,2,2018-02-20T13:57:18.761258,5000,0.0,0.0,0.0,5000,0,0,False,False,5
gnn_naive,adwin,291,593,2,2018-02-20T13:59:31.883895,5000,0.0,0.0,0.0,5000,0,0,False,False,5
gnn_naive,adwin,292,595,2,2018-02-20T14:05:07.874319,5000,0.0,0.0,0.0,5000,0,0,False,False,5
gnn_naive,adwin,293,596,2,2018-02-20T14:08:15.829182,5000,0.0,0.0,0.0,5000,0,0,False,False,5
gnn_naive,adwin,294,598,2,2018-02-20T14:14:31.781558,5000,0.2982,0.2982,0.2982,5000,0,0,True,True,6
gnn_naive,adwin,295,599,2,2018-02-20T14:16:42.779716,5000,0.0,0.0,0.2898,3551,1449,0,True,False,6
gnn_naive,adwin,296,601,2,2018-02-20T14:20:53.046879,5000,0.0004,0.0004,0.3086,3455,1545,0,False,False,6
gnn_naive,adwin,297,602,2,2018-02-20T14:23:04.054844,5000,0.0,0.0,0.302,3490,1510,0,False,False,6
gnn_naive,adwin,298,603,2,2018-02-20T14:25:13.564658,5000,0.0,0.0,0.3288,3356,1644,0,False,False,6
gnn_naive,adwin,299,605,2,2018-02-20T14:29:13.941506,5000,0.0,0.0,0.229,3855,1145,0,False,False,6
gnn_naive,adwin,300,606,2,2018-02-20T14:30:56.601292,5000,0.0,0.0,0.2666,3667,1333,0,False,False,6
gnn_naive,adwin,301,608,2,2018-02-20T14:34:56.840157,5000,0.0002,0.0002,0.2944,3527,1473,0,False,False,6
gnn_naive,adwin,302,609,2,2018-02-20T14:37:11.748493,5000,0.0,0.0,0.283,3585,1415,0,False,False,6
gnn_naive,adwin,303,611,2,2018-02-20T14:41:14.753304,5000,0.0,0.0,0.3264,3368,1632,0,False,False,6
gnn_naive,adwin,304,612,2,2018-02-20T14:43:32.797628,5000,0.2888,0.2888,0.2888,5000,0,0,True,True,7
gnn_naive,adwin,305,613,2,2018-02-20T14:45:36.887432,5000,0.0,0.0,0.3014,3493,1507,0,True,False,7
gnn_naive,adwin,306,615,2,2018-02-20T14:49:37.865031,5000,0.0,0.0,0.2898,3551,1449,0,False,False,7
gnn_naive,adwin,307,616,2,2018-02-20T14:51:50.660254,5000,0.0,0.0,0.2958,3521,1479,0,False,False,7
gnn_naive,adwin,308,618,2,2018-02-20T14:56:15.897299,5000,0.0,0.0,0.244,3780,1220,0,False,False,7
gnn_naive,adwin,309,619,2,2018-02-20T14:58:01.595900,5000,0.0,0.0,0.2428,3786,1214,0,False,False,7
gnn_naive,adwin,310,621,2,2018-02-20T15:01:53.196726,5000,0.0,0.0,0.3064,3468,1532,0,False,False,7
gnn_naive,adwin,311,622,2,2018-02-20T15:04:03.919827,5000,0.0,0.0,0.321,3395,1605,0,False,False,7
gnn_naive,adwin,312,623,2,2018-02-20T15:06:20.620580,5000,0.0,0.0,0.2904,3548,1452,0,False,False,7
gnn_naive,adwin,313,625,2,2018-02-20T15:10:31.378150,5000,0.0,0.0,0.2608,3696,1304,0,False,False,7
gnn_naive,adwin,314,626,2,2018-02-20T15:12:23.454693,5000,0.0002,0.0002,0.3078,3460,1540,0,False,False,7
gnn_naive,adwin,315,628,2,2018-02-20T15:16:42.101279,5000,0.0014,0.0014,0.0152,4924,47,29,False,False,7
gnn_naive,adwin,316,629,2,2018-02-20T15:19:42.643899,5000,0.0,0.0,0.0,5000,0,0,False,False,7
gnn_naive,adwin,317,631,2,2018-02-20T15:25:37.439770,5000,0.0,0.0,0.0,5000,0,0,False,False,7
gnn_naive,adwin,318,632,2,2018-02-20T15:28:10.587368,5000,0.0,0.0,0.0,5000,0,0,False,False,7
gnn_naive,adwin,319,633,2,2018-02-20T15:30:12.779257,5000,0.0,0.0,0.0,5000,0,0,False,False,7
gnn_naive,adwin,320,635,2,2018-02-20T15:35:22.231173,5000,0.0,0.0,0.0,5000,0,0,False,False,7
gnn_naive,adwin,321,636,2,2018-02-20T15:38:29.946843,5000,0.0,0.0,0.0,5000,0,0,False,False,7
gnn_naive,adwin,322,638,2,2018-02-20T15:44:30.302110,5000,0.0,0.0,0.0,5000,0,0,False,False,7
gnn_naive,adwin,323,639,2,2018-02-20T15:47:15.886421,5000,0.0,0.0,0.0,5000,0,0,False,False,7
gnn_naive,adwin,324,641,2,2018-02-20T15:53:10.482827,5000,0.0,0.0,0.0,5000,0,0,False,False,7
gnn_naive,adwin,325,642,2,2018-02-20T15:55:49.302768,5000,0.0,0.0,0.0,5000,0,0,False,False,7
gnn_naive,adwin,326,643,2,2018-02-20T15:58:33.314108,5000,0.0,0.0,0.0,5000,0,0,False,False,7
gnn_naive,adwin,327,645,2,2018-02-20T16:04:31.087569,5000,0.0,0.0,0.0,5000,0,0,False,False,7
gnn_naive,adwin,328,646,2,2018-02-20T16:08:19.383547,5000,0.0,0.0,0.0,5000,0,0,False,False,7
gnn_naive,adwin,329,648,2,2018-02-20T16:16:14.502721,5000,0.0,0.0,0.0,5000,0,0,False,False,7
gnn_naive,adwin,330,649,2,2018-02-20T16:20:02.198707,5000,0.0,0.0,0.0,5000,0,0,False,False,7
gnn_naive,adwin,331,651,2,2018-02-20T16:28:01.225982,5000,0.0,0.0,0.0,5000,0,0,False,False,7
gnn_naive,adwin,332,652,2,2018-02-20T16:31:14.129279,5000,0.0,0.0,0.0,5000,0,0,False,False,7
gnn_naive,adwin,333,653,2,2018-02-20T16:35:09.895817,5000,0.0,0.0,0.0,5000,0,0,False,False,7
gnn_naive,adwin,334,655,2,2018-02-20T16:43:24.945659,5000,0.0,0.0,0.0,5000,0,0,False,False,7
gnn_naive,adwin,335,656,2,2018-02-20T16:47:54.650182,5000,0.0,0.0,0.0,5000,0,0,False,False,7
gnn_naive,adwin,336,658,2,2018-02-20T16:56:24.516343,5000,0.0,0.0,0.0,5000,0,0,False,False,7
gnn_naive,adwin,337,659,2,2018-02-20T17:00:00.272785,5000,0.0,0.0,0.0,5000,0,0,False,False,7
gnn_naive,adwin,338,661,2,2018-02-20T17:08:06.037864,5000,0.0,0.0,0.0,5000,0,0,False,False,7
gnn_naive,adwin,339,662,2,2018-02-20T17:11:06.031557,5000,0.0014,0.0014,0.0014,4999,0,1,False,False,7
gnn_naive,adwin,340,663,2,2018-02-20T17:14:44.633613,5000,0.0048,0.0048,0.0048,5000,0,0,True,True,8
gnn_naive,adwin,341,665,2,2018-02-20T17:21:10.633901,5000,0.0,0.0,0.0034,4983,17,0,False,False,8
gnn_naive,adwin,342,666,2,2018-02-20T17:24:26.084946,5000,0.0,0.0,0.006,4970,30,0,True,False,8
gnn_naive,adwin,343,668,2,2018-02-20T17:30:09.339511,5000,0.0,0.0,0.0,5000,0,0,False,False,8
gnn_naive,adwin,344,669,2,2018-02-20T17:33:23.041576,5000,0.0,0.0,0.0,5000,0,0,False,False,8
gnn_naive,adwin,345,671,2,2018-02-20T17:39:24.625685,5000,0.0,0.0,0.0,5000,0,0,False,False,8
gnn_naive,adwin,346,672,2,2018-02-20T17:42:29.662063,5000,0.0,0.0,0.0,5000,0,0,False,False,8
gnn_naive,adwin,347,673,2,2018-02-20T17:45:34.633978,5000,0.0,0.0,0.0,5000,0,0,False,False,8
gnn_naive,adwin,348,675,2,2018-02-20T17:51:06.230687,5000,0.0,0.0,0.0,5000,0,0,False,False,8
gnn_naive,adwin,349,676,2,2018-02-20T17:53:34.922957,5000,0.0,0.0,0.0,5000,0,0,False,False,8
gnn_naive,adwin,350,678,2,2018-02-20T17:59:12.951031,5000,0.0,0.0,0.0,5000,0,0,False,False,8
gnn_naive,adwin,351,679,2,2018-02-20T18:02:11.827536,5000,0.0,0.0,0.0,5000,0,0,False,False,8
gnn_naive,adwin,352,681,2,2018-02-20T18:08:12.518079,5000,0.0,0.0,0.0,5000,0,0,False,False,8
gnn_naive,adwin,353,682,2,2018-02-20T18:11:36.935593,5000,0.0,0.0,0.0,5000,0,0,False,False,8
gnn_naive,adwin,354,683,2,2018-02-20T18:14:55.978979,5000,0.0,0.0,0.0,5000,0,0,False,False,8
gnn_naive,adwin,355,685,2,2018-02-20T18:21:05.499939,5000,0.0,0.0,0.0,5000,0,0,False,False,8
gnn_naive,adwin,356,686,2,2018-02-20T18:23:50.222744,5000,0.0,0.0,0.0,5000,0,0,False,False,8
gnn_naive,adwin,357,688,2,2018-02-20T18:30:09.680294,5000,0.0,0.0,0.0,5000,0,0,False,False,8
gnn_naive,adwin,358,689,2,2018-02-20T18:33:25.427037,5000,0.0,0.0,0.0,5000,0,0,False,False,8
gnn_naive,adwin,359,691,2,2018-02-20T18:39:44.679720,5000,0.0,0.0,0.0,5000,0,0,False,False,8
gnn_naive,adwin,360,692,2,2018-02-20T18:43:11.984043,5000,0.0,0.0,0.0,5000,0,0,False,False,8
gnn_naive,adwin,361,693,2,2018-02-20T18:46:19.309423,5000,0.0,0.0,0.0,5000,0,0,False,False,8
gnn_naive,adwin,362,695,2,2018-02-20T18:52:02.610717,5000,0.0,0.0,0.0,5000,0,0,False,False,8
gnn_naive,adwin,363,696,2,2018-02-20T18:55:06.665218,5000,0.0,0.0,0.0,5000,0,0,False,False,8
gnn_naive,adwin,364,698,2,2018-02-20T19:01:10.440471,5000,0.0,0.0,0.0,5000,0,0,False,False,8
gnn_naive,adwin,365,699,2,2018-02-20T19:04:28.580678,5000,0.0,0.0,0.0,5000,0,0,False,False,8
gnn_naive,adwin,366,701,2,2018-02-20T19:10:25.009531,5000,0.0,0.0,0.0,5000,0,0,False,False,8
gnn_naive,adwin,367,702,2,2018-02-20T19:13:32.158672,5000,0.0,0.0,0.0,5000,0,0,False,False,8
gnn_naive,adwin,368,703,2,2018-02-20T19:15:49.108499,5000,0.0,0.0,0.0,5000,0,0,False,False,8
gnn_naive,adwin,369,705,2,2018-02-20T19:21:25.725262,5000,0.0,0.0,0.0,5000,0,0,False,False,8
gnn_naive,adwin,370,706,2,2018-02-20T19:24:14.097813,5000,0.0,0.0,0.0,5000,0,0,False,False,8
gnn_naive,adwin,371,708,2,2018-02-20T19:29:57.132441,5000,0.0,0.0,0.0,5000,0,0,False,False,8
gnn_naive,adwin,372,709,2,2018-02-20T19:33:01.817768,5000,0.0,0.0,0.0,5000,0,0,False,False,8
gnn_naive,adwin,373,711,2,2018-02-20T19:39:57.524340,5000,0.0,0.0,0.0,5000,0,0,False,False,8
gnn_naive,adwin,374,712,2,2018-02-20T19:43:13.714136,5000,0.0,0.0,0.0,5000,0,0,False,False,8
gnn_naive,adwin,375,713,2,2018-02-20T19:46:25.668285,5000,0.0,0.0,0.0,5000,0,0,False,False,8
gnn_naive,adwin,376,715,2,2018-02-20T19:53:04.620728,5000,0.0,0.0,0.0,5000,0,0,False,False,8
gnn_naive,adwin,377,716,2,2018-02-20T19:55:56.765701,5000,0.0,0.0,0.0,5000,0,0,False,False,8
gnn_naive,adwin,378,718,2,2018-02-20T20:02:41.352875,5000,0.0,0.0,0.0,5000,0,0,False,False,8
gnn_naive,adwin,379,719,2,2018-02-20T20:06:03.371789,5000,0.0,0.0,0.0,5000,0,0,False,False,8
gnn_naive,adwin,380,721,2,2018-02-20T20:12:23.782760,5000,0.0,0.0,0.0,5000,0,0,False,False,8
gnn_naive,adwin,381,722,2,2018-02-20T20:15:31.445539,5000,0.0,0.0,0.0,5000,0,0,False,False,8
gnn_naive,adwin,382,723,2,2018-02-20T20:18:48.584643,5000,0.0,0.0,0.0,5000,0,0,False,False,8
gnn_naive,adwin,383,725,2,2018-02-20T20:25:14.043761,5000,0.0,0.0,0.0,5000,0,0,False,False,8
gnn_naive,adwin,384,726,2,2018-02-20T20:28:14.197722,5000,0.0,0.0,0.0,5000,0,0,False,False,8
gnn_naive,adwin,385,728,2,2018-02-20T20:34:12.469410,5000,0.0,0.0,0.0,5000,0,0,False,False,8
gnn_naive,adwin,386,729,2,2018-02-20T20:37:37.519650,5000,0.0,0.0,0.0,5000,0,0,False,False,8
gnn_naive,adwin,387,731,2,2018-02-20T20:43:43.130318,5000,0.0,0.0,0.0,5000,0,0,False,False,8
gnn_naive,adwin,388,732,2,2018-02-20T20:46:38.901492,5000,0.0,0.0,0.0,5000,0,0,False,False,8
gnn_naive,adwin,389,733,2,2018-02-20T20:49:51.903624,5000,0.0,0.0,0.0,5000,0,0,False,False,8
gnn_naive,adwin,390,735,2,2018-02-20T20:56:26.712720,5000,0.0,0.0,0.0,5000,0,0,False,False,8
gnn_naive,adwin,391,736,2,2018-02-20T20:59:22.490475,5000,0.0,0.0,0.0,5000,0,0,False,False,8
gnn_naive,adwin,392,738,2,2018-02-20T21:08:44.013987,5000,0.0,0.0,0.0,5000,0,0,False,False,8
gnn_naive,adwin,393,739,2,2018-02-20T21:13:16.499106,5000,0.0,0.0,0.0,5000,0,0,False,False,8
gnn_naive,adwin,394,741,2,2018-02-20T21:21:04.601251,5000,0.0,0.0,0.0,5000,0,0,False,False,8
gnn_naive,adwin,395,742,2,2018-02-20T21:26:04.740808,5000,0.0,0.0,0.0,5000,0,0,False,False,8
gnn_naive,adwin,396,743,2,2018-02-20T21:29:40.070489,5000,0.0,0.0,0.0,5000,0,0,False,False,8
gnn_naive,adwin,397,745,2,2018-02-21T12:30:14.915765,5000,0.0,0.0,0.0,5000,0,0,False,False,8
gnn_naive,adwin,398,746,2,2018-02-21T12:32:53.448588,5000,0.0,0.0,0.0,5000,0,0,False,False,8
gnn_naive,adwin,399,748,2,2018-02-21T12:37:27.992164,5000,0.0,0.0,0.0,5000,0,0,False,False,8
gnn_naive,adwin,400,749,2,2018-02-21T12:39:45.094275,5000,0.0,0.0,0.0,5000,0,0,False,False,8
gnn_naive,adwin,401,751,2,2018-02-21T12:45:01.378501,5000,0.0,0.0,0.0,5000,0,0,False,False,8
gnn_naive,adwin,402,752,2,2018-02-21T12:48:09.859294,5000,0.0,0.0,0.0,5000,0,0,False,False,8
gnn_naive,adwin,403,753,2,2018-02-21T12:50:58.467470,5000,0.0,0.0,0.0,5000,0,0,False,False,8
gnn_naive,adwin,404,755,2,2018-02-21T12:56:40.027568,5000,0.0,0.0,0.0,5000,0,0,False,False,8
gnn_naive,adwin,405,756,2,2018-02-21T12:59:24.261264,5000,0.0,0.0,0.0,5000,0,0,False,False,8
gnn_naive,adwin,406,758,2,2018-02-21T13:04:10.810725,5000,0.0,0.0,0.0,5000,0,0,False,False,8
gnn_naive,adwin,407,759,2,2018-02-21T13:06:45.860074,5000,0.0,0.0,0.0,5000,0,0,False,False,8
gnn_naive,adwin,408,761,2,2018-02-21T13:13:01.411539,5000,0.0,0.0,0.0,5000,0,0,False,False,8
gnn_naive,adwin,409,762,2,2018-02-21T13:16:03.109229,5000,0.0,0.0,0.0,5000,0,0,False,False,8
gnn_naive,adwin,410,763,2,2018-02-21T13:19:00.531255,5000,0.0,0.0,0.0,5000,0,0,False,False,8
gnn_naive,adwin,411,765,2,2018-02-21T13:25:13.895266,5000,0.0,0.0,0.0,5000,0,0,False,False,8
gnn_naive,adwin,412,766,2,2018-02-21T13:28:22.393146,5000,0.0,0.0,0.0,5000,0,0,False,False,8
gnn_naive,adwin,413,768,2,2018-02-21T13:33:11.645413,5000,0.0,0.0,0.0,5000,0,0,False,False,8
gnn_naive,adwin,414,769,2,2018-02-21T13:36:04.080147,5000,0.0,0.0,0.0,5000,0,0,False,False,8
gnn_naive,adwin,415,771,2,2018-02-21T13:41:17.088813,5000,0.0,0.0,0.0,5000,0,0,False,False,8
gnn_naive,adwin,416,772,2,2018-02-21T13:44:22.712351,5000,0.0,0.0,0.0,5000,0,0,False,False,8
gnn_naive,adwin,417,773,2,2018-02-21T13:46:43.432214,5000,0.0,0.0,0.0,5000,0,0,False,False,8
gnn_naive,adwin,418,775,2,2018-02-21T13:52:00.793060,5000,0.0,0.0,0.0,5000,0,0,False,False,8
gnn_naive,adwin,419,776,2,2018-02-21T13:54:50.123467,5000,0.0,0.0,0.0,5000,0,0,False,False,8
gnn_naive,adwin,420,778,2,2018-02-21T13:59:48.596242,5000,0.0,0.0,0.0,5000,0,0,False,False,8
gnn_naive,adwin,421,779,2,2018-02-21T14:02:23.603296,5000,0.0,0.0,0.0,5000,0,0,False,False,8
gnn_naive,adwin,422,781,2,2018-02-21T14:09:02.068577,5000,0.0,0.0,0.0056,4972,28,0,False,False,8
gnn_naive,adwin,423,782,2,2018-02-21T14:12:26.243805,5000,0.0,0.0,0.0048,4976,24,0,False,False,8
gnn_naive,adwin,424,783,2,2018-02-21T14:15:57.048932,5000,0.0,0.0,0.0038,4981,19,0,False,False,8
gnn_naive,adwin,425,785,2,2018-02-21T14:22:23.243787,5000,0.0,0.0,0.0074,4963,37,0,False,False,8
gnn_naive,adwin,426,786,2,2018-02-21T14:25:50.331671,5000,0.0,0.0,0.0044,4978,22,0,False,False,8
gnn_naive,adwin,427,788,2,2018-02-21T14:31:04.193754,5000,0.0002,0.0002,0.005,4974,26,0,False,False,8
gnn_naive,adwin,428,789,2,2018-02-21T14:33:49.628647,5000,0.0,0.0,0.003,4985,15,0,False,False,8
gnn_naive,adwin,429,791,2,2018-02-21T14:39:39.767683,5000,0.0,0.0,0.0034,4983,17,0,False,False,8
gnn_naive,adwin,430,792,2,2018-02-21T14:42:44.190903,5000,0.0,0.0,0.0006,4997,3,0,False,False,8
gnn_naive,adwin,431,793,2,2018-02-21T14:45:43.676915,5000,0.0,0.0,0.0,5000,0,0,False,False,8
gnn_naive,adwin,432,795,2,2018-02-21T14:51:13.097638,5000,0.0,0.0,0.0,5000,0,0,False,False,8
gnn_naive,adwin,433,796,2,2018-02-21T14:54:09.509792,5000,0.0,0.0,0.0,5000,0,0,False,False,8
gnn_naive,adwin,434,798,2,2018-02-21T14:59:30.273293,5000,0.0,0.0,0.0,5000,0,0,False,False,8
gnn_naive,adwin,435,799,2,2018-02-21T15:02:06.076741,5000,0.0,0.0,0.0,5000,0,0,False,False,8
gnn_naive,adwin,436,801,2,2018-02-21T15:08:08.899097,5000,0.0,0.0,0.0,5000,0,0,False,False,8
gnn_naive,adwin,437,802,2,2018-02-21T15:11:12.768118,5000,0.0,0.0,0.0,5000,0,0,False,False,8
gnn_naive,adwin,438,803,2,2018-02-21T15:14:10.812095,5000,0.0,0.0,0.0,5000,0,0,False,False,8
gnn_naive,adwin,439,805,2,2018-02-21T15:19:27.236425,5000,0.0,0.0,0.0,5000,0,0,False,False,8
gnn_naive,adwin,440,806,2,2018-02-21T15:22:37.743356,5000,0.0,0.0,0.0,5000,0,0,False,False,8
gnn_naive,adwin,441,808,2,2018-02-21T15:28:03.652468,5000,0.0,0.0,0.0,5000,0,0,False,False,8
gnn_naive,adwin,442,809,2,2018-02-21T15:30:18.591035,5000,0.0,0.0,0.0,5000,0,0,False,False,8
gnn_naive,adwin,443,811,2,2018-02-21T15:36:13.544051,5000,0.0,0.0,0.0,5000,0,0,False,False,8
gnn_naive,adwin,444,812,2,2018-02-21T15:39:00.464967,5000,0.0,0.0,0.0,5000,0,0,False,False,8
gnn_naive,adwin,445,813,2,2018-02-21T15:41:57.881450,5000,0.0,0.0,0.0,5000,0,0,False,False,8
gnn_naive,adwin,446,815,2,2018-02-21T15:47:26.984262,5000,0.0,0.0,0.0,5000,0,0,False,False,8
gnn_naive,adwin,447,816,2,2018-02-21T15:50:01.059659,5000,0.0,0.0,0.0,5000,0,0,False,False,8
gnn_naive,adwin,448,818,2,2018-02-21T15:55:38.579118,5000,0.0,0.0,0.0,5000,0,0,False,False,8
gnn_naive,adwin,449,819,2,2018-02-21T15:58:36.097314,5000,0.0,0.0,0.0,5000,0,0,False,False,8
gnn_naive,adwin,450,821,2,2018-02-21T16:05:01.687604,5000,0.0,0.0,0.0,5000,0,0,False,False,8
gnn_naive,adwin,451,822,2,2018-02-21T16:09:31.368178,5000,0.0,0.0,0.0,5000,0,0,False,False,8
gnn_naive,adwin,452,823,2,2018-02-21T16:13:43.831770,5000,0.0,0.0,0.0,5000,0,0,False,False,8
gnn_naive,adwin,453,825,2,2018-02-21T16:21:37.517709,5000,0.0,0.0,0.0,5000,0,0,False,False,8
gnn_naive,adwin,454,826,2,2018-02-21T16:26:17.679611,5000,0.0008,0.0008,0.0,4996,0,4,False,False,8
gnn_naive,adwin,455,828,2,2018-02-21T16:33:12.676353,5000,0.0,0.0,0.0,5000,0,0,False,False,8
gnn_naive,adwin,456,829,2,2018-02-21T16:38:12.893820,5000,0.0,0.0,0.0,5000,0,0,False,False,8
gnn_naive,adwin,457,831,2,2018-02-21T16:48:53.815070,5000,0.0,0.0,0.0,5000,0,0,False,False,8
gnn_naive,adwin,458,832,2,2018-02-21T16:53:12.481748,5000,0.0,0.0,0.0,5000,0,0,False,False,8
gnn_naive,adwin,459,833,2,2018-02-21T16:57:37.801631,5000,0.0,0.0,0.0,5000,0,0,False,False,8
gnn_naive,adwin,460,835,2,2018-02-21T17:06:03.042740,5000,0.0,0.0,0.0,5000,0,0,False,False,8
gnn_naive,adwin,461,836,2,2018-02-21T17:09:38.898301,5000,0.0,0.0,0.0,5000,0,0,False,False,8
gnn_naive,adwin,462,838,2,2018-02-21T17:17:05.418711,5000,0.0,0.0,0.0,5000,0,0,False,False,8
gnn_naive,adwin,463,839,2,2018-02-21T17:20:23.358572,5000,0.0,0.0,0.0,5000,0,0,False,False,8
gnn_naive,adwin,464,841,2,2018-02-21T17:26:25.898448,5000,0.0,0.0,0.0,5000,0,0,False,False,8
gnn_naive,adwin,465,842,2,2018-02-21T17:29:38.601103,5000,0.0,0.0,0.0,5000,0,0,False,False,8
gnn_naive,adwin,466,843,2,2018-02-21T17:32:41.644697,5000,0.0,0.0,0.0,5000,0,0,False,False,8
gnn_naive,adwin,467,845,2,2018-02-21T17:39:02.350368,5000,0.0,0.0,0.0,5000,0,0,False,False,8
gnn_naive,adwin,468,846,2,2018-02-21T17:41:54.539703,5000,0.0,0.0,0.0,5000,0,0,False,False,8
gnn_naive,adwin,469,848,2,2018-02-21T17:48:04.656628,5000,0.0,0.0,0.0,5000,0,0,False,False,8
gnn_naive,adwin,470,849,2,2018-02-21T17:50:30.104450,5000,0.0,0.0,0.0,5000,0,0,False,False,8
gnn_naive,adwin,471,851,2,2018-02-21T17:55:49.288941,5000,0.0,0.0,0.0,5000,0,0,False,False,8
gnn_naive,adwin,472,852,2,2018-02-21T17:58:32.781438,5000,0.0002,0.0002,0.0,4999,1,0,False,False,8
gnn_naive,adwin,473,853,2,2018-02-21T18:01:04.808759,5000,0.0,0.0,0.0,5000,0,0,False,False,8
gnn_naive,adwin,474,855,2,2018-02-21T18:07:29.910309,5000,0.0,0.0,0.0,5000,0,0,False,False,8
gnn_naive,adwin,475,856,2,2018-02-21T18:10:39.677287,5000,0.0002,0.0002,0.5256,2371,2629,0,False,False,8
gnn_naive,adwin,476,858,2,2018-02-21T18:12:57.221842,5000,0.7262,0.7262,0.726,4999,1,0,True,True,9
gnn_naive,adwin,477,859,2,2018-02-21T18:13:56.466778,5000,0.0,0.0,0.7158,1421,3579,0,True,False,9
gnn_naive,adwin,478,861,2,2018-02-21T18:15:53.910471,5000,0.0004,0.0004,0.6404,1796,3204,0,False,False,9
gnn_naive,adwin,479,862,2,2018-02-21T18:16:48.564714,5000,0.0,0.0,0.6594,1703,3297,0,False,False,9
gnn_naive,adwin,480,863,2,2018-02-21T18:17:44.733742,5000,0.0,0.0,0.7052,1474,3526,0,False,False,9
gnn_naive,adwin,481,865,2,2018-02-21T18:19:41.727090,5000,0.0,0.0,0.6774,1613,3387,0,False,False,9
gnn_naive,adwin,482,866,2,2018-02-21T18:20:38.999754,5000,0.0,0.0,0.6894,1552,3447,1,False,False,9
gnn_naive,adwin,483,868,2,2018-02-21T18:22:33.140864,5000,0.0002,0.0002,0.6782,1608,3392,0,False,False,9
gnn_naive,adwin,484,869,2,2018-02-21T18:23:27.249092,5000,0.0002,0.0002,0.6892,1553,3447,0,False,False,9
gnn_naive,adwin,485,871,2,2018-02-21T18:25:24.554403,5000,0.0,0.0,0.6982,1509,3491,0,False,False,9
gnn_naive,adwin,486,872,2,2018-02-21T18:26:24.070476,5000,0.0,0.0,0.7202,1399,3601,0,False,False,9
gnn_naive,adwin,487,873,2,2018-02-21T18:27:23.621285,5000,0.0002,0.0002,0.7132,1433,3567,0,False,False,9
gnn_naive,adwin,488,875,2,2018-02-21T18:29:23.774216,5000,0.0,0.0,0.6074,1963,3037,0,False,False,9
gnn_naive,adwin,489,876,2,2018-02-21T18:30:18.657633,5000,0.0,0.0,0.6716,1642,3358,0,False,False,9
gnn_naive,adwin,490,878,2,2018-02-21T18:32:22.078792,5000,0.0002,0.0002,0.6996,1501,3499,0,False,False,9
gnn_naive,adwin,491,879,2,2018-02-21T18:33:28.362423,5000,0.0,0.0,0.6424,1788,3212,0,False,False,9
gnn_naive,adwin,492,881,2,2018-02-21T18:35:32.929260,5000,0.0002,0.0002,0.683,1584,3416,0,False,False,9
gnn_naive,adwin,493,882,2,2018-02-21T18:36:38.586837,5000,0.0002,0.0002,0.6572,1713,3287,0,False,False,9
gnn_naive,adwin,494,883,2,2018-02-21T18:37:42.707071,5000,0.0004,0.0004,0.6594,1701,3299,0,False,False,9
gnn_naive,adwin,495,885,2,2018-02-21T18:39:51.262574,5000,0.0,0.0,0.6614,1693,3307,0,False,False,9
gnn_naive,adwin,496,886,2,2018-02-21T18:40:55.193704,5000,0.0002,0.0002,0.696,1519,3481,0,False,False,9
gnn_naive,adwin,497,888,2,2018-02-21T18:43:13.151035,5000,0.0002,0.0002,0.5988,2005,2995,0,False,False,9
gnn_naive,adwin,498,889,2,2018-02-21T18:44:14.879606,5000,0.0,0.0,0.5736,2132,2868,0,False,False,9
gnn_naive,adwin,499,891,2,2018-02-21T18:46:22.131592,5000,0.0,0.0,0.6216,1892,3108,0,False,False,9
gnn_naive,adwin,500,892,2,2018-02-21T18:47:29.433508,5000,0.0002,0.0002,0.6234,1882,3118,0,False,False,9
gnn_naive,adwin,501,893,2,2018-02-21T18:48:37.547513,5000,0.0,0.0,0.5768,2116,2884,0,False,False,9
gnn_naive,adwin,502,895,2,2018-02-21T18:50:48.669328,5000,0.0002,0.0002,0.6068,1965,3035,0,False,False,9
gnn_naive,adwin,503,896,2,2018-02-21T18:52:01.751987,5000,0.0004,0.0004,0.6274,1861,3139,0,False,False,9
gnn_naive,adwin,504,898,2,2018-02-21T18:54:34.081396,5000,0.0,0.0,0.5624,2188,2812,0,False,False,9
gnn_naive,adwin,505,899,2,2018-02-21T18:55:51.862246,5000,0.0002,0.0002,0.593,2034,2966,0,False,False,9
gnn_naive,adwin,506,901,2,2018-02-21T18:58:27.021799,5000,0.0,0.0,0.5522,2239,2761,0,False,False,9
gnn_naive,adwin,507,902,2,2018-02-21T18:59:44.178317,5000,0.0002,0.0002,0.5866,2066,2934,0,False,False,9
gnn_naive,adwin,508,903,2,2018-02-21T19:01:06.866127,5000,0.0,0.0,0.5768,2116,2884,0,False,False,9
gnn_naive,adwin,509,905,2,2018-02-21T19:03:55.186376,5000,0.0,0.0,0.5614,2193,2807,0,False,False,9
gnn_naive,adwin,510,906,2,2018-02-21T19:05:16.354567,5000,0.0006,0.0006,0.1266,4364,636,0,False,False,9
gnn_naive,adwin,511,908,2,2018-02-21T19:11:28.389861,5000,0.0,0.0,0.0,5000,0,0,False,False,9
gnn_naive,adwin,512,909,2,2018-02-21T19:14:14.552997,5000,0.0,0.0,0.0,5000,0,0,False,False,9
gnn_naive,adwin,513,911,2,2018-02-21T19:20:11.670699,5000,0.0,0.0,0.0,5000,0,0,False,False,9
gnn_naive,adwin,514,912,2,2018-02-21T19:23:16.430515,5000,0.0,0.0,0.0,5000,0,0,False,False,9
gnn_naive,adwin,515,913,2,2018-02-21T19:26:11.147775,5000,0.0,0.0,0.0,5000,0,0,False,False,9
gnn_naive,adwin,516,915,2,2018-02-21T19:32:12.461008,5000,0.0,0.0,0.0,5000,0,0,False,False,9
gnn_naive,adwin,517,916,2,2018-02-21T19:35:57.053192,5000,0.0,0.0,0.0,5000,0,0,False,False,9
gnn_naive,adwin,518,918,2,2018-02-21T19:42:39.002372,5000,0.0,0.0,0.0,5000,0,0,False,False,9
gnn_naive,adwin,519,919,2,2018-02-21T19:45:56.280969,5000,0.0,0.0,0.0,5000,0,0,False,False,9
gnn_naive,adwin,520,921,2,2018-02-21T19:52:46.033934,5000,0.0,0.0,0.0,5000,0,0,False,False,9
gnn_naive,adwin,521,922,2,2018-02-21T19:55:30.549351,5000,0.0,0.0,0.0,5000,0,0,False,False,9
gnn_naive,adwin,522,923,2,2018-02-21T19:58:47.617308,5000,0.0,0.0,0.0,5000,0,0,False,False,9
gnn_naive,adwin,523,925,2,2018-02-21T20:05:37.779293,5000,0.0,0.0,0.0,5000,0,0,False,False,9
gnn_naive,adwin,524,926,2,2018-02-21T20:08:47.732466,5000,0.0,0.0,0.0,5000,0,0,False,False,9
gnn_naive,adwin,525,928,2,2018-02-21T20:14:25.911503,5000,0.0,0.0,0.0,5000,0,0,False,False,9
gnn_naive,adwin,526,929,2,2018-02-21T20:17:12.508088,5000,0.0,0.0,0.0,5000,0,0,False,False,9
gnn_naive,adwin,527,931,2,2018-02-21T20:22:34.652384,5000,0.0,0.0,0.0,5000,0,0,False,False,9
gnn_naive,adwin,528,932,2,2018-02-21T20:25:36.227355,5000,0.0,0.0,0.0,5000,0,0,False,False,9
gnn_naive,adwin,529,933,2,2018-02-21T20:28:27.081522,5000,0.0,0.0,0.0,5000,0,0,False,False,9
gnn_naive,adwin,530,935,2,2018-02-21T20:34:07.230799,5000,0.0,0.0,0.0,5000,0,0,False,False,9
gnn_naive,adwin,531,936,2,2018-02-21T20:37:05.888882,5000,0.0,0.0,0.0,5000,0,0,False,False,9
gnn_naive,adwin,532,938,2,2018-02-21T20:42:50.974097,5000,0.0,0.0,0.0,5000,0,0,False,False,9
gnn_naive,adwin,533,939,2,2018-02-21T20:45:26.017299,5000,0.0,0.0,0.0,5000,0,0,False,False,9
gnn_naive,adwin,534,941,2,2018-02-21T20:51:09.809989,5000,0.0,0.0,0.0,5000,0,0,False,False,9
gnn_naive,adwin,535,942,2,2018-02-21T20:53:55.122043,5000,0.0,0.0,0.0,5000,0,0,False,False,9
gnn_naive,adwin,536,943,2,2018-02-21T20:56:55.048720,5000,0.0,0.0,0.0,5000,0,0,False,False,9
gnn_naive,adwin,537,945,2,2018-02-21T21:02:49.211416,5000,0.0,0.0,0.0,5000,0,0,False,False,9
gnn_naive,adwin,538,946,2,2018-02-21T21:07:24.981572,5000,0.0,0.0,0.0,5000,0,0,False,False,9
gnn_naive,adwin,539,948,2,2018-02-21T21:15:27.907170,5000,0.0,0.0,0.0,5000,0,0,False,False,9
gnn_naive,adwin,540,949,2,2018-02-21T21:18:57.456495,5000,0.0,0.0,0.0,5000,0,0,False,False,9
gnn_naive,adwin,541,951,2,2018-02-21T21:27:31.818947,5000,0.0,0.0,0.0,5000,0,0,False,False,9
gnn_naive,adwin,542,952,2,2018-02-21T21:34:23.596059,5000,0.0,0.0,0.0,5000,0,0,False,False,9
gnn_naive,adwin,543,953,2,2018-02-22T12:22:54.529632,5000,0.0,0.0,0.0,5000,0,0,False,False,9
gnn_naive,adwin,544,955,2,2018-02-22T12:27:12.388977,5000,0.0,0.0,0.0,5000,0,0,False,False,9
gnn_naive,adwin,545,956,2,2018-02-22T12:29:27.352468,5000,0.0,0.0,0.0,5000,0,0,False,False,9
gnn_naive,adwin,546,958,2,2018-02-22T12:35:27.445278,5000,0.0,0.0,0.0,5000,0,0,False,False,9
gnn_naive,adwin,547,959,2,2018-02-22T12:37:47.622535,5000,0.0,0.0,0.0,5000,0,0,False,False,9
gnn_naive,adwin,548,961,2,2018-02-22T12:43:49.286020,5000,0.0,0.0,0.0,5000,0,0,False,False,9
gnn_naive,adwin,549,962,2,2018-02-22T12:46:47.899133,5000,0.0,0.0,0.0,5000,0,0,False,False,9
gnn_naive,adwin,550,963,2,2018-02-22T12:49:47.587430,5000,0.0,0.0,0.0,5000,0,0,False,False,9
gnn_naive,adwin,551,965,2,2018-02-22T12:55:00.343632,5000,0.0,0.0,0.0,5000,0,0,False,False,9
gnn_naive,adwin,552,966,2,2018-02-22T12:58:16.423411,5000,0.0,0.0,0.0,5000,0,0,False,False,9
gnn_naive,adwin,553,968,2,2018-02-22T13:03:25.342616,5000,0.0,0.0,0.0,5000,0,0,False,False,9
gnn_naive,adwin,554,969,2,2018-02-22T13:06:20.276523,5000,0.0,0.0,0.0,5000,0,0,False,False,9
gnn_naive,adwin,555,971,2,2018-02-22T13:12:13.742783,5000,0.0,0.0,0.0,5000,0,0,False,False,9
gnn_naive,adwin,556,972,2,2018-02-22T13:15:14.200920,5000,0.0,0.0,0.0,5000,0,0,False,False,9
gnn_naive,adwin,557,973,2,2018-02-22T13:17:51.212302,5000,0.0,0.0,0.0,5000,0,0,False,False,9
gnn_naive,adwin,558,975,2,2018-02-22T13:23:49.752711,5000,0.0,0.0,0.0,5000,0,0,False,False,9
gnn_naive,adwin,559,976,2,2018-02-22T13:26:50.170406,5000,0.0,0.0,0.0,5000,0,0,False,False,9
gnn_naive,adwin,560,978,2,2018-02-22T13:31:59.369100,5000,0.0,0.0,0.0,5000,0,0,False,False,9
gnn_naive,adwin,561,979,2,2018-02-22T13:35:02.349131,5000,0.0,0.0,0.0,5000,0,0,False,False,9
gnn_naive,adwin,562,981,2,2018-02-22T13:40:44.414617,5000,0.0,0.0,0.0,5000,0,0,False,False,9
gnn_naive,adwin,563,982,2,2018-02-22T13:43:37.016733,5000,0.0,0.0,0.0,5000,0,0,False,False,9
gnn_naive,adwin,564,983,2,2018-02-22T13:46:12.432471,5000,0.0,0.0,0.0,5000,0,0,False,False,9
gnn_naive,adwin,565,985,2,2018-02-22T13:51:52.536801,5000,0.0,0.0,0.0,5000,0,0,False,False,9
gnn_naive,adwin,566,986,2,2018-02-22T13:54:14.118264,5000,0.0,0.0,0.0,5000,0,0,False,False,9
gnn_naive,adwin,567,988,2,2018-02-22T13:59:42.540775,5000,0.0,0.0,0.0,5000,0,0,False,False,9
gnn_naive,adwin,568,989,2,2018-02-22T14:02:51.580757,5000,0.0,0.0,0.0,5000,0,0,False,False,9
gnn_naive,adwin,569,991,2,2018-02-22T14:09:28.178823,5000,0.0,0.0,0.0,5000,0,0,False,False,9
gnn_naive,adwin,570,992,2,2018-02-22T14:12:07.043409,5000,0.0,0.0,0.0,5000,0,0,False,False,9
gnn_naive,adwin,571,993,2,2018-02-22T14:15:24.387773,5000,0.0,0.0,0.0,5000,0,0,False,False,9
gnn_naive,adwin,572,995,2,2018-02-22T14:21:40.014524,5000,0.0,0.0,0.0,5000,0,0,False,False,9
gnn_naive,adwin,573,996,2,2018-02-22T14:24:07.374723,5000,0.0002,0.0002,0.0002,5000,0,0,False,False,9
gnn_naive,adwin,574,998,2,2018-02-22T14:29:13.649442,5000,0.0002,0.0002,0.0002,5000,0,0,False,False,9
gnn_naive,adwin,575,999,2,2018-02-22T14:32:16.171190,5000,0.0,0.0,0.0,5000,0,0,False,False,9
gnn_naive,adwin,576,1001,2,2018-02-22T14:38:03.075220,5000,0.0,0.0,0.0,5000,0,0,False,False,9
gnn_naive,adwin,577,1002,2,2018-02-22T14:40:47.690179,5000,0.0,0.0,0.0,5000,0,0,False,False,9
gnn_naive,adwin,578,1003,2,2018-02-22T14:43:23.320540,5000,0.0002,0.0002,0.0002,5000,0,0,False,False,9
gnn_naive,adwin,579,1005,2,2018-02-22T14:49:21.214144,5000,0.0,0.0,0.0,5000,0,0,False,False,9
gnn_naive,adwin,580,1006,2,2018-02-22T14:51:41.261166,5000,0.0,0.0,0.0,5000,0,0,False,False,9
gnn_naive,adwin,581,1008,2,2018-02-22T14:56:43.081874,5000,0.0,0.0,0.0,5000,0,0,False,False,9
gnn_naive,adwin,582,1009,2,2018-02-22T14:59:24.671546,5000,0.0,0.0,0.0,5000,0,0,False,False,9
gnn_naive,adwin,583,1011,2,2018-02-22T15:04:45.705989,5000,0.0,0.0,0.0,5000,0,0,False,False,9
gnn_naive,adwin,584,1012,2,2018-02-22T15:07:09.237370,5000,0.0,0.0,0.0,5000,0,0,False,False,9
gnn_naive,adwin,585,1013,2,2018-02-22T15:09:51.412721,5000,0.0002,0.0002,0.0002,5000,0,0,False,False,9
gnn_naive,adwin,586,1015,2,2018-02-22T15:15:18.999894,5000,0.0,0.0,0.0,5000,0,0,False,False,9
gnn_naive,adwin,587,1016,2,2018-02-22T15:17:54.695711,5000,0.0,0.0,0.0,5000,0,0,False,False,9
gnn_naive,adwin,588,1018,2,2018-02-22T15:22:22.433254,5000,0.0,0.0,0.0,5000,0,0,False,False,9
gnn_naive,adwin,589,1019,2,2018-02-22T15:25:03.738097,5000,0.0,0.0,0.0,5000,0,0,False,False,9
gnn_naive,adwin,590,1021,2,2018-02-22T15:30:44.544653,5000,0.0,0.0,0.0,5000,0,0,False,False,9
gnn_naive,adwin,591,1022,2,2018-02-22T15:32:58.354207,5000,0.0,0.0,0.0,5000,0,0,False,False,9
gnn_naive,adwin,592,1023,2,2018-02-22T15:36:01.093836,5000,0.0,0.0,0.0,5000,0,0,False,False,9
gnn_naive,adwin,593,1025,2,2018-02-22T15:41:14.959602,5000,0.0,0.0,0.0,5000,0,0,False,False,9
gnn_naive,adwin,594,1026,2,2018-02-22T15:44:11.291771,5000,0.0,0.0,0.0,5000,0,0,False,False,9
gnn_naive,adwin,595,1028,2,2018-02-22T15:49:17.610078,5000,0.0,0.0,0.0,5000,0,0,False,False,9
gnn_naive,adwin,596,1029,2,2018-02-22T15:51:40.029913,5000,0.0,0.0,0.0,5000,0,0,False,False,9
gnn_naive,adwin,597,1031,2,2018-02-22T15:56:27.016540,5000,0.0,0.0,0.0,5000,0,0,False,False,9
gnn_naive,adwin,598,1032,2,2018-02-22T15:58:49.204845,5000,0.0,0.0,0.0,5000,0,0,False,False,9
gnn_naive,adwin,599,1033,2,2018-02-22T16:01:05.980538,5000,0.0,0.0,0.0,5000,0,0,False,False,9
gnn_naive,adwin,600,1035,2,2018-02-22T16:07:50.911907,5000,0.0,0.0,0.0,5000,0,0,False,False,9
gnn_naive,adwin,601,1036,2,2018-02-22T16:12:11.784010,5000,0.0,0.0,0.0,5000,0,0,False,False,9
gnn_naive,adwin,602,1038,2,2018-02-22T16:19:02.533051,5000,0.0002,0.0002,0.0,4999,0,1,False,False,9
gnn_naive,adwin,603,1039,2,2018-02-22T16:22:14.999146,5000,0.0,0.0,0.0,5000,0,0,False,False,9
gnn_naive,adwin,604,1041,2,2018-02-22T16:28:56.728660,5000,0.0,0.0,0.0,5000,0,0,False,False,9
gnn_naive,adwin,605,1042,2,2018-02-22T16:31:57.856987,5000,0.0,0.0,0.0,5000,0,0,False,False,9
gnn_naive,adwin,606,1043,2,2018-02-22T16:35:33.892869,2397,0.0,0.0,0.0,2397,0,0,False,False,9
gnn_naive,adwin,607,1044,3,2018-02-22T16:37:34.655567,5000,0.0,0.0,0.0,5000,0,0,False,False,9
gnn_naive,adwin,608,1045,3,2018-02-22T16:42:29.645176,5000,0.0,0.0,0.0,5000,0,0,False,False,9
gnn_naive,adwin,609,1047,3,2018-02-22T16:51:04.075683,5000,0.0,0.0,0.0,5000,0,0,False,False,9
gnn_naive,adwin,610,1048,3,2018-02-22T16:55:04.424761,5000,0.0,0.0,0.0,5000,0,0,False,False,9
gnn_naive,adwin,611,1050,3,2018-02-22T17:02:40.002973,5000,0.0,0.0,0.0,5000,0,0,False,False,9
gnn_naive,adwin,612,1051,3,2018-02-22T17:07:25.580912,5000,0.0,0.0,0.0,5000,0,0,False,False,9
gnn_naive,adwin,613,1053,3,2018-02-22T17:14:13.608167,5000,0.0,0.0,0.0,5000,0,0,False,False,9
gnn_naive,adwin,614,1054,3,2018-02-22T17:17:01.680245,5000,0.0,0.0,0.0,5000,0,0,False,False,9
gnn_naive,adwin,615,1055,3,2018-02-22T17:20:15.804740,5000,0.0,0.0,0.0,5000,0,0,False,False,9
gnn_naive,adwin,616,1057,3,2018-02-22T17:26:43.928911,5000,0.0,0.0,0.0,5000,0,0,False,False,9
gnn_naive,adwin,617,1058,3,2018-02-22T17:29:30.546148,5000,0.0,0.0,0.0,5000,0,0,False,False,9
gnn_naive,adwin,618,1060,3,2018-02-22T17:35:26.255610,5000,0.0,0.0,0.0,5000,0,0,False,False,9
gnn_naive,adwin,619,1061,3,2018-02-22T17:38:22.408162,5000,0.0,0.0,0.0,5000,0,0,False,False,9
gnn_naive,adwin,620,1063,3,2018-02-22T17:43:42.821178,5000,0.0,0.0,0.0,5000,0,0,False,False,9
gnn_naive,adwin,621,1064,3,2018-02-22T17:46:31.621801,5000,0.0,0.0,0.0,5000,0,0,False,False,9
gnn_naive,adwin,622,1065,3,2018-02-22T17:49:21.226210,5000,0.0,0.0,0.0,5000,0,0,False,False,9
gnn_naive,adwin,623,1067,3,2018-02-22T17:54:59.589602,5000,0.0,0.0,0.0,5000,0,0,False,False,9
gnn_naive,adwin,624,1068,3,2018-02-22T17:57:53.315638,5000,0.0,0.0,0.0,5000,0,0,False,False,9
gnn_naive,adwin,625,1070,3,2018-02-22T18:03:45.799563,5000,0.0,0.0,0.0,5000,0,0,False,False,9
gnn_naive,adwin,626,1071,3,2018-02-22T18:07:10.867855,5000,0.0,0.0,0.0,5000,0,0,False,False,9
gnn_naive,adwin,627,1073,3,2018-02-22T18:13:11.243943,5000,0.0,0.0,0.0,5000,0,0,False,False,9
gnn_naive,adwin,628,1074,3,2018-02-22T18:16:01.882227,5000,0.0,0.0,0.0,5000,0,0,False,False,9
gnn_naive,adwin,629,1075,3,2018-02-22T18:18:50.867777,5000,0.0,0.0,0.0,5000,0,0,False,False,9
gnn_naive,adwin,630,1077,3,2018-02-22T18:24:57.234677,5000,0.0,0.0,0.0,5000,0,0,False,False,9
gnn_naive,adwin,631,1078,3,2018-02-22T18:28:07.099354,5000,0.0002,0.0002,0.0002,5000,0,0,False,False,9
gnn_naive,adwin,632,1080,3,2018-02-22T18:34:23.474688,5000,0.0,0.0,0.0,5000,0,0,False,False,9
gnn_naive,adwin,633,1081,3,2018-02-22T18:37:55.750536,5000,0.0,0.0,0.0,5000,0,0,False,False,9
gnn_naive,adwin,634,1083,3,2018-02-22T18:43:55.261480,5000,0.0,0.0,0.0,5000,0,0,False,False,9
gnn_naive,adwin,635,1084,3,2018-02-22T18:46:36.847575,5000,0.0,0.0,0.0,5000,0,0,False,False,9
gnn_naive,adwin,636,1085,3,2018-02-22T18:49:46.215557,5000,0.0,0.0,0.0,5000,0,0,False,False,9
gnn_naive,adwin,637,1087,3,2018-02-22T18:55:55.775994,5000,0.0,0.0,0.0,5000,0,0,False,False,9
gnn_naive,adwin,638,1088,3,2018-02-22T18:58:47.853237,5000,0.0,0.0,0.0,5000,0,0,False,False,9
gnn_naive,adwin,639,1090,3,2018-02-22T19:05:04.507172,5000,0.0,0.0,0.0,5000,0,0,False,False,9
gnn_naive,adwin,640,1091,3,2018-02-22T19:07:48.446707,5000,0.0,0.0,0.0,5000,0,0,False,False,9
gnn_naive,adwin,641,1093,3,2018-02-22T19:13:35.912581,5000,0.0,0.0,0.0,5000,0,0,False,False,9
gnn_naive,adwin,642,1094,3,2018-02-22T19:16:33.447960,5000,0.0,0.0,0.0,5000,0,0,False,False,9
gnn_naive,adwin,643,1095,3,2018-02-22T19:19:21.623763,5000,0.0,0.0,0.0,5000,0,0,False,False,9
gnn_naive,adwin,644,1097,3,2018-02-22T19:25:32.357316,5000,0.0,0.0,0.0,5000,0,0,False,False,9
gnn_naive,adwin,645,1098,3,2018-02-22T19:28:20.639054,5000,0.0,0.0,0.0,5000,0,0,False,False,9
gnn_naive,adwin,646,1100,3,2018-02-22T19:34:28.978909,5000,0.0,0.0,0.0,5000,0,0,False,False,9
gnn_naive,adwin,647,1101,3,2018-02-22T19:37:28.358013,5000,0.0,0.0,0.0,5000,0,0,False,False,9
gnn_naive,adwin,648,1103,3,2018-02-22T19:43:44.587729,5000,0.0,0.0,0.0,5000,0,0,False,False,9
gnn_naive,adwin,649,1104,3,2018-02-22T19:47:05.950804,5000,0.0,0.0,0.0,5000,0,0,False,False,9
gnn_naive,adwin,650,1105,3,2018-02-22T19:50:14.865514,5000,0.0,0.0,0.0,5000,0,0,False,False,9
gnn_naive,adwin,651,1107,3,2018-02-22T19:56:49.723192,5000,0.0,0.0,0.0,5000,0,0,False,False,9
gnn_naive,adwin,652,1108,3,2018-02-22T20:00:08.334881,5000,0.0,0.0,0.0,5000,0,0,False,False,9
gnn_naive,adwin,653,1110,3,2018-02-22T20:06:29.811638,5000,0.0,0.0,0.0,5000,0,0,False,False,9
gnn_naive,adwin,654,1111,3,2018-02-22T20:09:30.641709,5000,0.0,0.0,0.0,5000,0,0,False,False,9
gnn_naive,adwin,655,1113,3,2018-02-22T20:15:49.186124,5000,0.0002,0.0002,0.0002,5000,0,0,False,False,9
gnn_naive,adwin,656,1114,3,2018-02-22T20:18:45.311403,5000,0.0,0.0,0.0,5000,0,0,False,False,9
gnn_naive,adwin,657,1115,3,2018-02-22T20:21:42.578114,5000,0.0002,0.0002,0.0002,5000,0,0,False,False,9
gnn_naive,adwin,658,1117,3,2018-02-22T20:27:44.424326,5000,0.0,0.0,0.0,5000,0,0,False,False,9
gnn_naive,adwin,659,1118,3,2018-02-22T20:30:58.592686,5000,0.0,0.0,0.0,5000,0,0,False,False,9
gnn_naive,adwin,660,1120,3,2018-02-22T20:36:32.245831,5000,0.0,0.0,0.0,5000,0,0,False,False,9
gnn_naive,adwin,661,1121,3,2018-02-22T20:39:30.368391,5000,0.0,0.0,0.0,5000,0,0,False,False,9
gnn_naive,adwin,662,1123,3,2018-02-22T20:45:02.663145,5000,0.0,0.0,0.0,5000,0,0,False,False,9
gnn_naive,adwin,663,1124,3,2018-02-22T20:48:19.360224,5000,0.0,0.0,0.0,5000,0,0,False,False,9
gnn_naive,adwin,664,1125,3,2018-02-22T20:51:22.486910,5000,0.0,0.0,0.0,5000,0,0,False,False,9
gnn_naive,adwin,665,1127,3,2018-02-22T20:57:55.717537,5000,0.0,0.0,0.0,5000,0,0,False,False,9
gnn_naive,adwin,666,1128,3,2018-02-22T21:00:52.327056,5000,0.0,0.0,0.0,5000,0,0,False,False,9
gnn_naive,adwin,667,1130,3,2018-02-22T21:09:32.662576,5000,0.0,0.0,0.0,5000,0,0,False,False,9
gnn_naive,adwin,668,1131,3,2018-02-22T21:13:59.879001,5000,0.0,0.0,0.0,5000,0,0,False,False,9
gnn_naive,adwin,669,1133,3,2018-02-22T21:22:46.707931,5000,0.0,0.0,0.0,5000,0,0,False,False,9
gnn_naive,adwin,670,1134,3,2018-02-22T21:27:58.541642,5000,0.0,0.0,0.0,5000,0,0,False,False,9
gnn_naive,adwin,671,1135,3,2018-02-22T21:49:25.834671,5000,0.0,0.0,0.0,5000,0,0,False,False,9
gnn_naive,adwin,672,1137,3,2018-02-23T12:19:09.413188,5000,0.0,0.0,0.0,5000,0,0,False,False,9
gnn_naive,adwin,673,1138,3,2018-02-23T12:21:29.311210,5000,0.0,0.0,0.0,5000,0,0,False,False,9
gnn_naive,adwin,674,1140,3,2018-02-23T12:26:38.432842,5000,0.0,0.0,0.0,5000,0,0,False,False,9
gnn_naive,adwin,675,1141,3,2018-02-23T12:29:34.990274,5000,0.0,0.0,0.0,5000,0,0,False,False,9
gnn_naive,adwin,676,1143,3,2018-02-23T12:35:46.065983,5000,0.0,0.0,0.0,5000,0,0,False,False,9
gnn_naive,adwin,677,1144,3,2018-02-23T12:39:04.356638,5000,0.0,0.0,0.0,5000,0,0,False,False,9
gnn_naive,adwin,678,1145,3,2018-02-23T12:42:22.320533,5000,0.0,0.0,0.0,5000,0,0,False,False,9
gnn_naive,adwin,679,1147,3,2018-02-23T12:47:45.613380,5000,0.0,0.0,0.0,5000,0,0,False,False,9
gnn_naive,adwin,680,1148,3,2018-02-23T12:50:30.878954,5000,0.0,0.0,0.0,5000,0,0,False,False,9
gnn_naive,adwin,681,1150,3,2018-02-23T12:56:15.896786,5000,0.0,0.0,0.0,5000,0,0,False,False,9
gnn_naive,adwin,682,1151,3,2018-02-23T12:58:52.453245,5000,0.0,0.0,0.0,5000,0,0,False,False,9
gnn_naive,adwin,683,1153,3,2018-02-23T13:05:38.989341,5000,0.0,0.0,0.0,5000,0,0,False,False,9
gnn_naive,adwin,684,1154,3,2018-02-23T13:09:20.114860,5000,0.0,0.0,0.0,5000,0,0,False,False,9
gnn_naive,adwin,685,1155,3,2018-02-23T13:12:11.752301,5000,0.0,0.0,0.0,5000,0,0,False,False,9
gnn_naive,adwin,686,1157,3,2018-02-23T13:18:32.169503,5000,0.0,0.0,0.0,5000,0,0,False,False,9
gnn_naive,adwin,687,1158,3,2018-02-23T13:21:19.061604,5000,0.0,0.0,0.0,5000,0,0,False,False,9
gnn_naive,adwin,688,1160,3,2018-02-23T13:27:31.126923,5000,0.0,0.0,0.0,5000,0,0,False,False,9
gnn_naive,adwin,689,1161,3,2018-02-23T13:30:09.515561,5000,0.0,0.0,0.0,5000,0,0,False,False,9
gnn_naive,adwin,690,1163,3,2018-02-23T13:36:12.594628,5000,0.0,0.0,0.0,5000,0,0,False,False,9
gnn_naive,adwin,691,1164,3,2018-02-23T13:38:39.776922,5000,0.0,0.0,0.0,5000,0,0,False,False,9
gnn_naive,adwin,692,1165,3,2018-02-23T13:41:45.046582,5000,0.0,0.0,0.0,5000,0,0,False,False,9
gnn_naive,adwin,693,1167,3,2018-02-23T13:46:50.083322,5000,0.0,0.0,0.0,5000,0,0,False,False,9
gnn_naive,adwin,694,1168,3,2018-02-23T13:49:32.621200,5000,0.0,0.0,0.0,5000,0,0,False,False,9
gnn_naive,adwin,695,1170,3,2018-02-23T13:55:07.946880,5000,0.0,0.0,0.0,5000,0,0,False,False,9
gnn_naive,adwin,696,1171,3,2018-02-23T13:57:55.985829,5000,0.0,0.0,0.0,5000,0,0,False,False,9
gnn_naive,adwin,697,1173,3,2018-02-23T14:03:41.073206,5000,0.0,0.0,0.0,5000,0,0,False,False,9
gnn_naive,adwin,698,1174,3,2018-02-23T14:06:05.109537,5000,0.0,0.0,0.0,5000,0,0,False,False,9
gnn_naive,adwin,699,1175,3,2018-02-23T14:09:06.028000,5000,0.0004,0.0004,0.0004,5000,0,0,False,False,9
gnn_naive,adwin,700,1177,3,2018-02-23T14:15:33.581575,5000,0.0,0.0,0.0,4998,0,2,False,False,9
gnn_naive,adwin,701,1178,3,2018-02-23T14:18:00.745619,5000,0.0,0.0,0.0,5000,0,0,False,False,9
gnn_naive,adwin,702,1180,3,2018-02-23T14:23:00.014529,5000,0.0002,0.0002,0.0002,5000,0,0,False,False,9
gnn_naive,adwin,703,1181,3,2018-02-23T14:26:30.212557,5000,0.0004,0.0004,0.0004,5000,0,0,False,False,9
gnn_naive,adwin,704,1183,3,2018-02-23T14:31:58.475941,5000,0.0002,0.0002,0.0002,5000,0,0,False,False,9
gnn_naive,adwin,705,1184,3,2018-02-23T14:34:52.154394,5000,0.0,0.0,0.0,5000,0,0,False,False,9
gnn_naive,adwin,706,1185,3,2018-02-23T14:37:46.334109,5000,0.0,0.0,0.0,5000,0,0,False,False,9
gnn_naive,adwin,707,1187,3,2018-02-23T14:43:36.607549,5000,0.0,0.0,0.0,4998,0,2,False,False,9
gnn_naive,adwin,708,1188,3,2018-02-23T14:45:56.733954,5000,0.0002,0.0002,0.0002,5000,0,0,False,False,9
gnn_naive,adwin,709,1190,3,2018-02-23T14:51:11.567659,5000,0.0,0.0,0.0,5000,0,0,False,False,9
gnn_naive,adwin,710,1191,3,2018-02-23T14:53:55.266486,5000,0.0,0.0,0.0,5000,0,0,False,False,9
gnn_naive,adwin,711,1193,3,2018-02-23T14:59:08.447524,5000,0.0,0.0,0.0,5000,0,0,False,False,9
gnn_naive,adwin,712,1194,3,2018-02-23T15:01:53.262327,5000,0.0,0.0,0.0,4995,0,5,False,False,9
gnn_naive,adwin,713,1195,3,2018-02-23T15:04:36.624933,5000,0.0,0.0,0.0,5000,0,0,False,False,9
gnn_naive,adwin,714,1197,3,2018-02-23T15:10:27.717534,5000,0.0,0.0,0.0,5000,0,0,False,False,9
gnn_naive,adwin,715,1198,3,2018-02-23T15:12:46.906000,5000,0.0,0.0,0.0,5000,0,0,False,False,9
gnn_naive,adwin,716,1200,3,2018-02-23T15:17:58.396117,5000,0.0,0.0,0.0,5000,0,0,False,False,9
gnn_naive,adwin,717,1201,3,2018-02-23T15:20:30.772290,5000,0.0,0.0,0.0,5000,0,0,False,False,9
gnn_naive,adwin,718,1203,3,2018-02-23T15:25:48.035278,5000,0.0,0.0,0.0,5000,0,0,False,False,9
gnn_naive,adwin,719,1204,3,2018-02-23T15:28:30.739814,5000,0.0,0.0,0.0,5000,0,0,False,False,9
gnn_naive,adwin,720,1205,3,2018-02-23T15:31:10.123681,5000,0.0,0.0,0.0,5000,0,0,False,False,9
gnn_naive,adwin,721,1207,3,2018-02-23T15:37:05.863562,5000,0.0,0.0,0.0,5000,0,0,False,False,9
gnn_naive,adwin,722,1208,3,2018-02-23T15:39:48.518342,5000,0.0,0.0,0.0,5000,0,0,False,False,9
gnn_naive,adwin,723,1210,3,2018-02-23T15:45:11.926641,5000,0.0,0.0,0.0,5000,0,0,False,False,9
gnn_naive,adwin,724,1211,3,2018-02-23T15:47:50.059692,5000,0.0,0.0,0.0,5000,0,0,False,False,9
gnn_naive,adwin,725,1213,3,2018-02-23T15:53:19.035799,5000,0.0004,0.0004,0.0,4998,2,0,False,False,9
gnn_naive,adwin,726,1214,3,2018-02-23T15:56:14.772567,5000,0.0,0.0,0.0,5000,0,0,False,False,9
gnn_naive,adwin,727,1215,3,2018-02-23T15:58:53.688379,5000,0.0,0.0,0.0,5000,0,0,False,False,9
gnn_naive,adwin,728,1217,3,2018-02-23T16:05:41.207430,5000,0.0,0.0,0.0,5000,0,0,False,False,9
gnn_naive,adwin,729,1218,3,2018-02-23T16:10:02.413066,5000,0.0,0.0,0.0,5000,0,0,False,False,9
gnn_naive,adwin,730,1220,3,2018-02-23T16:17:44.426538,5000,0.0,0.0,0.0,5000,0,0,False,False,9
gnn_naive,adwin,731,1221,3,2018-02-23T16:21:10.297425,5000,0.0,0.0,0.0,5000,0,0,False,False,9
gnn_naive,adwin,732,1223,3,2018-02-23T16:29:08.115870,5000,0.0,0.0,0.0,5000,0,0,False,False,9
gnn_naive,adwin,733,1224,3,2018-02-23T16:33:10.671253,5000,0.0,0.0,0.0,5000,0,0,False,False,9
gnn_naive,adwin,734,1225,3,2018-02-23T16:37:26.898811,5000,0.0,0.0,0.0,5000,0,0,False,False,9
gnn_naive,adwin,735,1227,3,2018-02-23T16:46:46.164231,5000,0.0,0.0,0.0,5000,0,0,False,False,9
gnn_naive,adwin,736,1228,3,2018-02-23T16:50:59.342386,5000,0.0,0.0,0.0,5000,0,0,False,False,9
gnn_naive,adwin,737,1230,3,2018-02-23T17:00:07.860786,5000,0.0,0.0,0.0,5000,0,0,False,False,9
gnn_naive,adwin,738,1231,3,2018-02-23T17:05:03.396238,5000,0.0002,0.0002,0.0002,5000,0,0,False,False,9
gnn_naive,adwin,739,1233,3,2018-02-23T17:12:25.620552,5000,0.0002,0.0002,0.0002,5000,0,0,False,False,9
gnn_naive,adwin,740,1234,3,2018-02-23T17:15:34.943329,5000,0.0,0.0,0.0,5000,0,0,False,False,9
gnn_naive,adwin,741,1235,3,2018-02-23T17:19:13.792941,5000,0.0,0.0,0.0,5000,0,0,False,False,9
gnn_naive,adwin,742,1237,3,2018-02-23T17:26:01.631852,5000,0.0002,0.0002,0.0002,5000,0,0,False,False,9
gnn_naive,adwin,743,1238,3,2018-02-23T17:29:13.887991,5000,0.0002,0.0002,0.0002,5000,0,0,False,False,9
gnn_naive,adwin,744,1240,3,2018-02-23T17:35:37.033764,5000,0.0,0.0,0.0,5000,0,0,False,False,9
gnn_naive,adwin,745,1241,3,2018-02-23T17:38:16.363984,5000,0.0002,0.0002,0.0002,5000,0,0,False,False,9
gnn_naive,adwin,746,1243,3,2018-02-23T17:43:49.857087,5000,0.0002,0.0002,0.0,4999,1,0,False,False,9
gnn_naive,adwin,747,1244,3,2018-02-23T17:46:42.635967,5000,0.0002,0.0002,0.0002,5000,0,0,False,False,9
gnn_naive,adwin,748,1245,3,2018-02-23T17:49:57.746133,5000,0.0002,0.0002,0.0,4999,1,0,False,False,9
gnn_naive,adwin,749,1247,3,2018-02-23T17:55:48.699034,5000,0.0002,0.0002,0.0002,5000,0,0,False,False,9
gnn_naive,adwin,750,1248,3,2018-02-23T17:58:52.281133,5000,0.0002,0.0002,0.0002,5000,0,0,False,False,9
gnn_naive,adwin,751,1250,3,2018-02-23T18:04:48.367862,5000,0.0,0.0,0.0,5000,0,0,False,False,9
gnn_naive,adwin,752,1251,3,2018-02-23T18:08:14.591926,5000,0.0,0.0,0.0,5000,0,0,False,False,9
gnn_naive,adwin,753,1253,3,2018-02-23T18:14:52.243703,5000,0.0,0.0,0.0,5000,0,0,False,False,9
gnn_naive,adwin,754,1254,3,2018-02-23T18:18:11.941351,5000,0.0,0.0,0.0,5000,0,0,False,False,9
gnn_naive,adwin,755,1255,3,2018-02-23T18:21:40.551335,5000,0.0,0.0,0.0,5000,0,0,False,False,9
gnn_naive,adwin,756,1257,3,2018-02-23T18:28:30.015996,5000,0.0002,0.0002,0.0,4999,1,0,False,False,9
gnn_naive,adwin,757,1258,3,2018-02-23T18:31:27.836891,5000,0.0,0.0,0.0,5000,0,0,False,False,9
gnn_naive,adwin,758,1260,3,2018-02-23T18:37:42.976461,5000,0.0,0.0,0.0,5000,0,0,False,False,9
gnn_naive,adwin,759,1261,3,2018-02-23T18:41:19.595475,5000,0.0,0.0,0.0,5000,0,0,False,False,9
gnn_naive,adwin,760,1263,3,2018-02-23T18:47:45.126894,5000,0.0,0.0,0.0,5000,0,0,False,False,9
gnn_naive,adwin,761,1264,3,2018-02-23T18:51:18.180413,5000,0.0002,0.0002,0.0,4999,1,0,False,False,9
gnn_naive,adwin,762,1265,3,2018-02-23T18:55:03.901317,5000,0.0,0.0,0.0,5000,0,0,False,False,9
gnn_naive,adwin,763,1267,3,2018-02-23T19:00:49.229977,5000,0.0,0.0,0.0,5000,0,0,False,False,9
gnn_naive,adwin,764,1268,3,2018-02-23T19:03:48.711884,5000,0.0002,0.0002,0.0002,5000,0,0,False,False,9
gnn_naive,adwin,765,1270,3,2018-02-23T19:10:06.621920,5000,0.0002,0.0002,0.0002,5000,0,0,False,False,9
gnn_naive,adwin,766,1271,3,2018-02-23T19:13:22.474245,5000,0.0006,0.0006,0.0006,5000,0,0,False,False,9
gnn_naive,adwin,767,1273,3,2018-02-23T19:19:29.224932,5000,0.0002,0.0002,0.0,4999,1,0,False,False,9
gnn_naive,adwin,768,1274,3,2018-02-23T19:22:50.355858,5000,0.0,0.0,0.0,5000,0,0,False,False,9
gnn_naive,adwin,769,1275,3,2018-02-23T19:25:49.835989,5000,0.0,0.0,0.0,5000,0,0,False,False,9
gnn_naive,adwin,770,1277,3,2018-02-23T19:30:46.057133,5000,0.0,0.0,0.0,5000,0,0,False,False,9
gnn_naive,adwin,771,1278,3,2018-02-23T19:33:23.811232,5000,0.0,0.0,0.0,5000,0,0,False,False,9
gnn_naive,adwin,772,1280,3,2018-02-23T19:39:55.467374,5000,0.0,0.0,0.0,5000,0,0,False,False,9
gnn_naive,adwin,773,1281,3,2018-02-23T19:43:16.760167,5000,0.0,0.0,0.0,5000,0,0,False,False,9
gnn_naive,adwin,774,1283,3,2018-02-23T19:50:00.590119,5000,0.0,0.0,0.0,5000,0,0,False,False,9
gnn_naive,adwin,775,1284,3,2018-02-23T19:53:33.898942,5000,0.0,0.0,0.0,5000,0,0,False,False,9
gnn_naive,adwin,776,1285,3,2018-02-23T19:56:59.056576,5000,0.0,0.0,0.0,5000,0,0,False,False,9
gnn_naive,adwin,777,1287,3,2018-02-23T20:02:31.395007,5000,0.0,0.0,0.0,5000,0,0,False,False,9
gnn_naive,adwin,778,1288,3,2018-02-23T20:05:33.347967,5000,0.0,0.0,0.0,5000,0,0,False,False,9
gnn_naive,adwin,779,1290,3,2018-02-23T20:12:08.276537,5000,0.0,0.0,0.0,5000,0,0,False,False,9
gnn_naive,adwin,780,1291,3,2018-02-23T20:15:18.197843,5000,0.0,0.0,0.0,5000,0,0,False,False,9
gnn_naive,adwin,781,1293,3,2018-02-23T20:21:26.727925,5000,0.0,0.0,0.0,5000,0,0,False,False,9
gnn_naive,adwin,782,1294,3,2018-02-23T20:24:17.712717,5000,0.0,0.0,0.0,5000,0,0,False,False,9
gnn_naive,adwin,783,1295,3,2018-02-23T20:26:52.497035,5000,0.0,0.0,0.0,5000,0,0,False,False,9
gnn_naive,adwin,784,1297,3,2018-02-23T20:31:48.191737,5000,0.0,0.0,0.0,5000,0,0,False,False,9
gnn_naive,adwin,785,1298,3,2018-02-23T20:34:39.113935,5000,0.0,0.0,0.0,5000,0,0,False,False,9
gnn_naive,adwin,786,1300,3,2018-02-23T20:40:43.639818,5000,0.0,0.0,0.0,5000,0,0,False,False,9
gnn_naive,adwin,787,1301,3,2018-02-23T20:43:46.091579,5000,0.0,0.0,0.0,5000,0,0,False,False,9
gnn_naive,adwin,788,1303,3,2018-02-23T20:49:37.709236,5000,0.0,0.0,0.0,5000,0,0,False,False,9
gnn_naive,adwin,789,1304,3,2018-02-23T20:52:44.842527,5000,0.0,0.0,0.0,5000,0,0,False,False,9
gnn_naive,adwin,790,1305,3,2018-02-23T20:55:38.980293,5000,0.0,0.0,0.0,5000,0,0,False,False,9
gnn_naive,adwin,791,1307,3,2018-02-23T21:01:10.570278,5000,0.0,0.0,0.0,5000,0,0,False,False,9
gnn_naive,adwin,792,1308,3,2018-02-23T21:05:05.156033,5000,0.0,0.0,0.0,5000,0,0,False,False,9
gnn_naive,adwin,793,1310,3,2018-02-23T21:14:12.567176,5000,0.0,0.0,0.0,5000,0,0,False,False,9
gnn_naive,adwin,794,1311,3,2018-02-23T21:18:09.695467,5000,0.0,0.0,0.0,5000,0,0,False,False,9
gnn_naive,adwin,795,1313,3,2018-02-23T21:27:55.011453,5604,0.0,0.0,0.0,5604,0,0,False,False,9
gnn_naive,adwin,796,1314,4,2018-02-28T12:20:49.532235,5000,0.0,0.0,0.0,5000,0,0,False,False,9
gnn_naive,adwin,797,1315,4,2018-02-28T12:22:06.840257,5000,0.0012,0.0012,0.0,4994,6,0,False,False,9
gnn_naive,adwin,798,1317,4,2018-02-28T12:25:38.748901,5000,0.0,0.0,0.0,5000,0,0,False,False,9
gnn_naive,adwin,799,1318,4,2018-02-28T12:27:25.213946,5000,0.0,0.0,0.0,5000,0,0,False,False,9
gnn_naive,adwin,800,1320,4,2018-02-28T12:31:45.331111,5000,0.0,0.0,0.0,5000,0,0,False,False,9
gnn_naive,adwin,801,1321,4,2018-02-28T12:34:21.556158,5000,0.0,0.0,0.0,5000,0,0,False,False,9
gnn_naive,adwin,802,1323,4,2018-02-28T12:39:13.393959,5000,0.0,0.0,0.0,5000,0,0,False,False,9
gnn_naive,adwin,803,1324,4,2018-02-28T12:41:55.417144,5000,0.0,0.0,0.0,5000,0,0,False,False,9
gnn_naive,adwin,804,1325,4,2018-02-28T12:44:27.752984,5000,0.0,0.0,0.0,5000,0,0,False,False,9
gnn_naive,adwin,805,1327,4,2018-02-28T12:49:25.399802,5000,0.0,0.0,0.0,5000,0,0,False,False,9
gnn_naive,adwin,806,1328,4,2018-02-28T12:51:29.821957,5000,0.0,0.0,0.0,5000,0,0,False,False,9
gnn_naive,adwin,807,1330,4,2018-02-28T12:55:06.316320,5000,0.0,0.0,0.0,5000,0,0,False,False,9
gnn_naive,adwin,808,1331,4,2018-02-28T12:57:22.259937,5000,0.0,0.0,0.0,5000,0,0,False,False,9
gnn_naive,adwin,809,1333,4,2018-02-28T13:02:16.406810,5000,0.0,0.0,0.0,5000,0,0,False,False,9
gnn_naive,adwin,810,1334,4,2018-02-28T13:05:06.021406,5000,0.0,0.0,0.0,5000,0,0,False,False,9
gnn_naive,adwin,811,1335,4,2018-02-28T13:07:38.934363,5000,0.0002,0.0002,0.0,4999,1,0,False,False,9
gnn_naive,adwin,812,1337,4,2018-02-28T13:13:23.378287,5000,0.0,0.0,0.0,5000,0,0,False,False,9
gnn_naive,adwin,813,1338,4,2018-02-28T13:15:59.296789,5000,0.0,0.0,0.0,5000,0,0,False,False,9
gnn_naive,adwin,814,1340,4,2018-02-28T13:21:53.624387,5000,0.0,0.0,0.0,5000,0,0,False,False,9
gnn_naive,adwin,815,1341,4,2018-02-28T13:24:27.669208,5000,0.0,0.0,0.0,5000,0,0,False,False,9
gnn_naive,adwin,816,1343,4,2018-02-28T13:29:52.870904,5000,0.0,0.0,0.0,5000,0,0,False,False,9
gnn_naive,adwin,817,1344,4,2018-02-28T13:33:09.557416,5000,0.0,0.0,0.0,5000,0,0,False,False,9
gnn_naive,adwin,818,1345,4,2018-02-28T13:36:01.182456,5000,0.0,0.0,0.0,5000,0,0,False,False,9
gnn_naive,adwin,819,1347,4,2018-02-28T13:41:44.877925,5000,0.0,0.0,0.0,5000,0,0,False,False,9
gnn_naive,adwin,820,1348,4,2018-02-28T13:44:02.117449,5000,0.0,0.0,0.0,5000,0,0,False,False,9
gnn_naive,adwin,821,1350,4,2018-02-28T13:50:08.770395,5000,0.0,0.0,0.0,5000,0,0,False,False,9
gnn_naive,adwin,822,1351,4,2018-02-28T13:52:31.281274,5000,0.0,0.0,0.0,5000,0,0,False,False,9
gnn_naive,adwin,823,1353,4,2018-02-28T13:57:38.785509,5000,0.0,0.0,0.0,5000,0,0,False,False,9
gnn_naive,adwin,824,1354,4,2018-02-28T14:00:38.814641,5000,0.0,0.0,0.0,5000,0,0,False,False,9
gnn_naive,adwin,825,1355,4,2018-02-28T14:03:42.546675,5000,0.0,0.0,0.0,5000,0,0,False,False,9
gnn_naive,adwin,826,1357,4,2018-02-28T14:09:54.693761,5000,0.0,0.0,0.0,5000,0,0,False,False,9
gnn_naive,adwin,827,1358,4,2018-02-28T14:13:00.975538,5000,0.0,0.0,0.0,5000,0,0,False,False,9
gnn_naive,adwin,828,1360,4,2018-02-28T14:19:08.648193,5000,0.0,0.0,0.0,5000,0,0,False,False,9
gnn_naive,adwin,829,1361,4,2018-02-28T14:21:55.569242,5000,0.0,0.0,0.0,5000,0,0,False,False,9
gnn_naive,adwin,830,1363,4,2018-02-28T14:27:31.701518,5000,0.0,0.0,0.0,5000,0,0,False,False,9
gnn_naive,adwin,831,1364,4,2018-02-28T14:30:13.816109,5000,0.0,0.0,0.0,5000,0,0,False,False,9
gnn_naive,adwin,832,1365,4,2018-02-28T14:33:12.936357,5000,0.0002,0.0002,0.0002,5000,0,0,False,False,9
gnn_naive,adwin,833,1367,4,2018-02-28T14:39:04.187946,5000,0.0,0.0,0.0,5000,0,0,False,False,9
gnn_naive,adwin,834,1368,4,2018-02-28T14:41:25.955365,5000,0.0004,0.0004,0.0004,5000,0,0,False,False,9
gnn_naive,adwin,835,1370,4,2018-02-28T14:47:36.782158,5000,0.069,0.069,0.069,5000,0,0,True,True,10
gnn_naive,adwin,836,1371,4,2018-02-28T14:50:08.353767,5000,0.0068,0.0068,0.0068,5000,0,0,False,False,10
gnn_naive,adwin,837,1373,4,2018-02-28T14:54:44.186051,5000,0.0072,0.0072,0.0072,5000,0,0,False,False,10
gnn_naive,adwin,838,1374,4,2018-02-28T14:57:05.431808,5000,0.0032,0.0032,0.0032,5000,0,0,False,False,10
gnn_naive,adwin,839,1375,4,2018-02-28T14:59:33.053335,5000,0.0682,0.0682,0.0696,4681,6,313,True,False,10
gnn_naive,adwin,840,1377,4,2018-02-28T15:03:57.570596,5000,0.0054,0.0054,0.1268,4389,603,8,False,False,10
gnn_naive,adwin,841,1378,4,2018-02-28T15:06:24.168581,5000,0.0008,0.0008,0.0008,5000,0,0,False,False,10
gnn_naive,adwin,842,1380,4,2018-02-28T15:11:04.210320,5000,0.0036,0.0036,0.0662,4678,307,15,False,False,10
gnn_naive,adwin,843,1381,4,2018-02-28T15:13:34.645830,5000,0.0058,0.0058,0.0058,5000,0,0,False,False,10
gnn_naive,adwin,844,1383,4,2018-02-28T15:18:21.785499,5000,0.0054,0.0054,0.0054,5000,0,0,False,False,10
gnn_naive,adwin,845,1384,4,2018-02-28T15:20:54.698971,5000,0.0036,0.0036,0.0036,5000,0,0,False,False,10
gnn_naive,adwin,846,1385,4,2018-02-28T15:23:07.882409,5000,0.0032,0.0032,0.0632,4689,299,12,False,False,10
gnn_naive,adwin,847,1387,4,2018-02-28T15:27:56.536358,5000,0.003,0.003,0.1372,4324,668,8,False,False,10
gnn_naive,adwin,848,1388,4,2018-02-28T15:30:11.356835,5000,0.0012,0.0012,0.0012,5000,0,0,False,False,10
gnn_naive,adwin,849,1390,4,2018-02-28T15:35:21.561176,5000,0.0,0.0,0.0,5000,0,0,True,False,10
gnn_naive,adwin,850,1391,4,2018-02-28T15:38:10.710592,5000,0.0,0.0,0.0,5000,0,0,False,False,10
gnn_naive,adwin,851,1393,4,2018-02-28T15:43:52.950707,5000,0.0,0.0,0.0,5000,0,0,False,False,10
gnn_naive,adwin,852,1394,4,2018-02-28T15:46:30.985337,5000,0.0,0.0,0.0,5000,0,0,False,False,10
gnn_naive,adwin,853,1395,4,2018-02-28T15:49:00.917873,5000,0.0,0.0,0.0,5000,0,0,False,False,10
gnn_naive,adwin,854,1397,4,2018-02-28T15:54:06.057063,5000,0.0014,0.0014,0.0014,5000,0,0,False,False,10
gnn_naive,adwin,855,1398,4,2018-02-28T15:57:04.923255,5000,0.0006,0.0006,0.054,4730,267,3,False,False,10
gnn_naive,adwin,856,1400,4,2018-02-28T16:02:09.587239,5000,0.0068,0.0068,0.0068,5000,0,0,True,True,11
gnn_naive,adwin,857,1401,4,2018-02-28T16:05:18.658555,5000,0.0002,0.0002,0.005,4974,25,1,False,False,11
gnn_naive,adwin,858,1403,4,2018-02-28T16:12:02.345269,5000,0.0004,0.0004,0.0,4998,2,0,False,False,11
gnn_naive,adwin,859,1404,4,2018-02-28T16:15:09.707057,5000,0.0,0.0,0.0,5000,0,0,False,False,11
gnn_naive,adwin,860,1405,4,2018-02-28T16:18:06.285557,5000,0.0004,0.0004,0.0,4998,2,0,True,False,11
gnn_naive,adwin,861,1407,4,2018-02-28T16:24:34.001770,5000,0.0,0.0,0.0,5000,0,0,False,False,11
gnn_naive,adwin,862,1408,4,2018-02-28T16:27:34.199407,5000,0.0,0.0,0.0,5000,0,0,False,False,11
gnn_naive,adwin,863,1410,4,2018-02-28T16:33:19.721137,5000,0.0006,0.0006,0.0,4997,3,0,False,False,11
gnn_naive,adwin,864,1411,4,2018-02-28T16:37:39.052452,5000,0.0,0.0,0.0,5000,0,0,False,False,11
gnn_naive,adwin,865,1413,4,2018-02-28T16:45:54.571979,5000,0.0002,0.0002,0.0,4999,1,0,False,False,11
gnn_naive,adwin,866,1414,4,2018-02-28T16:50:17.910129,5000,0.0,0.0,0.0,5000,0,0,False,False,11
gnn_naive,adwin,867,1415,4,2018-02-28T16:54:59.065774,5000,0.0002,0.0002,0.0,4999,1,0,False,False,11
gnn_naive,adwin,868,1417,4,2018-02-28T17:02:54.724196,5000,0.0006,0.0006,0.0,4997,3,0,False,False,11
gnn_naive,adwin,869,1418,4,2018-02-28T17:06:54.807149,5000,0.0002,0.0002,0.0,4999,1,0,False,False,11
gnn_naive,adwin,870,1420,4,2018-02-28T17:13:13.457161,5000,0.0,0.0,0.0,5000,0,0,False,False,11
gnn_naive,adwin,871,1421,4,2018-02-28T17:16:01.301485,5000,0.0,0.0,0.0,5000,0,0,False,False,11
gnn_naive,adwin,872,1423,4,2018-02-28T17:22:12.606669,5000,0.0,0.0,0.0,5000,0,0,False,False,11
gnn_naive,adwin,873,1424,4,2018-02-28T17:25:20.221268,5000,0.0006,0.0006,0.0,4997,3,0,False,False,11
gnn_naive,adwin,874,1425,4,2018-02-28T17:28:05.833656,5000,0.0002,0.0002,0.0,4999,1,0,False,False,11
gnn_naive,adwin,875,1427,4,2018-02-28T17:33:29.414937,5000,0.0002,0.0002,0.0,4998,1,1,False,False,11
gnn_naive,adwin,876,1428,4,2018-02-28T17:36:41.180412,5000,0.0002,0.0002,0.0,4999,1,0,False,False,11
gnn_naive,adwin,877,1430,4,2018-02-28T17:42:02.186626,5000,0.0018,0.0018,0.0006,4993,6,1,False,False,11
gnn_naive,adwin,878,1431,4,2018-02-28T17:44:47.160978,5000,0.001,0.001,0.0058,4967,32,1,False,False,11
gnn_naive,adwin,879,1433,4,2018-02-28T17:50:01.719578,5000,0.0004,0.0004,0.0024,4990,10,0,False,False,11
gnn_naive,adwin,880,1434,4,2018-02-28T17:52:28.092416,5000,0.0002,0.0002,0.0064,4966,33,1,False,False,11
gnn_naive,adwin,881,1435,4,2018-02-28T17:55:18.244775,5000,0.0006,0.0006,0.0624,4685,315,0,False,False,11
gnn_naive,adwin,882,1437,4,2018-02-28T18:00:28.804180,5000,0.0,0.0,0.0012,4994,6,0,False,False,11
gnn_naive,adwin,883,1438,4,2018-02-28T18:03:36.768014,5000,0.0032,0.0032,0.0684,4642,356,2,True,True,12
gnn_naive,adwin,884,1440,4,2018-02-28T18:09:36.154316,5000,0.001,0.001,0.106,4465,535,0,False,False,12
gnn_naive,adwin,885,1441,4,2018-02-28T18:11:54.190650,5000,0.0,0.0,0.0,5000,0,0,False,False,12
gnn_naive,adwin,886,1443,4,2018-02-28T18:17:11.691884,5000,0.0014,0.0014,0.0034,4989,10,1,False,False,12
gnn_naive,adwin,887,1444,4,2018-02-28T18:19:56.207519,5000,0.0002,0.0002,0.0052,4973,27,0,False,False,12
gnn_naive,adwin,888,1445,4,2018-02-28T18:22:43.683860,5000,0.0,0.0,0.0642,4679,321,0,False,False,12
gnn_naive,adwin,889,1447,4,2018-02-28T18:28:09.321869,5000,0.0,0.0,0.0044,4978,22,0,False,False,12
gnn_naive,adwin,890,1448,4,2018-02-28T18:30:34.210108,5000,0.0002,0.0002,0.0554,4721,278,1,False,False,12
gnn_naive,adwin,891,1450,4,2018-02-28T18:35:36.335443,5000,0.0,0.0,0.1282,4359,641,0,False,False,12
gnn_naive,adwin,892,1451,4,2018-02-28T18:38:00.499566,5000,0.0004,0.0004,0.0028,4988,12,0,False,False,12
gnn_naive,adwin,893,1453,4,2018-02-28T18:43:12.388992,5000,0.0,0.0,0.0,5000,0,0,False,False,12
gnn_naive,adwin,894,1454,4,2018-02-28T18:45:49.195459,5000,0.0,0.0,0.0,4999,0,1,False,False,12
gnn_naive,adwin,895,1455,4,2018-02-28T18:48:33.342436,5000,0.0,0.0,0.0,5000,0,0,False,False,12
gnn_naive,adwin,896,1457,4,2018-02-28T18:54:20.026510,5000,0.0,0.0,0.0,5000,0,0,False,False,12
gnn_naive,adwin,897,1458,4,2018-02-28T18:57:33.052350,5000,0.0,0.0,0.0,5000,0,0,False,False,12
gnn_naive,adwin,898,1460,4,2018-02-28T19:03:02.191273,5000,0.0,0.0,0.0,5000,0,0,False,False,12
gnn_naive,adwin,899,1461,4,2018-02-28T19:06:08.091231,5000,0.0,0.0,0.0,5000,0,0,False,False,12
gnn_naive,adwin,900,1463,4,2018-02-28T19:11:34.355578,5000,0.0,0.0,0.0,5000,0,0,False,False,12
gnn_naive,adwin,901,1464,4,2018-02-28T19:14:22.282480,5000,0.0,0.0,0.0,5000,0,0,False,False,12
gnn_naive,adwin,902,1465,4,2018-02-28T19:17:01.744068,5000,0.0002,0.0002,0.0,4998,1,1,True,False,12
gnn_naive,adwin,903,1467,4,2018-02-28T19:22:08.014324,5000,0.0,0.0,0.0,5000,0,0,False,False,12
gnn_naive,adwin,904,1468,4,2018-02-28T19:25:07.175020,5000,0.0,0.0,0.0,5000,0,0,False,False,12
gnn_naive,adwin,905,1470,4,2018-02-28T19:31:18.983100,5000,0.0004,0.0004,0.0,4997,2,1,False,False,12
gnn_naive,adwin,906,1471,4,2018-02-28T19:34:19.111752,5000,0.0,0.0,0.0,5000,0,0,False,False,12
gnn_naive,adwin,907,1473,4,2018-02-28T19:40:58.205859,5000,0.0,0.0,0.0,5000,0,0,False,False,12
gnn_naive,adwin,908,1474,4,2018-02-28T19:43:06.156822,5000,0.0,0.0,0.0,5000,0,0,False,False,12
gnn_naive,adwin,909,1475,4,2018-02-28T19:45:02.791453,5000,0.0004,0.0004,0.0,4998,2,0,False,False,12
gnn_naive,adwin,910,1477,4,2018-02-28T19:49:09.409491,5000,0.0002,0.0002,0.0,4999,1,0,False,False,12
gnn_naive,adwin,911,1478,4,2018-02-28T19:51:42.278805,5000,0.0002,0.0002,0.0,4999,1,0,False,False,12
gnn_naive,adwin,912,1480,4,2018-02-28T19:57:40.667750,5000,0.0,0.0,0.0,5000,0,0,False,False,12
gnn_naive,adwin,913,1481,4,2018-02-28T20:00:39.505392,5000,0.0004,0.0004,0.0,4998,2,0,False,False,12
gnn_naive,adwin,914,1483,4,2018-02-28T20:06:05.922387,5000,0.0,0.0,0.0,5000,0,0,False,False,12
gnn_naive,adwin,915,1484,4,2018-02-28T20:08:53.087328,5000,0.0,0.0,0.0,5000,0,0,False,False,12
gnn_naive,adwin,916,1485,4,2018-02-28T20:11:32.136790,5000,0.0,0.0,0.0,5000,0,0,False,False,12
gnn_naive,adwin,917,1487,4,2018-02-28T20:16:57.996608,5000,0.0004,0.0004,0.0,4997,2,1,False,False,12
gnn_naive,adwin,918,1488,4,2018-02-28T20:19:21.135614,5000,0.0002,0.0002,0.0,4999,1,0,False,False,12
gnn_naive,adwin,919,1490,4,2018-02-28T20:24:58.930403,5000,0.0,0.0,0.0,5000,0,0,False,False,12
gnn_naive,adwin,920,1491,4,2018-02-28T20:28:10.811457,5000,0.0,0.0,0.0,5000,0,0,False,False,12
gnn_naive,adwin,921,1493,4,2018-02-28T20:33:46.211347,5000,0.0,0.0,0.0,5000,0,0,False,False,12
gnn_naive,adwin,922,1494,4,2018-02-28T20:36:35.016953,5000,0.0,0.0,0.0,5000,0,0,False,False,12
gnn_naive,adwin,923,1495,4,2018-02-28T20:39:14.222126,5000,0.0,0.0,0.0,5000,0,0,False,False,12
gnn_naive,adwin,924,1497,4,2018-02-28T20:45:04.579952,5000,0.0,0.0,0.0,5000,0,0,False,False,12
gnn_naive,adwin,925,1498,4,2018-02-28T20:48:03.991325,5000,0.0,0.0,0.0,5000,0,0,False,False,12
gnn_naive,adwin,926,1500,4,2018-02-28T20:53:48.418987,5000,0.0,0.0,0.0,5000,0,0,False,False,12
gnn_naive,adwin,927,1501,4,2018-02-28T20:56:48.491000,5000,0.0002,0.0002,0.0,4999,1,0,False,False,12
gnn_naive,adwin,928,1503,4,2018-02-28T21:02:54.491415,5000,0.0002,0.0002,0.0,4999,1,0,False,False,12
gnn_naive,adwin,929,1504,4,2018-02-28T21:06:43.660797,5000,0.0002,0.0002,0.0,4999,1,0,False,False,12
gnn_naive,adwin,930,1505,4,2018-02-28T21:11:14.689634,5000,0.0,0.0,0.0,5000,0,0,False,False,12
gnn_naive,adwin,931,1507,4,2018-02-28T21:19:09.272488,5000,0.0,0.0,0.0,5000,0,0,False,False,12
gnn_naive,adwin,932,1508,4,2018-02-28T21:22:51.711468,5000,0.0002,0.0002,0.0,4999,1,0,False,False,12
gnn_naive,adwin,933,1510,4,2018-02-28T21:37:34.367328,5000,0.0,0.0,0.0,5000,0,0,False,False,12
gnn_naive,adwin,934,1511,4,2018-03-01T12:15:39.064732,5000,0.0018,0.0018,0.0,4989,7,4,False,False,12
gnn_naive,adwin,935,1513,4,2018-03-01T12:19:54.520816,5000,0.0,0.0,0.0,5000,0,0,False,False,12
gnn_naive,adwin,936,1514,4,2018-03-01T12:22:18.749644,5000,0.0,0.0,0.0,5000,0,0,False,False,12
gnn_naive,adwin,937,1515,4,2018-03-01T12:25:00.144703,5000,0.0002,0.0002,0.0,4999,1,0,False,False,12
gnn_naive,adwin,938,1517,4,2018-03-01T12:29:38.258143,5000,0.0,0.0,0.0,5000,0,0,False,False,12
gnn_naive,adwin,939,1518,4,2018-03-01T12:32:14.296813,5000,0.0002,0.0002,0.0,4999,1,0,False,False,12
gnn_naive,adwin,940,1520,4,2018-03-01T12:38:13.817216,5000,0.0,0.0,0.0,5000,0,0,False,False,12
gnn_naive,adwin,941,1521,4,2018-03-01T12:41:37.816560,5000,0.0,0.0,0.0,5000,0,0,False,False,12
gnn_naive,adwin,942,1523,4,2018-03-01T12:47:19.681475,5000,0.0,0.0,0.0,5000,0,0,False,False,12
gnn_naive,adwin,943,1524,4,2018-03-01T12:50:08.679195,5000,0.0006,0.0006,0.0,4997,3,0,False,False,12
gnn_naive,adwin,944,1525,4,2018-03-01T12:52:44.849046,5000,0.0,0.0,0.0,5000,0,0,False,False,12
gnn_naive,adwin,945,1527,4,2018-03-01T12:58:09.517876,5000,0.0,0.0,0.0,5000,0,0,False,False,12
gnn_naive,adwin,946,1528,4,2018-03-01T13:01:04.025574,5000,0.0,0.0,0.0,5000,0,0,False,False,12
gnn_naive,adwin,947,1530,4,2018-03-01T13:07:26.167718,5000,0.0,0.0,0.0,5000,0,0,False,False,12
gnn_naive,adwin,948,1531,4,2018-03-01T13:10:24.497541,5000,0.0,0.0,0.0,5000,0,0,False,False,12
gnn_naive,adwin,949,1533,4,2018-03-01T13:16:15.288675,5000,0.0,0.0,0.0,5000,0,0,False,False,12
gnn_naive,adwin,950,1534,4,2018-03-01T13:18:50.416620,5000,0.0,0.0,0.0,5000,0,0,False,False,12
gnn_naive,adwin,951,1535,4,2018-03-01T13:21:32.793833,5000,0.0,0.0,0.0,5000,0,0,False,False,12
gnn_naive,adwin,952,1537,4,2018-03-01T13:27:37.928243,5000,0.0002,0.0002,0.0,4999,1,0,False,False,12
gnn_naive,adwin,953,1538,4,2018-03-01T13:30:03.559592,5000,0.0,0.0,0.0,5000,0,0,False,False,12
gnn_naive,adwin,954,1540,4,2018-03-01T13:36:08.355775,5000,0.0,0.0,0.0,5000,0,0,False,False,12
gnn_naive,adwin,955,1541,4,2018-03-01T13:38:26.280661,5000,0.0,0.0,0.0,5000,0,0,False,False,12
gnn_naive,adwin,956,1543,4,2018-03-01T13:43:47.341437,5000,0.0,0.0,0.0,5000,0,0,False,False,12
gnn_naive,adwin,957,1544,4,2018-03-01T13:46:06.884226,5000,0.0002,0.0002,0.0,4999,1,0,False,False,12
gnn_naive,adwin,958,1545,4,2018-03-01T13:48:20.769235,5000,0.0,0.0,0.0,5000,0,0,False,False,12
gnn_naive,adwin,959,1547,4,2018-03-01T13:53:26.821215,5000,0.0,0.0,0.0,5000,0,0,False,False,12
gnn_naive,adwin,960,1548,4,2018-03-01T13:55:45.639117,5000,0.0002,0.0002,0.0002,5000,0,0,False,False,12
gnn_naive,adwin,961,1550,4,2018-03-01T14:00:59.495517,5000,0.0004,0.0004,0.0,4997,2,1,False,False,12
gnn_naive,adwin,962,1551,4,2018-03-01T14:03:36.758885,5000,0.0,0.0,0.0,5000,0,0,False,False,12
gnn_naive,adwin,963,1553,4,2018-03-01T14:09:13.280536,5000,0.0002,0.0002,0.0018,4992,8,0,False,False,12
gnn_naive,adwin,964,1554,4,2018-03-01T14:12:25.287294,5000,0.0002,0.0002,0.0692,4655,345,0,False,False,12
gnn_naive,adwin,965,1555,4,2018-03-01T14:14:34.150013,5000,0.0004,0.0004,0.0086,4955,45,0,False,False,12
gnn_naive,adwin,966,1557,4,2018-03-01T14:19:01.658610,5000,0.0,0.0,0.0064,4968,32,0,False,False,12
gnn_naive,adwin,967,1558,4,2018-03-01T14:21:34.089448,5000,0.0668,0.0668,0.0668,5000,0,0,True,True,13
gnn_naive,adwin,968,1560,4,2018-03-01T14:26:14.929685,5000,0.0,0.0,0.125,4375,624,1,True,False,13
gnn_naive,adwin,969,1561,4,2018-03-01T14:28:22.228934,5000,0.001,0.001,0.001,5000,0,0,False,False,13
gnn_naive,adwin,970,1563,4,2018-03-01T14:33:19.506772,5000,0.0002,0.0002,0.0002,5000,0,0,False,False,13
gnn_naive,adwin,971,1564,4,2018-03-01T14:35:54.318348,5000,0.001,0.001,0.0046,4972,28,0,False,False,13
gnn_naive,adwin,972,1565,4,2018-03-01T14:38:41.827852,5000,0.0004,0.0004,0.0646,4675,325,0,False,False,13
gnn_naive,adwin,973,1567,4,2018-03-01T14:44:07.900224,5000,0.0002,0.0002,0.0036,4981,19,0,False,False,13
gnn_naive,adwin,974,1568,4,2018-03-01T14:46:13.674041,5000,0.0006,0.0006,0.0656,4669,330,1,False,False,13
gnn_naive,adwin,975,1570,4,2018-03-01T14:50:48.492067,5000,0.0004,0.0004,0.1212,4392,608,0,False,False,13
gnn_naive,adwin,976,1571,4,2018-03-01T14:53:21.014744,5000,0.0012,0.0012,0.0048,4982,18,0,False,False,13
gnn_naive,adwin,977,1573,4,2018-03-01T14:58:30.050328,5000,0.0002,0.0002,0.0002,5000,0,0,False,False,13
gnn_naive,adwin,978,1574,4,2018-03-01T15:01:13.539752,5000,0.0,0.0,0.0,5000,0,0,False,False,13
gnn_naive,adwin,979,1575,4,2018-03-01T15:03:42.167073,5000,0.0,0.0,0.0,5000,0,0,False,False,13
gnn_naive,adwin,980,1577,4,2018-03-01T15:09:27.919316,5000,0.0,0.0,0.0,5000,0,0,False,False,13
gnn_naive,adwin,981,1578,4,2018-03-01T15:12:01.136952,5000,0.0,0.0,0.0,5000,0,0,False,False,13
gnn_naive,adwin,982,1580,4,2018-03-01T15:16:58.700686,5000,0.0,0.0,0.0,5000,0,0,False,False,13
gnn_naive,adwin,983,1581,4,2018-03-01T15:19:38.110667,5000,0.0,0.0,0.0,5000,0,0,False,False,13
gnn_naive,adwin,984,1583,4,2018-03-01T15:25:01.905960,5000,0.0,0.0,0.0,5000,0,0,False,False,13
gnn_naive,adwin,985,1584,4,2018-03-01T15:27:58.491446,5000,0.0004,0.0004,0.0002,4999,1,0,False,False,13
gnn_naive,adwin,986,1585,4,2018-03-01T15:30:27.858661,5000,0.0,0.0,0.0,5000,0,0,False,False,13
gnn_naive,adwin,987,1587,4,2018-03-01T15:36:10.787942,5000,0.0006,0.0006,0.0,4996,2,2,False,False,13
gnn_naive,adwin,988,1588,4,2018-03-01T15:39:17.159627,5000,0.0002,0.0002,0.0,4999,1,0,False,False,13
gnn_naive,adwin,989,1590,4,2018-03-01T15:44:44.780646,5000,0.0,0.0,0.0,5000,0,0,False,False,13
gnn_naive,adwin,990,1591,4,2018-03-01T15:47:04.636021,5000,0.0002,0.0002,0.0,4999,1,0,False,False,13
gnn_naive,adwin,991,1593,4,2018-03-01T15:52:15.300667,5000,0.0,0.0,0.0,5000,0,0,False,False,13
gnn_naive,adwin,992,1594,4,2018-03-01T15:55:04.185327,5000,0.0,0.0,0.0,5000,0,0,False,False,13
gnn_naive,adwin,993,1595,4,2018-03-01T15:58:08.209089,5000,0.0004,0.0004,0.0002,4999,1,0,False,False,13
gnn_naive,adwin,994,1597,4,2018-03-01T16:04:26.948584,5000,0.0,0.0,0.0,5000,0,0,False,False,13
gnn_naive,adwin,995,1598,4,2018-03-01T16:08:04.358728,5000,0.0002,0.0002,0.0002,5000,0,0,False,False,13
gnn_naive,adwin,996,1600,4,2018-03-01T16:15:41.894407,5000,0.0,0.0,0.0,5000,0,0,False,False,13
gnn_naive,adwin,997,1601,4,2018-03-01T16:19:13.044189,5000,0.0,0.0,0.0,5000,0,0,False,False,13
gnn_naive,adwin,998,1603,4,2018-03-01T16:26:28.629214,5000,0.0014,0.0014,0.0,4992,6,2,False,False,13
gnn_naive,adwin,999,1604,4,2018-03-01T16:29:20.283460,5000,0.0,0.0,0.0,5000,0,0,False,False,13
gnn_naive,adwin,1000,1605,4,2018-03-01T16:32:49.813418,5000,0.0002,0.0002,0.0002,5000,0,0,False,False,13
gnn_naive,adwin,1001,1607,4,2018-03-01T16:41:01.523699,5000,0.0,0.0,0.0,5000,0,0,False,False,13
gnn_naive,adwin,1002,1608,4,2018-03-01T16:44:57.367559,5000,0.0,0.0,0.0,5000,0,0,False,False,13
gnn_naive,adwin,1003,1610,4,2018-03-01T16:52:08.156667,5000,0.0,0.0,0.0,5000,0,0,False,False,13
gnn_naive,adwin,1004,1611,4,2018-03-01T16:55:18.186328,5000,0.0,0.0,0.0,5000,0,0,False,False,13
gnn_naive,adwin,1005,1613,4,2018-03-01T17:02:03.357739,5000,0.0002,0.0002,0.0,4998,1,1,False,False,13
gnn_naive,adwin,1006,1614,4,2018-03-01T17:05:47.392038,5000,0.0,0.0,0.0,5000,0,0,False,False,13
gnn_naive,adwin,1007,1615,4,2018-03-01T17:08:53.938579,5000,0.0,0.0,0.0,5000,0,0,False,False,13
gnn_naive,adwin,1008,1617,4,2018-03-01T17:15:22.519975,5000,0.0,0.0,0.0,5000,0,0,False,False,13
gnn_naive,adwin,1009,1618,4,2018-03-01T17:18:05.099486,5000,0.0,0.0,0.0,5000,0,0,False,False,13
gnn_naive,adwin,1010,1620,4,2018-03-01T17:24:10.081500,5000,0.0,0.0,0.0,5000,0,0,False,False,13
gnn_naive,adwin,1011,1621,4,2018-03-01T17:26:48.371694,5000,0.0,0.0,0.0,5000,0,0,False,False,13
gnn_naive,adwin,1012,1623,4,2018-03-01T17:33:13.999588,5000,0.0002,0.0002,0.0002,5000,0,0,False,False,13
gnn_naive,adwin,1013,1624,4,2018-03-01T17:36:12.343514,5000,0.0,0.0,0.0,5000,0,0,False,False,13
gnn_naive,adwin,1014,1625,4,2018-03-01T17:38:40.668586,5000,0.0,0.0,0.0,5000,0,0,False,False,13
gnn_naive,adwin,1015,1627,4,2018-03-01T17:43:18.146886,5000,0.0,0.0,0.0,4999,0,1,False,False,13
gnn_naive,adwin,1016,1628,4,2018-03-01T17:45:47.673065,5000,0.0,0.0,0.0,5000,0,0,False,False,13
gnn_naive,adwin,1017,1630,4,2018-03-01T17:50:44.426499,5000,0.0,0.0,0.0,5000,0,0,False,False,13
gnn_naive,adwin,1018,1631,4,2018-03-01T17:53:30.857262,5000,0.0002,0.0002,0.0,4999,1,0,False,False,13
gnn_naive,adwin,1019,1633,4,2018-03-01T17:58:37.707318,5000,0.0,0.0,0.0,5000,0,0,False,False,13
gnn_naive,adwin,1020,1634,4,2018-03-01T18:01:12.348098,5000,0.0,0.0,0.0,5000,0,0,False,False,13
gnn_naive,adwin,1021,1635,4,2018-03-01T18:03:41.751971,5000,0.0,0.0,0.0,5000,0,0,False,False,13
gnn_naive,adwin,1022,1637,4,2018-03-01T18:08:36.395425,5000,0.0,0.0,0.0,5000,0,0,False,False,13
gnn_naive,adwin,1023,1638,4,2018-03-01T18:11:00.830699,5000,0.0002,0.0002,0.0002,5000,0,0,False,False,13
gnn_naive,adwin,1024,1640,4,2018-03-01T18:16:21.522827,5000,0.0,0.0,0.0,5000,0,0,False,False,13
gnn_naive,adwin,1025,1641,4,2018-03-01T18:19:11.575269,5000,0.0,0.0,0.0,5000,0,0,False,False,13
gnn_naive,adwin,1026,1643,4,2018-03-01T18:24:44.573248,5000,0.0022,0.0022,0.0026,4998,2,0,True,True,14
gnn_naive,adwin,1027,1644,4,2018-03-01T18:27:41.561447,5000,0.0004,0.0004,0.0068,4964,34,2,False,False,14
gnn_naive,adwin,1028,1645,4,2018-03-01T18:30:13.910260,5000,0.0026,0.0026,0.0678,4648,352,0,False,False,14
gnn_naive,adwin,1029,1647,4,2018-03-01T18:34:58.069725,5000,0.0004,0.0004,0.0062,4969,29,2,False,False,14
gnn_naive,adwin,1030,1648,4,2018-03-01T18:37:50.883129,5000,0.0004,0.0004,0.1332,4332,668,0,False,False,14
gnn_naive,adwin,1031,1650,4,2018-03-01T18:42:28.959660,5000,0.0002,0.0002,0.0046,4978,22,0,False,False,14
gnn_naive,adwin,1032,1651,4,2018-03-01T18:45:30.722511,5000,0.0002,0.0002,0.0028,4986,13,1,False,False,14
gnn_naive,adwin,1033,1653,4,2018-03-01T18:51:32.112280,5000,0.0002,0.0002,0.0,4999,1,0,False,False,14
gnn_naive,adwin,1034,1654,4,2018-03-01T18:54:29.680067,5000,0.0,0.0,0.0002,4999,1,0,False,False,14
gnn_naive,adwin,1035,1655,4,2018-03-01T18:57:18.370140,5000,0.0002,0.0002,0.0002,4998,2,0,False,False,14
gnn_naive,adwin,1036,1657,4,2018-03-01T19:02:13.523563,5000,0.001,0.001,0.0,4995,5,0,False,False,14
gnn_naive,adwin,1037,1658,4,2018-03-01T19:04:39.830265,5000,0.0,0.0,0.0,4998,0,2,False,False,14
gnn_naive,adwin,1038,1660,4,2018-03-01T19:10:10.227017,5000,0.0004,0.0004,0.0,4998,2,0,False,False,14
gnn_naive,adwin,1039,1661,4,2018-03-01T19:12:43.294289,5000,0.0,0.0,0.0,5000,0,0,False,False,14
gnn_naive,adwin,1040,1663,4,2018-03-01T19:18:06.538080,5000,0.0,0.0,0.001,4995,5,0,False,False,14
gnn_naive,adwin,1041,1664,4,2018-03-01T19:21:06.010794,5000,0.0004,0.0004,0.0024,4986,13,1,False,False,14
gnn_naive,adwin,1042,1665,4,2018-03-01T19:24:18.791768,5000,0.0006,0.0006,0.005,4971,28,1,False,False,14
gnn_naive,adwin,1043,1667,4,2018-03-01T19:29:18.215892,5000,0.0,0.0,0.0062,4969,31,0,False,False,14
gnn_naive,adwin,1044,1668,4,2018-03-01T19:31:56.186918,5000,0.0,0.0,0.0058,4971,29,0,False,False,14
gnn_naive,adwin,1045,1670,4,2018-03-01T19:37:37.902546,5000,0.0008,0.0008,0.0004,4998,2,0,False,False,14
gnn_naive,adwin,1046,1671,4,2018-03-01T19:40:37.657394,5000,0.0,0.0,0.0,5000,0,0,False,False,14
gnn_naive,adwin,1047,1673,4,2018-03-01T19:46:05.303230,5000,0.0002,0.0002,0.0,4999,1,0,False,False,14
gnn_naive,adwin,1048,1674,4,2018-03-01T19:48:56.380285,5000,0.0002,0.0002,0.0,4999,0,1,False,False,14
gnn_naive,adwin,1049,1675,4,2018-03-01T19:52:00.307188,5000,0.0002,0.0002,0.0,4999,1,0,False,False,14
gnn_naive,adwin,1050,1677,4,2018-03-01T19:57:46.760246,5000,0.0002,0.0002,0.0,4999,1,0,False,False,14
gnn_naive,adwin,1051,1678,4,2018-03-01T20:00:19.885005,5000,0.0004,0.0004,0.0,4997,2,1,False,False,14
gnn_naive,adwin,1052,1680,4,2018-03-01T20:05:49.191560,5000,0.0002,0.0002,0.0,4999,1,0,False,False,14
gnn_naive,adwin,1053,1681,4,2018-03-01T20:08:34.609206,5000,0.0002,0.0002,0.0,4999,1,0,False,False,14
gnn_naive,adwin,1054,1683,4,2018-03-01T20:14:16.648573,5000,0.0004,0.0004,0.0,4998,1,1,False,False,14
gnn_naive,adwin,1055,1684,4,2018-03-01T20:17:09.814968,5000,0.0004,0.0004,0.0,4998,2,0,False,False,14
gnn_naive,adwin,1056,1685,4,2018-03-01T20:20:21.832141,5000,0.0018,0.0018,0.0,4990,7,3,True,True,15
gnn_naive,adwin,1057,1687,4,2018-03-01T20:26:20.749782,5000,0.0,0.0,0.0,5000,0,0,False,False,15
gnn_naive,adwin,1058,1688,4,2018-03-01T20:28:57.131580,5000,0.0,0.0,0.0,5000,0,0,False,False,15
gnn_naive,adwin,1059,1690,4,2018-03-01T20:34:16.402648,5000,0.0,0.0,0.0,5000,0,0,False,False,15
gnn_naive,adwin,1060,1691,4,2018-03-01T20:37:03.368126,5000,0.0,0.0,0.0,5000,0,0,False,False,15
gnn_naive,adwin,1061,1693,4,2018-03-01T20:42:40.210239,5000,0.0,0.0,0.0,5000,0,0,False,False,15
gnn_naive,adwin,1062,1694,4,2018-03-01T20:45:22.988289,5000,0.0,0.0,0.0,5000,0,0,False,False,15
gnn_naive,adwin,1063,1695,4,2018-03-01T20:48:36.311880,5000,0.0,0.0,0.0,5000,0,0,False,False,15
gnn_naive,adwin,1064,1697,4,2018-03-01T20:54:25.443243,5000,0.0002,0.0002,0.0,4999,1,0,False,False,15
gnn_naive,adwin,1065,1698,4,2018-03-01T20:57:12.957229,5000,0.0,0.0,0.0,5000,0,0,False,False,15
gnn_naive,adwin,1066,1700,4,2018-03-01T21:02:39.490159,5000,0.0,0.0,0.0,5000,0,0,False,False,15
gnn_naive,adwin,1067,1701,4,2018-03-01T21:06:12.223803,5000,0.0,0.0,0.0,5000,0,0,False,False,15
gnn_naive,adwin,1068,1703,4,2018-03-01T21:14:39.841850,5000,0.0,0.0,0.0,5000,0,0,False,False,15
gnn_naive,adwin,1069,1704,4,2018-03-01T21:18:58.955179,5000,0.0,0.0,0.0,5000,0,0,False,False,15
gnn_naive,adwin,1070,1705,4,2018-03-01T21:23:28.699123,5000,0.0,0.0,0.0,5000,0,0,False,False,15
gnn_naive,adwin,1071,1707,4,2018-03-01T21:41:32.691354,3203,0.0,0.0,0.0,3203,0,0,False,False,15
gnn_naive,adwin,1072,1708,5,2018-03-02T12:46:22.317145,5000,0.0002,0.0002,0.0,4999,1,0,False,False,15
gnn_naive,adwin,1073,1709,5,2018-03-02T12:47:36.499503,5000,0.0004,0.0004,0.0,4998,2,0,False,False,15
gnn_naive,adwin,1074,1711,5,2018-03-02T12:52:36.584883,5000,0.003,0.003,0.0,4985,15,0,True,True,16
gnn_naive,adwin,1075,1712,5,2018-03-02T12:55:19.390202,5000,0.0,0.0,0.0,5000,0,0,False,False,16
gnn_naive,adwin,1076,1714,5,2018-03-02T13:00:29.758855,5000,0.0,0.0,0.0,5000,0,0,False,False,16
gnn_naive,adwin,1077,1715,5,2018-03-02T13:03:08.609046,5000,0.0,0.0,0.0,5000,0,0,False,False,16
gnn_naive,adwin,1078,1717,5,2018-03-02T13:09:17.357015,5000,0.0,0.0,0.0,5000,0,0,False,False,16
gnn_naive,adwin,1079,1718,5,2018-03-02T13:12:21.583784,5000,0.0,0.0,0.0,5000,0,0,False,False,16
gnn_naive,adwin,1080,1719,5,2018-03-02T13:14:45.899218,5000,0.0,0.0,0.0,5000,0,0,False,False,16
gnn_naive,adwin,1081,1721,5,2018-03-02T13:20:11.711197,5000,0.0,0.0,0.0,5000,0,0,False,False,16
gnn_naive,adwin,1082,1722,5,2018-03-02T13:22:58.824595,5000,0.0,0.0,0.0,5000,0,0,False,False,16
gnn_naive,adwin,1083,1724,5,2018-03-02T13:28:43.393310,5000,0.0,0.0,0.0,5000,0,0,False,False,16
gnn_naive,adwin,1084,1725,5,2018-03-02T13:32:03.276485,5000,0.0,0.0,0.0,5000,0,0,False,False,16
gnn_naive,adwin,1085,1727,5,2018-03-02T13:37:51.404348,5000,0.0,0.0,0.0,5000,0,0,False,False,16
gnn_naive,adwin,1086,1728,5,2018-03-02T13:40:46.678532,5000,0.0,0.0,0.0,5000,0,0,False,False,16
gnn_naive,adwin,1087,1729,5,2018-03-02T13:42:57.056700,5000,0.0,0.0,0.0,4999,0,1,False,False,16
gnn_naive,adwin,1088,1731,5,2018-03-02T13:47:54.132284,5000,0.0,0.0,0.0,5000,0,0,False,False,16
gnn_naive,adwin,1089,1732,5,2018-03-02T13:49:49.112030,5000,0.0,0.0,0.0,5000,0,0,False,False,16
gnn_naive,adwin,1090,1734,5,2018-03-02T13:54:42.985786,5000,0.0,0.0,0.0,5000,0,0,False,False,16
gnn_naive,adwin,1091,1735,5,2018-03-02T13:57:13.861823,5000,0.0,0.0,0.0,5000,0,0,False,False,16
gnn_naive,adwin,1092,1737,5,2018-03-02T14:02:21.812038,5000,0.0,0.0,0.0,5000,0,0,False,False,16
gnn_naive,adwin,1093,1738,5,2018-03-02T14:05:10.386948,5000,0.0,0.0,0.0,5000,0,0,False,False,16
gnn_naive,adwin,1094,1739,5,2018-03-02T14:08:05.591211,5000,0.0,0.0,0.0,5000,0,0,False,False,16
gnn_naive,adwin,1095,1741,5,2018-03-02T14:14:21.355369,5000,0.002,0.002,0.002,5000,0,0,False,False,16
gnn_naive,adwin,1096,1742,5,2018-03-02T14:17:07.610670,5000,0.0042,0.0042,0.0042,5000,0,0,True,True,17
gnn_naive,adwin,1097,1744,5,2018-03-02T14:22:09.547822,5000,0.002,0.002,0.008,4950,48,2,False,False,17
gnn_naive,adwin,1098,1745,5,2018-03-02T14:25:20.862348,5000,0.0,0.0,0.008,4960,40,0,False,False,17
gnn_naive,adwin,1099,1747,5,2018-03-02T14:31:14.452065,5000,0.0,0.0,0.0138,4931,69,0,False,False,17
gnn_naive,adwin,1100,1748,5,2018-03-02T14:34:36.973531,5000,0.0,0.0,0.0108,4946,54,0,False,False,17
gnn_naive,adwin,1101,1749,5,2018-03-02T14:36:55.869038,5000,0.0,0.0,0.0194,4903,97,0,True,False,17
gnn_naive,adwin,1102,1751,5,2018-03-02T14:42:32.113551,5000,0.0002,0.0002,0.0396,4801,199,0,False,False,17
gnn_naive,adwin,1103,1752,5,2018-03-02T14:45:24.533147,5000,0.0,0.0,0.082,4590,410,0,False,False,17
gnn_naive,adwin,1104,1754,5,2018-03-02T14:49:44.295175,5000,0.0,0.0,0.0458,4770,229,1,False,False,17
gnn_naive,adwin,1105,1755,5,2018-03-02T14:52:11.810166,5000,0.0,0.0,0.0256,4872,128,0,False,False,17
gnn_naive,adwin,1106,1757,5,2018-03-02T14:57:34.141644,5000,0.0002,0.0002,0.0266,4866,134,0,False,False,17
gnn_naive,adwin,1107,1758,5,2018-03-02T15:00:29.541355,5000,0.0,0.0,0.0204,4898,102,0,False,False,17
gnn_naive,adwin,1108,1759,5,2018-03-02T15:02:29.652686,5000,0.0024,0.0024,0.0292,4866,134,0,False,False,17
gnn_naive,adwin,1109,1761,5,2018-03-02T15:07:40.295450,5000,0.0,0.0,0.092,4540,460,0,False,False,17
gnn_naive,adwin,1110,1762,5,2018-03-02T15:10:28.984092,5000,0.0,0.0,0.0812,4594,406,0,False,False,17
gnn_naive,adwin,1111,1764,5,2018-03-02T15:15:15.325340,5000,0.0,0.0,0.0702,4649,351,0,False,False,17
gnn_naive,adwin,1112,1765,5,2018-03-02T15:17:01.586472,5000,0.0,0.0,0.0868,4566,434,0,False,False,17
gnn_naive,adwin,1113,1767,5,2018-03-02T15:21:11.681216,5000,0.0,0.0,0.088,4560,440,0,False,False,17
gnn_naive,adwin,1114,1768,5,2018-03-02T15:23:39.212158,5000,0.0,0.0,0.1032,4484,516,0,False,False,17
gnn_naive,adwin,1115,1769,5,2018-03-02T15:26:34.607640,5000,0.007,0.007,0.0852,4609,391,0,True,True,18
gnn_naive,adwin,1116,1771,5,2018-03-02T15:30:48.940802,5000,0.0,0.0,0.1008,4496,504,0,False,False,18
gnn_naive,adwin,1117,1772,5,2018-03-02T15:33:23.996093,5000,0.0,0.0,0.0882,4559,441,0,True,False,18
gnn_naive,adwin,1118,1774,5,2018-03-02T15:38:56.809322,5000,0.0,0.0,0.0254,4873,127,0,False,False,18
gnn_naive,adwin,1119,1775,5,2018-03-02T15:42:07.705764,5000,0.0,0.0,0.0184,4908,92,0,False,False,18
gnn_naive,adwin,1120,1777,5,2018-03-02T15:46:59.866441,5000,0.0,0.0,0.0194,4903,97,0,False,False,18
gnn_naive,adwin,1121,1778,5,2018-03-02T15:49:30.907015,5000,0.0,0.0,0.0204,4898,102,0,False,False,18
gnn_naive,adwin,1122,1779,5,2018-03-02T15:52:03.941287,5000,0.0,0.0,0.0246,4877,123,0,False,False,18
gnn_naive,adwin,1123,1781,5,2018-03-02T15:57:32.214931,5000,0.0,0.0,0.0276,4862,138,0,False,False,18
gnn_naive,adwin,1124,1782,5,2018-03-02T16:00:14.834751,5000,0.0,0.0,0.022,4890,110,0,False,False,18
gnn_naive,adwin,1125,1784,5,2018-03-02T16:06:16.251849,5000,0.0,0.0,0.0288,4856,144,0,False,False,18
gnn_naive,adwin,1126,1785,5,2018-03-02T16:09:49.796878,5000,0.0048,0.0048,0.028,4870,130,0,True,True,19
gnn_naive,adwin,1127,1787,5,2018-03-02T16:16:44.110568,5000,0.0,0.0,0.0286,4857,143,0,False,False,19
gnn_naive,adwin,1128,1788,5,2018-03-02T16:19:53.700602,5000,0.0,0.0,0.0236,4882,118,0,False,False,19
gnn_naive,adwin,1129,1789,5,2018-03-02T16:23:09.110800,5000,0.0,0.0,0.0254,4873,127,0,False,False,19
gnn_naive,adwin,1130,1791,5,2018-03-02T16:29:31.469714,5000,0.0,0.0,0.0218,4891,109,0,True,False,19
gnn_naive,adwin,1131,1792,5,2018-03-02T16:32:19.139474,5000,0.0,0.0,0.0318,4841,159,0,False,False,19
gnn_naive,adwin,1132,1794,5,2018-03-02T16:40:21.310190,5000,0.0,0.0,0.0298,4851,149,0,False,False,19
gnn_naive,adwin,1133,1795,5,2018-03-02T16:44:05.186222,5000,0.0,0.0,0.0254,4873,127,0,False,False,19
gnn_naive,adwin,1134,1797,5,2018-03-02T16:50:40.378543,5000,0.0,0.0,0.0264,4868,132,0,False,False,19
gnn_naive,adwin,1135,1798,5,2018-03-02T16:53:54.049860,5000,0.0,0.0,0.0286,4857,143,0,False,False,19
gnn_naive,adwin,1136,1799,5,2018-03-02T16:57:07.799647,5000,0.0,0.0,0.0184,4908,92,0,False,False,19
gnn_naive,adwin,1137,1801,5,2018-03-02T17:03:38.871557,5000,0.0,0.0,0.0298,4851,149,0,False,False,19
gnn_naive,adwin,1138,1802,5,2018-03-02T17:07:28.584421,5000,0.0,0.0,0.0298,4851,149,0,False,False,19
gnn_naive,adwin,1139,1804,5,2018-03-02T17:13:37.942539,5000,0.0,0.0,0.0266,4867,133,0,False,False,19
gnn_naive,adwin,1140,1805,5,2018-03-02T17:16:50.423856,5000,0.0,0.0,0.0254,4873,127,0,False,False,19
gnn_naive,adwin,1141,1807,5,2018-03-02T17:22:59.650664,5000,0.0,0.0,0.0236,4882,118,0,False,False,19
gnn_naive,adwin,1142,1808,5,2018-03-02T17:25:51.492516,5000,0.0,0.0,0.0192,4904,96,0,False,False,19
gnn_naive,adwin,1143,1809,5,2018-03-02T17:28:17.031496,5000,0.0,0.0,0.0194,4903,97,0,False,False,19
gnn_naive,adwin,1144,1811,5,2018-03-02T17:33:11.803515,5000,0.0,0.0,0.0218,4891,109,0,False,False,19
gnn_naive,adwin,1145,1812,5,2018-03-02T17:35:57.026588,5000,0.0,0.0,0.0192,4904,96,0,False,False,19
gnn_naive,adwin,1146,1814,5,2018-03-02T17:40:39.863670,5000,0.0,0.0,0.0224,4888,112,0,False,False,19
gnn_naive,adwin,1147,1815,5,2018-03-02T17:43:08.146983,5000,0.0,0.0,0.0224,4888,112,0,False,False,19
gnn_naive,adwin,1148,1817,5,2018-03-02T17:48:15.082408,5000,0.0,0.0,0.0204,4898,102,0,False,False,19
gnn_naive,adwin,1149,1818,5,2018-03-02T17:51:00.668453,5000,0.0,0.0,0.02,4900,100,0,False,False,19
gnn_naive,adwin,1150,1819,5,2018-03-02T17:53:37.847796,5000,0.0,0.0,0.024,4880,120,0,False,False,19
gnn_naive,adwin,1151,1821,5,2018-03-02T17:58:42.614550,5000,0.0,0.0,0.0192,4904,96,0,False,False,19
gnn_naive,adwin,1152,1822,5,2018-03-02T18:01:24.120953,5000,0.0,0.0,0.0206,4897,103,0,False,False,19
gnn_naive,adwin,1153,1824,5,2018-03-02T18:06:36.146020,5000,0.0,0.0,0.019,4905,95,0,False,False,19
gnn_naive,adwin,1154,1825,5,2018-03-02T18:09:21.870157,5000,0.0,0.0,0.0212,4894,106,0,False,False,19
gnn_naive,adwin,1155,1827,5,2018-03-02T18:14:54.563419,5000,0.0,0.0,0.023,4885,115,0,False,False,19
gnn_naive,adwin,1156,1828,5,2018-03-02T18:17:30.731893,5000,0.0,0.0,0.0226,4887,113,0,False,False,19
gnn_naive,adwin,1157,1829,5,2018-03-02T18:20:20.948015,5000,0.0,0.0,0.0218,4891,109,0,False,False,19
gnn_naive,adwin,1158,1831,5,2018-03-02T18:25:39.847590,5000,0.0,0.0,0.093,4535,465,0,False,False,19
gnn_naive,adwin,1159,1832,5,2018-03-02T18:28:25.923594,5000,0.0,0.0,0.0466,4767,233,0,False,False,19
gnn_naive,adwin,1160,1834,5,2018-03-02T18:33:56.359075,5000,0.0,0.0,0.0234,4883,117,0,False,False,19
gnn_naive,adwin,1161,1835,5,2018-03-02T18:36:47.869863,5000,0.0,0.0,0.0228,4886,114,0,False,False,19
gnn_naive,adwin,1162,1837,5,2018-03-02T18:42:09.067760,5000,0.0,0.0,0.0222,4889,111,0,False,False,19
gnn_naive,adwin,1163,1838,5,2018-03-02T18:44:58.586059,5000,0.0,0.0,0.0188,4906,94,0,False,False,19
gnn_naive,adwin,1164,1839,5,2018-03-02T18:47:37.637183,5000,0.0,0.0,0.0212,4894,106,0,False,False,19
gnn_naive,adwin,1165,1841,5,2018-03-02T18:53:28.188217,5000,0.0,0.0,0.0214,4893,107,0,False,False,19
gnn_naive,adwin,1166,1842,5,2018-03-02T18:56:08.467204,5000,0.0,0.0,0.0228,4886,114,0,False,False,19
gnn_naive,adwin,1167,1844,5,2018-03-02T19:01:12.658687,5000,0.0,0.0,0.022,4890,110,0,False,False,19
gnn_naive,adwin,1168,1845,5,2018-03-02T19:03:54.338772,5000,0.0,0.0,0.0194,4903,97,0,False,False,19
gnn_naive,adwin,1169,1847,5,2018-03-02T19:08:43.733795,5000,0.0,0.0,0.02,4900,100,0,False,False,19
gnn_naive,adwin,1170,1848,5,2018-03-02T19:11:15.209784,5000,0.0,0.0,0.0268,4866,134,0,False,False,19
gnn_naive,adwin,1171,1849,5,2018-03-02T19:14:10.256046,5000,0.0,0.0,0.0246,4877,123,0,False,False,19
gnn_naive,adwin,1172,1851,5,2018-03-02T19:19:59.269413,5000,0.0,0.0,0.0206,4897,103,0,False,False,19
gnn_naive,adwin,1173,1852,5,2018-03-02T19:22:46.725634,5000,0.0,0.0,0.023,4885,115,0,False,False,19
gnn_naive,adwin,1174,1854,5,2018-03-02T19:28:10.988598,5000,0.0,0.0,0.0204,4898,102,0,False,False,19
gnn_naive,adwin,1175,1855,5,2018-03-02T19:30:34.990015,5000,0.0,0.0,0.0714,4643,357,0,False,False,19
gnn_naive,adwin,1176,1857,5,2018-03-02T19:35:42.017177,5000,0.0,0.0,0.0784,4608,392,0,False,False,19
gnn_naive,adwin,1177,1858,5,2018-03-02T19:38:00.653563,5000,0.0,0.0,0.0932,4534,466,0,False,False,19
gnn_naive,adwin,1178,1859,5,2018-03-02T19:40:40.501583,5000,0.0,0.0,0.0798,4601,399,0,False,False,19
gnn_naive,adwin,1179,1861,5,2018-03-02T19:45:33.082444,5000,0.0,0.0,0.0892,4554,446,0,False,False,19
gnn_naive,adwin,1180,1862,5,2018-03-02T19:48:05.722391,5000,0.0,0.0,0.0818,4591,409,0,False,False,19
gnn_naive,adwin,1181,1864,5,2018-03-02T19:53:10.527917,5000,0.0034,0.0034,0.0202,4874,109,17,True,True,20
gnn_naive,adwin,1182,1865,5,2018-03-02T19:56:18.214532,5000,0.0,0.0,0.0,5000,0,0,False,False,20
gnn_naive,adwin,1183,1867,5,2018-03-02T20:01:18.615392,5000,0.0,0.0,0.0,5000,0,0,False,False,20
gnn_naive,adwin,1184,1868,5,2018-03-02T20:03:59.772911,5000,0.0,0.0,0.0,5000,0,0,False,False,20
gnn_naive,adwin,1185,1869,5,2018-03-02T20:06:50.223596,5000,0.0,0.0,0.0,5000,0,0,False,False,20
gnn_naive,adwin,1186,1871,5,2018-03-02T20:12:25.966255,5000,0.0,0.0,0.0,5000,0,0,False,False,20
gnn_naive,adwin,1187,1872,5,2018-03-02T20:15:24.906516,5000,0.0,0.0,0.0,5000,0,0,False,False,20
gnn_naive,adwin,1188,1874,5,2018-03-02T20:21:27.773148,5000,0.0,0.0,0.0,5000,0,0,False,False,20
gnn_naive,adwin,1189,1875,5,2018-03-02T20:24:15.526012,5000,0.0,0.0,0.0,5000,0,0,False,False,20
gnn_naive,adwin,1190,1877,5,2018-03-02T20:29:41.060156,5000,0.0,0.0,0.0,5000,0,0,False,False,20
gnn_naive,adwin,1191,1878,5,2018-03-02T20:32:22.331316,5000,0.0,0.0,0.0,5000,0,0,False,False,20
gnn_naive,adwin,1192,1879,5,2018-03-02T20:35:00.008266,5000,0.0,0.0,0.0,5000,0,0,False,False,20
gnn_naive,adwin,1193,1881,5,2018-03-02T20:40:45.387347,5000,0.0,0.0,0.0,5000,0,0,False,False,20
gnn_naive,adwin,1194,1882,5,2018-03-02T20:43:26.383496,5000,0.0,0.0,0.0,5000,0,0,False,False,20
gnn_naive,adwin,1195,1884,5,2018-03-02T20:48:56.407275,5000,0.0,0.0,0.0,5000,0,0,False,False,20
gnn_naive,adwin,1196,1885,5,2018-03-02T20:51:59.325817,5000,0.0,0.0,0.0,5000,0,0,False,False,20
gnn_naive,adwin,1197,1887,5,2018-03-02T20:57:45.855305,5000,0.0,0.0,0.0,5000,0,0,False,False,20
gnn_naive,adwin,1198,1888,5,2018-03-02T21:00:04.972693,5000,0.0,0.0,0.0,5000,0,0,False,False,20
gnn_naive,adwin,1199,1889,5,2018-03-02T21:02:58.566624,5000,0.0,0.0,0.0,5000,0,0,False,False,20
gnn_naive,adwin,1200,1891,5,2018-03-02T21:10:15.106866,5000,0.0,0.0,0.0,5000,0,0,False,False,20
gnn_naive,adwin,1201,1892,5,2018-03-02T21:14:09.697355,5000,0.0,0.0,0.0,5000,0,0,False,False,20
gnn_naive,adwin,1202,1894,5,2018-03-02T21:21:43.482734,5000,0.0,0.0,0.0,5000,0,0,False,False,20
gnn_naive,adwin,1203,1895,5,2018-03-02T21:26:22.615075,5000,0.0,0.0,0.0,5000,0,0,False,False,20
gnn_naive,adwin,1204,1897,5,2018-03-02T22:35:29.692173,1137,0.0,0.0,0.0,1137,0,0,False,False,20
ffnn_ewc_replay,adwin,0,178,1,2018-02-15T12:23:17.590730,5000,0.0,0.0,0.0,5000,0,0,False,False,0
ffnn_ewc_replay,adwin,1,179,1,2018-02-15T12:24:56.885568,5000,0.0,0.0,0.0,5000,0,0,False,False,0
ffnn_ewc_replay,adwin,2,181,1,2018-02-15T12:31:09.676533,5000,0.0,0.0,0.0,5000,0,0,False,False,0
ffnn_ewc_replay,adwin,3,182,1,2018-02-15T12:34:33.489996,5000,0.0,0.0,0.0,5000,0,0,False,False,0
ffnn_ewc_replay,adwin,4,184,1,2018-02-15T12:41:12.914317,5000,0.0,0.0,0.0,5000,0,0,False,False,0
ffnn_ewc_replay,adwin,5,185,1,2018-02-15T12:44:35.045407,5000,0.0,0.0,0.0,5000,0,0,False,False,0
ffnn_ewc_replay,adwin,6,187,1,2018-02-15T12:52:00.343808,5000,0.0,0.0,0.0,5000,0,0,False,False,0
ffnn_ewc_replay,adwin,7,188,1,2018-02-15T12:55:13.883946,5000,0.0,0.0,0.0,5000,0,0,False,False,0
ffnn_ewc_replay,adwin,8,189,1,2018-02-15T12:58:25.758528,5000,0.0,0.0,0.0,5000,0,0,False,False,0
ffnn_ewc_replay,adwin,9,191,1,2018-02-15T13:05:02.708568,5000,0.0,0.0,0.0,5000,0,0,False,False,0
ffnn_ewc_replay,adwin,10,192,1,2018-02-15T13:08:44.408048,5000,0.0,0.0,0.0,5000,0,0,False,False,0
ffnn_ewc_replay,adwin,11,194,1,2018-02-15T13:15:12.381714,5000,0.0,0.0,0.0,5000,0,0,False,False,0
ffnn_ewc_replay,adwin,12,195,1,2018-02-15T13:18:14.277391,5000,0.0,0.0,0.0,5000,0,0,False,False,0
ffnn_ewc_replay,adwin,13,197,1,2018-02-15T13:25:01.053176,5000,0.0096,0.0096,0.0096,5000,0,0,True,True,1
ffnn_ewc_replay,adwin,14,198,1,2018-02-15T13:27:52.163823,5000,0.0138,0.0138,0.1474,4332,663,5,True,False,1
ffnn_ewc_replay,adwin,15,199,1,2018-02-15T13:30:38.405035,5000,0.008,0.008,0.0262,4908,84,8,True,False,1
ffnn_ewc_replay,adwin,16,201,1,2018-02-15T13:37:20.802767,5000,0.0132,0.0132,0.1094,4441,533,26,True,False,1
ffnn_ewc_replay,adwin,17,202,1,2018-02-15T13:40:23.217663,5000,0.0028,0.0028,0.0094,4965,31,4,True,False,1
ffnn_ewc_replay,adwin,18,204,1,2018-02-15T13:45:40.116507,5000,0.0002,0.0002,0.0,4999,1,0,False,False,1
ffnn_ewc_replay,adwin,19,205,1,2018-02-15T13:49:01.619726,5000,0.013,0.013,0.1114,4460,537,3,True,True,2
ffnn_ewc_replay,adwin,20,207,1,2018-02-15T13:53:53.370023,5000,0.0,0.0,0.1004,4498,502,0,False,False,2
ffnn_ewc_replay,adwin,21,208,1,2018-02-15T13:56:02.625786,5000,0.0,0.0,0.0526,4737,263,0,False,False,2
ffnn_ewc_replay,adwin,22,209,1,2018-02-15T13:58:40.849892,5000,0.0,0.0,0.0,5000,0,0,False,False,2
ffnn_ewc_replay,adwin,23,211,1,2018-02-15T14:05:35.268811,5000,0.0,0.0,0.0,5000,0,0,False,False,2
ffnn_ewc_replay,adwin,24,212,1,2018-02-15T14:09:20.378442,5000,0.0,0.0,0.0,5000,0,0,False,False,2
ffnn_ewc_replay,adwin,25,214,1,2018-02-15T14:16:28.503726,5000,0.0004,0.0004,0.0,4997,2,1,False,False,2
ffnn_ewc_replay,adwin,26,215,1,2018-02-15T14:20:31.927942,5000,0.0,0.0,0.0,5000,0,0,False,False,2
ffnn_ewc_replay,adwin,27,217,1,2018-02-15T14:26:25.244375,5000,0.0,0.0,0.0,5000,0,0,False,False,2
ffnn_ewc_replay,adwin,28,218,1,2018-02-15T14:29:35.824417,5000,0.0,0.0,0.0,5000,0,0,False,False,2
ffnn_ewc_replay,adwin,29,219,1,2018-02-15T14:33:15.078803,5000,0.0002,0.0002,0.0,4999,1,0,False,False,2
ffnn_ewc_replay,adwin,30,221,1,2018-02-15T14:40:05.904712,5000,0.0004,0.0004,0.0,4998,2,0,False,False,2
ffnn_ewc_replay,adwin,31,222,1,2018-02-15T14:43:20.578050,5000,0.001,0.001,0.0,4995,5,0,False,False,2
ffnn_ewc_replay,adwin,32,224,1,2018-02-15T14:49:58.408106,5000,0.0,0.0,0.0,5000,0,0,False,False,2
ffnn_ewc_replay,adwin,33,225,1,2018-02-15T14:52:57.148539,5000,0.0002,0.0002,0.0,4998,1,1,False,False,2
ffnn_ewc_replay,adwin,34,227,1,2018-02-15T14:58:49.520953,5000,0.0108,0.0108,0.0104,4998,2,0,True,True,3
ffnn_ewc_replay,adwin,35,228,1,2018-02-15T15:01:35.503923,5000,0.0088,0.0088,0.0182,4953,47,0,True,False,3
ffnn_ewc_replay,adwin,36,229,1,2018-02-15T15:04:53.594861,5000,0.0084,0.0084,0.0178,4953,47,0,True,False,3
ffnn_ewc_replay,adwin,37,231,1,2018-02-15T15:10:43.113137,5000,0.0028,0.0028,0.014,4944,56,0,False,False,3
ffnn_ewc_replay,adwin,38,232,1,2018-02-15T15:13:41.096189,5000,0.0064,0.0064,0.0166,4947,53,0,True,False,3
ffnn_ewc_replay,adwin,39,234,1,2018-02-15T15:19:35.615625,5000,0.0092,0.0092,0.0162,4965,35,0,True,True,4
ffnn_ewc_replay,adwin,40,235,1,2018-02-15T15:22:01.717726,5000,0.0,0.0,0.0162,4919,81,0,False,False,4
ffnn_ewc_replay,adwin,41,237,1,2018-02-15T15:28:03.562400,5000,0.0,0.0,0.0146,4927,73,0,False,False,4
ffnn_ewc_replay,adwin,42,238,1,2018-02-15T15:30:42.194109,5000,0.0,0.0,0.0218,4890,109,1,False,False,4
ffnn_ewc_replay,adwin,43,239,1,2018-02-15T15:33:50.453519,5000,0.0,0.0,0.0194,4903,97,0,False,False,4
ffnn_ewc_replay,adwin,44,241,1,2018-02-15T15:40:14.154779,5000,0.0028,0.0028,0.0072,4966,34,0,True,True,5
ffnn_ewc_replay,adwin,45,242,1,2018-02-15T15:43:38.324572,5000,0.0,0.0,0.0,5000,0,0,False,False,5
ffnn_ewc_replay,adwin,46,244,1,2018-02-15T15:49:34.849905,5000,0.0,0.0,0.0,5000,0,0,False,False,5
ffnn_ewc_replay,adwin,47,245,1,2018-02-15T15:52:15.457567,5000,0.0,0.0,0.0,5000,0,0,False,False,5
ffnn_ewc_replay,adwin,48,247,1,2018-02-15T15:58:36.122597,5000,0.0,0.0,0.0,5000,0,0,False,False,5
ffnn_ewc_replay,adwin,49,248,1,2018-02-15T16:01:12.335738,5000,0.0,0.0,0.0,5000,0,0,False,False,5
ffnn_ewc_replay,adwin,50,249,1,2018-02-15T16:05:09.163526,5000,0.0,0.0,0.0,5000,0,0,False,False,5
ffnn_ewc_replay,adwin,51,251,1,2018-02-15T16:14:18.531154,5000,0.0004,0.0004,0.0,4998,2,0,False,False,5
ffnn_ewc_replay,adwin,52,252,1,2018-02-15T16:18:17.690425,5000,0.0,0.0,0.0,5000,0,0,False,False,5
ffnn_ewc_replay,adwin,53,254,1,2018-02-15T16:26:52.753234,5000,0.0,0.0,0.0,5000,0,0,False,False,5
ffnn_ewc_replay,adwin,54,255,1,2018-02-15T16:29:35.703305,5000,0.0,0.0,0.0,5000,0,0,False,False,5
ffnn_ewc_replay,adwin,55,257,1,2018-02-15T16:38:10.097487,5000,0.0004,0.0004,0.0,4998,2,0,False,False,5
ffnn_ewc_replay,adwin,56,258,1,2018-02-15T16:45:00.570621,5000,0.0,0.0,0.0,5000,0,0,False,False,5
ffnn_ewc_replay,adwin,57,259,1,2018-02-15T16:50:59.684793,5000,0.0,0.0,0.0,5000,0,0,False,False,5
ffnn_ewc_replay,adwin,58,261,1,2018-02-15T17:00:24.898645,5000,0.0,0.0,0.0,5000,0,0,False,False,5
ffnn_ewc_replay,adwin,59,262,1,2018-02-15T17:04:35.659972,5000,0.0,0.0,0.0,5000,0,0,False,False,5
ffnn_ewc_replay,adwin,60,264,1,2018-02-15T17:12:38.569411,5000,0.0,0.0,0.0,5000,0,0,False,False,5
ffnn_ewc_replay,adwin,61,265,1,2018-02-15T17:15:56.887529,5000,0.0,0.0,0.0,5000,0,0,False,False,5
ffnn_ewc_replay,adwin,62,267,1,2018-02-15T17:23:13.044359,5000,0.0,0.0,0.0,4999,0,1,False,False,5
ffnn_ewc_replay,adwin,63,268,1,2018-02-15T17:26:34.119062,5000,0.0,0.0,0.0,5000,0,0,False,False,5
ffnn_ewc_replay,adwin,64,269,1,2018-02-15T17:30:03.499806,5000,0.0,0.0,0.0,5000,0,0,False,False,5
ffnn_ewc_replay,adwin,65,271,1,2018-02-15T17:37:01.144978,5000,0.0,0.0,0.0,5000,0,0,False,False,5
ffnn_ewc_replay,adwin,66,272,1,2018-02-15T17:40:27.152310,5000,0.0,0.0,0.0,5000,0,0,False,False,5
ffnn_ewc_replay,adwin,67,274,1,2018-02-15T17:46:41.549807,5000,0.0,0.0,0.0,5000,0,0,False,False,5
ffnn_ewc_replay,adwin,68,275,1,2018-02-15T17:49:38.735750,5000,0.0,0.0,0.0,5000,0,0,False,False,5
ffnn_ewc_replay,adwin,69,277,1,2018-02-15T17:56:00.511056,5000,0.0002,0.0002,0.0,4999,1,0,False,False,5
ffnn_ewc_replay,adwin,70,278,1,2018-02-15T17:59:19.885035,5000,0.0,0.0,0.0,5000,0,0,False,False,5
ffnn_ewc_replay,adwin,71,279,1,2018-02-15T18:02:44.318022,5000,0.0014,0.0014,0.0,4993,7,0,False,False,5
ffnn_ewc_replay,adwin,72,281,1,2018-02-15T18:09:41.150950,5000,0.0,0.0,0.0,5000,0,0,False,False,5
ffnn_ewc_replay,adwin,73,282,1,2018-02-15T18:12:28.015107,5000,0.0,0.0,0.0,5000,0,0,False,False,5
ffnn_ewc_replay,adwin,74,284,1,2018-02-15T18:18:23.038912,5000,0.0002,0.0002,0.0,4999,1,0,False,False,5
ffnn_ewc_replay,adwin,75,285,1,2018-02-15T18:21:18.883558,5000,0.0,0.0,0.0,5000,0,0,False,False,5
ffnn_ewc_replay,adwin,76,287,1,2018-02-15T18:27:53.451634,5000,0.0,0.0,0.0,5000,0,0,False,False,5
ffnn_ewc_replay,adwin,77,288,1,2018-02-15T18:31:00.368229,5000,0.0,0.0,0.0,5000,0,0,False,False,5
ffnn_ewc_replay,adwin,78,289,1,2018-02-15T18:34:18.238525,5000,0.0,0.0,0.0,5000,0,0,False,False,5
ffnn_ewc_replay,adwin,79,291,1,2018-02-15T18:41:41.029198,5000,0.0,0.0,0.0,5000,0,0,False,False,5
ffnn_ewc_replay,adwin,80,292,1,2018-02-15T18:45:05.792018,5000,0.0,0.0,0.0,5000,0,0,False,False,5
ffnn_ewc_replay,adwin,81,294,1,2018-02-15T18:51:57.688983,5000,0.0,0.0,0.0,5000,0,0,False,False,5
ffnn_ewc_replay,adwin,82,295,1,2018-02-15T18:55:22.974194,5000,0.0,0.0,0.0,5000,0,0,False,False,5
ffnn_ewc_replay,adwin,83,297,1,2018-02-15T19:03:00.715509,5000,0.0002,0.0002,0.0,4999,1,0,False,False,5
ffnn_ewc_replay,adwin,84,298,1,2018-02-15T19:06:06.319184,5000,0.0,0.0,0.0,5000,0,0,False,False,5
ffnn_ewc_replay,adwin,85,299,1,2018-02-15T19:09:23.553347,5000,0.0,0.0,0.0,5000,0,0,False,False,5
ffnn_ewc_replay,adwin,86,301,1,2018-02-15T19:15:30.768551,5000,0.0,0.0,0.0,5000,0,0,False,False,5
ffnn_ewc_replay,adwin,87,302,1,2018-02-15T19:18:40.296916,5000,0.0,0.0,0.0,5000,0,0,False,False,5
ffnn_ewc_replay,adwin,88,304,1,2018-02-15T19:24:39.980435,5000,0.0002,0.0002,0.0,4999,1,0,False,False,5
ffnn_ewc_replay,adwin,89,305,1,2018-02-15T19:27:33.013649,5000,0.0,0.0,0.0,5000,0,0,False,False,5
ffnn_ewc_replay,adwin,90,307,1,2018-02-15T19:34:45.131211,5000,0.0,0.0,0.0,5000,0,0,False,False,5
ffnn_ewc_replay,adwin,91,308,1,2018-02-15T19:38:05.427945,5000,0.0,0.0,0.0,5000,0,0,False,False,5
ffnn_ewc_replay,adwin,92,309,1,2018-02-15T19:41:20.652273,5000,0.0,0.0,0.0,5000,0,0,False,False,5
ffnn_ewc_replay,adwin,93,311,1,2018-02-15T19:48:51.307142,5000,0.0,0.0,0.0,5000,0,0,False,False,5
ffnn_ewc_replay,adwin,94,312,1,2018-02-15T19:52:15.873932,5000,0.0,0.0,0.0,5000,0,0,False,False,5
ffnn_ewc_replay,adwin,95,314,1,2018-02-15T19:59:56.591045,5000,0.0,0.0,0.0,5000,0,0,False,False,5
ffnn_ewc_replay,adwin,96,315,1,2018-02-15T20:04:26.712143,5000,0.0,0.0,0.0,5000,0,0,False,False,5
ffnn_ewc_replay,adwin,97,317,1,2018-02-15T20:10:46.343941,5000,0.0,0.0,0.0,5000,0,0,False,False,5
ffnn_ewc_replay,adwin,98,318,1,2018-02-15T20:13:56.161473,5000,0.0,0.0,0.0,5000,0,0,False,False,5
ffnn_ewc_replay,adwin,99,319,1,2018-02-15T20:17:08.570979,5000,0.0002,0.0002,0.0,4999,1,0,False,False,5
ffnn_ewc_replay,adwin,100,321,1,2018-02-15T20:23:09.220547,5000,0.0008,0.0008,0.0,4996,4,0,False,False,5
ffnn_ewc_replay,adwin,101,322,1,2018-02-15T20:26:14.816363,5000,0.0002,0.0002,0.0,4999,1,0,False,False,5
ffnn_ewc_replay,adwin,102,324,1,2018-02-15T20:33:20.316643,5000,0.0,0.0,0.0,5000,0,0,False,False,5
ffnn_ewc_replay,adwin,103,325,1,2018-02-15T20:36:12.774234,5000,0.0,0.0,0.0,5000,0,0,False,False,5
ffnn_ewc_replay,adwin,104,327,1,2018-02-15T20:42:25.006964,5000,0.0,0.0,0.0,5000,0,0,False,False,5
ffnn_ewc_replay,adwin,105,328,1,2018-02-15T20:45:20.967221,5000,0.0002,0.0002,0.0,4999,1,0,False,False,5
ffnn_ewc_replay,adwin,106,329,1,2018-02-15T20:48:38.201559,5000,0.0,0.0,0.0,5000,0,0,False,False,5
ffnn_ewc_replay,adwin,107,331,1,2018-02-15T20:54:54.842909,5000,0.0002,0.0002,0.0,4999,1,0,False,False,5
ffnn_ewc_replay,adwin,108,332,1,2018-02-15T20:58:04.422672,5000,0.0,0.0,0.0,5000,0,0,False,False,5
ffnn_ewc_replay,adwin,109,334,1,2018-02-15T21:04:11.286615,5000,0.0,0.0,0.0,5000,0,0,False,False,5
ffnn_ewc_replay,adwin,110,335,1,2018-02-15T21:09:03.223157,5000,0.0,0.0,0.0,5000,0,0,False,False,5
ffnn_ewc_replay,adwin,111,337,1,2018-02-15T21:18:26.686505,5000,0.0002,0.0002,0.0,4999,1,0,False,False,5
ffnn_ewc_replay,adwin,112,338,1,2018-02-15T21:23:32.652271,5000,0.0,0.0,0.0,5000,0,0,False,False,5
ffnn_ewc_replay,adwin,113,339,1,2018-02-15T21:28:41.499548,5000,0.0082,0.0082,0.0,4959,41,0,True,True,6
ffnn_ewc_replay,adwin,114,341,1,2018-02-16T12:38:36.697545,5000,0.0,0.0,0.0,5000,0,0,True,False,6
ffnn_ewc_replay,adwin,115,342,1,2018-02-16T12:41:51.550511,5000,0.0,0.0,0.0,5000,0,0,False,False,6
ffnn_ewc_replay,adwin,116,344,1,2018-02-16T12:47:57.300715,5000,0.0002,0.0002,0.0,4999,1,0,False,False,6
ffnn_ewc_replay,adwin,117,345,1,2018-02-16T12:51:35.623713,5000,0.0,0.0,0.0,5000,0,0,False,False,6
ffnn_ewc_replay,adwin,118,347,1,2018-02-16T12:57:56.099291,5000,0.0,0.0,0.0,5000,0,0,False,False,6
ffnn_ewc_replay,adwin,119,348,1,2018-02-16T13:01:12.217064,5000,0.0,0.0,0.0,5000,0,0,False,False,6
ffnn_ewc_replay,adwin,120,349,1,2018-02-16T13:04:42.604615,5000,0.0,0.0,0.0,5000,0,0,False,False,6
ffnn_ewc_replay,adwin,121,351,1,2018-02-16T13:10:28.859447,5000,0.0,0.0,0.0,5000,0,0,False,False,6
ffnn_ewc_replay,adwin,122,352,1,2018-02-16T13:13:30.516025,5000,0.0,0.0,0.0,5000,0,0,False,False,6
ffnn_ewc_replay,adwin,123,354,1,2018-02-16T13:19:14.030376,5000,0.0002,0.0002,0.0,4999,1,0,False,False,6
ffnn_ewc_replay,adwin,124,355,1,2018-02-16T13:22:36.824134,5000,0.0,0.0,0.0,5000,0,0,False,False,6
ffnn_ewc_replay,adwin,125,357,1,2018-02-16T13:28:33.409959,5000,0.0,0.0,0.0,5000,0,0,False,False,6
ffnn_ewc_replay,adwin,126,358,1,2018-02-16T13:32:09.884042,5000,0.0,0.0,0.0,5000,0,0,False,False,6
ffnn_ewc_replay,adwin,127,359,1,2018-02-16T13:35:31.614925,5000,0.0,0.0,0.0,5000,0,0,False,False,6
ffnn_ewc_replay,adwin,128,361,1,2018-02-16T13:41:03.024633,5000,0.0,0.0,0.0,5000,0,0,False,False,6
ffnn_ewc_replay,adwin,129,362,1,2018-02-16T13:44:12.288412,5000,0.0,0.0,0.0,5000,0,0,False,False,6
ffnn_ewc_replay,adwin,130,364,1,2018-02-16T13:49:59.276859,5000,0.0,0.0,0.0,5000,0,0,False,False,6
ffnn_ewc_replay,adwin,131,365,1,2018-02-16T13:53:10.063118,5000,0.0,0.0,0.0,5000,0,0,False,False,6
ffnn_ewc_replay,adwin,132,367,1,2018-02-16T13:58:52.864868,5000,0.0,0.0,0.0,5000,0,0,False,False,6
ffnn_ewc_replay,adwin,133,368,1,2018-02-16T14:01:22.834646,5000,0.0,0.0,0.0,5000,0,0,False,False,6
ffnn_ewc_replay,adwin,134,369,1,2018-02-16T14:04:55.896892,5000,0.0,0.0,0.0,5000,0,0,False,False,6
ffnn_ewc_replay,adwin,135,371,1,2018-02-16T14:11:34.794780,5000,0.0,0.0,0.0,5000,0,0,False,False,6
ffnn_ewc_replay,adwin,136,372,1,2018-02-16T14:13:58.339355,5000,0.0,0.0,0.0,5000,0,0,False,False,6
ffnn_ewc_replay,adwin,137,374,1,2018-02-16T14:19:49.131130,5000,0.0,0.0,0.0,5000,0,0,False,False,6
ffnn_ewc_replay,adwin,138,375,1,2018-02-16T14:22:46.732927,5000,0.0,0.0,0.0,5000,0,0,False,False,6
ffnn_ewc_replay,adwin,139,377,1,2018-02-16T14:28:19.297368,5000,0.0,0.0,0.0,5000,0,0,False,False,6
ffnn_ewc_replay,adwin,140,378,1,2018-02-16T14:31:06.039383,5000,0.0,0.0,0.0,5000,0,0,False,False,6
ffnn_ewc_replay,adwin,141,379,1,2018-02-16T14:34:38.524501,5000,0.0,0.0,0.0,5000,0,0,False,False,6
ffnn_ewc_replay,adwin,142,381,1,2018-02-16T14:39:55.123773,5000,0.0,0.0,0.0,5000,0,0,False,False,6
ffnn_ewc_replay,adwin,143,382,1,2018-02-16T14:42:08.518730,5000,0.0,0.0,0.0,5000,0,0,False,False,6
ffnn_ewc_replay,adwin,144,384,1,2018-02-16T14:47:13.260846,5000,0.0,0.0,0.0,5000,0,0,False,False,6
ffnn_ewc_replay,adwin,145,385,1,2018-02-16T14:49:51.713324,5000,0.0,0.0,0.0,5000,0,0,False,False,6
ffnn_ewc_replay,adwin,146,387,1,2018-02-16T14:54:44.986030,5000,0.0,0.0,0.0,5000,0,0,False,False,6
ffnn_ewc_replay,adwin,147,388,1,2018-02-16T14:57:19.214139,5000,0.0,0.0,0.0,5000,0,0,False,False,6
ffnn_ewc_replay,adwin,148,389,1,2018-02-16T14:59:52.120516,5000,0.0,0.0,0.0,5000,0,0,False,False,6
ffnn_ewc_replay,adwin,149,391,1,2018-02-16T15:05:05.451682,5000,0.0,0.0,0.0,5000,0,0,False,False,6
ffnn_ewc_replay,adwin,150,392,1,2018-02-16T15:07:41.062311,5000,0.0,0.0,0.0,5000,0,0,False,False,6
ffnn_ewc_replay,adwin,151,394,1,2018-02-16T15:13:20.136611,5000,0.0,0.0,0.0,5000,0,0,False,False,6
ffnn_ewc_replay,adwin,152,395,1,2018-02-16T15:16:25.174632,5000,0.0,0.0,0.0,5000,0,0,False,False,6
ffnn_ewc_replay,adwin,153,397,1,2018-02-16T15:22:40.807706,5000,0.0,0.0,0.0,5000,0,0,False,False,6
ffnn_ewc_replay,adwin,154,398,1,2018-02-16T15:25:34.341078,5000,0.0,0.0,0.0,5000,0,0,False,False,6
ffnn_ewc_replay,adwin,155,399,1,2018-02-16T15:28:34.709642,5000,0.0,0.0,0.0,5000,0,0,False,False,6
ffnn_ewc_replay,adwin,156,401,1,2018-02-16T15:34:20.055451,5000,0.0,0.0,0.0,5000,0,0,False,False,6
ffnn_ewc_replay,adwin,157,402,1,2018-02-16T15:37:17.313787,5000,0.0,0.0,0.0,5000,0,0,False,False,6
ffnn_ewc_replay,adwin,158,404,1,2018-02-16T15:42:25.817105,5000,0.0,0.0,0.0,5000,0,0,False,False,6
ffnn_ewc_replay,adwin,159,405,1,2018-02-16T15:45:10.829527,5000,0.0,0.0,0.0,5000,0,0,False,False,6
ffnn_ewc_replay,adwin,160,407,1,2018-02-16T15:50:50.849008,5000,0.0,0.0,0.0,5000,0,0,False,False,6
ffnn_ewc_replay,adwin,161,408,1,2018-02-16T15:53:34.212298,5000,0.0002,0.0002,0.0,4999,0,1,False,False,6
ffnn_ewc_replay,adwin,162,409,1,2018-02-16T15:56:46.485727,5000,0.0,0.0,0.0,5000,0,0,False,False,6
ffnn_ewc_replay,adwin,163,411,1,2018-02-16T16:02:20.991045,5000,0.0,0.0,0.0,5000,0,0,False,False,6
ffnn_ewc_replay,adwin,164,412,1,2018-02-16T16:06:06.473413,5000,0.0,0.0,0.0,5000,0,0,False,False,6
ffnn_ewc_replay,adwin,165,414,1,2018-02-16T16:13:23.724000,5000,0.0,0.0,0.0,5000,0,0,False,False,6
ffnn_ewc_replay,adwin,166,415,1,2018-02-16T16:16:47.091957,5000,0.0,0.0,0.0,5000,0,0,False,False,6
ffnn_ewc_replay,adwin,167,417,1,2018-02-16T16:26:51.582279,5000,0.0,0.0,0.0,5000,0,0,False,False,6
ffnn_ewc_replay,adwin,168,418,1,2018-02-16T16:30:10.070271,5000,0.0,0.0,0.0,5000,0,0,False,False,6
ffnn_ewc_replay,adwin,169,419,1,2018-02-16T16:34:29.542855,5000,0.0,0.0,0.0,5000,0,0,False,False,6
ffnn_ewc_replay,adwin,170,421,1,2018-02-16T16:43:40.803856,5000,0.0,0.0,0.0,5000,0,0,False,False,6
ffnn_ewc_replay,adwin,171,422,1,2018-02-16T16:47:31.948072,5000,0.0,0.0,0.0,5000,0,0,False,False,6
ffnn_ewc_replay,adwin,172,424,1,2018-02-16T16:57:56.802843,5000,0.0,0.0,0.0,5000,0,0,False,False,6
ffnn_ewc_replay,adwin,173,425,1,2018-02-16T17:01:39.858302,5000,0.0,0.0,0.0,5000,0,0,False,False,6
ffnn_ewc_replay,adwin,174,427,1,2018-02-16T17:10:12.016624,5000,0.0,0.0,0.0,5000,0,0,False,False,6
ffnn_ewc_replay,adwin,175,428,1,2018-02-16T17:14:13.990815,5000,0.0,0.0,0.0,5000,0,0,False,False,6
ffnn_ewc_replay,adwin,176,429,1,2018-02-16T17:17:52.673746,5000,0.0,0.0,0.0,5000,0,0,False,False,6
ffnn_ewc_replay,adwin,177,431,1,2018-02-16T17:25:47.902786,5000,0.0,0.0,0.0,5000,0,0,False,False,6
ffnn_ewc_replay,adwin,178,432,1,2018-02-16T17:28:53.822111,5000,0.0,0.0,0.0,5000,0,0,False,False,6
ffnn_ewc_replay,adwin,179,434,1,2018-02-16T17:34:33.651732,5000,0.0,0.0,0.0,5000,0,0,False,False,6
ffnn_ewc_replay,adwin,180,435,1,2018-02-16T17:37:22.552335,5000,0.0,0.0,0.0,5000,0,0,False,False,6
ffnn_ewc_replay,adwin,181,437,1,2018-02-16T17:43:24.921728,5000,0.223,0.223,0.223,5000,0,0,True,True,7
ffnn_ewc_replay,adwin,182,438,1,2018-02-16T17:45:30.415800,5000,0.009,0.009,0.93,385,4547,68,True,False,7
ffnn_ewc_replay,adwin,183,439,1,2018-02-16T17:45:42.688795,5000,0.0152,0.0152,0.9046,522,4377,101,False,False,7
ffnn_ewc_replay,adwin,184,441,1,2018-02-16T17:46:08.490404,5000,0.0176,0.0176,0.9132,490,4411,99,True,False,7
ffnn_ewc_replay,adwin,185,442,1,2018-02-16T17:46:21.160402,5000,0.0164,0.0164,0.8986,559,4360,81,True,False,7
ffnn_ewc_replay,adwin,186,444,1,2018-02-16T17:46:46.819964,5000,0.0118,0.0118,0.9194,437,4478,85,False,False,7
ffnn_ewc_replay,adwin,187,445,1,2018-02-16T17:46:59.413971,5000,0.0128,0.0128,0.9344,361,4566,73,False,False,7
ffnn_ewc_replay,adwin,188,447,1,2018-02-16T17:47:25.577219,5000,0.0192,0.0192,0.9352,381,4512,107,True,True,8
ffnn_ewc_replay,adwin,189,448,1,2018-02-16T17:47:38.591471,5000,0.0,0.0,0.9284,358,4642,0,True,False,8
ffnn_ewc_replay,adwin,190,449,1,2018-02-16T17:47:51.713306,5000,0.0002,0.0002,0.9154,423,4576,1,False,False,8
ffnn_ewc_replay,adwin,191,451,1,2018-02-16T17:48:17.727660,5000,0.0,0.0,0.9168,416,4584,0,False,False,8
ffnn_ewc_replay,adwin,192,452,1,2018-02-16T17:48:30.941266,5000,0.0,0.0,0.9142,429,4570,1,False,False,8
ffnn_ewc_replay,adwin,193,454,1,2018-02-16T17:48:57.199640,5000,0.0,0.0,0.9114,443,4557,0,False,False,8
ffnn_ewc_replay,adwin,194,455,1,2018-02-16T17:49:10.241582,5000,0.0,0.0,0.9088,456,4544,0,False,False,8
ffnn_ewc_replay,adwin,195,457,1,2018-02-16T17:49:35.975831,5000,0.0,0.0,0.941,295,4705,0,False,False,8
ffnn_ewc_replay,adwin,196,458,1,2018-02-16T17:49:49.603664,5000,0.0002,0.0002,0.9322,339,4660,1,False,False,8
ffnn_ewc_replay,adwin,197,459,1,2018-02-16T17:50:03.106615,5000,0.0,0.0,0.9414,293,4707,0,False,False,8
ffnn_ewc_replay,adwin,198,461,1,2018-02-16T17:50:30.325848,5000,0.0,0.0,0.9298,351,4648,1,False,False,8
ffnn_ewc_replay,adwin,199,462,1,2018-02-16T17:50:43.769057,5000,0.0,0.0,0.9334,333,4667,0,False,False,8
ffnn_ewc_replay,adwin,200,464,1,2018-02-16T17:51:10.396018,5000,0.0,0.0,0.9432,284,4715,1,False,False,8
ffnn_ewc_replay,adwin,201,465,1,2018-02-16T17:51:23.665419,5000,0.0002,0.0002,0.9286,358,4641,1,False,False,8
ffnn_ewc_replay,adwin,202,467,1,2018-02-16T17:51:50.674959,5000,0.0,0.0,0.918,410,4590,0,False,False,8
ffnn_ewc_replay,adwin,203,468,1,2018-02-16T17:52:04.316419,5000,0.0,0.0,0.92,400,4600,0,False,False,8
ffnn_ewc_replay,adwin,204,469,1,2018-02-16T17:52:17.971178,5000,0.0,0.0,0.9246,377,4623,0,False,False,8
ffnn_ewc_replay,adwin,205,471,1,2018-02-16T17:52:44.236127,5000,0.0,0.0,0.94,300,4700,0,False,False,8
ffnn_ewc_replay,adwin,206,472,1,2018-02-16T17:52:57.744874,5000,0.0,0.0,0.9182,409,4591,0,False,False,8
ffnn_ewc_replay,adwin,207,474,1,2018-02-16T17:53:24.241714,5000,0.0,0.0,0.916,420,4580,0,False,False,8
ffnn_ewc_replay,adwin,208,475,1,2018-02-16T17:53:37.171883,5000,0.0,0.0,0.9308,346,4654,0,False,False,8
ffnn_ewc_replay,adwin,209,477,1,2018-02-16T17:54:04.384679,5000,0.0,0.0,0.9344,328,4672,0,False,False,8
ffnn_ewc_replay,adwin,210,478,1,2018-02-16T17:54:18.192149,5000,0.0,0.0,0.9096,452,4548,0,False,False,8
ffnn_ewc_replay,adwin,211,479,1,2018-02-16T17:54:31.119667,5000,0.0,0.0,0.8792,604,4395,1,False,False,8
ffnn_ewc_replay,adwin,212,481,1,2018-02-16T17:54:57.072100,5000,0.0,0.0,0.903,485,4515,0,False,False,8
ffnn_ewc_replay,adwin,213,482,1,2018-02-16T17:55:10.397365,5000,0.0,0.0,0.93,350,4649,1,False,False,8
ffnn_ewc_replay,adwin,214,484,1,2018-02-16T17:55:37.529441,5000,0.0,0.0,0.8992,504,4496,0,False,False,8
ffnn_ewc_replay,adwin,215,485,1,2018-02-16T17:55:51.043506,5000,0.0,0.0,0.9076,462,4537,1,False,False,8
ffnn_ewc_replay,adwin,216,487,1,2018-02-16T17:56:16.991902,5000,0.0002,0.0002,0.9344,328,4671,1,False,False,8
ffnn_ewc_replay,adwin,217,488,1,2018-02-16T17:56:30.972214,5000,0.0,0.0,0.9212,394,4605,1,False,False,8
ffnn_ewc_replay,adwin,218,489,1,2018-02-16T17:56:44.280487,5000,0.0,0.0,0.9314,342,4656,2,False,False,8
ffnn_ewc_replay,adwin,219,491,1,2018-02-16T17:57:11.589137,5000,0.0,0.0,0.912,440,4560,0,False,False,8
ffnn_ewc_replay,adwin,220,492,1,2018-02-16T17:57:24.319514,5000,0.0,0.0,0.9246,377,4622,1,False,False,8
ffnn_ewc_replay,adwin,221,494,1,2018-02-16T17:57:50.537519,5000,0.0002,0.0002,0.8846,578,4422,0,False,False,8
ffnn_ewc_replay,adwin,222,495,1,2018-02-16T17:58:03.346381,5000,0.0,0.0,0.8844,578,4420,2,False,False,8
ffnn_ewc_replay,adwin,223,497,1,2018-02-16T17:59:38.552168,5000,0.0,0.0,0.0,5000,0,0,False,False,8
ffnn_ewc_replay,adwin,224,498,1,2018-02-16T18:02:18.209600,5000,0.0002,0.0002,0.0,4999,1,0,False,False,8
ffnn_ewc_replay,adwin,225,499,1,2018-02-16T18:05:19.157335,5000,0.0,0.0,0.0,5000,0,0,False,False,8
ffnn_ewc_replay,adwin,226,501,1,2018-02-16T18:12:41.835531,5000,0.0,0.0,0.0,5000,0,0,False,False,8
ffnn_ewc_replay,adwin,227,502,1,2018-02-16T18:16:07.112369,5000,0.0,0.0,0.0,5000,0,0,False,False,8
ffnn_ewc_replay,adwin,228,504,1,2018-02-16T18:22:58.916240,5000,0.0,0.0,0.0,5000,0,0,False,False,8
ffnn_ewc_replay,adwin,229,505,1,2018-02-16T18:26:04.206752,5000,0.0,0.0,0.0,5000,0,0,False,False,8
ffnn_ewc_replay,adwin,230,507,1,2018-02-16T18:32:24.031146,5000,0.0,0.0,0.0,5000,0,0,False,False,8
ffnn_ewc_replay,adwin,231,508,1,2018-02-16T18:36:21.786609,5000,0.0,0.0,0.0,5000,0,0,False,False,8
ffnn_ewc_replay,adwin,232,509,1,2018-02-16T18:39:42.359805,5000,0.0,0.0,0.0,5000,0,0,False,False,8
ffnn_ewc_replay,adwin,233,511,1,2018-02-16T18:46:21.632940,5000,0.0,0.0,0.0,5000,0,0,False,False,8
ffnn_ewc_replay,adwin,234,512,1,2018-02-16T18:49:24.325334,5000,0.0,0.0,0.0,5000,0,0,False,False,8
ffnn_ewc_replay,adwin,235,514,1,2018-02-16T18:55:13.155996,5000,0.0,0.0,0.0,5000,0,0,False,False,8
ffnn_ewc_replay,adwin,236,515,1,2018-02-16T18:57:56.455951,5000,0.0,0.0,0.0,4999,0,1,False,False,8
ffnn_ewc_replay,adwin,237,517,1,2018-02-16T19:03:41.274511,5000,0.0,0.0,0.0,5000,0,0,False,False,8
ffnn_ewc_replay,adwin,238,518,1,2018-02-16T19:06:58.752310,5000,0.0,0.0,0.0,5000,0,0,False,False,8
ffnn_ewc_replay,adwin,239,519,1,2018-02-16T19:10:11.009406,5000,0.0,0.0,0.0,5000,0,0,False,False,8
ffnn_ewc_replay,adwin,240,521,1,2018-02-16T19:16:53.948947,5000,0.0,0.0,0.0,5000,0,0,False,False,8
ffnn_ewc_replay,adwin,241,522,1,2018-02-16T19:19:51.082900,5000,0.0002,0.0002,0.0,4999,1,0,False,False,8
ffnn_ewc_replay,adwin,242,524,1,2018-02-16T19:25:24.963667,5000,0.0,0.0,0.0,5000,0,0,False,False,8
ffnn_ewc_replay,adwin,243,525,1,2018-02-16T19:28:11.868535,5000,0.0,0.0,0.0,5000,0,0,False,False,8
ffnn_ewc_replay,adwin,244,527,1,2018-02-16T19:33:36.958594,5000,0.0,0.0,0.0,5000,0,0,False,False,8
ffnn_ewc_replay,adwin,245,528,1,2018-02-16T19:36:50.623788,5000,0.0,0.0,0.0,5000,0,0,False,False,8
ffnn_ewc_replay,adwin,246,529,1,2018-02-16T19:40:00.527776,5000,0.0,0.0,0.0,5000,0,0,False,False,8
ffnn_ewc_replay,adwin,247,531,1,2018-02-16T19:46:49.619851,5000,0.0,0.0,0.0,5000,0,0,False,False,8
ffnn_ewc_replay,adwin,248,532,1,2018-02-16T19:49:49.128752,5000,0.0002,0.0002,0.0,4999,0,1,False,False,8
ffnn_ewc_replay,adwin,249,534,1,2018-02-16T19:55:33.771228,5000,0.0,0.0,0.0,5000,0,0,False,False,8
ffnn_ewc_replay,adwin,250,535,1,2018-02-16T19:58:52.839507,5000,0.0,0.0,0.0,5000,0,0,False,False,8
ffnn_ewc_replay,adwin,251,537,1,2018-02-16T20:05:47.117728,5000,0.0,0.0,0.0,5000,0,0,False,False,8
ffnn_ewc_replay,adwin,252,538,1,2018-02-16T20:09:01.394260,5000,0.0,0.0,0.0,5000,0,0,False,False,8
ffnn_ewc_replay,adwin,253,539,1,2018-02-16T20:12:27.179366,5000,0.0,0.0,0.0,5000,0,0,False,False,8
ffnn_ewc_replay,adwin,254,541,1,2018-02-16T20:19:06.139226,5000,0.0,0.0,0.0,5000,0,0,False,False,8
ffnn_ewc_replay,adwin,255,542,1,2018-02-16T20:21:46.757987,5000,0.0,0.0,0.0,5000,0,0,False,False,8
ffnn_ewc_replay,adwin,256,544,1,2018-02-16T20:27:32.869316,5000,0.0002,0.0002,0.0,4999,1,0,False,False,8
ffnn_ewc_replay,adwin,257,545,1,2018-02-16T20:30:29.720266,5000,0.0,0.0,0.0,5000,0,0,False,False,8
ffnn_ewc_replay,adwin,258,547,1,2018-02-16T20:36:43.026584,5000,0.0,0.0,0.0,5000,0,0,False,False,8
ffnn_ewc_replay,adwin,259,548,1,2018-02-16T20:39:25.723157,5000,0.0002,0.0002,0.0,4999,0,1,False,False,8
ffnn_ewc_replay,adwin,260,549,1,2018-02-16T20:43:03.996213,5000,0.0,0.0,0.0,5000,0,0,False,False,8
ffnn_ewc_replay,adwin,261,551,1,2018-02-16T20:49:10.647438,5000,0.0,0.0,0.0,5000,0,0,False,False,8
ffnn_ewc_replay,adwin,262,552,1,2018-02-16T20:51:59.438947,5000,0.0,0.0,0.0,5000,0,0,False,False,8
ffnn_ewc_replay,adwin,263,554,1,2018-02-16T20:57:51.632652,5000,0.0,0.0,0.0,5000,0,0,False,False,8
ffnn_ewc_replay,adwin,264,555,1,2018-02-16T21:00:47.176383,5000,0.0,0.0,0.0,5000,0,0,False,False,8
ffnn_ewc_replay,adwin,265,557,1,2018-02-16T21:08:43.247103,5000,0.0,0.0,0.0,5000,0,0,False,False,8
ffnn_ewc_replay,adwin,266,558,1,2018-02-16T21:13:51.365573,5000,0.0,0.0,0.0,5000,0,0,False,False,8
ffnn_ewc_replay,adwin,267,559,1,2018-02-16T21:18:43.188458,5000,0.0,0.0,0.0,5000,0,0,False,False,8
ffnn_ewc_replay,adwin,268,561,1,2018-02-16T21:27:53.519513,5448,0.0005506607929515419,0.0005506607929515419,0.0,5444,3,1,False,False,8
ffnn_ewc_replay,adwin,269,562,2,2018-02-20T12:28:05.557484,5000,0.0,0.0,0.0,5000,0,0,False,False,8
ffnn_ewc_replay,adwin,270,563,2,2018-02-20T12:29:42.105021,5000,0.0,0.0,0.0,5000,0,0,False,False,8
ffnn_ewc_replay,adwin,271,565,2,2018-02-20T12:35:22.868449,5000,0.0,0.0,0.0,5000,0,0,False,False,8
ffnn_ewc_replay,adwin,272,566,2,2018-02-20T12:38:25.113331,5000,0.0004,0.0004,0.0,4998,2,0,False,False,8
ffnn_ewc_replay,adwin,273,568,2,2018-02-20T12:44:23.549258,5000,0.0,0.0,0.0,5000,0,0,False,False,8
ffnn_ewc_replay,adwin,274,569,2,2018-02-20T12:47:42.741920,5000,0.0,0.0,0.0,5000,0,0,False,False,8
ffnn_ewc_replay,adwin,275,571,2,2018-02-20T12:54:39.535064,5000,0.0,0.0,0.0,5000,0,0,False,False,8
ffnn_ewc_replay,adwin,276,572,2,2018-02-20T12:57:04.962988,5000,0.0,0.0,0.0,5000,0,0,False,False,8
ffnn_ewc_replay,adwin,277,573,2,2018-02-20T13:00:02.189832,5000,0.0,0.0,0.0,5000,0,0,False,False,8
ffnn_ewc_replay,adwin,278,575,2,2018-02-20T13:06:02.719061,5000,0.0,0.0,0.0,5000,0,0,False,False,8
ffnn_ewc_replay,adwin,279,576,2,2018-02-20T13:09:24.534811,5000,0.0,0.0,0.0,5000,0,0,False,False,8
ffnn_ewc_replay,adwin,280,578,2,2018-02-20T13:15:31.118168,5000,0.0,0.0,0.0,5000,0,0,False,False,8
ffnn_ewc_replay,adwin,281,579,2,2018-02-20T13:18:47.855403,5000,0.0,0.0,0.0,5000,0,0,False,False,8
ffnn_ewc_replay,adwin,282,581,2,2018-02-20T13:25:28.337700,5000,0.0,0.0,0.0,5000,0,0,False,False,8
ffnn_ewc_replay,adwin,283,582,2,2018-02-20T13:28:57.358062,5000,0.0,0.0,0.0,5000,0,0,False,False,8
ffnn_ewc_replay,adwin,284,583,2,2018-02-20T13:31:24.839207,5000,0.0,0.0,0.0,5000,0,0,False,False,8
ffnn_ewc_replay,adwin,285,585,2,2018-02-20T13:36:54.117034,5000,0.0,0.0,0.0,5000,0,0,False,False,8
ffnn_ewc_replay,adwin,286,586,2,2018-02-20T13:39:46.399343,5000,0.0,0.0,0.0,5000,0,0,False,False,8
ffnn_ewc_replay,adwin,287,588,2,2018-02-20T13:45:29.412810,5000,0.0,0.0,0.0,5000,0,0,False,False,8
ffnn_ewc_replay,adwin,288,589,2,2018-02-20T13:48:21.442467,5000,0.0,0.0,0.0,5000,0,0,False,False,8
ffnn_ewc_replay,adwin,289,591,2,2018-02-20T13:54:17.035121,5000,0.0,0.0,0.0,5000,0,0,False,False,8
ffnn_ewc_replay,adwin,290,592,2,2018-02-20T13:57:18.761258,5000,0.0,0.0,0.0,5000,0,0,False,False,8
ffnn_ewc_replay,adwin,291,593,2,2018-02-20T13:59:31.883895,5000,0.0,0.0,0.0,5000,0,0,False,False,8
ffnn_ewc_replay,adwin,292,595,2,2018-02-20T14:05:07.874319,5000,0.0,0.0,0.0,5000,0,0,False,False,8
ffnn_ewc_replay,adwin,293,596,2,2018-02-20T14:08:15.829182,5000,0.0,0.0,0.0,5000,0,0,False,False,8
ffnn_ewc_replay,adwin,294,598,2,2018-02-20T14:14:31.781558,5000,0.2984,0.2984,0.2982,4999,1,0,True,True,9
ffnn_ewc_replay,adwin,295,599,2,2018-02-20T14:16:42.779716,5000,0.0,0.0,0.2898,3551,1449,0,True,False,9
ffnn_ewc_replay,adwin,296,601,2,2018-02-20T14:20:53.046879,5000,0.0,0.0,0.3086,3457,1543,0,False,False,9
ffnn_ewc_replay,adwin,297,602,2,2018-02-20T14:23:04.054844,5000,0.0,0.0,0.302,3490,1510,0,False,False,9
ffnn_ewc_replay,adwin,298,603,2,2018-02-20T14:25:13.564658,5000,0.0,0.0,0.3288,3356,1644,0,False,False,9
ffnn_ewc_replay,adwin,299,605,2,2018-02-20T14:29:13.941506,5000,0.0,0.0,0.229,3855,1145,0,False,False,9
ffnn_ewc_replay,adwin,300,606,2,2018-02-20T14:30:56.601292,5000,0.0,0.0,0.2666,3667,1333,0,False,False,9
ffnn_ewc_replay,adwin,301,608,2,2018-02-20T14:34:56.840157,5000,0.0,0.0,0.2944,3528,1472,0,False,False,9
ffnn_ewc_replay,adwin,302,609,2,2018-02-20T14:37:11.748493,5000,0.0,0.0,0.283,3585,1415,0,False,False,9
ffnn_ewc_replay,adwin,303,611,2,2018-02-20T14:41:14.753304,5000,0.0,0.0,0.3264,3368,1632,0,False,False,9
ffnn_ewc_replay,adwin,304,612,2,2018-02-20T14:43:32.797628,5000,0.0,0.0,0.2888,3556,1444,0,False,False,9
ffnn_ewc_replay,adwin,305,613,2,2018-02-20T14:45:36.887432,5000,0.0,0.0,0.3014,3493,1507,0,False,False,9
ffnn_ewc_replay,adwin,306,615,2,2018-02-20T14:49:37.865031,5000,0.0,0.0,0.2898,3551,1449,0,False,False,9
ffnn_ewc_replay,adwin,307,616,2,2018-02-20T14:51:50.660254,5000,0.0,0.0,0.2958,3521,1479,0,False,False,9
ffnn_ewc_replay,adwin,308,618,2,2018-02-20T14:56:15.897299,5000,0.0,0.0,0.244,3780,1220,0,False,False,9
ffnn_ewc_replay,adwin,309,619,2,2018-02-20T14:58:01.595900,5000,0.0,0.0,0.2428,3786,1214,0,False,False,9
ffnn_ewc_replay,adwin,310,621,2,2018-02-20T15:01:53.196726,5000,0.0,0.0,0.3064,3468,1532,0,False,False,9
ffnn_ewc_replay,adwin,311,622,2,2018-02-20T15:04:03.919827,5000,0.0002,0.0002,0.321,3394,1605,1,False,False,9
ffnn_ewc_replay,adwin,312,623,2,2018-02-20T15:06:20.620580,5000,0.0,0.0,0.2904,3548,1452,0,False,False,9
ffnn_ewc_replay,adwin,313,625,2,2018-02-20T15:10:31.378150,5000,0.0,0.0,0.2608,3696,1304,0,False,False,9
ffnn_ewc_replay,adwin,314,626,2,2018-02-20T15:12:23.454693,5000,0.0002,0.0002,0.3078,3460,1539,1,False,False,9
ffnn_ewc_replay,adwin,315,628,2,2018-02-20T15:16:42.101279,5000,0.0042,0.0042,0.0152,4943,57,0,True,True,10
ffnn_ewc_replay,adwin,316,629,2,2018-02-20T15:19:42.643899,5000,0.0,0.0,0.0,5000,0,0,False,False,10
ffnn_ewc_replay,adwin,317,631,2,2018-02-20T15:25:37.439770,5000,0.0,0.0,0.0,5000,0,0,False,False,10
ffnn_ewc_replay,adwin,318,632,2,2018-02-20T15:28:10.587368,5000,0.0,0.0,0.0,5000,0,0,False,False,10
ffnn_ewc_replay,adwin,319,633,2,2018-02-20T15:30:12.779257,5000,0.0,0.0,0.0,5000,0,0,False,False,10
ffnn_ewc_replay,adwin,320,635,2,2018-02-20T15:35:22.231173,5000,0.0,0.0,0.0,5000,0,0,False,False,10
ffnn_ewc_replay,adwin,321,636,2,2018-02-20T15:38:29.946843,5000,0.0,0.0,0.0,5000,0,0,False,False,10
ffnn_ewc_replay,adwin,322,638,2,2018-02-20T15:44:30.302110,5000,0.0,0.0,0.0,5000,0,0,False,False,10
ffnn_ewc_replay,adwin,323,639,2,2018-02-20T15:47:15.886421,5000,0.0,0.0,0.0,5000,0,0,False,False,10
ffnn_ewc_replay,adwin,324,641,2,2018-02-20T15:53:10.482827,5000,0.0,0.0,0.0,5000,0,0,False,False,10
ffnn_ewc_replay,adwin,325,642,2,2018-02-20T15:55:49.302768,5000,0.0,0.0,0.0,5000,0,0,False,False,10
ffnn_ewc_replay,adwin,326,643,2,2018-02-20T15:58:33.314108,5000,0.0,0.0,0.0,5000,0,0,False,False,10
ffnn_ewc_replay,adwin,327,645,2,2018-02-20T16:04:31.087569,5000,0.0002,0.0002,0.0,4999,1,0,False,False,10
ffnn_ewc_replay,adwin,328,646,2,2018-02-20T16:08:19.383547,5000,0.0002,0.0002,0.0,4999,1,0,False,False,10
ffnn_ewc_replay,adwin,329,648,2,2018-02-20T16:16:14.502721,5000,0.0,0.0,0.0,4999,0,1,False,False,10
ffnn_ewc_replay,adwin,330,649,2,2018-02-20T16:20:02.198707,5000,0.0,0.0,0.0,5000,0,0,False,False,10
ffnn_ewc_replay,adwin,331,651,2,2018-02-20T16:28:01.225982,5000,0.0,0.0,0.0,5000,0,0,False,False,10
ffnn_ewc_replay,adwin,332,652,2,2018-02-20T16:31:14.129279,5000,0.0,0.0,0.0,5000,0,0,False,False,10
ffnn_ewc_replay,adwin,333,653,2,2018-02-20T16:35:09.895817,5000,0.0,0.0,0.0,5000,0,0,False,False,10
ffnn_ewc_replay,adwin,334,655,2,2018-02-20T16:43:24.945659,5000,0.0,0.0,0.0,5000,0,0,False,False,10
ffnn_ewc_replay,adwin,335,656,2,2018-02-20T16:47:54.650182,5000,0.0,0.0,0.0,5000,0,0,False,False,10
ffnn_ewc_replay,adwin,336,658,2,2018-02-20T16:56:24.516343,5000,0.0,0.0,0.0,5000,0,0,False,False,10
ffnn_ewc_replay,adwin,337,659,2,2018-02-20T17:00:00.272785,5000,0.0002,0.0002,0.0,4999,1,0,False,False,10
ffnn_ewc_replay,adwin,338,661,2,2018-02-20T17:08:06.037864,5000,0.0,0.0,0.0,5000,0,0,False,False,10
ffnn_ewc_replay,adwin,339,662,2,2018-02-20T17:11:06.031557,5000,0.0014,0.0014,0.0014,5000,0,0,False,False,10
ffnn_ewc_replay,adwin,340,663,2,2018-02-20T17:14:44.633613,5000,0.0048,0.0048,0.0048,5000,0,0,True,True,11
ffnn_ewc_replay,adwin,341,665,2,2018-02-20T17:21:10.633901,5000,0.0,0.0,0.0034,4983,17,0,False,False,11
ffnn_ewc_replay,adwin,342,666,2,2018-02-20T17:24:26.084946,5000,0.0,0.0,0.006,4970,30,0,True,False,11
ffnn_ewc_replay,adwin,343,668,2,2018-02-20T17:30:09.339511,5000,0.0,0.0,0.0,5000,0,0,False,False,11
ffnn_ewc_replay,adwin,344,669,2,2018-02-20T17:33:23.041576,5000,0.0,0.0,0.0,5000,0,0,False,False,11
ffnn_ewc_replay,adwin,345,671,2,2018-02-20T17:39:24.625685,5000,0.0,0.0,0.0,5000,0,0,False,False,11
ffnn_ewc_replay,adwin,346,672,2,2018-02-20T17:42:29.662063,5000,0.0,0.0,0.0,5000,0,0,False,False,11
ffnn_ewc_replay,adwin,347,673,2,2018-02-20T17:45:34.633978,5000,0.0,0.0,0.0,5000,0,0,False,False,11
ffnn_ewc_replay,adwin,348,675,2,2018-02-20T17:51:06.230687,5000,0.0,0.0,0.0,5000,0,0,False,False,11
ffnn_ewc_replay,adwin,349,676,2,2018-02-20T17:53:34.922957,5000,0.0,0.0,0.0,5000,0,0,False,False,11
ffnn_ewc_replay,adwin,350,678,2,2018-02-20T17:59:12.951031,5000,0.0,0.0,0.0,5000,0,0,False,False,11
ffnn_ewc_replay,adwin,351,679,2,2018-02-20T18:02:11.827536,5000,0.0,0.0,0.0,4998,0,2,False,False,11
ffnn_ewc_replay,adwin,352,681,2,2018-02-20T18:08:12.518079,5000,0.0002,0.0002,0.0,4999,1,0,False,False,11
ffnn_ewc_replay,adwin,353,682,2,2018-02-20T18:11:36.935593,5000,0.0,0.0,0.0,5000,0,0,False,False,11
ffnn_ewc_replay,adwin,354,683,2,2018-02-20T18:14:55.978979,5000,0.0,0.0,0.0,5000,0,0,False,False,11
ffnn_ewc_replay,adwin,355,685,2,2018-02-20T18:21:05.499939,5000,0.0,0.0,0.0,5000,0,0,False,False,11
ffnn_ewc_replay,adwin,356,686,2,2018-02-20T18:23:50.222744,5000,0.0,0.0,0.0,5000,0,0,False,False,11
ffnn_ewc_replay,adwin,357,688,2,2018-02-20T18:30:09.680294,5000,0.0,0.0,0.0,5000,0,0,False,False,11
ffnn_ewc_replay,adwin,358,689,2,2018-02-20T18:33:25.427037,5000,0.0,0.0,0.0,5000,0,0,False,False,11
ffnn_ewc_replay,adwin,359,691,2,2018-02-20T18:39:44.679720,5000,0.0,0.0,0.0,5000,0,0,False,False,11
ffnn_ewc_replay,adwin,360,692,2,2018-02-20T18:43:11.984043,5000,0.0,0.0,0.0,5000,0,0,False,False,11
ffnn_ewc_replay,adwin,361,693,2,2018-02-20T18:46:19.309423,5000,0.0,0.0,0.0,5000,0,0,False,False,11
ffnn_ewc_replay,adwin,362,695,2,2018-02-20T18:52:02.610717,5000,0.0,0.0,0.0,5000,0,0,False,False,11
ffnn_ewc_replay,adwin,363,696,2,2018-02-20T18:55:06.665218,5000,0.0002,0.0002,0.0,4999,0,1,False,False,11
ffnn_ewc_replay,adwin,364,698,2,2018-02-20T19:01:10.440471,5000,0.0002,0.0002,0.0,4999,1,0,False,False,11
ffnn_ewc_replay,adwin,365,699,2,2018-02-20T19:04:28.580678,5000,0.0,0.0,0.0,5000,0,0,False,False,11
ffnn_ewc_replay,adwin,366,701,2,2018-02-20T19:10:25.009531,5000,0.0,0.0,0.0,5000,0,0,False,False,11
ffnn_ewc_replay,adwin,367,702,2,2018-02-20T19:13:32.158672,5000,0.0,0.0,0.0,5000,0,0,False,False,11
ffnn_ewc_replay,adwin,368,703,2,2018-02-20T19:15:49.108499,5000,0.0,0.0,0.0,5000,0,0,False,False,11
ffnn_ewc_replay,adwin,369,705,2,2018-02-20T19:21:25.725262,5000,0.0,0.0,0.0,5000,0,0,False,False,11
ffnn_ewc_replay,adwin,370,706,2,2018-02-20T19:24:14.097813,5000,0.0,0.0,0.0,5000,0,0,False,False,11
ffnn_ewc_replay,adwin,371,708,2,2018-02-20T19:29:57.132441,5000,0.0,0.0,0.0,5000,0,0,False,False,11
ffnn_ewc_replay,adwin,372,709,2,2018-02-20T19:33:01.817768,5000,0.0,0.0,0.0,5000,0,0,False,False,11
ffnn_ewc_replay,adwin,373,711,2,2018-02-20T19:39:57.524340,5000,0.0,0.0,0.0,5000,0,0,False,False,11
ffnn_ewc_replay,adwin,374,712,2,2018-02-20T19:43:13.714136,5000,0.0,0.0,0.0,5000,0,0,False,False,11
ffnn_ewc_replay,adwin,375,713,2,2018-02-20T19:46:25.668285,5000,0.0002,0.0002,0.0,4999,1,0,False,False,11
ffnn_ewc_replay,adwin,376,715,2,2018-02-20T19:53:04.620728,5000,0.0002,0.0002,0.0,4999,1,0,False,False,11
ffnn_ewc_replay,adwin,377,716,2,2018-02-20T19:55:56.765701,5000,0.0,0.0,0.0,5000,0,0,False,False,11
ffnn_ewc_replay,adwin,378,718,2,2018-02-20T20:02:41.352875,5000,0.0,0.0,0.0,5000,0,0,False,False,11
ffnn_ewc_replay,adwin,379,719,2,2018-02-20T20:06:03.371789,5000,0.0,0.0,0.0,5000,0,0,False,False,11
ffnn_ewc_replay,adwin,380,721,2,2018-02-20T20:12:23.782760,5000,0.0,0.0,0.0,5000,0,0,False,False,11
ffnn_ewc_replay,adwin,381,722,2,2018-02-20T20:15:31.445539,5000,0.0,0.0,0.0,5000,0,0,False,False,11
ffnn_ewc_replay,adwin,382,723,2,2018-02-20T20:18:48.584643,5000,0.0,0.0,0.0,5000,0,0,False,False,11
ffnn_ewc_replay,adwin,383,725,2,2018-02-20T20:25:14.043761,5000,0.0,0.0,0.0,5000,0,0,False,False,11
ffnn_ewc_replay,adwin,384,726,2,2018-02-20T20:28:14.197722,5000,0.0002,0.0002,0.0,4999,1,0,False,False,11
ffnn_ewc_replay,adwin,385,728,2,2018-02-20T20:34:12.469410,5000,0.0,0.0,0.0,5000,0,0,False,False,11
ffnn_ewc_replay,adwin,386,729,2,2018-02-20T20:37:37.519650,5000,0.0002,0.0002,0.0,4999,0,1,False,False,11
ffnn_ewc_replay,adwin,387,731,2,2018-02-20T20:43:43.130318,5000,0.0,0.0,0.0,5000,0,0,False,False,11
ffnn_ewc_replay,adwin,388,732,2,2018-02-20T20:46:38.901492,5000,0.0002,0.0002,0.0,4999,0,1,False,False,11
ffnn_ewc_replay,adwin,389,733,2,2018-02-20T20:49:51.903624,5000,0.0,0.0,0.0,5000,0,0,False,False,11
ffnn_ewc_replay,adwin,390,735,2,2018-02-20T20:56:26.712720,5000,0.0002,0.0002,0.0,4999,0,1,False,False,11
ffnn_ewc_replay,adwin,391,736,2,2018-02-20T20:59:22.490475,5000,0.0,0.0,0.0,5000,0,0,False,False,11
ffnn_ewc_replay,adwin,392,738,2,2018-02-20T21:08:44.013987,5000,0.0,0.0,0.0,5000,0,0,False,False,11
ffnn_ewc_replay,adwin,393,739,2,2018-02-20T21:13:16.499106,5000,0.0,0.0,0.0,5000,0,0,False,False,11
ffnn_ewc_replay,adwin,394,741,2,2018-02-20T21:21:04.601251,5000,0.0,0.0,0.0,5000,0,0,False,False,11
ffnn_ewc_replay,adwin,395,742,2,2018-02-20T21:26:04.740808,5000,0.0,0.0,0.0,5000,0,0,False,False,11
ffnn_ewc_replay,adwin,396,743,2,2018-02-20T21:29:40.070489,5000,0.0,0.0,0.0,5000,0,0,False,False,11
ffnn_ewc_replay,adwin,397,745,2,2018-02-21T12:30:14.915765,5000,0.0,0.0,0.0,5000,0,0,False,False,11
ffnn_ewc_replay,adwin,398,746,2,2018-02-21T12:32:53.448588,5000,0.0,0.0,0.0,5000,0,0,False,False,11
ffnn_ewc_replay,adwin,399,748,2,2018-02-21T12:37:27.992164,5000,0.0,0.0,0.0,5000,0,0,False,False,11
ffnn_ewc_replay,adwin,400,749,2,2018-02-21T12:39:45.094275,5000,0.0,0.0,0.0,5000,0,0,False,False,11
ffnn_ewc_replay,adwin,401,751,2,2018-02-21T12:45:01.378501,5000,0.0002,0.0002,0.0,4999,1,0,False,False,11
ffnn_ewc_replay,adwin,402,752,2,2018-02-21T12:48:09.859294,5000,0.0,0.0,0.0,5000,0,0,False,False,11
ffnn_ewc_replay,adwin,403,753,2,2018-02-21T12:50:58.467470,5000,0.0002,0.0002,0.0,4999,1,0,False,False,11
ffnn_ewc_replay,adwin,404,755,2,2018-02-21T12:56:40.027568,5000,0.0002,0.0002,0.0,4999,1,0,False,False,11
ffnn_ewc_replay,adwin,405,756,2,2018-02-21T12:59:24.261264,5000,0.0,0.0,0.0,5000,0,0,False,False,11
ffnn_ewc_replay,adwin,406,758,2,2018-02-21T13:04:10.810725,5000,0.0,0.0,0.0,5000,0,0,False,False,11
ffnn_ewc_replay,adwin,407,759,2,2018-02-21T13:06:45.860074,5000,0.0,0.0,0.0,5000,0,0,False,False,11
ffnn_ewc_replay,adwin,408,761,2,2018-02-21T13:13:01.411539,5000,0.0,0.0,0.0,5000,0,0,False,False,11
ffnn_ewc_replay,adwin,409,762,2,2018-02-21T13:16:03.109229,5000,0.0,0.0,0.0,5000,0,0,False,False,11
ffnn_ewc_replay,adwin,410,763,2,2018-02-21T13:19:00.531255,5000,0.0,0.0,0.0,5000,0,0,False,False,11
ffnn_ewc_replay,adwin,411,765,2,2018-02-21T13:25:13.895266,5000,0.0,0.0,0.0,5000,0,0,False,False,11
ffnn_ewc_replay,adwin,412,766,2,2018-02-21T13:28:22.393146,5000,0.0,0.0,0.0,5000,0,0,False,False,11
ffnn_ewc_replay,adwin,413,768,2,2018-02-21T13:33:11.645413,5000,0.0,0.0,0.0,5000,0,0,False,False,11
ffnn_ewc_replay,adwin,414,769,2,2018-02-21T13:36:04.080147,5000,0.0,0.0,0.0,5000,0,0,False,False,11
ffnn_ewc_replay,adwin,415,771,2,2018-02-21T13:41:17.088813,5000,0.0,0.0,0.0,5000,0,0,False,False,11
ffnn_ewc_replay,adwin,416,772,2,2018-02-21T13:44:22.712351,5000,0.0,0.0,0.0,5000,0,0,False,False,11
ffnn_ewc_replay,adwin,417,773,2,2018-02-21T13:46:43.432214,5000,0.0,0.0,0.0,5000,0,0,False,False,11
ffnn_ewc_replay,adwin,418,775,2,2018-02-21T13:52:00.793060,5000,0.0,0.0,0.0,5000,0,0,False,False,11
ffnn_ewc_replay,adwin,419,776,2,2018-02-21T13:54:50.123467,5000,0.0,0.0,0.0,5000,0,0,False,False,11
ffnn_ewc_replay,adwin,420,778,2,2018-02-21T13:59:48.596242,5000,0.0,0.0,0.0,5000,0,0,False,False,11
ffnn_ewc_replay,adwin,421,779,2,2018-02-21T14:02:23.603296,5000,0.0,0.0,0.0,5000,0,0,False,False,11
ffnn_ewc_replay,adwin,422,781,2,2018-02-21T14:09:02.068577,5000,0.0002,0.0002,0.0056,4971,29,0,False,False,11
ffnn_ewc_replay,adwin,423,782,2,2018-02-21T14:12:26.243805,5000,0.0,0.0,0.0048,4976,24,0,False,False,11
ffnn_ewc_replay,adwin,424,783,2,2018-02-21T14:15:57.048932,5000,0.0,0.0,0.0038,4981,19,0,False,False,11
ffnn_ewc_replay,adwin,425,785,2,2018-02-21T14:22:23.243787,5000,0.0,0.0,0.0074,4963,37,0,False,False,11
ffnn_ewc_replay,adwin,426,786,2,2018-02-21T14:25:50.331671,5000,0.0,0.0,0.0044,4978,22,0,False,False,11
ffnn_ewc_replay,adwin,427,788,2,2018-02-21T14:31:04.193754,5000,0.0,0.0,0.005,4975,25,0,False,False,11
ffnn_ewc_replay,adwin,428,789,2,2018-02-21T14:33:49.628647,5000,0.0,0.0,0.003,4985,15,0,False,False,11
ffnn_ewc_replay,adwin,429,791,2,2018-02-21T14:39:39.767683,5000,0.0,0.0,0.0034,4983,17,0,False,False,11
ffnn_ewc_replay,adwin,430,792,2,2018-02-21T14:42:44.190903,5000,0.0,0.0,0.0006,4997,3,0,False,False,11
ffnn_ewc_replay,adwin,431,793,2,2018-02-21T14:45:43.676915,5000,0.0,0.0,0.0,5000,0,0,False,False,11
ffnn_ewc_replay,adwin,432,795,2,2018-02-21T14:51:13.097638,5000,0.0002,0.0002,0.0,4999,1,0,False,False,11
ffnn_ewc_replay,adwin,433,796,2,2018-02-21T14:54:09.509792,5000,0.0,0.0,0.0,5000,0,0,False,False,11
ffnn_ewc_replay,adwin,434,798,2,2018-02-21T14:59:30.273293,5000,0.0,0.0,0.0,5000,0,0,False,False,11
ffnn_ewc_replay,adwin,435,799,2,2018-02-21T15:02:06.076741,5000,0.0,0.0,0.0,5000,0,0,False,False,11
ffnn_ewc_replay,adwin,436,801,2,2018-02-21T15:08:08.899097,5000,0.0,0.0,0.0,5000,0,0,False,False,11
ffnn_ewc_replay,adwin,437,802,2,2018-02-21T15:11:12.768118,5000,0.0,0.0,0.0,5000,0,0,False,False,11
ffnn_ewc_replay,adwin,438,803,2,2018-02-21T15:14:10.812095,5000,0.0,0.0,0.0,4999,0,1,False,False,11
ffnn_ewc_replay,adwin,439,805,2,2018-02-21T15:19:27.236425,5000,0.0,0.0,0.0,5000,0,0,False,False,11
ffnn_ewc_replay,adwin,440,806,2,2018-02-21T15:22:37.743356,5000,0.0,0.0,0.0,5000,0,0,False,False,11
ffnn_ewc_replay,adwin,441,808,2,2018-02-21T15:28:03.652468,5000,0.0,0.0,0.0,5000,0,0,False,False,11
ffnn_ewc_replay,adwin,442,809,2,2018-02-21T15:30:18.591035,5000,0.0,0.0,0.0,5000,0,0,False,False,11
ffnn_ewc_replay,adwin,443,811,2,2018-02-21T15:36:13.544051,5000,0.0,0.0,0.0,5000,0,0,False,False,11
ffnn_ewc_replay,adwin,444,812,2,2018-02-21T15:39:00.464967,5000,0.0,0.0,0.0,5000,0,0,False,False,11
ffnn_ewc_replay,adwin,445,813,2,2018-02-21T15:41:57.881450,5000,0.0,0.0,0.0,5000,0,0,False,False,11
ffnn_ewc_replay,adwin,446,815,2,2018-02-21T15:47:26.984262,5000,0.0002,0.0002,0.0,4999,1,0,False,False,11
ffnn_ewc_replay,adwin,447,816,2,2018-02-21T15:50:01.059659,5000,0.0,0.0,0.0,5000,0,0,False,False,11
ffnn_ewc_replay,adwin,448,818,2,2018-02-21T15:55:38.579118,5000,0.0,0.0,0.0,5000,0,0,False,False,11
ffnn_ewc_replay,adwin,449,819,2,2018-02-21T15:58:36.097314,5000,0.0,0.0,0.0,5000,0,0,False,False,11
ffnn_ewc_replay,adwin,450,821,2,2018-02-21T16:05:01.687604,5000,0.0,0.0,0.0,5000,0,0,False,False,11
ffnn_ewc_replay,adwin,451,822,2,2018-02-21T16:09:31.368178,5000,0.0,0.0,0.0,5000,0,0,False,False,11
ffnn_ewc_replay,adwin,452,823,2,2018-02-21T16:13:43.831770,5000,0.0002,0.0002,0.0,4999,1,0,False,False,11
ffnn_ewc_replay,adwin,453,825,2,2018-02-21T16:21:37.517709,5000,0.0,0.0,0.0,5000,0,0,False,False,11
ffnn_ewc_replay,adwin,454,826,2,2018-02-21T16:26:17.679611,5000,0.0002,0.0002,0.0,4999,1,0,False,False,11
ffnn_ewc_replay,adwin,455,828,2,2018-02-21T16:33:12.676353,5000,0.0,0.0,0.0,5000,0,0,False,False,11
ffnn_ewc_replay,adwin,456,829,2,2018-02-21T16:38:12.893820,5000,0.0,0.0,0.0,5000,0,0,False,False,11
ffnn_ewc_replay,adwin,457,831,2,2018-02-21T16:48:53.815070,5000,0.0,0.0,0.0,5000,0,0,False,False,11
ffnn_ewc_replay,adwin,458,832,2,2018-02-21T16:53:12.481748,5000,0.0,0.0,0.0,5000,0,0,False,False,11
ffnn_ewc_replay,adwin,459,833,2,2018-02-21T16:57:37.801631,5000,0.0,0.0,0.0,5000,0,0,False,False,11
ffnn_ewc_replay,adwin,460,835,2,2018-02-21T17:06:03.042740,5000,0.0,0.0,0.0,5000,0,0,False,False,11
ffnn_ewc_replay,adwin,461,836,2,2018-02-21T17:09:38.898301,5000,0.0,0.0,0.0,5000,0,0,False,False,11
ffnn_ewc_replay,adwin,462,838,2,2018-02-21T17:17:05.418711,5000,0.0,0.0,0.0,5000,0,0,False,False,11
ffnn_ewc_replay,adwin,463,839,2,2018-02-21T17:20:23.358572,5000,0.0,0.0,0.0,5000,0,0,False,False,11
ffnn_ewc_replay,adwin,464,841,2,2018-02-21T17:26:25.898448,5000,0.0,0.0,0.0,5000,0,0,False,False,11
ffnn_ewc_replay,adwin,465,842,2,2018-02-21T17:29:38.601103,5000,0.0,0.0,0.0,5000,0,0,False,False,11
ffnn_ewc_replay,adwin,466,843,2,2018-02-21T17:32:41.644697,5000,0.0002,0.0002,0.0,4999,1,0,False,False,11
ffnn_ewc_replay,adwin,467,845,2,2018-02-21T17:39:02.350368,5000,0.0,0.0,0.0,5000,0,0,False,False,11
ffnn_ewc_replay,adwin,468,846,2,2018-02-21T17:41:54.539703,5000,0.0,0.0,0.0,5000,0,0,False,False,11
ffnn_ewc_replay,adwin,469,848,2,2018-02-21T17:48:04.656628,5000,0.0006,0.0006,0.0,4997,3,0,False,False,11
ffnn_ewc_replay,adwin,470,849,2,2018-02-21T17:50:30.104450,5000,0.0002,0.0002,0.0,4999,1,0,False,False,11
ffnn_ewc_replay,adwin,471,851,2,2018-02-21T17:55:49.288941,5000,0.0002,0.0002,0.0,4999,1,0,False,False,11
ffnn_ewc_replay,adwin,472,852,2,2018-02-21T17:58:32.781438,5000,0.0002,0.0002,0.0,4999,1,0,False,False,11
ffnn_ewc_replay,adwin,473,853,2,2018-02-21T18:01:04.808759,5000,0.0004,0.0004,0.0,4997,2,1,False,False,11
ffnn_ewc_replay,adwin,474,855,2,2018-02-21T18:07:29.910309,5000,0.0004,0.0004,0.0,4998,2,0,False,False,11
ffnn_ewc_replay,adwin,475,856,2,2018-02-21T18:10:39.677287,5000,0.5258,0.5258,0.5256,4999,1,0,True,True,12
ffnn_ewc_replay,adwin,476,858,2,2018-02-21T18:12:57.221842,5000,0.0004,0.0004,0.726,1368,3630,2,True,False,12
ffnn_ewc_replay,adwin,477,859,2,2018-02-21T18:13:56.466778,5000,0.0,0.0,0.7158,1421,3579,0,False,False,12
ffnn_ewc_replay,adwin,478,861,2,2018-02-21T18:15:53.910471,5000,0.0,0.0,0.6404,1798,3201,1,False,False,12
ffnn_ewc_replay,adwin,479,862,2,2018-02-21T18:16:48.564714,5000,0.0002,0.0002,0.6594,1704,3296,0,False,False,12
ffnn_ewc_replay,adwin,480,863,2,2018-02-21T18:17:44.733742,5000,0.0,0.0,0.7052,1474,3526,0,False,False,12
ffnn_ewc_replay,adwin,481,865,2,2018-02-21T18:19:41.727090,5000,0.0004,0.0004,0.6774,1614,3378,8,False,False,12
ffnn_ewc_replay,adwin,482,866,2,2018-02-21T18:20:38.999754,5000,0.0004,0.0004,0.6894,1554,3441,5,False,False,12
ffnn_ewc_replay,adwin,483,868,2,2018-02-21T18:22:33.140864,5000,0.0,0.0,0.6782,1609,3391,0,False,False,12
ffnn_ewc_replay,adwin,484,869,2,2018-02-21T18:23:27.249092,5000,0.0002,0.0002,0.6892,1553,3445,2,False,False,12
ffnn_ewc_replay,adwin,485,871,2,2018-02-21T18:25:24.554403,5000,0.0014,0.0014,0.6982,1514,3486,0,False,False,12
ffnn_ewc_replay,adwin,486,872,2,2018-02-21T18:26:24.070476,5000,0.0024,0.0024,0.7202,1406,3583,11,True,True,13
ffnn_ewc_replay,adwin,487,873,2,2018-02-21T18:27:23.621285,5000,0.0,0.0,0.7132,1434,3566,0,False,False,13
ffnn_ewc_replay,adwin,488,875,2,2018-02-21T18:29:23.774216,5000,0.0,0.0,0.6074,1963,3037,0,False,False,13
ffnn_ewc_replay,adwin,489,876,2,2018-02-21T18:30:18.657633,5000,0.0,0.0,0.6716,1642,3358,0,False,False,13
ffnn_ewc_replay,adwin,490,878,2,2018-02-21T18:32:22.078792,5000,0.0,0.0,0.6996,1502,3498,0,False,False,13
ffnn_ewc_replay,adwin,491,879,2,2018-02-21T18:33:28.362423,5000,0.0,0.0,0.6424,1788,3212,0,False,False,13
ffnn_ewc_replay,adwin,492,881,2,2018-02-21T18:35:32.929260,5000,0.0,0.0,0.683,1585,3415,0,False,False,13
ffnn_ewc_replay,adwin,493,882,2,2018-02-21T18:36:38.586837,5000,0.0002,0.0002,0.6572,1713,3287,0,False,False,13
ffnn_ewc_replay,adwin,494,883,2,2018-02-21T18:37:42.707071,5000,0.0004,0.0004,0.6594,1701,3299,0,False,False,13
ffnn_ewc_replay,adwin,495,885,2,2018-02-21T18:39:51.262574,5000,0.0,0.0,0.6614,1693,3307,0,False,False,13
ffnn_ewc_replay,adwin,496,886,2,2018-02-21T18:40:55.193704,5000,0.0094,0.0094,0.696,1559,3423,18,True,True,14
ffnn_ewc_replay,adwin,497,888,2,2018-02-21T18:43:13.151035,5000,0.0,0.0,0.5988,2006,2994,0,False,False,14
ffnn_ewc_replay,adwin,498,889,2,2018-02-21T18:44:14.879606,5000,0.0,0.0,0.5736,2132,2868,0,False,False,14
ffnn_ewc_replay,adwin,499,891,2,2018-02-21T18:46:22.131592,5000,0.0,0.0,0.6216,1892,3108,0,False,False,14
ffnn_ewc_replay,adwin,500,892,2,2018-02-21T18:47:29.433508,5000,0.0278,0.0278,0.6234,1990,2952,58,True,False,14
ffnn_ewc_replay,adwin,501,893,2,2018-02-21T18:48:37.547513,5000,0.0436,0.0436,0.5768,2319,2650,31,True,True,15
ffnn_ewc_replay,adwin,502,895,2,2018-02-21T18:50:48.669328,5000,0.003,0.003,0.6068,1979,3021,0,True,False,15
ffnn_ewc_replay,adwin,503,896,2,2018-02-21T18:52:01.751987,5000,0.018,0.018,0.6274,1948,3042,10,True,False,15
ffnn_ewc_replay,adwin,504,898,2,2018-02-21T18:54:34.081396,5000,0.0082,0.0082,0.5624,2228,2767,5,True,False,15
ffnn_ewc_replay,adwin,505,899,2,2018-02-21T18:55:51.862246,5000,0.0098,0.0098,0.593,2082,2916,2,True,False,15
ffnn_ewc_replay,adwin,506,901,2,2018-02-21T18:58:27.021799,5000,0.0062,0.0062,0.5522,2269,2727,4,True,True,16
ffnn_ewc_replay,adwin,507,902,2,2018-02-21T18:59:44.178317,5000,0.0004,0.0004,0.5866,2067,2928,5,False,False,16
ffnn_ewc_replay,adwin,508,903,2,2018-02-21T19:01:06.866127,5000,0.002,0.002,0.5768,2124,2871,5,True,False,16
ffnn_ewc_replay,adwin,509,905,2,2018-02-21T19:03:55.186376,5000,0.0004,0.0004,0.5614,2192,2807,1,False,False,16
ffnn_ewc_replay,adwin,510,906,2,2018-02-21T19:05:16.354567,5000,0.0006,0.0006,0.1266,4364,636,0,False,False,16
ffnn_ewc_replay,adwin,511,908,2,2018-02-21T19:11:28.389861,5000,0.0004,0.0004,0.0,4998,2,0,False,False,16
ffnn_ewc_replay,adwin,512,909,2,2018-02-21T19:14:14.552997,5000,0.0,0.0,0.0,5000,0,0,False,False,16
ffnn_ewc_replay,adwin,513,911,2,2018-02-21T19:20:11.670699,5000,0.0,0.0,0.0,5000,0,0,False,False,16
ffnn_ewc_replay,adwin,514,912,2,2018-02-21T19:23:16.430515,5000,0.0,0.0,0.0,5000,0,0,False,False,16
ffnn_ewc_replay,adwin,515,913,2,2018-02-21T19:26:11.147775,5000,0.0002,0.0002,0.0,4999,1,0,False,False,16
ffnn_ewc_replay,adwin,516,915,2,2018-02-21T19:32:12.461008,5000,0.0,0.0,0.0,5000,0,0,False,False,16
ffnn_ewc_replay,adwin,517,916,2,2018-02-21T19:35:57.053192,5000,0.0002,0.0002,0.0,4999,1,0,False,False,16
ffnn_ewc_replay,adwin,518,918,2,2018-02-21T19:42:39.002372,5000,0.0,0.0,0.0,5000,0,0,False,False,16
ffnn_ewc_replay,adwin,519,919,2,2018-02-21T19:45:56.280969,5000,0.0002,0.0002,0.0,4999,1,0,False,False,16
ffnn_ewc_replay,adwin,520,921,2,2018-02-21T19:52:46.033934,5000,0.0004,0.0004,0.0,4998,2,0,False,False,16
ffnn_ewc_replay,adwin,521,922,2,2018-02-21T19:55:30.549351,5000,0.0002,0.0002,0.0,4999,1,0,False,False,16
ffnn_ewc_replay,adwin,522,923,2,2018-02-21T19:58:47.617308,5000,0.0,0.0,0.0,5000,0,0,False,False,16
ffnn_ewc_replay,adwin,523,925,2,2018-02-21T20:05:37.779293,5000,0.0,0.0,0.0,5000,0,0,False,False,16
ffnn_ewc_replay,adwin,524,926,2,2018-02-21T20:08:47.732466,5000,0.0,0.0,0.0,5000,0,0,False,False,16
ffnn_ewc_replay,adwin,525,928,2,2018-02-21T20:14:25.911503,5000,0.0,0.0,0.0,5000,0,0,False,False,16
ffnn_ewc_replay,adwin,526,929,2,2018-02-21T20:17:12.508088,5000,0.0,0.0,0.0,4999,0,1,False,False,16
ffnn_ewc_replay,adwin,527,931,2,2018-02-21T20:22:34.652384,5000,0.0002,0.0002,0.0,4999,1,0,False,False,16
ffnn_ewc_replay,adwin,528,932,2,2018-02-21T20:25:36.227355,5000,0.0,0.0,0.0,5000,0,0,False,False,16
ffnn_ewc_replay,adwin,529,933,2,2018-02-21T20:28:27.081522,5000,0.0002,0.0002,0.0,4999,1,0,False,False,16
ffnn_ewc_replay,adwin,530,935,2,2018-02-21T20:34:07.230799,5000,0.0,0.0,0.0,5000,0,0,False,False,16
ffnn_ewc_replay,adwin,531,936,2,2018-02-21T20:37:05.888882,5000,0.0,0.0,0.0,5000,0,0,False,False,16
ffnn_ewc_replay,adwin,532,938,2,2018-02-21T20:42:50.974097,5000,0.0,0.0,0.0,5000,0,0,False,False,16
ffnn_ewc_replay,adwin,533,939,2,2018-02-21T20:45:26.017299,5000,0.0,0.0,0.0,5000,0,0,False,False,16
ffnn_ewc_replay,adwin,534,941,2,2018-02-21T20:51:09.809989,5000,0.0,0.0,0.0,5000,0,0,False,False,16
ffnn_ewc_replay,adwin,535,942,2,2018-02-21T20:53:55.122043,5000,0.0,0.0,0.0,5000,0,0,False,False,16
ffnn_ewc_replay,adwin,536,943,2,2018-02-21T20:56:55.048720,5000,0.0002,0.0002,0.0,4999,1,0,False,False,16
ffnn_ewc_replay,adwin,537,945,2,2018-02-21T21:02:49.211416,5000,0.0002,0.0002,0.0,4999,1,0,False,False,16
ffnn_ewc_replay,adwin,538,946,2,2018-02-21T21:07:24.981572,5000,0.0,0.0,0.0,5000,0,0,False,False,16
ffnn_ewc_replay,adwin,539,948,2,2018-02-21T21:15:27.907170,5000,0.0002,0.0002,0.0,4999,1,0,False,False,16
ffnn_ewc_replay,adwin,540,949,2,2018-02-21T21:18:57.456495,5000,0.0002,0.0002,0.0,4999,1,0,False,False,16
ffnn_ewc_replay,adwin,541,951,2,2018-02-21T21:27:31.818947,5000,0.0006,0.0006,0.0,4997,3,0,False,False,16
ffnn_ewc_replay,adwin,542,952,2,2018-02-21T21:34:23.596059,5000,0.0008,0.0008,0.0,4996,3,1,False,False,16
ffnn_ewc_replay,adwin,543,953,2,2018-02-22T12:22:54.529632,5000,0.0004,0.0004,0.0,4998,1,1,False,False,16
ffnn_ewc_replay,adwin,544,955,2,2018-02-22T12:27:12.388977,5000,0.0076,0.0076,0.0,4960,38,2,True,True,17
ffnn_ewc_replay,adwin,545,956,2,2018-02-22T12:29:27.352468,5000,0.0,0.0,0.0,5000,0,0,True,False,17
ffnn_ewc_replay,adwin,546,958,2,2018-02-22T12:35:27.445278,5000,0.0002,0.0002,0.0,4999,0,1,False,False,17
ffnn_ewc_replay,adwin,547,959,2,2018-02-22T12:37:47.622535,5000,0.0,0.0,0.0,5000,0,0,False,False,17
ffnn_ewc_replay,adwin,548,961,2,2018-02-22T12:43:49.286020,5000,0.0,0.0,0.0,4999,0,1,False,False,17
ffnn_ewc_replay,adwin,549,962,2,2018-02-22T12:46:47.899133,5000,0.0,0.0,0.0,5000,0,0,False,False,17
ffnn_ewc_replay,adwin,550,963,2,2018-02-22T12:49:47.587430,5000,0.0,0.0,0.0,5000,0,0,False,False,17
ffnn_ewc_replay,adwin,551,965,2,2018-02-22T12:55:00.343632,5000,0.0,0.0,0.0,5000,0,0,False,False,17
ffnn_ewc_replay,adwin,552,966,2,2018-02-22T12:58:16.423411,5000,0.0,0.0,0.0,5000,0,0,False,False,17
ffnn_ewc_replay,adwin,553,968,2,2018-02-22T13:03:25.342616,5000,0.0,0.0,0.0,5000,0,0,False,False,17
ffnn_ewc_replay,adwin,554,969,2,2018-02-22T13:06:20.276523,5000,0.0,0.0,0.0,5000,0,0,False,False,17
ffnn_ewc_replay,adwin,555,971,2,2018-02-22T13:12:13.742783,5000,0.0,0.0,0.0,5000,0,0,False,False,17
ffnn_ewc_replay,adwin,556,972,2,2018-02-22T13:15:14.200920,5000,0.0,0.0,0.0,5000,0,0,False,False,17
ffnn_ewc_replay,adwin,557,973,2,2018-02-22T13:17:51.212302,5000,0.0,0.0,0.0,5000,0,0,False,False,17
ffnn_ewc_replay,adwin,558,975,2,2018-02-22T13:23:49.752711,5000,0.0,0.0,0.0,5000,0,0,False,False,17
ffnn_ewc_replay,adwin,559,976,2,2018-02-22T13:26:50.170406,5000,0.0002,0.0002,0.0,4999,1,0,False,False,17
ffnn_ewc_replay,adwin,560,978,2,2018-02-22T13:31:59.369100,5000,0.0002,0.0002,0.0,4999,1,0,False,False,17
ffnn_ewc_replay,adwin,561,979,2,2018-02-22T13:35:02.349131,5000,0.0,0.0,0.0,5000,0,0,False,False,17
ffnn_ewc_replay,adwin,562,981,2,2018-02-22T13:40:44.414617,5000,0.0,0.0,0.0,5000,0,0,False,False,17
ffnn_ewc_replay,adwin,563,982,2,2018-02-22T13:43:37.016733,5000,0.0,0.0,0.0,5000,0,0,False,False,17
ffnn_ewc_replay,adwin,564,983,2,2018-02-22T13:46:12.432471,5000,0.0,0.0,0.0,5000,0,0,False,False,17
ffnn_ewc_replay,adwin,565,985,2,2018-02-22T13:51:52.536801,5000,0.0,0.0,0.0,5000,0,0,False,False,17
ffnn_ewc_replay,adwin,566,986,2,2018-02-22T13:54:14.118264,5000,0.0,0.0,0.0,5000,0,0,False,False,17
ffnn_ewc_replay,adwin,567,988,2,2018-02-22T13:59:42.540775,5000,0.0,0.0,0.0,5000,0,0,False,False,17
ffnn_ewc_replay,adwin,568,989,2,2018-02-22T14:02:51.580757,5000,0.0,0.0,0.0,5000,0,0,False,False,17
ffnn_ewc_replay,adwin,569,991,2,2018-02-22T14:09:28.178823,5000,0.0,0.0,0.0,5000,0,0,False,False,17
ffnn_ewc_replay,adwin,570,992,2,2018-02-22T14:12:07.043409,5000,0.0,0.0,0.0,5000,0,0,False,False,17
ffnn_ewc_replay,adwin,571,993,2,2018-02-22T14:15:24.387773,5000,0.0,0.0,0.0,5000,0,0,False,False,17
ffnn_ewc_replay,adwin,572,995,2,2018-02-22T14:21:40.014524,5000,0.0,0.0,0.0,5000,0,0,False,False,17
ffnn_ewc_replay,adwin,573,996,2,2018-02-22T14:24:07.374723,5000,0.0002,0.0002,0.0002,5000,0,0,False,False,17
ffnn_ewc_replay,adwin,574,998,2,2018-02-22T14:29:13.649442,5000,0.0004,0.0004,0.0002,4999,1,0,False,False,17
ffnn_ewc_replay,adwin,575,999,2,2018-02-22T14:32:16.171190,5000,0.0,0.0,0.0,5000,0,0,False,False,17
ffnn_ewc_replay,adwin,576,1001,2,2018-02-22T14:38:03.075220,5000,0.0,0.0,0.0,5000,0,0,False,False,17
ffnn_ewc_replay,adwin,577,1002,2,2018-02-22T14:40:47.690179,5000,0.0,0.0,0.0,5000,0,0,False,False,17
ffnn_ewc_replay,adwin,578,1003,2,2018-02-22T14:43:23.320540,5000,0.0004,0.0004,0.0002,4999,1,0,False,False,17
ffnn_ewc_replay,adwin,579,1005,2,2018-02-22T14:49:21.214144,5000,0.0,0.0,0.0,5000,0,0,False,False,17
ffnn_ewc_replay,adwin,580,1006,2,2018-02-22T14:51:41.261166,5000,0.0,0.0,0.0,5000,0,0,False,False,17
ffnn_ewc_replay,adwin,581,1008,2,2018-02-22T14:56:43.081874,5000,0.0002,0.0002,0.0,4999,1,0,False,False,17
ffnn_ewc_replay,adwin,582,1009,2,2018-02-22T14:59:24.671546,5000,0.0002,0.0002,0.0,4998,0,2,False,False,17
ffnn_ewc_replay,adwin,583,1011,2,2018-02-22T15:04:45.705989,5000,0.0,0.0,0.0,5000,0,0,False,False,17
ffnn_ewc_replay,adwin,584,1012,2,2018-02-22T15:07:09.237370,5000,0.0,0.0,0.0,5000,0,0,False,False,17
ffnn_ewc_replay,adwin,585,1013,2,2018-02-22T15:09:51.412721,5000,0.0002,0.0002,0.0002,5000,0,0,False,False,17
ffnn_ewc_replay,adwin,586,1015,2,2018-02-22T15:15:18.999894,5000,0.0,0.0,0.0,5000,0,0,False,False,17
ffnn_ewc_replay,adwin,587,1016,2,2018-02-22T15:17:54.695711,5000,0.0,0.0,0.0,5000,0,0,False,False,17
ffnn_ewc_replay,adwin,588,1018,2,2018-02-22T15:22:22.433254,5000,0.0,0.0,0.0,5000,0,0,False,False,17
ffnn_ewc_replay,adwin,589,1019,2,2018-02-22T15:25:03.738097,5000,0.0,0.0,0.0,5000,0,0,False,False,17
ffnn_ewc_replay,adwin,590,1021,2,2018-02-22T15:30:44.544653,5000,0.0,0.0,0.0,5000,0,0,False,False,17
ffnn_ewc_replay,adwin,591,1022,2,2018-02-22T15:32:58.354207,5000,0.0,0.0,0.0,5000,0,0,False,False,17
ffnn_ewc_replay,adwin,592,1023,2,2018-02-22T15:36:01.093836,5000,0.0,0.0,0.0,5000,0,0,False,False,17
ffnn_ewc_replay,adwin,593,1025,2,2018-02-22T15:41:14.959602,5000,0.0,0.0,0.0,5000,0,0,False,False,17
ffnn_ewc_replay,adwin,594,1026,2,2018-02-22T15:44:11.291771,5000,0.0,0.0,0.0,5000,0,0,False,False,17
ffnn_ewc_replay,adwin,595,1028,2,2018-02-22T15:49:17.610078,5000,0.0002,0.0002,0.0,4999,0,1,False,False,17
ffnn_ewc_replay,adwin,596,1029,2,2018-02-22T15:51:40.029913,5000,0.0,0.0,0.0,5000,0,0,False,False,17
ffnn_ewc_replay,adwin,597,1031,2,2018-02-22T15:56:27.016540,5000,0.0,0.0,0.0,5000,0,0,False,False,17
ffnn_ewc_replay,adwin,598,1032,2,2018-02-22T15:58:49.204845,5000,0.0002,0.0002,0.0,4999,1,0,False,False,17
ffnn_ewc_replay,adwin,599,1033,2,2018-02-22T16:01:05.980538,5000,0.0,0.0,0.0,5000,0,0,False,False,17
ffnn_ewc_replay,adwin,600,1035,2,2018-02-22T16:07:50.911907,5000,0.0002,0.0002,0.0,4999,1,0,False,False,17
ffnn_ewc_replay,adwin,601,1036,2,2018-02-22T16:12:11.784010,5000,0.0,0.0,0.0,5000,0,0,False,False,17
ffnn_ewc_replay,adwin,602,1038,2,2018-02-22T16:19:02.533051,5000,0.0,0.0,0.0,5000,0,0,False,False,17
ffnn_ewc_replay,adwin,603,1039,2,2018-02-22T16:22:14.999146,5000,0.0,0.0,0.0,5000,0,0,False,False,17
ffnn_ewc_replay,adwin,604,1041,2,2018-02-22T16:28:56.728660,5000,0.0,0.0,0.0,5000,0,0,False,False,17
ffnn_ewc_replay,adwin,605,1042,2,2018-02-22T16:31:57.856987,5000,0.0,0.0,0.0,5000,0,0,False,False,17
ffnn_ewc_replay,adwin,606,1043,2,2018-02-22T16:35:33.892869,2397,0.0,0.0,0.0,2397,0,0,False,False,17
ffnn_ewc_replay,adwin,607,1044,3,2018-02-22T16:37:34.655567,5000,0.0004,0.0004,0.0,4998,2,0,False,False,17
ffnn_ewc_replay,adwin,608,1045,3,2018-02-22T16:42:29.645176,5000,0.0002,0.0002,0.0,4999,0,1,False,False,17
ffnn_ewc_replay,adwin,609,1047,3,2018-02-22T16:51:04.075683,5000,0.0,0.0,0.0,5000,0,0,False,False,17
ffnn_ewc_replay,adwin,610,1048,3,2018-02-22T16:55:04.424761,5000,0.0,0.0,0.0,5000,0,0,False,False,17
ffnn_ewc_replay,adwin,611,1050,3,2018-02-22T17:02:40.002973,5000,0.0,0.0,0.0,5000,0,0,False,False,17
ffnn_ewc_replay,adwin,612,1051,3,2018-02-22T17:07:25.580912,5000,0.0,0.0,0.0,5000,0,0,False,False,17
ffnn_ewc_replay,adwin,613,1053,3,2018-02-22T17:14:13.608167,5000,0.0,0.0,0.0,5000,0,0,False,False,17
ffnn_ewc_replay,adwin,614,1054,3,2018-02-22T17:17:01.680245,5000,0.0,0.0,0.0,5000,0,0,False,False,17
ffnn_ewc_replay,adwin,615,1055,3,2018-02-22T17:20:15.804740,5000,0.0,0.0,0.0,5000,0,0,False,False,17
ffnn_ewc_replay,adwin,616,1057,3,2018-02-22T17:26:43.928911,5000,0.0,0.0,0.0,5000,0,0,False,False,17
ffnn_ewc_replay,adwin,617,1058,3,2018-02-22T17:29:30.546148,5000,0.0004,0.0004,0.0,4998,2,0,False,False,17
ffnn_ewc_replay,adwin,618,1060,3,2018-02-22T17:35:26.255610,5000,0.0,0.0,0.0,5000,0,0,False,False,17
ffnn_ewc_replay,adwin,619,1061,3,2018-02-22T17:38:22.408162,5000,0.0,0.0,0.0,5000,0,0,False,False,17
ffnn_ewc_replay,adwin,620,1063,3,2018-02-22T17:43:42.821178,5000,0.0,0.0,0.0,5000,0,0,False,False,17
ffnn_ewc_replay,adwin,621,1064,3,2018-02-22T17:46:31.621801,5000,0.0002,0.0002,0.0,4999,1,0,False,False,17
ffnn_ewc_replay,adwin,622,1065,3,2018-02-22T17:49:21.226210,5000,0.0,0.0,0.0,5000,0,0,False,False,17
ffnn_ewc_replay,adwin,623,1067,3,2018-02-22T17:54:59.589602,5000,0.0,0.0,0.0,5000,0,0,False,False,17
ffnn_ewc_replay,adwin,624,1068,3,2018-02-22T17:57:53.315638,5000,0.0002,0.0002,0.0,4999,1,0,False,False,17
ffnn_ewc_replay,adwin,625,1070,3,2018-02-22T18:03:45.799563,5000,0.0,0.0,0.0,5000,0,0,False,False,17
ffnn_ewc_replay,adwin,626,1071,3,2018-02-22T18:07:10.867855,5000,0.0,0.0,0.0,5000,0,0,False,False,17
ffnn_ewc_replay,adwin,627,1073,3,2018-02-22T18:13:11.243943,5000,0.0,0.0,0.0,5000,0,0,False,False,17
ffnn_ewc_replay,adwin,628,1074,3,2018-02-22T18:16:01.882227,5000,0.0004,0.0004,0.0,4998,1,1,False,False,17
ffnn_ewc_replay,adwin,629,1075,3,2018-02-22T18:18:50.867777,5000,0.0004,0.0004,0.0,4998,2,0,False,False,17
ffnn_ewc_replay,adwin,630,1077,3,2018-02-22T18:24:57.234677,5000,0.0,0.0,0.0,5000,0,0,False,False,17
ffnn_ewc_replay,adwin,631,1078,3,2018-02-22T18:28:07.099354,5000,0.0002,0.0002,0.0002,5000,0,0,False,False,17
ffnn_ewc_replay,adwin,632,1080,3,2018-02-22T18:34:23.474688,5000,0.0002,0.0002,0.0,4999,1,0,False,False,17
ffnn_ewc_replay,adwin,633,1081,3,2018-02-22T18:37:55.750536,5000,0.0,0.0,0.0,5000,0,0,False,False,17
ffnn_ewc_replay,adwin,634,1083,3,2018-02-22T18:43:55.261480,5000,0.0,0.0,0.0,5000,0,0,False,False,17
ffnn_ewc_replay,adwin,635,1084,3,2018-02-22T18:46:36.847575,5000,0.0002,0.0002,0.0,4999,1,0,False,False,17
ffnn_ewc_replay,adwin,636,1085,3,2018-02-22T18:49:46.215557,5000,0.0,0.0,0.0,5000,0,0,False,False,17
ffnn_ewc_replay,adwin,637,1087,3,2018-02-22T18:55:55.775994,5000,0.0002,0.0002,0.0,4999,1,0,False,False,17
ffnn_ewc_replay,adwin,638,1088,3,2018-02-22T18:58:47.853237,5000,0.0,0.0,0.0,5000,0,0,False,False,17
ffnn_ewc_replay,adwin,639,1090,3,2018-02-22T19:05:04.507172,5000,0.0,0.0,0.0,5000,0,0,False,False,17
ffnn_ewc_replay,adwin,640,1091,3,2018-02-22T19:07:48.446707,5000,0.0,0.0,0.0,5000,0,0,False,False,17
ffnn_ewc_replay,adwin,641,1093,3,2018-02-22T19:13:35.912581,5000,0.0,0.0,0.0,5000,0,0,False,False,17
ffnn_ewc_replay,adwin,642,1094,3,2018-02-22T19:16:33.447960,5000,0.0,0.0,0.0,5000,0,0,False,False,17
ffnn_ewc_replay,adwin,643,1095,3,2018-02-22T19:19:21.623763,5000,0.0,0.0,0.0,5000,0,0,False,False,17
ffnn_ewc_replay,adwin,644,1097,3,2018-02-22T19:25:32.357316,5000,0.0,0.0,0.0,5000,0,0,False,False,17
ffnn_ewc_replay,adwin,645,1098,3,2018-02-22T19:28:20.639054,5000,0.0,0.0,0.0,5000,0,0,False,False,17
ffnn_ewc_replay,adwin,646,1100,3,2018-02-22T19:34:28.978909,5000,0.0,0.0,0.0,5000,0,0,False,False,17
ffnn_ewc_replay,adwin,647,1101,3,2018-02-22T19:37:28.358013,5000,0.0004,0.0004,0.0,4998,2,0,False,False,17
ffnn_ewc_replay,adwin,648,1103,3,2018-02-22T19:43:44.587729,5000,0.0,0.0,0.0,5000,0,0,False,False,17
ffnn_ewc_replay,adwin,649,1104,3,2018-02-22T19:47:05.950804,5000,0.0,0.0,0.0,5000,0,0,False,False,17
ffnn_ewc_replay,adwin,650,1105,3,2018-02-22T19:50:14.865514,5000,0.0,0.0,0.0,5000,0,0,False,False,17
ffnn_ewc_replay,adwin,651,1107,3,2018-02-22T19:56:49.723192,5000,0.0,0.0,0.0,5000,0,0,False,False,17
ffnn_ewc_replay,adwin,652,1108,3,2018-02-22T20:00:08.334881,5000,0.0,0.0,0.0,5000,0,0,False,False,17
ffnn_ewc_replay,adwin,653,1110,3,2018-02-22T20:06:29.811638,5000,0.0,0.0,0.0,5000,0,0,False,False,17
ffnn_ewc_replay,adwin,654,1111,3,2018-02-22T20:09:30.641709,5000,0.0,0.0,0.0,5000,0,0,False,False,17
ffnn_ewc_replay,adwin,655,1113,3,2018-02-22T20:15:49.186124,5000,0.0002,0.0002,0.0002,5000,0,0,False,False,17
ffnn_ewc_replay,adwin,656,1114,3,2018-02-22T20:18:45.311403,5000,0.0,0.0,0.0,5000,0,0,False,False,17
ffnn_ewc_replay,adwin,657,1115,3,2018-02-22T20:21:42.578114,5000,0.0002,0.0002,0.0002,5000,0,0,False,False,17
ffnn_ewc_replay,adwin,658,1117,3,2018-02-22T20:27:44.424326,5000,0.0002,0.0002,0.0,4999,1,0,False,False,17
ffnn_ewc_replay,adwin,659,1118,3,2018-02-22T20:30:58.592686,5000,0.0,0.0,0.0,5000,0,0,False,False,17
ffnn_ewc_replay,adwin,660,1120,3,2018-02-22T20:36:32.245831,5000,0.0,0.0,0.0,5000,0,0,False,False,17
ffnn_ewc_replay,adwin,661,1121,3,2018-02-22T20:39:30.368391,5000,0.0,0.0,0.0,5000,0,0,False,False,17
ffnn_ewc_replay,adwin,662,1123,3,2018-02-22T20:45:02.663145,5000,0.0004,0.0004,0.0,4998,2,0,False,False,17
ffnn_ewc_replay,adwin,663,1124,3,2018-02-22T20:48:19.360224,5000,0.0002,0.0002,0.0,4999,0,1,False,False,17
ffnn_ewc_replay,adwin,664,1125,3,2018-02-22T20:51:22.486910,5000,0.0006,0.0006,0.0,4997,3,0,False,False,17
ffnn_ewc_replay,adwin,665,1127,3,2018-02-22T20:57:55.717537,5000,0.0,0.0,0.0,5000,0,0,False,False,17
ffnn_ewc_replay,adwin,666,1128,3,2018-02-22T21:00:52.327056,5000,0.0002,0.0002,0.0,4999,0,1,False,False,17
ffnn_ewc_replay,adwin,667,1130,3,2018-02-22T21:09:32.662576,5000,0.0002,0.0002,0.0,4999,1,0,False,False,17
ffnn_ewc_replay,adwin,668,1131,3,2018-02-22T21:13:59.879001,5000,0.0002,0.0002,0.0,4999,1,0,False,False,17
ffnn_ewc_replay,adwin,669,1133,3,2018-02-22T21:22:46.707931,5000,0.0,0.0,0.0,5000,0,0,False,False,17
ffnn_ewc_replay,adwin,670,1134,3,2018-02-22T21:27:58.541642,5000,0.0022,0.0022,0.0,4988,11,1,True,True,18
ffnn_ewc_replay,adwin,671,1135,3,2018-02-22T21:49:25.834671,5000,0.0002,0.0002,0.0,4999,1,0,False,False,18
ffnn_ewc_replay,adwin,672,1137,3,2018-02-23T12:19:09.413188,5000,0.0,0.0,0.0,4999,0,1,False,False,18
ffnn_ewc_replay,adwin,673,1138,3,2018-02-23T12:21:29.311210,5000,0.0,0.0,0.0,5000,0,0,False,False,18
ffnn_ewc_replay,adwin,674,1140,3,2018-02-23T12:26:38.432842,5000,0.0,0.0,0.0,4999,0,1,False,False,18
ffnn_ewc_replay,adwin,675,1141,3,2018-02-23T12:29:34.990274,5000,0.0002,0.0002,0.0,4999,1,0,False,False,18
ffnn_ewc_replay,adwin,676,1143,3,2018-02-23T12:35:46.065983,5000,0.0002,0.0002,0.0,4999,1,0,False,False,18
ffnn_ewc_replay,adwin,677,1144,3,2018-02-23T12:39:04.356638,5000,0.0,0.0,0.0,5000,0,0,False,False,18
ffnn_ewc_replay,adwin,678,1145,3,2018-02-23T12:42:22.320533,5000,0.0,0.0,0.0,5000,0,0,False,False,18
ffnn_ewc_replay,adwin,679,1147,3,2018-02-23T12:47:45.613380,5000,0.0,0.0,0.0,5000,0,0,False,False,18
ffnn_ewc_replay,adwin,680,1148,3,2018-02-23T12:50:30.878954,5000,0.0,0.0,0.0,5000,0,0,False,False,18
ffnn_ewc_replay,adwin,681,1150,3,2018-02-23T12:56:15.896786,5000,0.0,0.0,0.0,5000,0,0,False,False,18
ffnn_ewc_replay,adwin,682,1151,3,2018-02-23T12:58:52.453245,5000,0.0,0.0,0.0,5000,0,0,False,False,18
ffnn_ewc_replay,adwin,683,1153,3,2018-02-23T13:05:38.989341,5000,0.0,0.0,0.0,5000,0,0,False,False,18
ffnn_ewc_replay,adwin,684,1154,3,2018-02-23T13:09:20.114860,5000,0.0,0.0,0.0,5000,0,0,False,False,18
ffnn_ewc_replay,adwin,685,1155,3,2018-02-23T13:12:11.752301,5000,0.0,0.0,0.0,5000,0,0,False,False,18
ffnn_ewc_replay,adwin,686,1157,3,2018-02-23T13:18:32.169503,5000,0.0,0.0,0.0,5000,0,0,False,False,18
ffnn_ewc_replay,adwin,687,1158,3,2018-02-23T13:21:19.061604,5000,0.0,0.0,0.0,5000,0,0,False,False,18
ffnn_ewc_replay,adwin,688,1160,3,2018-02-23T13:27:31.126923,5000,0.0,0.0,0.0,5000,0,0,False,False,18
ffnn_ewc_replay,adwin,689,1161,3,2018-02-23T13:30:09.515561,5000,0.0,0.0,0.0,5000,0,0,False,False,18
ffnn_ewc_replay,adwin,690,1163,3,2018-02-23T13:36:12.594628,5000,0.0,0.0,0.0,4999,0,1,False,False,18
ffnn_ewc_replay,adwin,691,1164,3,2018-02-23T13:38:39.776922,5000,0.0,0.0,0.0,5000,0,0,False,False,18
ffnn_ewc_replay,adwin,692,1165,3,2018-02-23T13:41:45.046582,5000,0.0,0.0,0.0,5000,0,0,False,False,18
ffnn_ewc_replay,adwin,693,1167,3,2018-02-23T13:46:50.083322,5000,0.0,0.0,0.0,5000,0,0,False,False,18
ffnn_ewc_replay,adwin,694,1168,3,2018-02-23T13:49:32.621200,5000,0.0002,0.0002,0.0,4998,1,1,False,False,18
ffnn_ewc_replay,adwin,695,1170,3,2018-02-23T13:55:07.946880,5000,0.0,0.0,0.0,4999,0,1,False,False,18
ffnn_ewc_replay,adwin,696,1171,3,2018-02-23T13:57:55.985829,5000,0.0,0.0,0.0,5000,0,0,False,False,18
ffnn_ewc_replay,adwin,697,1173,3,2018-02-23T14:03:41.073206,5000,0.0002,0.0002,0.0,4999,1,0,False,False,18
ffnn_ewc_replay,adwin,698,1174,3,2018-02-23T14:06:05.109537,5000,0.0,0.0,0.0,5000,0,0,False,False,18
ffnn_ewc_replay,adwin,699,1175,3,2018-02-23T14:09:06.028000,5000,0.0006,0.0006,0.0004,4999,0,1,False,False,18
ffnn_ewc_replay,adwin,700,1177,3,2018-02-23T14:15:33.581575,5000,0.0002,0.0002,0.0,4999,1,0,False,False,18
ffnn_ewc_replay,adwin,701,1178,3,2018-02-23T14:18:00.745619,5000,0.0,0.0,0.0,5000,0,0,False,False,18
ffnn_ewc_replay,adwin,702,1180,3,2018-02-23T14:23:00.014529,5000,0.0004,0.0004,0.0002,4999,0,1,False,False,18
ffnn_ewc_replay,adwin,703,1181,3,2018-02-23T14:26:30.212557,5000,0.0004,0.0004,0.0004,5000,0,0,False,False,18
ffnn_ewc_replay,adwin,704,1183,3,2018-02-23T14:31:58.475941,5000,0.0002,0.0002,0.0002,5000,0,0,False,False,18
ffnn_ewc_replay,adwin,705,1184,3,2018-02-23T14:34:52.154394,5000,0.0,0.0,0.0,5000,0,0,False,False,18
ffnn_ewc_replay,adwin,706,1185,3,2018-02-23T14:37:46.334109,5000,0.0,0.0,0.0,5000,0,0,False,False,18
ffnn_ewc_replay,adwin,707,1187,3,2018-02-23T14:43:36.607549,5000,0.0,0.0,0.0,5000,0,0,False,False,18
ffnn_ewc_replay,adwin,708,1188,3,2018-02-23T14:45:56.733954,5000,0.0002,0.0002,0.0002,5000,0,0,False,False,18
ffnn_ewc_replay,adwin,709,1190,3,2018-02-23T14:51:11.567659,5000,0.0,0.0,0.0,5000,0,0,False,False,18
ffnn_ewc_replay,adwin,710,1191,3,2018-02-23T14:53:55.266486,5000,0.0,0.0,0.0,5000,0,0,False,False,18
ffnn_ewc_replay,adwin,711,1193,3,2018-02-23T14:59:08.447524,5000,0.0,0.0,0.0,5000,0,0,False,False,18
ffnn_ewc_replay,adwin,712,1194,3,2018-02-23T15:01:53.262327,5000,0.0,0.0,0.0,5000,0,0,False,False,18
ffnn_ewc_replay,adwin,713,1195,3,2018-02-23T15:04:36.624933,5000,0.0,0.0,0.0,5000,0,0,False,False,18
ffnn_ewc_replay,adwin,714,1197,3,2018-02-23T15:10:27.717534,5000,0.0002,0.0002,0.0,4999,1,0,False,False,18
ffnn_ewc_replay,adwin,715,1198,3,2018-02-23T15:12:46.906000,5000,0.0,0.0,0.0,5000,0,0,False,False,18
ffnn_ewc_replay,adwin,716,1200,3,2018-02-23T15:17:58.396117,5000,0.0,0.0,0.0,5000,0,0,False,False,18
ffnn_ewc_replay,adwin,717,1201,3,2018-02-23T15:20:30.772290,5000,0.0,0.0,0.0,5000,0,0,False,False,18
ffnn_ewc_replay,adwin,718,1203,3,2018-02-23T15:25:48.035278,5000,0.0,0.0,0.0,5000,0,0,False,False,18
ffnn_ewc_replay,adwin,719,1204,3,2018-02-23T15:28:30.739814,5000,0.0,0.0,0.0,5000,0,0,False,False,18
ffnn_ewc_replay,adwin,720,1205,3,2018-02-23T15:31:10.123681,5000,0.0,0.0,0.0,5000,0,0,False,False,18
ffnn_ewc_replay,adwin,721,1207,3,2018-02-23T15:37:05.863562,5000,0.0,0.0,0.0,5000,0,0,False,False,18
ffnn_ewc_replay,adwin,722,1208,3,2018-02-23T15:39:48.518342,5000,0.0,0.0,0.0,5000,0,0,False,False,18
ffnn_ewc_replay,adwin,723,1210,3,2018-02-23T15:45:11.926641,5000,0.0002,0.0002,0.0,4999,1,0,False,False,18
ffnn_ewc_replay,adwin,724,1211,3,2018-02-23T15:47:50.059692,5000,0.0,0.0,0.0,5000,0,0,False,False,18
ffnn_ewc_replay,adwin,725,1213,3,2018-02-23T15:53:19.035799,5000,0.0002,0.0002,0.0,4999,1,0,False,False,18
ffnn_ewc_replay,adwin,726,1214,3,2018-02-23T15:56:14.772567,5000,0.0,0.0,0.0,5000,0,0,False,False,18
ffnn_ewc_replay,adwin,727,1215,3,2018-02-23T15:58:53.688379,5000,0.0,0.0,0.0,5000,0,0,False,False,18
ffnn_ewc_replay,adwin,728,1217,3,2018-02-23T16:05:41.207430,5000,0.0,0.0,0.0,5000,0,0,False,False,18
ffnn_ewc_replay,adwin,729,1218,3,2018-02-23T16:10:02.413066,5000,0.0,0.0,0.0,5000,0,0,False,False,18
ffnn_ewc_replay,adwin,730,1220,3,2018-02-23T16:17:44.426538,5000,0.0,0.0,0.0,5000,0,0,False,False,18
ffnn_ewc_replay,adwin,731,1221,3,2018-02-23T16:21:10.297425,5000,0.0006,0.0006,0.0,4997,2,1,False,False,18
ffnn_ewc_replay,adwin,732,1223,3,2018-02-23T16:29:08.115870,5000,0.0006,0.0006,0.0,4996,2,2,False,False,18
ffnn_ewc_replay,adwin,733,1224,3,2018-02-23T16:33:10.671253,5000,0.0,0.0,0.0,5000,0,0,False,False,18
ffnn_ewc_replay,adwin,734,1225,3,2018-02-23T16:37:26.898811,5000,0.0,0.0,0.0,4999,0,1,False,False,18
ffnn_ewc_replay,adwin,735,1227,3,2018-02-23T16:46:46.164231,5000,0.0002,0.0002,0.0,4998,0,2,False,False,18
ffnn_ewc_replay,adwin,736,1228,3,2018-02-23T16:50:59.342386,5000,0.0,0.0,0.0,5000,0,0,False,False,18
ffnn_ewc_replay,adwin,737,1230,3,2018-02-23T17:00:07.860786,5000,0.0002,0.0002,0.0,4998,0,2,False,False,18
ffnn_ewc_replay,adwin,738,1231,3,2018-02-23T17:05:03.396238,5000,0.0002,0.0002,0.0002,5000,0,0,False,False,18
ffnn_ewc_replay,adwin,739,1233,3,2018-02-23T17:12:25.620552,5000,0.0004,0.0004,0.0002,4999,1,0,False,False,18
ffnn_ewc_replay,adwin,740,1234,3,2018-02-23T17:15:34.943329,5000,0.0,0.0,0.0,5000,0,0,False,False,18
ffnn_ewc_replay,adwin,741,1235,3,2018-02-23T17:19:13.792941,5000,0.0002,0.0002,0.0,4997,1,2,False,False,18
ffnn_ewc_replay,adwin,742,1237,3,2018-02-23T17:26:01.631852,5000,0.0002,0.0002,0.0002,5000,0,0,False,False,18
ffnn_ewc_replay,adwin,743,1238,3,2018-02-23T17:29:13.887991,5000,0.0006,0.0006,0.0002,4995,0,5,False,False,18
ffnn_ewc_replay,adwin,744,1240,3,2018-02-23T17:35:37.033764,5000,0.0006,0.0006,0.0,4997,3,0,False,False,18
ffnn_ewc_replay,adwin,745,1241,3,2018-02-23T17:38:16.363984,5000,0.0004,0.0004,0.0002,4999,1,0,False,False,18
ffnn_ewc_replay,adwin,746,1243,3,2018-02-23T17:43:49.857087,5000,0.0002,0.0002,0.0,4999,1,0,False,False,18
ffnn_ewc_replay,adwin,747,1244,3,2018-02-23T17:46:42.635967,5000,0.0002,0.0002,0.0002,5000,0,0,False,False,18
ffnn_ewc_replay,adwin,748,1245,3,2018-02-23T17:49:57.746133,5000,0.0002,0.0002,0.0,4999,1,0,False,False,18
ffnn_ewc_replay,adwin,749,1247,3,2018-02-23T17:55:48.699034,5000,0.0004,0.0004,0.0002,4999,1,0,False,False,18
ffnn_ewc_replay,adwin,750,1248,3,2018-02-23T17:58:52.281133,5000,0.0002,0.0002,0.0002,5000,0,0,False,False,18
ffnn_ewc_replay,adwin,751,1250,3,2018-02-23T18:04:48.367862,5000,0.0002,0.0002,0.0,4999,1,0,False,False,18
ffnn_ewc_replay,adwin,752,1251,3,2018-02-23T18:08:14.591926,5000,0.0,0.0,0.0,5000,0,0,False,False,18
ffnn_ewc_replay,adwin,753,1253,3,2018-02-23T18:14:52.243703,5000,0.0,0.0,0.0,5000,0,0,False,False,18
ffnn_ewc_replay,adwin,754,1254,3,2018-02-23T18:18:11.941351,5000,0.0002,0.0002,0.0,4999,1,0,False,False,18
ffnn_ewc_replay,adwin,755,1255,3,2018-02-23T18:21:40.551335,5000,0.0,0.0,0.0,5000,0,0,False,False,18
ffnn_ewc_replay,adwin,756,1257,3,2018-02-23T18:28:30.015996,5000,0.0,0.0,0.0,4999,0,1,False,False,18
ffnn_ewc_replay,adwin,757,1258,3,2018-02-23T18:31:27.836891,5000,0.0,0.0,0.0,5000,0,0,False,False,18
ffnn_ewc_replay,adwin,758,1260,3,2018-02-23T18:37:42.976461,5000,0.0,0.0,0.0,5000,0,0,False,False,18
ffnn_ewc_replay,adwin,759,1261,3,2018-02-23T18:41:19.595475,5000,0.0,0.0,0.0,5000,0,0,False,False,18
ffnn_ewc_replay,adwin,760,1263,3,2018-02-23T18:47:45.126894,5000,0.0,0.0,0.0,4999,0,1,False,False,18
ffnn_ewc_replay,adwin,761,1264,3,2018-02-23T18:51:18.180413,5000,0.0002,0.0002,0.0,4997,1,2,False,False,18
ffnn_ewc_replay,adwin,762,1265,3,2018-02-23T18:55:03.901317,5000,0.0004,0.0004,0.0,4998,2,0,False,False,18
ffnn_ewc_replay,adwin,763,1267,3,2018-02-23T19:00:49.229977,5000,0.0,0.0,0.0,5000,0,0,False,False,18
ffnn_ewc_replay,adwin,764,1268,3,2018-02-23T19:03:48.711884,5000,0.0004,0.0004,0.0002,4999,1,0,False,False,18
ffnn_ewc_replay,adwin,765,1270,3,2018-02-23T19:10:06.621920,5000,0.0002,0.0002,0.0002,5000,0,0,False,False,18
ffnn_ewc_replay,adwin,766,1271,3,2018-02-23T19:13:22.474245,5000,0.0006,0.0006,0.0006,5000,0,0,False,False,18
ffnn_ewc_replay,adwin,767,1273,3,2018-02-23T19:19:29.224932,5000,0.0,0.0,0.0,5000,0,0,False,False,18
ffnn_ewc_replay,adwin,768,1274,3,2018-02-23T19:22:50.355858,5000,0.0,0.0,0.0,5000,0,0,False,False,18
ffnn_ewc_replay,adwin,769,1275,3,2018-02-23T19:25:49.835989,5000,0.0,0.0,0.0,4998,0,2,False,False,18
ffnn_ewc_replay,adwin,770,1277,3,2018-02-23T19:30:46.057133,5000,0.0,0.0,0.0,5000,0,0,False,False,18
ffnn_ewc_replay,adwin,771,1278,3,2018-02-23T19:33:23.811232,5000,0.0,0.0,0.0,5000,0,0,False,False,18
ffnn_ewc_replay,adwin,772,1280,3,2018-02-23T19:39:55.467374,5000,0.0,0.0,0.0,5000,0,0,False,False,18
ffnn_ewc_replay,adwin,773,1281,3,2018-02-23T19:43:16.760167,5000,0.0002,0.0002,0.0,4999,1,0,False,False,18
ffnn_ewc_replay,adwin,774,1283,3,2018-02-23T19:50:00.590119,5000,0.0,0.0,0.0,5000,0,0,False,False,18
ffnn_ewc_replay,adwin,775,1284,3,2018-02-23T19:53:33.898942,5000,0.0,0.0,0.0,5000,0,0,False,False,18
ffnn_ewc_replay,adwin,776,1285,3,2018-02-23T19:56:59.056576,5000,0.0,0.0,0.0,5000,0,0,False,False,18
ffnn_ewc_replay,adwin,777,1287,3,2018-02-23T20:02:31.395007,5000,0.0,0.0,0.0,5000,0,0,False,False,18
ffnn_ewc_replay,adwin,778,1288,3,2018-02-23T20:05:33.347967,5000,0.0002,0.0002,0.0,4999,1,0,False,False,18
ffnn_ewc_replay,adwin,779,1290,3,2018-02-23T20:12:08.276537,5000,0.0,0.0,0.0,5000,0,0,False,False,18
ffnn_ewc_replay,adwin,780,1291,3,2018-02-23T20:15:18.197843,5000,0.0,0.0,0.0,5000,0,0,False,False,18
ffnn_ewc_replay,adwin,781,1293,3,2018-02-23T20:21:26.727925,5000,0.0,0.0,0.0,5000,0,0,False,False,18
ffnn_ewc_replay,adwin,782,1294,3,2018-02-23T20:24:17.712717,5000,0.0,0.0,0.0,5000,0,0,False,False,18
ffnn_ewc_replay,adwin,783,1295,3,2018-02-23T20:26:52.497035,5000,0.0004,0.0004,0.0,4998,2,0,False,False,18
ffnn_ewc_replay,adwin,784,1297,3,2018-02-23T20:31:48.191737,5000,0.0002,0.0002,0.0,4999,1,0,False,False,18
ffnn_ewc_replay,adwin,785,1298,3,2018-02-23T20:34:39.113935,5000,0.0,0.0,0.0,5000,0,0,False,False,18
ffnn_ewc_replay,adwin,786,1300,3,2018-02-23T20:40:43.639818,5000,0.0,0.0,0.0,5000,0,0,False,False,18
ffnn_ewc_replay,adwin,787,1301,3,2018-02-23T20:43:46.091579,5000,0.0,0.0,0.0,5000,0,0,False,False,18
ffnn_ewc_replay,adwin,788,1303,3,2018-02-23T20:49:37.709236,5000,0.0,0.0,0.0,5000,0,0,False,False,18
ffnn_ewc_replay,adwin,789,1304,3,2018-02-23T20:52:44.842527,5000,0.0,0.0,0.0,5000,0,0,False,False,18
ffnn_ewc_replay,adwin,790,1305,3,2018-02-23T20:55:38.980293,5000,0.0,0.0,0.0,5000,0,0,False,False,18
ffnn_ewc_replay,adwin,791,1307,3,2018-02-23T21:01:10.570278,5000,0.0,0.0,0.0,5000,0,0,False,False,18
ffnn_ewc_replay,adwin,792,1308,3,2018-02-23T21:05:05.156033,5000,0.0002,0.0002,0.0,4999,1,0,False,False,18
ffnn_ewc_replay,adwin,793,1310,3,2018-02-23T21:14:12.567176,5000,0.0,0.0,0.0,5000,0,0,False,False,18
ffnn_ewc_replay,adwin,794,1311,3,2018-02-23T21:18:09.695467,5000,0.0,0.0,0.0,5000,0,0,False,False,18
ffnn_ewc_replay,adwin,795,1313,3,2018-02-23T21:27:55.011453,5604,0.00017844396859386153,0.00017844396859386153,0.0,5603,1,0,False,False,18
ffnn_ewc_replay,adwin,796,1314,4,2018-02-28T12:20:49.532235,5000,0.0,0.0,0.0,4998,0,2,False,False,18
ffnn_ewc_replay,adwin,797,1315,4,2018-02-28T12:22:06.840257,5000,0.0002,0.0002,0.0,4998,1,1,False,False,18
ffnn_ewc_replay,adwin,798,1317,4,2018-02-28T12:25:38.748901,5000,0.0008,0.0008,0.0,4996,3,1,False,False,18
ffnn_ewc_replay,adwin,799,1318,4,2018-02-28T12:27:25.213946,5000,0.0004,0.0004,0.0,4997,0,3,False,False,18
ffnn_ewc_replay,adwin,800,1320,4,2018-02-28T12:31:45.331111,5000,0.0002,0.0002,0.0,4999,1,0,False,False,18
ffnn_ewc_replay,adwin,801,1321,4,2018-02-28T12:34:21.556158,5000,0.0,0.0,0.0,5000,0,0,False,False,18
ffnn_ewc_replay,adwin,802,1323,4,2018-02-28T12:39:13.393959,5000,0.0,0.0,0.0,4999,0,1,False,False,18
ffnn_ewc_replay,adwin,803,1324,4,2018-02-28T12:41:55.417144,5000,0.0006,0.0006,0.0,4997,3,0,False,False,18
ffnn_ewc_replay,adwin,804,1325,4,2018-02-28T12:44:27.752984,5000,0.0,0.0,0.0,5000,0,0,False,False,18
ffnn_ewc_replay,adwin,805,1327,4,2018-02-28T12:49:25.399802,5000,0.0002,0.0002,0.0,4998,1,1,False,False,18
ffnn_ewc_replay,adwin,806,1328,4,2018-02-28T12:51:29.821957,5000,0.0012,0.0012,0.0,4993,2,5,False,False,18
ffnn_ewc_replay,adwin,807,1330,4,2018-02-28T12:55:06.316320,5000,0.0002,0.0002,0.0,4999,1,0,False,False,18
ffnn_ewc_replay,adwin,808,1331,4,2018-02-28T12:57:22.259937,5000,0.0004,0.0004,0.0,4998,1,1,False,False,18
ffnn_ewc_replay,adwin,809,1333,4,2018-02-28T13:02:16.406810,5000,0.0004,0.0004,0.0,4998,1,1,False,False,18
ffnn_ewc_replay,adwin,810,1334,4,2018-02-28T13:05:06.021406,5000,0.0,0.0,0.0,4999,0,1,False,False,18
ffnn_ewc_replay,adwin,811,1335,4,2018-02-28T13:07:38.934363,5000,0.0002,0.0002,0.0,4998,1,1,False,False,18
ffnn_ewc_replay,adwin,812,1337,4,2018-02-28T13:13:23.378287,5000,0.0,0.0,0.0,5000,0,0,False,False,18
ffnn_ewc_replay,adwin,813,1338,4,2018-02-28T13:15:59.296789,5000,0.0,0.0,0.0,5000,0,0,False,False,18
ffnn_ewc_replay,adwin,814,1340,4,2018-02-28T13:21:53.624387,5000,0.0,0.0,0.0,5000,0,0,False,False,18
ffnn_ewc_replay,adwin,815,1341,4,2018-02-28T13:24:27.669208,5000,0.0,0.0,0.0,5000,0,0,False,False,18
ffnn_ewc_replay,adwin,816,1343,4,2018-02-28T13:29:52.870904,5000,0.0,0.0,0.0,5000,0,0,False,False,18
ffnn_ewc_replay,adwin,817,1344,4,2018-02-28T13:33:09.557416,5000,0.0,0.0,0.0,5000,0,0,False,False,18
ffnn_ewc_replay,adwin,818,1345,4,2018-02-28T13:36:01.182456,5000,0.0,0.0,0.0,5000,0,0,False,False,18
ffnn_ewc_replay,adwin,819,1347,4,2018-02-28T13:41:44.877925,5000,0.0,0.0,0.0,5000,0,0,False,False,18
ffnn_ewc_replay,adwin,820,1348,4,2018-02-28T13:44:02.117449,5000,0.0,0.0,0.0,5000,0,0,False,False,18
ffnn_ewc_replay,adwin,821,1350,4,2018-02-28T13:50:08.770395,5000,0.0,0.0,0.0,5000,0,0,False,False,18
ffnn_ewc_replay,adwin,822,1351,4,2018-02-28T13:52:31.281274,5000,0.0002,0.0002,0.0,4999,1,0,False,False,18
ffnn_ewc_replay,adwin,823,1353,4,2018-02-28T13:57:38.785509,5000,0.0,0.0,0.0,5000,0,0,False,False,18
ffnn_ewc_replay,adwin,824,1354,4,2018-02-28T14:00:38.814641,5000,0.0,0.0,0.0,5000,0,0,False,False,18
ffnn_ewc_replay,adwin,825,1355,4,2018-02-28T14:03:42.546675,5000,0.0,0.0,0.0,5000,0,0,False,False,18
ffnn_ewc_replay,adwin,826,1357,4,2018-02-28T14:09:54.693761,5000,0.0,0.0,0.0,5000,0,0,False,False,18
ffnn_ewc_replay,adwin,827,1358,4,2018-02-28T14:13:00.975538,5000,0.0,0.0,0.0,5000,0,0,False,False,18
ffnn_ewc_replay,adwin,828,1360,4,2018-02-28T14:19:08.648193,5000,0.0,0.0,0.0,5000,0,0,False,False,18
ffnn_ewc_replay,adwin,829,1361,4,2018-02-28T14:21:55.569242,5000,0.0,0.0,0.0,5000,0,0,False,False,18
ffnn_ewc_replay,adwin,830,1363,4,2018-02-28T14:27:31.701518,5000,0.0002,0.0002,0.0,4999,1,0,False,False,18
ffnn_ewc_replay,adwin,831,1364,4,2018-02-28T14:30:13.816109,5000,0.0,0.0,0.0,5000,0,0,False,False,18
ffnn_ewc_replay,adwin,832,1365,4,2018-02-28T14:33:12.936357,5000,0.0004,0.0004,0.0002,4999,0,1,False,False,18
ffnn_ewc_replay,adwin,833,1367,4,2018-02-28T14:39:04.187946,5000,0.0,0.0,0.0,5000,0,0,False,False,18
ffnn_ewc_replay,adwin,834,1368,4,2018-02-28T14:41:25.955365,5000,0.0004,0.0004,0.0004,5000,0,0,False,False,18
ffnn_ewc_replay,adwin,835,1370,4,2018-02-28T14:47:36.782158,5000,0.069,0.069,0.069,5000,0,0,True,True,19
ffnn_ewc_replay,adwin,836,1371,4,2018-02-28T14:50:08.353767,5000,0.008,0.008,0.0068,4981,7,12,False,False,19
ffnn_ewc_replay,adwin,837,1373,4,2018-02-28T14:54:44.186051,5000,0.0094,0.0094,0.0072,4980,5,15,True,False,19
ffnn_ewc_replay,adwin,838,1374,4,2018-02-28T14:57:05.431808,5000,0.004,0.004,0.0032,4993,2,5,False,False,19
ffnn_ewc_replay,adwin,839,1375,4,2018-02-28T14:59:33.053335,5000,0.0112,0.0112,0.0696,4677,301,22,True,False,19
ffnn_ewc_replay,adwin,840,1377,4,2018-02-28T15:03:57.570596,5000,0.0122,0.0122,0.1268,4396,579,25,True,True,20
ffnn_ewc_replay,adwin,841,1378,4,2018-02-28T15:06:24.168581,5000,0.0064,0.0064,0.0008,4961,33,6,False,False,20
ffnn_ewc_replay,adwin,842,1380,4,2018-02-28T15:11:04.210320,5000,0.0042,0.0042,0.0662,4645,346,9,False,False,20
ffnn_ewc_replay,adwin,843,1381,4,2018-02-28T15:13:34.645830,5000,0.0064,0.0064,0.0058,4928,51,21,False,False,20
ffnn_ewc_replay,adwin,844,1383,4,2018-02-28T15:18:21.785499,5000,0.005,0.005,0.0054,4944,40,16,False,False,20
ffnn_ewc_replay,adwin,845,1384,4,2018-02-28T15:20:54.698971,5000,0.004,0.004,0.0036,4964,23,13,False,False,20
ffnn_ewc_replay,adwin,846,1385,4,2018-02-28T15:23:07.882409,5000,0.0056,0.0056,0.0632,4655,333,12,False,False,20
ffnn_ewc_replay,adwin,847,1387,4,2018-02-28T15:27:56.536358,5000,0.0076,0.0076,0.1372,4275,710,15,False,False,20
ffnn_ewc_replay,adwin,848,1388,4,2018-02-28T15:30:11.356835,5000,0.0056,0.0056,0.0012,4965,27,8,False,False,20
ffnn_ewc_replay,adwin,849,1390,4,2018-02-28T15:35:21.561176,5000,0.0056,0.0056,0.0,4957,24,19,False,False,20
ffnn_ewc_replay,adwin,850,1391,4,2018-02-28T15:38:10.710592,5000,0.0028,0.0028,0.0,4982,14,4,False,False,20
ffnn_ewc_replay,adwin,851,1393,4,2018-02-28T15:43:52.950707,5000,0.0068,0.0068,0.0,4961,25,14,False,False,20
ffnn_ewc_replay,adwin,852,1394,4,2018-02-28T15:46:30.985337,5000,0.0086,0.0086,0.0,4947,39,14,False,False,20
ffnn_ewc_replay,adwin,853,1395,4,2018-02-28T15:49:00.917873,5000,0.0066,0.0066,0.0,4958,21,21,False,False,20
ffnn_ewc_replay,adwin,854,1397,4,2018-02-28T15:54:06.057063,5000,0.0042,0.0042,0.0014,4967,23,10,False,False,20
ffnn_ewc_replay,adwin,855,1398,4,2018-02-28T15:57:04.923255,5000,0.0058,0.0058,0.054,4699,284,17,False,False,20
ffnn_ewc_replay,adwin,856,1400,4,2018-02-28T16:02:09.587239,5000,0.0082,0.0082,0.0068,4913,68,19,False,False,20
ffnn_ewc_replay,adwin,857,1401,4,2018-02-28T16:05:18.658555,5000,0.005,0.005,0.005,4949,38,13,False,False,20
ffnn_ewc_replay,adwin,858,1403,4,2018-02-28T16:12:02.345269,5000,0.0038,0.0038,0.0,4978,18,4,False,False,20
ffnn_ewc_replay,adwin,859,1404,4,2018-02-28T16:15:09.707057,5000,0.004,0.004,0.0,4975,16,9,False,False,20
ffnn_ewc_replay,adwin,860,1405,4,2018-02-28T16:18:06.285557,5000,0.004,0.004,0.0,4978,17,5,False,False,20
ffnn_ewc_replay,adwin,861,1407,4,2018-02-28T16:24:34.001770,5000,0.0038,0.0038,0.0,4977,17,6,False,False,20
ffnn_ewc_replay,adwin,862,1408,4,2018-02-28T16:27:34.199407,5000,0.003,0.003,0.0,4976,12,12,False,False,20
ffnn_ewc_replay,adwin,863,1410,4,2018-02-28T16:33:19.721137,5000,0.0062,0.0062,0.0,4967,27,6,False,False,20
ffnn_ewc_replay,adwin,864,1411,4,2018-02-28T16:37:39.052452,5000,0.0066,0.0066,0.0,4963,32,5,False,False,20
ffnn_ewc_replay,adwin,865,1413,4,2018-02-28T16:45:54.571979,5000,0.0102,0.0102,0.0,4942,43,15,False,False,20
ffnn_ewc_replay,adwin,866,1414,4,2018-02-28T16:50:17.910129,5000,0.0052,0.0052,0.0,4970,25,5,False,False,20
ffnn_ewc_replay,adwin,867,1415,4,2018-02-28T16:54:59.065774,5000,0.0048,0.0048,0.0,4973,21,6,False,False,20
ffnn_ewc_replay,adwin,868,1417,4,2018-02-28T17:02:54.724196,5000,0.0036,0.0036,0.0,4975,15,10,False,False,20
ffnn_ewc_replay,adwin,869,1418,4,2018-02-28T17:06:54.807149,5000,0.0068,0.0068,0.0,4956,28,16,False,False,20
ffnn_ewc_replay,adwin,870,1420,4,2018-02-28T17:13:13.457161,5000,0.0044,0.0044,0.0,4971,18,11,False,False,20
ffnn_ewc_replay,adwin,871,1421,4,2018-02-28T17:16:01.301485,5000,0.0058,0.0058,0.0,4963,27,10,False,False,20
ffnn_ewc_replay,adwin,872,1423,4,2018-02-28T17:22:12.606669,5000,0.0048,0.0048,0.0,4962,13,25,False,False,20
ffnn_ewc_replay,adwin,873,1424,4,2018-02-28T17:25:20.221268,5000,0.0066,0.0066,0.0,4961,30,9,False,False,20
ffnn_ewc_replay,adwin,874,1425,4,2018-02-28T17:28:05.833656,5000,0.006,0.006,0.0,4957,27,16,False,False,20
ffnn_ewc_replay,adwin,875,1427,4,2018-02-28T17:33:29.414937,5000,0.0086,0.0086,0.0,4948,35,17,False,False,20
ffnn_ewc_replay,adwin,876,1428,4,2018-02-28T17:36:41.180412,5000,0.0066,0.0066,0.0,4961,30,9,False,False,20
ffnn_ewc_replay,adwin,877,1430,4,2018-02-28T17:42:02.186626,5000,0.005,0.005,0.0006,4962,16,22,False,False,20
ffnn_ewc_replay,adwin,878,1431,4,2018-02-28T17:44:47.160978,5000,0.0062,0.0062,0.0058,4938,52,10,False,False,20
ffnn_ewc_replay,adwin,879,1433,4,2018-02-28T17:50:01.719578,5000,0.0046,0.0046,0.0024,4957,32,11,False,False,20
ffnn_ewc_replay,adwin,880,1434,4,2018-02-28T17:52:28.092416,5000,0.0066,0.0066,0.0064,4925,55,20,False,False,20
ffnn_ewc_replay,adwin,881,1435,4,2018-02-28T17:55:18.244775,5000,0.0044,0.0044,0.0624,4660,323,17,False,False,20
ffnn_ewc_replay,adwin,882,1437,4,2018-02-28T18:00:28.804180,5000,0.0064,0.0064,0.0012,4950,34,16,False,False,20
ffnn_ewc_replay,adwin,883,1438,4,2018-02-28T18:03:36.768014,5000,0.0068,0.0068,0.0684,4631,357,12,False,False,20
ffnn_ewc_replay,adwin,884,1440,4,2018-02-28T18:09:36.154316,5000,0.0084,0.0084,0.106,4422,561,17,False,False,20
ffnn_ewc_replay,adwin,885,1441,4,2018-02-28T18:11:54.190650,5000,0.0072,0.0072,0.0,4955,28,17,False,False,20
ffnn_ewc_replay,adwin,886,1443,4,2018-02-28T18:17:11.691884,5000,0.0076,0.0076,0.0034,4942,38,20,False,False,20
ffnn_ewc_replay,adwin,887,1444,4,2018-02-28T18:19:56.207519,5000,0.0064,0.0064,0.0052,4943,41,16,False,False,20
ffnn_ewc_replay,adwin,888,1445,4,2018-02-28T18:22:43.683860,5000,0.0056,0.0056,0.0642,4653,338,9,False,False,20
ffnn_ewc_replay,adwin,889,1447,4,2018-02-28T18:28:09.321869,5000,0.0054,0.0054,0.0044,4946,36,18,False,False,20
ffnn_ewc_replay,adwin,890,1448,4,2018-02-28T18:30:34.210108,5000,0.007,0.007,0.0554,4690,295,15,False,False,20
ffnn_ewc_replay,adwin,891,1450,4,2018-02-28T18:35:36.335443,5000,0.0064,0.0064,0.1282,4325,663,12,False,False,20
ffnn_ewc_replay,adwin,892,1451,4,2018-02-28T18:38:00.499566,5000,0.004,0.004,0.0028,4965,26,9,False,False,20
ffnn_ewc_replay,adwin,893,1453,4,2018-02-28T18:43:12.388992,5000,0.005,0.005,0.0,4969,19,12,False,False,20
ffnn_ewc_replay,adwin,894,1454,4,2018-02-28T18:45:49.195459,5000,0.0046,0.0046,0.0,4970,15,15,False,False,20
ffnn_ewc_replay,adwin,895,1455,4,2018-02-28T18:48:33.342436,5000,0.0048,0.0048,0.0,4967,21,12,False,False,20
ffnn_ewc_replay,adwin,896,1457,4,2018-02-28T18:54:20.026510,5000,0.0108,0.0108,0.0,4932,47,21,False,False,20
ffnn_ewc_replay,adwin,897,1458,4,2018-02-28T18:57:33.052350,5000,0.009,0.009,0.0,4947,33,20,True,True,21
ffnn_ewc_replay,adwin,898,1460,4,2018-02-28T19:03:02.191273,5000,0.002,0.002,0.0,4987,10,3,False,False,21
ffnn_ewc_replay,adwin,899,1461,4,2018-02-28T19:06:08.091231,5000,0.0058,0.0058,0.0,4969,29,2,False,False,21
ffnn_ewc_replay,adwin,900,1463,4,2018-02-28T19:11:34.355578,5000,0.0034,0.0034,0.0,4979,14,7,False,False,21
ffnn_ewc_replay,adwin,901,1464,4,2018-02-28T19:14:22.282480,5000,0.0038,0.0038,0.0,4978,19,3,False,False,21
ffnn_ewc_replay,adwin,902,1465,4,2018-02-28T19:17:01.744068,5000,0.0032,0.0032,0.0,4981,16,3,False,False,21
ffnn_ewc_replay,adwin,903,1467,4,2018-02-28T19:22:08.014324,5000,0.0036,0.0036,0.0,4980,17,3,False,False,21
ffnn_ewc_replay,adwin,904,1468,4,2018-02-28T19:25:07.175020,5000,0.0038,0.0038,0.0,4977,16,7,False,False,21
ffnn_ewc_replay,adwin,905,1470,4,2018-02-28T19:31:18.983100,5000,0.0056,0.0056,0.0,4968,25,7,False,False,21
ffnn_ewc_replay,adwin,906,1471,4,2018-02-28T19:34:19.111752,5000,0.0038,0.0038,0.0,4976,18,6,False,False,21
ffnn_ewc_replay,adwin,907,1473,4,2018-02-28T19:40:58.205859,5000,0.0038,0.0038,0.0,4979,19,2,False,False,21
ffnn_ewc_replay,adwin,908,1474,4,2018-02-28T19:43:06.156822,5000,0.003,0.003,0.0,4983,13,4,False,False,21
ffnn_ewc_replay,adwin,909,1475,4,2018-02-28T19:45:02.791453,5000,0.0036,0.0036,0.0,4977,18,5,False,False,21
ffnn_ewc_replay,adwin,910,1477,4,2018-02-28T19:49:09.409491,5000,0.0046,0.0046,0.0,4976,22,2,False,False,21
ffnn_ewc_replay,adwin,911,1478,4,2018-02-28T19:51:42.278805,5000,0.0054,0.0054,0.0,4969,26,5,False,False,21
ffnn_ewc_replay,adwin,912,1480,4,2018-02-28T19:57:40.667750,5000,0.0048,0.0048,0.0,4976,24,0,False,False,21
ffnn_ewc_replay,adwin,913,1481,4,2018-02-28T20:00:39.505392,5000,0.0026,0.0026,0.0,4985,13,2,False,False,21
ffnn_ewc_replay,adwin,914,1483,4,2018-02-28T20:06:05.922387,5000,0.0038,0.0038,0.0,4980,18,2,False,False,21
ffnn_ewc_replay,adwin,915,1484,4,2018-02-28T20:08:53.087328,5000,0.003,0.003,0.0,4983,14,3,False,False,21
ffnn_ewc_replay,adwin,916,1485,4,2018-02-28T20:11:32.136790,5000,0.003,0.003,0.0,4983,15,2,False,False,21
ffnn_ewc_replay,adwin,917,1487,4,2018-02-28T20:16:57.996608,5000,0.003,0.003,0.0,4980,12,8,False,False,21
ffnn_ewc_replay,adwin,918,1488,4,2018-02-28T20:19:21.135614,5000,0.0048,0.0048,0.0,4973,22,5,False,False,21
ffnn_ewc_replay,adwin,919,1490,4,2018-02-28T20:24:58.930403,5000,0.0054,0.0054,0.0,4971,22,7,False,False,21
ffnn_ewc_replay,adwin,920,1491,4,2018-02-28T20:28:10.811457,5000,0.0042,0.0042,0.0,4971,20,9,False,False,21
ffnn_ewc_replay,adwin,921,1493,4,2018-02-28T20:33:46.211347,5000,0.0036,0.0036,0.0,4978,17,5,False,False,21
ffnn_ewc_replay,adwin,922,1494,4,2018-02-28T20:36:35.016953,5000,0.0032,0.0032,0.0,4982,14,4,False,False,21
ffnn_ewc_replay,adwin,923,1495,4,2018-02-28T20:39:14.222126,5000,0.0052,0.0052,0.0,4972,25,3,False,False,21
ffnn_ewc_replay,adwin,924,1497,4,2018-02-28T20:45:04.579952,5000,0.0032,0.0032,0.0,4981,14,5,False,False,21
ffnn_ewc_replay,adwin,925,1498,4,2018-02-28T20:48:03.991325,5000,0.0038,0.0038,0.0,4978,17,5,False,False,21
ffnn_ewc_replay,adwin,926,1500,4,2018-02-28T20:53:48.418987,5000,0.0034,0.0034,0.0,4979,15,6,False,False,21
ffnn_ewc_replay,adwin,927,1501,4,2018-02-28T20:56:48.491000,5000,0.0084,0.0084,0.0,4955,39,6,True,True,22
ffnn_ewc_replay,adwin,928,1503,4,2018-02-28T21:02:54.491415,5000,0.0052,0.0052,0.0,4971,26,3,False,False,22
ffnn_ewc_replay,adwin,929,1504,4,2018-02-28T21:06:43.660797,5000,0.0052,0.0052,0.0,4972,23,5,False,False,22
ffnn_ewc_replay,adwin,930,1505,4,2018-02-28T21:11:14.689634,5000,0.0044,0.0044,0.0,4978,21,1,False,False,22
ffnn_ewc_replay,adwin,931,1507,4,2018-02-28T21:19:09.272488,5000,0.0032,0.0032,0.0,4983,16,1,False,False,22
ffnn_ewc_replay,adwin,932,1508,4,2018-02-28T21:22:51.711468,5000,0.0034,0.0034,0.0,4982,16,2,False,False,22
ffnn_ewc_replay,adwin,933,1510,4,2018-02-28T21:37:34.367328,5000,0.0034,0.0034,0.0,4983,13,4,False,False,22
ffnn_ewc_replay,adwin,934,1511,4,2018-03-01T12:15:39.064732,5000,0.0046,0.0046,0.0,4972,11,17,False,False,22
ffnn_ewc_replay,adwin,935,1513,4,2018-03-01T12:19:54.520816,5000,0.0018,0.0018,0.0,4990,8,2,False,False,22
ffnn_ewc_replay,adwin,936,1514,4,2018-03-01T12:22:18.749644,5000,0.0042,0.0042,0.0,4978,21,1,False,False,22
ffnn_ewc_replay,adwin,937,1515,4,2018-03-01T12:25:00.144703,5000,0.0012,0.0012,0.0,4989,6,5,False,False,22
ffnn_ewc_replay,adwin,938,1517,4,2018-03-01T12:29:38.258143,5000,0.0018,0.0018,0.0,4991,9,0,False,False,22
ffnn_ewc_replay,adwin,939,1518,4,2018-03-01T12:32:14.296813,5000,0.001,0.001,0.0,4994,5,1,False,False,22
ffnn_ewc_replay,adwin,940,1520,4,2018-03-01T12:38:13.817216,5000,0.0024,0.0024,0.0,4987,11,2,True,False,22
ffnn_ewc_replay,adwin,941,1521,4,2018-03-01T12:41:37.816560,5000,0.0016,0.0016,0.0,4990,7,3,False,False,22
ffnn_ewc_replay,adwin,942,1523,4,2018-03-01T12:47:19.681475,5000,0.0044,0.0044,0.0,4977,22,1,False,False,22
ffnn_ewc_replay,adwin,943,1524,4,2018-03-01T12:50:08.679195,5000,0.003,0.003,0.0,4983,15,2,False,False,22
ffnn_ewc_replay,adwin,944,1525,4,2018-03-01T12:52:44.849046,5000,0.0054,0.0054,0.0,4972,27,1,True,True,23
ffnn_ewc_replay,adwin,945,1527,4,2018-03-01T12:58:09.517876,5000,0.001,0.001,0.0,4995,5,0,False,False,23
ffnn_ewc_replay,adwin,946,1528,4,2018-03-01T13:01:04.025574,5000,0.001,0.001,0.0,4995,4,1,False,False,23
ffnn_ewc_replay,adwin,947,1530,4,2018-03-01T13:07:26.167718,5000,0.002,0.002,0.0,4989,9,2,False,False,23
ffnn_ewc_replay,adwin,948,1531,4,2018-03-01T13:10:24.497541,5000,0.0012,0.0012,0.0,4993,5,2,False,False,23
ffnn_ewc_replay,adwin,949,1533,4,2018-03-01T13:16:15.288675,5000,0.0014,0.0014,0.0,4992,6,2,False,False,23
ffnn_ewc_replay,adwin,950,1534,4,2018-03-01T13:18:50.416620,5000,0.0022,0.0022,0.0,4988,9,3,False,False,23
ffnn_ewc_replay,adwin,951,1535,4,2018-03-01T13:21:32.793833,5000,0.001,0.001,0.0,4993,4,3,False,False,23
ffnn_ewc_replay,adwin,952,1537,4,2018-03-01T13:27:37.928243,5000,0.0022,0.0022,0.0,4984,7,9,False,False,23
ffnn_ewc_replay,adwin,953,1538,4,2018-03-01T13:30:03.559592,5000,0.0028,0.0028,0.0,4985,13,2,False,False,23
ffnn_ewc_replay,adwin,954,1540,4,2018-03-01T13:36:08.355775,5000,0.0028,0.0028,0.0,4985,9,6,False,False,23
ffnn_ewc_replay,adwin,955,1541,4,2018-03-01T13:38:26.280661,5000,0.0034,0.0034,0.0,4981,16,3,False,False,23
ffnn_ewc_replay,adwin,956,1543,4,2018-03-01T13:43:47.341437,5000,0.0014,0.0014,0.0,4993,5,2,False,False,23
ffnn_ewc_replay,adwin,957,1544,4,2018-03-01T13:46:06.884226,5000,0.0018,0.0018,0.0,4991,6,3,False,False,23
ffnn_ewc_replay,adwin,958,1545,4,2018-03-01T13:48:20.769235,5000,0.004,0.004,0.0,4979,20,1,False,False,23
ffnn_ewc_replay,adwin,959,1547,4,2018-03-01T13:53:26.821215,5000,0.0022,0.0022,0.0,4987,11,2,False,False,23
ffnn_ewc_replay,adwin,960,1548,4,2018-03-01T13:55:45.639117,5000,0.0026,0.0026,0.0002,4988,12,0,False,False,23
ffnn_ewc_replay,adwin,961,1550,4,2018-03-01T14:00:59.495517,5000,0.0046,0.0046,0.0,4975,22,3,False,False,23
ffnn_ewc_replay,adwin,962,1551,4,2018-03-01T14:03:36.758885,5000,0.0048,0.0048,0.0,4975,23,2,False,False,23
ffnn_ewc_replay,adwin,963,1553,4,2018-03-01T14:09:13.280536,5000,0.0022,0.0022,0.0018,4983,15,2,False,False,23
ffnn_ewc_replay,adwin,964,1554,4,2018-03-01T14:12:25.287294,5000,0.0012,0.0012,0.0692,4652,347,1,False,False,23
ffnn_ewc_replay,adwin,965,1555,4,2018-03-01T14:14:34.150013,5000,0.0026,0.0026,0.0086,4951,46,3,False,False,23
ffnn_ewc_replay,adwin,966,1557,4,2018-03-01T14:19:01.658610,5000,0.0036,0.0036,0.0064,4954,44,2,False,False,23
ffnn_ewc_replay,adwin,967,1558,4,2018-03-01T14:21:34.089448,5000,0.0016,0.0016,0.0668,4661,336,3,False,False,23
ffnn_ewc_replay,adwin,968,1560,4,2018-03-01T14:26:14.929685,5000,0.0028,0.0028,0.125,4368,627,5,False,False,23
ffnn_ewc_replay,adwin,969,1561,4,2018-03-01T14:28:22.228934,5000,0.0026,0.0026,0.001,4982,13,5,False,False,23
ffnn_ewc_replay,adwin,970,1563,4,2018-03-01T14:33:19.506772,5000,0.0018,0.0018,0.0002,4992,7,1,False,False,23
ffnn_ewc_replay,adwin,971,1564,4,2018-03-01T14:35:54.318348,5000,0.0034,0.0034,0.0046,4962,36,2,False,False,23
ffnn_ewc_replay,adwin,972,1565,4,2018-03-01T14:38:41.827852,5000,0.0018,0.0018,0.0646,4670,327,3,False,False,23
ffnn_ewc_replay,adwin,973,1567,4,2018-03-01T14:44:07.900224,5000,0.0012,0.0012,0.0036,4976,24,0,False,False,23
ffnn_ewc_replay,adwin,974,1568,4,2018-03-01T14:46:13.674041,5000,0.002,0.002,0.0656,4658,333,9,False,False,23
ffnn_ewc_replay,adwin,975,1570,4,2018-03-01T14:50:48.492067,5000,0.001,0.001,0.1212,4390,607,3,False,False,23
ffnn_ewc_replay,adwin,976,1571,4,2018-03-01T14:53:21.014744,5000,0.002,0.002,0.0048,4971,27,2,False,False,23
ffnn_ewc_replay,adwin,977,1573,4,2018-03-01T14:58:30.050328,5000,0.0028,0.0028,0.0002,4987,13,0,False,False,23
ffnn_ewc_replay,adwin,978,1574,4,2018-03-01T15:01:13.539752,5000,0.002,0.002,0.0,4988,10,2,False,False,23
ffnn_ewc_replay,adwin,979,1575,4,2018-03-01T15:03:42.167073,5000,0.0014,0.0014,0.0,4993,6,1,False,False,23
ffnn_ewc_replay,adwin,980,1577,4,2018-03-01T15:09:27.919316,5000,0.0022,0.0022,0.0,4983,10,7,False,False,23
ffnn_ewc_replay,adwin,981,1578,4,2018-03-01T15:12:01.136952,5000,0.0022,0.0022,0.0,4989,10,1,False,False,23
ffnn_ewc_replay,adwin,982,1580,4,2018-03-01T15:16:58.700686,5000,0.0022,0.0022,0.0,4988,11,1,False,False,23
ffnn_ewc_replay,adwin,983,1581,4,2018-03-01T15:19:38.110667,5000,0.0022,0.0022,0.0,4986,9,5,False,False,23
ffnn_ewc_replay,adwin,984,1583,4,2018-03-01T15:25:01.905960,5000,0.0012,0.0012,0.0,4992,5,3,False,False,23
ffnn_ewc_replay,adwin,985,1584,4,2018-03-01T15:27:58.491446,5000,0.0022,0.0022,0.0002,4987,6,7,False,False,23
ffnn_ewc_replay,adwin,986,1585,4,2018-03-01T15:30:27.858661,5000,0.0026,0.0026,0.0,4987,10,3,False,False,23
ffnn_ewc_replay,adwin,987,1587,4,2018-03-01T15:36:10.787942,5000,0.0026,0.0026,0.0,4987,12,1,False,False,23
ffnn_ewc_replay,adwin,988,1588,4,2018-03-01T15:39:17.159627,5000,0.0032,0.0032,0.0,4983,15,2,False,False,23
ffnn_ewc_replay,adwin,989,1590,4,2018-03-01T15:44:44.780646,5000,0.0014,0.0014,0.0,4992,5,3,False,False,23
ffnn_ewc_replay,adwin,990,1591,4,2018-03-01T15:47:04.636021,5000,0.002,0.002,0.0,4988,8,4,False,False,23
ffnn_ewc_replay,adwin,991,1593,4,2018-03-01T15:52:15.300667,5000,0.002,0.002,0.0,4988,9,3,False,False,23
ffnn_ewc_replay,adwin,992,1594,4,2018-03-01T15:55:04.185327,5000,0.0022,0.0022,0.0,4989,8,3,False,False,23
ffnn_ewc_replay,adwin,993,1595,4,2018-03-01T15:58:08.209089,5000,0.0028,0.0028,0.0002,4987,8,5,False,False,23
ffnn_ewc_replay,adwin,994,1597,4,2018-03-01T16:04:26.948584,5000,0.0036,0.0036,0.0,4980,17,3,False,False,23
ffnn_ewc_replay,adwin,995,1598,4,2018-03-01T16:08:04.358728,5000,0.005,0.005,0.0002,4973,17,10,False,False,23
ffnn_ewc_replay,adwin,996,1600,4,2018-03-01T16:15:41.894407,5000,0.0022,0.0022,0.0,4989,8,3,False,False,23
ffnn_ewc_replay,adwin,997,1601,4,2018-03-01T16:19:13.044189,5000,0.0024,0.0024,0.0,4987,12,1,False,False,23
ffnn_ewc_replay,adwin,998,1603,4,2018-03-01T16:26:28.629214,5000,0.001,0.001,0.0,4994,4,2,False,False,23
ffnn_ewc_replay,adwin,999,1604,4,2018-03-01T16:29:20.283460,5000,0.0026,0.0026,0.0,4985,12,3,False,False,23
ffnn_ewc_replay,adwin,1000,1605,4,2018-03-01T16:32:49.813418,5000,0.0058,0.0058,0.0002,4972,24,4,False,False,23
ffnn_ewc_replay,adwin,1001,1607,4,2018-03-01T16:41:01.523699,5000,0.0034,0.0034,0.0,4983,12,5,True,True,24
ffnn_ewc_replay,adwin,1002,1608,4,2018-03-01T16:44:57.367559,5000,0.0044,0.0044,0.0,4976,21,3,False,False,24
ffnn_ewc_replay,adwin,1003,1610,4,2018-03-01T16:52:08.156667,5000,0.0042,0.0042,0.0,4974,20,6,False,False,24
ffnn_ewc_replay,adwin,1004,1611,4,2018-03-01T16:55:18.186328,5000,0.0034,0.0034,0.0,4980,17,3,False,False,24
ffnn_ewc_replay,adwin,1005,1613,4,2018-03-01T17:02:03.357739,5000,0.0046,0.0046,0.0,4973,21,6,False,False,24
ffnn_ewc_replay,adwin,1006,1614,4,2018-03-01T17:05:47.392038,5000,0.0042,0.0042,0.0,4973,20,7,False,False,24
ffnn_ewc_replay,adwin,1007,1615,4,2018-03-01T17:08:53.938579,5000,0.0038,0.0038,0.0,4978,17,5,False,False,24
ffnn_ewc_replay,adwin,1008,1617,4,2018-03-01T17:15:22.519975,5000,0.004,0.004,0.0,4974,18,8,False,False,24
ffnn_ewc_replay,adwin,1009,1618,4,2018-03-01T17:18:05.099486,5000,0.0032,0.0032,0.0,4983,14,3,False,False,24
ffnn_ewc_replay,adwin,1010,1620,4,2018-03-01T17:24:10.081500,5000,0.0032,0.0032,0.0,4979,15,6,False,False,24
ffnn_ewc_replay,adwin,1011,1621,4,2018-03-01T17:26:48.371694,5000,0.0066,0.0066,0.0,4961,31,8,False,False,24
ffnn_ewc_replay,adwin,1012,1623,4,2018-03-01T17:33:13.999588,5000,0.003,0.003,0.0002,4978,14,8,False,False,24
ffnn_ewc_replay,adwin,1013,1624,4,2018-03-01T17:36:12.343514,5000,0.005,0.005,0.0,4974,23,3,False,False,24
ffnn_ewc_replay,adwin,1014,1625,4,2018-03-01T17:38:40.668586,5000,0.0054,0.0054,0.0,4970,23,7,False,False,24
ffnn_ewc_replay,adwin,1015,1627,4,2018-03-01T17:43:18.146886,5000,0.004,0.004,0.0,4972,18,10,False,False,24
ffnn_ewc_replay,adwin,1016,1628,4,2018-03-01T17:45:47.673065,5000,0.0042,0.0042,0.0,4975,14,11,False,False,24
ffnn_ewc_replay,adwin,1017,1630,4,2018-03-01T17:50:44.426499,5000,0.0038,0.0038,0.0,4980,17,3,False,False,24
ffnn_ewc_replay,adwin,1018,1631,4,2018-03-01T17:53:30.857262,5000,0.0026,0.0026,0.0,4984,9,7,False,False,24
ffnn_ewc_replay,adwin,1019,1633,4,2018-03-01T17:58:37.707318,5000,0.004,0.004,0.0,4975,17,8,False,False,24
ffnn_ewc_replay,adwin,1020,1634,4,2018-03-01T18:01:12.348098,5000,0.0044,0.0044,0.0,4971,18,11,False,False,24
ffnn_ewc_replay,adwin,1021,1635,4,2018-03-01T18:03:41.751971,5000,0.0046,0.0046,0.0,4970,20,10,False,False,24
ffnn_ewc_replay,adwin,1022,1637,4,2018-03-01T18:08:36.395425,5000,0.0034,0.0034,0.0,4979,14,7,False,False,24
ffnn_ewc_replay,adwin,1023,1638,4,2018-03-01T18:11:00.830699,5000,0.0038,0.0038,0.0002,4974,16,10,False,False,24
ffnn_ewc_replay,adwin,1024,1640,4,2018-03-01T18:16:21.522827,5000,0.0042,0.0042,0.0,4976,18,6,False,False,24
ffnn_ewc_replay,adwin,1025,1641,4,2018-03-01T18:19:11.575269,5000,0.0052,0.0052,0.0,4966,23,11,False,False,24
ffnn_ewc_replay,adwin,1026,1643,4,2018-03-01T18:24:44.573248,5000,0.0042,0.0042,0.0026,4961,32,7,False,False,24
ffnn_ewc_replay,adwin,1027,1644,4,2018-03-01T18:27:41.561447,5000,0.0058,0.0058,0.0068,4934,54,12,False,False,24
ffnn_ewc_replay,adwin,1028,1645,4,2018-03-01T18:30:13.910260,5000,0.005,0.005,0.0678,4632,362,6,False,False,24
ffnn_ewc_replay,adwin,1029,1647,4,2018-03-01T18:34:58.069725,5000,0.0062,0.0062,0.0062,4928,61,11,False,False,24
ffnn_ewc_replay,adwin,1030,1648,4,2018-03-01T18:37:50.883129,5000,0.0052,0.0052,0.1332,4305,687,8,False,False,24
ffnn_ewc_replay,adwin,1031,1650,4,2018-03-01T18:42:28.959660,5000,0.0078,0.0078,0.0046,4933,53,14,False,False,24
ffnn_ewc_replay,adwin,1032,1651,4,2018-03-01T18:45:30.722511,5000,0.006,0.006,0.0028,4949,40,11,True,True,25
ffnn_ewc_replay,adwin,1033,1653,4,2018-03-01T18:51:32.112280,5000,0.0046,0.0046,0.0,4975,18,7,False,False,25
ffnn_ewc_replay,adwin,1034,1654,4,2018-03-01T18:54:29.680067,5000,0.006,0.006,0.0002,4966,29,5,False,False,25
ffnn_ewc_replay,adwin,1035,1655,4,2018-03-01T18:57:18.370140,5000,0.0036,0.0036,0.0002,4980,14,6,False,False,25
ffnn_ewc_replay,adwin,1036,1657,4,2018-03-01T19:02:13.523563,5000,0.005,0.005,0.0,4971,16,13,False,False,25
ffnn_ewc_replay,adwin,1037,1658,4,2018-03-01T19:04:39.830265,5000,0.0062,0.0062,0.0,4966,27,7,False,False,25
ffnn_ewc_replay,adwin,1038,1660,4,2018-03-01T19:10:10.227017,5000,0.0056,0.0056,0.0,4968,23,9,False,False,25
ffnn_ewc_replay,adwin,1039,1661,4,2018-03-01T19:12:43.294289,5000,0.004,0.004,0.0,4974,12,14,False,False,25
ffnn_ewc_replay,adwin,1040,1663,4,2018-03-01T19:18:06.538080,5000,0.0052,0.0052,0.001,4962,24,14,False,False,25
ffnn_ewc_replay,adwin,1041,1664,4,2018-03-01T19:21:06.010794,5000,0.0054,0.0054,0.0024,4959,34,7,False,False,25
ffnn_ewc_replay,adwin,1042,1665,4,2018-03-01T19:24:18.791768,5000,0.0068,0.0068,0.005,4940,51,9,False,False,25
ffnn_ewc_replay,adwin,1043,1667,4,2018-03-01T19:29:18.215892,5000,0.0056,0.0056,0.0062,4932,55,13,False,False,25
ffnn_ewc_replay,adwin,1044,1668,4,2018-03-01T19:31:56.186918,5000,0.006,0.006,0.0058,4934,47,19,False,False,25
ffnn_ewc_replay,adwin,1045,1670,4,2018-03-01T19:37:37.902546,5000,0.0052,0.0052,0.0004,4965,24,11,False,False,25
ffnn_ewc_replay,adwin,1046,1671,4,2018-03-01T19:40:37.657394,5000,0.005,0.005,0.0,4967,20,13,False,False,25
ffnn_ewc_replay,adwin,1047,1673,4,2018-03-01T19:46:05.303230,5000,0.0048,0.0048,0.0,4968,10,22,False,False,25
ffnn_ewc_replay,adwin,1048,1674,4,2018-03-01T19:48:56.380285,5000,0.007,0.007,0.0,4956,23,21,False,False,25
ffnn_ewc_replay,adwin,1049,1675,4,2018-03-01T19:52:00.307188,5000,0.0054,0.0054,0.0,4966,20,14,False,False,25
ffnn_ewc_replay,adwin,1050,1677,4,2018-03-01T19:57:46.760246,5000,0.003,0.003,0.0,4984,8,8,False,False,25
ffnn_ewc_replay,adwin,1051,1678,4,2018-03-01T20:00:19.885005,5000,0.0064,0.0064,0.0,4961,27,12,False,False,25
ffnn_ewc_replay,adwin,1052,1680,4,2018-03-01T20:05:49.191560,5000,0.0032,0.0032,0.0,4977,12,11,False,False,25
ffnn_ewc_replay,adwin,1053,1681,4,2018-03-01T20:08:34.609206,5000,0.003,0.003,0.0,4980,12,8,False,False,25
ffnn_ewc_replay,adwin,1054,1683,4,2018-03-01T20:14:16.648573,5000,0.0036,0.0036,0.0,4980,15,5,False,False,25
ffnn_ewc_replay,adwin,1055,1684,4,2018-03-01T20:17:09.814968,5000,0.0058,0.0058,0.0,4965,24,11,False,False,25
ffnn_ewc_replay,adwin,1056,1685,4,2018-03-01T20:20:21.832141,5000,0.008,0.008,0.0,4956,34,10,False,False,25
ffnn_ewc_replay,adwin,1057,1687,4,2018-03-01T20:26:20.749782,5000,0.006,0.006,0.0,4970,29,1,False,False,25
ffnn_ewc_replay,adwin,1058,1688,4,2018-03-01T20:28:57.131580,5000,0.009,0.009,0.0,4955,45,0,True,True,26
ffnn_ewc_replay,adwin,1059,1690,4,2018-03-01T20:34:16.402648,5000,0.001,0.001,0.0,4994,5,1,False,False,26
ffnn_ewc_replay,adwin,1060,1691,4,2018-03-01T20:37:03.368126,5000,0.003,0.003,0.0,4982,15,3,False,False,26
ffnn_ewc_replay,adwin,1061,1693,4,2018-03-01T20:42:40.210239,5000,0.0018,0.0018,0.0,4990,9,1,False,False,26
ffnn_ewc_replay,adwin,1062,1694,4,2018-03-01T20:45:22.988289,5000,0.0022,0.0022,0.0,4989,10,1,False,False,26
ffnn_ewc_replay,adwin,1063,1695,4,2018-03-01T20:48:36.311880,5000,0.0022,0.0022,0.0,4988,11,1,False,False,26
ffnn_ewc_replay,adwin,1064,1697,4,2018-03-01T20:54:25.443243,5000,0.003,0.003,0.0,4985,15,0,False,False,26
ffnn_ewc_replay,adwin,1065,1698,4,2018-03-01T20:57:12.957229,5000,0.0012,0.0012,0.0,4993,6,1,False,False,26
ffnn_ewc_replay,adwin,1066,1700,4,2018-03-01T21:02:39.490159,5000,0.0026,0.0026,0.0,4986,13,1,False,False,26
ffnn_ewc_replay,adwin,1067,1701,4,2018-03-01T21:06:12.223803,5000,0.0018,0.0018,0.0,4988,8,4,False,False,26
ffnn_ewc_replay,adwin,1068,1703,4,2018-03-01T21:14:39.841850,5000,0.0034,0.0034,0.0,4983,16,1,False,False,26
ffnn_ewc_replay,adwin,1069,1704,4,2018-03-01T21:18:58.955179,5000,0.0022,0.0022,0.0,4987,11,2,False,False,26
ffnn_ewc_replay,adwin,1070,1705,4,2018-03-01T21:23:28.699123,5000,0.0038,0.0038,0.0,4979,19,2,False,False,26
ffnn_ewc_replay,adwin,1071,1707,4,2018-03-01T21:41:32.691354,3203,0.002497658445207618,0.002497658445207618,0.0,3193,8,2,False,False,26
ffnn_ewc_replay,adwin,1072,1708,5,2018-03-02T12:46:22.317145,5000,0.0026,0.0026,0.0,4986,11,3,False,False,26
ffnn_ewc_replay,adwin,1073,1709,5,2018-03-02T12:47:36.499503,5000,0.008,0.008,0.0,4960,40,0,True,True,27
ffnn_ewc_replay,adwin,1074,1711,5,2018-03-02T12:52:36.584883,5000,0.001,0.001,0.0,4991,5,4,False,False,27
ffnn_ewc_replay,adwin,1075,1712,5,2018-03-02T12:55:19.390202,5000,0.0008,0.0008,0.0,4994,3,3,False,False,27
ffnn_ewc_replay,adwin,1076,1714,5,2018-03-02T13:00:29.758855,5000,0.001,0.001,0.0,4990,3,7,False,False,27
ffnn_ewc_replay,adwin,1077,1715,5,2018-03-02T13:03:08.609046,5000,0.0106,0.0106,0.0,4942,50,8,True,False,27
ffnn_ewc_replay,adwin,1078,1717,5,2018-03-02T13:09:17.357015,5000,0.0016,0.0016,0.0,4991,5,4,True,False,27
ffnn_ewc_replay,adwin,1079,1718,5,2018-03-02T13:12:21.583784,5000,0.0006,0.0006,0.0,4992,3,5,False,False,27
ffnn_ewc_replay,adwin,1080,1719,5,2018-03-02T13:14:45.899218,5000,0.001,0.001,0.0,4993,4,3,False,False,27
ffnn_ewc_replay,adwin,1081,1721,5,2018-03-02T13:20:11.711197,5000,0.0016,0.0016,0.0,4989,7,4,False,False,27
ffnn_ewc_replay,adwin,1082,1722,5,2018-03-02T13:22:58.824595,5000,0.0012,0.0012,0.0,4991,6,3,False,False,27
ffnn_ewc_replay,adwin,1083,1724,5,2018-03-02T13:28:43.393310,5000,0.001,0.001,0.0,4994,4,2,False,False,27
ffnn_ewc_replay,adwin,1084,1725,5,2018-03-02T13:32:03.276485,5000,0.0008,0.0008,0.0,4995,3,2,False,False,27
ffnn_ewc_replay,adwin,1085,1727,5,2018-03-02T13:37:51.404348,5000,0.0012,0.0012,0.0,4991,5,4,False,False,27
ffnn_ewc_replay,adwin,1086,1728,5,2018-03-02T13:40:46.678532,5000,0.0012,0.0012,0.0,4993,4,3,False,False,27
ffnn_ewc_replay,adwin,1087,1729,5,2018-03-02T13:42:57.056700,5000,0.0016,0.0016,0.0,4990,5,5,False,False,27
ffnn_ewc_replay,adwin,1088,1731,5,2018-03-02T13:47:54.132284,5000,0.0006,0.0006,0.0,4994,2,4,False,False,27
ffnn_ewc_replay,adwin,1089,1732,5,2018-03-02T13:49:49.112030,5000,0.0008,0.0008,0.0,4990,4,6,False,False,27
ffnn_ewc_replay,adwin,1090,1734,5,2018-03-02T13:54:42.985786,5000,0.0006,0.0006,0.0,4995,3,2,False,False,27
ffnn_ewc_replay,adwin,1091,1735,5,2018-03-02T13:57:13.861823,5000,0.0008,0.0008,0.0,4993,3,4,False,False,27
ffnn_ewc_replay,adwin,1092,1737,5,2018-03-02T14:02:21.812038,5000,0.0012,0.0012,0.0,4992,6,2,False,False,27
ffnn_ewc_replay,adwin,1093,1738,5,2018-03-02T14:05:10.386948,5000,0.0016,0.0016,0.0,4990,8,2,False,False,27
ffnn_ewc_replay,adwin,1094,1739,5,2018-03-02T14:08:05.591211,5000,0.0008,0.0008,0.0,4993,3,4,False,False,27
ffnn_ewc_replay,adwin,1095,1741,5,2018-03-02T14:14:21.355369,5000,0.0038,0.0038,0.002,4985,8,7,True,True,28
ffnn_ewc_replay,adwin,1096,1742,5,2018-03-02T14:17:07.610670,5000,0.001,0.001,0.0042,4971,26,3,False,False,28
ffnn_ewc_replay,adwin,1097,1744,5,2018-03-02T14:22:09.547822,5000,0.0192,0.0192,0.008,4798,132,70,True,False,28
ffnn_ewc_replay,adwin,1098,1745,5,2018-03-02T14:25:20.862348,5000,0.0014,0.0014,0.008,4953,47,0,False,False,28
ffnn_ewc_replay,adwin,1099,1747,5,2018-03-02T14:31:14.452065,5000,0.0024,0.0024,0.0138,4916,81,3,False,False,28
ffnn_ewc_replay,adwin,1100,1748,5,2018-03-02T14:34:36.973531,5000,0.0014,0.0014,0.0108,4938,60,2,False,False,28
ffnn_ewc_replay,adwin,1101,1749,5,2018-03-02T14:36:55.869038,5000,0.002,0.002,0.0194,4891,106,3,False,False,28
ffnn_ewc_replay,adwin,1102,1751,5,2018-03-02T14:42:32.113551,5000,0.0028,0.0028,0.0396,4791,204,5,False,False,28
ffnn_ewc_replay,adwin,1103,1752,5,2018-03-02T14:45:24.533147,5000,0.0018,0.0018,0.082,4582,416,2,False,False,28
ffnn_ewc_replay,adwin,1104,1754,5,2018-03-02T14:49:44.295175,5000,0.0008,0.0008,0.0458,4766,233,1,False,False,28
ffnn_ewc_replay,adwin,1105,1755,5,2018-03-02T14:52:11.810166,5000,0.0022,0.0022,0.0256,4858,137,5,False,False,28
ffnn_ewc_replay,adwin,1106,1757,5,2018-03-02T14:57:34.141644,5000,0.0018,0.0018,0.0266,4855,142,3,False,False,28
ffnn_ewc_replay,adwin,1107,1758,5,2018-03-02T15:00:29.541355,5000,0.0014,0.0014,0.0204,4890,109,1,False,False,28
ffnn_ewc_replay,adwin,1108,1759,5,2018-03-02T15:02:29.652686,5000,0.0014,0.0014,0.0292,4844,151,5,False,False,28
ffnn_ewc_replay,adwin,1109,1761,5,2018-03-02T15:07:40.295450,5000,0.0024,0.0024,0.092,4528,466,6,False,False,28
ffnn_ewc_replay,adwin,1110,1762,5,2018-03-02T15:10:28.984092,5000,0.0026,0.0026,0.0812,4591,404,5,False,False,28
ffnn_ewc_replay,adwin,1111,1764,5,2018-03-02T15:15:15.325340,5000,0.0026,0.0026,0.0702,4646,349,5,False,False,28
ffnn_ewc_replay,adwin,1112,1765,5,2018-03-02T15:17:01.586472,5000,0.0012,0.0012,0.0868,4564,433,3,False,False,28
ffnn_ewc_replay,adwin,1113,1767,5,2018-03-02T15:21:11.681216,5000,0.0024,0.0024,0.088,4556,442,2,False,False,28
ffnn_ewc_replay,adwin,1114,1768,5,2018-03-02T15:23:39.212158,5000,0.0034,0.0034,0.1032,4485,512,3,False,False,28
ffnn_ewc_replay,adwin,1115,1769,5,2018-03-02T15:26:34.607640,5000,0.0012,0.0012,0.0852,4570,426,4,False,False,28
ffnn_ewc_replay,adwin,1116,1771,5,2018-03-02T15:30:48.940802,5000,0.0016,0.0016,0.1008,4494,504,2,False,False,28
ffnn_ewc_replay,adwin,1117,1772,5,2018-03-02T15:33:23.996093,5000,0.0016,0.0016,0.0882,4555,442,3,False,False,28
ffnn_ewc_replay,adwin,1118,1774,5,2018-03-02T15:38:56.809322,5000,0.0012,0.0012,0.0254,4861,133,6,False,False,28
ffnn_ewc_replay,adwin,1119,1775,5,2018-03-02T15:42:07.705764,5000,0.0008,0.0008,0.0184,4902,96,2,False,False,28
ffnn_ewc_replay,adwin,1120,1777,5,2018-03-02T15:46:59.866441,5000,0.0012,0.0012,0.0194,4894,102,4,False,False,28
ffnn_ewc_replay,adwin,1121,1778,5,2018-03-02T15:49:30.907015,5000,0.001,0.001,0.0204,4889,106,5,False,False,28
ffnn_ewc_replay,adwin,1122,1779,5,2018-03-02T15:52:03.941287,5000,0.0008,0.0008,0.0246,4868,126,6,False,False,28
ffnn_ewc_replay,adwin,1123,1781,5,2018-03-02T15:57:32.214931,5000,0.0018,0.0018,0.0276,4844,147,9,False,False,28
ffnn_ewc_replay,adwin,1124,1782,5,2018-03-02T16:00:14.834751,5000,0.0016,0.0016,0.022,4881,117,2,False,False,28
ffnn_ewc_replay,adwin,1125,1784,5,2018-03-02T16:06:16.251849,5000,0.0012,0.0012,0.0288,4847,149,4,False,False,28
ffnn_ewc_replay,adwin,1126,1785,5,2018-03-02T16:09:49.796878,5000,0.0232,0.0232,0.028,4694,251,55,True,True,29
ffnn_ewc_replay,adwin,1127,1787,5,2018-03-02T16:16:44.110568,5000,0.001,0.001,0.0286,4852,147,1,False,False,29
ffnn_ewc_replay,adwin,1128,1788,5,2018-03-02T16:19:53.700602,5000,0.0006,0.0006,0.0236,4878,121,1,False,False,29
ffnn_ewc_replay,adwin,1129,1789,5,2018-03-02T16:23:09.110800,5000,0.0014,0.0014,0.0254,4866,134,0,False,False,29
ffnn_ewc_replay,adwin,1130,1791,5,2018-03-02T16:29:31.469714,5000,0.0006,0.0006,0.0218,4888,112,0,False,False,29
ffnn_ewc_replay,adwin,1131,1792,5,2018-03-02T16:32:19.139474,5000,0.0008,0.0008,0.0318,4836,162,2,False,False,29
ffnn_ewc_replay,adwin,1132,1794,5,2018-03-02T16:40:21.310190,5000,0.0018,0.0018,0.0298,4842,158,0,False,False,29
ffnn_ewc_replay,adwin,1133,1795,5,2018-03-02T16:44:05.186222,5000,0.0014,0.0014,0.0254,4866,134,0,False,False,29
ffnn_ewc_replay,adwin,1134,1797,5,2018-03-02T16:50:40.378543,5000,0.0012,0.0012,0.0264,4862,137,1,False,False,29
ffnn_ewc_replay,adwin,1135,1798,5,2018-03-02T16:53:54.049860,5000,0.0014,0.0014,0.0286,4850,148,2,False,False,29
ffnn_ewc_replay,adwin,1136,1799,5,2018-03-02T16:57:07.799647,5000,0.0008,0.0008,0.0184,4901,96,3,False,False,29
ffnn_ewc_replay,adwin,1137,1801,5,2018-03-02T17:03:38.871557,5000,0.001,0.001,0.0298,4846,153,1,False,False,29
ffnn_ewc_replay,adwin,1138,1802,5,2018-03-02T17:07:28.584421,5000,0.0016,0.0016,0.0298,4843,157,0,False,False,29
ffnn_ewc_replay,adwin,1139,1804,5,2018-03-02T17:13:37.942539,5000,0.0034,0.0034,0.0266,4850,149,1,False,False,29
ffnn_ewc_replay,adwin,1140,1805,5,2018-03-02T17:16:50.423856,5000,0.0048,0.0048,0.0254,4846,149,5,True,True,30
ffnn_ewc_replay,adwin,1141,1807,5,2018-03-02T17:22:59.650664,5000,0.0018,0.0018,0.0236,4873,123,4,False,False,30
ffnn_ewc_replay,adwin,1142,1808,5,2018-03-02T17:25:51.492516,5000,0.0004,0.0004,0.0192,4902,98,0,False,False,30
ffnn_ewc_replay,adwin,1143,1809,5,2018-03-02T17:28:17.031496,5000,0.0062,0.0062,0.0194,4870,128,2,True,False,30
ffnn_ewc_replay,adwin,1144,1811,5,2018-03-02T17:33:11.803515,5000,0.0022,0.0022,0.0218,4880,116,4,False,False,30
ffnn_ewc_replay,adwin,1145,1812,5,2018-03-02T17:35:57.026588,5000,0.0012,0.0012,0.0192,4894,100,6,False,False,30
ffnn_ewc_replay,adwin,1146,1814,5,2018-03-02T17:40:39.863670,5000,0.001,0.001,0.0224,4883,114,3,False,False,30
ffnn_ewc_replay,adwin,1147,1815,5,2018-03-02T17:43:08.146983,5000,0.0006,0.0006,0.0224,4885,112,3,False,False,30
ffnn_ewc_replay,adwin,1148,1817,5,2018-03-02T17:48:15.082408,5000,0.0008,0.0008,0.0204,4892,105,3,False,False,30
ffnn_ewc_replay,adwin,1149,1818,5,2018-03-02T17:51:00.668453,5000,0.001,0.001,0.02,4894,103,3,False,False,30
ffnn_ewc_replay,adwin,1150,1819,5,2018-03-02T17:53:37.847796,5000,0.001,0.001,0.024,4874,122,4,False,False,30
ffnn_ewc_replay,adwin,1151,1821,5,2018-03-02T17:58:42.614550,5000,0.001,0.001,0.0192,4899,99,2,False,False,30
ffnn_ewc_replay,adwin,1152,1822,5,2018-03-02T18:01:24.120953,5000,0.0006,0.0006,0.0206,4890,105,5,False,False,30
ffnn_ewc_replay,adwin,1153,1824,5,2018-03-02T18:06:36.146020,5000,0.0004,0.0004,0.019,4903,96,1,False,False,30
ffnn_ewc_replay,adwin,1154,1825,5,2018-03-02T18:09:21.870157,5000,0.0008,0.0008,0.0212,4890,108,2,False,False,30
ffnn_ewc_replay,adwin,1155,1827,5,2018-03-02T18:14:54.563419,5000,0.0084,0.0084,0.023,4842,155,3,True,True,31
ffnn_ewc_replay,adwin,1156,1828,5,2018-03-02T18:17:30.731893,5000,0.0006,0.0006,0.0226,4883,115,2,True,False,31
ffnn_ewc_replay,adwin,1157,1829,5,2018-03-02T18:20:20.948015,5000,0.001,0.001,0.0218,4886,112,2,False,False,31
ffnn_ewc_replay,adwin,1158,1831,5,2018-03-02T18:25:39.847590,5000,0.0004,0.0004,0.093,4532,466,2,False,False,31
ffnn_ewc_replay,adwin,1159,1832,5,2018-03-02T18:28:25.923594,5000,0.0006,0.0006,0.0466,4762,235,3,False,False,31
ffnn_ewc_replay,adwin,1160,1834,5,2018-03-02T18:33:56.359075,5000,0.001,0.001,0.0234,4873,121,6,False,False,31
ffnn_ewc_replay,adwin,1161,1835,5,2018-03-02T18:36:47.869863,5000,0.0004,0.0004,0.0228,4884,115,1,False,False,31
ffnn_ewc_replay,adwin,1162,1837,5,2018-03-02T18:42:09.067760,5000,0.0006,0.0006,0.0222,4885,114,1,False,False,31
ffnn_ewc_replay,adwin,1163,1838,5,2018-03-02T18:44:58.586059,5000,0.0002,0.0002,0.0188,4904,95,1,False,False,31
ffnn_ewc_replay,adwin,1164,1839,5,2018-03-02T18:47:37.637183,5000,0.0002,0.0002,0.0212,4892,107,1,False,False,31
ffnn_ewc_replay,adwin,1165,1841,5,2018-03-02T18:53:28.188217,5000,0.0018,0.0018,0.0214,4882,113,5,False,False,31
ffnn_ewc_replay,adwin,1166,1842,5,2018-03-02T18:56:08.467204,5000,0.0002,0.0002,0.0228,4885,115,0,False,False,31
ffnn_ewc_replay,adwin,1167,1844,5,2018-03-02T19:01:12.658687,5000,0.0008,0.0008,0.022,4885,113,2,False,False,31
ffnn_ewc_replay,adwin,1168,1845,5,2018-03-02T19:03:54.338772,5000,0.0024,0.0024,0.0194,4889,107,4,True,True,32
ffnn_ewc_replay,adwin,1169,1847,5,2018-03-02T19:08:43.733795,5000,0.0018,0.0018,0.02,4891,107,2,False,False,32
ffnn_ewc_replay,adwin,1170,1848,5,2018-03-02T19:11:15.209784,5000,0.0012,0.0012,0.0268,4860,139,1,False,False,32
ffnn_ewc_replay,adwin,1171,1849,5,2018-03-02T19:14:10.256046,5000,0.0004,0.0004,0.0246,4875,125,0,False,False,32
ffnn_ewc_replay,adwin,1172,1851,5,2018-03-02T19:19:59.269413,5000,0.0014,0.0014,0.0206,4890,105,5,False,False,32
ffnn_ewc_replay,adwin,1173,1852,5,2018-03-02T19:22:46.725634,5000,0.0016,0.0016,0.023,4877,120,3,False,False,32
ffnn_ewc_replay,adwin,1174,1854,5,2018-03-02T19:28:10.988598,5000,0.0012,0.0012,0.0204,4890,105,5,False,False,32
ffnn_ewc_replay,adwin,1175,1855,5,2018-03-02T19:30:34.990015,5000,0.0012,0.0012,0.0714,4637,362,1,False,False,32
ffnn_ewc_replay,adwin,1176,1857,5,2018-03-02T19:35:42.017177,5000,0.0008,0.0008,0.0784,4603,395,2,False,False,32
ffnn_ewc_replay,adwin,1177,1858,5,2018-03-02T19:38:00.653563,5000,0.0018,0.0018,0.0932,4523,473,4,False,False,32
ffnn_ewc_replay,adwin,1178,1859,5,2018-03-02T19:40:40.501583,5000,0.001,0.001,0.0798,4594,400,6,False,False,32
ffnn_ewc_replay,adwin,1179,1861,5,2018-03-02T19:45:33.082444,5000,0.001,0.001,0.0892,4549,449,2,False,False,32
ffnn_ewc_replay,adwin,1180,1862,5,2018-03-02T19:48:05.722391,5000,0.0006,0.0006,0.0818,4588,411,1,False,False,32
ffnn_ewc_replay,adwin,1181,1864,5,2018-03-02T19:53:10.527917,5000,0.0112,0.0112,0.0202,4842,155,3,True,True,33
ffnn_ewc_replay,adwin,1182,1865,5,2018-03-02T19:56:18.214532,5000,0.0004,0.0004,0.0,4997,1,2,False,False,33
ffnn_ewc_replay,adwin,1183,1867,5,2018-03-02T20:01:18.615392,5000,0.001,0.001,0.0,4995,3,2,False,False,33
ffnn_ewc_replay,adwin,1184,1868,5,2018-03-02T20:03:59.772911,5000,0.0006,0.0006,0.0,4997,3,0,False,False,33
ffnn_ewc_replay,adwin,1185,1869,5,2018-03-02T20:06:50.223596,5000,0.0006,0.0006,0.0,4995,3,2,False,False,33
ffnn_ewc_replay,adwin,1186,1871,5,2018-03-02T20:12:25.966255,5000,0.0002,0.0002,0.0,4999,1,0,False,False,33
ffnn_ewc_replay,adwin,1187,1872,5,2018-03-02T20:15:24.906516,5000,0.0004,0.0004,0.0,4997,2,1,False,False,33
ffnn_ewc_replay,adwin,1188,1874,5,2018-03-02T20:21:27.773148,5000,0.0008,0.0008,0.0,4996,2,2,False,False,33
ffnn_ewc_replay,adwin,1189,1875,5,2018-03-02T20:24:15.526012,5000,0.001,0.001,0.0,4995,3,2,False,False,33
ffnn_ewc_replay,adwin,1190,1877,5,2018-03-02T20:29:41.060156,5000,0.0008,0.0008,0.0,4996,3,1,False,False,33
ffnn_ewc_replay,adwin,1191,1878,5,2018-03-02T20:32:22.331316,5000,0.0008,0.0008,0.0,4995,3,2,False,False,33
ffnn_ewc_replay,adwin,1192,1879,5,2018-03-02T20:35:00.008266,5000,0.0004,0.0004,0.0,4997,2,1,False,False,33
ffnn_ewc_replay,adwin,1193,1881,5,2018-03-02T20:40:45.387347,5000,0.0008,0.0008,0.0,4996,3,1,False,False,33
ffnn_ewc_replay,adwin,1194,1882,5,2018-03-02T20:43:26.383496,5000,0.0004,0.0004,0.0,4997,2,1,False,False,33
ffnn_ewc_replay,adwin,1195,1884,5,2018-03-02T20:48:56.407275,5000,0.0006,0.0006,0.0,4997,3,0,False,False,33
ffnn_ewc_replay,adwin,1196,1885,5,2018-03-02T20:51:59.325817,5000,0.0004,0.0004,0.0,4998,2,0,False,False,33
ffnn_ewc_replay,adwin,1197,1887,5,2018-03-02T20:57:45.855305,5000,0.0002,0.0002,0.0,4998,1,1,False,False,33
ffnn_ewc_replay,adwin,1198,1888,5,2018-03-02T21:00:04.972693,5000,0.0012,0.0012,0.0,4993,6,1,False,False,33
ffnn_ewc_replay,adwin,1199,1889,5,2018-03-02T21:02:58.566624,5000,0.0008,0.0008,0.0,4996,3,1,False,False,33
ffnn_ewc_replay,adwin,1200,1891,5,2018-03-02T21:10:15.106866,5000,0.0004,0.0004,0.0,4997,2,1,False,False,33
ffnn_ewc_replay,adwin,1201,1892,5,2018-03-02T21:14:09.697355,5000,0.0006,0.0006,0.0,4997,3,0,False,False,33
ffnn_ewc_replay,adwin,1202,1894,5,2018-03-02T21:21:43.482734,5000,0.0018,0.0018,0.0,4991,8,1,False,False,33
ffnn_ewc_replay,adwin,1203,1895,5,2018-03-02T21:26:22.615075,5000,0.0016,0.0016,0.0,4991,7,2,False,False,33
ffnn_ewc_replay,adwin,1204,1897,5,2018-03-02T22:35:29.692173,1137,0.0,0.0,0.0,1137,0,0,False,False,33
xgboost_static,never,0,178,1,2018-02-15T12:23:17.590730,5000,0.0,0.0,0.0,5000,0,0,False,False,0
xgboost_static,never,1,179,1,2018-02-15T12:24:56.885568,5000,0.0,0.0,0.0,5000,0,0,False,False,0
xgboost_static,never,2,181,1,2018-02-15T12:31:09.676533,5000,0.0,0.0,0.0,5000,0,0,False,False,0
xgboost_static,never,3,182,1,2018-02-15T12:34:33.489996,5000,0.0,0.0,0.0,5000,0,0,False,False,0
xgboost_static,never,4,184,1,2018-02-15T12:41:12.914317,5000,0.0,0.0,0.0,5000,0,0,False,False,0
xgboost_static,never,5,185,1,2018-02-15T12:44:35.045407,5000,0.0,0.0,0.0,5000,0,0,False,False,0
xgboost_static,never,6,187,1,2018-02-15T12:52:00.343808,5000,0.0,0.0,0.0,5000,0,0,False,False,0
xgboost_static,never,7,188,1,2018-02-15T12:55:13.883946,5000,0.0,0.0,0.0,5000,0,0,False,False,0
xgboost_static,never,8,189,1,2018-02-15T12:58:25.758528,5000,0.0,0.0,0.0,5000,0,0,False,False,0
xgboost_static,never,9,191,1,2018-02-15T13:05:02.708568,5000,0.0,0.0,0.0,5000,0,0,False,False,0
xgboost_static,never,10,192,1,2018-02-15T13:08:44.408048,5000,0.0,0.0,0.0,5000,0,0,False,False,0
xgboost_static,never,11,194,1,2018-02-15T13:15:12.381714,5000,0.0,0.0,0.0,5000,0,0,False,False,0
xgboost_static,never,12,195,1,2018-02-15T13:18:14.277391,5000,0.0,0.0,0.0,5000,0,0,False,False,0
xgboost_static,never,13,197,1,2018-02-15T13:25:01.053176,5000,0.0096,0.0096,0.0096,5000,0,0,False,False,0
xgboost_static,never,14,198,1,2018-02-15T13:27:52.163823,5000,0.1474,0.1474,0.1474,5000,0,0,False,False,0
xgboost_static,never,15,199,1,2018-02-15T13:30:38.405035,5000,0.0262,0.0262,0.0262,5000,0,0,False,False,0
xgboost_static,never,16,201,1,2018-02-15T13:37:20.802767,5000,0.1094,0.1094,0.1094,5000,0,0,False,False,0
xgboost_static,never,17,202,1,2018-02-15T13:40:23.217663,5000,0.0094,0.0094,0.0094,5000,0,0,False,False,0
xgboost_static,never,18,204,1,2018-02-15T13:45:40.116507,5000,0.0,0.0,0.0,5000,0,0,False,False,0
xgboost_static,never,19,205,1,2018-02-15T13:49:01.619726,5000,0.1114,0.1114,0.1114,5000,0,0,False,False,0
xgboost_static,never,20,207,1,2018-02-15T13:53:53.370023,5000,0.1004,0.1004,0.1004,5000,0,0,False,False,0
xgboost_static,never,21,208,1,2018-02-15T13:56:02.625786,5000,0.0526,0.0526,0.0526,5000,0,0,False,False,0
xgboost_static,never,22,209,1,2018-02-15T13:58:40.849892,5000,0.0,0.0,0.0,5000,0,0,False,False,0
xgboost_static,never,23,211,1,2018-02-15T14:05:35.268811,5000,0.0,0.0,0.0,5000,0,0,False,False,0
xgboost_static,never,24,212,1,2018-02-15T14:09:20.378442,5000,0.0,0.0,0.0,5000,0,0,False,False,0
xgboost_static,never,25,214,1,2018-02-15T14:16:28.503726,5000,0.0,0.0,0.0,5000,0,0,False,False,0
xgboost_static,never,26,215,1,2018-02-15T14:20:31.927942,5000,0.0,0.0,0.0,5000,0,0,False,False,0
xgboost_static,never,27,217,1,2018-02-15T14:26:25.244375,5000,0.0,0.0,0.0,5000,0,0,False,False,0
xgboost_static,never,28,218,1,2018-02-15T14:29:35.824417,5000,0.0,0.0,0.0,5000,0,0,False,False,0
xgboost_static,never,29,219,1,2018-02-15T14:33:15.078803,5000,0.0,0.0,0.0,5000,0,0,False,False,0
xgboost_static,never,30,221,1,2018-02-15T14:40:05.904712,5000,0.0,0.0,0.0,5000,0,0,False,False,0
xgboost_static,never,31,222,1,2018-02-15T14:43:20.578050,5000,0.0,0.0,0.0,5000,0,0,False,False,0
xgboost_static,never,32,224,1,2018-02-15T14:49:58.408106,5000,0.0,0.0,0.0,5000,0,0,False,False,0
xgboost_static,never,33,225,1,2018-02-15T14:52:57.148539,5000,0.0,0.0,0.0,5000,0,0,False,False,0
xgboost_static,never,34,227,1,2018-02-15T14:58:49.520953,5000,0.0104,0.0104,0.0104,5000,0,0,False,False,0
xgboost_static,never,35,228,1,2018-02-15T15:01:35.503923,5000,0.0182,0.0182,0.0182,5000,0,0,False,False,0
xgboost_static,never,36,229,1,2018-02-15T15:04:53.594861,5000,0.0178,0.0178,0.0178,5000,0,0,False,False,0
xgboost_static,never,37,231,1,2018-02-15T15:10:43.113137,5000,0.014,0.014,0.014,5000,0,0,False,False,0
xgboost_static,never,38,232,1,2018-02-15T15:13:41.096189,5000,0.0166,0.0166,0.0166,5000,0,0,False,False,0
xgboost_static,never,39,234,1,2018-02-15T15:19:35.615625,5000,0.0162,0.0162,0.0162,5000,0,0,False,False,0
xgboost_static,never,40,235,1,2018-02-15T15:22:01.717726,5000,0.0162,0.0162,0.0162,5000,0,0,False,False,0
xgboost_static,never,41,237,1,2018-02-15T15:28:03.562400,5000,0.0146,0.0146,0.0146,5000,0,0,False,False,0
xgboost_static,never,42,238,1,2018-02-15T15:30:42.194109,5000,0.0218,0.0218,0.0218,5000,0,0,False,False,0
xgboost_static,never,43,239,1,2018-02-15T15:33:50.453519,5000,0.0194,0.0194,0.0194,5000,0,0,False,False,0
xgboost_static,never,44,241,1,2018-02-15T15:40:14.154779,5000,0.0072,0.0072,0.0072,5000,0,0,False,False,0
xgboost_static,never,45,242,1,2018-02-15T15:43:38.324572,5000,0.0,0.0,0.0,5000,0,0,False,False,0
xgboost_static,never,46,244,1,2018-02-15T15:49:34.849905,5000,0.0,0.0,0.0,5000,0,0,False,False,0
xgboost_static,never,47,245,1,2018-02-15T15:52:15.457567,5000,0.0,0.0,0.0,5000,0,0,False,False,0
xgboost_static,never,48,247,1,2018-02-15T15:58:36.122597,5000,0.0,0.0,0.0,5000,0,0,False,False,0
xgboost_static,never,49,248,1,2018-02-15T16:01:12.335738,5000,0.0,0.0,0.0,5000,0,0,False,False,0
xgboost_static,never,50,249,1,2018-02-15T16:05:09.163526,5000,0.0,0.0,0.0,5000,0,0,False,False,0
xgboost_static,never,51,251,1,2018-02-15T16:14:18.531154,5000,0.0,0.0,0.0,5000,0,0,False,False,0
xgboost_static,never,52,252,1,2018-02-15T16:18:17.690425,5000,0.0,0.0,0.0,5000,0,0,False,False,0
xgboost_static,never,53,254,1,2018-02-15T16:26:52.753234,5000,0.0,0.0,0.0,5000,0,0,False,False,0
xgboost_static,never,54,255,1,2018-02-15T16:29:35.703305,5000,0.0,0.0,0.0,5000,0,0,False,False,0
xgboost_static,never,55,257,1,2018-02-15T16:38:10.097487,5000,0.0,0.0,0.0,5000,0,0,False,False,0
xgboost_static,never,56,258,1,2018-02-15T16:45:00.570621,5000,0.0,0.0,0.0,5000,0,0,False,False,0
xgboost_static,never,57,259,1,2018-02-15T16:50:59.684793,5000,0.0,0.0,0.0,5000,0,0,False,False,0
xgboost_static,never,58,261,1,2018-02-15T17:00:24.898645,5000,0.0,0.0,0.0,5000,0,0,False,False,0
xgboost_static,never,59,262,1,2018-02-15T17:04:35.659972,5000,0.0,0.0,0.0,5000,0,0,False,False,0
xgboost_static,never,60,264,1,2018-02-15T17:12:38.569411,5000,0.0,0.0,0.0,5000,0,0,False,False,0
xgboost_static,never,61,265,1,2018-02-15T17:15:56.887529,5000,0.0,0.0,0.0,5000,0,0,False,False,0
xgboost_static,never,62,267,1,2018-02-15T17:23:13.044359,5000,0.0,0.0,0.0,5000,0,0,False,False,0
xgboost_static,never,63,268,1,2018-02-15T17:26:34.119062,5000,0.0,0.0,0.0,5000,0,0,False,False,0
xgboost_static,never,64,269,1,2018-02-15T17:30:03.499806,5000,0.0,0.0,0.0,5000,0,0,False,False,0
xgboost_static,never,65,271,1,2018-02-15T17:37:01.144978,5000,0.0,0.0,0.0,5000,0,0,False,False,0
xgboost_static,never,66,272,1,2018-02-15T17:40:27.152310,5000,0.0,0.0,0.0,5000,0,0,False,False,0
xgboost_static,never,67,274,1,2018-02-15T17:46:41.549807,5000,0.0,0.0,0.0,5000,0,0,False,False,0
xgboost_static,never,68,275,1,2018-02-15T17:49:38.735750,5000,0.0,0.0,0.0,5000,0,0,False,False,0
xgboost_static,never,69,277,1,2018-02-15T17:56:00.511056,5000,0.0,0.0,0.0,5000,0,0,False,False,0
xgboost_static,never,70,278,1,2018-02-15T17:59:19.885035,5000,0.0,0.0,0.0,5000,0,0,False,False,0
xgboost_static,never,71,279,1,2018-02-15T18:02:44.318022,5000,0.0,0.0,0.0,5000,0,0,False,False,0
xgboost_static,never,72,281,1,2018-02-15T18:09:41.150950,5000,0.0,0.0,0.0,5000,0,0,False,False,0
xgboost_static,never,73,282,1,2018-02-15T18:12:28.015107,5000,0.0,0.0,0.0,5000,0,0,False,False,0
xgboost_static,never,74,284,1,2018-02-15T18:18:23.038912,5000,0.0,0.0,0.0,5000,0,0,False,False,0
xgboost_static,never,75,285,1,2018-02-15T18:21:18.883558,5000,0.0,0.0,0.0,5000,0,0,False,False,0
xgboost_static,never,76,287,1,2018-02-15T18:27:53.451634,5000,0.0,0.0,0.0,5000,0,0,False,False,0
xgboost_static,never,77,288,1,2018-02-15T18:31:00.368229,5000,0.0,0.0,0.0,5000,0,0,False,False,0
xgboost_static,never,78,289,1,2018-02-15T18:34:18.238525,5000,0.0,0.0,0.0,5000,0,0,False,False,0
xgboost_static,never,79,291,1,2018-02-15T18:41:41.029198,5000,0.0,0.0,0.0,5000,0,0,False,False,0
xgboost_static,never,80,292,1,2018-02-15T18:45:05.792018,5000,0.0,0.0,0.0,5000,0,0,False,False,0
xgboost_static,never,81,294,1,2018-02-15T18:51:57.688983,5000,0.0,0.0,0.0,5000,0,0,False,False,0
xgboost_static,never,82,295,1,2018-02-15T18:55:22.974194,5000,0.0,0.0,0.0,5000,0,0,False,False,0
xgboost_static,never,83,297,1,2018-02-15T19:03:00.715509,5000,0.0,0.0,0.0,5000,0,0,False,False,0
xgboost_static,never,84,298,1,2018-02-15T19:06:06.319184,5000,0.0,0.0,0.0,5000,0,0,False,False,0
xgboost_static,never,85,299,1,2018-02-15T19:09:23.553347,5000,0.0,0.0,0.0,5000,0,0,False,False,0
xgboost_static,never,86,301,1,2018-02-15T19:15:30.768551,5000,0.0,0.0,0.0,5000,0,0,False,False,0
xgboost_static,never,87,302,1,2018-02-15T19:18:40.296916,5000,0.0,0.0,0.0,5000,0,0,False,False,0
xgboost_static,never,88,304,1,2018-02-15T19:24:39.980435,5000,0.0,0.0,0.0,5000,0,0,False,False,0
xgboost_static,never,89,305,1,2018-02-15T19:27:33.013649,5000,0.0,0.0,0.0,5000,0,0,False,False,0
xgboost_static,never,90,307,1,2018-02-15T19:34:45.131211,5000,0.0,0.0,0.0,5000,0,0,False,False,0
xgboost_static,never,91,308,1,2018-02-15T19:38:05.427945,5000,0.0,0.0,0.0,5000,0,0,False,False,0
xgboost_static,never,92,309,1,2018-02-15T19:41:20.652273,5000,0.0,0.0,0.0,5000,0,0,False,False,0
xgboost_static,never,93,311,1,2018-02-15T19:48:51.307142,5000,0.0,0.0,0.0,5000,0,0,False,False,0
xgboost_static,never,94,312,1,2018-02-15T19:52:15.873932,5000,0.0,0.0,0.0,5000,0,0,False,False,0
xgboost_static,never,95,314,1,2018-02-15T19:59:56.591045,5000,0.0,0.0,0.0,5000,0,0,False,False,0
xgboost_static,never,96,315,1,2018-02-15T20:04:26.712143,5000,0.0,0.0,0.0,5000,0,0,False,False,0
xgboost_static,never,97,317,1,2018-02-15T20:10:46.343941,5000,0.0,0.0,0.0,5000,0,0,False,False,0
xgboost_static,never,98,318,1,2018-02-15T20:13:56.161473,5000,0.0,0.0,0.0,5000,0,0,False,False,0
xgboost_static,never,99,319,1,2018-02-15T20:17:08.570979,5000,0.0,0.0,0.0,5000,0,0,False,False,0
xgboost_static,never,100,321,1,2018-02-15T20:23:09.220547,5000,0.0,0.0,0.0,5000,0,0,False,False,0
xgboost_static,never,101,322,1,2018-02-15T20:26:14.816363,5000,0.0,0.0,0.0,5000,0,0,False,False,0
xgboost_static,never,102,324,1,2018-02-15T20:33:20.316643,5000,0.0,0.0,0.0,5000,0,0,False,False,0
xgboost_static,never,103,325,1,2018-02-15T20:36:12.774234,5000,0.0,0.0,0.0,5000,0,0,False,False,0
xgboost_static,never,104,327,1,2018-02-15T20:42:25.006964,5000,0.0,0.0,0.0,5000,0,0,False,False,0
xgboost_static,never,105,328,1,2018-02-15T20:45:20.967221,5000,0.0,0.0,0.0,5000,0,0,False,False,0
xgboost_static,never,106,329,1,2018-02-15T20:48:38.201559,5000,0.0,0.0,0.0,5000,0,0,False,False,0
xgboost_static,never,107,331,1,2018-02-15T20:54:54.842909,5000,0.0,0.0,0.0,5000,0,0,False,False,0
xgboost_static,never,108,332,1,2018-02-15T20:58:04.422672,5000,0.0,0.0,0.0,5000,0,0,False,False,0
xgboost_static,never,109,334,1,2018-02-15T21:04:11.286615,5000,0.0,0.0,0.0,5000,0,0,False,False,0
xgboost_static,never,110,335,1,2018-02-15T21:09:03.223157,5000,0.0,0.0,0.0,5000,0,0,False,False,0
xgboost_static,never,111,337,1,2018-02-15T21:18:26.686505,5000,0.0,0.0,0.0,5000,0,0,False,False,0
xgboost_static,never,112,338,1,2018-02-15T21:23:32.652271,5000,0.0,0.0,0.0,5000,0,0,False,False,0
xgboost_static,never,113,339,1,2018-02-15T21:28:41.499548,5000,0.0,0.0,0.0,5000,0,0,False,False,0
xgboost_static,never,114,341,1,2018-02-16T12:38:36.697545,5000,0.0,0.0,0.0,5000,0,0,False,False,0
xgboost_static,never,115,342,1,2018-02-16T12:41:51.550511,5000,0.0,0.0,0.0,5000,0,0,False,False,0
xgboost_static,never,116,344,1,2018-02-16T12:47:57.300715,5000,0.0,0.0,0.0,5000,0,0,False,False,0
xgboost_static,never,117,345,1,2018-02-16T12:51:35.623713,5000,0.0,0.0,0.0,5000,0,0,False,False,0
xgboost_static,never,118,347,1,2018-02-16T12:57:56.099291,5000,0.0,0.0,0.0,5000,0,0,False,False,0
xgboost_static,never,119,348,1,2018-02-16T13:01:12.217064,5000,0.0,0.0,0.0,5000,0,0,False,False,0
xgboost_static,never,120,349,1,2018-02-16T13:04:42.604615,5000,0.0,0.0,0.0,5000,0,0,False,False,0
xgboost_static,never,121,351,1,2018-02-16T13:10:28.859447,5000,0.0,0.0,0.0,5000,0,0,False,False,0
xgboost_static,never,122,352,1,2018-02-16T13:13:30.516025,5000,0.0,0.0,0.0,5000,0,0,False,False,0
xgboost_static,never,123,354,1,2018-02-16T13:19:14.030376,5000,0.0,0.0,0.0,5000,0,0,False,False,0
xgboost_static,never,124,355,1,2018-02-16T13:22:36.824134,5000,0.0,0.0,0.0,5000,0,0,False,False,0
xgboost_static,never,125,357,1,2018-02-16T13:28:33.409959,5000,0.0,0.0,0.0,5000,0,0,False,False,0
xgboost_static,never,126,358,1,2018-02-16T13:32:09.884042,5000,0.0,0.0,0.0,5000,0,0,False,False,0
xgboost_static,never,127,359,1,2018-02-16T13:35:31.614925,5000,0.0,0.0,0.0,5000,0,0,False,False,0
xgboost_static,never,128,361,1,2018-02-16T13:41:03.024633,5000,0.0,0.0,0.0,5000,0,0,False,False,0
xgboost_static,never,129,362,1,2018-02-16T13:44:12.288412,5000,0.0,0.0,0.0,5000,0,0,False,False,0
xgboost_static,never,130,364,1,2018-02-16T13:49:59.276859,5000,0.0,0.0,0.0,5000,0,0,False,False,0
xgboost_static,never,131,365,1,2018-02-16T13:53:10.063118,5000,0.0,0.0,0.0,5000,0,0,False,False,0
xgboost_static,never,132,367,1,2018-02-16T13:58:52.864868,5000,0.0,0.0,0.0,5000,0,0,False,False,0
xgboost_static,never,133,368,1,2018-02-16T14:01:22.834646,5000,0.0,0.0,0.0,5000,0,0,False,False,0
xgboost_static,never,134,369,1,2018-02-16T14:04:55.896892,5000,0.0,0.0,0.0,5000,0,0,False,False,0
xgboost_static,never,135,371,1,2018-02-16T14:11:34.794780,5000,0.0,0.0,0.0,5000,0,0,False,False,0
xgboost_static,never,136,372,1,2018-02-16T14:13:58.339355,5000,0.0,0.0,0.0,5000,0,0,False,False,0
xgboost_static,never,137,374,1,2018-02-16T14:19:49.131130,5000,0.0,0.0,0.0,5000,0,0,False,False,0
xgboost_static,never,138,375,1,2018-02-16T14:22:46.732927,5000,0.0,0.0,0.0,5000,0,0,False,False,0
xgboost_static,never,139,377,1,2018-02-16T14:28:19.297368,5000,0.0,0.0,0.0,5000,0,0,False,False,0
xgboost_static,never,140,378,1,2018-02-16T14:31:06.039383,5000,0.0,0.0,0.0,5000,0,0,False,False,0
xgboost_static,never,141,379,1,2018-02-16T14:34:38.524501,5000,0.0,0.0,0.0,5000,0,0,False,False,0
xgboost_static,never,142,381,1,2018-02-16T14:39:55.123773,5000,0.0,0.0,0.0,5000,0,0,False,False,0
xgboost_static,never,143,382,1,2018-02-16T14:42:08.518730,5000,0.0,0.0,0.0,5000,0,0,False,False,0
xgboost_static,never,144,384,1,2018-02-16T14:47:13.260846,5000,0.0,0.0,0.0,5000,0,0,False,False,0
xgboost_static,never,145,385,1,2018-02-16T14:49:51.713324,5000,0.0,0.0,0.0,5000,0,0,False,False,0
xgboost_static,never,146,387,1,2018-02-16T14:54:44.986030,5000,0.0,0.0,0.0,5000,0,0,False,False,0
xgboost_static,never,147,388,1,2018-02-16T14:57:19.214139,5000,0.0,0.0,0.0,5000,0,0,False,False,0
xgboost_static,never,148,389,1,2018-02-16T14:59:52.120516,5000,0.0,0.0,0.0,5000,0,0,False,False,0
xgboost_static,never,149,391,1,2018-02-16T15:05:05.451682,5000,0.0,0.0,0.0,5000,0,0,False,False,0
xgboost_static,never,150,392,1,2018-02-16T15:07:41.062311,5000,0.0,0.0,0.0,5000,0,0,False,False,0
xgboost_static,never,151,394,1,2018-02-16T15:13:20.136611,5000,0.0,0.0,0.0,5000,0,0,False,False,0
xgboost_static,never,152,395,1,2018-02-16T15:16:25.174632,5000,0.0,0.0,0.0,5000,0,0,False,False,0
xgboost_static,never,153,397,1,2018-02-16T15:22:40.807706,5000,0.0,0.0,0.0,5000,0,0,False,False,0
xgboost_static,never,154,398,1,2018-02-16T15:25:34.341078,5000,0.0,0.0,0.0,5000,0,0,False,False,0
xgboost_static,never,155,399,1,2018-02-16T15:28:34.709642,5000,0.0,0.0,0.0,5000,0,0,False,False,0
xgboost_static,never,156,401,1,2018-02-16T15:34:20.055451,5000,0.0,0.0,0.0,5000,0,0,False,False,0
xgboost_static,never,157,402,1,2018-02-16T15:37:17.313787,5000,0.0,0.0,0.0,5000,0,0,False,False,0
xgboost_static,never,158,404,1,2018-02-16T15:42:25.817105,5000,0.0,0.0,0.0,5000,0,0,False,False,0
xgboost_static,never,159,405,1,2018-02-16T15:45:10.829527,5000,0.0,0.0,0.0,5000,0,0,False,False,0
xgboost_static,never,160,407,1,2018-02-16T15:50:50.849008,5000,0.0,0.0,0.0,5000,0,0,False,False,0
xgboost_static,never,161,408,1,2018-02-16T15:53:34.212298,5000,0.0,0.0,0.0,5000,0,0,False,False,0
xgboost_static,never,162,409,1,2018-02-16T15:56:46.485727,5000,0.0,0.0,0.0,5000,0,0,False,False,0
xgboost_static,never,163,411,1,2018-02-16T16:02:20.991045,5000,0.0,0.0,0.0,5000,0,0,False,False,0
xgboost_static,never,164,412,1,2018-02-16T16:06:06.473413,5000,0.0,0.0,0.0,5000,0,0,False,False,0
xgboost_static,never,165,414,1,2018-02-16T16:13:23.724000,5000,0.0,0.0,0.0,5000,0,0,False,False,0
xgboost_static,never,166,415,1,2018-02-16T16:16:47.091957,5000,0.0,0.0,0.0,5000,0,0,False,False,0
xgboost_static,never,167,417,1,2018-02-16T16:26:51.582279,5000,0.0,0.0,0.0,5000,0,0,False,False,0
xgboost_static,never,168,418,1,2018-02-16T16:30:10.070271,5000,0.0,0.0,0.0,5000,0,0,False,False,0
xgboost_static,never,169,419,1,2018-02-16T16:34:29.542855,5000,0.0,0.0,0.0,5000,0,0,False,False,0
xgboost_static,never,170,421,1,2018-02-16T16:43:40.803856,5000,0.0,0.0,0.0,5000,0,0,False,False,0
xgboost_static,never,171,422,1,2018-02-16T16:47:31.948072,5000,0.0,0.0,0.0,5000,0,0,False,False,0
xgboost_static,never,172,424,1,2018-02-16T16:57:56.802843,5000,0.0,0.0,0.0,5000,0,0,False,False,0
xgboost_static,never,173,425,1,2018-02-16T17:01:39.858302,5000,0.0,0.0,0.0,5000,0,0,False,False,0
xgboost_static,never,174,427,1,2018-02-16T17:10:12.016624,5000,0.0,0.0,0.0,5000,0,0,False,False,0
xgboost_static,never,175,428,1,2018-02-16T17:14:13.990815,5000,0.0,0.0,0.0,5000,0,0,False,False,0
xgboost_static,never,176,429,1,2018-02-16T17:17:52.673746,5000,0.0,0.0,0.0,5000,0,0,False,False,0
xgboost_static,never,177,431,1,2018-02-16T17:25:47.902786,5000,0.0,0.0,0.0,5000,0,0,False,False,0
xgboost_static,never,178,432,1,2018-02-16T17:28:53.822111,5000,0.0,0.0,0.0,5000,0,0,False,False,0
xgboost_static,never,179,434,1,2018-02-16T17:34:33.651732,5000,0.0,0.0,0.0,5000,0,0,False,False,0
xgboost_static,never,180,435,1,2018-02-16T17:37:22.552335,5000,0.0,0.0,0.0,5000,0,0,False,False,0
xgboost_static,never,181,437,1,2018-02-16T17:43:24.921728,5000,0.223,0.223,0.223,5000,0,0,False,False,0
xgboost_static,never,182,438,1,2018-02-16T17:45:30.415800,5000,0.93,0.93,0.93,5000,0,0,False,False,0
xgboost_static,never,183,439,1,2018-02-16T17:45:42.688795,5000,0.9046,0.9046,0.9046,5000,0,0,False,False,0
xgboost_static,never,184,441,1,2018-02-16T17:46:08.490404,5000,0.9132,0.9132,0.9132,5000,0,0,False,False,0
xgboost_static,never,185,442,1,2018-02-16T17:46:21.160402,5000,0.8986,0.8986,0.8986,5000,0,0,False,False,0
xgboost_static,never,186,444,1,2018-02-16T17:46:46.819964,5000,0.9194,0.9194,0.9194,5000,0,0,False,False,0
xgboost_static,never,187,445,1,2018-02-16T17:46:59.413971,5000,0.9344,0.9344,0.9344,5000,0,0,False,False,0
xgboost_static,never,188,447,1,2018-02-16T17:47:25.577219,5000,0.9352,0.9352,0.9352,5000,0,0,False,False,0
xgboost_static,never,189,448,1,2018-02-16T17:47:38.591471,5000,0.9284,0.9284,0.9284,5000,0,0,False,False,0
xgboost_static,never,190,449,1,2018-02-16T17:47:51.713306,5000,0.9154,0.9154,0.9154,5000,0,0,False,False,0
xgboost_static,never,191,451,1,2018-02-16T17:48:17.727660,5000,0.9168,0.9168,0.9168,5000,0,0,False,False,0
xgboost_static,never,192,452,1,2018-02-16T17:48:30.941266,5000,0.9142,0.9142,0.9142,5000,0,0,False,False,0
xgboost_static,never,193,454,1,2018-02-16T17:48:57.199640,5000,0.9114,0.9114,0.9114,5000,0,0,False,False,0
xgboost_static,never,194,455,1,2018-02-16T17:49:10.241582,5000,0.9088,0.9088,0.9088,5000,0,0,False,False,0
xgboost_static,never,195,457,1,2018-02-16T17:49:35.975831,5000,0.941,0.941,0.941,5000,0,0,False,False,0
xgboost_static,never,196,458,1,2018-02-16T17:49:49.603664,5000,0.9322,0.9322,0.9322,5000,0,0,False,False,0
xgboost_static,never,197,459,1,2018-02-16T17:50:03.106615,5000,0.9414,0.9414,0.9414,5000,0,0,False,False,0
xgboost_static,never,198,461,1,2018-02-16T17:50:30.325848,5000,0.9298,0.9298,0.9298,5000,0,0,False,False,0
xgboost_static,never,199,462,1,2018-02-16T17:50:43.769057,5000,0.9334,0.9334,0.9334,5000,0,0,False,False,0
xgboost_static,never,200,464,1,2018-02-16T17:51:10.396018,5000,0.9432,0.9432,0.9432,5000,0,0,False,False,0
xgboost_static,never,201,465,1,2018-02-16T17:51:23.665419,5000,0.9286,0.9286,0.9286,5000,0,0,False,False,0
xgboost_static,never,202,467,1,2018-02-16T17:51:50.674959,5000,0.918,0.918,0.918,5000,0,0,False,False,0
xgboost_static,never,203,468,1,2018-02-16T17:52:04.316419,5000,0.92,0.92,0.92,5000,0,0,False,False,0
xgboost_static,never,204,469,1,2018-02-16T17:52:17.971178,5000,0.9246,0.9246,0.9246,5000,0,0,False,False,0
xgboost_static,never,205,471,1,2018-02-16T17:52:44.236127,5000,0.94,0.94,0.94,5000,0,0,False,False,0
xgboost_static,never,206,472,1,2018-02-16T17:52:57.744874,5000,0.9182,0.9182,0.9182,5000,0,0,False,False,0
xgboost_static,never,207,474,1,2018-02-16T17:53:24.241714,5000,0.916,0.916,0.916,5000,0,0,False,False,0
xgboost_static,never,208,475,1,2018-02-16T17:53:37.171883,5000,0.9308,0.9308,0.9308,5000,0,0,False,False,0
xgboost_static,never,209,477,1,2018-02-16T17:54:04.384679,5000,0.9344,0.9344,0.9344,5000,0,0,False,False,0
xgboost_static,never,210,478,1,2018-02-16T17:54:18.192149,5000,0.9096,0.9096,0.9096,5000,0,0,False,False,0
xgboost_static,never,211,479,1,2018-02-16T17:54:31.119667,5000,0.8792,0.8792,0.8792,5000,0,0,False,False,0
xgboost_static,never,212,481,1,2018-02-16T17:54:57.072100,5000,0.903,0.903,0.903,5000,0,0,False,False,0
xgboost_static,never,213,482,1,2018-02-16T17:55:10.397365,5000,0.93,0.93,0.93,5000,0,0,False,False,0
xgboost_static,never,214,484,1,2018-02-16T17:55:37.529441,5000,0.8992,0.8992,0.8992,5000,0,0,False,False,0
xgboost_static,never,215,485,1,2018-02-16T17:55:51.043506,5000,0.9076,0.9076,0.9076,5000,0,0,False,False,0
xgboost_static,never,216,487,1,2018-02-16T17:56:16.991902,5000,0.9344,0.9344,0.9344,5000,0,0,False,False,0
xgboost_static,never,217,488,1,2018-02-16T17:56:30.972214,5000,0.9212,0.9212,0.9212,5000,0,0,False,False,0
xgboost_static,never,218,489,1,2018-02-16T17:56:44.280487,5000,0.9314,0.9314,0.9314,5000,0,0,False,False,0
xgboost_static,never,219,491,1,2018-02-16T17:57:11.589137,5000,0.912,0.912,0.912,5000,0,0,False,False,0
xgboost_static,never,220,492,1,2018-02-16T17:57:24.319514,5000,0.9246,0.9246,0.9246,5000,0,0,False,False,0
xgboost_static,never,221,494,1,2018-02-16T17:57:50.537519,5000,0.8846,0.8846,0.8846,5000,0,0,False,False,0
xgboost_static,never,222,495,1,2018-02-16T17:58:03.346381,5000,0.8844,0.8844,0.8844,5000,0,0,False,False,0
xgboost_static,never,223,497,1,2018-02-16T17:59:38.552168,5000,0.0,0.0,0.0,5000,0,0,False,False,0
xgboost_static,never,224,498,1,2018-02-16T18:02:18.209600,5000,0.0,0.0,0.0,5000,0,0,False,False,0
xgboost_static,never,225,499,1,2018-02-16T18:05:19.157335,5000,0.0,0.0,0.0,5000,0,0,False,False,0
xgboost_static,never,226,501,1,2018-02-16T18:12:41.835531,5000,0.0,0.0,0.0,5000,0,0,False,False,0
xgboost_static,never,227,502,1,2018-02-16T18:16:07.112369,5000,0.0,0.0,0.0,5000,0,0,False,False,0
xgboost_static,never,228,504,1,2018-02-16T18:22:58.916240,5000,0.0,0.0,0.0,5000,0,0,False,False,0
xgboost_static,never,229,505,1,2018-02-16T18:26:04.206752,5000,0.0,0.0,0.0,5000,0,0,False,False,0
xgboost_static,never,230,507,1,2018-02-16T18:32:24.031146,5000,0.0,0.0,0.0,5000,0,0,False,False,0
xgboost_static,never,231,508,1,2018-02-16T18:36:21.786609,5000,0.0,0.0,0.0,5000,0,0,False,False,0
xgboost_static,never,232,509,1,2018-02-16T18:39:42.359805,5000,0.0,0.0,0.0,5000,0,0,False,False,0
xgboost_static,never,233,511,1,2018-02-16T18:46:21.632940,5000,0.0,0.0,0.0,5000,0,0,False,False,0
xgboost_static,never,234,512,1,2018-02-16T18:49:24.325334,5000,0.0,0.0,0.0,5000,0,0,False,False,0
xgboost_static,never,235,514,1,2018-02-16T18:55:13.155996,5000,0.0,0.0,0.0,5000,0,0,False,False,0
xgboost_static,never,236,515,1,2018-02-16T18:57:56.455951,5000,0.0,0.0,0.0,5000,0,0,False,False,0
xgboost_static,never,237,517,1,2018-02-16T19:03:41.274511,5000,0.0,0.0,0.0,5000,0,0,False,False,0
xgboost_static,never,238,518,1,2018-02-16T19:06:58.752310,5000,0.0,0.0,0.0,5000,0,0,False,False,0
xgboost_static,never,239,519,1,2018-02-16T19:10:11.009406,5000,0.0,0.0,0.0,5000,0,0,False,False,0
xgboost_static,never,240,521,1,2018-02-16T19:16:53.948947,5000,0.0,0.0,0.0,5000,0,0,False,False,0
xgboost_static,never,241,522,1,2018-02-16T19:19:51.082900,5000,0.0,0.0,0.0,5000,0,0,False,False,0
xgboost_static,never,242,524,1,2018-02-16T19:25:24.963667,5000,0.0,0.0,0.0,5000,0,0,False,False,0
xgboost_static,never,243,525,1,2018-02-16T19:28:11.868535,5000,0.0,0.0,0.0,5000,0,0,False,False,0
xgboost_static,never,244,527,1,2018-02-16T19:33:36.958594,5000,0.0,0.0,0.0,5000,0,0,False,False,0
xgboost_static,never,245,528,1,2018-02-16T19:36:50.623788,5000,0.0,0.0,0.0,5000,0,0,False,False,0
xgboost_static,never,246,529,1,2018-02-16T19:40:00.527776,5000,0.0,0.0,0.0,5000,0,0,False,False,0
xgboost_static,never,247,531,1,2018-02-16T19:46:49.619851,5000,0.0,0.0,0.0,5000,0,0,False,False,0
xgboost_static,never,248,532,1,2018-02-16T19:49:49.128752,5000,0.0,0.0,0.0,5000,0,0,False,False,0
xgboost_static,never,249,534,1,2018-02-16T19:55:33.771228,5000,0.0,0.0,0.0,5000,0,0,False,False,0
xgboost_static,never,250,535,1,2018-02-16T19:58:52.839507,5000,0.0,0.0,0.0,5000,0,0,False,False,0
xgboost_static,never,251,537,1,2018-02-16T20:05:47.117728,5000,0.0,0.0,0.0,5000,0,0,False,False,0
xgboost_static,never,252,538,1,2018-02-16T20:09:01.394260,5000,0.0,0.0,0.0,5000,0,0,False,False,0
xgboost_static,never,253,539,1,2018-02-16T20:12:27.179366,5000,0.0,0.0,0.0,5000,0,0,False,False,0
xgboost_static,never,254,541,1,2018-02-16T20:19:06.139226,5000,0.0,0.0,0.0,5000,0,0,False,False,0
xgboost_static,never,255,542,1,2018-02-16T20:21:46.757987,5000,0.0,0.0,0.0,5000,0,0,False,False,0
xgboost_static,never,256,544,1,2018-02-16T20:27:32.869316,5000,0.0,0.0,0.0,5000,0,0,False,False,0
xgboost_static,never,257,545,1,2018-02-16T20:30:29.720266,5000,0.0,0.0,0.0,5000,0,0,False,False,0
xgboost_static,never,258,547,1,2018-02-16T20:36:43.026584,5000,0.0,0.0,0.0,5000,0,0,False,False,0
xgboost_static,never,259,548,1,2018-02-16T20:39:25.723157,5000,0.0,0.0,0.0,5000,0,0,False,False,0
xgboost_static,never,260,549,1,2018-02-16T20:43:03.996213,5000,0.0,0.0,0.0,5000,0,0,False,False,0
xgboost_static,never,261,551,1,2018-02-16T20:49:10.647438,5000,0.0,0.0,0.0,5000,0,0,False,False,0
xgboost_static,never,262,552,1,2018-02-16T20:51:59.438947,5000,0.0,0.0,0.0,5000,0,0,False,False,0
xgboost_static,never,263,554,1,2018-02-16T20:57:51.632652,5000,0.0,0.0,0.0,5000,0,0,False,False,0
xgboost_static,never,264,555,1,2018-02-16T21:00:47.176383,5000,0.0,0.0,0.0,5000,0,0,False,False,0
xgboost_static,never,265,557,1,2018-02-16T21:08:43.247103,5000,0.0,0.0,0.0,5000,0,0,False,False,0
xgboost_static,never,266,558,1,2018-02-16T21:13:51.365573,5000,0.0,0.0,0.0,5000,0,0,False,False,0
xgboost_static,never,267,559,1,2018-02-16T21:18:43.188458,5000,0.0,0.0,0.0,5000,0,0,False,False,0
xgboost_static,never,268,561,1,2018-02-16T21:27:53.519513,5448,0.0,0.0,0.0,5448,0,0,False,False,0
xgboost_static,never,269,562,2,2018-02-20T12:28:05.557484,5000,0.0,0.0,0.0,5000,0,0,False,False,0
xgboost_static,never,270,563,2,2018-02-20T12:29:42.105021,5000,0.0,0.0,0.0,5000,0,0,False,False,0
xgboost_static,never,271,565,2,2018-02-20T12:35:22.868449,5000,0.0,0.0,0.0,5000,0,0,False,False,0
xgboost_static,never,272,566,2,2018-02-20T12:38:25.113331,5000,0.0,0.0,0.0,5000,0,0,False,False,0
xgboost_static,never,273,568,2,2018-02-20T12:44:23.549258,5000,0.0,0.0,0.0,5000,0,0,False,False,0
xgboost_static,never,274,569,2,2018-02-20T12:47:42.741920,5000,0.0,0.0,0.0,5000,0,0,False,False,0
xgboost_static,never,275,571,2,2018-02-20T12:54:39.535064,5000,0.0,0.0,0.0,5000,0,0,False,False,0
xgboost_static,never,276,572,2,2018-02-20T12:57:04.962988,5000,0.0,0.0,0.0,5000,0,0,False,False,0
xgboost_static,never,277,573,2,2018-02-20T13:00:02.189832,5000,0.0,0.0,0.0,5000,0,0,False,False,0
xgboost_static,never,278,575,2,2018-02-20T13:06:02.719061,5000,0.0,0.0,0.0,5000,0,0,False,False,0
xgboost_static,never,279,576,2,2018-02-20T13:09:24.534811,5000,0.0,0.0,0.0,5000,0,0,False,False,0
xgboost_static,never,280,578,2,2018-02-20T13:15:31.118168,5000,0.0,0.0,0.0,5000,0,0,False,False,0
xgboost_static,never,281,579,2,2018-02-20T13:18:47.855403,5000,0.0,0.0,0.0,5000,0,0,False,False,0
xgboost_static,never,282,581,2,2018-02-20T13:25:28.337700,5000,0.0,0.0,0.0,5000,0,0,False,False,0
xgboost_static,never,283,582,2,2018-02-20T13:28:57.358062,5000,0.0,0.0,0.0,5000,0,0,False,False,0
xgboost_static,never,284,583,2,2018-02-20T13:31:24.839207,5000,0.0,0.0,0.0,5000,0,0,False,False,0
xgboost_static,never,285,585,2,2018-02-20T13:36:54.117034,5000,0.0,0.0,0.0,5000,0,0,False,False,0
xgboost_static,never,286,586,2,2018-02-20T13:39:46.399343,5000,0.0,0.0,0.0,5000,0,0,False,False,0
xgboost_static,never,287,588,2,2018-02-20T13:45:29.412810,5000,0.0,0.0,0.0,5000,0,0,False,False,0
xgboost_static,never,288,589,2,2018-02-20T13:48:21.442467,5000,0.0,0.0,0.0,5000,0,0,False,False,0
xgboost_static,never,289,591,2,2018-02-20T13:54:17.035121,5000,0.0,0.0,0.0,5000,0,0,False,False,0
xgboost_static,never,290,592,2,2018-02-20T13:57:18.761258,5000,0.0,0.0,0.0,5000,0,0,False,False,0
xgboost_static,never,291,593,2,2018-02-20T13:59:31.883895,5000,0.0,0.0,0.0,5000,0,0,False,False,0
xgboost_static,never,292,595,2,2018-02-20T14:05:07.874319,5000,0.0,0.0,0.0,5000,0,0,False,False,0
xgboost_static,never,293,596,2,2018-02-20T14:08:15.829182,5000,0.0,0.0,0.0,5000,0,0,False,False,0
xgboost_static,never,294,598,2,2018-02-20T14:14:31.781558,5000,0.2982,0.2982,0.2982,5000,0,0,False,False,0
xgboost_static,never,295,599,2,2018-02-20T14:16:42.779716,5000,0.2898,0.2898,0.2898,5000,0,0,False,False,0
xgboost_static,never,296,601,2,2018-02-20T14:20:53.046879,5000,0.3086,0.3086,0.3086,5000,0,0,False,False,0
xgboost_static,never,297,602,2,2018-02-20T14:23:04.054844,5000,0.302,0.302,0.302,5000,0,0,False,False,0
xgboost_static,never,298,603,2,2018-02-20T14:25:13.564658,5000,0.3288,0.3288,0.3288,5000,0,0,False,False,0
xgboost_static,never,299,605,2,2018-02-20T14:29:13.941506,5000,0.229,0.229,0.229,5000,0,0,False,False,0
xgboost_static,never,300,606,2,2018-02-20T14:30:56.601292,5000,0.2666,0.2666,0.2666,5000,0,0,False,False,0
xgboost_static,never,301,608,2,2018-02-20T14:34:56.840157,5000,0.2944,0.2944,0.2944,5000,0,0,False,False,0
xgboost_static,never,302,609,2,2018-02-20T14:37:11.748493,5000,0.283,0.283,0.283,5000,0,0,False,False,0
xgboost_static,never,303,611,2,2018-02-20T14:41:14.753304,5000,0.3264,0.3264,0.3264,5000,0,0,False,False,0
xgboost_static,never,304,612,2,2018-02-20T14:43:32.797628,5000,0.2888,0.2888,0.2888,5000,0,0,False,False,0
xgboost_static,never,305,613,2,2018-02-20T14:45:36.887432,5000,0.3014,0.3014,0.3014,5000,0,0,False,False,0
xgboost_static,never,306,615,2,2018-02-20T14:49:37.865031,5000,0.2898,0.2898,0.2898,5000,0,0,False,False,0
xgboost_static,never,307,616,2,2018-02-20T14:51:50.660254,5000,0.2958,0.2958,0.2958,5000,0,0,False,False,0
xgboost_static,never,308,618,2,2018-02-20T14:56:15.897299,5000,0.244,0.244,0.244,5000,0,0,False,False,0
xgboost_static,never,309,619,2,2018-02-20T14:58:01.595900,5000,0.2428,0.2428,0.2428,5000,0,0,False,False,0
xgboost_static,never,310,621,2,2018-02-20T15:01:53.196726,5000,0.3064,0.3064,0.3064,5000,0,0,False,False,0
xgboost_static,never,311,622,2,2018-02-20T15:04:03.919827,5000,0.321,0.321,0.321,5000,0,0,False,False,0
xgboost_static,never,312,623,2,2018-02-20T15:06:20.620580,5000,0.2904,0.2904,0.2904,5000,0,0,False,False,0
xgboost_static,never,313,625,2,2018-02-20T15:10:31.378150,5000,0.2608,0.2608,0.2608,5000,0,0,False,False,0
xgboost_static,never,314,626,2,2018-02-20T15:12:23.454693,5000,0.3078,0.3078,0.3078,5000,0,0,False,False,0
xgboost_static,never,315,628,2,2018-02-20T15:16:42.101279,5000,0.0152,0.0152,0.0152,5000,0,0,False,False,0
xgboost_static,never,316,629,2,2018-02-20T15:19:42.643899,5000,0.0,0.0,0.0,5000,0,0,False,False,0
xgboost_static,never,317,631,2,2018-02-20T15:25:37.439770,5000,0.0,0.0,0.0,5000,0,0,False,False,0
xgboost_static,never,318,632,2,2018-02-20T15:28:10.587368,5000,0.0,0.0,0.0,5000,0,0,False,False,0
xgboost_static,never,319,633,2,2018-02-20T15:30:12.779257,5000,0.0,0.0,0.0,5000,0,0,False,False,0
xgboost_static,never,320,635,2,2018-02-20T15:35:22.231173,5000,0.0,0.0,0.0,5000,0,0,False,False,0
xgboost_static,never,321,636,2,2018-02-20T15:38:29.946843,5000,0.0,0.0,0.0,5000,0,0,False,False,0
xgboost_static,never,322,638,2,2018-02-20T15:44:30.302110,5000,0.0,0.0,0.0,5000,0,0,False,False,0
xgboost_static,never,323,639,2,2018-02-20T15:47:15.886421,5000,0.0,0.0,0.0,5000,0,0,False,False,0
xgboost_static,never,324,641,2,2018-02-20T15:53:10.482827,5000,0.0,0.0,0.0,5000,0,0,False,False,0
xgboost_static,never,325,642,2,2018-02-20T15:55:49.302768,5000,0.0,0.0,0.0,5000,0,0,False,False,0
xgboost_static,never,326,643,2,2018-02-20T15:58:33.314108,5000,0.0,0.0,0.0,5000,0,0,False,False,0
xgboost_static,never,327,645,2,2018-02-20T16:04:31.087569,5000,0.0,0.0,0.0,5000,0,0,False,False,0
xgboost_static,never,328,646,2,2018-02-20T16:08:19.383547,5000,0.0,0.0,0.0,5000,0,0,False,False,0
xgboost_static,never,329,648,2,2018-02-20T16:16:14.502721,5000,0.0,0.0,0.0,5000,0,0,False,False,0
xgboost_static,never,330,649,2,2018-02-20T16:20:02.198707,5000,0.0,0.0,0.0,5000,0,0,False,False,0
xgboost_static,never,331,651,2,2018-02-20T16:28:01.225982,5000,0.0,0.0,0.0,5000,0,0,False,False,0
xgboost_static,never,332,652,2,2018-02-20T16:31:14.129279,5000,0.0,0.0,0.0,5000,0,0,False,False,0
xgboost_static,never,333,653,2,2018-02-20T16:35:09.895817,5000,0.0,0.0,0.0,5000,0,0,False,False,0
xgboost_static,never,334,655,2,2018-02-20T16:43:24.945659,5000,0.0,0.0,0.0,5000,0,0,False,False,0
xgboost_static,never,335,656,2,2018-02-20T16:47:54.650182,5000,0.0,0.0,0.0,5000,0,0,False,False,0
xgboost_static,never,336,658,2,2018-02-20T16:56:24.516343,5000,0.0,0.0,0.0,5000,0,0,False,False,0
xgboost_static,never,337,659,2,2018-02-20T17:00:00.272785,5000,0.0,0.0,0.0,5000,0,0,False,False,0
xgboost_static,never,338,661,2,2018-02-20T17:08:06.037864,5000,0.0,0.0,0.0,5000,0,0,False,False,0
xgboost_static,never,339,662,2,2018-02-20T17:11:06.031557,5000,0.0014,0.0014,0.0014,5000,0,0,False,False,0
xgboost_static,never,340,663,2,2018-02-20T17:14:44.633613,5000,0.0048,0.0048,0.0048,5000,0,0,False,False,0
xgboost_static,never,341,665,2,2018-02-20T17:21:10.633901,5000,0.0034,0.0034,0.0034,5000,0,0,False,False,0
xgboost_static,never,342,666,2,2018-02-20T17:24:26.084946,5000,0.006,0.006,0.006,5000,0,0,False,False,0
xgboost_static,never,343,668,2,2018-02-20T17:30:09.339511,5000,0.0,0.0,0.0,5000,0,0,False,False,0
xgboost_static,never,344,669,2,2018-02-20T17:33:23.041576,5000,0.0,0.0,0.0,5000,0,0,False,False,0
xgboost_static,never,345,671,2,2018-02-20T17:39:24.625685,5000,0.0,0.0,0.0,5000,0,0,False,False,0
xgboost_static,never,346,672,2,2018-02-20T17:42:29.662063,5000,0.0,0.0,0.0,5000,0,0,False,False,0
xgboost_static,never,347,673,2,2018-02-20T17:45:34.633978,5000,0.0,0.0,0.0,5000,0,0,False,False,0
xgboost_static,never,348,675,2,2018-02-20T17:51:06.230687,5000,0.0,0.0,0.0,5000,0,0,False,False,0
xgboost_static,never,349,676,2,2018-02-20T17:53:34.922957,5000,0.0,0.0,0.0,5000,0,0,False,False,0
xgboost_static,never,350,678,2,2018-02-20T17:59:12.951031,5000,0.0,0.0,0.0,5000,0,0,False,False,0
xgboost_static,never,351,679,2,2018-02-20T18:02:11.827536,5000,0.0,0.0,0.0,5000,0,0,False,False,0
xgboost_static,never,352,681,2,2018-02-20T18:08:12.518079,5000,0.0,0.0,0.0,5000,0,0,False,False,0
xgboost_static,never,353,682,2,2018-02-20T18:11:36.935593,5000,0.0,0.0,0.0,5000,0,0,False,False,0
xgboost_static,never,354,683,2,2018-02-20T18:14:55.978979,5000,0.0,0.0,0.0,5000,0,0,False,False,0
xgboost_static,never,355,685,2,2018-02-20T18:21:05.499939,5000,0.0,0.0,0.0,5000,0,0,False,False,0
xgboost_static,never,356,686,2,2018-02-20T18:23:50.222744,5000,0.0,0.0,0.0,5000,0,0,False,False,0
xgboost_static,never,357,688,2,2018-02-20T18:30:09.680294,5000,0.0,0.0,0.0,5000,0,0,False,False,0
xgboost_static,never,358,689,2,2018-02-20T18:33:25.427037,5000,0.0,0.0,0.0,5000,0,0,False,False,0
xgboost_static,never,359,691,2,2018-02-20T18:39:44.679720,5000,0.0,0.0,0.0,5000,0,0,False,False,0
xgboost_static,never,360,692,2,2018-02-20T18:43:11.984043,5000,0.0,0.0,0.0,5000,0,0,False,False,0
xgboost_static,never,361,693,2,2018-02-20T18:46:19.309423,5000,0.0,0.0,0.0,5000,0,0,False,False,0
xgboost_static,never,362,695,2,2018-02-20T18:52:02.610717,5000,0.0,0.0,0.0,5000,0,0,False,False,0
xgboost_static,never,363,696,2,2018-02-20T18:55:06.665218,5000,0.0,0.0,0.0,5000,0,0,False,False,0
xgboost_static,never,364,698,2,2018-02-20T19:01:10.440471,5000,0.0,0.0,0.0,5000,0,0,False,False,0
xgboost_static,never,365,699,2,2018-02-20T19:04:28.580678,5000,0.0,0.0,0.0,5000,0,0,False,False,0
xgboost_static,never,366,701,2,2018-02-20T19:10:25.009531,5000,0.0,0.0,0.0,5000,0,0,False,False,0
xgboost_static,never,367,702,2,2018-02-20T19:13:32.158672,5000,0.0,0.0,0.0,5000,0,0,False,False,0
xgboost_static,never,368,703,2,2018-02-20T19:15:49.108499,5000,0.0,0.0,0.0,5000,0,0,False,False,0
xgboost_static,never,369,705,2,2018-02-20T19:21:25.725262,5000,0.0,0.0,0.0,5000,0,0,False,False,0
xgboost_static,never,370,706,2,2018-02-20T19:24:14.097813,5000,0.0,0.0,0.0,5000,0,0,False,False,0
xgboost_static,never,371,708,2,2018-02-20T19:29:57.132441,5000,0.0,0.0,0.0,5000,0,0,False,False,0
xgboost_static,never,372,709,2,2018-02-20T19:33:01.817768,5000,0.0,0.0,0.0,5000,0,0,False,False,0
xgboost_static,never,373,711,2,2018-02-20T19:39:57.524340,5000,0.0,0.0,0.0,5000,0,0,False,False,0
xgboost_static,never,374,712,2,2018-02-20T19:43:13.714136,5000,0.0,0.0,0.0,5000,0,0,False,False,0
xgboost_static,never,375,713,2,2018-02-20T19:46:25.668285,5000,0.0,0.0,0.0,5000,0,0,False,False,0
xgboost_static,never,376,715,2,2018-02-20T19:53:04.620728,5000,0.0,0.0,0.0,5000,0,0,False,False,0
xgboost_static,never,377,716,2,2018-02-20T19:55:56.765701,5000,0.0,0.0,0.0,5000,0,0,False,False,0
xgboost_static,never,378,718,2,2018-02-20T20:02:41.352875,5000,0.0,0.0,0.0,5000,0,0,False,False,0
xgboost_static,never,379,719,2,2018-02-20T20:06:03.371789,5000,0.0,0.0,0.0,5000,0,0,False,False,0
xgboost_static,never,380,721,2,2018-02-20T20:12:23.782760,5000,0.0,0.0,0.0,5000,0,0,False,False,0
xgboost_static,never,381,722,2,2018-02-20T20:15:31.445539,5000,0.0,0.0,0.0,5000,0,0,False,False,0
xgboost_static,never,382,723,2,2018-02-20T20:18:48.584643,5000,0.0,0.0,0.0,5000,0,0,False,False,0
xgboost_static,never,383,725,2,2018-02-20T20:25:14.043761,5000,0.0,0.0,0.0,5000,0,0,False,False,0
xgboost_static,never,384,726,2,2018-02-20T20:28:14.197722,5000,0.0,0.0,0.0,5000,0,0,False,False,0
xgboost_static,never,385,728,2,2018-02-20T20:34:12.469410,5000,0.0,0.0,0.0,5000,0,0,False,False,0
xgboost_static,never,386,729,2,2018-02-20T20:37:37.519650,5000,0.0,0.0,0.0,5000,0,0,False,False,0
xgboost_static,never,387,731,2,2018-02-20T20:43:43.130318,5000,0.0,0.0,0.0,5000,0,0,False,False,0
xgboost_static,never,388,732,2,2018-02-20T20:46:38.901492,5000,0.0,0.0,0.0,5000,0,0,False,False,0
xgboost_static,never,389,733,2,2018-02-20T20:49:51.903624,5000,0.0,0.0,0.0,5000,0,0,False,False,0
xgboost_static,never,390,735,2,2018-02-20T20:56:26.712720,5000,0.0,0.0,0.0,5000,0,0,False,False,0
xgboost_static,never,391,736,2,2018-02-20T20:59:22.490475,5000,0.0,0.0,0.0,5000,0,0,False,False,0
xgboost_static,never,392,738,2,2018-02-20T21:08:44.013987,5000,0.0,0.0,0.0,5000,0,0,False,False,0
xgboost_static,never,393,739,2,2018-02-20T21:13:16.499106,5000,0.0,0.0,0.0,5000,0,0,False,False,0
xgboost_static,never,394,741,2,2018-02-20T21:21:04.601251,5000,0.0,0.0,0.0,5000,0,0,False,False,0
xgboost_static,never,395,742,2,2018-02-20T21:26:04.740808,5000,0.0,0.0,0.0,5000,0,0,False,False,0
xgboost_static,never,396,743,2,2018-02-20T21:29:40.070489,5000,0.0,0.0,0.0,5000,0,0,False,False,0
xgboost_static,never,397,745,2,2018-02-21T12:30:14.915765,5000,0.0,0.0,0.0,5000,0,0,False,False,0
xgboost_static,never,398,746,2,2018-02-21T12:32:53.448588,5000,0.0,0.0,0.0,5000,0,0,False,False,0
xgboost_static,never,399,748,2,2018-02-21T12:37:27.992164,5000,0.0,0.0,0.0,5000,0,0,False,False,0
xgboost_static,never,400,749,2,2018-02-21T12:39:45.094275,5000,0.0,0.0,0.0,5000,0,0,False,False,0
xgboost_static,never,401,751,2,2018-02-21T12:45:01.378501,5000,0.0,0.0,0.0,5000,0,0,False,False,0
xgboost_static,never,402,752,2,2018-02-21T12:48:09.859294,5000,0.0,0.0,0.0,5000,0,0,False,False,0
xgboost_static,never,403,753,2,2018-02-21T12:50:58.467470,5000,0.0,0.0,0.0,5000,0,0,False,False,0
xgboost_static,never,404,755,2,2018-02-21T12:56:40.027568,5000,0.0,0.0,0.0,5000,0,0,False,False,0
xgboost_static,never,405,756,2,2018-02-21T12:59:24.261264,5000,0.0,0.0,0.0,5000,0,0,False,False,0
xgboost_static,never,406,758,2,2018-02-21T13:04:10.810725,5000,0.0,0.0,0.0,5000,0,0,False,False,0
xgboost_static,never,407,759,2,2018-02-21T13:06:45.860074,5000,0.0,0.0,0.0,5000,0,0,False,False,0
xgboost_static,never,408,761,2,2018-02-21T13:13:01.411539,5000,0.0,0.0,0.0,5000,0,0,False,False,0
xgboost_static,never,409,762,2,2018-02-21T13:16:03.109229,5000,0.0,0.0,0.0,5000,0,0,False,False,0
xgboost_static,never,410,763,2,2018-02-21T13:19:00.531255,5000,0.0,0.0,0.0,5000,0,0,False,False,0
xgboost_static,never,411,765,2,2018-02-21T13:25:13.895266,5000,0.0,0.0,0.0,5000,0,0,False,False,0
xgboost_static,never,412,766,2,2018-02-21T13:28:22.393146,5000,0.0,0.0,0.0,5000,0,0,False,False,0
xgboost_static,never,413,768,2,2018-02-21T13:33:11.645413,5000,0.0,0.0,0.0,5000,0,0,False,False,0
xgboost_static,never,414,769,2,2018-02-21T13:36:04.080147,5000,0.0,0.0,0.0,5000,0,0,False,False,0
xgboost_static,never,415,771,2,2018-02-21T13:41:17.088813,5000,0.0,0.0,0.0,5000,0,0,False,False,0
xgboost_static,never,416,772,2,2018-02-21T13:44:22.712351,5000,0.0,0.0,0.0,5000,0,0,False,False,0
xgboost_static,never,417,773,2,2018-02-21T13:46:43.432214,5000,0.0,0.0,0.0,5000,0,0,False,False,0
xgboost_static,never,418,775,2,2018-02-21T13:52:00.793060,5000,0.0,0.0,0.0,5000,0,0,False,False,0
xgboost_static,never,419,776,2,2018-02-21T13:54:50.123467,5000,0.0,0.0,0.0,5000,0,0,False,False,0
xgboost_static,never,420,778,2,2018-02-21T13:59:48.596242,5000,0.0,0.0,0.0,5000,0,0,False,False,0
xgboost_static,never,421,779,2,2018-02-21T14:02:23.603296,5000,0.0,0.0,0.0,5000,0,0,False,False,0
xgboost_static,never,422,781,2,2018-02-21T14:09:02.068577,5000,0.0056,0.0056,0.0056,5000,0,0,False,False,0
xgboost_static,never,423,782,2,2018-02-21T14:12:26.243805,5000,0.0048,0.0048,0.0048,5000,0,0,False,False,0
xgboost_static,never,424,783,2,2018-02-21T14:15:57.048932,5000,0.0038,0.0038,0.0038,5000,0,0,False,False,0
xgboost_static,never,425,785,2,2018-02-21T14:22:23.243787,5000,0.0074,0.0074,0.0074,5000,0,0,False,False,0
xgboost_static,never,426,786,2,2018-02-21T14:25:50.331671,5000,0.0044,0.0044,0.0044,5000,0,0,False,False,0
xgboost_static,never,427,788,2,2018-02-21T14:31:04.193754,5000,0.005,0.005,0.005,5000,0,0,False,False,0
xgboost_static,never,428,789,2,2018-02-21T14:33:49.628647,5000,0.003,0.003,0.003,5000,0,0,False,False,0
xgboost_static,never,429,791,2,2018-02-21T14:39:39.767683,5000,0.0034,0.0034,0.0034,5000,0,0,False,False,0
xgboost_static,never,430,792,2,2018-02-21T14:42:44.190903,5000,0.0006,0.0006,0.0006,5000,0,0,False,False,0
xgboost_static,never,431,793,2,2018-02-21T14:45:43.676915,5000,0.0,0.0,0.0,5000,0,0,False,False,0
xgboost_static,never,432,795,2,2018-02-21T14:51:13.097638,5000,0.0,0.0,0.0,5000,0,0,False,False,0
xgboost_static,never,433,796,2,2018-02-21T14:54:09.509792,5000,0.0,0.0,0.0,5000,0,0,False,False,0
xgboost_static,never,434,798,2,2018-02-21T14:59:30.273293,5000,0.0,0.0,0.0,5000,0,0,False,False,0
xgboost_static,never,435,799,2,2018-02-21T15:02:06.076741,5000,0.0,0.0,0.0,5000,0,0,False,False,0
xgboost_static,never,436,801,2,2018-02-21T15:08:08.899097,5000,0.0,0.0,0.0,5000,0,0,False,False,0
xgboost_static,never,437,802,2,2018-02-21T15:11:12.768118,5000,0.0,0.0,0.0,5000,0,0,False,False,0
xgboost_static,never,438,803,2,2018-02-21T15:14:10.812095,5000,0.0,0.0,0.0,5000,0,0,False,False,0
xgboost_static,never,439,805,2,2018-02-21T15:19:27.236425,5000,0.0,0.0,0.0,5000,0,0,False,False,0
xgboost_static,never,440,806,2,2018-02-21T15:22:37.743356,5000,0.0,0.0,0.0,5000,0,0,False,False,0
xgboost_static,never,441,808,2,2018-02-21T15:28:03.652468,5000,0.0,0.0,0.0,5000,0,0,False,False,0
xgboost_static,never,442,809,2,2018-02-21T15:30:18.591035,5000,0.0,0.0,0.0,5000,0,0,False,False,0
xgboost_static,never,443,811,2,2018-02-21T15:36:13.544051,5000,0.0,0.0,0.0,5000,0,0,False,False,0
xgboost_static,never,444,812,2,2018-02-21T15:39:00.464967,5000,0.0,0.0,0.0,5000,0,0,False,False,0
xgboost_static,never,445,813,2,2018-02-21T15:41:57.881450,5000,0.0,0.0,0.0,5000,0,0,False,False,0
xgboost_static,never,446,815,2,2018-02-21T15:47:26.984262,5000,0.0,0.0,0.0,5000,0,0,False,False,0
xgboost_static,never,447,816,2,2018-02-21T15:50:01.059659,5000,0.0,0.0,0.0,5000,0,0,False,False,0
xgboost_static,never,448,818,2,2018-02-21T15:55:38.579118,5000,0.0,0.0,0.0,5000,0,0,False,False,0
xgboost_static,never,449,819,2,2018-02-21T15:58:36.097314,5000,0.0,0.0,0.0,5000,0,0,False,False,0
xgboost_static,never,450,821,2,2018-02-21T16:05:01.687604,5000,0.0,0.0,0.0,5000,0,0,False,False,0
xgboost_static,never,451,822,2,2018-02-21T16:09:31.368178,5000,0.0,0.0,0.0,5000,0,0,False,False,0
xgboost_static,never,452,823,2,2018-02-21T16:13:43.831770,5000,0.0,0.0,0.0,5000,0,0,False,False,0
xgboost_static,never,453,825,2,2018-02-21T16:21:37.517709,5000,0.0,0.0,0.0,5000,0,0,False,False,0
xgboost_static,never,454,826,2,2018-02-21T16:26:17.679611,5000,0.0,0.0,0.0,5000,0,0,False,False,0
xgboost_static,never,455,828,2,2018-02-21T16:33:12.676353,5000,0.0,0.0,0.0,5000,0,0,False,False,0
xgboost_static,never,456,829,2,2018-02-21T16:38:12.893820,5000,0.0,0.0,0.0,5000,0,0,False,False,0
xgboost_static,never,457,831,2,2018-02-21T16:48:53.815070,5000,0.0,0.0,0.0,5000,0,0,False,False,0
xgboost_static,never,458,832,2,2018-02-21T16:53:12.481748,5000,0.0,0.0,0.0,5000,0,0,False,False,0
xgboost_static,never,459,833,2,2018-02-21T16:57:37.801631,5000,0.0,0.0,0.0,5000,0,0,False,False,0
xgboost_static,never,460,835,2,2018-02-21T17:06:03.042740,5000,0.0,0.0,0.0,5000,0,0,False,False,0
xgboost_static,never,461,836,2,2018-02-21T17:09:38.898301,5000,0.0,0.0,0.0,5000,0,0,False,False,0
xgboost_static,never,462,838,2,2018-02-21T17:17:05.418711,5000,0.0,0.0,0.0,5000,0,0,False,False,0
xgboost_static,never,463,839,2,2018-02-21T17:20:23.358572,5000,0.0,0.0,0.0,5000,0,0,False,False,0
xgboost_static,never,464,841,2,2018-02-21T17:26:25.898448,5000,0.0,0.0,0.0,5000,0,0,False,False,0
xgboost_static,never,465,842,2,2018-02-21T17:29:38.601103,5000,0.0,0.0,0.0,5000,0,0,False,False,0
xgboost_static,never,466,843,2,2018-02-21T17:32:41.644697,5000,0.0,0.0,0.0,5000,0,0,False,False,0
xgboost_static,never,467,845,2,2018-02-21T17:39:02.350368,5000,0.0,0.0,0.0,5000,0,0,False,False,0
xgboost_static,never,468,846,2,2018-02-21T17:41:54.539703,5000,0.0,0.0,0.0,5000,0,0,False,False,0
xgboost_static,never,469,848,2,2018-02-21T17:48:04.656628,5000,0.0,0.0,0.0,5000,0,0,False,False,0
xgboost_static,never,470,849,2,2018-02-21T17:50:30.104450,5000,0.0,0.0,0.0,5000,0,0,False,False,0
xgboost_static,never,471,851,2,2018-02-21T17:55:49.288941,5000,0.0,0.0,0.0,5000,0,0,False,False,0
xgboost_static,never,472,852,2,2018-02-21T17:58:32.781438,5000,0.0,0.0,0.0,5000,0,0,False,False,0
xgboost_static,never,473,853,2,2018-02-21T18:01:04.808759,5000,0.0,0.0,0.0,5000,0,0,False,False,0
xgboost_static,never,474,855,2,2018-02-21T18:07:29.910309,5000,0.0,0.0,0.0,5000,0,0,False,False,0
xgboost_static,never,475,856,2,2018-02-21T18:10:39.677287,5000,0.5256,0.5256,0.5256,5000,0,0,False,False,0
xgboost_static,never,476,858,2,2018-02-21T18:12:57.221842,5000,0.726,0.726,0.726,5000,0,0,False,False,0
xgboost_static,never,477,859,2,2018-02-21T18:13:56.466778,5000,0.7158,0.7158,0.7158,5000,0,0,False,False,0
xgboost_static,never,478,861,2,2018-02-21T18:15:53.910471,5000,0.6404,0.6404,0.6404,5000,0,0,False,False,0
xgboost_static,never,479,862,2,2018-02-21T18:16:48.564714,5000,0.6594,0.6594,0.6594,5000,0,0,False,False,0
xgboost_static,never,480,863,2,2018-02-21T18:17:44.733742,5000,0.7052,0.7052,0.7052,5000,0,0,False,False,0
xgboost_static,never,481,865,2,2018-02-21T18:19:41.727090,5000,0.6774,0.6774,0.6774,5000,0,0,False,False,0
xgboost_static,never,482,866,2,2018-02-21T18:20:38.999754,5000,0.6894,0.6894,0.6894,5000,0,0,False,False,0
xgboost_static,never,483,868,2,2018-02-21T18:22:33.140864,5000,0.6782,0.6782,0.6782,5000,0,0,False,False,0
xgboost_static,never,484,869,2,2018-02-21T18:23:27.249092,5000,0.6892,0.6892,0.6892,5000,0,0,False,False,0
xgboost_static,never,485,871,2,2018-02-21T18:25:24.554403,5000,0.6982,0.6982,0.6982,5000,0,0,False,False,0
xgboost_static,never,486,872,2,2018-02-21T18:26:24.070476,5000,0.7202,0.7202,0.7202,5000,0,0,False,False,0
xgboost_static,never,487,873,2,2018-02-21T18:27:23.621285,5000,0.7132,0.7132,0.7132,5000,0,0,False,False,0
xgboost_static,never,488,875,2,2018-02-21T18:29:23.774216,5000,0.6074,0.6074,0.6074,5000,0,0,False,False,0
xgboost_static,never,489,876,2,2018-02-21T18:30:18.657633,5000,0.6716,0.6716,0.6716,5000,0,0,False,False,0
xgboost_static,never,490,878,2,2018-02-21T18:32:22.078792,5000,0.6996,0.6996,0.6996,5000,0,0,False,False,0
xgboost_static,never,491,879,2,2018-02-21T18:33:28.362423,5000,0.6424,0.6424,0.6424,5000,0,0,False,False,0
xgboost_static,never,492,881,2,2018-02-21T18:35:32.929260,5000,0.683,0.683,0.683,5000,0,0,False,False,0
xgboost_static,never,493,882,2,2018-02-21T18:36:38.586837,5000,0.6572,0.6572,0.6572,5000,0,0,False,False,0
xgboost_static,never,494,883,2,2018-02-21T18:37:42.707071,5000,0.6594,0.6594,0.6594,5000,0,0,False,False,0
xgboost_static,never,495,885,2,2018-02-21T18:39:51.262574,5000,0.6614,0.6614,0.6614,5000,0,0,False,False,0
xgboost_static,never,496,886,2,2018-02-21T18:40:55.193704,5000,0.696,0.696,0.696,5000,0,0,False,False,0
xgboost_static,never,497,888,2,2018-02-21T18:43:13.151035,5000,0.5988,0.5988,0.5988,5000,0,0,False,False,0
xgboost_static,never,498,889,2,2018-02-21T18:44:14.879606,5000,0.5736,0.5736,0.5736,5000,0,0,False,False,0
xgboost_static,never,499,891,2,2018-02-21T18:46:22.131592,5000,0.6216,0.6216,0.6216,5000,0,0,False,False,0
xgboost_static,never,500,892,2,2018-02-21T18:47:29.433508,5000,0.6234,0.6234,0.6234,5000,0,0,False,False,0
xgboost_static,never,501,893,2,2018-02-21T18:48:37.547513,5000,0.5768,0.5768,0.5768,5000,0,0,False,False,0
xgboost_static,never,502,895,2,2018-02-21T18:50:48.669328,5000,0.6068,0.6068,0.6068,5000,0,0,False,False,0
xgboost_static,never,503,896,2,2018-02-21T18:52:01.751987,5000,0.6274,0.6274,0.6274,5000,0,0,False,False,0
xgboost_static,never,504,898,2,2018-02-21T18:54:34.081396,5000,0.5624,0.5624,0.5624,5000,0,0,False,False,0
xgboost_static,never,505,899,2,2018-02-21T18:55:51.862246,5000,0.593,0.593,0.593,5000,0,0,False,False,0
xgboost_static,never,506,901,2,2018-02-21T18:58:27.021799,5000,0.5522,0.5522,0.5522,5000,0,0,False,False,0
xgboost_static,never,507,902,2,2018-02-21T18:59:44.178317,5000,0.5866,0.5866,0.5866,5000,0,0,False,False,0
xgboost_static,never,508,903,2,2018-02-21T19:01:06.866127,5000,0.5768,0.5768,0.5768,5000,0,0,False,False,0
xgboost_static,never,509,905,2,2018-02-21T19:03:55.186376,5000,0.5614,0.5614,0.5614,5000,0,0,False,False,0
xgboost_static,never,510,906,2,2018-02-21T19:05:16.354567,5000,0.1266,0.1266,0.1266,5000,0,0,False,False,0
xgboost_static,never,511,908,2,2018-02-21T19:11:28.389861,5000,0.0,0.0,0.0,5000,0,0,False,False,0
xgboost_static,never,512,909,2,2018-02-21T19:14:14.552997,5000,0.0,0.0,0.0,5000,0,0,False,False,0
xgboost_static,never,513,911,2,2018-02-21T19:20:11.670699,5000,0.0,0.0,0.0,5000,0,0,False,False,0
xgboost_static,never,514,912,2,2018-02-21T19:23:16.430515,5000,0.0,0.0,0.0,5000,0,0,False,False,0
xgboost_static,never,515,913,2,2018-02-21T19:26:11.147775,5000,0.0,0.0,0.0,5000,0,0,False,False,0
xgboost_static,never,516,915,2,2018-02-21T19:32:12.461008,5000,0.0,0.0,0.0,5000,0,0,False,False,0
xgboost_static,never,517,916,2,2018-02-21T19:35:57.053192,5000,0.0,0.0,0.0,5000,0,0,False,False,0
xgboost_static,never,518,918,2,2018-02-21T19:42:39.002372,5000,0.0,0.0,0.0,5000,0,0,False,False,0
xgboost_static,never,519,919,2,2018-02-21T19:45:56.280969,5000,0.0,0.0,0.0,5000,0,0,False,False,0
xgboost_static,never,520,921,2,2018-02-21T19:52:46.033934,5000,0.0,0.0,0.0,5000,0,0,False,False,0
xgboost_static,never,521,922,2,2018-02-21T19:55:30.549351,5000,0.0,0.0,0.0,5000,0,0,False,False,0
xgboost_static,never,522,923,2,2018-02-21T19:58:47.617308,5000,0.0,0.0,0.0,5000,0,0,False,False,0
xgboost_static,never,523,925,2,2018-02-21T20:05:37.779293,5000,0.0,0.0,0.0,5000,0,0,False,False,0
xgboost_static,never,524,926,2,2018-02-21T20:08:47.732466,5000,0.0,0.0,0.0,5000,0,0,False,False,0
xgboost_static,never,525,928,2,2018-02-21T20:14:25.911503,5000,0.0,0.0,0.0,5000,0,0,False,False,0
xgboost_static,never,526,929,2,2018-02-21T20:17:12.508088,5000,0.0,0.0,0.0,5000,0,0,False,False,0
xgboost_static,never,527,931,2,2018-02-21T20:22:34.652384,5000,0.0,0.0,0.0,5000,0,0,False,False,0
xgboost_static,never,528,932,2,2018-02-21T20:25:36.227355,5000,0.0,0.0,0.0,5000,0,0,False,False,0
xgboost_static,never,529,933,2,2018-02-21T20:28:27.081522,5000,0.0,0.0,0.0,5000,0,0,False,False,0
xgboost_static,never,530,935,2,2018-02-21T20:34:07.230799,5000,0.0,0.0,0.0,5000,0,0,False,False,0
xgboost_static,never,531,936,2,2018-02-21T20:37:05.888882,5000,0.0,0.0,0.0,5000,0,0,False,False,0
xgboost_static,never,532,938,2,2018-02-21T20:42:50.974097,5000,0.0,0.0,0.0,5000,0,0,False,False,0
xgboost_static,never,533,939,2,2018-02-21T20:45:26.017299,5000,0.0,0.0,0.0,5000,0,0,False,False,0
xgboost_static,never,534,941,2,2018-02-21T20:51:09.809989,5000,0.0,0.0,0.0,5000,0,0,False,False,0
xgboost_static,never,535,942,2,2018-02-21T20:53:55.122043,5000,0.0,0.0,0.0,5000,0,0,False,False,0
xgboost_static,never,536,943,2,2018-02-21T20:56:55.048720,5000,0.0,0.0,0.0,5000,0,0,False,False,0
xgboost_static,never,537,945,2,2018-02-21T21:02:49.211416,5000,0.0,0.0,0.0,5000,0,0,False,False,0
xgboost_static,never,538,946,2,2018-02-21T21:07:24.981572,5000,0.0,0.0,0.0,5000,0,0,False,False,0
xgboost_static,never,539,948,2,2018-02-21T21:15:27.907170,5000,0.0,0.0,0.0,5000,0,0,False,False,0
xgboost_static,never,540,949,2,2018-02-21T21:18:57.456495,5000,0.0,0.0,0.0,5000,0,0,False,False,0
xgboost_static,never,541,951,2,2018-02-21T21:27:31.818947,5000,0.0,0.0,0.0,5000,0,0,False,False,0
xgboost_static,never,542,952,2,2018-02-21T21:34:23.596059,5000,0.0,0.0,0.0,5000,0,0,False,False,0
xgboost_static,never,543,953,2,2018-02-22T12:22:54.529632,5000,0.0,0.0,0.0,5000,0,0,False,False,0
xgboost_static,never,544,955,2,2018-02-22T12:27:12.388977,5000,0.0,0.0,0.0,5000,0,0,False,False,0
xgboost_static,never,545,956,2,2018-02-22T12:29:27.352468,5000,0.0,0.0,0.0,5000,0,0,False,False,0
xgboost_static,never,546,958,2,2018-02-22T12:35:27.445278,5000,0.0,0.0,0.0,5000,0,0,False,False,0
xgboost_static,never,547,959,2,2018-02-22T12:37:47.622535,5000,0.0,0.0,0.0,5000,0,0,False,False,0
xgboost_static,never,548,961,2,2018-02-22T12:43:49.286020,5000,0.0,0.0,0.0,5000,0,0,False,False,0
xgboost_static,never,549,962,2,2018-02-22T12:46:47.899133,5000,0.0,0.0,0.0,5000,0,0,False,False,0
xgboost_static,never,550,963,2,2018-02-22T12:49:47.587430,5000,0.0,0.0,0.0,5000,0,0,False,False,0
xgboost_static,never,551,965,2,2018-02-22T12:55:00.343632,5000,0.0,0.0,0.0,5000,0,0,False,False,0
xgboost_static,never,552,966,2,2018-02-22T12:58:16.423411,5000,0.0,0.0,0.0,5000,0,0,False,False,0
xgboost_static,never,553,968,2,2018-02-22T13:03:25.342616,5000,0.0,0.0,0.0,5000,0,0,False,False,0
xgboost_static,never,554,969,2,2018-02-22T13:06:20.276523,5000,0.0,0.0,0.0,5000,0,0,False,False,0
xgboost_static,never,555,971,2,2018-02-22T13:12:13.742783,5000,0.0,0.0,0.0,5000,0,0,False,False,0
xgboost_static,never,556,972,2,2018-02-22T13:15:14.200920,5000,0.0,0.0,0.0,5000,0,0,False,False,0
xgboost_static,never,557,973,2,2018-02-22T13:17:51.212302,5000,0.0,0.0,0.0,5000,0,0,False,False,0
xgboost_static,never,558,975,2,2018-02-22T13:23:49.752711,5000,0.0,0.0,0.0,5000,0,0,False,False,0
xgboost_static,never,559,976,2,2018-02-22T13:26:50.170406,5000,0.0,0.0,0.0,5000,0,0,False,False,0
xgboost_static,never,560,978,2,2018-02-22T13:31:59.369100,5000,0.0,0.0,0.0,5000,0,0,False,False,0
xgboost_static,never,561,979,2,2018-02-22T13:35:02.349131,5000,0.0,0.0,0.0,5000,0,0,False,False,0
xgboost_static,never,562,981,2,2018-02-22T13:40:44.414617,5000,0.0,0.0,0.0,5000,0,0,False,False,0
xgboost_static,never,563,982,2,2018-02-22T13:43:37.016733,5000,0.0,0.0,0.0,5000,0,0,False,False,0
xgboost_static,never,564,983,2,2018-02-22T13:46:12.432471,5000,0.0,0.0,0.0,5000,0,0,False,False,0
xgboost_static,never,565,985,2,2018-02-22T13:51:52.536801,5000,0.0,0.0,0.0,5000,0,0,False,False,0
xgboost_static,never,566,986,2,2018-02-22T13:54:14.118264,5000,0.0,0.0,0.0,5000,0,0,False,False,0
xgboost_static,never,567,988,2,2018-02-22T13:59:42.540775,5000,0.0,0.0,0.0,5000,0,0,False,False,0
xgboost_static,never,568,989,2,2018-02-22T14:02:51.580757,5000,0.0,0.0,0.0,5000,0,0,False,False,0
xgboost_static,never,569,991,2,2018-02-22T14:09:28.178823,5000,0.0,0.0,0.0,5000,0,0,False,False,0
xgboost_static,never,570,992,2,2018-02-22T14:12:07.043409,5000,0.0,0.0,0.0,5000,0,0,False,False,0
xgboost_static,never,571,993,2,2018-02-22T14:15:24.387773,5000,0.0,0.0,0.0,5000,0,0,False,False,0
xgboost_static,never,572,995,2,2018-02-22T14:21:40.014524,5000,0.0,0.0,0.0,5000,0,0,False,False,0
xgboost_static,never,573,996,2,2018-02-22T14:24:07.374723,5000,0.0002,0.0002,0.0002,5000,0,0,False,False,0
xgboost_static,never,574,998,2,2018-02-22T14:29:13.649442,5000,0.0002,0.0002,0.0002,5000,0,0,False,False,0
xgboost_static,never,575,999,2,2018-02-22T14:32:16.171190,5000,0.0,0.0,0.0,5000,0,0,False,False,0
xgboost_static,never,576,1001,2,2018-02-22T14:38:03.075220,5000,0.0,0.0,0.0,5000,0,0,False,False,0
xgboost_static,never,577,1002,2,2018-02-22T14:40:47.690179,5000,0.0,0.0,0.0,5000,0,0,False,False,0
xgboost_static,never,578,1003,2,2018-02-22T14:43:23.320540,5000,0.0002,0.0002,0.0002,5000,0,0,False,False,0
xgboost_static,never,579,1005,2,2018-02-22T14:49:21.214144,5000,0.0,0.0,0.0,5000,0,0,False,False,0
xgboost_static,never,580,1006,2,2018-02-22T14:51:41.261166,5000,0.0,0.0,0.0,5000,0,0,False,False,0
xgboost_static,never,581,1008,2,2018-02-22T14:56:43.081874,5000,0.0,0.0,0.0,5000,0,0,False,False,0
xgboost_static,never,582,1009,2,2018-02-22T14:59:24.671546,5000,0.0,0.0,0.0,5000,0,0,False,False,0
xgboost_static,never,583,1011,2,2018-02-22T15:04:45.705989,5000,0.0,0.0,0.0,5000,0,0,False,False,0
xgboost_static,never,584,1012,2,2018-02-22T15:07:09.237370,5000,0.0,0.0,0.0,5000,0,0,False,False,0
xgboost_static,never,585,1013,2,2018-02-22T15:09:51.412721,5000,0.0002,0.0002,0.0002,5000,0,0,False,False,0
xgboost_static,never,586,1015,2,2018-02-22T15:15:18.999894,5000,0.0,0.0,0.0,5000,0,0,False,False,0
xgboost_static,never,587,1016,2,2018-02-22T15:17:54.695711,5000,0.0,0.0,0.0,5000,0,0,False,False,0
xgboost_static,never,588,1018,2,2018-02-22T15:22:22.433254,5000,0.0,0.0,0.0,5000,0,0,False,False,0
xgboost_static,never,589,1019,2,2018-02-22T15:25:03.738097,5000,0.0,0.0,0.0,5000,0,0,False,False,0
xgboost_static,never,590,1021,2,2018-02-22T15:30:44.544653,5000,0.0,0.0,0.0,5000,0,0,False,False,0
xgboost_static,never,591,1022,2,2018-02-22T15:32:58.354207,5000,0.0,0.0,0.0,5000,0,0,False,False,0
xgboost_static,never,592,1023,2,2018-02-22T15:36:01.093836,5000,0.0,0.0,0.0,5000,0,0,False,False,0
xgboost_static,never,593,1025,2,2018-02-22T15:41:14.959602,5000,0.0,0.0,0.0,5000,0,0,False,False,0
xgboost_static,never,594,1026,2,2018-02-22T15:44:11.291771,5000,0.0,0.0,0.0,5000,0,0,False,False,0
xgboost_static,never,595,1028,2,2018-02-22T15:49:17.610078,5000,0.0,0.0,0.0,5000,0,0,False,False,0
xgboost_static,never,596,1029,2,2018-02-22T15:51:40.029913,5000,0.0,0.0,0.0,5000,0,0,False,False,0
xgboost_static,never,597,1031,2,2018-02-22T15:56:27.016540,5000,0.0,0.0,0.0,5000,0,0,False,False,0
xgboost_static,never,598,1032,2,2018-02-22T15:58:49.204845,5000,0.0,0.0,0.0,5000,0,0,False,False,0
xgboost_static,never,599,1033,2,2018-02-22T16:01:05.980538,5000,0.0,0.0,0.0,5000,0,0,False,False,0
xgboost_static,never,600,1035,2,2018-02-22T16:07:50.911907,5000,0.0,0.0,0.0,5000,0,0,False,False,0
xgboost_static,never,601,1036,2,2018-02-22T16:12:11.784010,5000,0.0,0.0,0.0,5000,0,0,False,False,0
xgboost_static,never,602,1038,2,2018-02-22T16:19:02.533051,5000,0.0,0.0,0.0,5000,0,0,False,False,0
xgboost_static,never,603,1039,2,2018-02-22T16:22:14.999146,5000,0.0,0.0,0.0,5000,0,0,False,False,0
xgboost_static,never,604,1041,2,2018-02-22T16:28:56.728660,5000,0.0,0.0,0.0,5000,0,0,False,False,0
xgboost_static,never,605,1042,2,2018-02-22T16:31:57.856987,5000,0.0,0.0,0.0,5000,0,0,False,False,0
xgboost_static,never,606,1043,2,2018-02-22T16:35:33.892869,2397,0.0,0.0,0.0,2397,0,0,False,False,0
xgboost_static,never,607,1044,3,2018-02-22T16:37:34.655567,5000,0.0,0.0,0.0,5000,0,0,False,False,0
xgboost_static,never,608,1045,3,2018-02-22T16:42:29.645176,5000,0.0,0.0,0.0,5000,0,0,False,False,0
xgboost_static,never,609,1047,3,2018-02-22T16:51:04.075683,5000,0.0,0.0,0.0,5000,0,0,False,False,0
xgboost_static,never,610,1048,3,2018-02-22T16:55:04.424761,5000,0.0,0.0,0.0,5000,0,0,False,False,0
xgboost_static,never,611,1050,3,2018-02-22T17:02:40.002973,5000,0.0,0.0,0.0,5000,0,0,False,False,0
xgboost_static,never,612,1051,3,2018-02-22T17:07:25.580912,5000,0.0,0.0,0.0,5000,0,0,False,False,0
xgboost_static,never,613,1053,3,2018-02-22T17:14:13.608167,5000,0.0,0.0,0.0,5000,0,0,False,False,0
xgboost_static,never,614,1054,3,2018-02-22T17:17:01.680245,5000,0.0,0.0,0.0,5000,0,0,False,False,0
xgboost_static,never,615,1055,3,2018-02-22T17:20:15.804740,5000,0.0,0.0,0.0,5000,0,0,False,False,0
xgboost_static,never,616,1057,3,2018-02-22T17:26:43.928911,5000,0.0,0.0,0.0,5000,0,0,False,False,0
xgboost_static,never,617,1058,3,2018-02-22T17:29:30.546148,5000,0.0,0.0,0.0,5000,0,0,False,False,0
xgboost_static,never,618,1060,3,2018-02-22T17:35:26.255610,5000,0.0,0.0,0.0,5000,0,0,False,False,0
xgboost_static,never,619,1061,3,2018-02-22T17:38:22.408162,5000,0.0,0.0,0.0,5000,0,0,False,False,0
xgboost_static,never,620,1063,3,2018-02-22T17:43:42.821178,5000,0.0,0.0,0.0,5000,0,0,False,False,0
xgboost_static,never,621,1064,3,2018-02-22T17:46:31.621801,5000,0.0,0.0,0.0,5000,0,0,False,False,0
xgboost_static,never,622,1065,3,2018-02-22T17:49:21.226210,5000,0.0,0.0,0.0,5000,0,0,False,False,0
xgboost_static,never,623,1067,3,2018-02-22T17:54:59.589602,5000,0.0,0.0,0.0,5000,0,0,False,False,0
xgboost_static,never,624,1068,3,2018-02-22T17:57:53.315638,5000,0.0,0.0,0.0,5000,0,0,False,False,0
xgboost_static,never,625,1070,3,2018-02-22T18:03:45.799563,5000,0.0,0.0,0.0,5000,0,0,False,False,0
xgboost_static,never,626,1071,3,2018-02-22T18:07:10.867855,5000,0.0,0.0,0.0,5000,0,0,False,False,0
xgboost_static,never,627,1073,3,2018-02-22T18:13:11.243943,5000,0.0,0.0,0.0,5000,0,0,False,False,0
xgboost_static,never,628,1074,3,2018-02-22T18:16:01.882227,5000,0.0,0.0,0.0,5000,0,0,False,False,0
xgboost_static,never,629,1075,3,2018-02-22T18:18:50.867777,5000,0.0,0.0,0.0,5000,0,0,False,False,0
xgboost_static,never,630,1077,3,2018-02-22T18:24:57.234677,5000,0.0,0.0,0.0,5000,0,0,False,False,0
xgboost_static,never,631,1078,3,2018-02-22T18:28:07.099354,5000,0.0002,0.0002,0.0002,5000,0,0,False,False,0
xgboost_static,never,632,1080,3,2018-02-22T18:34:23.474688,5000,0.0,0.0,0.0,5000,0,0,False,False,0
xgboost_static,never,633,1081,3,2018-02-22T18:37:55.750536,5000,0.0,0.0,0.0,5000,0,0,False,False,0
xgboost_static,never,634,1083,3,2018-02-22T18:43:55.261480,5000,0.0,0.0,0.0,5000,0,0,False,False,0
xgboost_static,never,635,1084,3,2018-02-22T18:46:36.847575,5000,0.0,0.0,0.0,5000,0,0,False,False,0
xgboost_static,never,636,1085,3,2018-02-22T18:49:46.215557,5000,0.0,0.0,0.0,5000,0,0,False,False,0
xgboost_static,never,637,1087,3,2018-02-22T18:55:55.775994,5000,0.0,0.0,0.0,5000,0,0,False,False,0
xgboost_static,never,638,1088,3,2018-02-22T18:58:47.853237,5000,0.0,0.0,0.0,5000,0,0,False,False,0
xgboost_static,never,639,1090,3,2018-02-22T19:05:04.507172,5000,0.0,0.0,0.0,5000,0,0,False,False,0
xgboost_static,never,640,1091,3,2018-02-22T19:07:48.446707,5000,0.0,0.0,0.0,5000,0,0,False,False,0
xgboost_static,never,641,1093,3,2018-02-22T19:13:35.912581,5000,0.0,0.0,0.0,5000,0,0,False,False,0
xgboost_static,never,642,1094,3,2018-02-22T19:16:33.447960,5000,0.0,0.0,0.0,5000,0,0,False,False,0
xgboost_static,never,643,1095,3,2018-02-22T19:19:21.623763,5000,0.0,0.0,0.0,5000,0,0,False,False,0
xgboost_static,never,644,1097,3,2018-02-22T19:25:32.357316,5000,0.0,0.0,0.0,5000,0,0,False,False,0
xgboost_static,never,645,1098,3,2018-02-22T19:28:20.639054,5000,0.0,0.0,0.0,5000,0,0,False,False,0
xgboost_static,never,646,1100,3,2018-02-22T19:34:28.978909,5000,0.0,0.0,0.0,5000,0,0,False,False,0
xgboost_static,never,647,1101,3,2018-02-22T19:37:28.358013,5000,0.0,0.0,0.0,5000,0,0,False,False,0
xgboost_static,never,648,1103,3,2018-02-22T19:43:44.587729,5000,0.0,0.0,0.0,5000,0,0,False,False,0
xgboost_static,never,649,1104,3,2018-02-22T19:47:05.950804,5000,0.0,0.0,0.0,5000,0,0,False,False,0
xgboost_static,never,650,1105,3,2018-02-22T19:50:14.865514,5000,0.0,0.0,0.0,5000,0,0,False,False,0
xgboost_static,never,651,1107,3,2018-02-22T19:56:49.723192,5000,0.0,0.0,0.0,5000,0,0,False,False,0
xgboost_static,never,652,1108,3,2018-02-22T20:00:08.334881,5000,0.0,0.0,0.0,5000,0,0,False,False,0
xgboost_static,never,653,1110,3,2018-02-22T20:06:29.811638,5000,0.0,0.0,0.0,5000,0,0,False,False,0
xgboost_static,never,654,1111,3,2018-02-22T20:09:30.641709,5000,0.0,0.0,0.0,5000,0,0,False,False,0
xgboost_static,never,655,1113,3,2018-02-22T20:15:49.186124,5000,0.0002,0.0002,0.0002,5000,0,0,False,False,0
xgboost_static,never,656,1114,3,2018-02-22T20:18:45.311403,5000,0.0,0.0,0.0,5000,0,0,False,False,0
xgboost_static,never,657,1115,3,2018-02-22T20:21:42.578114,5000,0.0002,0.0002,0.0002,5000,0,0,False,False,0
xgboost_static,never,658,1117,3,2018-02-22T20:27:44.424326,5000,0.0,0.0,0.0,5000,0,0,False,False,0
xgboost_static,never,659,1118,3,2018-02-22T20:30:58.592686,5000,0.0,0.0,0.0,5000,0,0,False,False,0
xgboost_static,never,660,1120,3,2018-02-22T20:36:32.245831,5000,0.0,0.0,0.0,5000,0,0,False,False,0
xgboost_static,never,661,1121,3,2018-02-22T20:39:30.368391,5000,0.0,0.0,0.0,5000,0,0,False,False,0
xgboost_static,never,662,1123,3,2018-02-22T20:45:02.663145,5000,0.0,0.0,0.0,5000,0,0,False,False,0
xgboost_static,never,663,1124,3,2018-02-22T20:48:19.360224,5000,0.0,0.0,0.0,5000,0,0,False,False,0
xgboost_static,never,664,1125,3,2018-02-22T20:51:22.486910,5000,0.0,0.0,0.0,5000,0,0,False,False,0
xgboost_static,never,665,1127,3,2018-02-22T20:57:55.717537,5000,0.0,0.0,0.0,5000,0,0,False,False,0
xgboost_static,never,666,1128,3,2018-02-22T21:00:52.327056,5000,0.0,0.0,0.0,5000,0,0,False,False,0
xgboost_static,never,667,1130,3,2018-02-22T21:09:32.662576,5000,0.0,0.0,0.0,5000,0,0,False,False,0
xgboost_static,never,668,1131,3,2018-02-22T21:13:59.879001,5000,0.0,0.0,0.0,5000,0,0,False,False,0
xgboost_static,never,669,1133,3,2018-02-22T21:22:46.707931,5000,0.0,0.0,0.0,5000,0,0,False,False,0
xgboost_static,never,670,1134,3,2018-02-22T21:27:58.541642,5000,0.0,0.0,0.0,5000,0,0,False,False,0
xgboost_static,never,671,1135,3,2018-02-22T21:49:25.834671,5000,0.0,0.0,0.0,5000,0,0,False,False,0
xgboost_static,never,672,1137,3,2018-02-23T12:19:09.413188,5000,0.0,0.0,0.0,5000,0,0,False,False,0
xgboost_static,never,673,1138,3,2018-02-23T12:21:29.311210,5000,0.0,0.0,0.0,5000,0,0,False,False,0
xgboost_static,never,674,1140,3,2018-02-23T12:26:38.432842,5000,0.0,0.0,0.0,5000,0,0,False,False,0
xgboost_static,never,675,1141,3,2018-02-23T12:29:34.990274,5000,0.0,0.0,0.0,5000,0,0,False,False,0
xgboost_static,never,676,1143,3,2018-02-23T12:35:46.065983,5000,0.0,0.0,0.0,5000,0,0,False,False,0
xgboost_static,never,677,1144,3,2018-02-23T12:39:04.356638,5000,0.0,0.0,0.0,5000,0,0,False,False,0
xgboost_static,never,678,1145,3,2018-02-23T12:42:22.320533,5000,0.0,0.0,0.0,5000,0,0,False,False,0
xgboost_static,never,679,1147,3,2018-02-23T12:47:45.613380,5000,0.0,0.0,0.0,5000,0,0,False,False,0
xgboost_static,never,680,1148,3,2018-02-23T12:50:30.878954,5000,0.0,0.0,0.0,5000,0,0,False,False,0
xgboost_static,never,681,1150,3,2018-02-23T12:56:15.896786,5000,0.0,0.0,0.0,5000,0,0,False,False,0
xgboost_static,never,682,1151,3,2018-02-23T12:58:52.453245,5000,0.0,0.0,0.0,5000,0,0,False,False,0
xgboost_static,never,683,1153,3,2018-02-23T13:05:38.989341,5000,0.0,0.0,0.0,5000,0,0,False,False,0
xgboost_static,never,684,1154,3,2018-02-23T13:09:20.114860,5000,0.0,0.0,0.0,5000,0,0,False,False,0
xgboost_static,never,685,1155,3,2018-02-23T13:12:11.752301,5000,0.0,0.0,0.0,5000,0,0,False,False,0
xgboost_static,never,686,1157,3,2018-02-23T13:18:32.169503,5000,0.0,0.0,0.0,5000,0,0,False,False,0
xgboost_static,never,687,1158,3,2018-02-23T13:21:19.061604,5000,0.0,0.0,0.0,5000,0,0,False,False,0
xgboost_static,never,688,1160,3,2018-02-23T13:27:31.126923,5000,0.0,0.0,0.0,5000,0,0,False,False,0
xgboost_static,never,689,1161,3,2018-02-23T13:30:09.515561,5000,0.0,0.0,0.0,5000,0,0,False,False,0
xgboost_static,never,690,1163,3,2018-02-23T13:36:12.594628,5000,0.0,0.0,0.0,5000,0,0,False,False,0
xgboost_static,never,691,1164,3,2018-02-23T13:38:39.776922,5000,0.0,0.0,0.0,5000,0,0,False,False,0
xgboost_static,never,692,1165,3,2018-02-23T13:41:45.046582,5000,0.0,0.0,0.0,5000,0,0,False,False,0
xgboost_static,never,693,1167,3,2018-02-23T13:46:50.083322,5000,0.0,0.0,0.0,5000,0,0,False,False,0
xgboost_static,never,694,1168,3,2018-02-23T13:49:32.621200,5000,0.0,0.0,0.0,5000,0,0,False,False,0
xgboost_static,never,695,1170,3,2018-02-23T13:55:07.946880,5000,0.0,0.0,0.0,5000,0,0,False,False,0
xgboost_static,never,696,1171,3,2018-02-23T13:57:55.985829,5000,0.0,0.0,0.0,5000,0,0,False,False,0
xgboost_static,never,697,1173,3,2018-02-23T14:03:41.073206,5000,0.0,0.0,0.0,5000,0,0,False,False,0
xgboost_static,never,698,1174,3,2018-02-23T14:06:05.109537,5000,0.0,0.0,0.0,5000,0,0,False,False,0
xgboost_static,never,699,1175,3,2018-02-23T14:09:06.028000,5000,0.0004,0.0004,0.0004,5000,0,0,False,False,0
xgboost_static,never,700,1177,3,2018-02-23T14:15:33.581575,5000,0.0,0.0,0.0,5000,0,0,False,False,0
xgboost_static,never,701,1178,3,2018-02-23T14:18:00.745619,5000,0.0,0.0,0.0,5000,0,0,False,False,0
xgboost_static,never,702,1180,3,2018-02-23T14:23:00.014529,5000,0.0002,0.0002,0.0002,5000,0,0,False,False,0
xgboost_static,never,703,1181,3,2018-02-23T14:26:30.212557,5000,0.0004,0.0004,0.0004,5000,0,0,False,False,0
xgboost_static,never,704,1183,3,2018-02-23T14:31:58.475941,5000,0.0002,0.0002,0.0002,5000,0,0,False,False,0
xgboost_static,never,705,1184,3,2018-02-23T14:34:52.154394,5000,0.0,0.0,0.0,5000,0,0,False,False,0
xgboost_static,never,706,1185,3,2018-02-23T14:37:46.334109,5000,0.0,0.0,0.0,5000,0,0,False,False,0
xgboost_static,never,707,1187,3,2018-02-23T14:43:36.607549,5000,0.0,0.0,0.0,5000,0,0,False,False,0
xgboost_static,never,708,1188,3,2018-02-23T14:45:56.733954,5000,0.0002,0.0002,0.0002,5000,0,0,False,False,0
xgboost_static,never,709,1190,3,2018-02-23T14:51:11.567659,5000,0.0,0.0,0.0,5000,0,0,False,False,0
xgboost_static,never,710,1191,3,2018-02-23T14:53:55.266486,5000,0.0,0.0,0.0,5000,0,0,False,False,0
xgboost_static,never,711,1193,3,2018-02-23T14:59:08.447524,5000,0.0,0.0,0.0,5000,0,0,False,False,0
xgboost_static,never,712,1194,3,2018-02-23T15:01:53.262327,5000,0.0,0.0,0.0,5000,0,0,False,False,0
xgboost_static,never,713,1195,3,2018-02-23T15:04:36.624933,5000,0.0,0.0,0.0,5000,0,0,False,False,0
xgboost_static,never,714,1197,3,2018-02-23T15:10:27.717534,5000,0.0,0.0,0.0,5000,0,0,False,False,0
xgboost_static,never,715,1198,3,2018-02-23T15:12:46.906000,5000,0.0,0.0,0.0,5000,0,0,False,False,0
xgboost_static,never,716,1200,3,2018-02-23T15:17:58.396117,5000,0.0,0.0,0.0,5000,0,0,False,False,0
xgboost_static,never,717,1201,3,2018-02-23T15:20:30.772290,5000,0.0,0.0,0.0,5000,0,0,False,False,0
xgboost_static,never,718,1203,3,2018-02-23T15:25:48.035278,5000,0.0,0.0,0.0,5000,0,0,False,False,0
xgboost_static,never,719,1204,3,2018-02-23T15:28:30.739814,5000,0.0,0.0,0.0,5000,0,0,False,False,0
xgboost_static,never,720,1205,3,2018-02-23T15:31:10.123681,5000,0.0,0.0,0.0,5000,0,0,False,False,0
xgboost_static,never,721,1207,3,2018-02-23T15:37:05.863562,5000,0.0,0.0,0.0,5000,0,0,False,False,0
xgboost_static,never,722,1208,3,2018-02-23T15:39:48.518342,5000,0.0,0.0,0.0,5000,0,0,False,False,0
xgboost_static,never,723,1210,3,2018-02-23T15:45:11.926641,5000,0.0,0.0,0.0,5000,0,0,False,False,0
xgboost_static,never,724,1211,3,2018-02-23T15:47:50.059692,5000,0.0,0.0,0.0,5000,0,0,False,False,0
xgboost_static,never,725,1213,3,2018-02-23T15:53:19.035799,5000,0.0,0.0,0.0,5000,0,0,False,False,0
xgboost_static,never,726,1214,3,2018-02-23T15:56:14.772567,5000,0.0,0.0,0.0,5000,0,0,False,False,0
xgboost_static,never,727,1215,3,2018-02-23T15:58:53.688379,5000,0.0,0.0,0.0,5000,0,0,False,False,0
xgboost_static,never,728,1217,3,2018-02-23T16:05:41.207430,5000,0.0,0.0,0.0,5000,0,0,False,False,0
xgboost_static,never,729,1218,3,2018-02-23T16:10:02.413066,5000,0.0,0.0,0.0,5000,0,0,False,False,0
xgboost_static,never,730,1220,3,2018-02-23T16:17:44.426538,5000,0.0,0.0,0.0,5000,0,0,False,False,0
xgboost_static,never,731,1221,3,2018-02-23T16:21:10.297425,5000,0.0,0.0,0.0,5000,0,0,False,False,0
xgboost_static,never,732,1223,3,2018-02-23T16:29:08.115870,5000,0.0,0.0,0.0,5000,0,0,False,False,0
xgboost_static,never,733,1224,3,2018-02-23T16:33:10.671253,5000,0.0,0.0,0.0,5000,0,0,False,False,0
xgboost_static,never,734,1225,3,2018-02-23T16:37:26.898811,5000,0.0,0.0,0.0,5000,0,0,False,False,0
xgboost_static,never,735,1227,3,2018-02-23T16:46:46.164231,5000,0.0,0.0,0.0,5000,0,0,False,False,0
xgboost_static,never,736,1228,3,2018-02-23T16:50:59.342386,5000,0.0,0.0,0.0,5000,0,0,False,False,0
xgboost_static,never,737,1230,3,2018-02-23T17:00:07.860786,5000,0.0,0.0,0.0,5000,0,0,False,False,0
xgboost_static,never,738,1231,3,2018-02-23T17:05:03.396238,5000,0.0002,0.0002,0.0002,5000,0,0,False,False,0
xgboost_static,never,739,1233,3,2018-02-23T17:12:25.620552,5000,0.0002,0.0002,0.0002,5000,0,0,False,False,0
xgboost_static,never,740,1234,3,2018-02-23T17:15:34.943329,5000,0.0,0.0,0.0,5000,0,0,False,False,0
xgboost_static,never,741,1235,3,2018-02-23T17:19:13.792941,5000,0.0,0.0,0.0,5000,0,0,False,False,0
xgboost_static,never,742,1237,3,2018-02-23T17:26:01.631852,5000,0.0002,0.0002,0.0002,5000,0,0,False,False,0
xgboost_static,never,743,1238,3,2018-02-23T17:29:13.887991,5000,0.0002,0.0002,0.0002,5000,0,0,False,False,0
xgboost_static,never,744,1240,3,2018-02-23T17:35:37.033764,5000,0.0,0.0,0.0,5000,0,0,False,False,0
xgboost_static,never,745,1241,3,2018-02-23T17:38:16.363984,5000,0.0002,0.0002,0.0002,5000,0,0,False,False,0
xgboost_static,never,746,1243,3,2018-02-23T17:43:49.857087,5000,0.0,0.0,0.0,5000,0,0,False,False,0
xgboost_static,never,747,1244,3,2018-02-23T17:46:42.635967,5000,0.0002,0.0002,0.0002,5000,0,0,False,False,0
xgboost_static,never,748,1245,3,2018-02-23T17:49:57.746133,5000,0.0,0.0,0.0,5000,0,0,False,False,0
xgboost_static,never,749,1247,3,2018-02-23T17:55:48.699034,5000,0.0002,0.0002,0.0002,5000,0,0,False,False,0
xgboost_static,never,750,1248,3,2018-02-23T17:58:52.281133,5000,0.0002,0.0002,0.0002,5000,0,0,False,False,0
xgboost_static,never,751,1250,3,2018-02-23T18:04:48.367862,5000,0.0,0.0,0.0,5000,0,0,False,False,0
xgboost_static,never,752,1251,3,2018-02-23T18:08:14.591926,5000,0.0,0.0,0.0,5000,0,0,False,False,0
xgboost_static,never,753,1253,3,2018-02-23T18:14:52.243703,5000,0.0,0.0,0.0,5000,0,0,False,False,0
xgboost_static,never,754,1254,3,2018-02-23T18:18:11.941351,5000,0.0,0.0,0.0,5000,0,0,False,False,0
xgboost_static,never,755,1255,3,2018-02-23T18:21:40.551335,5000,0.0,0.0,0.0,5000,0,0,False,False,0
xgboost_static,never,756,1257,3,2018-02-23T18:28:30.015996,5000,0.0,0.0,0.0,5000,0,0,False,False,0
xgboost_static,never,757,1258,3,2018-02-23T18:31:27.836891,5000,0.0,0.0,0.0,5000,0,0,False,False,0
xgboost_static,never,758,1260,3,2018-02-23T18:37:42.976461,5000,0.0,0.0,0.0,5000,0,0,False,False,0
xgboost_static,never,759,1261,3,2018-02-23T18:41:19.595475,5000,0.0,0.0,0.0,5000,0,0,False,False,0
xgboost_static,never,760,1263,3,2018-02-23T18:47:45.126894,5000,0.0,0.0,0.0,5000,0,0,False,False,0
xgboost_static,never,761,1264,3,2018-02-23T18:51:18.180413,5000,0.0,0.0,0.0,5000,0,0,False,False,0
xgboost_static,never,762,1265,3,2018-02-23T18:55:03.901317,5000,0.0,0.0,0.0,5000,0,0,False,False,0
xgboost_static,never,763,1267,3,2018-02-23T19:00:49.229977,5000,0.0,0.0,0.0,5000,0,0,False,False,0
xgboost_static,never,764,1268,3,2018-02-23T19:03:48.711884,5000,0.0002,0.0002,0.0002,5000,0,0,False,False,0
xgboost_static,never,765,1270,3,2018-02-23T19:10:06.621920,5000,0.0002,0.0002,0.0002,5000,0,0,False,False,0
xgboost_static,never,766,1271,3,2018-02-23T19:13:22.474245,5000,0.0006,0.0006,0.0006,5000,0,0,False,False,0
xgboost_static,never,767,1273,3,2018-02-23T19:19:29.224932,5000,0.0,0.0,0.0,5000,0,0,False,False,0
xgboost_static,never,768,1274,3,2018-02-23T19:22:50.355858,5000,0.0,0.0,0.0,5000,0,0,False,False,0
xgboost_static,never,769,1275,3,2018-02-23T19:25:49.835989,5000,0.0,0.0,0.0,5000,0,0,False,False,0
xgboost_static,never,770,1277,3,2018-02-23T19:30:46.057133,5000,0.0,0.0,0.0,5000,0,0,False,False,0
xgboost_static,never,771,1278,3,2018-02-23T19:33:23.811232,5000,0.0,0.0,0.0,5000,0,0,False,False,0
xgboost_static,never,772,1280,3,2018-02-23T19:39:55.467374,5000,0.0,0.0,0.0,5000,0,0,False,False,0
xgboost_static,never,773,1281,3,2018-02-23T19:43:16.760167,5000,0.0,0.0,0.0,5000,0,0,False,False,0
xgboost_static,never,774,1283,3,2018-02-23T19:50:00.590119,5000,0.0,0.0,0.0,5000,0,0,False,False,0
xgboost_static,never,775,1284,3,2018-02-23T19:53:33.898942,5000,0.0,0.0,0.0,5000,0,0,False,False,0
xgboost_static,never,776,1285,3,2018-02-23T19:56:59.056576,5000,0.0,0.0,0.0,5000,0,0,False,False,0
xgboost_static,never,777,1287,3,2018-02-23T20:02:31.395007,5000,0.0,0.0,0.0,5000,0,0,False,False,0
xgboost_static,never,778,1288,3,2018-02-23T20:05:33.347967,5000,0.0,0.0,0.0,5000,0,0,False,False,0
xgboost_static,never,779,1290,3,2018-02-23T20:12:08.276537,5000,0.0,0.0,0.0,5000,0,0,False,False,0
xgboost_static,never,780,1291,3,2018-02-23T20:15:18.197843,5000,0.0,0.0,0.0,5000,0,0,False,False,0
xgboost_static,never,781,1293,3,2018-02-23T20:21:26.727925,5000,0.0,0.0,0.0,5000,0,0,False,False,0
xgboost_static,never,782,1294,3,2018-02-23T20:24:17.712717,5000,0.0,0.0,0.0,5000,0,0,False,False,0
xgboost_static,never,783,1295,3,2018-02-23T20:26:52.497035,5000,0.0,0.0,0.0,5000,0,0,False,False,0
xgboost_static,never,784,1297,3,2018-02-23T20:31:48.191737,5000,0.0,0.0,0.0,5000,0,0,False,False,0
xgboost_static,never,785,1298,3,2018-02-23T20:34:39.113935,5000,0.0,0.0,0.0,5000,0,0,False,False,0
xgboost_static,never,786,1300,3,2018-02-23T20:40:43.639818,5000,0.0,0.0,0.0,5000,0,0,False,False,0
xgboost_static,never,787,1301,3,2018-02-23T20:43:46.091579,5000,0.0,0.0,0.0,5000,0,0,False,False,0
xgboost_static,never,788,1303,3,2018-02-23T20:49:37.709236,5000,0.0,0.0,0.0,5000,0,0,False,False,0
xgboost_static,never,789,1304,3,2018-02-23T20:52:44.842527,5000,0.0,0.0,0.0,5000,0,0,False,False,0
xgboost_static,never,790,1305,3,2018-02-23T20:55:38.980293,5000,0.0,0.0,0.0,5000,0,0,False,False,0
xgboost_static,never,791,1307,3,2018-02-23T21:01:10.570278,5000,0.0,0.0,0.0,5000,0,0,False,False,0
xgboost_static,never,792,1308,3,2018-02-23T21:05:05.156033,5000,0.0,0.0,0.0,5000,0,0,False,False,0
xgboost_static,never,793,1310,3,2018-02-23T21:14:12.567176,5000,0.0,0.0,0.0,5000,0,0,False,False,0
xgboost_static,never,794,1311,3,2018-02-23T21:18:09.695467,5000,0.0,0.0,0.0,5000,0,0,False,False,0
xgboost_static,never,795,1313,3,2018-02-23T21:27:55.011453,5604,0.0,0.0,0.0,5604,0,0,False,False,0
xgboost_static,never,796,1314,4,2018-02-28T12:20:49.532235,5000,0.0,0.0,0.0,5000,0,0,False,False,0
xgboost_static,never,797,1315,4,2018-02-28T12:22:06.840257,5000,0.0,0.0,0.0,5000,0,0,False,False,0
xgboost_static,never,798,1317,4,2018-02-28T12:25:38.748901,5000,0.0,0.0,0.0,5000,0,0,False,False,0
xgboost_static,never,799,1318,4,2018-02-28T12:27:25.213946,5000,0.0,0.0,0.0,5000,0,0,False,False,0
xgboost_static,never,800,1320,4,2018-02-28T12:31:45.331111,5000,0.0,0.0,0.0,5000,0,0,False,False,0
xgboost_static,never,801,1321,4,2018-02-28T12:34:21.556158,5000,0.0,0.0,0.0,5000,0,0,False,False,0
xgboost_static,never,802,1323,4,2018-02-28T12:39:13.393959,5000,0.0,0.0,0.0,5000,0,0,False,False,0
xgboost_static,never,803,1324,4,2018-02-28T12:41:55.417144,5000,0.0,0.0,0.0,5000,0,0,False,False,0
xgboost_static,never,804,1325,4,2018-02-28T12:44:27.752984,5000,0.0,0.0,0.0,5000,0,0,False,False,0
xgboost_static,never,805,1327,4,2018-02-28T12:49:25.399802,5000,0.0,0.0,0.0,5000,0,0,False,False,0
xgboost_static,never,806,1328,4,2018-02-28T12:51:29.821957,5000,0.0,0.0,0.0,5000,0,0,False,False,0
xgboost_static,never,807,1330,4,2018-02-28T12:55:06.316320,5000,0.0,0.0,0.0,5000,0,0,False,False,0
xgboost_static,never,808,1331,4,2018-02-28T12:57:22.259937,5000,0.0,0.0,0.0,5000,0,0,False,False,0
xgboost_static,never,809,1333,4,2018-02-28T13:02:16.406810,5000,0.0,0.0,0.0,5000,0,0,False,False,0
xgboost_static,never,810,1334,4,2018-02-28T13:05:06.021406,5000,0.0,0.0,0.0,5000,0,0,False,False,0
xgboost_static,never,811,1335,4,2018-02-28T13:07:38.934363,5000,0.0,0.0,0.0,5000,0,0,False,False,0
xgboost_static,never,812,1337,4,2018-02-28T13:13:23.378287,5000,0.0,0.0,0.0,5000,0,0,False,False,0
xgboost_static,never,813,1338,4,2018-02-28T13:15:59.296789,5000,0.0,0.0,0.0,5000,0,0,False,False,0
xgboost_static,never,814,1340,4,2018-02-28T13:21:53.624387,5000,0.0,0.0,0.0,5000,0,0,False,False,0
xgboost_static,never,815,1341,4,2018-02-28T13:24:27.669208,5000,0.0,0.0,0.0,5000,0,0,False,False,0
xgboost_static,never,816,1343,4,2018-02-28T13:29:52.870904,5000,0.0,0.0,0.0,5000,0,0,False,False,0
xgboost_static,never,817,1344,4,2018-02-28T13:33:09.557416,5000,0.0,0.0,0.0,5000,0,0,False,False,0
xgboost_static,never,818,1345,4,2018-02-28T13:36:01.182456,5000,0.0,0.0,0.0,5000,0,0,False,False,0
xgboost_static,never,819,1347,4,2018-02-28T13:41:44.877925,5000,0.0,0.0,0.0,5000,0,0,False,False,0
xgboost_static,never,820,1348,4,2018-02-28T13:44:02.117449,5000,0.0,0.0,0.0,5000,0,0,False,False,0
xgboost_static,never,821,1350,4,2018-02-28T13:50:08.770395,5000,0.0,0.0,0.0,5000,0,0,False,False,0
xgboost_static,never,822,1351,4,2018-02-28T13:52:31.281274,5000,0.0,0.0,0.0,5000,0,0,False,False,0
xgboost_static,never,823,1353,4,2018-02-28T13:57:38.785509,5000,0.0,0.0,0.0,5000,0,0,False,False,0
xgboost_static,never,824,1354,4,2018-02-28T14:00:38.814641,5000,0.0,0.0,0.0,5000,0,0,False,False,0
xgboost_static,never,825,1355,4,2018-02-28T14:03:42.546675,5000,0.0,0.0,0.0,5000,0,0,False,False,0
xgboost_static,never,826,1357,4,2018-02-28T14:09:54.693761,5000,0.0,0.0,0.0,5000,0,0,False,False,0
xgboost_static,never,827,1358,4,2018-02-28T14:13:00.975538,5000,0.0,0.0,0.0,5000,0,0,False,False,0
xgboost_static,never,828,1360,4,2018-02-28T14:19:08.648193,5000,0.0,0.0,0.0,5000,0,0,False,False,0
xgboost_static,never,829,1361,4,2018-02-28T14:21:55.569242,5000,0.0,0.0,0.0,5000,0,0,False,False,0
xgboost_static,never,830,1363,4,2018-02-28T14:27:31.701518,5000,0.0,0.0,0.0,5000,0,0,False,False,0
xgboost_static,never,831,1364,4,2018-02-28T14:30:13.816109,5000,0.0,0.0,0.0,5000,0,0,False,False,0
xgboost_static,never,832,1365,4,2018-02-28T14:33:12.936357,5000,0.0002,0.0002,0.0002,5000,0,0,False,False,0
xgboost_static,never,833,1367,4,2018-02-28T14:39:04.187946,5000,0.0,0.0,0.0,5000,0,0,False,False,0
xgboost_static,never,834,1368,4,2018-02-28T14:41:25.955365,5000,0.0004,0.0004,0.0004,5000,0,0,False,False,0
xgboost_static,never,835,1370,4,2018-02-28T14:47:36.782158,5000,0.069,0.069,0.069,5000,0,0,False,False,0
xgboost_static,never,836,1371,4,2018-02-28T14:50:08.353767,5000,0.0068,0.0068,0.0068,5000,0,0,False,False,0
xgboost_static,never,837,1373,4,2018-02-28T14:54:44.186051,5000,0.0072,0.0072,0.0072,5000,0,0,False,False,0
xgboost_static,never,838,1374,4,2018-02-28T14:57:05.431808,5000,0.0032,0.0032,0.0032,5000,0,0,False,False,0
xgboost_static,never,839,1375,4,2018-02-28T14:59:33.053335,5000,0.0696,0.0696,0.0696,5000,0,0,False,False,0
xgboost_static,never,840,1377,4,2018-02-28T15:03:57.570596,5000,0.1268,0.1268,0.1268,5000,0,0,False,False,0
xgboost_static,never,841,1378,4,2018-02-28T15:06:24.168581,5000,0.0008,0.0008,0.0008,5000,0,0,False,False,0
xgboost_static,never,842,1380,4,2018-02-28T15:11:04.210320,5000,0.0662,0.0662,0.0662,5000,0,0,False,False,0
xgboost_static,never,843,1381,4,2018-02-28T15:13:34.645830,5000,0.0058,0.0058,0.0058,5000,0,0,False,False,0
xgboost_static,never,844,1383,4,2018-02-28T15:18:21.785499,5000,0.0054,0.0054,0.0054,5000,0,0,False,False,0
xgboost_static,never,845,1384,4,2018-02-28T15:20:54.698971,5000,0.0036,0.0036,0.0036,5000,0,0,False,False,0
xgboost_static,never,846,1385,4,2018-02-28T15:23:07.882409,5000,0.0632,0.0632,0.0632,5000,0,0,False,False,0
xgboost_static,never,847,1387,4,2018-02-28T15:27:56.536358,5000,0.1372,0.1372,0.1372,4999,1,0,False,False,0
xgboost_static,never,848,1388,4,2018-02-28T15:30:11.356835,5000,0.0012,0.0012,0.0012,5000,0,0,False,False,0
xgboost_static,never,849,1390,4,2018-02-28T15:35:21.561176,5000,0.0,0.0,0.0,5000,0,0,False,False,0
xgboost_static,never,850,1391,4,2018-02-28T15:38:10.710592,5000,0.0,0.0,0.0,5000,0,0,False,False,0
xgboost_static,never,851,1393,4,2018-02-28T15:43:52.950707,5000,0.0,0.0,0.0,5000,0,0,False,False,0
xgboost_static,never,852,1394,4,2018-02-28T15:46:30.985337,5000,0.0,0.0,0.0,5000,0,0,False,False,0
xgboost_static,never,853,1395,4,2018-02-28T15:49:00.917873,5000,0.0,0.0,0.0,5000,0,0,False,False,0
xgboost_static,never,854,1397,4,2018-02-28T15:54:06.057063,5000,0.0014,0.0014,0.0014,5000,0,0,False,False,0
xgboost_static,never,855,1398,4,2018-02-28T15:57:04.923255,5000,0.054,0.054,0.054,5000,0,0,False,False,0
xgboost_static,never,856,1400,4,2018-02-28T16:02:09.587239,5000,0.0068,0.0068,0.0068,5000,0,0,False,False,0
xgboost_static,never,857,1401,4,2018-02-28T16:05:18.658555,5000,0.005,0.005,0.005,5000,0,0,False,False,0
xgboost_static,never,858,1403,4,2018-02-28T16:12:02.345269,5000,0.0,0.0,0.0,5000,0,0,False,False,0
xgboost_static,never,859,1404,4,2018-02-28T16:15:09.707057,5000,0.0,0.0,0.0,5000,0,0,False,False,0
xgboost_static,never,860,1405,4,2018-02-28T16:18:06.285557,5000,0.0,0.0,0.0,5000,0,0,False,False,0
xgboost_static,never,861,1407,4,2018-02-28T16:24:34.001770,5000,0.0,0.0,0.0,5000,0,0,False,False,0
xgboost_static,never,862,1408,4,2018-02-28T16:27:34.199407,5000,0.0,0.0,0.0,5000,0,0,False,False,0
xgboost_static,never,863,1410,4,2018-02-28T16:33:19.721137,5000,0.0,0.0,0.0,5000,0,0,False,False,0
xgboost_static,never,864,1411,4,2018-02-28T16:37:39.052452,5000,0.0,0.0,0.0,5000,0,0,False,False,0
xgboost_static,never,865,1413,4,2018-02-28T16:45:54.571979,5000,0.0,0.0,0.0,5000,0,0,False,False,0
xgboost_static,never,866,1414,4,2018-02-28T16:50:17.910129,5000,0.0,0.0,0.0,5000,0,0,False,False,0
xgboost_static,never,867,1415,4,2018-02-28T16:54:59.065774,5000,0.0,0.0,0.0,5000,0,0,False,False,0
xgboost_static,never,868,1417,4,2018-02-28T17:02:54.724196,5000,0.0,0.0,0.0,5000,0,0,False,False,0
xgboost_static,never,869,1418,4,2018-02-28T17:06:54.807149,5000,0.0,0.0,0.0,5000,0,0,False,False,0
xgboost_static,never,870,1420,4,2018-02-28T17:13:13.457161,5000,0.0,0.0,0.0,5000,0,0,False,False,0
xgboost_static,never,871,1421,4,2018-02-28T17:16:01.301485,5000,0.0,0.0,0.0,5000,0,0,False,False,0
xgboost_static,never,872,1423,4,2018-02-28T17:22:12.606669,5000,0.0,0.0,0.0,5000,0,0,False,False,0
xgboost_static,never,873,1424,4,2018-02-28T17:25:20.221268,5000,0.0,0.0,0.0,5000,0,0,False,False,0
xgboost_static,never,874,1425,4,2018-02-28T17:28:05.833656,5000,0.0,0.0,0.0,5000,0,0,False,False,0
xgboost_static,never,875,1427,4,2018-02-28T17:33:29.414937,5000,0.0,0.0,0.0,5000,0,0,False,False,0
xgboost_static,never,876,1428,4,2018-02-28T17:36:41.180412,5000,0.0,0.0,0.0,5000,0,0,False,False,0
xgboost_static,never,877,1430,4,2018-02-28T17:42:02.186626,5000,0.0006,0.0006,0.0006,5000,0,0,False,False,0
xgboost_static,never,878,1431,4,2018-02-28T17:44:47.160978,5000,0.0058,0.0058,0.0058,5000,0,0,False,False,0
xgboost_static,never,879,1433,4,2018-02-28T17:50:01.719578,5000,0.0024,0.0024,0.0024,5000,0,0,False,False,0
xgboost_static,never,880,1434,4,2018-02-28T17:52:28.092416,5000,0.0064,0.0064,0.0064,5000,0,0,False,False,0
xgboost_static,never,881,1435,4,2018-02-28T17:55:18.244775,5000,0.0624,0.0624,0.0624,5000,0,0,False,False,0
xgboost_static,never,882,1437,4,2018-02-28T18:00:28.804180,5000,0.0012,0.0012,0.0012,5000,0,0,False,False,0
xgboost_static,never,883,1438,4,2018-02-28T18:03:36.768014,5000,0.0684,0.0684,0.0684,5000,0,0,False,False,0
xgboost_static,never,884,1440,4,2018-02-28T18:09:36.154316,5000,0.106,0.106,0.106,5000,0,0,False,False,0
xgboost_static,never,885,1441,4,2018-02-28T18:11:54.190650,5000,0.0,0.0,0.0,5000,0,0,False,False,0
xgboost_static,never,886,1443,4,2018-02-28T18:17:11.691884,5000,0.0034,0.0034,0.0034,5000,0,0,False,False,0
xgboost_static,never,887,1444,4,2018-02-28T18:19:56.207519,5000,0.0052,0.0052,0.0052,5000,0,0,False,False,0
xgboost_static,never,888,1445,4,2018-02-28T18:22:43.683860,5000,0.0642,0.0642,0.0642,5000,0,0,False,False,0
xgboost_static,never,889,1447,4,2018-02-28T18:28:09.321869,5000,0.0044,0.0044,0.0044,5000,0,0,False,False,0
xgboost_static,never,890,1448,4,2018-02-28T18:30:34.210108,5000,0.0554,0.0554,0.0554,5000,0,0,False,False,0
xgboost_static,never,891,1450,4,2018-02-28T18:35:36.335443,5000,0.1282,0.1282,0.1282,5000,0,0,False,False,0
xgboost_static,never,892,1451,4,2018-02-28T18:38:00.499566,5000,0.0028,0.0028,0.0028,5000,0,0,False,False,0
xgboost_static,never,893,1453,4,2018-02-28T18:43:12.388992,5000,0.0,0.0,0.0,5000,0,0,False,False,0
xgboost_static,never,894,1454,4,2018-02-28T18:45:49.195459,5000,0.0002,0.0002,0.0,4999,1,0,False,False,0
xgboost_static,never,895,1455,4,2018-02-28T18:48:33.342436,5000,0.0,0.0,0.0,5000,0,0,False,False,0
xgboost_static,never,896,1457,4,2018-02-28T18:54:20.026510,5000,0.0,0.0,0.0,5000,0,0,False,False,0
xgboost_static,never,897,1458,4,2018-02-28T18:57:33.052350,5000,0.0,0.0,0.0,5000,0,0,False,False,0
xgboost_static,never,898,1460,4,2018-02-28T19:03:02.191273,5000,0.0,0.0,0.0,5000,0,0,False,False,0
xgboost_static,never,899,1461,4,2018-02-28T19:06:08.091231,5000,0.0,0.0,0.0,5000,0,0,False,False,0
xgboost_static,never,900,1463,4,2018-02-28T19:11:34.355578,5000,0.0,0.0,0.0,5000,0,0,False,False,0
xgboost_static,never,901,1464,4,2018-02-28T19:14:22.282480,5000,0.0,0.0,0.0,5000,0,0,False,False,0
xgboost_static,never,902,1465,4,2018-02-28T19:17:01.744068,5000,0.0,0.0,0.0,5000,0,0,False,False,0
xgboost_static,never,903,1467,4,2018-02-28T19:22:08.014324,5000,0.0,0.0,0.0,5000,0,0,False,False,0
xgboost_static,never,904,1468,4,2018-02-28T19:25:07.175020,5000,0.0,0.0,0.0,5000,0,0,False,False,0
xgboost_static,never,905,1470,4,2018-02-28T19:31:18.983100,5000,0.0,0.0,0.0,5000,0,0,False,False,0
xgboost_static,never,906,1471,4,2018-02-28T19:34:19.111752,5000,0.0,0.0,0.0,5000,0,0,False,False,0
xgboost_static,never,907,1473,4,2018-02-28T19:40:58.205859,5000,0.0,0.0,0.0,5000,0,0,False,False,0
xgboost_static,never,908,1474,4,2018-02-28T19:43:06.156822,5000,0.0,0.0,0.0,5000,0,0,False,False,0
xgboost_static,never,909,1475,4,2018-02-28T19:45:02.791453,5000,0.0,0.0,0.0,5000,0,0,False,False,0
xgboost_static,never,910,1477,4,2018-02-28T19:49:09.409491,5000,0.0,0.0,0.0,5000,0,0,False,False,0
xgboost_static,never,911,1478,4,2018-02-28T19:51:42.278805,5000,0.0,0.0,0.0,5000,0,0,False,False,0
xgboost_static,never,912,1480,4,2018-02-28T19:57:40.667750,5000,0.0,0.0,0.0,5000,0,0,False,False,0
xgboost_static,never,913,1481,4,2018-02-28T20:00:39.505392,5000,0.0,0.0,0.0,5000,0,0,False,False,0
xgboost_static,never,914,1483,4,2018-02-28T20:06:05.922387,5000,0.0,0.0,0.0,5000,0,0,False,False,0
xgboost_static,never,915,1484,4,2018-02-28T20:08:53.087328,5000,0.0,0.0,0.0,5000,0,0,False,False,0
xgboost_static,never,916,1485,4,2018-02-28T20:11:32.136790,5000,0.0,0.0,0.0,5000,0,0,False,False,0
xgboost_static,never,917,1487,4,2018-02-28T20:16:57.996608,5000,0.0,0.0,0.0,5000,0,0,False,False,0
xgboost_static,never,918,1488,4,2018-02-28T20:19:21.135614,5000,0.0,0.0,0.0,5000,0,0,False,False,0
xgboost_static,never,919,1490,4,2018-02-28T20:24:58.930403,5000,0.0,0.0,0.0,5000,0,0,False,False,0
xgboost_static,never,920,1491,4,2018-02-28T20:28:10.811457,5000,0.0,0.0,0.0,5000,0,0,False,False,0
xgboost_static,never,921,1493,4,2018-02-28T20:33:46.211347,5000,0.0,0.0,0.0,5000,0,0,False,False,0
xgboost_static,never,922,1494,4,2018-02-28T20:36:35.016953,5000,0.0,0.0,0.0,5000,0,0,False,False,0
xgboost_static,never,923,1495,4,2018-02-28T20:39:14.222126,5000,0.0,0.0,0.0,5000,0,0,False,False,0
xgboost_static,never,924,1497,4,2018-02-28T20:45:04.579952,5000,0.0,0.0,0.0,5000,0,0,False,False,0
xgboost_static,never,925,1498,4,2018-02-28T20:48:03.991325,5000,0.0,0.0,0.0,5000,0,0,False,False,0
xgboost_static,never,926,1500,4,2018-02-28T20:53:48.418987,5000,0.0,0.0,0.0,5000,0,0,False,False,0
xgboost_static,never,927,1501,4,2018-02-28T20:56:48.491000,5000,0.0,0.0,0.0,5000,0,0,False,False,0
xgboost_static,never,928,1503,4,2018-02-28T21:02:54.491415,5000,0.0,0.0,0.0,5000,0,0,False,False,0
xgboost_static,never,929,1504,4,2018-02-28T21:06:43.660797,5000,0.0,0.0,0.0,5000,0,0,False,False,0
xgboost_static,never,930,1505,4,2018-02-28T21:11:14.689634,5000,0.0,0.0,0.0,5000,0,0,False,False,0
xgboost_static,never,931,1507,4,2018-02-28T21:19:09.272488,5000,0.0,0.0,0.0,5000,0,0,False,False,0
xgboost_static,never,932,1508,4,2018-02-28T21:22:51.711468,5000,0.0,0.0,0.0,5000,0,0,False,False,0
xgboost_static,never,933,1510,4,2018-02-28T21:37:34.367328,5000,0.0,0.0,0.0,5000,0,0,False,False,0
xgboost_static,never,934,1511,4,2018-03-01T12:15:39.064732,5000,0.0,0.0,0.0,5000,0,0,False,False,0
xgboost_static,never,935,1513,4,2018-03-01T12:19:54.520816,5000,0.0,0.0,0.0,5000,0,0,False,False,0
xgboost_static,never,936,1514,4,2018-03-01T12:22:18.749644,5000,0.0,0.0,0.0,5000,0,0,False,False,0
xgboost_static,never,937,1515,4,2018-03-01T12:25:00.144703,5000,0.0,0.0,0.0,5000,0,0,False,False,0
xgboost_static,never,938,1517,4,2018-03-01T12:29:38.258143,5000,0.0,0.0,0.0,5000,0,0,False,False,0
xgboost_static,never,939,1518,4,2018-03-01T12:32:14.296813,5000,0.0,0.0,0.0,5000,0,0,False,False,0
xgboost_static,never,940,1520,4,2018-03-01T12:38:13.817216,5000,0.0,0.0,0.0,5000,0,0,False,False,0
xgboost_static,never,941,1521,4,2018-03-01T12:41:37.816560,5000,0.0,0.0,0.0,5000,0,0,False,False,0
xgboost_static,never,942,1523,4,2018-03-01T12:47:19.681475,5000,0.0,0.0,0.0,5000,0,0,False,False,0
xgboost_static,never,943,1524,4,2018-03-01T12:50:08.679195,5000,0.0,0.0,0.0,5000,0,0,False,False,0
xgboost_static,never,944,1525,4,2018-03-01T12:52:44.849046,5000,0.0,0.0,0.0,5000,0,0,False,False,0
xgboost_static,never,945,1527,4,2018-03-01T12:58:09.517876,5000,0.0,0.0,0.0,5000,0,0,False,False,0
xgboost_static,never,946,1528,4,2018-03-01T13:01:04.025574,5000,0.0,0.0,0.0,5000,0,0,False,False,0
xgboost_static,never,947,1530,4,2018-03-01T13:07:26.167718,5000,0.0,0.0,0.0,5000,0,0,False,False,0
xgboost_static,never,948,1531,4,2018-03-01T13:10:24.497541,5000,0.0,0.0,0.0,5000,0,0,False,False,0
xgboost_static,never,949,1533,4,2018-03-01T13:16:15.288675,5000,0.0,0.0,0.0,5000,0,0,False,False,0
xgboost_static,never,950,1534,4,2018-03-01T13:18:50.416620,5000,0.0,0.0,0.0,5000,0,0,False,False,0
xgboost_static,never,951,1535,4,2018-03-01T13:21:32.793833,5000,0.0,0.0,0.0,5000,0,0,False,False,0
xgboost_static,never,952,1537,4,2018-03-01T13:27:37.928243,5000,0.0,0.0,0.0,5000,0,0,False,False,0
xgboost_static,never,953,1538,4,2018-03-01T13:30:03.559592,5000,0.0,0.0,0.0,5000,0,0,False,False,0
xgboost_static,never,954,1540,4,2018-03-01T13:36:08.355775,5000,0.0,0.0,0.0,5000,0,0,False,False,0
xgboost_static,never,955,1541,4,2018-03-01T13:38:26.280661,5000,0.0,0.0,0.0,5000,0,0,False,False,0
xgboost_static,never,956,1543,4,2018-03-01T13:43:47.341437,5000,0.0,0.0,0.0,5000,0,0,False,False,0
xgboost_static,never,957,1544,4,2018-03-01T13:46:06.884226,5000,0.0,0.0,0.0,5000,0,0,False,False,0
xgboost_static,never,958,1545,4,2018-03-01T13:48:20.769235,5000,0.0,0.0,0.0,5000,0,0,False,False,0
xgboost_static,never,959,1547,4,2018-03-01T13:53:26.821215,5000,0.0,0.0,0.0,5000,0,0,False,False,0
xgboost_static,never,960,1548,4,2018-03-01T13:55:45.639117,5000,0.0002,0.0002,0.0002,5000,0,0,False,False,0
xgboost_static,never,961,1550,4,2018-03-01T14:00:59.495517,5000,0.0,0.0,0.0,5000,0,0,False,False,0
xgboost_static,never,962,1551,4,2018-03-01T14:03:36.758885,5000,0.0,0.0,0.0,5000,0,0,False,False,0
xgboost_static,never,963,1553,4,2018-03-01T14:09:13.280536,5000,0.0018,0.0018,0.0018,5000,0,0,False,False,0
xgboost_static,never,964,1554,4,2018-03-01T14:12:25.287294,5000,0.0692,0.0692,0.0692,4999,1,0,False,False,0
xgboost_static,never,965,1555,4,2018-03-01T14:14:34.150013,5000,0.0086,0.0086,0.0086,5000,0,0,False,False,0
xgboost_static,never,966,1557,4,2018-03-01T14:19:01.658610,5000,0.0064,0.0064,0.0064,5000,0,0,False,False,0
xgboost_static,never,967,1558,4,2018-03-01T14:21:34.089448,5000,0.0668,0.0668,0.0668,5000,0,0,False,False,0
xgboost_static,never,968,1560,4,2018-03-01T14:26:14.929685,5000,0.125,0.125,0.125,5000,0,0,False,False,0
xgboost_static,never,969,1561,4,2018-03-01T14:28:22.228934,5000,0.001,0.001,0.001,5000,0,0,False,False,0
xgboost_static,never,970,1563,4,2018-03-01T14:33:19.506772,5000,0.0002,0.0002,0.0002,5000,0,0,False,False,0
xgboost_static,never,971,1564,4,2018-03-01T14:35:54.318348,5000,0.0046,0.0046,0.0046,5000,0,0,False,False,0
xgboost_static,never,972,1565,4,2018-03-01T14:38:41.827852,5000,0.0646,0.0646,0.0646,5000,0,0,False,False,0
xgboost_static,never,973,1567,4,2018-03-01T14:44:07.900224,5000,0.0036,0.0036,0.0036,5000,0,0,False,False,0
xgboost_static,never,974,1568,4,2018-03-01T14:46:13.674041,5000,0.0656,0.0656,0.0656,5000,0,0,False,False,0
xgboost_static,never,975,1570,4,2018-03-01T14:50:48.492067,5000,0.1212,0.1212,0.1212,5000,0,0,False,False,0
xgboost_static,never,976,1571,4,2018-03-01T14:53:21.014744,5000,0.0048,0.0048,0.0048,5000,0,0,False,False,0
xgboost_static,never,977,1573,4,2018-03-01T14:58:30.050328,5000,0.0002,0.0002,0.0002,5000,0,0,False,False,0
xgboost_static,never,978,1574,4,2018-03-01T15:01:13.539752,5000,0.0,0.0,0.0,5000,0,0,False,False,0
xgboost_static,never,979,1575,4,2018-03-01T15:03:42.167073,5000,0.0,0.0,0.0,5000,0,0,False,False,0
xgboost_static,never,980,1577,4,2018-03-01T15:09:27.919316,5000,0.0,0.0,0.0,5000,0,0,False,False,0
xgboost_static,never,981,1578,4,2018-03-01T15:12:01.136952,5000,0.0,0.0,0.0,5000,0,0,False,False,0
xgboost_static,never,982,1580,4,2018-03-01T15:16:58.700686,5000,0.0,0.0,0.0,5000,0,0,False,False,0
xgboost_static,never,983,1581,4,2018-03-01T15:19:38.110667,5000,0.0,0.0,0.0,5000,0,0,False,False,0
xgboost_static,never,984,1583,4,2018-03-01T15:25:01.905960,5000,0.0,0.0,0.0,5000,0,0,False,False,0
xgboost_static,never,985,1584,4,2018-03-01T15:27:58.491446,5000,0.0002,0.0002,0.0002,5000,0,0,False,False,0
xgboost_static,never,986,1585,4,2018-03-01T15:30:27.858661,5000,0.0,0.0,0.0,5000,0,0,False,False,0
xgboost_static,never,987,1587,4,2018-03-01T15:36:10.787942,5000,0.0,0.0,0.0,5000,0,0,False,False,0
xgboost_static,never,988,1588,4,2018-03-01T15:39:17.159627,5000,0.0,0.0,0.0,5000,0,0,False,False,0
xgboost_static,never,989,1590,4,2018-03-01T15:44:44.780646,5000,0.0,0.0,0.0,5000,0,0,False,False,0
xgboost_static,never,990,1591,4,2018-03-01T15:47:04.636021,5000,0.0,0.0,0.0,5000,0,0,False,False,0
xgboost_static,never,991,1593,4,2018-03-01T15:52:15.300667,5000,0.0,0.0,0.0,5000,0,0,False,False,0
xgboost_static,never,992,1594,4,2018-03-01T15:55:04.185327,5000,0.0,0.0,0.0,5000,0,0,False,False,0
xgboost_static,never,993,1595,4,2018-03-01T15:58:08.209089,5000,0.0002,0.0002,0.0002,5000,0,0,False,False,0
xgboost_static,never,994,1597,4,2018-03-01T16:04:26.948584,5000,0.0,0.0,0.0,5000,0,0,False,False,0
xgboost_static,never,995,1598,4,2018-03-01T16:08:04.358728,5000,0.0002,0.0002,0.0002,5000,0,0,False,False,0
xgboost_static,never,996,1600,4,2018-03-01T16:15:41.894407,5000,0.0,0.0,0.0,5000,0,0,False,False,0
xgboost_static,never,997,1601,4,2018-03-01T16:19:13.044189,5000,0.0,0.0,0.0,5000,0,0,False,False,0
xgboost_static,never,998,1603,4,2018-03-01T16:26:28.629214,5000,0.0,0.0,0.0,5000,0,0,False,False,0
xgboost_static,never,999,1604,4,2018-03-01T16:29:20.283460,5000,0.0,0.0,0.0,5000,0,0,False,False,0
xgboost_static,never,1000,1605,4,2018-03-01T16:32:49.813418,5000,0.0002,0.0002,0.0002,5000,0,0,False,False,0
xgboost_static,never,1001,1607,4,2018-03-01T16:41:01.523699,5000,0.0,0.0,0.0,5000,0,0,False,False,0
xgboost_static,never,1002,1608,4,2018-03-01T16:44:57.367559,5000,0.0,0.0,0.0,5000,0,0,False,False,0
xgboost_static,never,1003,1610,4,2018-03-01T16:52:08.156667,5000,0.0,0.0,0.0,5000,0,0,False,False,0
xgboost_static,never,1004,1611,4,2018-03-01T16:55:18.186328,5000,0.0,0.0,0.0,5000,0,0,False,False,0
xgboost_static,never,1005,1613,4,2018-03-01T17:02:03.357739,5000,0.0,0.0,0.0,5000,0,0,False,False,0
xgboost_static,never,1006,1614,4,2018-03-01T17:05:47.392038,5000,0.0,0.0,0.0,5000,0,0,False,False,0
xgboost_static,never,1007,1615,4,2018-03-01T17:08:53.938579,5000,0.0,0.0,0.0,5000,0,0,False,False,0
xgboost_static,never,1008,1617,4,2018-03-01T17:15:22.519975,5000,0.0,0.0,0.0,5000,0,0,False,False,0
xgboost_static,never,1009,1618,4,2018-03-01T17:18:05.099486,5000,0.0,0.0,0.0,5000,0,0,False,False,0
xgboost_static,never,1010,1620,4,2018-03-01T17:24:10.081500,5000,0.0,0.0,0.0,5000,0,0,False,False,0
xgboost_static,never,1011,1621,4,2018-03-01T17:26:48.371694,5000,0.0,0.0,0.0,5000,0,0,False,False,0
xgboost_static,never,1012,1623,4,2018-03-01T17:33:13.999588,5000,0.0002,0.0002,0.0002,5000,0,0,False,False,0
xgboost_static,never,1013,1624,4,2018-03-01T17:36:12.343514,5000,0.0,0.0,0.0,5000,0,0,False,False,0
xgboost_static,never,1014,1625,4,2018-03-01T17:38:40.668586,5000,0.0,0.0,0.0,5000,0,0,False,False,0
xgboost_static,never,1015,1627,4,2018-03-01T17:43:18.146886,5000,0.0,0.0,0.0,5000,0,0,False,False,0
xgboost_static,never,1016,1628,4,2018-03-01T17:45:47.673065,5000,0.0,0.0,0.0,5000,0,0,False,False,0
xgboost_static,never,1017,1630,4,2018-03-01T17:50:44.426499,5000,0.0,0.0,0.0,5000,0,0,False,False,0
xgboost_static,never,1018,1631,4,2018-03-01T17:53:30.857262,5000,0.0,0.0,0.0,5000,0,0,False,False,0
xgboost_static,never,1019,1633,4,2018-03-01T17:58:37.707318,5000,0.0,0.0,0.0,5000,0,0,False,False,0
xgboost_static,never,1020,1634,4,2018-03-01T18:01:12.348098,5000,0.0,0.0,0.0,5000,0,0,False,False,0
xgboost_static,never,1021,1635,4,2018-03-01T18:03:41.751971,5000,0.0,0.0,0.0,5000,0,0,False,False,0
xgboost_static,never,1022,1637,4,2018-03-01T18:08:36.395425,5000,0.0,0.0,0.0,5000,0,0,False,False,0
xgboost_static,never,1023,1638,4,2018-03-01T18:11:00.830699,5000,0.0002,0.0002,0.0002,5000,0,0,False,False,0
xgboost_static,never,1024,1640,4,2018-03-01T18:16:21.522827,5000,0.0,0.0,0.0,5000,0,0,False,False,0
xgboost_static,never,1025,1641,4,2018-03-01T18:19:11.575269,5000,0.0,0.0,0.0,5000,0,0,False,False,0
xgboost_static,never,1026,1643,4,2018-03-01T18:24:44.573248,5000,0.0026,0.0026,0.0026,5000,0,0,False,False,0
xgboost_static,never,1027,1644,4,2018-03-01T18:27:41.561447,5000,0.0068,0.0068,0.0068,5000,0,0,False,False,0
xgboost_static,never,1028,1645,4,2018-03-01T18:30:13.910260,5000,0.0678,0.0678,0.0678,5000,0,0,False,False,0
xgboost_static,never,1029,1647,4,2018-03-01T18:34:58.069725,5000,0.0062,0.0062,0.0062,5000,0,0,False,False,0
xgboost_static,never,1030,1648,4,2018-03-01T18:37:50.883129,5000,0.1332,0.1332,0.1332,5000,0,0,False,False,0
xgboost_static,never,1031,1650,4,2018-03-01T18:42:28.959660,5000,0.0046,0.0046,0.0046,5000,0,0,False,False,0
xgboost_static,never,1032,1651,4,2018-03-01T18:45:30.722511,5000,0.0028,0.0028,0.0028,5000,0,0,False,False,0
xgboost_static,never,1033,1653,4,2018-03-01T18:51:32.112280,5000,0.0,0.0,0.0,5000,0,0,False,False,0
xgboost_static,never,1034,1654,4,2018-03-01T18:54:29.680067,5000,0.0002,0.0002,0.0002,5000,0,0,False,False,0
xgboost_static,never,1035,1655,4,2018-03-01T18:57:18.370140,5000,0.0002,0.0002,0.0002,5000,0,0,False,False,0
xgboost_static,never,1036,1657,4,2018-03-01T19:02:13.523563,5000,0.0,0.0,0.0,5000,0,0,False,False,0
xgboost_static,never,1037,1658,4,2018-03-01T19:04:39.830265,5000,0.0,0.0,0.0,5000,0,0,False,False,0
xgboost_static,never,1038,1660,4,2018-03-01T19:10:10.227017,5000,0.0,0.0,0.0,5000,0,0,False,False,0
xgboost_static,never,1039,1661,4,2018-03-01T19:12:43.294289,5000,0.0,0.0,0.0,5000,0,0,False,False,0
xgboost_static,never,1040,1663,4,2018-03-01T19:18:06.538080,5000,0.001,0.001,0.001,5000,0,0,False,False,0
xgboost_static,never,1041,1664,4,2018-03-01T19:21:06.010794,5000,0.0024,0.0024,0.0024,5000,0,0,False,False,0
xgboost_static,never,1042,1665,4,2018-03-01T19:24:18.791768,5000,0.005,0.005,0.005,5000,0,0,False,False,0
xgboost_static,never,1043,1667,4,2018-03-01T19:29:18.215892,5000,0.0062,0.0062,0.0062,5000,0,0,False,False,0
xgboost_static,never,1044,1668,4,2018-03-01T19:31:56.186918,5000,0.0058,0.0058,0.0058,5000,0,0,False,False,0
xgboost_static,never,1045,1670,4,2018-03-01T19:37:37.902546,5000,0.0004,0.0004,0.0004,5000,0,0,False,False,0
xgboost_static,never,1046,1671,4,2018-03-01T19:40:37.657394,5000,0.0,0.0,0.0,5000,0,0,False,False,0
xgboost_static,never,1047,1673,4,2018-03-01T19:46:05.303230,5000,0.0,0.0,0.0,5000,0,0,False,False,0
xgboost_static,never,1048,1674,4,2018-03-01T19:48:56.380285,5000,0.0,0.0,0.0,5000,0,0,False,False,0
xgboost_static,never,1049,1675,4,2018-03-01T19:52:00.307188,5000,0.0,0.0,0.0,5000,0,0,False,False,0
xgboost_static,never,1050,1677,4,2018-03-01T19:57:46.760246,5000,0.0,0.0,0.0,5000,0,0,False,False,0
xgboost_static,never,1051,1678,4,2018-03-01T20:00:19.885005,5000,0.0,0.0,0.0,5000,0,0,False,False,0
xgboost_static,never,1052,1680,4,2018-03-01T20:05:49.191560,5000,0.0,0.0,0.0,5000,0,0,False,False,0
xgboost_static,never,1053,1681,4,2018-03-01T20:08:34.609206,5000,0.0,0.0,0.0,5000,0,0,False,False,0
xgboost_static,never,1054,1683,4,2018-03-01T20:14:16.648573,5000,0.0,0.0,0.0,5000,0,0,False,False,0
xgboost_static,never,1055,1684,4,2018-03-01T20:17:09.814968,5000,0.0,0.0,0.0,5000,0,0,False,False,0
xgboost_static,never,1056,1685,4,2018-03-01T20:20:21.832141,5000,0.0,0.0,0.0,5000,0,0,False,False,0
xgboost_static,never,1057,1687,4,2018-03-01T20:26:20.749782,5000,0.0,0.0,0.0,5000,0,0,False,False,0
xgboost_static,never,1058,1688,4,2018-03-01T20:28:57.131580,5000,0.0,0.0,0.0,5000,0,0,False,False,0
xgboost_static,never,1059,1690,4,2018-03-01T20:34:16.402648,5000,0.0,0.0,0.0,5000,0,0,False,False,0
xgboost_static,never,1060,1691,4,2018-03-01T20:37:03.368126,5000,0.0,0.0,0.0,5000,0,0,False,False,0
xgboost_static,never,1061,1693,4,2018-03-01T20:42:40.210239,5000,0.0,0.0,0.0,5000,0,0,False,False,0
xgboost_static,never,1062,1694,4,2018-03-01T20:45:22.988289,5000,0.0,0.0,0.0,5000,0,0,False,False,0
xgboost_static,never,1063,1695,4,2018-03-01T20:48:36.311880,5000,0.0,0.0,0.0,5000,0,0,False,False,0
xgboost_static,never,1064,1697,4,2018-03-01T20:54:25.443243,5000,0.0,0.0,0.0,5000,0,0,False,False,0
xgboost_static,never,1065,1698,4,2018-03-01T20:57:12.957229,5000,0.0,0.0,0.0,5000,0,0,False,False,0
xgboost_static,never,1066,1700,4,2018-03-01T21:02:39.490159,5000,0.0,0.0,0.0,5000,0,0,False,False,0
xgboost_static,never,1067,1701,4,2018-03-01T21:06:12.223803,5000,0.0,0.0,0.0,5000,0,0,False,False,0
xgboost_static,never,1068,1703,4,2018-03-01T21:14:39.841850,5000,0.0,0.0,0.0,5000,0,0,False,False,0
xgboost_static,never,1069,1704,4,2018-03-01T21:18:58.955179,5000,0.0,0.0,0.0,5000,0,0,False,False,0
xgboost_static,never,1070,1705,4,2018-03-01T21:23:28.699123,5000,0.0,0.0,0.0,5000,0,0,False,False,0
xgboost_static,never,1071,1707,4,2018-03-01T21:41:32.691354,3203,0.0,0.0,0.0,3203,0,0,False,False,0
xgboost_static,never,1072,1708,5,2018-03-02T12:46:22.317145,5000,0.0,0.0,0.0,5000,0,0,False,False,0
xgboost_static,never,1073,1709,5,2018-03-02T12:47:36.499503,5000,0.0,0.0,0.0,5000,0,0,False,False,0
xgboost_static,never,1074,1711,5,2018-03-02T12:52:36.584883,5000,0.0,0.0,0.0,5000,0,0,False,False,0
xgboost_static,never,1075,1712,5,2018-03-02T12:55:19.390202,5000,0.0,0.0,0.0,5000,0,0,False,False,0
xgboost_static,never,1076,1714,5,2018-03-02T13:00:29.758855,5000,0.0,0.0,0.0,5000,0,0,False,False,0
xgboost_static,never,1077,1715,5,2018-03-02T13:03:08.609046,5000,0.0,0.0,0.0,5000,0,0,False,False,0
xgboost_static,never,1078,1717,5,2018-03-02T13:09:17.357015,5000,0.0,0.0,0.0,5000,0,0,False,False,0
xgboost_static,never,1079,1718,5,2018-03-02T13:12:21.583784,5000,0.0,0.0,0.0,5000,0,0,False,False,0
xgboost_static,never,1080,1719,5,2018-03-02T13:14:45.899218,5000,0.0,0.0,0.0,5000,0,0,False,False,0
xgboost_static,never,1081,1721,5,2018-03-02T13:20:11.711197,5000,0.0,0.0,0.0,5000,0,0,False,False,0
xgboost_static,never,1082,1722,5,2018-03-02T13:22:58.824595,5000,0.0,0.0,0.0,5000,0,0,False,False,0
xgboost_static,never,1083,1724,5,2018-03-02T13:28:43.393310,5000,0.0,0.0,0.0,5000,0,0,False,False,0
xgboost_static,never,1084,1725,5,2018-03-02T13:32:03.276485,5000,0.0,0.0,0.0,5000,0,0,False,False,0
xgboost_static,never,1085,1727,5,2018-03-02T13:37:51.404348,5000,0.0,0.0,0.0,5000,0,0,False,False,0
xgboost_static,never,1086,1728,5,2018-03-02T13:40:46.678532,5000,0.0,0.0,0.0,5000,0,0,False,False,0
xgboost_static,never,1087,1729,5,2018-03-02T13:42:57.056700,5000,0.0,0.0,0.0,5000,0,0,False,False,0
xgboost_static,never,1088,1731,5,2018-03-02T13:47:54.132284,5000,0.0,0.0,0.0,5000,0,0,False,False,0
xgboost_static,never,1089,1732,5,2018-03-02T13:49:49.112030,5000,0.0,0.0,0.0,5000,0,0,False,False,0
xgboost_static,never,1090,1734,5,2018-03-02T13:54:42.985786,5000,0.0,0.0,0.0,5000,0,0,False,False,0
xgboost_static,never,1091,1735,5,2018-03-02T13:57:13.861823,5000,0.0,0.0,0.0,5000,0,0,False,False,0
xgboost_static,never,1092,1737,5,2018-03-02T14:02:21.812038,5000,0.0,0.0,0.0,5000,0,0,False,False,0
xgboost_static,never,1093,1738,5,2018-03-02T14:05:10.386948,5000,0.0,0.0,0.0,5000,0,0,False,False,0
xgboost_static,never,1094,1739,5,2018-03-02T14:08:05.591211,5000,0.0,0.0,0.0,5000,0,0,False,False,0
xgboost_static,never,1095,1741,5,2018-03-02T14:14:21.355369,5000,0.002,0.002,0.002,5000,0,0,False,False,0
xgboost_static,never,1096,1742,5,2018-03-02T14:17:07.610670,5000,0.0042,0.0042,0.0042,5000,0,0,False,False,0
xgboost_static,never,1097,1744,5,2018-03-02T14:22:09.547822,5000,0.008,0.008,0.008,5000,0,0,False,False,0
xgboost_static,never,1098,1745,5,2018-03-02T14:25:20.862348,5000,0.008,0.008,0.008,5000,0,0,False,False,0
xgboost_static,never,1099,1747,5,2018-03-02T14:31:14.452065,5000,0.0138,0.0138,0.0138,5000,0,0,False,False,0
xgboost_static,never,1100,1748,5,2018-03-02T14:34:36.973531,5000,0.0108,0.0108,0.0108,5000,0,0,False,False,0
xgboost_static,never,1101,1749,5,2018-03-02T14:36:55.869038,5000,0.0194,0.0194,0.0194,5000,0,0,False,False,0
xgboost_static,never,1102,1751,5,2018-03-02T14:42:32.113551,5000,0.0396,0.0396,0.0396,5000,0,0,False,False,0
xgboost_static,never,1103,1752,5,2018-03-02T14:45:24.533147,5000,0.082,0.082,0.082,5000,0,0,False,False,0
xgboost_static,never,1104,1754,5,2018-03-02T14:49:44.295175,5000,0.0458,0.0458,0.0458,5000,0,0,False,False,0
xgboost_static,never,1105,1755,5,2018-03-02T14:52:11.810166,5000,0.0256,0.0256,0.0256,5000,0,0,False,False,0
xgboost_static,never,1106,1757,5,2018-03-02T14:57:34.141644,5000,0.0266,0.0266,0.0266,5000,0,0,False,False,0
xgboost_static,never,1107,1758,5,2018-03-02T15:00:29.541355,5000,0.0204,0.0204,0.0204,5000,0,0,False,False,0
xgboost_static,never,1108,1759,5,2018-03-02T15:02:29.652686,5000,0.0292,0.0292,0.0292,5000,0,0,False,False,0
xgboost_static,never,1109,1761,5,2018-03-02T15:07:40.295450,5000,0.092,0.092,0.092,5000,0,0,False,False,0
xgboost_static,never,1110,1762,5,2018-03-02T15:10:28.984092,5000,0.0812,0.0812,0.0812,5000,0,0,False,False,0
xgboost_static,never,1111,1764,5,2018-03-02T15:15:15.325340,5000,0.0702,0.0702,0.0702,5000,0,0,False,False,0
xgboost_static,never,1112,1765,5,2018-03-02T15:17:01.586472,5000,0.0868,0.0868,0.0868,5000,0,0,False,False,0
xgboost_static,never,1113,1767,5,2018-03-02T15:21:11.681216,5000,0.088,0.088,0.088,5000,0,0,False,False,0
xgboost_static,never,1114,1768,5,2018-03-02T15:23:39.212158,5000,0.1032,0.1032,0.1032,5000,0,0,False,False,0
xgboost_static,never,1115,1769,5,2018-03-02T15:26:34.607640,5000,0.0852,0.0852,0.0852,5000,0,0,False,False,0
xgboost_static,never,1116,1771,5,2018-03-02T15:30:48.940802,5000,0.1008,0.1008,0.1008,5000,0,0,False,False,0
xgboost_static,never,1117,1772,5,2018-03-02T15:33:23.996093,5000,0.0882,0.0882,0.0882,5000,0,0,False,False,0
xgboost_static,never,1118,1774,5,2018-03-02T15:38:56.809322,5000,0.0254,0.0254,0.0254,5000,0,0,False,False,0
xgboost_static,never,1119,1775,5,2018-03-02T15:42:07.705764,5000,0.0184,0.0184,0.0184,5000,0,0,False,False,0
xgboost_static,never,1120,1777,5,2018-03-02T15:46:59.866441,5000,0.0194,0.0194,0.0194,5000,0,0,False,False,0
xgboost_static,never,1121,1778,5,2018-03-02T15:49:30.907015,5000,0.0204,0.0204,0.0204,5000,0,0,False,False,0
xgboost_static,never,1122,1779,5,2018-03-02T15:52:03.941287,5000,0.0246,0.0246,0.0246,5000,0,0,False,False,0
xgboost_static,never,1123,1781,5,2018-03-02T15:57:32.214931,5000,0.0276,0.0276,0.0276,5000,0,0,False,False,0
xgboost_static,never,1124,1782,5,2018-03-02T16:00:14.834751,5000,0.022,0.022,0.022,5000,0,0,False,False,0
xgboost_static,never,1125,1784,5,2018-03-02T16:06:16.251849,5000,0.0288,0.0288,0.0288,5000,0,0,False,False,0
xgboost_static,never,1126,1785,5,2018-03-02T16:09:49.796878,5000,0.028,0.028,0.028,5000,0,0,False,False,0
xgboost_static,never,1127,1787,5,2018-03-02T16:16:44.110568,5000,0.0286,0.0286,0.0286,5000,0,0,False,False,0
xgboost_static,never,1128,1788,5,2018-03-02T16:19:53.700602,5000,0.0236,0.0236,0.0236,5000,0,0,False,False,0
xgboost_static,never,1129,1789,5,2018-03-02T16:23:09.110800,5000,0.0254,0.0254,0.0254,5000,0,0,False,False,0
xgboost_static,never,1130,1791,5,2018-03-02T16:29:31.469714,5000,0.0218,0.0218,0.0218,5000,0,0,False,False,0
xgboost_static,never,1131,1792,5,2018-03-02T16:32:19.139474,5000,0.0318,0.0318,0.0318,5000,0,0,False,False,0
xgboost_static,never,1132,1794,5,2018-03-02T16:40:21.310190,5000,0.0298,0.0298,0.0298,5000,0,0,False,False,0
xgboost_static,never,1133,1795,5,2018-03-02T16:44:05.186222,5000,0.0254,0.0254,0.0254,5000,0,0,False,False,0
xgboost_static,never,1134,1797,5,2018-03-02T16:50:40.378543,5000,0.0264,0.0264,0.0264,5000,0,0,False,False,0
xgboost_static,never,1135,1798,5,2018-03-02T16:53:54.049860,5000,0.0286,0.0286,0.0286,5000,0,0,False,False,0
xgboost_static,never,1136,1799,5,2018-03-02T16:57:07.799647,5000,0.0184,0.0184,0.0184,5000,0,0,False,False,0
xgboost_static,never,1137,1801,5,2018-03-02T17:03:38.871557,5000,0.0298,0.0298,0.0298,5000,0,0,False,False,0
xgboost_static,never,1138,1802,5,2018-03-02T17:07:28.584421,5000,0.0298,0.0298,0.0298,5000,0,0,False,False,0
xgboost_static,never,1139,1804,5,2018-03-02T17:13:37.942539,5000,0.0266,0.0266,0.0266,5000,0,0,False,False,0
xgboost_static,never,1140,1805,5,2018-03-02T17:16:50.423856,5000,0.0254,0.0254,0.0254,5000,0,0,False,False,0
xgboost_static,never,1141,1807,5,2018-03-02T17:22:59.650664,5000,0.0236,0.0236,0.0236,5000,0,0,False,False,0
xgboost_static,never,1142,1808,5,2018-03-02T17:25:51.492516,5000,0.0192,0.0192,0.0192,5000,0,0,False,False,0
xgboost_static,never,1143,1809,5,2018-03-02T17:28:17.031496,5000,0.0194,0.0194,0.0194,5000,0,0,False,False,0
xgboost_static,never,1144,1811,5,2018-03-02T17:33:11.803515,5000,0.0218,0.0218,0.0218,5000,0,0,False,False,0
xgboost_static,never,1145,1812,5,2018-03-02T17:35:57.026588,5000,0.0192,0.0192,0.0192,5000,0,0,False,False,0
xgboost_static,never,1146,1814,5,2018-03-02T17:40:39.863670,5000,0.0224,0.0224,0.0224,5000,0,0,False,False,0
xgboost_static,never,1147,1815,5,2018-03-02T17:43:08.146983,5000,0.0224,0.0224,0.0224,5000,0,0,False,False,0
xgboost_static,never,1148,1817,5,2018-03-02T17:48:15.082408,5000,0.0204,0.0204,0.0204,5000,0,0,False,False,0
xgboost_static,never,1149,1818,5,2018-03-02T17:51:00.668453,5000,0.02,0.02,0.02,5000,0,0,False,False,0
xgboost_static,never,1150,1819,5,2018-03-02T17:53:37.847796,5000,0.024,0.024,0.024,5000,0,0,False,False,0
xgboost_static,never,1151,1821,5,2018-03-02T17:58:42.614550,5000,0.0192,0.0192,0.0192,5000,0,0,False,False,0
xgboost_static,never,1152,1822,5,2018-03-02T18:01:24.120953,5000,0.0206,0.0206,0.0206,5000,0,0,False,False,0
xgboost_static,never,1153,1824,5,2018-03-02T18:06:36.146020,5000,0.019,0.019,0.019,5000,0,0,False,False,0
xgboost_static,never,1154,1825,5,2018-03-02T18:09:21.870157,5000,0.0212,0.0212,0.0212,5000,0,0,False,False,0
xgboost_static,never,1155,1827,5,2018-03-02T18:14:54.563419,5000,0.023,0.023,0.023,5000,0,0,False,False,0
xgboost_static,never,1156,1828,5,2018-03-02T18:17:30.731893,5000,0.0226,0.0226,0.0226,5000,0,0,False,False,0
xgboost_static,never,1157,1829,5,2018-03-02T18:20:20.948015,5000,0.0218,0.0218,0.0218,5000,0,0,False,False,0
xgboost_static,never,1158,1831,5,2018-03-02T18:25:39.847590,5000,0.093,0.093,0.093,5000,0,0,False,False,0
xgboost_static,never,1159,1832,5,2018-03-02T18:28:25.923594,5000,0.0466,0.0466,0.0466,5000,0,0,False,False,0
xgboost_static,never,1160,1834,5,2018-03-02T18:33:56.359075,5000,0.0234,0.0234,0.0234,5000,0,0,False,False,0
xgboost_static,never,1161,1835,5,2018-03-02T18:36:47.869863,5000,0.0228,0.0228,0.0228,5000,0,0,False,False,0
xgboost_static,never,1162,1837,5,2018-03-02T18:42:09.067760,5000,0.0222,0.0222,0.0222,5000,0,0,False,False,0
xgboost_static,never,1163,1838,5,2018-03-02T18:44:58.586059,5000,0.0188,0.0188,0.0188,5000,0,0,False,False,0
xgboost_static,never,1164,1839,5,2018-03-02T18:47:37.637183,5000,0.0212,0.0212,0.0212,5000,0,0,False,False,0
xgboost_static,never,1165,1841,5,2018-03-02T18:53:28.188217,5000,0.0214,0.0214,0.0214,5000,0,0,False,False,0
xgboost_static,never,1166,1842,5,2018-03-02T18:56:08.467204,5000,0.0228,0.0228,0.0228,5000,0,0,False,False,0
xgboost_static,never,1167,1844,5,2018-03-02T19:01:12.658687,5000,0.022,0.022,0.022,5000,0,0,False,False,0
xgboost_static,never,1168,1845,5,2018-03-02T19:03:54.338772,5000,0.0194,0.0194,0.0194,5000,0,0,False,False,0
xgboost_static,never,1169,1847,5,2018-03-02T19:08:43.733795,5000,0.02,0.02,0.02,5000,0,0,False,False,0
xgboost_static,never,1170,1848,5,2018-03-02T19:11:15.209784,5000,0.0268,0.0268,0.0268,5000,0,0,False,False,0
xgboost_static,never,1171,1849,5,2018-03-02T19:14:10.256046,5000,0.0246,0.0246,0.0246,5000,0,0,False,False,0
xgboost_static,never,1172,1851,5,2018-03-02T19:19:59.269413,5000,0.0206,0.0206,0.0206,5000,0,0,False,False,0
xgboost_static,never,1173,1852,5,2018-03-02T19:22:46.725634,5000,0.023,0.023,0.023,5000,0,0,False,False,0
xgboost_static,never,1174,1854,5,2018-03-02T19:28:10.988598,5000,0.0204,0.0204,0.0204,5000,0,0,False,False,0
xgboost_static,never,1175,1855,5,2018-03-02T19:30:34.990015,5000,0.0714,0.0714,0.0714,5000,0,0,False,False,0
xgboost_static,never,1176,1857,5,2018-03-02T19:35:42.017177,5000,0.0784,0.0784,0.0784,5000,0,0,False,False,0
xgboost_static,never,1177,1858,5,2018-03-02T19:38:00.653563,5000,0.0932,0.0932,0.0932,5000,0,0,False,False,0
xgboost_static,never,1178,1859,5,2018-03-02T19:40:40.501583,5000,0.0798,0.0798,0.0798,5000,0,0,False,False,0
xgboost_static,never,1179,1861,5,2018-03-02T19:45:33.082444,5000,0.0892,0.0892,0.0892,5000,0,0,False,False,0
xgboost_static,never,1180,1862,5,2018-03-02T19:48:05.722391,5000,0.0818,0.0818,0.0818,5000,0,0,False,False,0
xgboost_static,never,1181,1864,5,2018-03-02T19:53:10.527917,5000,0.0202,0.0202,0.0202,5000,0,0,False,False,0
xgboost_static,never,1182,1865,5,2018-03-02T19:56:18.214532,5000,0.0,0.0,0.0,5000,0,0,False,False,0
xgboost_static,never,1183,1867,5,2018-03-02T20:01:18.615392,5000,0.0,0.0,0.0,5000,0,0,False,False,0
xgboost_static,never,1184,1868,5,2018-03-02T20:03:59.772911,5000,0.0,0.0,0.0,5000,0,0,False,False,0
xgboost_static,never,1185,1869,5,2018-03-02T20:06:50.223596,5000,0.0,0.0,0.0,5000,0,0,False,False,0
xgboost_static,never,1186,1871,5,2018-03-02T20:12:25.966255,5000,0.0,0.0,0.0,5000,0,0,False,False,0
xgboost_static,never,1187,1872,5,2018-03-02T20:15:24.906516,5000,0.0,0.0,0.0,5000,0,0,False,False,0
xgboost_static,never,1188,1874,5,2018-03-02T20:21:27.773148,5000,0.0,0.0,0.0,5000,0,0,False,False,0
xgboost_static,never,1189,1875,5,2018-03-02T20:24:15.526012,5000,0.0,0.0,0.0,5000,0,0,False,False,0
xgboost_static,never,1190,1877,5,2018-03-02T20:29:41.060156,5000,0.0,0.0,0.0,5000,0,0,False,False,0
xgboost_static,never,1191,1878,5,2018-03-02T20:32:22.331316,5000,0.0,0.0,0.0,5000,0,0,False,False,0
xgboost_static,never,1192,1879,5,2018-03-02T20:35:00.008266,5000,0.0,0.0,0.0,5000,0,0,False,False,0
xgboost_static,never,1193,1881,5,2018-03-02T20:40:45.387347,5000,0.0,0.0,0.0,5000,0,0,False,False,0
xgboost_static,never,1194,1882,5,2018-03-02T20:43:26.383496,5000,0.0,0.0,0.0,5000,0,0,False,False,0
xgboost_static,never,1195,1884,5,2018-03-02T20:48:56.407275,5000,0.0,0.0,0.0,5000,0,0,False,False,0
xgboost_static,never,1196,1885,5,2018-03-02T20:51:59.325817,5000,0.0,0.0,0.0,5000,0,0,False,False,0
xgboost_static,never,1197,1887,5,2018-03-02T20:57:45.855305,5000,0.0,0.0,0.0,5000,0,0,False,False,0
xgboost_static,never,1198,1888,5,2018-03-02T21:00:04.972693,5000,0.0,0.0,0.0,5000,0,0,False,False,0
xgboost_static,never,1199,1889,5,2018-03-02T21:02:58.566624,5000,0.0,0.0,0.0,5000,0,0,False,False,0
xgboost_static,never,1200,1891,5,2018-03-02T21:10:15.106866,5000,0.0,0.0,0.0,5000,0,0,False,False,0
xgboost_static,never,1201,1892,5,2018-03-02T21:14:09.697355,5000,0.0,0.0,0.0,5000,0,0,False,False,0
xgboost_static,never,1202,1894,5,2018-03-02T21:21:43.482734,5000,0.0,0.0,0.0,5000,0,0,False,False,0
xgboost_static,never,1203,1895,5,2018-03-02T21:26:22.615075,5000,0.0,0.0,0.0,5000,0,0,False,False,0
xgboost_static,never,1204,1897,5,2018-03-02T22:35:29.692173,1137,0.0,0.0,0.0,1137,0,0,False,False,0
